# Blender 3.6.14
# www.blender.org
mtllib Airplane1.mtl
o Propeller
v -0.000309 -0.081360 1.073130
v -0.011301 -0.047529 1.067495
v -0.000309 -0.045788 1.067495
v -0.021217 -0.052582 1.067495
v -0.029087 -0.060451 1.067495
v -0.034140 -0.070368 1.067495
v -0.035881 -0.081360 1.067495
v -0.034140 -0.092352 1.067495
v -0.029087 -0.102269 1.067495
v -0.021217 -0.110138 1.067495
v -0.011301 -0.115191 1.067495
v -0.000309 -0.116932 1.067495
v 0.010684 -0.115191 1.067495
v 0.020600 -0.110138 1.067495
v 0.028470 -0.102269 1.067495
v 0.033523 -0.092352 1.067495
v 0.035264 -0.081360 1.067495
v -0.021217 -0.017009 1.051145
v -0.040079 -0.026620 1.051145
v -0.055048 -0.041589 1.051145
v -0.064659 -0.060451 1.051145
v -0.067971 -0.081360 1.051145
v -0.064659 -0.102269 1.051145
v -0.055048 -0.121131 1.051145
v -0.040079 -0.136100 1.051145
v -0.021217 -0.145711 1.051145
v -0.000309 -0.149022 1.051145
v 0.020600 -0.145711 1.051145
v 0.039462 -0.136100 1.051145
v 0.054431 -0.121131 1.051145
v 0.064042 -0.102269 1.051145
v 0.067354 -0.081360 1.051145
v 0.064042 -0.060451 1.051145
v 0.033523 -0.070368 1.067495
v 0.028470 -0.060451 1.067495
v 0.020600 -0.052581 1.067495
v 0.010684 -0.047529 1.067495
v 0.054431 -0.041589 1.051145
v 0.039462 -0.026620 1.051145
v 0.020600 -0.017009 1.051145
v -0.000309 -0.013698 1.051145
v -0.029087 0.007211 1.025678
v -0.000309 0.011769 1.025678
v -0.055048 -0.006017 1.025678
v -0.075652 -0.026620 1.025678
v -0.088880 -0.052582 1.025678
v -0.093438 -0.081360 1.025678
v -0.088880 -0.110138 1.025678
v -0.075652 -0.136100 1.025678
v -0.055048 -0.156703 1.025678
v -0.029087 -0.169931 1.025678
v -0.000308 -0.174489 1.025678
v 0.028470 -0.169931 1.025678
v 0.054431 -0.156703 1.025678
v 0.075035 -0.136100 1.025678
v 0.088262 -0.110138 1.025678
v 0.092821 -0.081360 1.025678
v 0.088262 -0.052581 1.025678
v 0.075034 -0.026620 1.025678
v 0.054431 -0.006017 1.025678
v 0.028470 0.007211 1.025678
v -0.034140 0.022762 0.993588
v -0.000309 0.011769 1.025678
v -0.029087 0.007211 1.025678
v -0.000309 0.028120 0.993588
v -0.064659 0.007211 0.993588
v -0.055048 -0.006017 1.025678
v -0.088880 -0.017009 0.993588
v -0.075652 -0.026620 1.025678
v -0.104430 -0.047529 0.993588
v -0.088880 -0.052582 1.025678
v -0.109788 -0.081360 0.993588
v -0.093438 -0.081360 1.025678
v -0.104430 -0.115191 0.993588
v -0.088880 -0.110138 1.025678
v -0.088880 -0.145711 0.993588
v -0.075652 -0.136100 1.025678
v -0.064659 -0.169931 0.993588
v -0.055048 -0.156703 1.025678
v -0.034140 -0.185481 0.993588
v -0.029087 -0.169931 1.025678
v -0.000308 -0.190840 0.993588
v -0.000308 -0.174489 1.025678
v 0.033523 -0.185481 0.993588
v 0.028470 -0.169931 1.025678
v 0.064042 -0.169931 0.993588
v 0.054431 -0.156703 1.025678
v 0.088263 -0.145710 0.993588
v 0.075035 -0.136100 1.025678
v 0.103813 -0.115191 0.993588
v 0.088262 -0.110138 1.025678
v 0.109171 -0.081360 0.993588
v 0.092821 -0.081360 1.025678
v 0.103813 -0.047529 0.993588
v 0.088262 -0.052581 1.025678
v 0.088262 -0.017009 0.993588
v 0.075034 -0.026620 1.025678
v 0.064042 0.007211 0.993588
v 0.054431 -0.006017 1.025678
v 0.033522 0.022762 0.993588
v 0.028470 0.007211 1.025678
v -0.000309 0.028120 0.993588
v -0.000309 0.011769 1.025678
v 0.109171 -0.116932 0.958016
v 0.092821 -0.149022 0.958016
v 0.067354 -0.174489 0.958016
v 0.035264 -0.190840 0.958016
v -0.000308 -0.196474 0.958016
v -0.035881 -0.190840 0.958016
v -0.067971 -0.174489 0.958016
v -0.093438 -0.149022 0.958016
v -0.109788 -0.116932 0.958016
v -0.115422 -0.081360 0.958016
v -0.109788 -0.045788 0.958016
v -0.093438 -0.013698 0.958016
v -0.067971 0.011769 0.958016
v -0.035881 0.028120 0.958016
v -0.000309 0.033754 0.958016
v -0.093438 -0.013698 0.836057
v -0.067971 0.011769 0.836057
v -0.067971 0.011769 0.958016
v -0.035881 0.028120 0.836057
v -0.035881 0.028120 0.958016
v -0.000309 0.033754 0.836057
v -0.000309 0.033754 0.958016
v -0.109788 -0.045788 0.836057
v -0.115422 -0.081360 0.958016
v -0.115422 -0.081360 0.836057
v -0.109788 -0.116932 0.836057
v -0.093438 -0.149022 0.836057
v -0.067971 -0.174489 0.836057
v -0.035881 -0.190840 0.836057
v -0.000308 -0.196474 0.958016
v -0.000309 -0.196474 0.836057
v 0.035264 -0.190840 0.836057
v 0.067354 -0.174489 0.836057
v 0.092821 -0.149022 0.958016
v 0.092821 -0.149022 0.836057
v 0.109171 -0.116932 0.958016
v 0.109171 -0.116932 0.836057
v 0.114805 -0.081360 0.958016
v 0.114805 -0.081360 0.836057
v 0.109171 -0.045788 0.958016
v 0.109171 -0.045788 0.836057
v 0.092820 -0.013698 0.958016
v 0.092820 -0.013698 0.836057
v 0.067353 0.011769 0.958016
v 0.067353 0.011769 0.836057
v 0.035263 0.028120 0.958016
v 0.035263 0.028120 0.836057
v -0.000309 0.033754 0.958016
v -0.000309 0.033754 0.836057
v 0.114805 -0.081360 0.958016
v 0.109171 -0.045788 0.958016
v 0.092820 -0.013698 0.958016
v 0.067353 0.011769 0.958016
v 0.035263 0.028120 0.958016
v -0.000309 0.033754 0.958016
v 0.536228 -0.144379 1.003349
v 0.551104 -0.135725 1.003462
v 0.551967 -0.144880 1.001480
v 0.536228 -0.135251 1.005068
v 0.565612 -0.134483 1.000117
v 0.567318 -0.143561 0.997781
v 0.579398 -0.131481 0.995177
v 0.581904 -0.140370 0.992410
v 0.592120 -0.126734 0.988813
v 0.595365 -0.135319 0.985554
v 0.603466 -0.120320 0.981211
v 0.607369 -0.128490 0.977416
v 0.613157 -0.112383 0.972569
v 0.617622 -0.120036 0.968209
v 0.620953 -0.103133 0.963091
v 0.625871 -0.110181 0.958147
v 0.626663 -0.092836 0.952977
v 0.631913 -0.099208 0.947444
v 0.630146 -0.081803 0.942429
v 0.635598 -0.087457 0.936308
v 0.631317 -0.070384 0.931646
v 0.636837 -0.075299 0.924947
v 0.630146 -0.058941 0.920825
v 0.635598 -0.063127 0.913563
v 0.626663 -0.047839 0.910165
v 0.631913 -0.051334 0.902362
v 0.620953 -0.037427 0.899868
v 0.625871 -0.040295 0.891551
v 0.613157 -0.028021 0.890140
v 0.617622 -0.030348 0.881343
v 0.603466 -0.019892 0.881188
v 0.607369 -0.021781 0.871954
v 0.592120 -0.013251 0.873223
v 0.595365 -0.014819 0.863603
v 0.579398 -0.008249 0.866451
v 0.581904 -0.009619 0.856507
v 0.565612 -0.004973 0.861070
v 0.567318 -0.006267 0.850877
v 0.551103 -0.003441 0.857260
v 0.551967 -0.004777 0.846905
v 0.536228 -0.003618 0.855178
v 0.536228 -0.005104 0.844757
v 0.627606 -0.045673 0.882597
v 0.633764 -0.056909 0.893547
v 0.637521 -0.068932 0.904913
v 0.596509 -0.019864 0.854393
v 0.608746 -0.026889 0.862800
v 0.619197 -0.035568 0.872275
v 0.552272 -0.009926 0.837723
v 0.567920 -0.011334 0.841651
v 0.582788 -0.014651 0.847273
v 0.638784 -0.081357 0.916486
v 0.637521 -0.093783 0.928058
v 0.633764 -0.105805 0.939424
v 0.627606 -0.117042 0.950374
v 0.619197 -0.127146 0.960696
v 0.608746 -0.135826 0.970171
v 0.596509 -0.142851 0.978578
v 0.582788 -0.148063 0.985698
v 0.567920 -0.151380 0.991320
v 0.552272 -0.152789 0.995248
v 0.536228 -0.152342 0.997316
v 0.494874 -0.138229 1.002569
v 0.494874 -0.129170 1.003940
v 0.494874 -0.146229 0.996813
v 0.421565 -0.124751 0.996059
v 0.421565 -0.115647 0.996584
v 0.421565 -0.132974 0.990927
v 0.339838 -0.111439 0.987410
v 0.339838 -0.102294 0.986984
v 0.339838 -0.119929 0.982959
v 0.259157 -0.100070 0.977432
v 0.259157 -0.090895 0.976060
v 0.259157 -0.108843 0.973639
v 0.179521 -0.090576 0.966182
v 0.179521 -0.081380 0.963867
v 0.179521 -0.099645 0.963022
v 0.105442 -0.083284 0.954466
v 0.105442 -0.074078 0.951268
v 0.105442 -0.092646 0.951882
v 0.637521 -0.093783 0.928058
v 0.637521 -0.068932 0.904913
v 0.536228 -0.010372 0.835655
v 0.494874 -0.016486 0.836158
v 0.494874 -0.010807 0.844790
v 0.494874 -0.008873 0.854982
v 0.421565 -0.023474 0.849998
v 0.421565 -0.020933 0.859989
v 0.421565 -0.029741 0.842044
v 0.339838 -0.035881 0.857196
v 0.339838 -0.032655 0.866972
v 0.339838 -0.042785 0.850012
v 0.259157 -0.046357 0.865741
v 0.259157 -0.042443 0.875312
v 0.259157 -0.053872 0.859333
v 0.179521 -0.054970 0.875577
v 0.179521 -0.050368 0.884954
v 0.179521 -0.063069 0.869949
v 0.105442 -0.061442 0.885978
v 0.105442 -0.056191 0.895181
v 0.105442 -0.070069 0.881089
v 0.536228 -0.135251 1.005068
v 0.565612 -0.134483 1.000117
v 0.551104 -0.135725 1.003462
v 0.579398 -0.131481 0.995177
v 0.592120 -0.126734 0.988813
v 0.603466 -0.120320 0.981211
v 0.613157 -0.112383 0.972569
v 0.620953 -0.103133 0.963091
v 0.626663 -0.092836 0.952977
v 0.630146 -0.081803 0.942429
v 0.631317 -0.070384 0.931646
v 0.630146 -0.058941 0.920825
v 0.626663 -0.047839 0.910165
v 0.620953 -0.037427 0.899868
v 0.613157 -0.028021 0.890140
v 0.603466 -0.019892 0.881188
v 0.592120 -0.013251 0.873223
v 0.579398 -0.008249 0.866451
v 0.565612 -0.004973 0.861070
v 0.551103 -0.003441 0.857260
v 0.536228 -0.003618 0.855178
v 0.494874 -0.008873 0.854982
v 0.494874 -0.129170 1.003940
v 0.421565 -0.115647 0.996584
v 0.421565 -0.020933 0.859989
v 0.339838 -0.032655 0.866972
v 0.339838 -0.102294 0.986984
v 0.259157 -0.042443 0.875312
v 0.259157 -0.090895 0.976060
v 0.179521 -0.050368 0.884954
v 0.179521 -0.081380 0.963867
v 0.105442 -0.056191 0.895181
v 0.105442 -0.074078 0.951268
v 0.536228 -0.018336 0.829623
v 0.551104 -0.026990 0.829509
v 0.551967 -0.017835 0.831491
v 0.536228 -0.027464 0.827903
v 0.565612 -0.028232 0.832854
v 0.567318 -0.019154 0.835190
v 0.579398 -0.031233 0.837794
v 0.581904 -0.022345 0.840561
v 0.592120 -0.035981 0.844158
v 0.595365 -0.027396 0.847417
v 0.603466 -0.042395 0.851760
v 0.607369 -0.034225 0.855555
v 0.613157 -0.050332 0.860402
v 0.617622 -0.042678 0.864762
v 0.620953 -0.059582 0.869880
v 0.625871 -0.052534 0.874824
v 0.626663 -0.069879 0.879994
v 0.631913 -0.063506 0.885527
v 0.630146 -0.080911 0.890542
v 0.635598 -0.075258 0.896663
v 0.631317 -0.092331 0.901325
v 0.636837 -0.087416 0.908024
v 0.630146 -0.103774 0.912146
v 0.635598 -0.099588 0.919408
v 0.626663 -0.114876 0.922806
v 0.631913 -0.111381 0.930609
v 0.620953 -0.125288 0.933102
v 0.625871 -0.122420 0.941419
v 0.613157 -0.134693 0.942831
v 0.617622 -0.132367 0.951628
v 0.603466 -0.142823 0.951783
v 0.607369 -0.140934 0.961017
v 0.592120 -0.149464 0.959748
v 0.595365 -0.147896 0.969368
v 0.579398 -0.154465 0.966520
v 0.581904 -0.153096 0.976463
v 0.565612 -0.157742 0.971901
v 0.567318 -0.156448 0.982094
v 0.551104 -0.159274 0.975711
v 0.551967 -0.157937 0.986066
v 0.536228 -0.159097 0.977793
v 0.536228 -0.157611 0.988214
v 0.627606 -0.117042 0.950374
v 0.633764 -0.105805 0.939424
v 0.637521 -0.093783 0.928058
v 0.596509 -0.142851 0.978578
v 0.608746 -0.135826 0.970171
v 0.619197 -0.127146 0.960696
v 0.552272 -0.152789 0.995248
v 0.567920 -0.151380 0.991320
v 0.582788 -0.148063 0.985698
v 0.638784 -0.081357 0.916486
v 0.637521 -0.068932 0.904913
v 0.633764 -0.056909 0.893547
v 0.627606 -0.045673 0.882597
v 0.619197 -0.035568 0.872275
v 0.608746 -0.026889 0.862800
v 0.596509 -0.019864 0.854393
v 0.582788 -0.014651 0.847273
v 0.567920 -0.011334 0.841651
v 0.552272 -0.009926 0.837723
v 0.536228 -0.010372 0.835655
v 0.494874 -0.024486 0.830402
v 0.494874 -0.033544 0.829031
v 0.494874 -0.016486 0.836158
v 0.421565 -0.037964 0.836912
v 0.421565 -0.047068 0.836387
v 0.421565 -0.029741 0.842044
v 0.339838 -0.051276 0.845562
v 0.339838 -0.060421 0.845987
v 0.339838 -0.042785 0.850012
v 0.259157 -0.062644 0.855539
v 0.259157 -0.071820 0.856911
v 0.259157 -0.053872 0.859333
v 0.179521 -0.072139 0.866789
v 0.179521 -0.081335 0.869104
v 0.179521 -0.063069 0.869949
v 0.105442 -0.079431 0.878505
v 0.105442 -0.088637 0.881704
v 0.105442 -0.070069 0.881089
v 0.637521 -0.068932 0.904913
v 0.637521 -0.093783 0.928058
v 0.536228 -0.152342 0.997316
v 0.494874 -0.146229 0.996813
v 0.494874 -0.151907 0.988181
v 0.494874 -0.153842 0.977989
v 0.421565 -0.139241 0.982973
v 0.421565 -0.141781 0.972982
v 0.421565 -0.132974 0.990927
v 0.339838 -0.126834 0.975775
v 0.339838 -0.130060 0.966000
v 0.339838 -0.119929 0.982959
v 0.259157 -0.116358 0.967230
v 0.259157 -0.120272 0.957659
v 0.259157 -0.108843 0.973639
v 0.179521 -0.107745 0.957394
v 0.179521 -0.112347 0.948017
v 0.179521 -0.099645 0.963022
v 0.105442 -0.101273 0.946994
v 0.105442 -0.106524 0.937790
v 0.105442 -0.092646 0.951882
v 0.536228 -0.027464 0.827903
v 0.565612 -0.028232 0.832854
v 0.551104 -0.026990 0.829509
v 0.579398 -0.031233 0.837794
v 0.592120 -0.035981 0.844158
v 0.603466 -0.042395 0.851760
v 0.613157 -0.050332 0.860402
v 0.620953 -0.059582 0.869880
v 0.626663 -0.069879 0.879994
v 0.630146 -0.080911 0.890542
v 0.631317 -0.092331 0.901325
v 0.630146 -0.103774 0.912146
v 0.626663 -0.114876 0.922806
v 0.620953 -0.125288 0.933102
v 0.613157 -0.134693 0.942831
v 0.603466 -0.142823 0.951783
v 0.592120 -0.149464 0.959748
v 0.579398 -0.154465 0.966520
v 0.565612 -0.157742 0.971901
v 0.551104 -0.159274 0.975711
v 0.536228 -0.159097 0.977793
v 0.494874 -0.153842 0.977989
v 0.494874 -0.033544 0.829031
v 0.421565 -0.047068 0.836387
v 0.421565 -0.141781 0.972982
v 0.339838 -0.130060 0.966000
v 0.339838 -0.060421 0.845987
v 0.259157 -0.120272 0.957659
v 0.259157 -0.071820 0.856911
v 0.179521 -0.112347 0.948017
v 0.179521 -0.081335 0.869104
v 0.105442 -0.106524 0.937790
v 0.105442 -0.088637 0.881704
v 0.062713 0.455180 1.003349
v 0.054059 0.470055 1.003462
v 0.063214 0.470918 1.001480
v 0.053585 0.455180 1.005068
v 0.052817 0.484564 1.000117
v 0.061895 0.486269 0.997781
v 0.049815 0.498349 0.995178
v 0.058704 0.500855 0.992410
v 0.045068 0.511071 0.988813
v 0.053653 0.514316 0.985554
v 0.038654 0.522417 0.981211
v 0.046824 0.526321 0.977416
v 0.030717 0.532108 0.972569
v 0.038370 0.536574 0.968209
v 0.021467 0.539904 0.963091
v 0.028515 0.544822 0.958147
v 0.011170 0.545614 0.952977
v 0.017543 0.550864 0.947444
v 0.000138 0.549097 0.942429
v 0.005791 0.554549 0.936309
v -0.011282 0.550268 0.931646
v -0.006367 0.555788 0.924947
v -0.022725 0.549097 0.920825
v -0.018539 0.554549 0.913563
v -0.033827 0.545614 0.910165
v -0.030332 0.550864 0.902362
v -0.044239 0.539904 0.899869
v -0.041371 0.544822 0.891552
v -0.053644 0.532108 0.890140
v -0.051318 0.536574 0.881343
v -0.061774 0.522417 0.881189
v -0.059885 0.526321 0.871954
v -0.068415 0.511071 0.873223
v -0.066847 0.514316 0.863603
v -0.073416 0.498349 0.866451
v -0.072047 0.500855 0.856508
v -0.076693 0.484564 0.861070
v -0.075399 0.486269 0.850877
v -0.078225 0.470055 0.857261
v -0.076889 0.470918 0.846905
v -0.078048 0.455180 0.855178
v -0.076562 0.455180 0.844757
v -0.035993 0.546557 0.882597
v -0.024756 0.552715 0.893547
v -0.012734 0.556472 0.904913
v -0.061802 0.515460 0.854393
v -0.054777 0.527697 0.862800
v -0.046098 0.538149 0.872275
v -0.071740 0.471223 0.837723
v -0.070332 0.486871 0.841651
v -0.067015 0.501739 0.847273
v -0.000308 0.557735 0.916486
v 0.012117 0.556472 0.928058
v 0.024139 0.552715 0.939424
v 0.035376 0.546557 0.950374
v 0.045480 0.538149 0.960696
v 0.054160 0.527697 0.970171
v 0.061185 0.515460 0.978578
v 0.066397 0.501739 0.985698
v 0.069715 0.486871 0.991320
v 0.071123 0.471223 0.995248
v 0.070676 0.455180 0.997316
v 0.056563 0.413825 1.002569
v 0.047505 0.413825 1.003940
v 0.064563 0.413825 0.996813
v 0.043085 0.340516 0.996059
v 0.033981 0.340516 0.996584
v 0.051308 0.340516 0.990927
v 0.029773 0.258789 0.987410
v 0.020628 0.258789 0.986984
v 0.038264 0.258789 0.982959
v 0.018405 0.178108 0.977432
v 0.009229 0.178108 0.976060
v 0.027177 0.178108 0.973639
v 0.008910 0.098472 0.966182
v -0.000286 0.098472 0.963867
v 0.017979 0.098472 0.963022
v 0.001618 0.024393 0.954466
v -0.007588 0.024393 0.951268
v 0.010980 0.024393 0.951882
v 0.012117 0.556472 0.928058
v -0.012734 0.556472 0.904913
v -0.071293 0.455180 0.835656
v -0.065180 0.413825 0.836158
v -0.070859 0.413825 0.844790
v -0.072793 0.413825 0.854982
v -0.058192 0.340516 0.849998
v -0.060733 0.340516 0.859990
v -0.051925 0.340516 0.842044
v -0.045785 0.258789 0.857196
v -0.049011 0.258789 0.866972
v -0.038881 0.258789 0.850012
v -0.035309 0.178108 0.865741
v -0.039223 0.178108 0.875312
v -0.027794 0.178108 0.859333
v -0.026696 0.098472 0.875577
v -0.031298 0.098472 0.884954
v -0.018597 0.098472 0.869950
v -0.020224 0.024393 0.885978
v -0.025475 0.024393 0.895181
v -0.011597 0.024393 0.881089
v 0.053585 0.455180 1.005068
v 0.052817 0.484564 1.000117
v 0.054059 0.470055 1.003462
v 0.049815 0.498349 0.995178
v 0.045068 0.511071 0.988813
v 0.038654 0.522417 0.981211
v 0.030717 0.532108 0.972569
v 0.021467 0.539904 0.963091
v 0.011170 0.545614 0.952977
v 0.000138 0.549097 0.942429
v -0.011282 0.550268 0.931646
v -0.022725 0.549097 0.920825
v -0.033827 0.545614 0.910165
v -0.044239 0.539904 0.899869
v -0.053644 0.532108 0.890140
v -0.061774 0.522417 0.881189
v -0.068415 0.511071 0.873223
v -0.073416 0.498349 0.866451
v -0.076693 0.484564 0.861070
v -0.078225 0.470055 0.857261
v -0.078048 0.455180 0.855178
v -0.072793 0.413825 0.854982
v 0.047505 0.413825 1.003940
v 0.033981 0.340516 0.996584
v -0.060733 0.340516 0.859990
v -0.049011 0.258789 0.866972
v 0.020628 0.258789 0.986984
v -0.039223 0.178108 0.875312
v 0.009229 0.178108 0.976060
v -0.031298 0.098472 0.884954
v -0.000286 0.098472 0.963867
v -0.025475 0.024393 0.895181
v -0.007588 0.024393 0.951268
v -0.063330 0.455180 0.829623
v -0.054676 0.470055 0.829509
v -0.063831 0.470918 0.831491
v -0.054202 0.455180 0.827903
v -0.053434 0.484564 0.832854
v -0.062512 0.486270 0.835190
v -0.050433 0.498349 0.837794
v -0.059321 0.500855 0.840561
v -0.045685 0.511071 0.844158
v -0.054270 0.514316 0.847417
v -0.039271 0.522417 0.851760
v -0.047441 0.526321 0.855555
v -0.031334 0.532108 0.860402
v -0.038987 0.536574 0.864762
v -0.022084 0.539904 0.869880
v -0.029132 0.544822 0.874824
v -0.011787 0.545614 0.879994
v -0.018160 0.550864 0.885527
v -0.000755 0.549097 0.890542
v -0.006408 0.554549 0.896663
v 0.010665 0.550268 0.901326
v 0.005750 0.555788 0.908024
v 0.022108 0.549097 0.912146
v 0.017922 0.554549 0.919408
v 0.033210 0.545614 0.922806
v 0.029715 0.550864 0.930609
v 0.043622 0.539904 0.933102
v 0.040754 0.544822 0.941419
v 0.053027 0.532108 0.942831
v 0.050701 0.536574 0.951628
v 0.061157 0.522417 0.951783
v 0.059268 0.526321 0.961017
v 0.067798 0.511071 0.959748
v 0.066230 0.514316 0.969368
v 0.072799 0.498349 0.966520
v 0.071430 0.500855 0.976464
v 0.076076 0.484564 0.971901
v 0.074782 0.486269 0.982094
v 0.077608 0.470055 0.975711
v 0.076272 0.470918 0.986066
v 0.077431 0.455180 0.977794
v 0.075945 0.455180 0.988214
v 0.035376 0.546557 0.950374
v 0.024139 0.552715 0.939424
v 0.012117 0.556472 0.928058
v 0.061185 0.515460 0.978578
v 0.054160 0.527697 0.970171
v 0.045480 0.538149 0.960696
v 0.071123 0.471223 0.995248
v 0.069715 0.486871 0.991320
v 0.066397 0.501739 0.985698
v -0.000308 0.557735 0.916486
v -0.012734 0.556472 0.904913
v -0.024756 0.552715 0.893547
v -0.035993 0.546557 0.882597
v -0.046098 0.538149 0.872275
v -0.054777 0.527697 0.862800
v -0.061802 0.515460 0.854393
v -0.067015 0.501739 0.847273
v -0.070332 0.486871 0.841651
v -0.071740 0.471223 0.837723
v -0.071293 0.455180 0.835656
v -0.057180 0.413825 0.830402
v -0.048122 0.413825 0.829032
v -0.065180 0.413825 0.836158
v -0.043702 0.340516 0.836912
v -0.034598 0.340516 0.836387
v -0.051925 0.340516 0.842044
v -0.030390 0.258789 0.845562
v -0.021245 0.258789 0.845987
v -0.038881 0.258789 0.850012
v -0.019022 0.178108 0.855539
v -0.009846 0.178108 0.856911
v -0.027794 0.178108 0.859333
v -0.009527 0.098472 0.866790
v -0.000331 0.098472 0.869104
v -0.018597 0.098472 0.869950
v -0.002235 0.024393 0.878505
v 0.006971 0.024393 0.881704
v -0.011597 0.024393 0.881089
v -0.012734 0.556472 0.904913
v 0.012117 0.556472 0.928058
v 0.070676 0.455180 0.997316
v 0.064563 0.413825 0.996813
v 0.070241 0.413825 0.988181
v 0.072176 0.413825 0.977990
v 0.057575 0.340516 0.982973
v 0.060115 0.340516 0.972982
v 0.051308 0.340516 0.990927
v 0.045168 0.258789 0.975775
v 0.048394 0.258789 0.966000
v 0.038264 0.258789 0.982959
v 0.034692 0.178108 0.967230
v 0.038606 0.178108 0.957659
v 0.027177 0.178108 0.973639
v 0.026079 0.098472 0.957394
v 0.030681 0.098472 0.948017
v 0.017979 0.098472 0.963022
v 0.019607 0.024393 0.946994
v 0.024858 0.024393 0.937790
v 0.010980 0.024393 0.951882
v -0.054202 0.455180 0.827903
v -0.053434 0.484564 0.832854
v -0.054676 0.470055 0.829509
v -0.050433 0.498349 0.837794
v -0.045685 0.511071 0.844158
v -0.039271 0.522417 0.851760
v -0.031334 0.532108 0.860402
v -0.022084 0.539904 0.869880
v -0.011787 0.545614 0.879994
v -0.000755 0.549097 0.890542
v 0.010665 0.550268 0.901326
v 0.022108 0.549097 0.912146
v 0.033210 0.545614 0.922806
v 0.043622 0.539904 0.933102
v 0.053027 0.532108 0.942831
v 0.061157 0.522417 0.951783
v 0.067798 0.511071 0.959748
v 0.072799 0.498349 0.966520
v 0.076076 0.484564 0.971901
v 0.077608 0.470055 0.975711
v 0.077431 0.455180 0.977794
v 0.072176 0.413825 0.977990
v -0.048122 0.413825 0.829032
v -0.034598 0.340516 0.836387
v 0.060115 0.340516 0.972982
v 0.048394 0.258789 0.966000
v -0.021245 0.258789 0.845987
v 0.038606 0.178108 0.957659
v -0.009846 0.178108 0.856911
v 0.030681 0.098472 0.948017
v -0.000331 0.098472 0.869104
v 0.024858 0.024393 0.937790
v 0.006971 0.024393 0.881704
v -0.063330 -0.617894 1.003349
v -0.054676 -0.632770 1.003462
v -0.063831 -0.633633 1.001480
v -0.054202 -0.617894 1.005068
v -0.053434 -0.647278 1.000117
v -0.062512 -0.648984 0.997781
v -0.050432 -0.661064 0.995178
v -0.059321 -0.663570 0.992410
v -0.045685 -0.673786 0.988813
v -0.054270 -0.677031 0.985554
v -0.039271 -0.685132 0.981211
v -0.047441 -0.689035 0.977416
v -0.031334 -0.694823 0.972569
v -0.038987 -0.699288 0.968209
v -0.022084 -0.702619 0.963091
v -0.029132 -0.707537 0.958147
v -0.011787 -0.708329 0.952977
v -0.018160 -0.713579 0.947444
v -0.000755 -0.711812 0.942429
v -0.006408 -0.717264 0.936309
v 0.010665 -0.712983 0.931646
v 0.005750 -0.718503 0.924947
v 0.022108 -0.711812 0.920825
v 0.017922 -0.717264 0.913563
v 0.033210 -0.708329 0.910165
v 0.029715 -0.713579 0.902362
v 0.043622 -0.702619 0.899869
v 0.040754 -0.707537 0.891552
v 0.053027 -0.694823 0.890140
v 0.050701 -0.699288 0.881343
v 0.061157 -0.685132 0.881189
v 0.059268 -0.689035 0.871954
v 0.067798 -0.673786 0.873223
v 0.066230 -0.677031 0.863603
v 0.072799 -0.661064 0.866451
v 0.071430 -0.663570 0.856507
v 0.076076 -0.647278 0.861070
v 0.074782 -0.648984 0.850877
v 0.077608 -0.632769 0.857261
v 0.076272 -0.633633 0.846905
v 0.077431 -0.617894 0.855178
v 0.075945 -0.617894 0.844757
v 0.035376 -0.709272 0.882597
v 0.024139 -0.715430 0.893547
v 0.012117 -0.719187 0.904913
v 0.061185 -0.678175 0.854393
v 0.054160 -0.690412 0.862800
v 0.045480 -0.700863 0.872275
v 0.071123 -0.633938 0.837723
v 0.069714 -0.649586 0.841651
v 0.066397 -0.664454 0.847273
v -0.000309 -0.720450 0.916486
v -0.012734 -0.719187 0.928058
v -0.024756 -0.715430 0.939424
v -0.035993 -0.709272 0.950374
v -0.046098 -0.700863 0.960696
v -0.054777 -0.690412 0.970171
v -0.061802 -0.678175 0.978578
v -0.067015 -0.664454 0.985698
v -0.070332 -0.649586 0.991320
v -0.071740 -0.633938 0.995248
v -0.071293 -0.617894 0.997316
v -0.057180 -0.576540 1.002569
v -0.048122 -0.576540 1.003940
v -0.065180 -0.576540 0.996813
v -0.043702 -0.503231 0.996059
v -0.034598 -0.503231 0.996584
v -0.051925 -0.503231 0.990927
v -0.030390 -0.421504 0.987410
v -0.021245 -0.421504 0.986984
v -0.038881 -0.421504 0.982959
v -0.019022 -0.340823 0.977432
v -0.009846 -0.340823 0.976060
v -0.027794 -0.340823 0.973639
v -0.009527 -0.261187 0.966182
v -0.000331 -0.261187 0.963867
v -0.018596 -0.261187 0.963022
v -0.002235 -0.187107 0.954466
v 0.006971 -0.187107 0.951268
v -0.011597 -0.187107 0.951882
v -0.012734 -0.719187 0.928058
v 0.012117 -0.719187 0.904913
v 0.070676 -0.617894 0.835655
v 0.064563 -0.576540 0.836158
v 0.070241 -0.576540 0.844790
v 0.072176 -0.576540 0.854982
v 0.057575 -0.503231 0.849998
v 0.060115 -0.503231 0.859990
v 0.051308 -0.503231 0.842044
v 0.045168 -0.421504 0.857196
v 0.048394 -0.421504 0.866972
v 0.038264 -0.421504 0.850012
v 0.034692 -0.340823 0.865741
v 0.038606 -0.340823 0.875312
v 0.027177 -0.340823 0.859333
v 0.026079 -0.261187 0.875577
v 0.030681 -0.261187 0.884954
v 0.017979 -0.261187 0.869950
v 0.019607 -0.187107 0.885978
v 0.024858 -0.187107 0.895181
v 0.010980 -0.187107 0.881089
v -0.054202 -0.617894 1.005068
v -0.053434 -0.647278 1.000117
v -0.054676 -0.632770 1.003462
v -0.050432 -0.661064 0.995178
v -0.045685 -0.673786 0.988813
v -0.039271 -0.685132 0.981211
v -0.031334 -0.694823 0.972569
v -0.022084 -0.702619 0.963091
v -0.011787 -0.708329 0.952977
v -0.000755 -0.711812 0.942429
v 0.010665 -0.712983 0.931646
v 0.022108 -0.711812 0.920825
v 0.033210 -0.708329 0.910165
v 0.043622 -0.702619 0.899869
v 0.053027 -0.694823 0.890140
v 0.061157 -0.685132 0.881189
v 0.067798 -0.673786 0.873223
v 0.072799 -0.661064 0.866451
v 0.076076 -0.647278 0.861070
v 0.077608 -0.632769 0.857261
v 0.077431 -0.617894 0.855178
v 0.072176 -0.576540 0.854982
v -0.048122 -0.576540 1.003940
v -0.034598 -0.503231 0.996584
v 0.060115 -0.503231 0.859990
v 0.048394 -0.421504 0.866972
v -0.021245 -0.421504 0.986984
v 0.038606 -0.340823 0.875312
v -0.009846 -0.340823 0.976060
v 0.030681 -0.261187 0.884954
v -0.000331 -0.261187 0.963867
v 0.024858 -0.187107 0.895181
v 0.006971 -0.187107 0.951268
v 0.062713 -0.617895 0.829623
v 0.054059 -0.632770 0.829509
v 0.063214 -0.633633 0.831491
v 0.053585 -0.617895 0.827903
v 0.052817 -0.647278 0.832854
v 0.061895 -0.648984 0.835190
v 0.049815 -0.661064 0.837794
v 0.058704 -0.663570 0.840561
v 0.045068 -0.673786 0.844158
v 0.053653 -0.677031 0.847417
v 0.038654 -0.685132 0.851760
v 0.046824 -0.689035 0.855555
v 0.030717 -0.694823 0.860402
v 0.038370 -0.699288 0.864762
v 0.021467 -0.702619 0.869880
v 0.028515 -0.707537 0.874824
v 0.011170 -0.708329 0.879994
v 0.017542 -0.713579 0.885527
v 0.000138 -0.711812 0.890542
v 0.005791 -0.717264 0.896663
v -0.011282 -0.712983 0.901326
v -0.006367 -0.718503 0.908024
v -0.022725 -0.711812 0.912146
v -0.018539 -0.717264 0.919408
v -0.033827 -0.708329 0.922806
v -0.030332 -0.713579 0.930609
v -0.044239 -0.702619 0.933102
v -0.041371 -0.707537 0.941419
v -0.053644 -0.694823 0.942831
v -0.051318 -0.699288 0.951628
v -0.061774 -0.685132 0.951783
v -0.059885 -0.689035 0.961017
v -0.068415 -0.673786 0.959748
v -0.066847 -0.677031 0.969368
v -0.073416 -0.661064 0.966520
v -0.072047 -0.663570 0.976464
v -0.076693 -0.647278 0.971901
v -0.075399 -0.648984 0.982094
v -0.078225 -0.632769 0.975711
v -0.076889 -0.633633 0.986066
v -0.078048 -0.617894 0.977794
v -0.076562 -0.617894 0.988214
v -0.035993 -0.709272 0.950374
v -0.024756 -0.715430 0.939424
v -0.012734 -0.719187 0.928058
v -0.061802 -0.678175 0.978578
v -0.054777 -0.690412 0.970171
v -0.046098 -0.700863 0.960696
v -0.071740 -0.633938 0.995248
v -0.070332 -0.649586 0.991320
v -0.067015 -0.664454 0.985698
v -0.000309 -0.720450 0.916486
v 0.012117 -0.719187 0.904913
v 0.024139 -0.715430 0.893547
v 0.035376 -0.709272 0.882597
v 0.045480 -0.700863 0.872275
v 0.054160 -0.690412 0.862800
v 0.061185 -0.678175 0.854393
v 0.066397 -0.664454 0.847273
v 0.069714 -0.649586 0.841651
v 0.071123 -0.633938 0.837723
v 0.070676 -0.617894 0.835655
v 0.056563 -0.576540 0.830402
v 0.047504 -0.576540 0.829032
v 0.064563 -0.576540 0.836158
v 0.043085 -0.503231 0.836912
v 0.033981 -0.503231 0.836387
v 0.051308 -0.503231 0.842044
v 0.029773 -0.421504 0.845562
v 0.020628 -0.421504 0.845987
v 0.038264 -0.421504 0.850012
v 0.018405 -0.340823 0.855539
v 0.009229 -0.340823 0.856911
v 0.027177 -0.340823 0.859333
v 0.008910 -0.261187 0.866790
v -0.000286 -0.261187 0.869104
v 0.017979 -0.261187 0.869950
v 0.001618 -0.187107 0.878505
v -0.007588 -0.187107 0.881704
v 0.010980 -0.187107 0.881089
v 0.012117 -0.719187 0.904913
v -0.012734 -0.719187 0.928058
v -0.071293 -0.617894 0.997316
v -0.065180 -0.576540 0.996813
v -0.070858 -0.576540 0.988181
v -0.072793 -0.576540 0.977990
v -0.058192 -0.503231 0.982973
v -0.060733 -0.503231 0.972982
v -0.051925 -0.503231 0.990927
v -0.045785 -0.421504 0.975775
v -0.049011 -0.421504 0.966000
v -0.038881 -0.421504 0.982959
v -0.035309 -0.340823 0.967230
v -0.039223 -0.340823 0.957660
v -0.027794 -0.340823 0.973639
v -0.026696 -0.261187 0.957394
v -0.031298 -0.261187 0.948017
v -0.018596 -0.261187 0.963022
v -0.020225 -0.187107 0.946994
v -0.025475 -0.187107 0.937790
v -0.011597 -0.187107 0.951882
v 0.053585 -0.617895 0.827903
v 0.052817 -0.647278 0.832854
v 0.054059 -0.632770 0.829509
v 0.049815 -0.661064 0.837794
v 0.045068 -0.673786 0.844158
v 0.038654 -0.685132 0.851760
v 0.030717 -0.694823 0.860402
v 0.021467 -0.702619 0.869880
v 0.011170 -0.708329 0.879994
v 0.000138 -0.711812 0.890542
v -0.011282 -0.712983 0.901326
v -0.022725 -0.711812 0.912146
v -0.033827 -0.708329 0.922806
v -0.044239 -0.702619 0.933102
v -0.053644 -0.694823 0.942831
v -0.061774 -0.685132 0.951783
v -0.068415 -0.673786 0.959748
v -0.073416 -0.661064 0.966520
v -0.076693 -0.647278 0.971901
v -0.078225 -0.632769 0.975711
v -0.078048 -0.617894 0.977794
v -0.072793 -0.576540 0.977990
v 0.047504 -0.576540 0.829032
v 0.033981 -0.503231 0.836387
v -0.060733 -0.503231 0.972982
v -0.049011 -0.421504 0.966000
v 0.020628 -0.421504 0.845987
v -0.039223 -0.340823 0.957660
v 0.009229 -0.340823 0.856911
v -0.031298 -0.261187 0.948017
v -0.000286 -0.261187 0.869104
v -0.025475 -0.187107 0.937790
v -0.007588 -0.187107 0.881704
v -0.536846 -0.018336 1.003349
v -0.551721 -0.026990 1.003462
v -0.552584 -0.017835 1.001481
v -0.536846 -0.027463 1.005068
v -0.566229 -0.028232 1.000117
v -0.567935 -0.019154 0.997781
v -0.580015 -0.031233 0.995178
v -0.582521 -0.022345 0.992410
v -0.592737 -0.035981 0.988813
v -0.595982 -0.027396 0.985554
v -0.604083 -0.042395 0.981211
v -0.607986 -0.034225 0.977416
v -0.613774 -0.050331 0.972570
v -0.618239 -0.042678 0.968209
v -0.621570 -0.059582 0.963091
v -0.626488 -0.052534 0.958147
v -0.627280 -0.069879 0.952977
v -0.632530 -0.063506 0.947444
v -0.630763 -0.080911 0.942429
v -0.636215 -0.075258 0.936309
v -0.631934 -0.092331 0.931646
v -0.637454 -0.087416 0.924947
v -0.630763 -0.103774 0.920825
v -0.636215 -0.099588 0.913563
v -0.627280 -0.114876 0.910165
v -0.632530 -0.111380 0.902363
v -0.621570 -0.125288 0.899869
v -0.626488 -0.122420 0.891552
v -0.613774 -0.134693 0.890140
v -0.618239 -0.132367 0.881344
v -0.604083 -0.142823 0.881189
v -0.607986 -0.140934 0.871954
v -0.592737 -0.149464 0.873223
v -0.595982 -0.147896 0.863603
v -0.580015 -0.154465 0.866451
v -0.582521 -0.153096 0.856508
v -0.566229 -0.157742 0.861070
v -0.567935 -0.156448 0.850878
v -0.551721 -0.159274 0.857261
v -0.552584 -0.157937 0.846905
v -0.536845 -0.159097 0.855178
v -0.536845 -0.157611 0.844757
v -0.628223 -0.117042 0.882597
v -0.634381 -0.105805 0.893547
v -0.638138 -0.093783 0.904913
v -0.597126 -0.142850 0.854393
v -0.609363 -0.135826 0.862800
v -0.619814 -0.127146 0.872275
v -0.552889 -0.152789 0.837723
v -0.568537 -0.151380 0.841651
v -0.583405 -0.148063 0.847273
v -0.639401 -0.081357 0.916486
v -0.638138 -0.068932 0.928058
v -0.634381 -0.056909 0.939424
v -0.628223 -0.045673 0.950375
v -0.619814 -0.035568 0.960696
v -0.609363 -0.026889 0.970171
v -0.597126 -0.019864 0.978579
v -0.583405 -0.014651 0.985699
v -0.568537 -0.011334 0.991320
v -0.552889 -0.009926 0.995248
v -0.536845 -0.010372 0.997316
v -0.495491 -0.024486 1.002569
v -0.495491 -0.033544 1.003940
v -0.495491 -0.016486 0.996813
v -0.422182 -0.037964 0.996059
v -0.422182 -0.047068 0.996584
v -0.422182 -0.029740 0.990927
v -0.340455 -0.051276 0.987410
v -0.340455 -0.060421 0.986984
v -0.340455 -0.042785 0.982959
v -0.259774 -0.062644 0.977432
v -0.259774 -0.071820 0.976060
v -0.259774 -0.053872 0.973639
v -0.180138 -0.072139 0.966182
v -0.180138 -0.081335 0.963867
v -0.180138 -0.063069 0.963022
v -0.106059 -0.079430 0.954466
v -0.106059 -0.088637 0.951268
v -0.106059 -0.070069 0.951882
v -0.638138 -0.068932 0.928058
v -0.638138 -0.093783 0.904913
v -0.536845 -0.152342 0.835656
v -0.495491 -0.146229 0.836158
v -0.495491 -0.151907 0.844790
v -0.495491 -0.153842 0.854982
v -0.422182 -0.139241 0.849998
v -0.422182 -0.141781 0.859990
v -0.422182 -0.132974 0.842044
v -0.340455 -0.126834 0.857196
v -0.340455 -0.130060 0.866972
v -0.340455 -0.119929 0.850012
v -0.259774 -0.116358 0.865741
v -0.259774 -0.120272 0.875312
v -0.259774 -0.108843 0.859333
v -0.180138 -0.107745 0.875577
v -0.180138 -0.112347 0.884954
v -0.180138 -0.099645 0.869950
v -0.106059 -0.101273 0.885978
v -0.106059 -0.106524 0.895181
v -0.106059 -0.092646 0.881089
v -0.536846 -0.027463 1.005068
v -0.566229 -0.028232 1.000117
v -0.551721 -0.026990 1.003462
v -0.580015 -0.031233 0.995178
v -0.592737 -0.035981 0.988813
v -0.604083 -0.042395 0.981211
v -0.613774 -0.050331 0.972570
v -0.621570 -0.059582 0.963091
v -0.627280 -0.069879 0.952977
v -0.630763 -0.080911 0.942429
v -0.631934 -0.092331 0.931646
v -0.630763 -0.103774 0.920825
v -0.627280 -0.114876 0.910165
v -0.621570 -0.125288 0.899869
v -0.613774 -0.134693 0.890140
v -0.604083 -0.142823 0.881189
v -0.592737 -0.149464 0.873223
v -0.580015 -0.154465 0.866451
v -0.566229 -0.157742 0.861070
v -0.551721 -0.159274 0.857261
v -0.536845 -0.159097 0.855178
v -0.495491 -0.153842 0.854982
v -0.495491 -0.033544 1.003940
v -0.422182 -0.047068 0.996584
v -0.422182 -0.141781 0.859990
v -0.340455 -0.130060 0.866972
v -0.340455 -0.060421 0.986984
v -0.259774 -0.120272 0.875312
v -0.259774 -0.071820 0.976060
v -0.180138 -0.112347 0.884954
v -0.180138 -0.081335 0.963867
v -0.106059 -0.106524 0.895181
v -0.106059 -0.088637 0.951268
v -0.536846 -0.144379 0.829623
v -0.551721 -0.135725 0.829510
v -0.552584 -0.144880 0.831491
v -0.536846 -0.135251 0.827903
v -0.566230 -0.134483 0.832854
v -0.567935 -0.143560 0.835190
v -0.580015 -0.131481 0.837794
v -0.582521 -0.140370 0.840561
v -0.592737 -0.126734 0.844158
v -0.595982 -0.135319 0.847417
v -0.604083 -0.120320 0.851761
v -0.607986 -0.128490 0.855555
v -0.613774 -0.112383 0.860402
v -0.618239 -0.120036 0.864762
v -0.621570 -0.103133 0.869881
v -0.626488 -0.110180 0.874824
v -0.627280 -0.092835 0.879994
v -0.632530 -0.099208 0.885527
v -0.630763 -0.081803 0.890542
v -0.636215 -0.087457 0.896663
v -0.631934 -0.070384 0.901326
v -0.637454 -0.075299 0.908024
v -0.630763 -0.058940 0.912147
v -0.636215 -0.063127 0.919408
v -0.627280 -0.047839 0.922806
v -0.632530 -0.051334 0.930609
v -0.621570 -0.037427 0.933103
v -0.626488 -0.040295 0.941420
v -0.613774 -0.028021 0.942831
v -0.618239 -0.030348 0.951628
v -0.604083 -0.019892 0.951783
v -0.607986 -0.021781 0.961017
v -0.592737 -0.013251 0.959748
v -0.595982 -0.014819 0.969368
v -0.580015 -0.008249 0.966520
v -0.582521 -0.009619 0.976464
v -0.566229 -0.004972 0.971902
v -0.567935 -0.006267 0.982094
v -0.551721 -0.003441 0.975711
v -0.552584 -0.004777 0.986066
v -0.536845 -0.003618 0.977794
v -0.536845 -0.005104 0.988214
v -0.628223 -0.045673 0.950375
v -0.634381 -0.056909 0.939424
v -0.638138 -0.068932 0.928058
v -0.597126 -0.019864 0.978579
v -0.609363 -0.026889 0.970171
v -0.619814 -0.035568 0.960696
v -0.552889 -0.009926 0.995248
v -0.568537 -0.011334 0.991320
v -0.583405 -0.014651 0.985699
v -0.639401 -0.081357 0.916486
v -0.638138 -0.093783 0.904913
v -0.634381 -0.105805 0.893547
v -0.628223 -0.117042 0.882597
v -0.619814 -0.127146 0.872275
v -0.609363 -0.135826 0.862800
v -0.597126 -0.142850 0.854393
v -0.583405 -0.148063 0.847273
v -0.568537 -0.151380 0.841651
v -0.552889 -0.152789 0.837723
v -0.536845 -0.152342 0.835656
v -0.495491 -0.138229 0.830402
v -0.495491 -0.129170 0.829032
v -0.495491 -0.146229 0.836158
v -0.422182 -0.124751 0.836912
v -0.422182 -0.115647 0.836387
v -0.422182 -0.132974 0.842044
v -0.340455 -0.111439 0.845562
v -0.340455 -0.102294 0.845987
v -0.340455 -0.119929 0.850012
v -0.259774 -0.100070 0.855539
v -0.259774 -0.090895 0.856911
v -0.259774 -0.108843 0.859333
v -0.180138 -0.090576 0.866790
v -0.180138 -0.081380 0.869104
v -0.180138 -0.099645 0.869950
v -0.106059 -0.083284 0.878505
v -0.106059 -0.074078 0.881704
v -0.106059 -0.092646 0.881089
v -0.638138 -0.093783 0.904913
v -0.638138 -0.068932 0.928058
v -0.536845 -0.010372 0.997316
v -0.495491 -0.016486 0.996813
v -0.495491 -0.010807 0.988182
v -0.495491 -0.008873 0.977990
v -0.422182 -0.023474 0.982973
v -0.422182 -0.020933 0.972982
v -0.422182 -0.029740 0.990927
v -0.340455 -0.035881 0.975775
v -0.340455 -0.032655 0.966000
v -0.340455 -0.042785 0.982959
v -0.259774 -0.046357 0.967230
v -0.259774 -0.042443 0.957660
v -0.259774 -0.053872 0.973639
v -0.180138 -0.054970 0.957394
v -0.180138 -0.050368 0.948017
v -0.180138 -0.063069 0.963022
v -0.106059 -0.061441 0.946994
v -0.106059 -0.056191 0.937790
v -0.106059 -0.070069 0.951882
v -0.536846 -0.135251 0.827903
v -0.566230 -0.134483 0.832854
v -0.551721 -0.135725 0.829510
v -0.580015 -0.131481 0.837794
v -0.592737 -0.126734 0.844158
v -0.604083 -0.120320 0.851761
v -0.613774 -0.112383 0.860402
v -0.621570 -0.103133 0.869881
v -0.627280 -0.092835 0.879994
v -0.630763 -0.081803 0.890542
v -0.631934 -0.070384 0.901326
v -0.630763 -0.058940 0.912147
v -0.627280 -0.047839 0.922806
v -0.621570 -0.037427 0.933103
v -0.613774 -0.028021 0.942831
v -0.604083 -0.019892 0.951783
v -0.592737 -0.013251 0.959748
v -0.580015 -0.008249 0.966520
v -0.566229 -0.004972 0.971902
v -0.551721 -0.003441 0.975711
v -0.536845 -0.003618 0.977794
v -0.495491 -0.008873 0.977990
v -0.495491 -0.129170 0.829032
v -0.422182 -0.115647 0.836387
v -0.422182 -0.020933 0.972982
v -0.340455 -0.032655 0.966000
v -0.340455 -0.102294 0.845987
v -0.259774 -0.042443 0.957660
v -0.259774 -0.090895 0.856911
v -0.180138 -0.050368 0.948017
v -0.180138 -0.081380 0.869104
v -0.106059 -0.056191 0.937790
v -0.106059 -0.074078 0.881704
vn -0.0000 0.3230 0.9464
vn -0.0998 0.3072 0.9464
vn -0.0000 -0.0000 1.0000
vn -0.1899 0.2613 0.9464
vn -0.2613 0.1899 0.9464
vn -0.3072 0.0998 0.9464
vn -0.3230 -0.0000 0.9464
vn -0.3072 -0.0998 0.9464
vn -0.2613 -0.1899 0.9464
vn -0.1899 -0.2613 0.9464
vn -0.0998 -0.3072 0.9464
vn -0.0000 -0.3230 0.9464
vn 0.0998 -0.3072 0.9464
vn 0.1899 -0.2613 0.9464
vn 0.2613 -0.1899 0.9464
vn 0.3072 -0.0998 0.9464
vn 0.3230 -0.0000 0.9464
vn -0.1847 0.5686 0.8016
vn -0.3514 0.4837 0.8016
vn -0.4837 0.3514 0.8016
vn -0.5686 0.1847 0.8016
vn -0.5978 -0.0000 0.8016
vn -0.5686 -0.1847 0.8016
vn -0.4837 -0.3514 0.8016
vn -0.3514 -0.4837 0.8016
vn -0.1847 -0.5686 0.8016
vn -0.0000 -0.5978 0.8016
vn 0.1847 -0.5686 0.8016
vn 0.3514 -0.4837 0.8016
vn 0.4837 -0.3514 0.8016
vn 0.5686 -0.1847 0.8016
vn 0.5978 -0.0000 0.8016
vn 0.5686 0.1847 0.8016
vn 0.3072 0.0998 0.9464
vn 0.2613 0.1899 0.9464
vn 0.1899 0.2613 0.9464
vn 0.0998 0.3072 0.9464
vn 0.4837 0.3514 0.8016
vn 0.3514 0.4837 0.8016
vn 0.1847 0.5686 0.8016
vn -0.0000 0.5978 0.8016
vn -0.2516 0.7744 0.5805
vn -0.0000 0.8143 0.5805
vn -0.4786 0.6588 0.5805
vn -0.6588 0.4786 0.5805
vn -0.7744 0.2516 0.5805
vn -0.8143 -0.0000 0.5805
vn -0.7744 -0.2516 0.5805
vn -0.6588 -0.4786 0.5805
vn -0.4786 -0.6588 0.5805
vn -0.2516 -0.7744 0.5805
vn -0.0000 -0.8143 0.5805
vn 0.2516 -0.7744 0.5805
vn 0.4786 -0.6588 0.5805
vn 0.6588 -0.4786 0.5805
vn 0.7744 -0.2516 0.5805
vn 0.8143 -0.0000 0.5805
vn 0.7744 0.2516 0.5805
vn 0.6588 0.4786 0.5805
vn 0.4786 0.6588 0.5805
vn 0.2516 0.7744 0.5805
vn -0.2943 0.9059 0.3045
vn -0.0000 0.9525 0.3045
vn -0.5599 0.7706 0.3045
vn -0.7706 0.5599 0.3045
vn -0.9059 0.2943 0.3045
vn -0.9525 -0.0000 0.3045
vn -0.9059 -0.2943 0.3045
vn -0.7706 -0.5599 0.3045
vn -0.5599 -0.7706 0.3045
vn -0.2943 -0.9059 0.3045
vn -0.0000 -0.9525 0.3045
vn 0.2943 -0.9059 0.3045
vn 0.5599 -0.7706 0.3045
vn 0.7706 -0.5599 0.3045
vn 0.9059 -0.2943 0.3045
vn 0.9525 -0.0000 0.3045
vn 0.9059 0.2943 0.3045
vn 0.7706 0.5599 0.3045
vn 0.5599 0.7706 0.3045
vn 0.2943 0.9059 0.3045
vn 0.9482 -0.3081 0.0778
vn 0.8066 -0.5860 0.0778
vn 0.5860 -0.8066 0.0779
vn 0.3081 -0.9482 0.0779
vn -0.0000 -0.9970 0.0778
vn -0.3081 -0.9482 0.0779
vn -0.5860 -0.8066 0.0779
vn -0.8066 -0.5860 0.0779
vn -0.9482 -0.3081 0.0779
vn -0.9970 -0.0000 0.0778
vn -0.9482 0.3081 0.0779
vn -0.8066 0.5860 0.0779
vn -0.5860 0.8066 0.0779
vn -0.3081 0.9482 0.0778
vn -0.0000 0.9970 0.0778
vn -0.8090 0.5878 -0.0000
vn -0.5878 0.8090 -0.0000
vn -0.3090 0.9511 -0.0000
vn -0.3081 0.9482 0.0779
vn -0.0000 1.0000 -0.0000
vn -0.0000 0.9970 0.0779
vn -0.9511 0.3090 -0.0000
vn -0.9970 -0.0000 0.0779
vn -1.0000 -0.0000 -0.0000
vn -0.9511 -0.3090 -0.0000
vn -0.8090 -0.5878 -0.0000
vn -0.5878 -0.8090 -0.0000
vn -0.3090 -0.9511 -0.0000
vn -0.0000 -0.9970 0.0779
vn -0.0000 -1.0000 -0.0000
vn 0.3090 -0.9511 -0.0000
vn 0.5878 -0.8090 -0.0000
vn 0.8066 -0.5860 0.0779
vn 0.8090 -0.5878 -0.0000
vn 0.9482 -0.3081 0.0779
vn 0.9511 -0.3090 -0.0000
vn 0.9970 -0.0000 0.0779
vn 1.0000 -0.0000 -0.0000
vn 0.9482 0.3081 0.0779
vn 0.9511 0.3090 -0.0000
vn 0.8066 0.5860 0.0779
vn 0.8090 0.5878 -0.0000
vn 0.5860 0.8066 0.0779
vn 0.5878 0.8090 -0.0000
vn 0.3081 0.9482 0.0779
vn 0.3090 0.9511 -0.0000
vn 0.9970 -0.0000 0.0778
vn 0.9482 0.3081 0.0778
vn 0.8066 0.5860 0.0778
vn 0.5860 0.8066 0.0778
vn 0.3081 0.9482 0.0778
vn 0.1703 -0.4143 0.8941
vn 0.1672 -0.1904 0.9674
vn 0.0048 -0.4089 0.9126
vn 0.0184 -0.1851 0.9825
vn 0.3003 -0.1815 0.9364
vn 0.3195 -0.4003 0.8589
vn 0.4242 -0.1554 0.8921
vn 0.4591 -0.3664 0.8093
vn 0.5357 -0.1129 0.8368
vn 0.5849 -0.3139 0.7479
vn 0.6317 -0.0556 0.7732
vn 0.6937 -0.2446 0.6775
vn 0.7102 0.0145 0.7039
vn 0.7828 -0.1613 0.6010
vn 0.7699 0.0952 0.6310
vn 0.8510 -0.0669 0.5209
vn 0.8102 0.1840 0.5565
vn 0.8978 0.0358 0.4390
vn 0.8308 0.2788 0.4816
vn 0.9230 0.1441 0.3568
vn 0.8317 0.3774 0.4072
vn 0.9269 0.2557 0.2748
vn 0.8128 0.4775 0.3337
vn 0.9093 0.3683 0.1935
vn 0.7742 0.5764 0.2616
vn 0.8703 0.4793 0.1133
vn 0.7162 0.6712 0.1913
vn 0.8099 0.5856 0.0347
vn 0.6397 0.7586 0.1239
vn 0.7286 0.6837 -0.0411
vn 0.5464 0.8353 0.0605
vn 0.6279 0.7702 -0.1125
vn 0.4392 0.8984 0.0028
vn 0.5104 0.8414 -0.1775
vn 0.3216 0.9457 -0.0475
vn 0.3799 0.8950 -0.2337
vn 0.1976 0.9763 -0.0887
vn 0.2408 0.9295 -0.2792
vn 0.0711 0.9903 -0.1193
vn 0.0976 0.9450 -0.3121
vn -0.0628 0.9879 -0.1416
vn -0.0556 0.9415 -0.3325
vn 0.8980 0.3552 -0.2598
vn 0.9548 0.2410 -0.1740
vn 0.9887 0.1217 -0.0871
vn 0.5942 0.6341 -0.4948
vn 0.7163 0.5554 -0.4225
vn 0.8182 0.4612 -0.3433
vn 0.1447 0.7516 -0.6436
vn 0.3038 0.7336 -0.6079
vn 0.4553 0.6942 -0.5575
vn 0.9887 -0.1217 0.0872
vn 0.9548 -0.2410 0.1740
vn 0.8980 -0.3552 0.2598
vn 0.8182 -0.4612 0.3433
vn 0.7163 -0.5554 0.4225
vn 0.5942 -0.6341 0.4948
vn 0.4553 -0.6942 0.5576
vn 0.3038 -0.7336 0.6079
vn 0.1447 -0.7516 0.6436
vn -0.0294 -0.7484 0.6626
vn -0.1077 -0.3743 0.9210
vn -0.0820 -0.1480 0.9856
vn -0.1452 -0.7143 0.6846
vn -0.1439 -0.2974 0.9438
vn -0.1123 -0.0536 0.9922
vn -0.1766 -0.6581 0.7320
vn -0.1436 -0.2116 0.9667
vn -0.1129 0.0498 0.9924
vn -0.1713 -0.5929 0.7868
vn -0.1468 -0.1255 0.9812
vn -0.1171 0.1505 0.9817
vn -0.1694 -0.5227 0.8355
vn -0.1550 -0.0425 0.9870
vn -0.1238 0.2457 0.9614
vn -0.1727 -0.4479 0.8772
vn -0.1535 0.0457 0.9871
vn -0.1273 0.3255 0.9369
vn -0.1672 -0.3784 0.9104
vn 0.9887 -0.1217 0.0871
vn -0.0294 0.7484 -0.6626
vn -0.1452 0.7143 -0.6846
vn -0.1550 0.9145 -0.3737
vn -0.1514 0.9707 -0.1869
vn -0.1787 0.8816 -0.4369
vn -0.1698 0.9544 -0.2455
vn -0.1766 0.6580 -0.7320
vn -0.1691 0.8432 -0.5103
vn -0.1575 0.9369 -0.3121
vn -0.1713 0.5929 -0.7868
vn -0.1624 0.7981 -0.5802
vn -0.1473 0.9145 -0.3769
vn -0.1694 0.5227 -0.8355
vn -0.1591 0.7475 -0.6450
vn -0.1399 0.8877 -0.4387
vn -0.1727 0.4480 -0.8772
vn -0.1546 0.7041 -0.6931
vn -0.1354 0.8606 -0.4910
vn -0.1672 0.3784 -0.9104
vn 0.0972 0.7185 0.6886
vn 0.1007 0.7007 0.7063
vn 0.0570 0.7401 0.6701
vn 0.1053 0.6853 0.7206
vn 0.1101 0.6732 0.7312
vn 0.1141 0.6652 0.7379
vn 0.1163 0.6616 0.7408
vn 0.1156 0.6625 0.7401
vn 0.1111 0.6674 0.7364
vn 0.1023 0.6757 0.7300
vn 0.0889 0.6865 0.7217
vn 0.0710 0.6986 0.7120
vn 0.0492 0.7108 0.7016
vn 0.0246 0.7222 0.6913
vn -0.0015 0.7317 0.6816
vn -0.0275 0.7389 0.6732
vn -0.0515 0.7438 0.6664
vn -0.0720 0.7465 0.6615
vn -0.0877 0.7475 0.6584
vn -0.0975 0.7476 0.6569
vn -0.0995 0.7477 0.6566
vn -0.0615 0.7797 0.6231
vn 0.0893 0.7749 0.6258
vn 0.0357 0.8162 0.5766
vn -0.0837 0.8189 0.5678
vn -0.0383 0.8481 0.5285
vn 0.0542 0.8736 0.4835
vn -0.0239 0.8883 0.4587
vn 0.0428 0.9075 0.4179
vn -0.0108 0.9214 0.3885
vn 0.0331 0.9346 0.3541
vn 0.0071 0.9413 0.3375
vn 0.0422 0.9519 0.3036
vn 0.1702 0.4143 -0.8941
vn 0.1672 0.1904 -0.9674
vn 0.0048 0.4089 -0.9126
vn 0.0184 0.1851 -0.9825
vn 0.3003 0.1815 -0.9364
vn 0.3195 0.4003 -0.8589
vn 0.4242 0.1554 -0.8921
vn 0.4591 0.3664 -0.8093
vn 0.5357 0.1129 -0.8368
vn 0.5850 0.3139 -0.7479
vn 0.6317 0.0556 -0.7732
vn 0.6937 0.2446 -0.6775
vn 0.7102 -0.0145 -0.7039
vn 0.7828 0.1613 -0.6010
vn 0.7699 -0.0952 -0.6310
vn 0.8510 0.0669 -0.5209
vn 0.8102 -0.1840 -0.5565
vn 0.8978 -0.0358 -0.4390
vn 0.8308 -0.2788 -0.4816
vn 0.9230 -0.1441 -0.3568
vn 0.8317 -0.3774 -0.4072
vn 0.9269 -0.2557 -0.2748
vn 0.8128 -0.4775 -0.3337
vn 0.9093 -0.3683 -0.1935
vn 0.7742 -0.5764 -0.2616
vn 0.8703 -0.4793 -0.1133
vn 0.7162 -0.6712 -0.1913
vn 0.8099 -0.5856 -0.0347
vn 0.6397 -0.7586 -0.1239
vn 0.7286 -0.6837 0.0411
vn 0.5464 -0.8353 -0.0605
vn 0.6279 -0.7702 0.1125
vn 0.4392 -0.8984 -0.0028
vn 0.5104 -0.8414 0.1775
vn 0.3216 -0.9457 0.0475
vn 0.3799 -0.8950 0.2337
vn 0.1976 -0.9763 0.0887
vn 0.2408 -0.9295 0.2792
vn 0.0711 -0.9903 0.1193
vn 0.0976 -0.9450 0.3121
vn -0.0628 -0.9879 0.1416
vn -0.0556 -0.9415 0.3325
vn 0.5942 -0.6340 0.4949
vn 0.8182 -0.4612 0.3432
vn 0.4553 -0.6942 0.5575
vn 0.9887 0.1217 -0.0872
vn 0.8182 0.4612 -0.3432
vn 0.5942 0.6340 -0.4948
vn 0.4553 0.6942 -0.5576
vn -0.1077 0.3743 -0.9210
vn -0.0820 0.1480 -0.9856
vn -0.1439 0.2974 -0.9438
vn -0.1123 0.0536 -0.9922
vn -0.1766 0.6581 -0.7320
vn -0.1436 0.2116 -0.9667
vn -0.1129 -0.0498 -0.9924
vn -0.1468 0.1255 -0.9812
vn -0.1171 -0.1505 -0.9817
vn -0.1550 0.0425 -0.9870
vn -0.1238 -0.2457 -0.9614
vn -0.1727 0.4479 -0.8772
vn -0.1535 -0.0457 -0.9871
vn -0.1273 -0.3255 -0.9369
vn -0.1550 -0.9145 0.3737
vn -0.1514 -0.9706 0.1869
vn -0.1787 -0.8816 0.4369
vn -0.1698 -0.9544 0.2455
vn -0.1691 -0.8432 0.5103
vn -0.1575 -0.9369 0.3121
vn -0.1624 -0.7981 0.5802
vn -0.1473 -0.9145 0.3769
vn -0.1591 -0.7475 0.6450
vn -0.1399 -0.8877 0.4387
vn -0.1727 -0.4480 0.8772
vn -0.1546 -0.7041 0.6931
vn -0.1354 -0.8606 0.4910
vn 0.0972 -0.7185 -0.6886
vn 0.1007 -0.7008 -0.7063
vn 0.0569 -0.7401 -0.6701
vn 0.1053 -0.6853 -0.7206
vn 0.1101 -0.6732 -0.7312
vn 0.1141 -0.6652 -0.7379
vn 0.1163 -0.6616 -0.7408
vn 0.1156 -0.6625 -0.7401
vn 0.1111 -0.6674 -0.7364
vn 0.1023 -0.6757 -0.7300
vn 0.0889 -0.6865 -0.7217
vn 0.0710 -0.6986 -0.7120
vn 0.0492 -0.7108 -0.7016
vn 0.0246 -0.7222 -0.6913
vn -0.0016 -0.7317 -0.6816
vn -0.0275 -0.7389 -0.6732
vn -0.0515 -0.7438 -0.6664
vn -0.0720 -0.7465 -0.6615
vn -0.0877 -0.7475 -0.6584
vn -0.0975 -0.7476 -0.6569
vn -0.0995 -0.7477 -0.6566
vn -0.0615 -0.7797 -0.6231
vn 0.0893 -0.7749 -0.6258
vn 0.0357 -0.8162 -0.5766
vn -0.0837 -0.8189 -0.5678
vn -0.0383 -0.8481 -0.5285
vn 0.0542 -0.8736 -0.4835
vn -0.0239 -0.8883 -0.4587
vn 0.0428 -0.9075 -0.4179
vn -0.0108 -0.9214 -0.3885
vn 0.0331 -0.9346 -0.3541
vn 0.0071 -0.9413 -0.3375
vn 0.0422 -0.9519 -0.3036
vn 0.4143 0.1703 0.8941
vn 0.1904 0.1672 0.9674
vn 0.4089 0.0048 0.9126
vn 0.1851 0.0184 0.9825
vn 0.1815 0.3003 0.9364
vn 0.4003 0.3195 0.8589
vn 0.1554 0.4242 0.8921
vn 0.3664 0.4591 0.8093
vn 0.1129 0.5357 0.8368
vn 0.3139 0.5850 0.7479
vn 0.0556 0.6317 0.7732
vn 0.2446 0.6937 0.6775
vn -0.0145 0.7102 0.7039
vn 0.1613 0.7828 0.6010
vn -0.0952 0.7699 0.6310
vn 0.0669 0.8510 0.5209
vn -0.1840 0.8102 0.5565
vn -0.0358 0.8978 0.4390
vn -0.2788 0.8308 0.4816
vn -0.1441 0.9230 0.3568
vn -0.3774 0.8317 0.4072
vn -0.2557 0.9269 0.2748
vn -0.4775 0.8128 0.3337
vn -0.3683 0.9093 0.1935
vn -0.5764 0.7742 0.2616
vn -0.4793 0.8703 0.1133
vn -0.6712 0.7162 0.1913
vn -0.5856 0.8099 0.0347
vn -0.7586 0.6397 0.1239
vn -0.6837 0.7286 -0.0411
vn -0.8353 0.5464 0.0605
vn -0.7702 0.6279 -0.1125
vn -0.8984 0.4392 0.0028
vn -0.8414 0.5104 -0.1775
vn -0.9457 0.3216 -0.0475
vn -0.8950 0.3799 -0.2337
vn -0.9763 0.1976 -0.0887
vn -0.9295 0.2408 -0.2792
vn -0.9903 0.0711 -0.1193
vn -0.9450 0.0976 -0.3121
vn -0.9879 -0.0628 -0.1416
vn -0.9415 -0.0556 -0.3325
vn -0.3552 0.8980 -0.2598
vn -0.2410 0.9548 -0.1740
vn -0.1217 0.9887 -0.0872
vn -0.6341 0.5942 -0.4948
vn -0.5554 0.7163 -0.4225
vn -0.4612 0.8182 -0.3432
vn -0.7516 0.1447 -0.6436
vn -0.7336 0.3038 -0.6079
vn -0.6942 0.4553 -0.5575
vn 0.1217 0.9887 0.0872
vn 0.2410 0.9548 0.1740
vn 0.3552 0.8980 0.2598
vn 0.4612 0.8182 0.3433
vn 0.5554 0.7163 0.4225
vn 0.6341 0.5942 0.4948
vn 0.6942 0.4553 0.5576
vn 0.7336 0.3038 0.6079
vn 0.7516 0.1447 0.6436
vn 0.7484 -0.0294 0.6626
vn 0.3743 -0.1077 0.9210
vn 0.1480 -0.0820 0.9856
vn 0.7143 -0.1452 0.6846
vn 0.2974 -0.1439 0.9438
vn 0.0536 -0.1123 0.9922
vn 0.6581 -0.1766 0.7320
vn 0.2116 -0.1436 0.9667
vn -0.0498 -0.1129 0.9924
vn 0.5929 -0.1713 0.7868
vn 0.1255 -0.1468 0.9812
vn -0.1505 -0.1171 0.9817
vn 0.5227 -0.1694 0.8355
vn 0.0425 -0.1550 0.9870
vn -0.2457 -0.1238 0.9614
vn 0.4479 -0.1727 0.8772
vn -0.0457 -0.1535 0.9871
vn -0.3255 -0.1273 0.9369
vn 0.3784 -0.1672 0.9104
vn -0.1217 0.9887 -0.0871
vn -0.7484 -0.0294 -0.6626
vn -0.7143 -0.1452 -0.6846
vn -0.9145 -0.1550 -0.3737
vn -0.9707 -0.1514 -0.1869
vn -0.8816 -0.1787 -0.4369
vn -0.9544 -0.1698 -0.2455
vn -0.6581 -0.1766 -0.7320
vn -0.8432 -0.1691 -0.5103
vn -0.9369 -0.1575 -0.3121
vn -0.5929 -0.1713 -0.7868
vn -0.7981 -0.1624 -0.5802
vn -0.9145 -0.1473 -0.3769
vn -0.5227 -0.1694 -0.8355
vn -0.7475 -0.1591 -0.6450
vn -0.8877 -0.1399 -0.4387
vn -0.4480 -0.1727 -0.8772
vn -0.7041 -0.1546 -0.6931
vn -0.8606 -0.1354 -0.4910
vn -0.3784 -0.1672 -0.9104
vn -0.7185 0.0972 0.6886
vn -0.7007 0.1007 0.7063
vn -0.7401 0.0570 0.6701
vn -0.6853 0.1053 0.7206
vn -0.6732 0.1101 0.7312
vn -0.6652 0.1141 0.7379
vn -0.6616 0.1163 0.7408
vn -0.6625 0.1156 0.7401
vn -0.6674 0.1111 0.7364
vn -0.6757 0.1023 0.7300
vn -0.6865 0.0889 0.7217
vn -0.6986 0.0710 0.7120
vn -0.7108 0.0492 0.7016
vn -0.7222 0.0246 0.6913
vn -0.7317 -0.0015 0.6816
vn -0.7389 -0.0275 0.6732
vn -0.7438 -0.0515 0.6664
vn -0.7465 -0.0720 0.6615
vn -0.7475 -0.0877 0.6584
vn -0.7476 -0.0975 0.6569
vn -0.7477 -0.0995 0.6566
vn -0.7797 -0.0615 0.6231
vn -0.7749 0.0893 0.6258
vn -0.8162 0.0357 0.5766
vn -0.8189 -0.0837 0.5678
vn -0.8481 -0.0383 0.5285
vn -0.8736 0.0542 0.4835
vn -0.8883 -0.0239 0.4587
vn -0.9075 0.0428 0.4179
vn -0.9214 -0.0108 0.3885
vn -0.9346 0.0331 0.3541
vn -0.9413 0.0071 0.3375
vn -0.9519 0.0422 0.3036
vn -0.4143 0.1702 -0.8941
vn -0.1904 0.1672 -0.9674
vn -0.4089 0.0048 -0.9126
vn -0.1851 0.0184 -0.9825
vn -0.1815 0.3003 -0.9364
vn -0.4003 0.3195 -0.8589
vn -0.1554 0.4242 -0.8921
vn -0.3664 0.4591 -0.8093
vn -0.1129 0.5357 -0.8368
vn -0.3139 0.5850 -0.7479
vn -0.0556 0.6317 -0.7732
vn -0.2446 0.6937 -0.6775
vn 0.0145 0.7102 -0.7039
vn -0.1613 0.7828 -0.6010
vn 0.0952 0.7699 -0.6310
vn -0.0669 0.8510 -0.5209
vn 0.1840 0.8102 -0.5565
vn 0.0358 0.8978 -0.4390
vn 0.2788 0.8308 -0.4816
vn 0.1441 0.9230 -0.3568
vn 0.3774 0.8317 -0.4072
vn 0.2557 0.9269 -0.2748
vn 0.4775 0.8128 -0.3337
vn 0.3683 0.9093 -0.1935
vn 0.5764 0.7742 -0.2616
vn 0.4793 0.8703 -0.1133
vn 0.6712 0.7162 -0.1913
vn 0.5856 0.8099 -0.0347
vn 0.7586 0.6397 -0.1239
vn 0.6837 0.7286 0.0411
vn 0.8353 0.5464 -0.0605
vn 0.7702 0.6279 0.1125
vn 0.8984 0.4392 -0.0028
vn 0.8414 0.5104 0.1775
vn 0.9457 0.3216 0.0475
vn 0.8950 0.3799 0.2337
vn 0.9763 0.1976 0.0887
vn 0.9295 0.2408 0.2792
vn 0.9903 0.0711 0.1193
vn 0.9450 0.0976 0.3121
vn 0.9879 -0.0628 0.1416
vn 0.9415 -0.0556 0.3325
vn 0.1217 0.9887 0.0871
vn 0.6340 0.5942 0.4949
vn 0.4612 0.8182 0.3432
vn 0.6942 0.4553 0.5575
vn -0.4612 0.8182 -0.3433
vn -0.6340 0.5942 -0.4949
vn -0.6942 0.4553 -0.5576
vn -0.3743 -0.1077 -0.9210
vn -0.1480 -0.0820 -0.9856
vn -0.2974 -0.1439 -0.9438
vn -0.0536 -0.1123 -0.9922
vn -0.2116 -0.1436 -0.9667
vn 0.0498 -0.1129 -0.9924
vn -0.1255 -0.1468 -0.9812
vn 0.1505 -0.1171 -0.9817
vn -0.0425 -0.1550 -0.9870
vn 0.2457 -0.1238 -0.9614
vn -0.4479 -0.1727 -0.8772
vn 0.0457 -0.1535 -0.9871
vn 0.3255 -0.1273 -0.9369
vn 0.9145 -0.1550 0.3737
vn 0.9706 -0.1514 0.1869
vn 0.8816 -0.1787 0.4369
vn 0.9544 -0.1698 0.2455
vn 0.8432 -0.1691 0.5103
vn 0.9369 -0.1575 0.3121
vn 0.7981 -0.1624 0.5802
vn 0.9145 -0.1473 0.3769
vn 0.7475 -0.1591 0.6450
vn 0.8877 -0.1399 0.4387
vn 0.4480 -0.1727 0.8772
vn 0.7041 -0.1546 0.6931
vn 0.8606 -0.1354 0.4910
vn 0.7185 0.0973 -0.6887
vn 0.7007 0.1007 -0.7063
vn 0.7401 0.0569 -0.6701
vn 0.6853 0.1053 -0.7206
vn 0.6732 0.1101 -0.7312
vn 0.6652 0.1141 -0.7379
vn 0.6616 0.1163 -0.7408
vn 0.6625 0.1156 -0.7401
vn 0.6674 0.1111 -0.7364
vn 0.6757 0.1023 -0.7300
vn 0.6865 0.0889 -0.7217
vn 0.6986 0.0710 -0.7120
vn 0.7108 0.0492 -0.7016
vn 0.7222 0.0246 -0.6913
vn 0.7317 -0.0016 -0.6816
vn 0.7389 -0.0275 -0.6732
vn 0.7438 -0.0515 -0.6664
vn 0.7465 -0.0720 -0.6615
vn 0.7475 -0.0877 -0.6584
vn 0.7476 -0.0975 -0.6569
vn 0.7477 -0.0995 -0.6566
vn 0.7797 -0.0615 -0.6231
vn 0.7749 0.0893 -0.6258
vn 0.8162 0.0357 -0.5766
vn 0.8189 -0.0837 -0.5678
vn 0.8481 -0.0383 -0.5285
vn 0.8736 0.0542 -0.4835
vn 0.8883 -0.0239 -0.4587
vn 0.9075 0.0428 -0.4179
vn 0.9214 -0.0108 -0.3885
vn 0.9346 0.0331 -0.3541
vn 0.9413 0.0071 -0.3375
vn 0.9519 0.0422 -0.3036
vn -0.4143 -0.1703 0.8941
vn -0.1904 -0.1672 0.9674
vn -0.4089 -0.0048 0.9126
vn -0.1851 -0.0184 0.9825
vn -0.1815 -0.3003 0.9364
vn -0.4003 -0.3195 0.8589
vn -0.1554 -0.4242 0.8921
vn -0.3664 -0.4591 0.8093
vn -0.1129 -0.5357 0.8368
vn -0.3139 -0.5850 0.7479
vn -0.0556 -0.6317 0.7732
vn -0.2446 -0.6937 0.6775
vn 0.0145 -0.7102 0.7038
vn -0.1613 -0.7828 0.6010
vn 0.0952 -0.7699 0.6310
vn -0.0669 -0.8510 0.5209
vn 0.1840 -0.8102 0.5565
vn 0.0358 -0.8978 0.4390
vn 0.2788 -0.8308 0.4816
vn 0.1441 -0.9230 0.3568
vn 0.3774 -0.8317 0.4072
vn 0.2557 -0.9269 0.2748
vn 0.4775 -0.8128 0.3337
vn 0.3683 -0.9093 0.1935
vn 0.5764 -0.7742 0.2616
vn 0.4793 -0.8703 0.1133
vn 0.6712 -0.7162 0.1913
vn 0.5856 -0.8099 0.0347
vn 0.7586 -0.6397 0.1239
vn 0.6837 -0.7286 -0.0411
vn 0.8353 -0.5464 0.0605
vn 0.7702 -0.6279 -0.1125
vn 0.8984 -0.4392 0.0028
vn 0.8414 -0.5104 -0.1775
vn 0.9457 -0.3216 -0.0475
vn 0.8950 -0.3799 -0.2337
vn 0.9763 -0.1976 -0.0887
vn 0.9295 -0.2408 -0.2792
vn 0.9903 -0.0711 -0.1193
vn 0.9450 -0.0976 -0.3121
vn 0.9879 0.0628 -0.1416
vn 0.9415 0.0556 -0.3325
vn 0.3552 -0.8980 -0.2598
vn 0.2410 -0.9548 -0.1740
vn 0.1217 -0.9887 -0.0871
vn 0.6341 -0.5942 -0.4948
vn 0.5554 -0.7163 -0.4225
vn 0.4612 -0.8182 -0.3432
vn 0.7516 -0.1447 -0.6436
vn 0.7336 -0.3038 -0.6079
vn 0.6942 -0.4553 -0.5575
vn -0.1217 -0.9887 0.0872
vn -0.2410 -0.9548 0.1740
vn -0.3552 -0.8980 0.2598
vn -0.4612 -0.8182 0.3433
vn -0.5554 -0.7163 0.4225
vn -0.6340 -0.5942 0.4949
vn -0.6942 -0.4553 0.5576
vn -0.7336 -0.3038 0.6079
vn -0.7516 -0.1447 0.6436
vn -0.7484 0.0294 0.6626
vn -0.3743 0.1077 0.9210
vn -0.1480 0.0820 0.9856
vn -0.7143 0.1452 0.6846
vn -0.2974 0.1439 0.9438
vn -0.0536 0.1123 0.9922
vn -0.6581 0.1766 0.7320
vn -0.2116 0.1436 0.9667
vn 0.0498 0.1129 0.9924
vn -0.5929 0.1713 0.7868
vn -0.1255 0.1468 0.9812
vn 0.1505 0.1171 0.9817
vn -0.5227 0.1694 0.8355
vn -0.0425 0.1550 0.9870
vn 0.2457 0.1238 0.9614
vn -0.4479 0.1727 0.8772
vn 0.0457 0.1535 0.9871
vn 0.3255 0.1273 0.9369
vn -0.3784 0.1672 0.9104
vn 0.7484 0.0294 -0.6626
vn 0.7143 0.1452 -0.6846
vn 0.9145 0.1550 -0.3737
vn 0.9707 0.1514 -0.1869
vn 0.8816 0.1787 -0.4369
vn 0.9544 0.1698 -0.2455
vn 0.6580 0.1766 -0.7320
vn 0.8432 0.1691 -0.5103
vn 0.9369 0.1575 -0.3121
vn 0.5929 0.1713 -0.7868
vn 0.7981 0.1624 -0.5802
vn 0.9145 0.1473 -0.3769
vn 0.5227 0.1694 -0.8355
vn 0.7475 0.1591 -0.6450
vn 0.8877 0.1399 -0.4387
vn 0.4480 0.1727 -0.8772
vn 0.7041 0.1546 -0.6931
vn 0.8606 0.1354 -0.4910
vn 0.3784 0.1672 -0.9104
vn 0.7185 -0.0972 0.6887
vn 0.7007 -0.1007 0.7063
vn 0.7401 -0.0569 0.6701
vn 0.6853 -0.1053 0.7206
vn 0.6732 -0.1101 0.7312
vn 0.6652 -0.1141 0.7379
vn 0.6616 -0.1163 0.7408
vn 0.6625 -0.1156 0.7401
vn 0.6674 -0.1111 0.7364
vn 0.6757 -0.1023 0.7300
vn 0.6865 -0.0889 0.7217
vn 0.6986 -0.0710 0.7120
vn 0.7108 -0.0492 0.7016
vn 0.7222 -0.0246 0.6913
vn 0.7317 0.0015 0.6816
vn 0.7389 0.0275 0.6732
vn 0.7438 0.0515 0.6664
vn 0.7465 0.0720 0.6615
vn 0.7475 0.0877 0.6584
vn 0.7476 0.0975 0.6569
vn 0.7477 0.0995 0.6566
vn 0.7797 0.0615 0.6231
vn 0.7749 -0.0893 0.6258
vn 0.8162 -0.0357 0.5766
vn 0.8189 0.0837 0.5678
vn 0.8481 0.0383 0.5285
vn 0.8736 -0.0542 0.4835
vn 0.8883 0.0239 0.4587
vn 0.9075 -0.0428 0.4179
vn 0.9214 0.0108 0.3885
vn 0.9346 -0.0331 0.3541
vn 0.9413 -0.0071 0.3375
vn 0.9519 -0.0422 0.3036
vn 0.4143 -0.1702 -0.8941
vn 0.1904 -0.1672 -0.9674
vn 0.4089 -0.0048 -0.9126
vn 0.1851 -0.0184 -0.9825
vn 0.1815 -0.3003 -0.9364
vn 0.4003 -0.3195 -0.8589
vn 0.1554 -0.4242 -0.8921
vn 0.3664 -0.4591 -0.8093
vn 0.1129 -0.5357 -0.8368
vn 0.3139 -0.5850 -0.7479
vn 0.0556 -0.6317 -0.7732
vn 0.2446 -0.6937 -0.6775
vn -0.0145 -0.7102 -0.7038
vn 0.1613 -0.7828 -0.6010
vn -0.0952 -0.7699 -0.6310
vn 0.0669 -0.8510 -0.5209
vn -0.1840 -0.8102 -0.5565
vn -0.0358 -0.8978 -0.4390
vn -0.2788 -0.8308 -0.4816
vn -0.1441 -0.9230 -0.3568
vn -0.3774 -0.8317 -0.4072
vn -0.2557 -0.9269 -0.2748
vn -0.4775 -0.8128 -0.3337
vn -0.3683 -0.9093 -0.1935
vn -0.5764 -0.7742 -0.2616
vn -0.4793 -0.8703 -0.1133
vn -0.6712 -0.7162 -0.1913
vn -0.5856 -0.8099 -0.0347
vn -0.7586 -0.6397 -0.1239
vn -0.6837 -0.7286 0.0411
vn -0.8353 -0.5464 -0.0605
vn -0.7702 -0.6279 0.1125
vn -0.8984 -0.4392 -0.0028
vn -0.8414 -0.5104 0.1775
vn -0.9457 -0.3216 0.0475
vn -0.8950 -0.3799 0.2337
vn -0.9763 -0.1976 0.0887
vn -0.9295 -0.2408 0.2792
vn -0.9903 -0.0711 0.1193
vn -0.9450 -0.0976 0.3121
vn -0.9879 0.0628 0.1416
vn -0.9415 0.0556 0.3325
vn -0.6341 -0.5942 0.4948
vn -0.4612 -0.8182 0.3432
vn -0.6942 -0.4553 0.5575
vn 0.1217 -0.9887 -0.0872
vn 0.4612 -0.8182 -0.3433
vn 0.6340 -0.5942 -0.4948
vn 0.6942 -0.4553 -0.5576
vn 0.3743 0.1077 -0.9210
vn 0.1480 0.0820 -0.9856
vn 0.2974 0.1439 -0.9438
vn 0.0536 0.1123 -0.9922
vn 0.6581 0.1766 -0.7320
vn 0.2116 0.1436 -0.9667
vn -0.0498 0.1129 -0.9924
vn 0.1255 0.1468 -0.9812
vn -0.1505 0.1171 -0.9817
vn 0.0425 0.1550 -0.9870
vn -0.2457 0.1238 -0.9614
vn 0.4479 0.1727 -0.8772
vn -0.0457 0.1535 -0.9871
vn -0.3255 0.1273 -0.9369
vn -0.9145 0.1550 0.3737
vn -0.9706 0.1514 0.1869
vn -0.8816 0.1787 0.4369
vn -0.9544 0.1698 0.2455
vn -0.8432 0.1691 0.5103
vn -0.9369 0.1575 0.3121
vn -0.7981 0.1624 0.5802
vn -0.9145 0.1473 0.3769
vn -0.7475 0.1591 0.6450
vn -0.8877 0.1399 0.4387
vn -0.4480 0.1727 0.8772
vn -0.7041 0.1546 0.6931
vn -0.8606 0.1354 0.4910
vn -0.7185 -0.0972 -0.6887
vn -0.7007 -0.1007 -0.7063
vn -0.7401 -0.0569 -0.6701
vn -0.6853 -0.1053 -0.7206
vn -0.6732 -0.1101 -0.7312
vn -0.6652 -0.1141 -0.7379
vn -0.6616 -0.1163 -0.7408
vn -0.6625 -0.1156 -0.7401
vn -0.6674 -0.1111 -0.7364
vn -0.6757 -0.1023 -0.7300
vn -0.6865 -0.0889 -0.7217
vn -0.6986 -0.0710 -0.7120
vn -0.7108 -0.0492 -0.7016
vn -0.7222 -0.0246 -0.6913
vn -0.7317 0.0016 -0.6816
vn -0.7389 0.0275 -0.6732
vn -0.7438 0.0515 -0.6664
vn -0.7465 0.0720 -0.6615
vn -0.7475 0.0877 -0.6584
vn -0.7476 0.0975 -0.6569
vn -0.7477 0.0995 -0.6566
vn -0.7797 0.0615 -0.6231
vn -0.7749 -0.0893 -0.6258
vn -0.8162 -0.0357 -0.5766
vn -0.8189 0.0837 -0.5678
vn -0.8481 0.0383 -0.5285
vn -0.8736 -0.0542 -0.4835
vn -0.8883 0.0239 -0.4587
vn -0.9075 -0.0428 -0.4179
vn -0.9214 0.0108 -0.3885
vn -0.9346 -0.0331 -0.3541
vn -0.9413 -0.0071 -0.3375
vn -0.9519 -0.0422 -0.3036
vn -0.1702 0.4143 0.8941
vn -0.1672 0.1904 0.9674
vn -0.0048 0.4089 0.9126
vn -0.0184 0.1851 0.9825
vn -0.3003 0.1815 0.9364
vn -0.3195 0.4003 0.8589
vn -0.4242 0.1554 0.8921
vn -0.4591 0.3664 0.8093
vn -0.5357 0.1129 0.8368
vn -0.5849 0.3139 0.7479
vn -0.6317 0.0556 0.7732
vn -0.6937 0.2446 0.6775
vn -0.7102 -0.0145 0.7039
vn -0.7828 0.1613 0.6010
vn -0.7699 -0.0952 0.6310
vn -0.8510 0.0669 0.5209
vn -0.8102 -0.1840 0.5565
vn -0.8978 -0.0358 0.4390
vn -0.8308 -0.2788 0.4816
vn -0.9230 -0.1441 0.3568
vn -0.8317 -0.3774 0.4072
vn -0.9269 -0.2557 0.2748
vn -0.8128 -0.4775 0.3337
vn -0.9093 -0.3683 0.1935
vn -0.7742 -0.5764 0.2616
vn -0.8703 -0.4793 0.1133
vn -0.7162 -0.6712 0.1913
vn -0.8099 -0.5856 0.0347
vn -0.6397 -0.7586 0.1239
vn -0.7286 -0.6837 -0.0411
vn -0.5464 -0.8353 0.0605
vn -0.6279 -0.7702 -0.1125
vn -0.4392 -0.8984 0.0028
vn -0.5104 -0.8414 -0.1775
vn -0.3216 -0.9457 -0.0475
vn -0.3799 -0.8950 -0.2337
vn -0.1976 -0.9763 -0.0887
vn -0.2408 -0.9295 -0.2792
vn -0.0711 -0.9903 -0.1193
vn -0.0976 -0.9450 -0.3121
vn 0.0628 -0.9879 -0.1416
vn 0.0556 -0.9415 -0.3325
vn -0.8980 -0.3552 -0.2598
vn -0.9548 -0.2410 -0.1739
vn -0.9887 -0.1217 -0.0871
vn -0.5942 -0.6341 -0.4948
vn -0.7163 -0.5554 -0.4225
vn -0.8182 -0.4612 -0.3432
vn -0.1447 -0.7516 -0.6436
vn -0.3038 -0.7336 -0.6079
vn -0.4553 -0.6942 -0.5575
vn -0.9887 0.1217 0.0872
vn -0.9548 0.2410 0.1740
vn -0.8980 0.3552 0.2598
vn -0.8182 0.4612 0.3433
vn -0.7163 0.5554 0.4225
vn -0.5942 0.6341 0.4948
vn -0.4553 0.6942 0.5576
vn -0.3038 0.7336 0.6079
vn -0.1447 0.7516 0.6436
vn 0.0294 0.7484 0.6626
vn 0.1077 0.3743 0.9210
vn 0.0820 0.1480 0.9856
vn 0.1452 0.7143 0.6846
vn 0.1439 0.2974 0.9438
vn 0.1123 0.0536 0.9922
vn 0.1766 0.6581 0.7320
vn 0.1436 0.2116 0.9667
vn 0.1129 -0.0498 0.9924
vn 0.1713 0.5929 0.7868
vn 0.1468 0.1255 0.9812
vn 0.1171 -0.1505 0.9817
vn 0.1694 0.5227 0.8355
vn 0.1550 0.0425 0.9870
vn 0.1238 -0.2457 0.9614
vn 0.1727 0.4479 0.8772
vn 0.1535 -0.0457 0.9871
vn 0.1273 -0.3255 0.9369
vn 0.1672 0.3784 0.9104
vn -0.9887 0.1217 0.0871
vn 0.0294 -0.7484 -0.6626
vn 0.1452 -0.7143 -0.6846
vn 0.1550 -0.9145 -0.3737
vn 0.1514 -0.9707 -0.1869
vn 0.1787 -0.8816 -0.4369
vn 0.1698 -0.9544 -0.2455
vn 0.1766 -0.6580 -0.7320
vn 0.1691 -0.8432 -0.5103
vn 0.1575 -0.9369 -0.3121
vn 0.1713 -0.5929 -0.7868
vn 0.1624 -0.7981 -0.5802
vn 0.1473 -0.9145 -0.3769
vn 0.1694 -0.5227 -0.8355
vn 0.1591 -0.7475 -0.6450
vn 0.1399 -0.8877 -0.4387
vn 0.1727 -0.4480 -0.8772
vn 0.1546 -0.7041 -0.6931
vn 0.1354 -0.8606 -0.4910
vn 0.1672 -0.3784 -0.9104
vn -0.0972 -0.7185 0.6886
vn -0.1007 -0.7007 0.7063
vn -0.0569 -0.7401 0.6701
vn -0.1053 -0.6853 0.7206
vn -0.1101 -0.6732 0.7312
vn -0.1141 -0.6652 0.7379
vn -0.1163 -0.6616 0.7408
vn -0.1156 -0.6625 0.7401
vn -0.1111 -0.6674 0.7364
vn -0.1023 -0.6757 0.7300
vn -0.0889 -0.6865 0.7217
vn -0.0710 -0.6986 0.7120
vn -0.0492 -0.7108 0.7016
vn -0.0246 -0.7222 0.6913
vn 0.0015 -0.7317 0.6816
vn 0.0275 -0.7389 0.6732
vn 0.0515 -0.7438 0.6664
vn 0.0720 -0.7465 0.6615
vn 0.0877 -0.7475 0.6584
vn 0.0975 -0.7476 0.6569
vn 0.0995 -0.7477 0.6566
vn 0.0615 -0.7797 0.6231
vn -0.0893 -0.7749 0.6258
vn -0.0357 -0.8162 0.5766
vn 0.0837 -0.8189 0.5678
vn 0.0383 -0.8481 0.5285
vn -0.0542 -0.8736 0.4835
vn 0.0239 -0.8883 0.4587
vn -0.0428 -0.9075 0.4179
vn 0.0108 -0.9214 0.3885
vn -0.0331 -0.9346 0.3541
vn -0.0071 -0.9413 0.3375
vn -0.0422 -0.9519 0.3036
vn -0.1702 -0.4143 -0.8941
vn -0.1672 -0.1904 -0.9674
vn -0.0048 -0.4089 -0.9126
vn -0.0184 -0.1851 -0.9825
vn -0.3003 -0.1815 -0.9364
vn -0.3195 -0.4003 -0.8589
vn -0.4242 -0.1554 -0.8921
vn -0.4591 -0.3664 -0.8093
vn -0.5357 -0.1129 -0.8368
vn -0.5850 -0.3139 -0.7479
vn -0.6317 -0.0556 -0.7732
vn -0.6937 -0.2446 -0.6775
vn -0.7102 0.0145 -0.7039
vn -0.7828 -0.1613 -0.6010
vn -0.7699 0.0952 -0.6310
vn -0.8510 -0.0669 -0.5209
vn -0.8102 0.1840 -0.5565
vn -0.8978 0.0358 -0.4390
vn -0.8308 0.2788 -0.4816
vn -0.9230 0.1441 -0.3568
vn -0.8317 0.3774 -0.4072
vn -0.9269 0.2557 -0.2748
vn -0.8128 0.4775 -0.3337
vn -0.9093 0.3683 -0.1935
vn -0.7742 0.5764 -0.2616
vn -0.8703 0.4793 -0.1133
vn -0.7162 0.6712 -0.1913
vn -0.8099 0.5856 -0.0347
vn -0.6397 0.7586 -0.1239
vn -0.7286 0.6837 0.0411
vn -0.5464 0.8353 -0.0605
vn -0.6279 0.7702 0.1125
vn -0.4392 0.8984 -0.0028
vn -0.5104 0.8414 0.1775
vn -0.3216 0.9457 0.0475
vn -0.3799 0.8950 0.2337
vn -0.1976 0.9763 0.0887
vn -0.2408 0.9295 0.2792
vn -0.0711 0.9903 0.1193
vn -0.0976 0.9450 0.3121
vn 0.0628 0.9879 0.1416
vn 0.0556 0.9415 0.3325
vn -0.9548 0.2410 0.1739
vn -0.8182 0.4612 0.3432
vn -0.4553 0.6942 0.5575
vn -0.9887 -0.1217 -0.0872
vn -0.9548 -0.2410 -0.1740
vn -0.5942 -0.6340 -0.4948
vn -0.4553 -0.6942 -0.5576
vn 0.1077 -0.3743 -0.9210
vn 0.0820 -0.1480 -0.9856
vn 0.1439 -0.2974 -0.9438
vn 0.1123 -0.0536 -0.9922
vn 0.1766 -0.6581 -0.7320
vn 0.1436 -0.2116 -0.9667
vn 0.1129 0.0498 -0.9924
vn 0.1468 -0.1255 -0.9812
vn 0.1171 0.1505 -0.9817
vn 0.1550 -0.0425 -0.9870
vn 0.1238 0.2457 -0.9614
vn 0.1727 -0.4479 -0.8772
vn 0.1535 0.0457 -0.9871
vn 0.1273 0.3255 -0.9369
vn 0.1550 0.9145 0.3737
vn 0.1514 0.9706 0.1869
vn 0.1787 0.8816 0.4369
vn 0.1698 0.9544 0.2455
vn 0.1691 0.8432 0.5103
vn 0.1575 0.9369 0.3121
vn 0.1624 0.7981 0.5802
vn 0.1473 0.9145 0.3769
vn 0.1591 0.7475 0.6450
vn 0.1399 0.8877 0.4387
vn 0.1727 0.4480 0.8772
vn 0.1546 0.7041 0.6931
vn 0.1354 0.8606 0.4910
vn -0.0972 0.7185 -0.6887
vn -0.1007 0.7007 -0.7063
vn -0.0569 0.7401 -0.6701
vn -0.1053 0.6853 -0.7206
vn -0.1101 0.6732 -0.7312
vn -0.1141 0.6652 -0.7379
vn -0.1163 0.6616 -0.7408
vn -0.1156 0.6625 -0.7401
vn -0.1111 0.6674 -0.7364
vn -0.1023 0.6757 -0.7300
vn -0.0889 0.6865 -0.7217
vn -0.0710 0.6986 -0.7120
vn -0.0492 0.7108 -0.7016
vn -0.0246 0.7222 -0.6913
vn 0.0015 0.7317 -0.6816
vn 0.0275 0.7389 -0.6732
vn 0.0515 0.7438 -0.6664
vn 0.0720 0.7465 -0.6615
vn 0.0877 0.7475 -0.6584
vn 0.0975 0.7476 -0.6569
vn 0.0995 0.7477 -0.6566
vn 0.0615 0.7797 -0.6231
vn -0.0893 0.7749 -0.6258
vn -0.0357 0.8162 -0.5766
vn 0.0837 0.8189 -0.5678
vn 0.0383 0.8481 -0.5285
vn -0.0542 0.8736 -0.4835
vn 0.0239 0.8883 -0.4587
vn -0.0428 0.9075 -0.4179
vn 0.0108 0.9214 -0.3885
vn -0.0331 0.9346 -0.3541
vn -0.0071 0.9413 -0.3375
vn -0.0422 0.9519 -0.3036
vt 0.943381 0.317624
vt 0.937885 0.316753
vt 0.943381 0.299838
vt 0.932927 0.314227
vt 0.928992 0.310292
vt 0.926466 0.305334
vt 0.925595 0.299838
vt 0.926466 0.294341
vt 0.928992 0.289383
vt 0.932927 0.285448
vt 0.937885 0.282922
vt 0.943381 0.282052
vt 0.948878 0.282922
vt 0.953836 0.285448
vt 0.957771 0.289383
vt 0.960297 0.294342
vt 0.961168 0.299838
vt 0.932927 0.332013
vt 0.923496 0.327208
vt 0.916012 0.319723
vt 0.911206 0.310292
vt 0.909550 0.299838
vt 0.911206 0.289383
vt 0.916012 0.279952
vt 0.923496 0.272468
vt 0.932927 0.267662
vt 0.943381 0.266007
vt 0.953836 0.267662
vt 0.963267 0.272468
vt 0.970751 0.279952
vt 0.975557 0.289383
vt 0.977213 0.299838
vt 0.975557 0.310292
vt 0.960297 0.305334
vt 0.957771 0.310292
vt 0.953836 0.314227
vt 0.948878 0.316753
vt 0.970751 0.319723
vt 0.963267 0.327208
vt 0.953836 0.332013
vt 0.943381 0.333669
vt 0.928992 0.344123
vt 0.943381 0.346402
vt 0.916012 0.337509
vt 0.905710 0.327208
vt 0.899096 0.314227
vt 0.896817 0.299838
vt 0.899096 0.285448
vt 0.905710 0.272468
vt 0.916012 0.262166
vt 0.928992 0.255552
vt 0.943382 0.253273
vt 0.957771 0.255552
vt 0.970751 0.262166
vt 0.981053 0.272468
vt 0.987667 0.285449
vt 0.989946 0.299838
vt 0.987667 0.314227
vt 0.981053 0.327208
vt 0.970751 0.337509
vt 0.957771 0.344123
vt 0.975928 0.221227
vt 0.975928 0.231665
vt 0.963196 0.221227
vt 0.963196 0.231665
vt 0.963196 0.210788
vt 0.975928 0.210788
vt 0.963196 0.200349
vt 0.975928 0.200349
vt 0.963196 0.189910
vt 0.975928 0.189910
vt 0.963196 0.179471
vt 0.975928 0.179471
vt 0.963196 0.169033
vt 0.975928 0.169033
vt 0.963196 0.158594
vt 0.975928 0.158594
vt 0.963196 0.148155
vt 0.975928 0.148155
vt 0.963196 0.137716
vt 0.975928 0.137716
vt 0.963196 0.127277
vt 0.975928 0.127277
vt 0.963196 0.116839
vt 0.975928 0.116839
vt 0.963196 0.106400
vt 0.975928 0.106400
vt 0.963196 0.095961
vt 0.975928 0.095961
vt 0.963196 0.085522
vt 0.975928 0.085522
vt 0.963196 0.075083
vt 0.975928 0.075083
vt 0.963196 0.064644
vt 0.975928 0.064644
vt 0.963196 0.054206
vt 0.975928 0.054206
vt 0.963196 0.043767
vt 0.975928 0.043767
vt 0.963196 0.033328
vt 0.975928 0.033328
vt 0.963196 0.022889
vt 0.975928 0.022889
vt 0.911508 0.085522
vt 0.911508 0.095961
vt 0.911508 0.106400
vt 0.911508 0.116839
vt 0.911508 0.127277
vt 0.911508 0.137716
vt 0.911508 0.148155
vt 0.911508 0.158594
vt 0.911508 0.169033
vt 0.911508 0.179471
vt 0.911508 0.189910
vt 0.911508 0.200349
vt 0.911508 0.210788
vt 0.911508 0.221227
vt 0.911508 0.231665
vt 0.911508 0.075083
vt 0.911508 0.064644
vt 0.911508 0.054206
vt 0.911508 0.043767
vt 0.911508 0.033328
vt 0.911508 0.022889
vt 0.865394 0.616865
vt 0.868590 0.616389
vt 0.864668 0.608188
vt 0.867903 0.608188
vt 0.870631 0.624387
vt 0.867554 0.625327
vt 0.873979 0.631987
vt 0.871096 0.633368
vt 0.878549 0.639000
vt 0.875931 0.640789
vt 0.884229 0.645255
vt 0.881941 0.647407
vt 0.890880 0.650597
vt 0.888978 0.653059
vt 0.898337 0.654895
vt 0.896869 0.657607
vt 0.906418 0.658043
vt 0.905418 0.660937
vt 0.914923 0.659963
vt 0.914417 0.662969
vt 0.923643 0.660609
vt 0.923643 0.663652
vt 0.932362 0.659963
vt 0.932868 0.662969
vt 0.940867 0.658043
vt 0.941867 0.660937
vt 0.948948 0.654895
vt 0.950417 0.657607
vt 0.956405 0.650597
vt 0.958307 0.653059
vt 0.963056 0.645255
vt 0.965344 0.647407
vt 0.968736 0.639000
vt 0.971354 0.640789
vt 0.973306 0.631987
vt 0.976189 0.633368
vt 0.976653 0.624387
vt 0.979731 0.625327
vt 0.978695 0.616389
vt 0.981891 0.616865
vt 0.979382 0.608188
vt 0.982617 0.608188
vt 0.950935 0.658563
vt 0.942219 0.661958
vt 0.933047 0.664029
vt 0.972277 0.641420
vt 0.966151 0.648166
vt 0.958978 0.653927
vt 0.983018 0.617033
vt 0.980816 0.625659
vt 0.977206 0.633855
vt 0.923643 0.664725
vt 0.914238 0.664029
vt 0.905066 0.661958
vt 0.896351 0.658563
vt 0.888307 0.653927
vt 0.881134 0.648166
vt 0.875008 0.641420
vt 0.870079 0.633856
vt 0.866469 0.625659
vt 0.864267 0.617033
vt 0.863527 0.608188
vt 0.866933 0.585391
vt 0.870104 0.585390
vt 0.865900 0.585390
vt 0.874085 0.544977
vt 0.877297 0.544977
vt 0.873127 0.544977
vt 0.882058 0.499923
vt 0.885316 0.499923
vt 0.881185 0.499923
vt 0.889929 0.455445
vt 0.893232 0.455445
vt 0.889139 0.455445
vt 0.897698 0.411543
vt 0.901046 0.411543
vt 0.896991 0.411543
vt 0.904925 0.370705
vt 0.908314 0.370705
vt 0.904295 0.370705
vt 0.983758 0.608188
vt 0.981385 0.585390
vt 0.980352 0.585390
vt 0.977181 0.585390
vt 0.973200 0.544977
vt 0.969988 0.544977
vt 0.974158 0.544977
vt 0.965227 0.499923
vt 0.961970 0.499923
vt 0.966100 0.499923
vt 0.957356 0.455445
vt 0.954053 0.455445
vt 0.958145 0.455445
vt 0.949587 0.411543
vt 0.946239 0.411543
vt 0.950294 0.411543
vt 0.942360 0.370705
vt 0.938971 0.370705
vt 0.942990 0.370705
vt 0.981891 0.616865
vt 0.982617 0.608189
vt 0.979382 0.608189
vt 0.979731 0.625327
vt 0.973306 0.631987
vt 0.968736 0.639000
vt 0.950416 0.657607
vt 0.940867 0.658043
vt 0.923643 0.663652
vt 0.896868 0.657607
vt 0.878549 0.639000
vt 0.873979 0.631987
vt 0.865394 0.616865
vt 0.882058 0.499923
vt 0.885316 0.499923
s 1
usemtl Airplane1_01
f 3/1/1 2/2/2 1/3/3
f 2/2/2 4/4/4 1/3/3
f 4/4/4 5/5/5 1/3/3
f 5/5/5 6/6/6 1/3/3
f 6/6/6 7/7/7 1/3/3
f 7/7/7 8/8/8 1/3/3
f 8/8/8 9/9/9 1/3/3
f 9/9/9 10/10/10 1/3/3
f 10/10/10 11/11/11 1/3/3
f 11/11/11 12/12/12 1/3/3
f 12/12/12 13/13/13 1/3/3
f 13/13/13 14/14/14 1/3/3
f 14/14/14 15/15/15 1/3/3
f 15/15/15 16/16/16 1/3/3
f 16/16/16 17/17/17 1/3/3
f 2/2/2 3/1/1 18/18/18
f 4/4/4 2/2/2 19/19/19
f 18/18/18 19/19/19 2/2/2
f 19/19/19 20/20/20 4/4/4
f 5/5/5 4/4/4 20/20/20
f 20/20/20 21/21/21 5/5/5
f 6/6/6 5/5/5 21/21/21
f 21/21/21 22/22/22 6/6/6
f 7/7/7 6/6/6 22/22/22
f 22/22/22 23/23/23 7/7/7
f 8/8/8 7/7/7 23/23/23
f 23/23/23 24/24/24 8/8/8
f 9/9/9 8/8/8 24/24/24
f 24/24/24 25/25/25 9/9/9
f 10/10/10 9/9/9 25/25/25
f 25/25/25 26/26/26 10/10/10
f 11/11/11 10/10/10 26/26/26
f 26/26/26 27/27/27 11/11/11
f 12/12/12 11/11/11 27/27/27
f 27/27/27 28/28/28 12/12/12
f 13/13/13 12/12/12 28/28/28
f 28/28/28 29/29/29 13/13/13
f 14/14/14 13/13/13 29/29/29
f 29/29/29 30/30/30 14/14/14
f 15/15/15 14/14/14 30/30/30
f 30/30/30 31/31/31 15/15/15
f 16/16/16 15/15/15 31/31/31
f 31/31/31 32/32/32 16/16/16
f 17/17/17 16/16/16 32/32/32
f 32/32/32 33/33/33 17/17/17
f 34/34/34 17/17/17 33/33/33
f 17/17/17 34/34/34 1/3/3
f 34/34/34 35/35/35 1/3/3
f 35/35/35 36/36/36 1/3/3
f 36/36/36 37/37/37 1/3/3
f 37/37/37 3/1/1 1/3/3
f 35/35/35 34/34/34 38/38/38
f 33/33/33 38/38/38 34/34/34
f 36/36/36 35/35/35 39/39/39
f 38/38/38 39/39/39 35/35/35
f 37/37/37 36/36/36 40/40/40
f 39/39/39 40/40/40 36/36/36
f 3/1/1 37/37/37 41/41/41
f 40/40/40 41/41/41 37/37/37
f 41/41/41 18/18/18 3/1/1
f 18/18/18 41/41/41 42/42/42
f 43/43/43 42/42/42 41/41/41
f 41/41/41 40/40/40 43/43/43
f 42/42/42 44/44/44 18/18/18
f 19/19/19 18/18/18 44/44/44
f 44/44/44 45/45/45 19/19/19
f 20/20/20 19/19/19 45/45/45
f 45/45/45 46/46/46 20/20/20
f 21/21/21 20/20/20 46/46/46
f 46/46/46 47/47/47 21/21/21
f 22/22/22 21/21/21 47/47/47
f 47/47/47 48/48/48 22/22/22
f 23/23/23 22/22/22 48/48/48
f 48/48/48 49/49/49 23/23/23
f 24/24/24 23/23/23 49/49/49
f 49/49/49 50/50/50 24/24/24
f 25/25/25 24/24/24 50/50/50
f 50/50/50 51/51/51 25/25/25
f 26/26/26 25/25/25 51/51/51
f 51/51/51 52/52/52 26/26/26
f 27/27/27 26/26/26 52/52/52
f 52/52/52 53/53/53 27/27/27
f 28/28/28 27/27/27 53/53/53
f 53/53/53 54/54/54 28/28/28
f 29/29/29 28/28/28 54/54/54
f 54/54/54 55/55/55 29/29/29
f 30/30/30 29/29/29 55/55/55
f 55/55/55 56/56/56 30/30/30
f 31/31/31 30/30/30 56/56/56
f 56/56/56 57/57/57 31/31/31
f 32/32/32 31/31/31 57/57/57
f 57/57/57 58/58/58 32/32/32
f 33/33/33 32/32/32 58/58/58
f 58/58/58 59/59/59 33/33/33
f 38/38/38 33/33/33 59/59/59
f 59/59/59 60/60/60 38/38/38
f 39/39/39 38/38/38 60/60/60
f 60/60/60 61/61/61 39/39/39
f 40/40/40 39/39/39 61/61/61
f 61/61/61 43/43/43 40/40/40
f 64/62/42 63/63/43 62/64/62
f 65/65/63 62/64/62 63/63/43
f 62/64/62 66/66/64 64/62/42
f 67/67/44 64/62/42 66/66/64
f 66/66/64 68/68/65 67/67/44
f 69/69/45 67/67/44 68/68/65
f 68/68/65 70/70/66 69/69/45
f 71/71/46 69/69/45 70/70/66
f 70/70/66 72/72/67 71/71/46
f 73/73/47 71/71/46 72/72/67
f 72/72/67 74/74/68 73/73/47
f 75/75/48 73/73/47 74/74/68
f 74/74/68 76/76/69 75/75/48
f 77/77/49 75/75/48 76/76/69
f 76/76/69 78/78/70 77/77/49
f 79/79/50 77/77/49 78/78/70
f 78/78/70 80/80/71 79/79/50
f 81/81/51 79/79/50 80/80/71
f 80/80/71 82/82/72 81/81/51
f 83/83/52 81/81/51 82/82/72
f 82/82/72 84/84/73 83/83/52
f 85/85/53 83/83/52 84/84/73
f 84/84/73 86/86/74 85/85/53
f 87/87/54 85/85/53 86/86/74
f 86/86/74 88/88/75 87/87/54
f 89/89/55 87/87/54 88/88/75
f 88/88/75 90/90/76 89/89/55
f 91/91/56 89/89/55 90/90/76
f 90/90/76 92/92/77 91/91/56
f 93/93/57 91/91/56 92/92/77
f 92/92/77 94/94/78 93/93/57
f 95/95/58 93/93/57 94/94/78
f 94/94/78 96/96/79 95/95/58
f 97/97/59 95/95/58 96/96/79
f 96/96/79 98/98/80 97/97/59
f 99/99/60 97/97/59 98/98/80
f 98/98/80 100/100/81 99/99/60
f 101/101/61 99/99/60 100/100/81
f 100/100/81 102/102/63 101/101/61
f 103/103/43 101/101/61 102/102/63
f 90/90/76 88/88/75 104/104/82
f 105/105/83 104/104/82 88/88/75
f 88/88/75 86/86/74 105/105/83
f 106/106/84 105/105/83 86/86/74
f 86/86/74 84/84/73 106/106/84
f 107/107/85 106/106/84 84/84/73
f 84/84/73 82/82/72 107/107/85
f 108/108/86 107/107/85 82/82/72
f 82/82/72 80/80/71 108/108/86
f 109/109/87 108/108/86 80/80/71
f 80/80/71 78/78/70 109/109/87
f 110/110/88 109/109/87 78/78/70
f 78/78/70 76/76/69 110/110/88
f 111/111/89 110/110/88 76/76/69
f 76/76/69 74/74/68 111/111/89
f 112/112/90 111/111/89 74/74/68
f 74/74/68 72/72/67 112/112/90
f 113/113/91 112/112/90 72/72/67
f 72/72/67 70/70/66 113/113/91
f 114/114/92 113/113/91 70/70/66
f 70/70/66 68/68/65 114/114/92
f 115/115/93 114/114/92 68/68/65
f 68/68/65 66/66/64 115/115/93
f 116/116/94 115/115/93 66/66/64
f 66/66/64 62/64/62 116/116/94
f 117/117/95 116/116/94 62/64/62
f 62/64/62 65/65/63 117/117/95
f 118/118/96 117/117/95 65/65/63
f 115/115/93 119/115/97 114/114/92
f 119/115/97 115/115/93 120/116/98
f 121/116/94 120/116/98 115/115/93
f 120/116/98 121/116/94 122/117/99
f 123/117/100 122/117/99 121/116/94
f 122/117/99 123/117/100 124/118/101
f 125/118/102 124/118/101 123/117/100
f 126/114/103 114/114/92 119/115/97
f 114/114/92 126/114/103 127/113/104
f 128/113/105 127/113/104 126/114/103
f 127/113/104 128/113/105 112/112/90
f 129/112/106 112/112/90 128/113/105
f 112/112/90 129/112/106 111/111/89
f 130/111/107 111/111/89 129/112/106
f 111/111/89 130/111/107 110/110/88
f 131/110/108 110/110/88 130/111/107
f 110/110/88 131/110/108 109/109/87
f 132/109/109 109/109/87 131/110/108
f 109/109/87 132/109/109 133/108/110
f 134/108/111 133/108/110 132/109/109
f 133/108/110 134/108/111 107/107/85
f 135/107/112 107/107/85 134/108/111
f 107/107/85 135/107/112 106/106/84
f 136/106/113 106/106/84 135/107/112
f 106/106/84 136/106/113 137/105/114
f 138/105/115 137/105/114 136/106/113
f 137/105/114 138/105/115 139/104/116
f 140/104/117 139/104/116 138/105/115
f 139/104/116 140/104/117 141/119/118
f 142/119/119 141/119/118 140/104/117
f 141/119/118 142/119/119 143/120/120
f 144/120/121 143/120/120 142/119/119
f 143/120/120 144/120/121 145/121/122
f 146/121/123 145/121/122 144/120/121
f 145/121/122 146/121/123 147/122/124
f 148/122/125 147/122/124 146/121/123
f 147/122/124 148/122/125 149/123/126
f 150/123/127 149/123/126 148/122/125
f 149/123/126 150/123/127 151/124/102
f 152/124/101 151/124/102 150/123/127
f 92/92/77 90/90/76 153/119/128
f 104/104/82 153/119/128 90/90/76
f 153/119/128 154/120/129 92/92/77
f 94/94/78 92/92/77 154/120/129
f 154/120/129 155/121/130 94/94/78
f 96/96/79 94/94/78 155/121/130
f 155/121/130 156/122/131 96/96/79
f 98/98/80 96/96/79 156/122/131
f 156/122/131 157/123/132 98/98/80
f 100/100/81 98/98/80 157/123/132
f 157/123/132 158/124/96 100/100/81
f 102/102/63 100/100/81 158/124/96
f 161/125/133 160/126/134 159/127/135
f 162/128/136 159/127/135 160/126/134
f 160/126/134 161/125/133 163/129/137
f 164/130/138 163/129/137 161/125/133
f 163/129/137 164/130/138 165/131/139
f 166/132/140 165/131/139 164/130/138
f 165/131/139 166/132/140 167/133/141
f 168/134/142 167/133/141 166/132/140
f 167/133/141 168/134/142 169/135/143
f 170/136/144 169/135/143 168/134/142
f 169/135/143 170/136/144 171/137/145
f 172/138/146 171/137/145 170/136/144
f 171/137/145 172/138/146 173/139/147
f 174/140/148 173/139/147 172/138/146
f 173/139/147 174/140/148 175/141/149
f 176/142/150 175/141/149 174/140/148
f 175/141/149 176/142/150 177/143/151
f 178/144/152 177/143/151 176/142/150
f 177/143/151 178/144/152 179/145/153
f 180/146/154 179/145/153 178/144/152
f 179/145/153 180/146/154 181/147/155
f 182/148/156 181/147/155 180/146/154
f 181/147/155 182/148/156 183/149/157
f 184/150/158 183/149/157 182/148/156
f 183/149/157 184/150/158 185/151/159
f 186/152/160 185/151/159 184/150/158
f 185/151/159 186/152/160 187/153/161
f 188/154/162 187/153/161 186/152/160
f 187/153/161 188/154/162 189/155/163
f 190/156/164 189/155/163 188/154/162
f 189/155/163 190/156/164 191/157/165
f 192/158/166 191/157/165 190/156/164
f 191/157/165 192/158/166 193/159/167
f 194/160/168 193/159/167 192/158/166
f 193/159/167 194/160/168 195/161/169
f 196/162/170 195/161/169 194/160/168
f 195/161/169 196/162/170 197/163/171
f 198/164/172 197/163/171 196/162/170
f 197/163/171 198/164/172 199/165/173
f 200/166/174 199/165/173 198/164/172
f 186/152/160 201/167/175 188/154/162
f 201/167/175 186/152/160 202/168/176
f 184/150/158 202/168/176 186/152/160
f 202/168/176 184/150/158 203/169/177
f 182/148/156 203/169/177 184/150/158
f 192/158/166 204/170/178 194/160/168
f 204/170/178 192/158/166 205/171/179
f 190/156/164 205/171/179 192/158/166
f 205/171/179 190/156/164 206/172/180
f 206/172/180 188/154/162 201/167/175
f 188/154/162 206/172/180 190/156/164
f 198/164/172 207/173/181 200/166/174
f 207/173/181 198/164/172 208/174/182
f 196/162/170 208/174/182 198/164/172
f 208/174/182 196/162/170 209/175/183
f 209/175/183 194/160/168 204/170/178
f 194/160/168 209/175/183 196/162/170
f 180/146/154 210/176/119 182/148/156
f 210/176/119 180/146/154 211/177/184
f 178/144/152 211/177/184 180/146/154
f 176/142/150 212/178/185 178/144/152
f 212/178/185 176/142/150 213/179/186
f 174/140/148 213/179/186 176/142/150
f 213/179/186 174/140/148 214/180/187
f 172/138/146 214/180/187 174/140/148
f 214/180/187 172/138/146 215/181/188
f 170/136/144 215/181/188 172/138/146
f 215/181/188 170/136/144 216/182/189
f 168/134/142 216/182/189 170/136/144
f 216/182/189 168/134/142 217/183/190
f 166/132/140 217/183/190 168/134/142
f 217/183/190 166/132/140 218/184/191
f 164/130/138 218/184/191 166/132/140
f 218/184/191 164/130/138 219/185/192
f 161/125/133 219/185/192 164/130/138
f 219/185/192 161/125/133 220/186/193
f 159/127/135 220/186/193 161/125/133
f 159/127/135 221/187/194 220/186/193
f 221/187/194 159/127/135 222/188/195
f 162/128/136 222/188/195 159/127/135
f 223/189/196 220/186/193 221/187/194
f 221/187/194 222/188/195 224/190/197
f 225/191/198 224/190/197 222/188/195
f 224/190/197 226/192/199 221/187/194
f 223/189/196 221/187/194 226/192/199
f 224/190/197 225/191/198 227/193/200
f 228/194/201 227/193/200 225/191/198
f 227/193/200 229/195/202 224/190/197
f 226/192/199 224/190/197 229/195/202
f 227/193/200 228/194/201 230/196/203
f 231/197/204 230/196/203 228/194/201
f 230/196/203 232/198/205 227/193/200
f 229/195/202 227/193/200 232/198/205
f 230/196/203 231/197/204 233/199/206
f 234/200/207 233/199/206 231/197/204
f 233/199/206 235/201/208 230/196/203
f 232/198/205 230/196/203 235/201/208
f 233/199/206 234/200/207 236/202/209
f 233/199/206 236/202/209 235/201/208
f 237/203/210 236/202/209 234/200/207
f 238/204/211 235/201/208 236/202/209
f 239/177/212 178/144/152 212/178/185
f 240/169/177 182/148/156 210/176/119
f 241/205/213 200/166/174 207/173/181
f 241/205/213 242/206/214 200/166/174
f 243/207/215 200/166/174 242/206/214
f 200/166/174 243/207/215 199/165/173
f 244/208/216 199/165/173 243/207/215
f 243/207/215 245/209/217 244/208/216
f 246/210/218 244/208/216 245/209/217
f 242/206/214 247/211/219 243/207/215
f 245/209/217 243/207/215 247/211/219
f 245/209/217 248/212/220 246/210/218
f 249/213/221 246/210/218 248/212/220
f 248/212/220 245/209/217 250/214/222
f 247/211/219 250/214/222 245/209/217
f 248/212/220 251/215/223 249/213/221
f 252/216/224 249/213/221 251/215/223
f 251/215/223 248/212/220 253/217/225
f 250/214/222 253/217/225 248/212/220
f 251/215/223 254/218/226 252/216/224
f 255/219/227 252/216/224 254/218/226
f 254/218/226 251/215/223 256/220/228
f 253/217/225 256/220/228 251/215/223
f 254/218/226 257/221/229 255/219/227
f 258/222/230 255/219/227 257/221/229
f 257/221/229 254/218/226 259/223/231
f 256/220/228 259/223/231 254/218/226
f 262/126/232 261/129/233 260/128/234
f 261/129/233 263/131/235 260/128/234
f 263/131/235 264/133/236 260/128/234
f 264/133/236 265/135/237 260/128/234
f 265/135/237 266/137/238 260/128/234
f 266/137/238 267/139/239 260/128/234
f 267/139/239 268/141/240 260/128/234
f 268/141/240 269/143/241 260/128/234
f 269/143/241 270/145/242 260/128/234
f 270/145/242 271/147/243 260/128/234
f 271/147/243 272/149/244 260/128/234
f 272/149/244 273/151/245 260/128/234
f 273/151/245 274/153/246 260/128/234
f 274/153/246 275/155/247 260/128/234
f 275/155/247 276/157/248 260/128/234
f 276/157/248 277/159/249 260/128/234
f 277/159/249 278/161/250 260/128/234
f 278/161/250 279/163/251 260/128/234
f 279/163/251 280/165/252 260/128/234
f 280/165/252 281/208/253 260/128/234
f 282/188/254 260/128/234 281/208/253
f 282/188/254 281/208/253 283/191/255
f 284/210/256 283/191/255 281/208/253
f 284/210/256 285/213/257 283/191/255
f 286/194/258 283/191/255 285/213/257
f 285/213/257 287/216/259 286/194/258
f 288/197/260 286/194/258 287/216/259
f 287/216/259 289/219/261 288/197/260
f 290/200/262 288/197/260 289/219/261
f 289/219/261 291/222/263 290/200/262
f 292/203/264 290/200/262 291/222/263
f 295/224/265 294/163/266 293/225/267
f 296/226/268 293/225/267 294/163/266
f 294/163/266 295/224/265 297/161/269
f 298/227/270 297/161/269 295/224/265
f 297/161/269 298/227/270 299/228/271
f 300/160/272 299/228/271 298/227/270
f 299/228/271 300/160/272 301/229/273
f 302/158/274 301/229/273 300/160/272
f 301/229/273 302/158/274 303/155/275
f 304/156/276 303/155/275 302/158/274
f 303/155/275 304/156/276 305/153/277
f 306/154/278 305/153/277 304/156/276
f 305/153/277 306/154/278 307/151/279
f 308/230/280 307/151/279 306/154/278
f 307/151/279 308/230/280 309/231/281
f 310/150/282 309/231/281 308/230/280
f 309/231/281 310/150/282 311/147/283
f 312/148/284 311/147/283 310/150/282
f 311/147/283 312/148/284 313/145/285
f 314/232/286 313/145/285 312/148/284
f 313/145/285 314/232/286 315/143/287
f 316/144/288 315/143/287 314/232/286
f 315/143/287 316/144/288 317/141/289
f 318/142/290 317/141/289 316/144/288
f 317/141/289 318/142/290 319/139/291
f 320/233/292 319/139/291 318/142/290
f 319/139/291 320/233/292 321/137/293
f 322/138/294 321/137/293 320/233/292
f 321/137/293 322/138/294 323/135/295
f 324/136/296 323/135/295 322/138/294
f 323/135/295 324/136/296 325/234/297
f 326/134/298 325/234/297 324/136/296
f 325/234/297 326/134/298 327/235/299
f 328/132/300 327/235/299 326/134/298
f 327/235/299 328/132/300 329/129/301
f 330/130/302 329/129/301 328/132/300
f 329/129/301 330/130/302 331/126/303
f 332/236/304 331/126/303 330/130/302
f 331/126/303 332/236/304 333/128/305
f 334/127/306 333/128/305 332/236/304
f 320/233/292 335/179/186 322/138/294
f 335/179/186 320/233/292 336/178/185
f 318/142/290 336/178/185 320/233/292
f 336/178/185 318/142/290 337/177/212
f 316/144/288 337/177/212 318/142/290
f 326/134/298 338/182/307 328/132/300
f 338/182/307 326/134/298 339/181/188
f 324/136/296 339/181/188 326/134/298
f 339/181/188 324/136/296 340/180/308
f 340/180/308 322/138/294 335/179/186
f 322/138/294 340/180/308 324/136/296
f 332/236/304 341/185/192 334/127/306
f 341/185/192 332/236/304 342/184/191
f 330/130/302 342/184/191 332/236/304
f 342/184/191 330/130/302 343/183/309
f 343/183/309 328/132/300 338/182/307
f 328/132/300 343/183/309 330/130/302
f 314/232/286 344/176/119 316/144/288
f 344/176/119 314/232/286 345/169/310
f 312/148/284 345/169/310 314/232/286
f 310/150/282 346/168/176 312/148/284
f 346/168/176 310/150/282 347/167/175
f 308/230/280 347/167/175 310/150/282
f 347/167/175 308/230/280 348/172/311
f 306/154/278 348/172/311 308/230/280
f 348/172/311 306/154/278 349/171/179
f 304/156/276 349/171/179 306/154/278
f 349/171/179 304/156/276 350/170/312
f 302/158/274 350/170/312 304/156/276
f 350/170/312 302/158/274 351/175/313
f 300/160/272 351/175/313 302/158/274
f 351/175/313 300/160/272 352/174/182
f 298/227/270 352/174/182 300/160/272
f 352/174/182 298/227/270 353/173/181
f 295/224/265 353/173/181 298/227/270
f 353/173/181 295/224/265 354/205/213
f 293/225/267 354/205/213 295/224/265
f 293/225/267 355/207/314 354/205/213
f 355/207/314 293/225/267 356/208/315
f 296/226/268 356/208/315 293/225/267
f 357/206/214 354/205/213 355/207/314
f 355/207/314 356/208/315 358/209/316
f 359/210/317 358/209/316 356/208/315
f 358/209/316 360/211/318 355/207/314
f 357/206/214 355/207/314 360/211/318
f 358/209/316 359/210/317 361/212/319
f 362/213/320 361/212/319 359/210/317
f 361/212/319 363/214/222 358/209/316
f 360/211/318 358/209/316 363/214/222
f 361/212/319 362/213/320 364/215/321
f 365/216/322 364/215/321 362/213/320
f 364/215/321 366/217/225 361/212/319
f 363/214/222 361/212/319 366/217/225
f 364/215/321 365/216/322 367/218/323
f 368/219/324 367/218/323 365/216/322
f 367/218/323 369/220/325 364/215/321
f 366/217/225 364/215/321 369/220/325
f 367/218/323 368/219/324 370/221/326
f 367/218/323 370/221/326 369/220/325
f 371/222/327 370/221/326 368/219/324
f 372/223/231 369/220/325 370/221/326
f 373/169/177 312/148/284 346/168/176
f 374/177/212 316/144/288 344/176/119
f 375/186/193 334/127/306 341/185/192
f 375/186/193 376/189/196 334/127/306
f 377/187/328 334/127/306 376/189/196
f 334/127/306 377/187/328 333/128/305
f 378/188/329 333/128/305 377/187/328
f 377/187/328 379/190/330 378/188/329
f 380/191/331 378/188/329 379/190/330
f 376/189/196 381/192/199 377/187/328
f 379/190/330 377/187/328 381/192/199
f 379/190/330 382/237/332 380/191/331
f 383/238/333 380/191/331 382/237/332
f 382/237/332 379/190/330 384/195/202
f 381/192/199 384/195/202 379/190/330
f 382/237/332 385/196/334 383/238/333
f 386/197/335 383/238/333 385/196/334
f 385/196/334 382/237/332 387/198/205
f 384/195/202 387/198/205 382/237/332
f 385/196/334 388/199/336 386/197/335
f 389/200/337 386/197/335 388/199/336
f 388/199/336 385/196/334 390/201/338
f 387/198/205 390/201/338 385/196/334
f 388/199/336 391/202/339 389/200/337
f 392/203/340 389/200/337 391/202/339
f 391/202/339 388/199/336 393/204/211
f 390/201/338 393/204/211 388/199/336
f 396/163/341 395/161/342 394/226/343
f 395/161/342 397/228/344 394/226/343
f 397/228/344 398/229/345 394/226/343
f 398/229/345 399/155/346 394/226/343
f 399/155/346 400/153/347 394/226/343
f 400/153/347 401/151/348 394/226/343
f 401/151/348 402/231/349 394/226/343
f 402/231/349 403/147/350 394/226/343
f 403/147/350 404/145/351 394/226/343
f 404/145/351 405/143/352 394/226/343
f 405/143/352 406/141/353 394/226/343
f 406/141/353 407/139/354 394/226/343
f 407/139/354 408/137/355 394/226/343
f 408/137/355 409/135/356 394/226/343
f 409/135/356 410/234/357 394/226/343
f 410/234/357 411/235/358 394/226/343
f 411/235/358 412/129/359 394/226/343
f 412/129/359 413/126/360 394/226/343
f 413/126/360 414/128/361 394/226/343
f 414/128/361 415/188/362 394/226/343
f 416/208/363 394/226/343 415/188/362
f 416/208/363 415/188/362 417/210/364
f 418/191/365 417/210/364 415/188/362
f 418/191/365 419/238/366 417/210/364
f 420/213/367 417/210/364 419/238/366
f 419/238/366 421/197/368 420/213/367
f 422/216/369 420/213/367 421/197/368
f 421/197/368 423/200/370 422/216/369
f 424/219/371 422/216/369 423/200/370
f 423/200/370 425/203/372 424/219/371
f 426/222/373 424/219/371 425/203/372
f 429/125/374 428/126/375 427/127/376
f 430/128/377 427/127/376 428/126/375
f 428/126/375 429/125/374 431/129/378
f 432/130/379 431/129/378 429/125/374
f 431/129/378 432/130/379 433/131/380
f 434/132/381 433/131/380 432/130/379
f 433/131/380 434/132/381 435/133/382
f 436/134/383 435/133/382 434/132/381
f 435/133/382 436/134/383 437/135/384
f 438/136/385 437/135/384 436/134/383
f 437/135/384 438/136/385 439/137/386
f 440/138/387 439/137/386 438/136/385
f 439/137/386 440/138/387 441/139/388
f 442/140/389 441/139/388 440/138/387
f 441/139/388 442/140/389 443/141/390
f 444/142/391 443/141/390 442/140/389
f 443/141/390 444/142/391 445/143/392
f 446/144/393 445/143/392 444/142/391
f 445/143/392 446/144/393 447/145/394
f 448/146/395 447/145/394 446/144/393
f 447/145/394 448/146/395 449/147/396
f 450/148/397 449/147/396 448/146/395
f 449/147/396 450/148/397 451/149/398
f 452/150/399 451/149/398 450/148/397
f 451/149/398 452/150/399 453/151/400
f 454/152/401 453/151/400 452/150/399
f 453/151/400 454/152/401 455/153/402
f 456/154/403 455/153/402 454/152/401
f 455/153/402 456/154/403 457/155/404
f 458/156/405 457/155/404 456/154/403
f 457/155/404 458/156/405 459/157/406
f 460/158/407 459/157/406 458/156/405
f 459/157/406 460/158/407 461/159/408
f 462/160/409 461/159/408 460/158/407
f 461/159/408 462/160/409 463/161/410
f 464/162/411 463/161/410 462/160/409
f 463/161/410 464/162/411 465/163/412
f 466/164/413 465/163/412 464/162/411
f 465/163/412 466/164/413 467/165/414
f 468/166/415 467/165/414 466/164/413
f 454/152/401 469/167/416 456/154/403
f 469/167/416 454/152/401 470/168/417
f 452/150/399 470/168/417 454/152/401
f 470/168/417 452/150/399 471/169/418
f 450/148/397 471/169/418 452/150/399
f 460/158/407 472/170/419 462/160/409
f 472/170/419 460/158/407 473/171/420
f 458/156/405 473/171/420 460/158/407
f 473/171/420 458/156/405 474/172/421
f 474/172/421 456/154/403 469/167/416
f 456/154/403 474/172/421 458/156/405
f 466/164/413 475/173/422 468/166/415
f 475/173/422 466/164/413 476/174/423
f 464/162/411 476/174/423 466/164/413
f 476/174/423 464/162/411 477/175/424
f 477/175/424 462/160/409 472/170/419
f 462/160/409 477/175/424 464/162/411
f 448/146/395 478/176/101 450/148/397
f 478/176/101 448/146/395 479/177/425
f 446/144/393 479/177/425 448/146/395
f 444/142/391 480/178/426 446/144/393
f 480/178/426 444/142/391 481/179/427
f 442/140/389 481/179/427 444/142/391
f 481/179/427 442/140/389 482/180/428
f 440/138/387 482/180/428 442/140/389
f 482/180/428 440/138/387 483/181/429
f 438/136/385 483/181/429 440/138/387
f 483/181/429 438/136/385 484/182/430
f 436/134/383 484/182/430 438/136/385
f 484/182/430 436/134/383 485/183/431
f 434/132/381 485/183/431 436/134/383
f 485/183/431 434/132/381 486/184/432
f 432/130/379 486/184/432 434/132/381
f 486/184/432 432/130/379 487/185/433
f 429/125/374 487/185/433 432/130/379
f 487/185/433 429/125/374 488/186/434
f 427/127/376 488/186/434 429/125/374
f 427/127/376 489/187/435 488/186/434
f 489/187/435 427/127/376 490/188/436
f 430/128/377 490/188/436 427/127/376
f 491/189/437 488/186/434 489/187/435
f 489/187/435 490/188/436 492/190/438
f 493/191/439 492/190/438 490/188/436
f 492/190/438 494/192/440 489/187/435
f 491/189/437 489/187/435 494/192/440
f 492/190/438 493/191/439 495/193/441
f 496/194/442 495/193/441 493/191/439
f 495/193/441 497/195/443 492/190/438
f 494/192/440 492/190/438 497/195/443
f 495/193/441 496/194/442 498/196/444
f 499/197/445 498/196/444 496/194/442
f 498/196/444 500/198/446 495/193/441
f 497/195/443 495/193/441 500/198/446
f 498/196/444 499/197/445 501/199/447
f 502/200/448 501/199/447 499/197/445
f 501/199/447 503/201/449 498/196/444
f 500/198/446 498/196/444 503/201/449
f 501/199/447 502/200/448 504/202/450
f 501/199/447 504/202/450 503/201/449
f 505/203/451 504/202/450 502/200/448
f 506/204/452 503/201/449 504/202/450
f 507/177/425 446/144/393 480/178/426
f 508/169/453 450/148/397 478/176/101
f 509/205/454 468/166/415 475/173/422
f 509/205/454 510/206/455 468/166/415
f 511/207/456 468/166/415 510/206/455
f 468/166/415 511/207/456 467/165/414
f 512/208/457 467/165/414 511/207/456
f 511/207/456 513/209/458 512/208/457
f 514/210/459 512/208/457 513/209/458
f 510/206/455 515/211/460 511/207/456
f 513/209/458 511/207/456 515/211/460
f 513/209/458 516/212/461 514/210/459
f 517/213/462 514/210/459 516/212/461
f 516/212/461 513/209/458 518/214/463
f 515/211/460 518/214/463 513/209/458
f 516/212/461 519/215/464 517/213/462
f 520/216/465 517/213/462 519/215/464
f 519/215/464 516/212/461 521/217/466
f 518/214/463 521/217/466 516/212/461
f 519/215/464 522/218/467 520/216/465
f 523/219/468 520/216/465 522/218/467
f 522/218/467 519/215/464 524/220/469
f 521/217/466 524/220/469 519/215/464
f 522/218/467 525/221/470 523/219/468
f 526/222/471 523/219/468 525/221/470
f 525/221/470 522/218/467 527/223/472
f 524/220/469 527/223/472 522/218/467
f 530/126/473 529/129/474 528/128/475
f 529/129/474 531/131/476 528/128/475
f 531/131/476 532/133/477 528/128/475
f 532/133/477 533/135/478 528/128/475
f 533/135/478 534/137/479 528/128/475
f 534/137/479 535/139/480 528/128/475
f 535/139/480 536/141/481 528/128/475
f 536/141/481 537/143/482 528/128/475
f 537/143/482 538/145/483 528/128/475
f 538/145/483 539/147/484 528/128/475
f 539/147/484 540/149/485 528/128/475
f 540/149/485 541/151/486 528/128/475
f 541/151/486 542/153/487 528/128/475
f 542/153/487 543/155/488 528/128/475
f 543/155/488 544/157/489 528/128/475
f 544/157/489 545/159/490 528/128/475
f 545/159/490 546/161/491 528/128/475
f 546/161/491 547/163/492 528/128/475
f 547/163/492 548/165/493 528/128/475
f 548/165/493 549/208/494 528/128/475
f 550/188/495 528/128/475 549/208/494
f 550/188/495 549/208/494 551/191/496
f 552/210/497 551/191/496 549/208/494
f 552/210/497 553/213/498 551/191/496
f 554/194/499 551/191/496 553/213/498
f 553/213/498 555/216/500 554/194/499
f 556/197/501 554/194/499 555/216/500
f 555/216/500 557/219/502 556/197/501
f 558/200/503 556/197/501 557/219/502
f 557/219/502 559/222/504 558/200/503
f 560/203/505 558/200/503 559/222/504
f 563/224/506 562/163/507 561/225/508
f 564/226/509 561/225/508 562/163/507
f 562/163/507 563/224/506 565/161/510
f 566/227/511 565/161/510 563/224/506
f 565/161/510 566/227/511 567/228/512
f 568/160/513 567/228/512 566/227/511
f 567/228/512 568/160/513 569/229/514
f 570/158/515 569/229/514 568/160/513
f 569/229/514 570/158/515 571/155/516
f 572/156/517 571/155/516 570/158/515
f 571/155/516 572/156/517 573/153/518
f 574/154/519 573/153/518 572/156/517
f 573/153/518 574/154/519 575/151/520
f 576/230/521 575/151/520 574/154/519
f 575/151/520 576/230/521 577/231/522
f 578/150/523 577/231/522 576/230/521
f 577/231/522 578/150/523 579/147/524
f 580/148/525 579/147/524 578/150/523
f 579/147/524 580/148/525 581/145/526
f 582/232/527 581/145/526 580/148/525
f 581/145/526 582/232/527 583/143/528
f 584/144/529 583/143/528 582/232/527
f 583/143/528 584/144/529 585/141/530
f 586/142/531 585/141/530 584/144/529
f 585/141/530 586/142/531 587/139/532
f 588/233/533 587/139/532 586/142/531
f 587/139/532 588/233/533 589/137/534
f 590/138/535 589/137/534 588/233/533
f 589/137/534 590/138/535 591/135/536
f 592/136/537 591/135/536 590/138/535
f 591/135/536 592/136/537 593/234/538
f 594/134/539 593/234/538 592/136/537
f 593/234/538 594/134/539 595/235/540
f 596/132/541 595/235/540 594/134/539
f 595/235/540 596/132/541 597/129/542
f 598/130/543 597/129/542 596/132/541
f 597/129/542 598/130/543 599/126/544
f 600/236/545 599/126/544 598/130/543
f 599/126/544 600/236/545 601/128/546
f 602/127/547 601/128/546 600/236/545
f 588/233/533 603/179/427 590/138/535
f 603/179/427 588/233/533 604/178/426
f 586/142/531 604/178/426 588/233/533
f 604/178/426 586/142/531 605/177/548
f 584/144/529 605/177/548 586/142/531
f 594/134/539 606/182/549 596/132/541
f 606/182/549 594/134/539 607/181/429
f 592/136/537 607/181/429 594/134/539
f 607/181/429 592/136/537 608/180/550
f 608/180/550 590/138/535 603/179/427
f 590/138/535 608/180/550 592/136/537
f 600/236/545 609/185/433 602/127/547
f 609/185/433 600/236/545 610/184/432
f 598/130/543 610/184/432 600/236/545
f 610/184/432 598/130/543 611/183/551
f 611/183/551 596/132/541 606/182/549
f 596/132/541 611/183/551 598/130/543
f 582/232/527 612/176/101 584/144/529
f 612/176/101 582/232/527 613/169/453
f 580/148/525 613/169/453 582/232/527
f 578/150/523 614/168/417 580/148/525
f 614/168/417 578/150/523 615/167/416
f 576/230/521 615/167/416 578/150/523
f 615/167/416 576/230/521 616/172/552
f 574/154/519 616/172/552 576/230/521
f 616/172/552 574/154/519 617/171/420
f 572/156/517 617/171/420 574/154/519
f 617/171/420 572/156/517 618/170/553
f 570/158/515 618/170/553 572/156/517
f 618/170/553 570/158/515 619/175/554
f 568/160/513 619/175/554 570/158/515
f 619/175/554 568/160/513 620/174/423
f 566/227/511 620/174/423 568/160/513
f 620/174/423 566/227/511 621/173/422
f 563/224/506 621/173/422 566/227/511
f 621/173/422 563/224/506 622/205/454
f 561/225/508 622/205/454 563/224/506
f 561/225/508 623/207/555 622/205/454
f 623/207/555 561/225/508 624/208/556
f 564/226/509 624/208/556 561/225/508
f 625/206/455 622/205/454 623/207/555
f 623/207/555 624/208/556 626/209/557
f 627/210/558 626/209/557 624/208/556
f 626/209/557 628/211/460 623/207/555
f 625/206/455 623/207/555 628/211/460
f 626/209/557 627/210/558 629/212/559
f 630/213/560 629/212/559 627/210/558
f 629/212/559 631/214/463 626/209/557
f 628/211/460 626/209/557 631/214/463
f 629/212/559 630/213/560 632/215/561
f 633/216/562 632/215/561 630/213/560
f 632/215/561 634/217/466 629/212/559
f 631/214/463 629/212/559 634/217/466
f 632/215/561 633/216/562 635/218/563
f 636/219/564 635/218/563 633/216/562
f 635/218/563 637/220/565 632/215/561
f 634/217/466 632/215/561 637/220/565
f 635/218/563 636/219/564 638/221/566
f 635/218/563 638/221/566 637/220/565
f 639/222/567 638/221/566 636/219/564
f 640/223/472 637/220/565 638/221/566
f 641/169/418 580/148/525 614/168/417
f 642/177/425 584/144/529 612/176/101
f 643/186/434 602/127/547 609/185/433
f 643/186/434 644/189/437 602/127/547
f 645/187/568 602/127/547 644/189/437
f 602/127/547 645/187/568 601/128/546
f 646/188/569 601/128/546 645/187/568
f 645/187/568 647/190/570 646/188/569
f 648/191/571 646/188/569 647/190/570
f 644/189/437 649/192/440 645/187/568
f 647/190/570 645/187/568 649/192/440
f 647/190/570 650/237/572 648/191/571
f 651/238/573 648/191/571 650/237/572
f 650/237/572 647/190/570 652/195/443
f 649/192/440 652/195/443 647/190/570
f 650/237/572 653/196/574 651/238/573
f 654/197/575 651/238/573 653/196/574
f 653/196/574 650/237/572 655/198/446
f 652/195/443 655/198/446 650/237/572
f 653/196/574 656/199/576 654/197/575
f 657/200/577 654/197/575 656/199/576
f 656/199/576 653/196/574 658/201/578
f 655/198/446 658/201/578 653/196/574
f 656/199/576 659/202/579 657/200/577
f 660/203/580 657/200/577 659/202/579
f 659/202/579 656/199/576 661/204/452
f 658/201/578 661/204/452 656/199/576
f 664/163/581 663/161/582 662/226/583
f 663/161/582 665/228/584 662/226/583
f 665/228/584 666/229/585 662/226/583
f 666/229/585 667/155/586 662/226/583
f 667/155/586 668/153/587 662/226/583
f 668/153/587 669/151/588 662/226/583
f 669/151/588 670/231/589 662/226/583
f 670/231/589 671/147/590 662/226/583
f 671/147/590 672/145/591 662/226/583
f 672/145/591 673/143/592 662/226/583
f 673/143/592 674/141/593 662/226/583
f 674/141/593 675/139/594 662/226/583
f 675/139/594 676/137/595 662/226/583
f 676/137/595 677/135/596 662/226/583
f 677/135/596 678/234/597 662/226/583
f 678/234/597 679/235/598 662/226/583
f 679/235/598 680/129/599 662/226/583
f 680/129/599 681/126/600 662/226/583
f 681/126/600 682/128/601 662/226/583
f 682/128/601 683/188/602 662/226/583
f 684/208/603 662/226/583 683/188/602
f 684/208/603 683/188/602 685/210/604
f 686/191/605 685/210/604 683/188/602
f 686/191/605 687/238/606 685/210/604
f 688/213/607 685/210/604 687/238/606
f 687/238/606 689/197/608 688/213/607
f 690/216/609 688/213/607 689/197/608
f 689/197/608 691/200/610 690/216/609
f 692/219/611 690/216/609 691/200/610
f 691/200/610 693/203/612 692/219/611
f 694/222/613 692/219/611 693/203/612
f 697/125/614 696/126/615 695/127/616
f 698/128/617 695/127/616 696/126/615
f 696/126/615 697/125/614 699/129/618
f 700/130/619 699/129/618 697/125/614
f 699/129/618 700/130/619 701/131/620
f 702/132/621 701/131/620 700/130/619
f 701/131/620 702/132/621 703/133/622
f 704/134/623 703/133/622 702/132/621
f 703/133/622 704/134/623 705/135/624
f 706/136/625 705/135/624 704/134/623
f 705/135/624 706/136/625 707/137/626
f 708/138/627 707/137/626 706/136/625
f 707/137/626 708/138/627 709/139/628
f 710/140/629 709/139/628 708/138/627
f 709/139/628 710/140/629 711/141/630
f 712/142/631 711/141/630 710/140/629
f 711/141/630 712/142/631 713/143/632
f 714/144/633 713/143/632 712/142/631
f 713/143/632 714/144/633 715/145/634
f 716/146/635 715/145/634 714/144/633
f 715/145/634 716/146/635 717/147/636
f 718/148/637 717/147/636 716/146/635
f 717/147/636 718/148/637 719/149/638
f 720/150/639 719/149/638 718/148/637
f 719/149/638 720/150/639 721/151/640
f 722/152/641 721/151/640 720/150/639
f 721/151/640 722/152/641 723/153/642
f 724/154/643 723/153/642 722/152/641
f 723/153/642 724/154/643 725/155/644
f 726/156/645 725/155/644 724/154/643
f 725/155/644 726/156/645 727/157/646
f 728/158/647 727/157/646 726/156/645
f 727/157/646 728/158/647 729/159/648
f 730/160/649 729/159/648 728/158/647
f 729/159/648 730/160/649 731/161/650
f 732/162/651 731/161/650 730/160/649
f 731/161/650 732/162/651 733/163/652
f 734/164/653 733/163/652 732/162/651
f 733/163/652 734/164/653 735/165/654
f 736/166/655 735/165/654 734/164/653
f 722/152/641 737/167/656 724/154/643
f 737/167/656 722/152/641 738/168/657
f 720/150/639 738/168/657 722/152/641
f 738/168/657 720/150/639 739/169/658
f 718/148/637 739/169/658 720/150/639
f 728/158/647 740/170/659 730/160/649
f 740/170/659 728/158/647 741/171/660
f 726/156/645 741/171/660 728/158/647
f 741/171/660 726/156/645 742/172/661
f 742/172/661 724/154/643 737/167/656
f 724/154/643 742/172/661 726/156/645
f 734/164/653 743/173/662 736/166/655
f 743/173/662 734/164/653 744/174/663
f 732/162/651 744/174/663 734/164/653
f 744/174/663 732/162/651 745/175/664
f 745/175/664 730/160/649 740/170/659
f 730/160/649 745/175/664 732/162/651
f 716/146/635 746/176/111 718/148/637
f 746/176/111 716/146/635 747/177/665
f 714/144/633 747/177/665 716/146/635
f 712/142/631 748/178/666 714/144/633
f 748/178/666 712/142/631 749/179/667
f 710/140/629 749/179/667 712/142/631
f 749/179/667 710/140/629 750/180/668
f 708/138/627 750/180/668 710/140/629
f 750/180/668 708/138/627 751/181/669
f 706/136/625 751/181/669 708/138/627
f 751/181/669 706/136/625 752/182/670
f 704/134/623 752/182/670 706/136/625
f 752/182/670 704/134/623 753/183/671
f 702/132/621 753/183/671 704/134/623
f 753/183/671 702/132/621 754/184/672
f 700/130/619 754/184/672 702/132/621
f 754/184/672 700/130/619 755/185/673
f 697/125/614 755/185/673 700/130/619
f 755/185/673 697/125/614 756/186/674
f 695/127/616 756/186/674 697/125/614
f 695/127/616 757/187/675 756/186/674
f 757/187/675 695/127/616 758/188/676
f 698/128/617 758/188/676 695/127/616
f 759/189/677 756/186/674 757/187/675
f 757/187/675 758/188/676 760/190/678
f 761/191/679 760/190/678 758/188/676
f 760/190/678 762/192/680 757/187/675
f 759/189/677 757/187/675 762/192/680
f 760/190/678 761/191/679 763/193/681
f 764/194/682 763/193/681 761/191/679
f 763/193/681 765/195/683 760/190/678
f 762/192/680 760/190/678 765/195/683
f 763/193/681 764/194/682 766/196/684
f 767/197/685 766/196/684 764/194/682
f 766/196/684 768/198/686 763/193/681
f 765/195/683 763/193/681 768/198/686
f 766/196/684 767/197/685 769/199/687
f 770/200/688 769/199/687 767/197/685
f 769/199/687 771/201/689 766/196/684
f 768/198/686 766/196/684 771/201/689
f 769/199/687 770/200/688 772/202/690
f 769/199/687 772/202/690 771/201/689
f 773/203/691 772/202/690 770/200/688
f 774/204/692 771/201/689 772/202/690
f 775/177/665 714/144/633 748/178/666
f 776/169/658 718/148/637 746/176/111
f 777/205/693 736/166/655 743/173/662
f 777/205/693 778/206/694 736/166/655
f 779/207/695 736/166/655 778/206/694
f 736/166/655 779/207/695 735/165/654
f 780/208/696 735/165/654 779/207/695
f 779/207/695 781/209/697 780/208/696
f 782/210/698 780/208/696 781/209/697
f 778/206/694 783/211/699 779/207/695
f 781/209/697 779/207/695 783/211/699
f 781/209/697 784/212/700 782/210/698
f 785/213/701 782/210/698 784/212/700
f 784/212/700 781/209/697 786/214/702
f 783/211/699 786/214/702 781/209/697
f 784/212/700 787/215/703 785/213/701
f 788/216/704 785/213/701 787/215/703
f 787/215/703 784/212/700 789/217/705
f 786/214/702 789/217/705 784/212/700
f 787/215/703 790/218/706 788/216/704
f 791/219/707 788/216/704 790/218/706
f 790/218/706 787/215/703 792/220/708
f 789/217/705 792/220/708 787/215/703
f 790/218/706 793/221/709 791/219/707
f 794/222/710 791/219/707 793/221/709
f 793/221/709 790/218/706 795/223/711
f 792/220/708 795/223/711 790/218/706
f 798/126/712 797/129/713 796/128/714
f 797/129/713 799/131/715 796/128/714
f 799/131/715 800/133/716 796/128/714
f 800/133/716 801/135/717 796/128/714
f 801/135/717 802/137/718 796/128/714
f 802/137/718 803/139/719 796/128/714
f 803/139/719 804/141/720 796/128/714
f 804/141/720 805/143/721 796/128/714
f 805/143/721 806/145/722 796/128/714
f 806/145/722 807/147/723 796/128/714
f 807/147/723 808/149/724 796/128/714
f 808/149/724 809/151/725 796/128/714
f 809/151/725 810/153/726 796/128/714
f 810/153/726 811/155/727 796/128/714
f 811/155/727 812/157/728 796/128/714
f 812/157/728 813/159/729 796/128/714
f 813/159/729 814/161/730 796/128/714
f 814/161/730 815/163/731 796/128/714
f 815/163/731 816/165/732 796/128/714
f 816/165/732 817/208/733 796/128/714
f 818/188/734 796/128/714 817/208/733
f 818/188/734 817/208/733 819/191/735
f 820/210/736 819/191/735 817/208/733
f 820/210/736 821/213/737 819/191/735
f 822/194/738 819/191/735 821/213/737
f 821/213/737 823/216/739 822/194/738
f 824/197/740 822/194/738 823/216/739
f 823/216/739 825/219/741 824/197/740
f 826/200/742 824/197/740 825/219/741
f 825/219/741 827/222/743 826/200/742
f 828/203/744 826/200/742 827/222/743
f 831/224/745 830/163/746 829/225/747
f 832/226/748 829/225/747 830/163/746
f 830/163/746 831/224/745 833/161/749
f 834/227/750 833/161/749 831/224/745
f 833/161/749 834/227/750 835/228/751
f 836/160/752 835/228/751 834/227/750
f 835/228/751 836/160/752 837/229/753
f 838/158/754 837/229/753 836/160/752
f 837/229/753 838/158/754 839/155/755
f 840/156/756 839/155/755 838/158/754
f 839/155/755 840/156/756 841/153/757
f 842/154/758 841/153/757 840/156/756
f 841/153/757 842/154/758 843/151/759
f 844/230/760 843/151/759 842/154/758
f 843/151/759 844/230/760 845/231/761
f 846/150/762 845/231/761 844/230/760
f 845/231/761 846/150/762 847/147/763
f 848/148/764 847/147/763 846/150/762
f 847/147/763 848/148/764 849/145/765
f 850/232/766 849/145/765 848/148/764
f 849/145/765 850/232/766 851/143/767
f 852/144/768 851/143/767 850/232/766
f 851/143/767 852/144/768 853/141/769
f 854/142/770 853/141/769 852/144/768
f 853/141/769 854/142/770 855/139/771
f 856/233/772 855/139/771 854/142/770
f 855/139/771 856/233/772 857/137/773
f 858/138/774 857/137/773 856/233/772
f 857/137/773 858/138/774 859/135/775
f 860/136/776 859/135/775 858/138/774
f 859/135/775 860/136/776 861/234/777
f 862/134/778 861/234/777 860/136/776
f 861/234/777 862/134/778 863/235/779
f 864/132/780 863/235/779 862/134/778
f 863/235/779 864/132/780 865/129/781
f 866/130/782 865/129/781 864/132/780
f 865/129/781 866/130/782 867/126/783
f 868/236/784 867/126/783 866/130/782
f 867/126/783 868/236/784 869/128/785
f 870/127/786 869/128/785 868/236/784
f 856/233/772 871/179/667 858/138/774
f 871/179/667 856/233/772 872/178/666
f 854/142/770 872/178/666 856/233/772
f 872/178/666 854/142/770 873/177/665
f 852/144/768 873/177/665 854/142/770
f 862/134/778 874/182/787 864/132/780
f 874/182/787 862/134/778 875/181/669
f 860/136/776 875/181/669 862/134/778
f 875/181/669 860/136/776 876/180/788
f 876/180/788 858/138/774 871/179/667
f 858/138/774 876/180/788 860/136/776
f 868/236/784 877/185/673 870/127/786
f 877/185/673 868/236/784 878/184/672
f 866/130/782 878/184/672 868/236/784
f 878/184/672 866/130/782 879/183/789
f 879/183/789 864/132/780 874/182/787
f 864/132/780 879/183/789 866/130/782
f 850/232/766 880/176/111 852/144/768
f 880/176/111 850/232/766 881/169/790
f 848/148/764 881/169/790 850/232/766
f 846/150/762 882/168/657 848/148/764
f 882/168/657 846/150/762 883/167/656
f 844/230/760 883/167/656 846/150/762
f 883/167/656 844/230/760 884/172/791
f 842/154/758 884/172/791 844/230/760
f 884/172/791 842/154/758 885/171/660
f 840/156/756 885/171/660 842/154/758
f 885/171/660 840/156/756 886/170/792
f 838/158/754 886/170/792 840/156/756
f 886/170/792 838/158/754 887/175/793
f 836/160/752 887/175/793 838/158/754
f 887/175/793 836/160/752 888/174/663
f 834/227/750 888/174/663 836/160/752
f 888/174/663 834/227/750 889/173/662
f 831/224/745 889/173/662 834/227/750
f 889/173/662 831/224/745 890/205/693
f 829/225/747 890/205/693 831/224/745
f 829/225/747 891/207/794 890/205/693
f 891/207/794 829/225/747 892/208/795
f 832/226/748 892/208/795 829/225/747
f 893/206/694 890/205/693 891/207/794
f 891/207/794 892/208/795 894/209/796
f 895/210/797 894/209/796 892/208/795
f 894/209/796 896/211/798 891/207/794
f 893/206/694 891/207/794 896/211/798
f 894/209/796 895/210/797 897/212/799
f 898/213/800 897/212/799 895/210/797
f 897/212/799 899/214/702 894/209/796
f 896/211/798 894/209/796 899/214/702
f 897/212/799 898/213/800 900/215/801
f 901/216/802 900/215/801 898/213/800
f 900/215/801 902/217/705 897/212/799
f 899/214/702 897/212/799 902/217/705
f 900/215/801 901/216/802 903/218/803
f 904/219/804 903/218/803 901/216/802
f 903/218/803 905/220/805 900/215/801
f 902/217/705 900/215/801 905/220/805
f 903/218/803 904/219/804 906/221/806
f 903/218/803 906/221/806 905/220/805
f 907/222/807 906/221/806 904/219/804
f 908/223/711 905/220/805 906/221/806
f 909/169/790 848/148/764 882/168/657
f 910/177/665 852/144/768 880/176/111
f 911/186/674 870/127/786 877/185/673
f 911/186/674 912/189/677 870/127/786
f 913/187/808 870/127/786 912/189/677
f 870/127/786 913/187/808 869/128/785
f 914/188/809 869/128/785 913/187/808
f 913/187/808 915/190/810 914/188/809
f 916/191/811 914/188/809 915/190/810
f 912/189/677 917/192/680 913/187/808
f 915/190/810 913/187/808 917/192/680
f 915/190/810 918/237/812 916/191/811
f 919/238/813 916/191/811 918/237/812
f 918/237/812 915/190/810 920/195/683
f 917/192/680 920/195/683 915/190/810
f 918/237/812 921/196/814 919/238/813
f 922/197/815 919/238/813 921/196/814
f 921/196/814 918/237/812 923/198/686
f 920/195/683 923/198/686 918/237/812
f 921/196/814 924/199/816 922/197/815
f 925/200/817 922/197/815 924/199/816
f 924/199/816 921/196/814 926/201/818
f 923/198/686 926/201/818 921/196/814
f 924/199/816 927/202/819 925/200/817
f 928/203/820 925/200/817 927/202/819
f 927/202/819 924/199/816 929/204/692
f 926/201/818 929/204/692 924/199/816
f 932/163/821 931/161/822 930/226/823
f 931/161/822 933/228/824 930/226/823
f 933/228/824 934/229/825 930/226/823
f 934/229/825 935/155/826 930/226/823
f 935/155/826 936/153/827 930/226/823
f 936/153/827 937/151/828 930/226/823
f 937/151/828 938/231/829 930/226/823
f 938/231/829 939/147/830 930/226/823
f 939/147/830 940/145/831 930/226/823
f 940/145/831 941/143/832 930/226/823
f 941/143/832 942/141/833 930/226/823
f 942/141/833 943/139/834 930/226/823
f 943/139/834 944/137/835 930/226/823
f 944/137/835 945/135/836 930/226/823
f 945/135/836 946/234/837 930/226/823
f 946/234/837 947/235/838 930/226/823
f 947/235/838 948/129/839 930/226/823
f 948/129/839 949/126/840 930/226/823
f 949/126/840 950/128/841 930/226/823
f 950/128/841 951/188/842 930/226/823
f 952/208/843 930/226/823 951/188/842
f 952/208/843 951/188/842 953/210/844
f 954/191/845 953/210/844 951/188/842
f 954/191/845 955/238/846 953/210/844
f 956/213/847 953/210/844 955/238/846
f 955/238/846 957/197/848 956/213/847
f 958/216/849 956/213/847 957/197/848
f 957/197/848 959/200/850 958/216/849
f 960/219/851 958/216/849 959/200/850
f 959/200/850 961/203/852 960/219/851
f 962/222/853 960/219/851 961/203/852
f 965/125/854 964/126/855 963/127/856
f 966/128/857 963/127/856 964/126/855
f 964/126/855 965/125/854 967/129/858
f 968/130/859 967/129/858 965/125/854
f 967/129/858 968/130/859 969/131/860
f 970/132/861 969/131/860 968/130/859
f 969/131/860 970/132/861 971/133/862
f 972/134/863 971/133/862 970/132/861
f 971/133/862 972/134/863 973/135/864
f 974/136/865 973/135/864 972/134/863
f 973/135/864 974/136/865 975/137/866
f 976/138/867 975/137/866 974/136/865
f 975/137/866 976/138/867 977/139/868
f 978/140/869 977/139/868 976/138/867
f 977/139/868 978/140/869 979/141/870
f 980/142/871 979/141/870 978/140/869
f 979/141/870 980/142/871 981/143/872
f 982/144/873 981/143/872 980/142/871
f 981/143/872 982/144/873 983/145/874
f 984/146/875 983/145/874 982/144/873
f 983/145/874 984/146/875 985/147/876
f 986/148/877 985/147/876 984/146/875
f 985/147/876 986/148/877 987/149/878
f 988/150/879 987/149/878 986/148/877
f 987/149/878 988/150/879 989/151/880
f 990/152/881 989/151/880 988/150/879
f 989/151/880 990/152/881 991/153/882
f 992/154/883 991/153/882 990/152/881
f 991/153/882 992/154/883 993/155/884
f 994/156/885 993/155/884 992/154/883
f 993/155/884 994/156/885 995/157/886
f 996/158/887 995/157/886 994/156/885
f 995/157/886 996/158/887 997/159/888
f 998/160/889 997/159/888 996/158/887
f 997/159/888 998/160/889 999/161/890
f 1000/162/891 999/161/890 998/160/889
f 999/161/890 1000/162/891 1001/163/892
f 1002/164/893 1001/163/892 1000/162/891
f 1001/163/892 1002/164/893 1003/165/894
f 1004/166/895 1003/165/894 1002/164/893
f 990/152/881 1005/167/896 992/154/883
f 1005/167/896 990/152/881 1006/168/897
f 988/150/879 1006/168/897 990/152/881
f 1006/168/897 988/150/879 1007/169/898
f 986/148/877 1007/169/898 988/150/879
f 996/158/887 1008/170/899 998/160/889
f 1008/170/899 996/158/887 1009/171/900
f 994/156/885 1009/171/900 996/158/887
f 1009/171/900 994/156/885 1010/172/901
f 1010/172/901 992/154/883 1005/167/896
f 992/154/883 1010/172/901 994/156/885
f 1002/164/893 1011/173/902 1004/166/895
f 1011/173/902 1002/164/893 1012/174/903
f 1000/162/891 1012/174/903 1002/164/893
f 1012/174/903 1000/162/891 1013/175/904
f 1013/175/904 998/160/889 1008/170/899
f 998/160/889 1013/175/904 1000/162/891
f 984/146/875 1014/176/105 986/148/877
f 1014/176/105 984/146/875 1015/177/905
f 982/144/873 1015/177/905 984/146/875
f 980/142/871 1016/178/906 982/144/873
f 1016/178/906 980/142/871 1017/179/907
f 978/140/869 1017/179/907 980/142/871
f 1017/179/907 978/140/869 1018/180/908
f 976/138/867 1018/180/908 978/140/869
f 1018/180/908 976/138/867 1019/181/909
f 974/136/865 1019/181/909 976/138/867
f 1019/181/909 974/136/865 1020/182/910
f 972/134/863 1020/182/910 974/136/865
f 1020/182/910 972/134/863 1021/183/911
f 970/132/861 1021/183/911 972/134/863
f 1021/183/911 970/132/861 1022/184/912
f 968/130/859 1022/184/912 970/132/861
f 1022/184/912 968/130/859 1023/185/913
f 965/125/854 1023/185/913 968/130/859
f 1023/185/913 965/125/854 1024/186/914
f 963/127/856 1024/186/914 965/125/854
f 963/127/856 1025/187/915 1024/186/914
f 1025/187/915 963/127/856 1026/188/916
f 966/128/857 1026/188/916 963/127/856
f 1027/189/917 1024/186/914 1025/187/915
f 1025/187/915 1026/188/916 1028/190/918
f 1029/191/919 1028/190/918 1026/188/916
f 1028/190/918 1030/192/920 1025/187/915
f 1027/189/917 1025/187/915 1030/192/920
f 1028/190/918 1029/191/919 1031/193/921
f 1032/194/922 1031/193/921 1029/191/919
f 1031/193/921 1033/195/923 1028/190/918
f 1030/192/920 1028/190/918 1033/195/923
f 1031/193/921 1032/194/922 1034/196/924
f 1035/197/925 1034/196/924 1032/194/922
f 1034/196/924 1036/198/926 1031/193/921
f 1033/195/923 1031/193/921 1036/198/926
f 1034/196/924 1035/197/925 1037/199/927
f 1038/200/928 1037/199/927 1035/197/925
f 1037/199/927 1039/201/929 1034/196/924
f 1036/198/926 1034/196/924 1039/201/929
f 1037/199/927 1038/200/928 1040/202/930
f 1037/199/927 1040/202/930 1039/201/929
f 1041/203/931 1040/202/930 1038/200/928
f 1042/204/932 1039/201/929 1040/202/930
f 1043/177/933 982/144/873 1016/178/906
f 1044/169/898 986/148/877 1014/176/105
f 1045/205/934 1004/166/895 1011/173/902
f 1045/205/934 1046/206/935 1004/166/895
f 1047/207/936 1004/166/895 1046/206/935
f 1004/166/895 1047/207/936 1003/165/894
f 1048/208/937 1003/165/894 1047/207/936
f 1047/207/936 1049/209/938 1048/208/937
f 1050/210/939 1048/208/937 1049/209/938
f 1046/206/935 1051/211/940 1047/207/936
f 1049/209/938 1047/207/936 1051/211/940
f 1049/209/938 1052/212/941 1050/210/939
f 1053/213/942 1050/210/939 1052/212/941
f 1052/212/941 1049/209/938 1054/214/943
f 1051/211/940 1054/214/943 1049/209/938
f 1052/212/941 1055/215/944 1053/213/942
f 1056/216/945 1053/213/942 1055/215/944
f 1055/215/944 1052/212/941 1057/217/946
f 1054/214/943 1057/217/946 1052/212/941
f 1055/215/944 1058/218/947 1056/216/945
f 1059/219/948 1056/216/945 1058/218/947
f 1058/218/947 1055/215/944 1060/220/949
f 1057/217/946 1060/220/949 1055/215/944
f 1058/218/947 1061/221/950 1059/219/948
f 1062/222/951 1059/219/948 1061/221/950
f 1061/221/950 1058/218/947 1063/223/952
f 1060/220/949 1063/223/952 1058/218/947
f 1066/126/953 1065/129/954 1064/128/955
f 1065/129/954 1067/131/956 1064/128/955
f 1067/131/956 1068/133/957 1064/128/955
f 1068/133/957 1069/135/958 1064/128/955
f 1069/135/958 1070/137/959 1064/128/955
f 1070/137/959 1071/139/960 1064/128/955
f 1071/139/960 1072/141/961 1064/128/955
f 1072/141/961 1073/143/962 1064/128/955
f 1073/143/962 1074/145/963 1064/128/955
f 1074/145/963 1075/147/964 1064/128/955
f 1075/147/964 1076/149/965 1064/128/955
f 1076/149/965 1077/151/966 1064/128/955
f 1077/151/966 1078/153/967 1064/128/955
f 1078/153/967 1079/155/968 1064/128/955
f 1079/155/968 1080/157/969 1064/128/955
f 1080/157/969 1081/159/970 1064/128/955
f 1081/159/970 1082/161/971 1064/128/955
f 1082/161/971 1083/163/972 1064/128/955
f 1083/163/972 1084/165/973 1064/128/955
f 1084/165/973 1085/208/974 1064/128/955
f 1086/188/975 1064/128/955 1085/208/974
f 1086/188/975 1085/208/974 1087/191/976
f 1088/210/977 1087/191/976 1085/208/974
f 1088/210/977 1089/213/978 1087/191/976
f 1090/194/979 1087/191/976 1089/213/978
f 1089/213/978 1091/216/980 1090/194/979
f 1092/197/981 1090/194/979 1091/216/980
f 1091/216/980 1093/219/982 1092/197/981
f 1094/200/983 1092/197/981 1093/219/982
f 1093/219/982 1095/222/984 1094/200/983
f 1096/203/985 1094/200/983 1095/222/984
f 1099/224/986 1098/163/987 1097/225/988
f 1100/226/989 1097/225/988 1098/163/987
f 1098/163/987 1099/224/986 1101/161/990
f 1102/227/991 1101/161/990 1099/224/986
f 1101/161/990 1102/227/991 1103/228/992
f 1104/160/993 1103/228/992 1102/227/991
f 1103/228/992 1104/160/993 1105/229/994
f 1106/158/995 1105/229/994 1104/160/993
f 1105/229/994 1106/158/995 1107/155/996
f 1108/156/997 1107/155/996 1106/158/995
f 1107/155/996 1108/156/997 1109/153/998
f 1110/154/999 1109/153/998 1108/156/997
f 1109/153/998 1110/154/999 1111/151/1000
f 1112/230/1001 1111/151/1000 1110/154/999
f 1111/151/1000 1112/230/1001 1113/231/1002
f 1114/150/1003 1113/231/1002 1112/230/1001
f 1113/231/1002 1114/150/1003 1115/147/1004
f 1116/148/1005 1115/147/1004 1114/150/1003
f 1115/147/1004 1116/148/1005 1117/145/1006
f 1118/232/1007 1117/145/1006 1116/148/1005
f 1117/145/1006 1118/232/1007 1119/143/1008
f 1120/144/1009 1119/143/1008 1118/232/1007
f 1119/143/1008 1120/144/1009 1121/141/1010
f 1122/142/1011 1121/141/1010 1120/144/1009
f 1121/141/1010 1122/142/1011 1123/139/1012
f 1124/233/1013 1123/139/1012 1122/142/1011
f 1123/139/1012 1124/233/1013 1125/137/1014
f 1126/138/1015 1125/137/1014 1124/233/1013
f 1125/137/1014 1126/138/1015 1127/135/1016
f 1128/136/1017 1127/135/1016 1126/138/1015
f 1127/135/1016 1128/136/1017 1129/234/1018
f 1130/134/1019 1129/234/1018 1128/136/1017
f 1129/234/1018 1130/134/1019 1131/235/1020
f 1132/132/1021 1131/235/1020 1130/134/1019
f 1131/235/1020 1132/132/1021 1133/129/1022
f 1134/130/1023 1133/129/1022 1132/132/1021
f 1133/129/1022 1134/130/1023 1135/126/1024
f 1136/236/1025 1135/126/1024 1134/130/1023
f 1135/126/1024 1136/236/1025 1137/128/1026
f 1138/127/1027 1137/128/1026 1136/236/1025
f 1124/233/1013 1139/179/907 1126/138/1015
f 1139/179/907 1124/233/1013 1140/178/1028
f 1122/142/1011 1140/178/1028 1124/233/1013
f 1140/178/1028 1122/142/1011 1141/177/933
f 1120/144/1009 1141/177/933 1122/142/1011
f 1130/134/1019 1142/182/910 1132/132/1021
f 1142/182/910 1130/134/1019 1143/181/909
f 1128/136/1017 1143/181/909 1130/134/1019
f 1143/181/909 1128/136/1017 1144/180/1029
f 1144/180/1029 1126/138/1015 1139/179/907
f 1126/138/1015 1144/180/1029 1128/136/1017
f 1136/236/1025 1145/185/913 1138/127/1027
f 1145/185/913 1136/236/1025 1146/184/912
f 1134/130/1023 1146/184/912 1136/236/1025
f 1146/184/912 1134/130/1023 1147/183/1030
f 1147/183/1030 1132/132/1021 1142/182/910
f 1132/132/1021 1147/183/1030 1134/130/1023
f 1118/232/1007 1148/176/105 1120/144/1009
f 1148/176/105 1118/232/1007 1149/169/1031
f 1116/148/1005 1149/169/1031 1118/232/1007
f 1114/150/1003 1150/168/1032 1116/148/1005
f 1150/168/1032 1114/150/1003 1151/167/896
f 1112/230/1001 1151/167/896 1114/150/1003
f 1151/167/896 1112/230/1001 1152/172/901
f 1110/154/999 1152/172/901 1112/230/1001
f 1152/172/901 1110/154/999 1153/171/900
f 1108/156/997 1153/171/900 1110/154/999
f 1153/171/900 1108/156/997 1154/170/1033
f 1106/158/995 1154/170/1033 1108/156/997
f 1154/170/1033 1106/158/995 1155/175/1034
f 1104/160/993 1155/175/1034 1106/158/995
f 1155/175/1034 1104/160/993 1156/174/903
f 1102/227/991 1156/174/903 1104/160/993
f 1156/174/903 1102/227/991 1157/173/902
f 1099/224/986 1157/173/902 1102/227/991
f 1157/173/902 1099/224/986 1158/205/934
f 1097/225/988 1158/205/934 1099/224/986
f 1097/225/988 1159/207/1035 1158/205/934
f 1159/207/1035 1097/225/988 1160/208/1036
f 1100/226/989 1160/208/1036 1097/225/988
f 1161/206/935 1158/205/934 1159/207/1035
f 1159/207/1035 1160/208/1036 1162/209/1037
f 1163/210/1038 1162/209/1037 1160/208/1036
f 1162/209/1037 1164/211/1039 1159/207/1035
f 1161/206/935 1159/207/1035 1164/211/1039
f 1162/209/1037 1163/210/1038 1165/212/1040
f 1166/213/1041 1165/212/1040 1163/210/1038
f 1165/212/1040 1167/214/943 1162/209/1037
f 1164/211/1039 1162/209/1037 1167/214/943
f 1165/212/1040 1166/213/1041 1168/215/1042
f 1169/216/1043 1168/215/1042 1166/213/1041
f 1168/215/1042 1170/217/946 1165/212/1040
f 1167/214/943 1165/212/1040 1170/217/946
f 1168/215/1042 1169/216/1043 1171/218/1044
f 1172/219/1045 1171/218/1044 1169/216/1043
f 1171/218/1044 1173/220/1046 1168/215/1042
f 1170/217/946 1168/215/1042 1173/220/1046
f 1171/218/1044 1172/219/1045 1174/221/1047
f 1171/218/1044 1174/221/1047 1173/220/1046
f 1175/222/1048 1174/221/1047 1172/219/1045
f 1176/223/952 1173/220/1046 1174/221/1047
f 1177/169/898 1116/148/1005 1150/168/1032
f 1178/177/933 1120/144/1009 1148/176/105
f 1179/186/914 1138/127/1027 1145/185/913
f 1179/186/914 1180/189/917 1138/127/1027
f 1181/187/1049 1138/127/1027 1180/189/917
f 1138/127/1027 1181/187/1049 1137/128/1026
f 1182/188/1050 1137/128/1026 1181/187/1049
f 1181/187/1049 1183/190/1051 1182/188/1050
f 1184/191/1052 1182/188/1050 1183/190/1051
f 1180/189/917 1185/192/920 1181/187/1049
f 1183/190/1051 1181/187/1049 1185/192/920
f 1183/190/1051 1186/237/1053 1184/191/1052
f 1187/238/1054 1184/191/1052 1186/237/1053
f 1186/237/1053 1183/190/1051 1188/195/923
f 1185/192/920 1188/195/923 1183/190/1051
f 1186/237/1053 1189/196/1055 1187/238/1054
f 1190/197/1056 1187/238/1054 1189/196/1055
f 1189/196/1055 1186/237/1053 1191/198/926
f 1188/195/923 1191/198/926 1186/237/1053
f 1189/196/1055 1192/199/1057 1190/197/1056
f 1193/200/1058 1190/197/1056 1192/199/1057
f 1192/199/1057 1189/196/1055 1194/201/1059
f 1191/198/926 1194/201/1059 1189/196/1055
f 1192/199/1057 1195/202/1060 1193/200/1058
f 1196/203/1061 1193/200/1058 1195/202/1060
f 1195/202/1060 1192/199/1057 1197/204/932
f 1194/201/1059 1197/204/932 1192/199/1057
f 1200/163/1062 1199/161/1063 1198/226/1064
f 1199/161/1063 1201/228/1065 1198/226/1064
f 1201/228/1065 1202/229/1066 1198/226/1064
f 1202/229/1066 1203/155/1067 1198/226/1064
f 1203/155/1067 1204/153/1068 1198/226/1064
f 1204/153/1068 1205/151/1069 1198/226/1064
f 1205/151/1069 1206/231/1070 1198/226/1064
f 1206/231/1070 1207/147/1071 1198/226/1064
f 1207/147/1071 1208/145/1072 1198/226/1064
f 1208/145/1072 1209/143/1073 1198/226/1064
f 1209/143/1073 1210/141/1074 1198/226/1064
f 1210/141/1074 1211/139/1075 1198/226/1064
f 1211/139/1075 1212/137/1076 1198/226/1064
f 1212/137/1076 1213/135/1077 1198/226/1064
f 1213/135/1077 1214/234/1078 1198/226/1064
f 1214/234/1078 1215/235/1079 1198/226/1064
f 1215/235/1079 1216/129/1080 1198/226/1064
f 1216/129/1080 1217/126/1081 1198/226/1064
f 1217/126/1081 1218/128/1082 1198/226/1064
f 1218/128/1082 1219/188/1083 1198/226/1064
f 1220/208/1084 1198/226/1064 1219/188/1083
f 1220/208/1084 1219/188/1083 1221/210/1085
f 1222/191/1086 1221/210/1085 1219/188/1083
f 1222/191/1086 1223/238/1087 1221/210/1085
f 1224/213/1088 1221/210/1085 1223/238/1087
f 1223/238/1087 1225/197/1089 1224/213/1088
f 1226/216/1090 1224/213/1088 1225/197/1089
f 1225/197/1089 1227/200/1091 1226/216/1090
f 1228/219/1092 1226/216/1090 1227/200/1091
f 1227/200/1091 1229/203/1093 1228/219/1092
f 1230/222/1094 1228/219/1092 1229/203/1093
o Airplane1
v -0.000308 -0.082926 0.857098
v -0.019873 0.015433 0.845581
v -0.000308 0.017360 0.845581
v -0.038686 0.009726 0.845581
v 0.019256 0.015433 0.845581
v 0.038069 0.009726 0.845581
v 0.055407 0.000459 0.845581
v 0.070604 -0.012013 0.845581
v 0.083076 -0.027210 0.845581
v 0.092343 -0.044548 0.845581
v 0.098050 -0.063361 0.845581
v 0.099977 -0.082925 0.845581
v 0.098050 -0.102490 0.845581
v 0.092343 -0.121303 0.845581
v 0.083076 -0.138641 0.845581
v 0.070604 -0.153838 0.845581
v 0.055408 -0.166310 0.845581
v -0.038686 0.110011 0.817743
v -0.075588 0.098817 0.817743
v -0.109598 0.080638 0.817743
v -0.056024 0.000459 0.845581
v -0.139408 0.056174 0.817743
v -0.071220 -0.012013 0.845581
v -0.083692 -0.027210 0.845581
v -0.092960 -0.044548 0.845581
v -0.098666 -0.063361 0.845581
v -0.100593 -0.082926 0.845581
v -0.098666 -0.102490 0.845581
v -0.092960 -0.121303 0.845581
v -0.083692 -0.138641 0.845581
v -0.071220 -0.153838 0.845581
v -0.056023 -0.166310 0.845581
v -0.163872 0.026364 0.817743
v -0.182051 -0.007645 0.817743
v -0.193245 -0.044548 0.817743
v -0.197025 -0.082926 0.817743
v -0.193245 -0.121303 0.817743
v -0.182050 -0.158206 0.817743
v -0.163872 -0.192215 0.817743
v -0.139408 -0.222025 0.817743
v -0.109598 -0.246489 0.817743
v -0.075588 -0.264668 0.817743
v -0.038685 -0.175577 0.845581
v -0.038685 -0.275862 0.817743
v -0.019873 -0.181284 0.845581
v -0.000308 -0.183211 0.845581
v 0.019257 -0.181284 0.845581
v 0.038070 -0.175577 0.845581
v -0.000308 -0.279642 0.817743
v 0.038070 -0.275862 0.817743
v 0.074972 -0.264668 0.817743
v 0.108982 -0.246489 0.817743
v 0.138792 -0.222025 0.817743
v 0.163256 -0.192215 0.817743
v 0.181434 -0.158206 0.817743
v 0.192629 -0.121303 0.817743
v 0.196408 -0.082925 0.817743
v 0.192629 -0.044548 0.817743
v 0.181434 -0.007645 0.817743
v 0.163256 0.026365 0.817743
v 0.138791 0.056174 0.817743
v 0.108981 0.080639 0.817743
v 0.074972 0.098817 0.817743
v 0.038069 0.110011 0.817743
v -0.000308 0.113791 0.817743
v -0.000308 -0.082926 0.857098
v -0.056024 0.000459 0.845581
v -0.038686 0.009726 0.845581
v -0.038685 -0.175577 0.845581
v -0.056023 -0.166310 0.845581
v -0.056024 0.197175 0.762387
v -0.000308 0.113791 0.817743
v -0.038686 0.110011 0.817743
v -0.109598 0.180924 0.762387
v -0.075588 0.098817 0.817743
v -0.158972 0.154532 0.762387
v -0.109598 0.080638 0.817743
v -0.202250 0.119016 0.762387
v -0.139408 0.056174 0.817743
v -0.237766 0.075739 0.762387
v -0.163872 0.026364 0.817743
v -0.264157 0.026364 0.762387
v -0.182051 -0.007645 0.817743
v -0.280409 -0.027210 0.762387
v -0.193245 -0.044548 0.817743
v -0.285896 -0.082926 0.762387
v -0.197025 -0.082926 0.817743
v -0.280409 -0.138641 0.762387
v -0.193245 -0.121303 0.817743
v -0.264157 -0.192215 0.762387
v -0.182050 -0.158206 0.817743
v -0.237766 -0.241590 0.762387
v -0.163872 -0.192215 0.817743
v -0.202249 -0.284867 0.762387
v -0.139408 -0.222025 0.817743
v -0.158972 -0.320383 0.762387
v -0.109598 -0.246489 0.817743
v -0.109598 -0.346775 0.762388
v -0.075588 -0.264668 0.817743
v -0.056023 -0.363026 0.762388
v -0.038685 -0.275862 0.817743
v -0.000308 -0.368514 0.762388
v -0.336124 -0.222025 0.686164
v -0.356809 -0.153838 0.686164
v -0.302535 -0.284867 0.686164
v -0.257330 -0.339948 0.686164
v -0.202249 -0.385152 0.686164
v -0.139407 -0.418742 0.686164
v -0.071220 -0.439426 0.686164
v -0.000308 -0.446410 0.686164
v -0.000308 -0.446410 0.686164
v -0.395186 -0.246489 0.576567
v -0.419508 -0.166310 0.576567
v -0.363793 -0.082926 0.686164
v -0.356809 -0.012013 0.686164
v -0.336124 0.056174 0.686164
v -0.302535 0.119016 0.686164
v -0.257331 0.174097 0.686164
v -0.202250 0.219301 0.686164
v -0.139408 0.252891 0.686164
v -0.071221 0.273575 0.686164
v -0.000308 0.202663 0.762387
v -0.000308 0.113791 0.817743
v -0.000308 0.280559 0.686164
v -0.163872 0.311953 0.576567
v -0.083692 0.336275 0.576567
v -0.000308 0.280559 0.686164
v -0.000308 0.344487 0.576567
v -0.237766 0.272455 0.576567
v -0.302535 0.219301 0.576567
v -0.355689 0.154532 0.576567
v -0.182051 0.355839 0.430009
v -0.092960 0.382865 0.430009
v -0.000308 0.344487 0.576567
v -0.000308 0.391990 0.430009
v -0.264157 0.311953 0.430009
v -0.336124 0.252891 0.430009
v -0.395186 0.180924 0.430009
v -0.439073 0.098817 0.430009
v -0.395186 0.080638 0.576567
v -0.419509 0.000459 0.576567
v -0.427721 -0.082926 0.576567
v -0.466099 0.009726 0.430009
v -0.475224 -0.082926 0.430009
v -0.466099 -0.175577 0.430009
v -0.439073 -0.264668 0.430009
v -0.395186 -0.346775 0.430009
v -0.355689 -0.320383 0.576567
v -0.302535 -0.385152 0.576567
v -0.237766 -0.438306 0.576567
v -0.163872 -0.477804 0.576567
v -0.083692 -0.502126 0.576567
v -0.000308 -0.510338 0.576567
v -0.336124 -0.418742 0.430009
v -0.264157 -0.477804 0.430009
v -0.182050 -0.521690 0.430009
v -0.092959 -0.548716 0.430009
v -0.000308 -0.557841 0.430009
v -0.280409 -0.502126 0.192743
v -0.356809 -0.439426 0.192743
v -0.419508 -0.363026 0.192743
v -0.466099 -0.275862 0.192743
v -0.494789 -0.181284 0.192743
v -0.504476 -0.082926 0.192743
v -0.494789 0.015433 0.192743
v -0.466099 0.110011 0.192743
v -0.419540 0.197090 0.192840
v -0.407074 0.209130 0.209269
v -0.350414 0.267180 0.266104
v -0.332781 0.279704 0.278366
v -0.272366 0.324237 0.310171
v -0.194007 0.362335 0.337380
v -0.186328 0.366167 0.339343
v -0.094820 0.392214 0.352690
v -0.000308 0.400970 0.357177
v -0.445999 0.152352 0.131792
v -0.470940 0.112017 0.050365
v -0.471416 0.110766 0.047841
v -0.482494 0.085398 -0.040517
v -0.504476 0.017360 -0.075609
v -0.514353 -0.082926 -0.075609
v -0.504476 -0.183211 -0.075609
v -0.475224 -0.279642 -0.075609
v -0.427721 -0.368514 -0.075609
v -0.363793 -0.446410 -0.075609
v -0.285896 -0.510338 -0.075609
v -0.197024 -0.557841 -0.075609
v -0.193244 -0.548716 0.192743
v -0.098666 -0.577406 0.192743
v -0.000308 -0.587093 0.192743
v -0.100593 -0.587093 -0.075609
v -0.000308 -0.596971 -0.075609
v -0.356809 -0.439426 -0.338820
v -0.419508 -0.363026 -0.338820
v -0.466099 -0.275862 -0.338820
v -0.494789 -0.181284 -0.338820
v -0.504476 -0.082926 -0.338820
v -0.494789 0.015433 -0.338820
v -0.484258 0.076872 -0.131105
v -0.484839 0.082095 -0.075609
v -0.478136 0.085398 -0.221693
v -0.467025 0.110603 -0.309484
v -0.466099 0.110011 -0.338820
v -0.458078 0.125017 -0.338820
v -0.439074 0.098817 -0.545513
v -0.434656 0.152351 -0.394001
v -0.407144 0.188914 -0.443894
v -0.395187 0.180924 -0.545513
v -0.385528 0.209129 -0.471479
v -0.338967 0.255733 -0.517108
v -0.336125 0.252891 -0.545513
v -0.304551 0.279703 -0.540576
v -0.295030 0.286616 -0.545513
v -0.466099 0.009726 -0.545513
v -0.475224 -0.082926 -0.545513
v -0.466099 -0.175577 -0.545513
v -0.439073 -0.264668 -0.545513
v -0.395186 -0.346775 -0.545513
v -0.336124 -0.418742 -0.545513
v -0.264157 -0.477804 -0.545513
v -0.280409 -0.502126 -0.338820
v -0.193245 -0.548716 -0.338820
v -0.098666 -0.577406 -0.338820
v -0.000308 -0.587093 -0.338820
v -0.182050 -0.521691 -0.545513
v -0.092959 -0.548716 -0.545513
v -0.000308 -0.557841 -0.545513
v -0.237766 -0.438306 -0.721246
v -0.302535 -0.385152 -0.721246
v -0.163872 -0.477804 -0.721246
v -0.083692 -0.502126 -0.721246
v -0.000308 -0.510338 -0.721247
v -0.202250 -0.385152 -0.861491
v -0.257331 -0.339948 -0.861491
v -0.355689 -0.320383 -0.721246
v -0.395186 -0.246489 -0.721246
v -0.419509 -0.166310 -0.721246
v -0.427721 -0.082926 -0.721246
v -0.419509 0.000459 -0.721246
v -0.395187 0.080638 -0.721246
v -0.355689 0.154532 -0.721246
v -0.302535 0.219301 -0.721246
v -0.237766 0.272455 -0.721246
v -0.261816 0.308448 -0.561105
v -0.177711 0.345362 -0.587469
v -0.163872 0.311953 -0.721246
v -0.202250 0.219301 -0.861491
v -0.139408 0.252891 -0.861491
v -0.083693 0.336275 -0.721246
v -0.071221 0.273575 -0.861491
v -0.000309 0.344487 -0.721246
v -0.000309 0.375543 -0.606359
v -0.089961 0.367787 -0.602384
v -0.000309 0.280559 -0.861491
v -0.257331 0.174097 -0.861491
v -0.302535 0.119016 -0.861491
v -0.336125 0.056174 -0.861491
v -0.356809 -0.012013 -0.861491
v -0.363793 -0.082926 -0.861491
v -0.356809 -0.153838 -0.861491
v -0.336125 -0.222025 -0.861491
v -0.302535 -0.284867 -0.861491
v -0.237766 0.075739 -0.976586
v -0.202250 0.119016 -0.976586
v -0.158973 0.154532 -0.976586
v -0.109598 0.180924 -0.976586
v -0.056024 0.197175 -0.976586
v -0.000309 0.280559 -0.861491
v -0.264158 0.026364 -0.976586
v -0.280409 -0.027210 -0.976586
v -0.285897 -0.082926 -0.976586
v -0.280409 -0.138641 -0.976586
v -0.264158 -0.192215 -0.976586
v -0.237766 -0.241590 -0.976586
v -0.202250 -0.284867 -0.976586
v -0.158973 -0.320383 -0.976586
v -0.109598 -0.346775 -0.976586
v -0.139408 -0.418742 -0.861491
v -0.071221 -0.439426 -0.861491
v -0.000308 -0.446410 -0.861491
v -0.056024 -0.363026 -0.976586
v -0.000308 -0.368514 -0.976586
v -0.000308 -0.368514 -0.976586
v -0.109598 -0.246489 -1.062110
v -0.139408 -0.222025 -1.062110
v -0.075589 -0.264668 -1.062110
v -0.038686 -0.275862 -1.062110
v -0.000308 -0.279642 -1.062110
v -0.000308 -0.279642 -1.062110
v -0.056024 -0.166310 -1.114775
v -0.071221 -0.153838 -1.114775
v -0.163872 -0.192215 -1.062109
v -0.182051 -0.158206 -1.062109
v -0.193245 -0.121303 -1.062109
v -0.197025 -0.082926 -1.062109
v -0.193245 -0.044548 -1.062109
v -0.182051 -0.007645 -1.062109
v -0.163872 0.026364 -1.062109
v -0.139408 0.056174 -1.062109
v -0.109598 0.080638 -1.062109
v -0.075589 0.098817 -1.062109
v -0.038686 0.110011 -1.062110
v -0.000309 0.202663 -0.976586
v -0.038686 0.009726 -1.114775
v -0.019873 0.015433 -1.114775
v -0.000309 0.113791 -1.062110
v -0.056024 0.000459 -1.114775
v -0.071221 -0.012013 -1.114775
v -0.083693 -0.027210 -1.114775
v -0.092960 -0.044548 -1.114775
v -0.000309 0.202663 -0.976586
v -0.000309 0.113791 -1.062110
v -0.000309 0.017360 -1.114775
v -0.098667 -0.063361 -1.114775
v -0.100594 -0.082926 -1.114775
v -0.098667 -0.102490 -1.114775
v -0.092960 -0.121303 -1.114775
v -0.083693 -0.138641 -1.114775
v -0.000308 -0.368514 0.762388
v -0.000308 -0.279642 0.817743
v 0.055408 -0.363026 0.762388
v -0.000308 -0.279642 0.817743
v 0.038070 -0.275862 0.817743
v -0.000308 -0.368514 0.762388
v 0.108982 -0.346774 0.762388
v 0.074972 -0.264668 0.817743
v 0.158356 -0.320383 0.762387
v 0.108982 -0.246489 0.817743
v 0.201633 -0.284867 0.762387
v 0.138792 -0.222025 0.817743
v 0.237150 -0.241590 0.762387
v 0.163256 -0.192215 0.817743
v 0.263541 -0.192215 0.762387
v 0.181434 -0.158206 0.817743
v 0.279793 -0.138641 0.762387
v 0.192629 -0.121303 0.817743
v 0.285280 -0.082925 0.762387
v 0.196408 -0.082925 0.817743
v 0.279792 -0.027210 0.762387
v 0.192629 -0.044548 0.817743
v 0.263541 0.026365 0.762387
v 0.181434 -0.007645 0.817743
v 0.237149 0.075739 0.762387
v 0.163256 0.026365 0.817743
v 0.201633 0.119016 0.762387
v 0.138791 0.056174 0.817743
v 0.158356 0.154533 0.762387
v 0.108981 0.080639 0.817743
v 0.108981 0.180924 0.762387
v 0.074972 0.098817 0.817743
v 0.055407 0.197175 0.762387
v 0.038069 0.110011 0.817743
v -0.000308 0.202663 0.762387
v -0.000308 0.113791 0.817743
v 0.335508 0.056175 0.686164
v 0.356192 -0.012013 0.686164
v 0.363177 -0.082925 0.686164
v 0.356192 -0.153837 0.686164
v 0.335508 -0.222025 0.686164
v 0.301919 -0.284867 0.686164
v 0.256715 -0.339948 0.686164
v 0.201634 -0.385152 0.686164
v 0.138792 -0.418742 0.686164
v 0.070605 -0.439426 0.686164
v 0.163256 -0.477803 0.576567
v 0.083076 -0.502126 0.576567
v -0.000308 -0.446410 0.686164
v -0.000308 -0.510338 0.576567
v 0.237150 -0.438306 0.576567
v 0.301919 -0.385152 0.576567
v 0.355073 -0.320383 0.576567
v 0.394570 -0.246489 0.576567
v 0.418892 -0.166309 0.576567
v 0.427105 -0.082925 0.576567
v 0.418892 0.000459 0.576567
v 0.394569 0.080639 0.576567
v 0.355072 0.154533 0.576567
v 0.301918 0.119016 0.686164
v 0.256714 0.174097 0.686164
v 0.201633 0.219301 0.686164
v 0.138791 0.252891 0.686164
v 0.070603 0.273575 0.686164
v -0.000308 0.280559 0.686164
v 0.301918 0.219302 0.576567
v 0.237149 0.272456 0.576567
v 0.163255 0.311953 0.576567
v 0.083075 0.336275 0.576567
v -0.000308 0.344487 0.576567
v 0.263540 0.311953 0.430009
v 0.335507 0.252891 0.430009
v 0.394569 0.180924 0.430009
v 0.438456 0.098817 0.430009
v 0.465482 0.009727 0.430009
v 0.474607 -0.082925 0.430009
v 0.465482 -0.175576 0.430009
v 0.438457 -0.264667 0.430009
v 0.394570 -0.346774 0.430009
v 0.335508 -0.418741 0.430009
v 0.263541 -0.477803 0.430009
v 0.181435 -0.521690 0.430009
v 0.092344 -0.548716 0.430009
v -0.000308 -0.557841 0.430009
v 0.098051 -0.577406 0.192743
v -0.000308 -0.587093 0.192743
v 0.192629 -0.548716 0.192743
v 0.279793 -0.502126 0.192743
v 0.356193 -0.439426 0.192743
v 0.418892 -0.363026 0.192743
v 0.465482 -0.275862 0.192743
v 0.494172 -0.181283 0.192743
v 0.503860 -0.082925 0.192743
v 0.494172 0.015433 0.192743
v 0.465482 0.110012 0.192743
v 0.418923 0.197091 0.192841
v 0.406458 0.209130 0.209269
v 0.349796 0.267180 0.266104
v 0.332164 0.279704 0.278366
v 0.271748 0.324238 0.310171
v 0.193390 0.362335 0.337380
v 0.181433 0.355840 0.430009
v 0.092342 0.382865 0.430009
v -0.000308 0.391990 0.430009
v -0.000308 0.344487 0.576567
v 0.185711 0.366167 0.339343
v 0.094202 0.392214 0.352690
v -0.000308 0.400970 0.357177
v 0.184875 0.367959 0.328376
v 0.264075 0.327829 0.302341
v 0.271748 0.324238 0.310171
v 0.331354 0.277490 0.265066
v 0.332164 0.279704 0.278366
v 0.349796 0.267180 0.266104
v 0.401041 0.206778 0.193908
v 0.406458 0.209130 0.209269
v 0.418923 0.197091 0.192841
v 0.432811 0.159058 0.127721
v 0.445382 0.152351 0.131792
v 0.457280 0.117663 0.045400
v 0.470323 0.112017 0.050366
v 0.470799 0.110766 0.047841
v 0.468276 0.091628 -0.042165
v 0.481877 0.085398 -0.040517
v 0.470555 0.087684 -0.076496
v 0.484222 0.082095 -0.075609
v 0.469990 0.083093 -0.131652
v 0.483641 0.076872 -0.131105
v 0.464042 0.091351 -0.220568
v 0.477519 0.085398 -0.221693
v 0.453243 0.116371 -0.307413
v 0.466408 0.110603 -0.309485
v 0.444549 0.130362 -0.336766
v 0.457461 0.125017 -0.338820
v 0.421787 0.157707 -0.391050
v 0.434039 0.152350 -0.394001
v 0.395052 0.193742 -0.440618
v 0.406527 0.188914 -0.443895
v 0.374045 0.213901 -0.466968
v 0.384911 0.209129 -0.471479
v 0.328797 0.260764 -0.511985
v 0.338349 0.255734 -0.517109
v 0.292934 0.285836 -0.535107
v 0.303934 0.279702 -0.540575
v 0.294413 0.286616 -0.545513
v 0.255809 0.311416 -0.552515
v 0.261198 0.308448 -0.561106
v 0.172711 0.346819 -0.578147
v 0.177093 0.345362 -0.587469
v 0.096682 0.361294 -0.590489
v 0.109912 0.362333 -0.599590
v -0.000309 0.371481 -0.595706
v 0.089343 0.367787 -0.602384
v -0.000309 0.375543 -0.606359
v 0.109912 0.362333 -0.599590
v 0.089343 0.367787 -0.602384
v -0.000308 -0.368514 0.762388
v -0.000308 -0.446410 0.686164
v -0.000308 0.280559 0.686164
v 0.099978 -0.587093 -0.075609
v -0.000308 -0.596971 -0.075609
v 0.196409 -0.557841 -0.075609
v 0.285280 -0.510338 -0.075609
v 0.363177 -0.446410 -0.075609
v 0.427105 -0.368513 -0.075609
v 0.474608 -0.279641 -0.075609
v 0.503860 -0.183210 -0.075609
v 0.513737 -0.082925 -0.075609
v 0.503859 0.017360 -0.075609
v 0.481877 0.085398 -0.040517
v 0.484222 0.082095 -0.075609
v 0.470799 0.110766 0.047841
v 0.470323 0.112017 0.050366
v 0.445382 0.152351 0.131792
v 0.494172 -0.181283 -0.338820
v 0.465482 -0.275862 -0.338820
v 0.503859 -0.082925 -0.338820
v 0.494172 0.015433 -0.338820
v 0.477519 0.085398 -0.221693
v 0.465482 0.110012 -0.338820
v 0.466408 0.110603 -0.309485
v 0.483641 0.076872 -0.131105
v 0.457461 0.125017 -0.338820
v 0.465482 -0.175576 -0.545513
v 0.438457 -0.264667 -0.545513
v 0.418892 -0.363026 -0.338820
v 0.356193 -0.439426 -0.338820
v 0.279793 -0.502126 -0.338820
v 0.192629 -0.548716 -0.338820
v 0.098050 -0.577406 -0.338820
v -0.000308 -0.587093 -0.338820
v 0.092344 -0.548716 -0.545513
v -0.000308 -0.557841 -0.545513
v 0.181435 -0.521690 -0.545513
v 0.263541 -0.477803 -0.545513
v 0.335508 -0.418741 -0.545513
v 0.394570 -0.346774 -0.545513
v 0.083076 -0.502126 -0.721247
v -0.000308 -0.510338 -0.721247
v 0.163256 -0.477803 -0.721247
v 0.237150 -0.438306 -0.721247
v 0.301918 -0.385152 -0.721247
v 0.355073 -0.320383 -0.721247
v 0.394570 -0.246489 -0.721247
v 0.418892 -0.166309 -0.721247
v 0.427104 -0.082925 -0.721247
v 0.474607 -0.082925 -0.545513
v 0.465482 0.009727 -0.545513
v 0.438456 0.098818 -0.545513
v 0.434039 0.152350 -0.394001
v 0.394569 0.180924 -0.545513
v 0.406527 0.188914 -0.443895
v 0.384911 0.209129 -0.471479
v 0.335507 0.252891 -0.545513
v 0.338349 0.255734 -0.517109
v 0.303934 0.279702 -0.540575
v 0.294413 0.286616 -0.545513
v 0.418892 0.000459 -0.721247
v 0.394569 0.080639 -0.721247
v 0.355072 0.154533 -0.721247
v 0.301917 0.219302 -0.721247
v 0.237149 0.272456 -0.721247
v 0.261198 0.308448 -0.561106
v 0.356192 -0.012013 -0.861491
v 0.363176 -0.082925 -0.861491
v 0.356192 -0.153837 -0.861491
v 0.335508 -0.222025 -0.861491
v 0.301918 -0.284867 -0.861491
v 0.256714 -0.339948 -0.861491
v 0.201633 -0.385152 -0.861491
v 0.138791 -0.418742 -0.861491
v 0.070604 -0.439426 -0.861491
v -0.000308 -0.446410 -0.861491
v 0.055407 -0.363026 -0.976586
v -0.000308 -0.368514 -0.976586
v 0.108982 -0.346774 -0.976586
v 0.158356 -0.320383 -0.976586
v 0.201633 -0.284867 -0.976586
v 0.237150 -0.241590 -0.976586
v 0.263541 -0.192215 -0.976586
v 0.279792 -0.138641 -0.976586
v 0.285280 -0.082925 -0.976586
v 0.279792 -0.027210 -0.976586
v 0.263540 0.026365 -0.976586
v 0.335507 0.056175 -0.861491
v 0.301918 0.119016 -0.861491
v 0.256713 0.174097 -0.861491
v 0.201632 0.219301 -0.861491
v 0.138790 0.252891 -0.861491
v 0.163254 0.311953 -0.721247
v 0.070603 0.273575 -0.861491
v 0.083075 0.336275 -0.721247
v 0.109912 0.362333 -0.599590
v 0.177093 0.345362 -0.587469
v -0.000309 0.280559 -0.861491
v -0.000309 0.344487 -0.721246
v 0.201632 0.119016 -0.976586
v 0.237149 0.075739 -0.976586
v 0.108981 0.180924 -0.976586
v 0.158355 0.154533 -0.976586
v 0.163255 0.026365 -1.062110
v 0.181434 -0.007645 -1.062110
v 0.192628 -0.044548 -1.062110
v 0.196408 -0.082925 -1.062110
v 0.192628 -0.121303 -1.062110
v 0.181434 -0.158205 -1.062110
v 0.163255 -0.192215 -1.062110
v 0.138791 -0.222025 -1.062110
v 0.108981 -0.246489 -1.062110
v 0.074972 -0.264668 -1.062110
v 0.038069 -0.275862 -1.062110
v -0.000308 -0.368514 -0.976586
v 0.038069 -0.175577 -1.114775
v 0.019256 -0.181284 -1.114775
v -0.000308 -0.279642 -1.062110
v 0.055407 -0.166309 -1.114775
v 0.070604 -0.153838 -1.114775
v 0.083075 -0.138641 -1.114775
v 0.092343 -0.121303 -1.114775
v -0.000308 -0.279642 -1.062110
v -0.000308 -0.183211 -1.114775
v 0.098050 -0.102490 -1.114775
v 0.099976 -0.082925 -1.114775
v 0.098050 -0.063361 -1.114775
v 0.092343 -0.044548 -1.114775
v 0.083075 -0.027210 -1.114775
v 0.070604 -0.012013 -1.114775
v 0.138791 0.056174 -1.062110
v 0.108981 0.080638 -1.062110
v 0.074971 0.098817 -1.062110
v 0.038068 0.110011 -1.062110
v 0.055406 0.197175 -0.976586
v -0.000309 0.202663 -0.976586
v -0.000309 0.280559 -0.861491
v -0.000309 0.113791 -1.062110
v 0.055407 0.000459 -1.114775
v 0.038069 0.009726 -1.114775
v 0.019256 0.015433 -1.114775
v -0.000309 0.017360 -1.114775
v 0.109912 0.362333 -0.599590
v 0.089343 0.367787 -0.602384
v -0.000309 0.375543 -0.606359
v -0.038686 -0.175577 -1.114775
v -0.019873 -0.181284 -1.114775
v -0.000308 -0.183211 -1.114775
v -0.000309 -0.082926 -1.132557
v -0.000309 0.017360 -1.114775
v -0.019873 0.015433 -1.114775
v -0.000309 -0.082926 -1.132557
v -0.019873 0.015433 -1.114775
v -0.038686 0.009726 -1.114775
v -0.056024 0.000459 -1.114775
v -0.071221 -0.012013 -1.114775
v -0.083693 -0.027210 -1.114775
v -0.092960 -0.044548 -1.114775
v -0.098667 -0.063361 -1.114775
v -0.100594 -0.082926 -1.114775
v -0.098667 -0.102490 -1.114775
v -0.092960 -0.121303 -1.114775
v -0.083693 -0.138641 -1.114775
v -0.071221 -0.153838 -1.114775
v -0.056024 -0.166310 -1.114775
v -0.038686 -0.175577 -1.114775
v -0.019873 -0.181284 -1.114775
v -0.000308 -0.183211 -1.114775
v 0.019256 -0.181284 -1.114775
v 0.038069 -0.175577 -1.114775
v 0.055407 -0.166309 -1.114775
v 0.070604 -0.153838 -1.114775
v 0.083075 -0.138641 -1.114775
v 0.092343 -0.121303 -1.114775
v 0.098050 -0.102490 -1.114775
v 0.099976 -0.082925 -1.114775
v 0.098050 -0.063361 -1.114775
v 0.092343 -0.044548 -1.114775
v 0.083075 -0.027210 -1.114775
v 0.070604 -0.012013 -1.114775
v 0.055407 0.000459 -1.114775
v 0.038069 0.009726 -1.114775
v 0.019256 0.015433 -1.114775
v -0.000309 0.017360 -1.114775
v -0.110529 0.362334 -0.599590
v -0.110529 0.362334 -0.599590
v -0.000309 0.375543 -0.606359
v -0.097326 0.361294 -0.590489
v -0.089961 0.367787 -0.602384
v -0.000309 0.371481 -0.595706
v -0.089961 0.367787 -0.602384
v -0.110529 0.362334 -0.599590
v -0.175481 0.346819 -0.577552
v -0.110529 0.362334 -0.599590
v -0.177711 0.345362 -0.587469
v -0.256388 0.311416 -0.552531
v -0.261816 0.308448 -0.561105
v -0.291343 0.285836 -0.536310
v -0.295030 0.286616 -0.545513
v -0.304551 0.279703 -0.540576
v -0.329415 0.260764 -0.511985
v -0.338967 0.255733 -0.517108
v -0.374662 0.213901 -0.466968
v -0.385528 0.209129 -0.471479
v -0.395669 0.193741 -0.440617
v -0.407144 0.188914 -0.443894
v -0.422404 0.157707 -0.391050
v -0.434656 0.152351 -0.394001
v -0.445166 0.130362 -0.336766
v -0.458078 0.125017 -0.338820
v -0.453860 0.116371 -0.307412
v -0.467025 0.110603 -0.309484
v -0.464658 0.091351 -0.220568
v -0.478136 0.085398 -0.221693
v -0.470607 0.083094 -0.131652
v -0.484258 0.076872 -0.131105
v -0.471172 0.087685 -0.076496
v -0.484839 0.082095 -0.075609
v -0.468893 0.091628 -0.042165
v -0.482494 0.085398 -0.040517
v -0.457897 0.117662 0.045399
v -0.471416 0.110766 0.047841
v -0.470940 0.112017 0.050365
v -0.433428 0.159058 0.127721
v -0.445999 0.152352 0.131792
v -0.401658 0.206778 0.193907
v -0.419540 0.197090 0.192840
v -0.407074 0.209130 0.209269
v -0.331971 0.277490 0.265066
v -0.350414 0.267180 0.266104
v -0.332781 0.279704 0.278366
v -0.264692 0.327828 0.302340
v -0.272366 0.324237 0.310171
v -0.185458 0.367959 0.327171
v -0.186328 0.366167 0.339343
v -0.092154 0.387682 0.341632
v -0.094820 0.392214 0.352690
v -0.000308 0.396191 0.344157
v -0.000308 0.400970 0.357177
v -0.000308 0.400970 0.357177
v 0.091536 0.387682 0.341632
v 0.094202 0.392214 0.352690
v -0.000308 0.396191 0.344157
v -0.000309 0.371481 -0.595706
v -0.097326 -0.146725 -0.590489
v -0.097326 0.361294 -0.590489
v -0.000308 -0.146725 -0.595706
v -0.175481 -0.146725 -0.577553
v -0.175481 0.346819 -0.577552
v -0.256388 -0.146725 -0.552531
v -0.256388 0.311416 -0.552531
v -0.291343 -0.146725 -0.536310
v -0.291343 0.285836 -0.536310
v -0.329415 -0.146725 -0.511985
v -0.329415 0.260764 -0.511985
v -0.374662 -0.146725 -0.466968
v -0.374662 0.213901 -0.466968
v -0.395669 -0.146725 -0.440617
v -0.395669 0.193741 -0.440617
v -0.422404 -0.146725 -0.391050
v -0.422404 0.157707 -0.391050
v -0.445166 -0.146725 -0.336766
v -0.445166 0.130362 -0.336766
v -0.453860 -0.146725 -0.307412
v -0.453860 0.116371 -0.307412
v -0.464658 -0.146725 -0.220568
v -0.464658 0.091351 -0.220568
v -0.470607 -0.146725 -0.131652
v -0.470607 0.083094 -0.131652
v -0.471172 -0.146725 -0.076496
v -0.471172 0.087685 -0.076496
v -0.468893 -0.146725 -0.042165
v -0.468893 0.091628 -0.042165
v -0.457897 -0.146725 0.045399
v -0.457897 0.117662 0.045399
v -0.433428 -0.146725 0.127721
v -0.433428 0.159058 0.127721
v -0.401658 -0.146725 0.193907
v -0.401658 0.206778 0.193907
v -0.331971 -0.146725 0.265066
v -0.331971 0.277490 0.265066
v -0.264692 -0.146725 0.302340
v -0.264692 0.327828 0.302340
v -0.185458 -0.146725 0.327171
v -0.185458 0.367959 0.327171
v -0.092154 -0.146725 0.341632
v -0.092154 0.387682 0.341632
v -0.000308 -0.146725 0.344157
v -0.000308 0.396191 0.344157
v 0.096682 0.361294 -0.590489
v -0.000308 -0.146725 -0.595706
v -0.000309 0.371481 -0.595706
v 0.096682 -0.146725 -0.590489
v 0.172711 0.346819 -0.578147
v 0.172711 -0.146725 -0.578148
v 0.255809 0.311416 -0.552515
v 0.255809 -0.146725 -0.552515
v 0.292934 0.285836 -0.535107
v 0.292934 -0.146726 -0.535107
v 0.328797 0.260764 -0.511985
v 0.328797 -0.146726 -0.511985
v 0.374045 0.213901 -0.466968
v 0.374046 -0.146726 -0.466968
v 0.395052 0.193742 -0.440618
v 0.395052 -0.146726 -0.440618
v 0.421787 0.157707 -0.391050
v 0.421787 -0.146726 -0.391051
v 0.444549 0.130362 -0.336766
v 0.444549 -0.146726 -0.336766
v 0.453243 0.116371 -0.307413
v 0.453243 -0.146726 -0.307413
v 0.464042 0.091351 -0.220568
v 0.464042 -0.146726 -0.220568
v 0.469990 0.083093 -0.131652
v 0.469991 -0.146726 -0.131652
v 0.470555 0.087684 -0.076496
v 0.470555 -0.146726 -0.076496
v 0.468276 0.091628 -0.042165
v 0.468276 -0.146726 -0.042165
v 0.457280 0.117663 0.045400
v 0.457280 -0.146726 0.045400
v 0.432811 0.159058 0.127721
v 0.432811 -0.146726 0.127721
v 0.401041 0.206778 0.193908
v 0.401041 -0.146726 0.193908
v 0.331354 0.277490 0.265066
v 0.331354 -0.146726 0.265066
v 0.264075 0.327829 0.302341
v 0.264075 -0.146726 0.302341
v 0.184875 0.367959 0.328376
v 0.184875 -0.146725 0.328376
v 0.091536 0.387682 0.341632
v 0.091536 -0.146725 0.341632
v -0.000308 0.396191 0.344157
v -0.000308 -0.146725 0.344157
v -0.097326 -0.146725 -0.590489
v -0.256388 -0.146725 -0.552531
v -0.175481 -0.146725 -0.577553
v 0.096682 -0.146725 -0.590489
v -0.291343 -0.146725 -0.536310
v -0.329415 -0.146725 -0.511985
v -0.374662 -0.146725 -0.466968
v -0.395669 -0.146725 -0.440617
v -0.422404 -0.146725 -0.391050
v -0.433428 -0.146725 0.127721
v -0.445166 -0.146725 -0.336766
v -0.453860 -0.146725 -0.307412
v -0.464658 -0.146725 -0.220568
v -0.470607 -0.146725 -0.131652
v -0.471172 -0.146725 -0.076496
v -0.468893 -0.146725 -0.042165
v -0.457897 -0.146725 0.045399
v 0.444549 -0.146726 -0.336766
v 0.453243 -0.146726 -0.307413
v 0.464042 -0.146726 -0.220568
v 0.469991 -0.146726 -0.131652
v 0.470555 -0.146726 -0.076496
v 0.184875 -0.146725 0.328376
v -0.185458 -0.146725 0.327171
v -0.331971 -0.146725 0.265066
v -0.401658 -0.146725 0.193907
v -0.264692 -0.146725 0.302340
v -0.000308 -0.146725 0.344157
v -0.092154 -0.146725 0.341632
v 0.091536 -0.146725 0.341632
v 0.432811 -0.146726 0.127721
v 0.331354 -0.146726 0.265066
v 0.264075 -0.146726 0.302341
v 0.401041 -0.146726 0.193908
v 0.468276 -0.146726 -0.042165
v 0.457280 -0.146726 0.045400
v 0.255809 -0.146725 -0.552515
v 0.172711 -0.146725 -0.578148
v 0.292934 -0.146726 -0.535107
v 0.328797 -0.146726 -0.511985
v 0.374046 -0.146726 -0.466968
v 0.395052 -0.146726 -0.440618
v 0.421787 -0.146726 -0.391051
v -0.000308 -0.146725 -0.595706
v -0.049799 -0.000667 0.437163
v -0.046002 0.199905 0.172178
v -0.046002 0.014968 0.448110
v -0.049799 0.184270 0.161230
v -0.035191 0.213160 0.181459
v -0.035191 0.028223 0.457391
v -0.019009 0.222016 0.187661
v -0.019009 0.037079 0.463593
v -0.046002 -0.016302 0.426215
v -0.046002 0.168635 0.150282
v -0.035191 -0.029557 0.416934
v -0.035191 0.155380 0.141001
v -0.019009 -0.038413 0.410732
v -0.019010 0.146524 0.134800
v 0.000077 -0.041523 0.408555
v 0.000077 0.143414 0.132622
v 0.019164 -0.038413 0.410732
v 0.019164 0.146524 0.134800
v 0.035345 -0.029557 0.416934
v 0.035345 0.155380 0.141001
v 0.046157 -0.016302 0.426215
v 0.046157 0.168635 0.150282
v 0.049954 -0.000667 0.437163
v 0.049954 0.184270 0.161230
v 0.046157 0.014968 0.448110
v 0.046157 0.199905 0.172178
v 0.035345 0.028223 0.457391
v 0.035345 0.213160 0.181459
v 0.019164 0.037079 0.463593
v 0.019164 0.222016 0.187661
v 0.000077 0.040189 0.465770
v 0.000077 0.225126 0.189838
v -0.019009 0.037079 0.463593
v -0.019009 0.222016 0.187661
v -0.046002 0.168635 0.150282
v -0.046002 0.199905 0.172178
v -0.049799 0.184270 0.161230
v -0.035191 0.213160 0.181459
v -0.019009 0.222016 0.187661
v 0.000077 0.225126 0.189838
v 0.019164 0.222016 0.187661
v 0.035345 0.213160 0.181459
v 0.046157 0.199905 0.172178
v 0.049954 0.184270 0.161230
v 0.046157 0.168635 0.150282
v 0.035345 0.155380 0.141001
v 0.019164 0.146524 0.134800
v 0.000077 0.143414 0.132622
v -0.019010 0.146524 0.134800
v -0.035191 0.155380 0.141001
v -0.188410 0.178154 0.169946
v -0.183456 0.243739 0.208821
v -0.174062 0.237240 0.211318
v -0.198578 0.181465 0.165216
v -0.140393 0.296532 0.245787
v -0.133203 0.287330 0.246392
v -0.075945 0.331807 0.270487
v -0.072053 0.320800 0.269828
v 0.000077 0.344194 0.279160
v 0.000077 0.332553 0.278057
v -0.174062 0.119067 0.128573
v -0.183456 0.119192 0.121612
v -0.133203 0.068977 0.093499
v -0.140393 0.066399 0.084646
v -0.072054 0.035507 0.070063
v -0.075945 0.031123 0.059946
v 0.000077 0.023754 0.061834
v 0.000077 0.018736 0.051273
v 0.072208 0.035507 0.070063
v 0.076099 0.031123 0.059946
v 0.133358 0.068977 0.093499
v 0.140548 0.066398 0.084646
v 0.174217 0.119067 0.128573
v 0.183611 0.119191 0.121612
v 0.188564 0.178154 0.169946
v 0.198732 0.181465 0.165216
v 0.174217 0.237240 0.211318
v 0.183611 0.243739 0.208821
v 0.133358 0.287330 0.246392
v 0.140548 0.296532 0.245787
v 0.072208 0.320800 0.269828
v 0.076099 0.331807 0.270487
v 0.000077 0.332553 0.278057
v 0.000077 0.344194 0.279160
v 0.077679 0.340133 0.265242
v 0.000077 0.352777 0.274096
v 0.143466 0.304125 0.240029
v 0.187423 0.250236 0.202295
v 0.202859 0.186668 0.157785
v 0.187423 0.123101 0.113275
v 0.143466 0.069211 0.075541
v 0.077679 0.033204 0.050328
v 0.000077 0.020559 0.041474
v -0.077524 0.033204 0.050328
v -0.143311 0.069211 0.075541
v -0.187269 0.123101 0.113275
v -0.202704 0.186668 0.157785
v -0.187269 0.250236 0.202295
v -0.143311 0.304125 0.240029
v -0.077524 0.340133 0.265242
v 0.000077 0.352777 0.274096
v -0.187269 0.280886 0.158522
v -0.202704 0.217319 0.114012
v -0.143311 0.334776 0.196256
v -0.077524 0.370784 0.221469
v 0.000077 0.383428 0.230323
v -0.183456 0.284795 0.150185
v -0.198578 0.222522 0.106581
v -0.140393 0.337589 0.187151
v -0.075945 0.372864 0.211851
v 0.000077 0.385251 0.220525
v -0.187269 0.153752 0.069502
v -0.143311 0.099862 0.031768
v -0.077524 0.063854 0.006555
v 0.000077 0.051210 -0.002299
v 0.077679 0.063854 0.006555
v 0.143466 0.099862 0.031768
v 0.187423 0.153752 0.069502
v 0.202859 0.217319 0.114012
v 0.187423 0.280886 0.158522
v 0.143466 0.334776 0.196256
v 0.077679 0.370784 0.221469
v 0.000077 0.383428 0.230323
v 0.076099 0.372864 0.211851
v 0.000077 0.385251 0.220525
v 0.140548 0.337589 0.187151
v 0.183611 0.284795 0.150185
v 0.198732 0.222522 0.106581
v 0.183611 0.160248 0.062977
v 0.140548 0.107455 0.026011
v 0.076099 0.072180 0.001311
v 0.000077 0.059793 -0.007363
v -0.075945 0.072180 0.001311
v -0.140393 0.107455 0.026011
v -0.183456 0.160248 0.062977
v 0.174217 0.166747 0.060479
v 0.133358 0.116657 0.025405
v 0.072208 0.083187 0.001970
v 0.000077 0.071434 -0.006260
v -0.072054 0.083187 0.001970
v -0.133203 0.116657 0.025405
v -0.174062 0.166747 0.060479
v -0.188410 0.225833 0.101852
v -0.174062 0.284920 0.143224
v -0.133203 0.335010 0.178298
v -0.072053 0.368480 0.201734
v 0.000077 0.380233 0.209963
v 0.072208 0.368480 0.201734
v 0.000077 0.380233 0.209963
v 0.133358 0.335010 0.178298
v 0.174217 0.284920 0.143224
v 0.188564 0.225833 0.101852
v -0.133203 0.068977 0.093499
v 0.000077 0.023754 0.061834
v -0.072054 0.035507 0.070063
v -0.188410 0.178154 0.169946
v 0.188564 0.178154 0.169946
v 0.133358 0.068977 0.093499
v 0.072208 0.035507 0.070063
v 0.174217 0.119067 0.128573
v 0.000077 0.332553 0.278057
v 0.133358 0.287330 0.246392
v 0.174217 0.237240 0.211318
v 0.072208 0.320800 0.269828
v -0.133203 0.287330 0.246392
v -0.072053 0.320800 0.269828
v -0.174062 0.237240 0.211318
v -0.174062 0.119067 0.128573
v -0.174062 0.284920 0.143224
v -0.072053 0.368480 0.201734
v -0.133203 0.335010 0.178298
v -0.174062 0.166747 0.060479
v 0.174217 0.284920 0.143224
v 0.072208 0.368480 0.201734
v 0.000077 0.380233 0.209963
v 0.133358 0.335010 0.178298
v 0.072208 0.083187 0.001970
v 0.174217 0.166747 0.060479
v 0.188564 0.225833 0.101852
v 0.133358 0.116657 0.025405
v -0.072054 0.083187 0.001970
v 0.000077 0.071434 -0.006260
v -0.133203 0.116657 0.025405
v -0.188410 0.225833 0.101852
v 0.911676 -0.106695 -0.488363
v 0.970492 -0.126851 -0.464113
v 0.973907 -0.106695 -0.483873
v 0.911676 -0.126851 -0.468356
v 1.027860 -0.126851 -0.451488
v 1.034605 -0.106695 -0.470515
v 1.082368 -0.126851 -0.430792
v 1.092276 -0.106696 -0.448618
v 1.132672 -0.126851 -0.402534
v 1.145501 -0.106696 -0.418720
v 1.177535 -0.126851 -0.367411
v 1.192968 -0.106696 -0.381558
v 1.215851 -0.126851 -0.326287
v 1.233508 -0.106696 -0.338047
v 1.246678 -0.126851 -0.280175
v 1.266124 -0.106696 -0.289258
v 1.269255 -0.126851 -0.230210
v 1.290013 -0.106696 -0.236393
v 1.283028 -0.126851 -0.177623
v 1.304585 -0.106696 -0.180753
v 1.287657 -0.126851 -0.123708
v 1.309483 -0.106696 -0.123708
v 1.283028 -0.126851 -0.069794
v 1.304585 -0.106696 -0.066664
v 1.269255 -0.126851 -0.017206
v 1.290013 -0.106696 -0.011024
v 1.246677 -0.126851 0.032758
v 1.266124 -0.106696 0.041841
v 1.215851 -0.126851 0.078870
v 1.233508 -0.106696 0.090630
v 1.177535 -0.126850 0.119994
v 1.192968 -0.106695 0.134141
v 1.132672 -0.126850 0.155117
v 1.145501 -0.106695 0.171303
v 1.082368 -0.126850 0.183375
v 1.092276 -0.106695 0.201201
v 1.027860 -0.126850 0.204071
v 1.034605 -0.106695 0.223098
v 0.970492 -0.126850 0.216696
v 0.973906 -0.106695 0.236456
v 0.911676 -0.126850 0.220939
v 0.911676 -0.106695 0.240946
v 1.272983 -0.081569 0.045045
v 1.297333 -0.081569 -0.008844
v 1.312188 -0.081569 -0.065560
v 1.317180 -0.081569 -0.123708
v 1.312188 -0.081569 -0.181857
v 1.297333 -0.081569 -0.238573
v 1.272983 -0.081569 -0.292462
v 1.239736 -0.081569 -0.342194
v 1.198411 -0.081569 -0.386548
v 1.150025 -0.081569 -0.424429
v 1.095771 -0.081569 -0.454905
v 1.036983 -0.081569 -0.477226
v 0.975110 -0.081569 -0.490842
v 0.911675 -0.081569 -0.495419
v 1.239736 -0.081569 -0.342194
v 0.477108 -0.106695 -0.488363
v 0.477108 -0.126850 -0.468356
v 0.477107 -0.081568 -0.495419
v 1.239736 -0.081569 0.094778
v 1.239736 -0.081569 0.094778
v 1.198411 -0.081569 0.139131
v 1.150025 -0.081568 0.177012
v 1.095771 -0.081568 0.207488
v 1.036983 -0.081568 0.229809
v 0.975111 -0.081568 0.243426
v 0.911676 -0.081568 0.248002
v 0.477108 -0.081568 0.248002
v 0.477108 -0.106695 0.240946
v 0.477108 -0.126850 0.220939
v 0.911676 -0.126851 -0.468356
v 1.027860 -0.126851 -0.451488
v 0.970492 -0.126851 -0.464113
v 1.082368 -0.126851 -0.430792
v 1.132672 -0.126851 -0.402534
v 1.177535 -0.126851 -0.367411
v 1.215851 -0.126851 -0.326287
v 1.246678 -0.126851 -0.280175
v 1.269255 -0.126851 -0.230210
v 1.283028 -0.126851 -0.177623
v 1.287657 -0.126851 -0.123708
v 1.283028 -0.126851 -0.069794
v 1.269255 -0.126851 -0.017206
v 1.246677 -0.126851 0.032758
v 1.215851 -0.126851 0.078870
v 1.177535 -0.126850 0.119994
v 1.132672 -0.126850 0.155117
v 1.082368 -0.126850 0.183375
v 1.027860 -0.126850 0.204071
v 0.970492 -0.126850 0.216696
v 0.911676 -0.126850 0.220939
v 0.477108 -0.126850 0.220939
v 0.477108 -0.126850 -0.468356
v 0.911676 -0.056441 0.240946
v 0.970492 -0.036286 0.216696
v 0.973906 -0.056441 0.236457
v 0.911676 -0.036286 0.220939
v 1.027860 -0.036286 0.204071
v 1.034605 -0.056441 0.223099
v 1.082367 -0.036286 0.183375
v 1.092276 -0.056441 0.201201
v 1.132672 -0.036286 0.155117
v 1.145501 -0.056441 0.171303
v 1.177534 -0.036286 0.119994
v 1.192967 -0.056441 0.134141
v 1.215851 -0.036287 0.078870
v 1.233508 -0.056442 0.090630
v 1.246677 -0.036287 0.032758
v 1.266124 -0.056442 0.041841
v 1.269255 -0.036287 -0.017206
v 1.290012 -0.056442 -0.011024
v 1.283028 -0.036287 -0.069794
v 1.304585 -0.056442 -0.066664
v 1.287657 -0.036287 -0.123708
v 1.309482 -0.056442 -0.123709
v 1.283028 -0.036287 -0.177623
v 1.304585 -0.056442 -0.180753
v 1.269255 -0.036287 -0.230210
v 1.290012 -0.056442 -0.236393
v 1.246677 -0.036287 -0.280175
v 1.266124 -0.056442 -0.289258
v 1.215851 -0.036287 -0.326287
v 1.233508 -0.056442 -0.338047
v 1.177534 -0.036287 -0.367411
v 1.192967 -0.056442 -0.381558
v 1.132671 -0.036287 -0.402534
v 1.145500 -0.056442 -0.418720
v 1.082367 -0.036287 -0.430792
v 1.092276 -0.056442 -0.448618
v 1.027860 -0.036287 -0.451488
v 1.034604 -0.056442 -0.470515
v 0.970492 -0.036287 -0.464113
v 0.973906 -0.056442 -0.483873
v 0.911675 -0.036287 -0.468356
v 0.911675 -0.056442 -0.488363
v 1.272983 -0.081569 -0.292462
v 1.297333 -0.081569 -0.238573
v 1.312188 -0.081569 -0.181857
v 1.317180 -0.081569 -0.123708
v 1.312188 -0.081569 -0.065560
v 1.297333 -0.081569 -0.008844
v 1.272983 -0.081569 0.045045
v 1.239736 -0.081569 0.094778
v 1.198411 -0.081569 0.139131
v 1.150025 -0.081568 0.177012
v 1.095771 -0.081568 0.207488
v 1.036983 -0.081568 0.229809
v 0.975111 -0.081568 0.243426
v 0.911676 -0.081568 0.248002
v 1.239736 -0.081569 0.094778
v 0.477108 -0.056441 0.240946
v 0.477108 -0.036286 0.220939
v 0.477108 -0.081568 0.248002
v 1.239736 -0.081569 -0.342194
v 1.239736 -0.081569 -0.342194
v 1.198411 -0.081569 -0.386548
v 1.150025 -0.081569 -0.424429
v 1.095771 -0.081569 -0.454905
v 1.036983 -0.081569 -0.477226
v 0.975110 -0.081569 -0.490842
v 0.911675 -0.081569 -0.495419
v 0.477107 -0.081568 -0.495419
v 0.477107 -0.056441 -0.488363
v 0.477107 -0.036286 -0.468356
v 0.911676 -0.036286 0.220939
v 1.027860 -0.036286 0.204071
v 0.970492 -0.036286 0.216696
v 1.082367 -0.036286 0.183375
v 1.132672 -0.036286 0.155117
v 1.177534 -0.036286 0.119994
v 1.215851 -0.036287 0.078870
v 1.246677 -0.036287 0.032758
v 1.269255 -0.036287 -0.017206
v 1.283028 -0.036287 -0.069794
v 1.287657 -0.036287 -0.123708
v 1.283028 -0.036287 -0.177623
v 1.269255 -0.036287 -0.230210
v 1.246677 -0.036287 -0.280175
v 1.215851 -0.036287 -0.326287
v 1.177534 -0.036287 -0.367411
v 1.132671 -0.036287 -0.402534
v 1.082367 -0.036287 -0.430792
v 1.027860 -0.036287 -0.451488
v 0.970492 -0.036287 -0.464113
v 0.911675 -0.036287 -0.468356
v 0.477107 -0.036286 -0.468356
v 0.477108 -0.036286 0.220939
v -0.913041 -0.056440 -0.488362
v -0.971857 -0.036285 -0.464113
v -0.975271 -0.056440 -0.483873
v -0.913041 -0.036285 -0.468356
v -1.029225 -0.036285 -0.451487
v -1.035970 -0.056440 -0.470515
v -1.083732 -0.036285 -0.430791
v -1.093641 -0.056440 -0.448618
v -1.134037 -0.036285 -0.402534
v -1.146866 -0.056440 -0.418720
v -1.178899 -0.036285 -0.367411
v -1.194333 -0.056440 -0.381558
v -1.217216 -0.036285 -0.326287
v -1.234873 -0.056440 -0.338047
v -1.248042 -0.036285 -0.280175
v -1.267489 -0.056440 -0.289258
v -1.270620 -0.036285 -0.230210
v -1.291377 -0.056440 -0.236392
v -1.284393 -0.036285 -0.177623
v -1.305950 -0.056440 -0.180753
v -1.289022 -0.036285 -0.123708
v -1.310847 -0.056440 -0.123708
v -1.284392 -0.036285 -0.069793
v -1.305950 -0.056440 -0.066663
v -1.270620 -0.036285 -0.017206
v -1.291377 -0.056440 -0.011024
v -1.248042 -0.036285 0.032759
v -1.267489 -0.056440 0.041842
v -1.217216 -0.036285 0.078871
v -1.234873 -0.056440 0.090631
v -1.178899 -0.036285 0.119995
v -1.194332 -0.056440 0.134142
v -1.134036 -0.036285 0.155118
v -1.146865 -0.056440 0.171304
v -1.083732 -0.036285 0.183375
v -1.093641 -0.056440 0.201201
v -1.029225 -0.036285 0.204071
v -1.035969 -0.056440 0.223099
v -0.971857 -0.036285 0.216696
v -0.975271 -0.056440 0.236457
v -0.913040 -0.036285 0.220939
v -0.913040 -0.056440 0.240946
v -1.274347 -0.081567 0.045045
v -1.298698 -0.081567 -0.008843
v -1.313552 -0.081567 -0.065560
v -1.318545 -0.081567 -0.123708
v -1.313552 -0.081567 -0.181856
v -1.298698 -0.081567 -0.238573
v -1.274347 -0.081567 -0.292461
v -1.241100 -0.081567 -0.342194
v -1.199775 -0.081567 -0.386547
v -1.151390 -0.081567 -0.424428
v -1.097136 -0.081567 -0.454904
v -1.038348 -0.081567 -0.477226
v -0.976475 -0.081567 -0.490842
v -0.913040 -0.081567 -0.495419
v -1.241100 -0.081567 -0.342194
v -0.478473 -0.056441 -0.488363
v -0.478473 -0.036285 -0.468356
v -0.478472 -0.081568 -0.495419
v -1.241100 -0.081567 0.094778
v -1.241100 -0.081567 0.094778
v -1.199775 -0.081567 0.139131
v -1.151390 -0.081567 0.177012
v -1.097135 -0.081567 0.207488
v -1.038348 -0.081567 0.229810
v -0.976475 -0.081567 0.243426
v -0.913040 -0.081567 0.248002
v -0.478472 -0.081567 0.248002
v -0.478472 -0.056441 0.240946
v -0.478472 -0.036285 0.220939
v -0.913041 -0.036285 -0.468356
v -1.029225 -0.036285 -0.451487
v -0.971857 -0.036285 -0.464113
v -1.083732 -0.036285 -0.430791
v -1.134037 -0.036285 -0.402534
v -1.178899 -0.036285 -0.367411
v -1.217216 -0.036285 -0.326287
v -1.248042 -0.036285 -0.280175
v -1.270620 -0.036285 -0.230210
v -1.284393 -0.036285 -0.177623
v -1.289022 -0.036285 -0.123708
v -1.284392 -0.036285 -0.069793
v -1.270620 -0.036285 -0.017206
v -1.248042 -0.036285 0.032759
v -1.217216 -0.036285 0.078871
v -1.178899 -0.036285 0.119995
v -1.134036 -0.036285 0.155118
v -1.083732 -0.036285 0.183375
v -1.029225 -0.036285 0.204071
v -0.971857 -0.036285 0.216696
v -0.913040 -0.036285 0.220939
v -0.478472 -0.036285 0.220939
v -0.478473 -0.036285 -0.468356
v -0.913040 -0.106694 0.240946
v -0.971857 -0.126849 0.216696
v -0.975271 -0.106694 0.236457
v -0.913040 -0.126849 0.220940
v -1.029225 -0.126849 0.204071
v -1.035969 -0.106694 0.223099
v -1.083732 -0.126849 0.183375
v -1.093641 -0.106694 0.201201
v -1.134036 -0.126849 0.155118
v -1.146865 -0.106694 0.171304
v -1.178899 -0.126849 0.119995
v -1.194332 -0.106694 0.134142
v -1.217215 -0.126849 0.078871
v -1.234872 -0.106694 0.090630
v -1.248042 -0.126849 0.032759
v -1.267489 -0.106694 0.041842
v -1.270620 -0.126849 -0.017206
v -1.291377 -0.106694 -0.011024
v -1.284392 -0.126849 -0.069793
v -1.305950 -0.106694 -0.066663
v -1.289021 -0.126849 -0.123708
v -1.310847 -0.106694 -0.123708
v -1.284392 -0.126849 -0.177623
v -1.305949 -0.106693 -0.180753
v -1.270620 -0.126849 -0.230210
v -1.291377 -0.106693 -0.236392
v -1.248042 -0.126849 -0.280175
v -1.267489 -0.106693 -0.289258
v -1.217215 -0.126849 -0.326287
v -1.234873 -0.106693 -0.338047
v -1.178899 -0.126849 -0.367411
v -1.194332 -0.106694 -0.381558
v -1.134036 -0.126849 -0.402534
v -1.146865 -0.106694 -0.418720
v -1.083732 -0.126849 -0.430791
v -1.093641 -0.106694 -0.448618
v -1.029225 -0.126849 -0.451487
v -1.035969 -0.106694 -0.470515
v -0.971856 -0.126849 -0.464112
v -0.975271 -0.106694 -0.483873
v -0.913040 -0.126849 -0.468356
v -0.913040 -0.106694 -0.488362
v -1.274347 -0.081567 -0.292461
v -1.298698 -0.081567 -0.238573
v -1.313552 -0.081567 -0.181856
v -1.318545 -0.081567 -0.123708
v -1.313552 -0.081567 -0.065560
v -1.298698 -0.081567 -0.008843
v -1.274347 -0.081567 0.045045
v -1.241100 -0.081567 0.094778
v -1.199775 -0.081567 0.139131
v -1.151390 -0.081567 0.177012
v -1.097135 -0.081567 0.207488
v -1.038348 -0.081567 0.229810
v -0.976475 -0.081567 0.243426
v -0.913040 -0.081567 0.248002
v -1.241100 -0.081567 0.094778
v -0.478472 -0.106694 0.240946
v -0.478472 -0.126850 0.220940
v -0.478472 -0.081567 0.248002
v -1.241100 -0.081567 -0.342194
v -1.241100 -0.081567 -0.342194
v -1.199775 -0.081567 -0.386547
v -1.151390 -0.081567 -0.424428
v -1.097136 -0.081567 -0.454904
v -1.038348 -0.081567 -0.477226
v -0.976475 -0.081567 -0.490842
v -0.913040 -0.081567 -0.495419
v -0.478472 -0.081568 -0.495419
v -0.478472 -0.106694 -0.488362
v -0.478472 -0.126849 -0.468356
v -0.913040 -0.126849 0.220940
v -1.029225 -0.126849 0.204071
v -0.971857 -0.126849 0.216696
v -1.083732 -0.126849 0.183375
v -1.134036 -0.126849 0.155118
v -1.178899 -0.126849 0.119995
v -1.217215 -0.126849 0.078871
v -1.248042 -0.126849 0.032759
v -1.270620 -0.126849 -0.017206
v -1.284392 -0.126849 -0.069793
v -1.289021 -0.126849 -0.123708
v -1.284392 -0.126849 -0.177623
v -1.270620 -0.126849 -0.230210
v -1.248042 -0.126849 -0.280175
v -1.217215 -0.126849 -0.326287
v -1.178899 -0.126849 -0.367411
v -1.134036 -0.126849 -0.402534
v -1.083732 -0.126849 -0.430791
v -1.029225 -0.126849 -0.451487
v -0.971856 -0.126849 -0.464112
v -0.913040 -0.126849 -0.468356
v -0.478472 -0.126849 -0.468356
v -0.478472 -0.126850 0.220940
v -0.022095 0.159326 -1.077083
v -0.039571 0.197029 -1.094041
v -0.022095 0.199218 -1.080222
v -0.039571 0.159326 -1.091074
v -0.039571 0.233804 -1.102870
v -0.022095 0.238127 -1.089564
v -0.039571 0.268745 -1.117343
v -0.022095 0.275096 -1.104877
v -0.039571 0.300991 -1.137103
v -0.022095 0.309215 -1.125785
v -0.039571 0.329749 -1.161665
v -0.022095 0.339642 -1.151772
v -0.039571 0.354311 -1.190423
v -0.022095 0.365630 -1.182200
v -0.039571 0.374072 -1.222670
v -0.022095 0.386538 -1.216318
v -0.039571 0.388545 -1.257611
v -0.022095 0.401851 -1.253287
v -0.039571 0.397374 -1.294385
v -0.022096 0.411192 -1.292197
v -0.039571 0.400341 -1.332088
v -0.022096 0.414332 -1.332088
v -0.039571 0.397373 -1.369791
v -0.022095 0.411192 -1.371980
v -0.039571 0.388545 -1.406566
v -0.022095 0.401851 -1.410889
v -0.039571 0.374072 -1.441507
v -0.022095 0.386538 -1.447858
v -0.039571 0.354311 -1.473753
v -0.022095 0.365630 -1.481977
v -0.039571 0.329749 -1.502511
v -0.022095 0.339642 -1.512404
v -0.039571 0.300991 -1.527073
v -0.022095 0.309215 -1.538392
v -0.039571 0.268744 -1.546834
v -0.022095 0.275096 -1.559300
v -0.039571 0.233804 -1.561307
v -0.022095 0.238127 -1.574613
v -0.039571 0.197029 -1.570135
v -0.022095 0.199218 -1.583954
v -0.039571 0.159326 -1.573103
v -0.022095 0.159326 -1.587094
v -0.000309 0.390934 -1.450099
v -0.000309 0.369622 -1.484877
v -0.000309 0.343131 -1.515894
v -0.000309 0.312115 -1.542384
v -0.000309 0.277336 -1.563696
v -0.000309 0.239652 -1.579306
v -0.000309 0.199990 -1.588828
v -0.000309 0.159326 -1.592028
v -0.022077 -0.060392 -1.587094
v -0.039571 -0.043360 -1.573103
v -0.000309 -0.081668 -1.592028
v -0.000308 0.159326 -1.072148
v -0.000308 0.199990 -1.075349
v -0.000308 0.239652 -1.084871
v -0.000308 0.277336 -1.100480
v -0.000308 0.312115 -1.121792
v -0.000308 0.343131 -1.148283
v -0.000309 0.369622 -1.179299
v -0.000309 0.390934 -1.214078
v -0.022077 -0.060392 -1.077083
v -0.039571 -0.043360 -1.091074
v -0.000309 0.390934 -1.214078
v -0.000309 0.406544 -1.251763
v -0.000309 0.416066 -1.291425
v -0.000309 0.419266 -1.332088
v -0.000309 0.416066 -1.372752
v -0.000309 0.406544 -1.412414
v -0.000309 0.390934 -1.450099
v -0.000308 -0.081668 -1.072148
v -0.039571 0.159326 -1.091074
v -0.039571 0.233804 -1.102870
v -0.039571 0.197029 -1.094041
v -0.039571 0.268745 -1.117343
v -0.039571 0.300991 -1.137103
v -0.039571 0.329749 -1.161665
v -0.039571 0.354311 -1.190423
v -0.039571 0.374072 -1.222670
v -0.039571 0.388545 -1.257611
v -0.039571 0.397374 -1.294385
v -0.039571 0.400341 -1.332088
v -0.039571 0.397373 -1.369791
v -0.039571 0.388545 -1.406566
v -0.039571 0.374072 -1.441507
v -0.039571 0.354311 -1.473753
v -0.039571 0.329749 -1.502511
v -0.039571 0.300991 -1.527073
v -0.039571 0.268744 -1.546834
v -0.039571 0.233804 -1.561307
v -0.039571 0.197029 -1.570135
v -0.039571 0.159326 -1.573103
v -0.039571 -0.043360 -1.573103
v -0.039571 -0.043360 -1.091074
v -0.241015 -0.102932 -1.077083
v -0.278718 -0.119986 -1.094041
v -0.280907 -0.102932 -1.080222
v -0.241015 -0.119986 -1.091074
v -0.315493 -0.119986 -1.102870
v -0.319816 -0.102932 -1.089563
v -0.350433 -0.119986 -1.117342
v -0.356785 -0.102932 -1.104877
v -0.382680 -0.119986 -1.137103
v -0.390903 -0.102932 -1.125784
v -0.411438 -0.119986 -1.161665
v -0.421331 -0.102932 -1.151772
v -0.436000 -0.119986 -1.190423
v -0.447319 -0.102932 -1.182200
v -0.455760 -0.119986 -1.222670
v -0.468226 -0.102932 -1.216318
v -0.470234 -0.119986 -1.257610
v -0.483540 -0.102932 -1.253287
v -0.479062 -0.119985 -1.294385
v -0.492881 -0.102932 -1.292197
v -0.482030 -0.119985 -1.332088
v -0.496021 -0.102932 -1.332088
v -0.479062 -0.119985 -1.369791
v -0.492881 -0.102932 -1.371980
v -0.470233 -0.119985 -1.406566
v -0.483540 -0.102932 -1.410889
v -0.455761 -0.119985 -1.441506
v -0.468227 -0.102932 -1.447858
v -0.436000 -0.119985 -1.473753
v -0.447319 -0.102932 -1.481977
v -0.411438 -0.119985 -1.502511
v -0.421331 -0.102932 -1.512404
v -0.382680 -0.119985 -1.527073
v -0.390903 -0.102932 -1.538392
v -0.350433 -0.119985 -1.546834
v -0.356785 -0.102932 -1.559300
v -0.315492 -0.119985 -1.561307
v -0.319816 -0.102932 -1.574613
v -0.278718 -0.119985 -1.570135
v -0.280906 -0.102932 -1.583954
v -0.241015 -0.119985 -1.573103
v -0.241015 -0.102932 -1.587093
v -0.472623 -0.081672 -1.450098
v -0.451311 -0.081672 -1.484877
v -0.424820 -0.081672 -1.515893
v -0.393804 -0.081672 -1.542384
v -0.359025 -0.081672 -1.563696
v -0.321341 -0.081672 -1.579306
v -0.281678 -0.081672 -1.588828
v -0.241015 -0.081672 -1.592028
v -0.000308 -0.102932 -1.587094
v -0.000308 -0.119986 -1.573103
v -0.000309 -0.081668 -1.592028
v -0.241015 -0.081673 -1.072148
v -0.281678 -0.081673 -1.075349
v -0.321340 -0.081673 -1.084871
v -0.359025 -0.081672 -1.100480
v -0.393803 -0.081672 -1.121792
v -0.424820 -0.081672 -1.148283
v -0.451310 -0.081672 -1.179299
v -0.472623 -0.081672 -1.214078
v -0.000308 -0.102932 -1.077083
v -0.000308 -0.119986 -1.091074
v -0.472623 -0.081672 -1.214078
v -0.488232 -0.081672 -1.251762
v -0.497754 -0.081672 -1.291424
v -0.500955 -0.081672 -1.332088
v -0.497754 -0.081672 -1.372752
v -0.488232 -0.081672 -1.412414
v -0.472623 -0.081672 -1.450098
v -0.000308 -0.081668 -1.072148
v -0.241015 -0.119986 -1.091074
v -0.315493 -0.119986 -1.102870
v -0.278718 -0.119986 -1.094041
v -0.350433 -0.119986 -1.117342
v -0.382680 -0.119986 -1.137103
v -0.411438 -0.119986 -1.161665
v -0.436000 -0.119986 -1.190423
v -0.455760 -0.119986 -1.222670
v -0.470234 -0.119986 -1.257610
v -0.479062 -0.119985 -1.294385
v -0.482030 -0.119985 -1.332088
v -0.479062 -0.119985 -1.369791
v -0.470233 -0.119985 -1.406566
v -0.455761 -0.119985 -1.441506
v -0.436000 -0.119985 -1.473753
v -0.411438 -0.119985 -1.502511
v -0.382680 -0.119985 -1.527073
v -0.350433 -0.119985 -1.546834
v -0.315492 -0.119985 -1.561307
v -0.278718 -0.119985 -1.570135
v -0.241015 -0.119985 -1.573103
v -0.000308 -0.119986 -1.573103
v -0.000308 -0.119986 -1.091074
v -0.241015 -0.060413 -1.587094
v -0.278718 -0.043359 -1.570135
v -0.280906 -0.060413 -1.583954
v -0.241015 -0.043359 -1.573103
v -0.315492 -0.043359 -1.561307
v -0.319816 -0.060412 -1.574613
v -0.350433 -0.043359 -1.546834
v -0.356785 -0.060412 -1.559300
v -0.382680 -0.043359 -1.527073
v -0.390903 -0.060412 -1.538392
v -0.411438 -0.043359 -1.502511
v -0.421331 -0.060412 -1.512404
v -0.436000 -0.043359 -1.473753
v -0.447319 -0.060412 -1.481977
v -0.455760 -0.043359 -1.441507
v -0.468226 -0.060412 -1.447858
v -0.470233 -0.043359 -1.406566
v -0.483539 -0.060412 -1.410889
v -0.479062 -0.043359 -1.369791
v -0.492881 -0.060413 -1.371980
v -0.482029 -0.043359 -1.332088
v -0.496020 -0.060413 -1.332088
v -0.479062 -0.043359 -1.294385
v -0.492881 -0.060413 -1.292197
v -0.470233 -0.043359 -1.257610
v -0.483539 -0.060413 -1.253287
v -0.455760 -0.043359 -1.222670
v -0.468226 -0.060413 -1.216318
v -0.436000 -0.043359 -1.190423
v -0.447318 -0.060413 -1.182200
v -0.411438 -0.043359 -1.161665
v -0.421331 -0.060413 -1.151772
v -0.382679 -0.043359 -1.137103
v -0.390903 -0.060413 -1.125784
v -0.350433 -0.043360 -1.117343
v -0.356785 -0.060413 -1.104877
v -0.315492 -0.043360 -1.102870
v -0.319816 -0.060413 -1.089563
v -0.278717 -0.043360 -1.094041
v -0.280906 -0.060413 -1.080222
v -0.241014 -0.043360 -1.091074
v -0.241014 -0.060413 -1.077083
v -0.472623 -0.081672 -1.214078
v -0.451310 -0.081672 -1.179299
v -0.424820 -0.081672 -1.148283
v -0.393803 -0.081672 -1.121792
v -0.359025 -0.081672 -1.100480
v -0.321340 -0.081673 -1.084871
v -0.281678 -0.081673 -1.075349
v -0.241015 -0.081673 -1.072148
v -0.022077 -0.060392 -1.077083
v -0.039571 -0.043360 -1.091074
v -0.000308 -0.081668 -1.072148
v -0.241015 -0.081672 -1.592028
v -0.281678 -0.081672 -1.588828
v -0.321341 -0.081672 -1.579306
v -0.359025 -0.081672 -1.563696
v -0.393804 -0.081672 -1.542384
v -0.424820 -0.081672 -1.515893
v -0.451311 -0.081672 -1.484877
v -0.472623 -0.081672 -1.450098
v -0.022077 -0.060392 -1.587094
v -0.039571 -0.043360 -1.573103
v -0.472623 -0.081672 -1.450098
v -0.488232 -0.081672 -1.412414
v -0.497754 -0.081672 -1.372752
v -0.500955 -0.081672 -1.332088
v -0.497754 -0.081672 -1.291424
v -0.488232 -0.081672 -1.251762
v -0.472623 -0.081672 -1.214078
v -0.000309 -0.081668 -1.592028
v -0.241015 -0.043359 -1.573103
v -0.315492 -0.043359 -1.561307
v -0.278718 -0.043359 -1.570135
v -0.350433 -0.043359 -1.546834
v -0.382680 -0.043359 -1.527073
v -0.411438 -0.043359 -1.502511
v -0.436000 -0.043359 -1.473753
v -0.455760 -0.043359 -1.441507
v -0.470233 -0.043359 -1.406566
v -0.479062 -0.043359 -1.369791
v -0.482029 -0.043359 -1.332088
v -0.479062 -0.043359 -1.294385
v -0.470233 -0.043359 -1.257610
v -0.455760 -0.043359 -1.222670
v -0.436000 -0.043359 -1.190423
v -0.411438 -0.043359 -1.161665
v -0.382679 -0.043359 -1.137103
v -0.350433 -0.043360 -1.117343
v -0.315492 -0.043360 -1.102870
v -0.278717 -0.043360 -1.094041
v -0.241014 -0.043360 -1.091074
v -0.039571 -0.043360 -1.091074
v -0.039571 -0.043360 -1.573103
v 0.021478 0.159326 -1.587094
v 0.038954 0.197029 -1.570135
v 0.021478 0.199218 -1.583954
v 0.038954 0.159326 -1.573103
v 0.038954 0.233804 -1.561307
v 0.021478 0.238127 -1.574613
v 0.038954 0.268745 -1.546834
v 0.021478 0.275096 -1.559300
v 0.038954 0.300991 -1.527073
v 0.021478 0.309215 -1.538392
v 0.038954 0.329749 -1.502511
v 0.021478 0.339642 -1.512404
v 0.038954 0.354311 -1.473753
v 0.021478 0.365630 -1.481977
v 0.038954 0.374072 -1.441507
v 0.021478 0.386538 -1.447858
v 0.038954 0.388545 -1.406566
v 0.021478 0.401851 -1.410889
v 0.038954 0.397374 -1.369791
v 0.021478 0.411192 -1.371980
v 0.038954 0.400341 -1.332088
v 0.021478 0.414332 -1.332088
v 0.038954 0.397374 -1.294385
v 0.021478 0.411192 -1.292197
v 0.038954 0.388545 -1.257611
v 0.021478 0.401851 -1.253287
v 0.038954 0.374072 -1.222670
v 0.021478 0.386538 -1.216318
v 0.038954 0.354311 -1.190423
v 0.021478 0.365630 -1.182200
v 0.038954 0.329749 -1.161665
v 0.021478 0.339642 -1.151772
v 0.038954 0.300991 -1.137103
v 0.021478 0.309215 -1.125784
v 0.038954 0.268744 -1.117343
v 0.021478 0.275096 -1.104877
v 0.038954 0.233804 -1.102870
v 0.021478 0.238127 -1.089564
v 0.038954 0.197029 -1.094041
v 0.021478 0.199218 -1.080222
v 0.038954 0.159326 -1.091074
v 0.021478 0.159326 -1.077083
v -0.000309 0.390934 -1.214078
v -0.000309 0.369622 -1.179299
v -0.000308 0.343131 -1.148283
v -0.000308 0.312115 -1.121792
v -0.000308 0.277336 -1.100480
v -0.000308 0.239652 -1.084871
v -0.000308 0.199990 -1.075349
v -0.000308 0.159326 -1.072148
v 0.021460 -0.060392 -1.077083
v 0.038954 -0.043360 -1.091074
v -0.000308 -0.081668 -1.072148
v -0.000309 0.159326 -1.592028
v -0.000309 0.199990 -1.588828
v -0.000309 0.239652 -1.579306
v -0.000309 0.277336 -1.563696
v -0.000309 0.312115 -1.542384
v -0.000309 0.343131 -1.515894
v -0.000309 0.369622 -1.484877
v -0.000309 0.390934 -1.450099
v 0.021460 -0.060391 -1.587094
v 0.038954 -0.043359 -1.573103
v -0.000309 0.390934 -1.450099
v -0.000309 0.406544 -1.412414
v -0.000309 0.416066 -1.372752
v -0.000309 0.419266 -1.332088
v -0.000309 0.416066 -1.291425
v -0.000309 0.406544 -1.251763
v -0.000309 0.390934 -1.214078
v -0.000309 -0.081668 -1.592028
v 0.038954 0.159326 -1.573103
v 0.038954 0.233804 -1.561307
v 0.038954 0.197029 -1.570135
v 0.038954 0.268745 -1.546834
v 0.038954 0.300991 -1.527073
v 0.038954 0.329749 -1.502511
v 0.038954 0.354311 -1.473753
v 0.038954 0.374072 -1.441507
v 0.038954 0.388545 -1.406566
v 0.038954 0.397374 -1.369791
v 0.038954 0.400341 -1.332088
v 0.038954 0.397374 -1.294385
v 0.038954 0.388545 -1.257611
v 0.038954 0.374072 -1.222670
v 0.038954 0.354311 -1.190423
v 0.038954 0.329749 -1.161665
v 0.038954 0.300991 -1.137103
v 0.038954 0.268744 -1.117343
v 0.038954 0.233804 -1.102870
v 0.038954 0.197029 -1.094041
v 0.038954 0.159326 -1.091074
v 0.038954 -0.043360 -1.091074
v 0.038954 -0.043359 -1.573103
v 0.240398 -0.102933 -1.587094
v 0.278101 -0.119986 -1.570136
v 0.280290 -0.102933 -1.583954
v 0.240398 -0.119986 -1.573103
v 0.314876 -0.119986 -1.561307
v 0.319199 -0.102933 -1.574613
v 0.349816 -0.119986 -1.546834
v 0.356168 -0.102933 -1.559300
v 0.382063 -0.119986 -1.527073
v 0.390286 -0.102933 -1.538392
v 0.410821 -0.119986 -1.502511
v 0.420714 -0.102933 -1.512404
v 0.435383 -0.119986 -1.473753
v 0.446702 -0.102933 -1.481977
v 0.455144 -0.119986 -1.441507
v 0.467609 -0.102933 -1.447858
v 0.469617 -0.119986 -1.406566
v 0.482923 -0.102933 -1.410889
v 0.478445 -0.119986 -1.369791
v 0.492264 -0.102933 -1.371980
v 0.481413 -0.119986 -1.332088
v 0.495404 -0.102933 -1.332088
v 0.478445 -0.119986 -1.294385
v 0.492264 -0.102933 -1.292197
v 0.469617 -0.119986 -1.257611
v 0.482923 -0.102933 -1.253287
v 0.455144 -0.119986 -1.222670
v 0.467610 -0.102933 -1.216318
v 0.435383 -0.119986 -1.190423
v 0.446702 -0.102933 -1.182200
v 0.410821 -0.119986 -1.161665
v 0.420714 -0.102933 -1.151772
v 0.382063 -0.119986 -1.137103
v 0.390287 -0.102933 -1.125785
v 0.349816 -0.119986 -1.117343
v 0.356168 -0.102933 -1.104877
v 0.314875 -0.119986 -1.102870
v 0.319199 -0.102933 -1.089564
v 0.278101 -0.119986 -1.094041
v 0.280289 -0.102933 -1.080222
v 0.240398 -0.119986 -1.091074
v 0.240398 -0.102933 -1.077083
v 0.472006 -0.081673 -1.214078
v 0.450694 -0.081673 -1.179299
v 0.424203 -0.081673 -1.148283
v 0.393187 -0.081673 -1.121793
v 0.358408 -0.081673 -1.100480
v 0.320724 -0.081673 -1.084871
v 0.281061 -0.081673 -1.075349
v 0.240398 -0.081673 -1.072148
v -0.000308 -0.102932 -1.077083
v -0.000308 -0.119986 -1.091074
v -0.000308 -0.081668 -1.072148
v 0.240398 -0.081673 -1.592028
v 0.281061 -0.081673 -1.588828
v 0.320724 -0.081673 -1.579306
v 0.358408 -0.081673 -1.563697
v 0.393187 -0.081673 -1.542384
v 0.424203 -0.081673 -1.515894
v 0.450694 -0.081673 -1.484877
v 0.472006 -0.081673 -1.450099
v -0.000308 -0.102932 -1.587094
v -0.000308 -0.119986 -1.573103
v 0.472006 -0.081673 -1.450099
v 0.487615 -0.081673 -1.412414
v 0.497137 -0.081673 -1.372752
v 0.500338 -0.081673 -1.332088
v 0.497138 -0.081673 -1.291425
v 0.487615 -0.081673 -1.251763
v 0.472006 -0.081673 -1.214078
v -0.000309 -0.081668 -1.592028
v 0.240398 -0.119986 -1.573103
v 0.314876 -0.119986 -1.561307
v 0.278101 -0.119986 -1.570136
v 0.349816 -0.119986 -1.546834
v 0.382063 -0.119986 -1.527073
v 0.410821 -0.119986 -1.502511
v 0.435383 -0.119986 -1.473753
v 0.455144 -0.119986 -1.441507
v 0.469617 -0.119986 -1.406566
v 0.478445 -0.119986 -1.369791
v 0.481413 -0.119986 -1.332088
v 0.478445 -0.119986 -1.294385
v 0.469617 -0.119986 -1.257611
v 0.455144 -0.119986 -1.222670
v 0.435383 -0.119986 -1.190423
v 0.410821 -0.119986 -1.161665
v 0.382063 -0.119986 -1.137103
v 0.349816 -0.119986 -1.117343
v 0.314875 -0.119986 -1.102870
v 0.278101 -0.119986 -1.094041
v 0.240398 -0.119986 -1.091074
v -0.000308 -0.119986 -1.091074
v -0.000308 -0.119986 -1.573103
v 0.240398 -0.060413 -1.077083
v 0.278101 -0.043360 -1.094041
v 0.280289 -0.060413 -1.080222
v 0.240398 -0.043360 -1.091074
v 0.314875 -0.043360 -1.102870
v 0.319199 -0.060413 -1.089564
v 0.349816 -0.043360 -1.117343
v 0.356168 -0.060413 -1.104877
v 0.382063 -0.043360 -1.137103
v 0.390286 -0.060413 -1.125785
v 0.410821 -0.043360 -1.161665
v 0.420714 -0.060413 -1.151772
v 0.435383 -0.043360 -1.190423
v 0.446702 -0.060413 -1.182200
v 0.455143 -0.043360 -1.222670
v 0.467609 -0.060413 -1.216318
v 0.469616 -0.043360 -1.257611
v 0.482923 -0.060413 -1.253287
v 0.478445 -0.043360 -1.294385
v 0.492264 -0.060413 -1.292197
v 0.481412 -0.043360 -1.332088
v 0.495403 -0.060413 -1.332088
v 0.478445 -0.043360 -1.369791
v 0.492264 -0.060413 -1.371980
v 0.469616 -0.043360 -1.406566
v 0.482922 -0.060413 -1.410889
v 0.455143 -0.043360 -1.441507
v 0.467609 -0.060413 -1.447858
v 0.435383 -0.043360 -1.473753
v 0.446701 -0.060413 -1.481977
v 0.410821 -0.043360 -1.502511
v 0.420714 -0.060413 -1.512404
v 0.382063 -0.043360 -1.527073
v 0.390286 -0.060413 -1.538392
v 0.349816 -0.043360 -1.546834
v 0.356168 -0.060413 -1.559300
v 0.314875 -0.043360 -1.561307
v 0.319199 -0.060413 -1.574613
v 0.278101 -0.043360 -1.570136
v 0.280289 -0.060413 -1.583954
v 0.240398 -0.043360 -1.573103
v 0.240398 -0.060413 -1.587094
v 0.472006 -0.081673 -1.450099
v 0.450694 -0.081673 -1.484877
v 0.424203 -0.081673 -1.515894
v 0.393187 -0.081673 -1.542384
v 0.358408 -0.081673 -1.563697
v 0.320724 -0.081673 -1.579306
v 0.281061 -0.081673 -1.588828
v 0.240398 -0.081673 -1.592028
v 0.021460 -0.060391 -1.587094
v 0.038954 -0.043359 -1.573103
v -0.000309 -0.081668 -1.592028
v 0.240398 -0.081673 -1.072148
v 0.281061 -0.081673 -1.075349
v 0.320724 -0.081673 -1.084871
v 0.358408 -0.081673 -1.100480
v 0.393187 -0.081673 -1.121793
v 0.424203 -0.081673 -1.148283
v 0.450694 -0.081673 -1.179299
v 0.472006 -0.081673 -1.214078
v 0.021460 -0.060392 -1.077083
v 0.038954 -0.043360 -1.091074
v 0.472006 -0.081673 -1.214078
v 0.487615 -0.081673 -1.251763
v 0.497138 -0.081673 -1.291425
v 0.500338 -0.081673 -1.332088
v 0.497137 -0.081673 -1.372752
v 0.487615 -0.081673 -1.412414
v 0.472006 -0.081673 -1.450099
v -0.000308 -0.081668 -1.072148
v 0.240398 -0.043360 -1.091074
v 0.314875 -0.043360 -1.102870
v 0.278101 -0.043360 -1.094041
v 0.349816 -0.043360 -1.117343
v 0.382063 -0.043360 -1.137103
v 0.410821 -0.043360 -1.161665
v 0.435383 -0.043360 -1.190423
v 0.455143 -0.043360 -1.222670
v 0.469616 -0.043360 -1.257611
v 0.478445 -0.043360 -1.294385
v 0.481412 -0.043360 -1.332088
v 0.478445 -0.043360 -1.369791
v 0.469616 -0.043360 -1.406566
v 0.455143 -0.043360 -1.441507
v 0.435383 -0.043360 -1.473753
v 0.410821 -0.043360 -1.502511
v 0.382063 -0.043360 -1.527073
v 0.349816 -0.043360 -1.546834
v 0.314875 -0.043360 -1.561307
v 0.278101 -0.043360 -1.570136
v 0.240398 -0.043360 -1.573103
v 0.038954 -0.043359 -1.573103
v 0.038954 -0.043360 -1.091074
vn -0.0000 0.2014 0.9795
vn -0.0393 0.1975 0.9795
vn 0.0036 -0.0000 1.0000
vn -0.0840 0.2119 0.9737
vn 0.0393 0.1975 0.9795
vn 0.0771 0.1861 0.9795
vn 0.1119 0.1675 0.9795
vn 0.1424 0.1424 0.9795
vn 0.1675 0.1119 0.9795
vn 0.1861 0.0771 0.9795
vn 0.1975 0.0393 0.9795
vn 0.2014 -0.0000 0.9795
vn 0.1975 -0.0393 0.9795
vn 0.1861 -0.0771 0.9795
vn 0.1675 -0.1119 0.9795
vn 0.1424 -0.1424 0.9795
vn 0.1119 -0.1675 0.9795
vn -0.0808 0.4060 0.9103
vn -0.1584 0.3825 0.9103
vn -0.2300 0.3442 0.9103
vn -0.1295 0.1876 0.9737
vn -0.2927 0.2927 0.9103
vn -0.1424 0.1424 0.9795
vn -0.1675 0.1119 0.9795
vn -0.1861 0.0771 0.9795
vn -0.1975 0.0393 0.9795
vn -0.2014 -0.0000 0.9795
vn -0.1975 -0.0393 0.9795
vn -0.1861 -0.0771 0.9795
vn -0.1675 -0.1119 0.9795
vn -0.1424 -0.1424 0.9795
vn -0.1295 -0.1876 0.9737
vn -0.3442 0.2300 0.9103
vn -0.3825 0.1584 0.9103
vn -0.4060 0.0808 0.9103
vn -0.4140 -0.0000 0.9103
vn -0.4060 -0.0808 0.9103
vn -0.3825 -0.1584 0.9103
vn -0.3442 -0.2300 0.9103
vn -0.2927 -0.2927 0.9103
vn -0.2300 -0.3442 0.9103
vn -0.1584 -0.3825 0.9103
vn -0.0840 -0.2119 0.9737
vn -0.0808 -0.4060 0.9103
vn -0.0393 -0.1975 0.9795
vn -0.0000 -0.2014 0.9795
vn 0.0393 -0.1975 0.9795
vn 0.0771 -0.1861 0.9795
vn -0.0000 -0.4140 0.9103
vn 0.0808 -0.4060 0.9103
vn 0.1584 -0.3825 0.9103
vn 0.2300 -0.3442 0.9103
vn 0.2927 -0.2927 0.9103
vn 0.3442 -0.2300 0.9103
vn 0.3825 -0.1584 0.9103
vn 0.4060 -0.0808 0.9103
vn 0.4140 -0.0000 0.9103
vn 0.4060 0.0808 0.9103
vn 0.3825 0.1584 0.9103
vn 0.3442 0.2300 0.9103
vn 0.2927 0.2927 0.9103
vn 0.2300 0.3442 0.9103
vn 0.1584 0.3825 0.9103
vn 0.0808 0.4060 0.9103
vn -0.0000 0.4140 0.9103
vn -0.0540 0.1011 0.9934
vn -0.0543 -0.0000 0.9985
vn -0.0540 -0.1011 0.9934
vn -0.0808 0.4061 0.9103
vn -0.1213 0.6099 0.7831
vn -0.2380 0.5745 0.7831
vn -0.3455 0.5171 0.7831
vn -0.2300 0.3443 0.9103
vn -0.4397 0.4397 0.7831
vn -0.2928 0.2928 0.9103
vn -0.5170 0.3455 0.7831
vn -0.3443 0.2300 0.9103
vn -0.5745 0.2380 0.7831
vn -0.3825 0.1585 0.9103
vn -0.6099 0.1213 0.7831
vn -0.4061 0.0808 0.9103
vn -0.6219 -0.0000 0.7831
vn -0.6099 -0.1213 0.7831
vn -0.4061 -0.0808 0.9103
vn -0.5745 -0.2380 0.7831
vn -0.5170 -0.3455 0.7831
vn -0.3443 -0.2300 0.9103
vn -0.4397 -0.4397 0.7831
vn -0.2928 -0.2928 0.9103
vn -0.3455 -0.5170 0.7831
vn -0.2300 -0.3443 0.9103
vn -0.2380 -0.5745 0.7831
vn -0.1213 -0.6099 0.7831
vn -0.0808 -0.4061 0.9103
vn -0.0000 -0.6219 0.7831
vn -0.7315 -0.3030 0.6108
vn -0.7766 -0.1545 0.6108
vn -0.6583 -0.4399 0.6108
vn -0.5599 -0.5599 0.6108
vn -0.4399 -0.6583 0.6108
vn -0.3030 -0.7315 0.6108
vn -0.1545 -0.7766 0.6108
vn -0.0000 -0.7918 0.6108
vn -0.8443 -0.3497 0.4060
vn -0.8963 -0.1783 0.4060
vn -0.7918 -0.0000 0.6108
vn -0.7766 0.1545 0.6108
vn -0.7315 0.3030 0.6108
vn -0.6583 0.4399 0.6108
vn -0.5599 0.5599 0.6108
vn -0.4399 0.6583 0.6108
vn -0.3030 0.7315 0.6108
vn -0.1545 0.7766 0.6108
vn -0.0000 0.6219 0.7831
vn -0.0000 0.7918 0.6108
vn -0.3497 0.8443 0.4060
vn -0.1783 0.8963 0.4060
vn -0.0000 0.9139 0.4060
vn -0.5077 0.7599 0.4060
vn -0.6462 0.6462 0.4060
vn -0.7599 0.5077 0.4060
vn -0.3737 0.9023 0.2151
vn -0.1905 0.9578 0.2151
vn -0.0000 0.9766 0.2151
vn -0.5426 0.8120 0.2151
vn -0.6906 0.6906 0.2151
vn -0.8120 0.5426 0.2151
vn -0.9023 0.3737 0.2151
vn -0.8443 0.3497 0.4060
vn -0.8963 0.1783 0.4060
vn -0.9139 -0.0000 0.4060
vn -0.9578 0.1905 0.2151
vn -0.9766 -0.0000 0.2151
vn -0.9578 -0.1905 0.2151
vn -0.9023 -0.3737 0.2151
vn -0.8120 -0.5426 0.2151
vn -0.7599 -0.5077 0.4060
vn -0.6462 -0.6462 0.4060
vn -0.5077 -0.7599 0.4060
vn -0.3497 -0.8443 0.4060
vn -0.1783 -0.8963 0.4060
vn -0.0000 -0.9139 0.4060
vn -0.6906 -0.6906 0.2151
vn -0.5426 -0.8120 0.2151
vn -0.3737 -0.9023 0.2151
vn -0.1905 -0.9578 0.2151
vn -0.0000 -0.9766 0.2151
vn -0.5538 -0.8288 0.0794
vn -0.7049 -0.7049 0.0794
vn -0.8288 -0.5538 0.0794
vn -0.9210 -0.3815 0.0794
vn -0.9777 -0.1945 0.0794
vn -0.9968 -0.0000 0.0794
vn -0.9777 0.1945 0.0794
vn -0.9210 0.3815 0.0794
vn -0.8541 0.5106 0.0993
vn -0.7677 0.6292 0.1217
vn -0.7258 0.6769 0.1223
vn -0.6297 0.7673 0.1218
vn -0.5692 0.8131 0.1223
vn -0.4679 0.8754 0.1218
vn -0.3901 0.9126 0.1224
vn -0.1992 0.9723 0.1224
vn -0.0000 0.9925 0.1224
vn -0.8813 0.4711 0.0366
vn -0.9465 0.3206 0.0367
vn -0.9563 0.2901 0.0366
vn -0.9808 0.1951 -0.0004
vn -1.0000 -0.0000 -0.0004
vn -0.9808 -0.1951 -0.0004
vn -0.9239 -0.3827 -0.0004
vn -0.8315 -0.5556 -0.0004
vn -0.7071 -0.7071 -0.0004
vn -0.5556 -0.8315 -0.0004
vn -0.3827 -0.9239 -0.0004
vn -0.3815 -0.9210 0.0794
vn -0.1945 -0.9777 0.0794
vn -0.0000 -0.9968 0.0794
vn -0.1951 -0.9808 -0.0004
vn -0.0000 -1.0000 -0.0004
vn -0.7043 -0.7043 -0.0886
vn -0.8282 -0.5534 -0.0886
vn -0.9202 -0.3812 -0.0886
vn -0.9769 -0.1943 -0.0886
vn -0.9961 -0.0000 -0.0886
vn -0.9769 0.1944 -0.0886
vn -0.9563 0.2901 -0.0373
vn -0.9569 0.2903 0.0019
vn -0.9562 0.2902 -0.0374
vn -0.9469 0.3195 -0.0371
vn -0.9203 0.3810 -0.0883
vn -0.8770 0.4687 -0.1059
vn -0.9052 0.3749 -0.2002
vn -0.8733 0.4668 -0.1395
vn -0.8494 0.5089 -0.1400
vn -0.8146 0.5443 -0.2002
vn -0.7655 0.6282 -0.1395
vn -0.7239 0.6755 -0.1400
vn -0.6928 0.6928 -0.2002
vn -0.6282 0.7655 -0.1395
vn -0.6151 0.7495 -0.2447
vn -0.9609 0.1911 -0.2002
vn -0.9798 -0.0000 -0.2002
vn -0.9609 -0.1911 -0.2002
vn -0.9052 -0.3749 -0.2002
vn -0.8146 -0.5443 -0.2002
vn -0.6928 -0.6928 -0.2002
vn -0.5443 -0.8146 -0.2002
vn -0.5534 -0.8282 -0.0886
vn -0.3812 -0.9202 -0.0886
vn -0.1943 -0.9769 -0.0886
vn -0.0000 -0.9961 -0.0886
vn -0.3749 -0.9052 -0.2002
vn -0.1911 -0.9609 -0.2002
vn -0.0000 -0.9798 -0.2002
vn -0.5230 -0.7827 -0.3374
vn -0.6656 -0.6656 -0.3374
vn -0.3602 -0.8697 -0.3374
vn -0.1837 -0.9233 -0.3374
vn -0.0000 -0.9414 -0.3374
vn -0.4852 -0.7261 -0.4871
vn -0.6175 -0.6175 -0.4871
vn -0.7827 -0.5230 -0.3374
vn -0.8697 -0.3602 -0.3374
vn -0.9233 -0.1837 -0.3374
vn -0.9414 -0.0000 -0.3374
vn -0.9233 0.1837 -0.3374
vn -0.8697 0.3602 -0.3374
vn -0.7827 0.5230 -0.3374
vn -0.6656 0.6656 -0.3374
vn -0.5230 0.7827 -0.3374
vn -0.5530 0.7913 -0.2609
vn -0.3823 0.8865 -0.2609
vn -0.3602 0.8697 -0.3374
vn -0.4852 0.7261 -0.4871
vn -0.3342 0.8068 -0.4871
vn -0.1837 0.9233 -0.3374
vn -0.1704 0.8565 -0.4871
vn -0.0000 0.9414 -0.3374
vn -0.0000 0.9654 -0.2609
vn -0.1936 0.9457 -0.2609
vn -0.0000 0.8733 -0.4871
vn -0.6175 0.6175 -0.4871
vn -0.7261 0.4852 -0.4871
vn -0.8068 0.3342 -0.4871
vn -0.8565 0.1704 -0.4871
vn -0.8733 -0.0000 -0.4871
vn -0.8565 -0.1704 -0.4871
vn -0.8068 -0.3342 -0.4871
vn -0.7261 -0.4852 -0.4871
vn -0.6383 0.4265 -0.6409
vn -0.5428 0.5428 -0.6409
vn -0.4265 0.6383 -0.6409
vn -0.2938 0.7092 -0.6409
vn -0.1498 0.7529 -0.6408
vn -0.7092 0.2938 -0.6409
vn -0.7529 0.1498 -0.6409
vn -0.7677 -0.0000 -0.6409
vn -0.7529 -0.1498 -0.6409
vn -0.7092 -0.2938 -0.6409
vn -0.6383 -0.4265 -0.6409
vn -0.5428 -0.5428 -0.6409
vn -0.4265 -0.6383 -0.6409
vn -0.2938 -0.7092 -0.6409
vn -0.3342 -0.8068 -0.4871
vn -0.1704 -0.8565 -0.4871
vn -0.0000 -0.8733 -0.4871
vn -0.1498 -0.7529 -0.6408
vn -0.0000 -0.7677 -0.6409
vn -0.3316 -0.4963 -0.8023
vn -0.4221 -0.4221 -0.8023
vn -0.2284 -0.5515 -0.8023
vn -0.1165 -0.5855 -0.8023
vn -0.1498 -0.7529 -0.6409
vn -0.0000 -0.5970 -0.8023
vn -0.0000 -0.5969 -0.8023
vn -0.1890 -0.2829 -0.9403
vn -0.2406 -0.2406 -0.9403
vn -0.4963 -0.3316 -0.8023
vn -0.5515 -0.2284 -0.8023
vn -0.5855 -0.1165 -0.8023
vn -0.5969 -0.0000 -0.8023
vn -0.5855 0.1165 -0.8023
vn -0.5515 0.2284 -0.8023
vn -0.4963 0.3316 -0.8023
vn -0.4221 0.4221 -0.8023
vn -0.3316 0.4963 -0.8023
vn -0.2284 0.5515 -0.8023
vn -0.1165 0.5855 -0.8023
vn -0.0000 0.7677 -0.6409
vn -0.1302 0.3143 -0.9403
vn -0.0813 0.3813 -0.9209
vn -0.0000 0.5969 -0.8023
vn -0.1890 0.2829 -0.9403
vn -0.2406 0.2406 -0.9403
vn -0.2829 0.1890 -0.9403
vn -0.3143 0.1302 -0.9403
vn -0.1498 0.7529 -0.6409
vn 0.0054 0.3898 -0.9209
vn -0.0813 0.3812 -0.9209
vn -0.3337 0.0664 -0.9403
vn -0.3402 -0.0000 -0.9403
vn -0.3337 -0.0664 -0.9403
vn -0.3143 -0.1302 -0.9403
vn -0.2829 -0.1890 -0.9403
vn 0.0808 -0.4061 0.9103
vn 0.1213 -0.6099 0.7831
vn 0.2380 -0.5745 0.7831
vn 0.1585 -0.3825 0.9103
vn 0.3455 -0.5170 0.7831
vn 0.2300 -0.3443 0.9103
vn 0.4397 -0.4397 0.7831
vn 0.2928 -0.2928 0.9103
vn 0.5171 -0.3455 0.7831
vn 0.3443 -0.2300 0.9103
vn 0.5745 -0.2380 0.7831
vn 0.3825 -0.1585 0.9103
vn 0.6099 -0.1213 0.7831
vn 0.4061 -0.0808 0.9103
vn 0.6219 -0.0000 0.7831
vn 0.6099 0.1213 0.7831
vn 0.4061 0.0808 0.9103
vn 0.5745 0.2380 0.7831
vn 0.5170 0.3455 0.7831
vn 0.3443 0.2300 0.9103
vn 0.4397 0.4397 0.7831
vn 0.2928 0.2928 0.9103
vn 0.3455 0.5171 0.7831
vn 0.2300 0.3443 0.9103
vn 0.2380 0.5745 0.7831
vn 0.1213 0.6099 0.7831
vn 0.0808 0.4061 0.9103
vn 0.7315 0.3030 0.6108
vn 0.7766 0.1545 0.6108
vn 0.7918 -0.0000 0.6108
vn 0.7766 -0.1545 0.6108
vn 0.7315 -0.3030 0.6108
vn 0.6583 -0.4399 0.6108
vn 0.5599 -0.5599 0.6108
vn 0.4399 -0.6583 0.6108
vn 0.3030 -0.7315 0.6108
vn 0.1545 -0.7766 0.6108
vn 0.3497 -0.8443 0.4060
vn 0.1783 -0.8963 0.4060
vn 0.5077 -0.7599 0.4060
vn 0.6462 -0.6462 0.4060
vn 0.7599 -0.5077 0.4060
vn 0.8443 -0.3497 0.4060
vn 0.8963 -0.1783 0.4060
vn 0.9139 -0.0000 0.4060
vn 0.8963 0.1783 0.4060
vn 0.8443 0.3497 0.4060
vn 0.7599 0.5077 0.4060
vn 0.6583 0.4399 0.6108
vn 0.5599 0.5599 0.6108
vn 0.4399 0.6583 0.6108
vn 0.3030 0.7315 0.6108
vn 0.1545 0.7766 0.6108
vn 0.6462 0.6462 0.4060
vn 0.5077 0.7599 0.4060
vn 0.3497 0.8443 0.4060
vn 0.1783 0.8963 0.4060
vn 0.5426 0.8120 0.2151
vn 0.6906 0.6906 0.2151
vn 0.8120 0.5426 0.2151
vn 0.9023 0.3737 0.2151
vn 0.9578 0.1905 0.2151
vn 0.9766 -0.0000 0.2151
vn 0.9578 -0.1905 0.2151
vn 0.9023 -0.3737 0.2151
vn 0.8120 -0.5426 0.2151
vn 0.6906 -0.6906 0.2151
vn 0.5426 -0.8120 0.2151
vn 0.3737 -0.9023 0.2151
vn 0.1905 -0.9578 0.2151
vn 0.1945 -0.9777 0.0794
vn 0.3815 -0.9210 0.0794
vn 0.5538 -0.8288 0.0794
vn 0.7049 -0.7049 0.0794
vn 0.8288 -0.5538 0.0794
vn 0.9210 -0.3815 0.0794
vn 0.9777 -0.1945 0.0794
vn 0.9968 -0.0000 0.0794
vn 0.9777 0.1945 0.0794
vn 0.9210 0.3815 0.0794
vn 0.8541 0.5106 0.0993
vn 0.7677 0.6292 0.1217
vn 0.7258 0.6769 0.1223
vn 0.6297 0.7673 0.1218
vn 0.5692 0.8131 0.1223
vn 0.4679 0.8754 0.1218
vn 0.3737 0.9023 0.2151
vn 0.1905 0.9578 0.2151
vn 0.3901 0.9126 0.1224
vn 0.1992 0.9723 0.1224
vn 0.3827 0.9188 0.0968
vn 0.4752 0.8781 -0.0564
vn 0.5038 0.8578 -0.1021
vn 0.4988 0.8414 -0.2080
vn 0.5126 0.8414 -0.1713
vn 0.4790 0.8215 -0.3095
vn 0.4600 0.8277 -0.3215
vn 0.4919 0.8178 -0.2987
vn 0.4336 0.8258 -0.3607
vn 0.5170 0.7980 -0.3097
vn 0.5194 0.8026 -0.2932
vn 0.4736 0.8473 -0.2406
vn 0.4721 0.8304 -0.2959
vn 0.4730 0.8444 -0.2514
vn 0.4287 0.8926 -0.1399
vn 0.4207 0.8973 -0.1337
vn 0.3868 0.9193 -0.0728
vn 0.3845 0.9203 -0.0717
vn 0.4124 0.9109 -0.0124
vn 0.4150 0.9096 -0.0198
vn 0.4100 0.9019 0.1358
vn 0.4101 0.9031 0.1277
vn 0.4208 0.8726 0.2481
vn 0.4191 0.8757 0.2399
vn 0.4068 0.8693 0.2809
vn 0.4070 0.8671 0.2871
vn 0.4409 0.8405 0.3149
vn 0.4410 0.8505 0.2868
vn 0.4433 0.8381 0.3181
vn 0.4479 0.8306 0.3309
vn 0.4842 0.8179 0.3108
vn 0.4834 0.8309 0.2757
vn 0.5256 0.8338 0.1692
vn 0.5418 0.8143 0.2080
vn 0.5239 0.8420 0.1284
vn 0.5253 0.8438 0.1102
vn 0.5256 0.8406 0.1309
vn 0.4598 0.8879 -0.0112
vn 0.4841 0.8750 0.0053
vn 0.2816 0.9593 -0.0210
vn 0.3096 0.9507 0.0170
vn 0.1505 0.9134 0.3782
vn 0.1743 0.9172 0.3582
vn 0.1035 0.9003 0.4228
vn -0.0067 0.9329 0.3602
vn -0.0060 0.9327 0.3605
vn -0.0000 -0.6218 0.7831
vn 0.1951 -0.9808 -0.0004
vn 0.3827 -0.9239 -0.0004
vn 0.5556 -0.8315 -0.0004
vn 0.7071 -0.7071 -0.0004
vn 0.8315 -0.5556 -0.0004
vn 0.9239 -0.3827 -0.0004
vn 0.9808 -0.1951 -0.0004
vn 1.0000 -0.0000 -0.0004
vn 0.9808 0.1951 -0.0004
vn 0.9563 0.2901 0.0366
vn 0.9569 0.2903 0.0019
vn 0.9465 0.3207 0.0367
vn 0.8813 0.4711 0.0366
vn 0.9769 -0.1943 -0.0886
vn 0.9202 -0.3812 -0.0886
vn 0.9961 -0.0000 -0.0886
vn 0.9769 0.1943 -0.0886
vn 0.9562 0.2902 -0.0373
vn 0.9202 0.3812 -0.0886
vn 0.9455 0.3235 -0.0364
vn 0.9563 0.2901 -0.0373
vn 0.8770 0.4687 -0.1059
vn 0.9609 -0.1911 -0.2002
vn 0.9052 -0.3749 -0.2002
vn 0.8282 -0.5534 -0.0886
vn 0.7043 -0.7043 -0.0886
vn 0.5534 -0.8282 -0.0886
vn 0.3812 -0.9202 -0.0886
vn 0.1943 -0.9769 -0.0886
vn 0.1911 -0.9609 -0.2002
vn 0.3749 -0.9052 -0.2002
vn 0.5443 -0.8146 -0.2002
vn 0.6928 -0.6928 -0.2002
vn 0.8146 -0.5443 -0.2002
vn 0.1837 -0.9233 -0.3374
vn 0.3602 -0.8697 -0.3374
vn 0.5230 -0.7827 -0.3374
vn 0.6656 -0.6656 -0.3374
vn 0.7827 -0.5230 -0.3374
vn 0.8697 -0.3602 -0.3374
vn 0.9233 -0.1836 -0.3374
vn 0.9414 -0.0000 -0.3374
vn 0.9798 -0.0000 -0.2002
vn 0.9609 0.1911 -0.2002
vn 0.9052 0.3749 -0.2002
vn 0.8733 0.4668 -0.1395
vn 0.8146 0.5443 -0.2002
vn 0.8494 0.5089 -0.1400
vn 0.7655 0.6282 -0.1395
vn 0.6928 0.6928 -0.2002
vn 0.7239 0.6755 -0.1400
vn 0.6282 0.7655 -0.1395
vn 0.6151 0.7495 -0.2447
vn 0.9233 0.1837 -0.3374
vn 0.8697 0.3602 -0.3374
vn 0.7827 0.5230 -0.3374
vn 0.6656 0.6656 -0.3374
vn 0.5230 0.7827 -0.3374
vn 0.5530 0.7913 -0.2609
vn 0.8565 0.1704 -0.4871
vn 0.8733 -0.0000 -0.4871
vn 0.8565 -0.1704 -0.4871
vn 0.8068 -0.3342 -0.4871
vn 0.7261 -0.4852 -0.4871
vn 0.6175 -0.6175 -0.4871
vn 0.4852 -0.7261 -0.4871
vn 0.3342 -0.8068 -0.4871
vn 0.1704 -0.8565 -0.4871
vn 0.1498 -0.7529 -0.6409
vn 0.2938 -0.7092 -0.6409
vn 0.4265 -0.6383 -0.6409
vn 0.5428 -0.5428 -0.6409
vn 0.6383 -0.4265 -0.6409
vn 0.7092 -0.2938 -0.6409
vn 0.7529 -0.1498 -0.6409
vn 0.7677 -0.0000 -0.6409
vn 0.7529 0.1498 -0.6409
vn 0.7092 0.2938 -0.6409
vn 0.8068 0.3342 -0.4871
vn 0.7261 0.4852 -0.4871
vn 0.6175 0.6175 -0.4871
vn 0.4852 0.7261 -0.4871
vn 0.3342 0.8068 -0.4871
vn 0.3602 0.8697 -0.3374
vn 0.1704 0.8565 -0.4871
vn 0.1837 0.9233 -0.3374
vn 0.2803 0.9241 -0.2598
vn 0.3823 0.8865 -0.2609
vn 0.5428 0.5428 -0.6409
vn 0.6383 0.4265 -0.6409
vn 0.2938 0.7092 -0.6409
vn 0.4265 0.6383 -0.6409
vn 0.4963 0.3316 -0.8023
vn 0.5515 0.2284 -0.8023
vn 0.5855 0.1165 -0.8023
vn 0.5969 -0.0000 -0.8023
vn 0.5855 -0.1165 -0.8023
vn 0.5515 -0.2284 -0.8023
vn 0.4963 -0.3316 -0.8023
vn 0.4221 -0.4221 -0.8023
vn 0.3316 -0.4963 -0.8023
vn 0.2284 -0.5515 -0.8023
vn 0.1165 -0.5855 -0.8023
vn 0.1302 -0.3143 -0.9403
vn 0.0664 -0.3337 -0.9404
vn 0.1890 -0.2829 -0.9403
vn 0.2406 -0.2406 -0.9403
vn 0.2829 -0.1890 -0.9403
vn 0.3143 -0.1302 -0.9403
vn -0.0000 -0.3402 -0.9403
vn 0.0664 -0.3337 -0.9403
vn 0.3337 -0.0664 -0.9403
vn 0.3402 -0.0000 -0.9403
vn 0.3337 0.0664 -0.9403
vn 0.3143 0.1302 -0.9403
vn 0.2829 0.1890 -0.9403
vn 0.2406 0.2406 -0.9403
vn 0.4221 0.4221 -0.8023
vn 0.3316 0.4963 -0.8023
vn 0.2284 0.5515 -0.8023
vn 0.1165 0.5855 -0.8023
vn 0.1498 0.7529 -0.6409
vn 0.1890 0.2829 -0.9403
vn 0.1302 0.3143 -0.9403
vn 0.0664 0.3337 -0.9403
vn 0.1936 0.9457 -0.2609
vn -0.1302 -0.3143 -0.9403
vn -0.0664 -0.3337 -0.9403
vn -0.0172 0.1746 -0.9845
vn 0.0006 -0.0057 -1.0000
vn 0.0053 0.3898 -0.9209
vn -0.2803 0.9241 -0.2598
vn -0.0945 0.8973 0.4313
vn -0.1357 0.9164 0.3766
vn -0.1499 0.9426 0.2983
vn -0.3287 0.9434 -0.0441
vn -0.3374 0.9393 -0.0626
vn -0.4789 0.8779 -0.0002
vn -0.5002 0.8651 0.0369
vn -0.4678 0.8549 0.2242
vn -0.4596 0.8503 0.2563
vn -0.4684 0.8625 0.1915
vn -0.5240 0.8344 0.1711
vn -0.5404 0.8121 0.2203
vn -0.4888 0.8190 0.3005
vn -0.4779 0.8306 0.2857
vn -0.4462 0.8408 0.3065
vn -0.4444 0.8329 0.3298
vn -0.4430 0.8389 0.3160
vn -0.4389 0.8496 0.2923
vn -0.4070 0.8714 0.2739
vn -0.4073 0.8690 0.2809
vn -0.4192 0.8719 0.2529
vn -0.4206 0.8743 0.2424
vn -0.4102 0.9020 0.1345
vn -0.4099 0.9033 0.1266
vn -0.4147 0.9099 -0.0079
vn -0.4122 0.9109 -0.0152
vn -0.3847 0.9191 -0.0846
vn -0.3872 0.9183 -0.0824
vn -0.4213 0.8963 -0.1384
vn -0.4283 0.8944 -0.1290
vn -0.4698 0.8487 -0.2430
vn -0.4753 0.8445 -0.2469
vn -0.4752 0.8278 -0.2982
vn -0.5195 0.8037 -0.2901
vn -0.5145 0.8095 -0.2827
vn -0.4627 0.8259 -0.3221
vn -0.4223 0.8217 -0.3827
vn -0.4859 0.8211 -0.2996
vn -0.5005 0.8401 -0.2093
vn -0.4759 0.8189 -0.3208
vn -0.5150 0.8401 -0.1701
vn -0.4790 0.8751 -0.0696
vn -0.5076 0.8560 -0.0985
vn -0.3530 0.9293 0.1081
vn -0.3418 0.9353 0.0913
vn -0.1334 0.9136 -0.3842
vn -0.1363 0.9058 -0.4013
vn 0.0033 0.9380 -0.3465
vn 0.0030 0.9380 -0.3467
vn 0.1084 0.9187 -0.3798
vn 0.0990 0.9131 -0.3955
vn 0.1036 -0.0000 0.9946
vn 0.1087 -0.0000 0.9941
vn -0.0000 -0.0000 1.0000
vn 0.2299 -0.0000 0.9732
vn 0.2168 -0.0000 0.9762
vn 0.3590 -0.0000 0.9333
vn 0.3380 -0.0000 0.9411
vn 0.4808 -0.0000 0.8769
vn 0.4607 -0.0000 0.8876
vn 0.6254 -0.0000 0.7803
vn 0.5932 -0.0000 0.8050
vn 0.7448 -0.0000 0.6672
vn 0.7308 -0.0000 0.6826
vn 0.8344 -0.0000 0.5512
vn 0.8164 -0.0000 0.5775
vn 0.9022 -0.0000 0.4312
vn 0.8957 -0.0000 0.4447
vn 0.9419 -0.0000 0.3358
vn 0.9368 -0.0000 0.3499
vn 0.9789 -0.0000 0.2044
vn 0.9751 -0.0000 0.2217
vn 0.9955 -0.0000 0.0951
vn 0.9952 -0.0000 0.0983
vn 0.9993 -0.0000 0.0385
vn 0.9993 -0.0000 0.0386
vn 0.9996 -0.0000 -0.0280
vn 0.9995 -0.0000 -0.0304
vn 0.9954 -0.0000 -0.0955
vn 0.9951 -0.0000 -0.0990
vn 0.9787 -0.0000 -0.2055
vn 0.9747 -0.0000 -0.2233
vn 0.9330 -0.0000 -0.3600
vn 0.9237 -0.0000 -0.3831
vn 0.8189 -0.0000 -0.5739
vn 0.7819 -0.0000 -0.6234
vn 0.6059 -0.0000 -0.7955
vn 0.5602 -0.0000 -0.8283
vn 0.3938 -0.0000 -0.9192
vn 0.3617 -0.0000 -0.9323
vn 0.2267 -0.0000 -0.9740
vn 0.2101 -0.0000 -0.9777
vn 0.0905 -0.0000 -0.9959
vn 0.0843 -0.0000 -0.9964
vn -0.0000 -0.0000 -1.0000
vn -0.1021 -0.0000 0.9948
vn -0.1071 -0.0000 0.9942
vn -0.2149 -0.0000 0.9766
vn -0.2280 -0.0000 0.9737
vn -0.3398 -0.0000 0.9405
vn -0.3605 -0.0000 0.9327
vn -0.4640 -0.0000 0.8859
vn -0.4843 -0.0000 0.8749
vn -0.5951 -0.0000 0.8037
vn -0.6270 -0.0000 0.7790
vn -0.7308 -0.0000 0.6826
vn -0.7448 -0.0000 0.6672
vn -0.8164 -0.0000 0.5775
vn -0.8344 -0.0000 0.5512
vn -0.8957 -0.0000 0.4447
vn -0.9022 -0.0000 0.4312
vn -0.9368 -0.0000 0.3499
vn -0.9419 -0.0000 0.3358
vn -0.9751 -0.0000 0.2217
vn -0.9789 -0.0000 0.2044
vn -0.9952 -0.0000 0.0983
vn -0.9955 -0.0000 0.0951
vn -0.9993 -0.0000 0.0386
vn -0.9993 -0.0000 0.0385
vn -0.9995 -0.0000 -0.0304
vn -0.9996 -0.0000 -0.0280
vn -0.9951 -0.0000 -0.0990
vn -0.9954 -0.0000 -0.0955
vn -0.9747 -0.0000 -0.2233
vn -0.9787 -0.0000 -0.2055
vn -0.9237 -0.0000 -0.3831
vn -0.9330 -0.0000 -0.3600
vn -0.7819 -0.0000 -0.6234
vn -0.8189 -0.0000 -0.5739
vn -0.5602 -0.0000 -0.8283
vn -0.6059 -0.0000 -0.7955
vn -0.3705 -0.0000 -0.9288
vn -0.4002 -0.0000 -0.9164
vn -0.2078 -0.0000 -0.9782
vn -0.2273 -0.0000 -0.9738
vn -0.0786 -0.0000 -0.9969
vn -0.0842 -0.0000 -0.9965
vn -0.0000 1.0000 -0.0000
vn -0.9230 0.3197 0.2143
vn -0.9247 0.3161 0.2119
vn -1.0000 0.0021 0.0014
vn -1.0000 -0.0021 -0.0014
vn -0.7083 0.5864 0.3930
vn -0.7058 0.5885 0.3944
vn -0.3835 0.7672 0.5142
vn -0.3817 0.7678 0.5146
vn -0.9247 -0.3161 -0.2119
vn -0.9230 -0.3197 -0.2143
vn -0.7083 -0.5864 -0.3930
vn -0.7058 -0.5885 -0.3944
vn -0.3835 -0.7672 -0.5142
vn -0.3817 -0.7678 -0.5146
vn -0.0000 -0.8307 -0.5567
vn 0.3835 -0.7672 -0.5142
vn 0.3817 -0.7678 -0.5146
vn 0.7083 -0.5864 -0.3930
vn 0.7058 -0.5885 -0.3944
vn 0.9247 -0.3161 -0.2119
vn 0.9230 -0.3197 -0.2143
vn 1.0000 0.0021 0.0014
vn 1.0000 -0.0021 -0.0014
vn 0.9230 0.3197 0.2143
vn 0.9247 0.3161 0.2119
vn 0.7058 0.5885 0.3944
vn 0.7083 0.5864 0.3930
vn 0.3817 0.7678 0.5146
vn 0.3835 0.7672 0.5142
vn -0.0000 0.8307 0.5567
vn -0.0000 0.5736 -0.8192
vn -0.0000 0.5736 -0.8191
vn -0.4562 -0.3440 0.8207
vn -0.6971 -0.1398 0.7032
vn -0.4938 -0.4988 0.7123
vn -0.7546 -0.3764 0.5375
vn -0.5336 0.0607 0.8436
vn -0.3491 -0.2128 0.9126
vn -0.2888 0.1947 0.9374
vn -0.1890 -0.1251 0.9740
vn -0.0000 0.2417 0.9703
vn -0.0000 -0.0943 0.9955
vn -0.4562 -0.6536 0.6040
vn -0.6971 -0.6129 0.3719
vn -0.3491 -0.7848 0.5121
vn -0.5336 -0.8135 0.2315
vn -0.1890 -0.8725 0.4507
vn -0.2888 -0.9475 0.1377
vn -0.0000 -0.9032 0.4291
vn -0.0000 -0.9945 0.1047
vn 0.1890 -0.8725 0.4507
vn 0.2888 -0.9475 0.1377
vn 0.3491 -0.7848 0.5121
vn 0.5336 -0.8135 0.2315
vn 0.4562 -0.6536 0.6040
vn 0.6971 -0.6129 0.3719
vn 0.4938 -0.4988 0.7123
vn 0.7546 -0.3764 0.5375
vn 0.4562 -0.3440 0.8207
vn 0.6971 -0.1398 0.7032
vn 0.3491 -0.2128 0.9126
vn 0.5336 0.0607 0.8436
vn 0.1890 -0.1251 0.9740
vn 0.2888 0.1947 0.9374
vn 0.3744 0.6220 0.6877
vn -0.0000 0.6830 0.7304
vn 0.6919 0.4482 0.5661
vn 0.9039 0.1882 0.3840
vn 0.9784 -0.1185 0.1692
vn 0.9039 -0.4252 -0.0455
vn 0.6919 -0.6852 -0.2276
vn 0.3744 -0.8590 -0.3493
vn -0.0000 -0.9200 -0.3920
vn -0.3744 -0.8590 -0.3493
vn -0.6919 -0.6852 -0.2276
vn -0.9039 -0.4252 -0.0455
vn -0.9784 -0.1185 0.1692
vn -0.9039 0.1882 0.3840
vn -0.6919 0.4482 0.5661
vn -0.3744 0.6220 0.6877
vn -0.9039 0.4252 0.0455
vn -0.9784 0.1185 -0.1692
vn -0.6919 0.6852 0.2276
vn -0.3744 0.8590 0.3493
vn -0.0000 0.9200 0.3920
vn -0.6971 0.6129 -0.3719
vn -0.7546 0.3764 -0.5375
vn -0.5336 0.8135 -0.2315
vn -0.2888 0.9475 -0.1377
vn -0.0000 0.9945 -0.1047
vn -0.9039 -0.1882 -0.3840
vn -0.6919 -0.4482 -0.5661
vn -0.3744 -0.6220 -0.6877
vn -0.0000 -0.6830 -0.7304
vn 0.3744 -0.6220 -0.6877
vn 0.6919 -0.4482 -0.5661
vn 0.9039 -0.1882 -0.3840
vn 0.9784 0.1185 -0.1692
vn 0.9039 0.4252 0.0455
vn 0.6919 0.6852 0.2276
vn 0.3744 0.8590 0.3492
vn 0.2888 0.9475 -0.1377
vn 0.5336 0.8135 -0.2315
vn 0.6971 0.6129 -0.3719
vn 0.7546 0.3764 -0.5375
vn 0.6971 0.1398 -0.7032
vn 0.5336 -0.0607 -0.8436
vn 0.2888 -0.1947 -0.9374
vn -0.0000 -0.2417 -0.9703
vn -0.2888 -0.1947 -0.9374
vn -0.5336 -0.0607 -0.8436
vn -0.6971 0.1398 -0.7032
vn 0.4562 0.3440 -0.8207
vn 0.3491 0.2128 -0.9126
vn 0.1890 0.1251 -0.9740
vn -0.0000 0.0943 -0.9955
vn -0.1890 0.1251 -0.9740
vn -0.3491 0.2128 -0.9126
vn -0.4562 0.3440 -0.8207
vn -0.4938 0.4988 -0.7123
vn -0.4562 0.6536 -0.6040
vn -0.3491 0.7848 -0.5121
vn -0.1890 0.8725 -0.4507
vn -0.0000 0.9032 -0.4291
vn 0.1890 0.8725 -0.4507
vn 0.3491 0.7848 -0.5121
vn 0.4562 0.6536 -0.6040
vn 0.4938 0.4988 -0.7123
vn -0.0000 -0.5736 0.8192
vn 0.1247 -0.4993 -0.8574
vn 0.1013 -0.7052 -0.7018
vn 0.0311 -0.5009 -0.8650
vn 0.0260 -0.7042 -0.7095
vn 0.2008 -0.7072 -0.6779
vn 0.2475 -0.5011 -0.8293
vn 0.2965 -0.7104 -0.6383
vn 0.3661 -0.5039 -0.7823
vn 0.3864 -0.7144 -0.5834
vn 0.4783 -0.5076 -0.7167
vn 0.4682 -0.7190 -0.5136
vn 0.5812 -0.5118 -0.6327
vn 0.5397 -0.7237 -0.4301
vn 0.6718 -0.5160 -0.5314
vn 0.5984 -0.7281 -0.3344
vn 0.7470 -0.5199 -0.4144
vn 0.6422 -0.7316 -0.2289
vn 0.8035 -0.5231 -0.2842
vn 0.6693 -0.7339 -0.1163
vn 0.8386 -0.5252 -0.1446
vn 0.6784 -0.7347 -0.0000
vn 0.8505 -0.5259 -0.0000
vn 0.6693 -0.7339 0.1163
vn 0.8386 -0.5252 0.1446
vn 0.6422 -0.7316 0.2289
vn 0.8035 -0.5231 0.2842
vn 0.5984 -0.7281 0.3345
vn 0.7470 -0.5199 0.4144
vn 0.5397 -0.7237 0.4301
vn 0.6718 -0.5160 0.5314
vn 0.4682 -0.7190 0.5136
vn 0.5812 -0.5118 0.6327
vn 0.3864 -0.7144 0.5834
vn 0.4783 -0.5076 0.7167
vn 0.2965 -0.7103 0.6383
vn 0.3661 -0.5039 0.7823
vn 0.2008 -0.7072 0.6779
vn 0.2475 -0.5011 0.8293
vn 0.1013 -0.7052 0.7018
vn 0.1247 -0.4993 0.8574
vn 0.0260 -0.7043 0.7095
vn 0.0311 -0.5009 0.8650
vn 0.8748 -0.0000 0.4845
vn 0.9429 -0.0000 0.3330
vn 0.9855 -0.0000 0.1697
vn 1.0000 -0.0000 -0.0000
vn 0.9855 -0.0000 -0.1697
vn 0.9429 -0.0000 -0.3330
vn 0.8748 -0.0000 -0.4845
vn 0.7848 -0.0000 -0.6198
vn 0.6770 -0.0000 -0.7360
vn 0.5556 -0.0000 -0.8314
vn 0.4243 -0.0000 -0.9055
vn 0.2863 -0.0000 -0.9581
vn 0.1441 -0.0000 -0.9896
vn 0.0358 -0.0000 -0.9994
vn -0.0000 -0.5036 -0.8640
vn -0.0000 -0.7045 -0.7097
vn 0.7847 -0.0000 0.6198
vn 0.6770 -0.0000 0.7360
vn 0.7848 -0.0000 0.6198
vn 0.5556 -0.0000 0.8314
vn 0.4243 -0.0000 0.9055
vn 0.2863 -0.0000 0.9581
vn 0.1441 -0.0000 0.9896
vn 0.0358 -0.0000 0.9994
vn -0.0000 -0.5036 0.8639
vn -0.0000 -0.7045 0.7097
vn -0.0000 -1.0000 -0.0000
vn 0.1247 0.4993 0.8574
vn 0.1013 0.7052 0.7018
vn 0.0311 0.5009 0.8650
vn 0.0260 0.7042 0.7095
vn 0.2008 0.7072 0.6779
vn 0.2475 0.5011 0.8293
vn 0.2965 0.7104 0.6383
vn 0.3661 0.5039 0.7823
vn 0.3864 0.7144 0.5834
vn 0.4783 0.5076 0.7167
vn 0.4682 0.7190 0.5136
vn 0.5812 0.5118 0.6327
vn 0.5397 0.7237 0.4301
vn 0.6718 0.5160 0.5314
vn 0.5984 0.7281 0.3345
vn 0.7470 0.5199 0.4144
vn 0.6422 0.7316 0.2289
vn 0.8035 0.5231 0.2842
vn 0.6693 0.7339 0.1163
vn 0.8386 0.5252 0.1446
vn 0.6784 0.7347 -0.0000
vn 0.8505 0.5259 -0.0000
vn 0.6693 0.7339 -0.1163
vn 0.8386 0.5252 -0.1446
vn 0.6422 0.7316 -0.2289
vn 0.8035 0.5231 -0.2842
vn 0.5984 0.7281 -0.3345
vn 0.7470 0.5199 -0.4144
vn 0.5397 0.7237 -0.4301
vn 0.6718 0.5160 -0.5314
vn 0.4682 0.7190 -0.5136
vn 0.5812 0.5118 -0.6327
vn 0.3864 0.7144 -0.5834
vn 0.4783 0.5076 -0.7167
vn 0.2965 0.7104 -0.6383
vn 0.3661 0.5039 -0.7823
vn 0.2008 0.7072 -0.6779
vn 0.2475 0.5011 -0.8293
vn 0.1013 0.7052 -0.7018
vn 0.1247 0.4993 -0.8574
vn 0.0260 0.7043 -0.7095
vn 0.0311 0.5009 -0.8650
vn -0.0000 0.5036 0.8639
vn -0.0000 0.7045 0.7097
vn 0.7847 -0.0000 -0.6198
vn -0.0001 -0.0000 -1.0000
vn -0.0000 0.5036 -0.8639
vn -0.0000 0.7045 -0.7097
vn -0.1247 0.4993 -0.8574
vn -0.1013 0.7052 -0.7018
vn -0.0311 0.5009 -0.8650
vn -0.0260 0.7042 -0.7095
vn -0.2008 0.7072 -0.6779
vn -0.2475 0.5011 -0.8293
vn -0.2965 0.7104 -0.6383
vn -0.3661 0.5039 -0.7823
vn -0.3864 0.7144 -0.5834
vn -0.4783 0.5076 -0.7167
vn -0.4682 0.7190 -0.5136
vn -0.5812 0.5118 -0.6327
vn -0.5397 0.7237 -0.4301
vn -0.6718 0.5160 -0.5314
vn -0.5984 0.7281 -0.3345
vn -0.7470 0.5199 -0.4144
vn -0.6422 0.7316 -0.2289
vn -0.8035 0.5231 -0.2842
vn -0.6693 0.7339 -0.1163
vn -0.8386 0.5252 -0.1446
vn -0.6784 0.7347 -0.0000
vn -0.8505 0.5259 -0.0000
vn -0.6693 0.7339 0.1163
vn -0.8386 0.5252 0.1446
vn -0.6422 0.7316 0.2289
vn -0.8035 0.5231 0.2842
vn -0.5984 0.7281 0.3345
vn -0.7470 0.5199 0.4144
vn -0.5397 0.7237 0.4301
vn -0.6718 0.5160 0.5314
vn -0.4682 0.7190 0.5136
vn -0.5812 0.5118 0.6327
vn -0.3864 0.7144 0.5834
vn -0.4783 0.5076 0.7167
vn -0.2965 0.7104 0.6383
vn -0.3661 0.5039 0.7823
vn -0.2008 0.7072 0.6779
vn -0.2475 0.5011 0.8293
vn -0.1013 0.7052 0.7018
vn -0.1247 0.4993 0.8574
vn -0.0260 0.7043 0.7095
vn -0.0311 0.5009 0.8650
vn -0.8748 -0.0000 0.4845
vn -0.9429 -0.0000 0.3330
vn -0.9855 -0.0000 0.1697
vn -1.0000 -0.0000 -0.0000
vn -0.9855 -0.0000 -0.1697
vn -0.9429 -0.0000 -0.3330
vn -0.8748 -0.0000 -0.4845
vn -0.7848 -0.0000 -0.6198
vn -0.6770 -0.0000 -0.7360
vn -0.5556 -0.0000 -0.8314
vn -0.4243 -0.0000 -0.9055
vn -0.2863 -0.0000 -0.9581
vn -0.1441 -0.0000 -0.9896
vn -0.0358 -0.0000 -0.9994
vn -0.0000 0.5036 -0.8640
vn -0.7847 -0.0000 0.6198
vn -0.6770 -0.0000 0.7360
vn -0.7848 -0.0000 0.6198
vn -0.5556 -0.0000 0.8314
vn -0.4243 -0.0000 0.9055
vn -0.2863 -0.0000 0.9581
vn -0.1441 -0.0000 0.9896
vn -0.0358 -0.0000 0.9994
vn -0.1247 -0.4993 0.8574
vn -0.1013 -0.7052 0.7018
vn -0.0311 -0.5009 0.8650
vn -0.0260 -0.7042 0.7095
vn -0.2008 -0.7072 0.6779
vn -0.2475 -0.5011 0.8293
vn -0.2965 -0.7103 0.6383
vn -0.3661 -0.5039 0.7823
vn -0.3864 -0.7144 0.5834
vn -0.4783 -0.5076 0.7167
vn -0.4682 -0.7190 0.5136
vn -0.5812 -0.5118 0.6327
vn -0.5397 -0.7237 0.4301
vn -0.6718 -0.5160 0.5314
vn -0.5984 -0.7281 0.3345
vn -0.7470 -0.5199 0.4144
vn -0.6422 -0.7316 0.2289
vn -0.8035 -0.5231 0.2842
vn -0.6693 -0.7339 0.1163
vn -0.8386 -0.5252 0.1446
vn -0.6784 -0.7347 -0.0000
vn -0.8505 -0.5259 -0.0000
vn -0.6693 -0.7339 -0.1163
vn -0.8386 -0.5252 -0.1446
vn -0.6422 -0.7316 -0.2289
vn -0.8035 -0.5231 -0.2842
vn -0.5984 -0.7281 -0.3345
vn -0.7470 -0.5199 -0.4144
vn -0.5397 -0.7237 -0.4301
vn -0.6718 -0.5160 -0.5314
vn -0.4682 -0.7190 -0.5136
vn -0.5812 -0.5118 -0.6327
vn -0.3864 -0.7144 -0.5834
vn -0.4783 -0.5076 -0.7167
vn -0.2965 -0.7104 -0.6383
vn -0.3661 -0.5039 -0.7823
vn -0.2008 -0.7072 -0.6779
vn -0.2475 -0.5011 -0.8293
vn -0.1013 -0.7052 -0.7018
vn -0.1247 -0.4993 -0.8574
vn -0.0260 -0.7043 -0.7095
vn -0.0311 -0.5009 -0.8650
vn -0.7847 -0.0000 -0.6198
vn -0.0000 -0.5036 -0.8639
vn -0.4297 0.1413 0.8919
vn -0.6250 0.1221 0.7710
vn -0.4316 0.0353 0.9014
vn -0.6247 0.0311 0.7803
vn -0.6250 0.2412 0.7424
vn -0.4297 0.2790 0.8588
vn -0.6250 0.3544 0.6956
vn -0.4297 0.4099 0.8046
vn -0.6250 0.4589 0.6316
vn -0.4297 0.5308 0.7305
vn -0.6250 0.5520 0.5520
vn -0.4297 0.6385 0.6385
vn -0.6250 0.6316 0.4589
vn -0.4297 0.7305 0.5308
vn -0.6250 0.6956 0.3544
vn -0.4297 0.8046 0.4099
vn -0.6250 0.7424 0.2412
vn -0.4297 0.8588 0.2790
vn -0.6250 0.7710 0.1221
vn -0.4297 0.8919 0.1413
vn -0.6250 0.7806 -0.0000
vn -0.4297 0.9030 -0.0000
vn -0.6250 0.7710 -0.1221
vn -0.4297 0.8919 -0.1413
vn -0.6250 0.7424 -0.2412
vn -0.4297 0.8588 -0.2790
vn -0.6250 0.6956 -0.3544
vn -0.4297 0.8046 -0.4099
vn -0.6250 0.6316 -0.4589
vn -0.4297 0.7305 -0.5308
vn -0.6250 0.5520 -0.5520
vn -0.4297 0.6385 -0.6385
vn -0.6250 0.4589 -0.6316
vn -0.4297 0.5308 -0.7305
vn -0.6250 0.3544 -0.6956
vn -0.4297 0.4099 -0.8046
vn -0.6250 0.2412 -0.7424
vn -0.4297 0.2790 -0.8588
vn -0.6250 0.1221 -0.7710
vn -0.4297 0.1413 -0.8919
vn -0.6247 0.0311 -0.7803
vn -0.4316 0.0353 -0.9014
vn -0.0000 0.8910 -0.4540
vn -0.0000 0.8090 -0.5878
vn -0.0000 0.7071 -0.7071
vn -0.0000 0.5878 -0.8090
vn -0.0000 0.4540 -0.8910
vn -0.0000 0.3090 -0.9511
vn -0.0000 0.1564 -0.9877
vn -0.0000 0.0390 -0.9992
vn -0.3423 -0.0000 -0.9396
vn -0.6246 -0.0000 -0.7810
vn -0.0000 0.0390 0.9992
vn -0.0000 0.1564 0.9877
vn -0.0000 0.3090 0.9511
vn -0.0000 0.4540 0.8910
vn -0.0000 0.5878 0.8090
vn -0.0000 0.7071 0.7071
vn -0.0000 0.8090 0.5878
vn -0.0000 0.8910 0.4540
vn -0.3423 -0.0000 0.9396
vn -0.6246 -0.0000 0.7809
vn -0.0000 0.9511 0.3090
vn -0.0000 0.9877 0.1564
vn -0.0000 0.9877 -0.1564
vn -0.0000 0.9511 -0.3090
vn -0.1407 -0.4373 0.8882
vn -0.1209 -0.6343 0.7636
vn -0.0351 -0.4393 0.8977
vn -0.0309 -0.6340 0.7727
vn -0.2389 -0.6343 0.7353
vn -0.2779 -0.4373 0.8553
vn -0.3510 -0.6343 0.6888
vn -0.4083 -0.4373 0.8013
vn -0.4544 -0.6343 0.6255
vn -0.5286 -0.4373 0.7276
vn -0.5467 -0.6343 0.5467
vn -0.6359 -0.4373 0.6359
vn -0.6255 -0.6343 0.4544
vn -0.7276 -0.4373 0.5286
vn -0.6888 -0.6343 0.3510
vn -0.8013 -0.4373 0.4083
vn -0.7353 -0.6343 0.2389
vn -0.8553 -0.4373 0.2779
vn -0.7636 -0.6343 0.1209
vn -0.8882 -0.4373 0.1407
vn -0.7731 -0.6343 -0.0000
vn -0.8993 -0.4373 -0.0000
vn -0.7636 -0.6343 -0.1209
vn -0.8882 -0.4373 -0.1407
vn -0.7353 -0.6343 -0.2389
vn -0.8553 -0.4373 -0.2779
vn -0.6888 -0.6343 -0.3510
vn -0.8013 -0.4373 -0.4083
vn -0.6255 -0.6343 -0.4544
vn -0.7276 -0.4373 -0.5286
vn -0.5467 -0.6343 -0.5467
vn -0.6359 -0.4373 -0.6359
vn -0.4544 -0.6343 -0.6255
vn -0.5286 -0.4373 -0.7276
vn -0.3510 -0.6343 -0.6888
vn -0.4083 -0.4373 -0.8013
vn -0.2389 -0.6343 -0.7353
vn -0.2779 -0.4373 -0.8553
vn -0.1209 -0.6343 -0.7636
vn -0.1407 -0.4373 -0.8882
vn -0.0309 -0.6340 -0.7727
vn -0.0351 -0.4393 -0.8977
vn -0.8910 -0.0000 -0.4540
vn -0.8090 -0.0000 -0.5878
vn -0.7071 -0.0000 -0.7071
vn -0.5878 -0.0000 -0.8090
vn -0.4540 -0.0000 -0.8910
vn -0.3090 -0.0000 -0.9511
vn -0.1564 -0.0000 -0.9877
vn -0.0390 -0.0000 -0.9992
vn -0.0000 -0.4417 -0.8971
vn -0.0000 -0.6343 -0.7731
vn -0.0000 -0.0769 -0.9970
vn -0.0390 -0.0000 0.9992
vn -0.1564 -0.0000 0.9877
vn -0.3090 -0.0000 0.9511
vn -0.4540 -0.0000 0.8910
vn -0.5878 -0.0000 0.8090
vn -0.7071 -0.0000 0.7071
vn -0.8090 -0.0000 0.5878
vn -0.8910 -0.0000 0.4540
vn -0.0000 -0.4417 0.8971
vn -0.0000 -0.6343 0.7731
vn -0.9511 -0.0000 0.3090
vn -0.9877 -0.0000 0.1564
vn -0.9877 -0.0000 -0.1564
vn -0.9511 -0.0000 -0.3090
vn -0.0000 -0.0769 0.9970
vn -0.1407 0.4373 -0.8882
vn -0.1209 0.6343 -0.7636
vn -0.0351 0.4393 -0.8977
vn -0.0309 0.6340 -0.7727
vn -0.2389 0.6343 -0.7353
vn -0.2779 0.4373 -0.8553
vn -0.3510 0.6343 -0.6888
vn -0.4083 0.4373 -0.8013
vn -0.4544 0.6343 -0.6255
vn -0.5286 0.4373 -0.7276
vn -0.5467 0.6343 -0.5467
vn -0.6359 0.4373 -0.6359
vn -0.6255 0.6343 -0.4544
vn -0.7276 0.4373 -0.5286
vn -0.6888 0.6343 -0.3510
vn -0.8013 0.4373 -0.4083
vn -0.7353 0.6343 -0.2389
vn -0.8553 0.4373 -0.2779
vn -0.7636 0.6343 -0.1209
vn -0.8882 0.4373 -0.1407
vn -0.7731 0.6343 -0.0000
vn -0.8993 0.4373 -0.0000
vn -0.7636 0.6343 0.1209
vn -0.8882 0.4373 0.1407
vn -0.7353 0.6343 0.2389
vn -0.8553 0.4373 0.2779
vn -0.6888 0.6343 0.3510
vn -0.8013 0.4373 0.4083
vn -0.6255 0.6343 0.4544
vn -0.7276 0.4373 0.5286
vn -0.5467 0.6343 0.5467
vn -0.6359 0.4373 0.6359
vn -0.4544 0.6343 0.6255
vn -0.5286 0.4373 0.7276
vn -0.3510 0.6343 0.6888
vn -0.4083 0.4373 0.8013
vn -0.2389 0.6343 0.7353
vn -0.2779 0.4373 0.8553
vn -0.1209 0.6343 0.7636
vn -0.1407 0.4373 0.8882
vn -0.0309 0.6340 0.7727
vn -0.0352 0.4393 0.8977
vn -0.0000 0.3462 0.9382
vn -0.0000 0.6348 0.7727
vn -0.0000 0.3462 -0.9381
vn -0.0001 0.6347 -0.7728
vn 0.4297 0.1413 -0.8919
vn 0.6250 0.1221 -0.7710
vn 0.4316 0.0353 -0.9014
vn 0.6247 0.0311 -0.7803
vn 0.6250 0.2412 -0.7424
vn 0.4297 0.2790 -0.8588
vn 0.6250 0.3544 -0.6956
vn 0.4297 0.4099 -0.8046
vn 0.6250 0.4589 -0.6316
vn 0.4297 0.5308 -0.7305
vn 0.6250 0.5520 -0.5520
vn 0.4297 0.6385 -0.6385
vn 0.6250 0.6316 -0.4589
vn 0.4297 0.7305 -0.5308
vn 0.6250 0.6956 -0.3544
vn 0.4297 0.8046 -0.4099
vn 0.6250 0.7424 -0.2412
vn 0.4297 0.8588 -0.2790
vn 0.6250 0.7710 -0.1221
vn 0.4297 0.8919 -0.1413
vn 0.6250 0.7806 -0.0000
vn 0.4297 0.9030 -0.0000
vn 0.6250 0.7710 0.1221
vn 0.4297 0.8919 0.1413
vn 0.6250 0.7424 0.2412
vn 0.4297 0.8588 0.2790
vn 0.6250 0.6956 0.3544
vn 0.4297 0.8046 0.4100
vn 0.6250 0.6316 0.4589
vn 0.4297 0.7305 0.5308
vn 0.6250 0.5520 0.5520
vn 0.4297 0.6385 0.6385
vn 0.6250 0.4589 0.6316
vn 0.4297 0.5308 0.7305
vn 0.6250 0.3544 0.6956
vn 0.4297 0.4099 0.8046
vn 0.6250 0.2412 0.7424
vn 0.4297 0.2790 0.8588
vn 0.6250 0.1221 0.7710
vn 0.4297 0.1413 0.8919
vn 0.6247 0.0311 0.7803
vn 0.4316 0.0353 0.9014
vn 0.3423 -0.0000 0.9396
vn 0.6246 -0.0000 0.7810
vn 0.3423 -0.0000 -0.9396
vn 0.6246 -0.0000 -0.7809
vn 0.1407 -0.4373 -0.8882
vn 0.1209 -0.6343 -0.7636
vn 0.0351 -0.4393 -0.8977
vn 0.0309 -0.6340 -0.7727
vn 0.2389 -0.6343 -0.7353
vn 0.2779 -0.4373 -0.8553
vn 0.3510 -0.6343 -0.6888
vn 0.4083 -0.4373 -0.8013
vn 0.4544 -0.6343 -0.6255
vn 0.5286 -0.4373 -0.7276
vn 0.5467 -0.6343 -0.5467
vn 0.6359 -0.4373 -0.6359
vn 0.6255 -0.6343 -0.4544
vn 0.7276 -0.4373 -0.5286
vn 0.6888 -0.6343 -0.3510
vn 0.8013 -0.4373 -0.4083
vn 0.7353 -0.6343 -0.2389
vn 0.8553 -0.4373 -0.2779
vn 0.7636 -0.6343 -0.1209
vn 0.8882 -0.4373 -0.1407
vn 0.7731 -0.6343 -0.0000
vn 0.8993 -0.4373 -0.0000
vn 0.7636 -0.6343 0.1209
vn 0.8882 -0.4373 0.1407
vn 0.7353 -0.6343 0.2389
vn 0.8553 -0.4373 0.2779
vn 0.6888 -0.6343 0.3510
vn 0.8013 -0.4373 0.4083
vn 0.6255 -0.6343 0.4544
vn 0.7276 -0.4373 0.5286
vn 0.5467 -0.6343 0.5467
vn 0.6359 -0.4373 0.6359
vn 0.4544 -0.6343 0.6255
vn 0.5286 -0.4373 0.7276
vn 0.3510 -0.6343 0.6888
vn 0.4083 -0.4373 0.8013
vn 0.2389 -0.6343 0.7353
vn 0.2779 -0.4373 0.8553
vn 0.1209 -0.6343 0.7636
vn 0.1407 -0.4373 0.8882
vn 0.0309 -0.6340 0.7727
vn 0.0351 -0.4393 0.8977
vn 0.8910 -0.0000 0.4540
vn 0.8090 -0.0000 0.5878
vn 0.7071 -0.0000 0.7071
vn 0.5878 -0.0000 0.8090
vn 0.4540 -0.0000 0.8910
vn 0.3090 -0.0000 0.9511
vn 0.1564 -0.0000 0.9877
vn 0.0390 -0.0000 0.9992
vn 0.0390 -0.0000 -0.9992
vn 0.1564 -0.0000 -0.9877
vn 0.3090 -0.0000 -0.9511
vn 0.4540 -0.0000 -0.8910
vn 0.5878 -0.0000 -0.8090
vn 0.7071 -0.0000 -0.7071
vn 0.8090 -0.0000 -0.5878
vn 0.8910 -0.0000 -0.4540
vn 0.9511 -0.0000 -0.3090
vn 0.9877 -0.0000 -0.1564
vn 0.9877 -0.0000 0.1564
vn 0.9511 -0.0000 0.3090
vn 0.1407 0.4373 0.8882
vn 0.1209 0.6343 0.7636
vn 0.0351 0.4393 0.8977
vn 0.0309 0.6340 0.7727
vn 0.2389 0.6343 0.7353
vn 0.2779 0.4373 0.8553
vn 0.3510 0.6343 0.6888
vn 0.4083 0.4373 0.8013
vn 0.4544 0.6343 0.6255
vn 0.5286 0.4373 0.7276
vn 0.5467 0.6343 0.5467
vn 0.6359 0.4373 0.6359
vn 0.6255 0.6343 0.4544
vn 0.7276 0.4373 0.5286
vn 0.6888 0.6343 0.3510
vn 0.8013 0.4373 0.4083
vn 0.7353 0.6343 0.2389
vn 0.8553 0.4373 0.2779
vn 0.7636 0.6343 0.1209
vn 0.8882 0.4373 0.1407
vn 0.7731 0.6343 -0.0000
vn 0.8993 0.4373 -0.0000
vn 0.7636 0.6343 -0.1209
vn 0.8882 0.4373 -0.1407
vn 0.7353 0.6343 -0.2389
vn 0.8553 0.4373 -0.2779
vn 0.6888 0.6343 -0.3510
vn 0.8013 0.4373 -0.4083
vn 0.6255 0.6343 -0.4544
vn 0.7276 0.4373 -0.5286
vn 0.5467 0.6343 -0.5467
vn 0.6359 0.4373 -0.6359
vn 0.4544 0.6343 -0.6255
vn 0.5286 0.4373 -0.7276
vn 0.3510 0.6343 -0.6888
vn 0.4083 0.4373 -0.8013
vn 0.2389 0.6343 -0.7353
vn 0.2779 0.4373 -0.8553
vn 0.1209 0.6343 -0.7636
vn 0.1407 0.4373 -0.8882
vn 0.0309 0.6340 -0.7727
vn 0.0352 0.4393 -0.8977
vn -0.0000 0.3462 -0.9382
vn -0.0000 0.6347 -0.7727
vn -0.0000 0.3462 0.9381
vn 0.0001 0.6347 0.7728
vt 0.512719 0.535030
vt 0.501702 0.533945
vt 0.512719 0.478557
vt 0.491108 0.530731
vt 0.523736 0.533945
vt 0.534330 0.530731
vt 0.544094 0.525513
vt 0.552651 0.518490
vt 0.559675 0.509932
vt 0.564893 0.500169
vt 0.568107 0.489575
vt 0.569192 0.478557
vt 0.568107 0.467540
vt 0.564893 0.456946
vt 0.559675 0.447183
vt 0.552652 0.438625
vt 0.544094 0.431602
vt 0.491108 0.587204
vt 0.470327 0.580900
vt 0.451176 0.570664
vt 0.481344 0.525513
vt 0.434389 0.556887
vt 0.472787 0.518490
vt 0.465764 0.509932
vt 0.460545 0.500169
vt 0.457331 0.489575
vt 0.456246 0.478557
vt 0.457331 0.467540
vt 0.460545 0.456946
vt 0.465764 0.447183
vt 0.472787 0.438625
vt 0.481344 0.431602
vt 0.420613 0.540101
vt 0.410376 0.520949
vt 0.404072 0.500169
vt 0.401944 0.478557
vt 0.404072 0.456946
vt 0.410376 0.436165
vt 0.420613 0.417014
vt 0.434389 0.400227
vt 0.451176 0.386451
vt 0.470327 0.376214
vt 0.491108 0.426383
vt 0.491108 0.369910
vt 0.501702 0.423169
vt 0.512719 0.422085
vt 0.523737 0.423169
vt 0.534331 0.426383
vt 0.512719 0.367782
vt 0.534331 0.369910
vt 0.555111 0.376214
vt 0.574263 0.386451
vt 0.591049 0.400227
vt 0.604825 0.417014
vt 0.615062 0.436165
vt 0.621366 0.456946
vt 0.623494 0.478558
vt 0.621366 0.500169
vt 0.615062 0.520949
vt 0.604825 0.540101
vt 0.591049 0.556887
vt 0.574262 0.570664
vt 0.555111 0.580900
vt 0.534330 0.587204
vt 0.512719 0.589333
vt 0.882675 0.350906
vt 0.882675 0.366600
vt 0.857890 0.385004
vt 0.857890 0.368333
vt 0.882675 0.336213
vt 0.857890 0.352999
vt 0.882675 0.324092
vt 0.857890 0.336159
vt 0.882675 0.311575
vt 0.857890 0.319229
vt 0.882675 0.299914
vt 0.857890 0.299914
vt 0.882675 0.286610
vt 0.857890 0.278956
vt 0.882675 0.272174
vt 0.857890 0.257160
vt 0.882675 0.257160
vt 0.857890 0.235365
vt 0.882675 0.242147
vt 0.857890 0.214407
vt 0.882675 0.227711
vt 0.857890 0.195092
vt 0.882675 0.214407
vt 0.857890 0.178162
vt 0.882675 0.202746
vt 0.857890 0.160783
vt 0.882675 0.189689
vt 0.857890 0.142042
vt 0.882675 0.174162
vt 0.857890 0.125326
vt 0.882675 0.159424
vt 0.857890 0.108031
vt 0.823762 0.202746
vt 0.823762 0.229420
vt 0.823762 0.178162
vt 0.823762 0.156615
vt 0.823762 0.135445
vt 0.823762 0.113889
vt 0.823762 0.095439
vt 0.823762 0.077558
vt 0.774692 0.193175
vt 0.774692 0.224541
vt 0.823762 0.257160
vt 0.823762 0.284901
vt 0.823762 0.311575
vt 0.823762 0.336159
vt 0.823762 0.357706
vt 0.823762 0.378336
vt 0.823762 0.396486
vt 0.823762 0.414891
vt 0.857890 0.401366
vt 0.823762 0.431839
vt 0.774692 0.419590
vt 0.774692 0.439419
vt 0.774692 0.456847
vt 0.774692 0.399130
vt 0.774692 0.375389
vt 0.774692 0.350052
vt 0.709073 0.436759
vt 0.709073 0.457644
vt 0.709073 0.475430
vt 0.709073 0.414581
vt 0.709073 0.388529
vt 0.709072 0.360376
vt 0.709073 0.328257
vt 0.774692 0.321145
vt 0.774692 0.289780
vt 0.774692 0.257160
vt 0.709073 0.293405
vt 0.709072 0.257160
vt 0.709073 0.220916
vt 0.709073 0.186064
vt 0.709073 0.153944
vt 0.774692 0.164268
vt 0.774692 0.138931
vt 0.774692 0.114652
vt 0.774692 0.090785
vt 0.774692 0.070912
vt 0.774692 0.052550
vt 0.709073 0.125791
vt 0.709073 0.099201
vt 0.709073 0.073616
vt 0.709073 0.052686
vt 0.709073 0.033967
vt 0.602840 0.089686
vt 0.602840 0.117700
vt 0.602840 0.147587
vt 0.602840 0.181685
vt 0.602840 0.218683
vt 0.602840 0.257160
vt 0.602840 0.295637
vt 0.602840 0.332636
vt 0.602884 0.366701
vt 0.610239 0.371411
vt 0.635686 0.394119
vt 0.641176 0.399019
vt 0.655416 0.419387
vt 0.667599 0.439300
vt 0.668478 0.440798
vt 0.674454 0.461302
vt 0.676463 0.478942
vt 0.575550 0.349199
vt 0.539092 0.333420
vt 0.537962 0.332931
vt 0.498401 0.323007
vt 0.482689 0.296391
vt 0.482689 0.257160
vt 0.482689 0.217930
vt 0.482689 0.180206
vt 0.482689 0.145440
vt 0.482689 0.114968
vt 0.482689 0.086473
vt 0.482689 0.059474
vt 0.602840 0.063044
vt 0.602840 0.041463
vt 0.602840 0.022524
vt 0.482690 0.037673
vt 0.482690 0.018660
vt 0.364840 0.117700
vt 0.364840 0.147587
vt 0.364840 0.181685
vt 0.364840 0.218683
vt 0.364840 0.257160
vt 0.364840 0.295637
vt 0.457842 0.319672
vt 0.482689 0.321716
vt 0.417282 0.323007
vt 0.377975 0.332868
vt 0.364840 0.332636
vt 0.364840 0.338506
vt 0.272296 0.328257
vt 0.340134 0.349199
vt 0.317795 0.363502
vt 0.272296 0.360376
vt 0.305444 0.371410
vt 0.285014 0.389641
vt 0.272296 0.388529
vt 0.274507 0.399018
vt 0.272296 0.401723
vt 0.272296 0.293405
vt 0.272296 0.257160
vt 0.272296 0.220916
vt 0.272296 0.186064
vt 0.272296 0.153944
vt 0.272296 0.125791
vt 0.272296 0.099201
vt 0.364840 0.089686
vt 0.364840 0.063044
vt 0.364840 0.041462
vt 0.364840 0.022524
vt 0.272296 0.073616
vt 0.272296 0.052686
vt 0.272297 0.033967
vt 0.193614 0.114652
vt 0.193614 0.138931
vt 0.193614 0.090785
vt 0.193614 0.070912
vt 0.193614 0.052550
vt 0.130822 0.135445
vt 0.130822 0.156615
vt 0.193614 0.164268
vt 0.193614 0.193175
vt 0.193614 0.224541
vt 0.193614 0.257160
vt 0.193614 0.289780
vt 0.193614 0.321145
vt 0.193614 0.350052
vt 0.193614 0.375389
vt 0.193614 0.399130
vt 0.265315 0.413210
vt 0.253511 0.432660
vt 0.193614 0.419590
vt 0.130822 0.378336
vt 0.130822 0.396486
vt 0.193614 0.439418
vt 0.130822 0.414891
vt 0.193614 0.456847
vt 0.245054 0.468995
vt 0.246833 0.451746
vt 0.130822 0.431838
vt 0.130822 0.357706
vt 0.130822 0.336159
vt 0.130822 0.311575
vt 0.130822 0.284901
vt 0.130822 0.257160
vt 0.130822 0.229420
vt 0.130822 0.202746
vt 0.130822 0.178162
vt 0.079290 0.319229
vt 0.079290 0.336159
vt 0.079290 0.352999
vt 0.079290 0.368333
vt 0.079290 0.385004
vt 0.079290 0.299914
vt 0.079290 0.278956
vt 0.079290 0.257160
vt 0.079290 0.235365
vt 0.079290 0.214407
vt 0.079290 0.195092
vt 0.079290 0.178162
vt 0.079290 0.160782
vt 0.079290 0.142042
vt 0.130822 0.113889
vt 0.130822 0.095439
vt 0.130822 0.077558
vt 0.079290 0.125326
vt 0.079290 0.108031
vt 0.040998 0.189689
vt 0.040998 0.202746
vt 0.040998 0.174162
vt 0.040998 0.159424
vt 0.040998 0.142797
vt 0.017418 0.221055
vt 0.017418 0.229420
vt 0.040998 0.214407
vt 0.040998 0.227711
vt 0.040998 0.242147
vt 0.040998 0.257160
vt 0.040998 0.272173
vt 0.040998 0.286609
vt 0.040998 0.299914
vt 0.040998 0.311575
vt 0.040998 0.324092
vt 0.040998 0.336213
vt 0.040998 0.350906
vt 0.079290 0.401366
vt 0.017418 0.301361
vt 0.017418 0.313907
vt 0.040998 0.366600
vt 0.017418 0.292726
vt 0.017418 0.284901
vt 0.017418 0.278956
vt 0.017418 0.272173
vt 0.017418 0.328876
vt 0.017418 0.264814
vt 0.017418 0.257160
vt 0.017418 0.249507
vt 0.017418 0.242147
vt 0.017418 0.235365
vt 0.882675 0.142797
vt 0.857890 0.142042
vt 0.882675 0.174162
vt 0.857890 0.160783
vt 0.882675 0.189690
vt 0.857890 0.178163
vt 0.857890 0.195092
vt 0.857890 0.214407
vt 0.882675 0.227712
vt 0.857890 0.235365
vt 0.882675 0.242148
vt 0.857890 0.257161
vt 0.882675 0.257161
vt 0.857890 0.278956
vt 0.882675 0.272174
vt 0.857890 0.299914
vt 0.882675 0.286610
vt 0.857890 0.319229
vt 0.882675 0.299914
vt 0.857890 0.336159
vt 0.857890 0.352999
vt 0.882675 0.324092
vt 0.857890 0.368333
vt 0.823762 0.311576
vt 0.823762 0.284901
vt 0.823762 0.257161
vt 0.823762 0.229420
vt 0.823762 0.202746
vt 0.823762 0.178163
vt 0.823762 0.156615
vt 0.823762 0.135446
vt 0.823762 0.113889
vt 0.774692 0.090785
vt 0.774692 0.070912
vt 0.774692 0.114652
vt 0.774692 0.138932
vt 0.774692 0.164269
vt 0.774692 0.193176
vt 0.774692 0.224541
vt 0.774692 0.257161
vt 0.774692 0.289780
vt 0.774692 0.321146
vt 0.774692 0.350053
vt 0.823762 0.336159
vt 0.823762 0.357706
vt 0.823762 0.378336
vt 0.823762 0.396486
vt 0.823762 0.414891
vt 0.774692 0.375390
vt 0.774692 0.399130
vt 0.774692 0.419591
vt 0.774692 0.439419
vt 0.709073 0.414581
vt 0.709073 0.388530
vt 0.709073 0.360377
vt 0.709073 0.328257
vt 0.709073 0.293405
vt 0.709073 0.257161
vt 0.709073 0.220916
vt 0.709073 0.186064
vt 0.709073 0.153945
vt 0.709073 0.125792
vt 0.709073 0.099201
vt 0.709073 0.073616
vt 0.709073 0.052686
vt 0.602840 0.063044
vt 0.602840 0.089686
vt 0.602840 0.117700
vt 0.602840 0.147587
vt 0.602840 0.181685
vt 0.602840 0.218684
vt 0.602840 0.257161
vt 0.602840 0.295638
vt 0.602840 0.332636
vt 0.602884 0.366701
vt 0.610240 0.371411
vt 0.635687 0.394120
vt 0.641176 0.399019
vt 0.655417 0.419387
vt 0.667599 0.439300
vt 0.709073 0.436759
vt 0.709073 0.457644
vt 0.668478 0.440799
vt 0.674454 0.461302
vt 0.663568 0.441500
vt 0.651911 0.420792
vt 0.635222 0.398153
vt 0.603362 0.370490
vt 0.573728 0.351823
vt 0.575550 0.349199
vt 0.536870 0.335629
vt 0.539093 0.333421
vt 0.537962 0.332931
vt 0.497664 0.325445
vt 0.498402 0.323008
vt 0.482292 0.323902
vt 0.482690 0.321716
vt 0.457597 0.322106
vt 0.457842 0.319672
vt 0.417786 0.325336
vt 0.417283 0.323007
vt 0.378903 0.335124
vt 0.377975 0.332868
vt 0.365760 0.340597
vt 0.364840 0.338506
vt 0.341455 0.351294
vt 0.340134 0.349199
vt 0.319262 0.365391
vt 0.317795 0.363502
vt 0.307464 0.373277
vt 0.305444 0.371410
vt 0.287308 0.391610
vt 0.285014 0.389642
vt 0.276956 0.401417
vt 0.274507 0.399018
vt 0.272297 0.401723
vt 0.269162 0.414371
vt 0.265315 0.413210
vt 0.257685 0.433230
vt 0.253512 0.432660
vt 0.252159 0.449206
vt 0.248085 0.449613
vt 0.246833 0.451746
vt 0.249823 0.467406
vt 0.482690 0.037673
vt 0.482690 0.059475
vt 0.482690 0.086474
vt 0.482690 0.114968
vt 0.482690 0.145441
vt 0.482690 0.180207
vt 0.482690 0.217930
vt 0.482690 0.257161
vt 0.482690 0.296392
vt 0.364840 0.218684
vt 0.364840 0.181685
vt 0.364840 0.257161
vt 0.364840 0.295638
vt 0.364840 0.332636
vt 0.272297 0.220916
vt 0.272297 0.186064
vt 0.364840 0.147587
vt 0.364840 0.117700
vt 0.364840 0.089686
vt 0.364840 0.063044
vt 0.364840 0.041463
vt 0.272297 0.052686
vt 0.272297 0.073616
vt 0.272297 0.099201
vt 0.272297 0.125792
vt 0.272297 0.153945
vt 0.193614 0.070912
vt 0.193614 0.090785
vt 0.193614 0.114652
vt 0.193614 0.138932
vt 0.193614 0.164269
vt 0.193614 0.193176
vt 0.193614 0.224541
vt 0.193614 0.257161
vt 0.272297 0.257161
vt 0.272297 0.293405
vt 0.272297 0.328257
vt 0.272297 0.360377
vt 0.272297 0.388530
vt 0.193614 0.289780
vt 0.193614 0.321146
vt 0.193614 0.350053
vt 0.193614 0.375390
vt 0.193614 0.399130
vt 0.130822 0.284901
vt 0.130822 0.257161
vt 0.130822 0.229420
vt 0.130822 0.202746
vt 0.130822 0.178163
vt 0.130822 0.156615
vt 0.130822 0.135446
vt 0.130822 0.113889
vt 0.130822 0.095439
vt 0.079290 0.142042
vt 0.079290 0.160783
vt 0.079290 0.178162
vt 0.079290 0.195092
vt 0.079290 0.214407
vt 0.079290 0.235365
vt 0.079290 0.257161
vt 0.079290 0.278956
vt 0.079290 0.299914
vt 0.130822 0.311576
vt 0.130822 0.336159
vt 0.130822 0.357706
vt 0.130822 0.378336
vt 0.130822 0.396486
vt 0.193614 0.419590
vt 0.130822 0.414891
vt 0.193614 0.439419
vt 0.079290 0.336159
vt 0.079290 0.319229
vt 0.079290 0.368333
vt 0.079290 0.352999
vt 0.040998 0.299914
vt 0.040998 0.286610
vt 0.040998 0.272174
vt 0.040998 0.257161
vt 0.040998 0.242148
vt 0.040998 0.227712
vt 0.040998 0.214407
vt 0.040998 0.189690
vt 0.040998 0.174162
vt 0.017418 0.209014
vt 0.017418 0.196423
vt 0.017418 0.221055
vt 0.017418 0.229420
vt 0.017418 0.235365
vt 0.017418 0.242148
vt 0.017418 0.180520
vt 0.017418 0.249507
vt 0.017418 0.257160
vt 0.017418 0.264814
vt 0.017418 0.272174
vt 0.017418 0.278956
vt 0.017418 0.284901
vt 0.040998 0.324092
vt 0.040998 0.336213
vt 0.040998 0.350906
vt 0.079290 0.385004
vt 0.017418 0.292727
vt 0.017418 0.301361
vt 0.017418 0.209014
vt 0.061374 0.097810
vt 0.053256 0.098610
vt 0.053256 0.056999
vt 0.069180 0.095442
vt 0.076374 0.091597
vt 0.082679 0.086422
vt 0.087854 0.080117
vt 0.091699 0.072923
vt 0.094067 0.065116
vt 0.094867 0.056999
vt 0.094067 0.048881
vt 0.091699 0.041075
vt 0.087854 0.033881
vt 0.082679 0.027575
vt 0.076373 0.022400
vt 0.069180 0.018555
vt 0.061374 0.016187
vt 0.053256 0.015388
vt 0.045138 0.016187
vt 0.037332 0.018555
vt 0.030138 0.022400
vt 0.023832 0.027575
vt 0.018658 0.033881
vt 0.014812 0.041075
vt 0.012444 0.048881
vt 0.011645 0.056999
vt 0.012444 0.065117
vt 0.014812 0.072923
vt 0.018658 0.080117
vt 0.023832 0.086422
vt 0.030138 0.091597
vt 0.037332 0.095442
vt 0.045138 0.097810
vt 0.248085 0.449613
vt 0.252159 0.449206
vt 0.257951 0.433230
vt 0.269155 0.414371
vt 0.276417 0.401417
vt 0.287308 0.391609
vt 0.307464 0.373277
vt 0.319262 0.365390
vt 0.341455 0.351294
vt 0.365760 0.340597
vt 0.378903 0.335124
vt 0.417786 0.325336
vt 0.457597 0.322106
vt 0.482292 0.323902
vt 0.497663 0.325445
vt 0.536869 0.335629
vt 0.573727 0.351823
vt 0.603361 0.370490
vt 0.635222 0.398153
vt 0.651910 0.420791
vt 0.663028 0.441500
vt 0.669503 0.459529
vt 0.670633 0.477073
vt 0.669503 0.459529
vt 0.300310 0.991691
vt 0.300310 0.904324
vt 0.318673 0.993443
vt 0.318673 0.904324
vt 0.285446 0.904324
vt 0.285446 0.989202
vt 0.269644 0.904324
vt 0.269644 0.983113
vt 0.262424 0.904324
vt 0.262424 0.978714
vt 0.253843 0.904324
vt 0.253843 0.974402
vt 0.241415 0.904324
vt 0.241415 0.966343
vt 0.234702 0.904324
vt 0.234702 0.962876
vt 0.223240 0.904324
vt 0.223240 0.956679
vt 0.210778 0.904324
vt 0.210778 0.951976
vt 0.204133 0.904324
vt 0.204133 0.949570
vt 0.184510 0.904324
vt 0.184510 0.945267
vt 0.163499 0.904324
vt 0.163499 0.943847
vt 0.150472 0.904324
vt 0.150472 0.944637
vt 0.142441 0.904324
vt 0.142441 0.945315
vt 0.122554 0.904324
vt 0.122554 0.949793
vt 0.104265 0.904324
vt 0.104265 0.956912
vt 0.089495 0.904324
vt 0.089495 0.965118
vt 0.070163 0.904324
vt 0.070163 0.977279
vt 0.055764 0.904324
vt 0.055764 0.985936
vt 0.040422 0.904324
vt 0.040422 0.992837
vt 0.022858 0.904324
vt 0.022858 0.996229
vt 0.005552 0.904324
vt 0.005552 0.997692
vt 0.318842 0.993443
vt 0.318842 0.904324
vt 0.300484 0.991691
vt 0.300484 0.904324
vt 0.286052 0.989202
vt 0.286052 0.904324
vt 0.269824 0.983114
vt 0.269824 0.904324
vt 0.262137 0.978714
vt 0.262137 0.904324
vt 0.254031 0.974403
vt 0.254031 0.904324
vt 0.241602 0.966343
vt 0.241602 0.904324
vt 0.234889 0.962876
vt 0.234889 0.904324
vt 0.223427 0.956679
vt 0.223427 0.904324
vt 0.210965 0.951976
vt 0.210965 0.904324
vt 0.204320 0.949570
vt 0.204320 0.904324
vt 0.184697 0.945268
vt 0.184697 0.904324
vt 0.163686 0.943847
vt 0.163686 0.904324
vt 0.150659 0.944637
vt 0.150659 0.904324
vt 0.142628 0.945315
vt 0.142628 0.904324
vt 0.122741 0.949793
vt 0.122741 0.904324
vt 0.104451 0.956912
vt 0.104451 0.904324
vt 0.089682 0.965118
vt 0.089681 0.904324
vt 0.070350 0.977279
vt 0.070349 0.904324
vt 0.055951 0.985936
vt 0.055951 0.904324
vt 0.040530 0.992837
vt 0.040530 0.904324
vt 0.023044 0.996229
vt 0.023044 0.904324
vt 0.005739 0.997692
vt 0.005739 0.904324
vt 0.511046 0.964692
vt 0.506186 0.972187
vt 0.513559 0.957451
vt 0.513559 0.939479
vt 0.503036 0.975425
vt 0.498312 0.978952
vt 0.489568 0.983144
vt 0.484450 0.985090
vt 0.474823 0.987567
vt 0.374066 0.988588
vt 0.464280 0.989675
vt 0.458579 0.990481
vt 0.441712 0.991481
vt 0.424442 0.992032
vt 0.413729 0.992084
vt 0.407062 0.991873
vt 0.390055 0.990855
vt 0.464280 0.907252
vt 0.458579 0.906447
vt 0.441712 0.905447
vt 0.424442 0.904895
vt 0.413729 0.904843
vt 0.335094 0.931308
vt 0.335328 0.965616
vt 0.347390 0.979189
vt 0.361211 0.985645
vt 0.340151 0.972956
vt 0.332029 0.948464
vt 0.332519 0.956972
vt 0.332519 0.939955
vt 0.374066 0.908340
vt 0.347390 0.917739
vt 0.340150 0.923971
vt 0.361211 0.911283
vt 0.407061 0.905054
vt 0.390054 0.906073
vt 0.511162 0.932435
vt 0.506183 0.924737
vt 0.502802 0.921298
vt 0.498312 0.917976
vt 0.489568 0.913784
vt 0.484450 0.911838
vt 0.474823 0.909361
vt 0.514572 0.948464
vt 0.285451 0.580213
vt 0.285451 0.508304
vt 0.290016 0.580213
vt 0.290016 0.508304
vt 0.280887 0.508304
vt 0.280887 0.580213
vt 0.276322 0.508304
vt 0.276322 0.580213
vt 0.294580 0.580213
vt 0.294580 0.508304
vt 0.299144 0.580213
vt 0.299144 0.508304
vt 0.303709 0.580213
vt 0.303709 0.508304
vt 0.308273 0.580213
vt 0.308273 0.508304
vt 0.312838 0.580213
vt 0.312838 0.508304
vt 0.317402 0.580213
vt 0.317402 0.508304
vt 0.321967 0.580213
vt 0.321967 0.508304
vt 0.326531 0.580213
vt 0.326531 0.508304
vt 0.331096 0.580213
vt 0.331096 0.508304
vt 0.335660 0.580213
vt 0.335660 0.508304
vt 0.340225 0.580213
vt 0.340225 0.508304
vt 0.344789 0.580213
vt 0.344789 0.508304
vt 0.349354 0.580213
vt 0.349354 0.508304
vt 0.276622 0.508304
vt 0.281740 0.508304
vt 0.290898 0.508304
vt 0.302701 0.508304
vt 0.315353 0.508304
vt 0.326926 0.508304
vt 0.335660 0.508304
vt 0.340225 0.508304
vt 0.339925 0.508304
vt 0.334806 0.508304
vt 0.325648 0.508304
vt 0.263850 0.607124
vt 0.262333 0.607124
vt 0.263850 0.597280
vt 0.262333 0.597280
vt 0.262333 0.616969
vt 0.263850 0.616969
vt 0.262333 0.626813
vt 0.263850 0.626813
vt 0.262333 0.636658
vt 0.263850 0.636658
vt 0.263850 0.587435
vt 0.262333 0.587435
vt 0.263850 0.577590
vt 0.262333 0.577590
vt 0.263850 0.567746
vt 0.262333 0.567746
vt 0.263850 0.557901
vt 0.262333 0.557901
vt 0.263850 0.548056
vt 0.262333 0.548056
vt 0.263850 0.538212
vt 0.262333 0.538212
vt 0.263850 0.528367
vt 0.262333 0.528367
vt 0.263850 0.518522
vt 0.262333 0.518522
vt 0.263850 0.508678
vt 0.262333 0.508678
vt 0.263850 0.498833
vt 0.262333 0.498833
vt 0.263850 0.488989
vt 0.262333 0.488989
vt 0.263850 0.479144
vt 0.262333 0.479144
vt 0.260291 0.488989
vt 0.260291 0.479144
vt 0.260291 0.498833
vt 0.260291 0.508678
vt 0.260291 0.518522
vt 0.260291 0.528367
vt 0.260291 0.538212
vt 0.260291 0.548056
vt 0.260291 0.557901
vt 0.260291 0.567746
vt 0.260291 0.577590
vt 0.260291 0.587435
vt 0.260291 0.597280
vt 0.260291 0.607124
vt 0.260291 0.616969
vt 0.260291 0.626813
vt 0.260291 0.636658
vt 0.244294 0.607124
vt 0.244294 0.597280
vt 0.244294 0.616969
vt 0.244294 0.626813
vt 0.244294 0.636658
vt 0.242447 0.607124
vt 0.242447 0.597280
vt 0.242447 0.616969
vt 0.242447 0.626813
vt 0.242447 0.636658
vt 0.244294 0.587435
vt 0.244294 0.577590
vt 0.244294 0.567746
vt 0.244294 0.557901
vt 0.244294 0.548056
vt 0.244294 0.538212
vt 0.244294 0.528367
vt 0.244294 0.518522
vt 0.244294 0.508678
vt 0.244294 0.498833
vt 0.244294 0.488989
vt 0.244294 0.479144
vt 0.242447 0.488989
vt 0.242447 0.479144
vt 0.242447 0.498833
vt 0.242447 0.508678
vt 0.242447 0.518522
vt 0.242447 0.528367
vt 0.242447 0.538212
vt 0.242447 0.548056
vt 0.242447 0.557901
vt 0.242447 0.567746
vt 0.242447 0.577590
vt 0.242447 0.587435
vt 0.240819 0.528367
vt 0.240819 0.538212
vt 0.240819 0.548056
vt 0.240819 0.557901
vt 0.240819 0.567746
vt 0.240819 0.577590
vt 0.240819 0.587435
vt 0.240819 0.597280
vt 0.240819 0.607124
vt 0.240819 0.616969
vt 0.240819 0.626813
vt 0.240819 0.636658
vt 0.240819 0.488989
vt 0.240819 0.479144
vt 0.240819 0.498833
vt 0.240819 0.508678
vt 0.240819 0.518522
vt 0.388241 0.461224
vt 0.392567 0.439471
vt 0.375919 0.479664
vt 0.341271 0.495203
vt 0.335727 0.382631
vt 0.375919 0.399279
vt 0.388241 0.417719
vt 0.357479 0.386958
vt 0.278886 0.439471
vt 0.295534 0.399279
vt 0.313975 0.386958
vt 0.283213 0.417719
vt 0.295534 0.479664
vt 0.283213 0.461224
vt 0.313975 0.491986
vt 0.357479 0.491986
vt 0.518643 0.714635
vt 0.511529 0.715877
vt 0.520259 0.737266
vt 0.513057 0.737266
vt 0.506985 0.695015
vt 0.513834 0.692562
vt 0.499534 0.675193
vt 0.505951 0.671590
vt 0.489362 0.656900
vt 0.495189 0.652234
vt 0.476718 0.640585
vt 0.481811 0.634973
vt 0.461914 0.626651
vt 0.466148 0.620230
vt 0.445315 0.615441
vt 0.448584 0.608369
vt 0.427328 0.607231
vt 0.429554 0.599682
vt 0.408398 0.602222
vt 0.409524 0.594383
vt 0.388989 0.600539
vt 0.388989 0.592602
vt 0.369581 0.602222
vt 0.368454 0.594383
vt 0.350650 0.607231
vt 0.348424 0.599682
vt 0.332664 0.615441
vt 0.329394 0.608369
vt 0.316064 0.626651
vt 0.311831 0.620230
vt 0.301260 0.640585
vt 0.296167 0.634973
vt 0.288616 0.656900
vt 0.282790 0.652234
vt 0.278444 0.675193
vt 0.272027 0.671590
vt 0.270994 0.695015
vt 0.264144 0.692562
vt 0.266449 0.715877
vt 0.259335 0.714635
vt 0.264922 0.737266
vt 0.257719 0.737266
vt 0.325596 0.602131
vt 0.345577 0.593010
vt 0.366606 0.587446
vt 0.388167 0.585576
vt 0.409727 0.587446
vt 0.430757 0.593010
vt 0.450738 0.602131
vt 0.469178 0.614584
vt 0.485623 0.630063
vt 0.499669 0.648186
vt 0.510969 0.668508
vt 0.519245 0.690527
vt 0.524294 0.713703
vt 0.525991 0.737463
vt 0.520259 0.895298
vt 0.513057 0.895298
vt 0.526042 0.895298
vt 0.307156 0.614584
vt 0.290710 0.630063
vt 0.276665 0.648186
vt 0.265365 0.668508
vt 0.257088 0.690527
vt 0.252040 0.713703
vt 0.250343 0.737463
vt 0.250084 0.895298
vt 0.257719 0.895298
vt 0.264922 0.895298
vt 0.259335 0.714635
vt 0.264921 0.737266
vt 0.270994 0.695015
vt 0.264144 0.692562
vt 0.288616 0.656900
vt 0.282790 0.652234
vt 0.301260 0.640585
vt 0.296167 0.634973
vt 0.316064 0.626651
vt 0.311831 0.620230
vt 0.332664 0.615441
vt 0.329394 0.608369
vt 0.350650 0.607231
vt 0.369581 0.602222
vt 0.368454 0.594383
vt 0.388989 0.600539
vt 0.388989 0.592602
vt 0.408398 0.602222
vt 0.409524 0.594383
vt 0.427328 0.607231
vt 0.429554 0.599682
vt 0.445315 0.615441
vt 0.448584 0.608369
vt 0.461914 0.626651
vt 0.466148 0.620230
vt 0.476718 0.640585
vt 0.481811 0.634973
vt 0.489362 0.656900
vt 0.495189 0.652234
vt 0.499534 0.675193
vt 0.505951 0.671590
vt 0.506984 0.695015
vt 0.513834 0.692562
vt 0.511529 0.715877
vt 0.518643 0.714636
vt 0.513057 0.737266
vt 0.520259 0.737266
vt 0.264921 0.895298
vt 0.520259 0.895298
vt 0.513057 0.895298
vt 0.225110 0.796207
vt 0.219432 0.795273
vt 0.226400 0.779187
vt 0.220652 0.779187
vt 0.215805 0.810962
vt 0.221272 0.812807
vt 0.209859 0.825870
vt 0.214981 0.828579
vt 0.201740 0.839627
vt 0.206390 0.843136
vt 0.191649 0.851897
vt 0.195713 0.856118
vt 0.179833 0.862376
vt 0.183212 0.867205
vt 0.166584 0.870807
vt 0.169194 0.876125
vt 0.152229 0.876981
vt 0.154005 0.882658
vt 0.137120 0.880748
vt 0.138019 0.886644
vt 0.121629 0.882014
vt 0.121629 0.887983
vt 0.106139 0.880748
vt 0.105240 0.886644
vt 0.091030 0.876981
vt 0.089253 0.882658
vt 0.076674 0.870807
vt 0.074064 0.876125
vt 0.063425 0.862376
vt 0.060047 0.867205
vt 0.051610 0.851897
vt 0.047545 0.856118
vt 0.041518 0.839627
vt 0.036868 0.843136
vt 0.033400 0.825870
vt 0.028278 0.828579
vt 0.027453 0.810962
vt 0.021986 0.812807
vt 0.023826 0.795273
vt 0.018149 0.796207
vt 0.022607 0.779187
vt 0.016859 0.779187
vt 0.071704 0.880971
vt 0.056990 0.871608
vt 0.043869 0.859970
vt 0.032662 0.846344
vt 0.023645 0.831065
vt 0.017041 0.814510
vt 0.013013 0.797086
vt 0.011659 0.779222
vt 0.016859 0.680583
vt 0.022607 0.683857
vt 0.011609 0.676493
vt 0.231599 0.779222
vt 0.230245 0.797086
vt 0.226217 0.814510
vt 0.219613 0.831065
vt 0.210597 0.846344
vt 0.199390 0.859970
vt 0.186268 0.871608
vt 0.171555 0.880971
vt 0.226400 0.680583
vt 0.220652 0.683857
vt 0.155612 0.887828
vt 0.138832 0.892011
vt 0.121629 0.893417
vt 0.104426 0.892011
vt 0.087647 0.887828
vt 0.231649 0.676493
vt 0.018834 0.549160
vt 0.024511 0.550093
vt 0.017544 0.566179
vt 0.023292 0.566179
vt 0.028139 0.534404
vt 0.022672 0.532559
vt 0.034085 0.519497
vt 0.028963 0.516787
vt 0.042204 0.505739
vt 0.037553 0.502231
vt 0.052295 0.493470
vt 0.048231 0.489249
vt 0.064111 0.482991
vt 0.060732 0.478161
vt 0.077359 0.474560
vt 0.074750 0.469241
vt 0.091715 0.468385
vt 0.089939 0.462708
vt 0.106824 0.464618
vt 0.105925 0.458723
vt 0.122315 0.463352
vt 0.122315 0.457383
vt 0.137805 0.464618
vt 0.138704 0.458723
vt 0.152914 0.468385
vt 0.154691 0.462708
vt 0.167270 0.474560
vt 0.169880 0.469241
vt 0.180519 0.482991
vt 0.183897 0.478161
vt 0.192334 0.493470
vt 0.196399 0.489249
vt 0.202426 0.505739
vt 0.207076 0.502231
vt 0.210544 0.519497
vt 0.215666 0.516787
vt 0.216491 0.534404
vt 0.221957 0.532559
vt 0.220118 0.550093
vt 0.225795 0.549160
vt 0.221337 0.566179
vt 0.227085 0.566179
vt 0.171479 0.464463
vt 0.186192 0.473825
vt 0.199314 0.485463
vt 0.210521 0.499089
vt 0.219537 0.514368
vt 0.226141 0.530923
vt 0.230169 0.548347
vt 0.231523 0.566211
vt 0.227085 0.668874
vt 0.221337 0.668874
vt 0.231523 0.668910
vt 0.011583 0.566211
vt 0.012937 0.548347
vt 0.016965 0.530923
vt 0.023569 0.514368
vt 0.032585 0.499089
vt 0.043793 0.485463
vt 0.056914 0.473825
vt 0.071628 0.464463
vt 0.017544 0.668874
vt 0.023292 0.668874
vt 0.087571 0.457605
vt 0.104350 0.453422
vt 0.121553 0.452016
vt 0.138756 0.453422
vt 0.155536 0.457605
vt 0.011583 0.668910
vt 0.225795 0.549160
vt 0.220118 0.550093
vt 0.227085 0.566179
vt 0.216491 0.534404
vt 0.202426 0.505739
vt 0.207076 0.502231
vt 0.192334 0.493470
vt 0.183897 0.478162
vt 0.167270 0.474560
vt 0.169880 0.469242
vt 0.152914 0.468385
vt 0.154691 0.462708
vt 0.137805 0.464619
vt 0.138704 0.458723
vt 0.122315 0.463353
vt 0.122315 0.457383
vt 0.106824 0.464619
vt 0.105925 0.458723
vt 0.091715 0.468385
vt 0.089939 0.462708
vt 0.077360 0.474560
vt 0.074750 0.469242
vt 0.060732 0.478162
vt 0.052295 0.493470
vt 0.048231 0.489249
vt 0.042204 0.505739
vt 0.037553 0.502231
vt 0.034085 0.519497
vt 0.028963 0.516787
vt 0.028139 0.534404
vt 0.022672 0.532559
vt 0.024511 0.550094
vt 0.018834 0.549160
vt 0.023292 0.566179
vt 0.017544 0.566179
vt 0.017544 0.664790
vt 0.023292 0.661509
vt 0.227085 0.664790
vt 0.221337 0.661509
vt 0.018149 0.796207
vt 0.023826 0.795273
vt 0.016859 0.779187
vt 0.022607 0.779187
vt 0.021986 0.812807
vt 0.033400 0.825870
vt 0.028278 0.828580
vt 0.041519 0.839627
vt 0.036868 0.843136
vt 0.047545 0.856118
vt 0.063425 0.862376
vt 0.060047 0.867205
vt 0.076674 0.870807
vt 0.074064 0.876125
vt 0.091030 0.876981
vt 0.089253 0.882658
vt 0.106139 0.880748
vt 0.105240 0.886644
vt 0.121629 0.887983
vt 0.137120 0.880748
vt 0.138019 0.886644
vt 0.154005 0.882658
vt 0.166585 0.870807
vt 0.169194 0.876125
vt 0.179833 0.862376
vt 0.183212 0.867205
vt 0.195713 0.856118
vt 0.206390 0.843136
vt 0.209859 0.825870
vt 0.214981 0.828579
vt 0.215805 0.810962
vt 0.221272 0.812807
vt 0.220652 0.779187
vt 0.226400 0.779187
vt 0.022607 0.683857
vt 0.225792 0.549121
vt 0.220114 0.550055
vt 0.227082 0.566141
vt 0.221333 0.566141
vt 0.216487 0.534366
vt 0.221954 0.532521
vt 0.210541 0.519459
vt 0.215662 0.516749
vt 0.202422 0.505701
vt 0.207072 0.502192
vt 0.192331 0.493432
vt 0.196395 0.489211
vt 0.180515 0.482952
vt 0.183894 0.478123
vt 0.167266 0.474522
vt 0.169876 0.469203
vt 0.152911 0.468347
vt 0.154687 0.462670
vt 0.137802 0.464580
vt 0.138701 0.458685
vt 0.122311 0.463314
vt 0.122311 0.457345
vt 0.106821 0.464580
vt 0.105921 0.458685
vt 0.091712 0.468347
vt 0.089935 0.462670
vt 0.077356 0.474522
vt 0.074746 0.469203
vt 0.064107 0.482952
vt 0.060728 0.478123
vt 0.052292 0.493432
vt 0.048227 0.489211
vt 0.042200 0.505701
vt 0.037550 0.502192
vt 0.034082 0.519459
vt 0.028960 0.516749
vt 0.028135 0.534366
vt 0.022668 0.532521
vt 0.024508 0.550055
vt 0.018830 0.549122
vt 0.023289 0.566141
vt 0.017540 0.566141
vt 0.071624 0.464423
vt 0.056911 0.473786
vt 0.043789 0.485424
vt 0.032582 0.499050
vt 0.023565 0.514328
vt 0.016962 0.530884
vt 0.012933 0.548308
vt 0.011579 0.566172
vt 0.017540 0.668836
vt 0.023289 0.668836
vt 0.011579 0.668871
vt 0.231520 0.566172
vt 0.230166 0.548308
vt 0.226137 0.530884
vt 0.219534 0.514328
vt 0.210517 0.499050
vt 0.199310 0.485424
vt 0.186188 0.473786
vt 0.171475 0.464423
vt 0.227082 0.668836
vt 0.221333 0.668836
vt 0.155532 0.457566
vt 0.138753 0.453383
vt 0.121550 0.451977
vt 0.104346 0.453383
vt 0.087567 0.457566
vt 0.231520 0.668871
vt 0.024508 0.550055
vt 0.034082 0.519459
vt 0.042200 0.505701
vt 0.052292 0.493432
vt 0.048227 0.489211
vt 0.064107 0.482953
vt 0.060728 0.478123
vt 0.077356 0.474522
vt 0.074746 0.469203
vt 0.091712 0.468347
vt 0.089935 0.462670
vt 0.106821 0.464580
vt 0.105921 0.458685
vt 0.122311 0.463314
vt 0.122311 0.457345
vt 0.137802 0.464580
vt 0.138701 0.458685
vt 0.152911 0.468347
vt 0.154687 0.462670
vt 0.167266 0.474522
vt 0.169876 0.469203
vt 0.180515 0.482953
vt 0.183894 0.478123
vt 0.192331 0.493432
vt 0.196395 0.489211
vt 0.202422 0.505701
vt 0.207072 0.502192
vt 0.210541 0.519459
vt 0.215662 0.516749
vt 0.216487 0.534366
vt 0.221954 0.532521
vt 0.220114 0.550055
vt 0.225792 0.549122
vt 0.221333 0.566141
vt 0.227082 0.566141
vt 0.227082 0.664752
vt 0.221333 0.661471
vt 0.017540 0.664752
vt 0.023289 0.661471
s 1
usemtl Airplane1_01
f 1233/239/1095 1232/240/1096 1231/241/1097
f 1232/240/1096 1234/242/1098 1231/241/1097
f 1235/243/1099 1233/239/1095 1231/241/1097
f 1236/244/1100 1235/243/1099 1231/241/1097
f 1237/245/1101 1236/244/1100 1231/241/1097
f 1238/246/1102 1237/245/1101 1231/241/1097
f 1239/247/1103 1238/246/1102 1231/241/1097
f 1240/248/1104 1239/247/1103 1231/241/1097
f 1241/249/1105 1240/248/1104 1231/241/1097
f 1242/250/1106 1241/249/1105 1231/241/1097
f 1243/251/1107 1242/250/1106 1231/241/1097
f 1244/252/1108 1243/251/1107 1231/241/1097
f 1245/253/1109 1244/252/1108 1231/241/1097
f 1246/254/1110 1245/253/1109 1231/241/1097
f 1247/255/1111 1246/254/1110 1231/241/1097
f 1232/240/1096 1233/239/1095 1248/256/1112
f 1234/242/1098 1232/240/1096 1249/257/1113
f 1248/256/1112 1249/257/1113 1232/240/1096
f 1249/257/1113 1250/258/1114 1234/242/1098
f 1251/259/1115 1234/242/1098 1250/258/1114
f 1250/258/1114 1252/260/1116 1251/259/1115
f 1253/261/1117 1251/259/1115 1252/260/1116
f 1251/259/1115 1253/261/1117 1231/241/1097
f 1253/261/1117 1254/262/1118 1231/241/1097
f 1254/262/1118 1255/263/1119 1231/241/1097
f 1255/263/1119 1256/264/1120 1231/241/1097
f 1256/264/1120 1257/265/1121 1231/241/1097
f 1257/265/1121 1258/266/1122 1231/241/1097
f 1258/266/1122 1259/267/1123 1231/241/1097
f 1259/267/1123 1260/268/1124 1231/241/1097
f 1260/268/1124 1261/269/1125 1231/241/1097
f 1261/269/1125 1262/270/1126 1231/241/1097
f 1254/262/1118 1253/261/1117 1263/271/1127
f 1252/260/1116 1263/271/1127 1253/261/1117
f 1255/263/1119 1254/262/1118 1264/272/1128
f 1263/271/1127 1264/272/1128 1254/262/1118
f 1256/264/1120 1255/263/1119 1265/273/1129
f 1264/272/1128 1265/273/1129 1255/263/1119
f 1257/265/1121 1256/264/1120 1266/274/1130
f 1265/273/1129 1266/274/1130 1256/264/1120
f 1258/266/1122 1257/265/1121 1267/275/1131
f 1266/274/1130 1267/275/1131 1257/265/1121
f 1259/267/1123 1258/266/1122 1268/276/1132
f 1267/275/1131 1268/276/1132 1258/266/1122
f 1260/268/1124 1259/267/1123 1269/277/1133
f 1268/276/1132 1269/277/1133 1259/267/1123
f 1261/269/1125 1260/268/1124 1270/278/1134
f 1269/277/1133 1270/278/1134 1260/268/1124
f 1262/270/1126 1261/269/1125 1271/279/1135
f 1270/278/1134 1271/279/1135 1261/269/1125
f 1271/279/1135 1272/280/1136 1262/270/1126
f 1273/281/1137 1262/270/1126 1272/280/1136
f 1272/280/1136 1274/282/1138 1273/281/1137
f 1275/283/1139 1273/281/1137 1274/282/1138
f 1273/281/1137 1275/283/1139 1231/241/1097
f 1275/283/1139 1276/284/1140 1231/241/1097
f 1276/284/1140 1277/285/1141 1231/241/1097
f 1277/285/1141 1278/286/1142 1231/241/1097
f 1278/286/1142 1247/255/1111 1231/241/1097
f 1276/284/1140 1275/283/1139 1279/287/1143
f 1274/282/1138 1279/287/1143 1275/283/1139
f 1277/285/1141 1276/284/1140 1280/288/1144
f 1279/287/1143 1280/288/1144 1276/284/1140
f 1278/286/1142 1277/285/1141 1281/289/1145
f 1280/288/1144 1281/289/1145 1277/285/1141
f 1247/255/1111 1278/286/1142 1282/290/1146
f 1281/289/1145 1282/290/1146 1278/286/1142
f 1282/290/1146 1283/291/1147 1247/255/1111
f 1246/254/1110 1247/255/1111 1283/291/1147
f 1283/291/1147 1284/292/1148 1246/254/1110
f 1245/253/1109 1246/254/1110 1284/292/1148
f 1284/292/1148 1285/293/1149 1245/253/1109
f 1244/252/1108 1245/253/1109 1285/293/1149
f 1285/293/1149 1286/294/1150 1244/252/1108
f 1243/251/1107 1244/252/1108 1286/294/1150
f 1286/294/1150 1287/295/1151 1243/251/1107
f 1242/250/1106 1243/251/1107 1287/295/1151
f 1287/295/1151 1288/296/1152 1242/250/1106
f 1241/249/1105 1242/250/1106 1288/296/1152
f 1288/296/1152 1289/297/1153 1241/249/1105
f 1240/248/1104 1241/249/1105 1289/297/1153
f 1289/297/1153 1290/298/1154 1240/248/1104
f 1239/247/1103 1240/248/1104 1290/298/1154
f 1290/298/1154 1291/299/1155 1239/247/1103
f 1238/246/1102 1239/247/1103 1291/299/1155
f 1291/299/1155 1292/300/1156 1238/246/1102
f 1237/245/1101 1238/246/1102 1292/300/1156
f 1292/300/1156 1293/301/1157 1237/245/1101
f 1236/244/1100 1237/245/1101 1293/301/1157
f 1293/301/1157 1294/302/1158 1236/244/1100
f 1235/243/1099 1236/244/1100 1294/302/1158
f 1294/302/1158 1295/303/1159 1235/243/1099
f 1233/239/1095 1235/243/1099 1295/303/1159
f 1295/303/1159 1248/256/1112 1233/239/1095
f 1298/242/1160 1297/259/1160 1296/241/1161
f 1300/270/1162 1299/281/1162 1296/241/1161
f 1303/304/1163 1302/305/1159 1301/306/1164
f 1301/306/1164 1304/307/1165 1303/304/1163
f 1305/308/1113 1303/304/1163 1304/307/1165
f 1304/307/1165 1306/309/1166 1305/308/1113
f 1307/310/1167 1305/308/1113 1306/309/1166
f 1306/309/1166 1308/311/1168 1307/310/1167
f 1309/312/1169 1307/310/1167 1308/311/1168
f 1308/311/1168 1310/313/1170 1309/312/1169
f 1311/314/1171 1309/312/1169 1310/313/1170
f 1310/313/1170 1312/315/1172 1311/314/1171
f 1313/316/1173 1311/314/1171 1312/315/1172
f 1312/315/1172 1314/317/1174 1313/316/1173
f 1315/318/1175 1313/316/1173 1314/317/1174
f 1314/317/1174 1316/319/1176 1315/318/1175
f 1317/320/1130 1315/318/1175 1316/319/1176
f 1316/319/1176 1318/321/1177 1317/320/1130
f 1319/322/1178 1317/320/1130 1318/321/1177
f 1318/321/1177 1320/323/1179 1319/322/1178
f 1321/324/1132 1319/322/1178 1320/323/1179
f 1320/323/1179 1322/325/1180 1321/324/1132
f 1323/326/1181 1321/324/1132 1322/325/1180
f 1322/325/1180 1324/327/1182 1323/326/1181
f 1325/328/1183 1323/326/1181 1324/327/1182
f 1324/327/1182 1326/329/1184 1325/328/1183
f 1327/330/1185 1325/328/1183 1326/329/1184
f 1326/329/1184 1328/331/1186 1327/330/1185
f 1329/332/1136 1327/330/1185 1328/331/1186
f 1328/331/1186 1330/333/1187 1329/332/1136
f 1331/334/1188 1329/332/1136 1330/333/1187
f 1330/333/1187 1332/335/1189 1331/334/1188
f 1320/323/1179 1318/321/1177 1333/336/1190
f 1334/337/1191 1333/336/1190 1318/321/1177
f 1322/325/1180 1320/323/1179 1335/338/1192
f 1333/336/1190 1335/338/1192 1320/323/1179
f 1324/327/1182 1322/325/1180 1336/339/1193
f 1335/338/1192 1336/339/1193 1322/325/1180
f 1326/329/1184 1324/327/1182 1337/340/1194
f 1336/339/1193 1337/340/1194 1324/327/1182
f 1328/331/1186 1326/329/1184 1338/341/1195
f 1337/340/1194 1338/341/1195 1326/329/1184
f 1330/333/1187 1328/331/1186 1339/342/1196
f 1338/341/1195 1339/342/1196 1328/331/1186
f 1332/335/1189 1330/333/1187 1340/343/1197
f 1339/342/1196 1341/343/1197 1330/333/1187
f 1333/336/1190 1334/337/1191 1342/344/1198
f 1343/345/1199 1342/344/1198 1334/337/1191
f 1334/337/1191 1344/346/1200 1343/345/1199
f 1344/346/1200 1334/337/1191 1316/319/1176
f 1316/319/1176 1314/317/1174 1344/346/1200
f 1345/347/1201 1344/346/1200 1314/317/1174
f 1314/317/1174 1312/315/1172 1345/347/1201
f 1346/348/1202 1345/347/1201 1312/315/1172
f 1312/315/1172 1310/313/1170 1346/348/1202
f 1347/349/1203 1346/348/1202 1310/313/1170
f 1310/313/1170 1308/311/1168 1347/349/1203
f 1348/350/1204 1347/349/1203 1308/311/1168
f 1308/311/1168 1306/309/1166 1348/350/1204
f 1349/351/1205 1348/350/1204 1306/309/1166
f 1306/309/1166 1304/307/1165 1349/351/1205
f 1350/352/1206 1349/351/1205 1304/307/1165
f 1304/307/1165 1301/306/1164 1350/352/1206
f 1351/353/1207 1350/352/1206 1301/306/1164
f 1301/306/1164 1352/354/1208 1351/353/1207
f 1352/354/1208 1301/306/1164 1353/305/1159
f 1354/355/1209 1351/353/1207 1352/354/1208
f 1350/352/1206 1351/353/1207 1355/356/1210
f 1356/357/1211 1355/356/1210 1351/353/1207
f 1351/353/1207 1357/355/1209 1356/357/1211
f 1358/358/1212 1356/357/1211 1357/355/1209
f 1349/351/1205 1350/352/1206 1359/359/1213
f 1355/356/1210 1359/359/1213 1350/352/1206
f 1348/350/1204 1349/351/1205 1360/360/1214
f 1359/359/1213 1360/360/1214 1349/351/1205
f 1360/360/1214 1361/361/1215 1348/350/1204
f 1355/356/1210 1356/357/1211 1362/362/1216
f 1363/363/1217 1362/362/1216 1356/357/1211
f 1356/357/1211 1364/358/1212 1363/363/1217
f 1365/364/1218 1363/363/1217 1364/358/1212
f 1359/359/1213 1355/356/1210 1366/365/1219
f 1362/362/1216 1366/365/1219 1355/356/1210
f 1360/360/1214 1359/359/1213 1367/366/1220
f 1366/365/1219 1367/366/1220 1359/359/1213
f 1361/361/1215 1360/360/1214 1368/367/1221
f 1367/366/1220 1368/367/1221 1360/360/1214
f 1368/367/1221 1369/368/1222 1361/361/1215
f 1370/369/1223 1361/361/1215 1369/368/1222
f 1361/361/1215 1370/369/1223 1347/349/1203
f 1347/349/1203 1348/350/1204 1361/361/1215
f 1346/348/1202 1347/349/1203 1370/369/1223
f 1370/369/1223 1371/370/1224 1346/348/1202
f 1345/347/1201 1346/348/1202 1371/370/1224
f 1371/370/1224 1372/371/1225 1345/347/1201
f 1344/346/1200 1345/347/1201 1372/371/1225
f 1372/371/1225 1343/345/1199 1344/346/1200
f 1371/370/1224 1370/369/1223 1373/372/1226
f 1369/368/1222 1373/372/1226 1370/369/1223
f 1372/371/1225 1371/370/1224 1374/373/1227
f 1373/372/1226 1374/373/1227 1371/370/1224
f 1343/345/1199 1372/371/1225 1375/374/1228
f 1374/373/1227 1375/374/1228 1372/371/1225
f 1375/374/1228 1376/375/1229 1343/345/1199
f 1342/344/1198 1343/345/1199 1376/375/1229
f 1376/375/1229 1377/376/1230 1342/344/1198
f 1378/377/1231 1342/344/1198 1377/376/1230
f 1342/344/1198 1378/377/1231 1333/336/1190
f 1335/338/1192 1333/336/1190 1378/377/1231
f 1378/377/1231 1379/378/1232 1335/338/1192
f 1336/339/1193 1335/338/1192 1379/378/1232
f 1379/378/1232 1380/379/1233 1336/339/1193
f 1337/340/1194 1336/339/1193 1380/379/1233
f 1380/379/1233 1381/380/1234 1337/340/1194
f 1338/341/1195 1337/340/1194 1381/380/1234
f 1381/380/1234 1382/381/1235 1338/341/1195
f 1339/342/1196 1338/341/1195 1382/381/1235
f 1382/381/1235 1383/382/1236 1339/342/1196
f 1340/343/1197 1339/342/1196 1383/382/1236
f 1379/378/1232 1378/377/1231 1384/383/1237
f 1377/376/1230 1384/383/1237 1378/377/1231
f 1380/379/1233 1379/378/1232 1385/384/1238
f 1384/383/1237 1385/384/1238 1379/378/1232
f 1381/380/1234 1380/379/1233 1386/385/1239
f 1385/384/1238 1386/385/1239 1380/379/1233
f 1382/381/1235 1381/380/1234 1387/386/1240
f 1386/385/1239 1387/386/1240 1381/380/1234
f 1383/382/1236 1382/381/1235 1388/387/1241
f 1387/386/1240 1388/387/1241 1382/381/1235
f 1385/384/1238 1384/383/1237 1389/388/1242
f 1390/389/1243 1389/388/1242 1384/383/1237
f 1384/383/1237 1377/376/1230 1390/389/1243
f 1391/390/1244 1390/389/1243 1377/376/1230
f 1377/376/1230 1376/375/1229 1391/390/1244
f 1392/391/1245 1391/390/1244 1376/375/1229
f 1376/375/1229 1375/374/1228 1392/391/1245
f 1393/392/1246 1392/391/1245 1375/374/1228
f 1375/374/1228 1374/373/1227 1393/392/1246
f 1394/393/1247 1393/392/1246 1374/373/1227
f 1374/373/1227 1373/372/1226 1394/393/1247
f 1395/394/1248 1394/393/1247 1373/372/1226
f 1373/372/1226 1369/368/1222 1395/394/1248
f 1396/395/1249 1395/394/1248 1369/368/1222
f 1369/368/1222 1368/367/1221 1396/395/1249
f 1397/396/1250 1396/395/1249 1368/367/1221
f 1397/396/1250 1368/367/1221 1398/397/1251
f 1398/397/1251 1368/367/1221 1367/366/1220
f 1399/398/1252 1398/397/1251 1367/366/1220
f 1399/398/1252 1367/366/1220 1400/399/1253
f 1400/399/1253 1367/366/1220 1366/365/1219
f 1401/400/1254 1400/399/1253 1366/365/1219
f 1401/400/1254 1366/365/1219 1402/401/1255
f 1402/401/1255 1366/365/1219 1362/362/1216
f 1403/402/1256 1402/401/1255 1362/362/1216
f 1403/402/1256 1362/362/1216 1404/403/1257
f 1363/363/1217 1404/403/1257 1362/362/1216
f 1404/403/1257 1363/363/1217 1405/404/1258
f 1365/364/1218 1405/404/1258 1363/363/1217
f 1397/396/1250 1406/405/1259 1396/395/1249
f 1407/406/1260 1396/395/1249 1406/405/1259
f 1407/406/1260 1408/407/1261 1396/395/1249
f 1396/395/1249 1408/407/1261 1409/408/1261
f 1395/394/1248 1396/395/1249 1409/408/1261
f 1410/409/1262 1395/394/1248 1409/408/1261
f 1410/409/1262 1411/410/1263 1395/394/1248
f 1394/393/1247 1395/394/1248 1411/410/1263
f 1411/410/1263 1412/411/1264 1394/393/1247
f 1393/392/1246 1394/393/1247 1412/411/1264
f 1412/411/1264 1413/412/1265 1393/392/1246
f 1392/391/1245 1393/392/1246 1413/412/1265
f 1413/412/1265 1414/413/1266 1392/391/1245
f 1391/390/1244 1392/391/1245 1414/413/1266
f 1414/413/1266 1415/414/1267 1391/390/1244
f 1390/389/1243 1391/390/1244 1415/414/1267
f 1415/414/1267 1416/415/1268 1390/389/1243
f 1389/388/1242 1390/389/1243 1416/415/1268
f 1416/415/1268 1417/416/1269 1389/388/1242
f 1418/417/1270 1389/388/1242 1417/416/1269
f 1389/388/1242 1418/417/1270 1385/384/1238
f 1386/385/1239 1385/384/1238 1418/417/1270
f 1418/417/1270 1419/418/1271 1386/385/1239
f 1387/386/1240 1386/385/1239 1419/418/1271
f 1419/418/1271 1420/419/1272 1387/386/1240
f 1388/387/1241 1387/386/1240 1420/419/1272
f 1419/418/1271 1418/417/1270 1421/420/1273
f 1417/416/1269 1421/420/1273 1418/417/1270
f 1420/419/1272 1419/418/1271 1422/421/1274
f 1421/420/1273 1422/421/1274 1419/418/1271
f 1415/414/1267 1414/413/1266 1423/422/1275
f 1424/423/1276 1423/422/1275 1414/413/1266
f 1414/413/1266 1413/412/1265 1424/423/1276
f 1425/424/1277 1424/423/1276 1413/412/1265
f 1413/412/1265 1412/411/1264 1425/424/1277
f 1426/425/1278 1425/424/1277 1412/411/1264
f 1412/411/1264 1411/410/1263 1426/425/1278
f 1427/426/1279 1426/425/1278 1411/410/1263
f 1411/410/1263 1410/409/1262 1427/426/1279
f 1428/427/1280 1427/426/1279 1410/409/1262
f 1410/409/1262 1429/428/1281 1428/427/1280
f 1430/429/1282 1429/428/1281 1410/409/1262
f 1429/428/1281 1431/430/1283 1428/427/1280
f 1428/427/1280 1431/430/1283 1432/431/1284
f 1433/432/1285 1428/427/1280 1432/431/1284
f 1433/432/1285 1432/431/1284 1434/433/1286
f 1433/432/1285 1434/433/1286 1435/434/1287
f 1434/433/1286 1436/435/1288 1435/434/1287
f 1435/434/1287 1436/435/1288 1437/436/1289
f 1438/437/1290 1435/434/1287 1437/436/1289
f 1437/436/1289 1439/438/1291 1438/437/1290
f 1438/437/1290 1439/438/1291 1440/439/1292
f 1441/440/1293 1438/437/1290 1440/439/1292
f 1440/439/1292 1442/441/1294 1441/440/1293
f 1443/442/1295 1441/440/1293 1442/441/1294
f 1428/427/1280 1433/432/1285 1444/443/1296
f 1435/434/1287 1444/443/1296 1433/432/1285
f 1444/443/1296 1445/444/1297 1428/427/1280
f 1427/426/1279 1428/427/1280 1445/444/1297
f 1445/444/1297 1446/445/1298 1427/426/1279
f 1426/425/1278 1427/426/1279 1446/445/1298
f 1446/445/1298 1447/446/1299 1426/425/1278
f 1425/424/1277 1426/425/1278 1447/446/1299
f 1447/446/1299 1448/447/1300 1425/424/1277
f 1424/423/1276 1425/424/1277 1448/447/1300
f 1448/447/1300 1449/448/1301 1424/423/1276
f 1423/422/1275 1424/423/1276 1449/448/1301
f 1449/448/1301 1450/449/1302 1423/422/1275
f 1451/450/1303 1423/422/1275 1450/449/1302
f 1423/422/1275 1451/450/1303 1415/414/1267
f 1416/415/1268 1415/414/1267 1451/450/1303
f 1451/450/1303 1452/451/1304 1416/415/1268
f 1417/416/1269 1416/415/1268 1452/451/1304
f 1452/451/1304 1453/452/1305 1417/416/1269
f 1421/420/1273 1417/416/1269 1453/452/1305
f 1453/452/1305 1454/453/1306 1421/420/1273
f 1422/421/1274 1421/420/1273 1454/453/1306
f 1452/451/1304 1451/450/1303 1455/454/1307
f 1450/449/1302 1455/454/1307 1451/450/1303
f 1453/452/1305 1452/451/1304 1456/455/1308
f 1455/454/1307 1456/455/1308 1452/451/1304
f 1454/453/1306 1453/452/1305 1457/456/1309
f 1456/455/1308 1457/456/1309 1453/452/1305
f 1450/449/1302 1449/448/1301 1458/457/1310
f 1459/458/1311 1458/457/1310 1449/448/1301
f 1455/454/1307 1450/449/1302 1460/459/1312
f 1458/457/1310 1460/459/1312 1450/449/1302
f 1456/455/1308 1455/454/1307 1461/460/1313
f 1460/459/1312 1461/460/1313 1455/454/1307
f 1457/456/1309 1456/455/1308 1462/461/1314
f 1461/460/1313 1462/461/1314 1456/455/1308
f 1458/457/1310 1459/458/1311 1463/462/1315
f 1464/463/1316 1463/462/1315 1459/458/1311
f 1459/458/1311 1465/464/1317 1464/463/1316
f 1465/464/1317 1459/458/1311 1448/447/1300
f 1448/447/1300 1447/446/1299 1465/464/1317
f 1466/465/1318 1465/464/1317 1447/446/1299
f 1447/446/1299 1446/445/1298 1466/465/1318
f 1467/466/1319 1466/465/1318 1446/445/1298
f 1446/445/1298 1445/444/1297 1467/466/1319
f 1468/467/1320 1467/466/1319 1445/444/1297
f 1445/444/1297 1444/443/1296 1468/467/1320
f 1469/468/1321 1468/467/1320 1444/443/1296
f 1444/443/1296 1435/434/1287 1469/468/1321
f 1470/469/1322 1469/468/1321 1435/434/1287
f 1435/434/1287 1438/437/1290 1470/469/1322
f 1471/470/1323 1470/469/1322 1438/437/1290
f 1438/437/1290 1441/440/1293 1471/470/1323
f 1472/471/1324 1471/470/1323 1441/440/1293
f 1441/440/1293 1443/442/1295 1472/471/1324
f 1472/471/1324 1443/442/1295 1473/472/1325
f 1443/442/1295 1474/473/1326 1473/472/1325
f 1474/473/1326 1475/474/1327 1473/472/1325
f 1476/475/1328 1473/472/1325 1475/474/1327
f 1473/472/1325 1476/475/1328 1477/476/1329
f 1478/477/1330 1477/476/1329 1476/475/1328
f 1476/475/1328 1479/478/1331 1478/477/1330
f 1480/479/1332 1478/477/1330 1479/478/1331
f 1479/478/1331 1481/480/1333 1480/479/1332
f 1481/480/1333 1479/478/1331 1482/481/1334
f 1483/482/1335 1482/481/1334 1479/478/1331
f 1484/483/1336 1480/479/1332 1481/480/1333
f 1472/471/1324 1473/472/1325 1485/484/1337
f 1477/476/1329 1485/484/1337 1473/472/1325
f 1485/484/1337 1486/485/1338 1472/471/1324
f 1471/470/1323 1472/471/1324 1486/485/1338
f 1486/485/1338 1487/486/1339 1471/470/1323
f 1470/469/1322 1471/470/1323 1487/486/1339
f 1487/486/1339 1488/487/1340 1470/469/1322
f 1469/468/1321 1470/469/1322 1488/487/1340
f 1488/487/1340 1489/488/1341 1469/468/1321
f 1468/467/1320 1469/468/1321 1489/488/1341
f 1489/488/1341 1490/489/1342 1468/467/1320
f 1467/466/1319 1468/467/1320 1490/489/1342
f 1490/489/1342 1491/490/1343 1467/466/1319
f 1466/465/1318 1467/466/1319 1491/490/1343
f 1491/490/1343 1492/491/1344 1466/465/1318
f 1465/464/1317 1466/465/1318 1492/491/1344
f 1492/491/1344 1464/463/1316 1465/464/1317
f 1486/485/1338 1485/484/1337 1493/492/1345
f 1494/493/1346 1493/492/1345 1485/484/1337
f 1485/484/1337 1477/476/1329 1494/493/1346
f 1495/494/1347 1494/493/1346 1477/476/1329
f 1477/476/1329 1478/477/1330 1495/494/1347
f 1496/495/1348 1495/494/1347 1478/477/1330
f 1478/477/1330 1480/479/1332 1496/495/1348
f 1497/496/1349 1496/495/1348 1480/479/1332
f 1480/479/1332 1498/483/1336 1497/496/1349
f 1493/492/1345 1499/497/1350 1486/485/1338
f 1487/486/1339 1486/485/1338 1499/497/1350
f 1499/497/1350 1500/498/1351 1487/486/1339
f 1488/487/1340 1487/486/1339 1500/498/1351
f 1500/498/1351 1501/499/1352 1488/487/1340
f 1489/488/1341 1488/487/1340 1501/499/1352
f 1501/499/1352 1502/500/1353 1489/488/1341
f 1490/489/1342 1489/488/1341 1502/500/1353
f 1502/500/1353 1503/501/1354 1490/489/1342
f 1491/490/1343 1490/489/1342 1503/501/1354
f 1503/501/1354 1504/502/1355 1491/490/1343
f 1492/491/1344 1491/490/1343 1504/502/1355
f 1504/502/1355 1505/503/1356 1492/491/1344
f 1464/463/1316 1492/491/1344 1505/503/1356
f 1505/503/1356 1506/504/1357 1464/463/1316
f 1463/462/1315 1464/463/1316 1506/504/1357
f 1506/504/1357 1507/505/1358 1463/462/1315
f 1508/506/1359 1463/462/1315 1507/505/1358
f 1463/462/1315 1508/506/1359 1458/457/1310
f 1460/459/1312 1458/457/1310 1508/506/1359
f 1508/506/1359 1509/507/1360 1460/459/1312
f 1461/460/1313 1460/459/1312 1509/507/1360
f 1509/507/1360 1510/508/1361 1461/460/1313
f 1462/461/1314 1461/460/1313 1510/508/1361
f 1509/507/1360 1508/506/1359 1511/509/1362
f 1507/505/1358 1511/509/1362 1508/506/1359
f 1510/508/1361 1509/507/1360 1512/510/1363
f 1511/509/1362 1513/510/1363 1509/507/1360
f 1506/504/1357 1505/503/1356 1514/511/1364
f 1515/512/1365 1514/511/1364 1505/503/1356
f 1507/505/1358 1506/504/1357 1516/513/1366
f 1514/511/1364 1516/513/1366 1506/504/1357
f 1511/509/1362 1507/505/1358 1517/514/1367
f 1516/513/1366 1517/514/1367 1507/505/1358
f 1512/510/1363 1511/509/1368 1518/515/1369
f 1517/514/1367 1519/515/1370 1511/509/1362
f 1514/511/1364 1515/512/1365 1520/516/1371
f 1521/517/1372 1520/516/1371 1515/512/1365
f 1515/512/1365 1522/518/1373 1521/517/1372
f 1522/518/1373 1515/512/1365 1504/502/1355
f 1504/502/1355 1503/501/1354 1522/518/1373
f 1523/519/1374 1522/518/1373 1503/501/1354
f 1503/501/1354 1502/500/1353 1523/519/1374
f 1524/520/1375 1523/519/1374 1502/500/1353
f 1502/500/1353 1501/499/1352 1524/520/1375
f 1525/521/1376 1524/520/1375 1501/499/1352
f 1501/499/1352 1500/498/1351 1525/521/1376
f 1526/522/1377 1525/521/1376 1500/498/1351
f 1500/498/1351 1499/497/1350 1526/522/1377
f 1527/523/1378 1526/522/1377 1499/497/1350
f 1499/497/1350 1493/492/1345 1527/523/1378
f 1528/524/1379 1527/523/1378 1493/492/1345
f 1493/492/1345 1494/493/1346 1528/524/1379
f 1529/525/1380 1528/524/1379 1494/493/1346
f 1494/493/1346 1495/494/1347 1529/525/1380
f 1530/526/1381 1529/525/1380 1495/494/1347
f 1495/494/1347 1496/495/1348 1530/526/1381
f 1531/527/1382 1530/526/1381 1496/495/1348
f 1496/495/1348 1497/496/1349 1531/527/1382
f 1532/528/1383 1531/527/1382 1497/496/1349
f 1497/496/1349 1533/529/1384 1532/528/1383
f 1531/527/1382 1532/528/1383 1534/530/1385
f 1535/531/1386 1534/530/1385 1532/528/1383
f 1532/528/1383 1536/532/1387 1535/531/1386
f 1530/526/1381 1531/527/1382 1537/533/1388
f 1534/530/1385 1537/533/1388 1531/527/1382
f 1529/525/1380 1530/526/1381 1538/534/1389
f 1537/533/1388 1538/534/1389 1530/526/1381
f 1528/524/1379 1529/525/1380 1539/535/1390
f 1538/534/1389 1539/535/1390 1529/525/1380
f 1539/535/1390 1540/536/1391 1528/524/1379
f 1541/529/1384 1497/496/1392 1484/483/1336
f 1542/532/1387 1532/528/1383 1541/529/1384
f 1543/537/1393 1535/531/1394 1542/532/1387
f 1527/523/1378 1528/524/1379 1540/536/1391
f 1540/536/1391 1544/538/1395 1527/523/1378
f 1526/522/1377 1527/523/1378 1544/538/1395
f 1544/538/1395 1545/539/1396 1526/522/1377
f 1525/521/1376 1526/522/1377 1545/539/1396
f 1545/539/1396 1546/540/1397 1525/521/1376
f 1524/520/1375 1525/521/1376 1546/540/1397
f 1546/540/1397 1547/541/1398 1524/520/1375
f 1523/519/1374 1524/520/1375 1547/541/1398
f 1547/541/1398 1548/542/1399 1523/519/1374
f 1522/518/1373 1523/519/1374 1548/542/1399
f 1548/542/1399 1521/517/1372 1522/518/1373
f 1550/543/1143 1331/334/1188 1549/335/1189
f 1553/334/1400 1552/543/1143 1551/333/1401
f 1554/335/1189 1551/333/1401 1552/543/1143
f 1551/333/1401 1555/544/1402 1553/334/1400
f 1556/545/1403 1553/334/1400 1555/544/1402
f 1555/544/1402 1557/546/1404 1556/545/1403
f 1558/547/1405 1556/545/1403 1557/546/1404
f 1557/546/1404 1559/548/1406 1558/547/1405
f 1560/328/1407 1558/547/1405 1559/548/1406
f 1559/548/1406 1561/549/1408 1560/328/1407
f 1562/326/1409 1560/328/1407 1561/549/1408
f 1561/549/1408 1563/550/1410 1562/326/1409
f 1564/551/1411 1562/326/1409 1563/550/1410
f 1563/550/1410 1565/552/1412 1564/551/1411
f 1566/553/1413 1564/551/1411 1565/552/1412
f 1565/552/1412 1567/554/1414 1566/553/1413
f 1568/555/1151 1566/553/1413 1567/554/1414
f 1567/554/1414 1569/556/1415 1568/555/1151
f 1570/557/1416 1568/555/1151 1569/556/1415
f 1569/556/1415 1571/558/1417 1570/557/1416
f 1572/559/1153 1570/557/1416 1571/558/1417
f 1571/558/1417 1573/560/1418 1572/559/1153
f 1574/561/1419 1572/559/1153 1573/560/1418
f 1573/560/1418 1575/562/1420 1574/561/1419
f 1576/312/1421 1574/561/1419 1575/562/1420
f 1575/562/1420 1577/563/1422 1576/312/1421
f 1578/564/1423 1576/312/1421 1577/563/1422
f 1577/563/1422 1579/565/1424 1578/564/1423
f 1580/308/1157 1578/564/1423 1579/565/1424
f 1579/565/1424 1581/306/1425 1580/308/1157
f 1582/304/1426 1580/308/1157 1581/306/1425
f 1581/306/1425 1583/354/1208 1582/304/1426
f 1584/305/1159 1582/304/1426 1583/354/1208
f 1571/558/1417 1569/556/1415 1585/566/1427
f 1586/567/1428 1585/566/1427 1569/556/1415
f 1569/556/1415 1567/554/1414 1586/567/1428
f 1587/568/1429 1586/567/1428 1567/554/1414
f 1567/554/1414 1565/552/1412 1587/568/1429
f 1588/569/1430 1587/568/1429 1565/552/1412
f 1565/552/1412 1563/550/1410 1588/569/1430
f 1589/570/1431 1588/569/1430 1563/550/1410
f 1563/550/1410 1561/549/1408 1589/570/1431
f 1590/571/1432 1589/570/1431 1561/549/1408
f 1561/549/1408 1559/548/1406 1590/571/1432
f 1591/572/1433 1590/571/1432 1559/548/1406
f 1559/548/1406 1557/546/1404 1591/572/1433
f 1592/573/1434 1591/572/1433 1557/546/1404
f 1557/546/1404 1555/544/1402 1592/573/1434
f 1593/574/1435 1592/573/1434 1555/544/1402
f 1555/544/1402 1551/333/1401 1593/574/1435
f 1594/342/1436 1593/574/1435 1551/333/1401
f 1551/333/1401 1554/335/1189 1594/342/1436
f 1593/574/1435 1594/342/1436 1595/575/1437
f 1596/576/1438 1595/575/1437 1594/342/1436
f 1594/342/1436 1597/343/1197 1596/576/1438
f 1598/382/1236 1596/576/1438 1597/343/1197
f 1592/573/1434 1593/574/1435 1599/577/1439
f 1595/575/1437 1599/577/1439 1593/574/1435
f 1591/572/1433 1592/573/1434 1600/578/1440
f 1599/577/1439 1600/578/1440 1592/573/1434
f 1590/571/1432 1591/572/1433 1601/579/1441
f 1600/578/1440 1601/579/1441 1591/572/1433
f 1601/579/1441 1602/580/1442 1590/571/1432
f 1589/570/1431 1590/571/1432 1602/580/1442
f 1602/580/1442 1603/581/1443 1589/570/1431
f 1588/569/1430 1589/570/1431 1603/581/1443
f 1603/581/1443 1604/582/1444 1588/569/1430
f 1587/568/1429 1588/569/1430 1604/582/1444
f 1604/582/1444 1605/583/1445 1587/568/1429
f 1586/567/1428 1587/568/1429 1605/583/1445
f 1605/583/1445 1606/584/1446 1586/567/1428
f 1585/566/1427 1586/567/1428 1606/584/1446
f 1606/584/1446 1607/585/1447 1585/566/1427
f 1608/586/1448 1585/566/1427 1607/585/1447
f 1585/566/1427 1608/586/1448 1571/558/1417
f 1573/560/1418 1571/558/1417 1608/586/1448
f 1608/586/1448 1609/587/1449 1573/560/1418
f 1575/562/1420 1573/560/1418 1609/587/1449
f 1609/587/1449 1610/588/1450 1575/562/1420
f 1577/563/1422 1575/562/1420 1610/588/1450
f 1610/588/1450 1611/589/1451 1577/563/1422
f 1579/565/1424 1577/563/1422 1611/589/1451
f 1611/589/1451 1612/590/1452 1579/565/1424
f 1581/306/1425 1579/565/1424 1612/590/1452
f 1612/590/1452 1613/355/1209 1581/306/1425
f 1583/354/1208 1581/306/1425 1613/355/1209
f 1609/587/1449 1608/586/1448 1614/591/1453
f 1607/585/1447 1614/591/1453 1608/586/1448
f 1610/588/1450 1609/587/1449 1615/592/1454
f 1614/591/1453 1615/592/1454 1609/587/1449
f 1611/589/1451 1610/588/1450 1616/593/1455
f 1615/592/1454 1616/593/1455 1610/588/1450
f 1612/590/1452 1611/589/1451 1617/594/1456
f 1616/593/1455 1617/594/1456 1611/589/1451
f 1617/594/1456 1618/358/1212 1612/590/1452
f 1615/592/1454 1614/591/1453 1619/595/1457
f 1620/596/1458 1619/595/1457 1614/591/1453
f 1614/591/1453 1607/585/1447 1620/596/1458
f 1621/597/1459 1620/596/1458 1607/585/1447
f 1607/585/1447 1606/584/1446 1621/597/1459
f 1622/598/1460 1621/597/1459 1606/584/1446
f 1606/584/1446 1605/583/1445 1622/598/1460
f 1623/599/1461 1622/598/1460 1605/583/1445
f 1605/583/1445 1604/582/1444 1623/599/1461
f 1624/600/1462 1623/599/1461 1604/582/1444
f 1604/582/1444 1603/581/1443 1624/600/1462
f 1625/601/1463 1624/600/1462 1603/581/1443
f 1603/581/1443 1602/580/1442 1625/601/1463
f 1626/602/1464 1625/601/1463 1602/580/1442
f 1602/580/1442 1601/579/1441 1626/602/1464
f 1627/603/1465 1626/602/1464 1601/579/1441
f 1601/579/1441 1600/578/1440 1627/603/1465
f 1628/604/1466 1627/603/1465 1600/578/1440
f 1600/578/1440 1599/577/1439 1628/604/1466
f 1629/605/1467 1628/604/1466 1599/577/1439
f 1599/577/1439 1595/575/1437 1629/605/1467
f 1630/606/1468 1629/605/1467 1595/575/1437
f 1595/575/1437 1596/576/1438 1630/606/1468
f 1631/607/1469 1630/606/1468 1596/576/1438
f 1596/576/1438 1598/382/1236 1631/607/1469
f 1632/387/1241 1631/607/1469 1598/382/1236
f 1631/607/1469 1632/387/1241 1633/418/1470
f 1634/419/1272 1633/418/1470 1632/387/1241
f 1630/606/1468 1631/607/1469 1635/608/1471
f 1633/418/1470 1635/608/1471 1631/607/1469
f 1629/605/1467 1630/606/1468 1636/609/1472
f 1635/608/1471 1636/609/1472 1630/606/1468
f 1628/604/1466 1629/605/1467 1637/610/1473
f 1636/609/1472 1637/610/1473 1629/605/1467
f 1627/603/1465 1628/604/1466 1638/611/1474
f 1637/610/1473 1638/611/1474 1628/604/1466
f 1638/611/1474 1639/612/1475 1627/603/1465
f 1626/602/1464 1627/603/1465 1639/612/1475
f 1639/612/1475 1640/613/1476 1626/602/1464
f 1625/601/1463 1626/602/1464 1640/613/1476
f 1640/613/1476 1641/614/1477 1625/601/1463
f 1624/600/1462 1625/601/1463 1641/614/1477
f 1641/614/1477 1642/615/1478 1624/600/1462
f 1623/599/1461 1624/600/1462 1642/615/1478
f 1642/615/1478 1643/616/1479 1623/599/1461
f 1622/598/1460 1623/599/1461 1643/616/1479
f 1622/598/1460 1643/616/1479 1621/597/1459
f 1644/617/1480 1621/597/1459 1643/616/1479
f 1644/617/1480 1645/618/1481 1621/597/1459
f 1645/618/1481 1620/596/1458 1621/597/1459
f 1646/619/1482 1620/596/1458 1645/618/1481
f 1646/619/1482 1647/620/1483 1620/596/1458
f 1647/620/1483 1619/595/1457 1620/596/1458
f 1648/621/1484 1619/595/1457 1647/620/1483
f 1648/621/1484 1649/622/1485 1619/595/1457
f 1649/622/1485 1650/623/1486 1619/595/1457
f 1619/595/1457 1650/623/1486 1615/592/1454
f 1616/593/1455 1615/592/1454 1650/623/1486
f 1650/623/1486 1651/624/1487 1616/593/1455
f 1617/594/1456 1616/593/1455 1651/624/1487
f 1651/624/1487 1652/364/1218 1617/594/1456
f 1653/358/1212 1617/594/1456 1652/364/1218
f 1654/625/1488 1650/623/1486 1649/622/1485
f 1654/625/1488 1655/626/1489 1650/623/1486
f 1651/624/1487 1650/623/1486 1655/626/1489
f 1652/364/1218 1651/624/1487 1656/404/1258
f 1655/626/1489 1656/404/1258 1651/624/1487
f 1649/622/1485 1657/627/1490 1654/625/1488
f 1657/627/1490 1649/622/1485 1658/628/1491
f 1659/621/1492 1658/628/1491 1649/622/1485
f 1658/628/1491 1659/621/1492 1660/629/1493
f 1661/620/1494 1660/629/1493 1659/621/1492
f 1662/619/1495 1660/629/1493 1661/620/1494
f 1660/629/1493 1662/619/1495 1663/630/1496
f 1664/618/1497 1663/630/1496 1662/619/1495
f 1665/617/1498 1663/630/1496 1664/618/1497
f 1663/630/1496 1665/617/1498 1666/631/1499
f 1667/632/1500 1666/631/1499 1665/617/1498
f 1666/631/1499 1667/632/1500 1668/633/1501
f 1669/634/1502 1668/633/1501 1667/632/1500
f 1670/635/1503 1668/633/1501 1669/634/1502
f 1668/633/1501 1670/635/1503 1671/636/1504
f 1672/637/1505 1671/636/1504 1670/635/1503
f 1671/636/1504 1672/637/1505 1673/638/1506
f 1674/639/1507 1673/638/1506 1672/637/1505
f 1673/638/1506 1674/639/1507 1675/640/1508
f 1676/641/1509 1675/640/1508 1674/639/1507
f 1675/640/1508 1676/641/1509 1677/642/1510
f 1678/643/1511 1677/642/1510 1676/641/1509
f 1677/642/1510 1678/643/1511 1679/644/1512
f 1680/645/1513 1679/644/1512 1678/643/1511
f 1679/644/1512 1680/645/1513 1681/646/1514
f 1682/647/1515 1681/646/1514 1680/645/1513
f 1681/646/1514 1682/647/1515 1683/648/1516
f 1684/649/1517 1683/648/1516 1682/647/1515
f 1683/648/1516 1684/649/1517 1685/650/1518
f 1686/651/1519 1685/650/1518 1684/649/1517
f 1685/650/1518 1686/651/1519 1687/652/1520
f 1688/653/1521 1687/652/1520 1686/651/1519
f 1687/652/1520 1688/653/1521 1689/654/1522
f 1690/655/1523 1689/654/1522 1688/653/1521
f 1689/654/1522 1690/655/1523 1691/656/1524
f 1692/657/1525 1691/656/1524 1690/655/1523
f 1693/658/1526 1691/656/1524 1692/657/1525
f 1691/656/1524 1693/658/1526 1694/659/1527
f 1695/660/1528 1694/659/1527 1693/658/1526
f 1694/659/1527 1695/660/1528 1696/661/1529
f 1697/662/1530 1696/661/1529 1695/660/1528
f 1696/661/1529 1697/662/1530 1698/663/1531
f 1699/664/1532 1698/663/1531 1697/662/1530
f 1698/663/1531 1701/665/1533 1700/666/1534
f 1702/481/1535 1700/666/1534 1701/665/1533
f 1704/665/1533 1698/663/1531 1703/664/1532
f 1318/321/1177 1316/319/1176 1334/337/1191
f 1706/343/1197 1594/342/1436 1705/335/1536
f 1707/355/1209 1612/590/1452 1653/358/1212
f 1633/418/1470 1634/419/1272 1708/667/1537
f 1709/421/1274 1708/667/1537 1634/419/1272
f 1708/667/1537 1710/668/1538 1633/418/1470
f 1635/608/1471 1633/418/1470 1710/668/1538
f 1710/668/1538 1711/669/1539 1635/608/1471
f 1636/609/1472 1635/608/1471 1711/669/1539
f 1711/669/1539 1712/670/1540 1636/609/1472
f 1637/610/1473 1636/609/1472 1712/670/1540
f 1712/670/1540 1713/671/1541 1637/610/1473
f 1638/611/1474 1637/610/1473 1713/671/1541
f 1713/671/1541 1714/672/1542 1638/611/1474
f 1639/612/1475 1638/611/1474 1714/672/1542
f 1714/672/1542 1715/673/1543 1639/612/1475
f 1640/613/1476 1639/612/1475 1715/673/1543
f 1715/673/1543 1716/674/1544 1640/613/1476
f 1641/614/1477 1640/613/1476 1716/674/1544
f 1716/674/1544 1717/675/1545 1641/614/1477
f 1642/615/1478 1641/614/1477 1717/675/1545
f 1717/675/1545 1718/637/1546 1642/615/1478
f 1719/639/1547 1718/637/1546 1717/675/1545
f 1718/637/1546 1643/616/1479 1642/615/1478
f 1720/635/1546 1643/616/1479 1718/637/1546
f 1721/634/1548 1643/616/1479 1720/635/1546
f 1721/634/1548 1722/632/1549 1643/616/1479
f 1644/617/1480 1643/616/1479 1722/632/1549
f 1715/673/1543 1714/672/1542 1723/676/1550
f 1724/677/1551 1723/676/1550 1714/672/1542
f 1716/674/1544 1715/673/1543 1725/678/1552
f 1723/676/1550 1725/678/1552 1715/673/1543
f 1717/675/1545 1716/674/1544 1726/679/1553
f 1725/678/1552 1726/679/1553 1716/674/1544
f 1726/679/1553 1727/643/1554 1717/675/1545
f 1728/680/1555 1727/643/1554 1726/679/1553
f 1729/645/1556 1727/643/1554 1728/680/1555
f 1727/643/1554 1730/641/1557 1717/675/1545
f 1730/641/1557 1719/639/1547 1717/675/1545
f 1728/680/1555 1731/647/1558 1729/645/1556
f 1723/676/1550 1724/677/1551 1732/681/1559
f 1733/682/1560 1732/681/1559 1724/677/1551
f 1724/677/1551 1734/683/1561 1733/682/1560
f 1734/683/1561 1724/677/1551 1713/671/1541
f 1713/671/1541 1712/670/1540 1734/683/1561
f 1735/684/1562 1734/683/1561 1712/670/1540
f 1712/670/1540 1711/669/1539 1735/684/1562
f 1736/685/1563 1735/684/1562 1711/669/1539
f 1711/669/1539 1710/668/1538 1736/685/1563
f 1737/686/1564 1736/685/1563 1710/668/1538
f 1710/668/1538 1708/667/1537 1737/686/1564
f 1738/687/1565 1737/686/1564 1708/667/1537
f 1708/667/1537 1709/421/1274 1738/687/1565
f 1739/453/1306 1738/687/1565 1709/421/1274
f 1738/687/1565 1739/453/1306 1740/688/1566
f 1741/456/1309 1740/688/1566 1739/453/1306
f 1737/686/1564 1738/687/1565 1742/689/1567
f 1740/688/1566 1742/689/1567 1738/687/1565
f 1736/685/1563 1737/686/1564 1743/690/1568
f 1742/689/1567 1743/690/1568 1737/686/1564
f 1735/684/1562 1736/685/1563 1744/691/1569
f 1743/690/1568 1744/691/1569 1736/685/1563
f 1744/691/1569 1745/692/1570 1735/684/1562
f 1734/683/1561 1735/684/1562 1745/692/1570
f 1745/692/1570 1733/682/1560 1734/683/1561
f 1740/688/1566 1741/456/1309 1746/693/1571
f 1747/461/1314 1746/693/1571 1741/456/1309
f 1742/689/1567 1740/688/1566 1748/694/1572
f 1746/693/1571 1748/694/1572 1740/688/1566
f 1743/690/1568 1742/689/1567 1749/695/1573
f 1748/694/1572 1749/695/1573 1742/689/1567
f 1744/691/1569 1743/690/1568 1750/696/1574
f 1749/695/1573 1750/696/1574 1743/690/1568
f 1745/692/1570 1744/691/1569 1751/697/1575
f 1750/696/1574 1751/697/1575 1744/691/1569
f 1733/682/1560 1745/692/1570 1752/698/1576
f 1751/697/1575 1752/698/1576 1745/692/1570
f 1752/698/1576 1753/699/1577 1733/682/1560
f 1732/681/1559 1733/682/1560 1753/699/1577
f 1753/699/1577 1754/700/1578 1732/681/1559
f 1755/701/1579 1732/681/1559 1754/700/1578
f 1732/681/1559 1755/701/1579 1723/676/1550
f 1725/678/1552 1723/676/1550 1755/701/1579
f 1755/701/1579 1756/702/1580 1725/678/1552
f 1726/679/1553 1725/678/1552 1756/702/1580
f 1756/702/1580 1757/703/1581 1726/679/1553
f 1728/680/1555 1726/679/1553 1757/703/1581
f 1757/703/1581 1758/649/1582 1728/680/1555
f 1759/704/1583 1758/649/1582 1757/703/1581
f 1760/651/1584 1758/649/1582 1759/704/1583
f 1758/649/1582 1731/647/1558 1728/680/1555
f 1760/651/1584 1759/704/1583 1761/653/1585
f 1759/704/1583 1762/705/1586 1761/653/1585
f 1762/705/1586 1763/655/1587 1761/653/1585
f 1763/655/1587 1762/705/1586 1764/657/1588
f 1765/658/1589 1764/657/1588 1762/705/1586
f 1756/702/1580 1755/701/1579 1766/706/1590
f 1754/700/1578 1766/706/1590 1755/701/1579
f 1757/703/1581 1756/702/1580 1767/707/1591
f 1766/706/1590 1767/707/1591 1756/702/1580
f 1759/704/1583 1757/703/1581 1768/708/1592
f 1767/707/1591 1768/708/1592 1757/703/1581
f 1762/705/1586 1759/704/1583 1769/709/1593
f 1768/708/1592 1769/709/1593 1759/704/1583
f 1765/658/1589 1762/705/1586 1770/710/1594
f 1762/705/1586 1769/709/1593 1770/710/1594
f 1771/660/1595 1765/658/1589 1770/710/1594
f 1766/706/1590 1754/700/1578 1772/711/1596
f 1773/712/1597 1772/711/1596 1754/700/1578
f 1754/700/1578 1753/699/1577 1773/712/1597
f 1774/713/1598 1773/712/1597 1753/699/1577
f 1753/699/1577 1752/698/1576 1774/713/1598
f 1775/714/1599 1774/713/1598 1752/698/1576
f 1752/698/1576 1751/697/1575 1775/714/1599
f 1776/715/1600 1775/714/1599 1751/697/1575
f 1751/697/1575 1750/696/1574 1776/715/1600
f 1777/716/1601 1776/715/1600 1750/696/1574
f 1750/696/1574 1749/695/1573 1777/716/1601
f 1778/717/1602 1777/716/1601 1749/695/1573
f 1749/695/1573 1748/694/1572 1778/717/1602
f 1779/718/1603 1778/717/1602 1748/694/1572
f 1748/694/1572 1746/693/1571 1779/718/1603
f 1780/719/1604 1779/718/1603 1746/693/1571
f 1746/693/1571 1747/461/1314 1780/719/1604
f 1781/508/1361 1780/719/1604 1747/461/1314
f 1780/719/1604 1781/508/1361 1782/509/1605
f 1783/510/1363 1782/509/1605 1781/508/1361
f 1779/718/1603 1780/719/1604 1784/720/1606
f 1782/509/1605 1784/720/1606 1780/719/1604
f 1778/717/1602 1779/718/1603 1785/721/1607
f 1784/720/1606 1785/721/1607 1779/718/1603
f 1777/716/1601 1778/717/1602 1786/722/1608
f 1785/721/1607 1786/722/1608 1778/717/1602
f 1776/715/1600 1777/716/1601 1787/723/1609
f 1786/722/1608 1787/723/1609 1777/716/1601
f 1787/723/1609 1788/724/1610 1776/715/1600
f 1775/714/1599 1776/715/1600 1788/724/1610
f 1788/724/1610 1789/725/1611 1775/714/1599
f 1774/713/1598 1775/714/1599 1789/725/1611
f 1789/725/1611 1790/726/1612 1774/713/1598
f 1773/712/1597 1774/713/1598 1790/726/1612
f 1790/726/1612 1791/727/1613 1773/712/1597
f 1772/711/1596 1773/712/1597 1791/727/1613
f 1791/727/1613 1792/728/1614 1772/711/1596
f 1793/729/1615 1772/711/1596 1792/728/1614
f 1772/711/1596 1793/729/1615 1766/706/1590
f 1767/707/1591 1766/706/1590 1793/729/1615
f 1793/729/1615 1794/730/1616 1767/707/1591
f 1768/708/1592 1767/707/1591 1794/730/1616
f 1794/730/1616 1795/731/1617 1768/708/1592
f 1769/709/1593 1768/708/1592 1795/731/1617
f 1795/731/1617 1796/732/1618 1769/709/1593
f 1770/710/1594 1769/709/1593 1796/732/1618
f 1796/732/1618 1797/733/1619 1770/710/1594
f 1798/734/1620 1770/710/1594 1797/733/1619
f 1797/733/1619 1799/735/1621 1798/734/1620
f 1800/736/1622 1798/734/1620 1799/735/1621
f 1798/734/1620 1800/736/1622 1801/664/1623
f 1802/662/1624 1798/734/1620 1801/664/1623
f 1799/735/1621 1803/483/1336 1800/736/1622
f 1804/480/1333 1800/736/1622 1803/483/1336
f 1795/731/1617 1794/730/1616 1805/737/1625
f 1806/738/1626 1805/737/1625 1794/730/1616
f 1794/730/1616 1793/729/1615 1806/738/1626
f 1792/728/1614 1806/738/1626 1793/729/1615
f 1797/733/1619 1796/732/1618 1807/739/1627
f 1808/740/1628 1807/739/1627 1796/732/1618
f 1805/737/1625 1808/740/1628 1795/731/1617
f 1796/732/1618 1795/731/1617 1808/740/1628
f 1806/738/1626 1792/728/1614 1809/741/1629
f 1810/742/1630 1809/741/1629 1792/728/1614
f 1792/728/1614 1791/727/1613 1810/742/1630
f 1811/743/1631 1810/742/1630 1791/727/1613
f 1791/727/1613 1790/726/1612 1811/743/1631
f 1812/744/1632 1811/743/1631 1790/726/1612
f 1790/726/1612 1789/725/1611 1812/744/1632
f 1813/745/1633 1812/744/1632 1789/725/1611
f 1789/725/1611 1788/724/1610 1813/745/1633
f 1814/746/1634 1813/745/1633 1788/724/1610
f 1788/724/1610 1787/723/1609 1814/746/1634
f 1815/747/1635 1814/746/1634 1787/723/1609
f 1787/723/1609 1786/722/1608 1815/747/1635
f 1816/512/1636 1815/747/1635 1786/722/1608
f 1786/722/1608 1785/721/1607 1816/512/1636
f 1817/748/1637 1816/512/1636 1785/721/1607
f 1785/721/1607 1784/720/1606 1817/748/1637
f 1818/749/1638 1817/748/1637 1784/720/1606
f 1784/720/1606 1782/509/1605 1818/749/1638
f 1819/514/1639 1818/749/1638 1782/509/1605
f 1782/509/1605 1820/510/1363 1819/514/1639
f 1818/749/1638 1819/514/1639 1821/750/1640
f 1822/751/1641 1821/750/1640 1819/514/1639
f 1819/514/1639 1823/515/1370 1822/751/1641
f 1817/748/1637 1818/749/1638 1824/752/1642
f 1821/750/1640 1824/752/1642 1818/749/1638
f 1816/512/1636 1817/748/1637 1825/753/1643
f 1824/752/1642 1825/753/1643 1817/748/1637
f 1815/747/1635 1816/512/1636 1826/754/1644
f 1825/753/1643 1826/754/1644 1816/512/1636
f 1826/754/1644 1827/755/1645 1815/747/1635
f 1828/515/1369 1819/514/1639 1783/510/1363
f 1829/756/1646 1822/751/1647 1828/515/1370
f 1814/746/1634 1815/747/1635 1827/755/1645
f 1827/755/1645 1830/757/1648 1814/746/1634
f 1813/745/1633 1814/746/1634 1830/757/1648
f 1830/757/1648 1831/758/1649 1813/745/1633
f 1812/744/1632 1813/745/1633 1831/758/1649
f 1831/758/1649 1832/759/1650 1812/744/1632
f 1811/743/1631 1812/744/1632 1832/759/1650
f 1832/759/1650 1833/760/1651 1811/743/1631
f 1810/742/1630 1811/743/1631 1833/760/1651
f 1833/760/1651 1834/761/1652 1810/742/1630
f 1809/741/1629 1810/742/1630 1834/761/1652
f 1834/761/1652 1835/762/1653 1809/741/1629
f 1836/525/1654 1809/741/1629 1835/762/1653
f 1809/741/1629 1836/525/1654 1806/738/1626
f 1805/737/1625 1806/738/1626 1836/525/1654
f 1836/525/1654 1837/763/1655 1805/737/1625
f 1808/740/1628 1805/737/1625 1837/763/1655
f 1837/763/1655 1838/764/1656 1808/740/1628
f 1807/739/1627 1808/740/1628 1838/764/1656
f 1838/764/1656 1839/765/1657 1807/739/1627
f 1840/766/1658 1807/739/1627 1839/765/1657
f 1807/739/1627 1840/766/1658 1797/733/1619
f 1799/735/1621 1797/733/1619 1840/766/1658
f 1840/766/1658 1841/529/1384 1799/735/1621
f 1842/483/1336 1799/735/1621 1841/529/1384
f 1841/529/1384 1840/766/1658 1843/532/1387
f 1839/765/1657 1843/532/1387 1840/766/1658
f 1837/763/1655 1836/525/1654 1844/767/1659
f 1835/762/1653 1844/767/1659 1836/525/1654
f 1838/764/1656 1837/763/1655 1845/768/1660
f 1844/767/1659 1845/768/1660 1837/763/1655
f 1839/765/1657 1838/764/1656 1846/531/1661
f 1845/768/1660 1846/531/1661 1838/764/1656
f 1843/532/1387 1839/765/1657 1847/537/1393
f 1846/531/1661 1847/537/1393 1839/765/1657
f 1714/672/1542 1713/671/1541 1724/677/1551
f 1449/448/1301 1448/447/1300 1459/458/1311
f 1800/736/1622 1849/665/1662 1848/664/1623
f 1849/665/1662 1800/736/1622 1850/481/1334
f 1804/480/1333 1850/481/1334 1800/736/1622
f 1505/503/1356 1504/502/1355 1515/512/1365
f 1516/513/1366 1514/511/1364 1851/769/1663
f 1520/516/1371 1851/769/1663 1514/511/1364
f 1851/769/1663 1852/751/1664 1516/513/1366
f 1517/514/1367 1516/513/1366 1852/751/1664
f 1852/751/1664 1853/756/1646 1517/514/1367
f 1519/515/1370 1517/514/1367 1853/756/1646
f 1856/770/1665 1855/771/1665 1854/772/1665
f 1859/773/1385 1858/770/1386 1857/772/1666
f 1860/774/1388 1859/773/1385 1857/772/1666
f 1861/775/1389 1860/774/1388 1857/772/1666
f 1862/776/1390 1861/775/1389 1857/772/1666
f 1863/777/1391 1862/776/1390 1857/772/1666
f 1864/778/1395 1863/777/1391 1857/772/1666
f 1865/779/1396 1864/778/1395 1857/772/1666
f 1866/780/1397 1865/779/1396 1857/772/1666
f 1867/781/1398 1866/780/1397 1857/772/1666
f 1868/782/1399 1867/781/1398 1857/772/1666
f 1869/783/1372 1868/782/1399 1857/772/1666
f 1870/784/1371 1869/783/1372 1857/772/1666
f 1871/785/1663 1870/784/1371 1857/772/1666
f 1872/786/1664 1871/785/1663 1857/772/1666
f 1873/787/1646 1872/786/1664 1857/772/1666
f 1874/788/1647 1873/787/1646 1857/772/1666
f 1875/789/1640 1874/788/1647 1857/772/1666
f 1876/790/1642 1875/789/1640 1857/772/1666
f 1877/791/1643 1876/790/1642 1857/772/1666
f 1878/792/1644 1877/791/1643 1857/772/1666
f 1879/793/1645 1878/792/1644 1857/772/1666
f 1880/794/1648 1879/793/1645 1857/772/1666
f 1881/795/1649 1880/794/1648 1857/772/1666
f 1882/796/1650 1881/795/1649 1857/772/1666
f 1883/797/1651 1882/796/1650 1857/772/1666
f 1884/798/1652 1883/797/1651 1857/772/1666
f 1885/799/1653 1884/798/1652 1857/772/1666
f 1886/800/1659 1885/799/1653 1857/772/1666
f 1887/801/1660 1886/800/1659 1857/772/1666
f 1888/802/1661 1887/801/1660 1857/772/1666
f 1889/771/1667 1888/802/1661 1857/772/1666
f 1475/474/1327 1890/803/1668 1476/475/1328
f 1476/475/1328 1891/803/1668 1479/478/1331
f 1479/478/1331 1891/803/1668 1483/482/1335
f 1770/710/1594 1798/734/1620 1771/660/1595
f 1802/662/1624 1771/660/1595 1798/734/1620
f 1430/429/1282 1410/409/1262 1409/408/1261
f 1894/482/1669 1893/804/1670 1892/481/1535
f 1895/666/1534 1892/481/1535 1893/804/1670
f 1897/803/1671 1893/804/1670 1896/482/1669
f 1893/804/1670 1897/803/1671 1898/805/1672
f 1900/474/1673 1898/805/1672 1899/803/1671
f 1898/805/1672 1900/474/1673 1901/806/1674
f 1902/473/1675 1901/806/1674 1900/474/1673
f 1901/806/1674 1902/473/1675 1903/807/1676
f 1904/442/1677 1903/807/1676 1902/473/1675
f 1905/441/1678 1903/807/1676 1904/442/1677
f 1903/807/1676 1905/441/1678 1906/808/1679
f 1907/439/1680 1906/808/1679 1905/441/1678
f 1906/808/1679 1907/439/1680 1908/809/1681
f 1909/438/1682 1908/809/1681 1907/439/1680
f 1908/809/1681 1909/438/1682 1910/810/1683
f 1911/436/1684 1910/810/1683 1909/438/1682
f 1910/810/1683 1911/436/1684 1912/811/1685
f 1913/435/1686 1912/811/1685 1911/436/1684
f 1912/811/1685 1913/435/1686 1914/812/1687
f 1915/433/1688 1914/812/1687 1913/435/1686
f 1914/812/1687 1915/433/1688 1916/813/1689
f 1917/431/1690 1916/813/1689 1915/433/1688
f 1916/813/1689 1917/431/1690 1918/814/1691
f 1919/430/1692 1918/814/1691 1917/431/1690
f 1918/814/1691 1919/430/1692 1920/815/1693
f 1921/428/1694 1920/815/1693 1919/430/1692
f 1920/815/1693 1921/428/1694 1922/816/1695
f 1923/429/1696 1922/816/1695 1921/428/1694
f 1922/816/1695 1923/429/1696 1924/817/1697
f 1925/408/1698 1924/817/1697 1923/429/1696
f 1924/817/1697 1925/408/1698 1926/818/1699
f 1927/407/1700 1926/818/1699 1925/408/1698
f 1928/406/1701 1926/818/1699 1927/407/1700
f 1926/818/1699 1928/406/1701 1929/819/1702
f 1930/405/1703 1929/819/1702 1928/406/1701
f 1929/819/1702 1930/405/1703 1931/820/1704
f 1932/396/1705 1931/820/1704 1930/405/1703
f 1933/397/1706 1931/820/1704 1932/396/1705
f 1931/820/1704 1933/397/1706 1934/821/1707
f 1935/398/1708 1934/821/1707 1933/397/1706
f 1936/399/1709 1934/821/1707 1935/398/1708
f 1934/821/1707 1936/399/1709 1937/822/1710
f 1938/400/1711 1937/822/1710 1936/399/1709
f 1937/822/1710 1938/400/1711 1939/823/1712
f 1402/401/1255 1939/823/1712 1938/400/1711
f 1940/402/1713 1939/823/1712 1402/401/1255
f 1939/823/1712 1940/402/1713 1941/824/1714
f 1942/403/1715 1941/824/1714 1940/402/1713
f 1941/824/1714 1942/403/1715 1943/825/1716
f 1944/404/1717 1943/825/1716 1942/403/1715
f 1947/626/1718 1946/826/1719 1945/404/1717
f 1948/825/1716 1945/404/1717 1946/826/1719
f 1946/826/1719 1947/626/1718 1657/627/1490
f 1654/625/1488 1657/627/1490 1947/626/1718
f 1951/827/1720 1950/828/1721 1949/829/1722
f 1952/830/1722 1949/829/1722 1950/828/1721
f 1950/828/1721 1951/827/1720 1953/831/1723
f 1954/832/1724 1953/831/1723 1951/827/1720
f 1953/831/1723 1954/832/1724 1955/833/1725
f 1956/834/1726 1955/833/1725 1954/832/1724
f 1955/833/1725 1956/834/1726 1957/835/1727
f 1958/836/1728 1957/835/1727 1956/834/1726
f 1957/835/1727 1958/836/1728 1959/837/1729
f 1960/838/1730 1959/837/1729 1958/836/1728
f 1959/837/1729 1960/838/1730 1961/839/1731
f 1962/840/1732 1961/839/1731 1960/838/1730
f 1961/839/1731 1962/840/1732 1963/841/1733
f 1964/842/1734 1963/841/1733 1962/840/1732
f 1963/841/1733 1964/842/1734 1965/843/1735
f 1966/844/1736 1965/843/1735 1964/842/1734
f 1965/843/1735 1966/844/1736 1967/845/1737
f 1968/846/1738 1967/845/1737 1966/844/1736
f 1967/845/1737 1968/846/1738 1969/847/1739
f 1970/848/1740 1969/847/1739 1968/846/1738
f 1969/847/1739 1970/848/1740 1971/849/1741
f 1972/850/1742 1971/849/1741 1970/848/1740
f 1971/849/1741 1972/850/1742 1973/851/1743
f 1974/852/1744 1973/851/1743 1972/850/1742
f 1973/851/1743 1974/852/1744 1975/853/1745
f 1976/854/1746 1975/853/1745 1974/852/1744
f 1975/853/1745 1976/854/1746 1977/855/1747
f 1978/856/1748 1977/855/1747 1976/854/1746
f 1977/855/1747 1978/856/1748 1979/857/1749
f 1980/858/1750 1979/857/1749 1978/856/1748
f 1979/857/1749 1980/858/1750 1981/859/1751
f 1982/860/1752 1981/859/1751 1980/858/1750
f 1981/859/1751 1982/860/1752 1983/861/1753
f 1984/862/1754 1983/861/1753 1982/860/1752
f 1983/861/1753 1984/862/1754 1985/863/1755
f 1986/864/1756 1985/863/1755 1984/862/1754
f 1985/863/1755 1986/864/1756 1987/865/1757
f 1988/866/1758 1987/865/1757 1986/864/1756
f 1987/865/1757 1988/866/1758 1989/867/1759
f 1990/868/1760 1989/867/1759 1988/866/1758
f 1989/867/1759 1990/868/1760 1991/869/1761
f 1992/870/1762 1991/869/1761 1990/868/1760
f 1991/869/1761 1992/870/1762 1993/871/1763
f 1994/872/1763 1993/871/1763 1992/870/1762
f 1997/873/1722 1996/874/1722 1995/875/1764
f 1998/876/1765 1995/875/1764 1996/874/1722
f 1995/875/1764 1998/876/1765 1999/877/1766
f 2000/878/1767 1999/877/1766 1998/876/1765
f 1999/877/1766 2000/878/1767 2001/879/1768
f 2002/880/1769 2001/879/1768 2000/878/1767
f 2001/879/1768 2002/880/1769 2003/881/1770
f 2004/882/1771 2003/881/1770 2002/880/1769
f 2003/881/1770 2004/882/1771 2005/883/1772
f 2006/884/1773 2005/883/1772 2004/882/1771
f 2005/883/1772 2006/884/1773 2007/885/1774
f 2008/886/1775 2007/885/1774 2006/884/1773
f 2007/885/1774 2008/886/1775 2009/887/1776
f 2010/888/1777 2009/887/1776 2008/886/1775
f 2009/887/1776 2010/888/1777 2011/889/1778
f 2012/890/1779 2011/889/1778 2010/888/1777
f 2011/889/1778 2012/890/1779 2013/891/1780
f 2014/892/1781 2013/891/1780 2012/890/1779
f 2013/891/1780 2014/892/1781 2015/893/1782
f 2016/894/1783 2015/893/1782 2014/892/1781
f 2015/893/1782 2016/894/1783 2017/895/1784
f 2018/896/1785 2017/895/1784 2016/894/1783
f 2017/895/1784 2018/896/1785 2019/897/1786
f 2020/898/1787 2019/897/1786 2018/896/1785
f 2019/897/1786 2020/898/1787 2021/899/1788
f 2022/900/1789 2021/899/1788 2020/898/1787
f 2021/899/1788 2022/900/1789 2023/901/1790
f 2024/902/1791 2023/901/1790 2022/900/1789
f 2023/901/1790 2024/902/1791 2025/903/1792
f 2026/904/1793 2025/903/1792 2024/902/1791
f 2025/903/1792 2026/904/1793 2027/905/1794
f 2028/906/1795 2027/905/1794 2026/904/1793
f 2027/905/1794 2028/906/1795 2029/907/1796
f 2030/908/1797 2029/907/1796 2028/906/1795
f 2029/907/1796 2030/908/1797 2031/909/1798
f 2032/910/1799 2031/909/1798 2030/908/1797
f 2031/909/1798 2032/910/1799 2033/911/1800
f 2034/912/1801 2033/911/1800 2032/910/1799
f 2033/911/1800 2034/912/1801 2035/913/1802
f 2036/914/1803 2035/913/1802 2034/912/1801
f 2035/913/1802 2036/914/1803 2037/915/1804
f 2038/916/1805 2037/915/1804 2036/914/1803
f 2037/915/1804 2038/916/1805 2039/917/1763
f 2040/918/1763 2039/917/1763 2038/916/1805
f 2043/919/1806 2042/920/1806 2041/921/1806
f 2042/920/1806 2044/922/1806 2041/921/1806
f 2045/923/1806 2044/922/1806 2042/920/1806
f 2046/924/1806 2044/922/1806 2045/923/1806
f 2047/925/1806 2044/922/1806 2046/924/1806
f 2048/926/1806 2044/922/1806 2047/925/1806
f 2049/927/1806 2044/922/1806 2048/926/1806
f 2050/928/1806 2044/922/1806 2049/927/1806
f 2051/929/1806 2050/928/1806 2049/927/1806
f 2052/930/1806 2050/928/1806 2051/929/1806
f 2053/931/1806 2050/928/1806 2052/930/1806
f 2054/932/1806 2050/928/1806 2053/931/1806
f 2055/933/1806 2050/928/1806 2054/932/1806
f 2056/934/1806 2050/928/1806 2055/933/1806
f 2057/935/1806 2050/928/1806 2056/934/1806
f 2058/936/1806 2044/922/1806 2050/928/1806
f 2059/937/1806 2058/936/1806 2050/928/1806
f 2060/938/1806 2059/937/1806 2050/928/1806
f 2061/939/1806 2060/938/1806 2050/928/1806
f 2062/940/1806 2061/939/1806 2050/928/1806
f 2063/941/1806 2062/940/1806 2050/928/1806
f 2064/942/1806 2063/941/1806 2050/928/1806
f 2065/943/1806 2064/942/1806 2050/928/1806
f 2066/944/1806 2065/943/1806 2050/928/1806
f 2067/945/1806 2064/942/1806 2065/943/1806
f 2068/946/1806 2063/941/1806 2064/942/1806
f 2069/947/1806 2068/946/1806 2064/942/1806
f 2070/948/1806 2063/941/1806 2068/946/1806
f 2071/949/1806 2062/940/1806 2063/941/1806
f 2072/950/1806 2071/949/1806 2063/941/1806
f 2073/951/1806 2072/950/1806 2063/941/1806
f 2074/952/1806 2071/949/1806 2072/950/1806
f 2075/953/1806 2062/940/1806 2071/949/1806
f 2076/954/1806 2075/953/1806 2071/949/1806
f 2078/955/1806 2044/922/1806 2077/956/1806
f 2077/956/1806 2044/922/1806 2079/957/1806
f 2079/957/1806 2044/922/1806 2080/958/1806
f 2080/958/1806 2044/922/1806 2081/959/1806
f 2081/959/1806 2044/922/1806 2082/960/1806
f 2082/960/1806 2044/922/1806 2083/961/1806
f 2083/961/1806 2044/922/1806 2058/936/1806
f 2044/922/1806 2084/962/1806 2041/921/1806
f 2087/963/1807 2086/964/1808 2085/965/1809
f 2088/966/1810 2085/965/1809 2086/964/1808
f 2086/964/1808 2087/963/1807 2089/967/1811
f 2090/968/1812 2089/967/1811 2087/963/1807
f 2089/967/1811 2090/968/1812 2091/969/1813
f 2092/970/1814 2091/969/1813 2090/968/1812
f 2085/965/1809 2088/966/1810 2093/971/1815
f 2094/972/1816 2093/971/1815 2088/966/1810
f 2093/971/1815 2094/972/1816 2095/973/1817
f 2096/974/1818 2095/973/1817 2094/972/1816
f 2095/973/1817 2096/974/1818 2097/975/1819
f 2098/976/1820 2097/975/1819 2096/974/1818
f 2097/975/1819 2098/976/1820 2099/977/1821
f 2100/978/1821 2099/977/1821 2098/976/1820
f 2099/977/1821 2100/978/1821 2101/979/1822
f 2102/980/1823 2101/979/1822 2100/978/1821
f 2101/979/1822 2102/980/1823 2103/981/1824
f 2104/982/1825 2103/981/1824 2102/980/1823
f 2103/981/1824 2104/982/1825 2105/983/1826
f 2106/984/1827 2105/983/1826 2104/982/1825
f 2105/983/1826 2106/984/1827 2107/985/1828
f 2108/986/1829 2107/985/1828 2106/984/1827
f 2107/985/1828 2108/986/1829 2109/987/1830
f 2110/988/1831 2109/987/1830 2108/986/1829
f 2109/987/1830 2110/988/1831 2111/989/1832
f 2112/990/1833 2111/989/1832 2110/988/1831
f 2111/989/1832 2112/990/1833 2113/991/1834
f 2114/992/1835 2113/991/1834 2112/990/1833
f 2113/991/1834 2114/992/1835 2115/993/1836
f 2116/994/1836 2115/993/1836 2114/992/1835
f 2115/993/1836 2116/994/1836 2117/995/1814
f 2118/996/1813 2117/995/1814 2116/994/1836
f 2121/966/1837 2120/964/1837 2119/972/1837
f 2120/964/1837 2122/967/1837 2119/972/1837
f 2122/967/1837 2123/969/1837 2119/972/1837
f 2123/969/1837 2124/997/1837 2119/972/1837
f 2124/997/1837 2125/998/1837 2119/972/1837
f 2125/998/1837 2126/999/1837 2119/972/1837
f 2126/999/1837 2127/1000/1837 2119/972/1837
f 2127/1000/1837 2128/1001/1837 2119/972/1837
f 2128/1001/1837 2129/1002/1837 2119/972/1837
f 2129/1002/1837 2130/1003/1837 2119/972/1837
f 2130/1003/1837 2131/1004/1837 2119/972/1837
f 2131/1004/1837 2132/1005/1837 2119/972/1837
f 2132/1005/1837 2133/1006/1838 2119/972/1837
f 2133/1006/1838 2134/1007/1837 2119/972/1837
f 2137/1008/1839 2136/1009/1840 2135/1010/1841
f 2138/1011/1842 2135/1010/1841 2136/1009/1840
f 2136/1009/1840 2137/1008/1839 2139/1012/1843
f 2140/1013/1844 2139/1012/1843 2137/1008/1839
f 2139/1012/1843 2140/1013/1844 2141/1014/1845
f 2142/1015/1846 2141/1014/1845 2140/1013/1844
f 2141/1014/1845 2142/1015/1846 2143/1016/1847
f 2144/1017/1848 2143/1016/1847 2142/1015/1846
f 2135/1010/1841 2138/1011/1842 2145/1018/1849
f 2146/1019/1850 2145/1018/1849 2138/1011/1842
f 2145/1018/1849 2146/1019/1850 2147/1020/1851
f 2148/1021/1852 2147/1020/1851 2146/1019/1850
f 2147/1020/1851 2148/1021/1852 2149/1022/1853
f 2150/1023/1854 2149/1022/1853 2148/1021/1852
f 2149/1022/1853 2150/1023/1854 2151/1024/1855
f 2152/1025/1856 2151/1024/1855 2150/1023/1854
f 2151/1024/1855 2152/1025/1856 2153/1026/1857
f 2154/1027/1858 2153/1026/1857 2152/1025/1856
f 2153/1026/1857 2154/1027/1858 2155/1028/1859
f 2156/1029/1860 2155/1028/1859 2154/1027/1858
f 2155/1028/1859 2156/1029/1860 2157/1030/1861
f 2158/1031/1862 2157/1030/1861 2156/1029/1860
f 2157/1030/1861 2158/1031/1862 2159/1032/1863
f 2160/1033/1864 2159/1032/1863 2158/1031/1862
f 2159/1032/1863 2160/1033/1864 2161/1034/1865
f 2162/1035/1866 2161/1034/1865 2160/1033/1864
f 2161/1034/1865 2162/1035/1866 2163/1036/1867
f 2164/1037/1868 2163/1036/1867 2162/1035/1866
f 2163/1036/1867 2164/1037/1868 2165/1038/1869
f 2166/1039/1870 2165/1038/1869 2164/1037/1868
f 2165/1038/1869 2166/1039/1870 2167/1040/1848
f 2168/1041/1847 2167/1040/1848 2166/1039/1870
f 2166/1039/1870 2169/1042/1871 2168/1041/1847
f 2170/1043/1872 2168/1041/1847 2169/1042/1871
f 2164/1037/1868 2171/1044/1873 2166/1039/1870
f 2169/1042/1871 2166/1039/1870 2171/1044/1873
f 2162/1035/1866 2172/1045/1874 2164/1037/1868
f 2171/1044/1873 2164/1037/1868 2172/1045/1874
f 2160/1033/1864 2173/1046/1875 2162/1035/1866
f 2172/1045/1874 2162/1035/1866 2173/1046/1875
f 2158/1031/1862 2174/1047/1876 2160/1033/1864
f 2173/1046/1875 2160/1033/1864 2174/1047/1876
f 2174/1047/1876 2158/1031/1862 2175/1048/1877
f 2156/1029/1860 2175/1048/1877 2158/1031/1862
f 2175/1048/1877 2156/1029/1860 2176/1049/1878
f 2154/1027/1858 2176/1049/1878 2156/1029/1860
f 2176/1049/1878 2154/1027/1858 2177/1050/1879
f 2152/1025/1856 2177/1050/1879 2154/1027/1858
f 2177/1050/1879 2152/1025/1856 2178/1051/1880
f 2150/1023/1854 2178/1051/1880 2152/1025/1856
f 2178/1051/1880 2150/1023/1854 2179/1052/1881
f 2148/1021/1852 2179/1052/1881 2150/1023/1854
f 2179/1052/1881 2148/1021/1852 2180/1053/1882
f 2146/1019/1850 2180/1053/1882 2148/1021/1852
f 2180/1053/1882 2146/1019/1850 2181/1054/1883
f 2138/1011/1842 2181/1054/1883 2146/1019/1850
f 2181/1054/1883 2138/1011/1842 2182/1055/1884
f 2136/1009/1840 2182/1055/1884 2138/1011/1842
f 2182/1055/1884 2136/1009/1840 2183/1056/1885
f 2139/1012/1843 2183/1056/1885 2136/1009/1840
f 2183/1056/1885 2139/1012/1843 2184/1057/1886
f 2141/1014/1845 2184/1057/1886 2139/1012/1843
f 2184/1057/1886 2141/1014/1845 2185/1058/1872
f 2143/1016/1847 2185/1058/1872 2141/1014/1845
f 2182/1055/1884 2186/1059/1887 2181/1054/1883
f 2187/1060/1888 2181/1054/1883 2186/1059/1887
f 2181/1054/1883 2187/1060/1888 2180/1053/1882
f 2183/1056/1885 2188/1061/1889 2182/1055/1884
f 2186/1059/1887 2182/1055/1884 2188/1061/1889
f 2184/1057/1886 2189/1062/1890 2183/1056/1885
f 2188/1061/1889 2183/1056/1885 2189/1062/1890
f 2185/1058/1872 2190/1063/1891 2184/1057/1886
f 2189/1062/1890 2184/1057/1886 2190/1063/1891
f 2186/1059/1887 2191/1064/1892 2187/1060/1888
f 2192/1065/1893 2187/1060/1888 2191/1064/1892
f 2188/1061/1889 2193/1066/1894 2186/1059/1887
f 2191/1064/1892 2186/1059/1887 2193/1066/1894
f 2189/1062/1890 2194/1067/1895 2188/1061/1889
f 2193/1066/1894 2188/1061/1889 2194/1067/1895
f 2190/1063/1891 2195/1068/1896 2189/1062/1890
f 2194/1067/1895 2189/1062/1890 2195/1068/1896
f 2187/1060/1888 2192/1065/1893 2196/1069/1897
f 2196/1069/1897 2180/1053/1882 2187/1060/1888
f 2180/1053/1882 2196/1069/1897 2179/1052/1881
f 2197/1070/1898 2179/1052/1881 2196/1069/1897
f 2179/1052/1881 2197/1070/1898 2178/1051/1880
f 2198/1071/1899 2178/1051/1880 2197/1070/1898
f 2178/1051/1880 2198/1071/1899 2177/1050/1879
f 2199/1072/1900 2177/1050/1879 2198/1071/1899
f 2177/1050/1879 2199/1072/1900 2176/1049/1878
f 2200/1073/1901 2176/1049/1878 2199/1072/1900
f 2176/1049/1878 2200/1073/1901 2175/1048/1877
f 2201/1074/1902 2175/1048/1877 2200/1073/1901
f 2175/1048/1877 2201/1074/1902 2174/1047/1876
f 2202/1075/1903 2174/1047/1876 2201/1074/1902
f 2174/1047/1876 2202/1075/1903 2173/1046/1875
f 2203/1076/1904 2173/1046/1875 2202/1075/1903
f 2173/1046/1875 2203/1076/1904 2172/1045/1874
f 2204/1077/1905 2172/1045/1874 2203/1076/1904
f 2172/1045/1874 2204/1077/1905 2171/1044/1873
f 2205/1078/1906 2171/1044/1873 2204/1077/1905
f 2171/1044/1873 2205/1078/1906 2169/1042/1871
f 2206/1079/1907 2169/1042/1871 2205/1078/1906
f 2169/1042/1871 2206/1079/1907 2170/1043/1872
f 2207/1080/1891 2170/1043/1872 2206/1079/1907
f 2206/1079/1907 2208/1081/1908 2207/1080/1891
f 2209/1082/1896 2207/1080/1891 2208/1081/1908
f 2205/1078/1906 2210/1083/1909 2206/1079/1907
f 2208/1081/1908 2206/1079/1907 2210/1083/1909
f 2204/1077/1905 2211/1084/1910 2205/1078/1906
f 2210/1083/1909 2205/1078/1906 2211/1084/1910
f 2203/1076/1904 2212/1085/1911 2204/1077/1905
f 2211/1084/1910 2204/1077/1905 2212/1085/1911
f 2202/1075/1903 2213/1086/1912 2203/1076/1904
f 2212/1085/1911 2203/1076/1904 2213/1086/1912
f 2213/1086/1912 2202/1075/1903 2214/1087/1913
f 2201/1074/1902 2214/1087/1913 2202/1075/1903
f 2214/1087/1913 2201/1074/1902 2215/1088/1914
f 2200/1073/1901 2215/1088/1914 2201/1074/1902
f 2215/1088/1914 2200/1073/1901 2216/1089/1915
f 2199/1072/1900 2216/1089/1915 2200/1073/1901
f 2216/1089/1915 2199/1072/1900 2217/1090/1916
f 2198/1071/1899 2217/1090/1916 2199/1072/1900
f 2217/1090/1916 2198/1071/1899 2218/1091/1917
f 2197/1070/1898 2218/1091/1917 2198/1071/1899
f 2218/1091/1917 2197/1070/1898 2219/1092/1918
f 2196/1069/1897 2219/1092/1918 2197/1070/1898
f 2219/1092/1918 2196/1069/1897 2192/1065/1893
f 2213/1086/1912 2220/1093/1919 2212/1085/1911
f 2214/1087/1913 2221/1094/1920 2213/1086/1912
f 2220/1093/1919 2213/1086/1912 2221/1094/1920
f 2215/1088/1914 2222/1095/1921 2214/1087/1913
f 2221/1094/1920 2214/1087/1913 2222/1095/1921
f 2216/1089/1915 2223/1096/1922 2215/1088/1914
f 2222/1095/1921 2215/1088/1914 2223/1096/1922
f 2217/1090/1916 2224/1097/1923 2216/1089/1915
f 2223/1096/1922 2216/1089/1915 2224/1097/1923
f 2218/1091/1917 2225/1098/1924 2217/1090/1916
f 2224/1097/1923 2217/1090/1916 2225/1098/1924
f 2219/1092/1918 2226/1099/1925 2218/1091/1917
f 2225/1098/1924 2218/1091/1917 2226/1099/1925
f 2192/1065/1893 2227/1100/1926 2219/1092/1918
f 2227/1100/1926 2192/1065/1893 2228/1101/1927
f 2191/1064/1892 2228/1101/1927 2192/1065/1893
f 2228/1101/1927 2191/1064/1892 2229/1102/1928
f 2193/1066/1894 2229/1102/1928 2191/1064/1892
f 2229/1102/1928 2193/1066/1894 2230/1103/1929
f 2194/1067/1895 2230/1103/1929 2193/1066/1894
f 2230/1103/1929 2194/1067/1895 2231/1104/1930
f 2195/1068/1896 2231/1104/1930 2194/1067/1895
f 2226/1099/1925 2219/1092/1918 2227/1100/1926
f 2208/1081/1908 2232/1105/1931 2209/1082/1896
f 2233/1106/1930 2209/1082/1896 2232/1105/1931
f 2232/1105/1931 2208/1081/1908 2234/1107/1932
f 2210/1083/1909 2234/1107/1932 2208/1081/1908
f 2234/1107/1932 2210/1083/1909 2235/1108/1933
f 2211/1084/1910 2235/1108/1933 2210/1083/1909
f 2235/1108/1933 2211/1084/1910 2236/1109/1934
f 2212/1085/1911 2236/1109/1934 2211/1084/1910
f 2236/1109/1934 2212/1085/1911 2220/1093/1919
f 2239/1110/1935 2238/1111/1935 2237/1112/1935
f 2238/1111/1935 2240/1113/1935 2237/1112/1935
f 2241/1114/1935 2240/1113/1935 2238/1111/1935
f 2242/1115/1935 2241/1114/1935 2238/1111/1935
f 2243/1116/1935 2242/1115/1935 2238/1111/1935
f 2244/1117/1935 2241/1114/1935 2242/1115/1935
f 2245/1118/1935 2240/1113/1935 2241/1114/1935
f 2246/1119/1935 2245/1118/1935 2241/1114/1935
f 2247/1120/1935 2246/1119/1935 2241/1114/1935
f 2248/1121/1935 2245/1118/1935 2246/1119/1935
f 2249/1122/1935 2240/1113/1935 2245/1118/1935
f 2250/1123/1935 2249/1122/1935 2245/1118/1935
f 2251/1124/1935 2240/1113/1935 2249/1122/1935
f 2237/1112/1935 2240/1113/1935 2252/1125/1935
f 2255/1122/1837 2254/1123/1837 2253/1124/1837
f 2254/1123/1837 2256/1125/1837 2253/1124/1837
f 2257/1120/1837 2256/1125/1837 2254/1123/1837
f 2258/1121/1837 2257/1120/1837 2254/1123/1837
f 2259/1118/1837 2258/1121/1837 2254/1123/1837
f 2260/1119/1837 2257/1120/1837 2258/1121/1837
f 2261/1116/1837 2256/1125/1837 2257/1120/1837
f 2262/1117/1837 2261/1116/1837 2257/1120/1837
f 2263/1114/1837 2262/1117/1837 2257/1120/1837
f 2264/1115/1837 2261/1116/1837 2262/1117/1837
f 2265/1110/1837 2256/1125/1837 2261/1116/1837
f 2266/1111/1837 2265/1110/1837 2261/1116/1837
f 2267/1112/1837 2256/1125/1837 2265/1110/1837
f 2253/1124/1837 2256/1125/1837 2268/1113/1837
f 2271/1126/1936 2270/1127/1937 2269/1128/1938
f 2272/1129/1939 2269/1128/1938 2270/1127/1937
f 2270/1127/1937 2271/1126/1936 2273/1130/1940
f 2274/1131/1941 2273/1130/1940 2271/1126/1936
f 2273/1130/1940 2274/1131/1941 2275/1132/1942
f 2276/1133/1943 2275/1132/1942 2274/1131/1941
f 2275/1132/1942 2276/1133/1943 2277/1134/1944
f 2278/1135/1945 2277/1134/1944 2276/1133/1943
f 2277/1134/1944 2278/1135/1945 2279/1136/1946
f 2280/1137/1947 2279/1136/1946 2278/1135/1945
f 2279/1136/1946 2280/1137/1947 2281/1138/1948
f 2282/1139/1949 2281/1138/1948 2280/1137/1947
f 2281/1138/1948 2282/1139/1949 2283/1140/1950
f 2284/1141/1951 2283/1140/1950 2282/1139/1949
f 2283/1140/1950 2284/1141/1951 2285/1142/1952
f 2286/1143/1953 2285/1142/1952 2284/1141/1951
f 2285/1142/1952 2286/1143/1953 2287/1144/1954
f 2288/1145/1955 2287/1144/1954 2286/1143/1953
f 2287/1144/1954 2288/1145/1955 2289/1146/1956
f 2290/1147/1957 2289/1146/1956 2288/1145/1955
f 2289/1146/1956 2290/1147/1957 2291/1148/1958
f 2292/1149/1959 2291/1148/1958 2290/1147/1957
f 2291/1148/1958 2292/1149/1959 2293/1150/1960
f 2294/1151/1961 2293/1150/1960 2292/1149/1959
f 2293/1150/1960 2294/1151/1961 2295/1152/1962
f 2296/1153/1963 2295/1152/1962 2294/1151/1961
f 2295/1152/1962 2296/1153/1963 2297/1154/1964
f 2298/1155/1965 2297/1154/1964 2296/1153/1963
f 2297/1154/1964 2298/1155/1965 2299/1156/1966
f 2300/1157/1967 2299/1156/1966 2298/1155/1965
f 2299/1156/1966 2300/1157/1967 2301/1158/1968
f 2302/1159/1969 2301/1158/1968 2300/1157/1967
f 2301/1158/1968 2302/1159/1969 2303/1160/1970
f 2304/1161/1971 2303/1160/1970 2302/1159/1969
f 2303/1160/1970 2304/1161/1971 2305/1162/1972
f 2306/1163/1973 2305/1162/1972 2304/1161/1971
f 2305/1162/1972 2306/1163/1973 2307/1164/1974
f 2308/1165/1975 2307/1164/1974 2306/1163/1973
f 2307/1164/1974 2308/1165/1975 2309/1166/1976
f 2310/1167/1977 2309/1166/1976 2308/1165/1975
f 2296/1153/1963 2311/1168/1978 2298/1155/1965
f 2311/1168/1978 2296/1153/1963 2312/1169/1979
f 2294/1151/1961 2312/1169/1979 2296/1153/1963
f 2312/1169/1979 2294/1151/1961 2313/1170/1980
f 2292/1149/1959 2313/1170/1980 2294/1151/1961
f 2313/1170/1980 2292/1149/1959 2314/1171/1981
f 2290/1147/1957 2314/1171/1981 2292/1149/1959
f 2314/1171/1981 2290/1147/1957 2315/1172/1982
f 2288/1145/1955 2315/1172/1982 2290/1147/1957
f 2315/1172/1982 2288/1145/1955 2316/1173/1983
f 2286/1143/1953 2316/1173/1983 2288/1145/1955
f 2316/1173/1983 2286/1143/1953 2317/1174/1984
f 2284/1141/1951 2317/1174/1984 2286/1143/1953
f 2317/1174/1984 2284/1141/1951 2318/1175/1985
f 2282/1139/1949 2318/1175/1985 2284/1141/1951
f 2280/1137/1947 2319/1176/1986 2282/1139/1949
f 2319/1176/1986 2280/1137/1947 2320/1177/1987
f 2278/1135/1945 2320/1177/1987 2280/1137/1947
f 2320/1177/1987 2278/1135/1945 2321/1178/1988
f 2276/1133/1943 2321/1178/1988 2278/1135/1945
f 2321/1178/1988 2276/1133/1943 2322/1179/1989
f 2274/1131/1941 2322/1179/1989 2276/1133/1943
f 2322/1179/1989 2274/1131/1941 2323/1180/1990
f 2271/1126/1936 2323/1180/1990 2274/1131/1941
f 2323/1180/1990 2271/1126/1936 2324/1181/1991
f 2269/1128/1938 2324/1181/1991 2271/1126/1936
f 2325/1175/1985 2282/1139/1949 2319/1176/1986
f 2269/1128/1938 2326/1182/1992 2324/1181/1991
f 2326/1182/1992 2269/1128/1938 2327/1183/1993
f 2272/1129/1939 2327/1183/1993 2269/1128/1938
f 2328/1184/1763 2324/1181/1991 2326/1182/1992
f 2329/1185/1994 2298/1155/1965 2311/1168/1978
f 2298/1155/1965 2329/1185/1994 2300/1157/1967
f 2331/1186/1995 2300/1157/1967 2330/1185/1996
f 2300/1157/1967 2331/1186/1995 2302/1159/1969
f 2332/1187/1997 2302/1159/1969 2331/1186/1995
f 2302/1159/1969 2332/1187/1997 2304/1161/1971
f 2333/1188/1998 2304/1161/1971 2332/1187/1997
f 2304/1161/1971 2333/1188/1998 2306/1163/1973
f 2334/1189/1999 2306/1163/1973 2333/1188/1998
f 2306/1163/1973 2334/1189/1999 2308/1165/1975
f 2335/1190/2000 2308/1165/1975 2334/1189/1999
f 2308/1165/1975 2335/1190/2000 2310/1167/1977
f 2336/1191/2001 2310/1167/1977 2335/1190/2000
f 2336/1191/2001 2337/1192/1722 2310/1167/1977
f 2338/1193/2002 2310/1167/1977 2337/1192/1722
f 2310/1167/1977 2338/1193/2002 2309/1166/1976
f 2339/1194/2003 2309/1166/1976 2338/1193/2002
f 2342/1127/2004 2341/1130/2004 2340/1129/2004
f 2341/1130/2004 2343/1132/2004 2340/1129/2004
f 2343/1132/2004 2344/1134/2004 2340/1129/2004
f 2344/1134/2004 2345/1136/2004 2340/1129/2004
f 2345/1136/2004 2346/1138/2004 2340/1129/2004
f 2346/1138/2004 2347/1140/2004 2340/1129/2004
f 2347/1140/2004 2348/1142/2004 2340/1129/2004
f 2348/1142/2004 2349/1144/2004 2340/1129/2004
f 2349/1144/2004 2350/1146/2004 2340/1129/2004
f 2350/1146/2004 2351/1148/2004 2340/1129/2004
f 2351/1148/2004 2352/1150/2004 2340/1129/2004
f 2352/1150/2004 2353/1152/2004 2340/1129/2004
f 2353/1152/2004 2354/1154/2004 2340/1129/2004
f 2354/1154/2004 2355/1156/2004 2340/1129/2004
f 2355/1156/2004 2356/1158/2004 2340/1129/2004
f 2356/1158/2004 2357/1160/2004 2340/1129/2004
f 2357/1160/2004 2358/1162/2004 2340/1129/2004
f 2358/1162/2004 2359/1164/2004 2340/1129/2004
f 2359/1164/2004 2360/1166/2004 2340/1129/2004
f 2360/1166/2004 2361/1194/2004 2340/1129/2004
f 2362/1183/2004 2340/1129/2004 2361/1194/2004
f 2365/1195/2005 2364/1164/2006 2363/1167/2007
f 2366/1196/2008 2363/1167/2007 2364/1164/2006
f 2364/1164/2006 2365/1195/2005 2367/1197/2009
f 2368/1198/2010 2367/1197/2009 2365/1195/2005
f 2367/1197/2009 2368/1198/2010 2369/1160/2011
f 2370/1161/2012 2369/1160/2011 2368/1198/2010
f 2369/1160/2011 2370/1161/2012 2371/1199/2013
f 2372/1200/2014 2371/1199/2013 2370/1161/2012
f 2371/1199/2013 2372/1200/2014 2373/1201/2015
f 2374/1202/2016 2373/1201/2015 2372/1200/2014
f 2373/1201/2015 2374/1202/2016 2375/1203/2017
f 2376/1204/2018 2375/1203/2017 2374/1202/2016
f 2375/1203/2017 2376/1204/2018 2377/1205/2019
f 2378/1206/2020 2377/1205/2019 2376/1204/2018
f 2377/1205/2019 2378/1206/2020 2379/1207/2021
f 2380/1151/2022 2379/1207/2021 2378/1206/2020
f 2379/1207/2021 2380/1151/2022 2381/1208/2023
f 2382/1209/2024 2381/1208/2023 2380/1151/2022
f 2381/1208/2023 2382/1209/2024 2383/1210/2025
f 2384/1211/2026 2383/1210/2025 2382/1209/2024
f 2383/1210/2025 2384/1211/2026 2385/1212/2027
f 2386/1213/2028 2385/1212/2027 2384/1211/2026
f 2385/1212/2027 2386/1213/2028 2387/1214/2029
f 2388/1215/2030 2387/1214/2029 2386/1213/2028
f 2387/1214/2029 2388/1215/2030 2389/1216/2031
f 2390/1217/2032 2389/1216/2031 2388/1215/2030
f 2389/1216/2031 2390/1217/2032 2391/1218/2033
f 2392/1219/2034 2391/1218/2033 2390/1217/2032
f 2391/1218/2033 2392/1219/2034 2393/1220/2035
f 2394/1221/2036 2393/1220/2035 2392/1219/2034
f 2393/1220/2035 2394/1221/2036 2395/1222/2037
f 2396/1223/2038 2395/1222/2037 2394/1221/2036
f 2395/1222/2037 2396/1223/2038 2397/1224/2039
f 2398/1225/2040 2397/1224/2039 2396/1223/2038
f 2397/1224/2039 2398/1225/2040 2399/1226/2041
f 2400/1227/2042 2399/1226/2041 2398/1225/2040
f 2399/1226/2041 2400/1227/2042 2401/1228/2043
f 2402/1229/2044 2401/1228/2043 2400/1227/2042
f 2401/1228/2043 2402/1229/2044 2403/1230/2045
f 2404/1231/2046 2403/1230/2045 2402/1229/2044
f 2390/1217/2032 2405/1174/1984 2392/1219/2034
f 2405/1174/1984 2390/1217/2032 2406/1173/1983
f 2388/1215/2030 2406/1173/1983 2390/1217/2032
f 2406/1173/1983 2388/1215/2030 2407/1172/1982
f 2386/1213/2028 2407/1172/1982 2388/1215/2030
f 2407/1172/1982 2386/1213/2028 2408/1171/1981
f 2384/1211/2026 2408/1171/1981 2386/1213/2028
f 2408/1171/1981 2384/1211/2026 2409/1170/1980
f 2382/1209/2024 2409/1170/1980 2384/1211/2026
f 2409/1170/1980 2382/1209/2024 2410/1169/1979
f 2380/1151/2022 2410/1169/1979 2382/1209/2024
f 2410/1169/1979 2380/1151/2022 2411/1168/1978
f 2378/1206/2020 2411/1168/1978 2380/1151/2022
f 2411/1168/1978 2378/1206/2020 2412/1185/1996
f 2376/1204/2018 2412/1185/1996 2378/1206/2020
f 2374/1202/2016 2413/1186/1995 2376/1204/2018
f 2413/1186/1995 2374/1202/2016 2414/1187/1997
f 2372/1200/2014 2414/1187/1997 2374/1202/2016
f 2414/1187/1997 2372/1200/2014 2415/1188/1998
f 2370/1161/2012 2415/1188/1998 2372/1200/2014
f 2415/1188/1998 2370/1161/2012 2416/1189/1999
f 2368/1198/2010 2416/1189/1999 2370/1161/2012
f 2416/1189/1999 2368/1198/2010 2417/1190/2000
f 2365/1195/2005 2417/1190/2000 2368/1198/2010
f 2417/1190/2000 2365/1195/2005 2418/1191/2001
f 2363/1167/2007 2418/1191/2001 2365/1195/2005
f 2419/1185/1996 2376/1204/2018 2413/1186/1995
f 2363/1167/2007 2420/1193/2047 2418/1191/2001
f 2420/1193/2047 2363/1167/2007 2421/1232/2048
f 2366/1196/2008 2421/1232/2048 2363/1167/2007
f 2422/1192/1722 2418/1191/2001 2420/1193/2047
f 2423/1175/2049 2392/1219/2034 2405/1174/1984
f 2392/1219/2034 2423/1175/2049 2394/1221/2036
f 2425/1176/1986 2394/1221/2036 2424/1175/1985
f 2394/1221/2036 2425/1176/1986 2396/1223/2038
f 2426/1177/1987 2396/1223/2038 2425/1176/1986
f 2396/1223/2038 2426/1177/1987 2398/1225/2040
f 2427/1178/1988 2398/1225/2040 2426/1177/1987
f 2398/1225/2040 2427/1178/1988 2400/1227/2042
f 2428/1179/1989 2400/1227/2042 2427/1178/1988
f 2400/1227/2042 2428/1179/1989 2402/1229/2044
f 2429/1180/1990 2402/1229/2044 2428/1179/1989
f 2402/1229/2044 2429/1180/1990 2404/1231/2046
f 2430/1181/1991 2404/1231/2046 2429/1180/1990
f 2430/1181/1991 2431/1184/2050 2404/1231/2046
f 2432/1233/2051 2404/1231/2046 2431/1184/2050
f 2404/1231/2046 2432/1233/2051 2403/1230/2045
f 2433/1234/2052 2403/1230/2045 2432/1233/2051
f 2436/1164/1806 2435/1197/1806 2434/1196/1806
f 2435/1197/1806 2437/1160/1806 2434/1196/1806
f 2437/1160/1806 2438/1199/1806 2434/1196/1806
f 2438/1199/1806 2439/1201/1806 2434/1196/1806
f 2439/1201/1806 2440/1203/1806 2434/1196/1806
f 2440/1203/1806 2441/1205/1806 2434/1196/1806
f 2441/1205/1806 2442/1207/1806 2434/1196/1806
f 2442/1207/1806 2443/1208/1806 2434/1196/1806
f 2443/1208/1806 2444/1210/1806 2434/1196/1806
f 2444/1210/1806 2445/1212/1806 2434/1196/1806
f 2445/1212/1806 2446/1214/1806 2434/1196/1806
f 2446/1214/1806 2447/1216/1806 2434/1196/1806
f 2447/1216/1806 2448/1218/1806 2434/1196/1806
f 2448/1218/1806 2449/1220/1806 2434/1196/1806
f 2449/1220/1806 2450/1222/1806 2434/1196/1806
f 2450/1222/1806 2451/1224/1806 2434/1196/1806
f 2451/1224/1806 2452/1226/1806 2434/1196/1806
f 2452/1226/1806 2453/1228/1806 2434/1196/1806
f 2453/1228/1806 2454/1230/1806 2434/1196/1806
f 2454/1230/1806 2455/1234/1806 2434/1196/1806
f 2456/1232/1806 2434/1196/1806 2455/1234/1806
f 2459/1126/2053 2458/1127/2054 2457/1128/2055
f 2460/1129/2056 2457/1128/2055 2458/1127/2054
f 2458/1127/2054 2459/1126/2053 2461/1130/2057
f 2462/1131/2058 2461/1130/2057 2459/1126/2053
f 2461/1130/2057 2462/1131/2058 2463/1132/2059
f 2464/1133/2060 2463/1132/2059 2462/1131/2058
f 2463/1132/2059 2464/1133/2060 2465/1134/2061
f 2466/1135/2062 2465/1134/2061 2464/1133/2060
f 2465/1134/2061 2466/1135/2062 2467/1136/2063
f 2468/1137/2064 2467/1136/2063 2466/1135/2062
f 2467/1136/2063 2468/1137/2064 2469/1138/2065
f 2470/1139/2066 2469/1138/2065 2468/1137/2064
f 2469/1138/2065 2470/1139/2066 2471/1140/2067
f 2472/1141/2068 2471/1140/2067 2470/1139/2066
f 2471/1140/2067 2472/1141/2068 2473/1142/2069
f 2474/1143/2070 2473/1142/2069 2472/1141/2068
f 2473/1142/2069 2474/1143/2070 2475/1144/2071
f 2476/1145/2072 2475/1144/2071 2474/1143/2070
f 2475/1144/2071 2476/1145/2072 2477/1146/2073
f 2478/1147/2074 2477/1146/2073 2476/1145/2072
f 2477/1146/2073 2478/1147/2074 2479/1148/2075
f 2480/1149/2076 2479/1148/2075 2478/1147/2074
f 2479/1148/2075 2480/1149/2076 2481/1150/2077
f 2482/1151/2078 2481/1150/2077 2480/1149/2076
f 2481/1150/2077 2482/1151/2078 2483/1152/2079
f 2484/1153/2080 2483/1152/2079 2482/1151/2078
f 2483/1152/2079 2484/1153/2080 2485/1154/2081
f 2486/1155/2082 2485/1154/2081 2484/1153/2080
f 2485/1154/2081 2486/1155/2082 2487/1156/2083
f 2488/1157/2084 2487/1156/2083 2486/1155/2082
f 2487/1156/2083 2488/1157/2084 2489/1158/2085
f 2490/1159/2086 2489/1158/2085 2488/1157/2084
f 2489/1158/2085 2490/1159/2086 2491/1160/2087
f 2492/1161/2088 2491/1160/2087 2490/1159/2086
f 2491/1160/2087 2492/1161/2088 2493/1162/2089
f 2494/1163/2090 2493/1162/2089 2492/1161/2088
f 2493/1162/2089 2494/1163/2090 2495/1164/2091
f 2496/1165/2092 2495/1164/2091 2494/1163/2090
f 2495/1164/2091 2496/1165/2092 2497/1166/2093
f 2498/1167/2094 2497/1166/2093 2496/1165/2092
f 2484/1153/2080 2499/1168/2095 2486/1155/2082
f 2499/1168/2095 2484/1153/2080 2500/1169/2096
f 2482/1151/2078 2500/1169/2096 2484/1153/2080
f 2500/1169/2096 2482/1151/2078 2501/1170/2097
f 2480/1149/2076 2501/1170/2097 2482/1151/2078
f 2501/1170/2097 2480/1149/2076 2502/1171/2098
f 2478/1147/2074 2502/1171/2098 2480/1149/2076
f 2502/1171/2098 2478/1147/2074 2503/1172/2099
f 2476/1145/2072 2503/1172/2099 2478/1147/2074
f 2503/1172/2099 2476/1145/2072 2504/1173/2100
f 2474/1143/2070 2504/1173/2100 2476/1145/2072
f 2504/1173/2100 2474/1143/2070 2505/1174/2101
f 2472/1141/2068 2505/1174/2101 2474/1143/2070
f 2505/1174/2101 2472/1141/2068 2506/1175/2102
f 2470/1139/2066 2506/1175/2102 2472/1141/2068
f 2468/1137/2064 2507/1176/2103 2470/1139/2066
f 2507/1176/2103 2468/1137/2064 2508/1177/2104
f 2466/1135/2062 2508/1177/2104 2468/1137/2064
f 2508/1177/2104 2466/1135/2062 2509/1178/2105
f 2464/1133/2060 2509/1178/2105 2466/1135/2062
f 2509/1178/2105 2464/1133/2060 2510/1179/2106
f 2462/1131/2058 2510/1179/2106 2464/1133/2060
f 2510/1179/2106 2462/1131/2058 2511/1180/2107
f 2459/1126/2053 2511/1180/2107 2462/1131/2058
f 2511/1180/2107 2459/1126/2053 2512/1181/2108
f 2457/1128/2055 2512/1181/2108 2459/1126/2053
f 2513/1175/2102 2470/1139/2066 2507/1176/2103
f 2457/1128/2055 2514/1182/2109 2512/1181/2108
f 2514/1182/2109 2457/1128/2055 2515/1183/2052
f 2460/1129/2056 2515/1183/2052 2457/1128/2055
f 2516/1184/1763 2512/1181/2108 2514/1182/2109
f 2517/1185/2110 2486/1155/2082 2499/1168/2095
f 2486/1155/2082 2517/1185/2110 2488/1157/2084
f 2519/1186/2111 2488/1157/2084 2518/1185/2112
f 2488/1157/2084 2519/1186/2111 2490/1159/2086
f 2520/1187/2113 2490/1159/2086 2519/1186/2111
f 2490/1159/2086 2520/1187/2113 2492/1161/2088
f 2521/1188/2114 2492/1161/2088 2520/1187/2113
f 2492/1161/2088 2521/1188/2114 2494/1163/2090
f 2522/1189/2115 2494/1163/2090 2521/1188/2114
f 2494/1163/2090 2522/1189/2115 2496/1165/2092
f 2523/1190/2116 2496/1165/2092 2522/1189/2115
f 2496/1165/2092 2523/1190/2116 2498/1167/2094
f 2524/1191/2117 2498/1167/2094 2523/1190/2116
f 2524/1191/2117 2525/1192/1722 2498/1167/2094
f 2526/1193/2047 2498/1167/2094 2525/1192/1722
f 2498/1167/2094 2526/1193/2047 2497/1166/2093
f 2527/1194/2048 2497/1166/2093 2526/1193/2047
f 2530/1127/1806 2529/1130/1806 2528/1129/1806
f 2529/1130/1806 2531/1132/1806 2528/1129/1806
f 2531/1132/1806 2532/1134/1806 2528/1129/1806
f 2532/1134/1806 2533/1136/1806 2528/1129/1806
f 2533/1136/1806 2534/1138/1806 2528/1129/1806
f 2534/1138/1806 2535/1140/1806 2528/1129/1806
f 2535/1140/1806 2536/1142/1806 2528/1129/1806
f 2536/1142/1806 2537/1144/1806 2528/1129/1806
f 2537/1144/1806 2538/1146/1806 2528/1129/1806
f 2538/1146/1806 2539/1148/1806 2528/1129/1806
f 2539/1148/1806 2540/1150/1806 2528/1129/1806
f 2540/1150/1806 2541/1152/1806 2528/1129/1806
f 2541/1152/1806 2542/1154/1806 2528/1129/1806
f 2542/1154/1806 2543/1156/1806 2528/1129/1806
f 2543/1156/1806 2544/1158/1806 2528/1129/1806
f 2544/1158/1806 2545/1160/1806 2528/1129/1806
f 2545/1160/1806 2546/1162/1806 2528/1129/1806
f 2546/1162/1806 2547/1164/1806 2528/1129/1806
f 2547/1164/1806 2548/1166/1806 2528/1129/1806
f 2548/1166/1806 2549/1194/1806 2528/1129/1806
f 2550/1183/1806 2528/1129/1806 2549/1194/1806
f 2553/1195/2118 2552/1164/2119 2551/1167/2120
f 2554/1196/2121 2551/1167/2120 2552/1164/2119
f 2552/1164/2119 2553/1195/2118 2555/1197/2122
f 2556/1198/2123 2555/1197/2122 2553/1195/2118
f 2555/1197/2122 2556/1198/2123 2557/1160/2124
f 2558/1161/2125 2557/1160/2124 2556/1198/2123
f 2557/1160/2124 2558/1161/2125 2559/1199/2126
f 2560/1200/2127 2559/1199/2126 2558/1161/2125
f 2559/1199/2126 2560/1200/2127 2561/1201/2128
f 2562/1202/2129 2561/1201/2128 2560/1200/2127
f 2561/1201/2128 2562/1202/2129 2563/1203/2130
f 2564/1204/2131 2563/1203/2130 2562/1202/2129
f 2563/1203/2130 2564/1204/2131 2565/1205/2132
f 2566/1206/2133 2565/1205/2132 2564/1204/2131
f 2565/1205/2132 2566/1206/2133 2567/1207/2134
f 2568/1151/2135 2567/1207/2134 2566/1206/2133
f 2567/1207/2134 2568/1151/2135 2569/1208/2136
f 2570/1209/2137 2569/1208/2136 2568/1151/2135
f 2569/1208/2136 2570/1209/2137 2571/1210/2138
f 2572/1211/2139 2571/1210/2138 2570/1209/2137
f 2571/1210/2138 2572/1211/2139 2573/1212/2140
f 2574/1213/2141 2573/1212/2140 2572/1211/2139
f 2573/1212/2140 2574/1213/2141 2575/1214/2142
f 2576/1215/2143 2575/1214/2142 2574/1213/2141
f 2575/1214/2142 2576/1215/2143 2577/1216/2144
f 2578/1217/2145 2577/1216/2144 2576/1215/2143
f 2577/1216/2144 2578/1217/2145 2579/1218/2146
f 2580/1219/2147 2579/1218/2146 2578/1217/2145
f 2579/1218/2146 2580/1219/2147 2581/1220/2148
f 2582/1221/2149 2581/1220/2148 2580/1219/2147
f 2581/1220/2148 2582/1221/2149 2583/1222/2150
f 2584/1223/2151 2583/1222/2150 2582/1221/2149
f 2583/1222/2150 2584/1223/2151 2585/1224/2152
f 2586/1225/2153 2585/1224/2152 2584/1223/2151
f 2585/1224/2152 2586/1225/2153 2587/1226/2154
f 2588/1227/2155 2587/1226/2154 2586/1225/2153
f 2587/1226/2154 2588/1227/2155 2589/1228/2156
f 2590/1229/2157 2589/1228/2156 2588/1227/2155
f 2589/1228/2156 2590/1229/2157 2591/1230/2158
f 2592/1231/2159 2591/1230/2158 2590/1229/2157
f 2578/1217/2145 2593/1174/2101 2580/1219/2147
f 2593/1174/2101 2578/1217/2145 2594/1173/2100
f 2576/1215/2143 2594/1173/2100 2578/1217/2145
f 2594/1173/2100 2576/1215/2143 2595/1172/2099
f 2574/1213/2141 2595/1172/2099 2576/1215/2143
f 2595/1172/2099 2574/1213/2141 2596/1171/2098
f 2572/1211/2139 2596/1171/2098 2574/1213/2141
f 2596/1171/2098 2572/1211/2139 2597/1170/2097
f 2570/1209/2137 2597/1170/2097 2572/1211/2139
f 2597/1170/2097 2570/1209/2137 2598/1169/2096
f 2568/1151/2135 2598/1169/2096 2570/1209/2137
f 2598/1169/2096 2568/1151/2135 2599/1168/2095
f 2566/1206/2133 2599/1168/2095 2568/1151/2135
f 2599/1168/2095 2566/1206/2133 2600/1185/2112
f 2564/1204/2131 2600/1185/2112 2566/1206/2133
f 2562/1202/2129 2601/1186/2111 2564/1204/2131
f 2601/1186/2111 2562/1202/2129 2602/1187/2113
f 2560/1200/2127 2602/1187/2113 2562/1202/2129
f 2602/1187/2113 2560/1200/2127 2603/1188/2114
f 2558/1161/2125 2603/1188/2114 2560/1200/2127
f 2603/1188/2114 2558/1161/2125 2604/1189/2115
f 2556/1198/2123 2604/1189/2115 2558/1161/2125
f 2604/1189/2115 2556/1198/2123 2605/1190/2116
f 2553/1195/2118 2605/1190/2116 2556/1198/2123
f 2605/1190/2116 2553/1195/2118 2606/1191/2117
f 2551/1167/2120 2606/1191/2117 2553/1195/2118
f 2607/1185/2112 2564/1204/2131 2601/1186/2111
f 2551/1167/2120 2608/1193/2002 2606/1191/2117
f 2608/1193/2002 2551/1167/2120 2609/1232/2003
f 2554/1196/2121 2609/1232/2003 2551/1167/2120
f 2610/1192/1722 2606/1191/2117 2608/1193/2002
f 2611/1175/2160 2580/1219/2147 2593/1174/2101
f 2580/1219/2147 2611/1175/2160 2582/1221/2149
f 2613/1176/2103 2582/1221/2149 2612/1175/2102
f 2582/1221/2149 2613/1176/2103 2584/1223/2151
f 2614/1177/2104 2584/1223/2151 2613/1176/2103
f 2584/1223/2151 2614/1177/2104 2586/1225/2153
f 2615/1178/2105 2586/1225/2153 2614/1177/2104
f 2586/1225/2153 2615/1178/2105 2588/1227/2155
f 2616/1179/2106 2588/1227/2155 2615/1178/2105
f 2588/1227/2155 2616/1179/2106 2590/1229/2157
f 2617/1180/2107 2590/1229/2157 2616/1179/2106
f 2590/1229/2157 2617/1180/2107 2592/1231/2159
f 2618/1181/2108 2592/1231/2159 2617/1180/2107
f 2618/1181/2108 2619/1184/1763 2592/1231/2159
f 2620/1233/2161 2592/1231/2159 2619/1184/1763
f 2592/1231/2159 2620/1233/2161 2591/1230/2158
f 2621/1234/1993 2591/1230/2158 2620/1233/2161
f 2624/1164/2004 2623/1197/2004 2622/1196/2004
f 2623/1197/2004 2625/1160/2004 2622/1196/2004
f 2625/1160/2004 2626/1199/2004 2622/1196/2004
f 2626/1199/2004 2627/1201/2004 2622/1196/2004
f 2627/1201/2004 2628/1203/2004 2622/1196/2004
f 2628/1203/2004 2629/1205/2004 2622/1196/2004
f 2629/1205/2004 2630/1207/2004 2622/1196/2004
f 2630/1207/2004 2631/1208/2004 2622/1196/2004
f 2631/1208/2004 2632/1210/2004 2622/1196/2004
f 2632/1210/2004 2633/1212/2004 2622/1196/2004
f 2633/1212/2004 2634/1214/2004 2622/1196/2004
f 2634/1214/2004 2635/1216/2004 2622/1196/2004
f 2635/1216/2004 2636/1218/2004 2622/1196/2004
f 2636/1218/2004 2637/1220/2004 2622/1196/2004
f 2637/1220/2004 2638/1222/2004 2622/1196/2004
f 2638/1222/2004 2639/1224/2004 2622/1196/2004
f 2639/1224/2004 2640/1226/2004 2622/1196/2004
f 2640/1226/2004 2641/1228/2004 2622/1196/2004
f 2641/1228/2004 2642/1230/2004 2622/1196/2004
f 2642/1230/2004 2643/1234/2004 2622/1196/2004
f 2644/1232/2004 2622/1196/2004 2643/1234/2004
f 2647/1235/2162 2646/1236/2163 2645/1237/2164
f 2648/1238/2165 2645/1237/2164 2646/1236/2163
f 2646/1236/2163 2647/1235/2162 2649/1239/2166
f 2650/1240/2167 2649/1239/2166 2647/1235/2162
f 2649/1239/2166 2650/1240/2167 2651/1241/2168
f 2652/1242/2169 2651/1241/2168 2650/1240/2167
f 2651/1241/2168 2652/1242/2169 2653/1243/2170
f 2654/1244/2171 2653/1243/2170 2652/1242/2169
f 2653/1243/2170 2654/1244/2171 2655/1245/2172
f 2656/1246/2173 2655/1245/2172 2654/1244/2171
f 2655/1245/2172 2656/1246/2173 2657/1247/2174
f 2658/1248/2175 2657/1247/2174 2656/1246/2173
f 2657/1247/2174 2658/1248/2175 2659/1249/2176
f 2660/1250/2177 2659/1249/2176 2658/1248/2175
f 2659/1249/2176 2660/1250/2177 2661/1251/2178
f 2662/1252/2179 2661/1251/2178 2660/1250/2177
f 2661/1251/2178 2662/1252/2179 2663/1253/2180
f 2664/1254/2181 2663/1253/2180 2662/1252/2179
f 2663/1253/2180 2664/1254/2181 2665/1255/2182
f 2666/1256/2183 2665/1255/2182 2664/1254/2181
f 2665/1255/2182 2666/1256/2183 2667/1257/2184
f 2668/1258/2185 2667/1257/2184 2666/1256/2183
f 2667/1257/2184 2668/1258/2185 2669/1259/2186
f 2670/1260/2187 2669/1259/2186 2668/1258/2185
f 2669/1259/2186 2670/1260/2187 2671/1261/2188
f 2672/1262/2189 2671/1261/2188 2670/1260/2187
f 2671/1261/2188 2672/1262/2189 2673/1263/2190
f 2674/1264/2191 2673/1263/2190 2672/1262/2189
f 2673/1263/2190 2674/1264/2191 2675/1265/2192
f 2676/1266/2193 2675/1265/2192 2674/1264/2191
f 2675/1265/2192 2676/1266/2193 2677/1267/2194
f 2678/1268/2195 2677/1267/2194 2676/1266/2193
f 2677/1267/2194 2678/1268/2195 2679/1269/2196
f 2680/1270/2197 2679/1269/2196 2678/1268/2195
f 2679/1269/2196 2680/1270/2197 2681/1271/2198
f 2682/1272/2199 2681/1271/2198 2680/1270/2197
f 2681/1271/2198 2682/1272/2199 2683/1273/2200
f 2684/1274/2201 2683/1273/2200 2682/1272/2199
f 2683/1273/2200 2684/1274/2201 2685/1275/2202
f 2686/1276/2203 2685/1275/2202 2684/1274/2201
f 2672/1262/2189 2687/1277/2204 2674/1264/2191
f 2688/1278/2205 2674/1264/2191 2687/1277/2204
f 2674/1264/2191 2688/1278/2205 2676/1266/2193
f 2689/1279/2206 2676/1266/2193 2688/1278/2205
f 2676/1266/2193 2689/1279/2206 2678/1268/2195
f 2690/1280/2207 2678/1268/2195 2689/1279/2206
f 2678/1268/2195 2690/1280/2207 2680/1270/2197
f 2691/1281/2208 2680/1270/2197 2690/1280/2207
f 2680/1270/2197 2691/1281/2208 2682/1272/2199
f 2692/1282/2209 2682/1272/2199 2691/1281/2208
f 2682/1272/2199 2692/1282/2209 2684/1274/2201
f 2693/1283/2210 2684/1274/2201 2692/1282/2209
f 2684/1274/2201 2693/1283/2210 2686/1276/2203
f 2694/1284/2211 2686/1276/2203 2693/1283/2210
f 2686/1276/2203 2695/1285/2212 2685/1275/2202
f 2696/1286/2213 2685/1275/2202 2695/1285/2212
f 2694/1284/2211 2697/1287/1763 2686/1276/2203
f 2695/1285/2212 2686/1276/2203 2697/1287/1763
f 2645/1237/2164 2698/1288/2214 2647/1235/2162
f 2699/1289/2215 2647/1235/2162 2698/1288/2214
f 2647/1235/2162 2699/1289/2215 2650/1240/2167
f 2700/1290/2216 2650/1240/2167 2699/1289/2215
f 2650/1240/2167 2700/1290/2216 2652/1242/2169
f 2701/1291/2217 2652/1242/2169 2700/1290/2216
f 2652/1242/2169 2701/1291/2217 2654/1244/2171
f 2702/1292/2218 2654/1244/2171 2701/1291/2217
f 2654/1244/2171 2702/1292/2218 2656/1246/2173
f 2703/1293/2219 2656/1246/2173 2702/1292/2218
f 2656/1246/2173 2703/1293/2219 2658/1248/2175
f 2704/1294/2220 2658/1248/2175 2703/1293/2219
f 2658/1248/2175 2704/1294/2220 2660/1250/2177
f 2705/1295/2221 2660/1250/2177 2704/1294/2220
f 2645/1237/2164 2706/1296/2222 2698/1288/2214
f 2706/1296/2222 2645/1237/2164 2707/1297/2223
f 2648/1238/2165 2707/1297/2223 2645/1237/2164
f 2660/1250/2177 2708/1295/2221 2662/1252/2179
f 2709/1298/2224 2662/1252/2179 2708/1295/2221
f 2662/1252/2179 2709/1298/2224 2664/1254/2181
f 2710/1299/2225 2664/1254/2181 2709/1298/2224
f 2664/1254/2181 2710/1299/2225 2666/1256/2183
f 2711/1300/1806 2666/1256/2183 2710/1299/2225
f 2666/1256/2183 2711/1300/1806 2668/1258/2185
f 2712/1301/2226 2668/1258/2185 2711/1300/1806
f 2668/1258/2185 2712/1301/2226 2670/1260/2187
f 2713/1302/2227 2670/1260/2187 2712/1301/2226
f 2670/1260/2187 2713/1302/2227 2672/1262/2189
f 2714/1277/2204 2672/1262/2189 2713/1302/2227
f 2715/1303/1722 2698/1288/2214 2706/1296/2222
f 2718/1236/2098 2717/1239/2098 2716/1238/2098
f 2717/1239/2098 2719/1241/2098 2716/1238/2098
f 2719/1241/2098 2720/1243/2098 2716/1238/2098
f 2720/1243/2098 2721/1245/2098 2716/1238/2098
f 2721/1245/2098 2722/1247/2098 2716/1238/2098
f 2722/1247/2098 2723/1249/2098 2716/1238/2098
f 2723/1249/2098 2724/1251/2098 2716/1238/2098
f 2724/1251/2098 2725/1253/2098 2716/1238/2098
f 2725/1253/2098 2726/1255/2098 2716/1238/2098
f 2726/1255/2098 2727/1257/2098 2716/1238/2098
f 2727/1257/2098 2728/1259/2098 2716/1238/2098
f 2728/1259/2098 2729/1261/2098 2716/1238/2098
f 2729/1261/2098 2730/1263/2098 2716/1238/2098
f 2730/1263/2098 2731/1265/2098 2716/1238/2098
f 2731/1265/2098 2732/1267/2098 2716/1238/2098
f 2732/1267/2098 2733/1269/2098 2716/1238/2098
f 2733/1269/2098 2734/1271/2098 2716/1238/2098
f 2734/1271/2098 2735/1273/2098 2716/1238/2098
f 2735/1273/2098 2736/1275/2098 2716/1238/2098
f 2736/1275/2098 2737/1286/2098 2716/1238/2098
f 2738/1297/2098 2716/1238/2098 2737/1286/2098
f 2741/1304/2228 2740/1305/2229 2739/1306/2230
f 2742/1307/2231 2739/1306/2230 2740/1305/2229
f 2740/1305/2229 2741/1304/2228 2743/1308/2232
f 2744/1309/2233 2743/1308/2232 2741/1304/2228
f 2743/1308/2232 2744/1309/2233 2745/1310/2234
f 2746/1311/2235 2745/1310/2234 2744/1309/2233
f 2745/1310/2234 2746/1311/2235 2747/1312/2236
f 2748/1313/2237 2747/1312/2236 2746/1311/2235
f 2747/1312/2236 2748/1313/2237 2749/1314/2238
f 2750/1315/2239 2749/1314/2238 2748/1313/2237
f 2749/1314/2238 2750/1315/2239 2751/1316/2240
f 2752/1317/2241 2751/1316/2240 2750/1315/2239
f 2751/1316/2240 2752/1317/2241 2753/1318/2242
f 2754/1319/2243 2753/1318/2242 2752/1317/2241
f 2753/1318/2242 2754/1319/2243 2755/1320/2244
f 2756/1321/2245 2755/1320/2244 2754/1319/2243
f 2755/1320/2244 2756/1321/2245 2757/1322/2246
f 2758/1323/2247 2757/1322/2246 2756/1321/2245
f 2757/1322/2246 2758/1323/2247 2759/1324/2248
f 2760/1325/2249 2759/1324/2248 2758/1323/2247
f 2759/1324/2248 2760/1325/2249 2761/1326/2250
f 2762/1327/2251 2761/1326/2250 2760/1325/2249
f 2761/1326/2250 2762/1327/2251 2763/1328/2252
f 2764/1329/2253 2763/1328/2252 2762/1327/2251
f 2763/1328/2252 2764/1329/2253 2765/1330/2254
f 2766/1331/2255 2765/1330/2254 2764/1329/2253
f 2765/1330/2254 2766/1331/2255 2767/1332/2256
f 2768/1333/2257 2767/1332/2256 2766/1331/2255
f 2767/1332/2256 2768/1333/2257 2769/1334/2258
f 2770/1335/2259 2769/1334/2258 2768/1333/2257
f 2769/1334/2258 2770/1335/2259 2771/1336/2260
f 2772/1337/2261 2771/1336/2260 2770/1335/2259
f 2771/1336/2260 2772/1337/2261 2773/1338/2262
f 2774/1339/2263 2773/1338/2262 2772/1337/2261
f 2773/1338/2262 2774/1339/2263 2775/1340/2264
f 2776/1341/2265 2775/1340/2264 2774/1339/2263
f 2775/1340/2264 2776/1341/2265 2777/1342/2266
f 2778/1343/2267 2777/1342/2266 2776/1341/2265
f 2777/1342/2266 2778/1343/2267 2779/1344/2268
f 2780/1345/2269 2779/1344/2268 2778/1343/2267
f 2766/1331/2255 2781/1346/2270 2768/1333/2257
f 2782/1347/2271 2768/1333/2257 2781/1346/2270
f 2768/1333/2257 2782/1347/2271 2770/1335/2259
f 2783/1348/2272 2770/1335/2259 2782/1347/2271
f 2770/1335/2259 2783/1348/2272 2772/1337/2261
f 2784/1349/2273 2772/1337/2261 2783/1348/2272
f 2772/1337/2261 2784/1349/2273 2774/1339/2263
f 2785/1350/2274 2774/1339/2263 2784/1349/2273
f 2774/1339/2263 2785/1350/2274 2776/1341/2265
f 2786/1351/2275 2776/1341/2265 2785/1350/2274
f 2776/1341/2265 2786/1351/2275 2778/1343/2267
f 2787/1352/2276 2778/1343/2267 2786/1351/2275
f 2778/1343/2267 2787/1352/2276 2780/1345/2269
f 2788/1353/2277 2780/1345/2269 2787/1352/2276
f 2780/1345/2269 2789/1354/2278 2779/1344/2268
f 2790/1355/2279 2779/1344/2268 2789/1354/2278
f 2788/1353/2277 2791/1356/2280 2780/1345/2269
f 2789/1354/2278 2780/1345/2269 2791/1356/2280
f 2739/1306/2230 2792/1357/2281 2741/1304/2228
f 2793/1358/2282 2741/1304/2228 2792/1357/2281
f 2741/1304/2228 2793/1358/2282 2744/1309/2233
f 2794/1359/2283 2744/1309/2233 2793/1358/2282
f 2744/1309/2233 2794/1359/2283 2746/1311/2235
f 2795/1360/2284 2746/1311/2235 2794/1359/2283
f 2746/1311/2235 2795/1360/2284 2748/1313/2237
f 2796/1361/2285 2748/1313/2237 2795/1360/2284
f 2748/1313/2237 2796/1361/2285 2750/1315/2239
f 2797/1362/2286 2750/1315/2239 2796/1361/2285
f 2750/1315/2239 2797/1362/2286 2752/1317/2241
f 2798/1363/2287 2752/1317/2241 2797/1362/2286
f 2752/1317/2241 2798/1363/2287 2754/1319/2243
f 2799/1364/2288 2754/1319/2243 2798/1363/2287
f 2739/1306/2230 2800/1365/2289 2792/1357/2281
f 2800/1365/2289 2739/1306/2230 2801/1366/2290
f 2742/1307/2231 2801/1366/2290 2739/1306/2230
f 2754/1319/2243 2802/1364/2288 2756/1321/2245
f 2803/1367/2291 2756/1321/2245 2802/1364/2288
f 2756/1321/2245 2803/1367/2291 2758/1323/2247
f 2804/1368/2292 2758/1323/2247 2803/1367/2291
f 2758/1323/2247 2804/1368/2292 2760/1325/2249
f 2805/1369/2098 2760/1325/2249 2804/1368/2292
f 2760/1325/2249 2805/1369/2098 2762/1327/2251
f 2806/1370/2293 2762/1327/2251 2805/1369/2098
f 2762/1327/2251 2806/1370/2293 2764/1329/2253
f 2807/1371/2294 2764/1329/2253 2806/1370/2293
f 2764/1329/2253 2807/1371/2294 2766/1331/2255
f 2808/1346/2270 2766/1331/2255 2807/1371/2294
f 2809/1372/2295 2792/1357/2281 2800/1365/2289
f 2812/1305/2004 2811/1308/2004 2810/1307/2004
f 2811/1308/2004 2813/1310/2004 2810/1307/2004
f 2813/1310/2004 2814/1312/2004 2810/1307/2004
f 2814/1312/2004 2815/1314/2004 2810/1307/2004
f 2815/1314/2004 2816/1316/2004 2810/1307/2004
f 2816/1316/2004 2817/1318/2004 2810/1307/2004
f 2817/1318/2004 2818/1320/2004 2810/1307/2004
f 2818/1320/2004 2819/1322/2004 2810/1307/2004
f 2819/1322/2004 2820/1324/2004 2810/1307/2004
f 2820/1324/2004 2821/1326/2004 2810/1307/2004
f 2821/1326/2004 2822/1328/2004 2810/1307/2004
f 2822/1328/2004 2823/1330/2004 2810/1307/2004
f 2823/1330/2004 2824/1332/2004 2810/1307/2004
f 2824/1332/2004 2825/1334/2004 2810/1307/2004
f 2825/1334/2004 2826/1336/2004 2810/1307/2004
f 2826/1336/2004 2827/1338/2004 2810/1307/2004
f 2827/1338/2004 2828/1340/2004 2810/1307/2004
f 2828/1340/2004 2829/1342/2004 2810/1307/2004
f 2829/1342/2004 2830/1344/2004 2810/1307/2004
f 2830/1344/2004 2831/1355/2004 2810/1307/2004
f 2832/1366/2004 2810/1307/2004 2831/1355/2004
f 2835/1373/2296 2834/1374/2297 2833/1375/2298
f 2836/1344/2299 2833/1375/2298 2834/1374/2297
f 2834/1374/2297 2835/1373/2296 2837/1376/2300
f 2838/1341/2301 2837/1376/2300 2835/1373/2296
f 2837/1376/2300 2838/1341/2301 2839/1338/2302
f 2840/1339/2303 2839/1338/2302 2838/1341/2301
f 2839/1338/2302 2840/1339/2303 2841/1377/2304
f 2842/1378/2305 2841/1377/2304 2840/1339/2303
f 2841/1377/2304 2842/1378/2305 2843/1379/2306
f 2844/1335/2307 2843/1379/2306 2842/1378/2305
f 2843/1379/2306 2844/1335/2307 2845/1332/2308
f 2846/1380/2309 2845/1332/2308 2844/1335/2307
f 2845/1332/2308 2846/1380/2309 2847/1381/2310
f 2848/1382/2311 2847/1381/2310 2846/1380/2309
f 2847/1381/2310 2848/1382/2311 2849/1383/2312
f 2850/1384/2313 2849/1383/2312 2848/1382/2311
f 2849/1383/2312 2850/1384/2313 2851/1385/2314
f 2852/1386/2315 2851/1385/2314 2850/1384/2313
f 2851/1385/2314 2852/1386/2315 2853/1387/2316
f 2854/1388/2317 2853/1387/2316 2852/1386/2315
f 2853/1387/2316 2854/1388/2317 2855/1389/2318
f 2856/1390/2319 2855/1389/2318 2854/1388/2317
f 2855/1389/2318 2856/1390/2319 2857/1391/2320
f 2858/1392/2321 2857/1391/2320 2856/1390/2319
f 2857/1391/2320 2858/1392/2321 2859/1393/2322
f 2860/1394/2323 2859/1393/2322 2858/1392/2321
f 2859/1393/2322 2860/1394/2323 2861/1316/2324
f 2862/1395/2325 2861/1316/2324 2860/1394/2323
f 2861/1316/2324 2862/1395/2325 2863/1396/2326
f 2864/1397/2327 2863/1396/2326 2862/1395/2325
f 2863/1396/2326 2864/1397/2327 2865/1398/2328
f 2866/1399/2329 2865/1398/2328 2864/1397/2327
f 2865/1398/2328 2866/1399/2329 2867/1400/2330
f 2868/1401/2331 2867/1400/2330 2866/1399/2329
f 2867/1400/2330 2868/1401/2331 2869/1402/2332
f 2870/1403/2333 2869/1402/2332 2868/1401/2331
f 2869/1402/2332 2870/1403/2333 2871/1404/2334
f 2872/1405/2335 2871/1404/2334 2870/1403/2333
f 2871/1404/2334 2872/1405/2335 2873/1406/2336
f 2874/1407/2337 2873/1406/2336 2872/1405/2335
f 2860/1394/2323 2875/1364/2288 2862/1395/2325
f 2876/1363/2287 2862/1395/2325 2875/1364/2288
f 2862/1395/2325 2876/1363/2287 2864/1397/2327
f 2877/1362/2286 2864/1397/2327 2876/1363/2287
f 2864/1397/2327 2877/1362/2286 2866/1399/2329
f 2878/1361/2285 2866/1399/2329 2877/1362/2286
f 2866/1399/2329 2878/1361/2285 2868/1401/2331
f 2879/1360/2284 2868/1401/2331 2878/1361/2285
f 2868/1401/2331 2879/1360/2284 2870/1403/2333
f 2880/1359/2283 2870/1403/2333 2879/1360/2284
f 2870/1403/2333 2880/1359/2283 2872/1405/2335
f 2881/1358/2282 2872/1405/2335 2880/1359/2283
f 2872/1405/2335 2881/1358/2282 2874/1407/2337
f 2882/1357/2281 2874/1407/2337 2881/1358/2282
f 2874/1407/2337 2883/1408/2338 2873/1406/2336
f 2884/1409/2339 2873/1406/2336 2883/1408/2338
f 2882/1357/2281 2885/1372/2295 2874/1407/2337
f 2883/1408/2338 2874/1407/2337 2885/1372/2295
f 2833/1375/2298 2886/1353/2277 2835/1373/2296
f 2887/1352/2276 2835/1373/2296 2886/1353/2277
f 2835/1373/2296 2887/1352/2276 2838/1341/2301
f 2888/1351/2275 2838/1341/2301 2887/1352/2276
f 2838/1341/2301 2888/1351/2275 2840/1339/2303
f 2889/1350/2274 2840/1339/2303 2888/1351/2275
f 2840/1339/2303 2889/1350/2274 2842/1378/2305
f 2890/1349/2273 2842/1378/2305 2889/1350/2274
f 2842/1378/2305 2890/1349/2273 2844/1335/2307
f 2891/1348/2272 2844/1335/2307 2890/1349/2273
f 2844/1335/2307 2891/1348/2272 2846/1380/2309
f 2892/1347/2271 2846/1380/2309 2891/1348/2272
f 2846/1380/2309 2892/1347/2271 2848/1382/2311
f 2893/1346/2270 2848/1382/2311 2892/1347/2271
f 2833/1375/2298 2894/1410/2340 2886/1353/2277
f 2894/1410/2340 2833/1375/2298 2895/1411/2341
f 2836/1344/2299 2895/1411/2341 2833/1375/2298
f 2848/1382/2311 2896/1346/2270 2850/1384/2313
f 2897/1371/2294 2850/1384/2313 2896/1346/2270
f 2850/1384/2313 2897/1371/2294 2852/1386/2315
f 2898/1370/2293 2852/1386/2315 2897/1371/2294
f 2852/1386/2315 2898/1370/2293 2854/1388/2317
f 2899/1369/2098 2854/1388/2317 2898/1370/2293
f 2854/1388/2317 2899/1369/2098 2856/1390/2319
f 2900/1368/2292 2856/1390/2319 2899/1369/2098
f 2856/1390/2319 2900/1368/2292 2858/1392/2321
f 2901/1367/2291 2858/1392/2321 2900/1368/2292
f 2858/1392/2321 2901/1367/2291 2860/1394/2323
f 2902/1364/2288 2860/1394/2323 2901/1367/2291
f 2903/1356/2280 2886/1353/2277 2894/1410/2340
f 2906/1374/1806 2905/1376/1806 2904/1344/1806
f 2905/1376/1806 2907/1338/1806 2904/1344/1806
f 2907/1338/1806 2908/1377/1806 2904/1344/1806
f 2908/1377/1806 2909/1379/1806 2904/1344/1806
f 2909/1379/1806 2910/1332/1806 2904/1344/1806
f 2910/1332/1806 2911/1381/1806 2904/1344/1806
f 2911/1381/1806 2912/1383/1806 2904/1344/1806
f 2912/1383/1806 2913/1385/1806 2904/1344/1806
f 2913/1385/1806 2914/1387/1806 2904/1344/1806
f 2914/1387/1806 2915/1389/1806 2904/1344/1806
f 2915/1389/1806 2916/1391/1806 2904/1344/1806
f 2916/1391/1806 2917/1393/1806 2904/1344/1806
f 2917/1393/1806 2918/1316/1806 2904/1344/1806
f 2918/1316/1806 2919/1396/1806 2904/1344/1806
f 2919/1396/1806 2920/1398/1806 2904/1344/1806
f 2920/1398/1806 2921/1400/1806 2904/1344/1806
f 2921/1400/1806 2922/1402/1806 2904/1344/1806
f 2922/1402/1806 2923/1404/1806 2904/1344/1806
f 2923/1404/1806 2924/1406/1806 2904/1344/1806
f 2924/1406/1806 2925/1409/1806 2904/1344/1806
f 2926/1411/1806 2904/1344/1806 2925/1409/1806
f 2929/1412/2342 2928/1413/2343 2927/1414/2344
f 2930/1415/2345 2927/1414/2344 2928/1413/2343
f 2928/1413/2343 2929/1412/2342 2931/1271/2346
f 2932/1416/2347 2931/1271/2346 2929/1412/2342
f 2931/1271/2346 2932/1416/2347 2933/1417/2348
f 2934/1418/2349 2933/1417/2348 2932/1416/2347
f 2933/1417/2348 2934/1418/2349 2935/1419/2350
f 2936/1420/2351 2935/1419/2350 2934/1418/2349
f 2935/1419/2350 2936/1420/2351 2937/1265/2352
f 2938/1421/2353 2937/1265/2352 2936/1420/2351
f 2937/1265/2352 2938/1421/2353 2939/1422/2354
f 2940/1423/2355 2939/1422/2354 2938/1421/2353
f 2939/1422/2354 2940/1423/2355 2941/1424/2356
f 2942/1425/2357 2941/1424/2356 2940/1423/2355
f 2941/1424/2356 2942/1425/2357 2943/1426/2358
f 2944/1427/2359 2943/1426/2358 2942/1425/2357
f 2943/1426/2358 2944/1427/2359 2945/1428/2360
f 2946/1429/2361 2945/1428/2360 2944/1427/2359
f 2945/1428/2360 2946/1429/2361 2947/1255/2362
f 2948/1430/2363 2947/1255/2362 2946/1429/2361
f 2947/1255/2362 2948/1430/2363 2949/1431/2364
f 2950/1432/2365 2949/1431/2364 2948/1430/2363
f 2949/1431/2364 2950/1432/2365 2951/1251/2366
f 2952/1433/2367 2951/1251/2366 2950/1432/2365
f 2951/1251/2366 2952/1433/2367 2953/1434/2368
f 2954/1435/2369 2953/1434/2368 2952/1433/2367
f 2953/1434/2368 2954/1435/2369 2955/1436/2370
f 2956/1437/2371 2955/1436/2370 2954/1435/2369
f 2955/1436/2370 2956/1437/2371 2957/1245/2372
f 2958/1438/2373 2957/1245/2372 2956/1437/2371
f 2957/1245/2372 2958/1438/2373 2959/1243/2374
f 2960/1439/2375 2959/1243/2374 2958/1438/2373
f 2959/1243/2374 2960/1439/2375 2961/1440/2376
f 2962/1441/2377 2961/1440/2376 2960/1439/2375
f 2961/1440/2376 2962/1441/2377 2963/1442/2378
f 2964/1443/2379 2963/1442/2378 2962/1441/2377
f 2963/1442/2378 2964/1443/2379 2965/1236/2380
f 2966/1235/2381 2965/1236/2380 2964/1443/2379
f 2965/1236/2380 2966/1235/2381 2967/1444/2382
f 2968/1445/2383 2967/1444/2382 2966/1235/2381
f 2954/1435/2369 2969/1295/2221 2956/1437/2371
f 2970/1294/2220 2956/1437/2371 2969/1295/2221
f 2956/1437/2371 2970/1294/2220 2958/1438/2373
f 2971/1293/2219 2958/1438/2373 2970/1294/2220
f 2958/1438/2373 2971/1293/2219 2960/1439/2375
f 2972/1292/2218 2960/1439/2375 2971/1293/2219
f 2960/1439/2375 2972/1292/2218 2962/1441/2377
f 2973/1291/2217 2962/1441/2377 2972/1292/2218
f 2962/1441/2377 2973/1291/2217 2964/1443/2379
f 2974/1290/2216 2964/1443/2379 2973/1291/2217
f 2964/1443/2379 2974/1290/2216 2966/1235/2381
f 2975/1289/2215 2966/1235/2381 2974/1290/2216
f 2966/1235/2381 2975/1289/2215 2968/1445/2383
f 2976/1288/2214 2968/1445/2383 2975/1289/2215
f 2968/1445/2383 2977/1296/2384 2967/1444/2382
f 2978/1297/2385 2967/1444/2382 2977/1296/2384
f 2976/1288/2214 2979/1303/1722 2968/1445/2383
f 2977/1296/2384 2968/1445/2383 2979/1303/1722
f 2927/1414/2344 2980/1284/2211 2929/1412/2342
f 2981/1283/2210 2929/1412/2342 2980/1284/2211
f 2929/1412/2342 2981/1283/2210 2932/1416/2347
f 2982/1282/2209 2932/1416/2347 2981/1283/2210
f 2932/1416/2347 2982/1282/2209 2934/1418/2349
f 2983/1281/2208 2934/1418/2349 2982/1282/2209
f 2934/1418/2349 2983/1281/2208 2936/1420/2351
f 2984/1280/2207 2936/1420/2351 2983/1281/2208
f 2936/1420/2351 2984/1280/2207 2938/1421/2353
f 2985/1279/2206 2938/1421/2353 2984/1280/2207
f 2938/1421/2353 2985/1279/2206 2940/1423/2355
f 2986/1278/2205 2940/1423/2355 2985/1279/2206
f 2940/1423/2355 2986/1278/2205 2942/1425/2357
f 2987/1277/2204 2942/1425/2357 2986/1278/2205
f 2927/1414/2344 2988/1285/2386 2980/1284/2211
f 2988/1285/2386 2927/1414/2344 2989/1446/2387
f 2930/1415/2345 2989/1446/2387 2927/1414/2344
f 2942/1425/2357 2990/1277/2204 2944/1427/2359
f 2991/1302/2227 2944/1427/2359 2990/1277/2204
f 2944/1427/2359 2991/1302/2227 2946/1429/2361
f 2992/1301/2226 2946/1429/2361 2991/1302/2227
f 2946/1429/2361 2992/1301/2226 2948/1430/2363
f 2993/1300/1806 2948/1430/2363 2992/1301/2226
f 2948/1430/2363 2993/1300/1806 2950/1432/2365
f 2994/1299/2225 2950/1432/2365 2993/1300/1806
f 2950/1432/2365 2994/1299/2225 2952/1433/2367
f 2995/1298/2224 2952/1433/2367 2994/1299/2225
f 2952/1433/2367 2995/1298/2224 2954/1435/2369
f 2996/1295/2221 2954/1435/2369 2995/1298/2224
f 2997/1287/1763 2980/1284/2211 2988/1285/2386
f 3000/1413/1981 2999/1271/1981 2998/1415/1981
f 2999/1271/1981 3001/1417/1981 2998/1415/1981
f 3001/1417/1981 3002/1419/1981 2998/1415/1981
f 3002/1419/1981 3003/1265/1981 2998/1415/1981
f 3003/1265/1981 3004/1422/1981 2998/1415/1981
f 3004/1422/1981 3005/1424/1981 2998/1415/1981
f 3005/1424/1981 3006/1426/1981 2998/1415/1981
f 3006/1426/1981 3007/1428/1981 2998/1415/1981
f 3007/1428/1981 3008/1255/1981 2998/1415/1981
f 3008/1255/1981 3009/1431/1981 2998/1415/1981
f 3009/1431/1981 3010/1251/1981 2998/1415/1981
f 3010/1251/1981 3011/1434/1981 2998/1415/1981
f 3011/1434/1981 3012/1436/1981 2998/1415/1981
f 3012/1436/1981 3013/1245/1981 2998/1415/1981
f 3013/1245/1981 3014/1243/1981 2998/1415/1981
f 3014/1243/1981 3015/1440/1981 2998/1415/1981
f 3015/1440/1981 3016/1442/1981 2998/1415/1981
f 3016/1442/1981 3017/1236/1981 2998/1415/1981
f 3017/1236/1981 3018/1444/1981 2998/1415/1981
f 3018/1444/1981 3019/1297/1981 2998/1415/1981
f 3020/1446/1981 2998/1415/1981 3019/1297/1981
f 3023/1447/2388 3022/1448/2389 3021/1449/2390
f 3024/1450/2391 3021/1449/2390 3022/1448/2389
f 3022/1448/2389 3023/1447/2388 3025/1451/2392
f 3026/1452/2393 3025/1451/2392 3023/1447/2388
f 3025/1451/2392 3026/1452/2393 3027/1453/2394
f 3028/1454/2395 3027/1453/2394 3026/1452/2393
f 3027/1453/2394 3028/1454/2395 3029/1455/2396
f 3030/1456/2397 3029/1455/2396 3028/1454/2395
f 3029/1455/2396 3030/1456/2397 3031/1457/2398
f 3032/1458/2399 3031/1457/2398 3030/1456/2397
f 3031/1457/2398 3032/1458/2399 3033/1459/2400
f 3034/1460/2401 3033/1459/2400 3032/1458/2399
f 3033/1459/2400 3034/1460/2401 3035/1461/2402
f 3036/1462/2403 3035/1461/2402 3034/1460/2401
f 3035/1461/2402 3036/1462/2403 3037/1463/2404
f 3038/1464/2405 3037/1463/2404 3036/1462/2403
f 3037/1463/2404 3038/1464/2405 3039/1465/2406
f 3040/1466/2407 3039/1465/2406 3038/1464/2405
f 3039/1465/2406 3040/1466/2407 3041/1467/2408
f 3042/1468/2409 3041/1467/2408 3040/1466/2407
f 3041/1467/2408 3042/1468/2409 3043/1469/2410
f 3044/1470/2411 3043/1469/2410 3042/1468/2409
f 3043/1469/2410 3044/1470/2411 3045/1471/2412
f 3046/1472/2413 3045/1471/2412 3044/1470/2411
f 3045/1471/2412 3046/1472/2413 3047/1473/2414
f 3048/1474/2415 3047/1473/2414 3046/1472/2413
f 3047/1473/2414 3048/1474/2415 3049/1475/2416
f 3050/1476/2417 3049/1475/2416 3048/1474/2415
f 3049/1475/2416 3050/1476/2417 3051/1477/2418
f 3052/1478/2419 3051/1477/2418 3050/1476/2417
f 3051/1477/2418 3052/1478/2419 3053/1479/2420
f 3054/1480/2421 3053/1479/2420 3052/1478/2419
f 3053/1479/2420 3054/1480/2421 3055/1481/2422
f 3056/1482/2423 3055/1481/2422 3054/1480/2421
f 3055/1481/2422 3056/1482/2423 3057/1483/2424
f 3058/1484/2425 3057/1483/2424 3056/1482/2423
f 3057/1483/2424 3058/1484/2425 3059/1485/2426
f 3060/1486/2427 3059/1485/2426 3058/1484/2425
f 3059/1485/2426 3060/1486/2427 3061/1487/2428
f 3062/1488/2429 3061/1487/2428 3060/1486/2427
f 3048/1474/2415 3063/1489/2430 3050/1476/2417
f 3064/1490/2431 3050/1476/2417 3063/1489/2430
f 3050/1476/2417 3064/1490/2431 3052/1478/2419
f 3065/1491/2432 3052/1478/2419 3064/1490/2431
f 3052/1478/2419 3065/1491/2432 3054/1480/2421
f 3066/1492/2433 3054/1480/2421 3065/1491/2432
f 3054/1480/2421 3066/1492/2433 3056/1482/2423
f 3067/1493/2434 3056/1482/2423 3066/1492/2433
f 3056/1482/2423 3067/1493/2434 3058/1484/2425
f 3068/1494/2435 3058/1484/2425 3067/1493/2434
f 3058/1484/2425 3068/1494/2435 3060/1486/2427
f 3069/1495/2436 3060/1486/2427 3068/1494/2435
f 3060/1486/2427 3069/1495/2436 3062/1488/2429
f 3070/1496/2437 3062/1488/2429 3069/1495/2436
f 3062/1488/2429 3071/1497/2289 3061/1487/2428
f 3072/1498/2290 3061/1487/2428 3071/1497/2289
f 3070/1496/2437 3073/1499/2295 3062/1488/2429
f 3071/1497/2289 3062/1488/2429 3073/1499/2295
f 3021/1449/2390 3074/1500/2438 3023/1447/2388
f 3075/1501/2439 3023/1447/2388 3074/1500/2438
f 3023/1447/2388 3075/1501/2439 3026/1452/2393
f 3076/1502/2440 3026/1452/2393 3075/1501/2439
f 3026/1452/2393 3076/1502/2440 3028/1454/2395
f 3077/1503/2441 3028/1454/2395 3076/1502/2440
f 3028/1454/2395 3077/1503/2441 3030/1456/2397
f 3078/1504/2442 3030/1456/2397 3077/1503/2441
f 3030/1456/2397 3078/1504/2442 3032/1458/2399
f 3079/1505/2443 3032/1458/2399 3078/1504/2442
f 3032/1458/2399 3079/1505/2443 3034/1460/2401
f 3080/1506/2444 3034/1460/2401 3079/1505/2443
f 3034/1460/2401 3080/1506/2444 3036/1462/2403
f 3081/1507/2445 3036/1462/2403 3080/1506/2444
f 3021/1449/2390 3082/1508/2278 3074/1500/2438
f 3082/1508/2278 3021/1449/2390 3083/1509/2279
f 3024/1450/2391 3083/1509/2279 3021/1449/2390
f 3036/1462/2403 3084/1507/2445 3038/1464/2405
f 3085/1510/2446 3038/1464/2405 3084/1507/2445
f 3038/1464/2405 3085/1510/2446 3040/1466/2407
f 3086/1511/2447 3040/1466/2407 3085/1510/2446
f 3040/1466/2407 3086/1511/2447 3042/1468/2409
f 3087/1512/1981 3042/1468/2409 3086/1511/2447
f 3042/1468/2409 3087/1512/1981 3044/1470/2411
f 3088/1513/2448 3044/1470/2411 3087/1512/1981
f 3044/1470/2411 3088/1513/2448 3046/1472/2413
f 3089/1514/2449 3046/1472/2413 3088/1513/2448
f 3046/1472/2413 3089/1514/2449 3048/1474/2415
f 3090/1489/2430 3048/1474/2415 3089/1514/2449
f 3091/1515/2280 3074/1500/2438 3082/1508/2278
f 3094/1448/2004 3093/1451/2004 3092/1450/2004
f 3093/1451/2004 3095/1453/2004 3092/1450/2004
f 3095/1453/2004 3096/1455/2004 3092/1450/2004
f 3096/1455/2004 3097/1457/2004 3092/1450/2004
f 3097/1457/2004 3098/1459/2004 3092/1450/2004
f 3098/1459/2004 3099/1461/2004 3092/1450/2004
f 3099/1461/2004 3100/1463/2004 3092/1450/2004
f 3100/1463/2004 3101/1465/2004 3092/1450/2004
f 3101/1465/2004 3102/1467/2004 3092/1450/2004
f 3102/1467/2004 3103/1469/2004 3092/1450/2004
f 3103/1469/2004 3104/1471/2004 3092/1450/2004
f 3104/1471/2004 3105/1473/2004 3092/1450/2004
f 3105/1473/2004 3106/1475/2004 3092/1450/2004
f 3106/1475/2004 3107/1477/2004 3092/1450/2004
f 3107/1477/2004 3108/1479/2004 3092/1450/2004
f 3108/1479/2004 3109/1481/2004 3092/1450/2004
f 3109/1481/2004 3110/1483/2004 3092/1450/2004
f 3110/1483/2004 3111/1485/2004 3092/1450/2004
f 3111/1485/2004 3112/1487/2004 3092/1450/2004
f 3112/1487/2004 3113/1498/2004 3092/1450/2004
f 3114/1509/2004 3092/1450/2004 3113/1498/2004
f 3117/1486/2450 3116/1516/2451 3115/1488/2452
f 3118/1487/2453 3115/1488/2452 3116/1516/2451
f 3116/1516/2451 3117/1486/2450 3119/1483/2454
f 3120/1484/2455 3119/1483/2454 3117/1486/2450
f 3119/1483/2454 3120/1484/2455 3121/1517/2456
f 3122/1482/2457 3121/1517/2456 3120/1484/2455
f 3121/1517/2456 3122/1482/2457 3123/1518/2458
f 3124/1480/2459 3123/1518/2458 3122/1482/2457
f 3123/1518/2458 3124/1480/2459 3125/1519/2460
f 3126/1520/2461 3125/1519/2460 3124/1480/2459
f 3125/1519/2460 3126/1520/2461 3127/1521/2462
f 3128/1522/2463 3127/1521/2462 3126/1520/2461
f 3127/1521/2462 3128/1522/2463 3129/1523/2464
f 3130/1524/2465 3129/1523/2464 3128/1522/2463
f 3129/1523/2464 3130/1524/2465 3131/1525/2466
f 3132/1526/2467 3131/1525/2466 3130/1524/2465
f 3131/1525/2466 3132/1526/2467 3133/1527/2468
f 3134/1528/2469 3133/1527/2468 3132/1526/2467
f 3133/1527/2468 3134/1528/2469 3135/1529/2470
f 3136/1530/2471 3135/1529/2470 3134/1528/2469
f 3135/1529/2470 3136/1530/2471 3137/1531/2472
f 3138/1532/2473 3137/1531/2472 3136/1530/2471
f 3137/1531/2472 3138/1532/2473 3139/1533/2474
f 3140/1534/2475 3139/1533/2474 3138/1532/2473
f 3139/1533/2474 3140/1534/2475 3141/1535/2476
f 3142/1536/2477 3141/1535/2476 3140/1534/2475
f 3141/1535/2476 3142/1536/2477 3143/1537/2478
f 3144/1538/2479 3143/1537/2478 3142/1536/2477
f 3143/1537/2478 3144/1538/2479 3145/1539/2480
f 3146/1540/2481 3145/1539/2480 3144/1538/2479
f 3145/1539/2480 3146/1540/2481 3147/1541/2482
f 3148/1542/2483 3147/1541/2482 3146/1540/2481
f 3147/1541/2482 3148/1542/2483 3149/1543/2484
f 3150/1544/2485 3149/1543/2484 3148/1542/2483
f 3149/1543/2484 3150/1544/2485 3151/1545/2486
f 3152/1546/2487 3151/1545/2486 3150/1544/2485
f 3151/1545/2486 3152/1546/2487 3153/1547/2488
f 3154/1548/2489 3153/1547/2488 3152/1546/2487
f 3153/1547/2488 3154/1548/2489 3155/1549/2490
f 3156/1550/2491 3155/1549/2490 3154/1548/2489
f 3142/1536/2477 3157/1507/2445 3144/1538/2479
f 3158/1506/2444 3144/1538/2479 3157/1507/2445
f 3144/1538/2479 3158/1506/2444 3146/1540/2481
f 3159/1505/2443 3146/1540/2481 3158/1506/2444
f 3146/1540/2481 3159/1505/2443 3148/1542/2483
f 3160/1504/2442 3148/1542/2483 3159/1505/2443
f 3148/1542/2483 3160/1504/2442 3150/1544/2485
f 3161/1503/2441 3150/1544/2485 3160/1504/2442
f 3150/1544/2485 3161/1503/2441 3152/1546/2487
f 3162/1502/2440 3152/1546/2487 3161/1503/2441
f 3152/1546/2487 3162/1502/2440 3154/1548/2489
f 3163/1501/2439 3154/1548/2489 3162/1502/2440
f 3154/1548/2489 3163/1501/2439 3156/1550/2491
f 3164/1500/2438 3156/1550/2491 3163/1501/2439
f 3156/1550/2491 3165/1551/2492 3155/1549/2490
f 3166/1552/2493 3155/1549/2490 3165/1551/2492
f 3164/1500/2438 3167/1515/2280 3156/1550/2491
f 3165/1551/2492 3156/1550/2491 3167/1515/2280
f 3115/1488/2452 3168/1496/2437 3117/1486/2450
f 3169/1495/2436 3117/1486/2450 3168/1496/2437
f 3117/1486/2450 3169/1495/2436 3120/1484/2455
f 3170/1494/2435 3120/1484/2455 3169/1495/2436
f 3120/1484/2455 3170/1494/2435 3122/1482/2457
f 3171/1493/2434 3122/1482/2457 3170/1494/2435
f 3122/1482/2457 3171/1493/2434 3124/1480/2459
f 3172/1492/2433 3124/1480/2459 3171/1493/2434
f 3124/1480/2459 3172/1492/2433 3126/1520/2461
f 3173/1491/2432 3126/1520/2461 3172/1492/2433
f 3126/1520/2461 3173/1491/2432 3128/1522/2463
f 3174/1490/2431 3128/1522/2463 3173/1491/2432
f 3128/1522/2463 3174/1490/2431 3130/1524/2465
f 3175/1489/2430 3130/1524/2465 3174/1490/2431
f 3115/1488/2452 3176/1553/2494 3168/1496/2437
f 3176/1553/2494 3115/1488/2452 3177/1554/2495
f 3118/1487/2453 3177/1554/2495 3115/1488/2452
f 3130/1524/2465 3178/1489/2430 3132/1526/2467
f 3179/1514/2449 3132/1526/2467 3178/1489/2430
f 3132/1526/2467 3179/1514/2449 3134/1528/2469
f 3180/1513/2448 3134/1528/2469 3179/1514/2449
f 3134/1528/2469 3180/1513/2448 3136/1530/2471
f 3181/1512/1981 3136/1530/2471 3180/1513/2448
f 3136/1530/2471 3181/1512/1981 3138/1532/2473
f 3182/1511/2447 3138/1532/2473 3181/1512/1981
f 3138/1532/2473 3182/1511/2447 3140/1534/2475
f 3183/1510/2446 3140/1534/2475 3182/1511/2447
f 3140/1534/2475 3183/1510/2446 3142/1536/2477
f 3184/1507/2445 3142/1536/2477 3183/1510/2446
f 3185/1499/2295 3168/1496/2437 3176/1553/2494
f 3188/1516/1806 3187/1483/1806 3186/1487/1806
f 3187/1483/1806 3189/1517/1806 3186/1487/1806
f 3189/1517/1806 3190/1518/1806 3186/1487/1806
f 3190/1518/1806 3191/1519/1806 3186/1487/1806
f 3191/1519/1806 3192/1521/1806 3186/1487/1806
f 3192/1521/1806 3193/1523/1806 3186/1487/1806
f 3193/1523/1806 3194/1525/1806 3186/1487/1806
f 3194/1525/1806 3195/1527/1806 3186/1487/1806
f 3195/1527/1806 3196/1529/1806 3186/1487/1806
f 3196/1529/1806 3197/1531/1806 3186/1487/1806
f 3197/1531/1806 3198/1533/1806 3186/1487/1806
f 3198/1533/1806 3199/1535/1806 3186/1487/1806
f 3199/1535/1806 3200/1537/1806 3186/1487/1806
f 3200/1537/1806 3201/1539/1806 3186/1487/1806
f 3201/1539/1806 3202/1541/1806 3186/1487/1806
f 3202/1541/1806 3203/1543/1806 3186/1487/1806
f 3203/1543/1806 3204/1545/1806 3186/1487/1806
f 3204/1545/1806 3205/1547/1806 3186/1487/1806
f 3205/1547/1806 3206/1549/1806 3186/1487/1806
f 3206/1549/1806 3207/1552/1806 3186/1487/1806
f 3208/1554/1806 3186/1487/1806 3207/1552/1806
