# Blender 3.6.14
# www.blender.org
mtllib Airplane7.mtl
o Airplane7
v -0.049799 -0.000667 0.437193
v -0.046002 0.199905 0.172208
v -0.046002 0.014968 0.448140
v -0.049799 0.184270 0.161260
v -0.035191 0.213160 0.181489
v -0.035191 0.028223 0.457421
v -0.019009 0.222016 0.187690
v -0.019009 0.037079 0.463623
v -0.046002 -0.016302 0.426245
v -0.046002 0.168635 0.150312
v -0.035191 -0.029557 0.416964
v -0.035191 0.155380 0.141031
v -0.019009 -0.038413 0.410762
v -0.019010 0.146524 0.134830
v 0.000077 -0.041523 0.408585
v 0.000077 0.143414 0.132652
v 0.019164 -0.038413 0.410762
v 0.019164 0.146524 0.134830
v 0.035345 -0.029557 0.416964
v 0.035345 0.155380 0.141031
v 0.046157 -0.016302 0.426245
v 0.046157 0.168635 0.150312
v 0.049954 -0.000667 0.437193
v 0.049954 0.184270 0.161260
v 0.046157 0.014968 0.448140
v 0.046157 0.199905 0.172208
v 0.035345 0.028223 0.457421
v 0.035345 0.213160 0.181489
v 0.019164 0.037079 0.463623
v 0.019164 0.222016 0.187690
v 0.000077 0.040189 0.465800
v 0.000077 0.225126 0.189868
v -0.019009 0.037079 0.463623
v -0.019009 0.222016 0.187690
v -0.046002 0.168635 0.150312
v -0.046002 0.199905 0.172208
v -0.049799 0.184270 0.161260
v -0.035191 0.213160 0.181489
v -0.019009 0.222016 0.187690
v 0.000077 0.225126 0.189868
v 0.019164 0.222016 0.187690
v 0.035345 0.213160 0.181489
v 0.046157 0.199905 0.172208
v 0.049954 0.184270 0.161260
v 0.046157 0.168635 0.150312
v 0.035345 0.155380 0.141031
v 0.019164 0.146524 0.134830
v 0.000077 0.143414 0.132652
v -0.019010 0.146524 0.134830
v -0.035191 0.155380 0.141031
v -0.188410 0.178154 0.169976
v -0.183456 0.243738 0.208851
v -0.174062 0.237240 0.211348
v -0.198578 0.181465 0.165246
v -0.140393 0.296532 0.245817
v -0.133203 0.287330 0.246422
v -0.075945 0.331807 0.270517
v -0.072053 0.320800 0.269858
v 0.000077 0.344194 0.279190
v 0.000077 0.332553 0.278087
v -0.174062 0.119067 0.128603
v -0.183456 0.119192 0.121642
v -0.133203 0.068977 0.093529
v -0.140393 0.066399 0.084676
v -0.072054 0.035507 0.070093
v -0.075945 0.031123 0.059976
v 0.000077 0.023754 0.061864
v 0.000077 0.018736 0.051303
v 0.072208 0.035507 0.070093
v 0.076099 0.031123 0.059976
v 0.133358 0.068977 0.093529
v 0.140548 0.066398 0.084676
v 0.174217 0.119067 0.128603
v 0.183611 0.119191 0.121642
v 0.188564 0.178154 0.169976
v 0.198732 0.181465 0.165246
v 0.174217 0.237240 0.211348
v 0.183611 0.243738 0.208851
v 0.133358 0.287330 0.246422
v 0.140548 0.296532 0.245817
v 0.072208 0.320800 0.269858
v 0.076099 0.331807 0.270517
v 0.000077 0.332553 0.278087
v 0.000077 0.344194 0.279190
v 0.077679 0.340133 0.265272
v 0.000077 0.352777 0.274126
v 0.143466 0.304125 0.240059
v 0.187423 0.250236 0.202325
v 0.202859 0.186668 0.157815
v 0.187423 0.123101 0.113305
v 0.143466 0.069211 0.075571
v 0.077679 0.033204 0.050358
v 0.000077 0.020559 0.041504
v -0.077524 0.033204 0.050358
v -0.143311 0.069211 0.075571
v -0.187269 0.123101 0.113305
v -0.202704 0.186668 0.157815
v -0.187269 0.250236 0.202325
v -0.143311 0.304125 0.240059
v -0.077524 0.340133 0.265272
v 0.000077 0.352777 0.274126
v -0.187269 0.280886 0.158552
v -0.202704 0.217319 0.114042
v -0.143311 0.334776 0.196286
v -0.077524 0.370784 0.221499
v 0.000077 0.383428 0.230353
v -0.183456 0.284795 0.150215
v -0.198578 0.222522 0.106611
v -0.140393 0.337589 0.187181
v -0.075945 0.372864 0.211881
v 0.000077 0.385251 0.220555
v -0.187269 0.153752 0.069532
v -0.143311 0.099862 0.031798
v -0.077524 0.063854 0.006585
v 0.000077 0.051210 -0.002269
v 0.077679 0.063854 0.006585
v 0.143466 0.099862 0.031798
v 0.187423 0.153752 0.069532
v 0.202859 0.217319 0.114042
v 0.187423 0.280886 0.158552
v 0.143466 0.334776 0.196286
v 0.077679 0.370784 0.221499
v 0.000077 0.383428 0.230353
v 0.076099 0.372864 0.211881
v 0.000077 0.385251 0.220555
v 0.140548 0.337589 0.187181
v 0.183611 0.284795 0.150215
v 0.198732 0.222522 0.106611
v 0.183611 0.160248 0.063007
v 0.140548 0.107455 0.026041
v 0.076099 0.072180 0.001341
v 0.000077 0.059793 -0.007333
v -0.075945 0.072180 0.001341
v -0.140393 0.107455 0.026041
v -0.183456 0.160248 0.063007
v 0.174217 0.166747 0.060509
v 0.133358 0.116657 0.025435
v 0.072208 0.083187 0.002000
v 0.000077 0.071434 -0.006230
v -0.072054 0.083187 0.002000
v -0.133203 0.116657 0.025435
v -0.174062 0.166747 0.060509
v -0.188410 0.225833 0.101882
v -0.174062 0.284920 0.143254
v -0.133203 0.335010 0.178328
v -0.072053 0.368480 0.201764
v 0.000077 0.380233 0.209993
v 0.072208 0.368480 0.201764
v 0.000077 0.380233 0.209993
v 0.133358 0.335010 0.178328
v 0.174217 0.284920 0.143254
v 0.188564 0.225833 0.101882
v -0.133203 0.068977 0.093529
v 0.000077 0.023754 0.061864
v -0.072054 0.035507 0.070093
v -0.188410 0.178154 0.169976
v 0.188564 0.178154 0.169976
v 0.133358 0.068977 0.093529
v 0.072208 0.035507 0.070093
v 0.174217 0.119067 0.128603
v 0.000077 0.332553 0.278087
v 0.133358 0.287330 0.246422
v 0.174217 0.237240 0.211348
v 0.072208 0.320800 0.269858
v -0.133203 0.287330 0.246422
v -0.072053 0.320800 0.269858
v -0.174062 0.237240 0.211348
v -0.174062 0.119067 0.128603
v -0.174062 0.284920 0.143254
v -0.072053 0.368480 0.201764
v -0.133203 0.335010 0.178328
v -0.174062 0.166747 0.060509
v 0.174217 0.284920 0.143254
v 0.072208 0.368480 0.201764
v 0.000077 0.380233 0.209993
v 0.133358 0.335010 0.178328
v 0.072208 0.083187 0.002000
v 0.174217 0.166747 0.060509
v 0.188564 0.225833 0.101882
v 0.133358 0.116657 0.025435
v -0.072054 0.083187 0.002000
v 0.000077 0.071434 -0.006230
v -0.133203 0.116657 0.025435
v -0.188410 0.225833 0.101882
v 0.000000 0.363775 0.414129
v -0.089661 0.354963 0.481108
v -0.087249 0.355721 0.409193
v 0.000000 0.363764 0.481108
v -0.175581 0.328900 0.481108
v -0.171428 0.331760 0.394510
v -0.178492 0.328236 0.392350
v -0.254764 0.286576 0.481108
v -0.250574 0.293189 0.362418
v -0.306150 0.252223 0.327430
v -0.324169 0.229616 0.481108
v -0.322370 0.240702 0.313940
v -0.374492 0.187302 0.251417
v -0.381128 0.160211 0.481108
v -0.385960 0.176227 0.233344
v -0.428789 0.094937 0.233237
v -0.423453 0.081028 0.481108
v -0.455181 0.006775 0.233237
v -0.449516 -0.004892 0.481108
v -0.464092 -0.081360 0.233237
v -0.458317 -0.094245 0.481108
v -0.455181 -0.176598 0.233237
v -0.449516 -0.183598 0.481108
v -0.428788 -0.264760 0.233237
v -0.423453 -0.269517 0.481108
v -0.385930 -0.346012 0.233237
v -0.381128 -0.348701 0.481108
v -0.328253 -0.417229 0.233237
v -0.324169 -0.418106 0.481108
v -0.257972 -0.475675 0.233237
v -0.254764 -0.477417 0.481108
v -0.177790 -0.519105 0.233237
v -0.175580 -0.519741 0.481108
v -0.090787 -0.545849 0.233237
v -0.089661 -0.545804 0.481108
v 0.000000 -0.554879 0.233237
v 0.000000 -0.554605 0.481108
v -0.437183 -0.262319 -0.054769
v -0.455159 -0.173612 -0.054769
v -0.464245 -0.081360 -0.054769
v -0.459035 0.010893 -0.054769
v -0.181267 -0.518235 -0.054769
v -0.263020 -0.474537 -0.054769
v -0.092560 -0.545144 -0.054769
v 0.000000 -0.554230 -0.054769
v -0.442371 -0.081360 -0.290283
v -0.441839 0.009120 -0.290283
v -0.445493 0.065638 -0.104425
v -0.446028 0.070443 -0.054769
v -0.439862 0.073481 -0.185480
v -0.429641 0.096667 -0.264033
v -0.428789 0.096123 -0.290283
v -0.421411 0.109927 -0.290283
v -0.433460 -0.171839 -0.290283
v -0.415999 -0.258842 -0.290283
v -0.374967 -0.339024 -0.290283
v -0.393485 -0.344072 -0.054769
v -0.334678 -0.415729 -0.054769
v -0.317290 -0.409305 -0.290283
v -0.247216 -0.466982 -0.290283
v -0.168629 -0.509840 -0.290283
v -0.083438 -0.536232 -0.290283
v 0.000000 -0.545144 -0.290283
v -0.287155 -0.390277 -0.475226
v -0.338311 -0.324074 -0.475226
v -0.371542 -0.248544 -0.475226
v -0.392005 -0.166590 -0.475226
v -0.398915 -0.081360 -0.475226
v -0.392005 0.003870 -0.475226
v -0.381646 0.085825 -0.475226
v -0.399864 0.135071 -0.339657
v -0.374557 0.168705 -0.384299
v -0.356178 0.161355 -0.475226
v -0.354672 0.187301 -0.408982
v -0.311841 0.230173 -0.449809
v -0.309226 0.227557 -0.475226
v -0.280181 0.252222 -0.470808
v -0.271423 0.258582 -0.475226
v -0.230048 0.217320 -0.632467
v -0.181090 0.266217 -0.632467
v -0.240869 0.278665 -0.489177
v -0.163501 0.312622 -0.512766
v -0.124434 0.302550 -0.632467
v -0.271438 0.157739 -0.632467
v -0.294651 0.089764 -0.632467
v -0.304728 0.016007 -0.632467
v -0.310659 -0.060698 -0.632467
v -0.304728 -0.137403 -0.632467
v -0.287163 -0.211161 -0.632467
v -0.258638 -0.279136 -0.632467
v -0.220250 -0.338716 -0.632467
v -0.173474 -0.387613 -0.632467
v -0.225574 -0.444608 -0.475226
v -0.154684 -0.484980 -0.475226
v -0.080019 -0.509840 -0.475226
v 0.000000 -0.518234 -0.475226
v -0.111849 -0.423946 -0.632467
v -0.055611 -0.446321 -0.632467
v 0.000000 -0.453875 -0.632467
v -0.132024 -0.289110 -0.757953
v -0.169303 -0.247527 -0.757953
v -0.083548 -0.320009 -0.757953
v -0.040400 -0.339037 -0.757953
v 0.000000 -0.345461 -0.757953
v -0.094024 -0.162835 -0.877644
v -0.121462 -0.133981 -0.877644
v -0.199898 -0.196858 -0.757953
v -0.222632 -0.139050 -0.757953
v -0.236632 -0.076324 -0.757953
v -0.241359 -0.011092 -0.757953
v -0.236632 0.054140 -0.757953
v -0.222632 0.116866 -0.757953
v -0.202004 0.174674 -0.757953
v -0.171409 0.225343 -0.757953
v -0.131152 0.266926 -0.757953
v -0.090373 0.297825 -0.757953
v -0.062203 0.324924 -0.632467
v -0.043044 0.316853 -0.757953
v 0.000000 0.332479 -0.632467
v 0.000000 0.340385 -0.529668
v -0.082780 0.333251 -0.526112
v 0.000000 0.323278 -0.757953
v -0.028755 0.308043 -0.877644
v 0.000000 0.312735 -0.877644
v -0.062721 0.293072 -0.877644
v -0.094024 0.268761 -0.877644
v -0.121462 0.236044 -0.877644
v -0.143979 0.196179 -0.877644
v -0.000000 0.301186 -0.985658
v 0.000000 0.304185 -0.985572
v -0.050756 0.290410 -0.985572
v -0.076161 0.269698 -0.985572
v -0.094676 0.241739 -0.985572
v -0.110331 0.208867 -0.985572
v -0.120599 0.172137 -0.985572
v -0.160711 0.150697 -0.877644
v -0.171015 0.101346 -0.877644
v -0.174494 0.050022 -0.877644
v -0.171015 -0.001301 -0.877644
v -0.160711 -0.050652 -0.877644
v -0.143979 -0.096134 -0.877644
v -0.128595 0.129094 -0.985572
v -0.131295 0.086287 -0.985572
v -0.128595 0.047606 -0.985572
v -0.120599 0.007304 -0.985572
v -0.107615 -0.023945 -0.985572
v -0.090141 -0.048594 -0.985572
v -0.068849 -0.068332 -0.985572
v -0.040300 -0.082294 -0.985572
v -0.057285 -0.183270 -0.877644
v -0.026070 -0.196184 -0.877644
v 0.000000 -0.200876 -0.877644
v -0.000000 -0.089837 -0.985572
v 0.000000 -0.093314 -0.985572
v 0.000000 -0.093314 -0.985572
v -0.020771 0.164763 -1.357038
v -0.022921 0.178816 -1.371575
v -0.024949 0.193430 -1.384629
v -0.026453 0.208044 -1.396212
v -0.027177 0.223075 -1.404399
v -0.027134 0.238356 -1.410426
v -0.027634 0.255780 -1.416445
v -0.026016 0.276431 -1.420184
v -0.021811 0.290410 -1.421705
v 0.000000 0.300708 -1.421771
v -0.410299 0.135072 0.166185
v -0.433243 0.097968 0.076608
v -0.433680 0.096817 0.073831
v -0.443870 0.073481 -0.023369
v -0.101700 0.328234 -0.523612
v 0.000000 0.340385 -0.529668
v -0.089555 0.327278 -0.515469
v -0.082780 0.333251 -0.526112
v 0.000000 0.336649 -0.520137
v -0.101700 0.328234 -0.523612
v -0.161450 0.313962 -0.503893
v -0.101700 0.328234 -0.523612
v -0.163501 0.312622 -0.512766
v -0.235876 0.281395 -0.481505
v -0.240869 0.278665 -0.489177
v -0.268031 0.257864 -0.466991
v -0.271423 0.258582 -0.475226
v -0.280181 0.252222 -0.470808
v -0.303053 0.234800 -0.445225
v -0.311841 0.230173 -0.449809
v -0.344676 0.191691 -0.404946
v -0.354672 0.187301 -0.408982
v -0.364001 0.173146 -0.381368
v -0.374557 0.168705 -0.384299
v -0.388594 0.139998 -0.337017
v -0.399864 0.135071 -0.339657
v -0.409533 0.114844 -0.288445
v -0.421411 0.109927 -0.290283
v -0.417531 0.101973 -0.262180
v -0.429641 0.096667 -0.264033
v -0.427464 0.078957 -0.184474
v -0.439862 0.073481 -0.185480
v -0.432936 0.071361 -0.104915
v -0.445493 0.065638 -0.104425
v -0.433456 0.075585 -0.055562
v -0.446028 0.070443 -0.054769
v -0.431359 0.079212 -0.024844
v -0.443870 0.073481 -0.023369
v -0.421244 0.103161 0.071146
v -0.433680 0.096817 0.073831
v -0.433243 0.097968 0.076608
v -0.398735 0.141241 0.161707
v -0.410299 0.135072 0.166185
v -0.369510 0.185138 0.234518
v -0.385960 0.176227 0.233344
v -0.374492 0.187302 0.251417
v -0.305404 0.250187 0.312799
v -0.322370 0.240702 0.313940
v -0.306150 0.252223 0.327430
v -0.243515 0.296493 0.353803
v -0.250574 0.293189 0.362418
v -0.170627 0.333409 0.381120
v -0.178492 0.328236 0.392350
v -0.171428 0.331760 0.394510
v -0.084797 0.351552 0.397028
v -0.087249 0.355721 0.409193
v 0.000000 0.359379 0.399806
v 0.000000 0.363775 0.414129
v 0.000000 0.336649 -0.520137
v -0.089555 -0.140049 -0.515469
v -0.089555 0.327278 -0.515469
v 0.000000 -0.140049 -0.520137
v -0.161450 -0.140049 -0.503894
v -0.161450 0.313962 -0.503893
v -0.235876 -0.140049 -0.481505
v -0.235876 0.281395 -0.481505
v -0.268031 -0.140049 -0.466991
v -0.268031 0.257864 -0.466991
v -0.303053 -0.140049 -0.445225
v -0.303053 0.234800 -0.445225
v -0.344676 -0.140049 -0.404946
v -0.344676 0.191691 -0.404946
v -0.364000 -0.140049 -0.381368
v -0.364001 0.173146 -0.381368
v -0.388594 -0.140049 -0.337017
v -0.388594 0.139998 -0.337017
v -0.409533 -0.140049 -0.288445
v -0.409533 0.114844 -0.288445
v -0.417531 -0.140049 -0.262180
v -0.417531 0.101973 -0.262180
v -0.427464 -0.140049 -0.184474
v -0.427464 0.078957 -0.184474
v -0.432936 -0.140049 -0.104915
v -0.432936 0.071361 -0.104915
v -0.433456 -0.140049 -0.055562
v -0.433456 0.075585 -0.055562
v -0.431359 -0.140049 -0.024844
v -0.431359 0.079212 -0.024844
v -0.421244 -0.140049 0.071146
v -0.421244 0.103161 0.071146
v -0.398735 -0.140049 0.161707
v -0.398735 0.141241 0.161707
v -0.369510 -0.140049 0.234518
v -0.369510 0.185138 0.234518
v -0.305404 -0.140049 0.312799
v -0.305404 0.250187 0.312799
v -0.243515 -0.140049 0.353804
v -0.243515 0.296493 0.353803
v -0.170627 -0.140049 0.381120
v -0.170627 0.333409 0.381120
v -0.084797 -0.140049 0.397028
v -0.084797 0.351552 0.397028
v 0.000000 -0.140049 0.399806
v 0.000000 0.359379 0.399806
v -0.161450 -0.140049 -0.503894
v -0.268031 -0.140049 -0.466991
v -0.235876 -0.140049 -0.481505
v -0.344676 -0.140049 -0.404946
v -0.303053 -0.140049 -0.445225
v 0.000000 -0.140049 0.399806
v -0.431359 -0.140049 -0.024844
v -0.417531 -0.140049 -0.262180
v -0.388594 -0.140049 -0.337017
v -0.364000 -0.140049 -0.381368
v -0.409533 -0.140049 -0.288445
v -0.432936 -0.140049 -0.104915
v -0.427464 -0.140049 -0.184474
v -0.433456 -0.140049 -0.055562
v -0.305404 -0.140049 0.312799
v -0.398735 -0.140049 0.161707
v -0.421244 -0.140049 0.071146
v -0.369510 -0.140049 0.234518
v -0.170627 -0.140049 0.381120
v -0.243515 -0.140049 0.353804
v -0.084797 -0.140049 0.397028
v 0.000000 -0.140049 -0.520137
v -0.089555 -0.140049 -0.515469
v 0.000000 0.363764 0.481108
v -0.093984 0.376719 0.522237
v -0.089661 0.354963 0.481108
v 0.000000 0.385945 0.522237
v -0.184059 0.349395 0.522237
v -0.175581 0.328900 0.481108
v -0.267074 0.305023 0.522237
v -0.254764 0.286576 0.481108
v -0.339836 0.245308 0.522237
v -0.324169 0.229616 0.481108
v -0.399551 0.172545 0.522237
v -0.381128 0.160211 0.481108
v -0.443923 0.089531 0.522237
v -0.423453 0.081028 0.481108
v -0.471247 -0.000544 0.522237
v -0.449516 -0.004892 0.481108
v -0.480473 -0.094220 0.522237
v -0.458317 -0.094245 0.481108
v -0.471247 -0.187896 0.522237
v -0.449516 -0.183598 0.481108
v -0.443922 -0.277971 0.522237
v -0.423453 -0.269517 0.481108
v -0.399550 -0.360985 0.522237
v -0.381128 -0.348701 0.481108
v -0.339836 -0.433748 0.522237
v -0.324169 -0.418106 0.481108
v -0.267073 -0.495928 0.522237
v -0.254764 -0.477417 0.481108
v -0.184059 -0.540300 0.522237
v -0.175580 -0.519741 0.481108
v -0.093983 -0.567624 0.522237
v -0.089661 -0.545804 0.481108
v 0.000000 -0.576850 0.522237
v 0.000000 -0.554605 0.481108
v 0.000000 0.385945 0.522237
v -0.093984 0.376719 0.781001
v -0.093984 0.376719 0.522237
v 0.000000 0.385945 0.781001
v -0.184059 0.349395 0.781001
v -0.184059 0.349395 0.522237
v -0.267074 0.305023 0.781001
v -0.267074 0.305023 0.522237
v -0.339836 0.245308 0.781001
v -0.339836 0.245308 0.522237
v -0.399551 0.172545 0.781001
v -0.399551 0.172545 0.522237
v -0.443923 0.089531 0.781001
v -0.443923 0.089531 0.522237
v -0.471247 -0.000544 0.781001
v -0.471247 -0.000544 0.522237
v -0.480473 -0.094220 0.781001
v -0.480473 -0.094220 0.522237
v -0.471247 -0.187896 0.781001
v -0.471247 -0.187896 0.522237
v -0.443922 -0.277971 0.781001
v -0.443922 -0.277971 0.522237
v -0.399550 -0.360985 0.781001
v -0.399550 -0.360985 0.522237
v -0.339836 -0.433748 0.781001
v -0.339836 -0.433748 0.522237
v -0.267073 -0.495928 0.781001
v -0.267073 -0.495928 0.522237
v -0.184059 -0.540300 0.781001
v -0.184059 -0.540300 0.522237
v -0.093983 -0.567624 0.781001
v -0.093983 -0.567624 0.522237
v 0.000000 -0.576850 0.781001
v 0.000000 -0.576850 0.522237
v -0.148038 0.262431 0.930264
v -0.273277 0.178749 0.930264
v -0.214778 0.226758 0.930264
v 0.000000 0.291817 0.930264
v -0.386344 -0.094220 0.930264
v -0.356959 0.053510 0.930264
v -0.321285 0.120250 0.930264
v -0.378927 -0.018908 0.930264
v 0.000000 -0.482721 0.930264
v -0.272617 -0.367855 0.930264
v -0.356959 -0.241950 0.930264
v -0.378927 -0.169532 0.930264
v -0.321285 -0.308690 0.930264
v -0.148037 -0.453336 0.930264
v -0.214001 -0.418187 0.930264
v -0.075620 -0.475303 0.930264
v -0.075620 0.284399 0.930264
v -0.083654 0.324789 0.920935
v 0.000000 0.332998 0.920935
v -0.089393 0.353639 0.892949
v 0.000000 0.362413 0.892948
v -0.092836 0.370949 0.846304
v 0.000000 0.380062 0.846304
v -0.093984 0.376719 0.781001
v 0.000000 0.385945 0.781001
v -0.184059 0.349395 0.781001
v -0.181808 0.343959 0.846304
v -0.267074 0.305023 0.781001
v -0.263805 0.300131 0.846304
v -0.339836 0.245308 0.781001
v -0.335676 0.241148 0.846304
v -0.399551 0.172545 0.781001
v -0.394659 0.169277 0.846304
v -0.443923 0.089531 0.781001
v -0.438487 0.087280 0.846304
v -0.471247 -0.000544 0.781001
v -0.465477 -0.001692 0.846304
v -0.480473 -0.094220 0.781001
v -0.474590 -0.094220 0.846304
v -0.471247 -0.187896 0.781001
v -0.465477 -0.186748 0.846304
v -0.443922 -0.277971 0.781001
v -0.438487 -0.275720 0.846304
v -0.399550 -0.360985 0.781001
v -0.394659 -0.357717 0.846304
v -0.339836 -0.433748 0.781001
v -0.335634 -0.429630 0.846304
v -0.267073 -0.495928 0.781001
v -0.263756 -0.491069 0.846304
v -0.184059 -0.540300 0.781001
v -0.181807 -0.534864 0.846304
v -0.093983 -0.567624 0.781001
v -0.092835 -0.561854 0.846304
v 0.000000 -0.576850 0.781001
v 0.000000 -0.570967 0.846304
v -0.448167 -0.183305 0.892949
v -0.456941 -0.094220 0.892949
v -0.427525 -0.094220 0.920936
v -0.419317 -0.010874 0.920936
v -0.448167 -0.005135 0.892949
v -0.395006 0.069269 0.920936
v -0.422182 0.080526 0.892949
v -0.355526 0.143129 0.920935
v -0.379984 0.159472 0.892949
v -0.302396 0.207869 0.920935
v -0.323196 0.228668 0.892949
v -0.237658 0.260999 0.920935
v -0.254000 0.285456 0.892949
v -0.163797 0.300478 0.920935
v -0.175054 0.327654 0.892949
v -0.419317 -0.177566 0.920936
v -0.422181 -0.268966 0.892949
v -0.395005 -0.257709 0.920936
v -0.379984 -0.347912 0.892948
v -0.355526 -0.331569 0.920935
v -0.323031 -0.417275 0.892949
v -0.302025 -0.396683 0.920935
v -0.253805 -0.476492 0.892948
v -0.237220 -0.452198 0.920935
v -0.175053 -0.518559 0.892948
v -0.163797 -0.491382 0.920935
v -0.089392 -0.544544 0.892948
v -0.083654 -0.515693 0.920935
v 0.000000 -0.553318 0.892948
v 0.000000 -0.523902 0.920935
v -0.017983 0.151813 -1.339906
v -0.015446 0.140461 -1.325010
v -0.012246 0.131145 -1.312350
v -0.009503 0.124223 -1.302666
v -0.005846 0.119960 -1.296162
v 0.000000 0.118521 -1.294060
v 0.026070 -0.196184 -0.877644
v 0.000000 -0.089837 -0.985572
v 0.057285 -0.183270 -0.877644
v 0.083548 -0.320009 -0.757953
v 0.132024 -0.289110 -0.757953
v 0.173474 -0.387613 -0.632467
v 0.220250 -0.338716 -0.632467
v 0.287155 -0.390277 -0.475226
v 0.338311 -0.324074 -0.475226
v 0.374967 -0.339024 -0.290283
v 0.415999 -0.258842 -0.290283
v 0.437183 -0.262319 -0.054769
v 0.455159 -0.173612 -0.054769
v 0.455181 -0.176598 0.233237
v 0.464092 -0.081360 0.233237
v 0.458317 -0.094245 0.481108
v 0.449516 -0.004892 0.481108
v 0.455181 0.006775 0.233237
v 0.423453 0.081027 0.481108
v 0.428789 0.094937 0.233237
v 0.381128 0.160211 0.481108
v 0.385960 0.176227 0.233344
v 0.374492 0.187302 0.251417
v 0.324169 0.229616 0.481108
v 0.322370 0.240702 0.313940
v 0.306150 0.252223 0.327430
v 0.254764 0.286575 0.481108
v 0.250574 0.293189 0.362418
v 0.178492 0.328236 0.392350
v 0.175581 0.328900 0.481108
v 0.171428 0.331760 0.394510
v 0.087249 0.355721 0.409193
v 0.089661 0.354963 0.481108
v 0.000000 0.363775 0.414129
v 0.000000 0.363764 0.481108
v 0.410299 0.135072 0.166185
v 0.433243 0.097968 0.076608
v 0.433680 0.096817 0.073831
v 0.443870 0.073481 -0.023369
v 0.459035 0.010893 -0.054769
v 0.464245 -0.081360 -0.054769
v 0.442371 -0.081360 -0.290283
v 0.441839 0.009120 -0.290283
v 0.445493 0.065638 -0.104425
v 0.446028 0.070443 -0.054769
v 0.439862 0.073481 -0.185480
v 0.429641 0.096667 -0.264033
v 0.428789 0.096123 -0.290283
v 0.421411 0.109927 -0.290283
v 0.433460 -0.171839 -0.290283
v 0.381646 0.085825 -0.475226
v 0.399864 0.135071 -0.339657
v 0.374557 0.168705 -0.384299
v 0.356178 0.161355 -0.475226
v 0.354672 0.187301 -0.408982
v 0.311841 0.230173 -0.449809
v 0.309226 0.227558 -0.475226
v 0.280181 0.252222 -0.470808
v 0.271423 0.258582 -0.475226
v 0.392005 0.003871 -0.475226
v 0.398915 -0.081360 -0.475226
v 0.392005 -0.166590 -0.475226
v 0.371542 -0.248544 -0.475226
v 0.230048 0.217320 -0.632467
v 0.181090 0.266217 -0.632467
v 0.240869 0.278665 -0.489177
v 0.163501 0.312622 -0.512766
v 0.124434 0.302550 -0.632467
v 0.310659 -0.060698 -0.632467
v 0.304728 0.016007 -0.632467
v 0.294651 0.089764 -0.632467
v 0.271438 0.157739 -0.632467
v 0.131152 0.266926 -0.757953
v 0.090373 0.297825 -0.757953
v 0.062203 0.324924 -0.632467
v 0.043044 0.316853 -0.757953
v 0.000000 0.332479 -0.632467
v 0.000000 0.340385 -0.529668
v 0.082780 0.333251 -0.526112
v 0.000000 0.323278 -0.757953
v 0.222632 0.116866 -0.757953
v 0.202004 0.174674 -0.757953
v 0.171409 0.225343 -0.757953
v 0.028755 0.308043 -0.877644
v 0.000000 0.312735 -0.877644
v 0.062721 0.293072 -0.877644
v 0.094024 0.268761 -0.877644
v 0.121462 0.236045 -0.877644
v 0.143979 0.196179 -0.877644
v 0.160711 0.150697 -0.877644
v 0.171015 0.101346 -0.877644
v 0.236632 0.054140 -0.757953
v 0.241359 -0.011092 -0.757953
v 0.236632 -0.076324 -0.757953
v 0.304728 -0.137403 -0.632467
v 0.287163 -0.211161 -0.632467
v 0.258638 -0.279136 -0.632467
v 0.222632 -0.139050 -0.757953
v 0.199898 -0.196858 -0.757953
v 0.169303 -0.247527 -0.757953
v 0.171015 -0.001301 -0.877644
v 0.174494 0.050023 -0.877644
v 0.160711 -0.050652 -0.877644
v 0.143979 -0.096134 -0.877644
v 0.121462 -0.133981 -0.877644
v 0.094024 -0.162835 -0.877644
v 0.128595 0.047607 -0.985572
v 0.131295 0.086287 -0.985572
v 0.128595 0.129094 -0.985572
v 0.120599 0.172137 -0.985572
v 0.110331 0.208867 -0.985572
v 0.094676 0.241739 -0.985572
v 0.076161 0.269698 -0.985572
v 0.050756 0.290410 -0.985572
v 0.000000 0.301186 -0.985658
v 0.021811 0.290410 -1.421705
v 0.026016 0.276431 -1.420184
v 0.027634 0.255780 -1.416445
v 0.027134 0.238356 -1.410426
v 0.027177 0.223075 -1.404399
v 0.000000 0.300708 -1.421771
v 0.026453 0.208045 -1.396212
v 0.024949 0.193430 -1.384629
v 0.022921 0.178816 -1.371575
v 0.120599 0.007304 -0.985572
v 0.107615 -0.023945 -0.985572
v 0.090141 -0.048594 -0.985572
v 0.068849 -0.068332 -0.985572
v 0.040300 -0.082294 -0.985572
v 0.020771 0.164764 -1.357038
v 0.017983 0.151813 -1.339906
v 0.015446 0.140461 -1.325010
v 0.012246 0.131145 -1.312350
v 0.009503 0.124223 -1.302666
v 0.005846 0.119960 -1.296162
v 0.000000 0.118521 -1.294060
v 0.000000 -0.200876 -0.877644
v 0.040400 -0.339037 -0.757953
v 0.111849 -0.423946 -0.632467
v 0.225574 -0.444608 -0.475226
v 0.317290 -0.409304 -0.290283
v 0.393485 -0.344072 -0.054769
v 0.428788 -0.264760 0.233237
v 0.449516 -0.183598 0.481108
v 0.423453 -0.269517 0.481108
v 0.385930 -0.346012 0.233237
v 0.381128 -0.348701 0.481108
v 0.328253 -0.417229 0.233237
v 0.324169 -0.418106 0.481108
v 0.257972 -0.475675 0.233237
v 0.254764 -0.477417 0.481108
v 0.177790 -0.519105 0.233237
v 0.175580 -0.519741 0.481108
v 0.090787 -0.545849 0.233237
v 0.089661 -0.545804 0.481108
v 0.000000 -0.554879 0.233237
v 0.000000 -0.554605 0.481108
v 0.334678 -0.415729 -0.054769
v 0.263020 -0.474537 -0.054769
v 0.181267 -0.518235 -0.054769
v 0.092560 -0.545144 -0.054769
v 0.000000 -0.554230 -0.054769
v 0.247216 -0.466982 -0.290283
v 0.168629 -0.509840 -0.290283
v 0.083438 -0.536232 -0.290283
v 0.000000 -0.545144 -0.290283
v 0.154684 -0.484979 -0.475226
v 0.080019 -0.509840 -0.475226
v 0.000000 -0.518234 -0.475226
v 0.055611 -0.446320 -0.632467
v 0.000000 -0.453875 -0.632467
v 0.000000 -0.345461 -0.757953
v -0.026016 0.276431 -1.420184
v 0.000000 0.290410 -1.425532
v -0.021811 0.290410 -1.421705
v 0.000000 0.276431 -1.425204
v -0.027634 0.255780 -1.416445
v 0.000000 0.255780 -1.421929
v -0.027134 0.238356 -1.410426
v 0.000000 0.238356 -1.416914
v -0.027177 0.223075 -1.404399
v 0.000000 0.223075 -1.411221
v -0.026453 0.208044 -1.396212
v 0.000000 0.207927 -1.403303
v -0.024949 0.193430 -1.384629
v 0.000000 0.192766 -1.392604
v -0.022921 0.178816 -1.371575
v 0.000000 0.177256 -1.378541
v -0.020771 0.164763 -1.357038
v 0.000000 0.162323 -1.363083
v -0.017983 0.151813 -1.339906
v 0.000000 0.148522 -1.346083
v -0.015446 0.140461 -1.325010
v 0.000000 0.137574 -1.329896
v -0.012246 0.131145 -1.312350
v 0.000000 0.128861 -1.316090
v -0.009503 0.124223 -1.302666
v 0.000000 0.122175 -1.304766
v -0.005846 0.119960 -1.296162
v 0.000000 0.118521 -1.294060
v 0.000000 0.300708 -1.421771
v 0.000000 0.300708 -1.421771
v 0.000000 0.304185 -0.985572
v -0.000000 0.301186 -0.985658
v 0.101700 0.328234 -0.523612
v 0.000000 0.340385 -0.529668
v 0.089555 0.327278 -0.515469
v 0.000000 0.336649 -0.520137
v 0.082780 0.333251 -0.526112
v 0.101700 0.328234 -0.523612
v 0.101700 0.328234 -0.523612
v 0.161450 0.313962 -0.503893
v 0.163501 0.312622 -0.512766
v 0.235876 0.281395 -0.481504
v 0.240869 0.278665 -0.489177
v 0.268031 0.257864 -0.466991
v 0.271423 0.258582 -0.475226
v 0.280181 0.252222 -0.470808
v 0.303053 0.234800 -0.445225
v 0.311841 0.230173 -0.449809
v 0.344676 0.191691 -0.404946
v 0.354672 0.187301 -0.408982
v 0.364001 0.173146 -0.381368
v 0.374557 0.168705 -0.384299
v 0.388594 0.139998 -0.337017
v 0.399864 0.135071 -0.339657
v 0.409533 0.114844 -0.288445
v 0.421411 0.109927 -0.290283
v 0.417531 0.101973 -0.262180
v 0.429641 0.096667 -0.264033
v 0.427464 0.078957 -0.184474
v 0.439862 0.073481 -0.185480
v 0.432936 0.071361 -0.104915
v 0.445493 0.065638 -0.104425
v 0.433456 0.075585 -0.055562
v 0.446028 0.070443 -0.054769
v 0.431359 0.079212 -0.024844
v 0.443870 0.073481 -0.023369
v 0.421244 0.103161 0.071146
v 0.433680 0.096817 0.073831
v 0.433243 0.097968 0.076608
v 0.398735 0.141241 0.161707
v 0.410299 0.135072 0.166185
v 0.369510 0.185138 0.234518
v 0.385960 0.176227 0.233344
v 0.374492 0.187302 0.251417
v 0.305404 0.250187 0.312799
v 0.322370 0.240702 0.313940
v 0.306150 0.252223 0.327430
v 0.243515 0.296493 0.353804
v 0.250574 0.293189 0.362418
v 0.170627 0.333409 0.381120
v 0.178492 0.328236 0.392350
v 0.171428 0.331760 0.394510
v 0.084797 0.351552 0.397028
v 0.087249 0.355721 0.409193
v 0.000000 0.359379 0.399806
v 0.000000 0.363775 0.414129
v 0.000000 0.336649 -0.520137
v 0.089555 -0.140049 -0.515469
v 0.000000 -0.140049 -0.520137
v 0.089555 0.327278 -0.515469
v 0.161450 -0.140049 -0.503894
v 0.161450 0.313962 -0.503893
v 0.235876 -0.140049 -0.481505
v 0.235876 0.281395 -0.481504
v 0.268031 -0.140049 -0.466991
v 0.268031 0.257864 -0.466991
v 0.303053 -0.140049 -0.445225
v 0.303053 0.234800 -0.445225
v 0.344676 -0.140049 -0.404946
v 0.344676 0.191691 -0.404946
v 0.364000 -0.140049 -0.381368
v 0.364001 0.173146 -0.381368
v 0.388594 -0.140049 -0.337017
v 0.388594 0.139998 -0.337017
v 0.409533 -0.140049 -0.288445
v 0.409533 0.114844 -0.288445
v 0.417531 -0.140049 -0.262180
v 0.417531 0.101973 -0.262180
v 0.427464 -0.140049 -0.184474
v 0.427464 0.078957 -0.184474
v 0.432936 -0.140049 -0.104915
v 0.432936 0.071361 -0.104915
v 0.433456 -0.140049 -0.055562
v 0.433456 0.075585 -0.055562
v 0.431359 -0.140049 -0.024844
v 0.431359 0.079212 -0.024844
v 0.421244 -0.140049 0.071146
v 0.421244 0.103161 0.071146
v 0.398735 -0.140049 0.161707
v 0.398735 0.141241 0.161707
v 0.369510 -0.140049 0.234518
v 0.369510 0.185138 0.234518
v 0.305404 -0.140049 0.312799
v 0.305404 0.250187 0.312799
v 0.243515 -0.140049 0.353804
v 0.243515 0.296493 0.353804
v 0.170627 -0.140049 0.381120
v 0.170627 0.333409 0.381120
v 0.084797 -0.140049 0.397028
v 0.084797 0.351552 0.397028
v 0.000000 -0.140049 0.399806
v 0.000000 0.359379 0.399806
v 0.000000 -0.140049 0.399806
v 0.170627 -0.140049 0.381120
v 0.084797 -0.140049 0.397028
v 0.305404 -0.140049 0.312799
v 0.243515 -0.140049 0.353804
v 0.431359 -0.140049 -0.024844
v 0.398735 -0.140049 0.161707
v 0.369510 -0.140049 0.234518
v 0.421244 -0.140049 0.071146
v 0.344676 -0.140049 -0.404946
v 0.417531 -0.140049 -0.262180
v 0.432936 -0.140049 -0.104915
v 0.433456 -0.140049 -0.055562
v 0.427464 -0.140049 -0.184474
v 0.388594 -0.140049 -0.337017
v 0.409533 -0.140049 -0.288445
v 0.364000 -0.140049 -0.381368
v 0.268031 -0.140049 -0.466991
v 0.303053 -0.140049 -0.445225
v 0.161450 -0.140049 -0.503894
v 0.235876 -0.140049 -0.481505
v 0.000000 -0.140049 -0.520137
v 0.089555 -0.140049 -0.515469
v 0.000000 0.363764 0.481108
v 0.093984 0.376719 0.522237
v 0.000000 0.385945 0.522237
v 0.089661 0.354963 0.481108
v 0.184059 0.349395 0.522237
v 0.175581 0.328900 0.481108
v 0.267074 0.305023 0.522237
v 0.254764 0.286575 0.481108
v 0.339836 0.245308 0.522237
v 0.324169 0.229616 0.481108
v 0.399551 0.172545 0.522237
v 0.381128 0.160211 0.481108
v 0.443923 0.089531 0.522237
v 0.423453 0.081027 0.481108
v 0.471247 -0.000544 0.522237
v 0.449516 -0.004892 0.481108
v 0.480473 -0.094220 0.522237
v 0.458317 -0.094245 0.481108
v 0.471247 -0.187896 0.522237
v 0.449516 -0.183598 0.481108
v 0.443922 -0.277971 0.522237
v 0.423453 -0.269517 0.481108
v 0.399550 -0.360985 0.522237
v 0.381128 -0.348701 0.481108
v 0.339836 -0.433748 0.522237
v 0.324169 -0.418106 0.481108
v 0.267073 -0.495928 0.522237
v 0.254764 -0.477417 0.481108
v 0.184059 -0.540300 0.522237
v 0.175580 -0.519741 0.481108
v 0.093983 -0.567624 0.522237
v 0.089661 -0.545804 0.481108
v 0.000000 -0.576850 0.522237
v 0.000000 -0.554605 0.481108
v 0.000000 0.385945 0.522237
v 0.093984 0.376719 0.781001
v 0.000000 0.385945 0.781001
v 0.093984 0.376719 0.522237
v 0.184059 0.349395 0.781001
v 0.184059 0.349395 0.522237
v 0.267074 0.305023 0.781001
v 0.267074 0.305023 0.522237
v 0.339836 0.245308 0.781001
v 0.339836 0.245308 0.522237
v 0.399551 0.172545 0.781001
v 0.399551 0.172545 0.522237
v 0.443923 0.089531 0.781001
v 0.443923 0.089531 0.522237
v 0.471247 -0.000545 0.781001
v 0.471247 -0.000544 0.522237
v 0.480473 -0.094220 0.781001
v 0.480473 -0.094220 0.522237
v 0.471247 -0.187896 0.781001
v 0.471247 -0.187896 0.522237
v 0.443922 -0.277971 0.781001
v 0.443922 -0.277971 0.522237
v 0.399550 -0.360985 0.781001
v 0.399550 -0.360985 0.522237
v 0.339836 -0.433748 0.781001
v 0.339836 -0.433748 0.522237
v 0.267073 -0.495928 0.781001
v 0.267073 -0.495928 0.522237
v 0.184059 -0.540300 0.781001
v 0.184059 -0.540300 0.522237
v 0.093983 -0.567624 0.781001
v 0.093983 -0.567624 0.522237
v 0.000000 -0.576850 0.781001
v 0.000000 -0.576850 0.522237
v 0.000000 -0.482721 0.930264
v 0.148037 -0.453336 0.930264
v 0.075620 -0.475304 0.930264
v 0.272617 -0.367855 0.930264
v 0.214001 -0.418187 0.930264
v 0.386344 -0.094220 0.930264
v 0.356959 -0.241950 0.930264
v 0.321285 -0.308690 0.930264
v 0.378927 -0.169532 0.930264
v 0.000000 0.291817 0.930264
v 0.273277 0.178749 0.930264
v 0.356959 0.053510 0.930264
v 0.378927 -0.018908 0.930264
v 0.321285 0.120250 0.930264
v 0.148038 0.262431 0.930264
v 0.214778 0.226757 0.930264
v 0.075620 0.284398 0.930264
v 0.083654 0.324789 0.920936
v 0.000000 0.332998 0.920935
v 0.089393 0.353639 0.892949
v 0.000000 0.362413 0.892948
v 0.092836 0.370949 0.846304
v 0.000000 0.380062 0.846304
v 0.093984 0.376719 0.781001
v 0.000000 0.385945 0.781001
v 0.184059 0.349395 0.781001
v 0.181808 0.343959 0.846304
v 0.267074 0.305023 0.781001
v 0.263805 0.300131 0.846304
v 0.339836 0.245308 0.781001
v 0.335676 0.241148 0.846304
v 0.399551 0.172545 0.781001
v 0.394659 0.169277 0.846304
v 0.443923 0.089531 0.781001
v 0.438487 0.087280 0.846304
v 0.471247 -0.000545 0.781001
v 0.465477 -0.001692 0.846304
v 0.480473 -0.094220 0.781001
v 0.474590 -0.094220 0.846304
v 0.471247 -0.187896 0.781001
v 0.465477 -0.186748 0.846304
v 0.443922 -0.277971 0.781001
v 0.438487 -0.275720 0.846304
v 0.399550 -0.360985 0.781001
v 0.394659 -0.357717 0.846304
v 0.339836 -0.433748 0.781001
v 0.335634 -0.429630 0.846304
v 0.267073 -0.495928 0.781001
v 0.263756 -0.491069 0.846304
v 0.184059 -0.540300 0.781001
v 0.181807 -0.534864 0.846304
v 0.093983 -0.567624 0.781001
v 0.092835 -0.561854 0.846304
v 0.000000 -0.576850 0.781001
v 0.000000 -0.570967 0.846304
v 0.448167 -0.183305 0.892949
v 0.456941 -0.094220 0.892949
v 0.448167 -0.005135 0.892949
v 0.422182 0.080526 0.892949
v 0.379984 0.159472 0.892949
v 0.323196 0.228668 0.892949
v 0.254000 0.285456 0.892949
v 0.175054 0.327654 0.892949
v 0.163797 0.300477 0.920936
v 0.237658 0.260998 0.920935
v 0.302396 0.207868 0.920935
v 0.355526 0.143129 0.920935
v 0.395006 0.069269 0.920936
v 0.419317 -0.010874 0.920936
v 0.427525 -0.094220 0.920936
v 0.419317 -0.177566 0.920936
v 0.422181 -0.268966 0.892949
v 0.395005 -0.257709 0.920935
v 0.379984 -0.347912 0.892948
v 0.355526 -0.331569 0.920935
v 0.323031 -0.417275 0.892949
v 0.302025 -0.396683 0.920935
v 0.253805 -0.476492 0.892948
v 0.237220 -0.452198 0.920935
v 0.175053 -0.518559 0.892948
v 0.163797 -0.491383 0.920935
v 0.089392 -0.544544 0.892948
v 0.083654 -0.515694 0.920935
v 0.000000 -0.553318 0.892948
v 0.000000 -0.523902 0.920935
v 0.026016 0.276431 -1.420184
v 0.000000 0.290410 -1.425532
v 0.000000 0.276431 -1.425204
v 0.021811 0.290410 -1.421705
v 0.027634 0.255780 -1.416445
v 0.000000 0.255780 -1.421929
v 0.027134 0.238356 -1.410426
v 0.000000 0.238356 -1.416914
v 0.027177 0.223075 -1.404399
v 0.000000 0.223075 -1.411221
v 0.026453 0.208045 -1.396212
v 0.000000 0.207927 -1.403303
v 0.024949 0.193430 -1.384629
v 0.000000 0.192766 -1.392604
v 0.022921 0.178816 -1.371575
v 0.000000 0.177256 -1.378541
v 0.020771 0.164764 -1.357038
v 0.000000 0.162323 -1.363083
v 0.017983 0.151813 -1.339906
v 0.000000 0.148522 -1.346083
v 0.015446 0.140461 -1.325010
v 0.000000 0.137574 -1.329896
v 0.012246 0.131145 -1.312350
v 0.000000 0.128861 -1.316090
v 0.009503 0.124223 -1.302666
v 0.000000 0.122175 -1.304766
v 0.005846 0.119960 -1.296162
v 0.000000 0.118521 -1.294060
v 0.000000 0.300708 -1.421771
v 0.000000 0.300708 -1.421771
v 0.000000 0.301186 -0.985658
v 0.000000 0.304185 -0.985572
v -0.017090 0.472539 -0.888279
v -0.030551 0.510242 -0.905238
v -0.017090 0.512431 -0.891419
v -0.030551 0.472539 -0.902270
v -0.030551 0.547017 -0.914066
v -0.017090 0.551340 -0.900760
v -0.030551 0.581957 -0.928539
v -0.017090 0.588309 -0.916073
v -0.030551 0.614204 -0.948300
v -0.017090 0.622428 -0.936981
v -0.030551 0.642962 -0.972862
v -0.017090 0.652855 -0.962969
v -0.030551 0.667524 -1.001620
v -0.017090 0.678843 -0.993396
v -0.030551 0.687285 -1.033867
v -0.017090 0.699751 -1.027515
v -0.030551 0.701758 -1.068807
v -0.017090 0.715064 -1.064484
v -0.030551 0.710587 -1.105582
v -0.017090 0.724405 -1.103393
v -0.030551 0.713554 -1.143285
v -0.017090 0.727545 -1.143285
v -0.030551 0.710586 -1.180988
v -0.017090 0.724405 -1.183177
v -0.030551 0.701758 -1.217762
v -0.017090 0.715064 -1.222086
v -0.030551 0.687285 -1.252703
v -0.017090 0.699751 -1.259055
v -0.030551 0.667524 -1.284950
v -0.017090 0.678843 -1.293174
v -0.030551 0.642962 -1.313708
v -0.017090 0.652855 -1.323601
v -0.030551 0.614204 -1.338270
v -0.017090 0.622428 -1.349589
v -0.030551 0.581957 -1.358031
v -0.017090 0.588309 -1.370496
v -0.030551 0.547017 -1.372504
v -0.017090 0.551340 -1.385810
v -0.030551 0.510242 -1.381332
v -0.017090 0.512431 -1.395151
v -0.030551 0.472539 -1.384300
v -0.017090 0.472539 -1.398290
v -0.000309 0.704147 -1.261295
v -0.000309 0.719757 -1.223611
v -0.000309 0.729279 -1.183949
v -0.000309 0.732479 -1.143285
v -0.000309 0.729279 -1.102621
v -0.000309 0.719757 -1.062959
v -0.000309 0.704147 -1.025275
v -0.000309 0.682835 -0.990496
v -0.000309 0.656344 -0.959480
v -0.000308 0.625328 -0.932989
v -0.000308 0.590549 -0.911677
v -0.000308 0.552865 -0.896067
v -0.000308 0.513203 -0.886545
v -0.000308 0.472539 -0.883345
v -0.000309 0.682835 -0.990496
v -0.017076 0.241422 -0.888279
v -0.030551 0.249097 -0.902270
v -0.000308 0.231835 -0.883345
v -0.000309 0.682835 -1.296074
v -0.000309 0.682835 -1.296074
v -0.000309 0.656344 -1.327090
v -0.000309 0.625328 -1.353581
v -0.000309 0.590549 -1.374893
v -0.000309 0.552865 -1.390502
v -0.000309 0.513203 -1.400025
v -0.000309 0.472539 -1.403225
v -0.000309 0.231835 -1.403225
v -0.017076 0.241422 -1.398290
v -0.030551 0.249097 -1.384299
v -0.030551 0.472539 -0.902270
v -0.030551 0.547017 -0.914066
v -0.030551 0.510242 -0.905238
v -0.030551 0.581957 -0.928539
v -0.030551 0.614204 -0.948300
v -0.030551 0.642962 -0.972862
v -0.030551 0.667524 -1.001620
v -0.030551 0.687285 -1.033867
v -0.030551 0.701758 -1.068807
v -0.030551 0.710587 -1.105582
v -0.030551 0.713554 -1.143285
v -0.030551 0.710586 -1.180988
v -0.030551 0.701758 -1.217762
v -0.030551 0.687285 -1.252703
v -0.030551 0.667524 -1.284950
v -0.030551 0.642962 -1.313708
v -0.030551 0.614204 -1.338270
v -0.030551 0.581957 -1.358031
v -0.030551 0.547017 -1.372504
v -0.030551 0.510242 -1.381332
v -0.030551 0.472539 -1.384300
v -0.030551 0.249097 -1.384299
v -0.030551 0.249097 -0.902270
v 0.016473 0.472539 -1.398290
v 0.029934 0.510242 -1.381332
v 0.016473 0.512431 -1.395151
v 0.029934 0.472539 -1.384300
v 0.029934 0.547017 -1.372504
v 0.016473 0.551340 -1.385809
v 0.029934 0.581958 -1.358031
v 0.016473 0.588309 -1.370496
v 0.029934 0.614204 -1.338270
v 0.016473 0.622428 -1.349589
v 0.029934 0.642962 -1.313708
v 0.016473 0.652855 -1.323601
v 0.029934 0.667524 -1.284950
v 0.016473 0.678843 -1.293173
v 0.029934 0.687285 -1.252703
v 0.016473 0.699751 -1.259055
v 0.029934 0.701758 -1.217762
v 0.016473 0.715064 -1.222086
v 0.029934 0.710587 -1.180988
v 0.016473 0.724405 -1.183176
v 0.029934 0.713554 -1.143285
v 0.016473 0.727545 -1.143285
v 0.029934 0.710587 -1.105582
v 0.016473 0.724405 -1.103393
v 0.029934 0.701758 -1.068807
v 0.016473 0.715064 -1.064484
v 0.029934 0.687285 -1.033867
v 0.016473 0.699751 -1.027515
v 0.029934 0.667524 -1.001620
v 0.016473 0.678843 -0.993396
v 0.029934 0.642962 -0.972862
v 0.016473 0.652855 -0.962969
v 0.029934 0.614204 -0.948300
v 0.016473 0.622428 -0.936981
v 0.029934 0.581957 -0.928539
v 0.016473 0.588309 -0.916073
v 0.029934 0.547017 -0.914066
v 0.016473 0.551340 -0.900760
v 0.029934 0.510242 -0.905238
v 0.016473 0.512431 -0.891419
v 0.029934 0.472539 -0.902270
v 0.016473 0.472539 -0.888279
v -0.000309 0.704147 -1.025275
v -0.000309 0.719757 -1.062959
v -0.000309 0.729279 -1.102621
v -0.000309 0.732479 -1.143285
v -0.000309 0.729279 -1.183949
v -0.000309 0.719757 -1.223611
v -0.000309 0.704147 -1.261295
v -0.000309 0.682835 -1.296074
v -0.000309 0.656344 -1.327090
v -0.000309 0.625328 -1.353581
v -0.000309 0.590549 -1.374893
v -0.000309 0.552865 -1.390502
v -0.000309 0.513203 -1.400025
v -0.000309 0.472539 -1.403225
v -0.000309 0.682835 -1.296074
v 0.016459 0.241422 -1.398290
v 0.029934 0.249097 -1.384299
v -0.000309 0.231835 -1.403225
v -0.000309 0.682835 -0.990496
v -0.000309 0.682835 -0.990496
v -0.000309 0.656344 -0.959480
v -0.000308 0.625328 -0.932989
v -0.000308 0.590549 -0.911677
v -0.000308 0.552865 -0.896067
v -0.000308 0.513203 -0.886545
v -0.000308 0.472539 -0.883345
v -0.000308 0.231835 -0.883345
v 0.016459 0.241422 -0.888279
v 0.029934 0.249097 -0.902270
v 0.029934 0.472539 -1.384300
v 0.029934 0.547017 -1.372504
v 0.029934 0.510242 -1.381332
v 0.029934 0.581958 -1.358031
v 0.029934 0.614204 -1.338270
v 0.029934 0.642962 -1.313708
v 0.029934 0.667524 -1.284950
v 0.029934 0.687285 -1.252703
v 0.029934 0.701758 -1.217762
v 0.029934 0.710587 -1.180988
v 0.029934 0.713554 -1.143285
v 0.029934 0.710587 -1.105582
v 0.029934 0.701758 -1.068807
v 0.029934 0.687285 -1.033867
v 0.029934 0.667524 -1.001620
v 0.029934 0.642962 -0.972862
v 0.029934 0.614204 -0.948300
v 0.029934 0.581957 -0.928539
v 0.029934 0.547017 -0.914066
v 0.029934 0.510242 -0.905238
v 0.029934 0.472539 -0.902270
v 0.029934 0.249097 -0.902270
v 0.029934 0.249097 -1.384299
v -0.241015 0.213281 -0.859835
v -0.278718 0.198400 -0.876793
v -0.280907 0.213281 -0.862975
v -0.241015 0.198400 -0.873826
v -0.315493 0.198400 -0.885622
v -0.319816 0.213281 -0.872316
v -0.350433 0.198400 -0.900095
v -0.356785 0.213281 -0.887629
v -0.382680 0.198400 -0.919855
v -0.390903 0.213281 -0.908537
v -0.411438 0.198400 -0.944417
v -0.421331 0.213281 -0.934524
v -0.436000 0.198400 -0.973176
v -0.447319 0.213281 -0.964952
v -0.455760 0.198400 -1.005422
v -0.468226 0.213281 -0.999070
v -0.470234 0.198400 -1.040363
v -0.483540 0.213281 -1.036039
v -0.479062 0.198400 -1.077137
v -0.492881 0.213281 -1.074949
v -0.482030 0.198400 -1.114840
v -0.496021 0.213281 -1.114840
v -0.479062 0.198400 -1.152543
v -0.492881 0.213281 -1.154732
v -0.470233 0.198400 -1.189318
v -0.483540 0.213281 -1.193642
v -0.455761 0.198400 -1.224259
v -0.468226 0.213281 -1.230611
v -0.436000 0.198400 -1.256505
v -0.447319 0.213281 -1.264729
v -0.411438 0.198400 -1.285264
v -0.421331 0.213281 -1.295157
v -0.382680 0.198400 -1.309825
v -0.390903 0.213281 -1.321144
v -0.350433 0.198400 -1.329586
v -0.356785 0.213281 -1.342052
v -0.315492 0.198400 -1.344059
v -0.319816 0.213281 -1.357365
v -0.278718 0.198400 -1.352888
v -0.280906 0.213281 -1.366706
v -0.241015 0.198400 -1.355855
v -0.241015 0.213281 -1.369846
v -0.472623 0.231833 -1.232851
v -0.488232 0.231833 -1.195166
v -0.497754 0.231833 -1.155504
v -0.500955 0.231833 -1.114840
v -0.497754 0.231833 -1.074177
v -0.488232 0.231833 -1.034515
v -0.472623 0.231833 -0.996830
v -0.451311 0.231833 -0.962052
v -0.424820 0.231833 -0.931035
v -0.393803 0.231833 -0.904545
v -0.359025 0.231833 -0.883232
v -0.321341 0.231833 -0.867623
v -0.281678 0.231833 -0.858101
v -0.241015 0.231833 -0.854901
v -0.451311 0.231833 -0.962052
v -0.000308 0.213281 -0.859835
v -0.000308 0.198400 -0.873826
v -0.000308 0.231836 -0.854901
v -0.451311 0.231833 -1.267629
v -0.451311 0.231833 -1.267629
v -0.424820 0.231833 -1.298646
v -0.393804 0.231833 -1.325136
v -0.359025 0.231833 -1.346449
v -0.321341 0.231833 -1.362058
v -0.281678 0.231833 -1.371580
v -0.241015 0.231833 -1.374780
v -0.000309 0.231836 -1.374780
v -0.000309 0.213281 -1.369846
v -0.000309 0.198400 -1.355855
v -0.241015 0.198400 -0.873826
v -0.315493 0.198400 -0.885622
v -0.278718 0.198400 -0.876793
v -0.350433 0.198400 -0.900095
v -0.382680 0.198400 -0.919855
v -0.411438 0.198400 -0.944417
v -0.436000 0.198400 -0.973176
v -0.455760 0.198400 -1.005422
v -0.470234 0.198400 -1.040363
v -0.479062 0.198400 -1.077137
v -0.482030 0.198400 -1.114840
v -0.479062 0.198400 -1.152543
v -0.470233 0.198400 -1.189318
v -0.455761 0.198400 -1.224259
v -0.436000 0.198400 -1.256505
v -0.411438 0.198400 -1.285264
v -0.382680 0.198400 -1.309825
v -0.350433 0.198400 -1.329586
v -0.315492 0.198400 -1.344059
v -0.278718 0.198400 -1.352888
v -0.241015 0.198400 -1.355855
v -0.000309 0.198400 -1.355855
v -0.000308 0.198400 -0.873826
v -0.241015 0.250385 -1.369846
v -0.278718 0.265266 -1.352888
v -0.280906 0.250385 -1.366706
v -0.241015 0.265266 -1.355855
v -0.315492 0.265266 -1.344059
v -0.319816 0.250385 -1.357365
v -0.350433 0.265266 -1.329586
v -0.356785 0.250385 -1.342052
v -0.382680 0.265266 -1.309825
v -0.390903 0.250385 -1.321144
v -0.411438 0.265266 -1.285264
v -0.421331 0.250385 -1.295157
v -0.436000 0.265266 -1.256505
v -0.447319 0.250385 -1.264729
v -0.455760 0.265266 -1.224259
v -0.468226 0.250385 -1.230611
v -0.470233 0.265266 -1.189318
v -0.483539 0.250385 -1.193642
v -0.479062 0.265266 -1.152544
v -0.492881 0.250385 -1.154732
v -0.482029 0.265266 -1.114840
v -0.496020 0.250385 -1.114840
v -0.479062 0.265266 -1.077137
v -0.492881 0.250385 -1.074949
v -0.470233 0.265266 -1.040363
v -0.483539 0.250385 -1.036039
v -0.455760 0.265266 -1.005422
v -0.468226 0.250385 -0.999070
v -0.436000 0.265266 -0.973176
v -0.447318 0.250385 -0.964952
v -0.411438 0.265266 -0.944417
v -0.421331 0.250385 -0.934524
v -0.382679 0.265266 -0.919856
v -0.390903 0.250385 -0.908537
v -0.350433 0.265266 -0.900095
v -0.356785 0.250385 -0.887629
v -0.315492 0.265266 -0.885622
v -0.319816 0.250385 -0.872316
v -0.278717 0.265266 -0.876793
v -0.280906 0.250385 -0.862975
v -0.241014 0.265266 -0.873826
v -0.241014 0.250385 -0.859835
v -0.472623 0.231833 -0.996830
v -0.488232 0.231833 -1.034515
v -0.497754 0.231833 -1.074177
v -0.500955 0.231833 -1.114840
v -0.497754 0.231833 -1.155504
v -0.488232 0.231833 -1.195166
v -0.472623 0.231833 -1.232851
v -0.451311 0.231833 -1.267629
v -0.424820 0.231833 -1.298646
v -0.393804 0.231833 -1.325136
v -0.359025 0.231833 -1.346449
v -0.321341 0.231833 -1.362058
v -0.281678 0.231833 -1.371580
v -0.241015 0.231833 -1.374780
v -0.451311 0.231833 -1.267629
v -0.009880 0.250403 -1.369846
v -0.017573 0.265266 -1.355855
v -0.000309 0.231836 -1.374780
v -0.451311 0.231833 -0.962052
v -0.451311 0.231833 -0.962052
v -0.424820 0.231833 -0.931035
v -0.393803 0.231833 -0.904545
v -0.359025 0.231833 -0.883232
v -0.321341 0.231833 -0.867623
v -0.281678 0.231833 -0.858101
v -0.241015 0.231833 -0.854901
v -0.000308 0.231836 -0.854901
v -0.009880 0.250403 -0.859835
v -0.017572 0.265266 -0.873826
v -0.241015 0.265266 -1.355855
v -0.315492 0.265266 -1.344059
v -0.278718 0.265266 -1.352888
v -0.350433 0.265266 -1.329586
v -0.382680 0.265266 -1.309825
v -0.411438 0.265266 -1.285264
v -0.436000 0.265266 -1.256505
v -0.455760 0.265266 -1.224259
v -0.470233 0.265266 -1.189318
v -0.479062 0.265266 -1.152544
v -0.482029 0.265266 -1.114840
v -0.479062 0.265266 -1.077137
v -0.470233 0.265266 -1.040363
v -0.455760 0.265266 -1.005422
v -0.436000 0.265266 -0.973176
v -0.411438 0.265266 -0.944417
v -0.382679 0.265266 -0.919856
v -0.350433 0.265266 -0.900095
v -0.315492 0.265266 -0.885622
v -0.278717 0.265266 -0.876793
v -0.241014 0.265266 -0.873826
v -0.017572 0.265266 -0.873826
v -0.017573 0.265266 -1.355855
v 0.240398 0.213281 -1.369846
v 0.278101 0.198399 -1.352888
v 0.280290 0.213281 -1.366707
v 0.240398 0.198399 -1.355855
v 0.314876 0.198399 -1.344059
v 0.319199 0.213280 -1.357365
v 0.349816 0.198399 -1.329587
v 0.356168 0.213281 -1.342052
v 0.382063 0.198399 -1.309826
v 0.390287 0.213281 -1.321145
v 0.410821 0.198399 -1.285264
v 0.420714 0.213281 -1.295157
v 0.435383 0.198399 -1.256506
v 0.446702 0.213281 -1.264729
v 0.455144 0.198399 -1.224259
v 0.467610 0.213280 -1.230611
v 0.469617 0.198399 -1.189318
v 0.482923 0.213280 -1.193642
v 0.478445 0.198399 -1.152544
v 0.492264 0.213280 -1.154732
v 0.481413 0.198399 -1.114841
v 0.495404 0.213280 -1.114841
v 0.478445 0.198399 -1.077138
v 0.492264 0.213280 -1.074949
v 0.469617 0.198399 -1.040363
v 0.482923 0.213280 -1.036039
v 0.455144 0.198399 -1.005422
v 0.467610 0.213280 -0.999070
v 0.435383 0.198399 -0.973176
v 0.446702 0.213281 -0.964952
v 0.410821 0.198399 -0.944418
v 0.420714 0.213281 -0.934524
v 0.382063 0.198399 -0.919856
v 0.390286 0.213281 -0.908537
v 0.349816 0.198400 -0.900095
v 0.356168 0.213281 -0.887629
v 0.314875 0.198400 -0.885622
v 0.319199 0.213281 -0.872316
v 0.278101 0.198400 -0.876793
v 0.280289 0.213281 -0.862975
v 0.240398 0.198400 -0.873826
v 0.240398 0.213281 -0.859835
v 0.472006 0.231832 -0.996830
v 0.487615 0.231832 -1.034515
v 0.497137 0.231832 -1.074177
v 0.500338 0.231832 -1.114841
v 0.497137 0.231832 -1.155504
v 0.487615 0.231832 -1.195166
v 0.472006 0.231833 -1.232851
v 0.450694 0.231833 -1.267630
v 0.424203 0.231833 -1.298646
v 0.393187 0.231833 -1.325137
v 0.358408 0.231833 -1.346449
v 0.320724 0.231832 -1.362058
v 0.281061 0.231832 -1.371580
v 0.240398 0.231832 -1.374780
v 0.450694 0.231833 -1.267630
v -0.000309 0.213281 -1.369846
v -0.000309 0.198400 -1.355855
v -0.000309 0.231836 -1.374780
v 0.450694 0.231832 -0.962052
v 0.450694 0.231832 -0.962052
v 0.424203 0.231833 -0.931036
v 0.393187 0.231833 -0.904545
v 0.358408 0.231833 -0.883232
v 0.320724 0.231833 -0.867623
v 0.281061 0.231833 -0.858101
v 0.240398 0.231833 -0.854901
v -0.000308 0.231836 -0.854901
v -0.000308 0.213281 -0.859835
v -0.000308 0.198400 -0.873826
v 0.240398 0.198399 -1.355855
v 0.314876 0.198399 -1.344059
v 0.278101 0.198399 -1.352888
v 0.349816 0.198399 -1.329587
v 0.382063 0.198399 -1.309826
v 0.410821 0.198399 -1.285264
v 0.435383 0.198399 -1.256506
v 0.455144 0.198399 -1.224259
v 0.469617 0.198399 -1.189318
v 0.478445 0.198399 -1.152544
v 0.481413 0.198399 -1.114841
v 0.478445 0.198399 -1.077138
v 0.469617 0.198399 -1.040363
v 0.455144 0.198399 -1.005422
v 0.435383 0.198399 -0.973176
v 0.410821 0.198399 -0.944418
v 0.382063 0.198399 -0.919856
v 0.349816 0.198400 -0.900095
v 0.314875 0.198400 -0.885622
v 0.278101 0.198400 -0.876793
v 0.240398 0.198400 -0.873826
v -0.000308 0.198400 -0.873826
v -0.000309 0.198400 -1.355855
v 0.240398 0.250385 -0.859835
v 0.278101 0.265266 -0.876793
v 0.280289 0.250385 -0.862975
v 0.240398 0.265266 -0.873826
v 0.314875 0.265266 -0.885622
v 0.319199 0.250385 -0.872316
v 0.349816 0.265266 -0.900095
v 0.356168 0.250385 -0.887629
v 0.382063 0.265266 -0.919856
v 0.390286 0.250385 -0.908537
v 0.410821 0.265266 -0.944418
v 0.420714 0.250385 -0.934525
v 0.435383 0.265266 -0.973176
v 0.446702 0.250385 -0.964952
v 0.455143 0.265266 -1.005422
v 0.467609 0.250385 -0.999070
v 0.469616 0.265266 -1.040363
v 0.482922 0.250385 -1.036040
v 0.478445 0.265266 -1.077138
v 0.492264 0.250384 -1.074949
v 0.481412 0.265266 -1.114841
v 0.495403 0.250384 -1.114841
v 0.478445 0.265266 -1.152544
v 0.492264 0.250384 -1.154732
v 0.469616 0.265266 -1.189318
v 0.482922 0.250384 -1.193642
v 0.455143 0.265266 -1.224259
v 0.467609 0.250384 -1.230611
v 0.435383 0.265266 -1.256506
v 0.446702 0.250384 -1.264729
v 0.410821 0.265266 -1.285264
v 0.420714 0.250384 -1.295157
v 0.382063 0.265266 -1.309826
v 0.390286 0.250384 -1.321145
v 0.349816 0.265266 -1.329586
v 0.356168 0.250384 -1.342052
v 0.314875 0.265266 -1.344059
v 0.319199 0.250384 -1.357365
v 0.278101 0.265266 -1.352888
v 0.280289 0.250384 -1.366707
v 0.240398 0.265266 -1.355855
v 0.240398 0.250384 -1.369846
v 0.472006 0.231833 -1.232851
v 0.487615 0.231832 -1.195166
v 0.497137 0.231832 -1.155504
v 0.500338 0.231832 -1.114841
v 0.497137 0.231832 -1.074177
v 0.487615 0.231832 -1.034515
v 0.472006 0.231832 -0.996830
v 0.450694 0.231832 -0.962052
v 0.424203 0.231833 -0.931036
v 0.393187 0.231833 -0.904545
v 0.358408 0.231833 -0.883232
v 0.320724 0.231833 -0.867623
v 0.281061 0.231833 -0.858101
v 0.240398 0.231833 -0.854901
v 0.450694 0.231832 -0.962052
v 0.009263 0.250403 -0.859835
v 0.016956 0.265266 -0.873826
v -0.000308 0.231836 -0.854901
v 0.450694 0.231833 -1.267630
v 0.450694 0.231833 -1.267630
v 0.424203 0.231833 -1.298646
v 0.393187 0.231833 -1.325137
v 0.358408 0.231833 -1.346449
v 0.320724 0.231832 -1.362058
v 0.281061 0.231832 -1.371580
v 0.240398 0.231832 -1.374780
v -0.000309 0.231836 -1.374780
v 0.009263 0.250403 -1.369846
v 0.016955 0.265266 -1.355855
v 0.240398 0.265266 -0.873826
v 0.314875 0.265266 -0.885622
v 0.278101 0.265266 -0.876793
v 0.349816 0.265266 -0.900095
v 0.382063 0.265266 -0.919856
v 0.410821 0.265266 -0.944418
v 0.435383 0.265266 -0.973176
v 0.455143 0.265266 -1.005422
v 0.469616 0.265266 -1.040363
v 0.478445 0.265266 -1.077138
v 0.481412 0.265266 -1.114841
v 0.478445 0.265266 -1.152544
v 0.469616 0.265266 -1.189318
v 0.455143 0.265266 -1.224259
v 0.435383 0.265266 -1.256506
v 0.410821 0.265266 -1.285264
v 0.382063 0.265266 -1.309826
v 0.349816 0.265266 -1.329586
v 0.314875 0.265266 -1.344059
v 0.278101 0.265266 -1.352888
v 0.240398 0.265266 -1.355855
v 0.016955 0.265266 -1.355855
v 0.016956 0.265266 -0.873826
v -0.793451 -0.254664 -0.085761
v -0.852268 -0.238378 -0.061511
v -0.855682 -0.254664 -0.081271
v -0.793451 -0.238378 -0.065754
v -0.909636 -0.238378 -0.048886
v -0.916380 -0.254664 -0.067913
v -0.964143 -0.238378 -0.028190
v -0.974051 -0.254664 -0.046016
v -1.014447 -0.238378 0.000068
v -1.027276 -0.254664 -0.016118
v -1.059310 -0.238378 0.035191
v -1.074743 -0.254663 0.021044
v -1.097626 -0.238377 0.076315
v -1.115284 -0.254663 0.064555
v -1.128453 -0.238377 0.122427
v -1.147900 -0.254663 0.113344
v -1.151030 -0.238377 0.172392
v -1.171788 -0.254663 0.166209
v -1.164803 -0.238377 0.224979
v -1.186360 -0.254663 0.221849
v -1.169432 -0.238377 0.278894
v -1.191258 -0.254663 0.278894
v -1.164803 -0.238378 0.332808
v -1.186360 -0.254663 0.335938
v -1.151030 -0.238377 0.385396
v -1.171788 -0.254663 0.391578
v -1.128453 -0.238377 0.435361
v -1.147900 -0.254663 0.444443
v -1.097626 -0.238377 0.481473
v -1.115283 -0.254663 0.493232
v -1.059310 -0.238378 0.522596
v -1.074743 -0.254663 0.536743
v -1.014447 -0.238378 0.557719
v -1.027276 -0.254663 0.573905
v -0.964143 -0.238377 0.585977
v -0.974051 -0.254663 0.603803
v -0.909635 -0.238377 0.606673
v -0.916380 -0.254663 0.625701
v -0.852267 -0.238377 0.619298
v -0.855681 -0.254664 0.639059
v -0.793451 -0.238378 0.623541
v -0.793451 -0.254664 0.643548
v -1.154758 -0.274967 0.447647
v -1.179109 -0.274967 0.393759
v -1.080186 -0.274967 0.541733
v -1.121511 -0.274967 0.497380
v -0.977546 -0.274967 0.610090
v -1.031800 -0.274967 0.579614
v -0.856885 -0.274967 0.646028
v -0.918759 -0.274967 0.632411
v -1.193963 -0.274967 0.337042
v -1.198955 -0.274967 0.278894
v -1.193963 -0.274967 0.220745
v -1.179109 -0.274967 0.164029
v -1.154758 -0.274967 0.110141
v -1.121511 -0.274967 0.060408
v -1.080186 -0.274967 0.016055
v -1.031800 -0.274967 -0.021826
v -0.977546 -0.274967 -0.052303
v -0.918759 -0.274967 -0.074624
v -0.856886 -0.274967 -0.088240
v -0.793451 -0.274967 -0.092817
v -0.358883 -0.254664 -0.085761
v -0.358883 -0.238378 -0.065754
v -0.358883 -0.274967 -0.092817
v -1.179109 -0.274967 0.164029
v -1.179109 -0.274967 0.393759
v -0.793451 -0.274967 0.650604
v -0.358883 -0.274967 0.650604
v -0.358883 -0.254664 0.643548
v -0.358883 -0.238378 0.623541
v -0.793451 -0.238378 -0.065754
v -0.909636 -0.238378 -0.048886
v -0.852268 -0.238378 -0.061511
v -0.964143 -0.238378 -0.028190
v -1.014447 -0.238378 0.000068
v -1.059310 -0.238378 0.035191
v -1.097626 -0.238377 0.076315
v -1.128453 -0.238377 0.122427
v -1.151030 -0.238377 0.172392
v -1.164803 -0.238377 0.224979
v -1.169432 -0.238377 0.278894
v -1.164803 -0.238378 0.332808
v -1.151030 -0.238377 0.385396
v -1.128453 -0.238377 0.435361
v -1.097626 -0.238377 0.481473
v -1.059310 -0.238378 0.522596
v -1.014447 -0.238378 0.557719
v -0.964143 -0.238377 0.585977
v -0.909635 -0.238377 0.606673
v -0.852267 -0.238377 0.619298
v -0.793451 -0.238378 0.623541
v -0.358883 -0.238378 0.623541
v -0.358883 -0.238378 -0.065754
v -0.793451 -0.295270 0.643548
v -0.852267 -0.311556 0.619298
v -0.855681 -0.295270 0.639059
v -0.793451 -0.311556 0.623541
v -0.909635 -0.311556 0.606673
v -0.916380 -0.295270 0.625701
v -0.964142 -0.311556 0.585977
v -0.974051 -0.295270 0.603803
v -1.014447 -0.311556 0.557719
v -1.027276 -0.295270 0.573905
v -1.059309 -0.311556 0.522596
v -1.074742 -0.295270 0.536743
v -1.097626 -0.311556 0.481473
v -1.115283 -0.295270 0.493232
v -1.128452 -0.311556 0.435361
v -1.147899 -0.295270 0.444443
v -1.151030 -0.311556 0.385396
v -1.171788 -0.295270 0.391578
v -1.164803 -0.311556 0.332809
v -1.186360 -0.295270 0.335938
v -1.169432 -0.311556 0.278894
v -1.191257 -0.295270 0.278894
v -1.164803 -0.311556 0.224979
v -1.186360 -0.295270 0.221849
v -1.151030 -0.311556 0.172392
v -1.171788 -0.295270 0.166209
v -1.128452 -0.311556 0.122427
v -1.147899 -0.295270 0.113344
v -1.097626 -0.311556 0.076315
v -1.115283 -0.295270 0.064555
v -1.059309 -0.311556 0.035191
v -1.074742 -0.295270 0.021044
v -1.014447 -0.311556 0.000068
v -1.027276 -0.295270 -0.016118
v -0.964142 -0.311556 -0.028190
v -0.974051 -0.295270 -0.046016
v -0.909635 -0.311556 -0.048886
v -0.916380 -0.295270 -0.067913
v -0.852267 -0.311556 -0.061511
v -0.855681 -0.295270 -0.081271
v -0.793450 -0.311556 -0.065754
v -0.793450 -0.295270 -0.085761
v -1.154758 -0.274967 0.110141
v -1.179109 -0.274967 0.164029
v -1.080186 -0.274967 0.016055
v -1.121511 -0.274967 0.060408
v -0.977546 -0.274967 -0.052303
v -1.031800 -0.274967 -0.021826
v -0.856886 -0.274967 -0.088240
v -0.918759 -0.274967 -0.074624
v -1.193963 -0.274967 0.220745
v -1.198955 -0.274967 0.278894
v -1.193963 -0.274967 0.337042
v -1.179109 -0.274967 0.393759
v -1.154758 -0.274967 0.447647
v -1.121511 -0.274967 0.497380
v -1.080186 -0.274967 0.541733
v -1.031800 -0.274967 0.579614
v -0.977546 -0.274967 0.610090
v -0.918759 -0.274967 0.632411
v -0.856885 -0.274967 0.646028
v -0.793451 -0.274967 0.650604
v -0.358883 -0.295271 0.643548
v -0.358883 -0.311557 0.623541
v -0.358883 -0.274967 0.650604
v -1.179109 -0.274967 0.393759
v -1.179109 -0.274967 0.164029
v -0.793451 -0.274967 -0.092817
v -0.358883 -0.274967 -0.092817
v -0.358882 -0.295271 -0.085761
v -0.358882 -0.311557 -0.065754
v -0.793451 -0.311556 0.623541
v -0.909635 -0.311556 0.606673
v -0.852267 -0.311556 0.619298
v -0.964142 -0.311556 0.585977
v -1.014447 -0.311556 0.557719
v -1.059309 -0.311556 0.522596
v -1.097626 -0.311556 0.481473
v -1.128452 -0.311556 0.435361
v -1.151030 -0.311556 0.385396
v -1.164803 -0.311556 0.332809
v -1.169432 -0.311556 0.278894
v -1.164803 -0.311556 0.224979
v -1.151030 -0.311556 0.172392
v -1.128452 -0.311556 0.122427
v -1.097626 -0.311556 0.076315
v -1.059309 -0.311556 0.035191
v -1.014447 -0.311556 0.000068
v -0.964142 -0.311556 -0.028190
v -0.909635 -0.311556 -0.048886
v -0.852267 -0.311556 -0.061511
v -0.793450 -0.311556 -0.065754
v -0.358882 -0.311557 -0.065754
v -0.358883 -0.311557 0.623541
v -0.793451 0.491496 0.076399
v -0.852268 0.507782 0.100649
v -0.855682 0.491496 0.080889
v -0.793451 0.507782 0.096406
v -0.909636 0.507783 0.113274
v -0.916380 0.491496 0.094247
v -0.964143 0.507783 0.133971
v -0.974051 0.491497 0.116144
v -1.014447 0.507783 0.162228
v -1.027276 0.491497 0.146042
v -1.059310 0.507783 0.197351
v -1.074743 0.491497 0.183204
v -1.097626 0.507783 0.238475
v -1.115284 0.491497 0.226715
v -1.128453 0.507783 0.284587
v -1.147900 0.491497 0.275504
v -1.151030 0.507783 0.334552
v -1.171788 0.491497 0.328369
v -1.164803 0.507783 0.387139
v -1.186360 0.491497 0.384009
v -1.169432 0.507783 0.441054
v -1.191258 0.491497 0.441054
v -1.164803 0.507783 0.494969
v -1.186360 0.491497 0.498099
v -1.151030 0.507783 0.547556
v -1.171788 0.491497 0.553738
v -1.128453 0.507783 0.597521
v -1.147900 0.491497 0.606604
v -1.097626 0.507783 0.643633
v -1.115283 0.491497 0.655392
v -1.059310 0.507782 0.684756
v -1.074743 0.491497 0.698904
v -1.014447 0.507782 0.719880
v -1.027276 0.491496 0.736066
v -0.964143 0.507782 0.748137
v -0.974051 0.491496 0.765963
v -0.909635 0.507782 0.768833
v -0.916380 0.491496 0.787861
v -0.852267 0.507782 0.781458
v -0.855681 0.491496 0.801219
v -0.793451 0.507782 0.785701
v -0.793451 0.491496 0.805708
v -1.154758 0.471193 0.609807
v -1.179109 0.471193 0.555919
v -1.080186 0.471193 0.703893
v -1.121511 0.471193 0.659540
v -0.977546 0.471193 0.772250
v -1.031800 0.471193 0.741774
v -0.856885 0.471193 0.808188
v -0.918759 0.471193 0.794572
v -1.193963 0.471193 0.499202
v -1.198955 0.471194 0.441054
v -1.193963 0.471194 0.382906
v -1.179109 0.471194 0.326189
v -1.154758 0.471194 0.272301
v -1.121511 0.471193 0.222568
v -1.080186 0.471193 0.178215
v -1.031800 0.471193 0.140334
v -0.977546 0.471193 0.109857
v -0.918759 0.471193 0.087536
v -0.856886 0.471193 0.073920
v -0.793451 0.471193 0.069343
v -0.448962 0.491496 0.076399
v -0.445865 0.507782 0.096406
v -0.450054 0.471193 0.069343
v -1.179109 0.471194 0.326189
v -1.179109 0.471193 0.555919
v -0.793451 0.471193 0.812764
v 0.000000 0.471193 0.812764
v 0.000000 0.491496 0.805708
v 0.000000 0.507782 0.785701
v -0.793451 0.507782 0.096406
v -0.909636 0.507783 0.113274
v -0.852268 0.507782 0.100649
v -0.964143 0.507783 0.133971
v -1.014447 0.507783 0.162228
v -1.059310 0.507783 0.197351
v -1.097626 0.507783 0.238475
v -1.128453 0.507783 0.284587
v -1.151030 0.507783 0.334552
v -1.164803 0.507783 0.387139
v -1.169432 0.507783 0.441054
v -1.164803 0.507783 0.494969
v -1.151030 0.507783 0.547556
v -1.128453 0.507783 0.597521
v -1.097626 0.507783 0.643633
v -1.059310 0.507782 0.684756
v -1.014447 0.507782 0.719880
v -0.964143 0.507782 0.748137
v -0.909635 0.507782 0.768833
v -0.852267 0.507782 0.781458
v -0.793451 0.507782 0.785701
v -0.445865 0.507782 0.096406
v -0.436607 0.507782 0.156207
v -0.391318 0.507782 0.249192
v 0.000000 0.507782 0.785701
v -0.319272 0.507782 0.329040
v -0.225381 0.507782 0.390309
v -0.116043 0.507782 0.428825
v 0.000000 0.507782 0.441818
v -0.793451 0.450890 0.805708
v -0.852267 0.434604 0.781458
v -0.855681 0.450890 0.801219
v -0.793451 0.434604 0.785701
v -0.909635 0.434604 0.768833
v -0.916380 0.450890 0.787861
v -0.964142 0.434604 0.748137
v -0.974051 0.450890 0.765963
v -1.014447 0.434604 0.719880
v -1.027276 0.450890 0.736066
v -1.059309 0.434604 0.684756
v -1.074742 0.450890 0.698904
v -1.097626 0.434604 0.643633
v -1.115283 0.450890 0.655392
v -1.128452 0.434604 0.597521
v -1.147899 0.450890 0.606604
v -1.151030 0.434604 0.547556
v -1.171788 0.450890 0.553738
v -1.164803 0.434604 0.494969
v -1.186360 0.450890 0.498098
v -1.169432 0.434604 0.441054
v -1.191257 0.450890 0.441054
v -1.164803 0.434604 0.387139
v -1.186360 0.450890 0.384009
v -1.151030 0.434604 0.334552
v -1.171788 0.450890 0.328369
v -1.128452 0.434604 0.284587
v -1.147899 0.450890 0.275504
v -1.097626 0.434604 0.238475
v -1.115283 0.450890 0.226715
v -1.059309 0.434604 0.197351
v -1.074742 0.450890 0.183204
v -1.014447 0.434604 0.162228
v -1.027276 0.450890 0.146042
v -0.964142 0.434604 0.133971
v -0.974051 0.450890 0.116144
v -0.909635 0.434604 0.113275
v -0.916380 0.450890 0.094247
v -0.852267 0.434604 0.100650
v -0.855681 0.450890 0.080889
v -0.793450 0.434604 0.096406
v -0.793450 0.450890 0.076399
v -1.154758 0.471194 0.272301
v -1.179109 0.471194 0.326189
v -1.080186 0.471193 0.178215
v -1.121511 0.471193 0.222568
v -0.977546 0.471193 0.109857
v -1.031800 0.471193 0.140334
v -0.856886 0.471193 0.073920
v -0.918759 0.471193 0.087536
v -1.193963 0.471194 0.382906
v -1.198955 0.471194 0.441054
v -1.193963 0.471193 0.499202
v -1.179109 0.471193 0.555919
v -1.154758 0.471193 0.609807
v -1.121511 0.471193 0.659540
v -1.080186 0.471193 0.703893
v -1.031800 0.471193 0.741774
v -0.977546 0.471193 0.772250
v -0.918759 0.471193 0.794572
v -0.856885 0.471193 0.808188
v -0.793451 0.471193 0.812764
v 0.000000 0.450889 0.805708
v 0.000000 0.434603 0.785701
v 0.000000 0.471193 0.812764
v -1.179109 0.471193 0.555919
v -1.179109 0.471194 0.326189
v -0.793451 0.471193 0.069343
v -0.448962 0.450890 0.076399
v -0.445865 0.434604 0.096406
v -0.450054 0.471193 0.069343
v -0.793451 0.434604 0.785701
v -0.909635 0.434604 0.768833
v -0.852267 0.434604 0.781458
v -0.964142 0.434604 0.748137
v -1.014447 0.434604 0.719880
v -1.059309 0.434604 0.684756
v -1.097626 0.434604 0.643633
v -1.128452 0.434604 0.597521
v -1.151030 0.434604 0.547556
v -1.164803 0.434604 0.494969
v -1.169432 0.434604 0.441054
v -1.164803 0.434604 0.387139
v -1.151030 0.434604 0.334552
v -1.128452 0.434604 0.284587
v -1.097626 0.434604 0.238475
v -1.059309 0.434604 0.197351
v -1.014447 0.434604 0.162228
v -0.964142 0.434604 0.133971
v -0.909635 0.434604 0.113275
v -0.852267 0.434604 0.100650
v -0.793450 0.434604 0.096406
v -0.445865 0.434604 0.096406
v -0.436607 0.434604 0.156207
v -0.391318 0.434604 0.249192
v 0.000000 0.434603 0.785701
v -0.319272 0.434604 0.329040
v -0.225381 0.434604 0.390309
v -0.116043 0.434604 0.428825
v 0.000000 0.434603 0.441818
v -0.391318 0.507782 0.249192
v -0.436607 0.434604 0.156207
v -0.391318 0.434604 0.249192
v -0.436607 0.507782 0.156207
v -0.445865 0.507782 0.096406
v -0.445865 0.434604 0.096406
v -0.448962 0.450890 0.076399
v -0.448962 0.491496 0.076399
v -0.450054 0.471193 0.069343
v -0.319272 0.507782 0.329040
v -0.319272 0.434604 0.329040
v -0.225381 0.507782 0.390309
v -0.225381 0.434604 0.390309
v -0.116043 0.507782 0.428825
v -0.116043 0.434604 0.428825
v 0.000000 0.507782 0.441818
v 0.000000 0.434603 0.441818
v 0.001292 0.434603 0.441962
v 0.001292 0.507782 0.441962
v 0.793451 -0.254664 -0.085761
v 0.852268 -0.238378 -0.061511
v 0.793451 -0.238378 -0.065754
v 0.855682 -0.254664 -0.081271
v 0.909636 -0.238378 -0.048886
v 0.916380 -0.254664 -0.067913
v 0.964143 -0.238378 -0.028190
v 0.974051 -0.254664 -0.046016
v 1.014447 -0.238378 0.000068
v 1.027276 -0.254664 -0.016118
v 1.059310 -0.238378 0.035191
v 1.074743 -0.254663 0.021044
v 1.097626 -0.238377 0.076315
v 1.115284 -0.254663 0.064555
v 1.128453 -0.238377 0.122427
v 1.147900 -0.254663 0.113344
v 1.151030 -0.238377 0.172392
v 1.171788 -0.254663 0.166209
v 1.164803 -0.238377 0.224979
v 1.186360 -0.254663 0.221849
v 1.169432 -0.238377 0.278894
v 1.191258 -0.254663 0.278894
v 1.164803 -0.238378 0.332808
v 1.186360 -0.254663 0.335938
v 1.151030 -0.238377 0.385396
v 1.171788 -0.254663 0.391578
v 1.128453 -0.238378 0.435361
v 1.147900 -0.254663 0.444443
v 1.097626 -0.238378 0.481473
v 1.115283 -0.254663 0.493232
v 1.059310 -0.238378 0.522596
v 1.074743 -0.254663 0.536743
v 1.014447 -0.238378 0.557719
v 1.027276 -0.254664 0.573905
v 0.964143 -0.238378 0.585977
v 0.974051 -0.254664 0.603803
v 0.909635 -0.238378 0.606673
v 0.916380 -0.254664 0.625701
v 0.852267 -0.238378 0.619298
v 0.855681 -0.254664 0.639059
v 0.793451 -0.238378 0.623541
v 0.793451 -0.254664 0.643548
v 1.154758 -0.274967 0.447647
v 1.179109 -0.274967 0.393759
v 1.121511 -0.274967 0.497380
v 1.080186 -0.274967 0.541733
v 1.031800 -0.274967 0.579614
v 0.977546 -0.274967 0.610090
v 0.918759 -0.274967 0.632411
v 0.856885 -0.274967 0.646028
v 0.793451 -0.274967 0.650604
v 0.358883 -0.254664 0.643548
v 0.358883 -0.238378 0.623541
v 0.358883 -0.274967 0.650604
v 1.193963 -0.274967 0.337042
v 1.179109 -0.274967 0.393759
v 1.198955 -0.274967 0.278894
v 1.193963 -0.274967 0.220745
v 1.179109 -0.274967 0.164029
v 1.154758 -0.274967 0.110141
v 1.179109 -0.274967 0.164029
v 1.121511 -0.274967 0.060408
v 1.080186 -0.274967 0.016055
v 1.031800 -0.274967 -0.021826
v 0.977546 -0.274967 -0.052303
v 0.918759 -0.274967 -0.074624
v 0.856886 -0.274967 -0.088241
v 0.793451 -0.274967 -0.092817
v 0.358883 -0.254664 -0.085761
v 0.358883 -0.238378 -0.065754
v 0.358883 -0.274967 -0.092817
v 0.793451 -0.238378 -0.065754
v 0.852267 -0.238378 0.619298
v 0.793451 -0.238378 0.623541
v 0.909635 -0.238378 0.606673
v 0.964143 -0.238378 0.585977
v 1.014447 -0.238378 0.557719
v 1.059310 -0.238378 0.522596
v 1.097626 -0.238378 0.481473
v 1.128453 -0.238378 0.435361
v 1.151030 -0.238377 0.385396
v 1.164803 -0.238378 0.332808
v 1.169432 -0.238377 0.278894
v 1.164803 -0.238377 0.224979
v 1.151030 -0.238377 0.172392
v 1.128453 -0.238377 0.122427
v 1.097626 -0.238377 0.076315
v 1.059310 -0.238378 0.035191
v 1.014447 -0.238378 0.000068
v 0.964143 -0.238378 -0.028190
v 0.909636 -0.238378 -0.048886
v 0.852268 -0.238378 -0.061511
v 0.358883 -0.238378 0.623541
v 0.358883 -0.238378 -0.065754
v 0.793451 -0.295270 0.643548
v 0.852267 -0.311556 0.619298
v 0.793451 -0.311556 0.623541
v 0.855681 -0.295270 0.639059
v 0.909635 -0.311556 0.606673
v 0.916380 -0.295270 0.625701
v 0.964142 -0.311556 0.585977
v 0.974051 -0.295270 0.603803
v 1.014447 -0.311556 0.557719
v 1.027276 -0.295270 0.573905
v 1.059309 -0.311556 0.522596
v 1.074742 -0.295270 0.536743
v 1.097626 -0.311556 0.481473
v 1.115283 -0.295270 0.493232
v 1.128452 -0.311556 0.435361
v 1.147899 -0.295270 0.444443
v 1.151030 -0.311556 0.385396
v 1.171788 -0.295270 0.391578
v 1.164803 -0.311556 0.332809
v 1.186360 -0.295270 0.335938
v 1.169432 -0.311556 0.278894
v 1.191257 -0.295270 0.278894
v 1.164803 -0.311556 0.224979
v 1.186360 -0.295270 0.221849
v 1.151030 -0.311556 0.172392
v 1.171788 -0.295270 0.166209
v 1.128452 -0.311556 0.122427
v 1.147899 -0.295270 0.113344
v 1.097626 -0.311556 0.076315
v 1.115283 -0.295270 0.064555
v 1.059309 -0.311556 0.035191
v 1.074742 -0.295270 0.021044
v 1.014447 -0.311556 0.000068
v 1.027276 -0.295270 -0.016118
v 0.964142 -0.311556 -0.028190
v 0.974051 -0.295270 -0.046016
v 0.909635 -0.311556 -0.048886
v 0.916380 -0.295270 -0.067913
v 0.852267 -0.311556 -0.061511
v 0.855681 -0.295270 -0.081271
v 0.793450 -0.311556 -0.065754
v 0.793450 -0.295270 -0.085761
v 1.154758 -0.274967 0.110141
v 1.179109 -0.274967 0.164029
v 1.121511 -0.274967 0.060408
v 1.080186 -0.274967 0.016055
v 1.031800 -0.274967 -0.021826
v 0.977546 -0.274967 -0.052303
v 0.918759 -0.274967 -0.074624
v 0.856886 -0.274967 -0.088241
v 0.793451 -0.274967 -0.092817
v 0.358882 -0.295271 -0.085761
v 0.358882 -0.311557 -0.065754
v 0.358883 -0.274967 -0.092817
v 1.193963 -0.274967 0.220745
v 1.179109 -0.274967 0.164029
v 1.198955 -0.274967 0.278894
v 1.193963 -0.274967 0.337042
v 1.179109 -0.274967 0.393759
v 1.154758 -0.274967 0.447647
v 1.179109 -0.274967 0.393759
v 1.121511 -0.274967 0.497380
v 1.080186 -0.274967 0.541733
v 1.031800 -0.274967 0.579614
v 0.977546 -0.274967 0.610090
v 0.918759 -0.274967 0.632411
v 0.856885 -0.274967 0.646028
v 0.793451 -0.274967 0.650604
v 0.358883 -0.295271 0.643548
v 0.358883 -0.311557 0.623541
v 0.358883 -0.274967 0.650604
v 0.793451 -0.311556 0.623541
v 0.852267 -0.311556 -0.061511
v 0.793450 -0.311556 -0.065754
v 0.909635 -0.311556 -0.048886
v 0.964142 -0.311556 -0.028190
v 1.014447 -0.311556 0.000068
v 1.059309 -0.311556 0.035191
v 1.097626 -0.311556 0.076315
v 1.128452 -0.311556 0.122427
v 1.151030 -0.311556 0.172392
v 1.164803 -0.311556 0.224979
v 1.169432 -0.311556 0.278894
v 1.164803 -0.311556 0.332809
v 1.151030 -0.311556 0.385396
v 1.128452 -0.311556 0.435361
v 1.097626 -0.311556 0.481473
v 1.059309 -0.311556 0.522596
v 1.014447 -0.311556 0.557719
v 0.964142 -0.311556 0.585977
v 0.909635 -0.311556 0.606673
v 0.852267 -0.311556 0.619298
v 0.358882 -0.311557 -0.065754
v 0.358883 -0.311557 0.623541
v 0.793451 0.491496 0.076400
v 0.852268 0.507782 0.100649
v 0.793451 0.507782 0.096406
v 0.855682 0.491496 0.080889
v 0.909636 0.507783 0.113275
v 0.916380 0.491496 0.094247
v 0.964143 0.507783 0.133971
v 0.974051 0.491497 0.116144
v 1.014447 0.507783 0.162228
v 1.027276 0.491497 0.146042
v 1.059310 0.507783 0.197351
v 1.074743 0.491497 0.183204
v 1.097626 0.507783 0.238475
v 1.115284 0.491497 0.226715
v 1.128453 0.507783 0.284587
v 1.147900 0.491497 0.275504
v 1.151030 0.507783 0.334552
v 1.171788 0.491497 0.328370
v 1.164803 0.507783 0.387139
v 1.186360 0.491497 0.384010
v 1.169432 0.507783 0.441054
v 1.191258 0.491497 0.441054
v 1.164803 0.507783 0.494969
v 1.186360 0.491497 0.498099
v 1.151030 0.507783 0.547556
v 1.171788 0.491497 0.553738
v 1.128453 0.507783 0.597521
v 1.147900 0.491497 0.606604
v 1.097626 0.507782 0.643633
v 1.115283 0.491497 0.655392
v 1.059310 0.507782 0.684757
v 1.074743 0.491497 0.698904
v 1.014447 0.507782 0.719880
v 1.027276 0.491496 0.736066
v 0.964143 0.507782 0.748137
v 0.974051 0.491496 0.765963
v 0.909635 0.507782 0.768833
v 0.916380 0.491496 0.787861
v 0.852267 0.507782 0.781458
v 0.855681 0.491496 0.801219
v 0.793451 0.507782 0.785701
v 0.793451 0.491496 0.805708
v 1.154758 0.471193 0.609807
v 1.179109 0.471193 0.555919
v 1.121511 0.471193 0.659540
v 1.080186 0.471193 0.703893
v 1.031800 0.471193 0.741774
v 0.977546 0.471193 0.772250
v 0.918759 0.471193 0.794572
v 0.856885 0.471193 0.808188
v 0.793451 0.471193 0.812764
v 0.000000 0.491496 0.805708
v 0.000000 0.507782 0.785701
v 0.000000 0.471193 0.812764
v 1.193963 0.471193 0.499202
v 1.179109 0.471193 0.555919
v 1.198955 0.471194 0.441054
v 1.193963 0.471194 0.382906
v 1.179109 0.471194 0.326189
v 1.154758 0.471194 0.272301
v 1.179109 0.471194 0.326189
v 1.121511 0.471193 0.222568
v 1.080186 0.471193 0.178215
v 1.031800 0.471193 0.140334
v 0.977546 0.471193 0.109857
v 0.918759 0.471193 0.087536
v 0.856886 0.471193 0.073920
v 0.793451 0.471193 0.069343
v 0.448962 0.491496 0.076399
v 0.445865 0.507782 0.096406
v 0.450054 0.471193 0.069343
v 0.793451 0.507782 0.096406
v 0.852267 0.507782 0.781458
v 0.793451 0.507782 0.785701
v 0.909635 0.507782 0.768833
v 0.964143 0.507782 0.748137
v 1.014447 0.507782 0.719880
v 1.059310 0.507782 0.684757
v 1.097626 0.507782 0.643633
v 1.128453 0.507783 0.597521
v 1.151030 0.507783 0.547556
v 1.164803 0.507783 0.494969
v 1.169432 0.507783 0.441054
v 1.164803 0.507783 0.387139
v 1.151030 0.507783 0.334552
v 1.128453 0.507783 0.284587
v 1.097626 0.507783 0.238475
v 1.059310 0.507783 0.197351
v 1.014447 0.507783 0.162228
v 0.964143 0.507783 0.133971
v 0.909636 0.507783 0.113275
v 0.852268 0.507782 0.100649
v 0.445865 0.507782 0.096406
v 0.436607 0.507782 0.156207
v 0.391318 0.507782 0.249192
v 0.000000 0.507782 0.785701
v 0.319272 0.507782 0.329040
v 0.225381 0.507782 0.390310
v 0.116043 0.507782 0.428825
v 0.000000 0.507782 0.441818
v 0.793451 0.450890 0.805708
v 0.852267 0.434604 0.781458
v 0.793451 0.434603 0.785701
v 0.855681 0.450890 0.801219
v 0.909635 0.434604 0.768833
v 0.916380 0.450890 0.787861
v 0.964142 0.434604 0.748137
v 0.974051 0.450890 0.765963
v 1.014447 0.434604 0.719880
v 1.027276 0.450890 0.736066
v 1.059309 0.434604 0.684757
v 1.074742 0.450890 0.698904
v 1.097626 0.434604 0.643633
v 1.115283 0.450890 0.655392
v 1.128452 0.434604 0.597521
v 1.147899 0.450890 0.606604
v 1.151030 0.434604 0.547556
v 1.171788 0.450890 0.553738
v 1.164803 0.434604 0.494969
v 1.186360 0.450890 0.498099
v 1.169432 0.434604 0.441054
v 1.191257 0.450890 0.441054
v 1.164803 0.434604 0.387139
v 1.186360 0.450890 0.384009
v 1.151030 0.434604 0.334552
v 1.171788 0.450890 0.328369
v 1.128452 0.434604 0.284587
v 1.147899 0.450890 0.275504
v 1.097626 0.434604 0.238475
v 1.115283 0.450890 0.226715
v 1.059309 0.434604 0.197351
v 1.074742 0.450890 0.183204
v 1.014447 0.434604 0.162228
v 1.027276 0.450890 0.146042
v 0.964142 0.434604 0.133971
v 0.974051 0.450890 0.116144
v 0.909635 0.434604 0.113275
v 0.916380 0.450890 0.094247
v 0.852267 0.434604 0.100650
v 0.855681 0.450890 0.080889
v 0.793450 0.434604 0.096406
v 0.793450 0.450890 0.076400
v 1.154758 0.471194 0.272301
v 1.179109 0.471194 0.326189
v 1.121511 0.471193 0.222568
v 1.080186 0.471193 0.178215
v 1.031800 0.471193 0.140334
v 0.977546 0.471193 0.109857
v 0.918759 0.471193 0.087536
v 0.856886 0.471193 0.073920
v 0.793451 0.471193 0.069343
v 0.448962 0.450890 0.076400
v 0.445865 0.434604 0.096406
v 0.450054 0.471193 0.069343
v 1.193963 0.471194 0.382906
v 1.179109 0.471194 0.326189
v 1.198955 0.471194 0.441054
v 1.193963 0.471193 0.499202
v 1.179109 0.471193 0.555919
v 1.154758 0.471193 0.609807
v 1.179109 0.471193 0.555919
v 1.121511 0.471193 0.659540
v 1.080186 0.471193 0.703893
v 1.031800 0.471193 0.741774
v 0.977546 0.471193 0.772250
v 0.918759 0.471193 0.794572
v 0.856885 0.471193 0.808188
v 0.793451 0.471193 0.812764
v 0.000000 0.450889 0.805708
v 0.000000 0.434603 0.785701
v 0.000000 0.471193 0.812764
v 0.793451 0.434603 0.785701
v 0.852267 0.434604 0.100650
v 0.793450 0.434604 0.096406
v 0.909635 0.434604 0.113275
v 0.964142 0.434604 0.133971
v 1.014447 0.434604 0.162228
v 1.059309 0.434604 0.197351
v 1.097626 0.434604 0.238475
v 1.128452 0.434604 0.284587
v 1.151030 0.434604 0.334552
v 1.164803 0.434604 0.387139
v 1.169432 0.434604 0.441054
v 1.164803 0.434604 0.494969
v 1.151030 0.434604 0.547556
v 1.128452 0.434604 0.597521
v 1.097626 0.434604 0.643633
v 1.059309 0.434604 0.684757
v 1.014447 0.434604 0.719880
v 0.964142 0.434604 0.748137
v 0.909635 0.434604 0.768833
v 0.852267 0.434604 0.781458
v 0.391318 0.434604 0.249192
v 0.000000 0.434603 0.785701
v 0.319272 0.434604 0.329040
v 0.225381 0.434604 0.390310
v 0.116043 0.434603 0.428825
v 0.000000 0.434603 0.441818
v 0.436607 0.434604 0.156207
v 0.445865 0.434604 0.096406
v 0.391318 0.507782 0.249192
v 0.436607 0.434604 0.156207
v 0.436607 0.507782 0.156207
v 0.391318 0.434604 0.249192
v 0.445865 0.507782 0.096406
v 0.445865 0.434604 0.096406
v 0.448962 0.450890 0.076400
v 0.448962 0.491496 0.076399
v 0.450054 0.471193 0.069343
v 0.319272 0.507782 0.329040
v 0.319272 0.434604 0.329040
v 0.225381 0.507782 0.390310
v 0.225381 0.434604 0.390310
v 0.116043 0.507782 0.428825
v 0.116043 0.434603 0.428825
v 0.000000 0.507782 0.441818
v 0.000000 0.434603 0.441818
v -0.001292 0.434603 0.441962
v -0.001292 0.507782 0.441962
v -0.742567 -0.237742 0.464282
v -0.749455 -0.198747 0.420829
v -0.749455 -0.237742 0.420829
v -0.742567 -0.198747 0.464282
v -0.768274 -0.198747 0.389018
v -0.768274 -0.237742 0.389018
v -0.793981 -0.198747 0.377375
v -0.793981 -0.237742 0.377375
v -0.819688 -0.198747 0.389018
v -0.819688 -0.237742 0.389018
v -0.749455 -0.237742 0.507736
v -0.749455 -0.198747 0.507736
v -0.768274 -0.237742 0.539546
v -0.768274 -0.198747 0.539546
v -0.793981 -0.237742 0.551190
v -0.793981 -0.198747 0.551190
v -0.819688 -0.237742 0.539546
v -0.819688 -0.198747 0.539546
v -0.838507 -0.237742 0.507736
v -0.838507 -0.198747 0.507736
v -0.845396 -0.237742 0.464282
v -0.845396 -0.198747 0.464282
v -0.838507 -0.237742 0.420829
v -0.838507 -0.198747 0.420829
v -0.819688 -0.237742 0.389018
v -0.819688 -0.198747 0.389018
v -0.742567 0.397084 0.626443
v -0.749455 0.445099 0.582989
v -0.749455 0.397084 0.582989
v -0.742567 0.445099 0.626442
v -0.768274 0.445099 0.551179
v -0.768274 0.397084 0.551179
v -0.793981 0.445099 0.539535
v -0.793981 0.397084 0.539535
v -0.819688 0.445099 0.551179
v -0.819688 0.397084 0.551179
v -0.749455 0.397084 0.669896
v -0.749455 0.445099 0.669896
v -0.768274 0.397084 0.701707
v -0.768274 0.445099 0.701706
v -0.793981 0.397084 0.713350
v -0.793981 0.445099 0.713350
v -0.819688 0.397084 0.701706
v -0.819688 0.445099 0.701706
v -0.838507 0.397084 0.669896
v -0.838507 0.445099 0.669896
v -0.845396 0.397084 0.626443
v -0.845396 0.445099 0.626442
v -0.838507 0.397084 0.582989
v -0.838507 0.445099 0.582989
v -0.819688 0.397084 0.551179
v -0.819688 0.445099 0.551179
v -0.761591 -0.201350 0.464282
v -0.765930 0.397084 0.599067
v -0.765930 -0.201350 0.436907
v -0.761591 0.397084 0.626442
v -0.777786 0.397084 0.579027
v -0.777786 -0.201350 0.416867
v -0.793981 0.397084 0.571692
v -0.793981 -0.201350 0.409531
v -0.810177 0.397084 0.579027
v -0.810177 -0.201350 0.416867
v -0.765930 -0.201350 0.491658
v -0.765930 0.397084 0.653818
v -0.777786 -0.201349 0.511698
v -0.777786 0.397084 0.673858
v -0.793981 -0.201349 0.519033
v -0.793981 0.397084 0.681193
v -0.810177 -0.201349 0.511698
v -0.810177 0.397084 0.673858
v -0.822032 -0.201350 0.491658
v -0.822032 0.397084 0.653818
v -0.826372 -0.201350 0.464282
v -0.826372 0.397084 0.626442
v -0.822032 -0.201350 0.436907
v -0.822032 0.397084 0.599067
v -0.810177 -0.201350 0.416867
v -0.810177 0.397084 0.579027
v -0.749455 0.397084 0.669896
v -0.793981 0.397084 0.713350
v -0.768274 0.397084 0.701707
v -0.749455 0.397084 0.582989
v -0.838507 0.397084 0.582989
v -0.838507 0.397084 0.669896
v -0.819688 0.397084 0.701706
v -0.845396 0.397084 0.626443
v -0.793981 0.397084 0.539535
v -0.819688 0.397084 0.551179
v -0.768274 0.397084 0.551179
v -0.742567 0.397084 0.626443
v -0.768274 -0.198747 0.389018
v -0.819688 -0.198747 0.389018
v -0.793981 -0.198747 0.377375
v -0.742567 -0.198747 0.464282
v -0.819688 -0.198747 0.539546
v -0.845396 -0.198747 0.464282
v -0.838507 -0.198747 0.420829
v -0.838507 -0.198747 0.507736
v -0.768274 -0.198747 0.539546
v -0.793981 -0.198747 0.551190
v -0.749455 -0.198747 0.507736
v -0.749455 -0.198747 0.420829
v -0.742567 -0.237742 0.109431
v -0.749455 -0.198747 0.065977
v -0.749455 -0.237742 0.065977
v -0.742567 -0.198747 0.109431
v -0.768274 -0.198747 0.034167
v -0.768274 -0.237742 0.034167
v -0.793981 -0.198747 0.022524
v -0.793981 -0.237742 0.022524
v -0.819688 -0.198747 0.034167
v -0.819688 -0.237742 0.034167
v -0.749455 -0.237742 0.152884
v -0.749455 -0.198747 0.152885
v -0.768274 -0.237742 0.184695
v -0.768274 -0.198747 0.184695
v -0.793981 -0.237742 0.196338
v -0.793981 -0.198747 0.196338
v -0.819688 -0.237742 0.184695
v -0.819688 -0.198747 0.184695
v -0.838507 -0.237742 0.152884
v -0.838507 -0.198747 0.152884
v -0.845396 -0.237742 0.109431
v -0.845396 -0.198747 0.109431
v -0.838507 -0.237742 0.065977
v -0.838507 -0.198747 0.065977
v -0.819688 -0.237742 0.034167
v -0.819688 -0.198747 0.034167
v -0.742567 0.397084 0.271591
v -0.749455 0.445099 0.228137
v -0.749455 0.397084 0.228137
v -0.742567 0.445099 0.271591
v -0.768274 0.445099 0.196327
v -0.768274 0.397084 0.196327
v -0.793981 0.445099 0.184684
v -0.793981 0.397084 0.184684
v -0.819688 0.445099 0.196327
v -0.819688 0.397084 0.196327
v -0.749455 0.397084 0.315045
v -0.749455 0.445099 0.315045
v -0.768274 0.397084 0.346855
v -0.768274 0.445099 0.346855
v -0.793981 0.397084 0.358498
v -0.793981 0.445099 0.358498
v -0.819688 0.397084 0.346855
v -0.819688 0.445099 0.346855
v -0.838507 0.397084 0.315045
v -0.838507 0.445099 0.315045
v -0.845396 0.397084 0.271591
v -0.845396 0.445099 0.271591
v -0.838507 0.397084 0.228137
v -0.838507 0.445099 0.228137
v -0.819688 0.397084 0.196327
v -0.819688 0.445099 0.196327
v -0.761591 -0.201349 0.109431
v -0.765930 0.397084 0.244216
v -0.765930 -0.201349 0.082055
v -0.761591 0.397084 0.271591
v -0.777786 0.397084 0.224175
v -0.777786 -0.201350 0.062015
v -0.793981 0.397084 0.216840
v -0.793981 -0.201350 0.054680
v -0.810177 0.397084 0.224175
v -0.810177 -0.201350 0.062015
v -0.765930 -0.201349 0.136806
v -0.765930 0.397084 0.298967
v -0.777786 -0.201349 0.156847
v -0.777786 0.397084 0.319007
v -0.793981 -0.201349 0.164182
v -0.793981 0.397084 0.326342
v -0.810177 -0.201349 0.156847
v -0.810177 0.397084 0.319007
v -0.822032 -0.201349 0.136806
v -0.822032 0.397084 0.298967
v -0.826372 -0.201349 0.109431
v -0.826372 0.397084 0.271591
v -0.822032 -0.201349 0.082055
v -0.822032 0.397084 0.244216
v -0.810177 -0.201350 0.062015
v -0.810177 0.397084 0.224175
v -0.749455 0.397084 0.315045
v -0.793981 0.397084 0.358498
v -0.768274 0.397084 0.346855
v -0.749455 0.397084 0.228137
v -0.838507 0.397084 0.228137
v -0.838507 0.397084 0.315045
v -0.819688 0.397084 0.346855
v -0.845396 0.397084 0.271591
v -0.793981 0.397084 0.184684
v -0.819688 0.397084 0.196327
v -0.768274 0.397084 0.196327
v -0.742567 0.397084 0.271591
v -0.768274 -0.198747 0.034167
v -0.819688 -0.198747 0.034167
v -0.793981 -0.198747 0.022524
v -0.742567 -0.198747 0.109431
v -0.819688 -0.198747 0.184695
v -0.845396 -0.198747 0.109431
v -0.838507 -0.198747 0.065977
v -0.838507 -0.198747 0.152884
v -0.768274 -0.198747 0.184695
v -0.793981 -0.198747 0.196338
v -0.749455 -0.198747 0.152885
v -0.749455 -0.198747 0.065977
v 0.846280 -0.237742 0.464282
v 0.839392 -0.198747 0.420829
v 0.839392 -0.237742 0.420829
v 0.846280 -0.198747 0.464282
v 0.820573 -0.198747 0.389018
v 0.820573 -0.237742 0.389018
v 0.794865 -0.198747 0.377375
v 0.794865 -0.237742 0.377375
v 0.769158 -0.198747 0.389018
v 0.769158 -0.237742 0.389018
v 0.839392 -0.237742 0.507736
v 0.839392 -0.198747 0.507736
v 0.820573 -0.237742 0.539546
v 0.820573 -0.198747 0.539546
v 0.794865 -0.237742 0.551190
v 0.794865 -0.198747 0.551190
v 0.769158 -0.237742 0.539546
v 0.769158 -0.198747 0.539546
v 0.750339 -0.237742 0.507736
v 0.750339 -0.198747 0.507736
v 0.743451 -0.237742 0.464282
v 0.743451 -0.198747 0.464282
v 0.750339 -0.237742 0.420829
v 0.750339 -0.198747 0.420829
v 0.769158 -0.237742 0.389018
v 0.769158 -0.198747 0.389018
v 0.846280 0.397084 0.626443
v 0.839392 0.445099 0.582989
v 0.839392 0.397084 0.582989
v 0.846280 0.445099 0.626443
v 0.820573 0.445099 0.551179
v 0.820573 0.397084 0.551179
v 0.794865 0.445099 0.539535
v 0.794865 0.397084 0.539535
v 0.769158 0.445099 0.551179
v 0.769158 0.397084 0.551179
v 0.839392 0.397084 0.669896
v 0.839392 0.445099 0.669896
v 0.820573 0.397084 0.701707
v 0.820573 0.445099 0.701706
v 0.794865 0.397084 0.713350
v 0.794865 0.445099 0.713350
v 0.769158 0.397084 0.701706
v 0.769158 0.445099 0.701706
v 0.750339 0.397084 0.669896
v 0.750339 0.445099 0.669896
v 0.743451 0.397084 0.626443
v 0.743451 0.445099 0.626443
v 0.750339 0.397084 0.582989
v 0.750339 0.445099 0.582989
v 0.769158 0.397084 0.551179
v 0.769158 0.445099 0.551179
v 0.827256 -0.201350 0.464282
v 0.822917 0.397084 0.599067
v 0.822917 -0.201350 0.436907
v 0.827256 0.397084 0.626442
v 0.811061 0.397084 0.579027
v 0.811061 -0.201350 0.416867
v 0.794865 0.397084 0.571692
v 0.794865 -0.201350 0.409531
v 0.778670 0.397084 0.579027
v 0.778670 -0.201350 0.416867
v 0.822917 -0.201350 0.491658
v 0.822917 0.397084 0.653818
v 0.811061 -0.201349 0.511698
v 0.811061 0.397084 0.673858
v 0.794865 -0.201349 0.519033
v 0.794865 0.397084 0.681193
v 0.778670 -0.201349 0.511698
v 0.778670 0.397084 0.673858
v 0.766814 -0.201350 0.491658
v 0.766814 0.397084 0.653818
v 0.762475 -0.201350 0.464282
v 0.762475 0.397084 0.626442
v 0.766814 -0.201350 0.436907
v 0.766814 0.397084 0.599067
v 0.778670 -0.201350 0.416867
v 0.778670 0.397084 0.579027
v 0.839392 0.397084 0.669896
v 0.794865 0.397084 0.713350
v 0.820573 0.397084 0.701707
v 0.839392 0.397084 0.582989
v 0.750339 0.397084 0.582989
v 0.750339 0.397084 0.669896
v 0.769158 0.397084 0.701706
v 0.743451 0.397084 0.626443
v 0.794865 0.397084 0.539535
v 0.769158 0.397084 0.551179
v 0.820573 0.397084 0.551179
v 0.846280 0.397084 0.626443
v 0.820573 -0.198747 0.389018
v 0.769158 -0.198747 0.389018
v 0.794865 -0.198747 0.377375
v 0.846280 -0.198747 0.464282
v 0.769158 -0.198747 0.539546
v 0.743451 -0.198747 0.464282
v 0.750339 -0.198747 0.420829
v 0.750339 -0.198747 0.507736
v 0.820573 -0.198747 0.539546
v 0.794865 -0.198747 0.551190
v 0.839392 -0.198747 0.507736
v 0.839392 -0.198747 0.420829
v 0.846280 -0.237742 0.109431
v 0.839392 -0.198747 0.065977
v 0.839392 -0.237742 0.065977
v 0.846280 -0.198747 0.109431
v 0.820573 -0.198747 0.034167
v 0.820573 -0.237742 0.034167
v 0.794865 -0.198747 0.022524
v 0.794865 -0.237742 0.022524
v 0.769158 -0.198747 0.034167
v 0.769158 -0.237742 0.034167
v 0.839392 -0.237742 0.152884
v 0.839392 -0.198747 0.152885
v 0.820573 -0.237742 0.184695
v 0.820573 -0.198747 0.184695
v 0.794865 -0.237742 0.196338
v 0.794865 -0.198747 0.196338
v 0.769158 -0.237742 0.184695
v 0.769158 -0.198747 0.184695
v 0.750339 -0.237742 0.152884
v 0.750339 -0.198747 0.152884
v 0.743451 -0.237742 0.109431
v 0.743451 -0.198747 0.109431
v 0.750339 -0.237742 0.065977
v 0.750339 -0.198747 0.065977
v 0.769158 -0.237742 0.034167
v 0.769158 -0.198747 0.034167
v 0.846280 0.397084 0.271591
v 0.839392 0.445099 0.228137
v 0.839392 0.397084 0.228137
v 0.846280 0.445099 0.271591
v 0.820573 0.445099 0.196327
v 0.820573 0.397084 0.196327
v 0.794865 0.445099 0.184684
v 0.794865 0.397084 0.184684
v 0.769158 0.445099 0.196327
v 0.769158 0.397084 0.196327
v 0.839392 0.397084 0.315045
v 0.839392 0.445099 0.315045
v 0.820573 0.397084 0.346855
v 0.820573 0.445099 0.346855
v 0.794865 0.397084 0.358498
v 0.794865 0.445099 0.358498
v 0.769158 0.397084 0.346855
v 0.769158 0.445099 0.346855
v 0.750339 0.397084 0.315045
v 0.750339 0.445099 0.315045
v 0.743451 0.397084 0.271591
v 0.743451 0.445099 0.271591
v 0.750339 0.397084 0.228137
v 0.750339 0.445099 0.228137
v 0.769158 0.397084 0.196327
v 0.769158 0.445099 0.196327
v 0.827256 -0.201349 0.109431
v 0.822917 0.397084 0.244216
v 0.822917 -0.201349 0.082055
v 0.827256 0.397084 0.271591
v 0.811061 0.397084 0.224175
v 0.811061 -0.201350 0.062015
v 0.794865 0.397084 0.216840
v 0.794865 -0.201350 0.054680
v 0.778670 0.397084 0.224175
v 0.778670 -0.201350 0.062015
v 0.822917 -0.201349 0.136806
v 0.822917 0.397084 0.298967
v 0.811061 -0.201349 0.156847
v 0.811061 0.397084 0.319007
v 0.794865 -0.201349 0.164182
v 0.794865 0.397084 0.326342
v 0.778670 -0.201349 0.156847
v 0.778670 0.397084 0.319007
v 0.766814 -0.201349 0.136806
v 0.766814 0.397084 0.298967
v 0.762475 -0.201349 0.109431
v 0.762475 0.397084 0.271591
v 0.766814 -0.201349 0.082055
v 0.766814 0.397084 0.244216
v 0.778670 -0.201350 0.062015
v 0.778670 0.397084 0.224175
v 0.839392 0.397084 0.315045
v 0.794865 0.397084 0.358498
v 0.820573 0.397084 0.346855
v 0.839392 0.397084 0.228137
v 0.750339 0.397084 0.228137
v 0.750339 0.397084 0.315045
v 0.769158 0.397084 0.346855
v 0.743451 0.397084 0.271591
v 0.794865 0.397084 0.184684
v 0.769158 0.397084 0.196327
v 0.820573 0.397084 0.196327
v 0.846280 0.397084 0.271591
v 0.820573 -0.198747 0.034167
v 0.769158 -0.198747 0.034167
v 0.794865 -0.198747 0.022524
v 0.846280 -0.198747 0.109431
v 0.769158 -0.198747 0.184695
v 0.743451 -0.198747 0.109431
v 0.750339 -0.198747 0.065977
v 0.750339 -0.198747 0.152884
v 0.820573 -0.198747 0.184695
v 0.794865 -0.198747 0.196338
v 0.839392 -0.198747 0.152885
v 0.839392 -0.198747 0.065977
vn -0.9230 0.3197 0.2143
vn -0.9247 0.3161 0.2119
vn -1.0000 0.0021 0.0014
vn -1.0000 -0.0021 -0.0014
vn -0.7083 0.5864 0.3930
vn -0.7058 0.5885 0.3944
vn -0.3835 0.7672 0.5142
vn -0.3817 0.7678 0.5146
vn -0.9247 -0.3161 -0.2119
vn -0.9230 -0.3197 -0.2143
vn -0.7083 -0.5864 -0.3930
vn -0.7058 -0.5885 -0.3944
vn -0.3835 -0.7672 -0.5142
vn -0.3817 -0.7678 -0.5146
vn -0.0000 -0.8307 -0.5567
vn 0.3835 -0.7672 -0.5142
vn 0.3817 -0.7678 -0.5146
vn 0.7083 -0.5864 -0.3930
vn 0.7058 -0.5885 -0.3944
vn 0.9247 -0.3161 -0.2119
vn 0.9230 -0.3197 -0.2143
vn 1.0000 0.0021 0.0014
vn 1.0000 -0.0021 -0.0014
vn 0.9230 0.3197 0.2143
vn 0.9247 0.3161 0.2119
vn 0.7058 0.5885 0.3944
vn 0.7083 0.5864 0.3930
vn 0.3817 0.7678 0.5146
vn 0.3835 0.7672 0.5142
vn -0.0000 0.8307 0.5567
vn -0.0000 0.5736 -0.8192
vn -0.4562 -0.3440 0.8207
vn -0.6971 -0.1398 0.7032
vn -0.4938 -0.4988 0.7123
vn -0.7546 -0.3764 0.5375
vn -0.5336 0.0607 0.8436
vn -0.3491 -0.2128 0.9126
vn -0.2888 0.1947 0.9374
vn -0.1890 -0.1251 0.9740
vn -0.0000 0.2417 0.9703
vn -0.0000 -0.0943 0.9955
vn -0.4562 -0.6536 0.6040
vn -0.6971 -0.6129 0.3719
vn -0.3491 -0.7848 0.5121
vn -0.5336 -0.8135 0.2315
vn -0.1890 -0.8725 0.4507
vn -0.2888 -0.9475 0.1377
vn -0.0000 -0.9032 0.4291
vn -0.0000 -0.9945 0.1047
vn 0.1890 -0.8725 0.4507
vn 0.2888 -0.9475 0.1377
vn 0.3491 -0.7848 0.5121
vn 0.5336 -0.8135 0.2315
vn 0.4562 -0.6536 0.6040
vn 0.6971 -0.6129 0.3719
vn 0.4938 -0.4988 0.7123
vn 0.7546 -0.3764 0.5375
vn 0.4562 -0.3440 0.8207
vn 0.6971 -0.1398 0.7032
vn 0.3491 -0.2128 0.9126
vn 0.5336 0.0607 0.8436
vn 0.1890 -0.1251 0.9740
vn 0.2888 0.1947 0.9374
vn 0.3744 0.6220 0.6877
vn -0.0000 0.6830 0.7304
vn 0.6919 0.4482 0.5661
vn 0.9039 0.1882 0.3840
vn 0.9784 -0.1185 0.1692
vn 0.9039 -0.4252 -0.0455
vn 0.6919 -0.6852 -0.2276
vn 0.3744 -0.8590 -0.3493
vn -0.0000 -0.9200 -0.3920
vn -0.3744 -0.8590 -0.3493
vn -0.6919 -0.6852 -0.2276
vn -0.9039 -0.4252 -0.0455
vn -0.9784 -0.1185 0.1692
vn -0.9039 0.1882 0.3840
vn -0.6919 0.4482 0.5661
vn -0.3744 0.6220 0.6877
vn -0.9039 0.4252 0.0455
vn -0.9784 0.1185 -0.1692
vn -0.6919 0.6852 0.2276
vn -0.3744 0.8590 0.3493
vn -0.0000 0.9200 0.3920
vn -0.6971 0.6129 -0.3719
vn -0.7546 0.3764 -0.5375
vn -0.5336 0.8135 -0.2315
vn -0.2888 0.9475 -0.1377
vn -0.0000 0.9945 -0.1047
vn -0.9039 -0.1882 -0.3840
vn -0.6919 -0.4482 -0.5661
vn -0.3744 -0.6220 -0.6877
vn -0.0000 -0.6830 -0.7304
vn 0.3744 -0.6220 -0.6877
vn 0.6919 -0.4482 -0.5661
vn 0.9039 -0.1882 -0.3840
vn 0.9784 0.1185 -0.1692
vn 0.9039 0.4252 0.0455
vn 0.6919 0.6852 0.2276
vn 0.3744 0.8590 0.3492
vn 0.2888 0.9475 -0.1377
vn 0.5336 0.8135 -0.2315
vn 0.6971 0.6129 -0.3719
vn 0.7546 0.3764 -0.5375
vn 0.6971 0.1398 -0.7032
vn 0.5336 -0.0607 -0.8436
vn 0.2888 -0.1947 -0.9374
vn -0.0000 -0.2417 -0.9703
vn -0.2888 -0.1947 -0.9374
vn -0.5336 -0.0607 -0.8436
vn -0.6971 0.1398 -0.7032
vn 0.4562 0.3440 -0.8207
vn 0.3491 0.2128 -0.9126
vn 0.1890 0.1251 -0.9740
vn -0.0000 0.0943 -0.9955
vn -0.1890 0.1251 -0.9740
vn -0.3491 0.2128 -0.9126
vn -0.4562 0.3440 -0.8207
vn -0.4938 0.4988 -0.7123
vn -0.4562 0.6536 -0.6040
vn -0.3491 0.7848 -0.5121
vn -0.1890 0.8725 -0.4507
vn -0.0000 0.9032 -0.4291
vn 0.1890 0.8725 -0.4507
vn 0.3491 0.7848 -0.5121
vn 0.4562 0.6536 -0.6040
vn 0.4938 0.4988 -0.7123
vn -0.0000 -0.5736 0.8192
vn -0.1934 0.9811 0.0084
vn -0.1956 0.9807 0.0023
vn -0.0000 1.0000 0.0033
vn -0.0000 1.0000 0.0002
vn -0.3817 0.9242 0.0097
vn -0.3726 0.9279 0.0128
vn -0.4542 0.8907 0.0175
vn -0.5489 0.8354 0.0283
vn -0.5445 0.8383 0.0275
vn -0.6088 0.7923 0.0400
vn -0.7035 0.7092 0.0449
vn -0.6969 0.7161 0.0400
vn -0.7426 0.6676 0.0534
vn -0.8317 0.5530 0.0494
vn -0.8550 0.5166 0.0464
vn -0.9246 0.3791 0.0379
vn -0.9243 0.3795 0.0406
vn -0.9813 0.1911 0.0243
vn -0.9807 0.1927 0.0319
vn -0.9999 0.0049 0.0116
vn -0.9997 -0.0027 0.0239
vn -0.9824 -0.1861 0.0130
vn -0.9803 -0.1966 0.0174
vn -0.9254 -0.3786 0.0176
vn -0.9234 -0.3836 0.0133
vn -0.8344 -0.5511 0.0134
vn -0.8311 -0.5560 0.0110
vn -0.7111 -0.7031 0.0098
vn -0.7125 -0.7017 0.0073
vn -0.5609 -0.8279 0.0046
vn -0.5635 -0.8261 0.0023
vn -0.3864 -0.9223 0.0008
vn -0.3825 -0.9239 0.0016
vn -0.1970 -0.9804 -0.0004
vn -0.1948 -0.9808 0.0012
vn -0.0000 -1.0000 -0.0008
vn -0.0000 -1.0000 0.0011
vn -0.9396 -0.3402 -0.0370
vn -0.9879 -0.1477 -0.0462
vn -0.9989 -0.0187 -0.0431
vn -0.9911 0.1304 -0.0256
vn -0.3845 -0.9228 -0.0250
vn -0.5574 -0.8298 -0.0277
vn -0.1966 -0.9802 -0.0221
vn -0.0000 -0.9998 -0.0202
vn -0.9870 -0.0413 -0.1554
vn -0.9836 0.0831 -0.1601
vn -0.9817 0.1807 -0.0594
vn -0.9769 0.2134 0.0101
vn -0.9891 0.1328 -0.0629
vn -0.9766 0.2075 -0.0571
vn -0.9402 0.3080 -0.1453
vn -0.8811 0.4385 -0.1771
vn -0.9759 -0.1486 -0.1597
vn -0.9334 -0.3215 -0.1591
vn -0.8288 -0.5417 -0.1403
vn -0.8321 -0.5539 -0.0291
vn -0.7082 -0.7054 -0.0291
vn -0.7037 -0.6994 -0.1253
vn -0.5567 -0.8231 -0.1123
vn -0.3874 -0.9163 -0.1013
vn -0.1994 -0.9754 -0.0938
vn -0.0000 -0.9957 -0.0924
vn -0.6909 -0.6446 -0.3273
vn -0.8032 -0.4785 -0.3549
vn -0.8805 -0.2985 -0.3683
vn -0.9192 -0.1536 -0.3625
vn -0.9306 -0.0076 -0.3661
vn -0.9239 0.0964 -0.3703
vn -0.9103 0.2116 -0.3557
vn -0.9135 0.3274 -0.2417
vn -0.8877 0.3978 -0.2320
vn -0.8442 0.4272 -0.3239
vn -0.7896 0.5773 -0.2082
vn -0.7477 0.6436 -0.1632
vn -0.7124 0.6496 -0.2656
vn -0.6279 0.7650 -0.1433
vn -0.6148 0.7226 -0.3161
vn -0.7192 0.6001 -0.3501
vn -0.5975 0.7552 -0.2696
vn -0.5703 0.7630 -0.3042
vn -0.4040 0.8860 -0.2277
vn -0.4322 0.8832 -0.1819
vn -0.8108 0.4077 -0.4199
vn -0.8659 0.2059 -0.4559
vn -0.8795 0.0915 -0.4671
vn -0.8731 -0.0036 -0.4875
vn -0.8484 -0.1371 -0.5113
vn -0.8048 -0.2676 -0.5298
vn -0.7402 -0.3960 -0.5433
vn -0.6519 -0.5268 -0.5455
vn -0.5139 -0.6663 -0.5403
vn -0.5530 -0.7759 -0.3036
vn -0.3931 -0.8739 -0.2860
vn -0.2056 -0.9413 -0.2679
vn -0.0000 -0.9653 -0.2610
vn -0.3685 -0.7599 -0.5355
vn -0.2092 -0.8239 -0.5268
vn -0.0000 -0.8534 -0.5213
vn -0.4753 -0.5655 -0.6741
vn -0.6175 -0.4608 -0.6374
vn -0.3366 -0.6350 -0.6953
vn -0.1986 -0.6792 -0.7066
vn -0.0000 -0.7021 -0.7121
vn -0.4499 -0.5765 -0.6821
vn -0.6206 -0.4703 -0.6274
vn -0.7150 -0.3556 -0.6020
vn -0.7882 -0.2425 -0.5657
vn -0.8404 -0.1242 -0.5275
vn -0.8742 -0.0003 -0.4855
vn -0.8843 0.1225 -0.4505
vn -0.8736 0.2500 -0.4176
vn -0.8389 0.4048 -0.3638
vn -0.7574 0.5845 -0.2910
vn -0.6443 0.7334 -0.2168
vn -0.4833 0.8623 -0.1514
vn -0.2250 0.9682 -0.1093
vn -0.2589 0.9606 -0.1008
vn -0.0000 0.9969 -0.0786
vn -0.0000 0.9960 -0.0890
vn -0.1950 0.9741 -0.1140
vn -0.0000 0.9967 -0.0818
vn -0.2732 0.9571 -0.0962
vn -0.0000 0.9953 -0.0969
vn -0.5048 0.8560 -0.1119
vn -0.6854 0.7103 -0.1603
vn -0.7984 0.5596 -0.2222
vn -0.8687 0.4030 -0.2879
vn -0.5604 0.8265 -0.0545
vn -0.6582 0.7505 -0.0595
vn -0.4390 0.8961 -0.0654
vn -0.7383 0.6685 -0.0893
vn -0.8599 0.4917 -0.1371
vn -0.9182 0.3481 -0.1889
vn -0.9460 0.2246 -0.2338
vn -0.9034 0.2594 -0.3413
vn -0.9137 0.1291 -0.3853
vn -0.9031 0.0027 -0.4295
vn -0.8734 -0.1181 -0.4724
vn -0.8222 -0.2360 -0.5180
vn -0.7402 -0.3544 -0.5714
vn -0.9544 0.1193 -0.2737
vn -0.9495 -0.0035 -0.3137
vn -0.9268 -0.1238 -0.3545
vn -0.8745 -0.2654 -0.4059
vn -0.7752 -0.4241 -0.4682
vn -0.6422 -0.5557 -0.5281
vn -0.4638 -0.6672 -0.5829
vn -0.2498 -0.7458 -0.6175
vn -0.2998 -0.6291 -0.7172
vn -0.1962 -0.6487 -0.7353
vn -0.0000 -0.6698 -0.7426
vn -0.7468 -0.4985 -0.4402
vn -0.0000 -0.2019 -0.9794
vn -0.0000 -0.2018 -0.9794
vn -0.6944 -0.5730 -0.4352
vn -0.8034 -0.4568 -0.3819
vn -0.8695 -0.3618 -0.3361
vn -0.9326 -0.2221 -0.2844
vn -0.9647 -0.1096 -0.2396
vn -0.9748 -0.0831 -0.2072
vn -0.9855 0.0047 -0.1695
vn -0.9738 0.1891 -0.1259
vn -0.7263 0.6852 -0.0544
vn -0.0000 1.0000 -0.0011
vn -0.8846 0.4651 0.0345
vn -0.9496 0.3119 0.0330
vn -0.9587 0.2827 0.0328
vn -0.9722 0.2323 0.0281
vn -0.2815 0.9478 -0.1501
vn -0.0935 0.8925 0.4413
vn -0.1357 0.9125 0.3859
vn -0.0000 0.9277 0.3733
vn -0.0000 0.9310 0.3650
vn -0.1490 0.9403 0.3059
vn -0.1357 0.9125 0.3860
vn -0.1490 0.9403 0.3058
vn -0.3282 0.9435 -0.0460
vn -0.3380 0.9389 -0.0642
vn -0.4778 0.8784 -0.0011
vn -0.5014 0.8644 0.0386
vn -0.4669 0.8537 0.2307
vn -0.4589 0.8487 0.2630
vn -0.4678 0.8618 0.1962
vn -0.5233 0.8341 0.1747
vn -0.5400 0.8105 0.2271
vn -0.4877 0.8167 0.3085
vn -0.4767 0.8290 0.2926
vn -0.4450 0.8388 0.3138
vn -0.4431 0.8301 0.3385
vn -0.4418 0.8364 0.3245
vn -0.4378 0.8479 0.2992
vn -0.4061 0.8696 0.2808
vn -0.4065 0.8670 0.2882
vn -0.4184 0.8703 0.2598
vn -0.4198 0.8729 0.2484
vn -0.4100 0.9015 0.1385
vn -0.4097 0.9029 0.1298
vn -0.4147 0.9099 -0.0081
vn -0.4122 0.9110 -0.0157
vn -0.3847 0.9189 -0.0869
vn -0.3872 0.9181 -0.0847
vn -0.4200 0.8992 -0.1224
vn -0.4271 0.8968 -0.1153
vn -0.4743 0.8565 -0.2035
vn -0.4800 0.8514 -0.2114
vn -0.4811 0.8397 -0.2518
vn -0.5260 0.8149 -0.2435
vn -0.5214 0.8184 -0.2417
vn -0.4673 0.8400 -0.2757
vn -0.4324 0.8411 -0.3250
vn -0.4951 0.8307 -0.2546
vn -0.5029 0.8453 -0.1805
vn -0.4838 0.8331 -0.2682
vn -0.5183 0.8432 -0.1427
vn -0.4837 0.8730 -0.0630
vn -0.5040 0.8602 -0.0769
vn -0.3577 0.9295 0.0897
vn -0.4637 0.8822 0.0817
vn -0.3379 0.9383 0.0733
vn -0.1380 0.9352 -0.3262
vn -0.1380 0.9290 -0.3434
vn -0.0000 0.9547 -0.2975
vn -0.0000 0.9560 -0.2934
vn 0.1007 -0.0000 0.9949
vn 0.1057 -0.0000 0.9944
vn -0.0000 -0.0000 1.0000
vn 0.2240 -0.0000 0.9746
vn 0.2112 -0.0000 0.9774
vn 0.3505 -0.0000 0.9366
vn 0.3298 -0.0000 0.9441
vn 0.4706 -0.0000 0.8823
vn 0.4506 -0.0000 0.8927
vn 0.6151 -0.0000 0.7884
vn 0.5825 -0.0000 0.8129
vn 0.7356 -0.0000 0.6774
vn 0.7212 -0.0000 0.6928
vn 0.8273 -0.0000 0.5617
vn 0.8085 -0.0000 0.5885
vn 0.8975 -0.0000 0.4410
vn 0.8906 -0.0000 0.4548
vn 0.9389 -0.0000 0.3441
vn 0.9334 -0.0000 0.3588
vn 0.9777 -0.0000 0.2098
vn 0.9737 -0.0000 0.2279
vn 0.9952 -0.0000 0.0978
vn 0.9949 -0.0000 0.1011
vn 0.9992 -0.0000 0.0396
vn 0.9992 -0.0000 0.0397
vn 0.9996 -0.0000 -0.0288
vn 0.9995 -0.0000 -0.0313
vn 0.9963 -0.0000 -0.0865
vn 0.9961 -0.0000 -0.0885
vn 0.9848 -0.0000 -0.1734
vn 0.9824 -0.0000 -0.1865
vn 0.9515 -0.0000 -0.3076
vn 0.9455 -0.0000 -0.3256
vn 0.8608 -0.0000 -0.5089
vn 0.8333 -0.0000 -0.5528
vn 0.6705 -0.0000 -0.7419
vn 0.6292 -0.0000 -0.7773
vn 0.4545 -0.0000 -0.8907
vn 0.4207 -0.0000 -0.9072
vn 0.2676 -0.0000 -0.9635
vn 0.2487 -0.0000 -0.9686
vn 0.1078 -0.0000 -0.9942
vn 0.1004 -0.0000 -0.9949
vn -0.0000 -0.0000 -1.0000
vn -0.0000 1.0000 -0.0000
vn -0.1716 0.8633 -0.4747
vn -0.0000 0.8802 -0.4747
vn -0.3368 0.8132 -0.4746
vn -0.4890 0.7319 -0.4746
vn -0.4890 0.7318 -0.4746
vn -0.6224 0.6224 -0.4746
vn -0.7319 0.4891 -0.4745
vn -0.7319 0.4890 -0.4745
vn -0.8133 0.3369 -0.4744
vn -0.8133 0.3368 -0.4744
vn -0.8634 0.1718 -0.4743
vn -0.8634 0.1717 -0.4743
vn -0.8804 -0.0000 -0.4743
vn -0.8635 -0.1717 -0.4742
vn -0.8635 -0.1718 -0.4742
vn -0.8135 -0.3369 -0.4741
vn -0.8134 -0.3370 -0.4741
vn -0.7321 -0.4892 -0.4740
vn -0.6287 -0.6166 -0.4740
vn -0.6290 -0.6163 -0.4740
vn -0.4957 -0.7268 -0.4755
vn -0.4963 -0.7264 -0.4755
vn -0.3366 -0.8127 -0.4756
vn -0.3367 -0.8127 -0.4756
vn -0.1714 -0.8627 -0.4757
vn -0.1715 -0.8627 -0.4757
vn -0.0000 -0.8796 -0.4757
vn -0.1949 0.9808 -0.0000
vn -0.1947 0.9798 0.0448
vn -0.0000 0.9990 0.0448
vn -0.3823 0.9230 0.0448
vn -0.3827 0.9239 -0.0000
vn -0.5550 0.8306 0.0448
vn -0.5556 0.8315 -0.0000
vn -0.7064 0.7064 0.0448
vn -0.7071 0.7071 -0.0000
vn -0.8306 0.5550 0.0448
vn -0.8315 0.5556 -0.0000
vn -0.9230 0.3823 0.0448
vn -0.9239 0.3827 -0.0000
vn -0.9798 0.1949 0.0448
vn -0.9808 0.1951 -0.0000
vn -0.9990 -0.0000 0.0448
vn -1.0000 -0.0000 -0.0000
vn -0.9798 -0.1949 0.0448
vn -0.9808 -0.1951 -0.0000
vn -0.9230 -0.3823 0.0448
vn -0.9239 -0.3827 -0.0000
vn -0.8306 -0.5550 0.0448
vn -0.8315 -0.5556 -0.0000
vn -0.7134 -0.6993 0.0448
vn -0.7141 -0.7000 -0.0000
vn -0.5633 -0.8251 0.0448
vn -0.5638 -0.8259 -0.0000
vn -0.3823 -0.9230 0.0448
vn -0.3827 -0.9239 -0.0000
vn -0.1947 -0.9798 0.0448
vn -0.1949 -0.9808 -0.0000
vn -0.0000 -0.9990 0.0448
vn -0.0000 -1.0000 -0.0000
vn -0.0656 0.0981 0.9930
vn -0.0834 0.0834 0.9930
vn -0.0452 0.1090 0.9930
vn -0.0000 0.1180 0.9930
vn -0.1180 -0.0000 0.9930
vn -0.1090 0.0452 0.9930
vn -0.0981 0.0656 0.9930
vn -0.1158 0.0230 0.9930
vn -0.0000 -0.1180 0.9930
vn -0.0837 -0.0820 0.9931
vn -0.1090 -0.0452 0.9930
vn -0.1157 -0.0230 0.9930
vn -0.0981 -0.0656 0.9930
vn -0.0451 -0.1090 0.9930
vn -0.0671 -0.0981 0.9929
vn -0.0230 -0.1158 0.9930
vn -0.0230 0.1158 0.9930
vn -0.0945 0.4755 0.8746
vn -0.0000 0.4847 0.8747
vn -0.1632 0.8213 0.5467
vn -0.0000 0.8373 0.5467
vn -0.1901 0.9563 0.2220
vn -0.0000 0.9750 0.2221
vn -0.3731 0.9008 0.2220
vn -0.5417 0.8107 0.2220
vn -0.6895 0.6895 0.2220
vn -0.8107 0.5417 0.2220
vn -0.9008 0.3731 0.2220
vn -0.9563 0.1902 0.2220
vn -0.9750 -0.0000 0.2220
vn -0.9563 -0.1902 0.2220
vn -0.9008 -0.3731 0.2220
vn -0.8107 -0.5417 0.2221
vn -0.6962 -0.6825 0.2222
vn -0.5498 -0.8052 0.2219
vn -0.3731 -0.9008 0.2220
vn -0.1901 -0.9563 0.2220
vn -0.0000 -0.9750 0.2221
vn -0.8212 -0.1634 0.5467
vn -0.8373 -0.0000 0.5467
vn -0.4848 -0.0000 0.8746
vn -0.4755 0.0946 0.8746
vn -0.8212 0.1634 0.5467
vn -0.4479 0.1855 0.8746
vn -0.7736 0.3204 0.5467
vn -0.4031 0.2693 0.8746
vn -0.6962 0.4652 0.5467
vn -0.3428 0.3428 0.8746
vn -0.5921 0.5921 0.5467
vn -0.2693 0.4031 0.8746
vn -0.4652 0.6962 0.5467
vn -0.1855 0.4479 0.8746
vn -0.3204 0.7736 0.5467
vn -0.4755 -0.0946 0.8746
vn -0.7736 -0.3204 0.5467
vn -0.4479 -0.1855 0.8746
vn -0.6962 -0.4652 0.5467
vn -0.4030 -0.2694 0.8746
vn -0.5977 -0.5859 0.5473
vn -0.3453 -0.3384 0.8754
vn -0.4725 -0.6917 0.5462
vn -0.2743 -0.4013 0.8739
vn -0.3203 -0.7736 0.5467
vn -0.1853 -0.4479 0.8747
vn -0.1632 -0.8213 0.5467
vn -0.0945 -0.4755 0.8746
vn -0.0000 -0.8373 0.5467
vn -0.0000 -0.4847 0.8747
vn -0.4636 -0.7397 -0.4878
vn -0.3874 -0.7649 -0.5147
vn -0.2325 -0.8107 -0.5373
vn -0.1176 -0.8255 -0.5520
vn 0.0198 -0.8271 -0.5618
vn 0.0001 -0.8244 -0.5661
vn 0.7468 -0.4985 -0.4402
vn 0.1962 -0.6487 -0.7353
vn 0.2998 -0.6291 -0.7172
vn 0.3367 -0.6350 -0.6953
vn 0.4753 -0.5655 -0.6741
vn 0.5139 -0.6663 -0.5403
vn 0.6519 -0.5268 -0.5455
vn 0.6909 -0.6446 -0.3273
vn 0.8032 -0.4785 -0.3549
vn 0.8288 -0.5417 -0.1403
vn 0.9334 -0.3215 -0.1591
vn 0.9396 -0.3402 -0.0370
vn 0.9879 -0.1477 -0.0462
vn 0.9824 -0.1861 0.0130
vn 0.9999 0.0049 0.0116
vn 0.9997 -0.0027 0.0239
vn 0.9807 0.1927 0.0319
vn 0.9813 0.1911 0.0243
vn 0.9243 0.3795 0.0406
vn 0.9246 0.3791 0.0379
vn 0.8317 0.5530 0.0494
vn 0.8550 0.5166 0.0464
vn 0.7426 0.6676 0.0534
vn 0.7035 0.7092 0.0449
vn 0.6969 0.7161 0.0400
vn 0.6088 0.7923 0.0400
vn 0.5489 0.8354 0.0283
vn 0.5445 0.8383 0.0275
vn 0.4542 0.8907 0.0175
vn 0.3817 0.9242 0.0097
vn 0.3726 0.9279 0.0128
vn 0.1934 0.9811 0.0084
vn 0.1956 0.9807 0.0023
vn 0.8846 0.4651 0.0345
vn 0.9495 0.3119 0.0330
vn 0.9587 0.2827 0.0328
vn 0.9722 0.2323 0.0281
vn 0.9911 0.1304 -0.0256
vn 0.9989 -0.0187 -0.0431
vn 0.9870 -0.0413 -0.1554
vn 0.9836 0.0831 -0.1601
vn 0.9817 0.1807 -0.0594
vn 0.9769 0.2134 0.0101
vn 0.9891 0.1328 -0.0629
vn 0.9766 0.2075 -0.0571
vn 0.9402 0.3080 -0.1453
vn 0.8811 0.4385 -0.1771
vn 0.9759 -0.1486 -0.1597
vn 0.9103 0.2116 -0.3557
vn 0.9135 0.3274 -0.2417
vn 0.8877 0.3978 -0.2320
vn 0.8442 0.4272 -0.3239
vn 0.7896 0.5773 -0.2082
vn 0.7477 0.6436 -0.1632
vn 0.7124 0.6496 -0.2656
vn 0.6278 0.7650 -0.1433
vn 0.6148 0.7226 -0.3161
vn 0.9239 0.0964 -0.3703
vn 0.9306 -0.0076 -0.3661
vn 0.9192 -0.1536 -0.3625
vn 0.8805 -0.2985 -0.3683
vn 0.7192 0.6001 -0.3501
vn 0.5975 0.7552 -0.2696
vn 0.5703 0.7630 -0.3042
vn 0.4040 0.8860 -0.2277
vn 0.4322 0.8832 -0.1819
vn 0.8731 -0.0036 -0.4875
vn 0.8795 0.0915 -0.4671
vn 0.8659 0.2059 -0.4559
vn 0.8108 0.4077 -0.4199
vn 0.6443 0.7334 -0.2168
vn 0.4833 0.8623 -0.1514
vn 0.2250 0.9682 -0.1093
vn 0.2589 0.9606 -0.1008
vn 0.1950 0.9741 -0.1140
vn 0.8736 0.2500 -0.4176
vn 0.8389 0.4048 -0.3638
vn 0.7574 0.5845 -0.2910
vn 0.2732 0.9571 -0.0962
vn 0.5048 0.8560 -0.1119
vn 0.6854 0.7103 -0.1603
vn 0.7984 0.5596 -0.2222
vn 0.8687 0.4030 -0.2879
vn 0.9034 0.2594 -0.3413
vn 0.9137 0.1291 -0.3853
vn 0.8843 0.1225 -0.4505
vn 0.8742 -0.0003 -0.4855
vn 0.8404 -0.1242 -0.5275
vn 0.8484 -0.1371 -0.5113
vn 0.8048 -0.2676 -0.5298
vn 0.7402 -0.3960 -0.5433
vn 0.7882 -0.2425 -0.5657
vn 0.7150 -0.3556 -0.6020
vn 0.6175 -0.4608 -0.6374
vn 0.8734 -0.1181 -0.4724
vn 0.9031 0.0027 -0.4295
vn 0.8222 -0.2360 -0.5180
vn 0.7402 -0.3544 -0.5714
vn 0.6206 -0.4703 -0.6274
vn 0.4499 -0.5765 -0.6821
vn 0.9268 -0.1238 -0.3545
vn 0.9495 -0.0035 -0.3137
vn 0.9544 0.1193 -0.2737
vn 0.9460 0.2246 -0.2338
vn 0.9182 0.3481 -0.1889
vn 0.8599 0.4917 -0.1371
vn 0.7383 0.6685 -0.0893
vn 0.4390 0.8961 -0.0654
vn 0.5604 0.8265 -0.0545
vn 0.7263 0.6852 -0.0544
vn 0.9738 0.1891 -0.1259
vn 0.9855 0.0047 -0.1695
vn 0.9748 -0.0831 -0.2072
vn 0.9647 -0.1096 -0.2396
vn 0.5604 0.8265 -0.0546
vn 0.9326 -0.2221 -0.2844
vn 0.8695 -0.3618 -0.3361
vn 0.8034 -0.4568 -0.3819
vn 0.8745 -0.2654 -0.4059
vn 0.7752 -0.4241 -0.4682
vn 0.6422 -0.5557 -0.5281
vn 0.4638 -0.6672 -0.5829
vn 0.2498 -0.7458 -0.6175
vn 0.6944 -0.5730 -0.4352
vn 0.4636 -0.7397 -0.4878
vn 0.3874 -0.7649 -0.5147
vn 0.2325 -0.8107 -0.5373
vn 0.1176 -0.8255 -0.5520
vn -0.0198 -0.8271 -0.5618
vn -0.0001 -0.8244 -0.5661
vn 0.1986 -0.6792 -0.7066
vn 0.3685 -0.7599 -0.5355
vn 0.5530 -0.7759 -0.3036
vn 0.7037 -0.6994 -0.1253
vn 0.8321 -0.5539 -0.0291
vn 0.9254 -0.3786 0.0176
vn 0.9803 -0.1966 0.0174
vn 0.9234 -0.3836 0.0133
vn 0.8344 -0.5511 0.0134
vn 0.8311 -0.5560 0.0110
vn 0.7111 -0.7031 0.0098
vn 0.7125 -0.7017 0.0073
vn 0.5609 -0.8279 0.0046
vn 0.5635 -0.8261 0.0023
vn 0.3864 -0.9223 0.0008
vn 0.3825 -0.9239 0.0016
vn 0.1970 -0.9804 -0.0004
vn 0.1948 -0.9808 0.0012
vn 0.7082 -0.7054 -0.0291
vn 0.5574 -0.8298 -0.0277
vn 0.3845 -0.9228 -0.0250
vn 0.1966 -0.9802 -0.0221
vn 0.5567 -0.8231 -0.1123
vn 0.3874 -0.9163 -0.1013
vn 0.1994 -0.9754 -0.0938
vn 0.3931 -0.8739 -0.2860
vn 0.2056 -0.9413 -0.2679
vn 0.2092 -0.8239 -0.5268
vn -0.1728 0.0242 -0.9847
vn -0.0000 0.1546 -0.9880
vn -0.1839 -0.1104 -0.9767
vn -0.0000 -0.0910 -0.9959
vn -0.1873 -0.2466 -0.9508
vn -0.0000 -0.2255 -0.9742
vn -0.2085 -0.3327 -0.9197
vn -0.0000 -0.3143 -0.9493
vn -0.2180 -0.4176 -0.8821
vn -0.0000 -0.4074 -0.9132
vn -0.2137 -0.5499 -0.8074
vn -0.0000 -0.5277 -0.8494
vn -0.2369 -0.6333 -0.7367
vn -0.0000 -0.6230 -0.7822
vn -0.2495 -0.6877 -0.6818
vn -0.0000 -0.6976 -0.7164
vn -0.2583 -0.7499 -0.6091
vn -0.0000 -0.7572 -0.6531
vn -0.3120 -0.7703 -0.5562
vn -0.0000 -0.7992 -0.6011
vn -0.3163 -0.7915 -0.5229
vn -0.0000 -0.8356 -0.5493
vn -0.3059 -0.8083 -0.5030
vn -0.0000 -0.8509 -0.5253
vn -0.2879 -0.8403 -0.4594
vn -0.0000 -0.8921 -0.4518
vn -0.1877 -0.9129 -0.3626
vn -0.0000 -0.9464 -0.3231
vn -0.0000 0.3431 -0.9393
vn 0.2814 0.9478 -0.1501
vn 0.1357 0.9125 0.3859
vn 0.0935 0.8925 0.4413
vn 0.1490 0.9403 0.3059
vn 0.1357 0.9125 0.3860
vn 0.3282 0.9435 -0.0460
vn 0.1490 0.9403 0.3058
vn 0.3380 0.9389 -0.0642
vn 0.4778 0.8784 -0.0011
vn 0.5014 0.8644 0.0386
vn 0.4669 0.8537 0.2307
vn 0.4589 0.8487 0.2630
vn 0.4678 0.8618 0.1961
vn 0.5233 0.8341 0.1747
vn 0.5400 0.8105 0.2271
vn 0.4877 0.8167 0.3085
vn 0.4767 0.8290 0.2926
vn 0.4450 0.8388 0.3138
vn 0.4431 0.8301 0.3385
vn 0.4418 0.8364 0.3245
vn 0.4378 0.8479 0.2992
vn 0.4061 0.8696 0.2808
vn 0.4065 0.8670 0.2882
vn 0.4184 0.8703 0.2598
vn 0.4198 0.8729 0.2484
vn 0.4100 0.9015 0.1385
vn 0.4097 0.9030 0.1298
vn 0.4147 0.9099 -0.0081
vn 0.4122 0.9110 -0.0157
vn 0.3847 0.9189 -0.0869
vn 0.3872 0.9181 -0.0847
vn 0.4200 0.8992 -0.1224
vn 0.4271 0.8968 -0.1153
vn 0.4743 0.8565 -0.2035
vn 0.4800 0.8514 -0.2114
vn 0.4811 0.8397 -0.2518
vn 0.5260 0.8149 -0.2435
vn 0.5214 0.8184 -0.2417
vn 0.4673 0.8400 -0.2757
vn 0.4324 0.8411 -0.3250
vn 0.4951 0.8307 -0.2546
vn 0.5029 0.8453 -0.1805
vn 0.4838 0.8331 -0.2682
vn 0.5183 0.8432 -0.1427
vn 0.4837 0.8730 -0.0630
vn 0.5040 0.8602 -0.0769
vn 0.3577 0.9295 0.0897
vn 0.4637 0.8822 0.0817
vn 0.3379 0.9383 0.0733
vn 0.1380 0.9352 -0.3262
vn 0.1380 0.9290 -0.3434
vn -0.1057 -0.0000 0.9944
vn -0.1007 -0.0000 0.9949
vn -0.2240 -0.0000 0.9746
vn -0.2112 -0.0000 0.9774
vn -0.3505 -0.0000 0.9366
vn -0.3298 -0.0000 0.9441
vn -0.4706 -0.0000 0.8823
vn -0.4506 -0.0000 0.8927
vn -0.6151 -0.0000 0.7884
vn -0.5825 -0.0000 0.8129
vn -0.7356 -0.0000 0.6774
vn -0.7212 -0.0000 0.6928
vn -0.8273 -0.0000 0.5617
vn -0.8085 -0.0000 0.5885
vn -0.8975 -0.0000 0.4410
vn -0.8906 -0.0000 0.4548
vn -0.9389 -0.0000 0.3441
vn -0.9334 -0.0000 0.3588
vn -0.9777 -0.0000 0.2098
vn -0.9737 -0.0000 0.2279
vn -0.9952 -0.0000 0.0978
vn -0.9949 -0.0000 0.1011
vn -0.9992 -0.0000 0.0396
vn -0.9992 -0.0000 0.0397
vn -0.9996 -0.0000 -0.0288
vn -0.9995 -0.0000 -0.0313
vn -0.9963 -0.0000 -0.0865
vn -0.9961 -0.0000 -0.0885
vn -0.9848 -0.0000 -0.1734
vn -0.9824 -0.0000 -0.1865
vn -0.9515 -0.0000 -0.3076
vn -0.9455 -0.0000 -0.3256
vn -0.8608 -0.0000 -0.5089
vn -0.8333 -0.0000 -0.5528
vn -0.6705 -0.0000 -0.7419
vn -0.6292 -0.0000 -0.7773
vn -0.4545 -0.0000 -0.8907
vn -0.4207 -0.0000 -0.9072
vn -0.2676 -0.0000 -0.9635
vn -0.2487 -0.0000 -0.9686
vn -0.1078 -0.0000 -0.9942
vn -0.1004 -0.0000 -0.9949
vn 0.1716 0.8633 -0.4747
vn 0.3368 0.8132 -0.4746
vn 0.4890 0.7319 -0.4746
vn 0.4890 0.7318 -0.4746
vn 0.6224 0.6224 -0.4746
vn 0.7319 0.4891 -0.4745
vn 0.7319 0.4890 -0.4745
vn 0.8133 0.3369 -0.4744
vn 0.8133 0.3368 -0.4744
vn 0.8634 0.1718 -0.4743
vn 0.8634 0.1717 -0.4743
vn 0.8804 -0.0000 -0.4743
vn 0.8635 -0.1717 -0.4742
vn 0.8635 -0.1718 -0.4742
vn 0.8135 -0.3369 -0.4741
vn 0.8134 -0.3370 -0.4741
vn 0.7321 -0.4892 -0.4740
vn 0.6287 -0.6166 -0.4740
vn 0.6290 -0.6163 -0.4740
vn 0.4957 -0.7268 -0.4755
vn 0.4963 -0.7264 -0.4755
vn 0.3366 -0.8127 -0.4756
vn 0.3367 -0.8127 -0.4756
vn 0.1714 -0.8627 -0.4757
vn 0.1715 -0.8627 -0.4757
vn 0.1947 0.9798 0.0448
vn 0.1949 0.9808 -0.0000
vn 0.3823 0.9230 0.0448
vn 0.3827 0.9239 -0.0000
vn 0.5550 0.8306 0.0448
vn 0.5556 0.8315 -0.0000
vn 0.7064 0.7064 0.0448
vn 0.7071 0.7071 -0.0000
vn 0.8306 0.5550 0.0448
vn 0.8315 0.5556 -0.0000
vn 0.9230 0.3823 0.0448
vn 0.9239 0.3827 -0.0000
vn 0.9798 0.1949 0.0448
vn 0.9808 0.1951 -0.0000
vn 0.9990 -0.0000 0.0448
vn 1.0000 -0.0000 -0.0000
vn 0.9798 -0.1949 0.0448
vn 0.9808 -0.1951 -0.0000
vn 0.9230 -0.3823 0.0448
vn 0.9239 -0.3827 -0.0000
vn 0.8306 -0.5550 0.0448
vn 0.8315 -0.5556 -0.0000
vn 0.7134 -0.6993 0.0448
vn 0.7141 -0.7000 -0.0000
vn 0.5633 -0.8251 0.0448
vn 0.5638 -0.8259 -0.0000
vn 0.3823 -0.9230 0.0448
vn 0.3827 -0.9239 -0.0000
vn 0.1947 -0.9798 0.0448
vn 0.1949 -0.9808 -0.0000
vn 0.0230 -0.1158 0.9930
vn 0.0451 -0.1090 0.9930
vn 0.0837 -0.0820 0.9931
vn 0.0671 -0.0981 0.9929
vn 0.1180 -0.0000 0.9930
vn 0.1090 -0.0452 0.9930
vn 0.0981 -0.0656 0.9930
vn 0.1157 -0.0230 0.9930
vn 0.0834 0.0834 0.9930
vn 0.1090 0.0452 0.9930
vn 0.1157 0.0230 0.9930
vn 0.0981 0.0656 0.9930
vn 0.0452 0.1090 0.9930
vn 0.0656 0.0981 0.9930
vn 0.0230 0.1158 0.9930
vn 0.0945 0.4755 0.8746
vn 0.1632 0.8213 0.5467
vn 0.1901 0.9563 0.2220
vn 0.3731 0.9008 0.2220
vn 0.5417 0.8107 0.2220
vn 0.6895 0.6895 0.2220
vn 0.8107 0.5417 0.2220
vn 0.9008 0.3731 0.2220
vn 0.9563 0.1902 0.2220
vn 0.9750 -0.0000 0.2220
vn 0.9563 -0.1902 0.2220
vn 0.9008 -0.3731 0.2220
vn 0.8107 -0.5417 0.2221
vn 0.6962 -0.6825 0.2222
vn 0.5498 -0.8052 0.2219
vn 0.3731 -0.9008 0.2220
vn 0.1901 -0.9563 0.2220
vn 0.8212 -0.1634 0.5467
vn 0.8373 -0.0000 0.5467
vn 0.8212 0.1634 0.5467
vn 0.7736 0.3204 0.5467
vn 0.6962 0.4652 0.5467
vn 0.5921 0.5921 0.5467
vn 0.4652 0.6962 0.5467
vn 0.3204 0.7736 0.5467
vn 0.1855 0.4479 0.8746
vn 0.2693 0.4031 0.8746
vn 0.3428 0.3428 0.8746
vn 0.4031 0.2693 0.8746
vn 0.4479 0.1855 0.8746
vn 0.4755 0.0946 0.8746
vn 0.4848 -0.0000 0.8746
vn 0.4755 -0.0946 0.8746
vn 0.7736 -0.3204 0.5467
vn 0.4479 -0.1855 0.8746
vn 0.6962 -0.4652 0.5467
vn 0.4030 -0.2694 0.8746
vn 0.5977 -0.5859 0.5473
vn 0.3453 -0.3384 0.8754
vn 0.4725 -0.6917 0.5462
vn 0.2743 -0.4013 0.8739
vn 0.3203 -0.7736 0.5467
vn 0.1853 -0.4479 0.8747
vn 0.1632 -0.8213 0.5467
vn 0.0945 -0.4755 0.8746
vn 0.1839 -0.1104 -0.9767
vn 0.1728 0.0242 -0.9847
vn 0.1873 -0.2466 -0.9508
vn 0.2085 -0.3327 -0.9197
vn 0.2180 -0.4176 -0.8821
vn 0.2137 -0.5499 -0.8074
vn 0.2369 -0.6333 -0.7367
vn 0.2495 -0.6877 -0.6818
vn 0.2583 -0.7499 -0.6091
vn 0.3120 -0.7703 -0.5562
vn 0.3163 -0.7915 -0.5229
vn 0.3060 -0.8083 -0.5030
vn 0.2879 -0.8403 -0.4594
vn 0.1877 -0.9129 -0.3626
vn -0.5131 0.1343 0.8478
vn -0.7206 0.1085 0.6848
vn -0.5156 0.0335 0.8562
vn -0.7203 0.0277 0.6931
vn -0.7206 0.2142 0.6594
vn -0.5131 0.2652 0.8163
vn -0.7206 0.3148 0.6178
vn -0.5131 0.3897 0.7648
vn -0.7206 0.4075 0.5609
vn -0.5131 0.5045 0.6944
vn -0.7206 0.4903 0.4903
vn -0.5131 0.6069 0.6069
vn -0.7206 0.5609 0.4075
vn -0.5131 0.6944 0.5045
vn -0.7206 0.6178 0.3148
vn -0.5131 0.7648 0.3897
vn -0.7206 0.6594 0.2143
vn -0.5131 0.8163 0.2652
vn -0.7206 0.6848 0.1085
vn -0.5131 0.8478 0.1343
vn -0.7206 0.6933 -0.0000
vn -0.5131 0.8583 -0.0000
vn -0.7206 0.6848 -0.1085
vn -0.5131 0.8478 -0.1343
vn -0.7206 0.6594 -0.2143
vn -0.5131 0.8163 -0.2652
vn -0.7206 0.6178 -0.3148
vn -0.5131 0.7648 -0.3897
vn -0.7206 0.5609 -0.4075
vn -0.5131 0.6944 -0.5045
vn -0.7206 0.4903 -0.4903
vn -0.5131 0.6069 -0.6069
vn -0.7206 0.4075 -0.5609
vn -0.5131 0.5045 -0.6944
vn -0.7206 0.3148 -0.6178
vn -0.5131 0.3897 -0.7648
vn -0.7206 0.2142 -0.6594
vn -0.5131 0.2652 -0.8163
vn -0.7206 0.1085 -0.6848
vn -0.5131 0.1343 -0.8478
vn -0.7203 0.0277 -0.6931
vn -0.5156 0.0335 -0.8561
vn -0.0000 0.8910 -0.4540
vn -0.0000 0.9511 -0.3090
vn -0.0000 0.9877 -0.1564
vn -0.0000 0.9877 0.1564
vn -0.0000 0.9511 0.3090
vn -0.0000 0.8910 0.4540
vn -0.0000 0.8090 0.5878
vn -0.0000 0.7071 0.7071
vn -0.0000 0.5878 0.8090
vn -0.0000 0.4540 0.8910
vn -0.0000 0.3090 0.9511
vn -0.0000 0.1564 0.9877
vn -0.0000 0.0390 0.9992
vn -0.4565 -0.0000 0.8897
vn -0.7203 -0.0000 0.6937
vn -0.0000 0.8090 -0.5878
vn -0.0000 0.7071 -0.7071
vn -0.0000 0.5878 -0.8090
vn -0.0000 0.4540 -0.8910
vn -0.0000 0.3090 -0.9511
vn -0.0000 0.1564 -0.9877
vn -0.0000 0.0390 -0.9992
vn -0.4566 -0.0000 -0.8897
vn -0.7203 -0.0000 -0.6937
vn 0.5131 0.1343 -0.8478
vn 0.7206 0.1085 -0.6848
vn 0.5156 0.0335 -0.8562
vn 0.7203 0.0277 -0.6931
vn 0.7206 0.2143 -0.6594
vn 0.5131 0.2652 -0.8163
vn 0.7206 0.3148 -0.6178
vn 0.5131 0.3897 -0.7648
vn 0.7206 0.4075 -0.5609
vn 0.5131 0.5045 -0.6944
vn 0.7206 0.4903 -0.4903
vn 0.5131 0.6069 -0.6069
vn 0.7206 0.5609 -0.4075
vn 0.5131 0.6944 -0.5045
vn 0.7206 0.6178 -0.3148
vn 0.5131 0.7648 -0.3897
vn 0.7206 0.6594 -0.2143
vn 0.5131 0.8163 -0.2652
vn 0.7206 0.6848 -0.1085
vn 0.5131 0.8478 -0.1343
vn 0.7206 0.6933 -0.0000
vn 0.5131 0.8583 -0.0000
vn 0.7206 0.6848 0.1085
vn 0.5131 0.8478 0.1343
vn 0.7206 0.6594 0.2142
vn 0.5131 0.8163 0.2652
vn 0.7206 0.6178 0.3148
vn 0.5131 0.7648 0.3897
vn 0.7206 0.5609 0.4075
vn 0.5131 0.6944 0.5045
vn 0.7206 0.4903 0.4903
vn 0.5131 0.6069 0.6069
vn 0.7206 0.4075 0.5609
vn 0.5131 0.5045 0.6944
vn 0.7206 0.3148 0.6178
vn 0.5131 0.3897 0.7648
vn 0.7206 0.2142 0.6594
vn 0.5131 0.2652 0.8163
vn 0.7206 0.1085 0.6848
vn 0.5131 0.1343 0.8478
vn 0.7203 0.0277 0.6931
vn 0.5156 0.0335 0.8561
vn 0.4565 -0.0000 -0.8897
vn 0.7203 -0.0000 -0.6937
vn 0.4566 -0.0000 0.8897
vn 0.7203 -0.0000 0.6937
vn -0.1372 -0.4807 0.8661
vn -0.1140 -0.6850 0.7196
vn -0.0343 -0.4830 0.8750
vn -0.0291 -0.6847 0.7283
vn -0.2251 -0.6850 0.6929
vn -0.2710 -0.4807 0.8340
vn -0.3308 -0.6850 0.6492
vn -0.3981 -0.4807 0.7813
vn -0.4282 -0.6850 0.5894
vn -0.5154 -0.4807 0.7094
vn -0.5152 -0.6850 0.5152
vn -0.6201 -0.4807 0.6201
vn -0.5894 -0.6850 0.4282
vn -0.7094 -0.4807 0.5154
vn -0.6492 -0.6850 0.3308
vn -0.7813 -0.4807 0.3981
vn -0.6929 -0.6850 0.2251
vn -0.8340 -0.4807 0.2710
vn -0.7196 -0.6850 0.1140
vn -0.8661 -0.4807 0.1372
vn -0.7286 -0.6850 -0.0000
vn -0.8769 -0.4807 -0.0000
vn -0.7196 -0.6850 -0.1140
vn -0.8661 -0.4807 -0.1372
vn -0.6929 -0.6850 -0.2251
vn -0.8340 -0.4807 -0.2710
vn -0.6492 -0.6850 -0.3308
vn -0.7813 -0.4807 -0.3981
vn -0.5894 -0.6850 -0.4282
vn -0.7094 -0.4807 -0.5154
vn -0.5152 -0.6850 -0.5152
vn -0.6201 -0.4807 -0.6201
vn -0.4282 -0.6850 -0.5894
vn -0.5154 -0.4807 -0.7094
vn -0.3308 -0.6850 -0.6492
vn -0.3981 -0.4807 -0.7813
vn -0.2251 -0.6850 -0.6929
vn -0.2710 -0.4807 -0.8340
vn -0.1140 -0.6850 -0.7196
vn -0.1372 -0.4807 -0.8661
vn -0.0291 -0.6847 -0.7283
vn -0.0343 -0.4830 -0.8750
vn -0.8910 -0.0000 -0.4540
vn -0.9511 -0.0000 -0.3090
vn -0.9877 -0.0000 -0.1564
vn -0.9877 -0.0000 0.1564
vn -0.9511 -0.0000 0.3090
vn -0.8910 -0.0000 0.4540
vn -0.8090 -0.0000 0.5878
vn -0.7071 -0.0000 0.7071
vn -0.5878 -0.0000 0.8090
vn -0.4540 -0.0000 0.8910
vn -0.3090 -0.0000 0.9511
vn -0.1564 -0.0000 0.9877
vn -0.0390 -0.0000 0.9992
vn -0.0000 -0.4858 0.8741
vn -0.0000 -0.6850 0.7286
vn -0.0000 -0.0459 0.9989
vn -0.8090 -0.0000 -0.5878
vn -0.7071 -0.0000 -0.7071
vn -0.5878 -0.0000 -0.8090
vn -0.4540 -0.0000 -0.8910
vn -0.3090 -0.0000 -0.9511
vn -0.1564 -0.0000 -0.9877
vn -0.0390 -0.0000 -0.9992
vn -0.0000 -0.0459 -0.9989
vn -0.0000 -0.4858 -0.8741
vn -0.0000 -0.6850 -0.7286
vn -0.1372 0.4807 -0.8661
vn -0.1140 0.6850 -0.7196
vn -0.0343 0.4830 -0.8750
vn -0.0291 0.6847 -0.7283
vn -0.2251 0.6850 -0.6929
vn -0.2710 0.4807 -0.8340
vn -0.3308 0.6850 -0.6492
vn -0.3981 0.4807 -0.7813
vn -0.4282 0.6850 -0.5894
vn -0.5154 0.4807 -0.7094
vn -0.5152 0.6850 -0.5152
vn -0.6201 0.4807 -0.6201
vn -0.5894 0.6850 -0.4282
vn -0.7094 0.4807 -0.5154
vn -0.6492 0.6850 -0.3308
vn -0.7813 0.4807 -0.3981
vn -0.6929 0.6850 -0.2251
vn -0.8340 0.4807 -0.2710
vn -0.7196 0.6850 -0.1140
vn -0.8661 0.4807 -0.1372
vn -0.7286 0.6850 -0.0000
vn -0.8769 0.4807 -0.0000
vn -0.7196 0.6850 0.1140
vn -0.8661 0.4807 0.1372
vn -0.6929 0.6850 0.2251
vn -0.8340 0.4807 0.2710
vn -0.6492 0.6850 0.3308
vn -0.7813 0.4807 0.3981
vn -0.5894 0.6850 0.4282
vn -0.7094 0.4807 0.5154
vn -0.5152 0.6850 0.5152
vn -0.6201 0.4807 0.6201
vn -0.4282 0.6850 0.5894
vn -0.5154 0.4807 0.7094
vn -0.3308 0.6850 0.6492
vn -0.3981 0.4807 0.7813
vn -0.2251 0.6850 0.6929
vn -0.2710 0.4807 0.8340
vn -0.1140 0.6850 0.7196
vn -0.1372 0.4807 0.8661
vn -0.0291 0.6847 0.7282
vn -0.0343 0.4830 0.8750
vn -0.0000 0.4290 -0.9033
vn -0.0001 0.6854 -0.7282
vn -0.0000 0.4290 0.9033
vn -0.0000 0.6854 0.7281
vn 0.1372 -0.4807 -0.8661
vn 0.1140 -0.6850 -0.7196
vn 0.0343 -0.4830 -0.8750
vn 0.0291 -0.6847 -0.7283
vn 0.2251 -0.6850 -0.6929
vn 0.2710 -0.4807 -0.8340
vn 0.3308 -0.6850 -0.6492
vn 0.3981 -0.4807 -0.7813
vn 0.4282 -0.6850 -0.5894
vn 0.5154 -0.4807 -0.7094
vn 0.5152 -0.6850 -0.5152
vn 0.6201 -0.4807 -0.6201
vn 0.5894 -0.6850 -0.4282
vn 0.7094 -0.4807 -0.5154
vn 0.6492 -0.6850 -0.3308
vn 0.7813 -0.4807 -0.3981
vn 0.6929 -0.6850 -0.2251
vn 0.8340 -0.4807 -0.2710
vn 0.7196 -0.6850 -0.1140
vn 0.8661 -0.4807 -0.1372
vn 0.7286 -0.6850 -0.0000
vn 0.8769 -0.4807 -0.0000
vn 0.7196 -0.6850 0.1140
vn 0.8661 -0.4807 0.1372
vn 0.6929 -0.6850 0.2251
vn 0.8340 -0.4807 0.2710
vn 0.6492 -0.6850 0.3308
vn 0.7813 -0.4807 0.3981
vn 0.5894 -0.6850 0.4282
vn 0.7094 -0.4807 0.5154
vn 0.5152 -0.6850 0.5152
vn 0.6201 -0.4807 0.6201
vn 0.4282 -0.6850 0.5894
vn 0.5154 -0.4807 0.7094
vn 0.3308 -0.6850 0.6492
vn 0.3981 -0.4807 0.7813
vn 0.2251 -0.6850 0.6929
vn 0.2710 -0.4807 0.8340
vn 0.1140 -0.6850 0.7196
vn 0.1372 -0.4807 0.8661
vn 0.0291 -0.6847 0.7283
vn 0.0343 -0.4830 0.8750
vn 0.8910 -0.0000 0.4540
vn 0.9511 -0.0000 0.3090
vn 0.9877 -0.0000 0.1564
vn 0.9877 -0.0000 -0.1564
vn 0.9511 -0.0000 -0.3090
vn 0.8910 -0.0000 -0.4540
vn 0.8090 -0.0000 -0.5878
vn 0.7071 -0.0000 -0.7071
vn 0.5878 -0.0000 -0.8090
vn 0.4540 -0.0000 -0.8910
vn 0.3090 -0.0000 -0.9511
vn 0.1564 -0.0000 -0.9877
vn 0.0390 -0.0000 -0.9992
vn 0.8090 -0.0000 0.5878
vn 0.7071 -0.0000 0.7071
vn 0.5878 -0.0000 0.8090
vn 0.4540 -0.0000 0.8910
vn 0.3090 -0.0000 0.9511
vn 0.1564 -0.0000 0.9877
vn 0.0390 -0.0000 0.9992
vn 0.1372 0.4807 0.8661
vn 0.1140 0.6850 0.7196
vn 0.0343 0.4830 0.8750
vn 0.0291 0.6847 0.7283
vn 0.2251 0.6850 0.6929
vn 0.2710 0.4807 0.8340
vn 0.3308 0.6850 0.6492
vn 0.3981 0.4807 0.7813
vn 0.4282 0.6850 0.5894
vn 0.5154 0.4807 0.7094
vn 0.5152 0.6850 0.5152
vn 0.6201 0.4807 0.6201
vn 0.5894 0.6850 0.4282
vn 0.7094 0.4807 0.5154
vn 0.6492 0.6850 0.3308
vn 0.7813 0.4807 0.3981
vn 0.6929 0.6850 0.2251
vn 0.8340 0.4807 0.2710
vn 0.7196 0.6850 0.1140
vn 0.8661 0.4807 0.1372
vn 0.7286 0.6850 -0.0000
vn 0.8769 0.4807 -0.0000
vn 0.7196 0.6850 -0.1140
vn 0.8661 0.4807 -0.1372
vn 0.6929 0.6850 -0.2251
vn 0.8340 0.4807 -0.2710
vn 0.6492 0.6850 -0.3308
vn 0.7813 0.4807 -0.3981
vn 0.5894 0.6850 -0.4282
vn 0.7094 0.4807 -0.5154
vn 0.5152 0.6850 -0.5152
vn 0.6201 0.4807 -0.6201
vn 0.4282 0.6850 -0.5894
vn 0.5154 0.4807 -0.7094
vn 0.3308 0.6850 -0.6492
vn 0.3981 0.4807 -0.7813
vn 0.2251 0.6850 -0.6929
vn 0.2710 0.4807 -0.8340
vn 0.1140 0.6850 -0.7196
vn 0.1372 0.4807 -0.8661
vn 0.0291 0.6847 -0.7282
vn 0.0343 0.4830 -0.8750
vn 0.0001 0.6854 0.7282
vn -0.0000 0.6854 -0.7281
vn -0.1184 0.5685 -0.8141
vn -0.0901 0.7761 -0.6241
vn -0.0295 0.5706 -0.8207
vn -0.0232 0.7753 -0.6311
vn -0.1784 0.7779 -0.6026
vn -0.2348 0.5703 -0.7871
vn -0.2632 0.7806 -0.5669
vn -0.3473 0.5731 -0.7422
vn -0.3425 0.7841 -0.5175
vn -0.4533 0.5768 -0.6796
vn -0.4145 0.7881 -0.4550
vn -0.5505 0.5809 -0.5996
vn -0.4772 0.7921 -0.3805
vn -0.6360 0.5851 -0.5032
vn -0.5285 0.7959 -0.2956
vn -0.7067 0.5890 -0.3921
vn -0.5666 0.7989 -0.2021
vn -0.7597 0.5921 -0.2688
vn -0.5901 0.8008 -0.1026
vn -0.7927 0.5941 -0.1367
vn -0.5980 0.8015 -0.0000
vn -0.8039 0.5948 -0.0000
vn -0.5901 0.8008 0.1026
vn -0.7927 0.5941 0.1367
vn -0.5666 0.7988 0.2021
vn -0.7597 0.5921 0.2688
vn -0.5284 0.7959 0.2956
vn -0.7066 0.5890 0.3921
vn -0.4772 0.7921 0.3806
vn -0.6360 0.5851 0.5032
vn -0.4145 0.7881 0.4550
vn -0.5505 0.5809 0.5996
vn -0.3425 0.7841 0.5175
vn -0.4533 0.5768 0.6796
vn -0.2632 0.7806 0.5669
vn -0.3473 0.5731 0.7422
vn -0.1784 0.7779 0.6026
vn -0.2348 0.5703 0.7871
vn -0.0901 0.7761 0.6241
vn -0.1184 0.5685 0.8141
vn -0.0232 0.7753 0.6311
vn -0.0295 0.5706 0.8207
vn -0.8749 -0.0000 0.4843
vn -0.9430 -0.0000 0.3329
vn -0.6772 -0.0000 0.7358
vn -0.7849 -0.0000 0.6196
vn -0.4245 -0.0000 0.9054
vn -0.5558 -0.0000 0.8313
vn -0.1442 -0.0000 0.9895
vn -0.2864 -0.0000 0.9581
vn -0.9855 -0.0000 0.1696
vn -0.9855 -0.0000 -0.1696
vn -0.9430 -0.0000 -0.3329
vn -0.8749 -0.0000 -0.4843
vn -0.7849 -0.0000 -0.6196
vn -0.6772 -0.0000 -0.7358
vn -0.5558 -0.0000 -0.8313
vn -0.4245 -0.0000 -0.9054
vn -0.2864 -0.0000 -0.9581
vn -0.1442 -0.0000 -0.9895
vn -0.0357 -0.0000 -0.9994
vn -0.0000 0.5737 -0.8191
vn -0.0000 0.7755 -0.6313
vn -0.0357 -0.0000 0.9994
vn -0.0000 0.5737 0.8191
vn -0.0000 0.7755 0.6313
vn -0.1184 -0.5685 0.8141
vn -0.0901 -0.7761 0.6241
vn -0.0295 -0.5706 0.8207
vn -0.0232 -0.7753 0.6311
vn -0.1784 -0.7779 0.6026
vn -0.2348 -0.5703 0.7871
vn -0.2632 -0.7806 0.5669
vn -0.3473 -0.5731 0.7422
vn -0.3425 -0.7841 0.5175
vn -0.4533 -0.5768 0.6796
vn -0.4145 -0.7881 0.4550
vn -0.5505 -0.5809 0.5996
vn -0.4772 -0.7921 0.3805
vn -0.6360 -0.5851 0.5032
vn -0.5284 -0.7959 0.2956
vn -0.7066 -0.5890 0.3921
vn -0.5666 -0.7989 0.2021
vn -0.7597 -0.5921 0.2688
vn -0.5901 -0.8008 0.1026
vn -0.7927 -0.5941 0.1367
vn -0.5980 -0.8015 -0.0000
vn -0.8039 -0.5948 -0.0000
vn -0.5901 -0.8008 -0.1026
vn -0.7927 -0.5941 -0.1367
vn -0.5666 -0.7988 -0.2021
vn -0.7597 -0.5921 -0.2688
vn -0.5285 -0.7958 -0.2956
vn -0.7066 -0.5890 -0.3921
vn -0.4772 -0.7921 -0.3805
vn -0.6360 -0.5851 -0.5032
vn -0.4146 -0.7881 -0.4550
vn -0.5505 -0.5809 -0.5996
vn -0.3425 -0.7841 -0.5175
vn -0.4533 -0.5768 -0.6796
vn -0.2632 -0.7806 -0.5669
vn -0.3473 -0.5732 -0.7422
vn -0.1784 -0.7779 -0.6026
vn -0.2348 -0.5703 -0.7871
vn -0.0901 -0.7761 -0.6241
vn -0.1184 -0.5685 -0.8141
vn -0.0232 -0.7753 -0.6311
vn -0.0295 -0.5706 -0.8207
vn -0.0000 -0.5737 0.8191
vn -0.0000 -0.7755 0.6313
vn -0.0000 -0.5737 -0.8191
vn -0.0000 -0.7755 -0.6313
vn -0.5666 0.7988 -0.2021
vn -0.3473 0.5732 0.7422
vn -0.0000 0.5860 -0.8103
vn -0.3473 -0.5732 0.7422
vn -0.5666 -0.7988 0.2021
vn -0.5285 -0.7959 -0.2956
vn -0.4772 -0.7921 -0.3806
vn -0.0000 -0.5860 -0.8103
vn 0.8289 -0.0000 -0.5594
vn 0.9543 -0.0000 -0.2988
vn 0.9882 -0.0000 -0.1530
vn 0.6499 -0.0000 -0.7600
vn 0.4425 -0.0000 -0.8967
vn 0.2232 -0.0000 -0.9748
vn 0.1113 -0.0000 -0.9938
vn 0.1112 -0.0000 -0.9938
vn 0.0232 0.7753 -0.6311
vn 0.0901 0.7761 -0.6241
vn 0.0295 0.5706 -0.8207
vn 0.1184 0.5685 -0.8141
vn 0.1784 0.7779 -0.6026
vn 0.2348 0.5703 -0.7871
vn 0.2632 0.7806 -0.5669
vn 0.3473 0.5731 -0.7422
vn 0.3425 0.7841 -0.5175
vn 0.4533 0.5768 -0.6796
vn 0.4145 0.7881 -0.4550
vn 0.5505 0.5809 -0.5996
vn 0.4772 0.7921 -0.3805
vn 0.6360 0.5851 -0.5032
vn 0.5285 0.7959 -0.2956
vn 0.7067 0.5890 -0.3921
vn 0.5666 0.7989 -0.2021
vn 0.7597 0.5921 -0.2688
vn 0.5901 0.8008 -0.1026
vn 0.7927 0.5941 -0.1367
vn 0.5980 0.8015 -0.0000
vn 0.8039 0.5948 -0.0000
vn 0.5901 0.8008 0.1026
vn 0.7927 0.5941 0.1367
vn 0.5666 0.7988 0.2021
vn 0.7597 0.5921 0.2688
vn 0.5284 0.7959 0.2956
vn 0.7066 0.5890 0.3921
vn 0.4772 0.7921 0.3805
vn 0.6360 0.5851 0.5032
vn 0.4145 0.7881 0.4550
vn 0.5505 0.5809 0.5996
vn 0.3425 0.7841 0.5175
vn 0.4533 0.5768 0.6796
vn 0.2632 0.7806 0.5669
vn 0.3473 0.5731 0.7422
vn 0.1784 0.7779 0.6026
vn 0.2348 0.5703 0.7871
vn 0.0901 0.7761 0.6241
vn 0.1184 0.5685 0.8141
vn 0.0232 0.7753 0.6311
vn 0.0295 0.5706 0.8207
vn 0.8749 -0.0000 0.4843
vn 0.9430 -0.0000 0.3329
vn 0.7849 -0.0000 0.6196
vn 0.6772 -0.0000 0.7358
vn 0.5558 -0.0000 0.8313
vn 0.4245 -0.0000 0.9054
vn 0.2864 -0.0000 0.9581
vn 0.1442 -0.0000 0.9895
vn 0.0357 -0.0000 0.9994
vn 0.9855 -0.0000 0.1696
vn 0.9855 -0.0000 -0.1696
vn 0.9430 -0.0000 -0.3329
vn 0.8749 -0.0000 -0.4843
vn 0.7849 -0.0000 -0.6196
vn 0.6772 -0.0000 -0.7358
vn 0.5558 -0.0000 -0.8313
vn 0.4245 -0.0000 -0.9054
vn 0.2864 -0.0000 -0.9581
vn 0.1442 -0.0000 -0.9895
vn 0.0357 -0.0000 -0.9994
vn 0.0232 -0.7753 0.6311
vn 0.0901 -0.7761 0.6241
vn 0.0295 -0.5706 0.8207
vn 0.1184 -0.5685 0.8141
vn 0.1784 -0.7779 0.6026
vn 0.2348 -0.5703 0.7871
vn 0.2632 -0.7806 0.5669
vn 0.3473 -0.5731 0.7422
vn 0.3425 -0.7841 0.5175
vn 0.4533 -0.5768 0.6796
vn 0.4145 -0.7881 0.4550
vn 0.5505 -0.5809 0.5996
vn 0.4772 -0.7921 0.3805
vn 0.6360 -0.5851 0.5032
vn 0.5284 -0.7959 0.2956
vn 0.7066 -0.5890 0.3921
vn 0.5666 -0.7989 0.2021
vn 0.7597 -0.5921 0.2688
vn 0.5901 -0.8008 0.1026
vn 0.7927 -0.5941 0.1367
vn 0.5980 -0.8015 -0.0000
vn 0.8039 -0.5948 -0.0000
vn 0.5901 -0.8008 -0.1026
vn 0.7927 -0.5941 -0.1367
vn 0.5666 -0.7988 -0.2021
vn 0.7597 -0.5921 -0.2688
vn 0.5285 -0.7958 -0.2956
vn 0.7066 -0.5890 -0.3921
vn 0.4772 -0.7921 -0.3805
vn 0.6360 -0.5851 -0.5032
vn 0.4146 -0.7881 -0.4550
vn 0.5505 -0.5809 -0.5996
vn 0.3425 -0.7841 -0.5175
vn 0.4533 -0.5768 -0.6796
vn 0.2632 -0.7806 -0.5669
vn 0.3473 -0.5732 -0.7422
vn 0.1784 -0.7779 -0.6026
vn 0.2348 -0.5703 -0.7871
vn 0.0901 -0.7761 -0.6241
vn 0.1184 -0.5685 -0.8141
vn 0.0232 -0.7753 -0.6311
vn 0.0295 -0.5706 -0.8207
vn 0.0001 -0.0000 1.0000
vn 0.5666 0.7988 -0.2021
vn 0.3473 -0.5732 0.7422
vn 0.6359 -0.5851 0.5032
vn 0.5666 -0.7988 0.2021
vn 0.5285 -0.7959 -0.2956
vn 0.4772 -0.7921 -0.3806
vn -0.9543 -0.0000 -0.2988
vn -0.8289 -0.0000 -0.5594
vn -0.9882 -0.0000 -0.1530
vn -0.6499 -0.0000 -0.7600
vn -0.4425 -0.0000 -0.8967
vn -0.2232 -0.0000 -0.9748
vn -0.1113 -0.0000 -0.9938
vn -0.1114 -0.0000 -0.9938
vn 0.9408 -0.0000 -0.3389
vn 0.6676 -0.0000 -0.7446
vn -0.6676 -0.0000 -0.7445
vn 0.9408 -0.0000 0.3389
vn 0.6676 -0.0000 0.7446
vn -0.6676 -0.0000 0.7446
vn -0.9408 -0.0000 0.3389
vn -0.9408 -0.0000 -0.3389
vn -0.6676 -0.0000 -0.7446
vn -0.6676 0.0001 -0.7446
vn 0.9260 0.0987 -0.3644
vn 0.9473 0.0838 -0.3093
vn 0.9996 0.0071 -0.0264
vn 0.9996 -0.0071 0.0264
vn 0.6808 0.1916 -0.7070
vn 0.6301 0.2031 -0.7495
vn -0.0000 0.2615 -0.9652
vn -0.6808 0.1916 -0.7070
vn -0.6301 0.2031 -0.7495
vn 0.9473 -0.0838 0.3093
vn 0.9260 -0.0987 0.3644
vn 0.6808 -0.1916 0.7070
vn 0.6301 -0.2031 0.7495
vn -0.0000 -0.2615 0.9652
vn -0.6808 -0.1916 0.7070
vn -0.6301 -0.2031 0.7495
vn -0.9473 -0.0838 0.3093
vn -0.9260 -0.0987 0.3644
vn -0.9996 0.0071 -0.0264
vn -0.9996 -0.0071 0.0264
vn -0.9260 0.0987 -0.3644
vn -0.9473 0.0838 -0.3093
vt 0.021798 0.088687
vt 0.021798 0.016779
vt 0.026362 0.088687
vt 0.026362 0.016779
vt 0.017233 0.016779
vt 0.017233 0.088687
vt 0.012668 0.016779
vt 0.012668 0.088687
vt 0.030926 0.088687
vt 0.030926 0.016779
vt 0.035491 0.088687
vt 0.035491 0.016779
vt 0.040055 0.088687
vt 0.040055 0.016779
vt 0.044620 0.088687
vt 0.044620 0.016779
vt 0.049184 0.088687
vt 0.049184 0.016779
vt 0.053749 0.088687
vt 0.053749 0.016779
vt 0.058313 0.088687
vt 0.058313 0.016779
vt 0.062878 0.088687
vt 0.062878 0.016779
vt 0.067442 0.088687
vt 0.067442 0.016779
vt 0.072007 0.088687
vt 0.072007 0.016779
vt 0.076571 0.088687
vt 0.076571 0.016779
vt 0.081136 0.088687
vt 0.081136 0.016779
vt 0.085700 0.088687
vt 0.085700 0.016779
vt 0.012968 0.016779
vt 0.018087 0.016779
vt 0.027245 0.016779
vt 0.039048 0.016779
vt 0.051699 0.016779
vt 0.063273 0.016779
vt 0.072007 0.016779
vt 0.076571 0.016779
vt 0.076271 0.016779
vt 0.071153 0.016779
vt 0.061995 0.016779
vt 0.041627 0.384902
vt 0.040111 0.384902
vt 0.041627 0.375057
vt 0.040111 0.375057
vt 0.040111 0.394747
vt 0.041627 0.394747
vt 0.040111 0.404591
vt 0.041627 0.404591
vt 0.040111 0.414436
vt 0.041627 0.414436
vt 0.041627 0.365213
vt 0.040111 0.365213
vt 0.041627 0.355368
vt 0.040111 0.355368
vt 0.041627 0.345523
vt 0.040111 0.345523
vt 0.041627 0.335679
vt 0.040111 0.335679
vt 0.041627 0.325834
vt 0.040111 0.325834
vt 0.041627 0.315990
vt 0.040111 0.315990
vt 0.041627 0.306145
vt 0.040111 0.306145
vt 0.041627 0.296300
vt 0.040111 0.296300
vt 0.041627 0.286456
vt 0.040111 0.286456
vt 0.041627 0.276611
vt 0.040111 0.276611
vt 0.041627 0.266767
vt 0.040111 0.266767
vt 0.041627 0.256922
vt 0.040111 0.256922
vt 0.038069 0.266767
vt 0.038069 0.256922
vt 0.038069 0.276611
vt 0.038069 0.286456
vt 0.038069 0.296300
vt 0.038069 0.306145
vt 0.038069 0.315990
vt 0.038069 0.325834
vt 0.038069 0.335679
vt 0.038069 0.345523
vt 0.038069 0.355368
vt 0.038069 0.365213
vt 0.038069 0.375057
vt 0.038069 0.384902
vt 0.038069 0.394747
vt 0.038069 0.404591
vt 0.038069 0.414436
vt 0.022072 0.384902
vt 0.022072 0.375057
vt 0.022072 0.394747
vt 0.022072 0.404591
vt 0.022072 0.414436
vt 0.020225 0.384902
vt 0.020225 0.375057
vt 0.020225 0.394747
vt 0.020225 0.404591
vt 0.020225 0.414436
vt 0.022072 0.365213
vt 0.022072 0.355368
vt 0.022072 0.345523
vt 0.022072 0.335679
vt 0.022072 0.325834
vt 0.022072 0.315990
vt 0.022072 0.306145
vt 0.022072 0.296300
vt 0.022072 0.286456
vt 0.022072 0.276611
vt 0.022072 0.266767
vt 0.022072 0.256922
vt 0.020225 0.266767
vt 0.020225 0.256922
vt 0.020225 0.276611
vt 0.020225 0.286456
vt 0.020225 0.296300
vt 0.020225 0.306145
vt 0.020225 0.315990
vt 0.020225 0.325834
vt 0.020225 0.335679
vt 0.020225 0.345523
vt 0.020225 0.355368
vt 0.020225 0.365213
vt 0.018596 0.306145
vt 0.018596 0.315990
vt 0.018596 0.325834
vt 0.018596 0.335679
vt 0.018596 0.345523
vt 0.018596 0.355368
vt 0.018596 0.365213
vt 0.018596 0.375057
vt 0.018596 0.384902
vt 0.018596 0.394747
vt 0.018596 0.404591
vt 0.018596 0.414436
vt 0.018596 0.266767
vt 0.018596 0.256922
vt 0.018596 0.276611
vt 0.018596 0.286456
vt 0.018596 0.296300
vt 0.119804 0.197758
vt 0.124130 0.176006
vt 0.107482 0.216199
vt 0.072834 0.231738
vt 0.067290 0.119166
vt 0.107482 0.135814
vt 0.119804 0.154254
vt 0.089042 0.123492
vt 0.010449 0.176006
vt 0.027097 0.135814
vt 0.045538 0.123492
vt 0.014776 0.154254
vt 0.027097 0.216199
vt 0.014776 0.197758
vt 0.045538 0.228520
vt 0.089042 0.228520
vt 0.822381 0.467977
vt 0.851136 0.467675
vt 0.824354 0.495832
vt 0.851136 0.495828
vt 0.851136 0.438427
vt 0.816510 0.439564
vt 0.815646 0.438163
vt 0.851136 0.410054
vt 0.803678 0.412684
vt 0.789688 0.389047
vt 0.851136 0.380056
vt 0.784294 0.384465
vt 0.759294 0.356408
vt 0.851136 0.345633
vt 0.752067 0.352003
vt 0.752025 0.319671
vt 0.851136 0.314139
vt 0.752025 0.284606
vt 0.851136 0.279966
vt 0.752025 0.249552
vt 0.851136 0.244427
vt 0.752025 0.211673
vt 0.851136 0.208888
vt 0.752025 0.176607
vt 0.851136 0.174715
vt 0.752025 0.144291
vt 0.851136 0.143221
vt 0.752025 0.115965
vt 0.851136 0.115617
vt 0.752024 0.092719
vt 0.851136 0.092027
vt 0.752024 0.070432
vt 0.851136 0.070179
vt 0.752024 0.049052
vt 0.851136 0.049070
vt 0.752024 0.030659
vt 0.851136 0.030768
vt 0.636865 0.177578
vt 0.636865 0.212860
vt 0.636865 0.249552
vt 0.636865 0.286244
vt 0.636865 0.070779
vt 0.636865 0.093172
vt 0.636865 0.049333
vt 0.636865 0.030917
vt 0.542695 0.249552
vt 0.542695 0.285539
vt 0.617010 0.308018
vt 0.636865 0.309929
vt 0.584600 0.311137
vt 0.553191 0.320359
vt 0.542695 0.320143
vt 0.542695 0.325633
vt 0.542695 0.213565
vt 0.542695 0.178961
vt 0.542695 0.147070
vt 0.636865 0.145062
vt 0.636865 0.116562
vt 0.542695 0.119117
vt 0.542695 0.096177
vt 0.542695 0.074117
vt 0.542695 0.052877
vt 0.542695 0.034531
vt 0.468746 0.126685
vt 0.468746 0.153016
vt 0.468746 0.183057
vt 0.468746 0.215653
vt 0.468746 0.249552
vt 0.468746 0.283451
vt 0.468746 0.316047
vt 0.522953 0.335634
vt 0.505103 0.349011
vt 0.468746 0.346088
vt 0.495233 0.356407
vt 0.478908 0.373459
vt 0.468746 0.372419
vt 0.470512 0.381546
vt 0.468746 0.384076
vt 0.405873 0.368347
vt 0.405873 0.392568
vt 0.463167 0.397519
vt 0.453735 0.417843
vt 0.405873 0.413837
vt 0.405873 0.344649
vt 0.405873 0.317614
vt 0.405873 0.288278
vt 0.405873 0.257770
vt 0.405873 0.227261
vt 0.405873 0.197926
vt 0.405873 0.170890
vt 0.405873 0.147193
vt 0.405873 0.127745
vt 0.468746 0.105076
vt 0.468746 0.084005
vt 0.468746 0.063374
vt 0.468746 0.045234
vt 0.405873 0.108280
vt 0.405873 0.088638
vt 0.405873 0.070831
vt 0.355697 0.166923
vt 0.355697 0.183462
vt 0.355697 0.149620
vt 0.355697 0.131308
vt 0.355697 0.113951
vt 0.307839 0.217146
vt 0.307839 0.228623
vt 0.355697 0.203614
vt 0.355697 0.226607
vt 0.355697 0.251555
vt 0.355697 0.277500
vt 0.355697 0.303445
vt 0.355697 0.328393
vt 0.355697 0.351385
vt 0.355697 0.371538
vt 0.355697 0.392850
vt 0.355697 0.411958
vt 0.405873 0.428873
vt 0.355697 0.425663
vt 0.405873 0.439947
vt 0.446977 0.443092
vt 0.448399 0.432185
vt 0.355697 0.436287
vt 0.307839 0.422159
vt 0.307839 0.432094
vt 0.307839 0.410068
vt 0.307839 0.393580
vt 0.307839 0.375794
vt 0.307839 0.359938
vt 0.264649 0.419431
vt 0.264684 0.428694
vt 0.264684 0.409009
vt 0.264684 0.393952
vt 0.264684 0.378059
vt 0.264684 0.364985
vt 0.264684 0.350376
vt 0.307839 0.341848
vt 0.307839 0.322220
vt 0.307839 0.301807
vt 0.307839 0.281394
vt 0.307839 0.261765
vt 0.307839 0.243676
vt 0.264684 0.333256
vt 0.264684 0.316230
vt 0.264684 0.300846
vt 0.264684 0.284817
vt 0.264684 0.272388
vt 0.264684 0.262584
vt 0.264684 0.254734
vt 0.264684 0.244167
vt 0.307839 0.204005
vt 0.307839 0.188126
vt 0.307839 0.171458
vt 0.264684 0.230424
vt 0.264684 0.214239
vt 0.116153 0.347443
vt 0.110340 0.353032
vt 0.105120 0.358845
vt 0.100489 0.364658
vt 0.097215 0.370636
vt 0.094806 0.376713
vt 0.092399 0.383644
vt 0.090904 0.396630
vt 0.090295 0.409009
vt 0.090269 0.419241
vt 0.725214 0.335634
vt 0.689397 0.320876
vt 0.688286 0.320419
vt 0.649420 0.311137
vt 0.449399 0.430189
vt 0.452654 0.429809
vt 0.450788 0.441606
vt 0.457283 0.418376
vt 0.466235 0.398604
vt 0.472039 0.383790
vt 0.480741 0.375299
vt 0.496847 0.358153
vt 0.506275 0.350777
vt 0.524008 0.337593
vt 0.543430 0.327588
vt 0.553932 0.322470
vt 0.585003 0.313315
vt 0.616814 0.310294
vt 0.636548 0.311974
vt 0.648831 0.313416
vt 0.687213 0.322942
vt 0.723423 0.338087
vt 0.752537 0.355547
vt 0.783838 0.388237
vt 0.800233 0.413998
vt 0.811156 0.440220
vt 0.817517 0.466319
vt 0.818627 0.494084
vt 0.300310 0.991691
vt 0.300310 0.904324
vt 0.318673 0.993443
vt 0.318673 0.904324
vt 0.285446 0.904324
vt 0.285446 0.989202
vt 0.269644 0.904324
vt 0.269644 0.983113
vt 0.262424 0.904324
vt 0.262424 0.978714
vt 0.253843 0.904324
vt 0.253843 0.974402
vt 0.241415 0.904324
vt 0.241415 0.966343
vt 0.234702 0.904324
vt 0.234702 0.962876
vt 0.223240 0.904324
vt 0.223240 0.956679
vt 0.210778 0.904324
vt 0.210778 0.951976
vt 0.204133 0.904324
vt 0.204133 0.949570
vt 0.184510 0.904324
vt 0.184510 0.945267
vt 0.163499 0.904324
vt 0.163499 0.943847
vt 0.150472 0.904324
vt 0.150472 0.944637
vt 0.142441 0.904324
vt 0.142441 0.945315
vt 0.122554 0.904324
vt 0.122554 0.949793
vt 0.104265 0.904324
vt 0.104265 0.956912
vt 0.089495 0.904324
vt 0.089495 0.965118
vt 0.070163 0.904324
vt 0.070163 0.977279
vt 0.055764 0.904324
vt 0.055764 0.985936
vt 0.040422 0.904324
vt 0.040422 0.992837
vt 0.022858 0.904324
vt 0.022858 0.996229
vt 0.005552 0.904324
vt 0.005552 0.997692
vt 0.515755 0.952363
vt 0.512431 0.958827
vt 0.520882 0.937400
vt 0.498223 0.974236
vt 0.507447 0.965868
vt 0.332029 0.905004
vt 0.411184 0.991663
vt 0.465531 0.988883
vt 0.482668 0.983065
vt 0.492824 0.978121
vt 0.471546 0.987275
vt 0.429519 0.991980
vt 0.447738 0.990880
vt 0.418218 0.992084
vt 0.348234 0.966341
vt 0.376375 0.985104
vt 0.393243 0.989629
vt 0.362814 0.979229
vt 0.335509 0.939245
vt 0.340597 0.953899
vt 0.332546 0.921990
vt 0.524601 0.905004
vt 0.523532 0.922947
vt 0.867581 0.476328
vt 0.867581 0.504650
vt 0.867581 0.446578
vt 0.867581 0.417391
vt 0.867581 0.386297
vt 0.867581 0.350538
vt 0.867581 0.317521
vt 0.867581 0.281695
vt 0.867581 0.244437
vt 0.867581 0.207179
vt 0.867581 0.171353
vt 0.867581 0.138335
vt 0.867581 0.109395
vt 0.867581 0.084664
vt 0.867581 0.062003
vt 0.867581 0.040392
vt 0.867581 0.021920
vt 0.971048 0.476328
vt 0.971048 0.504650
vt 0.971048 0.446578
vt 0.971048 0.417391
vt 0.971048 0.386297
vt 0.971048 0.350538
vt 0.971048 0.317521
vt 0.971048 0.281695
vt 0.971048 0.244437
vt 0.971048 0.207179
vt 0.971048 0.171353
vt 0.971048 0.138335
vt 0.971048 0.109395
vt 0.971048 0.084664
vt 0.971048 0.062003
vt 0.971048 0.040392
vt 0.971048 0.021920
vt 0.641924 0.746315
vt 0.666181 0.726407
vt 0.614249 0.761108
vt 0.552863 0.773293
vt 0.713067 0.613216
vt 0.700882 0.674475
vt 0.686089 0.702150
vt 0.709991 0.644445
vt 0.552863 0.452117
vt 0.665908 0.499749
vt 0.700882 0.551957
vt 0.709991 0.581987
vt 0.686089 0.524282
vt 0.614249 0.464302
vt 0.641602 0.478877
vt 0.584219 0.455193
vt 0.584219 0.770217
vt 0.588306 0.790446
vt 0.552923 0.793918
vt 0.592082 0.810236
vt 0.552760 0.814096
vt 0.595950 0.830144
vt 0.552664 0.834393
vt 0.600144 0.850423
vt 0.552816 0.855069
vt 0.645504 0.836663
vt 0.637436 0.817559
vt 0.687308 0.814318
vt 0.675669 0.797124
vt 0.723949 0.784248
vt 0.709180 0.769621
vt 0.754020 0.747606
vt 0.736682 0.736110
vt 0.776364 0.705803
vt 0.757118 0.697877
vt 0.790124 0.660443
vt 0.769703 0.656392
vt 0.794770 0.613270
vt 0.773952 0.613249
vt 0.790124 0.566098
vt 0.769703 0.570105
vt 0.776364 0.520738
vt 0.757118 0.528620
vt 0.754020 0.478934
vt 0.736682 0.490387
vt 0.723949 0.442293
vt 0.709161 0.456856
vt 0.687307 0.410981
vt 0.675646 0.428209
vt 0.645504 0.388636
vt 0.637435 0.407788
vt 0.600144 0.374876
vt 0.595950 0.395204
vt 0.552816 0.370230
vt 0.552664 0.390955
vt 0.749900 0.574046
vt 0.753759 0.613232
vt 0.733750 0.613221
vt 0.730278 0.648474
vt 0.749900 0.652419
vt 0.719995 0.682371
vt 0.738469 0.690099
vt 0.703297 0.713611
vt 0.719907 0.724826
vt 0.680825 0.740993
vt 0.694928 0.755264
vt 0.653443 0.763465
vt 0.664489 0.780244
vt 0.622203 0.780163
vt 0.629763 0.798806
vt 0.730278 0.577969
vt 0.738469 0.536365
vt 0.719995 0.544072
vt 0.719907 0.501638
vt 0.703297 0.512832
vt 0.694855 0.471127
vt 0.680668 0.485291
vt 0.664404 0.445078
vt 0.653258 0.461810
vt 0.629763 0.426574
vt 0.622203 0.445237
vt 0.592082 0.415144
vt 0.588305 0.434954
vt 0.552760 0.411284
vt 0.552923 0.431482
vt 0.123003 0.342292
vt 0.128959 0.337777
vt 0.134021 0.334072
vt 0.137893 0.330596
vt 0.140494 0.327873
vt 0.141335 0.326083
vt 0.088765 0.409009
vt 0.088897 0.396630
vt 0.090206 0.383644
vt 0.092211 0.376713
vt 0.094488 0.370636
vt 0.097653 0.364611
vt 0.101932 0.358581
vt 0.107555 0.352412
vt 0.113736 0.346473
vt 0.120533 0.340983
vt 0.127005 0.336629
vt 0.132526 0.333164
vt 0.137054 0.329782
vt 0.225110 0.796207
vt 0.219432 0.795273
vt 0.226400 0.779187
vt 0.220652 0.779187
vt 0.215805 0.810962
vt 0.221272 0.812807
vt 0.209859 0.825870
vt 0.214981 0.828579
vt 0.201740 0.839627
vt 0.206390 0.843136
vt 0.191649 0.851897
vt 0.195713 0.856118
vt 0.179833 0.862376
vt 0.183212 0.867205
vt 0.166584 0.870807
vt 0.169194 0.876125
vt 0.152229 0.876981
vt 0.154005 0.882658
vt 0.137120 0.880748
vt 0.138019 0.886644
vt 0.121629 0.882014
vt 0.121629 0.887983
vt 0.106139 0.880748
vt 0.105240 0.886644
vt 0.091030 0.876981
vt 0.089253 0.882658
vt 0.076674 0.870807
vt 0.074064 0.876125
vt 0.063425 0.862376
vt 0.060047 0.867205
vt 0.051610 0.851897
vt 0.047545 0.856118
vt 0.041518 0.839627
vt 0.036868 0.843136
vt 0.033400 0.825870
vt 0.028278 0.828579
vt 0.027453 0.810962
vt 0.021986 0.812807
vt 0.023826 0.795273
vt 0.018149 0.796207
vt 0.022607 0.779187
vt 0.016859 0.779187
vt 0.071704 0.880971
vt 0.087647 0.887828
vt 0.104426 0.892011
vt 0.121629 0.893417
vt 0.138832 0.892011
vt 0.155612 0.887828
vt 0.171555 0.880971
vt 0.186268 0.871608
vt 0.199390 0.859970
vt 0.210597 0.846344
vt 0.219613 0.831065
vt 0.226217 0.814510
vt 0.230245 0.797086
vt 0.231599 0.779222
vt 0.226400 0.680583
vt 0.220652 0.683857
vt 0.231649 0.676493
vt 0.056990 0.871608
vt 0.043869 0.859970
vt 0.032662 0.846344
vt 0.023645 0.831065
vt 0.017041 0.814510
vt 0.013013 0.797086
vt 0.011659 0.779222
vt 0.011609 0.676493
vt 0.016859 0.680583
vt 0.022607 0.683857
vt 0.018149 0.796207
vt 0.023826 0.795273
vt 0.016859 0.779187
vt 0.022607 0.779187
vt 0.021986 0.812807
vt 0.033400 0.825870
vt 0.028278 0.828580
vt 0.041519 0.839627
vt 0.036868 0.843136
vt 0.047545 0.856118
vt 0.063425 0.862376
vt 0.060047 0.867205
vt 0.076674 0.870807
vt 0.074064 0.876125
vt 0.091030 0.876981
vt 0.089253 0.882658
vt 0.106139 0.880748
vt 0.105240 0.886644
vt 0.121629 0.887983
vt 0.137120 0.880748
vt 0.138019 0.886644
vt 0.154005 0.882658
vt 0.166585 0.870807
vt 0.169194 0.876125
vt 0.179833 0.862376
vt 0.183212 0.867205
vt 0.195713 0.856118
vt 0.206390 0.843136
vt 0.209859 0.825870
vt 0.214981 0.828579
vt 0.215805 0.810962
vt 0.221272 0.812807
vt 0.220652 0.779187
vt 0.226400 0.779187
vt 0.022607 0.683857
vt 0.224269 0.549160
vt 0.218591 0.550093
vt 0.225559 0.566179
vt 0.219811 0.566179
vt 0.214964 0.534404
vt 0.220431 0.532559
vt 0.209018 0.519497
vt 0.214139 0.516787
vt 0.200899 0.505739
vt 0.205549 0.502231
vt 0.190808 0.493470
vt 0.194872 0.489249
vt 0.178992 0.482991
vt 0.182371 0.478161
vt 0.165743 0.474560
vt 0.168353 0.469241
vt 0.151388 0.468385
vt 0.153164 0.462708
vt 0.136279 0.464618
vt 0.137178 0.458723
vt 0.120788 0.463352
vt 0.120788 0.457383
vt 0.105298 0.464618
vt 0.104398 0.458723
vt 0.090189 0.468385
vt 0.088412 0.462708
vt 0.075833 0.474560
vt 0.073223 0.469241
vt 0.062584 0.482991
vt 0.059206 0.478161
vt 0.050769 0.493470
vt 0.046704 0.489249
vt 0.040677 0.505739
vt 0.036027 0.502231
vt 0.032559 0.519497
vt 0.027437 0.516787
vt 0.026612 0.534404
vt 0.021145 0.532559
vt 0.022985 0.550093
vt 0.017307 0.549160
vt 0.021766 0.566179
vt 0.016018 0.566179
vt 0.071624 0.464463
vt 0.087567 0.457605
vt 0.104346 0.453422
vt 0.121550 0.452016
vt 0.138753 0.453422
vt 0.155532 0.457605
vt 0.171475 0.464463
vt 0.186188 0.473825
vt 0.199310 0.485463
vt 0.210517 0.499089
vt 0.219534 0.514368
vt 0.226137 0.530923
vt 0.230166 0.548347
vt 0.231520 0.566211
vt 0.225559 0.668874
vt 0.219811 0.668874
vt 0.231520 0.668910
vt 0.056911 0.473825
vt 0.043789 0.485463
vt 0.032582 0.499089
vt 0.023565 0.514368
vt 0.016962 0.530923
vt 0.012933 0.548347
vt 0.011579 0.566211
vt 0.011579 0.668910
vt 0.016017 0.668874
vt 0.021766 0.668874
vt 0.017307 0.549160
vt 0.022985 0.550093
vt 0.016017 0.566179
vt 0.026612 0.534404
vt 0.040677 0.505739
vt 0.036027 0.502231
vt 0.050769 0.493470
vt 0.059206 0.478162
vt 0.075833 0.474560
vt 0.073223 0.469242
vt 0.090189 0.468385
vt 0.088412 0.462708
vt 0.105298 0.464619
vt 0.104398 0.458723
vt 0.120788 0.463353
vt 0.120788 0.457383
vt 0.136279 0.464619
vt 0.137178 0.458723
vt 0.151388 0.468385
vt 0.153164 0.462708
vt 0.165743 0.474560
vt 0.168353 0.469242
vt 0.182371 0.478162
vt 0.190808 0.493470
vt 0.194872 0.489249
vt 0.200899 0.505739
vt 0.205549 0.502231
vt 0.209018 0.519497
vt 0.214139 0.516787
vt 0.214964 0.534404
vt 0.220431 0.532559
vt 0.218591 0.550094
vt 0.224269 0.549160
vt 0.219811 0.566179
vt 0.225559 0.566179
vt 0.016017 0.664790
vt 0.021766 0.661509
vt 0.225559 0.664790
vt 0.219811 0.661509
vt 0.017311 0.549121
vt 0.022988 0.550055
vt 0.016021 0.566141
vt 0.021769 0.566141
vt 0.026616 0.534366
vt 0.021149 0.532521
vt 0.032562 0.519459
vt 0.027440 0.516749
vt 0.040681 0.505701
vt 0.036030 0.502192
vt 0.050772 0.493432
vt 0.046708 0.489211
vt 0.062588 0.482952
vt 0.059209 0.478123
vt 0.075836 0.474522
vt 0.073227 0.469203
vt 0.090192 0.468347
vt 0.088416 0.462670
vt 0.105301 0.464580
vt 0.104402 0.458685
vt 0.120792 0.463314
vt 0.120792 0.457345
vt 0.136282 0.464580
vt 0.137181 0.458685
vt 0.151391 0.468347
vt 0.153168 0.462670
vt 0.165747 0.474522
vt 0.168357 0.469203
vt 0.178996 0.482952
vt 0.182374 0.478123
vt 0.190811 0.493432
vt 0.194876 0.489211
vt 0.200903 0.505701
vt 0.205553 0.502192
vt 0.209021 0.519459
vt 0.214143 0.516749
vt 0.214968 0.534366
vt 0.220434 0.532521
vt 0.218595 0.550055
vt 0.224272 0.549122
vt 0.219814 0.566141
vt 0.225562 0.566141
vt 0.171479 0.464423
vt 0.155536 0.457566
vt 0.138756 0.453383
vt 0.121553 0.451977
vt 0.104350 0.453383
vt 0.087571 0.457566
vt 0.071628 0.464423
vt 0.056914 0.473786
vt 0.043793 0.485424
vt 0.032585 0.499050
vt 0.023569 0.514328
vt 0.016965 0.530884
vt 0.012937 0.548308
vt 0.011583 0.566172
vt 0.016021 0.668836
vt 0.021769 0.668836
vt 0.011583 0.668871
vt 0.186192 0.473786
vt 0.199314 0.485424
vt 0.210521 0.499050
vt 0.219537 0.514328
vt 0.226141 0.530884
vt 0.230170 0.548308
vt 0.231523 0.566172
vt 0.231523 0.668871
vt 0.225562 0.668836
vt 0.219814 0.668836
vt 0.218595 0.550055
vt 0.209021 0.519459
vt 0.200903 0.505701
vt 0.190811 0.493432
vt 0.194876 0.489211
vt 0.178996 0.482953
vt 0.182374 0.478123
vt 0.165747 0.474522
vt 0.168357 0.469203
vt 0.151391 0.468347
vt 0.153168 0.462670
vt 0.136282 0.464580
vt 0.137181 0.458685
vt 0.120792 0.463314
vt 0.120792 0.457345
vt 0.105301 0.464580
vt 0.104402 0.458685
vt 0.090192 0.468347
vt 0.088416 0.462670
vt 0.075836 0.474522
vt 0.073227 0.469203
vt 0.062588 0.482953
vt 0.059209 0.478123
vt 0.050772 0.493432
vt 0.046708 0.489211
vt 0.040681 0.505701
vt 0.036030 0.502192
vt 0.032562 0.519459
vt 0.027440 0.516749
vt 0.026616 0.534366
vt 0.021149 0.532521
vt 0.022988 0.550055
vt 0.017311 0.549122
vt 0.021769 0.566141
vt 0.016021 0.566141
vt 0.225562 0.664752
vt 0.219814 0.661471
vt 0.016021 0.664752
vt 0.021769 0.661471
vt 0.255836 0.586825
vt 0.262404 0.587960
vt 0.254343 0.607511
vt 0.260994 0.607511
vt 0.266601 0.568890
vt 0.260276 0.566649
vt 0.273480 0.550772
vt 0.267555 0.547478
vt 0.282873 0.534050
vt 0.277493 0.529786
vt 0.294549 0.519138
vt 0.289846 0.514007
vt 0.308218 0.506401
vt 0.304309 0.500531
vt 0.323546 0.496154
vt 0.320527 0.489690
vt 0.340155 0.488649
vt 0.338100 0.481749
vt 0.357635 0.484071
vt 0.356595 0.476905
vt 0.375557 0.482532
vt 0.375557 0.475277
vt 0.393479 0.484071
vt 0.394519 0.476905
vt 0.410959 0.488649
vt 0.413014 0.481749
vt 0.427568 0.496154
vt 0.430587 0.489690
vt 0.442896 0.506401
vt 0.446805 0.500531
vt 0.456566 0.519138
vt 0.461268 0.514008
vt 0.468241 0.534050
vt 0.473621 0.529786
vt 0.477634 0.550772
vt 0.483560 0.547478
vt 0.484514 0.568890
vt 0.490839 0.566649
vt 0.488710 0.587960
vt 0.495279 0.586825
vt 0.490121 0.607511
vt 0.496771 0.607511
vt 0.431652 0.487410
vt 0.413739 0.479316
vt 0.462927 0.512198
vt 0.448184 0.498462
vt 0.485649 0.546317
vt 0.475519 0.528282
vt 0.497596 0.586425
vt 0.493069 0.565858
vt 0.394886 0.474378
vt 0.375557 0.472718
vt 0.356228 0.474378
vt 0.337375 0.479316
vt 0.319462 0.487410
vt 0.302931 0.498462
vt 0.288187 0.512198
vt 0.275595 0.528282
vt 0.265465 0.546317
vt 0.258045 0.565858
vt 0.253519 0.586425
vt 0.251998 0.607511
vt 0.254343 0.751965
vt 0.260994 0.751965
vt 0.251998 0.751965
vt 0.499117 0.607511
vt 0.499117 0.751965
vt 0.496771 0.751965
vt 0.490121 0.751965
vt 0.496771 0.607511
vt 0.490121 0.607511
vt 0.484514 0.568891
vt 0.477634 0.550772
vt 0.468241 0.534050
vt 0.473621 0.529786
vt 0.456566 0.519138
vt 0.461268 0.514008
vt 0.442896 0.506401
vt 0.446805 0.500532
vt 0.427568 0.496154
vt 0.430587 0.489690
vt 0.410959 0.488649
vt 0.413014 0.481749
vt 0.393479 0.484071
vt 0.394519 0.476905
vt 0.375557 0.482532
vt 0.375557 0.475277
vt 0.357636 0.484071
vt 0.356595 0.476905
vt 0.340155 0.488649
vt 0.338100 0.481749
vt 0.323546 0.496154
vt 0.320527 0.489690
vt 0.308218 0.506401
vt 0.304309 0.500532
vt 0.294549 0.519138
vt 0.289846 0.514008
vt 0.282873 0.534050
vt 0.277493 0.529786
vt 0.273480 0.550772
vt 0.267555 0.547478
vt 0.266601 0.568891
vt 0.260276 0.566649
vt 0.262404 0.587960
vt 0.255836 0.586825
vt 0.260994 0.607511
vt 0.254343 0.607511
vt 0.254343 0.751965
vt 0.260994 0.751965
vt 0.260994 0.607511
vt 0.282873 0.534050
vt 0.277493 0.529786
vt 0.308218 0.506401
vt 0.320527 0.489690
vt 0.357636 0.484071
vt 0.375557 0.482532
vt 0.394519 0.476905
vt 0.427568 0.496154
vt 0.337375 0.479316
vt 0.319462 0.487410
vt 0.302931 0.498462
vt 0.275596 0.528282
vt 0.254343 0.722022
vt 0.260994 0.723052
vt 0.251998 0.721659
vt 0.499117 0.871260
vt 0.496771 0.871260
vt 0.490121 0.871260
vt 0.280872 0.726129
vt 0.311781 0.741183
vt 0.338323 0.765132
vt 0.358689 0.796342
vt 0.371492 0.832687
vt 0.375811 0.871260
vt 0.484514 0.568891
vt 0.468241 0.534050
vt 0.375557 0.475277
vt 0.323546 0.496154
vt 0.262404 0.587960
vt 0.260994 0.723052
vt 0.917281 0.802776
vt 0.954900 0.802776
vt 0.917281 0.823856
vt 0.954900 0.823856
vt 0.972615 0.823856
vt 0.972615 0.802776
vt 0.978541 0.807467
vt 0.978541 0.819164
vt 0.980631 0.813316
vt 0.874165 0.823856
vt 0.874165 0.802776
vt 0.828490 0.823856
vt 0.828490 0.802776
vt 0.783369 0.823856
vt 0.783369 0.802776
vt 0.742334 0.823856
vt 0.742334 0.802776
vt 0.741877 0.802776
vt 0.741877 0.823856
vt 0.946388 0.532558
vt 0.946388 0.560689
vt 0.940968 0.532558
vt 0.940968 0.560689
vt 0.951809 0.560689
vt 0.951809 0.532558
vt 0.957229 0.560689
vt 0.957229 0.532558
vt 0.962649 0.560689
vt 0.962649 0.532558
vt 0.935547 0.532558
vt 0.935547 0.560689
vt 0.930127 0.532558
vt 0.930127 0.560689
vt 0.924707 0.532558
vt 0.924707 0.560689
vt 0.919286 0.532558
vt 0.919286 0.560689
vt 0.913866 0.532558
vt 0.913866 0.560689
vt 0.908445 0.532558
vt 0.908445 0.560689
vt 0.903025 0.532558
vt 0.903025 0.560689
vt 0.897604 0.532558
vt 0.897604 0.560689
vt 0.946388 0.746545
vt 0.946388 0.774676
vt 0.940968 0.746545
vt 0.940968 0.774676
vt 0.951809 0.774676
vt 0.951809 0.746545
vt 0.957229 0.774676
vt 0.957229 0.746545
vt 0.962649 0.774676
vt 0.962649 0.746545
vt 0.935547 0.746545
vt 0.935547 0.774676
vt 0.930127 0.746545
vt 0.930127 0.774676
vt 0.924707 0.746545
vt 0.924707 0.774676
vt 0.919286 0.746545
vt 0.919286 0.774676
vt 0.913866 0.746545
vt 0.913866 0.774676
vt 0.908445 0.746545
vt 0.908445 0.774676
vt 0.903025 0.746545
vt 0.903025 0.774676
vt 0.897604 0.746545
vt 0.897604 0.774676
vt 0.946388 0.569104
vt 0.946388 0.737195
vt 0.940968 0.569104
vt 0.940968 0.737195
vt 0.951809 0.737195
vt 0.951809 0.569104
vt 0.957229 0.737195
vt 0.957229 0.569104
vt 0.962649 0.737195
vt 0.962649 0.569104
vt 0.935547 0.569104
vt 0.935547 0.737195
vt 0.930127 0.569104
vt 0.930127 0.737195
vt 0.924707 0.569104
vt 0.924707 0.737195
vt 0.919286 0.569104
vt 0.919286 0.737195
vt 0.913866 0.569104
vt 0.913866 0.737195
vt 0.908445 0.569104
vt 0.908445 0.737195
vt 0.903025 0.569104
vt 0.903025 0.737195
vt 0.897604 0.569104
vt 0.897604 0.737195
vt 0.851525 0.698624
vt 0.835056 0.694211
vt 0.863582 0.710681
vt 0.863582 0.743620
vt 0.806529 0.743620
vt 0.806529 0.710681
vt 0.818586 0.698624
vt 0.802117 0.727150
vt 0.835056 0.760090
vt 0.818586 0.755677
vt 0.851525 0.755677
vt 0.867995 0.727150
vt 0.818586 0.755677
vt 0.851525 0.755677
vt 0.806529 0.743620
vt 0.806529 0.710681
vt 0.851525 0.698624
vt 0.863582 0.743620
s 1
usemtl Airplane7_01
f 3/1/1 2/2/2 1/3/3
f 4/4/4 1/3/3 2/2/2
f 2/2/2 3/1/1 5/5/5
f 6/6/6 5/5/5 3/1/1
f 5/5/5 6/6/6 7/7/7
f 8/8/8 7/7/7 6/6/6
f 1/3/3 4/4/4 9/9/9
f 10/10/10 9/9/9 4/4/4
f 9/9/9 10/10/10 11/11/11
f 12/12/12 11/11/11 10/10/10
f 11/11/11 12/12/12 13/13/13
f 14/14/14 13/13/13 12/12/12
f 13/13/13 14/14/14 15/15/15
f 16/16/15 15/15/15 14/14/14
f 15/15/15 16/16/15 17/17/16
f 18/18/17 17/17/16 16/16/15
f 17/17/16 18/18/17 19/19/18
f 20/20/19 19/19/18 18/18/17
f 19/19/18 20/20/19 21/21/20
f 22/22/21 21/21/20 20/20/19
f 21/21/20 22/22/21 23/23/22
f 24/24/23 23/23/22 22/22/21
f 23/23/22 24/24/23 25/25/24
f 26/26/25 25/25/24 24/24/23
f 25/25/24 26/26/25 27/27/26
f 28/28/27 27/27/26 26/26/25
f 27/27/26 28/28/27 29/29/28
f 30/30/29 29/29/28 28/28/27
f 29/29/28 30/30/29 31/31/30
f 32/32/30 31/31/30 30/30/29
f 31/31/30 32/32/30 33/33/8
f 34/34/7 33/33/8 32/32/30
f 37/4/31 36/2/31 35/10/31
f 36/2/31 38/5/31 35/10/31
f 38/5/31 39/7/31 35/10/31
f 39/7/31 40/35/31 35/10/31
f 40/35/31 41/36/31 35/10/31
f 41/36/31 42/37/31 35/10/31
f 42/37/31 43/38/31 35/10/31
f 43/38/31 44/39/31 35/10/31
f 44/39/31 45/40/31 35/10/31
f 45/40/31 46/41/31 35/10/31
f 46/41/31 47/42/31 35/10/31
f 47/42/31 48/43/31 35/10/31
f 48/43/31 49/44/31 35/10/31
f 49/44/31 50/45/31 35/10/31
f 53/46/32 52/47/33 51/48/34
f 54/49/35 51/48/34 52/47/33
f 52/47/33 53/46/32 55/50/36
f 56/51/37 55/50/36 53/46/32
f 55/50/36 56/51/37 57/52/38
f 58/53/39 57/52/38 56/51/37
f 57/52/38 58/53/39 59/54/40
f 60/55/41 59/54/40 58/53/39
f 51/48/34 54/49/35 61/56/42
f 62/57/43 61/56/42 54/49/35
f 61/56/42 62/57/43 63/58/44
f 64/59/45 63/58/44 62/57/43
f 63/58/44 64/59/45 65/60/46
f 66/61/47 65/60/46 64/59/45
f 65/60/46 66/61/47 67/62/48
f 68/63/49 67/62/48 66/61/47
f 67/62/48 68/63/49 69/64/50
f 70/65/51 69/64/50 68/63/49
f 69/64/50 70/65/51 71/66/52
f 72/67/53 71/66/52 70/65/51
f 71/66/52 72/67/53 73/68/54
f 74/69/55 73/68/54 72/67/53
f 73/68/54 74/69/55 75/70/56
f 76/71/57 75/70/56 74/69/55
f 75/70/56 76/71/57 77/72/58
f 78/73/59 77/72/58 76/71/57
f 77/72/58 78/73/59 79/74/60
f 80/75/61 79/74/60 78/73/59
f 79/74/60 80/75/61 81/76/62
f 82/77/63 81/76/62 80/75/61
f 81/76/62 82/77/63 83/78/41
f 84/79/40 83/78/41 82/77/63
f 82/77/63 85/80/64 84/79/40
f 86/81/65 84/79/40 85/80/64
f 80/75/61 87/82/66 82/77/63
f 85/80/64 82/77/63 87/82/66
f 78/73/59 88/83/67 80/75/61
f 87/82/66 80/75/61 88/83/67
f 76/71/57 89/84/68 78/73/59
f 88/83/67 78/73/59 89/84/68
f 74/69/55 90/85/69 76/71/57
f 89/84/68 76/71/57 90/85/69
f 90/85/69 74/69/55 91/86/70
f 72/67/53 91/86/70 74/69/55
f 91/86/70 72/67/53 92/87/71
f 70/65/51 92/87/71 72/67/53
f 92/87/71 70/65/51 93/88/72
f 68/63/49 93/88/72 70/65/51
f 93/88/72 68/63/49 94/89/73
f 66/61/47 94/89/73 68/63/49
f 94/89/73 66/61/47 95/90/74
f 64/59/45 95/90/74 66/61/47
f 95/90/74 64/59/45 96/91/75
f 62/57/43 96/91/75 64/59/45
f 96/91/75 62/57/43 97/92/76
f 54/49/35 97/92/76 62/57/43
f 97/92/76 54/49/35 98/93/77
f 52/47/33 98/93/77 54/49/35
f 98/93/77 52/47/33 99/94/78
f 55/50/36 99/94/78 52/47/33
f 99/94/78 55/50/36 100/95/79
f 57/52/38 100/95/79 55/50/36
f 100/95/79 57/52/38 101/96/65
f 59/54/40 101/96/65 57/52/38
f 98/93/77 102/97/80 97/92/76
f 103/98/81 97/92/76 102/97/80
f 97/92/76 103/98/81 96/91/75
f 99/94/78 104/99/82 98/93/77
f 102/97/80 98/93/77 104/99/82
f 100/95/79 105/100/83 99/94/78
f 104/99/82 99/94/78 105/100/83
f 101/96/65 106/101/84 100/95/79
f 105/100/83 100/95/79 106/101/84
f 102/97/80 107/102/85 103/98/81
f 108/103/86 103/98/81 107/102/85
f 104/99/82 109/104/87 102/97/80
f 107/102/85 102/97/80 109/104/87
f 105/100/83 110/105/88 104/99/82
f 109/104/87 104/99/82 110/105/88
f 106/101/84 111/106/89 105/100/83
f 110/105/88 105/100/83 111/106/89
f 103/98/81 108/103/86 112/107/90
f 112/107/90 96/91/75 103/98/81
f 96/91/75 112/107/90 95/90/74
f 113/108/91 95/90/74 112/107/90
f 95/90/74 113/108/91 94/89/73
f 114/109/92 94/89/73 113/108/91
f 94/89/73 114/109/92 93/88/72
f 115/110/93 93/88/72 114/109/92
f 93/88/72 115/110/93 92/87/71
f 116/111/94 92/87/71 115/110/93
f 92/87/71 116/111/94 91/86/70
f 117/112/95 91/86/70 116/111/94
f 91/86/70 117/112/95 90/85/69
f 118/113/96 90/85/69 117/112/95
f 90/85/69 118/113/96 89/84/68
f 119/114/97 89/84/68 118/113/96
f 89/84/68 119/114/97 88/83/67
f 120/115/98 88/83/67 119/114/97
f 88/83/67 120/115/98 87/82/66
f 121/116/99 87/82/66 120/115/98
f 87/82/66 121/116/99 85/80/64
f 122/117/100 85/80/64 121/116/99
f 85/80/64 122/117/100 86/81/65
f 123/118/84 86/81/65 122/117/100
f 122/117/100 124/119/101 123/118/84
f 125/120/89 123/118/84 124/119/101
f 121/116/99 126/121/102 122/117/100
f 124/119/101 122/117/100 126/121/102
f 120/115/98 127/122/103 121/116/99
f 126/121/102 121/116/99 127/122/103
f 119/114/97 128/123/104 120/115/98
f 127/122/103 120/115/98 128/123/104
f 118/113/96 129/124/105 119/114/97
f 128/123/104 119/114/97 129/124/105
f 129/124/105 118/113/96 130/125/106
f 117/112/95 130/125/106 118/113/96
f 130/125/106 117/112/95 131/126/107
f 116/111/94 131/126/107 117/112/95
f 131/126/107 116/111/94 132/127/108
f 115/110/93 132/127/108 116/111/94
f 132/127/108 115/110/93 133/128/109
f 114/109/92 133/128/109 115/110/93
f 133/128/109 114/109/92 134/129/110
f 113/108/91 134/129/110 114/109/92
f 134/129/110 113/108/91 135/130/111
f 112/107/90 135/130/111 113/108/91
f 135/130/111 112/107/90 108/103/86
f 129/124/105 136/131/112 128/123/104
f 130/125/106 137/132/113 129/124/105
f 136/131/112 129/124/105 137/132/113
f 131/126/107 138/133/114 130/125/106
f 137/132/113 130/125/106 138/133/114
f 132/127/108 139/134/115 131/126/107
f 138/133/114 131/126/107 139/134/115
f 133/128/109 140/135/116 132/127/108
f 139/134/115 132/127/108 140/135/116
f 134/129/110 141/136/117 133/128/109
f 140/135/116 133/128/109 141/136/117
f 135/130/111 142/137/118 134/129/110
f 141/136/117 134/129/110 142/137/118
f 108/103/86 143/138/119 135/130/111
f 143/138/119 108/103/86 144/139/120
f 107/102/85 144/139/120 108/103/86
f 144/139/120 107/102/85 145/140/121
f 109/104/87 145/140/121 107/102/85
f 145/140/121 109/104/87 146/141/122
f 110/105/88 146/141/122 109/104/87
f 146/141/122 110/105/88 147/142/123
f 111/106/89 147/142/123 110/105/88
f 142/137/118 135/130/111 143/138/119
f 124/119/101 148/143/124 125/120/89
f 149/144/123 125/120/89 148/143/124
f 148/143/124 124/119/101 150/145/125
f 126/121/102 150/145/125 124/119/101
f 150/145/125 126/121/102 151/146/126
f 127/122/103 151/146/126 126/121/102
f 151/146/126 127/122/103 152/147/127
f 128/123/104 152/147/127 127/122/103
f 152/147/127 128/123/104 136/131/112
f 155/148/128 154/149/128 153/150/128
f 154/149/128 156/151/128 153/150/128
f 157/152/128 156/151/128 154/149/128
f 158/153/128 157/152/128 154/149/128
f 159/154/128 158/153/128 154/149/128
f 160/155/128 157/152/128 158/153/128
f 161/156/128 156/151/128 157/152/128
f 162/157/128 161/156/128 157/152/128
f 163/158/128 162/157/128 157/152/128
f 164/159/128 161/156/128 162/157/128
f 165/160/128 156/151/128 161/156/128
f 166/161/128 165/160/128 161/156/128
f 167/162/128 156/151/128 165/160/128
f 153/150/128 156/151/128 168/163/128
f 171/160/31 170/161/31 169/162/31
f 170/161/31 172/163/31 169/162/31
f 173/158/31 172/163/31 170/161/31
f 174/159/31 173/158/31 170/161/31
f 175/156/31 174/159/31 170/161/31
f 176/157/31 173/158/31 174/159/31
f 177/154/31 172/163/31 173/158/31
f 178/155/31 177/154/31 173/158/31
f 179/152/31 178/155/31 173/158/31
f 180/153/31 177/154/31 178/155/31
f 181/148/31 172/163/31 177/154/31
f 182/149/31 181/148/31 177/154/31
f 183/150/31 172/163/31 181/148/31
f 169/162/31 172/163/31 184/151/31
f 187/164/129 186/165/130 185/166/131
f 188/167/132 185/166/131 186/165/130
f 186/165/130 187/164/129 189/168/133
f 190/169/134 189/168/133 187/164/129
f 190/169/134 191/170/135 189/168/133
f 191/170/135 192/171/136 189/168/133
f 193/172/137 192/171/136 191/170/135
f 193/172/137 194/173/138 192/171/136
f 194/173/138 195/174/139 192/171/136
f 196/175/140 195/174/139 194/173/138
f 196/175/140 197/176/141 195/174/139
f 197/176/141 198/177/142 195/174/139
f 199/178/143 198/177/142 197/176/141
f 199/178/143 200/179/144 198/177/142
f 201/180/145 198/177/142 200/179/144
f 200/179/144 202/181/146 201/180/145
f 203/182/147 201/180/145 202/181/146
f 202/181/146 204/183/148 203/182/147
f 205/184/149 203/182/147 204/183/148
f 204/183/148 206/185/150 205/184/149
f 207/186/151 205/184/149 206/185/150
f 206/185/150 208/187/152 207/186/151
f 209/188/153 207/186/151 208/187/152
f 208/187/152 210/189/154 209/188/153
f 211/190/155 209/188/153 210/189/154
f 210/189/154 212/191/156 211/190/155
f 213/192/157 211/190/155 212/191/156
f 212/191/156 214/193/158 213/192/157
f 215/194/159 213/192/157 214/193/158
f 214/193/158 216/195/160 215/194/159
f 217/196/161 215/194/159 216/195/160
f 216/195/160 218/197/162 217/196/161
f 219/198/163 217/196/161 218/197/162
f 218/197/162 220/199/164 219/198/163
f 221/200/165 219/198/163 220/199/164
f 208/187/152 206/185/150 222/201/166
f 223/202/167 222/201/166 206/185/150
f 206/185/150 204/183/148 223/202/167
f 224/203/168 223/202/167 204/183/148
f 204/183/148 202/181/146 224/203/168
f 225/204/169 224/203/168 202/181/146
f 216/195/160 214/193/158 226/205/170
f 227/206/171 226/205/170 214/193/158
f 218/197/162 216/195/160 228/207/172
f 226/205/170 228/207/172 216/195/160
f 220/199/164 218/197/162 229/208/173
f 228/207/172 229/208/173 218/197/162
f 224/203/168 225/204/169 230/209/174
f 231/210/175 230/209/174 225/204/169
f 225/204/169 232/211/176 231/210/175
f 233/212/177 232/211/176 225/204/169
f 232/211/176 234/213/178 231/210/175
f 231/210/175 234/213/178 235/214/179
f 236/215/180 231/210/175 235/214/179
f 236/215/180 235/214/179 237/216/181
f 230/209/174 238/217/182 224/203/168
f 223/202/167 224/203/168 238/217/182
f 238/217/182 239/218/183 223/202/167
f 222/201/166 223/202/167 239/218/183
f 239/218/183 240/219/184 222/201/166
f 241/220/185 222/201/166 240/219/184
f 222/201/166 241/220/185 208/187/152
f 210/189/154 208/187/152 241/220/185
f 241/220/185 242/221/186 210/189/154
f 212/191/156 210/189/154 242/221/186
f 242/221/186 227/206/171 212/191/156
f 214/193/158 212/191/156 227/206/171
f 242/221/186 241/220/185 243/222/187
f 240/219/184 243/222/187 241/220/185
f 227/206/171 242/221/186 244/223/188
f 243/222/187 244/223/188 242/221/186
f 244/223/188 245/224/189 227/206/171
f 226/205/170 227/206/171 245/224/189
f 245/224/189 246/225/190 226/205/170
f 228/207/172 226/205/170 246/225/190
f 246/225/190 247/226/191 228/207/172
f 229/208/173 228/207/172 247/226/191
f 243/222/187 240/219/184 248/227/192
f 249/228/193 248/227/192 240/219/184
f 240/219/184 239/218/183 249/228/193
f 250/229/194 249/228/193 239/218/183
f 239/218/183 238/217/182 250/229/194
f 251/230/195 250/229/194 238/217/182
f 238/217/182 230/209/174 251/230/195
f 252/231/196 251/230/195 230/209/174
f 230/209/174 231/210/175 252/231/196
f 253/232/197 252/231/196 231/210/175
f 231/210/175 236/215/180 253/232/197
f 254/233/198 253/232/197 236/215/180
f 236/215/180 237/216/181 254/233/198
f 237/216/181 255/234/199 254/233/198
f 254/233/198 255/234/199 256/235/200
f 257/236/201 254/233/198 256/235/200
f 256/235/200 258/237/202 257/236/201
f 257/236/201 258/237/202 259/238/203
f 260/239/204 257/236/201 259/238/203
f 259/238/203 261/240/205 260/239/204
f 262/241/206 260/239/204 261/240/205
f 260/239/204 262/241/206 263/242/207
f 263/242/207 262/241/206 264/243/208
f 262/241/206 265/244/209 264/243/208
f 265/244/209 266/245/210 264/243/208
f 267/246/211 264/243/208 266/245/210
f 257/236/201 260/239/204 268/247/212
f 263/242/207 268/247/212 260/239/204
f 254/233/198 257/236/201 269/248/213
f 268/247/212 269/248/213 257/236/201
f 269/248/213 270/249/214 254/233/198
f 253/232/197 254/233/198 270/249/214
f 270/249/214 271/250/215 253/232/197
f 252/231/196 253/232/197 271/250/215
f 271/250/215 272/251/216 252/231/196
f 251/230/195 252/231/196 272/251/216
f 272/251/216 273/252/217 251/230/195
f 250/229/194 251/230/195 273/252/217
f 273/252/217 274/253/218 250/229/194
f 249/228/193 250/229/194 274/253/218
f 274/253/218 275/254/219 249/228/193
f 248/227/192 249/228/193 275/254/219
f 275/254/219 276/255/220 248/227/192
f 277/256/221 248/227/192 276/255/220
f 248/227/192 277/256/221 243/222/187
f 244/223/188 243/222/187 277/256/221
f 277/256/221 278/257/222 244/223/188
f 245/224/189 244/223/188 278/257/222
f 278/257/222 279/258/223 245/224/189
f 246/225/190 245/224/189 279/258/223
f 279/258/223 280/259/224 246/225/190
f 247/226/191 246/225/190 280/259/224
f 278/257/222 277/256/221 281/260/225
f 276/255/220 281/260/225 277/256/221
f 279/258/223 278/257/222 282/261/226
f 281/260/225 282/261/226 278/257/222
f 280/259/224 279/258/223 283/262/227
f 282/261/226 283/262/227 279/258/223
f 276/255/220 275/254/219 284/263/228
f 285/264/229 284/263/228 275/254/219
f 281/260/225 276/255/220 286/265/230
f 284/263/228 286/265/230 276/255/220
f 282/261/226 281/260/225 287/266/231
f 286/265/230 287/266/231 281/260/225
f 283/262/227 282/261/226 288/267/232
f 287/266/231 288/267/232 282/261/226
f 284/263/228 285/264/229 289/268/233
f 290/269/234 289/268/233 285/264/229
f 285/264/229 291/270/235 290/269/234
f 291/270/235 285/264/229 274/253/218
f 274/253/218 273/252/217 291/270/235
f 292/271/236 291/270/235 273/252/217
f 273/252/217 272/251/216 292/271/236
f 293/272/237 292/271/236 272/251/216
f 272/251/216 271/250/215 293/272/237
f 294/273/238 293/272/237 271/250/215
f 271/250/215 270/249/214 294/273/238
f 295/274/239 294/273/238 270/249/214
f 270/249/214 269/248/213 295/274/239
f 296/275/240 295/274/239 269/248/213
f 269/248/213 268/247/212 296/275/240
f 297/276/241 296/275/240 268/247/212
f 268/247/212 263/242/207 297/276/241
f 298/277/242 297/276/241 263/242/207
f 263/242/207 264/243/208 298/277/242
f 299/278/243 298/277/242 264/243/208
f 264/243/208 267/246/211 299/278/243
f 300/279/244 299/278/243 267/246/211
f 267/246/211 301/280/245 300/279/244
f 302/281/246 300/279/244 301/280/245
f 301/280/245 303/282/247 302/281/246
f 303/282/247 301/280/245 304/283/248
f 305/284/249 304/283/248 301/280/245
f 306/285/250 302/281/246 303/282/247
f 302/281/246 306/285/250 307/286/251
f 308/287/252 307/286/251 306/285/250
f 300/279/244 302/281/246 309/288/253
f 307/286/251 309/288/253 302/281/246
f 299/278/243 300/279/244 310/289/254
f 309/288/253 310/289/254 300/279/244
f 298/277/242 299/278/243 311/290/255
f 310/289/254 311/290/255 299/278/243
f 311/290/255 312/291/256 298/277/242
f 307/286/251 308/287/252 313/292/257
f 314/293/258 313/292/257 308/287/252
f 313/292/257 315/294/259 307/286/251
f 309/288/253 307/286/251 315/294/259
f 310/289/254 309/288/253 316/295/260
f 315/294/259 316/295/260 309/288/253
f 311/290/255 310/289/254 317/296/261
f 316/295/260 317/296/261 310/289/254
f 312/291/256 311/290/255 318/297/262
f 317/296/261 318/297/262 311/290/255
f 318/297/262 319/298/263 312/291/256
f 320/299/264 312/291/256 319/298/263
f 312/291/256 320/299/264 297/276/241
f 297/276/241 298/277/242 312/291/256
f 296/275/240 297/276/241 320/299/264
f 320/299/264 321/300/265 296/275/240
f 295/274/239 296/275/240 321/300/265
f 321/300/265 322/301/266 295/274/239
f 294/273/238 295/274/239 322/301/266
f 322/301/266 323/302/267 294/273/238
f 293/272/237 294/273/238 323/302/267
f 323/302/267 324/303/268 293/272/237
f 292/271/236 293/272/237 324/303/268
f 324/303/268 325/304/269 292/271/236
f 291/270/235 292/271/236 325/304/269
f 325/304/269 290/269/234 291/270/235
f 321/300/265 320/299/264 326/305/270
f 319/298/263 326/305/270 320/299/264
f 322/301/266 321/300/265 327/306/271
f 326/305/270 327/306/271 321/300/265
f 323/302/267 322/301/266 328/307/272
f 327/306/271 328/307/272 322/301/266
f 324/303/268 323/302/267 329/308/273
f 328/307/272 329/308/273 323/302/267
f 325/304/269 324/303/268 330/309/274
f 329/308/273 330/309/274 324/303/268
f 290/269/234 325/304/269 331/310/275
f 330/309/274 331/310/275 325/304/269
f 331/310/275 332/311/276 290/269/234
f 289/268/233 290/269/234 332/311/276
f 332/311/276 333/312/277 289/268/233
f 334/313/278 289/268/233 333/312/277
f 289/268/233 334/313/278 284/263/228
f 286/265/230 284/263/228 334/313/278
f 334/313/278 335/314/279 286/265/230
f 287/266/231 286/265/230 335/314/279
f 335/314/279 336/315/280 287/266/231
f 288/267/232 287/266/231 336/315/280
f 335/314/279 334/313/278 337/316/281
f 333/312/277 337/316/281 334/313/278
f 336/315/280 335/314/279 338/317/282
f 337/316/281 339/317/283 335/314/279
f 329/308/273 340/318/284 330/309/274
f 340/318/284 329/308/273 341/319/285
f 328/307/272 341/319/285 329/308/273
f 341/319/285 328/307/272 342/320/286
f 327/306/271 342/320/286 328/307/272
f 342/320/286 327/306/271 343/321/287
f 326/305/270 343/321/287 327/306/271
f 343/321/287 326/305/270 344/322/288
f 319/298/263 344/322/288 326/305/270
f 344/322/288 319/298/263 345/323/289
f 318/297/262 345/323/289 319/298/263
f 345/323/289 318/297/262 346/324/290
f 317/296/261 346/324/290 318/297/262
f 346/324/290 317/296/261 347/325/291
f 316/295/260 347/325/291 317/296/261
f 347/325/291 316/295/260 348/326/292
f 315/294/259 348/326/292 316/295/260
f 315/294/259 313/292/257 348/326/292
f 349/327/293 348/326/292 313/292/257
f 199/178/143 350/328/294 200/179/144
f 351/329/295 200/179/144 350/328/294
f 351/329/295 352/330/296 200/179/144
f 200/179/144 352/330/296 353/331/297
f 202/181/146 200/179/144 353/331/297
f 225/204/169 202/181/146 353/331/297
f 233/212/177 225/204/169 353/331/297
f 275/254/219 274/253/218 285/264/229
f 266/245/210 354/332/298 267/246/211
f 267/246/211 354/332/298 301/280/245
f 301/280/245 354/332/298 305/284/249
f 357/284/299 356/333/300 355/283/301
f 358/334/302 355/283/301 356/333/300
f 359/332/303 356/333/300 357/284/299
f 356/333/304 361/332/305 360/335/306
f 362/245/307 360/335/306 361/332/305
f 360/335/306 362/245/307 363/336/308
f 364/244/309 363/336/308 362/245/307
f 363/336/308 364/244/309 365/337/310
f 366/241/311 365/337/310 364/244/309
f 367/240/312 365/337/310 366/241/311
f 365/337/310 367/240/312 368/338/313
f 369/238/314 368/338/313 367/240/312
f 368/338/313 369/238/314 370/339/315
f 371/237/316 370/339/315 369/238/314
f 370/339/315 371/237/316 372/340/317
f 373/235/318 372/340/317 371/237/316
f 372/340/317 373/235/318 374/341/319
f 375/234/320 374/341/319 373/235/318
f 374/341/319 375/234/320 376/342/321
f 377/216/322 376/342/321 375/234/320
f 376/342/321 377/216/322 378/343/323
f 379/214/324 378/343/323 377/216/322
f 378/343/323 379/214/324 380/344/325
f 381/213/326 380/344/325 379/214/324
f 380/344/325 381/213/326 382/345/327
f 383/211/328 382/345/327 381/213/326
f 382/345/327 383/211/328 384/346/329
f 385/212/330 384/346/329 383/211/328
f 384/346/329 385/212/330 386/347/331
f 387/331/332 386/347/331 385/212/330
f 386/347/331 387/331/332 388/348/333
f 389/330/334 388/348/333 387/331/332
f 390/329/335 388/348/333 389/330/334
f 388/348/333 390/329/335 391/349/336
f 392/328/337 391/349/336 390/329/335
f 391/349/336 392/328/337 393/350/338
f 394/178/339 393/350/338 392/328/337
f 395/176/340 393/350/338 394/178/339
f 393/350/338 395/176/340 396/351/341
f 397/175/342 396/351/341 395/176/340
f 398/173/343 396/351/341 397/175/342
f 396/351/341 398/173/343 399/352/344
f 400/172/345 399/352/344 398/173/343
f 399/352/344 400/172/345 401/353/346
f 402/170/347 401/353/346 400/172/345
f 403/169/348 401/353/346 402/170/347
f 401/353/346 403/169/348 404/354/349
f 405/164/350 404/354/349 403/169/348
f 404/354/349 405/164/350 406/355/351
f 407/166/352 406/355/351 405/164/350
f 410/356/353 409/357/354 408/358/355
f 411/359/355 408/358/355 409/357/354
f 409/357/354 410/356/353 412/360/356
f 413/361/357 412/360/356 410/356/353
f 412/360/356 413/361/357 414/362/358
f 415/363/359 414/362/358 413/361/357
f 414/362/358 415/363/359 416/364/360
f 417/365/361 416/364/360 415/363/359
f 416/364/360 417/365/361 418/366/362
f 419/367/363 418/366/362 417/365/361
f 418/366/362 419/367/363 420/368/364
f 421/369/365 420/368/364 419/367/363
f 420/368/364 421/369/365 422/370/366
f 423/371/367 422/370/366 421/369/365
f 422/370/366 423/371/367 424/372/368
f 425/373/369 424/372/368 423/371/367
f 424/372/368 425/373/369 426/374/370
f 427/375/371 426/374/370 425/373/369
f 426/374/370 427/375/371 428/376/372
f 429/377/373 428/376/372 427/375/371
f 428/376/372 429/377/373 430/378/374
f 431/379/375 430/378/374 429/377/373
f 430/378/374 431/379/375 432/380/376
f 433/381/377 432/380/376 431/379/375
f 432/380/376 433/381/377 434/382/378
f 435/383/379 434/382/378 433/381/377
f 434/382/378 435/383/379 436/384/380
f 437/385/381 436/384/380 435/383/379
f 436/384/380 437/385/381 438/386/382
f 439/387/383 438/386/382 437/385/381
f 438/386/382 439/387/383 440/388/384
f 441/389/385 440/388/384 439/387/383
f 440/388/384 441/389/385 442/390/386
f 443/391/387 442/390/386 441/389/385
f 442/390/386 443/391/387 444/392/388
f 445/393/389 444/392/388 443/391/387
f 444/392/388 445/393/389 446/394/390
f 447/395/391 446/394/390 445/393/389
f 446/394/390 447/395/391 448/396/392
f 449/397/393 448/396/392 447/395/391
f 448/396/392 449/397/393 450/398/394
f 451/399/395 450/398/394 449/397/393
f 450/398/394 451/399/395 452/400/396
f 453/401/396 452/400/396 451/399/395
f 456/402/397 455/403/397 454/404/397
f 455/403/397 457/405/397 454/404/397
f 458/406/397 457/405/397 455/403/397
f 457/405/397 459/407/397 454/404/397
f 460/408/397 459/407/397 457/405/397
f 461/409/397 460/408/397 457/405/397
f 462/410/397 461/409/397 457/405/397
f 463/411/397 462/410/397 457/405/397
f 464/412/397 461/409/397 462/410/397
f 465/413/397 460/408/397 461/409/397
f 466/414/397 465/413/397 461/409/397
f 467/415/397 460/408/397 465/413/397
f 468/416/397 459/407/397 460/408/397
f 469/417/397 468/416/397 460/408/397
f 470/418/397 469/417/397 460/408/397
f 471/419/397 468/416/397 469/417/397
f 472/420/397 459/407/397 468/416/397
f 473/421/397 472/420/397 468/416/397
f 474/422/397 459/407/397 472/420/397
f 459/407/397 475/423/397 454/404/397
f 454/404/397 475/423/397 476/424/397
f 479/165/398 478/425/398 477/167/399
f 480/426/399 477/167/399 478/425/398
f 478/425/398 479/165/398 481/427/400
f 482/168/400 481/427/400 479/165/398
f 481/427/400 482/168/400 483/428/401
f 484/171/402 483/428/401 482/168/400
f 483/428/401 484/171/402 485/429/403
f 486/174/403 485/429/403 484/171/402
f 485/429/403 486/174/403 487/430/404
f 488/177/405 487/430/404 486/174/403
f 487/430/404 488/177/405 489/431/406
f 490/180/407 489/431/406 488/177/405
f 489/431/406 490/180/407 491/432/408
f 492/182/409 491/432/408 490/180/407
f 491/432/408 492/182/409 493/433/410
f 494/184/410 493/433/410 492/182/409
f 493/433/410 494/184/410 495/434/411
f 496/186/412 495/434/411 494/184/410
f 495/434/411 496/186/412 497/435/413
f 498/188/414 497/435/413 496/186/412
f 497/435/413 498/188/414 499/436/415
f 500/190/415 499/436/415 498/188/414
f 499/436/415 500/190/415 501/437/416
f 502/192/417 501/437/416 500/190/415
f 501/437/416 502/192/417 503/438/418
f 504/194/419 503/438/418 502/192/417
f 503/438/418 504/194/419 505/439/420
f 506/196/421 505/439/420 504/194/419
f 505/439/420 506/196/421 507/440/422
f 508/198/423 507/440/422 506/196/421
f 507/440/422 508/198/423 509/441/424
f 510/200/424 509/441/424 508/198/423
f 513/425/425 512/442/426 511/426/397
f 514/443/427 511/426/397 512/442/426
f 512/442/426 513/425/425 515/444/428
f 516/427/429 515/444/428 513/425/425
f 515/444/428 516/427/429 517/445/430
f 518/428/431 517/445/430 516/427/429
f 517/445/430 518/428/431 519/446/432
f 520/429/433 519/446/432 518/428/431
f 519/446/432 520/429/433 521/447/434
f 522/430/435 521/447/434 520/429/433
f 521/447/434 522/430/435 523/448/436
f 524/431/437 523/448/436 522/430/435
f 523/448/436 524/431/437 525/449/438
f 526/432/439 525/449/438 524/431/437
f 525/449/438 526/432/439 527/450/440
f 528/433/441 527/450/440 526/432/439
f 527/450/440 528/433/441 529/451/442
f 530/434/443 529/451/442 528/433/441
f 529/451/442 530/434/443 531/452/444
f 532/435/445 531/452/444 530/434/443
f 531/452/444 532/435/445 533/453/446
f 534/436/447 533/453/446 532/435/445
f 533/453/446 534/436/447 535/454/448
f 536/437/449 535/454/448 534/436/447
f 535/454/448 536/437/449 537/455/450
f 538/438/451 537/455/450 536/437/449
f 537/455/450 538/438/451 539/456/452
f 540/439/453 539/456/452 538/438/451
f 539/456/452 540/439/453 541/457/454
f 542/440/455 541/457/454 540/439/453
f 541/457/454 542/440/455 543/458/456
f 544/441/457 543/458/456 542/440/455
f 547/459/458 546/460/459 545/461/460
f 546/460/459 548/462/461 545/461/460
f 549/463/462 548/462/461 546/460/459
f 550/464/463 549/463/462 546/460/459
f 551/465/464 550/464/463 546/460/459
f 552/466/465 549/463/462 550/464/463
f 553/467/466 548/462/461 549/463/462
f 554/468/467 553/467/466 549/463/462
f 555/469/468 554/468/467 549/463/462
f 556/470/469 555/469/468 549/463/462
f 557/471/470 554/468/467 555/469/468
f 558/472/471 553/467/466 554/468/467
f 559/473/472 558/472/471 554/468/467
f 560/474/473 553/467/466 558/472/471
f 545/461/460 548/462/461 561/475/474
f 561/475/474 548/462/461 562/476/475
f 563/477/476 562/476/475 548/462/461
f 562/476/475 563/477/476 564/478/477
f 565/479/478 564/478/477 563/477/476
f 564/478/477 565/479/478 566/480/479
f 567/481/480 566/480/479 565/479/478
f 566/480/479 567/481/480 568/482/426
f 569/483/427 568/482/426 567/481/480
f 568/482/426 570/484/428 566/480/479
f 571/485/481 566/480/479 570/484/428
f 566/480/479 571/485/481 564/478/477
f 570/484/428 572/486/430 571/485/481
f 573/487/482 571/485/481 572/486/430
f 572/486/430 574/488/432 573/487/482
f 575/489/483 573/487/482 574/488/432
f 574/488/432 576/490/434 575/489/483
f 577/491/484 575/489/483 576/490/434
f 576/490/434 578/492/436 577/491/484
f 579/493/485 577/491/484 578/492/436
f 578/492/436 580/494/438 579/493/485
f 581/495/486 579/493/485 580/494/438
f 580/494/438 582/496/440 581/495/486
f 583/497/487 581/495/486 582/496/440
f 582/496/440 584/498/442 583/497/487
f 585/499/488 583/497/487 584/498/442
f 584/498/442 586/500/444 585/499/488
f 587/501/489 585/499/488 586/500/444
f 586/500/444 588/502/446 587/501/489
f 589/503/490 587/501/489 588/502/446
f 588/502/446 590/504/448 589/503/490
f 591/505/491 589/503/490 590/504/448
f 590/504/448 592/506/450 591/505/491
f 593/507/492 591/505/491 592/506/450
f 592/506/450 594/508/452 593/507/492
f 595/509/493 593/507/492 594/508/452
f 594/508/452 596/510/454 595/509/493
f 597/511/494 595/509/493 596/510/454
f 596/510/454 598/512/456 597/511/494
f 599/513/495 597/511/494 598/512/456
f 585/499/488 587/501/489 600/514/496
f 600/514/496 601/515/497 585/499/488
f 601/515/497 600/514/496 602/516/498
f 602/516/498 603/517/499 601/515/497
f 604/518/500 601/515/497 603/517/499
f 603/517/499 605/519/501 604/518/500
f 606/520/502 604/518/500 605/519/501
f 605/519/501 607/521/503 606/520/502
f 608/522/504 606/520/502 607/521/503
f 607/521/503 609/523/505 608/522/504
f 610/524/506 608/522/504 609/523/505
f 609/523/505 611/525/507 610/524/506
f 612/526/508 610/524/506 611/525/507
f 611/525/507 613/527/509 612/526/508
f 614/528/510 612/526/508 613/527/509
f 613/527/509 562/476/475 614/528/510
f 564/478/477 614/528/510 562/476/475
f 614/528/510 564/478/477 571/485/481
f 562/476/475 613/527/509 561/475/474
f 545/461/460 561/475/474 613/527/509
f 613/527/509 611/525/507 545/461/460
f 571/485/481 573/487/482 614/528/510
f 612/526/508 614/528/510 573/487/482
f 547/459/458 545/461/460 611/525/507
f 611/525/507 609/523/505 547/459/458
f 573/487/482 575/489/483 612/526/508
f 610/524/506 612/526/508 575/489/483
f 546/460/459 547/459/458 609/523/505
f 575/489/483 577/491/484 610/524/506
f 608/522/504 610/524/506 577/491/484
f 577/491/484 579/493/485 608/522/504
f 606/520/502 608/522/504 579/493/485
f 579/493/485 581/495/486 606/520/502
f 604/518/500 606/520/502 581/495/486
f 581/495/486 583/497/487 604/518/500
f 601/515/497 604/518/500 583/497/487
f 583/497/487 585/499/488 601/515/497
f 609/523/505 607/521/503 546/460/459
f 551/465/464 546/460/459 607/521/503
f 607/521/503 605/519/501 551/465/464
f 550/464/463 551/465/464 605/519/501
f 605/519/501 603/517/499 550/464/463
f 552/466/465 550/464/463 603/517/499
f 603/517/499 602/516/498 552/466/465
f 549/463/462 552/466/465 602/516/498
f 602/516/498 615/529/511 549/463/462
f 615/529/511 602/516/498 600/514/496
f 556/470/469 549/463/462 615/529/511
f 600/514/496 616/530/512 615/529/511
f 616/530/512 600/514/496 587/501/489
f 617/531/513 615/529/511 616/530/512
f 615/529/511 617/531/513 556/470/469
f 555/469/468 556/470/469 617/531/513
f 587/501/489 589/503/490 616/530/512
f 618/532/514 616/530/512 589/503/490
f 616/530/512 618/532/514 617/531/513
f 619/533/515 617/531/513 618/532/514
f 617/531/513 619/533/515 555/469/468
f 557/471/470 555/469/468 619/533/515
f 589/503/490 591/505/491 618/532/514
f 620/534/516 618/532/514 591/505/491
f 618/532/514 620/534/516 619/533/515
f 621/535/517 619/533/515 620/534/516
f 619/533/515 621/535/517 557/471/470
f 554/468/467 557/471/470 621/535/517
f 591/505/491 593/507/492 620/534/516
f 622/536/518 620/534/516 593/507/492
f 620/534/516 622/536/518 621/535/517
f 623/537/519 621/535/517 622/536/518
f 621/535/517 623/537/519 554/468/467
f 559/473/472 554/468/467 623/537/519
f 593/507/492 595/509/493 622/536/518
f 624/538/520 622/536/518 595/509/493
f 622/536/518 624/538/520 623/537/519
f 625/539/521 623/537/519 624/538/520
f 623/537/519 625/539/521 559/473/472
f 558/472/471 559/473/472 625/539/521
f 595/509/493 597/511/494 624/538/520
f 626/540/522 624/538/520 597/511/494
f 624/538/520 626/540/522 625/539/521
f 627/541/523 625/539/521 626/540/522
f 625/539/521 627/541/523 558/472/471
f 560/474/473 558/472/471 627/541/523
f 597/511/494 599/513/495 626/540/522
f 628/542/524 626/540/522 599/513/495
f 626/540/522 628/542/524 627/541/523
f 629/543/525 627/541/523 628/542/524
f 627/541/523 629/543/525 560/474/473
f 553/467/466 560/474/473 629/543/525
f 630/544/526 330/309/274 340/318/284
f 330/309/274 630/544/526 331/310/275
f 631/545/527 331/310/275 630/544/526
f 331/310/275 631/545/527 332/311/276
f 632/546/528 332/311/276 631/545/527
f 332/311/276 632/546/528 333/312/277
f 633/547/529 333/312/277 632/546/528
f 333/312/277 633/547/529 337/316/281
f 634/548/530 337/316/281 633/547/529
f 337/316/281 634/548/530 339/317/283
f 635/549/531 338/317/282 634/548/530
f 637/316/532 636/314/533 339/317/282
f 636/314/533 637/316/532 638/313/534
f 638/313/534 639/265/535 636/314/533
f 639/265/535 638/313/534 640/263/536
f 640/263/536 641/255/537 639/265/535
f 641/255/537 640/263/536 642/254/538
f 642/254/538 643/227/539 641/255/537
f 643/227/539 642/254/538 644/228/540
f 644/228/540 645/219/541 643/227/539
f 645/219/541 644/228/540 646/218/542
f 646/218/542 647/201/543 645/219/541
f 647/201/543 646/218/542 648/202/544
f 648/202/544 649/185/545 647/201/543
f 649/185/545 648/202/544 650/183/546
f 650/183/546 651/184/547 649/185/545
f 651/184/547 650/183/546 652/182/548
f 653/181/549 652/182/548 650/183/546
f 652/182/548 653/181/549 654/180/550
f 655/179/551 654/180/550 653/181/549
f 654/180/550 655/179/551 656/177/552
f 657/178/553 656/177/552 655/179/551
f 657/178/553 658/176/554 656/177/552
f 656/177/552 658/176/554 659/174/555
f 658/176/554 660/175/556 659/174/555
f 660/175/556 661/173/557 659/174/555
f 659/174/555 661/173/557 662/171/558
f 661/173/557 663/172/559 662/171/558
f 663/172/559 664/170/560 662/171/558
f 662/171/558 664/170/560 665/168/561
f 664/170/560 666/169/562 665/168/561
f 666/169/562 667/164/563 665/168/561
f 668/165/564 665/168/561 667/164/563
f 667/164/563 669/166/131 668/165/564
f 670/167/132 668/165/564 669/166/131
f 657/178/553 655/179/551 671/328/565
f 672/329/566 671/328/565 655/179/551
f 672/329/566 655/179/551 673/330/567
f 673/330/567 655/179/551 674/331/568
f 655/179/551 653/181/549 674/331/568
f 653/181/549 675/204/569 674/331/568
f 675/204/569 653/181/549 676/203/570
f 650/183/546 676/203/570 653/181/549
f 676/203/570 650/183/546 648/202/544
f 676/203/570 677/209/571 675/204/569
f 678/210/572 675/204/569 677/209/571
f 675/204/569 678/210/572 679/211/573
f 680/212/574 675/204/569 679/211/573
f 675/204/569 680/212/574 674/331/568
f 679/211/573 678/210/572 681/213/575
f 681/213/575 678/210/572 682/214/576
f 678/210/572 683/215/577 682/214/576
f 682/214/576 683/215/577 684/216/578
f 677/209/571 676/203/570 685/217/579
f 648/202/544 685/217/579 676/203/570
f 685/217/579 648/202/544 646/218/542
f 683/215/577 686/233/580 684/216/578
f 684/216/578 686/233/580 687/234/581
f 687/234/581 686/233/580 688/235/582
f 686/233/580 689/236/583 688/235/582
f 688/235/582 689/236/583 690/237/584
f 690/237/584 689/236/583 691/238/585
f 689/236/583 692/239/586 691/238/585
f 691/238/585 692/239/586 693/240/587
f 694/241/588 693/240/587 692/239/586
f 686/233/580 683/215/577 695/232/589
f 678/210/572 695/232/589 683/215/577
f 695/232/589 678/210/572 696/231/590
f 677/209/571 696/231/590 678/210/572
f 696/231/590 677/209/571 697/230/591
f 685/217/579 697/230/591 677/209/571
f 697/230/591 685/217/579 698/229/592
f 646/218/542 698/229/592 685/217/579
f 698/229/592 646/218/542 644/228/540
f 692/239/586 699/242/593 694/241/588
f 694/241/588 699/242/593 700/243/594
f 701/244/595 694/241/588 700/243/594
f 701/244/595 700/243/594 702/245/596
f 703/246/597 702/245/596 700/243/594
f 696/231/590 704/250/598 695/232/589
f 705/249/599 695/232/589 704/250/598
f 695/232/589 705/249/599 686/233/580
f 706/248/600 686/233/580 705/249/599
f 686/233/580 706/248/600 689/236/583
f 707/247/601 689/236/583 706/248/600
f 699/242/593 692/239/586 707/247/601
f 689/236/583 707/247/601 692/239/586
f 700/243/594 708/278/602 703/246/597
f 709/279/603 703/246/597 708/278/602
f 703/246/597 709/279/603 710/280/604
f 711/281/605 710/280/604 709/279/603
f 710/280/604 711/281/605 712/282/247
f 712/282/247 713/283/248 710/280/604
f 714/284/606 710/280/604 713/283/248
f 715/285/250 712/282/247 711/281/605
f 706/248/600 716/275/607 707/247/601
f 717/276/608 707/247/601 716/275/607
f 707/247/601 717/276/608 699/242/593
f 718/277/609 699/242/593 717/276/608
f 708/278/602 700/243/594 718/277/609
f 699/242/593 718/277/609 700/243/594
f 711/281/605 719/286/610 715/285/250
f 720/287/252 715/285/250 719/286/610
f 719/286/610 711/281/605 721/288/611
f 709/279/603 721/288/611 711/281/605
f 721/288/611 709/279/603 722/289/612
f 708/278/602 722/289/612 709/279/603
f 722/289/612 708/278/602 723/290/613
f 718/277/609 723/290/613 708/278/602
f 723/290/613 718/277/609 724/291/614
f 717/276/608 724/291/614 718/277/609
f 724/291/614 717/276/608 725/299/615
f 716/275/607 725/299/615 717/276/608
f 725/299/615 716/275/607 726/300/616
f 727/274/617 726/300/616 716/275/607
f 716/275/607 706/248/600 727/274/617
f 705/249/599 727/274/617 706/248/600
f 727/274/617 705/249/599 728/273/618
f 704/250/598 728/273/618 705/249/599
f 728/273/618 704/250/598 729/272/619
f 730/251/620 729/272/619 704/250/598
f 704/250/598 696/231/590 730/251/620
f 697/230/591 730/251/620 696/231/590
f 730/251/620 697/230/591 731/252/621
f 698/229/592 731/252/621 697/230/591
f 731/252/621 698/229/592 732/253/622
f 644/228/540 732/253/622 698/229/592
f 732/253/622 644/228/540 642/254/538
f 729/272/619 730/251/620 733/271/623
f 731/252/621 733/271/623 730/251/620
f 733/271/623 731/252/621 734/270/624
f 732/253/622 734/270/624 731/252/621
f 734/270/624 732/253/622 735/264/625
f 642/254/538 735/264/625 732/253/622
f 735/264/625 642/254/538 640/263/536
f 729/272/619 736/302/626 728/273/618
f 737/301/627 728/273/618 736/302/626
f 736/302/626 729/272/619 738/303/628
f 733/271/623 738/303/628 729/272/619
f 738/303/628 733/271/623 739/304/629
f 734/270/624 739/304/629 733/271/623
f 739/304/629 734/270/624 740/269/630
f 735/264/625 740/269/630 734/270/624
f 740/269/630 735/264/625 741/268/631
f 640/263/536 741/268/631 735/264/625
f 741/268/631 640/263/536 638/313/534
f 736/302/626 742/307/632 737/301/627
f 743/306/633 737/301/627 742/307/632
f 737/301/627 743/306/633 726/300/616
f 726/300/616 727/274/617 737/301/627
f 728/273/618 737/301/627 727/274/617
f 744/305/634 726/300/616 743/306/633
f 726/300/616 744/305/634 725/299/615
f 745/298/635 725/299/615 744/305/634
f 725/299/615 745/298/635 724/291/614
f 746/297/636 724/291/614 745/298/635
f 724/291/614 746/297/636 723/290/613
f 747/296/637 723/290/613 746/297/636
f 723/290/613 747/296/637 722/289/612
f 748/295/638 722/289/612 747/296/637
f 722/289/612 748/295/638 721/288/611
f 749/294/639 721/288/611 748/295/638
f 721/288/611 749/294/639 719/286/610
f 750/292/640 719/286/610 749/294/639
f 719/286/610 750/292/640 720/287/252
f 749/294/639 748/295/638 751/326/641
f 749/294/639 751/326/641 750/292/640
f 752/325/642 751/326/641 748/295/638
f 748/295/638 747/296/637 752/325/642
f 753/324/643 752/325/642 747/296/637
f 747/296/637 746/297/636 753/324/643
f 754/323/644 753/324/643 746/297/636
f 746/297/636 745/298/635 754/323/644
f 755/322/645 754/323/644 745/298/635
f 756/327/293 750/292/640 751/326/641
f 314/293/258 308/287/252 750/292/646
f 757/321/647 755/322/645 744/305/634
f 745/298/635 744/305/634 755/322/645
f 744/305/634 743/306/633 757/321/647
f 758/320/648 757/321/647 743/306/633
f 743/306/633 742/307/632 758/320/648
f 759/319/649 758/320/648 742/307/632
f 742/307/632 760/308/650 759/319/649
f 742/307/632 736/302/626 760/308/650
f 738/303/628 760/308/650 736/302/626
f 760/308/650 738/303/628 761/309/651
f 739/304/629 761/309/651 738/303/628
f 761/309/651 739/304/629 762/310/652
f 740/269/630 762/310/652 739/304/629
f 762/310/652 740/269/630 763/311/653
f 741/268/631 763/311/653 740/269/630
f 763/311/653 741/268/631 764/312/654
f 638/313/534 764/312/654 741/268/631
f 764/312/654 638/313/534 637/316/532
f 765/318/655 759/319/649 760/308/650
f 760/308/650 761/309/651 765/318/655
f 766/544/656 765/318/655 761/309/651
f 761/309/651 762/310/652 766/544/656
f 767/545/657 766/544/656 762/310/652
f 762/310/652 763/311/653 767/545/657
f 768/546/658 767/545/657 763/311/653
f 763/311/653 764/312/654 768/546/658
f 769/547/659 768/546/658 764/312/654
f 764/312/654 637/316/532 769/547/659
f 770/548/660 769/547/659 637/316/532
f 637/316/532 339/317/282 770/548/660
f 771/549/661 770/548/660 339/317/282
f 772/315/280 339/317/282 636/314/533
f 636/314/533 773/266/662 772/315/280
f 773/266/662 636/314/533 639/265/535
f 639/265/535 774/260/663 773/266/662
f 774/260/663 639/265/535 641/255/537
f 641/255/537 775/256/664 774/260/663
f 775/256/664 641/255/537 643/227/539
f 643/227/539 776/222/665 775/256/664
f 776/222/665 643/227/539 645/219/541
f 645/219/541 777/220/666 776/222/665
f 777/220/666 645/219/541 647/201/543
f 647/201/543 778/187/667 777/220/666
f 778/187/667 647/201/543 649/185/545
f 649/185/545 779/186/668 778/187/667
f 779/186/668 649/185/545 651/184/547
f 780/188/669 778/187/667 779/186/668
f 778/187/667 780/188/669 781/189/670
f 781/189/670 777/220/666 778/187/667
f 782/190/671 781/189/670 780/188/669
f 781/189/670 782/190/671 783/191/672
f 784/192/673 783/191/672 782/190/671
f 783/191/672 784/192/673 785/193/674
f 786/194/675 785/193/674 784/192/673
f 785/193/674 786/194/675 787/195/676
f 788/196/677 787/195/676 786/194/675
f 787/195/676 788/196/677 789/197/678
f 790/198/679 789/197/678 788/196/677
f 789/197/678 790/198/679 791/199/164
f 792/200/165 791/199/164 790/198/679
f 783/191/672 793/221/680 781/189/670
f 777/220/666 781/189/670 793/221/680
f 793/221/680 783/191/672 794/206/681
f 785/193/674 794/206/681 783/191/672
f 794/206/681 785/193/674 795/205/682
f 787/195/676 795/205/682 785/193/674
f 795/205/682 787/195/676 796/207/683
f 789/197/678 796/207/683 787/195/676
f 796/207/683 789/197/678 797/208/173
f 791/199/164 797/208/173 789/197/678
f 793/221/680 776/222/665 777/220/666
f 776/222/665 793/221/680 798/223/684
f 794/206/681 798/223/684 793/221/680
f 798/223/684 794/206/681 799/224/685
f 795/205/682 799/224/685 794/206/681
f 799/224/685 795/205/682 800/225/686
f 796/207/683 800/225/686 795/205/682
f 800/225/686 796/207/683 801/226/191
f 797/208/173 801/226/191 796/207/683
f 798/223/684 775/256/664 776/222/665
f 775/256/664 798/223/684 802/257/687
f 799/224/685 802/257/687 798/223/684
f 802/257/687 799/224/685 803/258/688
f 800/225/686 803/258/688 799/224/685
f 803/258/688 800/225/686 804/259/224
f 801/226/191 804/259/224 800/225/686
f 802/257/687 774/260/663 775/256/664
f 774/260/663 802/257/687 805/261/689
f 803/258/688 805/261/689 802/257/687
f 805/261/689 803/258/688 806/262/227
f 804/259/224 806/262/227 803/258/688
f 805/261/689 773/266/662 774/260/663
f 773/266/662 805/261/689 807/267/232
f 806/262/227 807/267/232 805/261/689
f 807/267/232 772/315/280 773/266/662
f 810/326/690 809/550/691 808/325/692
f 811/551/693 808/325/692 809/550/691
f 808/325/692 811/551/693 812/324/694
f 813/552/695 812/324/694 811/551/693
f 812/324/694 813/552/695 814/323/696
f 815/553/697 814/323/696 813/552/695
f 814/323/696 815/553/697 816/322/698
f 817/554/699 816/322/698 815/553/697
f 816/322/698 817/554/699 818/321/700
f 819/555/701 818/321/700 817/554/699
f 818/321/700 819/555/701 820/320/702
f 821/556/703 820/320/702 819/555/701
f 820/320/702 821/556/703 822/319/704
f 823/557/705 822/319/704 821/556/703
f 822/319/704 823/557/705 824/318/706
f 825/558/707 824/318/706 823/557/705
f 824/318/706 825/558/707 826/544/708
f 827/559/709 826/544/708 825/558/707
f 826/544/708 827/559/709 828/545/710
f 829/560/711 828/545/710 827/559/709
f 828/545/710 829/560/711 830/546/712
f 831/561/713 830/546/712 829/560/711
f 830/546/712 831/561/713 832/547/714
f 833/562/715 832/547/714 831/561/713
f 832/547/714 833/562/715 834/548/716
f 835/549/717 834/548/716 833/562/715
f 809/550/691 810/326/690 836/327/718
f 839/292/441 838/293/441 837/327/441
f 702/245/596 703/246/597 840/332/719
f 703/246/597 710/280/604 840/332/719
f 840/332/719 710/280/604 714/284/606
f 843/334/302 842/333/720 841/283/301
f 844/284/721 841/283/301 842/333/720
f 842/333/720 845/332/722 844/284/721
f 842/333/723 847/335/724 846/332/725
f 848/245/726 846/332/725 847/335/724
f 847/335/724 849/336/727 848/245/726
f 850/244/728 848/245/726 849/336/727
f 849/336/727 851/337/729 850/244/728
f 852/241/730 850/244/728 851/337/729
f 851/337/729 853/240/731 852/241/730
f 851/337/729 854/338/732 853/240/731
f 855/238/733 853/240/731 854/338/732
f 854/338/732 856/339/734 855/238/733
f 857/237/735 855/238/733 856/339/734
f 856/339/734 858/340/736 857/237/735
f 859/235/737 857/237/735 858/340/736
f 858/340/736 860/341/738 859/235/737
f 861/234/739 859/235/737 860/341/738
f 860/341/738 862/342/740 861/234/739
f 863/216/741 861/234/739 862/342/740
f 862/342/740 864/343/742 863/216/741
f 865/214/743 863/216/741 864/343/742
f 864/343/742 866/344/744 865/214/743
f 867/213/745 865/214/743 866/344/744
f 866/344/744 868/345/746 867/213/745
f 869/211/747 867/213/745 868/345/746
f 868/345/746 870/346/748 869/211/747
f 871/212/749 869/211/747 870/346/748
f 870/346/748 872/347/750 871/212/749
f 873/331/751 871/212/749 872/347/750
f 872/347/750 874/348/752 873/331/751
f 875/330/753 873/331/751 874/348/752
f 874/348/752 876/329/754 875/330/753
f 874/348/752 877/349/755 876/329/754
f 878/328/756 876/329/754 877/349/755
f 877/349/755 879/350/757 878/328/756
f 880/178/758 878/328/756 879/350/757
f 879/350/757 881/176/759 880/178/758
f 879/350/757 882/351/760 881/176/759
f 883/175/761 881/176/759 882/351/760
f 882/351/760 884/173/762 883/175/761
f 882/351/760 885/352/763 884/173/762
f 886/172/764 884/173/762 885/352/763
f 885/352/763 887/353/765 886/172/764
f 888/170/766 886/172/764 887/353/765
f 887/353/765 889/169/767 888/170/766
f 887/353/765 890/354/768 889/169/767
f 891/164/769 889/169/767 890/354/768
f 890/354/768 892/355/351 891/164/769
f 893/166/352 891/164/769 892/355/351
f 896/359/355 895/357/770 894/358/355
f 897/356/771 894/358/355 895/357/770
f 895/357/770 898/360/772 897/356/771
f 899/361/773 897/356/771 898/360/772
f 898/360/772 900/362/774 899/361/773
f 901/363/775 899/361/773 900/362/774
f 900/362/774 902/364/776 901/363/775
f 903/365/777 901/363/775 902/364/776
f 902/364/776 904/366/778 903/365/777
f 905/367/779 903/365/777 904/366/778
f 904/366/778 906/368/780 905/367/779
f 907/369/781 905/367/779 906/368/780
f 906/368/780 908/370/782 907/369/781
f 909/371/783 907/369/781 908/370/782
f 908/370/782 910/372/784 909/371/783
f 911/373/785 909/371/783 910/372/784
f 910/372/784 912/374/786 911/373/785
f 913/375/787 911/373/785 912/374/786
f 912/374/786 914/376/788 913/375/787
f 915/377/789 913/375/787 914/376/788
f 914/376/788 916/378/790 915/377/789
f 917/379/791 915/377/789 916/378/790
f 916/378/790 918/380/792 917/379/791
f 919/381/793 917/379/791 918/380/792
f 918/380/792 920/382/794 919/381/793
f 921/383/795 919/381/793 920/382/794
f 920/382/794 922/384/796 921/383/795
f 923/385/797 921/383/795 922/384/796
f 922/384/796 924/386/798 923/385/797
f 925/387/799 923/385/797 924/386/798
f 924/386/798 926/388/800 925/387/799
f 927/389/801 925/387/799 926/388/800
f 926/388/800 928/390/802 927/389/801
f 929/391/803 927/389/801 928/390/802
f 928/390/802 930/392/804 929/391/803
f 931/393/805 929/391/803 930/392/804
f 930/392/804 932/394/806 931/393/805
f 933/395/807 931/393/805 932/394/806
f 932/394/806 934/396/808 933/395/807
f 935/397/809 933/395/807 934/396/808
f 934/396/808 936/398/810 935/397/809
f 937/399/811 935/397/809 936/398/810
f 936/398/810 938/400/396 937/399/811
f 939/401/396 937/399/811 938/400/396
f 942/422/397 941/420/397 940/407/397
f 941/420/397 943/416/397 940/407/397
f 944/421/397 943/416/397 941/420/397
f 943/416/397 945/408/397 940/407/397
f 946/417/397 945/408/397 943/416/397
f 947/419/397 946/417/397 943/416/397
f 948/418/397 945/408/397 946/417/397
f 945/408/397 949/405/397 940/407/397
f 950/409/397 949/405/397 945/408/397
f 951/413/397 950/409/397 945/408/397
f 952/415/397 951/413/397 945/408/397
f 953/414/397 950/409/397 951/413/397
f 954/410/397 949/405/397 950/409/397
f 955/412/397 954/410/397 950/409/397
f 956/411/397 949/405/397 954/410/397
f 958/406/397 957/403/397 949/405/397
f 957/403/397 959/404/397 949/405/397
f 960/402/397 959/404/397 957/403/397
f 949/405/397 959/404/397 940/407/397
f 940/407/397 959/404/397 961/423/397
f 961/423/397 959/404/397 962/424/397
f 965/426/399 964/425/812 963/167/399
f 966/165/812 963/167/399 964/425/812
f 964/425/812 967/427/813 966/165/812
f 968/168/813 966/165/812 967/427/813
f 967/427/813 969/428/814 968/168/813
f 970/171/815 968/168/813 969/428/814
f 969/428/814 971/429/816 970/171/815
f 972/174/816 970/171/815 971/429/816
f 971/429/816 973/430/817 972/174/816
f 974/177/818 972/174/816 973/430/817
f 973/430/817 975/431/819 974/177/818
f 976/180/820 974/177/818 975/431/819
f 975/431/819 977/432/821 976/180/820
f 978/182/822 976/180/820 977/432/821
f 977/432/821 979/433/823 978/182/822
f 980/184/823 978/182/822 979/433/823
f 979/433/823 981/434/824 980/184/823
f 982/186/825 980/184/823 981/434/824
f 981/434/824 983/435/826 982/186/825
f 984/188/827 982/186/825 983/435/826
f 983/435/826 985/436/828 984/188/827
f 986/190/828 984/188/827 985/436/828
f 985/436/828 987/437/829 986/190/828
f 988/192/830 986/190/828 987/437/829
f 987/437/829 989/438/831 988/192/830
f 990/194/832 988/192/830 989/438/831
f 989/438/831 991/439/833 990/194/832
f 992/196/834 990/194/832 991/439/833
f 991/439/833 993/440/835 992/196/834
f 994/198/836 992/196/834 993/440/835
f 993/440/835 995/441/424 994/198/836
f 996/200/424 994/198/836 995/441/424
f 999/443/427 998/442/837 997/426/397
f 1000/425/838 997/426/397 998/442/837
f 998/442/837 1001/444/839 1000/425/838
f 1002/427/840 1000/425/838 1001/444/839
f 1001/444/839 1003/445/841 1002/427/840
f 1004/428/842 1002/427/840 1003/445/841
f 1003/445/841 1005/446/843 1004/428/842
f 1006/429/844 1004/428/842 1005/446/843
f 1005/446/843 1007/447/845 1006/429/844
f 1008/430/846 1006/429/844 1007/447/845
f 1007/447/845 1009/448/847 1008/430/846
f 1010/431/848 1008/430/846 1009/448/847
f 1009/448/847 1011/449/849 1010/431/848
f 1012/432/850 1010/431/848 1011/449/849
f 1011/449/849 1013/450/851 1012/432/850
f 1014/433/852 1012/432/850 1013/450/851
f 1013/450/851 1015/451/853 1014/433/852
f 1016/434/854 1014/433/852 1015/451/853
f 1015/451/853 1017/452/855 1016/434/854
f 1018/435/856 1016/434/854 1017/452/855
f 1017/452/855 1019/453/857 1018/435/856
f 1020/436/858 1018/435/856 1019/453/857
f 1019/453/857 1021/454/859 1020/436/858
f 1022/437/860 1020/436/858 1021/454/859
f 1021/454/859 1023/455/861 1022/437/860
f 1024/438/862 1022/437/860 1023/455/861
f 1023/455/861 1025/456/863 1024/438/862
f 1026/439/864 1024/438/862 1025/456/863
f 1025/456/863 1027/457/865 1026/439/864
f 1028/440/866 1026/439/864 1027/457/865
f 1027/457/865 1029/458/456 1028/440/866
f 1030/441/457 1028/440/866 1029/458/456
f 1033/474/867 1032/472/868 1031/467/466
f 1032/472/868 1034/468/869 1031/467/466
f 1035/473/870 1034/468/869 1032/472/868
f 1034/468/869 1036/463/871 1031/467/466
f 1037/469/872 1036/463/871 1034/468/869
f 1038/471/873 1037/469/872 1034/468/869
f 1039/470/874 1036/463/871 1037/469/872
f 1031/467/466 1036/463/871 1040/462/461
f 1036/463/871 1041/460/875 1040/462/461
f 1042/464/876 1041/460/875 1036/463/871
f 1043/466/877 1042/464/876 1036/463/871
f 1044/465/878 1041/460/875 1042/464/876
f 1041/460/875 1045/461/879 1040/462/461
f 1046/459/880 1045/461/879 1041/460/875
f 1040/462/461 1045/461/879 1047/475/881
f 1047/475/881 1048/476/882 1040/462/461
f 1049/477/476 1040/462/461 1048/476/882
f 1048/476/882 1050/478/883 1049/477/476
f 1051/479/478 1049/477/476 1050/478/883
f 1050/478/883 1052/480/884 1051/479/478
f 1053/481/480 1051/479/478 1052/480/884
f 1052/480/884 1054/482/837 1053/481/480
f 1055/483/427 1053/481/480 1054/482/837
f 1054/482/837 1052/480/884 1056/484/839
f 1057/485/885 1056/484/839 1052/480/884
f 1052/480/884 1050/478/883 1057/485/885
f 1056/484/839 1057/485/885 1058/486/841
f 1059/487/886 1058/486/841 1057/485/885
f 1058/486/841 1059/487/886 1060/488/843
f 1061/489/887 1060/488/843 1059/487/886
f 1060/488/843 1061/489/887 1062/490/845
f 1063/491/888 1062/490/845 1061/489/887
f 1062/490/845 1063/491/888 1064/492/847
f 1065/493/889 1064/492/847 1063/491/888
f 1064/492/847 1065/493/889 1066/494/849
f 1067/495/890 1066/494/849 1065/493/889
f 1066/494/849 1067/495/890 1068/496/851
f 1069/497/891 1068/496/851 1067/495/890
f 1068/496/851 1069/497/891 1070/498/853
f 1071/499/892 1070/498/853 1069/497/891
f 1070/498/853 1071/499/892 1072/500/855
f 1073/501/893 1072/500/855 1071/499/892
f 1072/500/855 1073/501/893 1074/502/857
f 1075/503/894 1074/502/857 1073/501/893
f 1074/502/857 1075/503/894 1076/504/859
f 1077/505/895 1076/504/859 1075/503/894
f 1076/504/859 1077/505/895 1078/506/861
f 1079/507/896 1078/506/861 1077/505/895
f 1078/506/861 1079/507/896 1080/508/863
f 1081/509/897 1080/508/863 1079/507/896
f 1080/508/863 1081/509/897 1082/510/865
f 1083/511/898 1082/510/865 1081/509/897
f 1082/510/865 1083/511/898 1084/512/456
f 1085/513/495 1084/512/456 1083/511/898
f 1071/499/892 1086/514/899 1073/501/893
f 1086/514/899 1071/499/892 1087/515/900
f 1069/497/891 1087/515/900 1071/499/892
f 1087/515/900 1069/497/891 1088/518/901
f 1067/495/890 1088/518/901 1069/497/891
f 1088/518/901 1067/495/890 1089/520/902
f 1065/493/889 1089/520/902 1067/495/890
f 1089/520/902 1065/493/889 1090/522/903
f 1063/491/888 1090/522/903 1065/493/889
f 1090/522/903 1063/491/888 1091/524/904
f 1061/489/887 1091/524/904 1063/491/888
f 1091/524/904 1061/489/887 1092/526/905
f 1059/487/886 1092/526/905 1061/489/887
f 1092/526/905 1059/487/886 1093/528/906
f 1057/485/885 1093/528/906 1059/487/886
f 1093/528/906 1057/485/885 1050/478/883
f 1050/478/883 1048/476/882 1093/528/906
f 1094/527/907 1093/528/906 1048/476/882
f 1093/528/906 1094/527/907 1092/526/905
f 1048/476/882 1047/475/881 1094/527/907
f 1045/461/879 1094/527/907 1047/475/881
f 1095/525/908 1092/526/905 1094/527/907
f 1094/527/907 1045/461/879 1095/525/908
f 1092/526/905 1095/525/908 1091/524/904
f 1046/459/880 1095/525/908 1045/461/879
f 1096/523/909 1091/524/904 1095/525/908
f 1095/525/908 1046/459/880 1096/523/909
f 1091/524/904 1096/523/909 1090/522/903
f 1041/460/875 1096/523/909 1046/459/880
f 1096/523/909 1041/460/875 1097/521/910
f 1097/521/910 1090/522/903 1096/523/909
f 1044/465/878 1097/521/910 1041/460/875
f 1090/522/903 1097/521/910 1089/520/902
f 1098/519/911 1089/520/902 1097/521/910
f 1097/521/910 1044/465/878 1098/519/911
f 1042/464/876 1098/519/911 1044/465/878
f 1089/520/902 1098/519/911 1088/518/901
f 1099/517/912 1088/518/901 1098/519/911
f 1098/519/911 1042/464/876 1099/517/912
f 1043/466/877 1099/517/912 1042/464/876
f 1088/518/901 1099/517/912 1087/515/900
f 1100/516/913 1087/515/900 1099/517/912
f 1099/517/912 1043/466/877 1100/516/913
f 1036/463/871 1100/516/913 1043/466/877
f 1087/515/900 1100/516/913 1086/514/899
f 1101/529/914 1086/514/899 1100/516/913
f 1100/516/913 1036/463/871 1101/529/914
f 1039/470/874 1101/529/914 1036/463/871
f 1086/514/899 1101/529/914 1102/530/915
f 1102/530/915 1073/501/893 1086/514/899
f 1103/531/916 1102/530/915 1101/529/914
f 1101/529/914 1039/470/874 1103/531/916
f 1037/469/872 1103/531/916 1039/470/874
f 1073/501/893 1102/530/915 1075/503/894
f 1104/532/917 1075/503/894 1102/530/915
f 1102/530/915 1103/531/916 1104/532/917
f 1105/533/918 1104/532/917 1103/531/916
f 1103/531/916 1037/469/872 1105/533/918
f 1038/471/873 1105/533/918 1037/469/872
f 1075/503/894 1104/532/917 1077/505/895
f 1106/534/919 1077/505/895 1104/532/917
f 1104/532/917 1105/533/918 1106/534/919
f 1107/535/920 1106/534/919 1105/533/918
f 1105/533/918 1038/471/873 1107/535/920
f 1034/468/869 1107/535/920 1038/471/873
f 1077/505/895 1106/534/919 1079/507/896
f 1108/536/921 1079/507/896 1106/534/919
f 1106/534/919 1107/535/920 1108/536/921
f 1109/537/922 1108/536/921 1107/535/920
f 1107/535/920 1034/468/869 1109/537/922
f 1035/473/870 1109/537/922 1034/468/869
f 1079/507/896 1108/536/921 1081/509/897
f 1110/538/923 1081/509/897 1108/536/921
f 1108/536/921 1109/537/922 1110/538/923
f 1111/539/924 1110/538/923 1109/537/922
f 1109/537/922 1035/473/870 1111/539/924
f 1032/472/868 1111/539/924 1035/473/870
f 1081/509/897 1110/538/923 1083/511/898
f 1112/540/925 1083/511/898 1110/538/923
f 1110/538/923 1111/539/924 1112/540/925
f 1113/541/926 1112/540/925 1111/539/924
f 1111/539/924 1032/472/868 1113/541/926
f 1033/474/867 1113/541/926 1032/472/868
f 1083/511/898 1112/540/925 1085/513/495
f 1114/542/524 1085/513/495 1112/540/925
f 1112/540/925 1113/541/926 1114/542/524
f 1115/543/525 1114/542/524 1113/541/926
f 1113/541/926 1033/474/867 1115/543/525
f 1031/467/466 1115/543/525 1033/474/867
f 1118/551/693 1117/550/691 1116/325/927
f 1119/326/928 1116/325/927 1117/550/691
f 1116/325/927 1120/324/929 1118/551/693
f 1121/552/695 1118/551/693 1120/324/929
f 1120/324/929 1122/323/930 1121/552/695
f 1123/553/697 1121/552/695 1122/323/930
f 1122/323/930 1124/322/931 1123/553/697
f 1125/554/699 1123/553/697 1124/322/931
f 1124/322/931 1126/321/932 1125/554/699
f 1127/555/701 1125/554/699 1126/321/932
f 1126/321/932 1128/320/933 1127/555/701
f 1129/556/703 1127/555/701 1128/320/933
f 1128/320/933 1130/319/934 1129/556/703
f 1131/557/705 1129/556/703 1130/319/934
f 1130/319/934 1132/318/935 1131/557/705
f 1133/558/707 1131/557/705 1132/318/935
f 1132/318/935 1134/544/936 1133/558/707
f 1135/559/709 1133/558/707 1134/544/936
f 1134/544/936 1136/545/937 1135/559/709
f 1137/560/711 1135/559/709 1136/545/937
f 1136/545/937 1138/546/938 1137/560/711
f 1139/561/713 1137/560/711 1138/546/938
f 1138/546/938 1140/547/939 1139/561/713
f 1141/562/715 1139/561/713 1140/547/939
f 1140/547/939 1142/548/940 1141/562/715
f 1143/549/717 1141/562/715 1142/548/940
f 1119/326/928 1117/550/691 1144/327/718
f 1147/293/852 1146/292/852 1145/327/852
f 1150/563/941 1149/564/942 1148/565/943
f 1151/566/944 1148/565/943 1149/564/942
f 1149/564/942 1150/563/941 1152/567/945
f 1153/568/946 1152/567/945 1150/563/941
f 1152/567/945 1153/568/946 1154/569/947
f 1155/570/948 1154/569/947 1153/568/946
f 1154/569/947 1155/570/948 1156/571/949
f 1157/572/950 1156/571/949 1155/570/948
f 1156/571/949 1157/572/950 1158/573/951
f 1159/574/952 1158/573/951 1157/572/950
f 1158/573/951 1159/574/952 1160/575/953
f 1161/576/954 1160/575/953 1159/574/952
f 1160/575/953 1161/576/954 1162/577/955
f 1163/578/956 1162/577/955 1161/576/954
f 1162/577/955 1163/578/956 1164/579/957
f 1165/580/958 1164/579/957 1163/578/956
f 1164/579/957 1165/580/958 1166/581/959
f 1167/582/960 1166/581/959 1165/580/958
f 1166/581/959 1167/582/960 1168/583/961
f 1169/584/962 1168/583/961 1167/582/960
f 1168/583/961 1169/584/962 1170/585/963
f 1171/586/964 1170/585/963 1169/584/962
f 1170/585/963 1171/586/964 1172/587/965
f 1173/588/966 1172/587/965 1171/586/964
f 1172/587/965 1173/588/966 1174/589/967
f 1175/590/968 1174/589/967 1173/588/966
f 1174/589/967 1175/590/968 1176/591/969
f 1177/592/970 1176/591/969 1175/590/968
f 1176/591/969 1177/592/970 1178/593/971
f 1179/594/972 1178/593/971 1177/592/970
f 1178/593/971 1179/594/972 1180/595/973
f 1181/596/974 1180/595/973 1179/594/972
f 1180/595/973 1181/596/974 1182/597/975
f 1183/598/976 1182/597/975 1181/596/974
f 1182/597/975 1183/598/976 1184/599/977
f 1185/600/978 1184/599/977 1183/598/976
f 1184/599/977 1185/600/978 1186/601/979
f 1187/602/980 1186/601/979 1185/600/978
f 1186/601/979 1187/602/980 1188/603/981
f 1189/604/982 1188/603/981 1187/602/980
f 1175/590/968 1190/605/983 1177/592/970
f 1190/605/983 1175/590/968 1191/606/984
f 1173/588/966 1191/606/984 1175/590/968
f 1191/606/984 1173/588/966 1192/607/985
f 1171/586/964 1192/607/985 1173/588/966
f 1192/607/985 1171/586/964 1193/608/397
f 1169/584/962 1193/608/397 1171/586/964
f 1193/608/397 1169/584/962 1194/609/986
f 1167/582/960 1194/609/986 1169/584/962
f 1194/609/986 1167/582/960 1195/610/987
f 1165/580/958 1195/610/987 1167/582/960
f 1195/610/987 1165/580/958 1196/611/988
f 1163/578/956 1196/611/988 1165/580/958
f 1196/611/988 1163/578/956 1197/612/989
f 1161/576/954 1197/612/989 1163/578/956
f 1159/574/952 1198/613/990 1161/576/954
f 1198/613/990 1159/574/952 1199/614/991
f 1157/572/950 1199/614/991 1159/574/952
f 1199/614/991 1157/572/950 1200/615/992
f 1155/570/948 1200/615/992 1157/572/950
f 1200/615/992 1155/570/948 1201/616/993
f 1153/568/946 1201/616/993 1155/570/948
f 1201/616/993 1153/568/946 1202/617/994
f 1150/563/941 1202/617/994 1153/568/946
f 1202/617/994 1150/563/941 1203/618/995
f 1148/565/943 1203/618/995 1150/563/941
f 1204/612/989 1161/576/954 1198/613/990
f 1148/565/943 1205/619/996 1203/618/995
f 1205/619/996 1148/565/943 1206/620/997
f 1151/566/944 1206/620/997 1148/565/943
f 1207/621/355 1203/618/995 1205/619/996
f 1208/622/998 1177/592/970 1190/605/983
f 1177/592/970 1209/622/998 1179/594/972
f 1210/623/999 1179/594/972 1209/622/998
f 1179/594/972 1210/623/999 1181/596/974
f 1211/624/1000 1181/596/974 1210/623/999
f 1181/596/974 1211/624/1000 1183/598/976
f 1212/625/1001 1183/598/976 1211/624/1000
f 1183/598/976 1212/625/1001 1185/600/978
f 1213/626/1002 1185/600/978 1212/625/1001
f 1185/600/978 1213/626/1002 1187/602/980
f 1214/627/1003 1187/602/980 1213/626/1002
f 1187/602/980 1214/627/1003 1189/604/982
f 1215/628/1004 1189/604/982 1214/627/1003
f 1215/628/1004 1216/629/396 1189/604/982
f 1217/630/1005 1189/604/982 1216/629/396
f 1189/604/982 1217/630/1005 1188/603/981
f 1218/631/1006 1188/603/981 1217/630/1005
f 1221/564/441 1220/567/441 1219/566/441
f 1220/567/441 1222/569/441 1219/566/441
f 1222/569/441 1223/571/441 1219/566/441
f 1223/571/441 1224/573/441 1219/566/441
f 1224/573/441 1225/575/441 1219/566/441
f 1225/575/441 1226/577/441 1219/566/441
f 1226/577/441 1227/579/441 1219/566/441
f 1227/579/441 1228/581/441 1219/566/441
f 1228/581/441 1229/583/441 1219/566/441
f 1229/583/441 1230/585/441 1219/566/441
f 1230/585/441 1231/587/441 1219/566/441
f 1231/587/441 1232/589/441 1219/566/441
f 1232/589/441 1233/591/441 1219/566/441
f 1233/591/441 1234/593/441 1219/566/441
f 1234/593/441 1235/595/441 1219/566/441
f 1235/595/441 1236/597/441 1219/566/441
f 1236/597/441 1237/599/441 1219/566/441
f 1237/599/441 1238/601/441 1219/566/441
f 1238/601/441 1239/603/441 1219/566/441
f 1239/603/441 1240/631/441 1219/566/441
f 1241/620/441 1219/566/441 1240/631/441
f 1244/632/1007 1243/633/1008 1242/634/1009
f 1245/635/1010 1242/634/1009 1243/633/1008
f 1243/633/1008 1244/632/1007 1246/599/1011
f 1247/636/1012 1246/599/1011 1244/632/1007
f 1246/599/1011 1247/636/1012 1248/637/1013
f 1249/638/1014 1248/637/1013 1247/636/1012
f 1248/637/1013 1249/638/1014 1250/639/1015
f 1251/640/1016 1250/639/1015 1249/638/1014
f 1250/639/1015 1251/640/1016 1252/593/1017
f 1253/641/1018 1252/593/1017 1251/640/1016
f 1252/593/1017 1253/641/1018 1254/642/1019
f 1255/643/1020 1254/642/1019 1253/641/1018
f 1254/642/1019 1255/643/1020 1256/644/1021
f 1257/645/1022 1256/644/1021 1255/643/1020
f 1256/644/1021 1257/645/1022 1258/646/1023
f 1259/647/1024 1258/646/1023 1257/645/1022
f 1258/646/1023 1259/647/1024 1260/648/1025
f 1261/649/1026 1260/648/1025 1259/647/1024
f 1260/648/1025 1261/649/1026 1262/583/1027
f 1263/650/1028 1262/583/1027 1261/649/1026
f 1262/583/1027 1263/650/1028 1264/651/1029
f 1265/652/1030 1264/651/1029 1263/650/1028
f 1264/651/1029 1265/652/1030 1266/579/1031
f 1267/653/1032 1266/579/1031 1265/652/1030
f 1266/579/1031 1267/653/1032 1268/654/1033
f 1269/655/1034 1268/654/1033 1267/653/1032
f 1268/654/1033 1269/655/1034 1270/656/1035
f 1271/657/1036 1270/656/1035 1269/655/1034
f 1270/656/1035 1271/657/1036 1272/573/1037
f 1273/658/1038 1272/573/1037 1271/657/1036
f 1272/573/1037 1273/658/1038 1274/571/1039
f 1275/659/1040 1274/571/1039 1273/658/1038
f 1274/571/1039 1275/659/1040 1276/660/1041
f 1277/661/1042 1276/660/1041 1275/659/1040
f 1276/660/1041 1277/661/1042 1278/662/1043
f 1279/663/1044 1278/662/1043 1277/661/1042
f 1278/662/1043 1279/663/1044 1280/564/1045
f 1281/563/1046 1280/564/1045 1279/663/1044
f 1280/564/1045 1281/563/1046 1282/664/1047
f 1283/665/1048 1282/664/1047 1281/563/1046
f 1269/655/1034 1284/611/988 1271/657/1036
f 1284/611/988 1269/655/1034 1285/610/987
f 1267/653/1032 1285/610/987 1269/655/1034
f 1285/610/987 1267/653/1032 1286/609/986
f 1265/652/1030 1286/609/986 1267/653/1032
f 1286/609/986 1265/652/1030 1287/608/397
f 1263/650/1028 1287/608/397 1265/652/1030
f 1287/608/397 1263/650/1028 1288/607/985
f 1261/649/1026 1288/607/985 1263/650/1028
f 1288/607/985 1261/649/1026 1289/606/984
f 1259/647/1024 1289/606/984 1261/649/1026
f 1289/606/984 1259/647/1024 1290/605/983
f 1257/645/1022 1290/605/983 1259/647/1024
f 1290/605/983 1257/645/1022 1291/622/998
f 1255/643/1020 1291/622/998 1257/645/1022
f 1253/641/1018 1292/623/999 1255/643/1020
f 1292/623/999 1253/641/1018 1293/624/1000
f 1251/640/1016 1293/624/1000 1253/641/1018
f 1293/624/1000 1251/640/1016 1294/625/1001
f 1249/638/1014 1294/625/1001 1251/640/1016
f 1294/625/1001 1249/638/1014 1295/626/1002
f 1247/636/1012 1295/626/1002 1249/638/1014
f 1295/626/1002 1247/636/1012 1296/627/1003
f 1244/632/1007 1296/627/1003 1247/636/1012
f 1296/627/1003 1244/632/1007 1297/628/1004
f 1242/634/1009 1297/628/1004 1244/632/1007
f 1298/622/998 1255/643/1020 1292/623/999
f 1242/634/1009 1299/630/1049 1297/628/1004
f 1299/630/1049 1242/634/1009 1300/666/1050
f 1245/635/1010 1300/666/1050 1242/634/1009
f 1301/629/396 1297/628/1004 1299/630/1049
f 1302/612/989 1271/657/1036 1284/611/988
f 1271/657/1036 1303/612/989 1273/658/1038
f 1304/613/990 1273/658/1038 1303/612/989
f 1273/658/1038 1304/613/990 1275/659/1040
f 1305/614/991 1275/659/1040 1304/613/990
f 1275/659/1040 1305/614/991 1277/661/1042
f 1306/615/992 1277/661/1042 1305/614/991
f 1277/661/1042 1306/615/992 1279/663/1044
f 1307/616/993 1279/663/1044 1306/615/992
f 1279/663/1044 1307/616/993 1281/563/1046
f 1308/617/994 1281/563/1046 1307/616/993
f 1281/563/1046 1308/617/994 1283/665/1048
f 1309/618/995 1283/665/1048 1308/617/994
f 1309/618/995 1310/621/355 1283/665/1048
f 1311/619/1051 1283/665/1048 1310/621/355
f 1283/665/1048 1311/619/1051 1282/664/1047
f 1312/620/1052 1282/664/1047 1311/619/1051
f 1315/633/852 1314/599/852 1313/635/852
f 1314/599/852 1316/637/852 1313/635/852
f 1316/637/852 1317/639/852 1313/635/852
f 1317/639/852 1318/593/852 1313/635/852
f 1318/593/852 1319/642/852 1313/635/852
f 1319/642/852 1320/644/852 1313/635/852
f 1320/644/852 1321/646/852 1313/635/852
f 1321/646/852 1322/648/852 1313/635/852
f 1322/648/852 1323/583/852 1313/635/852
f 1323/583/852 1324/651/852 1313/635/852
f 1324/651/852 1325/579/852 1313/635/852
f 1325/579/852 1326/654/852 1313/635/852
f 1326/654/852 1327/656/852 1313/635/852
f 1327/656/852 1328/573/852 1313/635/852
f 1328/573/852 1329/571/852 1313/635/852
f 1329/571/852 1330/660/852 1313/635/852
f 1330/660/852 1331/662/852 1313/635/852
f 1331/662/852 1332/564/852 1313/635/852
f 1332/564/852 1333/664/852 1313/635/852
f 1333/664/852 1334/620/852 1313/635/852
f 1335/666/852 1313/635/852 1334/620/852
f 1338/667/1053 1337/668/1054 1336/669/1055
f 1339/670/1056 1336/669/1055 1337/668/1054
f 1337/668/1054 1338/667/1053 1340/671/1057
f 1341/672/1058 1340/671/1057 1338/667/1053
f 1340/671/1057 1341/672/1058 1342/673/1059
f 1343/674/1060 1342/673/1059 1341/672/1058
f 1342/673/1059 1343/674/1060 1344/675/1061
f 1345/676/1062 1344/675/1061 1343/674/1060
f 1344/675/1061 1345/676/1062 1346/677/1063
f 1347/678/1064 1346/677/1063 1345/676/1062
f 1346/677/1063 1347/678/1064 1348/679/1065
f 1349/680/1066 1348/679/1065 1347/678/1064
f 1348/679/1065 1349/680/1066 1350/681/1067
f 1351/682/1068 1350/681/1067 1349/680/1066
f 1350/681/1067 1351/682/1068 1352/683/1069
f 1353/684/1070 1352/683/1069 1351/682/1068
f 1352/683/1069 1353/684/1070 1354/685/1071
f 1355/686/1072 1354/685/1071 1353/684/1070
f 1354/685/1071 1355/686/1072 1356/687/1073
f 1357/688/1074 1356/687/1073 1355/686/1072
f 1356/687/1073 1357/688/1074 1358/689/1075
f 1359/690/1076 1358/689/1075 1357/688/1074
f 1358/689/1075 1359/690/1076 1360/691/1077
f 1361/692/1078 1360/691/1077 1359/690/1076
f 1360/691/1077 1361/692/1078 1362/693/1079
f 1363/694/1080 1362/693/1079 1361/692/1078
f 1362/693/1079 1363/694/1080 1364/695/1081
f 1365/696/1082 1364/695/1081 1363/694/1080
f 1364/695/1081 1365/696/1082 1366/697/1083
f 1367/698/1084 1366/697/1083 1365/696/1082
f 1366/697/1083 1367/698/1084 1368/699/1085
f 1369/700/1086 1368/699/1085 1367/698/1084
f 1368/699/1085 1369/700/1086 1370/701/1087
f 1371/702/1088 1370/701/1087 1369/700/1086
f 1370/701/1087 1371/702/1088 1372/703/1089
f 1373/704/1090 1372/703/1089 1371/702/1088
f 1372/703/1089 1373/704/1090 1374/705/1091
f 1375/706/1092 1374/705/1091 1373/704/1090
f 1374/705/1091 1375/706/1092 1376/707/1093
f 1377/708/1094 1376/707/1093 1375/706/1092
f 1363/694/1080 1378/709/1095 1365/696/1082
f 1378/709/1095 1363/694/1080 1379/710/1096
f 1361/692/1078 1379/710/1096 1363/694/1080
f 1379/710/1096 1361/692/1078 1380/711/1097
f 1359/690/1076 1380/711/1097 1361/692/1078
f 1380/711/1097 1359/690/1076 1381/712/441
f 1357/688/1074 1381/712/441 1359/690/1076
f 1381/712/441 1357/688/1074 1382/713/1098
f 1355/686/1072 1382/713/1098 1357/688/1074
f 1382/713/1098 1355/686/1072 1383/714/1099
f 1353/684/1070 1383/714/1099 1355/686/1072
f 1383/714/1099 1353/684/1070 1384/715/1100
f 1351/682/1068 1384/715/1100 1353/684/1070
f 1384/715/1100 1351/682/1068 1385/716/1101
f 1349/680/1066 1385/716/1101 1351/682/1068
f 1347/678/1064 1386/717/1102 1349/680/1066
f 1386/717/1102 1347/678/1064 1387/718/1103
f 1345/676/1062 1387/718/1103 1347/678/1064
f 1387/718/1103 1345/676/1062 1388/719/1104
f 1343/674/1060 1388/719/1104 1345/676/1062
f 1388/719/1104 1343/674/1060 1389/720/1105
f 1341/672/1058 1389/720/1105 1343/674/1060
f 1389/720/1105 1341/672/1058 1390/721/1106
f 1338/667/1053 1390/721/1106 1341/672/1058
f 1390/721/1106 1338/667/1053 1391/722/1107
f 1336/669/1055 1391/722/1107 1338/667/1053
f 1392/716/1101 1349/680/1066 1386/717/1102
f 1336/669/1055 1393/723/1108 1391/722/1107
f 1393/723/1108 1336/669/1055 1394/724/1109
f 1339/670/1056 1394/724/1109 1336/669/1055
f 1395/725/1110 1391/722/1107 1393/723/1108
f 1396/726/1111 1365/696/1082 1378/709/1095
f 1365/696/1082 1397/726/1111 1367/698/1084
f 1398/727/1112 1367/698/1084 1397/726/1111
f 1367/698/1084 1398/727/1112 1369/700/1086
f 1399/728/1113 1369/700/1086 1398/727/1112
f 1369/700/1086 1399/728/1113 1371/702/1088
f 1400/729/1114 1371/702/1088 1399/728/1113
f 1371/702/1088 1400/729/1114 1373/704/1090
f 1401/730/1115 1373/704/1090 1400/729/1114
f 1373/704/1090 1401/730/1115 1375/706/1092
f 1402/731/1116 1375/706/1092 1401/730/1115
f 1375/706/1092 1402/731/1116 1377/708/1094
f 1403/732/1117 1377/708/1094 1402/731/1116
f 1403/732/1117 1404/733/1118 1377/708/1094
f 1405/734/1119 1377/708/1094 1404/733/1118
f 1377/708/1094 1405/734/1119 1376/707/1093
f 1406/735/1120 1376/707/1093 1405/734/1119
f 1409/668/457 1408/671/457 1407/670/457
f 1408/671/457 1410/673/457 1407/670/457
f 1410/673/457 1411/675/457 1407/670/457
f 1411/675/457 1412/677/457 1407/670/457
f 1412/677/457 1413/679/457 1407/670/457
f 1413/679/457 1414/681/457 1407/670/457
f 1414/681/457 1415/683/457 1407/670/457
f 1415/683/457 1416/685/457 1407/670/457
f 1416/685/457 1417/687/457 1407/670/457
f 1417/687/457 1418/689/457 1407/670/457
f 1418/689/457 1419/691/457 1407/670/457
f 1419/691/457 1420/693/457 1407/670/457
f 1420/693/457 1421/695/457 1407/670/457
f 1421/695/457 1422/697/457 1407/670/457
f 1422/697/457 1423/699/457 1407/670/457
f 1423/699/457 1424/701/457 1407/670/457
f 1424/701/457 1425/703/457 1407/670/457
f 1425/703/457 1426/705/457 1407/670/457
f 1426/705/457 1427/707/457 1407/670/457
f 1427/707/457 1428/735/457 1407/670/457
f 1429/724/457 1407/670/457 1428/735/457
f 1432/736/1121 1431/737/1122 1430/738/1123
f 1433/707/1124 1430/738/1123 1431/737/1122
f 1431/737/1122 1432/736/1121 1434/739/1125
f 1435/704/1126 1434/739/1125 1432/736/1121
f 1434/739/1125 1435/704/1126 1436/701/1127
f 1437/702/1128 1436/701/1127 1435/704/1126
f 1436/701/1127 1437/702/1128 1438/740/1129
f 1439/741/1130 1438/740/1129 1437/702/1128
f 1438/740/1129 1439/741/1130 1440/742/1131
f 1441/698/1132 1440/742/1131 1439/741/1130
f 1440/742/1131 1441/698/1132 1442/695/1133
f 1443/743/1134 1442/695/1133 1441/698/1132
f 1442/695/1133 1443/743/1134 1444/744/1135
f 1445/745/1136 1444/744/1135 1443/743/1134
f 1444/744/1135 1445/745/1136 1446/746/1137
f 1447/747/1138 1446/746/1137 1445/745/1136
f 1446/746/1137 1447/747/1138 1448/748/1139
f 1449/749/1140 1448/748/1139 1447/747/1138
f 1448/748/1139 1449/749/1140 1450/750/1141
f 1451/751/1142 1450/750/1141 1449/749/1140
f 1450/750/1141 1451/751/1142 1452/752/1143
f 1453/753/1144 1452/752/1143 1451/751/1142
f 1452/752/1143 1453/753/1144 1454/754/1145
f 1455/755/1146 1454/754/1145 1453/753/1144
f 1454/754/1145 1455/755/1146 1456/756/1147
f 1457/757/1148 1456/756/1147 1455/755/1146
f 1456/756/1147 1457/757/1148 1458/679/1149
f 1459/758/1150 1458/679/1149 1457/757/1148
f 1458/679/1149 1459/758/1150 1460/759/1151
f 1461/760/1152 1460/759/1151 1459/758/1150
f 1460/759/1151 1461/760/1152 1462/761/1153
f 1463/762/1154 1462/761/1153 1461/760/1152
f 1462/761/1153 1463/762/1154 1464/763/1155
f 1465/764/1156 1464/763/1155 1463/762/1154
f 1464/763/1155 1465/764/1156 1466/765/1157
f 1467/766/1158 1466/765/1157 1465/764/1156
f 1466/765/1157 1467/766/1158 1468/767/1159
f 1469/768/1160 1468/767/1159 1467/766/1158
f 1468/767/1159 1469/768/1160 1470/769/1161
f 1471/770/1162 1470/769/1161 1469/768/1160
f 1457/757/1148 1472/715/1100 1459/758/1150
f 1472/715/1100 1457/757/1148 1473/714/1099
f 1455/755/1146 1473/714/1099 1457/757/1148
f 1473/714/1099 1455/755/1146 1474/713/1098
f 1453/753/1144 1474/713/1098 1455/755/1146
f 1474/713/1098 1453/753/1144 1475/712/441
f 1451/751/1142 1475/712/441 1453/753/1144
f 1475/712/441 1451/751/1142 1476/711/1097
f 1449/749/1140 1476/711/1097 1451/751/1142
f 1476/711/1097 1449/749/1140 1477/710/1096
f 1447/747/1138 1477/710/1096 1449/749/1140
f 1477/710/1096 1447/747/1138 1478/709/1095
f 1445/745/1136 1478/709/1095 1447/747/1138
f 1478/709/1095 1445/745/1136 1479/726/1111
f 1443/743/1134 1479/726/1111 1445/745/1136
f 1441/698/1132 1480/727/1112 1443/743/1134
f 1480/727/1112 1441/698/1132 1481/728/1113
f 1439/741/1130 1481/728/1113 1441/698/1132
f 1481/728/1113 1439/741/1130 1482/729/1114
f 1437/702/1128 1482/729/1114 1439/741/1130
f 1482/729/1114 1437/702/1128 1483/730/1115
f 1435/704/1126 1483/730/1115 1437/702/1128
f 1483/730/1115 1435/704/1126 1484/731/1116
f 1432/736/1121 1484/731/1116 1435/704/1126
f 1484/731/1116 1432/736/1121 1485/732/1117
f 1430/738/1123 1485/732/1117 1432/736/1121
f 1486/726/1111 1443/743/1134 1480/727/1112
f 1430/738/1123 1487/771/1163 1485/732/1117
f 1487/771/1163 1430/738/1123 1488/772/1164
f 1433/707/1124 1488/772/1164 1430/738/1123
f 1489/733/1118 1485/732/1117 1487/771/1163
f 1490/716/1101 1459/758/1150 1472/715/1100
f 1459/758/1150 1491/716/1101 1461/760/1152
f 1492/717/1102 1461/760/1152 1491/716/1101
f 1461/760/1152 1492/717/1102 1463/762/1154
f 1493/718/1103 1463/762/1154 1492/717/1102
f 1463/762/1154 1493/718/1103 1465/764/1156
f 1494/719/1104 1465/764/1156 1493/718/1103
f 1465/764/1156 1494/719/1104 1467/766/1158
f 1495/720/1105 1467/766/1158 1494/719/1104
f 1467/766/1158 1495/720/1105 1469/768/1160
f 1496/721/1106 1469/768/1160 1495/720/1105
f 1469/768/1160 1496/721/1106 1471/770/1162
f 1497/722/1107 1471/770/1162 1496/721/1106
f 1497/722/1107 1498/725/1110 1471/770/1162
f 1499/773/1165 1471/770/1162 1498/725/1110
f 1471/770/1162 1499/773/1165 1470/769/1161
f 1500/774/1166 1470/769/1161 1499/773/1165
f 1503/737/397 1502/739/397 1501/707/397
f 1502/739/397 1504/701/397 1501/707/397
f 1504/701/397 1505/740/397 1501/707/397
f 1505/740/397 1506/742/397 1501/707/397
f 1506/742/397 1507/695/397 1501/707/397
f 1507/695/397 1508/744/397 1501/707/397
f 1508/744/397 1509/746/397 1501/707/397
f 1509/746/397 1510/748/397 1501/707/397
f 1510/748/397 1511/750/397 1501/707/397
f 1511/750/397 1512/752/397 1501/707/397
f 1512/752/397 1513/754/397 1501/707/397
f 1513/754/397 1514/756/397 1501/707/397
f 1514/756/397 1515/679/397 1501/707/397
f 1515/679/397 1516/759/397 1501/707/397
f 1516/759/397 1517/761/397 1501/707/397
f 1517/761/397 1518/763/397 1501/707/397
f 1518/763/397 1519/765/397 1501/707/397
f 1519/765/397 1520/767/397 1501/707/397
f 1520/767/397 1521/769/397 1501/707/397
f 1521/769/397 1522/774/397 1501/707/397
f 1523/772/397 1501/707/397 1522/774/397
f 1526/775/1167 1525/776/1168 1524/777/1169
f 1527/778/1170 1524/777/1169 1525/776/1168
f 1525/776/1168 1526/775/1167 1528/779/1171
f 1529/780/1172 1528/779/1171 1526/775/1167
f 1528/779/1171 1529/780/1172 1530/781/1173
f 1531/782/1174 1530/781/1173 1529/780/1172
f 1530/781/1173 1531/782/1174 1532/783/1175
f 1533/784/1176 1532/783/1175 1531/782/1174
f 1532/783/1175 1533/784/1176 1534/785/1177
f 1535/786/1178 1534/785/1177 1533/784/1176
f 1534/785/1177 1535/786/1178 1536/787/1179
f 1537/788/1180 1536/787/1179 1535/786/1178
f 1536/787/1179 1537/788/1180 1538/789/1181
f 1539/790/1182 1538/789/1181 1537/788/1180
f 1538/789/1181 1539/790/1182 1540/791/1183
f 1541/792/1184 1540/791/1183 1539/790/1182
f 1540/791/1183 1541/792/1184 1542/793/1185
f 1543/794/1186 1542/793/1185 1541/792/1184
f 1542/793/1185 1543/794/1186 1544/795/1187
f 1545/796/1188 1544/795/1187 1543/794/1186
f 1544/795/1187 1545/796/1188 1546/797/1189
f 1547/798/1190 1546/797/1189 1545/796/1188
f 1546/797/1189 1547/798/1190 1548/799/1191
f 1549/800/1192 1548/799/1191 1547/798/1190
f 1548/799/1191 1549/800/1192 1550/801/1193
f 1551/802/1194 1550/801/1193 1549/800/1192
f 1550/801/1193 1551/802/1194 1552/803/1195
f 1553/804/1196 1552/803/1195 1551/802/1194
f 1552/803/1195 1553/804/1196 1554/805/1197
f 1555/806/1198 1554/805/1197 1553/804/1196
f 1554/805/1197 1555/806/1198 1556/807/1199
f 1557/808/1200 1556/807/1199 1555/806/1198
f 1556/807/1199 1557/808/1200 1558/809/1201
f 1559/810/1202 1558/809/1201 1557/808/1200
f 1558/809/1201 1559/810/1202 1560/811/1203
f 1561/812/1204 1560/811/1203 1559/810/1202
f 1560/811/1203 1561/812/1204 1562/813/1205
f 1563/814/1206 1562/813/1205 1561/812/1204
f 1562/813/1205 1563/814/1206 1564/815/1207
f 1565/816/1208 1564/815/1207 1563/814/1206
f 1551/802/1194 1566/817/1209 1553/804/1196
f 1566/817/1209 1551/802/1194 1567/818/1210
f 1549/800/1192 1567/818/1210 1551/802/1194
f 1567/818/1210 1549/800/1192 1568/819/1211
f 1547/798/1190 1568/819/1211 1549/800/1192
f 1568/819/1211 1547/798/1190 1569/820/852
f 1545/796/1188 1569/820/852 1547/798/1190
f 1569/820/852 1545/796/1188 1570/821/1212
f 1543/794/1186 1570/821/1212 1545/796/1188
f 1570/821/1212 1543/794/1186 1571/822/1213
f 1541/792/1184 1571/822/1213 1543/794/1186
f 1571/822/1213 1541/792/1184 1572/823/1214
f 1539/790/1182 1572/823/1214 1541/792/1184
f 1572/823/1214 1539/790/1182 1573/824/1215
f 1537/788/1180 1573/824/1215 1539/790/1182
f 1535/786/1178 1574/825/1216 1537/788/1180
f 1574/825/1216 1535/786/1178 1575/826/1217
f 1533/784/1176 1575/826/1217 1535/786/1178
f 1575/826/1217 1533/784/1176 1576/827/1218
f 1531/782/1174 1576/827/1218 1533/784/1176
f 1576/827/1218 1531/782/1174 1577/828/1219
f 1529/780/1172 1577/828/1219 1531/782/1174
f 1577/828/1219 1529/780/1172 1578/829/1220
f 1526/775/1167 1578/829/1220 1529/780/1172
f 1578/829/1220 1526/775/1167 1579/830/1221
f 1524/777/1169 1579/830/1221 1526/775/1167
f 1580/824/1215 1537/788/1180 1574/825/1216
f 1524/777/1169 1581/831/1119 1579/830/1221
f 1581/831/1119 1524/777/1169 1582/832/1120
f 1527/778/1170 1582/832/1120 1524/777/1169
f 1583/833/1118 1579/830/1221 1581/831/1119
f 1584/834/1222 1553/804/1196 1566/817/1209
f 1553/804/1196 1585/834/1222 1555/806/1198
f 1586/835/1223 1555/806/1198 1585/834/1222
f 1555/806/1198 1586/835/1223 1557/808/1200
f 1587/836/1224 1557/808/1200 1586/835/1223
f 1557/808/1200 1587/836/1224 1559/810/1202
f 1588/837/1225 1559/810/1202 1587/836/1224
f 1559/810/1202 1588/837/1225 1561/812/1204
f 1589/838/1226 1561/812/1204 1588/837/1225
f 1561/812/1204 1589/838/1226 1563/814/1206
f 1590/839/1227 1563/814/1206 1589/838/1226
f 1563/814/1206 1590/839/1227 1565/816/1208
f 1591/840/1228 1565/816/1208 1590/839/1227
f 1591/840/1228 1592/841/1110 1565/816/1208
f 1593/842/1108 1565/816/1208 1592/841/1110
f 1565/816/1208 1593/842/1108 1564/815/1207
f 1594/843/1109 1564/815/1207 1593/842/1108
f 1597/776/457 1596/779/457 1595/778/457
f 1596/779/457 1598/781/457 1595/778/457
f 1598/781/457 1599/783/457 1595/778/457
f 1599/783/457 1600/785/457 1595/778/457
f 1600/785/457 1601/787/457 1595/778/457
f 1601/787/457 1602/789/457 1595/778/457
f 1602/789/457 1603/791/457 1595/778/457
f 1603/791/457 1604/793/457 1595/778/457
f 1604/793/457 1605/795/457 1595/778/457
f 1605/795/457 1606/797/457 1595/778/457
f 1606/797/457 1607/799/457 1595/778/457
f 1607/799/457 1608/801/457 1595/778/457
f 1608/801/457 1609/803/457 1595/778/457
f 1609/803/457 1610/805/457 1595/778/457
f 1610/805/457 1611/807/457 1595/778/457
f 1611/807/457 1612/809/457 1595/778/457
f 1612/809/457 1613/811/457 1595/778/457
f 1613/811/457 1614/813/457 1595/778/457
f 1614/813/457 1615/815/457 1595/778/457
f 1615/815/457 1616/843/457 1595/778/457
f 1617/832/457 1595/778/457 1616/843/457
f 1620/814/1229 1619/844/1230 1618/816/1231
f 1621/815/1232 1618/816/1231 1619/844/1230
f 1619/844/1230 1620/814/1229 1622/811/1233
f 1623/812/1234 1622/811/1233 1620/814/1229
f 1622/811/1233 1623/812/1234 1624/845/1235
f 1625/810/1236 1624/845/1235 1623/812/1234
f 1624/845/1235 1625/810/1236 1626/846/1237
f 1627/808/1238 1626/846/1237 1625/810/1236
f 1626/846/1237 1627/808/1238 1628/847/1239
f 1629/848/1240 1628/847/1239 1627/808/1238
f 1628/847/1239 1629/848/1240 1630/849/1241
f 1631/850/1242 1630/849/1241 1629/848/1240
f 1630/849/1241 1631/850/1242 1632/851/1243
f 1633/852/1244 1632/851/1243 1631/850/1242
f 1632/851/1243 1633/852/1244 1634/853/1245
f 1635/854/1246 1634/853/1245 1633/852/1244
f 1634/853/1245 1635/854/1246 1636/855/1247
f 1637/856/1248 1636/855/1247 1635/854/1246
f 1636/855/1247 1637/856/1248 1638/857/1249
f 1639/858/1250 1638/857/1249 1637/856/1248
f 1638/857/1249 1639/858/1250 1640/859/1251
f 1641/860/1252 1640/859/1251 1639/858/1250
f 1640/859/1251 1641/860/1252 1642/861/1253
f 1643/862/1254 1642/861/1253 1641/860/1252
f 1642/861/1253 1643/862/1254 1644/863/1255
f 1645/864/1256 1644/863/1255 1643/862/1254
f 1644/863/1255 1645/864/1256 1646/865/1257
f 1647/866/1258 1646/865/1257 1645/864/1256
f 1646/865/1257 1647/866/1258 1648/867/1259
f 1649/868/1260 1648/867/1259 1647/866/1258
f 1648/867/1259 1649/868/1260 1650/869/1261
f 1651/870/1262 1650/869/1261 1649/868/1260
f 1650/869/1261 1651/870/1262 1652/871/1263
f 1653/872/1264 1652/871/1263 1651/870/1262
f 1652/871/1263 1653/872/1264 1654/873/1265
f 1655/874/1266 1654/873/1265 1653/872/1264
f 1654/873/1265 1655/874/1266 1656/875/1267
f 1657/876/1268 1656/875/1267 1655/874/1266
f 1656/875/1267 1657/876/1268 1658/877/1269
f 1659/878/1270 1658/877/1269 1657/876/1268
f 1645/864/1256 1660/823/1214 1647/866/1258
f 1660/823/1214 1645/864/1256 1661/822/1213
f 1643/862/1254 1661/822/1213 1645/864/1256
f 1661/822/1213 1643/862/1254 1662/821/1212
f 1641/860/1252 1662/821/1212 1643/862/1254
f 1662/821/1212 1641/860/1252 1663/820/852
f 1639/858/1250 1663/820/852 1641/860/1252
f 1663/820/852 1639/858/1250 1664/819/1211
f 1637/856/1248 1664/819/1211 1639/858/1250
f 1664/819/1211 1637/856/1248 1665/818/1210
f 1635/854/1246 1665/818/1210 1637/856/1248
f 1665/818/1210 1635/854/1246 1666/817/1209
f 1633/852/1244 1666/817/1209 1635/854/1246
f 1666/817/1209 1633/852/1244 1667/834/1222
f 1631/850/1242 1667/834/1222 1633/852/1244
f 1629/848/1240 1668/835/1223 1631/850/1242
f 1668/835/1223 1629/848/1240 1669/836/1224
f 1627/808/1238 1669/836/1224 1629/848/1240
f 1669/836/1224 1627/808/1238 1670/837/1225
f 1625/810/1236 1670/837/1225 1627/808/1238
f 1670/837/1225 1625/810/1236 1671/838/1226
f 1623/812/1234 1671/838/1226 1625/810/1236
f 1671/838/1226 1623/812/1234 1672/839/1227
f 1620/814/1229 1672/839/1227 1623/812/1234
f 1672/839/1227 1620/814/1229 1673/840/1228
f 1618/816/1231 1673/840/1228 1620/814/1229
f 1674/834/1222 1631/850/1242 1668/835/1223
f 1618/816/1231 1675/879/1165 1673/840/1228
f 1675/879/1165 1618/816/1231 1676/880/1271
f 1621/815/1232 1676/880/1271 1618/816/1231
f 1677/841/1110 1673/840/1228 1675/879/1165
f 1678/824/1215 1647/866/1258 1660/823/1214
f 1647/866/1258 1679/824/1215 1649/868/1260
f 1680/825/1216 1649/868/1260 1679/824/1215
f 1649/868/1260 1680/825/1216 1651/870/1262
f 1681/826/1217 1651/870/1262 1680/825/1216
f 1651/870/1262 1681/826/1217 1653/872/1264
f 1682/827/1218 1653/872/1264 1681/826/1217
f 1653/872/1264 1682/827/1218 1655/874/1266
f 1683/828/1219 1655/874/1266 1682/827/1218
f 1655/874/1266 1683/828/1219 1657/876/1268
f 1684/829/1220 1657/876/1268 1683/828/1219
f 1657/876/1268 1684/829/1220 1659/878/1270
f 1685/830/1221 1659/878/1270 1684/829/1220
f 1685/830/1221 1686/833/1118 1659/878/1270
f 1687/881/1163 1659/878/1270 1686/833/1118
f 1659/878/1270 1687/881/1163 1658/877/1269
f 1688/882/1272 1658/877/1269 1687/881/1163
f 1691/844/397 1690/811/397 1689/815/397
f 1690/811/397 1692/845/397 1689/815/397
f 1692/845/397 1693/846/397 1689/815/397
f 1693/846/397 1694/847/397 1689/815/397
f 1694/847/397 1695/849/397 1689/815/397
f 1695/849/397 1696/851/397 1689/815/397
f 1696/851/397 1697/853/397 1689/815/397
f 1697/853/397 1698/855/397 1689/815/397
f 1698/855/397 1699/857/397 1689/815/397
f 1699/857/397 1700/859/397 1689/815/397
f 1700/859/397 1701/861/397 1689/815/397
f 1701/861/397 1702/863/397 1689/815/397
f 1702/863/397 1703/865/397 1689/815/397
f 1703/865/397 1704/867/397 1689/815/397
f 1704/867/397 1705/869/397 1689/815/397
f 1705/869/397 1706/871/397 1689/815/397
f 1706/871/397 1707/873/397 1689/815/397
f 1707/873/397 1708/875/397 1689/815/397
f 1708/875/397 1709/877/397 1689/815/397
f 1709/877/397 1710/882/397 1689/815/397
f 1711/880/397 1689/815/397 1710/882/397
f 1714/883/1273 1713/884/1274 1712/885/1275
f 1715/886/1276 1712/885/1275 1713/884/1274
f 1713/884/1274 1714/883/1273 1716/887/1277
f 1717/888/1278 1716/887/1277 1714/883/1273
f 1716/887/1277 1717/888/1278 1718/889/1279
f 1719/890/1280 1718/889/1279 1717/888/1278
f 1718/889/1279 1719/890/1280 1720/891/1281
f 1721/892/1282 1720/891/1281 1719/890/1280
f 1720/891/1281 1721/892/1282 1722/893/1283
f 1723/894/1284 1722/893/1283 1721/892/1282
f 1722/893/1283 1723/894/1284 1724/895/1285
f 1725/896/1286 1724/895/1285 1723/894/1284
f 1724/895/1285 1725/896/1286 1726/897/1287
f 1727/898/1288 1726/897/1287 1725/896/1286
f 1726/897/1287 1727/898/1288 1728/899/1289
f 1729/900/1290 1728/899/1289 1727/898/1288
f 1728/899/1289 1729/900/1290 1730/901/1291
f 1731/902/1292 1730/901/1291 1729/900/1290
f 1730/901/1291 1731/902/1292 1732/903/1293
f 1733/904/1294 1732/903/1293 1731/902/1292
f 1732/903/1293 1733/904/1294 1734/905/1295
f 1735/906/1296 1734/905/1295 1733/904/1294
f 1734/905/1295 1735/906/1296 1736/907/1297
f 1737/908/1298 1736/907/1297 1735/906/1296
f 1736/907/1297 1737/908/1298 1738/909/1299
f 1739/910/1300 1738/909/1299 1737/908/1298
f 1738/909/1299 1739/910/1300 1740/911/1301
f 1741/912/1302 1740/911/1301 1739/910/1300
f 1740/911/1301 1741/912/1302 1742/913/1303
f 1743/914/1304 1742/913/1303 1741/912/1302
f 1742/913/1303 1743/914/1304 1744/915/1305
f 1745/916/1306 1744/915/1305 1743/914/1304
f 1744/915/1305 1745/916/1306 1746/917/1307
f 1747/918/1308 1746/917/1307 1745/916/1306
f 1746/917/1307 1747/918/1308 1748/919/1309
f 1749/920/1310 1748/919/1309 1747/918/1308
f 1748/919/1309 1749/920/1310 1750/921/1311
f 1751/922/1312 1750/921/1311 1749/920/1310
f 1750/921/1311 1751/922/1312 1752/923/1313
f 1753/924/1314 1752/923/1313 1751/922/1312
f 1739/910/1300 1754/925/1315 1741/912/1302
f 1754/925/1315 1739/910/1300 1755/926/1316
f 1737/908/1298 1755/926/1316 1739/910/1300
f 1743/914/1304 1756/927/1317 1745/916/1306
f 1756/927/1317 1743/914/1304 1757/928/1318
f 1757/928/1318 1741/912/1302 1754/925/1315
f 1741/912/1302 1757/928/1318 1743/914/1304
f 1747/918/1308 1758/929/1319 1749/920/1310
f 1758/929/1319 1747/918/1308 1759/930/1320
f 1759/930/1320 1745/916/1306 1756/927/1317
f 1745/916/1306 1759/930/1320 1747/918/1308
f 1751/922/1312 1760/931/1321 1753/924/1314
f 1760/931/1321 1751/922/1312 1761/932/1322
f 1761/932/1322 1749/920/1310 1758/929/1319
f 1749/920/1310 1761/932/1322 1751/922/1312
f 1735/906/1296 1762/933/1323 1737/908/1298
f 1762/933/1323 1735/906/1296 1763/934/441
f 1733/904/1294 1763/934/441 1735/906/1296
f 1763/934/441 1733/904/1294 1764/935/1324
f 1731/902/1292 1764/935/1324 1733/904/1294
f 1764/935/1324 1731/902/1292 1765/936/1325
f 1729/900/1290 1765/936/1325 1731/902/1292
f 1727/898/1288 1766/937/1326 1729/900/1290
f 1766/937/1326 1727/898/1288 1767/938/1327
f 1725/896/1286 1767/938/1327 1727/898/1288
f 1767/938/1327 1725/896/1286 1768/939/1328
f 1723/894/1284 1768/939/1328 1725/896/1286
f 1768/939/1328 1723/894/1284 1769/940/1329
f 1721/892/1282 1769/940/1329 1723/894/1284
f 1769/940/1329 1721/892/1282 1770/941/1330
f 1719/890/1280 1770/941/1330 1721/892/1282
f 1770/941/1330 1719/890/1280 1771/942/1331
f 1717/888/1278 1771/942/1331 1719/890/1280
f 1771/942/1331 1717/888/1278 1772/943/1332
f 1714/883/1273 1772/943/1332 1717/888/1278
f 1772/943/1332 1714/883/1273 1773/944/1333
f 1712/885/1275 1773/944/1333 1714/883/1273
f 1712/885/1275 1774/945/1334 1773/944/1333
f 1774/945/1334 1712/885/1275 1775/946/1335
f 1715/886/1276 1775/946/1335 1712/885/1275
f 1776/947/396 1773/944/1333 1774/945/1334
f 1777/936/1325 1729/900/1290 1766/937/1326
f 1778/926/1316 1737/908/1298 1762/933/1323
f 1779/948/1336 1753/924/1314 1760/931/1321
f 1779/948/1336 1780/949/355 1753/924/1314
f 1781/950/1337 1753/924/1314 1780/949/355
f 1753/924/1314 1781/950/1337 1752/923/1313
f 1782/951/1338 1752/923/1313 1781/950/1337
f 1785/884/397 1784/887/397 1783/886/397
f 1784/887/397 1786/889/397 1783/886/397
f 1786/889/397 1787/891/397 1783/886/397
f 1787/891/397 1788/893/397 1783/886/397
f 1788/893/397 1789/895/397 1783/886/397
f 1789/895/397 1790/897/397 1783/886/397
f 1790/897/397 1791/899/397 1783/886/397
f 1791/899/397 1792/901/397 1783/886/397
f 1792/901/397 1793/903/397 1783/886/397
f 1793/903/397 1794/905/397 1783/886/397
f 1794/905/397 1795/907/397 1783/886/397
f 1795/907/397 1796/909/397 1783/886/397
f 1796/909/397 1797/911/397 1783/886/397
f 1797/911/397 1798/913/397 1783/886/397
f 1798/913/397 1799/915/397 1783/886/397
f 1799/915/397 1800/917/397 1783/886/397
f 1800/917/397 1801/919/397 1783/886/397
f 1801/919/397 1802/921/397 1783/886/397
f 1802/921/397 1803/923/397 1783/886/397
f 1803/923/397 1804/951/397 1783/886/397
f 1805/946/397 1783/886/397 1804/951/397
f 1808/922/1339 1807/921/1340 1806/952/1341
f 1809/953/1342 1806/952/1341 1807/921/1340
f 1807/921/1340 1808/922/1339 1810/954/1343
f 1811/920/1344 1810/954/1343 1808/922/1339
f 1810/954/1343 1811/920/1344 1812/955/1345
f 1813/918/1346 1812/955/1345 1811/920/1344
f 1812/955/1345 1813/918/1346 1814/956/1347
f 1815/957/1348 1814/956/1347 1813/918/1346
f 1814/956/1347 1815/957/1348 1816/958/1349
f 1817/959/1350 1816/958/1349 1815/957/1348
f 1816/958/1349 1817/959/1350 1818/960/1351
f 1819/961/1352 1818/960/1351 1817/959/1350
f 1818/960/1351 1819/961/1352 1820/962/1353
f 1821/963/1354 1820/962/1353 1819/961/1352
f 1820/962/1353 1821/963/1354 1822/964/1355
f 1823/965/1356 1822/964/1355 1821/963/1354
f 1822/964/1355 1823/965/1356 1824/966/1357
f 1825/967/1358 1824/966/1357 1823/965/1356
f 1824/966/1357 1825/967/1358 1826/968/1359
f 1827/969/1360 1826/968/1359 1825/967/1358
f 1826/968/1359 1827/969/1360 1828/970/1361
f 1829/971/1362 1828/970/1361 1827/969/1360
f 1828/970/1361 1829/971/1362 1830/972/1363
f 1831/973/1364 1830/972/1363 1829/971/1362
f 1830/972/1363 1831/973/1364 1832/974/1365
f 1833/975/1366 1832/974/1365 1831/973/1364
f 1832/974/1365 1833/975/1366 1834/976/1367
f 1835/977/1368 1834/976/1367 1833/975/1366
f 1834/976/1367 1835/977/1368 1836/978/1369
f 1837/979/1370 1836/978/1369 1835/977/1368
f 1836/978/1369 1837/979/1370 1838/980/1371
f 1839/981/1372 1838/980/1371 1837/979/1370
f 1838/980/1371 1839/981/1372 1840/982/1373
f 1841/983/1374 1840/982/1373 1839/981/1372
f 1840/982/1373 1841/983/1374 1842/984/1375
f 1843/985/1376 1842/984/1375 1841/983/1374
f 1842/984/1375 1843/985/1376 1844/986/1377
f 1845/987/1378 1844/986/1377 1843/985/1376
f 1844/986/1377 1845/987/1378 1846/988/1379
f 1847/989/1380 1846/988/1379 1845/987/1378
f 1833/975/1366 1848/937/1326 1835/977/1368
f 1848/937/1326 1833/975/1366 1849/936/1325
f 1831/973/1364 1849/936/1325 1833/975/1366
f 1837/979/1370 1850/939/1328 1839/981/1372
f 1850/939/1328 1837/979/1370 1851/938/1327
f 1851/938/1327 1835/977/1368 1848/937/1326
f 1835/977/1368 1851/938/1327 1837/979/1370
f 1841/983/1374 1852/941/1330 1843/985/1376
f 1852/941/1330 1841/983/1374 1853/940/1329
f 1853/940/1329 1839/981/1372 1850/939/1328
f 1839/981/1372 1853/940/1329 1841/983/1374
f 1845/987/1378 1854/943/1332 1847/989/1380
f 1854/943/1332 1845/987/1378 1855/942/1331
f 1855/942/1331 1843/985/1376 1852/941/1330
f 1843/985/1376 1855/942/1331 1845/987/1378
f 1829/971/1362 1856/935/1324 1831/973/1364
f 1856/935/1324 1829/971/1362 1857/934/441
f 1827/969/1360 1857/934/441 1829/971/1362
f 1857/934/441 1827/969/1360 1858/933/1323
f 1825/967/1358 1858/933/1323 1827/969/1360
f 1858/933/1323 1825/967/1358 1859/926/1316
f 1823/965/1356 1859/926/1316 1825/967/1358
f 1821/963/1354 1860/925/1315 1823/965/1356
f 1860/925/1315 1821/963/1354 1861/928/1318
f 1819/961/1352 1861/928/1318 1821/963/1354
f 1861/928/1318 1819/961/1352 1862/927/1317
f 1817/959/1350 1862/927/1317 1819/961/1352
f 1862/927/1317 1817/959/1350 1863/930/1320
f 1815/957/1348 1863/930/1320 1817/959/1350
f 1863/930/1320 1815/957/1348 1864/929/1319
f 1813/918/1346 1864/929/1319 1815/957/1348
f 1864/929/1319 1813/918/1346 1865/932/1322
f 1811/920/1344 1865/932/1322 1813/918/1346
f 1865/932/1322 1811/920/1344 1866/931/1321
f 1808/922/1339 1866/931/1321 1811/920/1344
f 1866/931/1321 1808/922/1339 1867/948/1336
f 1806/952/1341 1867/948/1336 1808/922/1339
f 1806/952/1341 1868/950/1381 1867/948/1336
f 1868/950/1381 1806/952/1341 1869/951/1382
f 1809/953/1342 1869/951/1382 1806/952/1341
f 1870/949/355 1867/948/1336 1868/950/1381
f 1871/926/1316 1823/965/1356 1860/925/1315
f 1872/936/1325 1831/973/1364 1856/935/1324
f 1873/944/1333 1847/989/1380 1854/943/1332
f 1873/944/1333 1874/947/396 1847/989/1380
f 1875/990/1383 1847/989/1380 1874/947/396
f 1847/989/1380 1875/990/1383 1846/988/1379
f 1876/991/1384 1846/988/1379 1875/990/1383
f 1879/921/457 1878/954/457 1877/953/457
f 1878/954/457 1880/955/457 1877/953/457
f 1880/955/457 1881/956/457 1877/953/457
f 1881/956/457 1882/958/457 1877/953/457
f 1882/958/457 1883/960/457 1877/953/457
f 1883/960/457 1884/962/457 1877/953/457
f 1884/962/457 1885/964/457 1877/953/457
f 1885/964/457 1886/966/457 1877/953/457
f 1886/966/457 1887/968/457 1877/953/457
f 1887/968/457 1888/970/457 1877/953/457
f 1888/970/457 1889/972/457 1877/953/457
f 1889/972/457 1890/974/457 1877/953/457
f 1890/974/457 1891/976/457 1877/953/457
f 1891/976/457 1892/978/457 1877/953/457
f 1892/978/457 1893/980/457 1877/953/457
f 1893/980/457 1894/982/457 1877/953/457
f 1894/982/457 1895/984/457 1877/953/457
f 1895/984/457 1896/986/457 1877/953/457
f 1896/986/457 1897/988/457 1877/953/457
f 1897/988/457 1898/991/457 1877/953/457
f 1899/951/457 1877/953/457 1898/991/457
f 1902/883/1273 1901/884/1274 1900/885/1275
f 1903/992/1276 1900/885/1275 1901/884/1274
f 1901/884/1274 1902/883/1273 1904/887/1277
f 1905/888/1278 1904/887/1277 1902/883/1273
f 1904/887/1277 1905/888/1278 1906/889/1279
f 1907/890/1280 1906/889/1279 1905/888/1278
f 1906/889/1279 1907/890/1280 1908/993/1281
f 1909/994/1282 1908/993/1281 1907/890/1280
f 1908/993/1281 1909/994/1282 1910/893/1283
f 1911/894/1284 1910/893/1283 1909/994/1282
f 1910/893/1283 1911/894/1284 1912/995/1285
f 1913/896/1286 1912/995/1285 1911/894/1284
f 1912/995/1285 1913/896/1286 1914/897/1287
f 1915/996/1288 1914/897/1287 1913/896/1286
f 1914/897/1287 1915/996/1288 1916/899/1385
f 1917/900/1290 1916/899/1385 1915/996/1288
f 1916/899/1385 1917/900/1290 1918/997/1291
f 1919/902/1292 1918/997/1291 1917/900/1290
f 1918/997/1291 1919/902/1292 1920/998/1293
f 1921/904/1294 1920/998/1293 1919/902/1292
f 1920/998/1293 1921/904/1294 1922/905/1295
f 1923/999/1296 1922/905/1295 1921/904/1294
f 1922/905/1295 1923/999/1296 1924/907/1297
f 1925/908/1298 1924/907/1297 1923/999/1296
f 1924/907/1297 1925/908/1298 1926/1000/1299
f 1927/910/1300 1926/1000/1299 1925/908/1298
f 1926/1000/1299 1927/910/1300 1928/911/1301
f 1929/912/1302 1928/911/1301 1927/910/1300
f 1928/911/1301 1929/912/1302 1930/913/1303
f 1931/914/1304 1930/913/1303 1929/912/1302
f 1930/913/1303 1931/914/1304 1932/915/1305
f 1933/916/1306 1932/915/1305 1931/914/1304
f 1932/915/1305 1933/916/1306 1934/917/1307
f 1935/918/1386 1934/917/1307 1933/916/1306
f 1934/917/1307 1935/918/1386 1936/919/1309
f 1937/920/1310 1936/919/1309 1935/918/1386
f 1936/919/1309 1937/920/1310 1938/921/1311
f 1939/922/1312 1938/921/1311 1937/920/1310
f 1938/921/1311 1939/922/1312 1940/923/1313
f 1941/924/1314 1940/923/1313 1939/922/1312
f 1927/910/1300 1942/925/1315 1929/912/1302
f 1942/925/1315 1927/910/1300 1943/926/1316
f 1925/908/1298 1943/926/1316 1927/910/1300
f 1931/914/1304 1944/927/1317 1933/916/1306
f 1944/927/1317 1931/914/1304 1945/928/1318
f 1945/928/1318 1929/912/1302 1942/925/1315
f 1929/912/1302 1945/928/1318 1931/914/1304
f 1935/918/1386 1946/929/1319 1937/920/1310
f 1946/929/1319 1935/918/1386 1947/930/1320
f 1947/930/1320 1933/916/1306 1944/927/1317
f 1933/916/1306 1947/930/1320 1935/918/1386
f 1939/922/1312 1948/931/1321 1941/924/1314
f 1948/931/1321 1939/922/1312 1949/932/1322
f 1949/932/1322 1937/920/1310 1946/929/1319
f 1937/920/1310 1949/932/1322 1939/922/1312
f 1923/999/1296 1950/933/1323 1925/908/1298
f 1950/933/1323 1923/999/1296 1951/934/441
f 1921/904/1294 1951/934/441 1923/999/1296
f 1951/934/441 1921/904/1294 1952/935/1324
f 1919/902/1292 1952/935/1324 1921/904/1294
f 1952/935/1324 1919/902/1292 1953/1001/1325
f 1917/900/1290 1953/1001/1325 1919/902/1292
f 1915/996/1288 1954/1002/1326 1917/900/1290
f 1954/1002/1326 1915/996/1288 1955/1003/1327
f 1913/896/1286 1955/1003/1327 1915/996/1288
f 1955/1003/1327 1913/896/1286 1956/939/1328
f 1911/894/1284 1956/939/1328 1913/896/1286
f 1956/939/1328 1911/894/1284 1957/1004/1329
f 1909/994/1282 1957/1004/1329 1911/894/1284
f 1957/1004/1329 1909/994/1282 1958/941/1330
f 1907/890/1280 1958/941/1330 1909/994/1282
f 1958/941/1330 1907/890/1280 1959/942/1331
f 1905/888/1278 1959/942/1331 1907/890/1280
f 1959/942/1331 1905/888/1278 1960/943/1332
f 1902/883/1273 1960/943/1332 1905/888/1278
f 1960/943/1332 1902/883/1273 1961/944/1333
f 1900/885/1275 1961/944/1333 1902/883/1273
f 1900/885/1275 1962/1005/1387 1961/944/1333
f 1900/885/1275 1903/992/1276 1962/1005/1387
f 1963/1006/1335 1962/1005/1387 1903/992/1276
f 1964/1007/396 1961/944/1333 1962/1005/1387
f 1965/1001/1325 1917/900/1290 1954/1002/1326
f 1966/926/1316 1925/908/1298 1950/933/1323
f 1967/948/1336 1941/924/1314 1948/931/1321
f 1967/948/1336 1968/1008/355 1941/924/1314
f 1969/1009/1337 1941/924/1314 1968/1008/355
f 1941/924/1314 1969/1009/1337 1940/923/1313
f 1970/1010/1338 1940/923/1313 1969/1009/1337
f 1973/884/397 1972/887/397 1971/992/397
f 1972/887/397 1974/889/397 1971/992/397
f 1974/889/397 1975/993/397 1971/992/397
f 1975/993/397 1976/893/397 1971/992/397
f 1976/893/397 1977/995/397 1971/992/397
f 1977/995/397 1978/897/397 1971/992/397
f 1978/897/397 1979/899/397 1971/992/397
f 1979/899/397 1980/997/397 1971/992/397
f 1980/997/397 1981/998/397 1971/992/397
f 1981/998/397 1982/905/397 1971/992/397
f 1982/905/397 1983/907/397 1971/992/397
f 1983/907/397 1984/1000/397 1971/992/397
f 1984/1000/397 1985/911/397 1971/992/397
f 1985/911/397 1986/913/397 1971/992/397
f 1986/913/397 1987/915/397 1971/992/397
f 1987/915/397 1988/917/397 1971/992/397
f 1988/917/397 1989/919/397 1971/992/397
f 1989/919/397 1990/921/397 1971/992/397
f 1990/921/397 1991/923/397 1971/992/397
f 1971/992/397 1991/923/397 1992/1006/397
f 1992/1006/397 1991/923/397 1993/1011/397
f 1993/1011/397 1991/923/397 1994/1012/397
f 1991/923/397 1995/1010/397 1994/1012/397
f 1995/1010/397 1996/1013/397 1994/1012/397
f 1997/1014/397 1996/1013/397 1995/1010/397
f 1998/1015/397 1997/1014/397 1995/1010/397
f 1999/1016/397 1998/1015/397 1995/1010/397
f 2002/922/1339 2001/921/1340 2000/952/1341
f 2003/953/1342 2000/952/1341 2001/921/1340
f 2001/921/1340 2002/922/1339 2004/1017/1343
f 2005/920/1344 2004/1017/1343 2002/922/1339
f 2004/1017/1343 2005/920/1344 2006/955/1345
f 2007/918/1388 2006/955/1345 2005/920/1344
f 2006/955/1345 2007/918/1388 2008/1018/1347
f 2009/957/1348 2008/1018/1347 2007/918/1388
f 2008/1018/1347 2009/957/1348 2010/958/1349
f 2011/959/1350 2010/958/1349 2009/957/1348
f 2010/958/1349 2011/959/1350 2012/960/1351
f 2013/961/1352 2012/960/1351 2011/959/1350
f 2012/960/1351 2013/961/1352 2014/962/1353
f 2015/963/1354 2014/962/1353 2013/961/1352
f 2014/962/1353 2015/963/1354 2016/964/1389
f 2017/965/1356 2016/964/1389 2015/963/1354
f 2016/964/1389 2017/965/1356 2018/966/1357
f 2019/967/1358 2018/966/1357 2017/965/1356
f 2018/966/1357 2019/967/1358 2020/968/1359
f 2021/1019/1360 2020/968/1359 2019/967/1358
f 2020/968/1359 2021/1019/1360 2022/970/1361
f 2023/971/1362 2022/970/1361 2021/1019/1360
f 2022/970/1361 2023/971/1362 2024/972/1363
f 2025/973/1364 2024/972/1363 2023/971/1362
f 2024/972/1363 2025/973/1364 2026/1020/1390
f 2027/975/1366 2026/1020/1390 2025/973/1364
f 2026/1020/1390 2027/975/1366 2028/976/1391
f 2029/977/1368 2028/976/1391 2027/975/1366
f 2028/976/1391 2029/977/1368 2030/978/1369
f 2031/979/1370 2030/978/1369 2029/977/1368
f 2030/978/1369 2031/979/1370 2032/980/1371
f 2033/981/1372 2032/980/1371 2031/979/1370
f 2032/980/1371 2033/981/1372 2034/982/1373
f 2035/983/1374 2034/982/1373 2033/981/1372
f 2034/982/1373 2035/983/1374 2036/984/1375
f 2037/985/1376 2036/984/1375 2035/983/1374
f 2036/984/1375 2037/985/1376 2038/1021/1377
f 2039/987/1378 2038/1021/1377 2037/985/1376
f 2038/1021/1377 2039/987/1378 2040/988/1379
f 2041/989/1380 2040/988/1379 2039/987/1378
f 2027/975/1366 2042/1002/1326 2029/977/1368
f 2042/1002/1326 2027/975/1366 2043/1001/1325
f 2025/973/1364 2043/1001/1325 2027/975/1366
f 2031/979/1370 2044/939/1328 2033/981/1372
f 2044/939/1328 2031/979/1370 2045/1003/1327
f 2045/1003/1327 2029/977/1368 2042/1002/1326
f 2029/977/1368 2045/1003/1327 2031/979/1370
f 2035/983/1374 2046/941/1330 2037/985/1376
f 2046/941/1330 2035/983/1374 2047/1004/1329
f 2047/1004/1329 2033/981/1372 2044/939/1328
f 2033/981/1372 2047/1004/1329 2035/983/1374
f 2039/987/1378 2048/943/1332 2041/989/1380
f 2048/943/1332 2039/987/1378 2049/942/1331
f 2049/942/1331 2037/985/1376 2046/941/1330
f 2037/985/1376 2049/942/1331 2039/987/1378
f 2023/971/1362 2050/935/1324 2025/973/1364
f 2050/935/1324 2023/971/1362 2051/934/441
f 2021/1019/1360 2051/934/441 2023/971/1362
f 2051/934/441 2021/1019/1360 2052/933/1323
f 2019/967/1358 2052/933/1323 2021/1019/1360
f 2052/933/1323 2019/967/1358 2053/926/1316
f 2017/965/1356 2053/926/1316 2019/967/1358
f 2015/963/1354 2054/925/1315 2017/965/1356
f 2054/925/1315 2015/963/1354 2055/928/1318
f 2013/961/1352 2055/928/1318 2015/963/1354
f 2055/928/1318 2013/961/1352 2056/927/1317
f 2011/959/1350 2056/927/1317 2013/961/1352
f 2056/927/1317 2011/959/1350 2057/930/1320
f 2009/957/1348 2057/930/1320 2011/959/1350
f 2057/930/1320 2009/957/1348 2058/929/1319
f 2007/918/1388 2058/929/1319 2009/957/1348
f 2058/929/1319 2007/918/1388 2059/932/1322
f 2005/920/1344 2059/932/1322 2007/918/1388
f 2059/932/1322 2005/920/1344 2060/931/1321
f 2002/922/1339 2060/931/1321 2005/920/1344
f 2060/931/1321 2002/922/1339 2061/948/1336
f 2000/952/1341 2061/948/1336 2002/922/1339
f 2000/952/1341 2062/1009/1381 2061/948/1336
f 2062/1009/1381 2000/952/1341 2063/1010/1382
f 2003/953/1342 2063/1010/1382 2000/952/1341
f 2064/1008/355 2061/948/1336 2062/1009/1381
f 2065/926/1316 2017/965/1356 2054/925/1315
f 2066/1001/1325 2025/973/1364 2050/935/1324
f 2067/944/1333 2041/989/1380 2048/943/1332
f 2041/989/1380 2067/944/1333 2068/1005/1392
f 2041/989/1380 2068/1005/1392 2040/988/1379
f 2069/1022/1384 2040/988/1379 2068/1005/1392
f 2070/1007/396 2068/1005/1392 2067/944/1333
f 2073/921/457 2072/1017/457 2071/953/457
f 2072/1017/457 2074/955/457 2071/953/457
f 2074/955/457 2075/1018/457 2071/953/457
f 2075/1018/457 2076/958/457 2071/953/457
f 2076/958/457 2077/960/457 2071/953/457
f 2077/960/457 2078/962/457 2071/953/457
f 2078/962/457 2079/964/457 2071/953/457
f 2079/964/457 2080/966/457 2071/953/457
f 2080/966/457 2081/968/457 2071/953/457
f 2081/968/457 2082/970/457 2071/953/457
f 2082/970/457 2083/972/457 2071/953/457
f 2083/972/457 2084/1020/457 2071/953/457
f 2084/1020/457 2085/976/457 2071/953/457
f 2085/976/457 2086/978/457 2071/953/457
f 2086/978/457 2087/980/457 2071/953/457
f 2087/980/457 2088/982/457 2071/953/457
f 2088/982/457 2089/984/457 2071/953/457
f 2089/984/457 2090/1021/457 2071/953/457
f 2090/1021/457 2091/988/457 2071/953/457
f 2091/988/457 2092/1022/457 2071/953/457
f 2092/1022/457 2093/1011/457 2071/953/457
f 2093/1011/457 2094/1012/457 2071/953/457
f 2094/1012/457 2095/1010/457 2071/953/457
f 2096/1013/457 2095/1010/457 2094/1012/457
f 2097/1014/457 2095/1010/457 2096/1013/457
f 2098/1015/457 2095/1010/457 2097/1014/457
f 2099/1016/457 2095/1010/457 2098/1015/457
f 2102/1023/1393 2101/1024/1394 2100/1025/1393
f 2103/1026/1394 2100/1025/1393 2101/1024/1394
f 2103/1026/1394 2101/1024/1394 2104/1027/1395
f 2104/1027/1395 2101/1024/1394 2105/1028/1395
f 2106/1029/1395 2104/1027/1395 2105/1028/1395
f 2107/1030/1395 2104/1027/1395 2106/1029/1395
f 2108/1031/1395 2107/1030/1395 2106/1029/1395
f 2100/1025/1393 2109/1032/1396 2102/1023/1393
f 2110/1033/1396 2102/1023/1393 2109/1032/1396
f 2109/1032/1396 2111/1034/1397 2110/1033/1396
f 2112/1035/1397 2110/1033/1396 2111/1034/1397
f 2111/1034/1397 2113/1036/1398 2112/1035/1397
f 2114/1037/1398 2112/1035/1397 2113/1036/1398
f 2115/1038/396 2114/1037/1398 2113/1036/1398
f 2116/1039/396 2114/1037/1398 2115/1038/396
f 2117/1040/1399 2116/1039/396 2115/1038/396
f 2118/1041/1400 2117/1040/1399 2115/1038/396
f 2121/886/1401 2120/884/1402 2119/885/1403
f 2122/883/1404 2119/885/1403 2120/884/1402
f 2120/884/1402 2123/887/1405 2122/883/1404
f 2124/888/1406 2122/883/1404 2123/887/1405
f 2123/887/1405 2125/889/1407 2124/888/1406
f 2126/890/1408 2124/888/1406 2125/889/1407
f 2125/889/1407 2127/891/1409 2126/890/1408
f 2128/892/1410 2126/890/1408 2127/891/1409
f 2127/891/1409 2129/893/1411 2128/892/1410
f 2130/894/1412 2128/892/1410 2129/893/1411
f 2129/893/1411 2131/895/1413 2130/894/1412
f 2132/896/1414 2130/894/1412 2131/895/1413
f 2131/895/1413 2133/897/1415 2132/896/1414
f 2134/898/1416 2132/896/1414 2133/897/1415
f 2133/897/1415 2135/899/1417 2134/898/1416
f 2136/900/1418 2134/898/1416 2135/899/1417
f 2135/899/1417 2137/901/1419 2136/900/1418
f 2138/902/1420 2136/900/1418 2137/901/1419
f 2137/901/1419 2139/903/1421 2138/902/1420
f 2140/904/1422 2138/902/1420 2139/903/1421
f 2139/903/1421 2141/905/1423 2140/904/1422
f 2142/906/1424 2140/904/1422 2141/905/1423
f 2141/905/1423 2143/907/1425 2142/906/1424
f 2144/908/1426 2142/906/1424 2143/907/1425
f 2143/907/1425 2145/909/1427 2144/908/1426
f 2146/910/1428 2144/908/1426 2145/909/1427
f 2145/909/1427 2147/911/1429 2146/910/1428
f 2148/912/1430 2146/910/1428 2147/911/1429
f 2147/911/1429 2149/913/1431 2148/912/1430
f 2150/914/1432 2148/912/1430 2149/913/1431
f 2149/913/1431 2151/915/1433 2150/914/1432
f 2152/916/1434 2150/914/1432 2151/915/1433
f 2151/915/1433 2153/917/1435 2152/916/1434
f 2154/918/1436 2152/916/1434 2153/917/1435
f 2153/917/1435 2155/919/1437 2154/918/1436
f 2156/920/1438 2154/918/1436 2155/919/1437
f 2155/919/1437 2157/921/1439 2156/920/1438
f 2158/922/1440 2156/920/1438 2157/921/1439
f 2157/921/1439 2159/923/1441 2158/922/1440
f 2160/924/1442 2158/922/1440 2159/923/1441
f 2146/910/1428 2148/912/1430 2161/925/1443
f 2161/925/1443 2162/926/1444 2146/910/1428
f 2163/928/1445 2161/925/1443 2148/912/1430
f 2148/912/1430 2150/914/1432 2163/928/1445
f 2164/927/1446 2163/928/1445 2150/914/1432
f 2150/914/1432 2152/916/1434 2164/927/1446
f 2165/930/1447 2164/927/1446 2152/916/1434
f 2152/916/1434 2154/918/1436 2165/930/1447
f 2166/929/1448 2165/930/1447 2154/918/1436
f 2154/918/1436 2156/920/1438 2166/929/1448
f 2167/932/1449 2166/929/1448 2156/920/1438
f 2156/920/1438 2158/922/1440 2167/932/1449
f 2168/931/1450 2167/932/1449 2158/922/1440
f 2158/922/1440 2160/924/1442 2168/931/1450
f 2169/948/1451 2168/931/1450 2160/924/1442
f 2160/924/1442 2159/923/1441 2170/950/1337
f 2171/951/1338 2170/950/1337 2159/923/1441
f 2170/950/1337 2172/949/355 2160/924/1442
f 2169/948/1451 2160/924/1442 2172/949/355
f 2144/908/1426 2146/910/1428 2162/926/1444
f 2174/926/1444 2173/933/1452 2144/908/1426
f 2142/906/1424 2144/908/1426 2173/933/1452
f 2173/933/1452 2175/934/852 2142/906/1424
f 2140/904/1422 2142/906/1424 2175/934/852
f 2175/934/852 2176/935/1453 2140/904/1422
f 2138/902/1420 2140/904/1422 2176/935/1453
f 2176/935/1453 2177/936/1454 2138/902/1420
f 2136/900/1418 2138/902/1420 2177/936/1454
f 2179/936/1454 2178/937/1455 2136/900/1418
f 2134/898/1416 2136/900/1418 2178/937/1455
f 2178/937/1455 2180/938/1456 2134/898/1416
f 2132/896/1414 2134/898/1416 2180/938/1456
f 2180/938/1456 2181/939/1457 2132/896/1414
f 2130/894/1412 2132/896/1414 2181/939/1457
f 2181/939/1457 2182/940/1458 2130/894/1412
f 2128/892/1410 2130/894/1412 2182/940/1458
f 2182/940/1458 2183/941/1459 2128/892/1410
f 2126/890/1408 2128/892/1410 2183/941/1459
f 2183/941/1459 2184/942/1460 2126/890/1408
f 2124/888/1406 2126/890/1408 2184/942/1460
f 2184/942/1460 2185/943/1461 2124/888/1406
f 2122/883/1404 2124/888/1406 2185/943/1461
f 2185/943/1461 2186/944/1462 2122/883/1404
f 2119/885/1403 2122/883/1404 2186/944/1462
f 2119/885/1403 2186/944/1462 2187/945/1334
f 2187/945/1334 2188/946/1335 2119/885/1403
f 2121/886/1401 2119/885/1403 2188/946/1335
f 2189/947/396 2187/945/1334 2186/944/1462
f 2192/923/397 2191/921/397 2190/886/397
f 2191/921/397 2193/919/397 2190/886/397
f 2193/919/397 2194/917/397 2190/886/397
f 2194/917/397 2195/915/397 2190/886/397
f 2195/915/397 2196/913/397 2190/886/397
f 2196/913/397 2197/911/397 2190/886/397
f 2197/911/397 2198/909/397 2190/886/397
f 2198/909/397 2199/907/397 2190/886/397
f 2199/907/397 2200/905/397 2190/886/397
f 2200/905/397 2201/903/397 2190/886/397
f 2201/903/397 2202/901/397 2190/886/397
f 2202/901/397 2203/899/397 2190/886/397
f 2203/899/397 2204/897/397 2190/886/397
f 2204/897/397 2205/895/397 2190/886/397
f 2205/895/397 2206/893/397 2190/886/397
f 2206/893/397 2207/891/397 2190/886/397
f 2207/891/397 2208/889/397 2190/886/397
f 2208/889/397 2209/887/397 2190/886/397
f 2209/887/397 2210/884/397 2190/886/397
f 2212/946/397 2211/951/397 2190/886/397
f 2192/923/397 2190/886/397 2211/951/397
f 2215/953/1463 2214/921/1464 2213/952/1465
f 2216/922/1466 2213/952/1465 2214/921/1464
f 2214/921/1464 2217/954/1467 2216/922/1466
f 2218/920/1468 2216/922/1466 2217/954/1467
f 2217/954/1467 2219/955/1469 2218/920/1468
f 2220/918/1470 2218/920/1468 2219/955/1469
f 2219/955/1469 2221/956/1471 2220/918/1470
f 2222/957/1472 2220/918/1470 2221/956/1471
f 2221/956/1471 2223/958/1473 2222/957/1472
f 2224/959/1474 2222/957/1472 2223/958/1473
f 2223/958/1473 2225/960/1475 2224/959/1474
f 2226/961/1476 2224/959/1474 2225/960/1475
f 2225/960/1475 2227/962/1477 2226/961/1476
f 2228/963/1478 2226/961/1476 2227/962/1477
f 2227/962/1477 2229/964/1479 2228/963/1478
f 2230/965/1480 2228/963/1478 2229/964/1479
f 2229/964/1479 2231/966/1481 2230/965/1480
f 2232/967/1482 2230/965/1480 2231/966/1481
f 2231/966/1481 2233/968/1483 2232/967/1482
f 2234/969/1484 2232/967/1482 2233/968/1483
f 2233/968/1483 2235/970/1485 2234/969/1484
f 2236/971/1486 2234/969/1484 2235/970/1485
f 2235/970/1485 2237/972/1487 2236/971/1486
f 2238/973/1488 2236/971/1486 2237/972/1487
f 2237/972/1487 2239/974/1489 2238/973/1488
f 2240/975/1490 2238/973/1488 2239/974/1489
f 2239/974/1489 2241/976/1491 2240/975/1490
f 2242/977/1492 2240/975/1490 2241/976/1491
f 2241/976/1491 2243/978/1493 2242/977/1492
f 2244/979/1494 2242/977/1492 2243/978/1493
f 2243/978/1493 2245/980/1495 2244/979/1494
f 2246/981/1496 2244/979/1494 2245/980/1495
f 2245/980/1495 2247/982/1497 2246/981/1496
f 2248/983/1498 2246/981/1496 2247/982/1497
f 2247/982/1497 2249/984/1499 2248/983/1498
f 2250/985/1500 2248/983/1498 2249/984/1499
f 2249/984/1499 2251/986/1501 2250/985/1500
f 2252/987/1502 2250/985/1500 2251/986/1501
f 2251/986/1501 2253/988/1503 2252/987/1502
f 2254/989/1504 2252/987/1502 2253/988/1503
f 2240/975/1490 2242/977/1492 2255/937/1455
f 2255/937/1455 2256/936/1454 2240/975/1490
f 2257/938/1456 2255/937/1455 2242/977/1492
f 2242/977/1492 2244/979/1494 2257/938/1456
f 2258/939/1457 2257/938/1456 2244/979/1494
f 2244/979/1494 2246/981/1496 2258/939/1457
f 2259/940/1458 2258/939/1457 2246/981/1496
f 2246/981/1496 2248/983/1498 2259/940/1458
f 2260/941/1459 2259/940/1458 2248/983/1498
f 2248/983/1498 2250/985/1500 2260/941/1459
f 2261/942/1460 2260/941/1459 2250/985/1500
f 2250/985/1500 2252/987/1502 2261/942/1460
f 2262/943/1461 2261/942/1460 2252/987/1502
f 2252/987/1502 2254/989/1504 2262/943/1461
f 2263/944/1462 2262/943/1461 2254/989/1504
f 2254/989/1504 2253/988/1503 2264/990/1383
f 2265/991/1384 2264/990/1383 2253/988/1503
f 2264/990/1383 2266/947/396 2254/989/1504
f 2263/944/1462 2254/989/1504 2266/947/396
f 2238/973/1488 2240/975/1490 2256/936/1454
f 2268/936/1454 2267/935/1453 2238/973/1488
f 2236/971/1486 2238/973/1488 2267/935/1453
f 2267/935/1453 2269/934/852 2236/971/1486
f 2234/969/1484 2236/971/1486 2269/934/852
f 2269/934/852 2270/933/1452 2234/969/1484
f 2232/967/1482 2234/969/1484 2270/933/1452
f 2270/933/1452 2271/926/1444 2232/967/1482
f 2230/965/1480 2232/967/1482 2271/926/1444
f 2273/926/1444 2272/925/1443 2230/965/1480
f 2228/963/1478 2230/965/1480 2272/925/1443
f 2272/925/1443 2274/928/1445 2228/963/1478
f 2226/961/1476 2228/963/1478 2274/928/1445
f 2274/928/1445 2275/927/1446 2226/961/1476
f 2224/959/1474 2226/961/1476 2275/927/1446
f 2275/927/1446 2276/930/1447 2224/959/1474
f 2222/957/1472 2224/959/1474 2276/930/1447
f 2276/930/1447 2277/929/1448 2222/957/1472
f 2220/918/1470 2222/957/1472 2277/929/1448
f 2277/929/1448 2278/932/1449 2220/918/1470
f 2218/920/1468 2220/918/1470 2278/932/1449
f 2278/932/1449 2279/931/1450 2218/920/1468
f 2216/922/1466 2218/920/1468 2279/931/1450
f 2279/931/1450 2280/948/1451 2216/922/1466
f 2213/952/1465 2216/922/1466 2280/948/1451
f 2213/952/1465 2280/948/1451 2281/950/1381
f 2281/950/1381 2282/951/1382 2213/952/1465
f 2215/953/1463 2213/952/1465 2282/951/1382
f 2283/949/1505 2281/950/1381 2280/948/1451
f 2286/988/457 2285/986/457 2284/953/457
f 2285/986/457 2287/984/457 2284/953/457
f 2287/984/457 2288/982/457 2284/953/457
f 2288/982/457 2289/980/457 2284/953/457
f 2289/980/457 2290/978/457 2284/953/457
f 2290/978/457 2291/976/457 2284/953/457
f 2291/976/457 2292/974/457 2284/953/457
f 2292/974/457 2293/972/457 2284/953/457
f 2293/972/457 2294/970/457 2284/953/457
f 2294/970/457 2295/968/457 2284/953/457
f 2295/968/457 2296/966/457 2284/953/457
f 2296/966/457 2297/964/457 2284/953/457
f 2297/964/457 2298/962/457 2284/953/457
f 2298/962/457 2299/960/457 2284/953/457
f 2299/960/457 2300/958/457 2284/953/457
f 2300/958/457 2301/956/457 2284/953/457
f 2301/956/457 2302/955/457 2284/953/457
f 2302/955/457 2303/954/457 2284/953/457
f 2303/954/457 2304/921/457 2284/953/457
f 2306/951/457 2305/991/457 2284/953/457
f 2286/988/457 2284/953/457 2305/991/457
f 2309/992/1401 2308/884/1402 2307/885/1403
f 2310/883/1404 2307/885/1403 2308/884/1402
f 2308/884/1402 2311/887/1405 2310/883/1404
f 2312/888/1406 2310/883/1404 2311/887/1405
f 2311/887/1405 2313/889/1407 2312/888/1406
f 2314/890/1408 2312/888/1406 2313/889/1407
f 2313/889/1407 2315/993/1409 2314/890/1408
f 2316/994/1410 2314/890/1408 2315/993/1409
f 2315/993/1409 2317/893/1411 2316/994/1410
f 2318/894/1412 2316/994/1410 2317/893/1411
f 2317/893/1411 2319/995/1413 2318/894/1412
f 2320/896/1414 2318/894/1412 2319/995/1413
f 2319/995/1413 2321/897/1415 2320/896/1414
f 2322/996/1416 2320/896/1414 2321/897/1415
f 2321/897/1415 2323/899/1506 2322/996/1416
f 2324/900/1418 2322/996/1416 2323/899/1506
f 2323/899/1506 2325/997/1419 2324/900/1418
f 2326/902/1420 2324/900/1418 2325/997/1419
f 2325/997/1419 2327/998/1421 2326/902/1420
f 2328/904/1422 2326/902/1420 2327/998/1421
f 2327/998/1421 2329/905/1423 2328/904/1422
f 2330/999/1424 2328/904/1422 2329/905/1423
f 2329/905/1423 2331/907/1425 2330/999/1424
f 2332/908/1426 2330/999/1424 2331/907/1425
f 2331/907/1425 2333/1000/1427 2332/908/1426
f 2334/910/1428 2332/908/1426 2333/1000/1427
f 2333/1000/1427 2335/911/1429 2334/910/1428
f 2336/912/1430 2334/910/1428 2335/911/1429
f 2335/911/1429 2337/913/1431 2336/912/1430
f 2338/914/1432 2336/912/1430 2337/913/1431
f 2337/913/1431 2339/915/1433 2338/914/1432
f 2340/916/1434 2338/914/1432 2339/915/1433
f 2339/915/1433 2341/917/1435 2340/916/1434
f 2342/918/1436 2340/916/1434 2341/917/1435
f 2341/917/1435 2343/919/1437 2342/918/1436
f 2344/920/1438 2342/918/1436 2343/919/1437
f 2343/919/1437 2345/921/1439 2344/920/1438
f 2346/922/1440 2344/920/1438 2345/921/1439
f 2345/921/1439 2347/923/1441 2346/922/1440
f 2348/924/1442 2346/922/1440 2347/923/1441
f 2334/910/1428 2336/912/1430 2349/925/1443
f 2349/925/1443 2350/926/1444 2334/910/1428
f 2351/928/1445 2349/925/1443 2336/912/1430
f 2336/912/1430 2338/914/1432 2351/928/1445
f 2352/927/1446 2351/928/1445 2338/914/1432
f 2338/914/1432 2340/916/1434 2352/927/1446
f 2353/930/1447 2352/927/1446 2340/916/1434
f 2340/916/1434 2342/918/1436 2353/930/1447
f 2354/929/1448 2353/930/1447 2342/918/1436
f 2342/918/1436 2344/920/1438 2354/929/1448
f 2355/932/1449 2354/929/1448 2344/920/1438
f 2344/920/1438 2346/922/1440 2355/932/1449
f 2356/931/1450 2355/932/1449 2346/922/1440
f 2346/922/1440 2348/924/1442 2356/931/1450
f 2357/948/1451 2356/931/1450 2348/924/1442
f 2348/924/1442 2347/923/1441 2358/1009/1337
f 2359/1010/1338 2358/1009/1337 2347/923/1441
f 2358/1009/1337 2360/1008/355 2348/924/1442
f 2357/948/1451 2348/924/1442 2360/1008/355
f 2332/908/1426 2334/910/1428 2350/926/1444
f 2362/926/1444 2361/933/1452 2332/908/1426
f 2330/999/1424 2332/908/1426 2361/933/1452
f 2361/933/1452 2363/934/852 2330/999/1424
f 2328/904/1422 2330/999/1424 2363/934/852
f 2363/934/852 2364/935/1453 2328/904/1422
f 2326/902/1420 2328/904/1422 2364/935/1453
f 2364/935/1453 2365/1001/1454 2326/902/1420
f 2324/900/1418 2326/902/1420 2365/1001/1454
f 2367/1001/1454 2366/1002/1455 2324/900/1418
f 2322/996/1416 2324/900/1418 2366/1002/1455
f 2366/1002/1455 2368/1003/1456 2322/996/1416
f 2320/896/1414 2322/996/1416 2368/1003/1456
f 2368/1003/1456 2369/939/1457 2320/896/1414
f 2318/894/1412 2320/896/1414 2369/939/1457
f 2369/939/1457 2370/1004/1458 2318/894/1412
f 2316/994/1410 2318/894/1412 2370/1004/1458
f 2370/1004/1458 2371/941/1459 2316/994/1410
f 2314/890/1408 2316/994/1410 2371/941/1459
f 2371/941/1459 2372/942/1460 2314/890/1408
f 2312/888/1406 2314/890/1408 2372/942/1460
f 2372/942/1460 2373/943/1461 2312/888/1406
f 2310/883/1404 2312/888/1406 2373/943/1461
f 2373/943/1461 2374/944/1462 2310/883/1404
f 2307/885/1403 2310/883/1404 2374/944/1462
f 2307/885/1403 2374/944/1462 2375/1005/1387
f 2307/885/1403 2375/1005/1387 2309/992/1401
f 2376/1006/1335 2309/992/1401 2375/1005/1387
f 2377/1007/396 2375/1005/1387 2374/944/1462
f 2380/923/397 2379/921/397 2378/992/397
f 2379/921/397 2381/919/397 2378/992/397
f 2381/919/397 2382/917/397 2378/992/397
f 2382/917/397 2383/915/397 2378/992/397
f 2383/915/397 2384/913/397 2378/992/397
f 2384/913/397 2385/911/397 2378/992/397
f 2385/911/397 2386/1000/397 2378/992/397
f 2386/1000/397 2387/907/397 2378/992/397
f 2387/907/397 2388/905/397 2378/992/397
f 2388/905/397 2389/998/397 2378/992/397
f 2389/998/397 2390/997/397 2378/992/397
f 2390/997/397 2391/899/397 2378/992/397
f 2391/899/397 2392/897/397 2378/992/397
f 2392/897/397 2393/995/397 2378/992/397
f 2393/995/397 2394/893/397 2378/992/397
f 2394/893/397 2395/993/397 2378/992/397
f 2395/993/397 2396/889/397 2378/992/397
f 2396/889/397 2397/887/397 2378/992/397
f 2397/887/397 2398/884/397 2378/992/397
f 2378/992/397 2399/1006/397 2380/923/397
f 2399/1006/397 2400/1011/397 2380/923/397
f 2380/923/397 2400/1011/397 2401/1012/397
f 2402/1010/397 2380/923/397 2401/1012/397
f 2403/1013/397 2402/1010/397 2401/1012/397
f 2404/1014/397 2402/1010/397 2403/1013/397
f 2405/1015/397 2402/1010/397 2404/1014/397
f 2406/1016/397 2402/1010/397 2405/1015/397
f 2409/953/1463 2408/921/1464 2407/952/1465
f 2410/922/1466 2407/952/1465 2408/921/1464
f 2408/921/1464 2411/1017/1467 2410/922/1466
f 2412/920/1468 2410/922/1466 2411/1017/1467
f 2411/1017/1467 2413/955/1469 2412/920/1468
f 2414/918/1507 2412/920/1468 2413/955/1469
f 2413/955/1469 2415/1018/1471 2414/918/1507
f 2416/957/1472 2414/918/1507 2415/1018/1471
f 2415/1018/1471 2417/958/1473 2416/957/1472
f 2418/959/1474 2416/957/1472 2417/958/1473
f 2417/958/1473 2419/960/1475 2418/959/1474
f 2420/961/1508 2418/959/1474 2419/960/1475
f 2419/960/1475 2421/962/1477 2420/961/1508
f 2422/963/1478 2420/961/1508 2421/962/1477
f 2421/962/1477 2423/964/1509 2422/963/1478
f 2424/965/1480 2422/963/1478 2423/964/1509
f 2423/964/1509 2425/966/1481 2424/965/1480
f 2426/967/1482 2424/965/1480 2425/966/1481
f 2425/966/1481 2427/968/1483 2426/967/1482
f 2428/1019/1484 2426/967/1482 2427/968/1483
f 2427/968/1483 2429/970/1485 2428/1019/1484
f 2430/971/1486 2428/1019/1484 2429/970/1485
f 2429/970/1485 2431/972/1487 2430/971/1486
f 2432/973/1488 2430/971/1486 2431/972/1487
f 2431/972/1487 2433/1020/1510 2432/973/1488
f 2434/975/1490 2432/973/1488 2433/1020/1510
f 2433/1020/1510 2435/976/1511 2434/975/1490
f 2436/977/1492 2434/975/1490 2435/976/1511
f 2435/976/1511 2437/978/1493 2436/977/1492
f 2438/979/1494 2436/977/1492 2437/978/1493
f 2437/978/1493 2439/980/1495 2438/979/1494
f 2440/981/1496 2438/979/1494 2439/980/1495
f 2439/980/1495 2441/982/1497 2440/981/1496
f 2442/983/1498 2440/981/1496 2441/982/1497
f 2441/982/1497 2443/984/1499 2442/983/1498
f 2444/985/1500 2442/983/1498 2443/984/1499
f 2443/984/1499 2445/1021/1501 2444/985/1500
f 2446/987/1502 2444/985/1500 2445/1021/1501
f 2445/1021/1501 2447/988/1503 2446/987/1502
f 2448/989/1504 2446/987/1502 2447/988/1503
f 2434/975/1490 2436/977/1492 2449/1002/1455
f 2449/1002/1455 2450/1001/1454 2434/975/1490
f 2451/1003/1456 2449/1002/1455 2436/977/1492
f 2436/977/1492 2438/979/1494 2451/1003/1456
f 2452/939/1457 2451/1003/1456 2438/979/1494
f 2438/979/1494 2440/981/1496 2452/939/1457
f 2453/1004/1458 2452/939/1457 2440/981/1496
f 2440/981/1496 2442/983/1498 2453/1004/1458
f 2454/941/1459 2453/1004/1458 2442/983/1498
f 2442/983/1498 2444/985/1500 2454/941/1459
f 2455/942/1460 2454/941/1459 2444/985/1500
f 2444/985/1500 2446/987/1502 2455/942/1460
f 2456/943/1461 2455/942/1460 2446/987/1502
f 2446/987/1502 2448/989/1504 2456/943/1461
f 2457/944/1462 2456/943/1461 2448/989/1504
f 2448/989/1504 2447/988/1503 2458/1005/1392
f 2448/989/1504 2458/1005/1392 2457/944/1462
f 2459/1022/1384 2458/1005/1392 2447/988/1503
f 2460/1007/396 2457/944/1462 2458/1005/1392
f 2432/973/1488 2434/975/1490 2450/1001/1454
f 2462/1001/1454 2461/935/1453 2432/973/1488
f 2430/971/1486 2432/973/1488 2461/935/1453
f 2461/935/1453 2463/934/852 2430/971/1486
f 2428/1019/1484 2430/971/1486 2463/934/852
f 2463/934/852 2464/933/1452 2428/1019/1484
f 2426/967/1482 2428/1019/1484 2464/933/1452
f 2464/933/1452 2465/926/1444 2426/967/1482
f 2424/965/1480 2426/967/1482 2465/926/1444
f 2467/926/1444 2466/925/1443 2424/965/1480
f 2422/963/1478 2424/965/1480 2466/925/1443
f 2466/925/1443 2468/928/1445 2422/963/1478
f 2420/961/1508 2422/963/1478 2468/928/1445
f 2468/928/1445 2469/927/1446 2420/961/1508
f 2418/959/1474 2420/961/1508 2469/927/1446
f 2469/927/1446 2470/930/1447 2418/959/1474
f 2416/957/1472 2418/959/1474 2470/930/1447
f 2470/930/1447 2471/929/1448 2416/957/1472
f 2414/918/1507 2416/957/1472 2471/929/1448
f 2471/929/1448 2472/932/1449 2414/918/1507
f 2412/920/1468 2414/918/1507 2472/932/1449
f 2472/932/1449 2473/931/1450 2412/920/1468
f 2410/922/1466 2412/920/1468 2473/931/1450
f 2473/931/1450 2474/948/1451 2410/922/1466
f 2407/952/1465 2410/922/1466 2474/948/1451
f 2407/952/1465 2474/948/1451 2475/1009/1381
f 2475/1009/1381 2476/1010/1382 2407/952/1465
f 2409/953/1463 2407/952/1465 2476/1010/1382
f 2477/1008/355 2475/1009/1381 2474/948/1451
f 2480/988/457 2479/1021/457 2478/953/457
f 2479/1021/457 2481/984/457 2478/953/457
f 2481/984/457 2482/982/457 2478/953/457
f 2482/982/457 2483/980/457 2478/953/457
f 2483/980/457 2484/978/457 2478/953/457
f 2484/978/457 2485/976/457 2478/953/457
f 2485/976/457 2486/1020/457 2478/953/457
f 2486/1020/457 2487/972/457 2478/953/457
f 2487/972/457 2488/970/457 2478/953/457
f 2488/970/457 2489/968/457 2478/953/457
f 2489/968/457 2490/966/457 2478/953/457
f 2490/966/457 2491/964/457 2478/953/457
f 2491/964/457 2492/962/457 2478/953/457
f 2492/962/457 2493/960/457 2478/953/457
f 2493/960/457 2494/958/457 2478/953/457
f 2494/958/457 2495/1018/457 2478/953/457
f 2495/1018/457 2496/955/457 2478/953/457
f 2496/955/457 2497/1017/457 2478/953/457
f 2497/1017/457 2498/921/457 2478/953/457
f 2500/1010/457 2499/1012/457 2478/953/457
f 2501/1013/457 2499/1012/457 2500/1010/457
f 2502/1014/457 2501/1013/457 2500/1010/457
f 2503/1015/457 2502/1014/457 2500/1010/457
f 2504/1016/457 2503/1015/457 2500/1010/457
f 2499/1012/457 2505/1011/457 2478/953/457
f 2505/1011/457 2506/1022/457 2478/953/457
f 2506/1022/457 2480/988/457 2478/953/457
f 2509/1026/1512 2508/1024/1512 2507/1025/1513
f 2510/1023/1513 2507/1025/1513 2508/1024/1512
f 2509/1026/1512 2511/1027/1514 2508/1024/1512
f 2508/1024/1512 2511/1027/1514 2512/1028/1514
f 2511/1027/1514 2513/1029/1514 2512/1028/1514
f 2514/1030/1514 2513/1029/1514 2511/1027/1514
f 2515/1031/1514 2513/1029/1514 2514/1030/1514
f 2507/1025/1513 2510/1023/1513 2516/1032/1515
f 2517/1033/1515 2516/1032/1515 2510/1023/1513
f 2516/1032/1515 2517/1033/1515 2518/1034/1516
f 2519/1035/1516 2518/1034/1516 2517/1033/1515
f 2518/1034/1516 2519/1035/1516 2520/1036/1517
f 2521/1037/1517 2520/1036/1517 2519/1035/1516
f 2521/1037/1517 2522/1038/396 2520/1036/1517
f 2523/1039/396 2522/1038/396 2521/1037/1517
f 2524/1040/1518 2522/1038/396 2523/1039/396
f 2525/1041/1519 2522/1038/396 2524/1040/1518
f 2528/1042/1520 2527/1043/1520 2526/1044/852
f 2529/1045/852 2526/1044/852 2527/1043/1520
f 2527/1043/1520 2528/1042/1520 2530/1046/1521
f 2531/1047/1521 2530/1046/1521 2528/1042/1520
f 2530/1046/1521 2531/1047/1521 2532/1048/396
f 2533/1049/396 2532/1048/396 2531/1047/1521
f 2532/1048/396 2533/1049/396 2534/1050/1522
f 2535/1051/1522 2534/1050/1522 2533/1049/396
f 2526/1044/852 2529/1045/852 2536/1052/1523
f 2537/1053/1523 2536/1052/1523 2529/1045/852
f 2536/1052/1523 2537/1053/1523 2538/1054/1524
f 2539/1055/1524 2538/1054/1524 2537/1053/1523
f 2538/1054/1524 2539/1055/1524 2540/1056/355
f 2541/1057/355 2540/1056/355 2539/1055/1524
f 2540/1056/355 2541/1057/355 2542/1058/1525
f 2543/1059/1525 2542/1058/1525 2541/1057/355
f 2542/1058/1525 2543/1059/1525 2544/1060/1526
f 2545/1061/1526 2544/1060/1526 2543/1059/1525
f 2544/1060/1526 2545/1061/1526 2546/1062/441
f 2547/1063/441 2546/1062/441 2545/1061/1526
f 2546/1062/441 2547/1063/441 2548/1064/1527
f 2549/1065/1527 2548/1064/1527 2547/1063/441
f 2548/1064/1527 2549/1065/1527 2550/1066/1528
f 2551/1067/1528 2550/1066/1528 2549/1065/1527
f 2554/1068/1520 2553/1069/1520 2552/1070/852
f 2555/1071/852 2552/1070/852 2553/1069/1520
f 2553/1069/1520 2554/1068/1520 2556/1072/1521
f 2557/1073/1521 2556/1072/1521 2554/1068/1520
f 2556/1072/1521 2557/1073/1521 2558/1074/396
f 2559/1075/396 2558/1074/396 2557/1073/1521
f 2558/1074/396 2559/1075/396 2560/1076/1522
f 2561/1077/1522 2560/1076/1522 2559/1075/396
f 2552/1070/852 2555/1071/852 2562/1078/1523
f 2563/1079/1523 2562/1078/1523 2555/1071/852
f 2562/1078/1523 2563/1079/1523 2564/1080/1524
f 2565/1081/1524 2564/1080/1524 2563/1079/1523
f 2564/1080/1524 2565/1081/1524 2566/1082/355
f 2567/1083/355 2566/1082/355 2565/1081/1524
f 2566/1082/355 2567/1083/355 2568/1084/1525
f 2569/1085/1525 2568/1084/1525 2567/1083/355
f 2568/1084/1525 2569/1085/1525 2570/1086/1526
f 2571/1087/1526 2570/1086/1526 2569/1085/1525
f 2570/1086/1526 2571/1087/1526 2572/1088/441
f 2573/1089/441 2572/1088/441 2571/1087/1526
f 2572/1088/441 2573/1089/441 2574/1090/1527
f 2575/1091/1527 2574/1090/1527 2573/1089/441
f 2574/1090/1527 2575/1091/1527 2576/1092/1529
f 2577/1093/1528 2576/1092/1529 2575/1091/1527
f 2580/1094/1530 2579/1095/1531 2578/1096/1532
f 2581/1097/1533 2578/1096/1532 2579/1095/1531
f 2579/1095/1531 2580/1094/1530 2582/1098/1534
f 2583/1099/1535 2582/1098/1534 2580/1094/1530
f 2582/1098/1534 2583/1099/1535 2584/1100/1536
f 2585/1101/1536 2584/1100/1536 2583/1099/1535
f 2584/1100/1536 2585/1101/1536 2586/1102/1537
f 2587/1103/1538 2586/1102/1537 2585/1101/1536
f 2578/1096/1532 2581/1097/1533 2588/1104/1539
f 2589/1105/1540 2588/1104/1539 2581/1097/1533
f 2588/1104/1539 2589/1105/1540 2590/1106/1541
f 2591/1107/1542 2590/1106/1541 2589/1105/1540
f 2590/1106/1541 2591/1107/1542 2592/1108/1543
f 2593/1109/1543 2592/1108/1543 2591/1107/1542
f 2592/1108/1543 2593/1109/1543 2594/1110/1544
f 2595/1111/1545 2594/1110/1544 2593/1109/1543
f 2594/1110/1544 2595/1111/1545 2596/1112/1546
f 2597/1113/1547 2596/1112/1546 2595/1111/1545
f 2596/1112/1546 2597/1113/1547 2598/1114/1548
f 2599/1115/1549 2598/1114/1548 2597/1113/1547
f 2598/1114/1548 2599/1115/1549 2600/1116/1550
f 2601/1117/1551 2600/1116/1550 2599/1115/1549
f 2600/1116/1550 2601/1117/1551 2602/1118/1538
f 2603/1119/1537 2602/1118/1538 2601/1117/1551
f 2606/1120/457 2605/1121/457 2604/1122/457
f 2605/1121/457 2607/1123/457 2604/1122/457
f 2608/1124/457 2607/1123/457 2605/1121/457
f 2609/1125/457 2608/1124/457 2605/1121/457
f 2610/1126/457 2609/1125/457 2605/1121/457
f 2611/1127/457 2608/1124/457 2609/1125/457
f 2612/1128/457 2607/1123/457 2608/1124/457
f 2613/1129/457 2612/1128/457 2608/1124/457
f 2614/1130/457 2607/1123/457 2612/1128/457
f 2604/1122/457 2607/1123/457 2615/1131/457
f 2618/1128/397 2617/1132/397 2616/1133/397
f 2617/1132/397 2619/1131/397 2616/1133/397
f 2620/1126/397 2619/1131/397 2617/1132/397
f 2621/1127/397 2620/1126/397 2617/1132/397
f 2622/1134/397 2621/1127/397 2617/1132/397
f 2623/1135/397 2620/1126/397 2621/1127/397
f 2624/1136/397 2619/1131/397 2620/1126/397
f 2625/1121/397 2624/1136/397 2620/1126/397
f 2626/1122/397 2619/1131/397 2624/1136/397
f 2616/1133/397 2619/1131/397 2627/1137/397
f 2630/1042/1520 2629/1043/1520 2628/1044/852
f 2631/1045/852 2628/1044/852 2629/1043/1520
f 2629/1043/1520 2630/1042/1520 2632/1046/1521
f 2633/1047/1521 2632/1046/1521 2630/1042/1520
f 2632/1046/1521 2633/1047/1521 2634/1048/396
f 2635/1049/396 2634/1048/396 2633/1047/1521
f 2634/1048/396 2635/1049/396 2636/1050/1522
f 2637/1051/1522 2636/1050/1522 2635/1049/396
f 2628/1044/852 2631/1045/852 2638/1052/1523
f 2639/1053/1523 2638/1052/1523 2631/1045/852
f 2638/1052/1523 2639/1053/1523 2640/1054/1524
f 2641/1055/1524 2640/1054/1524 2639/1053/1523
f 2640/1054/1524 2641/1055/1524 2642/1056/355
f 2643/1057/355 2642/1056/355 2641/1055/1524
f 2642/1056/355 2643/1057/355 2644/1058/1525
f 2645/1059/1525 2644/1058/1525 2643/1057/355
f 2644/1058/1525 2645/1059/1525 2646/1060/1526
f 2647/1061/1526 2646/1060/1526 2645/1059/1525
f 2646/1060/1526 2647/1061/1526 2648/1062/441
f 2649/1063/441 2648/1062/441 2647/1061/1526
f 2648/1062/441 2649/1063/441 2650/1064/1527
f 2651/1065/1527 2650/1064/1527 2649/1063/441
f 2650/1064/1527 2651/1065/1527 2652/1066/1528
f 2653/1067/1528 2652/1066/1528 2651/1065/1527
f 2656/1068/1520 2655/1069/1520 2654/1070/852
f 2657/1071/852 2654/1070/852 2655/1069/1520
f 2655/1069/1520 2656/1068/1520 2658/1072/1521
f 2659/1073/1521 2658/1072/1521 2656/1068/1520
f 2658/1072/1521 2659/1073/1521 2660/1074/396
f 2661/1075/396 2660/1074/396 2659/1073/1521
f 2660/1074/396 2661/1075/396 2662/1076/1522
f 2663/1077/1522 2662/1076/1522 2661/1075/396
f 2654/1070/852 2657/1071/852 2664/1078/1523
f 2665/1079/1523 2664/1078/1523 2657/1071/852
f 2664/1078/1523 2665/1079/1523 2666/1080/1524
f 2667/1081/1524 2666/1080/1524 2665/1079/1523
f 2666/1080/1524 2667/1081/1524 2668/1082/355
f 2669/1083/355 2668/1082/355 2667/1081/1524
f 2668/1082/355 2669/1083/355 2670/1084/1525
f 2671/1085/1525 2670/1084/1525 2669/1083/355
f 2670/1084/1525 2671/1085/1525 2672/1086/1526
f 2673/1087/1526 2672/1086/1526 2671/1085/1525
f 2672/1086/1526 2673/1087/1526 2674/1088/441
f 2675/1089/441 2674/1088/441 2673/1087/1526
f 2674/1088/441 2675/1089/441 2676/1090/1527
f 2677/1091/1527 2676/1090/1527 2675/1089/441
f 2676/1090/1527 2677/1091/1527 2678/1092/1528
f 2679/1093/1528 2678/1092/1528 2677/1091/1527
f 2682/1094/1530 2681/1095/1531 2680/1096/1532
f 2683/1097/1533 2680/1096/1532 2681/1095/1531
f 2681/1095/1531 2682/1094/1530 2684/1098/1534
f 2685/1099/1535 2684/1098/1534 2682/1094/1530
f 2684/1098/1534 2685/1099/1535 2686/1100/1536
f 2687/1101/1536 2686/1100/1536 2685/1099/1535
f 2686/1100/1536 2687/1101/1536 2688/1102/1537
f 2689/1103/1538 2688/1102/1537 2687/1101/1536
f 2680/1096/1532 2683/1097/1533 2690/1104/1539
f 2691/1105/1540 2690/1104/1539 2683/1097/1533
f 2690/1104/1539 2691/1105/1540 2692/1106/1541
f 2693/1107/1542 2692/1106/1541 2691/1105/1540
f 2692/1106/1541 2693/1107/1542 2694/1108/1543
f 2695/1109/1543 2694/1108/1543 2693/1107/1542
f 2694/1108/1543 2695/1109/1543 2696/1110/1544
f 2697/1111/1545 2696/1110/1544 2695/1109/1543
f 2696/1110/1544 2697/1111/1545 2698/1112/1546
f 2699/1113/1547 2698/1112/1546 2697/1111/1545
f 2698/1112/1546 2699/1113/1547 2700/1114/1548
f 2701/1115/1549 2700/1114/1548 2699/1113/1547
f 2700/1114/1548 2701/1115/1549 2702/1116/1550
f 2703/1117/1551 2702/1116/1550 2701/1115/1549
f 2702/1116/1550 2703/1117/1551 2704/1118/1538
f 2705/1119/1537 2704/1118/1538 2703/1117/1551
f 2708/1120/457 2707/1121/457 2706/1122/457
f 2707/1121/457 2709/1123/457 2706/1122/457
f 2710/1124/457 2709/1123/457 2707/1121/457
f 2711/1125/457 2710/1124/457 2707/1121/457
f 2712/1126/457 2711/1125/457 2707/1121/457
f 2713/1127/457 2710/1124/457 2711/1125/457
f 2714/1128/457 2709/1123/457 2710/1124/457
f 2715/1129/457 2714/1128/457 2710/1124/457
f 2716/1130/457 2709/1123/457 2714/1128/457
f 2706/1122/457 2709/1123/457 2717/1131/457
f 2720/1128/397 2719/1132/397 2718/1133/397
f 2719/1132/397 2721/1131/397 2718/1133/397
f 2722/1126/397 2721/1131/397 2719/1132/397
f 2723/1127/397 2722/1126/397 2719/1132/397
f 2724/1134/397 2723/1127/397 2719/1132/397
f 2725/1135/397 2722/1126/397 2723/1127/397
f 2726/1136/397 2721/1131/397 2722/1126/397
f 2727/1121/397 2726/1136/397 2722/1126/397
f 2728/1122/397 2721/1131/397 2726/1136/397
f 2718/1133/397 2721/1131/397 2729/1137/397
f 2732/1042/1520 2731/1043/1520 2730/1044/852
f 2733/1045/852 2730/1044/852 2731/1043/1520
f 2731/1043/1520 2732/1042/1520 2734/1046/1521
f 2735/1047/1521 2734/1046/1521 2732/1042/1520
f 2734/1046/1521 2735/1047/1521 2736/1048/396
f 2737/1049/396 2736/1048/396 2735/1047/1521
f 2736/1048/396 2737/1049/396 2738/1050/1522
f 2739/1051/1528 2738/1050/1522 2737/1049/396
f 2730/1044/852 2733/1045/852 2740/1052/1523
f 2741/1053/1523 2740/1052/1523 2733/1045/852
f 2740/1052/1523 2741/1053/1523 2742/1054/1524
f 2743/1055/1524 2742/1054/1524 2741/1053/1523
f 2742/1054/1524 2743/1055/1524 2744/1056/355
f 2745/1057/355 2744/1056/355 2743/1055/1524
f 2744/1056/355 2745/1057/355 2746/1058/1525
f 2747/1059/1525 2746/1058/1525 2745/1057/355
f 2746/1058/1525 2747/1059/1525 2748/1060/1526
f 2749/1061/1526 2748/1060/1526 2747/1059/1525
f 2748/1060/1526 2749/1061/1526 2750/1062/441
f 2751/1063/441 2750/1062/441 2749/1061/1526
f 2750/1062/441 2751/1063/441 2752/1064/1527
f 2753/1065/1527 2752/1064/1527 2751/1063/441
f 2752/1064/1527 2753/1065/1527 2754/1066/1528
f 2755/1067/1528 2754/1066/1528 2753/1065/1527
f 2758/1068/1520 2757/1069/1520 2756/1070/852
f 2759/1071/852 2756/1070/852 2757/1069/1520
f 2757/1069/1520 2758/1068/1520 2760/1072/1521
f 2761/1073/1521 2760/1072/1521 2758/1068/1520
f 2760/1072/1521 2761/1073/1521 2762/1074/396
f 2763/1075/396 2762/1074/396 2761/1073/1521
f 2762/1074/396 2763/1075/396 2764/1076/1522
f 2765/1077/1522 2764/1076/1522 2763/1075/396
f 2756/1070/852 2759/1071/852 2766/1078/1523
f 2767/1079/1523 2766/1078/1523 2759/1071/852
f 2766/1078/1523 2767/1079/1523 2768/1080/1524
f 2769/1081/1524 2768/1080/1524 2767/1079/1523
f 2768/1080/1524 2769/1081/1524 2770/1082/355
f 2771/1083/355 2770/1082/355 2769/1081/1524
f 2770/1082/355 2771/1083/355 2772/1084/1525
f 2773/1085/1525 2772/1084/1525 2771/1083/355
f 2772/1084/1525 2773/1085/1525 2774/1086/1526
f 2775/1087/1526 2774/1086/1526 2773/1085/1525
f 2774/1086/1526 2775/1087/1526 2776/1088/441
f 2777/1089/441 2776/1088/441 2775/1087/1526
f 2776/1088/441 2777/1089/441 2778/1090/1527
f 2779/1091/1527 2778/1090/1527 2777/1089/441
f 2778/1090/1527 2779/1091/1527 2780/1092/1528
f 2781/1093/1528 2780/1092/1528 2779/1091/1527
f 2784/1094/1530 2783/1095/1531 2782/1096/1532
f 2785/1097/1533 2782/1096/1532 2783/1095/1531
f 2783/1095/1531 2784/1094/1530 2786/1098/1534
f 2787/1099/1535 2786/1098/1534 2784/1094/1530
f 2786/1098/1534 2787/1099/1535 2788/1100/1536
f 2789/1101/1536 2788/1100/1536 2787/1099/1535
f 2788/1100/1536 2789/1101/1536 2790/1102/1537
f 2791/1103/1538 2790/1102/1537 2789/1101/1536
f 2782/1096/1532 2785/1097/1533 2792/1104/1539
f 2793/1105/1540 2792/1104/1539 2785/1097/1533
f 2792/1104/1539 2793/1105/1540 2794/1106/1541
f 2795/1107/1542 2794/1106/1541 2793/1105/1540
f 2794/1106/1541 2795/1107/1542 2796/1108/1543
f 2797/1109/1543 2796/1108/1543 2795/1107/1542
f 2796/1108/1543 2797/1109/1543 2798/1110/1544
f 2799/1111/1545 2798/1110/1544 2797/1109/1543
f 2798/1110/1544 2799/1111/1545 2800/1112/1546
f 2801/1113/1547 2800/1112/1546 2799/1111/1545
f 2800/1112/1546 2801/1113/1547 2802/1114/1548
f 2803/1115/1549 2802/1114/1548 2801/1113/1547
f 2802/1114/1548 2803/1115/1549 2804/1116/1550
f 2805/1117/1551 2804/1116/1550 2803/1115/1549
f 2804/1116/1550 2805/1117/1551 2806/1118/1538
f 2807/1119/1537 2806/1118/1538 2805/1117/1551
f 2810/1120/457 2809/1121/457 2808/1122/457
f 2809/1121/457 2811/1123/457 2808/1122/457
f 2812/1124/457 2811/1123/457 2809/1121/457
f 2813/1125/457 2812/1124/457 2809/1121/457
f 2814/1126/457 2813/1125/457 2809/1121/457
f 2815/1127/457 2812/1124/457 2813/1125/457
f 2816/1128/457 2811/1123/457 2812/1124/457
f 2817/1129/457 2816/1128/457 2812/1124/457
f 2818/1130/457 2811/1123/457 2816/1128/457
f 2808/1122/457 2811/1123/457 2819/1131/457
f 2822/1128/397 2821/1132/397 2820/1133/397
f 2821/1132/397 2823/1131/397 2820/1133/397
f 2824/1126/397 2823/1131/397 2821/1132/397
f 2825/1127/397 2824/1126/397 2821/1132/397
f 2826/1134/397 2825/1127/397 2821/1132/397
f 2827/1135/397 2824/1126/397 2825/1127/397
f 2828/1136/397 2823/1131/397 2824/1126/397
f 2829/1121/397 2828/1136/397 2824/1126/397
f 2830/1122/397 2823/1131/397 2828/1136/397
f 2820/1133/397 2823/1131/397 2831/1137/397
f 2834/1042/1520 2833/1043/1520 2832/1044/852
f 2835/1045/852 2832/1044/852 2833/1043/1520
f 2833/1043/1520 2834/1042/1520 2836/1046/1521
f 2837/1047/1521 2836/1046/1521 2834/1042/1520
f 2836/1046/1521 2837/1047/1521 2838/1048/396
f 2839/1049/396 2838/1048/396 2837/1047/1521
f 2838/1048/396 2839/1049/396 2840/1050/1522
f 2841/1051/1522 2840/1050/1522 2839/1049/396
f 2832/1044/852 2835/1045/852 2842/1052/1523
f 2843/1053/1523 2842/1052/1523 2835/1045/852
f 2842/1052/1523 2843/1053/1523 2844/1054/1524
f 2845/1055/1524 2844/1054/1524 2843/1053/1523
f 2844/1054/1524 2845/1055/1524 2846/1056/355
f 2847/1057/355 2846/1056/355 2845/1055/1524
f 2846/1056/355 2847/1057/355 2848/1058/1525
f 2849/1059/1525 2848/1058/1525 2847/1057/355
f 2848/1058/1525 2849/1059/1525 2850/1060/1526
f 2851/1061/1526 2850/1060/1526 2849/1059/1525
f 2850/1060/1526 2851/1061/1526 2852/1062/441
f 2853/1063/441 2852/1062/441 2851/1061/1526
f 2852/1062/441 2853/1063/441 2854/1064/1527
f 2855/1065/1527 2854/1064/1527 2853/1063/441
f 2854/1064/1527 2855/1065/1527 2856/1066/1528
f 2857/1067/1528 2856/1066/1528 2855/1065/1527
f 2860/1068/1520 2859/1069/1520 2858/1070/852
f 2861/1071/852 2858/1070/852 2859/1069/1520
f 2859/1069/1520 2860/1068/1520 2862/1072/1521
f 2863/1073/1521 2862/1072/1521 2860/1068/1520
f 2862/1072/1521 2863/1073/1521 2864/1074/396
f 2865/1075/396 2864/1074/396 2863/1073/1521
f 2864/1074/396 2865/1075/396 2866/1076/1522
f 2867/1077/1522 2866/1076/1522 2865/1075/396
f 2858/1070/852 2861/1071/852 2868/1078/1523
f 2869/1079/1523 2868/1078/1523 2861/1071/852
f 2868/1078/1523 2869/1079/1523 2870/1080/1524
f 2871/1081/1524 2870/1080/1524 2869/1079/1523
f 2870/1080/1524 2871/1081/1524 2872/1082/355
f 2873/1083/355 2872/1082/355 2871/1081/1524
f 2872/1082/355 2873/1083/355 2874/1084/1525
f 2875/1085/1525 2874/1084/1525 2873/1083/355
f 2874/1084/1525 2875/1085/1525 2876/1086/1526
f 2877/1087/1526 2876/1086/1526 2875/1085/1525
f 2876/1086/1526 2877/1087/1526 2878/1088/441
f 2879/1089/441 2878/1088/441 2877/1087/1526
f 2878/1088/441 2879/1089/441 2880/1090/1527
f 2881/1091/1527 2880/1090/1527 2879/1089/441
f 2880/1090/1527 2881/1091/1527 2882/1092/1528
f 2883/1093/1528 2882/1092/1528 2881/1091/1527
f 2886/1094/1530 2885/1095/1531 2884/1096/1532
f 2887/1097/1533 2884/1096/1532 2885/1095/1531
f 2885/1095/1531 2886/1094/1530 2888/1098/1534
f 2889/1099/1535 2888/1098/1534 2886/1094/1530
f 2888/1098/1534 2889/1099/1535 2890/1100/1536
f 2891/1101/1536 2890/1100/1536 2889/1099/1535
f 2890/1100/1536 2891/1101/1536 2892/1102/1537
f 2893/1103/1538 2892/1102/1537 2891/1101/1536
f 2884/1096/1532 2887/1097/1533 2894/1104/1539
f 2895/1105/1540 2894/1104/1539 2887/1097/1533
f 2894/1104/1539 2895/1105/1540 2896/1106/1541
f 2897/1107/1542 2896/1106/1541 2895/1105/1540
f 2896/1106/1541 2897/1107/1542 2898/1108/1543
f 2899/1109/1543 2898/1108/1543 2897/1107/1542
f 2898/1108/1543 2899/1109/1543 2900/1110/1544
f 2901/1111/1545 2900/1110/1544 2899/1109/1543
f 2900/1110/1544 2901/1111/1545 2902/1112/1546
f 2903/1113/1547 2902/1112/1546 2901/1111/1545
f 2902/1112/1546 2903/1113/1547 2904/1114/1548
f 2905/1115/1549 2904/1114/1548 2903/1113/1547
f 2904/1114/1548 2905/1115/1549 2906/1116/1550
f 2907/1117/1551 2906/1116/1550 2905/1115/1549
f 2906/1116/1550 2907/1117/1551 2908/1118/1538
f 2909/1119/1537 2908/1118/1538 2907/1117/1551
f 2912/1120/457 2911/1121/457 2910/1122/457
f 2911/1121/457 2913/1123/457 2910/1122/457
f 2914/1124/457 2913/1123/457 2911/1121/457
f 2915/1125/457 2914/1124/457 2911/1121/457
f 2916/1126/457 2915/1125/457 2911/1121/457
f 2917/1127/457 2914/1124/457 2915/1125/457
f 2918/1128/457 2913/1123/457 2914/1124/457
f 2919/1129/457 2918/1128/457 2914/1124/457
f 2920/1130/457 2913/1123/457 2918/1128/457
f 2910/1122/457 2913/1123/457 2921/1131/457
f 2924/1128/397 2923/1132/397 2922/1133/397
f 2923/1132/397 2925/1131/397 2922/1133/397
f 2926/1126/397 2925/1131/397 2923/1132/397
f 2927/1127/397 2926/1126/397 2923/1132/397
f 2928/1134/397 2927/1127/397 2923/1132/397
f 2929/1135/397 2926/1126/397 2927/1127/397
f 2930/1136/397 2925/1131/397 2926/1126/397
f 2931/1121/397 2930/1136/397 2926/1126/397
f 2932/1122/397 2925/1131/397 2930/1136/397
f 2922/1133/397 2925/1131/397 2933/1137/397
o Propeller
v -0.000309 -0.097000 1.197144
v -0.011301 -0.063169 1.191510
v -0.000309 -0.061428 1.191510
v -0.021217 -0.068221 1.191510
v -0.029087 -0.076091 1.191510
v -0.034140 -0.086008 1.191510
v -0.035881 -0.097000 1.191510
v -0.034140 -0.107992 1.191510
v -0.029087 -0.117909 1.191510
v -0.021217 -0.125778 1.191510
v -0.011301 -0.130831 1.191510
v -0.000309 -0.132572 1.191510
v 0.010684 -0.130831 1.191510
v 0.020600 -0.125778 1.191510
v 0.028470 -0.117909 1.191510
v 0.033523 -0.107992 1.191510
v 0.035264 -0.097000 1.191510
v -0.021217 -0.032649 1.175159
v -0.040079 -0.042260 1.175159
v -0.055048 -0.057229 1.175159
v -0.064659 -0.076091 1.175159
v -0.067971 -0.097000 1.175159
v -0.064659 -0.117909 1.175159
v -0.055048 -0.136771 1.175159
v -0.040079 -0.151740 1.175159
v -0.021217 -0.161351 1.175159
v -0.000309 -0.164662 1.175159
v 0.020600 -0.161350 1.175159
v 0.039462 -0.151740 1.175159
v 0.054431 -0.136771 1.175159
v 0.064042 -0.117909 1.175159
v 0.067354 -0.097000 1.175159
v 0.064042 -0.076091 1.175159
v 0.033523 -0.086007 1.191510
v 0.028470 -0.076091 1.191510
v 0.020600 -0.068221 1.191510
v 0.010684 -0.063169 1.191510
v 0.054431 -0.057229 1.175159
v 0.039462 -0.042260 1.175159
v 0.020600 -0.032649 1.175159
v -0.000309 -0.029338 1.175159
v -0.029087 -0.008429 1.149692
v -0.000309 -0.003871 1.149692
v -0.055048 -0.021657 1.149692
v -0.075652 -0.042260 1.149692
v -0.088880 -0.068221 1.149692
v -0.093438 -0.097000 1.149692
v -0.088880 -0.125778 1.149692
v -0.075652 -0.151740 1.149692
v -0.055048 -0.172343 1.149692
v -0.029087 -0.185571 1.149692
v -0.000308 -0.190129 1.149692
v 0.028470 -0.185571 1.149692
v 0.054431 -0.172343 1.149692
v 0.075035 -0.151740 1.149692
v 0.088262 -0.125778 1.149692
v 0.092821 -0.097000 1.149692
v 0.088262 -0.068221 1.149692
v 0.075034 -0.042260 1.149692
v 0.054431 -0.021657 1.149692
v 0.028470 -0.008429 1.149692
v -0.034140 0.007122 1.117602
v -0.000309 -0.003871 1.149692
v -0.029087 -0.008429 1.149692
v -0.000309 0.012480 1.117602
v -0.064659 -0.008429 1.117602
v -0.055048 -0.021657 1.149692
v -0.088880 -0.032649 1.117602
v -0.075652 -0.042260 1.149692
v -0.104430 -0.063169 1.117602
v -0.088880 -0.068221 1.149692
v -0.109788 -0.097000 1.117602
v -0.093438 -0.097000 1.149692
v -0.104430 -0.130831 1.117602
v -0.088880 -0.125778 1.149692
v -0.088880 -0.161351 1.117602
v -0.075652 -0.151740 1.149692
v -0.064659 -0.185571 1.117602
v -0.055048 -0.172343 1.149692
v -0.034140 -0.201121 1.117602
v -0.029087 -0.185571 1.149692
v -0.000308 -0.206480 1.117602
v -0.000308 -0.190129 1.149692
v 0.033523 -0.201121 1.117602
v 0.028470 -0.185571 1.149692
v 0.064042 -0.185571 1.117602
v 0.054431 -0.172343 1.149692
v 0.088263 -0.161350 1.117602
v 0.075035 -0.151740 1.149692
v 0.103813 -0.130831 1.117602
v 0.088262 -0.125778 1.149692
v 0.109171 -0.097000 1.117602
v 0.092821 -0.097000 1.149692
v 0.103813 -0.063169 1.117602
v 0.088262 -0.068221 1.149692
v 0.088262 -0.032649 1.117602
v 0.075034 -0.042260 1.149692
v 0.064042 -0.008429 1.117602
v 0.054431 -0.021657 1.149692
v 0.033522 0.007122 1.117602
v 0.028470 -0.008429 1.149692
v -0.000309 0.012480 1.117602
v -0.000309 -0.003871 1.149692
v 0.109171 -0.132572 1.082030
v 0.092821 -0.164662 1.082030
v 0.067354 -0.190129 1.082030
v 0.035264 -0.206480 1.082030
v -0.000308 -0.212114 1.082030
v -0.035881 -0.206480 1.082030
v -0.067971 -0.190129 1.082030
v -0.093438 -0.164662 1.082030
v -0.109788 -0.132572 1.082030
v -0.115422 -0.097000 1.082030
v -0.109788 -0.061428 1.082030
v -0.093438 -0.029338 1.082030
v -0.067971 -0.003871 1.082030
v -0.035881 0.012480 1.082030
v -0.000309 0.018114 1.082030
v -0.000309 0.018114 0.931090
v -0.035881 0.012480 0.931090
v -0.067971 -0.003871 0.931090
v -0.093438 -0.029338 0.931090
v -0.109788 -0.061428 0.931090
v -0.115422 -0.097000 0.931090
v -0.109788 -0.132572 0.931090
v -0.093438 -0.164662 0.931090
v -0.067971 -0.190129 0.931090
v -0.035881 -0.206480 0.931090
v -0.000309 -0.212114 0.931090
v 0.035264 -0.206480 0.931090
v 0.067354 -0.190129 0.931090
v 0.092821 -0.164662 0.931090
v 0.109171 -0.132572 0.931090
v 0.114805 -0.097000 1.082030
v 0.109171 -0.061428 1.082030
v 0.092820 -0.029337 1.082030
v 0.067353 -0.003871 1.082030
v 0.035263 0.012480 1.082030
v -0.000309 0.018114 1.082030
v 0.114805 -0.097000 0.931090
v 0.109171 -0.061428 0.931090
v 0.092820 -0.029338 0.931090
v 0.067353 -0.003871 0.931090
v 0.035263 0.012480 0.931090
v -0.000309 0.018114 0.931090
v 0.536228 -0.160019 1.127363
v 0.551104 -0.151365 1.127476
v 0.551967 -0.160520 1.125495
v 0.536228 -0.150891 1.129083
v 0.565612 -0.150123 1.124131
v 0.567318 -0.159201 1.121795
v 0.579398 -0.147121 1.119192
v 0.581904 -0.156010 1.116424
v 0.592120 -0.142374 1.112827
v 0.595365 -0.150959 1.109568
v 0.603466 -0.135960 1.105225
v 0.607369 -0.144130 1.101430
v 0.613157 -0.128023 1.096584
v 0.617622 -0.135676 1.092223
v 0.620953 -0.118773 1.087105
v 0.625871 -0.125821 1.082162
v 0.626663 -0.108475 1.076991
v 0.631913 -0.114848 1.071458
v 0.630146 -0.097443 1.066443
v 0.635598 -0.103097 1.060323
v 0.631317 -0.086024 1.055660
v 0.636837 -0.090939 1.048961
v 0.630146 -0.074580 1.044839
v 0.635598 -0.078767 1.037578
v 0.626663 -0.063479 1.034179
v 0.631913 -0.066974 1.026377
v 0.620953 -0.053067 1.023883
v 0.625871 -0.055935 1.015566
v 0.613157 -0.043661 1.014155
v 0.617622 -0.045988 1.005358
v 0.603466 -0.035532 1.005203
v 0.607369 -0.037421 0.995968
v 0.592120 -0.028891 0.997237
v 0.595365 -0.030459 0.987617
v 0.579398 -0.023889 0.990465
v 0.581904 -0.025259 0.980522
v 0.565612 -0.020613 0.985084
v 0.567318 -0.021906 0.974892
v 0.551103 -0.019081 0.981275
v 0.551967 -0.020417 0.970920
v 0.536228 -0.019258 0.979192
v 0.536228 -0.020744 0.968772
v 0.627606 -0.061313 1.006611
v 0.633764 -0.072549 1.017562
v 0.637521 -0.084572 1.028928
v 0.638784 -0.096997 1.040500
v 0.637521 -0.109423 1.052072
v 0.633764 -0.121445 1.063438
v 0.627606 -0.132682 1.074389
v 0.619197 -0.142786 1.084711
v 0.608746 -0.151466 1.094185
v 0.596509 -0.158490 1.102593
v 0.582788 -0.163703 1.109713
v 0.567920 -0.167020 1.115334
v 0.552272 -0.168429 1.119263
v 0.536228 -0.167982 1.121330
v 0.552272 -0.168429 1.119263
v 0.494874 -0.153869 1.126583
v 0.494874 -0.144810 1.127954
v 0.494874 -0.161869 1.120827
v 0.421565 -0.140391 1.120073
v 0.421565 -0.131287 1.120598
v 0.421565 -0.148614 1.114941
v 0.421565 -0.148614 1.114941
v 0.339838 -0.127079 1.111424
v 0.339838 -0.117934 1.110999
v 0.339838 -0.135569 1.106973
v 0.421565 -0.148614 1.114941
v 0.259157 -0.115710 1.101447
v 0.259157 -0.106534 1.100074
v 0.259157 -0.124483 1.097653
v 0.179521 -0.106216 1.090196
v 0.179521 -0.097020 1.087882
v 0.179521 -0.115285 1.087036
v 0.105442 -0.098924 1.078481
v 0.105442 -0.089718 1.075282
v 0.105442 -0.108286 1.075897
v 0.619197 -0.051208 0.996289
v 0.608746 -0.042529 0.986814
v 0.596509 -0.035504 0.978407
v 0.582788 -0.030291 0.971287
v 0.567920 -0.026974 0.965666
v 0.552272 -0.025566 0.961737
v 0.552272 -0.025566 0.961737
v 0.536228 -0.026012 0.959670
v 0.494874 -0.032126 0.960172
v 0.494874 -0.026447 0.968804
v 0.494874 -0.024513 0.978996
v 0.421565 -0.039114 0.974012
v 0.421565 -0.036573 0.984004
v 0.421565 -0.045380 0.966059
v 0.421565 -0.045380 0.966059
v 0.339838 -0.051521 0.981211
v 0.339838 -0.048295 0.990986
v 0.339838 -0.058425 0.974027
v 0.259157 -0.061997 0.989755
v 0.259157 -0.058083 0.999326
v 0.259157 -0.069512 0.983347
v 0.179521 -0.070610 0.999592
v 0.179521 -0.066008 1.008969
v 0.179521 -0.078709 0.993964
v 0.105442 -0.077081 1.009992
v 0.105442 -0.071831 1.019196
v 0.105442 -0.085708 1.005104
v 0.536228 -0.150891 1.129083
v 0.565612 -0.150123 1.124131
v 0.551104 -0.151365 1.127476
v 0.579398 -0.147121 1.119192
v 0.592120 -0.142374 1.112827
v 0.603466 -0.135960 1.105225
v 0.613157 -0.128023 1.096584
v 0.620953 -0.118773 1.087105
v 0.626663 -0.108475 1.076991
v 0.630146 -0.097443 1.066443
v 0.631317 -0.086024 1.055660
v 0.630146 -0.074580 1.044839
v 0.626663 -0.063479 1.034179
v 0.620953 -0.053067 1.023883
v 0.613157 -0.043661 1.014155
v 0.603466 -0.035532 1.005203
v 0.592120 -0.028891 0.997237
v 0.579398 -0.023889 0.990465
v 0.565612 -0.020613 0.985084
v 0.551103 -0.019081 0.981275
v 0.536228 -0.019258 0.979192
v 0.494874 -0.024513 0.978996
v 0.494874 -0.144810 1.127954
v 0.421565 -0.131287 1.120598
v 0.421565 -0.036573 0.984004
v 0.339838 -0.048295 0.990986
v 0.339838 -0.117934 1.110999
v 0.259157 -0.058083 0.999326
v 0.259157 -0.106534 1.100074
v 0.179521 -0.066008 1.008969
v 0.179521 -0.097020 1.087882
v 0.105442 -0.071831 1.019196
v 0.105442 -0.089718 1.075282
v 0.536228 -0.033976 0.953637
v 0.551104 -0.042630 0.953524
v 0.551967 -0.033475 0.955505
v 0.536228 -0.043103 0.951917
v 0.565612 -0.043872 0.956868
v 0.567318 -0.034794 0.959204
v 0.579398 -0.046873 0.961808
v 0.581904 -0.037985 0.964575
v 0.592120 -0.051621 0.968173
v 0.595365 -0.043036 0.971431
v 0.603466 -0.058035 0.975775
v 0.607369 -0.049865 0.979569
v 0.613157 -0.065971 0.984416
v 0.617622 -0.058318 0.988777
v 0.620953 -0.075221 0.993895
v 0.625871 -0.068174 0.998838
v 0.626663 -0.085519 1.004008
v 0.631913 -0.079146 1.009541
v 0.630146 -0.096551 1.014556
v 0.635598 -0.090898 1.020677
v 0.631317 -0.107971 1.025340
v 0.636837 -0.103056 1.032039
v 0.630146 -0.119414 1.036161
v 0.635598 -0.115228 1.043422
v 0.626663 -0.130516 1.046820
v 0.631913 -0.127020 1.054623
v 0.620953 -0.140927 1.057117
v 0.625871 -0.138060 1.065434
v 0.613157 -0.150333 1.066845
v 0.617622 -0.148007 1.075642
v 0.603466 -0.158463 1.075797
v 0.607369 -0.156574 1.085031
v 0.592120 -0.165104 1.083762
v 0.595365 -0.163536 1.093383
v 0.579398 -0.170105 1.090535
v 0.581904 -0.168736 1.100478
v 0.565612 -0.173382 1.095916
v 0.567318 -0.172088 1.106108
v 0.551104 -0.174914 1.099725
v 0.551967 -0.173577 1.110080
v 0.536228 -0.174737 1.101808
v 0.536228 -0.173251 1.112228
v 0.627606 -0.132682 1.074389
v 0.633764 -0.121445 1.063438
v 0.637521 -0.109423 1.052072
v 0.638784 -0.096997 1.040500
v 0.637521 -0.084572 1.028928
v 0.633764 -0.072549 1.017562
v 0.627606 -0.061313 1.006611
v 0.619197 -0.051208 0.996289
v 0.608746 -0.042529 0.986814
v 0.596509 -0.035504 0.978407
v 0.582788 -0.030291 0.971287
v 0.567920 -0.026974 0.965666
v 0.552272 -0.025566 0.961737
v 0.536228 -0.026012 0.959670
v 0.552272 -0.025566 0.961737
v 0.494874 -0.040126 0.954417
v 0.494874 -0.049184 0.953046
v 0.494874 -0.032126 0.960172
v 0.421565 -0.053604 0.960927
v 0.421565 -0.062708 0.960402
v 0.421565 -0.045380 0.966059
v 0.421565 -0.045380 0.966059
v 0.339838 -0.066916 0.969576
v 0.339838 -0.076061 0.970002
v 0.339838 -0.058425 0.974027
v 0.259157 -0.078284 0.979553
v 0.259157 -0.087460 0.980926
v 0.259157 -0.069512 0.983347
v 0.179521 -0.087779 0.990804
v 0.179521 -0.096975 0.993119
v 0.179521 -0.078709 0.993964
v 0.105442 -0.095071 1.002520
v 0.105442 -0.104277 1.005718
v 0.105442 -0.085708 1.005104
v 0.619197 -0.142786 1.084711
v 0.608746 -0.151466 1.094185
v 0.596509 -0.158490 1.102593
v 0.582788 -0.163703 1.109713
v 0.567920 -0.167020 1.115334
v 0.552272 -0.168429 1.119263
v 0.552272 -0.168429 1.119263
v 0.536228 -0.167982 1.121330
v 0.494874 -0.161869 1.120827
v 0.494874 -0.167547 1.112196
v 0.494874 -0.169482 1.102004
v 0.421565 -0.154881 1.106987
v 0.421565 -0.157421 1.096996
v 0.421565 -0.148614 1.114941
v 0.421565 -0.148614 1.114941
v 0.339838 -0.142474 1.099789
v 0.339838 -0.145700 1.090014
v 0.339838 -0.135569 1.106973
v 0.421565 -0.148614 1.114941
v 0.259157 -0.131998 1.091245
v 0.259157 -0.135911 1.081674
v 0.259157 -0.124483 1.097653
v 0.179521 -0.123385 1.081409
v 0.179521 -0.127987 1.072032
v 0.179521 -0.115285 1.087036
v 0.105442 -0.116913 1.071008
v 0.105442 -0.122164 1.061805
v 0.105442 -0.108286 1.075897
v 0.536228 -0.043103 0.951917
v 0.565612 -0.043872 0.956868
v 0.551104 -0.042630 0.953524
v 0.579398 -0.046873 0.961808
v 0.592120 -0.051621 0.968173
v 0.603466 -0.058035 0.975775
v 0.613157 -0.065971 0.984416
v 0.620953 -0.075221 0.993895
v 0.626663 -0.085519 1.004008
v 0.630146 -0.096551 1.014556
v 0.631317 -0.107971 1.025340
v 0.630146 -0.119414 1.036161
v 0.626663 -0.130516 1.046820
v 0.620953 -0.140927 1.057117
v 0.613157 -0.150333 1.066845
v 0.603466 -0.158463 1.075797
v 0.592120 -0.165104 1.083762
v 0.579398 -0.170105 1.090535
v 0.565612 -0.173382 1.095916
v 0.551104 -0.174914 1.099725
v 0.536228 -0.174737 1.101808
v 0.494874 -0.169482 1.102004
v 0.494874 -0.049184 0.953046
v 0.421565 -0.062708 0.960402
v 0.421565 -0.157421 1.096996
v 0.339838 -0.145700 1.090014
v 0.339838 -0.076061 0.970002
v 0.259157 -0.135911 1.081674
v 0.259157 -0.087460 0.980926
v 0.179521 -0.127987 1.072032
v 0.179521 -0.096975 0.993119
v 0.105442 -0.122164 1.061805
v 0.105442 -0.104277 1.005718
v 0.062713 0.439540 1.127363
v 0.054059 0.454415 1.127476
v 0.063214 0.455278 1.125495
v 0.053585 0.439540 1.129083
v 0.052817 0.468924 1.124132
v 0.061895 0.470630 1.121795
v 0.049815 0.482709 1.119192
v 0.058704 0.485215 1.116425
v 0.045068 0.495431 1.112827
v 0.053653 0.498676 1.109568
v 0.038654 0.506777 1.105225
v 0.046824 0.510681 1.101431
v 0.030717 0.516468 1.096584
v 0.038370 0.520934 1.092223
v 0.021467 0.524264 1.087105
v 0.028515 0.529182 1.082162
v 0.011170 0.529974 1.076992
v 0.017543 0.535224 1.071458
v 0.000138 0.533458 1.066444
v 0.005791 0.538910 1.060323
v -0.011282 0.534628 1.055660
v -0.006367 0.540148 1.048962
v -0.022725 0.533458 1.044839
v -0.018539 0.538910 1.037578
v -0.033827 0.529974 1.034180
v -0.030332 0.535224 1.026377
v -0.044239 0.524264 1.023883
v -0.041371 0.529182 1.015566
v -0.053644 0.516468 1.014155
v -0.051318 0.520934 1.005358
v -0.061774 0.506777 1.005203
v -0.059885 0.510681 0.995969
v -0.068415 0.495431 0.997238
v -0.066847 0.498676 0.987617
v -0.073416 0.482709 0.990465
v -0.072047 0.485215 0.980522
v -0.076693 0.468924 0.985084
v -0.075399 0.470629 0.974892
v -0.078225 0.454415 0.981275
v -0.076889 0.455278 0.970920
v -0.078048 0.439540 0.979192
v -0.076562 0.439540 0.968772
v -0.035993 0.530917 1.006611
v -0.024756 0.537076 1.017562
v -0.012734 0.540832 1.028928
v -0.000308 0.542095 1.040500
v 0.012117 0.540832 1.052072
v 0.024139 0.537076 1.063438
v 0.035376 0.530917 1.074389
v 0.045480 0.522509 1.084711
v 0.054160 0.512057 1.094186
v 0.061185 0.499820 1.102593
v 0.066397 0.486099 1.109713
v 0.069715 0.471231 1.115334
v 0.071123 0.455583 1.119263
v 0.070676 0.439540 1.121330
v 0.071123 0.455583 1.119263
v 0.056563 0.398185 1.126583
v 0.047505 0.398185 1.127954
v 0.064563 0.398185 1.120828
v 0.043085 0.324876 1.120073
v 0.033981 0.324876 1.120599
v 0.051308 0.324876 1.114942
v 0.051308 0.324876 1.114942
v 0.029773 0.243150 1.111424
v 0.020628 0.243150 1.110999
v 0.038264 0.243150 1.106974
v 0.051308 0.324876 1.114942
v 0.018405 0.162469 1.101447
v 0.009229 0.162469 1.100075
v 0.027177 0.162469 1.097653
v 0.008910 0.082832 1.090196
v -0.000286 0.082832 1.087882
v 0.017979 0.082832 1.087036
v 0.001618 0.008753 1.078481
v -0.007588 0.008753 1.075282
v 0.010980 0.008753 1.075897
v -0.046098 0.522509 0.996289
v -0.054777 0.512057 0.986815
v -0.061802 0.499820 0.978407
v -0.067015 0.486099 0.971287
v -0.070332 0.471231 0.965666
v -0.071740 0.455583 0.961738
v -0.071740 0.455583 0.961738
v -0.071293 0.439540 0.959670
v -0.065180 0.398185 0.960173
v -0.070859 0.398185 0.968804
v -0.072793 0.398185 0.978996
v -0.058192 0.324876 0.974013
v -0.060733 0.324876 0.984004
v -0.051925 0.324876 0.966059
v -0.051925 0.324876 0.966059
v -0.045785 0.243150 0.981211
v -0.049011 0.243150 0.990986
v -0.038881 0.243150 0.974027
v -0.035309 0.162469 0.989755
v -0.039223 0.162469 0.999326
v -0.027794 0.162469 0.983347
v -0.026696 0.082832 0.999592
v -0.031298 0.082832 1.008969
v -0.018597 0.082832 0.993964
v -0.020224 0.008753 1.009992
v -0.025475 0.008753 1.019196
v -0.011597 0.008753 1.005104
v 0.053585 0.439540 1.129083
v 0.052817 0.468924 1.124132
v 0.054059 0.454415 1.127476
v 0.049815 0.482709 1.119192
v 0.045068 0.495431 1.112827
v 0.038654 0.506777 1.105225
v 0.030717 0.516468 1.096584
v 0.021467 0.524264 1.087105
v 0.011170 0.529974 1.076992
v 0.000138 0.533458 1.066444
v -0.011282 0.534628 1.055660
v -0.022725 0.533458 1.044839
v -0.033827 0.529974 1.034180
v -0.044239 0.524264 1.023883
v -0.053644 0.516468 1.014155
v -0.061774 0.506777 1.005203
v -0.068415 0.495431 0.997238
v -0.073416 0.482709 0.990465
v -0.076693 0.468924 0.985084
v -0.078225 0.454415 0.981275
v -0.078048 0.439540 0.979192
v -0.072793 0.398185 0.978996
v 0.047505 0.398185 1.127954
v 0.033981 0.324876 1.120599
v -0.060733 0.324876 0.984004
v -0.049011 0.243150 0.990986
v 0.020628 0.243150 1.110999
v -0.039223 0.162469 0.999326
v 0.009229 0.162469 1.100075
v -0.031298 0.082832 1.008969
v -0.000286 0.082832 1.087882
v -0.025475 0.008753 1.019196
v -0.007588 0.008753 1.075282
v -0.063330 0.439540 0.953637
v -0.054676 0.454415 0.953524
v -0.063831 0.455278 0.955505
v -0.054202 0.439540 0.951918
v -0.053434 0.468924 0.956869
v -0.062512 0.470630 0.959205
v -0.050433 0.482709 0.961808
v -0.059321 0.485215 0.964576
v -0.045685 0.495431 0.968173
v -0.054270 0.498676 0.971432
v -0.039271 0.506778 0.975775
v -0.047441 0.510681 0.979570
v -0.031334 0.516468 0.984416
v -0.038987 0.520934 0.988777
v -0.022084 0.524264 0.993895
v -0.029132 0.529182 0.998838
v -0.011787 0.529974 1.004009
v -0.018160 0.535224 1.009542
v -0.000755 0.533458 1.014557
v -0.006408 0.538910 1.020677
v 0.010665 0.534628 1.025340
v 0.005750 0.540148 1.032039
v 0.022108 0.533458 1.036161
v 0.017922 0.538910 1.043422
v 0.033210 0.529974 1.046820
v 0.029715 0.535224 1.054623
v 0.043622 0.524264 1.057117
v 0.040754 0.529182 1.065434
v 0.053027 0.516468 1.066845
v 0.050701 0.520934 1.075642
v 0.061157 0.506777 1.075797
v 0.059268 0.510681 1.085032
v 0.067798 0.495431 1.083763
v 0.066230 0.498676 1.093383
v 0.072799 0.482709 1.090535
v 0.071430 0.485215 1.100478
v 0.076076 0.468924 1.095916
v 0.074782 0.470629 1.106108
v 0.077608 0.454415 1.099725
v 0.076272 0.455278 1.110080
v 0.077431 0.439540 1.101808
v 0.075945 0.439540 1.112229
v 0.035376 0.530917 1.074389
v 0.024139 0.537076 1.063438
v 0.012117 0.540832 1.052072
v -0.000308 0.542095 1.040500
v -0.012734 0.540832 1.028928
v -0.024756 0.537076 1.017562
v -0.035993 0.530917 1.006611
v -0.046098 0.522509 0.996289
v -0.054777 0.512057 0.986815
v -0.061802 0.499820 0.978407
v -0.067015 0.486099 0.971287
v -0.070332 0.471231 0.965666
v -0.071740 0.455583 0.961738
v -0.071293 0.439540 0.959670
v -0.071740 0.455583 0.961738
v -0.057180 0.398185 0.954417
v -0.048122 0.398185 0.953046
v -0.065180 0.398185 0.960173
v -0.043702 0.324876 0.960927
v -0.034598 0.324876 0.960402
v -0.051925 0.324876 0.966059
v -0.051925 0.324876 0.966059
v -0.030390 0.243150 0.969576
v -0.021245 0.243150 0.970002
v -0.038881 0.243150 0.974027
v -0.019022 0.162469 0.979553
v -0.009846 0.162469 0.980926
v -0.027794 0.162469 0.983347
v -0.009527 0.082832 0.990804
v -0.000331 0.082832 0.993119
v -0.018597 0.082832 0.993964
v -0.002235 0.008753 1.002520
v 0.006971 0.008753 1.005718
v -0.011597 0.008753 1.005104
v 0.045480 0.522509 1.084711
v 0.054160 0.512057 1.094186
v 0.061185 0.499820 1.102593
v 0.066397 0.486099 1.109713
v 0.069715 0.471231 1.115334
v 0.071123 0.455583 1.119263
v 0.071123 0.455583 1.119263
v 0.070676 0.439540 1.121330
v 0.064563 0.398185 1.120828
v 0.070241 0.398185 1.112196
v 0.072176 0.398185 1.102004
v 0.057575 0.324876 1.106987
v 0.060115 0.324876 1.096996
v 0.051308 0.324876 1.114942
v 0.051308 0.324876 1.114942
v 0.045168 0.243150 1.099789
v 0.048394 0.243150 1.090014
v 0.038264 0.243150 1.106974
v 0.051308 0.324876 1.114942
v 0.034692 0.162469 1.091245
v 0.038606 0.162469 1.081674
v 0.027177 0.162469 1.097653
v 0.026079 0.082832 1.081409
v 0.030681 0.082832 1.072032
v 0.017979 0.082832 1.087036
v 0.019607 0.008753 1.071008
v 0.024858 0.008753 1.061805
v 0.010980 0.008753 1.075897
v -0.054202 0.439540 0.951918
v -0.053434 0.468924 0.956869
v -0.054676 0.454415 0.953524
v -0.050433 0.482709 0.961808
v -0.045685 0.495431 0.968173
v -0.039271 0.506778 0.975775
v -0.031334 0.516468 0.984416
v -0.022084 0.524264 0.993895
v -0.011787 0.529974 1.004009
v -0.000755 0.533458 1.014557
v 0.010665 0.534628 1.025340
v 0.022108 0.533458 1.036161
v 0.033210 0.529974 1.046820
v 0.043622 0.524264 1.057117
v 0.053027 0.516468 1.066845
v 0.061157 0.506777 1.075797
v 0.067798 0.495431 1.083763
v 0.072799 0.482709 1.090535
v 0.076076 0.468924 1.095916
v 0.077608 0.454415 1.099725
v 0.077431 0.439540 1.101808
v 0.072176 0.398185 1.102004
v -0.048122 0.398185 0.953046
v -0.034598 0.324876 0.960402
v 0.060115 0.324876 1.096996
v 0.048394 0.243150 1.090014
v -0.021245 0.243150 0.970002
v 0.038606 0.162469 1.081674
v -0.009846 0.162469 0.980926
v 0.030681 0.082832 1.072032
v -0.000331 0.082832 0.993119
v 0.024858 0.008753 1.061805
v 0.006971 0.008753 1.005718
v -0.063330 -0.633534 1.127363
v -0.054676 -0.648409 1.127476
v -0.063831 -0.649273 1.125495
v -0.054202 -0.633534 1.129083
v -0.053434 -0.662918 1.124132
v -0.062512 -0.664624 1.121795
v -0.050432 -0.676704 1.119192
v -0.059321 -0.679209 1.116425
v -0.045685 -0.689426 1.112827
v -0.054270 -0.692670 1.109568
v -0.039271 -0.700772 1.105225
v -0.047441 -0.704675 1.101431
v -0.031334 -0.710462 1.096584
v -0.038987 -0.714928 1.092223
v -0.022084 -0.718259 1.087105
v -0.029132 -0.723177 1.082162
v -0.011787 -0.723969 1.076992
v -0.018160 -0.729218 1.071458
v -0.000755 -0.727452 1.066444
v -0.006408 -0.732904 1.060323
v 0.010665 -0.728623 1.055660
v 0.005750 -0.734143 1.048962
v 0.022108 -0.727452 1.044839
v 0.017922 -0.732904 1.037578
v 0.033210 -0.723969 1.034180
v 0.029715 -0.729218 1.026377
v 0.043622 -0.718259 1.023883
v 0.040754 -0.723177 1.015566
v 0.053027 -0.710462 1.014155
v 0.050701 -0.714928 1.005358
v 0.061157 -0.700772 1.005203
v 0.059268 -0.704675 0.995968
v 0.067798 -0.689426 0.997238
v 0.066230 -0.692670 0.987617
v 0.072799 -0.676703 0.990465
v 0.071430 -0.679209 0.980522
v 0.076076 -0.662918 0.985084
v 0.074782 -0.664624 0.974892
v 0.077608 -0.648409 0.981275
v 0.076272 -0.649273 0.970920
v 0.077431 -0.633534 0.979192
v 0.075945 -0.633534 0.968772
v 0.035376 -0.724912 1.006611
v 0.024139 -0.731070 1.017562
v 0.012117 -0.734827 1.028928
v -0.000309 -0.736089 1.040500
v -0.012734 -0.734827 1.052072
v -0.024756 -0.731070 1.063438
v -0.035993 -0.724912 1.074389
v -0.046098 -0.716503 1.084711
v -0.054777 -0.706052 1.094186
v -0.061802 -0.693815 1.102593
v -0.067015 -0.680093 1.109713
v -0.070332 -0.665225 1.115334
v -0.071740 -0.649577 1.119263
v -0.071293 -0.633534 1.121330
v -0.071740 -0.649577 1.119263
v -0.057180 -0.592180 1.126583
v -0.048122 -0.592180 1.127954
v -0.065180 -0.592180 1.120828
v -0.043702 -0.518871 1.120073
v -0.034598 -0.518871 1.120599
v -0.051925 -0.518871 1.114942
v -0.051925 -0.518871 1.114942
v -0.030390 -0.437144 1.111424
v -0.021245 -0.437144 1.110999
v -0.038881 -0.437144 1.106974
v -0.019022 -0.356463 1.101447
v -0.009846 -0.356463 1.100075
v -0.027794 -0.356463 1.097653
v -0.009527 -0.276827 1.090196
v -0.000331 -0.276827 1.087882
v -0.018596 -0.276827 1.087036
v -0.002235 -0.202747 1.078481
v 0.006971 -0.202747 1.075282
v -0.011597 -0.202747 1.075897
v 0.045480 -0.716503 0.996289
v 0.054160 -0.706052 0.986815
v 0.061185 -0.693815 0.978407
v 0.066397 -0.680093 0.971287
v 0.069714 -0.665225 0.965666
v 0.071123 -0.649577 0.961737
v 0.071123 -0.649577 0.961737
v 0.070676 -0.633534 0.959670
v 0.064563 -0.592180 0.960173
v 0.070241 -0.592180 0.968804
v 0.072176 -0.592180 0.978996
v 0.057575 -0.518871 0.974013
v 0.060115 -0.518871 0.984004
v 0.051308 -0.518871 0.966059
v 0.051308 -0.518871 0.966059
v 0.045168 -0.437144 0.981211
v 0.048394 -0.437144 0.990986
v 0.038264 -0.437144 0.974027
v 0.034692 -0.356463 0.989755
v 0.038606 -0.356463 0.999326
v 0.027177 -0.356463 0.983347
v 0.026079 -0.276827 0.999592
v 0.030681 -0.276827 1.008969
v 0.017979 -0.276827 0.993964
v 0.019607 -0.202747 1.009992
v 0.024858 -0.202747 1.019196
v 0.010980 -0.202747 1.005104
v -0.054202 -0.633534 1.129083
v -0.053434 -0.662918 1.124132
v -0.054676 -0.648409 1.127476
v -0.050432 -0.676704 1.119192
v -0.045685 -0.689426 1.112827
v -0.039271 -0.700772 1.105225
v -0.031334 -0.710462 1.096584
v -0.022084 -0.718259 1.087105
v -0.011787 -0.723969 1.076992
v -0.000755 -0.727452 1.066444
v 0.010665 -0.728623 1.055660
v 0.022108 -0.727452 1.044839
v 0.033210 -0.723969 1.034180
v 0.043622 -0.718259 1.023883
v 0.053027 -0.710462 1.014155
v 0.061157 -0.700772 1.005203
v 0.067798 -0.689426 0.997238
v 0.072799 -0.676703 0.990465
v 0.076076 -0.662918 0.985084
v 0.077608 -0.648409 0.981275
v 0.077431 -0.633534 0.979192
v 0.072176 -0.592180 0.978996
v -0.048122 -0.592180 1.127954
v -0.034598 -0.518871 1.120599
v 0.060115 -0.518871 0.984004
v 0.048394 -0.437144 0.990986
v -0.021245 -0.437144 1.110999
v 0.038606 -0.356463 0.999326
v -0.009846 -0.356463 1.100075
v 0.030681 -0.276827 1.008969
v -0.000331 -0.276827 1.087882
v 0.024858 -0.202747 1.019196
v 0.006971 -0.202747 1.075282
v 0.062713 -0.633534 0.953637
v 0.054059 -0.648409 0.953524
v 0.063214 -0.649273 0.955505
v 0.053585 -0.633534 0.951918
v 0.052817 -0.662918 0.956869
v 0.061895 -0.664624 0.959205
v 0.049815 -0.676704 0.961808
v 0.058704 -0.679210 0.964576
v 0.045068 -0.689426 0.968173
v 0.053653 -0.692670 0.971432
v 0.038654 -0.700772 0.975775
v 0.046824 -0.704675 0.979569
v 0.030717 -0.710463 0.984416
v 0.038370 -0.714928 0.988777
v 0.021467 -0.718259 0.993895
v 0.028515 -0.723177 0.998838
v 0.011170 -0.723969 1.004009
v 0.017542 -0.729218 1.009542
v 0.000138 -0.727452 1.014557
v 0.005791 -0.732904 1.020677
v -0.011282 -0.728623 1.025340
v -0.006367 -0.734143 1.032039
v -0.022725 -0.727452 1.036161
v -0.018539 -0.732904 1.043422
v -0.033827 -0.723969 1.046820
v -0.030332 -0.729218 1.054623
v -0.044239 -0.718259 1.057117
v -0.041371 -0.723177 1.065434
v -0.053644 -0.710462 1.066845
v -0.051318 -0.714928 1.075642
v -0.061774 -0.700772 1.075797
v -0.059885 -0.704675 1.085032
v -0.068415 -0.689426 1.083763
v -0.066847 -0.692670 1.093383
v -0.073416 -0.676703 1.090535
v -0.072047 -0.679209 1.100478
v -0.076693 -0.662918 1.095916
v -0.075399 -0.664624 1.106108
v -0.078225 -0.648409 1.099725
v -0.076889 -0.649273 1.110080
v -0.078048 -0.633534 1.101808
v -0.076562 -0.633534 1.112229
v -0.035993 -0.724912 1.074389
v -0.024756 -0.731070 1.063438
v -0.012734 -0.734827 1.052072
v -0.000309 -0.736089 1.040500
v 0.012117 -0.734827 1.028928
v 0.024139 -0.731070 1.017562
v 0.035376 -0.724912 1.006611
v 0.045480 -0.716503 0.996289
v 0.054160 -0.706052 0.986815
v 0.061185 -0.693815 0.978407
v 0.066397 -0.680093 0.971287
v 0.069714 -0.665225 0.965666
v 0.071123 -0.649577 0.961737
v 0.070676 -0.633534 0.959670
v 0.071123 -0.649577 0.961737
v 0.056563 -0.592180 0.954417
v 0.047504 -0.592180 0.953046
v 0.064563 -0.592180 0.960173
v 0.043085 -0.518871 0.960927
v 0.033981 -0.518871 0.960402
v 0.051308 -0.518871 0.966059
v 0.051308 -0.518871 0.966059
v 0.029773 -0.437144 0.969576
v 0.020628 -0.437144 0.970002
v 0.038264 -0.437144 0.974027
v 0.018405 -0.356463 0.979553
v 0.009229 -0.356463 0.980926
v 0.027177 -0.356463 0.983347
v 0.008910 -0.276827 0.990804
v -0.000286 -0.276827 0.993119
v 0.017979 -0.276827 0.993964
v 0.001618 -0.202747 1.002520
v -0.007588 -0.202747 1.005718
v 0.010980 -0.202747 1.005104
v -0.046098 -0.716503 1.084711
v -0.054777 -0.706052 1.094186
v -0.061802 -0.693815 1.102593
v -0.067015 -0.680093 1.109713
v -0.070332 -0.665225 1.115334
v -0.071740 -0.649577 1.119263
v -0.071740 -0.649577 1.119263
v -0.071293 -0.633534 1.121330
v -0.065180 -0.592180 1.120828
v -0.070858 -0.592180 1.112196
v -0.072793 -0.592180 1.102004
v -0.058192 -0.518871 1.106987
v -0.060733 -0.518871 1.096996
v -0.051925 -0.518871 1.114942
v -0.051925 -0.518871 1.114942
v -0.045785 -0.437144 1.099789
v -0.049011 -0.437144 1.090014
v -0.038881 -0.437144 1.106974
v -0.035309 -0.356463 1.091245
v -0.039223 -0.356463 1.081674
v -0.027794 -0.356463 1.097653
v -0.026696 -0.276827 1.081409
v -0.031298 -0.276827 1.072032
v -0.018596 -0.276827 1.087036
v -0.020225 -0.202747 1.071008
v -0.025475 -0.202747 1.061805
v -0.011597 -0.202747 1.075897
v 0.053585 -0.633534 0.951918
v 0.052817 -0.662918 0.956869
v 0.054059 -0.648409 0.953524
v 0.049815 -0.676704 0.961808
v 0.045068 -0.689426 0.968173
v 0.038654 -0.700772 0.975775
v 0.030717 -0.710463 0.984416
v 0.021467 -0.718259 0.993895
v 0.011170 -0.723969 1.004009
v 0.000138 -0.727452 1.014557
v -0.011282 -0.728623 1.025340
v -0.022725 -0.727452 1.036161
v -0.033827 -0.723969 1.046820
v -0.044239 -0.718259 1.057117
v -0.053644 -0.710462 1.066845
v -0.061774 -0.700772 1.075797
v -0.068415 -0.689426 1.083763
v -0.073416 -0.676703 1.090535
v -0.076693 -0.662918 1.095916
v -0.078225 -0.648409 1.099725
v -0.078048 -0.633534 1.101808
v -0.072793 -0.592180 1.102004
v 0.047504 -0.592180 0.953046
v 0.033981 -0.518871 0.960402
v -0.060733 -0.518871 1.096996
v -0.049011 -0.437144 1.090014
v 0.020628 -0.437144 0.970002
v -0.039223 -0.356463 1.081674
v 0.009229 -0.356463 0.980926
v -0.031298 -0.276827 1.072032
v -0.000286 -0.276827 0.993119
v -0.025475 -0.202747 1.061805
v -0.007588 -0.202747 1.005718
v -0.536846 -0.033976 1.127363
v -0.551721 -0.042630 1.127476
v -0.552584 -0.033475 1.125495
v -0.536846 -0.043103 1.129083
v -0.566229 -0.043872 1.124132
v -0.567935 -0.034794 1.121796
v -0.580015 -0.046873 1.119192
v -0.582521 -0.037985 1.116425
v -0.592737 -0.051621 1.112827
v -0.595982 -0.043036 1.109568
v -0.604083 -0.058035 1.105225
v -0.607986 -0.049865 1.101431
v -0.613774 -0.065971 1.096584
v -0.618239 -0.058318 1.092224
v -0.621570 -0.075221 1.087105
v -0.626488 -0.068174 1.082162
v -0.627280 -0.085519 1.076992
v -0.632530 -0.079146 1.071459
v -0.630763 -0.096551 1.066444
v -0.636215 -0.090898 1.060323
v -0.631934 -0.107971 1.055660
v -0.637454 -0.103056 1.048962
v -0.630763 -0.119414 1.044839
v -0.636215 -0.115228 1.037578
v -0.627280 -0.130516 1.034180
v -0.632530 -0.127020 1.026377
v -0.621570 -0.140927 1.023883
v -0.626488 -0.138059 1.015566
v -0.613774 -0.150333 1.014155
v -0.618239 -0.148007 1.005358
v -0.604083 -0.158463 1.005203
v -0.607986 -0.156574 0.995969
v -0.592737 -0.165104 0.997238
v -0.595982 -0.163536 0.987618
v -0.580015 -0.170105 0.990466
v -0.582521 -0.168736 0.980522
v -0.566229 -0.173382 0.985084
v -0.567935 -0.172088 0.974892
v -0.551721 -0.174914 0.981275
v -0.552584 -0.173577 0.970920
v -0.536845 -0.174737 0.979192
v -0.536845 -0.173251 0.968772
v -0.628223 -0.132682 1.006611
v -0.634381 -0.121445 1.017562
v -0.638138 -0.109423 1.028928
v -0.639401 -0.096997 1.040500
v -0.638138 -0.084572 1.052073
v -0.634381 -0.072549 1.063438
v -0.628223 -0.061313 1.074389
v -0.619814 -0.051208 1.084711
v -0.609363 -0.042529 1.094186
v -0.597126 -0.035504 1.102593
v -0.583405 -0.030291 1.109713
v -0.568537 -0.026974 1.115335
v -0.552889 -0.025565 1.119263
v -0.536845 -0.026012 1.121330
v -0.552889 -0.025565 1.119263
v -0.495491 -0.040126 1.126584
v -0.495491 -0.049184 1.127954
v -0.495491 -0.032125 1.120828
v -0.422182 -0.053604 1.120073
v -0.422182 -0.062708 1.120599
v -0.422182 -0.045380 1.114942
v -0.422182 -0.045380 1.114942
v -0.340455 -0.066915 1.111424
v -0.340455 -0.076061 1.110999
v -0.340455 -0.058425 1.106974
v -0.422182 -0.045380 1.114942
v -0.259774 -0.078284 1.101447
v -0.259774 -0.087460 1.100075
v -0.259774 -0.069512 1.097653
v -0.180138 -0.087779 1.090196
v -0.180138 -0.096975 1.087882
v -0.180138 -0.078709 1.087036
v -0.106059 -0.095070 1.078481
v -0.106059 -0.104276 1.075282
v -0.106059 -0.085708 1.075897
v -0.619814 -0.142786 0.996290
v -0.609363 -0.151465 0.986815
v -0.597126 -0.158490 0.978408
v -0.583405 -0.163703 0.971287
v -0.568537 -0.167020 0.965666
v -0.552889 -0.168429 0.961738
v -0.552889 -0.168429 0.961738
v -0.536845 -0.167982 0.959670
v -0.495491 -0.161869 0.960173
v -0.495491 -0.167547 0.968804
v -0.495491 -0.169482 0.978996
v -0.422182 -0.154881 0.974013
v -0.422182 -0.157421 0.984004
v -0.422182 -0.148614 0.966059
v -0.422182 -0.148614 0.966059
v -0.340455 -0.142474 0.981211
v -0.340455 -0.145700 0.990986
v -0.340455 -0.135569 0.974027
v -0.259774 -0.131998 0.989755
v -0.259774 -0.135911 0.999326
v -0.259774 -0.124483 0.983347
v -0.180138 -0.123385 0.999592
v -0.180138 -0.127987 1.008969
v -0.180138 -0.115285 0.993964
v -0.106059 -0.116913 1.009992
v -0.106059 -0.122164 1.019196
v -0.106059 -0.108286 1.005104
v -0.536846 -0.043103 1.129083
v -0.566229 -0.043872 1.124132
v -0.551721 -0.042630 1.127476
v -0.580015 -0.046873 1.119192
v -0.592737 -0.051621 1.112827
v -0.604083 -0.058035 1.105225
v -0.613774 -0.065971 1.096584
v -0.621570 -0.075221 1.087105
v -0.627280 -0.085519 1.076992
v -0.630763 -0.096551 1.066444
v -0.631934 -0.107971 1.055660
v -0.630763 -0.119414 1.044839
v -0.627280 -0.130516 1.034180
v -0.621570 -0.140927 1.023883
v -0.613774 -0.150333 1.014155
v -0.604083 -0.158463 1.005203
v -0.592737 -0.165104 0.997238
v -0.580015 -0.170105 0.990466
v -0.566229 -0.173382 0.985084
v -0.551721 -0.174914 0.981275
v -0.536845 -0.174737 0.979192
v -0.495491 -0.169482 0.978996
v -0.495491 -0.049184 1.127954
v -0.422182 -0.062708 1.120599
v -0.422182 -0.157421 0.984004
v -0.340455 -0.145700 0.990986
v -0.340455 -0.076061 1.110999
v -0.259774 -0.135911 0.999326
v -0.259774 -0.087460 1.100075
v -0.180138 -0.127987 1.008969
v -0.180138 -0.096975 1.087882
v -0.106059 -0.122164 1.019196
v -0.106059 -0.104276 1.075282
v -0.536846 -0.160019 0.953637
v -0.551721 -0.151365 0.953524
v -0.552584 -0.160520 0.955505
v -0.536846 -0.150891 0.951918
v -0.566230 -0.150123 0.956869
v -0.567935 -0.159200 0.959205
v -0.580015 -0.147121 0.961808
v -0.582521 -0.156010 0.964576
v -0.592737 -0.142374 0.968173
v -0.595982 -0.150959 0.971432
v -0.604083 -0.135960 0.975775
v -0.607986 -0.144130 0.979570
v -0.613774 -0.128023 0.984416
v -0.618239 -0.135676 0.988777
v -0.621570 -0.118773 0.993895
v -0.626488 -0.125820 0.998839
v -0.627280 -0.108475 1.004009
v -0.632530 -0.114848 1.009542
v -0.630763 -0.097443 1.014557
v -0.636215 -0.103097 1.020677
v -0.631934 -0.086023 1.025340
v -0.637454 -0.090938 1.032039
v -0.630763 -0.074580 1.036161
v -0.636215 -0.078767 1.043422
v -0.627280 -0.063479 1.046821
v -0.632530 -0.066974 1.054623
v -0.621570 -0.053067 1.057117
v -0.626488 -0.055935 1.065434
v -0.613774 -0.043661 1.066845
v -0.618239 -0.045988 1.075642
v -0.604083 -0.035531 1.075797
v -0.607986 -0.037421 1.085032
v -0.592737 -0.028891 1.083763
v -0.595982 -0.030459 1.093383
v -0.580015 -0.023889 1.090535
v -0.582521 -0.025259 1.100478
v -0.566229 -0.020612 1.095916
v -0.567935 -0.021906 1.106108
v -0.551721 -0.019081 1.099725
v -0.552584 -0.020417 1.110081
v -0.536845 -0.019258 1.101808
v -0.536845 -0.020744 1.112229
v -0.628223 -0.061313 1.074389
v -0.634381 -0.072549 1.063438
v -0.638138 -0.084572 1.052073
v -0.639401 -0.096997 1.040500
v -0.638138 -0.109423 1.028928
v -0.634381 -0.121445 1.017562
v -0.628223 -0.132682 1.006611
v -0.619814 -0.142786 0.996290
v -0.609363 -0.151465 0.986815
v -0.597126 -0.158490 0.978408
v -0.583405 -0.163703 0.971287
v -0.568537 -0.167020 0.965666
v -0.552889 -0.168429 0.961738
v -0.536845 -0.167982 0.959670
v -0.552889 -0.168429 0.961738
v -0.495491 -0.153869 0.954417
v -0.495491 -0.144810 0.953046
v -0.495491 -0.161869 0.960173
v -0.422182 -0.140391 0.960927
v -0.422182 -0.131286 0.960402
v -0.422182 -0.148614 0.966059
v -0.422182 -0.148614 0.966059
v -0.340455 -0.127079 0.969576
v -0.340455 -0.117934 0.970002
v -0.340455 -0.135569 0.974027
v -0.259774 -0.115710 0.979554
v -0.259774 -0.106534 0.980926
v -0.259774 -0.124483 0.983347
v -0.180138 -0.106216 0.990804
v -0.180138 -0.097020 0.993119
v -0.180138 -0.115285 0.993964
v -0.106059 -0.098924 1.002520
v -0.106059 -0.089718 1.005718
v -0.106059 -0.108286 1.005104
v -0.619814 -0.051208 1.084711
v -0.609363 -0.042529 1.094186
v -0.597126 -0.035504 1.102593
v -0.583405 -0.030291 1.109713
v -0.568537 -0.026974 1.115335
v -0.552889 -0.025565 1.119263
v -0.552889 -0.025565 1.119263
v -0.536845 -0.026012 1.121330
v -0.495491 -0.032125 1.120828
v -0.495491 -0.026447 1.112196
v -0.495491 -0.024513 1.102004
v -0.422182 -0.039114 1.106988
v -0.422182 -0.036573 1.096996
v -0.422182 -0.045380 1.114942
v -0.422182 -0.045380 1.114942
v -0.340455 -0.051521 1.099790
v -0.340455 -0.048294 1.090014
v -0.340455 -0.058425 1.106974
v -0.422182 -0.045380 1.114942
v -0.259774 -0.061997 1.091245
v -0.259774 -0.058083 1.081674
v -0.259774 -0.069512 1.097653
v -0.180138 -0.070610 1.081409
v -0.180138 -0.066008 1.072032
v -0.180138 -0.078709 1.087036
v -0.106059 -0.077081 1.071008
v -0.106059 -0.071831 1.061805
v -0.106059 -0.085708 1.075897
v -0.536846 -0.150891 0.951918
v -0.566230 -0.150123 0.956869
v -0.551721 -0.151365 0.953524
v -0.580015 -0.147121 0.961808
v -0.592737 -0.142374 0.968173
v -0.604083 -0.135960 0.975775
v -0.613774 -0.128023 0.984416
v -0.621570 -0.118773 0.993895
v -0.627280 -0.108475 1.004009
v -0.630763 -0.097443 1.014557
v -0.631934 -0.086023 1.025340
v -0.630763 -0.074580 1.036161
v -0.627280 -0.063479 1.046821
v -0.621570 -0.053067 1.057117
v -0.613774 -0.043661 1.066845
v -0.604083 -0.035531 1.075797
v -0.592737 -0.028891 1.083763
v -0.580015 -0.023889 1.090535
v -0.566229 -0.020612 1.095916
v -0.551721 -0.019081 1.099725
v -0.536845 -0.019258 1.101808
v -0.495491 -0.024513 1.102004
v -0.495491 -0.144810 0.953046
v -0.422182 -0.131286 0.960402
v -0.422182 -0.036573 1.096996
v -0.340455 -0.048294 1.090014
v -0.340455 -0.117934 0.970002
v -0.259774 -0.058083 1.081674
v -0.259774 -0.106534 0.980926
v -0.180138 -0.066008 1.072032
v -0.180138 -0.097020 0.993119
v -0.106059 -0.071831 1.061805
v -0.106059 -0.089718 1.005718
vn -0.0000 0.3230 0.9464
vn -0.0998 0.3072 0.9464
vn -0.0000 -0.0000 1.0000
vn -0.1899 0.2613 0.9464
vn -0.2613 0.1899 0.9464
vn -0.3072 0.0998 0.9464
vn -0.3230 -0.0000 0.9464
vn -0.3072 -0.0998 0.9464
vn -0.2613 -0.1899 0.9464
vn -0.1899 -0.2613 0.9464
vn -0.0998 -0.3072 0.9464
vn -0.0000 -0.3230 0.9464
vn 0.0998 -0.3072 0.9464
vn 0.1899 -0.2613 0.9464
vn 0.2613 -0.1899 0.9464
vn 0.3072 -0.0998 0.9464
vn 0.3230 -0.0000 0.9464
vn -0.1847 0.5686 0.8016
vn -0.3514 0.4837 0.8016
vn -0.4837 0.3514 0.8016
vn -0.5686 0.1847 0.8016
vn -0.5978 -0.0000 0.8016
vn -0.5686 -0.1847 0.8016
vn -0.4837 -0.3514 0.8016
vn -0.3514 -0.4837 0.8016
vn -0.1847 -0.5686 0.8016
vn -0.0000 -0.5978 0.8016
vn 0.1847 -0.5686 0.8016
vn 0.3514 -0.4837 0.8016
vn 0.4837 -0.3514 0.8016
vn 0.5686 -0.1847 0.8016
vn 0.5978 -0.0000 0.8016
vn 0.5686 0.1847 0.8016
vn 0.3072 0.0998 0.9464
vn 0.2613 0.1899 0.9464
vn 0.1899 0.2613 0.9464
vn 0.0998 0.3072 0.9464
vn 0.4837 0.3514 0.8016
vn 0.3514 0.4837 0.8016
vn 0.1847 0.5686 0.8016
vn -0.0000 0.5978 0.8016
vn -0.2516 0.7744 0.5805
vn -0.0000 0.8143 0.5805
vn -0.4786 0.6588 0.5805
vn -0.6588 0.4786 0.5805
vn -0.7744 0.2516 0.5805
vn -0.8143 -0.0000 0.5805
vn -0.7744 -0.2516 0.5805
vn -0.6588 -0.4786 0.5805
vn -0.4786 -0.6588 0.5805
vn -0.2516 -0.7744 0.5805
vn -0.0000 -0.8143 0.5805
vn 0.2516 -0.7744 0.5805
vn 0.4786 -0.6588 0.5805
vn 0.6588 -0.4786 0.5805
vn 0.7744 -0.2516 0.5805
vn 0.8143 -0.0000 0.5805
vn 0.7744 0.2516 0.5805
vn 0.6588 0.4786 0.5805
vn 0.4786 0.6588 0.5805
vn 0.2516 0.7744 0.5805
vn -0.2943 0.9059 0.3045
vn -0.0000 0.9525 0.3045
vn -0.5599 0.7706 0.3045
vn -0.7706 0.5599 0.3045
vn -0.9059 0.2943 0.3045
vn -0.9525 -0.0000 0.3045
vn -0.9059 -0.2943 0.3045
vn -0.7706 -0.5599 0.3045
vn -0.5599 -0.7706 0.3045
vn -0.2943 -0.9059 0.3045
vn -0.0000 -0.9525 0.3045
vn 0.2943 -0.9059 0.3045
vn 0.5599 -0.7706 0.3045
vn 0.7706 -0.5599 0.3045
vn 0.9059 -0.2943 0.3045
vn 0.9525 -0.0000 0.3045
vn 0.9059 0.2943 0.3045
vn 0.7706 0.5599 0.3045
vn 0.5599 0.7706 0.3045
vn 0.2943 0.9059 0.3045
vn 0.9482 -0.3081 0.0779
vn 0.8066 -0.5860 0.0779
vn 0.5860 -0.8066 0.0779
vn 0.3081 -0.9482 0.0779
vn -0.0000 -0.9970 0.0779
vn -0.3081 -0.9482 0.0779
vn -0.5860 -0.8066 0.0779
vn -0.8066 -0.5860 0.0779
vn -0.9482 -0.3081 0.0779
vn -0.9970 -0.0000 0.0779
vn -0.9482 0.3081 0.0779
vn -0.8066 0.5860 0.0779
vn -0.5860 0.8066 0.0779
vn -0.3081 0.9482 0.0779
vn -0.0000 0.9970 0.0778
vn -0.0000 1.0000 -0.0001
vn -0.3090 0.9511 -0.0000
vn -0.5878 0.8090 -0.0000
vn -0.8090 0.5878 -0.0000
vn -0.9511 0.3090 -0.0000
vn -1.0000 -0.0000 -0.0000
vn -0.9511 -0.3090 -0.0000
vn -0.8090 -0.5878 -0.0000
vn -0.5878 -0.8090 -0.0000
vn -0.3090 -0.9511 -0.0000
vn -0.0000 -1.0000 -0.0000
vn 0.3090 -0.9511 -0.0000
vn 0.5878 -0.8090 -0.0000
vn 0.8090 -0.5878 -0.0000
vn 0.9511 -0.3090 -0.0000
vn 0.9970 -0.0000 0.0779
vn 0.9482 0.3081 0.0779
vn 0.8066 0.5860 0.0779
vn 0.5860 0.8066 0.0779
vn 0.3081 0.9482 0.0779
vn -0.0000 0.9970 0.0779
vn 1.0000 -0.0000 -0.0000
vn 0.9511 0.3090 -0.0000
vn 0.8090 0.5878 -0.0000
vn 0.5878 0.8090 -0.0000
vn 0.3090 0.9511 -0.0000
vn -0.0000 1.0000 -0.0000
vn 0.1703 -0.4143 0.8941
vn 0.1672 -0.1904 0.9674
vn 0.0048 -0.4089 0.9126
vn 0.0184 -0.1851 0.9825
vn 0.3003 -0.1815 0.9364
vn 0.3195 -0.4003 0.8589
vn 0.4242 -0.1554 0.8921
vn 0.4591 -0.3664 0.8093
vn 0.5357 -0.1129 0.8368
vn 0.5849 -0.3139 0.7479
vn 0.6317 -0.0556 0.7732
vn 0.6937 -0.2446 0.6775
vn 0.7102 0.0145 0.7039
vn 0.7828 -0.1613 0.6010
vn 0.7699 0.0952 0.6310
vn 0.8510 -0.0669 0.5209
vn 0.8102 0.1840 0.5565
vn 0.8978 0.0358 0.4390
vn 0.8308 0.2788 0.4816
vn 0.9230 0.1441 0.3568
vn 0.8317 0.3774 0.4072
vn 0.9269 0.2557 0.2748
vn 0.8128 0.4775 0.3337
vn 0.9093 0.3683 0.1935
vn 0.7742 0.5764 0.2616
vn 0.8703 0.4793 0.1133
vn 0.7162 0.6712 0.1913
vn 0.8099 0.5856 0.0347
vn 0.6397 0.7586 0.1239
vn 0.7286 0.6837 -0.0411
vn 0.5464 0.8353 0.0605
vn 0.6279 0.7702 -0.1125
vn 0.4392 0.8984 0.0028
vn 0.5104 0.8414 -0.1775
vn 0.3216 0.9457 -0.0475
vn 0.3799 0.8950 -0.2337
vn 0.1976 0.9763 -0.0887
vn 0.2408 0.9295 -0.2792
vn 0.0711 0.9903 -0.1193
vn 0.0976 0.9450 -0.3121
vn -0.0628 0.9879 -0.1416
vn -0.0556 0.9415 -0.3325
vn 0.8980 0.3552 -0.2598
vn 0.9548 0.2410 -0.1740
vn 0.9887 0.1217 -0.0871
vn 0.9887 -0.1217 0.0872
vn 0.9548 -0.2410 0.1740
vn 0.8980 -0.3552 0.2598
vn 0.8182 -0.4612 0.3433
vn 0.7163 -0.5554 0.4225
vn 0.5942 -0.6341 0.4948
vn 0.4553 -0.6942 0.5576
vn 0.3038 -0.7336 0.6079
vn 0.1447 -0.7516 0.6436
vn -0.0294 -0.7484 0.6626
vn -0.1077 -0.3743 0.9210
vn -0.0820 -0.1480 0.9856
vn -0.1452 -0.7143 0.6846
vn -0.1439 -0.2974 0.9438
vn -0.1123 -0.0536 0.9922
vn -0.1766 -0.6581 0.7320
vn -0.1436 -0.2116 0.9667
vn -0.1129 0.0498 0.9924
vn -0.1713 -0.5929 0.7868
vn -0.1468 -0.1255 0.9812
vn -0.1171 0.1505 0.9817
vn -0.1694 -0.5227 0.8355
vn -0.1550 -0.0425 0.9870
vn -0.1238 0.2457 0.9614
vn -0.1727 -0.4479 0.8772
vn -0.1535 0.0457 0.9871
vn -0.1273 0.3255 0.9369
vn -0.1672 -0.3784 0.9104
vn 0.8182 0.4612 -0.3433
vn 0.7163 0.5554 -0.4225
vn 0.5942 0.6341 -0.4948
vn 0.4553 0.6942 -0.5575
vn 0.3038 0.7336 -0.6079
vn 0.1447 0.7516 -0.6436
vn -0.0294 0.7484 -0.6626
vn -0.1452 0.7143 -0.6846
vn -0.1550 0.9145 -0.3737
vn -0.1514 0.9707 -0.1869
vn -0.1787 0.8816 -0.4369
vn -0.1698 0.9544 -0.2455
vn -0.1766 0.6581 -0.7320
vn -0.1691 0.8432 -0.5103
vn -0.1575 0.9369 -0.3121
vn -0.1713 0.5929 -0.7868
vn -0.1624 0.7981 -0.5802
vn -0.1473 0.9145 -0.3769
vn -0.1694 0.5227 -0.8355
vn -0.1591 0.7475 -0.6450
vn -0.1399 0.8877 -0.4387
vn -0.1727 0.4480 -0.8772
vn -0.1546 0.7041 -0.6931
vn -0.1354 0.8606 -0.4910
vn -0.1672 0.3784 -0.9104
vn 0.0972 0.7185 0.6886
vn 0.1007 0.7007 0.7063
vn 0.0570 0.7401 0.6701
vn 0.1053 0.6853 0.7206
vn 0.1101 0.6732 0.7312
vn 0.1141 0.6652 0.7379
vn 0.1163 0.6616 0.7408
vn 0.1156 0.6625 0.7401
vn 0.1111 0.6674 0.7364
vn 0.1023 0.6757 0.7300
vn 0.0889 0.6865 0.7217
vn 0.0710 0.6986 0.7120
vn 0.0492 0.7108 0.7016
vn 0.0246 0.7222 0.6913
vn -0.0015 0.7317 0.6816
vn -0.0275 0.7389 0.6732
vn -0.0515 0.7438 0.6664
vn -0.0720 0.7465 0.6615
vn -0.0877 0.7475 0.6584
vn -0.0975 0.7476 0.6569
vn -0.0995 0.7477 0.6566
vn -0.0615 0.7797 0.6231
vn 0.0893 0.7749 0.6258
vn 0.0357 0.8162 0.5766
vn -0.0837 0.8189 0.5678
vn -0.0383 0.8481 0.5285
vn 0.0542 0.8736 0.4835
vn -0.0239 0.8883 0.4587
vn 0.0428 0.9075 0.4179
vn -0.0108 0.9214 0.3885
vn 0.0331 0.9346 0.3541
vn 0.0071 0.9413 0.3375
vn 0.0422 0.9519 0.3036
vn 0.1702 0.4143 -0.8941
vn 0.1672 0.1904 -0.9674
vn 0.0048 0.4089 -0.9126
vn 0.0184 0.1851 -0.9825
vn 0.3003 0.1815 -0.9364
vn 0.3195 0.4003 -0.8589
vn 0.4242 0.1554 -0.8921
vn 0.4591 0.3664 -0.8093
vn 0.5357 0.1129 -0.8368
vn 0.5850 0.3139 -0.7479
vn 0.6317 0.0556 -0.7732
vn 0.6937 0.2446 -0.6775
vn 0.7102 -0.0145 -0.7039
vn 0.7828 0.1613 -0.6010
vn 0.7699 -0.0952 -0.6310
vn 0.8510 0.0669 -0.5209
vn 0.8102 -0.1840 -0.5565
vn 0.8978 -0.0358 -0.4390
vn 0.8308 -0.2788 -0.4816
vn 0.9230 -0.1441 -0.3568
vn 0.8317 -0.3774 -0.4072
vn 0.9269 -0.2557 -0.2748
vn 0.8128 -0.4775 -0.3337
vn 0.9093 -0.3683 -0.1935
vn 0.7742 -0.5764 -0.2616
vn 0.8703 -0.4793 -0.1133
vn 0.7162 -0.6712 -0.1913
vn 0.8099 -0.5856 -0.0347
vn 0.6397 -0.7586 -0.1239
vn 0.7286 -0.6837 0.0411
vn 0.5464 -0.8353 -0.0605
vn 0.6279 -0.7702 0.1125
vn 0.4392 -0.8984 -0.0028
vn 0.5104 -0.8414 0.1775
vn 0.3216 -0.9457 0.0475
vn 0.3799 -0.8950 0.2337
vn 0.1976 -0.9763 0.0887
vn 0.2408 -0.9295 0.2792
vn 0.0711 -0.9903 0.1193
vn 0.0976 -0.9450 0.3121
vn -0.0628 -0.9879 0.1416
vn -0.0556 -0.9415 0.3325
vn 0.9887 -0.1217 0.0871
vn 0.8182 0.4612 -0.3432
vn 0.5942 0.6340 -0.4948
vn 0.4553 0.6942 -0.5576
vn -0.1077 0.3743 -0.9210
vn -0.0820 0.1480 -0.9856
vn -0.1439 0.2974 -0.9438
vn -0.1123 0.0536 -0.9922
vn -0.1766 0.6580 -0.7320
vn -0.1436 0.2116 -0.9667
vn -0.1129 -0.0498 -0.9924
vn -0.1468 0.1255 -0.9812
vn -0.1171 -0.1505 -0.9817
vn -0.1550 0.0425 -0.9870
vn -0.1238 -0.2457 -0.9614
vn -0.1727 0.4479 -0.8772
vn -0.1535 -0.0457 -0.9871
vn -0.1273 -0.3255 -0.9369
vn 0.8182 -0.4612 0.3432
vn 0.5942 -0.6340 0.4949
vn 0.4553 -0.6942 0.5575
vn -0.1550 -0.9145 0.3737
vn -0.1514 -0.9706 0.1869
vn -0.1787 -0.8816 0.4369
vn -0.1698 -0.9544 0.2455
vn -0.1766 -0.6580 0.7320
vn -0.1691 -0.8432 0.5103
vn -0.1575 -0.9369 0.3121
vn -0.1624 -0.7981 0.5802
vn -0.1473 -0.9145 0.3769
vn -0.1591 -0.7475 0.6450
vn -0.1399 -0.8877 0.4387
vn -0.1727 -0.4480 0.8772
vn -0.1546 -0.7041 0.6931
vn -0.1354 -0.8606 0.4910
vn 0.0972 -0.7185 -0.6886
vn 0.1007 -0.7008 -0.7063
vn 0.0569 -0.7401 -0.6701
vn 0.1053 -0.6853 -0.7206
vn 0.1101 -0.6732 -0.7312
vn 0.1141 -0.6652 -0.7379
vn 0.1163 -0.6616 -0.7408
vn 0.1156 -0.6625 -0.7401
vn 0.1111 -0.6674 -0.7364
vn 0.1023 -0.6757 -0.7300
vn 0.0889 -0.6865 -0.7217
vn 0.0710 -0.6986 -0.7120
vn 0.0492 -0.7108 -0.7016
vn 0.0246 -0.7222 -0.6913
vn -0.0016 -0.7317 -0.6816
vn -0.0275 -0.7389 -0.6732
vn -0.0515 -0.7438 -0.6664
vn -0.0720 -0.7465 -0.6615
vn -0.0877 -0.7475 -0.6584
vn -0.0975 -0.7476 -0.6569
vn -0.0995 -0.7477 -0.6566
vn -0.0615 -0.7797 -0.6231
vn 0.0893 -0.7749 -0.6258
vn 0.0357 -0.8162 -0.5766
vn -0.0837 -0.8189 -0.5678
vn -0.0383 -0.8481 -0.5285
vn 0.0542 -0.8736 -0.4835
vn -0.0239 -0.8883 -0.4587
vn 0.0428 -0.9075 -0.4179
vn -0.0108 -0.9214 -0.3885
vn 0.0331 -0.9346 -0.3541
vn 0.0071 -0.9413 -0.3375
vn 0.0422 -0.9519 -0.3036
vn 0.4143 0.1703 0.8941
vn 0.1904 0.1672 0.9674
vn 0.4089 0.0048 0.9126
vn 0.1851 0.0184 0.9825
vn 0.1815 0.3003 0.9364
vn 0.4003 0.3195 0.8589
vn 0.1554 0.4242 0.8921
vn 0.3664 0.4591 0.8093
vn 0.1129 0.5357 0.8368
vn 0.3139 0.5850 0.7479
vn 0.0556 0.6317 0.7732
vn 0.2446 0.6937 0.6775
vn -0.0145 0.7102 0.7039
vn 0.1613 0.7828 0.6010
vn -0.0952 0.7699 0.6310
vn 0.0669 0.8510 0.5209
vn -0.1840 0.8102 0.5565
vn -0.0358 0.8978 0.4390
vn -0.2788 0.8308 0.4816
vn -0.1441 0.9230 0.3568
vn -0.3774 0.8317 0.4072
vn -0.2557 0.9269 0.2748
vn -0.4775 0.8128 0.3337
vn -0.3683 0.9093 0.1935
vn -0.5764 0.7742 0.2616
vn -0.4793 0.8703 0.1133
vn -0.6712 0.7162 0.1913
vn -0.5856 0.8099 0.0347
vn -0.7586 0.6397 0.1239
vn -0.6837 0.7286 -0.0411
vn -0.8353 0.5464 0.0605
vn -0.7702 0.6279 -0.1125
vn -0.8984 0.4392 0.0028
vn -0.8414 0.5104 -0.1775
vn -0.9457 0.3216 -0.0475
vn -0.8950 0.3799 -0.2337
vn -0.9763 0.1976 -0.0887
vn -0.9295 0.2408 -0.2792
vn -0.9903 0.0711 -0.1193
vn -0.9450 0.0976 -0.3121
vn -0.9879 -0.0628 -0.1416
vn -0.9415 -0.0556 -0.3325
vn -0.3552 0.8980 -0.2598
vn -0.2410 0.9548 -0.1740
vn -0.1217 0.9887 -0.0872
vn 0.1217 0.9887 0.0871
vn 0.2410 0.9548 0.1740
vn 0.3552 0.8980 0.2598
vn 0.4612 0.8182 0.3433
vn 0.5554 0.7163 0.4225
vn 0.6341 0.5942 0.4948
vn 0.6942 0.4553 0.5576
vn 0.7336 0.3038 0.6079
vn 0.7516 0.1447 0.6436
vn 0.7484 -0.0294 0.6626
vn 0.3743 -0.1077 0.9210
vn 0.1480 -0.0820 0.9856
vn 0.7143 -0.1452 0.6846
vn 0.2974 -0.1439 0.9438
vn 0.0536 -0.1123 0.9922
vn 0.6581 -0.1766 0.7320
vn 0.2116 -0.1436 0.9667
vn -0.0498 -0.1129 0.9924
vn 0.5929 -0.1713 0.7868
vn 0.1255 -0.1468 0.9812
vn -0.1505 -0.1171 0.9817
vn 0.5227 -0.1694 0.8355
vn 0.0425 -0.1550 0.9870
vn -0.2457 -0.1238 0.9614
vn 0.4479 -0.1727 0.8772
vn -0.0457 -0.1535 0.9871
vn -0.3255 -0.1273 0.9369
vn 0.3784 -0.1672 0.9104
vn -0.4612 0.8182 -0.3432
vn -0.5554 0.7163 -0.4225
vn -0.6341 0.5942 -0.4948
vn -0.6942 0.4553 -0.5575
vn -0.7336 0.3038 -0.6079
vn -0.7516 0.1447 -0.6436
vn -0.7484 -0.0294 -0.6626
vn -0.7143 -0.1452 -0.6846
vn -0.9145 -0.1550 -0.3737
vn -0.9707 -0.1514 -0.1869
vn -0.8816 -0.1787 -0.4369
vn -0.9544 -0.1698 -0.2455
vn -0.6581 -0.1766 -0.7320
vn -0.8432 -0.1691 -0.5103
vn -0.9369 -0.1575 -0.3121
vn -0.5929 -0.1713 -0.7868
vn -0.7981 -0.1624 -0.5802
vn -0.9145 -0.1473 -0.3769
vn -0.5227 -0.1694 -0.8355
vn -0.7475 -0.1591 -0.6450
vn -0.8877 -0.1399 -0.4387
vn -0.4480 -0.1727 -0.8772
vn -0.7041 -0.1546 -0.6931
vn -0.8606 -0.1354 -0.4910
vn -0.3784 -0.1672 -0.9104
vn -0.7185 0.0972 0.6886
vn -0.7007 0.1007 0.7063
vn -0.7401 0.0570 0.6701
vn -0.6853 0.1053 0.7206
vn -0.6732 0.1101 0.7312
vn -0.6652 0.1141 0.7379
vn -0.6616 0.1163 0.7408
vn -0.6625 0.1156 0.7401
vn -0.6674 0.1111 0.7364
vn -0.6757 0.1023 0.7300
vn -0.6865 0.0889 0.7217
vn -0.6986 0.0710 0.7120
vn -0.7108 0.0492 0.7016
vn -0.7222 0.0246 0.6913
vn -0.7317 -0.0015 0.6816
vn -0.7389 -0.0275 0.6732
vn -0.7438 -0.0515 0.6664
vn -0.7465 -0.0720 0.6615
vn -0.7475 -0.0877 0.6584
vn -0.7476 -0.0975 0.6569
vn -0.7477 -0.0995 0.6566
vn -0.7797 -0.0615 0.6231
vn -0.7749 0.0893 0.6258
vn -0.8162 0.0357 0.5766
vn -0.8189 -0.0837 0.5678
vn -0.8481 -0.0383 0.5285
vn -0.8736 0.0542 0.4835
vn -0.8883 -0.0239 0.4587
vn -0.9075 0.0428 0.4179
vn -0.9214 -0.0108 0.3885
vn -0.9346 0.0331 0.3541
vn -0.9413 0.0071 0.3375
vn -0.9519 0.0422 0.3036
vn -0.4143 0.1702 -0.8941
vn -0.1904 0.1672 -0.9674
vn -0.4089 0.0048 -0.9126
vn -0.1851 0.0184 -0.9825
vn -0.1815 0.3003 -0.9364
vn -0.4003 0.3195 -0.8589
vn -0.1554 0.4242 -0.8921
vn -0.3664 0.4591 -0.8093
vn -0.1129 0.5357 -0.8368
vn -0.3139 0.5850 -0.7479
vn -0.0556 0.6317 -0.7732
vn -0.2446 0.6937 -0.6775
vn 0.0145 0.7102 -0.7039
vn -0.1613 0.7828 -0.6010
vn 0.0952 0.7699 -0.6310
vn -0.0669 0.8510 -0.5209
vn 0.1840 0.8102 -0.5565
vn 0.0358 0.8978 -0.4390
vn 0.2788 0.8308 -0.4816
vn 0.1441 0.9230 -0.3568
vn 0.3774 0.8317 -0.4072
vn 0.2557 0.9269 -0.2748
vn 0.4775 0.8128 -0.3337
vn 0.3683 0.9093 -0.1935
vn 0.5764 0.7742 -0.2616
vn 0.4793 0.8703 -0.1133
vn 0.6712 0.7162 -0.1913
vn 0.5856 0.8099 -0.0347
vn 0.7586 0.6397 -0.1239
vn 0.6837 0.7286 0.0411
vn 0.8353 0.5464 -0.0605
vn 0.7702 0.6279 0.1125
vn 0.8984 0.4392 -0.0028
vn 0.8414 0.5104 0.1775
vn 0.9457 0.3216 0.0475
vn 0.8950 0.3799 0.2337
vn 0.9763 0.1976 0.0887
vn 0.9295 0.2408 0.2792
vn 0.9903 0.0711 0.1193
vn 0.9450 0.0976 0.3121
vn 0.9879 -0.0628 0.1416
vn 0.9415 -0.0556 0.3325
vn 0.1217 0.9887 0.0872
vn -0.1217 0.9887 -0.0871
vn -0.4612 0.8182 -0.3433
vn -0.6340 0.5942 -0.4949
vn -0.6942 0.4553 -0.5576
vn -0.3743 -0.1077 -0.9210
vn -0.1480 -0.0820 -0.9856
vn -0.2974 -0.1439 -0.9438
vn -0.0536 -0.1123 -0.9922
vn -0.6580 -0.1766 -0.7320
vn -0.2116 -0.1436 -0.9667
vn 0.0498 -0.1129 -0.9924
vn -0.1255 -0.1468 -0.9812
vn 0.1505 -0.1171 -0.9817
vn -0.0425 -0.1550 -0.9870
vn 0.2457 -0.1238 -0.9614
vn -0.4479 -0.1727 -0.8772
vn 0.0457 -0.1535 -0.9871
vn 0.3255 -0.1273 -0.9369
vn 0.4612 0.8182 0.3432
vn 0.6340 0.5942 0.4949
vn 0.6942 0.4553 0.5575
vn 0.9145 -0.1550 0.3737
vn 0.9706 -0.1514 0.1869
vn 0.8816 -0.1787 0.4369
vn 0.9544 -0.1698 0.2455
vn 0.6580 -0.1766 0.7320
vn 0.8432 -0.1691 0.5103
vn 0.9369 -0.1575 0.3121
vn 0.7981 -0.1624 0.5802
vn 0.9145 -0.1473 0.3769
vn 0.7475 -0.1591 0.6450
vn 0.8877 -0.1399 0.4387
vn 0.4480 -0.1727 0.8772
vn 0.7041 -0.1546 0.6931
vn 0.8606 -0.1354 0.4910
vn 0.7185 0.0973 -0.6887
vn 0.7007 0.1007 -0.7063
vn 0.7401 0.0569 -0.6701
vn 0.6853 0.1053 -0.7206
vn 0.6732 0.1101 -0.7312
vn 0.6652 0.1141 -0.7379
vn 0.6616 0.1163 -0.7408
vn 0.6625 0.1156 -0.7401
vn 0.6674 0.1111 -0.7364
vn 0.6757 0.1023 -0.7300
vn 0.6865 0.0889 -0.7217
vn 0.6986 0.0710 -0.7120
vn 0.7108 0.0492 -0.7016
vn 0.7222 0.0246 -0.6913
vn 0.7317 -0.0016 -0.6816
vn 0.7389 -0.0275 -0.6732
vn 0.7438 -0.0515 -0.6664
vn 0.7465 -0.0720 -0.6615
vn 0.7475 -0.0877 -0.6584
vn 0.7476 -0.0975 -0.6569
vn 0.7477 -0.0995 -0.6566
vn 0.7797 -0.0615 -0.6231
vn 0.7749 0.0893 -0.6258
vn 0.8162 0.0357 -0.5766
vn 0.8189 -0.0837 -0.5678
vn 0.8481 -0.0383 -0.5285
vn 0.8736 0.0542 -0.4835
vn 0.8883 -0.0239 -0.4587
vn 0.9075 0.0428 -0.4179
vn 0.9214 -0.0108 -0.3885
vn 0.9346 0.0331 -0.3541
vn 0.9413 0.0071 -0.3375
vn 0.9519 0.0422 -0.3036
vn -0.4143 -0.1703 0.8941
vn -0.1904 -0.1672 0.9674
vn -0.4089 -0.0048 0.9126
vn -0.1851 -0.0184 0.9825
vn -0.1815 -0.3003 0.9364
vn -0.4003 -0.3195 0.8589
vn -0.1554 -0.4242 0.8921
vn -0.3664 -0.4591 0.8093
vn -0.1129 -0.5357 0.8368
vn -0.3139 -0.5850 0.7479
vn -0.0556 -0.6317 0.7732
vn -0.2446 -0.6937 0.6775
vn 0.0145 -0.7102 0.7038
vn -0.1613 -0.7828 0.6010
vn 0.0952 -0.7699 0.6310
vn -0.0669 -0.8510 0.5209
vn 0.1840 -0.8102 0.5565
vn 0.0358 -0.8978 0.4390
vn 0.2788 -0.8308 0.4816
vn 0.1441 -0.9230 0.3568
vn 0.3774 -0.8317 0.4072
vn 0.2557 -0.9269 0.2748
vn 0.4775 -0.8128 0.3337
vn 0.3683 -0.9093 0.1935
vn 0.5764 -0.7742 0.2616
vn 0.4793 -0.8703 0.1133
vn 0.6712 -0.7162 0.1913
vn 0.5856 -0.8099 0.0347
vn 0.7586 -0.6397 0.1239
vn 0.6837 -0.7286 -0.0411
vn 0.8353 -0.5464 0.0605
vn 0.7702 -0.6279 -0.1125
vn 0.8984 -0.4392 0.0028
vn 0.8414 -0.5104 -0.1775
vn 0.9457 -0.3216 -0.0475
vn 0.8950 -0.3799 -0.2337
vn 0.9763 -0.1976 -0.0887
vn 0.9295 -0.2408 -0.2792
vn 0.9903 -0.0711 -0.1193
vn 0.9450 -0.0976 -0.3121
vn 0.9879 0.0628 -0.1416
vn 0.9415 0.0556 -0.3325
vn 0.3552 -0.8980 -0.2598
vn 0.2410 -0.9548 -0.1740
vn 0.1217 -0.9887 -0.0871
vn -0.1217 -0.9887 0.0871
vn -0.2410 -0.9548 0.1740
vn -0.3552 -0.8980 0.2598
vn -0.4612 -0.8182 0.3433
vn -0.5554 -0.7163 0.4225
vn -0.6340 -0.5942 0.4949
vn -0.6942 -0.4553 0.5576
vn -0.7336 -0.3038 0.6079
vn -0.7516 -0.1447 0.6436
vn -0.7484 0.0294 0.6626
vn -0.3743 0.1077 0.9210
vn -0.1480 0.0820 0.9856
vn -0.7143 0.1452 0.6846
vn -0.2974 0.1439 0.9438
vn -0.0536 0.1123 0.9922
vn -0.6581 0.1766 0.7320
vn -0.2116 0.1436 0.9667
vn 0.0498 0.1129 0.9924
vn -0.5929 0.1713 0.7868
vn -0.1255 0.1468 0.9812
vn 0.1505 0.1171 0.9817
vn -0.5227 0.1694 0.8355
vn -0.0425 0.1550 0.9870
vn 0.2457 0.1238 0.9614
vn -0.4479 0.1727 0.8772
vn 0.0457 0.1535 0.9871
vn 0.3255 0.1273 0.9369
vn -0.3784 0.1672 0.9104
vn 0.4612 -0.8182 -0.3432
vn 0.5554 -0.7163 -0.4225
vn 0.6341 -0.5942 -0.4948
vn 0.6942 -0.4553 -0.5575
vn 0.7336 -0.3038 -0.6079
vn 0.7516 -0.1447 -0.6436
vn 0.7484 0.0294 -0.6626
vn 0.7143 0.1452 -0.6846
vn 0.9145 0.1550 -0.3737
vn 0.9707 0.1514 -0.1869
vn 0.8816 0.1787 -0.4369
vn 0.9544 0.1698 -0.2455
vn 0.6581 0.1766 -0.7320
vn 0.8432 0.1691 -0.5103
vn 0.9369 0.1575 -0.3121
vn 0.5929 0.1713 -0.7868
vn 0.7981 0.1624 -0.5802
vn 0.9145 0.1473 -0.3769
vn 0.5227 0.1694 -0.8355
vn 0.7475 0.1591 -0.6450
vn 0.8877 0.1399 -0.4387
vn 0.4480 0.1727 -0.8772
vn 0.7041 0.1546 -0.6931
vn 0.8606 0.1354 -0.4910
vn 0.3784 0.1672 -0.9104
vn 0.7185 -0.0972 0.6887
vn 0.7007 -0.1007 0.7063
vn 0.7401 -0.0569 0.6701
vn 0.6853 -0.1053 0.7206
vn 0.6732 -0.1101 0.7312
vn 0.6652 -0.1141 0.7379
vn 0.6616 -0.1163 0.7408
vn 0.6625 -0.1156 0.7401
vn 0.6674 -0.1111 0.7364
vn 0.6757 -0.1023 0.7300
vn 0.6865 -0.0889 0.7217
vn 0.6986 -0.0710 0.7120
vn 0.7108 -0.0492 0.7016
vn 0.7222 -0.0246 0.6913
vn 0.7317 0.0015 0.6816
vn 0.7389 0.0275 0.6732
vn 0.7438 0.0515 0.6664
vn 0.7465 0.0720 0.6615
vn 0.7475 0.0877 0.6584
vn 0.7476 0.0975 0.6569
vn 0.7477 0.0995 0.6566
vn 0.7797 0.0615 0.6231
vn 0.7749 -0.0893 0.6258
vn 0.8162 -0.0357 0.5766
vn 0.8189 0.0837 0.5678
vn 0.8481 0.0383 0.5285
vn 0.8736 -0.0542 0.4835
vn 0.8883 0.0239 0.4587
vn 0.9075 -0.0428 0.4179
vn 0.9214 0.0108 0.3885
vn 0.9346 -0.0331 0.3541
vn 0.9413 -0.0071 0.3375
vn 0.9519 -0.0422 0.3036
vn 0.4143 -0.1702 -0.8941
vn 0.1904 -0.1672 -0.9674
vn 0.4089 -0.0048 -0.9126
vn 0.1851 -0.0184 -0.9825
vn 0.1815 -0.3003 -0.9364
vn 0.4003 -0.3195 -0.8589
vn 0.1554 -0.4242 -0.8921
vn 0.3664 -0.4591 -0.8093
vn 0.1129 -0.5357 -0.8368
vn 0.3139 -0.5850 -0.7479
vn 0.0556 -0.6317 -0.7732
vn 0.2446 -0.6937 -0.6775
vn -0.0145 -0.7102 -0.7038
vn 0.1613 -0.7828 -0.6010
vn -0.0952 -0.7699 -0.6310
vn 0.0669 -0.8510 -0.5209
vn -0.1840 -0.8102 -0.5565
vn -0.0358 -0.8978 -0.4390
vn -0.2788 -0.8308 -0.4816
vn -0.1441 -0.9230 -0.3568
vn -0.3774 -0.8317 -0.4072
vn -0.2557 -0.9269 -0.2748
vn -0.4775 -0.8128 -0.3337
vn -0.3683 -0.9093 -0.1935
vn -0.5764 -0.7742 -0.2616
vn -0.4793 -0.8703 -0.1133
vn -0.6712 -0.7162 -0.1913
vn -0.5856 -0.8099 -0.0347
vn -0.7586 -0.6397 -0.1239
vn -0.6837 -0.7286 0.0411
vn -0.8353 -0.5464 -0.0605
vn -0.7702 -0.6279 0.1125
vn -0.8984 -0.4392 -0.0028
vn -0.8414 -0.5104 0.1775
vn -0.9457 -0.3216 0.0475
vn -0.8950 -0.3799 0.2337
vn -0.9763 -0.1976 0.0887
vn -0.9295 -0.2408 0.2792
vn -0.9903 -0.0711 0.1193
vn -0.9450 -0.0976 0.3121
vn -0.9879 0.0628 0.1416
vn -0.9415 0.0556 0.3325
vn -0.1217 -0.9887 0.0872
vn 0.4612 -0.8182 -0.3433
vn 0.6340 -0.5942 -0.4948
vn 0.6942 -0.4553 -0.5576
vn 0.3743 0.1077 -0.9210
vn 0.1480 0.0820 -0.9856
vn 0.2974 0.1439 -0.9438
vn 0.0536 0.1123 -0.9922
vn 0.6580 0.1766 -0.7320
vn 0.2116 0.1436 -0.9667
vn -0.0498 0.1129 -0.9924
vn 0.1255 0.1468 -0.9812
vn -0.1505 0.1171 -0.9817
vn 0.0425 0.1550 -0.9870
vn -0.2457 0.1238 -0.9614
vn 0.4479 0.1727 -0.8772
vn -0.0457 0.1535 -0.9871
vn -0.3255 0.1273 -0.9369
vn -0.4612 -0.8182 0.3432
vn -0.6341 -0.5942 0.4948
vn -0.6942 -0.4553 0.5575
vn -0.9145 0.1550 0.3737
vn -0.9706 0.1514 0.1869
vn -0.8816 0.1787 0.4369
vn -0.9544 0.1698 0.2455
vn -0.6580 0.1766 0.7320
vn -0.8432 0.1691 0.5103
vn -0.9369 0.1575 0.3121
vn -0.7981 0.1624 0.5802
vn -0.9145 0.1473 0.3769
vn -0.7475 0.1591 0.6450
vn -0.8877 0.1399 0.4387
vn -0.4480 0.1727 0.8772
vn -0.7041 0.1546 0.6931
vn -0.8606 0.1354 0.4910
vn -0.7185 -0.0972 -0.6887
vn -0.7007 -0.1007 -0.7063
vn -0.7401 -0.0569 -0.6701
vn -0.6853 -0.1053 -0.7206
vn -0.6732 -0.1101 -0.7312
vn -0.6652 -0.1141 -0.7379
vn -0.6616 -0.1163 -0.7408
vn -0.6625 -0.1156 -0.7401
vn -0.6674 -0.1111 -0.7364
vn -0.6757 -0.1023 -0.7300
vn -0.6865 -0.0889 -0.7217
vn -0.6986 -0.0710 -0.7120
vn -0.7108 -0.0492 -0.7016
vn -0.7222 -0.0246 -0.6913
vn -0.7317 0.0016 -0.6816
vn -0.7389 0.0275 -0.6732
vn -0.7438 0.0515 -0.6664
vn -0.7465 0.0720 -0.6615
vn -0.7475 0.0877 -0.6584
vn -0.7476 0.0975 -0.6569
vn -0.7477 0.0995 -0.6566
vn -0.7797 0.0615 -0.6231
vn -0.7749 -0.0893 -0.6258
vn -0.8162 -0.0357 -0.5766
vn -0.8189 0.0837 -0.5678
vn -0.8481 0.0383 -0.5285
vn -0.8736 -0.0542 -0.4835
vn -0.8883 0.0239 -0.4587
vn -0.9075 -0.0428 -0.4179
vn -0.9214 0.0108 -0.3885
vn -0.9346 -0.0331 -0.3541
vn -0.9413 -0.0071 -0.3375
vn -0.9519 -0.0422 -0.3036
vn -0.1702 0.4143 0.8941
vn -0.1672 0.1904 0.9674
vn -0.0048 0.4089 0.9126
vn -0.0184 0.1851 0.9825
vn -0.3003 0.1815 0.9364
vn -0.3195 0.4003 0.8589
vn -0.4242 0.1554 0.8921
vn -0.4591 0.3664 0.8093
vn -0.5357 0.1129 0.8368
vn -0.5849 0.3139 0.7479
vn -0.6317 0.0556 0.7732
vn -0.6937 0.2446 0.6775
vn -0.7102 -0.0145 0.7039
vn -0.7828 0.1613 0.6010
vn -0.7699 -0.0952 0.6310
vn -0.8510 0.0669 0.5209
vn -0.8102 -0.1840 0.5565
vn -0.8978 -0.0358 0.4390
vn -0.8308 -0.2788 0.4816
vn -0.9230 -0.1441 0.3568
vn -0.8317 -0.3774 0.4072
vn -0.9269 -0.2557 0.2748
vn -0.8128 -0.4775 0.3337
vn -0.9093 -0.3683 0.1935
vn -0.7742 -0.5764 0.2616
vn -0.8703 -0.4793 0.1133
vn -0.7162 -0.6712 0.1913
vn -0.8099 -0.5856 0.0347
vn -0.6397 -0.7586 0.1239
vn -0.7286 -0.6837 -0.0411
vn -0.5464 -0.8353 0.0605
vn -0.6279 -0.7702 -0.1125
vn -0.4392 -0.8984 0.0028
vn -0.5104 -0.8414 -0.1775
vn -0.3216 -0.9457 -0.0475
vn -0.3799 -0.8950 -0.2337
vn -0.1976 -0.9763 -0.0887
vn -0.2408 -0.9295 -0.2792
vn -0.0711 -0.9903 -0.1193
vn -0.0976 -0.9450 -0.3121
vn 0.0628 -0.9879 -0.1416
vn 0.0556 -0.9415 -0.3325
vn -0.8980 -0.3552 -0.2598
vn -0.9548 -0.2410 -0.1739
vn -0.9887 -0.1217 -0.0871
vn -0.9887 0.1217 0.0871
vn -0.9548 0.2410 0.1740
vn -0.8980 0.3552 0.2598
vn -0.8182 0.4612 0.3433
vn -0.7163 0.5554 0.4225
vn -0.5942 0.6341 0.4948
vn -0.4553 0.6942 0.5576
vn -0.3038 0.7336 0.6079
vn -0.1447 0.7516 0.6436
vn 0.0294 0.7484 0.6626
vn 0.1077 0.3743 0.9210
vn 0.0820 0.1480 0.9856
vn 0.1452 0.7143 0.6846
vn 0.1439 0.2974 0.9438
vn 0.1123 0.0536 0.9922
vn 0.1766 0.6581 0.7320
vn 0.1436 0.2116 0.9667
vn 0.1129 -0.0498 0.9924
vn 0.1713 0.5929 0.7868
vn 0.1468 0.1255 0.9812
vn 0.1171 -0.1505 0.9817
vn 0.1694 0.5227 0.8355
vn 0.1550 0.0425 0.9870
vn 0.1238 -0.2457 0.9614
vn 0.1727 0.4479 0.8772
vn 0.1535 -0.0457 0.9871
vn 0.1273 -0.3255 0.9369
vn 0.1672 0.3784 0.9104
vn -0.8182 -0.4612 -0.3432
vn -0.7163 -0.5554 -0.4225
vn -0.5942 -0.6341 -0.4948
vn -0.4553 -0.6942 -0.5575
vn -0.3038 -0.7336 -0.6079
vn -0.1447 -0.7516 -0.6436
vn 0.0294 -0.7484 -0.6626
vn 0.1452 -0.7143 -0.6846
vn 0.1550 -0.9145 -0.3737
vn 0.1514 -0.9707 -0.1869
vn 0.1787 -0.8816 -0.4369
vn 0.1698 -0.9544 -0.2455
vn 0.1766 -0.6581 -0.7320
vn 0.1691 -0.8432 -0.5103
vn 0.1575 -0.9369 -0.3121
vn 0.1713 -0.5929 -0.7868
vn 0.1624 -0.7981 -0.5802
vn 0.1473 -0.9145 -0.3769
vn 0.1694 -0.5227 -0.8355
vn 0.1591 -0.7475 -0.6450
vn 0.1399 -0.8877 -0.4387
vn 0.1727 -0.4480 -0.8772
vn 0.1546 -0.7041 -0.6931
vn 0.1354 -0.8606 -0.4910
vn 0.1672 -0.3784 -0.9104
vn -0.0972 -0.7185 0.6886
vn -0.1007 -0.7007 0.7063
vn -0.0569 -0.7401 0.6701
vn -0.1053 -0.6853 0.7206
vn -0.1101 -0.6732 0.7312
vn -0.1141 -0.6652 0.7379
vn -0.1163 -0.6616 0.7408
vn -0.1156 -0.6625 0.7401
vn -0.1111 -0.6674 0.7364
vn -0.1023 -0.6757 0.7300
vn -0.0889 -0.6865 0.7217
vn -0.0710 -0.6986 0.7120
vn -0.0492 -0.7108 0.7016
vn -0.0246 -0.7222 0.6913
vn 0.0015 -0.7317 0.6816
vn 0.0275 -0.7389 0.6732
vn 0.0515 -0.7438 0.6664
vn 0.0720 -0.7465 0.6615
vn 0.0877 -0.7475 0.6584
vn 0.0975 -0.7476 0.6569
vn 0.0995 -0.7477 0.6566
vn 0.0615 -0.7797 0.6231
vn -0.0893 -0.7749 0.6258
vn -0.0357 -0.8162 0.5766
vn 0.0837 -0.8189 0.5678
vn 0.0383 -0.8481 0.5285
vn -0.0542 -0.8736 0.4835
vn 0.0239 -0.8883 0.4587
vn -0.0428 -0.9075 0.4179
vn 0.0108 -0.9214 0.3885
vn -0.0331 -0.9346 0.3541
vn -0.0071 -0.9413 0.3375
vn -0.0422 -0.9519 0.3036
vn -0.1702 -0.4143 -0.8941
vn -0.1672 -0.1904 -0.9674
vn -0.0048 -0.4089 -0.9126
vn -0.0184 -0.1851 -0.9825
vn -0.3003 -0.1815 -0.9364
vn -0.3195 -0.4003 -0.8589
vn -0.4242 -0.1554 -0.8921
vn -0.4591 -0.3664 -0.8093
vn -0.5357 -0.1129 -0.8368
vn -0.5850 -0.3139 -0.7479
vn -0.6317 -0.0556 -0.7732
vn -0.6937 -0.2446 -0.6775
vn -0.7102 0.0145 -0.7039
vn -0.7828 -0.1613 -0.6010
vn -0.7699 0.0952 -0.6310
vn -0.8510 -0.0669 -0.5209
vn -0.8102 0.1840 -0.5565
vn -0.8978 0.0358 -0.4390
vn -0.8308 0.2788 -0.4816
vn -0.9230 0.1441 -0.3568
vn -0.8317 0.3774 -0.4072
vn -0.9269 0.2557 -0.2748
vn -0.8128 0.4775 -0.3337
vn -0.9093 0.3683 -0.1935
vn -0.7742 0.5764 -0.2616
vn -0.8703 0.4793 -0.1133
vn -0.7162 0.6712 -0.1913
vn -0.8099 0.5856 -0.0347
vn -0.6397 0.7586 -0.1239
vn -0.7286 0.6837 0.0411
vn -0.5464 0.8353 -0.0605
vn -0.6279 0.7702 0.1125
vn -0.4392 0.8984 -0.0028
vn -0.5104 0.8414 0.1775
vn -0.3216 0.9457 0.0475
vn -0.3799 0.8950 0.2337
vn -0.1976 0.9763 0.0887
vn -0.2408 0.9295 0.2792
vn -0.0711 0.9903 0.1193
vn -0.0976 0.9450 0.3121
vn 0.0628 0.9879 0.1416
vn 0.0556 0.9415 0.3325
vn -0.9548 0.2410 0.1739
vn -0.9548 -0.2410 -0.1740
vn -0.5942 -0.6340 -0.4948
vn -0.4553 -0.6942 -0.5576
vn 0.1077 -0.3743 -0.9210
vn 0.0820 -0.1480 -0.9856
vn 0.1439 -0.2974 -0.9438
vn 0.1123 -0.0536 -0.9922
vn 0.1766 -0.6580 -0.7320
vn 0.1436 -0.2116 -0.9667
vn 0.1129 0.0498 -0.9924
vn 0.1468 -0.1255 -0.9812
vn 0.1171 0.1505 -0.9817
vn 0.1550 -0.0425 -0.9870
vn 0.1238 0.2457 -0.9614
vn 0.1727 -0.4479 -0.8772
vn 0.1535 0.0457 -0.9871
vn 0.1273 0.3255 -0.9369
vn -0.8182 0.4612 0.3432
vn -0.4553 0.6942 0.5575
vn 0.1550 0.9145 0.3737
vn 0.1514 0.9706 0.1869
vn 0.1787 0.8816 0.4369
vn 0.1698 0.9544 0.2455
vn 0.1766 0.6580 0.7320
vn 0.1691 0.8432 0.5103
vn 0.1575 0.9369 0.3121
vn 0.1624 0.7981 0.5802
vn 0.1473 0.9145 0.3769
vn 0.1591 0.7475 0.6450
vn 0.1399 0.8877 0.4387
vn 0.1727 0.4480 0.8772
vn 0.1546 0.7041 0.6931
vn 0.1354 0.8606 0.4910
vn -0.0972 0.7185 -0.6887
vn -0.1007 0.7007 -0.7063
vn -0.0569 0.7401 -0.6701
vn -0.1053 0.6853 -0.7206
vn -0.1101 0.6732 -0.7312
vn -0.1141 0.6652 -0.7379
vn -0.1163 0.6616 -0.7408
vn -0.1156 0.6625 -0.7401
vn -0.1111 0.6674 -0.7364
vn -0.1023 0.6757 -0.7300
vn -0.0889 0.6865 -0.7217
vn -0.0710 0.6986 -0.7120
vn -0.0492 0.7108 -0.7016
vn -0.0246 0.7222 -0.6913
vn 0.0015 0.7317 -0.6816
vn 0.0275 0.7389 -0.6732
vn 0.0515 0.7438 -0.6664
vn 0.0720 0.7465 -0.6615
vn 0.0877 0.7475 -0.6584
vn 0.0975 0.7476 -0.6569
vn 0.0995 0.7477 -0.6566
vn 0.0615 0.7797 -0.6231
vn -0.0893 0.7749 -0.6258
vn -0.0357 0.8162 -0.5766
vn 0.0837 0.8189 -0.5678
vn 0.0383 0.8481 -0.5285
vn -0.0542 0.8736 -0.4835
vn 0.0239 0.8883 -0.4587
vn -0.0428 0.9075 -0.4179
vn 0.0108 0.9214 -0.3885
vn -0.0331 0.9346 -0.3541
vn -0.0071 0.9413 -0.3375
vn -0.0422 0.9519 -0.3036
vt 0.209641 0.177902
vt 0.204145 0.177032
vt 0.209641 0.160116
vt 0.199187 0.174506
vt 0.195252 0.170571
vt 0.192726 0.165613
vt 0.191855 0.160116
vt 0.192726 0.154620
vt 0.195252 0.149662
vt 0.199187 0.145727
vt 0.204145 0.143201
vt 0.209641 0.142330
vt 0.215138 0.143201
vt 0.220096 0.145727
vt 0.224031 0.149662
vt 0.226557 0.154620
vt 0.227428 0.160116
vt 0.199187 0.192292
vt 0.189756 0.187486
vt 0.182271 0.180002
vt 0.177466 0.170571
vt 0.175810 0.160116
vt 0.177466 0.149662
vt 0.182271 0.140231
vt 0.189756 0.132746
vt 0.199187 0.127941
vt 0.209641 0.126285
vt 0.220096 0.127941
vt 0.229527 0.132746
vt 0.237011 0.140231
vt 0.241817 0.149662
vt 0.243473 0.160116
vt 0.241817 0.170571
vt 0.226557 0.165613
vt 0.224031 0.170571
vt 0.220096 0.174506
vt 0.215138 0.177032
vt 0.237011 0.180002
vt 0.229527 0.187486
vt 0.220096 0.192292
vt 0.209641 0.193948
vt 0.195252 0.204402
vt 0.209641 0.206681
vt 0.182271 0.197788
vt 0.171970 0.187486
vt 0.165356 0.174506
vt 0.163077 0.160116
vt 0.165356 0.145727
vt 0.171970 0.132746
vt 0.182271 0.122445
vt 0.195252 0.115831
vt 0.209642 0.113552
vt 0.224031 0.115831
vt 0.237011 0.122445
vt 0.247313 0.132746
vt 0.253927 0.145727
vt 0.256206 0.160116
vt 0.253927 0.174506
vt 0.247313 0.187486
vt 0.237011 0.197788
vt 0.224031 0.204402
vt 0.136764 0.085358
vt 0.126325 0.085358
vt 0.136764 0.075162
vt 0.126325 0.075162
vt 0.147203 0.075162
vt 0.147203 0.085358
vt 0.157642 0.075162
vt 0.157642 0.085358
vt 0.168080 0.075162
vt 0.168080 0.085358
vt 0.178519 0.075162
vt 0.178519 0.085358
vt 0.188958 0.075162
vt 0.188958 0.085358
vt 0.199397 0.075162
vt 0.199397 0.085358
vt 0.209836 0.075162
vt 0.209836 0.085358
vt 0.220275 0.075162
vt 0.220275 0.085358
vt 0.230713 0.075162
vt 0.230713 0.085358
vt 0.241152 0.075162
vt 0.241152 0.085358
vt 0.251591 0.075162
vt 0.251591 0.085358
vt 0.262030 0.075162
vt 0.262030 0.085358
vt 0.272469 0.075162
vt 0.272469 0.085358
vt 0.282907 0.075162
vt 0.282907 0.085358
vt 0.293346 0.075162
vt 0.293346 0.085358
vt 0.303785 0.075162
vt 0.303785 0.085358
vt 0.314224 0.075162
vt 0.314224 0.085358
vt 0.324663 0.075162
vt 0.324663 0.085358
vt 0.335102 0.075162
vt 0.335102 0.085358
vt 0.272469 0.065210
vt 0.262030 0.065209
vt 0.251591 0.065210
vt 0.241152 0.065210
vt 0.230713 0.065211
vt 0.220275 0.065211
vt 0.209836 0.065211
vt 0.199397 0.065211
vt 0.188958 0.065211
vt 0.178519 0.065210
vt 0.168080 0.065210
vt 0.157642 0.065210
vt 0.147203 0.065210
vt 0.136764 0.065210
vt 0.126325 0.065209
vt 0.126325 0.020938
vt 0.136764 0.020938
vt 0.147203 0.020938
vt 0.157642 0.020938
vt 0.168080 0.020938
vt 0.178519 0.020938
vt 0.188958 0.020938
vt 0.199397 0.020938
vt 0.209836 0.020938
vt 0.220275 0.020938
vt 0.230713 0.020938
vt 0.241152 0.020938
vt 0.251591 0.020938
vt 0.262030 0.020938
vt 0.272469 0.020938
vt 0.282907 0.065210
vt 0.293346 0.065211
vt 0.303785 0.065212
vt 0.314224 0.065211
vt 0.324663 0.065211
vt 0.335102 0.065210
vt 0.282907 0.020938
vt 0.293346 0.020938
vt 0.303785 0.020938
vt 0.314224 0.020938
vt 0.324663 0.020938
vt 0.335102 0.020938
vt 0.873654 0.976304
vt 0.873037 0.973019
vt 0.862412 0.977050
vt 0.862412 0.973725
vt 0.883400 0.970921
vt 0.884618 0.974083
vt 0.893246 0.967480
vt 0.895036 0.970444
vt 0.902333 0.962783
vt 0.904650 0.965474
vt 0.910437 0.956945
vt 0.913225 0.959297
vt 0.917358 0.950109
vt 0.920548 0.952064
vt 0.922927 0.942444
vt 0.926440 0.943954
vt 0.927005 0.934139
vt 0.930755 0.935166
vt 0.929493 0.925398
vt 0.933387 0.925918
vt 0.930329 0.916436
vt 0.934272 0.916436
vt 0.929493 0.907474
vt 0.933387 0.906953
vt 0.927005 0.898732
vt 0.930755 0.897705
vt 0.922927 0.890427
vt 0.926440 0.888917
vt 0.917358 0.882762
vt 0.920548 0.880807
vt 0.910437 0.875926
vt 0.913225 0.873575
vt 0.902333 0.870088
vt 0.904650 0.867397
vt 0.893246 0.865391
vt 0.895036 0.862428
vt 0.883400 0.861951
vt 0.884618 0.858788
vt 0.873037 0.859852
vt 0.873654 0.856567
vt 0.862412 0.859147
vt 0.862412 0.855821
vt 0.927679 0.888385
vt 0.932077 0.897342
vt 0.934761 0.906770
vt 0.935663 0.916436
vt 0.934761 0.926101
vt 0.932077 0.935529
vt 0.927679 0.944486
vt 0.921673 0.952753
vt 0.914208 0.960126
vt 0.905468 0.966423
vt 0.895667 0.971489
vt 0.885048 0.975199
vt 0.873871 0.977462
vt 0.862412 0.978223
vt 0.832875 0.974722
vt 0.832875 0.971463
vt 0.832875 0.975784
vt 0.780514 0.967371
vt 0.780514 0.964070
vt 0.780514 0.968356
vt 0.722141 0.959177
vt 0.722141 0.955828
vt 0.722141 0.960074
vt 0.664515 0.951087
vt 0.664515 0.947692
vt 0.664515 0.951898
vt 0.607634 0.943102
vt 0.607634 0.939661
vt 0.607634 0.943828
vt 0.554723 0.935674
vt 0.554723 0.932190
vt 0.554723 0.936321
vt 0.921673 0.880118
vt 0.914208 0.872745
vt 0.905468 0.866448
vt 0.895667 0.861383
vt 0.885048 0.857672
vt 0.873871 0.855409
vt 0.862412 0.854648
vt 0.832875 0.857087
vt 0.832875 0.858149
vt 0.832875 0.861408
vt 0.780514 0.865500
vt 0.780514 0.868801
vt 0.780514 0.864516
vt 0.722141 0.873695
vt 0.722141 0.877043
vt 0.722141 0.872798
vt 0.664515 0.881784
vt 0.664515 0.885179
vt 0.664515 0.880973
vt 0.607634 0.889770
vt 0.607634 0.893210
vt 0.607634 0.889043
vt 0.554723 0.897197
vt 0.554723 0.900681
vt 0.554723 0.896550
vt 0.873654 0.856567
vt 0.862413 0.855821
vt 0.862413 0.859147
vt 0.884618 0.858788
vt 0.893246 0.865391
vt 0.902333 0.870088
vt 0.926440 0.888917
vt 0.927005 0.898732
vt 0.934272 0.916436
vt 0.926440 0.943954
vt 0.902333 0.962784
vt 0.893246 0.967480
vt 0.873654 0.976304
vt 0.722141 0.959177
vt 0.722141 0.955828
s 1
usemtl Airplane7_01
f 2936/1138/1552 2935/1139/1553 2934/1140/1554
f 2935/1139/1553 2937/1141/1555 2934/1140/1554
f 2937/1141/1555 2938/1142/1556 2934/1140/1554
f 2938/1142/1556 2939/1143/1557 2934/1140/1554
f 2939/1143/1557 2940/1144/1558 2934/1140/1554
f 2940/1144/1558 2941/1145/1559 2934/1140/1554
f 2941/1145/1559 2942/1146/1560 2934/1140/1554
f 2942/1146/1560 2943/1147/1561 2934/1140/1554
f 2943/1147/1561 2944/1148/1562 2934/1140/1554
f 2944/1148/1562 2945/1149/1563 2934/1140/1554
f 2945/1149/1563 2946/1150/1564 2934/1140/1554
f 2946/1150/1564 2947/1151/1565 2934/1140/1554
f 2947/1151/1565 2948/1152/1566 2934/1140/1554
f 2948/1152/1566 2949/1153/1567 2934/1140/1554
f 2949/1153/1567 2950/1154/1568 2934/1140/1554
f 2935/1139/1553 2936/1138/1552 2951/1155/1569
f 2937/1141/1555 2935/1139/1553 2952/1156/1570
f 2951/1155/1569 2952/1156/1570 2935/1139/1553
f 2952/1156/1570 2953/1157/1571 2937/1141/1555
f 2938/1142/1556 2937/1141/1555 2953/1157/1571
f 2953/1157/1571 2954/1158/1572 2938/1142/1556
f 2939/1143/1557 2938/1142/1556 2954/1158/1572
f 2954/1158/1572 2955/1159/1573 2939/1143/1557
f 2940/1144/1558 2939/1143/1557 2955/1159/1573
f 2955/1159/1573 2956/1160/1574 2940/1144/1558
f 2941/1145/1559 2940/1144/1558 2956/1160/1574
f 2956/1160/1574 2957/1161/1575 2941/1145/1559
f 2942/1146/1560 2941/1145/1559 2957/1161/1575
f 2957/1161/1575 2958/1162/1576 2942/1146/1560
f 2943/1147/1561 2942/1146/1560 2958/1162/1576
f 2958/1162/1576 2959/1163/1577 2943/1147/1561
f 2944/1148/1562 2943/1147/1561 2959/1163/1577
f 2959/1163/1577 2960/1164/1578 2944/1148/1562
f 2945/1149/1563 2944/1148/1562 2960/1164/1578
f 2960/1164/1578 2961/1165/1579 2945/1149/1563
f 2946/1150/1564 2945/1149/1563 2961/1165/1579
f 2961/1165/1579 2962/1166/1580 2946/1150/1564
f 2947/1151/1565 2946/1150/1564 2962/1166/1580
f 2962/1166/1580 2963/1167/1581 2947/1151/1565
f 2948/1152/1566 2947/1151/1565 2963/1167/1581
f 2963/1167/1581 2964/1168/1582 2948/1152/1566
f 2949/1153/1567 2948/1152/1566 2964/1168/1582
f 2964/1168/1582 2965/1169/1583 2949/1153/1567
f 2950/1154/1568 2949/1153/1567 2965/1169/1583
f 2965/1169/1583 2966/1170/1584 2950/1154/1568
f 2967/1171/1585 2950/1154/1568 2966/1170/1584
f 2950/1154/1568 2967/1171/1585 2934/1140/1554
f 2967/1171/1585 2968/1172/1586 2934/1140/1554
f 2968/1172/1586 2969/1173/1587 2934/1140/1554
f 2969/1173/1587 2970/1174/1588 2934/1140/1554
f 2970/1174/1588 2936/1138/1552 2934/1140/1554
f 2968/1172/1586 2967/1171/1585 2971/1175/1589
f 2966/1170/1584 2971/1175/1589 2967/1171/1585
f 2969/1173/1587 2968/1172/1586 2972/1176/1590
f 2971/1175/1589 2972/1176/1590 2968/1172/1586
f 2970/1174/1588 2969/1173/1587 2973/1177/1591
f 2972/1176/1590 2973/1177/1591 2969/1173/1587
f 2936/1138/1552 2970/1174/1588 2974/1178/1592
f 2973/1177/1591 2974/1178/1592 2970/1174/1588
f 2974/1178/1592 2951/1155/1569 2936/1138/1552
f 2951/1155/1569 2974/1178/1592 2975/1179/1593
f 2976/1180/1594 2975/1179/1593 2974/1178/1592
f 2974/1178/1592 2973/1177/1591 2976/1180/1594
f 2975/1179/1593 2977/1181/1595 2951/1155/1569
f 2952/1156/1570 2951/1155/1569 2977/1181/1595
f 2977/1181/1595 2978/1182/1596 2952/1156/1570
f 2953/1157/1571 2952/1156/1570 2978/1182/1596
f 2978/1182/1596 2979/1183/1597 2953/1157/1571
f 2954/1158/1572 2953/1157/1571 2979/1183/1597
f 2979/1183/1597 2980/1184/1598 2954/1158/1572
f 2955/1159/1573 2954/1158/1572 2980/1184/1598
f 2980/1184/1598 2981/1185/1599 2955/1159/1573
f 2956/1160/1574 2955/1159/1573 2981/1185/1599
f 2981/1185/1599 2982/1186/1600 2956/1160/1574
f 2957/1161/1575 2956/1160/1574 2982/1186/1600
f 2982/1186/1600 2983/1187/1601 2957/1161/1575
f 2958/1162/1576 2957/1161/1575 2983/1187/1601
f 2983/1187/1601 2984/1188/1602 2958/1162/1576
f 2959/1163/1577 2958/1162/1576 2984/1188/1602
f 2984/1188/1602 2985/1189/1603 2959/1163/1577
f 2960/1164/1578 2959/1163/1577 2985/1189/1603
f 2985/1189/1603 2986/1190/1604 2960/1164/1578
f 2961/1165/1579 2960/1164/1578 2986/1190/1604
f 2986/1190/1604 2987/1191/1605 2961/1165/1579
f 2962/1166/1580 2961/1165/1579 2987/1191/1605
f 2987/1191/1605 2988/1192/1606 2962/1166/1580
f 2963/1167/1581 2962/1166/1580 2988/1192/1606
f 2988/1192/1606 2989/1193/1607 2963/1167/1581
f 2964/1168/1582 2963/1167/1581 2989/1193/1607
f 2989/1193/1607 2990/1194/1608 2964/1168/1582
f 2965/1169/1583 2964/1168/1582 2990/1194/1608
f 2990/1194/1608 2991/1195/1609 2965/1169/1583
f 2966/1170/1584 2965/1169/1583 2991/1195/1609
f 2991/1195/1609 2992/1196/1610 2966/1170/1584
f 2971/1175/1589 2966/1170/1584 2992/1196/1610
f 2992/1196/1610 2993/1197/1611 2971/1175/1589
f 2972/1176/1590 2971/1175/1589 2993/1197/1611
f 2993/1197/1611 2994/1198/1612 2972/1176/1590
f 2973/1177/1591 2972/1176/1590 2994/1198/1612
f 2994/1198/1612 2976/1180/1594 2973/1177/1591
f 2997/1199/1593 2996/1200/1594 2995/1201/1613
f 2998/1202/1614 2995/1201/1613 2996/1200/1594
f 2995/1201/1613 2999/1203/1615 2997/1199/1593
f 3000/1204/1595 2997/1199/1593 2999/1203/1615
f 2999/1203/1615 3001/1205/1616 3000/1204/1595
f 3002/1206/1596 3000/1204/1595 3001/1205/1616
f 3001/1205/1616 3003/1207/1617 3002/1206/1596
f 3004/1208/1597 3002/1206/1596 3003/1207/1617
f 3003/1207/1617 3005/1209/1618 3004/1208/1597
f 3006/1210/1598 3004/1208/1597 3005/1209/1618
f 3005/1209/1618 3007/1211/1619 3006/1210/1598
f 3008/1212/1599 3006/1210/1598 3007/1211/1619
f 3007/1211/1619 3009/1213/1620 3008/1212/1599
f 3010/1214/1600 3008/1212/1599 3009/1213/1620
f 3009/1213/1620 3011/1215/1621 3010/1214/1600
f 3012/1216/1601 3010/1214/1600 3011/1215/1621
f 3011/1215/1621 3013/1217/1622 3012/1216/1601
f 3014/1218/1602 3012/1216/1601 3013/1217/1622
f 3013/1217/1622 3015/1219/1623 3014/1218/1602
f 3016/1220/1603 3014/1218/1602 3015/1219/1623
f 3015/1219/1623 3017/1221/1624 3016/1220/1603
f 3018/1222/1604 3016/1220/1603 3017/1221/1624
f 3017/1221/1624 3019/1223/1625 3018/1222/1604
f 3020/1224/1605 3018/1222/1604 3019/1223/1625
f 3019/1223/1625 3021/1225/1626 3020/1224/1605
f 3022/1226/1606 3020/1224/1605 3021/1225/1626
f 3021/1225/1626 3023/1227/1627 3022/1226/1606
f 3024/1228/1607 3022/1226/1606 3023/1227/1627
f 3023/1227/1627 3025/1229/1628 3024/1228/1607
f 3026/1230/1608 3024/1228/1607 3025/1229/1628
f 3025/1229/1628 3027/1231/1629 3026/1230/1608
f 3028/1232/1609 3026/1230/1608 3027/1231/1629
f 3027/1231/1629 3029/1233/1630 3028/1232/1609
f 3030/1234/1610 3028/1232/1609 3029/1233/1630
f 3029/1233/1630 3031/1235/1631 3030/1234/1610
f 3032/1236/1611 3030/1234/1610 3031/1235/1631
f 3031/1235/1631 3033/1237/1632 3032/1236/1611
f 3034/1238/1612 3032/1236/1611 3033/1237/1632
f 3033/1237/1632 3035/1239/1614 3034/1238/1612
f 3036/1240/1594 3034/1238/1612 3035/1239/1614
f 3023/1227/1627 3021/1225/1626 3037/1241/1633
f 3038/1242/1634 3037/1241/1633 3021/1225/1626
f 3021/1225/1626 3019/1223/1625 3038/1242/1634
f 3039/1243/1635 3038/1242/1634 3019/1223/1625
f 3019/1223/1625 3017/1221/1624 3039/1243/1635
f 3040/1244/1636 3039/1243/1635 3017/1221/1624
f 3017/1221/1624 3015/1219/1623 3040/1244/1636
f 3041/1245/1637 3040/1244/1636 3015/1219/1623
f 3015/1219/1623 3013/1217/1622 3041/1245/1637
f 3042/1246/1638 3041/1245/1637 3013/1217/1622
f 3013/1217/1622 3011/1215/1621 3042/1246/1638
f 3043/1247/1639 3042/1246/1638 3011/1215/1621
f 3011/1215/1621 3009/1213/1620 3043/1247/1639
f 3044/1248/1640 3043/1247/1639 3009/1213/1620
f 3009/1213/1620 3007/1211/1619 3044/1248/1640
f 3045/1249/1641 3044/1248/1640 3007/1211/1619
f 3007/1211/1619 3005/1209/1618 3045/1249/1641
f 3046/1250/1642 3045/1249/1641 3005/1209/1618
f 3005/1209/1618 3003/1207/1617 3046/1250/1642
f 3047/1251/1643 3046/1250/1642 3003/1207/1617
f 3003/1207/1617 3001/1205/1616 3047/1251/1643
f 3048/1252/1644 3047/1251/1643 3001/1205/1616
f 3001/1205/1616 2999/1203/1615 3048/1252/1644
f 3049/1253/1645 3048/1252/1644 2999/1203/1615
f 2999/1203/1615 2995/1201/1613 3049/1253/1645
f 3050/1254/1646 3049/1253/1645 2995/1201/1613
f 2995/1201/1613 2998/1202/1614 3050/1254/1646
f 3051/1255/1647 3050/1254/1646 2998/1202/1614
f 3051/1255/1647 3052/1256/1648 3050/1254/1646
f 3053/1257/1649 3050/1254/1646 3052/1256/1648
f 3050/1254/1646 3053/1257/1649 3049/1253/1645
f 3054/1258/1650 3049/1253/1645 3053/1257/1649
f 3049/1253/1645 3054/1258/1650 3048/1252/1644
f 3055/1259/1651 3048/1252/1644 3054/1258/1650
f 3048/1252/1644 3055/1259/1651 3047/1251/1643
f 3056/1260/1652 3047/1251/1643 3055/1259/1651
f 3047/1251/1643 3056/1260/1652 3046/1250/1642
f 3057/1261/1653 3046/1250/1642 3056/1260/1652
f 3046/1250/1642 3057/1261/1653 3045/1249/1641
f 3058/1262/1654 3045/1249/1641 3057/1261/1653
f 3045/1249/1641 3058/1262/1654 3044/1248/1640
f 3059/1263/1655 3044/1248/1640 3058/1262/1654
f 3044/1248/1640 3059/1263/1655 3043/1247/1639
f 3060/1264/1656 3043/1247/1639 3059/1263/1655
f 3043/1247/1639 3060/1264/1656 3042/1246/1638
f 3061/1265/1657 3042/1246/1638 3060/1264/1656
f 3042/1246/1638 3061/1265/1657 3041/1245/1637
f 3062/1266/1658 3041/1245/1637 3061/1265/1657
f 3041/1245/1637 3062/1266/1658 3040/1244/1636
f 3063/1267/1659 3040/1244/1636 3062/1266/1658
f 3040/1244/1636 3063/1267/1659 3039/1243/1635
f 3064/1268/1660 3039/1243/1635 3063/1267/1659
f 3039/1243/1635 3064/1268/1660 3038/1242/1634
f 3065/1269/1661 3038/1242/1634 3064/1268/1660
f 3038/1242/1634 3065/1269/1661 3037/1241/1633
f 3066/1270/1662 3037/1241/1633 3065/1269/1661
f 3037/1241/1633 3066/1270/1662 3067/1271/1663
f 3037/1241/1633 3067/1271/1663 3023/1227/1627
f 3025/1229/1628 3023/1227/1627 3067/1271/1663
f 3067/1271/1663 3068/1272/1664 3025/1229/1628
f 3027/1231/1629 3025/1229/1628 3068/1272/1664
f 3068/1272/1664 3069/1273/1665 3027/1231/1629
f 3029/1233/1630 3027/1231/1629 3069/1273/1665
f 3069/1273/1665 3070/1274/1666 3029/1233/1630
f 3031/1235/1631 3029/1233/1630 3070/1274/1666
f 3070/1274/1666 3071/1275/1667 3031/1235/1631
f 3033/1237/1632 3031/1235/1631 3071/1275/1667
f 3071/1275/1667 3072/1276/1668 3033/1237/1632
f 3035/1239/1614 3033/1237/1632 3072/1276/1668
f 3073/1277/1669 3067/1271/1663 3066/1270/1662
f 3067/1271/1663 3073/1277/1669 3068/1272/1664
f 3074/1278/1670 3068/1272/1664 3073/1277/1669
f 3068/1272/1664 3074/1278/1670 3069/1273/1665
f 3075/1279/1671 3069/1273/1665 3074/1278/1670
f 3069/1273/1665 3075/1279/1671 3070/1274/1666
f 3076/1280/1672 3070/1274/1666 3075/1279/1671
f 3070/1274/1666 3076/1280/1672 3071/1275/1667
f 3077/1281/1673 3071/1275/1667 3076/1280/1672
f 3071/1275/1667 3077/1281/1673 3072/1276/1668
f 3078/1282/1674 3072/1276/1668 3077/1281/1673
f 3081/1283/1675 3080/1284/1676 3079/1285/1677
f 3082/1286/1678 3079/1285/1677 3080/1284/1676
f 3080/1284/1676 3081/1283/1675 3083/1287/1679
f 3084/1288/1680 3083/1287/1679 3081/1283/1675
f 3083/1287/1679 3084/1288/1680 3085/1289/1681
f 3086/1290/1682 3085/1289/1681 3084/1288/1680
f 3085/1289/1681 3086/1290/1682 3087/1291/1683
f 3088/1292/1684 3087/1291/1683 3086/1290/1682
f 3087/1291/1683 3088/1292/1684 3089/1293/1685
f 3090/1294/1686 3089/1293/1685 3088/1292/1684
f 3089/1293/1685 3090/1294/1686 3091/1295/1687
f 3092/1296/1688 3091/1295/1687 3090/1294/1686
f 3091/1295/1687 3092/1296/1688 3093/1297/1689
f 3094/1298/1690 3093/1297/1689 3092/1296/1688
f 3093/1297/1689 3094/1298/1690 3095/1299/1691
f 3096/1300/1692 3095/1299/1691 3094/1298/1690
f 3095/1299/1691 3096/1300/1692 3097/1301/1693
f 3098/1302/1694 3097/1301/1693 3096/1300/1692
f 3097/1301/1693 3098/1302/1694 3099/1303/1695
f 3100/1304/1696 3099/1303/1695 3098/1302/1694
f 3099/1303/1695 3100/1304/1696 3101/1305/1697
f 3102/1306/1698 3101/1305/1697 3100/1304/1696
f 3101/1305/1697 3102/1306/1698 3103/1307/1699
f 3104/1308/1700 3103/1307/1699 3102/1306/1698
f 3103/1307/1699 3104/1308/1700 3105/1309/1701
f 3106/1310/1702 3105/1309/1701 3104/1308/1700
f 3105/1309/1701 3106/1310/1702 3107/1311/1703
f 3108/1312/1704 3107/1311/1703 3106/1310/1702
f 3107/1311/1703 3108/1312/1704 3109/1313/1705
f 3110/1314/1706 3109/1313/1705 3108/1312/1704
f 3109/1313/1705 3110/1314/1706 3111/1315/1707
f 3112/1316/1708 3111/1315/1707 3110/1314/1706
f 3111/1315/1707 3112/1316/1708 3113/1317/1709
f 3114/1318/1710 3113/1317/1709 3112/1316/1708
f 3113/1317/1709 3114/1318/1710 3115/1319/1711
f 3116/1320/1712 3115/1319/1711 3114/1318/1710
f 3115/1319/1711 3116/1320/1712 3117/1321/1713
f 3118/1322/1714 3117/1321/1713 3116/1320/1712
f 3117/1321/1713 3118/1322/1714 3119/1323/1715
f 3120/1324/1716 3119/1323/1715 3118/1322/1714
f 3106/1310/1702 3121/1325/1717 3108/1312/1704
f 3121/1325/1717 3106/1310/1702 3122/1326/1718
f 3104/1308/1700 3122/1326/1718 3106/1310/1702
f 3122/1326/1718 3104/1308/1700 3123/1327/1719
f 3102/1306/1698 3123/1327/1719 3104/1308/1700
f 3123/1327/1719 3102/1306/1698 3124/1328/1669
f 3100/1304/1696 3124/1328/1669 3102/1306/1698
f 3124/1328/1669 3100/1304/1696 3125/1329/1720
f 3098/1302/1694 3125/1329/1720 3100/1304/1696
f 3125/1329/1720 3098/1302/1694 3126/1330/1721
f 3096/1300/1692 3126/1330/1721 3098/1302/1694
f 3126/1330/1721 3096/1300/1692 3127/1331/1722
f 3094/1298/1690 3127/1331/1722 3096/1300/1692
f 3127/1331/1722 3094/1298/1690 3128/1332/1723
f 3092/1296/1688 3128/1332/1723 3094/1298/1690
f 3128/1332/1723 3092/1296/1688 3129/1333/1724
f 3090/1294/1686 3129/1333/1724 3092/1296/1688
f 3129/1333/1724 3090/1294/1686 3130/1334/1725
f 3088/1292/1684 3130/1334/1725 3090/1294/1686
f 3130/1334/1725 3088/1292/1684 3131/1335/1726
f 3086/1290/1682 3131/1335/1726 3088/1292/1684
f 3131/1335/1726 3086/1290/1682 3132/1336/1727
f 3084/1288/1680 3132/1336/1727 3086/1290/1682
f 3132/1336/1727 3084/1288/1680 3133/1337/1728
f 3081/1283/1675 3133/1337/1728 3084/1288/1680
f 3079/1285/1677 3134/1338/1729 3081/1283/1675
f 3135/1337/1728 3081/1283/1675 3134/1338/1729
f 3079/1285/1677 3136/1339/1730 3134/1338/1729
f 3136/1339/1730 3079/1285/1677 3137/1340/1731
f 3082/1286/1678 3137/1340/1731 3079/1285/1677
f 3138/1341/1732 3134/1338/1729 3136/1339/1730
f 3136/1339/1730 3137/1340/1731 3139/1342/1733
f 3140/1343/1734 3139/1342/1733 3137/1340/1731
f 3139/1342/1733 3141/1344/1735 3136/1339/1730
f 3138/1341/1732 3136/1339/1730 3142/1344/1735
f 3139/1342/1733 3140/1343/1734 3143/1345/1736
f 3144/1346/1737 3143/1345/1736 3140/1343/1734
f 3143/1345/1736 3145/1347/1738 3139/1342/1733
f 3146/1344/1735 3139/1342/1733 3145/1347/1738
f 3143/1345/1736 3144/1346/1737 3147/1348/1739
f 3148/1349/1740 3147/1348/1739 3144/1346/1737
f 3147/1348/1739 3149/1350/1741 3143/1345/1736
f 3145/1347/1738 3143/1345/1736 3149/1350/1741
f 3147/1348/1739 3148/1349/1740 3150/1351/1742
f 3151/1352/1743 3150/1351/1742 3148/1349/1740
f 3150/1351/1742 3152/1353/1744 3147/1348/1739
f 3149/1350/1741 3147/1348/1739 3152/1353/1744
f 3150/1351/1742 3151/1352/1743 3153/1354/1745
f 3150/1351/1742 3153/1354/1745 3152/1353/1744
f 3154/1355/1746 3153/1354/1745 3151/1352/1743
f 3155/1356/1747 3152/1353/1744 3153/1354/1745
f 3156/1357/1748 3108/1312/1704 3121/1325/1717
f 3108/1312/1704 3156/1357/1748 3110/1314/1706
f 3157/1358/1749 3110/1314/1706 3156/1357/1748
f 3110/1314/1706 3157/1358/1749 3112/1316/1708
f 3158/1359/1750 3112/1316/1708 3157/1358/1749
f 3112/1316/1708 3158/1359/1750 3114/1318/1710
f 3159/1360/1751 3114/1318/1710 3158/1359/1750
f 3114/1318/1710 3159/1360/1751 3116/1320/1712
f 3160/1361/1752 3116/1320/1712 3159/1360/1751
f 3116/1320/1712 3160/1361/1752 3118/1322/1714
f 3161/1362/1753 3118/1322/1714 3160/1361/1752
f 3118/1322/1714 3162/1362/1753 3120/1324/1716
f 3163/1363/1754 3120/1324/1716 3162/1362/1753
f 3163/1363/1754 3164/1364/1755 3120/1324/1716
f 3165/1365/1756 3120/1324/1716 3164/1364/1755
f 3120/1324/1716 3165/1365/1756 3119/1323/1715
f 3166/1366/1757 3119/1323/1715 3165/1365/1756
f 3165/1365/1756 3167/1367/1758 3166/1366/1757
f 3168/1368/1759 3166/1366/1757 3167/1367/1758
f 3164/1364/1755 3169/1369/1760 3165/1365/1756
f 3167/1367/1758 3165/1365/1756 3170/1369/1760
f 3167/1367/1758 3171/1370/1761 3168/1368/1759
f 3172/1371/1762 3168/1368/1759 3171/1370/1761
f 3171/1370/1761 3167/1367/1758 3173/1372/1763
f 3170/1369/1760 3173/1372/1763 3167/1367/1758
f 3171/1370/1761 3174/1373/1764 3172/1371/1762
f 3175/1374/1765 3172/1371/1762 3174/1373/1764
f 3174/1373/1764 3171/1370/1761 3176/1375/1766
f 3173/1372/1763 3176/1375/1766 3171/1370/1761
f 3174/1373/1764 3177/1376/1767 3175/1374/1765
f 3178/1377/1768 3175/1374/1765 3177/1376/1767
f 3177/1376/1767 3174/1373/1764 3179/1378/1769
f 3176/1375/1766 3179/1378/1769 3174/1373/1764
f 3177/1376/1767 3180/1379/1770 3178/1377/1768
f 3181/1380/1771 3178/1377/1768 3180/1379/1770
f 3180/1379/1770 3177/1376/1767 3182/1381/1772
f 3179/1378/1769 3182/1381/1772 3177/1376/1767
f 3185/1284/1773 3184/1287/1774 3183/1286/1775
f 3184/1287/1774 3186/1289/1776 3183/1286/1775
f 3186/1289/1776 3187/1291/1777 3183/1286/1775
f 3187/1291/1777 3188/1293/1778 3183/1286/1775
f 3188/1293/1778 3189/1295/1779 3183/1286/1775
f 3189/1295/1779 3190/1297/1780 3183/1286/1775
f 3190/1297/1780 3191/1299/1781 3183/1286/1775
f 3191/1299/1781 3192/1301/1782 3183/1286/1775
f 3192/1301/1782 3193/1303/1783 3183/1286/1775
f 3193/1303/1783 3194/1305/1784 3183/1286/1775
f 3194/1305/1784 3195/1307/1785 3183/1286/1775
f 3195/1307/1785 3196/1309/1786 3183/1286/1775
f 3196/1309/1786 3197/1311/1787 3183/1286/1775
f 3197/1311/1787 3198/1313/1788 3183/1286/1775
f 3198/1313/1788 3199/1315/1789 3183/1286/1775
f 3199/1315/1789 3200/1317/1790 3183/1286/1775
f 3200/1317/1790 3201/1319/1791 3183/1286/1775
f 3201/1319/1791 3202/1321/1792 3183/1286/1775
f 3202/1321/1792 3203/1323/1793 3183/1286/1775
f 3203/1323/1793 3204/1366/1794 3183/1286/1775
f 3205/1340/1795 3183/1286/1775 3204/1366/1794
f 3205/1340/1795 3204/1366/1794 3206/1343/1796
f 3207/1368/1797 3206/1343/1796 3204/1366/1794
f 3207/1368/1797 3208/1371/1798 3206/1343/1796
f 3209/1346/1799 3206/1343/1796 3208/1371/1798
f 3208/1371/1798 3210/1374/1800 3209/1346/1799
f 3211/1349/1801 3209/1346/1799 3210/1374/1800
f 3210/1374/1800 3212/1377/1802 3211/1349/1801
f 3213/1352/1803 3211/1349/1801 3212/1377/1802
f 3212/1377/1802 3214/1380/1804 3213/1352/1803
f 3215/1355/1805 3213/1352/1803 3214/1380/1804
f 3218/1382/1806 3217/1321/1807 3216/1383/1808
f 3219/1384/1809 3216/1383/1808 3217/1321/1807
f 3217/1321/1807 3218/1382/1806 3220/1319/1810
f 3221/1385/1811 3220/1319/1810 3218/1382/1806
f 3220/1319/1810 3221/1385/1811 3222/1386/1812
f 3223/1318/1813 3222/1386/1812 3221/1385/1811
f 3222/1386/1812 3223/1318/1813 3224/1387/1814
f 3225/1316/1815 3224/1387/1814 3223/1318/1813
f 3224/1387/1814 3225/1316/1815 3226/1313/1816
f 3227/1314/1817 3226/1313/1816 3225/1316/1815
f 3226/1313/1816 3227/1314/1817 3228/1311/1818
f 3229/1312/1819 3228/1311/1818 3227/1314/1817
f 3228/1311/1818 3229/1312/1819 3230/1309/1820
f 3231/1388/1821 3230/1309/1820 3229/1312/1819
f 3230/1309/1820 3231/1388/1821 3232/1389/1822
f 3233/1308/1823 3232/1389/1822 3231/1388/1821
f 3232/1389/1822 3233/1308/1823 3234/1305/1824
f 3235/1306/1825 3234/1305/1824 3233/1308/1823
f 3234/1305/1824 3235/1306/1825 3236/1303/1826
f 3237/1390/1827 3236/1303/1826 3235/1306/1825
f 3236/1303/1826 3237/1390/1827 3238/1301/1828
f 3239/1302/1829 3238/1301/1828 3237/1390/1827
f 3238/1301/1828 3239/1302/1829 3240/1299/1830
f 3241/1300/1831 3240/1299/1830 3239/1302/1829
f 3240/1299/1830 3241/1300/1831 3242/1297/1832
f 3243/1391/1833 3242/1297/1832 3241/1300/1831
f 3242/1297/1832 3243/1391/1833 3244/1295/1834
f 3245/1296/1835 3244/1295/1834 3243/1391/1833
f 3244/1295/1834 3245/1296/1835 3246/1293/1836
f 3247/1294/1837 3246/1293/1836 3245/1296/1835
f 3246/1293/1836 3247/1294/1837 3248/1392/1838
f 3249/1292/1839 3248/1392/1838 3247/1294/1837
f 3248/1392/1838 3249/1292/1839 3250/1393/1840
f 3251/1290/1841 3250/1393/1840 3249/1292/1839
f 3250/1393/1840 3251/1290/1841 3252/1287/1842
f 3253/1288/1843 3252/1287/1842 3251/1290/1841
f 3252/1287/1842 3253/1288/1843 3254/1284/1844
f 3255/1394/1845 3254/1284/1844 3253/1288/1843
f 3254/1284/1844 3255/1394/1845 3256/1286/1846
f 3257/1285/1847 3256/1286/1846 3255/1394/1845
f 3243/1391/1833 3258/1331/1722 3245/1296/1835
f 3258/1331/1722 3243/1391/1833 3259/1330/1721
f 3241/1300/1831 3259/1330/1721 3243/1391/1833
f 3259/1330/1721 3241/1300/1831 3260/1329/1848
f 3239/1302/1829 3260/1329/1848 3241/1300/1831
f 3260/1329/1848 3239/1302/1829 3261/1328/1669
f 3237/1390/1827 3261/1328/1669 3239/1302/1829
f 3261/1328/1669 3237/1390/1827 3262/1327/1719
f 3235/1306/1825 3262/1327/1719 3237/1390/1827
f 3262/1327/1719 3235/1306/1825 3263/1326/1718
f 3233/1308/1823 3263/1326/1718 3235/1306/1825
f 3263/1326/1718 3233/1308/1823 3264/1325/1717
f 3231/1388/1821 3264/1325/1717 3233/1308/1823
f 3264/1325/1717 3231/1388/1821 3265/1357/1849
f 3229/1312/1819 3265/1357/1849 3231/1388/1821
f 3265/1357/1849 3229/1312/1819 3266/1358/1749
f 3227/1314/1817 3266/1358/1749 3229/1312/1819
f 3266/1358/1749 3227/1314/1817 3267/1359/1850
f 3225/1316/1815 3267/1359/1850 3227/1314/1817
f 3267/1359/1850 3225/1316/1815 3268/1360/1851
f 3223/1318/1813 3268/1360/1851 3225/1316/1815
f 3268/1360/1851 3223/1318/1813 3269/1361/1752
f 3221/1385/1811 3269/1361/1752 3223/1318/1813
f 3269/1361/1752 3221/1385/1811 3270/1362/1753
f 3218/1382/1806 3270/1362/1753 3221/1385/1811
f 3216/1383/1808 3271/1363/1754 3218/1382/1806
f 3272/1362/1753 3218/1382/1806 3271/1363/1754
f 3216/1383/1808 3273/1365/1852 3271/1363/1754
f 3273/1365/1852 3216/1383/1808 3274/1366/1853
f 3219/1384/1809 3274/1366/1853 3216/1383/1808
f 3275/1364/1755 3271/1363/1754 3273/1365/1852
f 3273/1365/1852 3274/1366/1853 3276/1367/1854
f 3277/1368/1855 3276/1367/1854 3274/1366/1853
f 3276/1367/1854 3278/1369/1760 3273/1365/1852
f 3275/1364/1755 3273/1365/1852 3279/1369/1856
f 3276/1367/1854 3277/1368/1855 3280/1370/1857
f 3281/1371/1858 3280/1370/1857 3277/1368/1855
f 3280/1370/1857 3282/1372/1763 3276/1367/1854
f 3278/1369/1760 3276/1367/1854 3282/1372/1763
f 3280/1370/1857 3281/1371/1858 3283/1373/1859
f 3284/1374/1860 3283/1373/1859 3281/1371/1858
f 3283/1373/1859 3285/1375/1766 3280/1370/1857
f 3282/1372/1763 3280/1370/1857 3285/1375/1766
f 3283/1373/1859 3284/1374/1860 3286/1376/1861
f 3287/1377/1862 3286/1376/1861 3284/1374/1860
f 3286/1376/1861 3288/1378/1863 3283/1373/1859
f 3285/1375/1766 3283/1373/1859 3288/1378/1863
f 3286/1376/1861 3287/1377/1862 3289/1379/1864
f 3286/1376/1861 3289/1379/1864 3288/1378/1863
f 3290/1380/1865 3289/1379/1864 3287/1377/1862
f 3291/1381/1772 3288/1378/1863 3289/1379/1864
f 3292/1332/1866 3245/1296/1835 3258/1331/1722
f 3245/1296/1835 3292/1332/1866 3247/1294/1837
f 3293/1333/1724 3247/1294/1837 3292/1332/1866
f 3247/1294/1837 3293/1333/1724 3249/1292/1839
f 3294/1334/1867 3249/1292/1839 3293/1333/1724
f 3249/1292/1839 3294/1334/1867 3251/1290/1841
f 3295/1335/1868 3251/1290/1841 3294/1334/1867
f 3251/1290/1841 3295/1335/1868 3253/1288/1843
f 3296/1336/1727 3253/1288/1843 3295/1335/1868
f 3253/1288/1843 3296/1336/1727 3255/1394/1845
f 3297/1337/1728 3255/1394/1845 3296/1336/1727
f 3255/1394/1845 3298/1337/1728 3257/1285/1847
f 3299/1338/1729 3257/1285/1847 3298/1337/1728
f 3299/1338/1729 3300/1341/1732 3257/1285/1847
f 3301/1339/1869 3257/1285/1847 3300/1341/1732
f 3257/1285/1847 3301/1339/1869 3256/1286/1846
f 3302/1340/1870 3256/1286/1846 3301/1339/1869
f 3301/1339/1869 3303/1342/1871 3302/1340/1870
f 3304/1343/1872 3302/1340/1870 3303/1342/1871
f 3300/1341/1732 3305/1344/1873 3301/1339/1869
f 3303/1342/1871 3301/1339/1869 3306/1344/1735
f 3303/1342/1871 3307/1395/1874 3304/1343/1872
f 3308/1396/1875 3304/1343/1872 3307/1395/1874
f 3307/1395/1874 3303/1342/1871 3309/1347/1738
f 3310/1344/1735 3309/1347/1738 3303/1342/1871
f 3307/1395/1874 3311/1348/1876 3308/1396/1875
f 3312/1349/1877 3308/1396/1875 3311/1348/1876
f 3311/1348/1876 3307/1395/1874 3313/1350/1741
f 3309/1347/1738 3313/1350/1741 3307/1395/1874
f 3311/1348/1876 3314/1351/1878 3312/1349/1877
f 3315/1352/1879 3312/1349/1877 3314/1351/1878
f 3314/1351/1878 3311/1348/1876 3316/1353/1880
f 3313/1350/1741 3316/1353/1880 3311/1348/1876
f 3314/1351/1878 3317/1354/1881 3315/1352/1879
f 3318/1355/1882 3315/1352/1879 3317/1354/1881
f 3317/1354/1881 3314/1351/1878 3319/1356/1747
f 3316/1353/1880 3319/1356/1747 3314/1351/1878
f 3322/1321/1883 3321/1319/1884 3320/1384/1885
f 3321/1319/1884 3323/1386/1886 3320/1384/1885
f 3323/1386/1886 3324/1387/1887 3320/1384/1885
f 3324/1387/1887 3325/1313/1888 3320/1384/1885
f 3325/1313/1888 3326/1311/1889 3320/1384/1885
f 3326/1311/1889 3327/1309/1890 3320/1384/1885
f 3327/1309/1890 3328/1389/1891 3320/1384/1885
f 3328/1389/1891 3329/1305/1892 3320/1384/1885
f 3329/1305/1892 3330/1303/1893 3320/1384/1885
f 3330/1303/1893 3331/1301/1894 3320/1384/1885
f 3331/1301/1894 3332/1299/1895 3320/1384/1885
f 3332/1299/1895 3333/1297/1896 3320/1384/1885
f 3333/1297/1896 3334/1295/1897 3320/1384/1885
f 3334/1295/1897 3335/1293/1898 3320/1384/1885
f 3335/1293/1898 3336/1392/1899 3320/1384/1885
f 3336/1392/1899 3337/1393/1900 3320/1384/1885
f 3337/1393/1900 3338/1287/1901 3320/1384/1885
f 3338/1287/1901 3339/1284/1902 3320/1384/1885
f 3339/1284/1902 3340/1286/1903 3320/1384/1885
f 3340/1286/1903 3341/1340/1904 3320/1384/1885
f 3342/1366/1905 3320/1384/1885 3341/1340/1904
f 3342/1366/1905 3341/1340/1904 3343/1368/1906
f 3344/1343/1907 3343/1368/1906 3341/1340/1904
f 3344/1343/1907 3345/1396/1908 3343/1368/1906
f 3346/1371/1909 3343/1368/1906 3345/1396/1908
f 3345/1396/1908 3347/1349/1910 3346/1371/1909
f 3348/1374/1911 3346/1371/1909 3347/1349/1910
f 3347/1349/1910 3349/1352/1912 3348/1374/1911
f 3350/1377/1913 3348/1374/1911 3349/1352/1912
f 3349/1352/1912 3351/1355/1914 3350/1377/1913
f 3352/1380/1915 3350/1377/1913 3351/1355/1914
f 3355/1283/1916 3354/1284/1917 3353/1285/1918
f 3356/1286/1919 3353/1285/1918 3354/1284/1917
f 3354/1284/1917 3355/1283/1916 3357/1287/1920
f 3358/1288/1921 3357/1287/1920 3355/1283/1916
f 3357/1287/1920 3358/1288/1921 3359/1289/1922
f 3360/1290/1923 3359/1289/1922 3358/1288/1921
f 3359/1289/1922 3360/1290/1923 3361/1291/1924
f 3362/1292/1925 3361/1291/1924 3360/1290/1923
f 3361/1291/1924 3362/1292/1925 3363/1293/1926
f 3364/1294/1927 3363/1293/1926 3362/1292/1925
f 3363/1293/1926 3364/1294/1927 3365/1295/1928
f 3366/1296/1929 3365/1295/1928 3364/1294/1927
f 3365/1295/1928 3366/1296/1929 3367/1297/1930
f 3368/1298/1931 3367/1297/1930 3366/1296/1929
f 3367/1297/1930 3368/1298/1931 3369/1299/1932
f 3370/1300/1933 3369/1299/1932 3368/1298/1931
f 3369/1299/1932 3370/1300/1933 3371/1301/1934
f 3372/1302/1935 3371/1301/1934 3370/1300/1933
f 3371/1301/1934 3372/1302/1935 3373/1303/1936
f 3374/1304/1937 3373/1303/1936 3372/1302/1935
f 3373/1303/1936 3374/1304/1937 3375/1305/1938
f 3376/1306/1939 3375/1305/1938 3374/1304/1937
f 3375/1305/1938 3376/1306/1939 3377/1307/1940
f 3378/1308/1941 3377/1307/1940 3376/1306/1939
f 3377/1307/1940 3378/1308/1941 3379/1309/1942
f 3380/1310/1943 3379/1309/1942 3378/1308/1941
f 3379/1309/1942 3380/1310/1943 3381/1311/1944
f 3382/1312/1945 3381/1311/1944 3380/1310/1943
f 3381/1311/1944 3382/1312/1945 3383/1313/1946
f 3384/1314/1947 3383/1313/1946 3382/1312/1945
f 3383/1313/1946 3384/1314/1947 3385/1315/1948
f 3386/1316/1949 3385/1315/1948 3384/1314/1947
f 3385/1315/1948 3386/1316/1949 3387/1317/1950
f 3388/1318/1951 3387/1317/1950 3386/1316/1949
f 3387/1317/1950 3388/1318/1951 3389/1319/1952
f 3390/1320/1953 3389/1319/1952 3388/1318/1951
f 3389/1319/1952 3390/1320/1953 3391/1321/1954
f 3392/1322/1955 3391/1321/1954 3390/1320/1953
f 3391/1321/1954 3392/1322/1955 3393/1323/1956
f 3394/1324/1957 3393/1323/1956 3392/1322/1955
f 3380/1310/1943 3395/1325/1958 3382/1312/1945
f 3395/1325/1958 3380/1310/1943 3396/1326/1959
f 3378/1308/1941 3396/1326/1959 3380/1310/1943
f 3396/1326/1959 3378/1308/1941 3397/1327/1960
f 3376/1306/1939 3397/1327/1960 3378/1308/1941
f 3397/1327/1960 3376/1306/1939 3398/1328/1674
f 3374/1304/1937 3398/1328/1674 3376/1306/1939
f 3398/1328/1674 3374/1304/1937 3399/1329/1961
f 3372/1302/1935 3399/1329/1961 3374/1304/1937
f 3399/1329/1961 3372/1302/1935 3400/1330/1962
f 3370/1300/1933 3400/1330/1962 3372/1302/1935
f 3400/1330/1962 3370/1300/1933 3401/1331/1963
f 3368/1298/1931 3401/1331/1963 3370/1300/1933
f 3401/1331/1963 3368/1298/1931 3402/1332/1964
f 3366/1296/1929 3402/1332/1964 3368/1298/1931
f 3402/1332/1964 3366/1296/1929 3403/1333/1965
f 3364/1294/1927 3403/1333/1965 3366/1296/1929
f 3403/1333/1965 3364/1294/1927 3404/1334/1966
f 3362/1292/1925 3404/1334/1966 3364/1294/1927
f 3404/1334/1966 3362/1292/1925 3405/1335/1967
f 3360/1290/1923 3405/1335/1967 3362/1292/1925
f 3405/1335/1967 3360/1290/1923 3406/1336/1968
f 3358/1288/1921 3406/1336/1968 3360/1290/1923
f 3406/1336/1968 3358/1288/1921 3407/1337/1969
f 3355/1283/1916 3407/1337/1969 3358/1288/1921
f 3353/1285/1918 3408/1338/1970 3355/1283/1916
f 3409/1337/1969 3355/1283/1916 3408/1338/1970
f 3353/1285/1918 3410/1339/1971 3408/1338/1970
f 3410/1339/1971 3353/1285/1918 3411/1340/1972
f 3356/1286/1919 3411/1340/1972 3353/1285/1918
f 3412/1341/1973 3408/1338/1970 3410/1339/1971
f 3410/1339/1971 3411/1340/1972 3413/1342/1974
f 3414/1343/1975 3413/1342/1974 3411/1340/1972
f 3413/1342/1974 3415/1344/1976 3410/1339/1971
f 3412/1341/1973 3410/1339/1971 3416/1344/1976
f 3413/1342/1974 3414/1343/1975 3417/1345/1977
f 3418/1346/1978 3417/1345/1977 3414/1343/1975
f 3417/1345/1977 3419/1347/1979 3413/1342/1974
f 3420/1344/1976 3413/1342/1974 3419/1347/1979
f 3417/1345/1977 3418/1346/1978 3421/1348/1980
f 3422/1349/1981 3421/1348/1980 3418/1346/1978
f 3421/1348/1980 3423/1350/1982 3417/1345/1977
f 3419/1347/1979 3417/1345/1977 3423/1350/1982
f 3421/1348/1980 3422/1349/1981 3424/1351/1983
f 3425/1352/1984 3424/1351/1983 3422/1349/1981
f 3424/1351/1983 3426/1353/1985 3421/1348/1980
f 3423/1350/1982 3421/1348/1980 3426/1353/1985
f 3424/1351/1983 3425/1352/1984 3427/1354/1986
f 3424/1351/1983 3427/1354/1986 3426/1353/1985
f 3428/1355/1987 3427/1354/1986 3425/1352/1984
f 3429/1356/1988 3426/1353/1985 3427/1354/1986
f 3430/1357/1989 3382/1312/1945 3395/1325/1958
f 3382/1312/1945 3430/1357/1989 3384/1314/1947
f 3431/1358/1990 3384/1314/1947 3430/1357/1989
f 3384/1314/1947 3431/1358/1990 3386/1316/1949
f 3432/1359/1991 3386/1316/1949 3431/1358/1990
f 3386/1316/1949 3432/1359/1991 3388/1318/1951
f 3433/1360/1992 3388/1318/1951 3432/1359/1991
f 3388/1318/1951 3433/1360/1992 3390/1320/1953
f 3434/1361/1993 3390/1320/1953 3433/1360/1992
f 3390/1320/1953 3434/1361/1993 3392/1322/1955
f 3435/1362/1994 3392/1322/1955 3434/1361/1993
f 3392/1322/1955 3436/1362/1994 3394/1324/1957
f 3437/1363/1995 3394/1324/1957 3436/1362/1994
f 3437/1363/1995 3438/1364/1996 3394/1324/1957
f 3439/1365/1997 3394/1324/1957 3438/1364/1996
f 3394/1324/1957 3439/1365/1997 3393/1323/1956
f 3440/1366/1998 3393/1323/1956 3439/1365/1997
f 3439/1365/1997 3441/1367/1999 3440/1366/1998
f 3442/1368/2000 3440/1366/1998 3441/1367/1999
f 3438/1364/1996 3443/1369/2001 3439/1365/1997
f 3441/1367/1999 3439/1365/1997 3444/1369/2001
f 3441/1367/1999 3445/1370/2002 3442/1368/2000
f 3446/1371/2003 3442/1368/2000 3445/1370/2002
f 3445/1370/2002 3441/1367/1999 3447/1372/2004
f 3444/1369/2001 3447/1372/2004 3441/1367/1999
f 3445/1370/2002 3448/1373/2005 3446/1371/2003
f 3449/1374/2006 3446/1371/2003 3448/1373/2005
f 3448/1373/2005 3445/1370/2002 3450/1375/2007
f 3447/1372/2004 3450/1375/2007 3445/1370/2002
f 3448/1373/2005 3451/1376/2008 3449/1374/2006
f 3452/1377/2009 3449/1374/2006 3451/1376/2008
f 3451/1376/2008 3448/1373/2005 3453/1378/2010
f 3450/1375/2007 3453/1378/2010 3448/1373/2005
f 3451/1376/2008 3454/1379/2011 3452/1377/2009
f 3455/1380/2012 3452/1377/2009 3454/1379/2011
f 3454/1379/2011 3451/1376/2008 3456/1381/2013
f 3453/1378/2010 3456/1381/2013 3451/1376/2008
f 3459/1284/2014 3458/1287/2015 3457/1286/2016
f 3458/1287/2015 3460/1289/2017 3457/1286/2016
f 3460/1289/2017 3461/1291/2018 3457/1286/2016
f 3461/1291/2018 3462/1293/2019 3457/1286/2016
f 3462/1293/2019 3463/1295/2020 3457/1286/2016
f 3463/1295/2020 3464/1297/2021 3457/1286/2016
f 3464/1297/2021 3465/1299/2022 3457/1286/2016
f 3465/1299/2022 3466/1301/2023 3457/1286/2016
f 3466/1301/2023 3467/1303/2024 3457/1286/2016
f 3467/1303/2024 3468/1305/2025 3457/1286/2016
f 3468/1305/2025 3469/1307/2026 3457/1286/2016
f 3469/1307/2026 3470/1309/2027 3457/1286/2016
f 3470/1309/2027 3471/1311/2028 3457/1286/2016
f 3471/1311/2028 3472/1313/2029 3457/1286/2016
f 3472/1313/2029 3473/1315/2030 3457/1286/2016
f 3473/1315/2030 3474/1317/2031 3457/1286/2016
f 3474/1317/2031 3475/1319/2032 3457/1286/2016
f 3475/1319/2032 3476/1321/2033 3457/1286/2016
f 3476/1321/2033 3477/1323/2034 3457/1286/2016
f 3477/1323/2034 3478/1366/2035 3457/1286/2016
f 3479/1340/2036 3457/1286/2016 3478/1366/2035
f 3479/1340/2036 3478/1366/2035 3480/1343/2037
f 3481/1368/2038 3480/1343/2037 3478/1366/2035
f 3481/1368/2038 3482/1371/2039 3480/1343/2037
f 3483/1346/2040 3480/1343/2037 3482/1371/2039
f 3482/1371/2039 3484/1374/2041 3483/1346/2040
f 3485/1349/2042 3483/1346/2040 3484/1374/2041
f 3484/1374/2041 3486/1377/2043 3485/1349/2042
f 3487/1352/2044 3485/1349/2042 3486/1377/2043
f 3486/1377/2043 3488/1380/2045 3487/1352/2044
f 3489/1355/2046 3487/1352/2044 3488/1380/2045
f 3492/1382/2047 3491/1321/2048 3490/1383/2049
f 3493/1384/2050 3490/1383/2049 3491/1321/2048
f 3491/1321/2048 3492/1382/2047 3494/1319/2051
f 3495/1385/2052 3494/1319/2051 3492/1382/2047
f 3494/1319/2051 3495/1385/2052 3496/1386/2053
f 3497/1318/2054 3496/1386/2053 3495/1385/2052
f 3496/1386/2053 3497/1318/2054 3498/1387/2055
f 3499/1316/2056 3498/1387/2055 3497/1318/2054
f 3498/1387/2055 3499/1316/2056 3500/1313/2057
f 3501/1314/2058 3500/1313/2057 3499/1316/2056
f 3500/1313/2057 3501/1314/2058 3502/1311/2059
f 3503/1312/2060 3502/1311/2059 3501/1314/2058
f 3502/1311/2059 3503/1312/2060 3504/1309/2061
f 3505/1388/2062 3504/1309/2061 3503/1312/2060
f 3504/1309/2061 3505/1388/2062 3506/1389/2063
f 3507/1308/2064 3506/1389/2063 3505/1388/2062
f 3506/1389/2063 3507/1308/2064 3508/1305/2065
f 3509/1306/2066 3508/1305/2065 3507/1308/2064
f 3508/1305/2065 3509/1306/2066 3510/1303/2067
f 3511/1390/2068 3510/1303/2067 3509/1306/2066
f 3510/1303/2067 3511/1390/2068 3512/1301/2069
f 3513/1302/2070 3512/1301/2069 3511/1390/2068
f 3512/1301/2069 3513/1302/2070 3514/1299/2071
f 3515/1300/2072 3514/1299/2071 3513/1302/2070
f 3514/1299/2071 3515/1300/2072 3516/1297/2073
f 3517/1391/2074 3516/1297/2073 3515/1300/2072
f 3516/1297/2073 3517/1391/2074 3518/1295/2075
f 3519/1296/2076 3518/1295/2075 3517/1391/2074
f 3518/1295/2075 3519/1296/2076 3520/1293/2077
f 3521/1294/2078 3520/1293/2077 3519/1296/2076
f 3520/1293/2077 3521/1294/2078 3522/1392/2079
f 3523/1292/2080 3522/1392/2079 3521/1294/2078
f 3522/1392/2079 3523/1292/2080 3524/1393/2081
f 3525/1290/2082 3524/1393/2081 3523/1292/2080
f 3524/1393/2081 3525/1290/2082 3526/1287/2083
f 3527/1288/2084 3526/1287/2083 3525/1290/2082
f 3526/1287/2083 3527/1288/2084 3528/1284/2085
f 3529/1394/2086 3528/1284/2085 3527/1288/2084
f 3528/1284/2085 3529/1394/2086 3530/1286/2087
f 3531/1285/2088 3530/1286/2087 3529/1394/2086
f 3517/1391/2074 3532/1331/1963 3519/1296/2076
f 3532/1331/1963 3517/1391/2074 3533/1330/1962
f 3515/1300/2072 3533/1330/1962 3517/1391/2074
f 3533/1330/1962 3515/1300/2072 3534/1329/2089
f 3513/1302/2070 3534/1329/2089 3515/1300/2072
f 3534/1329/2089 3513/1302/2070 3535/1328/1674
f 3511/1390/2068 3535/1328/1674 3513/1302/2070
f 3535/1328/1674 3511/1390/2068 3536/1327/2090
f 3509/1306/2066 3536/1327/2090 3511/1390/2068
f 3536/1327/2090 3509/1306/2066 3537/1326/1959
f 3507/1308/2064 3537/1326/1959 3509/1306/2066
f 3537/1326/1959 3507/1308/2064 3538/1325/1958
f 3505/1388/2062 3538/1325/1958 3507/1308/2064
f 3538/1325/1958 3505/1388/2062 3539/1357/2091
f 3503/1312/2060 3539/1357/2091 3505/1388/2062
f 3539/1357/2091 3503/1312/2060 3540/1358/1990
f 3501/1314/2058 3540/1358/1990 3503/1312/2060
f 3540/1358/1990 3501/1314/2058 3541/1359/2092
f 3499/1316/2056 3541/1359/2092 3501/1314/2058
f 3541/1359/2092 3499/1316/2056 3542/1360/2093
f 3497/1318/2054 3542/1360/2093 3499/1316/2056
f 3542/1360/2093 3497/1318/2054 3543/1361/1993
f 3495/1385/2052 3543/1361/1993 3497/1318/2054
f 3543/1361/1993 3495/1385/2052 3544/1362/1994
f 3492/1382/2047 3544/1362/1994 3495/1385/2052
f 3490/1383/2049 3545/1363/1995 3492/1382/2047
f 3546/1362/1994 3492/1382/2047 3545/1363/1995
f 3490/1383/2049 3547/1365/2094 3545/1363/1995
f 3547/1365/2094 3490/1383/2049 3548/1366/2095
f 3493/1384/2050 3548/1366/2095 3490/1383/2049
f 3549/1364/1996 3545/1363/1995 3547/1365/2094
f 3547/1365/2094 3548/1366/2095 3550/1367/2096
f 3551/1368/2097 3550/1367/2096 3548/1366/2095
f 3550/1367/2096 3552/1369/2001 3547/1365/2094
f 3549/1364/1996 3547/1365/2094 3553/1369/2098
f 3550/1367/2096 3551/1368/2097 3554/1370/2099
f 3555/1371/2100 3554/1370/2099 3551/1368/2097
f 3554/1370/2099 3556/1372/2004 3550/1367/2096
f 3552/1369/2001 3550/1367/2096 3556/1372/2004
f 3554/1370/2099 3555/1371/2100 3557/1373/2101
f 3558/1374/2102 3557/1373/2101 3555/1371/2100
f 3557/1373/2101 3559/1375/2007 3554/1370/2099
f 3556/1372/2004 3554/1370/2099 3559/1375/2007
f 3557/1373/2101 3558/1374/2102 3560/1376/2103
f 3561/1377/2104 3560/1376/2103 3558/1374/2102
f 3560/1376/2103 3562/1378/2105 3557/1373/2101
f 3559/1375/2007 3557/1373/2101 3562/1378/2105
f 3560/1376/2103 3561/1377/2104 3563/1379/2106
f 3560/1376/2103 3563/1379/2106 3562/1378/2105
f 3564/1380/2107 3563/1379/2106 3561/1377/2104
f 3565/1381/2013 3562/1378/2105 3563/1379/2106
f 3566/1332/2108 3519/1296/2076 3532/1331/1963
f 3519/1296/2076 3566/1332/2108 3521/1294/2078
f 3567/1333/1965 3521/1294/2078 3566/1332/2108
f 3521/1294/2078 3567/1333/1965 3523/1292/2080
f 3568/1334/2109 3523/1292/2080 3567/1333/1965
f 3523/1292/2080 3568/1334/2109 3525/1290/2082
f 3569/1335/2110 3525/1290/2082 3568/1334/2109
f 3525/1290/2082 3569/1335/2110 3527/1288/2084
f 3570/1336/1968 3527/1288/2084 3569/1335/2110
f 3527/1288/2084 3570/1336/1968 3529/1394/2086
f 3571/1337/1969 3529/1394/2086 3570/1336/1968
f 3529/1394/2086 3572/1337/1969 3531/1285/2088
f 3573/1338/1970 3531/1285/2088 3572/1337/1969
f 3573/1338/1970 3574/1341/1973 3531/1285/2088
f 3575/1339/2111 3531/1285/2088 3574/1341/1973
f 3531/1285/2088 3575/1339/2111 3530/1286/2087
f 3576/1340/2112 3530/1286/2087 3575/1339/2111
f 3575/1339/2111 3577/1342/2113 3576/1340/2112
f 3578/1343/2114 3576/1340/2112 3577/1342/2113
f 3574/1341/1973 3579/1344/2115 3575/1339/2111
f 3577/1342/2113 3575/1339/2111 3580/1344/1976
f 3577/1342/2113 3581/1395/2116 3578/1343/2114
f 3582/1396/2117 3578/1343/2114 3581/1395/2116
f 3581/1395/2116 3577/1342/2113 3583/1347/1979
f 3584/1344/1976 3583/1347/1979 3577/1342/2113
f 3581/1395/2116 3585/1348/2118 3582/1396/2117
f 3586/1349/2119 3582/1396/2117 3585/1348/2118
f 3585/1348/2118 3581/1395/2116 3587/1350/1982
f 3583/1347/1979 3587/1350/1982 3581/1395/2116
f 3585/1348/2118 3588/1351/2120 3586/1349/2119
f 3589/1352/2121 3586/1349/2119 3588/1351/2120
f 3588/1351/2120 3585/1348/2118 3590/1353/2122
f 3587/1350/1982 3590/1353/2122 3585/1348/2118
f 3588/1351/2120 3591/1354/2123 3589/1352/2121
f 3592/1355/2124 3589/1352/2121 3591/1354/2123
f 3591/1354/2123 3588/1351/2120 3593/1356/1988
f 3590/1353/2122 3593/1356/1988 3588/1351/2120
f 3596/1321/2125 3595/1319/2126 3594/1384/2127
f 3595/1319/2126 3597/1386/2128 3594/1384/2127
f 3597/1386/2128 3598/1387/2129 3594/1384/2127
f 3598/1387/2129 3599/1313/2130 3594/1384/2127
f 3599/1313/2130 3600/1311/2131 3594/1384/2127
f 3600/1311/2131 3601/1309/2132 3594/1384/2127
f 3601/1309/2132 3602/1389/2133 3594/1384/2127
f 3602/1389/2133 3603/1305/2134 3594/1384/2127
f 3603/1305/2134 3604/1303/2135 3594/1384/2127
f 3604/1303/2135 3605/1301/2136 3594/1384/2127
f 3605/1301/2136 3606/1299/2137 3594/1384/2127
f 3606/1299/2137 3607/1297/2138 3594/1384/2127
f 3607/1297/2138 3608/1295/2139 3594/1384/2127
f 3608/1295/2139 3609/1293/2140 3594/1384/2127
f 3609/1293/2140 3610/1392/2141 3594/1384/2127
f 3610/1392/2141 3611/1393/2142 3594/1384/2127
f 3611/1393/2142 3612/1287/2143 3594/1384/2127
f 3612/1287/2143 3613/1284/2144 3594/1384/2127
f 3613/1284/2144 3614/1286/2145 3594/1384/2127
f 3614/1286/2145 3615/1340/2146 3594/1384/2127
f 3616/1366/2147 3594/1384/2127 3615/1340/2146
f 3616/1366/2147 3615/1340/2146 3617/1368/2148
f 3618/1343/2149 3617/1368/2148 3615/1340/2146
f 3618/1343/2149 3619/1396/2150 3617/1368/2148
f 3620/1371/2151 3617/1368/2148 3619/1396/2150
f 3619/1396/2150 3621/1349/2152 3620/1371/2151
f 3622/1374/2153 3620/1371/2151 3621/1349/2152
f 3621/1349/2152 3623/1352/2154 3622/1374/2153
f 3624/1377/2155 3622/1374/2153 3623/1352/2154
f 3623/1352/2154 3625/1355/2156 3624/1377/2155
f 3626/1380/2157 3624/1377/2155 3625/1355/2156
f 3629/1283/2158 3628/1284/2159 3627/1285/2160
f 3630/1286/2161 3627/1285/2160 3628/1284/2159
f 3628/1284/2159 3629/1283/2158 3631/1287/2162
f 3632/1288/2163 3631/1287/2162 3629/1283/2158
f 3631/1287/2162 3632/1288/2163 3633/1289/2164
f 3634/1290/2165 3633/1289/2164 3632/1288/2163
f 3633/1289/2164 3634/1290/2165 3635/1291/2166
f 3636/1292/2167 3635/1291/2166 3634/1290/2165
f 3635/1291/2166 3636/1292/2167 3637/1293/2168
f 3638/1294/2169 3637/1293/2168 3636/1292/2167
f 3637/1293/2168 3638/1294/2169 3639/1295/2170
f 3640/1296/2171 3639/1295/2170 3638/1294/2169
f 3639/1295/2170 3640/1296/2171 3641/1297/2172
f 3642/1298/2173 3641/1297/2172 3640/1296/2171
f 3641/1297/2172 3642/1298/2173 3643/1299/2174
f 3644/1300/2175 3643/1299/2174 3642/1298/2173
f 3643/1299/2174 3644/1300/2175 3645/1301/2176
f 3646/1302/2177 3645/1301/2176 3644/1300/2175
f 3645/1301/2176 3646/1302/2177 3647/1303/2178
f 3648/1304/2179 3647/1303/2178 3646/1302/2177
f 3647/1303/2178 3648/1304/2179 3649/1305/2180
f 3650/1306/2181 3649/1305/2180 3648/1304/2179
f 3649/1305/2180 3650/1306/2181 3651/1307/2182
f 3652/1308/2183 3651/1307/2182 3650/1306/2181
f 3651/1307/2182 3652/1308/2183 3653/1309/2184
f 3654/1310/2185 3653/1309/2184 3652/1308/2183
f 3653/1309/2184 3654/1310/2185 3655/1311/2186
f 3656/1312/2187 3655/1311/2186 3654/1310/2185
f 3655/1311/2186 3656/1312/2187 3657/1313/2188
f 3658/1314/2189 3657/1313/2188 3656/1312/2187
f 3657/1313/2188 3658/1314/2189 3659/1315/2190
f 3660/1316/2191 3659/1315/2190 3658/1314/2189
f 3659/1315/2190 3660/1316/2191 3661/1317/2192
f 3662/1318/2193 3661/1317/2192 3660/1316/2191
f 3661/1317/2192 3662/1318/2193 3663/1319/2194
f 3664/1320/2195 3663/1319/2194 3662/1318/2193
f 3663/1319/2194 3664/1320/2195 3665/1321/2196
f 3666/1322/2197 3665/1321/2196 3664/1320/2195
f 3665/1321/2196 3666/1322/2197 3667/1323/2198
f 3668/1324/2199 3667/1323/2198 3666/1322/2197
f 3654/1310/2185 3669/1325/2200 3656/1312/2187
f 3669/1325/2200 3654/1310/2185 3670/1326/2201
f 3652/1308/2183 3670/1326/2201 3654/1310/2185
f 3670/1326/2201 3652/1308/2183 3671/1327/2202
f 3650/1306/2181 3671/1327/2202 3652/1308/2183
f 3671/1327/2202 3650/1306/2181 3672/1328/1658
f 3648/1304/2179 3672/1328/1658 3650/1306/2181
f 3672/1328/1658 3648/1304/2179 3673/1329/2203
f 3646/1302/2177 3673/1329/2203 3648/1304/2179
f 3673/1329/2203 3646/1302/2177 3674/1330/2204
f 3644/1300/2175 3674/1330/2204 3646/1302/2177
f 3674/1330/2204 3644/1300/2175 3675/1331/2205
f 3642/1298/2173 3675/1331/2205 3644/1300/2175
f 3675/1331/2205 3642/1298/2173 3676/1332/2206
f 3640/1296/2171 3676/1332/2206 3642/1298/2173
f 3676/1332/2206 3640/1296/2171 3677/1333/2207
f 3638/1294/2169 3677/1333/2207 3640/1296/2171
f 3677/1333/2207 3638/1294/2169 3678/1334/2208
f 3636/1292/2167 3678/1334/2208 3638/1294/2169
f 3678/1334/2208 3636/1292/2167 3679/1335/2209
f 3634/1290/2165 3679/1335/2209 3636/1292/2167
f 3679/1335/2209 3634/1290/2165 3680/1336/2210
f 3632/1288/2163 3680/1336/2210 3634/1290/2165
f 3680/1336/2210 3632/1288/2163 3681/1337/2211
f 3629/1283/2158 3681/1337/2211 3632/1288/2163
f 3627/1285/2160 3682/1338/2212 3629/1283/2158
f 3683/1337/2211 3629/1283/2158 3682/1338/2212
f 3627/1285/2160 3684/1339/2213 3682/1338/2212
f 3684/1339/2213 3627/1285/2160 3685/1340/2214
f 3630/1286/2161 3685/1340/2214 3627/1285/2160
f 3686/1341/2215 3682/1338/2212 3684/1339/2213
f 3684/1339/2213 3685/1340/2214 3687/1342/2216
f 3688/1343/2217 3687/1342/2216 3685/1340/2214
f 3687/1342/2216 3689/1344/2218 3684/1339/2213
f 3686/1341/2215 3684/1339/2213 3690/1344/2218
f 3687/1342/2216 3688/1343/2217 3691/1345/2219
f 3692/1346/2220 3691/1345/2219 3688/1343/2217
f 3691/1345/2219 3693/1347/2221 3687/1342/2216
f 3689/1344/2218 3687/1342/2216 3693/1347/2221
f 3691/1345/2219 3692/1346/2220 3694/1348/2222
f 3695/1349/2223 3694/1348/2222 3692/1346/2220
f 3694/1348/2222 3696/1350/2224 3691/1345/2219
f 3693/1347/2221 3691/1345/2219 3696/1350/2224
f 3694/1348/2222 3695/1349/2223 3697/1351/2225
f 3698/1352/2226 3697/1351/2225 3695/1349/2223
f 3697/1351/2225 3699/1353/2227 3694/1348/2222
f 3696/1350/2224 3694/1348/2222 3699/1353/2227
f 3697/1351/2225 3698/1352/2226 3700/1354/2228
f 3697/1351/2225 3700/1354/2228 3699/1353/2227
f 3701/1355/2229 3700/1354/2228 3698/1352/2226
f 3702/1356/2230 3699/1353/2227 3700/1354/2228
f 3703/1357/2231 3656/1312/2187 3669/1325/2200
f 3656/1312/2187 3703/1357/2231 3658/1314/2189
f 3704/1358/2232 3658/1314/2189 3703/1357/2231
f 3658/1314/2189 3704/1358/2232 3660/1316/2191
f 3705/1359/2233 3660/1316/2191 3704/1358/2232
f 3660/1316/2191 3705/1359/2233 3662/1318/2193
f 3706/1360/2234 3662/1318/2193 3705/1359/2233
f 3662/1318/2193 3706/1360/2234 3664/1320/2195
f 3707/1361/2235 3664/1320/2195 3706/1360/2234
f 3664/1320/2195 3707/1361/2235 3666/1322/2197
f 3708/1362/2236 3666/1322/2197 3707/1361/2235
f 3666/1322/2197 3709/1362/2236 3668/1324/2199
f 3710/1363/2237 3668/1324/2199 3709/1362/2236
f 3710/1363/2237 3711/1364/2238 3668/1324/2199
f 3712/1365/2239 3668/1324/2199 3711/1364/2238
f 3668/1324/2199 3712/1365/2239 3667/1323/2198
f 3713/1366/2240 3667/1323/2198 3712/1365/2239
f 3712/1365/2239 3714/1367/2241 3713/1366/2240
f 3715/1368/2242 3713/1366/2240 3714/1367/2241
f 3711/1364/2238 3716/1369/2243 3712/1365/2239
f 3714/1367/2241 3712/1365/2239 3717/1369/2243
f 3714/1367/2241 3718/1370/2244 3715/1368/2242
f 3719/1371/2245 3715/1368/2242 3718/1370/2244
f 3718/1370/2244 3714/1367/2241 3720/1372/2246
f 3717/1369/2243 3720/1372/2246 3714/1367/2241
f 3718/1370/2244 3721/1373/2247 3719/1371/2245
f 3722/1374/2248 3719/1371/2245 3721/1373/2247
f 3721/1373/2247 3718/1370/2244 3723/1375/2249
f 3720/1372/2246 3723/1375/2249 3718/1370/2244
f 3721/1373/2247 3724/1376/2250 3722/1374/2248
f 3725/1377/2251 3722/1374/2248 3724/1376/2250
f 3724/1376/2250 3721/1373/2247 3726/1378/2252
f 3723/1375/2249 3726/1378/2252 3721/1373/2247
f 3724/1376/2250 3727/1379/2253 3725/1377/2251
f 3728/1380/2254 3725/1377/2251 3727/1379/2253
f 3727/1379/2253 3724/1376/2250 3729/1381/2255
f 3726/1378/2252 3729/1381/2255 3724/1376/2250
f 3732/1284/2256 3731/1287/2257 3730/1286/2258
f 3731/1287/2257 3733/1289/2259 3730/1286/2258
f 3733/1289/2259 3734/1291/2260 3730/1286/2258
f 3734/1291/2260 3735/1293/2261 3730/1286/2258
f 3735/1293/2261 3736/1295/2262 3730/1286/2258
f 3736/1295/2262 3737/1297/2263 3730/1286/2258
f 3737/1297/2263 3738/1299/2264 3730/1286/2258
f 3738/1299/2264 3739/1301/2265 3730/1286/2258
f 3739/1301/2265 3740/1303/2266 3730/1286/2258
f 3740/1303/2266 3741/1305/2267 3730/1286/2258
f 3741/1305/2267 3742/1307/2268 3730/1286/2258
f 3742/1307/2268 3743/1309/2269 3730/1286/2258
f 3743/1309/2269 3744/1311/2270 3730/1286/2258
f 3744/1311/2270 3745/1313/2271 3730/1286/2258
f 3745/1313/2271 3746/1315/2272 3730/1286/2258
f 3746/1315/2272 3747/1317/2273 3730/1286/2258
f 3747/1317/2273 3748/1319/2274 3730/1286/2258
f 3748/1319/2274 3749/1321/2275 3730/1286/2258
f 3749/1321/2275 3750/1323/2276 3730/1286/2258
f 3750/1323/2276 3751/1366/2277 3730/1286/2258
f 3752/1340/2278 3730/1286/2258 3751/1366/2277
f 3752/1340/2278 3751/1366/2277 3753/1343/2279
f 3754/1368/2280 3753/1343/2279 3751/1366/2277
f 3754/1368/2280 3755/1371/2281 3753/1343/2279
f 3756/1346/2282 3753/1343/2279 3755/1371/2281
f 3755/1371/2281 3757/1374/2283 3756/1346/2282
f 3758/1349/2284 3756/1346/2282 3757/1374/2283
f 3757/1374/2283 3759/1377/2285 3758/1349/2284
f 3760/1352/2286 3758/1349/2284 3759/1377/2285
f 3759/1377/2285 3761/1380/2287 3760/1352/2286
f 3762/1355/2288 3760/1352/2286 3761/1380/2287
f 3765/1382/2289 3764/1321/2290 3763/1383/2291
f 3766/1384/2292 3763/1383/2291 3764/1321/2290
f 3764/1321/2290 3765/1382/2289 3767/1319/2293
f 3768/1385/2294 3767/1319/2293 3765/1382/2289
f 3767/1319/2293 3768/1385/2294 3769/1386/2295
f 3770/1318/2296 3769/1386/2295 3768/1385/2294
f 3769/1386/2295 3770/1318/2296 3771/1387/2297
f 3772/1316/2298 3771/1387/2297 3770/1318/2296
f 3771/1387/2297 3772/1316/2298 3773/1313/2299
f 3774/1314/2300 3773/1313/2299 3772/1316/2298
f 3773/1313/2299 3774/1314/2300 3775/1311/2301
f 3776/1312/2302 3775/1311/2301 3774/1314/2300
f 3775/1311/2301 3776/1312/2302 3777/1309/2303
f 3778/1388/2304 3777/1309/2303 3776/1312/2302
f 3777/1309/2303 3778/1388/2304 3779/1389/2305
f 3780/1308/2306 3779/1389/2305 3778/1388/2304
f 3779/1389/2305 3780/1308/2306 3781/1305/2307
f 3782/1306/2308 3781/1305/2307 3780/1308/2306
f 3781/1305/2307 3782/1306/2308 3783/1303/2309
f 3784/1390/2310 3783/1303/2309 3782/1306/2308
f 3783/1303/2309 3784/1390/2310 3785/1301/2311
f 3786/1302/2312 3785/1301/2311 3784/1390/2310
f 3785/1301/2311 3786/1302/2312 3787/1299/2313
f 3788/1300/2314 3787/1299/2313 3786/1302/2312
f 3787/1299/2313 3788/1300/2314 3789/1297/2315
f 3790/1391/2316 3789/1297/2315 3788/1300/2314
f 3789/1297/2315 3790/1391/2316 3791/1295/2317
f 3792/1296/2318 3791/1295/2317 3790/1391/2316
f 3791/1295/2317 3792/1296/2318 3793/1293/2319
f 3794/1294/2320 3793/1293/2319 3792/1296/2318
f 3793/1293/2319 3794/1294/2320 3795/1392/2321
f 3796/1292/2322 3795/1392/2321 3794/1294/2320
f 3795/1392/2321 3796/1292/2322 3797/1393/2323
f 3798/1290/2324 3797/1393/2323 3796/1292/2322
f 3797/1393/2323 3798/1290/2324 3799/1287/2325
f 3800/1288/2326 3799/1287/2325 3798/1290/2324
f 3799/1287/2325 3800/1288/2326 3801/1284/2327
f 3802/1394/2328 3801/1284/2327 3800/1288/2326
f 3801/1284/2327 3802/1394/2328 3803/1286/2329
f 3804/1285/2330 3803/1286/2329 3802/1394/2328
f 3790/1391/2316 3805/1331/2205 3792/1296/2318
f 3805/1331/2205 3790/1391/2316 3806/1330/2204
f 3788/1300/2314 3806/1330/2204 3790/1391/2316
f 3806/1330/2204 3788/1300/2314 3807/1329/2331
f 3786/1302/2312 3807/1329/2331 3788/1300/2314
f 3807/1329/2331 3786/1302/2312 3808/1328/1658
f 3784/1390/2310 3808/1328/1658 3786/1302/2312
f 3808/1328/1658 3784/1390/2310 3809/1327/2202
f 3782/1306/2308 3809/1327/2202 3784/1390/2310
f 3809/1327/2202 3782/1306/2308 3810/1326/2201
f 3780/1308/2306 3810/1326/2201 3782/1306/2308
f 3810/1326/2201 3780/1308/2306 3811/1325/2200
f 3778/1388/2304 3811/1325/2200 3780/1308/2306
f 3811/1325/2200 3778/1388/2304 3812/1357/2332
f 3776/1312/2302 3812/1357/2332 3778/1388/2304
f 3812/1357/2332 3776/1312/2302 3813/1358/2232
f 3774/1314/2300 3813/1358/2232 3776/1312/2302
f 3813/1358/2232 3774/1314/2300 3814/1359/2333
f 3772/1316/2298 3814/1359/2333 3774/1314/2300
f 3814/1359/2333 3772/1316/2298 3815/1360/2334
f 3770/1318/2296 3815/1360/2334 3772/1316/2298
f 3815/1360/2334 3770/1318/2296 3816/1361/2235
f 3768/1385/2294 3816/1361/2235 3770/1318/2296
f 3816/1361/2235 3768/1385/2294 3817/1362/2236
f 3765/1382/2289 3817/1362/2236 3768/1385/2294
f 3763/1383/2291 3818/1363/2237 3765/1382/2289
f 3819/1362/2236 3765/1382/2289 3818/1363/2237
f 3763/1383/2291 3820/1365/2335 3818/1363/2237
f 3820/1365/2335 3763/1383/2291 3821/1366/2336
f 3766/1384/2292 3821/1366/2336 3763/1383/2291
f 3822/1364/2238 3818/1363/2237 3820/1365/2335
f 3820/1365/2335 3821/1366/2336 3823/1367/2337
f 3824/1368/2338 3823/1367/2337 3821/1366/2336
f 3823/1367/2337 3825/1369/2243 3820/1365/2335
f 3822/1364/2238 3820/1365/2335 3826/1369/2339
f 3823/1367/2337 3824/1368/2338 3827/1370/2340
f 3828/1371/2341 3827/1370/2340 3824/1368/2338
f 3827/1370/2340 3829/1372/2246 3823/1367/2337
f 3825/1369/2243 3823/1367/2337 3829/1372/2246
f 3827/1370/2340 3828/1371/2341 3830/1373/2342
f 3831/1374/2343 3830/1373/2342 3828/1371/2341
f 3830/1373/2342 3832/1375/2249 3827/1370/2340
f 3829/1372/2246 3827/1370/2340 3832/1375/2249
f 3830/1373/2342 3831/1374/2343 3833/1376/2344
f 3834/1377/2345 3833/1376/2344 3831/1374/2343
f 3833/1376/2344 3835/1378/2346 3830/1373/2342
f 3832/1375/2249 3830/1373/2342 3835/1378/2346
f 3833/1376/2344 3834/1377/2345 3836/1379/2347
f 3833/1376/2344 3836/1379/2347 3835/1378/2346
f 3837/1380/2348 3836/1379/2347 3834/1377/2345
f 3838/1381/2255 3835/1378/2346 3836/1379/2347
f 3839/1332/2349 3792/1296/2318 3805/1331/2205
f 3792/1296/2318 3839/1332/2349 3794/1294/2320
f 3840/1333/2207 3794/1294/2320 3839/1332/2349
f 3794/1294/2320 3840/1333/2207 3796/1292/2322
f 3841/1334/2350 3796/1292/2322 3840/1333/2207
f 3796/1292/2322 3841/1334/2350 3798/1290/2324
f 3842/1335/2351 3798/1290/2324 3841/1334/2350
f 3798/1290/2324 3842/1335/2351 3800/1288/2326
f 3843/1336/2210 3800/1288/2326 3842/1335/2351
f 3800/1288/2326 3843/1336/2210 3802/1394/2328
f 3844/1337/2211 3802/1394/2328 3843/1336/2210
f 3802/1394/2328 3845/1337/2211 3804/1285/2330
f 3846/1338/2212 3804/1285/2330 3845/1337/2211
f 3846/1338/2212 3847/1341/2215 3804/1285/2330
f 3848/1339/2352 3804/1285/2330 3847/1341/2215
f 3804/1285/2330 3848/1339/2352 3803/1286/2329
f 3849/1340/2353 3803/1286/2329 3848/1339/2352
f 3848/1339/2352 3850/1342/2354 3849/1340/2353
f 3851/1343/2355 3849/1340/2353 3850/1342/2354
f 3847/1341/2215 3852/1344/2356 3848/1339/2352
f 3850/1342/2354 3848/1339/2352 3853/1344/2218
f 3850/1342/2354 3854/1395/2357 3851/1343/2355
f 3855/1396/2358 3851/1343/2355 3854/1395/2357
f 3854/1395/2357 3850/1342/2354 3856/1347/2221
f 3853/1344/2218 3856/1347/2221 3850/1342/2354
f 3854/1395/2357 3857/1348/2359 3855/1396/2358
f 3858/1349/2360 3855/1396/2358 3857/1348/2359
f 3857/1348/2359 3854/1395/2357 3859/1350/2224
f 3856/1347/2221 3859/1350/2224 3854/1395/2357
f 3857/1348/2359 3860/1351/2361 3858/1349/2360
f 3861/1352/2362 3858/1349/2360 3860/1351/2361
f 3860/1351/2361 3857/1348/2359 3862/1353/2363
f 3859/1350/2224 3862/1353/2363 3857/1348/2359
f 3860/1351/2361 3863/1354/2364 3861/1352/2362
f 3864/1355/2365 3861/1352/2362 3863/1354/2364
f 3863/1354/2364 3860/1351/2361 3865/1356/2230
f 3862/1353/2363 3865/1356/2230 3860/1351/2361
f 3868/1321/2366 3867/1319/2367 3866/1384/2368
f 3867/1319/2367 3869/1386/2369 3866/1384/2368
f 3869/1386/2369 3870/1387/2370 3866/1384/2368
f 3870/1387/2370 3871/1313/2371 3866/1384/2368
f 3871/1313/2371 3872/1311/2372 3866/1384/2368
f 3872/1311/2372 3873/1309/2373 3866/1384/2368
f 3873/1309/2373 3874/1389/2374 3866/1384/2368
f 3874/1389/2374 3875/1305/2375 3866/1384/2368
f 3875/1305/2375 3876/1303/2376 3866/1384/2368
f 3876/1303/2376 3877/1301/2377 3866/1384/2368
f 3877/1301/2377 3878/1299/2378 3866/1384/2368
f 3878/1299/2378 3879/1297/2379 3866/1384/2368
f 3879/1297/2379 3880/1295/2380 3866/1384/2368
f 3880/1295/2380 3881/1293/2381 3866/1384/2368
f 3881/1293/2381 3882/1392/2382 3866/1384/2368
f 3882/1392/2382 3883/1393/2383 3866/1384/2368
f 3883/1393/2383 3884/1287/2384 3866/1384/2368
f 3884/1287/2384 3885/1284/2385 3866/1384/2368
f 3885/1284/2385 3886/1286/2386 3866/1384/2368
f 3886/1286/2386 3887/1340/2387 3866/1384/2368
f 3888/1366/2388 3866/1384/2368 3887/1340/2387
f 3888/1366/2388 3887/1340/2387 3889/1368/2389
f 3890/1343/2390 3889/1368/2389 3887/1340/2387
f 3890/1343/2390 3891/1396/2391 3889/1368/2389
f 3892/1371/2392 3889/1368/2389 3891/1396/2391
f 3891/1396/2391 3893/1349/2393 3892/1371/2392
f 3894/1374/2394 3892/1371/2392 3893/1349/2393
f 3893/1349/2393 3895/1352/2395 3894/1374/2394
f 3896/1377/2396 3894/1374/2394 3895/1352/2395
f 3895/1352/2395 3897/1355/2397 3896/1377/2396
f 3898/1380/2398 3896/1377/2396 3897/1355/2397
f 3901/1283/2399 3900/1284/2400 3899/1285/2401
f 3902/1286/2402 3899/1285/2401 3900/1284/2400
f 3900/1284/2400 3901/1283/2399 3903/1287/2403
f 3904/1288/2404 3903/1287/2403 3901/1283/2399
f 3903/1287/2403 3904/1288/2404 3905/1289/2405
f 3906/1290/2406 3905/1289/2405 3904/1288/2404
f 3905/1289/2405 3906/1290/2406 3907/1291/2407
f 3908/1292/2408 3907/1291/2407 3906/1290/2406
f 3907/1291/2407 3908/1292/2408 3909/1293/2409
f 3910/1294/2410 3909/1293/2409 3908/1292/2408
f 3909/1293/2409 3910/1294/2410 3911/1295/2411
f 3912/1296/2412 3911/1295/2411 3910/1294/2410
f 3911/1295/2411 3912/1296/2412 3913/1297/2413
f 3914/1298/2414 3913/1297/2413 3912/1296/2412
f 3913/1297/2413 3914/1298/2414 3915/1299/2415
f 3916/1300/2416 3915/1299/2415 3914/1298/2414
f 3915/1299/2415 3916/1300/2416 3917/1301/2417
f 3918/1302/2418 3917/1301/2417 3916/1300/2416
f 3917/1301/2417 3918/1302/2418 3919/1303/2419
f 3920/1304/2420 3919/1303/2419 3918/1302/2418
f 3919/1303/2419 3920/1304/2420 3921/1305/2421
f 3922/1306/2422 3921/1305/2421 3920/1304/2420
f 3921/1305/2421 3922/1306/2422 3923/1307/2423
f 3924/1308/2424 3923/1307/2423 3922/1306/2422
f 3923/1307/2423 3924/1308/2424 3925/1309/2425
f 3926/1310/2426 3925/1309/2425 3924/1308/2424
f 3925/1309/2425 3926/1310/2426 3927/1311/2427
f 3928/1312/2428 3927/1311/2427 3926/1310/2426
f 3927/1311/2427 3928/1312/2428 3929/1313/2429
f 3930/1314/2430 3929/1313/2429 3928/1312/2428
f 3929/1313/2429 3930/1314/2430 3931/1315/2431
f 3932/1316/2432 3931/1315/2431 3930/1314/2430
f 3931/1315/2431 3932/1316/2432 3933/1317/2433
f 3934/1318/2434 3933/1317/2433 3932/1316/2432
f 3933/1317/2433 3934/1318/2434 3935/1319/2435
f 3936/1320/2436 3935/1319/2435 3934/1318/2434
f 3935/1319/2435 3936/1320/2436 3937/1321/2437
f 3938/1322/2438 3937/1321/2437 3936/1320/2436
f 3937/1321/2437 3938/1322/2438 3939/1323/2439
f 3940/1324/2440 3939/1323/2439 3938/1322/2438
f 3926/1310/2426 3941/1325/2441 3928/1312/2428
f 3941/1325/2441 3926/1310/2426 3942/1326/2442
f 3924/1308/2424 3942/1326/2442 3926/1310/2426
f 3942/1326/2442 3924/1308/2424 3943/1327/2443
f 3922/1306/2422 3943/1327/2443 3924/1308/2424
f 3943/1327/2443 3922/1306/2422 3944/1328/1653
f 3920/1304/2420 3944/1328/1653 3922/1306/2422
f 3944/1328/1653 3920/1304/2420 3945/1329/2444
f 3918/1302/2418 3945/1329/2444 3920/1304/2420
f 3945/1329/2444 3918/1302/2418 3946/1330/2445
f 3916/1300/2416 3946/1330/2445 3918/1302/2418
f 3946/1330/2445 3916/1300/2416 3947/1331/2446
f 3914/1298/2414 3947/1331/2446 3916/1300/2416
f 3947/1331/2446 3914/1298/2414 3948/1332/2447
f 3912/1296/2412 3948/1332/2447 3914/1298/2414
f 3948/1332/2447 3912/1296/2412 3949/1333/2448
f 3910/1294/2410 3949/1333/2448 3912/1296/2412
f 3949/1333/2448 3910/1294/2410 3950/1334/2449
f 3908/1292/2408 3950/1334/2449 3910/1294/2410
f 3950/1334/2449 3908/1292/2408 3951/1335/2450
f 3906/1290/2406 3951/1335/2450 3908/1292/2408
f 3951/1335/2450 3906/1290/2406 3952/1336/2451
f 3904/1288/2404 3952/1336/2451 3906/1290/2406
f 3952/1336/2451 3904/1288/2404 3953/1337/2452
f 3901/1283/2399 3953/1337/2452 3904/1288/2404
f 3899/1285/2401 3954/1338/2453 3901/1283/2399
f 3955/1337/2452 3901/1283/2399 3954/1338/2453
f 3899/1285/2401 3956/1339/2454 3954/1338/2453
f 3956/1339/2454 3899/1285/2401 3957/1340/2455
f 3902/1286/2402 3957/1340/2455 3899/1285/2401
f 3958/1341/2456 3954/1338/2453 3956/1339/2454
f 3956/1339/2454 3957/1340/2455 3959/1342/2457
f 3960/1343/2458 3959/1342/2457 3957/1340/2455
f 3959/1342/2457 3961/1344/2459 3956/1339/2454
f 3958/1341/2456 3956/1339/2454 3962/1344/2459
f 3959/1342/2457 3960/1343/2458 3963/1345/2460
f 3964/1346/2461 3963/1345/2460 3960/1343/2458
f 3963/1345/2460 3965/1347/2462 3959/1342/2457
f 3966/1344/2459 3959/1342/2457 3965/1347/2462
f 3963/1345/2460 3964/1346/2461 3967/1348/2463
f 3968/1349/2464 3967/1348/2463 3964/1346/2461
f 3967/1348/2463 3969/1350/2465 3963/1345/2460
f 3965/1347/2462 3963/1345/2460 3969/1350/2465
f 3967/1348/2463 3968/1349/2464 3970/1351/2466
f 3971/1352/2467 3970/1351/2466 3968/1349/2464
f 3970/1351/2466 3972/1353/2468 3967/1348/2463
f 3969/1350/2465 3967/1348/2463 3972/1353/2468
f 3970/1351/2466 3971/1352/2467 3973/1354/2469
f 3970/1351/2466 3973/1354/2469 3972/1353/2468
f 3974/1355/2470 3973/1354/2469 3971/1352/2467
f 3975/1356/2471 3972/1353/2468 3973/1354/2469
f 3976/1357/2472 3928/1312/2428 3941/1325/2441
f 3928/1312/2428 3976/1357/2472 3930/1314/2430
f 3977/1358/2473 3930/1314/2430 3976/1357/2472
f 3930/1314/2430 3977/1358/2473 3932/1316/2432
f 3978/1359/2474 3932/1316/2432 3977/1358/2473
f 3932/1316/2432 3978/1359/2474 3934/1318/2434
f 3979/1360/2475 3934/1318/2434 3978/1359/2474
f 3934/1318/2434 3979/1360/2475 3936/1320/2436
f 3980/1361/2476 3936/1320/2436 3979/1360/2475
f 3936/1320/2436 3980/1361/2476 3938/1322/2438
f 3981/1362/2477 3938/1322/2438 3980/1361/2476
f 3938/1322/2438 3982/1362/2477 3940/1324/2440
f 3983/1363/2478 3940/1324/2440 3982/1362/2477
f 3983/1363/2478 3984/1364/2479 3940/1324/2440
f 3985/1365/2480 3940/1324/2440 3984/1364/2479
f 3940/1324/2440 3985/1365/2480 3939/1323/2439
f 3986/1366/2481 3939/1323/2439 3985/1365/2480
f 3985/1365/2480 3987/1367/2482 3986/1366/2481
f 3988/1368/2483 3986/1366/2481 3987/1367/2482
f 3984/1364/2479 3989/1369/2484 3985/1365/2480
f 3987/1367/2482 3985/1365/2480 3990/1369/2484
f 3987/1367/2482 3991/1370/2485 3988/1368/2483
f 3992/1371/2486 3988/1368/2483 3991/1370/2485
f 3991/1370/2485 3987/1367/2482 3993/1372/2487
f 3990/1369/2484 3993/1372/2487 3987/1367/2482
f 3991/1370/2485 3994/1373/2488 3992/1371/2486
f 3995/1374/2489 3992/1371/2486 3994/1373/2488
f 3994/1373/2488 3991/1370/2485 3996/1375/2490
f 3993/1372/2487 3996/1375/2490 3991/1370/2485
f 3994/1373/2488 3997/1376/2491 3995/1374/2489
f 3998/1377/2492 3995/1374/2489 3997/1376/2491
f 3997/1376/2491 3994/1373/2488 3999/1378/2493
f 3996/1375/2490 3999/1378/2493 3994/1373/2488
f 3997/1376/2491 4000/1379/2494 3998/1377/2492
f 4001/1380/2495 3998/1377/2492 4000/1379/2494
f 4000/1379/2494 3997/1376/2491 4002/1381/2496
f 3999/1378/2493 4002/1381/2496 3997/1376/2491
f 4005/1284/2497 4004/1287/2498 4003/1286/2499
f 4004/1287/2498 4006/1289/2500 4003/1286/2499
f 4006/1289/2500 4007/1291/2501 4003/1286/2499
f 4007/1291/2501 4008/1293/2502 4003/1286/2499
f 4008/1293/2502 4009/1295/2503 4003/1286/2499
f 4009/1295/2503 4010/1297/2504 4003/1286/2499
f 4010/1297/2504 4011/1299/2505 4003/1286/2499
f 4011/1299/2505 4012/1301/2506 4003/1286/2499
f 4012/1301/2506 4013/1303/2507 4003/1286/2499
f 4013/1303/2507 4014/1305/2508 4003/1286/2499
f 4014/1305/2508 4015/1307/2509 4003/1286/2499
f 4015/1307/2509 4016/1309/2510 4003/1286/2499
f 4016/1309/2510 4017/1311/2511 4003/1286/2499
f 4017/1311/2511 4018/1313/2512 4003/1286/2499
f 4018/1313/2512 4019/1315/2513 4003/1286/2499
f 4019/1315/2513 4020/1317/2514 4003/1286/2499
f 4020/1317/2514 4021/1319/2515 4003/1286/2499
f 4021/1319/2515 4022/1321/2516 4003/1286/2499
f 4022/1321/2516 4023/1323/2517 4003/1286/2499
f 4023/1323/2517 4024/1366/2518 4003/1286/2499
f 4025/1340/2519 4003/1286/2499 4024/1366/2518
f 4025/1340/2519 4024/1366/2518 4026/1343/2520
f 4027/1368/2521 4026/1343/2520 4024/1366/2518
f 4027/1368/2521 4028/1371/2522 4026/1343/2520
f 4029/1346/2523 4026/1343/2520 4028/1371/2522
f 4028/1371/2522 4030/1374/2524 4029/1346/2523
f 4031/1349/2525 4029/1346/2523 4030/1374/2524
f 4030/1374/2524 4032/1377/2526 4031/1349/2525
f 4033/1352/2527 4031/1349/2525 4032/1377/2526
f 4032/1377/2526 4034/1380/2528 4033/1352/2527
f 4035/1355/2529 4033/1352/2527 4034/1380/2528
f 4038/1382/2530 4037/1321/2531 4036/1383/2532
f 4039/1384/2533 4036/1383/2532 4037/1321/2531
f 4037/1321/2531 4038/1382/2530 4040/1319/2534
f 4041/1385/2535 4040/1319/2534 4038/1382/2530
f 4040/1319/2534 4041/1385/2535 4042/1386/2536
f 4043/1318/2537 4042/1386/2536 4041/1385/2535
f 4042/1386/2536 4043/1318/2537 4044/1387/2538
f 4045/1316/2539 4044/1387/2538 4043/1318/2537
f 4044/1387/2538 4045/1316/2539 4046/1313/2540
f 4047/1314/2541 4046/1313/2540 4045/1316/2539
f 4046/1313/2540 4047/1314/2541 4048/1311/2542
f 4049/1312/2543 4048/1311/2542 4047/1314/2541
f 4048/1311/2542 4049/1312/2543 4050/1309/2544
f 4051/1388/2545 4050/1309/2544 4049/1312/2543
f 4050/1309/2544 4051/1388/2545 4052/1389/2546
f 4053/1308/2547 4052/1389/2546 4051/1388/2545
f 4052/1389/2546 4053/1308/2547 4054/1305/2548
f 4055/1306/2549 4054/1305/2548 4053/1308/2547
f 4054/1305/2548 4055/1306/2549 4056/1303/2550
f 4057/1390/2551 4056/1303/2550 4055/1306/2549
f 4056/1303/2550 4057/1390/2551 4058/1301/2552
f 4059/1302/2553 4058/1301/2552 4057/1390/2551
f 4058/1301/2552 4059/1302/2553 4060/1299/2554
f 4061/1300/2555 4060/1299/2554 4059/1302/2553
f 4060/1299/2554 4061/1300/2555 4062/1297/2556
f 4063/1391/2557 4062/1297/2556 4061/1300/2555
f 4062/1297/2556 4063/1391/2557 4064/1295/2558
f 4065/1296/2559 4064/1295/2558 4063/1391/2557
f 4064/1295/2558 4065/1296/2559 4066/1293/2560
f 4067/1294/2561 4066/1293/2560 4065/1296/2559
f 4066/1293/2560 4067/1294/2561 4068/1392/2562
f 4069/1292/2563 4068/1392/2562 4067/1294/2561
f 4068/1392/2562 4069/1292/2563 4070/1393/2564
f 4071/1290/2565 4070/1393/2564 4069/1292/2563
f 4070/1393/2564 4071/1290/2565 4072/1287/2566
f 4073/1288/2567 4072/1287/2566 4071/1290/2565
f 4072/1287/2566 4073/1288/2567 4074/1284/2568
f 4075/1394/2569 4074/1284/2568 4073/1288/2567
f 4074/1284/2568 4075/1394/2569 4076/1286/2570
f 4077/1285/2571 4076/1286/2570 4075/1394/2569
f 4063/1391/2557 4078/1331/2446 4065/1296/2559
f 4078/1331/2446 4063/1391/2557 4079/1330/2572
f 4061/1300/2555 4079/1330/2572 4063/1391/2557
f 4079/1330/2572 4061/1300/2555 4080/1329/2444
f 4059/1302/2553 4080/1329/2444 4061/1300/2555
f 4080/1329/2444 4059/1302/2553 4081/1328/1653
f 4057/1390/2551 4081/1328/1653 4059/1302/2553
f 4081/1328/1653 4057/1390/2551 4082/1327/2443
f 4055/1306/2549 4082/1327/2443 4057/1390/2551
f 4082/1327/2443 4055/1306/2549 4083/1326/2573
f 4053/1308/2547 4083/1326/2573 4055/1306/2549
f 4083/1326/2573 4053/1308/2547 4084/1325/2441
f 4051/1388/2545 4084/1325/2441 4053/1308/2547
f 4084/1325/2441 4051/1388/2545 4085/1357/2472
f 4049/1312/2543 4085/1357/2472 4051/1388/2545
f 4085/1357/2472 4049/1312/2543 4086/1358/2473
f 4047/1314/2541 4086/1358/2473 4049/1312/2543
f 4086/1358/2473 4047/1314/2541 4087/1359/2574
f 4045/1316/2539 4087/1359/2574 4047/1314/2541
f 4087/1359/2574 4045/1316/2539 4088/1360/2575
f 4043/1318/2537 4088/1360/2575 4045/1316/2539
f 4088/1360/2575 4043/1318/2537 4089/1361/2476
f 4041/1385/2535 4089/1361/2476 4043/1318/2537
f 4089/1361/2476 4041/1385/2535 4090/1362/2477
f 4038/1382/2530 4090/1362/2477 4041/1385/2535
f 4036/1383/2532 4091/1363/2478 4038/1382/2530
f 4092/1362/2477 4038/1382/2530 4091/1363/2478
f 4036/1383/2532 4093/1365/2576 4091/1363/2478
f 4093/1365/2576 4036/1383/2532 4094/1366/2577
f 4039/1384/2533 4094/1366/2577 4036/1383/2532
f 4095/1364/2479 4091/1363/2478 4093/1365/2576
f 4093/1365/2576 4094/1366/2577 4096/1367/2578
f 4097/1368/2579 4096/1367/2578 4094/1366/2577
f 4096/1367/2578 4098/1369/2484 4093/1365/2576
f 4095/1364/2479 4093/1365/2576 4099/1369/2580
f 4096/1367/2578 4097/1368/2579 4100/1370/2581
f 4101/1371/2582 4100/1370/2581 4097/1368/2579
f 4100/1370/2581 4102/1372/2487 4096/1367/2578
f 4098/1369/2484 4096/1367/2578 4102/1372/2487
f 4100/1370/2581 4101/1371/2582 4103/1373/2583
f 4104/1374/2584 4103/1373/2583 4101/1371/2582
f 4103/1373/2583 4105/1375/2490 4100/1370/2581
f 4102/1372/2487 4100/1370/2581 4105/1375/2490
f 4103/1373/2583 4104/1374/2584 4106/1376/2585
f 4107/1377/2586 4106/1376/2585 4104/1374/2584
f 4106/1376/2585 4108/1378/2587 4103/1373/2583
f 4105/1375/2490 4103/1373/2583 4108/1378/2587
f 4106/1376/2585 4107/1377/2586 4109/1379/2588
f 4106/1376/2585 4109/1379/2588 4108/1378/2587
f 4110/1380/2589 4109/1379/2588 4107/1377/2586
f 4111/1381/2496 4108/1378/2587 4109/1379/2588
f 4112/1332/2590 4065/1296/2559 4078/1331/2446
f 4065/1296/2559 4112/1332/2590 4067/1294/2561
f 4113/1333/2448 4067/1294/2561 4112/1332/2590
f 4067/1294/2561 4113/1333/2448 4069/1292/2563
f 4114/1334/2449 4069/1292/2563 4113/1333/2448
f 4069/1292/2563 4114/1334/2449 4071/1290/2565
f 4115/1335/2591 4071/1290/2565 4114/1334/2449
f 4071/1290/2565 4115/1335/2591 4073/1288/2567
f 4116/1336/2451 4073/1288/2567 4115/1335/2591
f 4073/1288/2567 4116/1336/2451 4075/1394/2569
f 4117/1337/2452 4075/1394/2569 4116/1336/2451
f 4075/1394/2569 4118/1337/2452 4077/1285/2571
f 4119/1338/2453 4077/1285/2571 4118/1337/2452
f 4119/1338/2453 4120/1341/2456 4077/1285/2571
f 4121/1339/2592 4077/1285/2571 4120/1341/2456
f 4077/1285/2571 4121/1339/2592 4076/1286/2570
f 4122/1340/2593 4076/1286/2570 4121/1339/2592
f 4121/1339/2592 4123/1342/2594 4122/1340/2593
f 4124/1343/2595 4122/1340/2593 4123/1342/2594
f 4120/1341/2456 4125/1344/2596 4121/1339/2592
f 4123/1342/2594 4121/1339/2592 4126/1344/2459
f 4123/1342/2594 4127/1395/2597 4124/1343/2595
f 4128/1396/2598 4124/1343/2595 4127/1395/2597
f 4127/1395/2597 4123/1342/2594 4129/1347/2462
f 4130/1344/2459 4129/1347/2462 4123/1342/2594
f 4127/1395/2597 4131/1348/2599 4128/1396/2598
f 4132/1349/2600 4128/1396/2598 4131/1348/2599
f 4131/1348/2599 4127/1395/2597 4133/1350/2465
f 4129/1347/2462 4133/1350/2465 4127/1395/2597
f 4131/1348/2599 4134/1351/2601 4132/1349/2600
f 4135/1352/2602 4132/1349/2600 4134/1351/2601
f 4134/1351/2601 4131/1348/2599 4136/1353/2603
f 4133/1350/2465 4136/1353/2603 4131/1348/2599
f 4134/1351/2601 4137/1354/2604 4135/1352/2602
f 4138/1355/2605 4135/1352/2602 4137/1354/2604
f 4137/1354/2604 4134/1351/2601 4139/1356/2471
f 4136/1353/2603 4139/1356/2471 4134/1351/2601
f 4142/1321/2606 4141/1319/2607 4140/1384/2608
f 4141/1319/2607 4143/1386/2609 4140/1384/2608
f 4143/1386/2609 4144/1387/2610 4140/1384/2608
f 4144/1387/2610 4145/1313/2611 4140/1384/2608
f 4145/1313/2611 4146/1311/2612 4140/1384/2608
f 4146/1311/2612 4147/1309/2613 4140/1384/2608
f 4147/1309/2613 4148/1389/2614 4140/1384/2608
f 4148/1389/2614 4149/1305/2615 4140/1384/2608
f 4149/1305/2615 4150/1303/2616 4140/1384/2608
f 4150/1303/2616 4151/1301/2617 4140/1384/2608
f 4151/1301/2617 4152/1299/2618 4140/1384/2608
f 4152/1299/2618 4153/1297/2619 4140/1384/2608
f 4153/1297/2619 4154/1295/2620 4140/1384/2608
f 4154/1295/2620 4155/1293/2621 4140/1384/2608
f 4155/1293/2621 4156/1392/2622 4140/1384/2608
f 4156/1392/2622 4157/1393/2623 4140/1384/2608
f 4157/1393/2623 4158/1287/2624 4140/1384/2608
f 4158/1287/2624 4159/1284/2625 4140/1384/2608
f 4159/1284/2625 4160/1286/2626 4140/1384/2608
f 4160/1286/2626 4161/1340/2627 4140/1384/2608
f 4162/1366/2628 4140/1384/2608 4161/1340/2627
f 4162/1366/2628 4161/1340/2627 4163/1368/2629
f 4164/1343/2630 4163/1368/2629 4161/1340/2627
f 4164/1343/2630 4165/1396/2631 4163/1368/2629
f 4166/1371/2632 4163/1368/2629 4165/1396/2631
f 4165/1396/2631 4167/1349/2633 4166/1371/2632
f 4168/1374/2634 4166/1371/2632 4167/1349/2633
f 4167/1349/2633 4169/1352/2635 4168/1374/2634
f 4170/1377/2636 4168/1374/2634 4169/1352/2635
f 4169/1352/2635 4171/1355/2637 4170/1377/2636
f 4172/1380/2638 4170/1377/2636 4171/1355/2637
