# Blender 3.6.14
# www.blender.org
mtllib Airplane8.mtl
o Airplane8
v 0.000000 0.363775 0.328409
v -0.089661 0.354963 0.452471
v -0.087249 0.355721 0.324203
v -0.000000 0.363764 0.452471
v -0.175581 0.328900 0.452471
v -0.171428 0.331760 0.311692
v -0.178492 0.328236 0.309851
v -0.254764 0.286575 0.452471
v -0.250574 0.293189 0.284346
v -0.306150 0.252223 0.254533
v -0.324169 0.229616 0.452471
v -0.322370 0.240702 0.243039
v -0.374492 0.187302 0.189764
v -0.381128 0.160211 0.452471
v -0.385960 0.176227 0.174364
v -0.428789 0.094937 0.174273
v -0.423453 0.081027 0.452471
v -0.455181 0.006775 0.174273
v -0.449516 -0.004892 0.452471
v -0.464092 -0.081360 0.174273
v -0.458317 -0.094245 0.452471
v -0.455181 -0.176598 0.174273
v -0.449516 -0.183598 0.452471
v -0.428788 -0.264760 0.174273
v -0.423453 -0.269517 0.452471
v -0.385930 -0.334818 0.174273
v -0.381128 -0.348701 0.452471
v -0.328253 -0.408746 0.174273
v -0.324169 -0.418106 0.452470
v -0.257972 -0.455265 0.174273
v -0.254764 -0.477417 0.452470
v -0.177790 -0.483133 0.174273
v -0.175580 -0.519741 0.452470
v -0.090787 -0.509877 0.174273
v -0.089661 -0.545804 0.452470
v 0.000000 -0.518907 0.174273
v -0.000000 -0.554605 0.452470
v -0.437183 -0.262319 -0.071133
v -0.455159 -0.173612 -0.071133
v -0.464245 -0.081360 -0.071133
v -0.459035 0.010893 -0.071133
v -0.181267 -0.463078 -0.071133
v -0.263020 -0.433115 -0.071133
v -0.092560 -0.489987 -0.071133
v 0.000000 -0.499073 -0.071133
v -0.442371 -0.081360 -0.334632
v -0.441839 0.009120 -0.334632
v -0.445493 0.065638 -0.151427
v -0.446028 0.070443 -0.071133
v -0.439862 0.073481 -0.224727
v -0.429641 0.096667 -0.307254
v -0.428789 0.096123 -0.334632
v -0.421411 0.109926 -0.334632
v -0.433460 -0.171839 -0.334632
v -0.415998 -0.251225 -0.334632
v -0.374967 -0.311155 -0.334632
v -0.393485 -0.325572 -0.071133
v -0.334678 -0.390804 -0.071133
v -0.317290 -0.372510 -0.334632
v -0.247216 -0.413693 -0.334632
v -0.168629 -0.439163 -0.334632
v -0.083438 -0.465555 -0.334632
v 0.000000 -0.474467 -0.334632
v -0.287155 -0.333747 -0.524688
v -0.338311 -0.283216 -0.524687
v -0.371542 -0.223009 -0.524688
v -0.392005 -0.152823 -0.524687
v -0.398915 -0.073592 -0.524688
v -0.392005 0.008975 -0.524687
v -0.381646 0.095261 -0.524688
v -0.399864 0.135071 -0.385857
v -0.374557 0.168705 -0.431868
v -0.356178 0.168860 -0.524687
v -0.354672 0.187301 -0.457183
v -0.311841 0.230173 -0.498863
v -0.309226 0.230240 -0.524687
v -0.280181 0.252222 -0.520205
v -0.271423 0.258582 -0.524687
v -0.230613 0.232501 -0.744286
v -0.180220 0.275753 -0.744286
v -0.240869 0.278665 -0.538823
v -0.163501 0.312622 -0.562659
v -0.119260 0.309374 -0.744286
v -0.271233 0.178991 -0.744286
v -0.299535 0.114048 -0.744286
v -0.311022 0.038393 -0.744286
v -0.316351 -0.034457 -0.744285
v -0.308248 -0.101486 -0.744286
v -0.287339 -0.154269 -0.744286
v -0.252564 -0.202664 -0.744286
v -0.206675 -0.250403 -0.744286
v -0.157823 -0.286329 -0.744286
v -0.225573 -0.373185 -0.524687
v -0.154684 -0.401457 -0.524688
v -0.080019 -0.422847 -0.524688
v 0.000000 -0.431242 -0.524688
v -0.104635 -0.311309 -0.744286
v -0.048005 -0.328284 -0.744286
v 0.000000 -0.335274 -0.744286
v -0.085643 -0.155156 -0.972434
v -0.117757 -0.127323 -0.972434
v -0.051132 -0.168967 -0.972434
v -0.013035 -0.180476 -0.972434
v 0.000000 -0.185244 -0.972434
v -0.015446 0.131398 -1.355911
v -0.020245 0.151813 -1.372893
v -0.150987 -0.092866 -0.972434
v -0.180936 -0.053399 -0.972434
v -0.201195 -0.008331 -0.972434
v -0.209564 0.035514 -0.972434
v -0.206475 0.085262 -0.972434
v -0.193269 0.137963 -0.972434
v -0.170201 0.188673 -0.972434
v -0.141889 0.238892 -0.972434
v -0.109238 0.272057 -0.972434
v -0.067982 0.303678 -0.972434
v -0.052623 0.329137 -0.744286
v -0.028721 0.322931 -0.972475
v 0.000000 0.336937 -0.744286
v 0.000000 0.340385 -0.579689
v -0.082780 0.333251 -0.576110
v 0.000000 0.329187 -0.972434
v -0.101700 0.328234 -0.573591
v -0.021811 0.290410 -1.419577
v -0.026016 0.275430 -1.419006
v -0.027634 0.258000 -1.418533
v -0.028014 0.237856 -1.416463
v -0.028058 0.221655 -1.414349
v -0.027358 0.205288 -1.409143
v -0.026292 0.190712 -1.401363
v -0.024723 0.174732 -1.391138
v -0.022574 0.164764 -1.383580
v -0.410299 0.135072 0.117139
v -0.433242 0.097968 0.040812
v -0.433680 0.096817 0.038446
v -0.443870 0.073481 -0.044378
v 0.000000 0.340385 -0.579689
v -0.089555 0.327278 -0.565385
v -0.082780 0.333251 -0.576110
v 0.000000 0.336649 -0.570091
v -0.101700 0.328234 -0.573591
v -0.161450 0.313962 -0.553703
v -0.163501 0.312622 -0.562659
v -0.235876 0.281395 -0.531053
v -0.240869 0.278665 -0.538823
v -0.268031 0.257863 -0.516331
v -0.271423 0.258582 -0.524687
v -0.280181 0.252222 -0.520205
v -0.303053 0.234800 -0.494196
v -0.311841 0.230173 -0.498863
v -0.344676 0.191691 -0.453050
v -0.354672 0.187301 -0.457183
v -0.364001 0.173146 -0.428856
v -0.374557 0.168705 -0.431868
v -0.388594 0.139998 -0.383127
v -0.399864 0.135071 -0.385857
v -0.409533 0.114844 -0.332718
v -0.421411 0.109926 -0.334632
v -0.417531 0.101973 -0.305317
v -0.429641 0.096667 -0.307254
v -0.427464 0.078957 -0.223822
v -0.439862 0.073481 -0.224727
v -0.432936 0.071361 -0.151872
v -0.445493 0.065638 -0.151427
v -0.433456 0.075584 -0.071809
v -0.446028 0.070443 -0.071133
v -0.431359 0.079212 -0.045634
v -0.443870 0.073481 -0.044378
v -0.421244 0.103161 0.036157
v -0.433680 0.096817 0.038446
v -0.433242 0.097968 0.040812
v -0.398735 0.141241 0.113323
v -0.410299 0.135072 0.117139
v -0.369510 0.185138 0.175365
v -0.385960 0.176227 0.174364
v -0.374492 0.187302 0.189764
v -0.305404 0.250187 0.242067
v -0.322370 0.240702 0.243039
v -0.306150 0.252223 0.254533
v -0.243515 0.296493 0.277006
v -0.250574 0.293189 0.284346
v -0.170627 0.333409 0.300282
v -0.178492 0.328236 0.309851
v -0.171428 0.331760 0.311692
v -0.084797 0.351552 0.313837
v -0.087249 0.355721 0.324203
v 0.000000 0.359379 0.316204
v 0.000000 0.363775 0.328409
v 0.000000 0.336649 -0.570091
v -0.089555 -0.140049 -0.565385
v -0.089555 0.327278 -0.565385
v 0.000000 -0.140049 -0.570091
v -0.161450 -0.140049 -0.553703
v -0.161450 0.313962 -0.553703
v -0.235876 -0.140049 -0.531053
v -0.235876 0.281395 -0.531053
v -0.268031 -0.140049 -0.516330
v -0.268031 0.257863 -0.516331
v -0.303053 -0.140049 -0.494195
v -0.303053 0.234800 -0.494196
v -0.344676 -0.140049 -0.453050
v -0.344676 0.191691 -0.453050
v -0.364000 -0.140049 -0.428856
v -0.364001 0.173146 -0.428856
v -0.388594 -0.140049 -0.383127
v -0.388594 0.139998 -0.383127
v -0.409533 -0.140049 -0.332718
v -0.409533 0.114844 -0.332718
v -0.417531 -0.140049 -0.305317
v -0.417531 0.101973 -0.305317
v -0.427464 -0.140049 -0.223822
v -0.427464 0.078957 -0.223822
v -0.432936 -0.140049 -0.151872
v -0.432936 0.071361 -0.151872
v -0.433456 -0.140049 -0.071809
v -0.433456 0.075584 -0.071809
v -0.431359 -0.140049 -0.045634
v -0.431359 0.079212 -0.045634
v -0.421244 -0.140049 0.036158
v -0.421244 0.103161 0.036157
v -0.398735 -0.140049 0.113324
v -0.398735 0.141241 0.113323
v -0.369510 -0.140049 0.175365
v -0.369510 0.185138 0.175365
v -0.305404 -0.140049 0.242067
v -0.305404 0.250187 0.242067
v -0.243515 -0.140049 0.277006
v -0.243515 0.296493 0.277006
v -0.170627 -0.140049 0.300282
v -0.170627 0.333409 0.300282
v -0.084797 -0.140049 0.313838
v -0.084797 0.351552 0.313837
v 0.000000 -0.140049 0.316204
v 0.000000 0.359379 0.316204
v -0.161450 -0.140049 -0.553703
v -0.268031 -0.140049 -0.516330
v -0.235876 -0.140049 -0.531053
v -0.344676 -0.140049 -0.453050
v -0.303053 -0.140049 -0.494195
v 0.000000 -0.140049 0.316204
v -0.431359 -0.140049 -0.045634
v -0.417531 -0.140049 -0.305317
v -0.388594 -0.140049 -0.383127
v -0.364000 -0.140049 -0.428856
v -0.409533 -0.140049 -0.332718
v -0.432936 -0.140049 -0.151872
v -0.427464 -0.140049 -0.223822
v -0.433456 -0.140049 -0.071809
v -0.305404 -0.140049 0.242067
v -0.398735 -0.140049 0.113324
v -0.421244 -0.140049 0.036158
v -0.369510 -0.140049 0.175365
v -0.170627 -0.140049 0.300282
v -0.243515 -0.140049 0.277006
v -0.084797 -0.140049 0.313838
v 0.000000 -0.140049 -0.570091
v -0.089555 -0.140049 -0.565385
v -0.000000 0.363764 0.452471
v -0.095795 0.385819 0.567558
v -0.089661 0.354963 0.452471
v 0.000000 0.395223 0.567558
v -0.187607 0.357969 0.567558
v -0.175581 0.328900 0.452471
v -0.272221 0.312741 0.567558
v -0.254764 0.286575 0.452471
v -0.346386 0.251876 0.567558
v -0.324169 0.229616 0.452471
v -0.407252 0.177711 0.567558
v -0.381128 0.160211 0.452471
v -0.452479 0.093097 0.567558
v -0.423453 0.081027 0.452471
v -0.480329 0.001285 0.567558
v -0.449516 -0.004892 0.452471
v -0.489733 -0.094196 0.567558
v -0.458317 -0.094245 0.452471
v -0.480329 -0.189677 0.567558
v -0.449516 -0.183598 0.452471
v -0.452478 -0.281489 0.567558
v -0.423453 -0.269517 0.452471
v -0.407251 -0.366103 0.567558
v -0.381128 -0.348701 0.452471
v -0.346386 -0.440268 0.567558
v -0.324169 -0.418106 0.452470
v -0.272221 -0.503646 0.567558
v -0.254764 -0.477417 0.452470
v -0.187606 -0.548873 0.567558
v -0.175580 -0.519741 0.452470
v -0.095795 -0.576724 0.567558
v -0.089661 -0.545804 0.452470
v -0.000000 -0.586128 0.567558
v -0.000000 -0.554605 0.452470
v -0.470776 -0.289025 0.693467
v -0.423720 -0.377061 0.693467
v -0.360393 -0.454225 0.693467
v -0.283229 -0.520166 0.693467
v -0.195193 -0.567222 0.693467
v -0.099668 -0.596199 0.693467
v -0.000000 -0.605983 0.693467
v -0.463304 -0.285922 0.790422
v -0.491821 -0.191914 0.790422
v -0.499753 -0.193501 0.693467
v -0.509537 -0.094159 0.693467
v -0.499753 0.005183 0.693467
v -0.470776 0.100708 0.693467
v -0.423720 0.188743 0.693467
v -0.360393 0.265907 0.693467
v -0.283229 0.329234 0.693467
v -0.195193 0.376290 0.693467
v -0.099669 0.405267 0.693467
v -0.000000 0.415052 0.693467
v -0.000000 0.406975 0.790421
v -0.098090 0.397346 0.790421
v -0.192098 0.368830 0.790421
v -0.278736 0.322521 0.790422
v -0.354674 0.260199 0.790422
v -0.416996 0.184261 0.790422
v -0.000000 0.375442 0.859675
v -0.091931 0.366419 0.859675
v -0.180025 0.339696 0.859675
v -0.261212 0.296300 0.859675
v -0.332374 0.237900 0.859675
v -0.390774 0.166738 0.859675
v -0.463305 0.097623 0.790422
v -0.491821 0.003615 0.790422
v -0.501450 -0.094150 0.790422
v -0.434170 0.085551 0.859675
v -0.460893 -0.002543 0.859675
v -0.469916 -0.094157 0.859675
v -0.460893 -0.185772 0.859675
v -0.434170 -0.273865 0.859675
v -0.416995 -0.372560 0.790421
v -0.354630 -0.448542 0.790422
v -0.278684 -0.513459 0.790422
v -0.192097 -0.559733 0.790422
v -0.098090 -0.588250 0.790422
v -0.000000 -0.597879 0.790422
v -0.390774 -0.355053 0.859675
v -0.332204 -0.426385 0.859675
v -0.261012 -0.487285 0.859675
v -0.180024 -0.530545 0.859675
v -0.091931 -0.557268 0.859675
v -0.000000 -0.566291 0.859675
v -0.116707 0.186870 0.914638
v -0.215440 0.120899 0.914638
v -0.169323 0.158747 0.914638
v -0.000000 0.210037 0.914638
v -0.304578 -0.094299 0.914638
v -0.281412 0.022165 0.914638
v -0.253288 0.074781 0.914638
v -0.298730 -0.034926 0.914638
v 0.000000 -0.400577 0.914638
v -0.214920 -0.310021 0.914638
v -0.281412 -0.210763 0.914638
v -0.298730 -0.153671 0.914638
v -0.253288 -0.263378 0.914638
v -0.116707 -0.377411 0.914638
v -0.168710 -0.349701 0.914638
v -0.059615 -0.394729 0.914638
v -0.059616 0.204189 0.914638
v -0.077915 0.296051 0.901666
v -0.000000 0.303697 0.901666
v -0.091931 0.366419 0.859675
v -0.000000 0.375442 0.859675
v -0.180025 0.339696 0.859675
v -0.152560 0.273408 0.901666
v -0.261212 0.296300 0.859675
v -0.221354 0.236637 0.901666
v -0.332374 0.237900 0.859675
v -0.281651 0.187152 0.901666
v -0.390774 0.166738 0.859675
v -0.331136 0.126854 0.901666
v -0.434170 0.085551 0.859675
v -0.367907 0.058061 0.901666
v -0.460893 -0.002543 0.859675
v -0.390550 -0.016584 0.901666
v -0.469916 -0.094157 0.859675
v -0.398196 -0.094212 0.901666
v -0.460893 -0.185772 0.859675
v -0.390550 -0.171841 0.901666
v -0.434170 -0.273865 0.859675
v -0.367907 -0.246486 0.901666
v -0.390774 -0.355053 0.859675
v -0.331136 -0.315279 0.901666
v -0.332204 -0.426385 0.859675
v -0.281306 -0.375925 0.901666
v -0.261012 -0.487285 0.859675
v -0.220946 -0.427632 0.901666
v -0.180024 -0.530545 0.859675
v -0.152560 -0.464128 0.901666
v -0.091931 -0.557268 0.859675
v -0.077915 -0.486771 0.901666
v -0.000000 -0.566291 0.859675
v 0.000000 -0.494417 0.901666
v -0.012246 0.118922 -1.343592
v -0.009503 0.108515 -1.333698
v -0.005846 0.098783 -1.324553
v 0.000000 0.097700 -1.325703
v 0.000000 0.300708 -1.419634
v -0.026016 0.275430 -1.419006
v 0.000000 0.290410 -1.422931
v -0.021811 0.290410 -1.419577
v -0.000000 0.275430 -1.425005
v -0.027634 0.258000 -1.418533
v -0.000000 0.258000 -1.425540
v -0.028014 0.237856 -1.416463
v -0.000000 0.237856 -1.424751
v -0.028058 0.221655 -1.414349
v -0.000000 0.221655 -1.422335
v -0.027358 0.205288 -1.409143
v 0.000000 0.205171 -1.417308
v -0.026292 0.190712 -1.401363
v -0.000000 0.190048 -1.410302
v -0.024723 0.174732 -1.391138
v -0.000000 0.173172 -1.400582
v -0.022574 0.164764 -1.383580
v 0.000000 0.162323 -1.392805
v -0.020245 0.151813 -1.372893
v -0.000000 0.148522 -1.380311
v -0.015446 0.131398 -1.355911
v 0.000000 0.128511 -1.360244
v -0.012246 0.118922 -1.343592
v 0.000000 0.116638 -1.346917
v -0.009503 0.108515 -1.333698
v 0.000000 0.106468 -1.335568
v -0.005846 0.098783 -1.324553
v 0.000000 0.106468 -1.335568
v 0.000000 0.097700 -1.325703
v 0.000000 0.300708 -1.419634
v 0.000000 0.300708 -1.419634
v 0.000000 0.329187 -0.972434
v -0.028721 0.322931 -0.972475
v 0.000000 0.363775 0.328409
v 0.089661 0.354963 0.452471
v -0.000000 0.363764 0.452471
v 0.087249 0.355721 0.324203
v 0.175580 0.328900 0.452471
v 0.171428 0.331760 0.311692
v 0.178492 0.328236 0.309851
v 0.254764 0.286575 0.452471
v 0.250574 0.293189 0.284346
v 0.306150 0.252223 0.254533
v 0.324169 0.229616 0.452471
v 0.322370 0.240702 0.243039
v 0.374492 0.187302 0.189764
v 0.381128 0.160211 0.452471
v 0.385960 0.176227 0.174364
v 0.428789 0.094937 0.174273
v 0.423453 0.081027 0.452471
v 0.455181 0.006775 0.174273
v 0.449516 -0.004892 0.452471
v 0.464092 -0.081360 0.174273
v 0.458317 -0.094245 0.452471
v 0.455180 -0.176598 0.174273
v 0.449516 -0.183598 0.452471
v 0.428788 -0.264760 0.174273
v 0.423453 -0.269517 0.452471
v 0.385930 -0.334818 0.174273
v 0.381128 -0.348701 0.452471
v 0.328253 -0.408746 0.174273
v 0.324169 -0.418106 0.452471
v 0.257972 -0.455265 0.174273
v 0.254764 -0.477417 0.452470
v 0.177790 -0.483133 0.174273
v 0.175580 -0.519741 0.452470
v 0.090787 -0.509877 0.174273
v 0.089661 -0.545804 0.452470
v 0.000000 -0.518907 0.174273
v -0.000000 -0.554605 0.452470
v 0.437183 -0.262319 -0.106179
v 0.393485 -0.325572 -0.106179
v 0.334678 -0.390804 -0.106179
v 0.263020 -0.433115 -0.106179
v 0.181267 -0.463078 -0.106179
v 0.092560 -0.489987 -0.071133
v 0.000000 -0.499073 -0.071133
v 0.374967 -0.311155 -0.334632
v 0.415999 -0.251225 -0.334632
v 0.455159 -0.173612 -0.106179
v 0.464245 -0.081360 -0.106179
v 0.459035 0.010893 -0.106179
v 0.442371 -0.081360 -0.334632
v 0.441839 0.009120 -0.334632
v 0.445493 0.065638 -0.151427
v 0.446028 0.070443 -0.106179
v 0.439862 0.073481 -0.224727
v 0.429641 0.096667 -0.307254
v 0.428789 0.096123 -0.334632
v 0.421411 0.109927 -0.334632
v 0.433459 -0.171839 -0.334632
v 0.381646 0.095261 -0.524687
v 0.399864 0.135071 -0.385857
v 0.374557 0.168705 -0.431868
v 0.356178 0.168860 -0.524688
v 0.354672 0.187301 -0.457184
v 0.311841 0.230173 -0.498863
v 0.309226 0.230240 -0.524687
v 0.280181 0.252222 -0.520205
v 0.271423 0.258582 -0.524687
v 0.392006 0.008975 -0.524688
v 0.398915 -0.073592 -0.524688
v 0.392006 -0.152823 -0.524687
v 0.371542 -0.223009 -0.524687
v 0.338311 -0.283216 -0.524688
v 0.287155 -0.333747 -0.524687
v 0.317290 -0.372510 -0.334632
v 0.247216 -0.413693 -0.334632
v 0.168629 -0.439163 -0.334632
v 0.083438 -0.465555 -0.334632
v 0.000000 -0.474467 -0.334632
v 0.225574 -0.373185 -0.524688
v 0.154684 -0.401457 -0.524688
v 0.080019 -0.422847 -0.524688
v 0.000000 -0.431242 -0.524688
v 0.157823 -0.286329 -0.744286
v 0.104635 -0.311309 -0.744286
v 0.048006 -0.328284 -0.744286
v 0.000000 -0.335274 -0.744286
v 0.051132 -0.168967 -0.972434
v 0.085643 -0.155156 -0.972434
v 0.206675 -0.250403 -0.744286
v 0.252564 -0.202664 -0.744286
v 0.287339 -0.154269 -0.744286
v 0.308248 -0.101486 -0.744286
v 0.316351 -0.034457 -0.744286
v 0.311022 0.038393 -0.744286
v 0.299535 0.114048 -0.744286
v 0.271233 0.178991 -0.744286
v 0.230613 0.232501 -0.744286
v 0.180220 0.275753 -0.744286
v 0.240869 0.278665 -0.538823
v 0.163501 0.312622 -0.562660
v 0.119260 0.309374 -0.744286
v 0.109238 0.272057 -0.972434
v 0.067982 0.303678 -0.972434
v 0.052623 0.329137 -0.744286
v 0.028721 0.322931 -0.972475
v 0.000000 0.336937 -0.744286
v 0.000000 0.340385 -0.579689
v 0.082780 0.333251 -0.576110
v 0.000000 0.329187 -0.972434
v 0.141889 0.238892 -0.972434
v 0.170201 0.188673 -0.972434
v 0.193269 0.137963 -0.972434
v 0.206475 0.085262 -0.972434
v 0.209564 0.035514 -0.972434
v 0.201195 -0.008331 -0.972434
v 0.180936 -0.053399 -0.972434
v 0.150987 -0.092866 -0.972434
v 0.117757 -0.127323 -0.972434
v 0.028058 0.221655 -1.414350
v 0.028014 0.237856 -1.416463
v 0.027358 0.205288 -1.409144
v 0.026292 0.190712 -1.401363
v 0.024722 0.174732 -1.391138
v 0.022574 0.164764 -1.383581
v 0.020244 0.151813 -1.372893
v 0.015446 0.131398 -1.355911
v 0.012246 0.118922 -1.343591
v 0.009503 0.108515 -1.333698
v 0.013035 -0.180476 -0.972434
v 0.000000 -0.185244 -0.972434
v 0.005846 0.098783 -1.324553
v 0.000000 0.097700 -1.325703
v 0.410299 0.135072 0.117139
v 0.433243 0.097968 0.040812
v 0.433680 0.096817 0.038446
v 0.443870 0.073481 -0.044378
v 0.101700 0.328234 -0.573591
v 0.000000 0.340385 -0.579689
v 0.089555 0.327278 -0.565385
v 0.000000 0.336649 -0.570091
v 0.082780 0.333251 -0.576110
v 0.101700 0.328234 -0.573591
v 0.161450 0.313963 -0.553703
v 0.163501 0.312622 -0.562660
v 0.235876 0.281395 -0.531053
v 0.240869 0.278665 -0.538823
v 0.268031 0.257864 -0.516331
v 0.271423 0.258582 -0.524687
v 0.280181 0.252222 -0.520205
v 0.303053 0.234800 -0.494196
v 0.311841 0.230173 -0.498863
v 0.344677 0.191691 -0.453050
v 0.354672 0.187301 -0.457184
v 0.364001 0.173146 -0.428856
v 0.374557 0.168705 -0.431868
v 0.388594 0.139998 -0.383127
v 0.399864 0.135071 -0.385857
v 0.409533 0.114844 -0.332718
v 0.421411 0.109927 -0.334632
v 0.417531 0.101973 -0.305317
v 0.429641 0.096667 -0.307254
v 0.427464 0.078957 -0.223822
v 0.439862 0.073481 -0.224727
v 0.432936 0.071361 -0.151872
v 0.445493 0.065638 -0.151427
v 0.433456 0.075585 -0.106904
v 0.446028 0.070443 -0.106179
v 0.431359 0.079212 -0.045634
v 0.443870 0.073481 -0.044378
v 0.421244 0.103161 0.036157
v 0.433680 0.096817 0.038446
v 0.433243 0.097968 0.040812
v 0.398735 0.141241 0.113323
v 0.410299 0.135072 0.117139
v 0.369510 0.185138 0.175365
v 0.385960 0.176227 0.174364
v 0.374492 0.187302 0.189764
v 0.305404 0.250187 0.242067
v 0.322370 0.240702 0.243039
v 0.306150 0.252223 0.254533
v 0.243515 0.296493 0.277006
v 0.250574 0.293189 0.284346
v 0.170627 0.333409 0.300282
v 0.178492 0.328236 0.309851
v 0.171428 0.331760 0.311692
v 0.084797 0.351552 0.313837
v 0.087249 0.355721 0.324203
v 0.000000 0.359379 0.316204
v 0.000000 0.363775 0.328409
v 0.000000 0.336649 -0.570091
v 0.089555 -0.140049 -0.565385
v 0.000000 -0.140049 -0.570091
v 0.089555 0.327278 -0.565385
v 0.161450 -0.140049 -0.553703
v 0.161450 0.313963 -0.553703
v 0.235876 -0.140049 -0.531053
v 0.235876 0.281395 -0.531053
v 0.268031 -0.140049 -0.516331
v 0.268031 0.257864 -0.516331
v 0.303053 -0.140049 -0.494196
v 0.303053 0.234800 -0.494196
v 0.344676 -0.140049 -0.453050
v 0.344677 0.191691 -0.453050
v 0.364001 -0.140049 -0.428856
v 0.364001 0.173146 -0.428856
v 0.388594 -0.140049 -0.383127
v 0.388594 0.139998 -0.383127
v 0.409533 -0.140049 -0.332718
v 0.409533 0.114844 -0.332718
v 0.417531 -0.140049 -0.305317
v 0.417531 0.101973 -0.305317
v 0.427464 -0.140049 -0.223822
v 0.427464 0.078957 -0.223822
v 0.432936 -0.140049 -0.151872
v 0.432936 0.071361 -0.151872
v 0.433456 -0.140049 -0.106904
v 0.433456 0.075585 -0.106904
v 0.431359 -0.140049 -0.045634
v 0.431359 0.079212 -0.045634
v 0.421244 -0.140049 0.036158
v 0.421244 0.103161 0.036157
v 0.398734 -0.140049 0.113324
v 0.398735 0.141241 0.113323
v 0.369510 -0.140049 0.175365
v 0.369510 0.185138 0.175365
v 0.305404 -0.140049 0.242067
v 0.305404 0.250187 0.242067
v 0.243515 -0.140049 0.277006
v 0.243515 0.296493 0.277006
v 0.170627 -0.140049 0.300282
v 0.170627 0.333409 0.300282
v 0.084797 -0.140049 0.313838
v 0.084797 0.351552 0.313837
v 0.000000 -0.140049 0.316204
v 0.000000 0.359379 0.316204
v 0.000000 -0.140049 0.316204
v 0.170627 -0.140049 0.300282
v 0.084797 -0.140049 0.313838
v 0.305404 -0.140049 0.242067
v 0.243515 -0.140049 0.277006
v 0.431359 -0.140049 -0.045634
v 0.398734 -0.140049 0.113324
v 0.369510 -0.140049 0.175365
v 0.421244 -0.140049 0.036158
v 0.344676 -0.140049 -0.453050
v 0.417531 -0.140049 -0.305317
v 0.432936 -0.140049 -0.151872
v 0.433456 -0.140049 -0.106904
v 0.427464 -0.140049 -0.223822
v 0.388594 -0.140049 -0.383127
v 0.409533 -0.140049 -0.332718
v 0.364001 -0.140049 -0.428856
v 0.268031 -0.140049 -0.516331
v 0.303053 -0.140049 -0.494196
v 0.161450 -0.140049 -0.553703
v 0.235876 -0.140049 -0.531053
v 0.000000 -0.140049 -0.570091
v 0.089555 -0.140049 -0.565385
v -0.000000 0.363764 0.452471
v 0.095795 0.385819 0.567558
v 0.000000 0.395223 0.567558
v 0.089661 0.354963 0.452471
v 0.187607 0.357969 0.567558
v 0.175580 0.328900 0.452471
v 0.272221 0.312741 0.567558
v 0.254764 0.286575 0.452471
v 0.346386 0.251876 0.567558
v 0.324169 0.229616 0.452471
v 0.407252 0.177711 0.567558
v 0.381128 0.160211 0.452471
v 0.452479 0.093097 0.567558
v 0.423453 0.081027 0.452471
v 0.480329 0.001285 0.567558
v 0.449516 -0.004892 0.452471
v 0.489734 -0.094196 0.567558
v 0.458317 -0.094245 0.452471
v 0.480329 -0.189677 0.567558
v 0.449516 -0.183598 0.452471
v 0.452478 -0.281489 0.567558
v 0.423453 -0.269517 0.452471
v 0.407251 -0.366103 0.567558
v 0.381128 -0.348701 0.452471
v 0.346385 -0.440268 0.567558
v 0.324169 -0.418106 0.452471
v 0.272221 -0.503646 0.567558
v 0.254764 -0.477417 0.452470
v 0.187606 -0.548873 0.567558
v 0.175580 -0.519741 0.452470
v 0.095794 -0.576724 0.567558
v 0.089661 -0.545804 0.452470
v -0.000000 -0.586128 0.567558
v -0.000000 -0.554605 0.452470
v 0.470776 -0.289025 0.693467
v 0.499753 -0.193501 0.693467
v 0.509537 -0.094159 0.693467
v 0.499753 0.005183 0.693467
v 0.470776 0.100708 0.693467
v 0.423720 0.188743 0.693467
v 0.360393 0.265907 0.693467
v 0.283229 0.329234 0.693467
v 0.195193 0.376290 0.693467
v 0.099669 0.405267 0.693467
v -0.000000 0.415052 0.693467
v -0.000000 0.406975 0.790421
v 0.098090 0.397346 0.790421
v 0.192098 0.368829 0.790421
v 0.278736 0.322520 0.790422
v 0.354674 0.260199 0.790422
v 0.416996 0.184261 0.790422
v -0.000000 0.375442 0.859675
v 0.091931 0.366419 0.859675
v 0.180025 0.339696 0.859675
v 0.261212 0.296300 0.859675
v 0.332374 0.237900 0.859675
v 0.390774 0.166738 0.859675
v 0.463305 0.097623 0.790422
v 0.491821 0.003615 0.790422
v 0.501450 -0.094150 0.790422
v 0.491821 -0.191914 0.790422
v 0.463304 -0.285922 0.790422
v 0.423720 -0.377061 0.693467
v 0.360393 -0.454225 0.693467
v 0.283229 -0.520166 0.693467
v 0.195193 -0.567222 0.693467
v 0.099668 -0.596199 0.693467
v -0.000000 -0.605983 0.693467
v 0.416995 -0.372560 0.790421
v 0.354630 -0.448542 0.790422
v 0.278684 -0.513459 0.790422
v 0.192097 -0.559733 0.790422
v 0.098090 -0.588250 0.790422
v -0.000000 -0.597879 0.790422
v 0.390774 -0.355053 0.859675
v 0.434170 -0.273865 0.859675
v 0.460893 -0.185772 0.859675
v 0.469916 -0.094157 0.859675
v 0.460893 -0.002543 0.859675
v 0.434170 0.085551 0.859675
v 0.261012 -0.487285 0.859675
v 0.332204 -0.426385 0.859675
v 0.180024 -0.530545 0.859675
v 0.091931 -0.557268 0.859675
v -0.000000 -0.566291 0.859675
v 0.000000 -0.400577 0.914638
v 0.116707 -0.377411 0.914638
v 0.059615 -0.394729 0.914638
v 0.214920 -0.310021 0.914638
v 0.168710 -0.349701 0.914638
v 0.304578 -0.094299 0.914638
v 0.281412 -0.210763 0.914638
v 0.253288 -0.263378 0.914638
v 0.298730 -0.153671 0.914638
v -0.000000 0.210037 0.914638
v 0.215440 0.120899 0.914638
v 0.281412 0.022165 0.914638
v 0.298730 -0.034926 0.914638
v 0.253288 0.074781 0.914638
v 0.116707 0.186870 0.914638
v 0.169322 0.158747 0.914638
v 0.059616 0.204189 0.914638
v 0.077915 0.296051 0.901666
v -0.000000 0.303697 0.901666
v 0.091931 0.366419 0.859675
v -0.000000 0.375442 0.859675
v 0.180025 0.339696 0.859675
v 0.152560 0.273408 0.901666
v 0.261212 0.296300 0.859675
v 0.221354 0.236637 0.901666
v 0.332374 0.237900 0.859675
v 0.281651 0.187152 0.901666
v 0.390774 0.166738 0.859675
v 0.331136 0.126854 0.901666
v 0.434170 0.085551 0.859675
v 0.367907 0.058061 0.901666
v 0.460893 -0.002543 0.859675
v 0.390550 -0.016584 0.901666
v 0.469916 -0.094157 0.859675
v 0.398196 -0.094212 0.901666
v 0.460893 -0.185772 0.859675
v 0.390550 -0.171841 0.901666
v 0.434170 -0.273865 0.859675
v 0.367907 -0.246486 0.901666
v 0.390774 -0.355053 0.859675
v 0.331136 -0.315279 0.901666
v 0.332204 -0.426385 0.859675
v 0.281305 -0.375925 0.901666
v 0.261012 -0.487285 0.859675
v 0.220946 -0.427632 0.901666
v 0.180024 -0.530545 0.859675
v 0.152560 -0.464128 0.901666
v 0.091931 -0.557268 0.859675
v 0.077915 -0.486771 0.901666
v -0.000000 -0.566291 0.859675
v 0.000000 -0.494417 0.901666
v 0.021811 0.290410 -1.419577
v 0.026016 0.275430 -1.419006
v 0.027634 0.258000 -1.418533
v 0.000000 0.300708 -1.419634
v 0.026016 0.275430 -1.419006
v 0.000000 0.290410 -1.422931
v -0.000000 0.275430 -1.425005
v 0.021811 0.290410 -1.419577
v 0.027634 0.258000 -1.418533
v -0.000000 0.258000 -1.425540
v 0.028014 0.237856 -1.416463
v -0.000000 0.237856 -1.424751
v 0.028058 0.221655 -1.414350
v -0.000000 0.221655 -1.422335
v 0.027358 0.205288 -1.409144
v 0.000000 0.205171 -1.417308
v 0.026292 0.190712 -1.401363
v -0.000000 0.190048 -1.410302
v 0.024722 0.174732 -1.391138
v -0.000000 0.173172 -1.400582
v 0.022574 0.164764 -1.383581
v 0.000000 0.162323 -1.392805
v 0.020244 0.151813 -1.372893
v -0.000000 0.148522 -1.380311
v 0.015446 0.131398 -1.355911
v 0.000000 0.128511 -1.360244
v 0.012246 0.118922 -1.343591
v 0.000000 0.116638 -1.346917
v 0.009503 0.108515 -1.333698
v 0.000000 0.106468 -1.335568
v 0.005846 0.098783 -1.324553
v 0.000000 0.106468 -1.335568
v 0.000000 0.097700 -1.325703
v 0.000000 0.300708 -1.419634
v 0.000000 0.300708 -1.419634
v 0.028721 0.322931 -0.972475
v 0.000000 0.329187 -0.972434
v -0.828023 -0.142255 -0.209662
v -0.881579 -0.117409 -0.173772
v -0.889178 -0.136675 -0.190629
v -0.823675 -0.122311 -0.191290
v -0.937961 -0.112484 -0.149675
v -0.948727 -0.131125 -0.164702
v -0.991439 -0.107541 -0.120121
v -1.005208 -0.125608 -0.133108
v -1.040702 -0.102615 -0.086237
v -1.057238 -0.120158 -0.097070
v -1.084538 -0.097766 -0.049093
v -1.103538 -0.114841 -0.057739
v -1.121871 -0.093085 -0.009658
v -1.142970 -0.109755 -0.016140
v -1.151778 -0.088687 0.031229
v -1.174561 -0.105029 0.026850
v -1.173522 -0.084708 0.072862
v -1.197531 -0.100813 0.070508
v -1.186561 -0.081297 0.114657
v -1.211308 -0.097273 0.114254
v -1.190569 -0.078610 0.156124
v -1.215546 -0.094580 0.157610
v -1.185440 -0.076803 0.196832
v -1.210133 -0.092904 0.200167
v -1.171294 -0.076021 0.236360
v -1.195196 -0.092407 0.241525
v -1.148474 -0.076395 0.274259
v -1.171095 -0.093229 0.281250
v -1.117536 -0.078026 0.310013
v -1.138418 -0.095479 0.318831
v -1.079238 -0.080976 0.343012
v -1.097967 -0.099223 0.353643
v -1.034525 -0.085257 0.372541
v -1.050736 -0.104466 0.384940
v -0.984496 -0.090818 0.397783
v -0.997891 -0.111143 0.411855
v -0.930387 -0.097536 0.417852
v -0.940734 -0.119108 0.433427
v -0.873536 -0.105218 0.431828
v -0.880680 -0.128130 0.448653
v -0.815347 -0.113598 0.438823
v -0.819213 -0.137897 0.456553
v -1.182185 -0.116224 0.283337
v -1.206700 -0.114769 0.243003
v -1.107800 -0.123910 0.356953
v -1.148946 -0.119252 0.321530
v -1.006002 -0.138003 0.416333
v -1.059757 -0.130189 0.388849
v -0.886773 -0.157447 0.454079
v -0.947861 -0.147178 0.438421
v -1.221893 -0.114780 0.201036
v -1.227398 -0.116115 0.157865
v -1.223086 -0.118607 0.113879
v -1.209072 -0.122080 0.069481
v -1.185708 -0.126351 0.025141
v -1.153574 -0.131247 -0.018562
v -1.113466 -0.136608 -0.060899
v -1.066372 -0.142296 -0.100982
v -1.013450 -0.148205 -0.137764
v -0.956000 -0.154265 -0.170068
v -0.895432 -0.160438 -0.196637
v -0.833229 -0.166722 -0.216207
v -0.671437 -0.154169 -0.256792
v -0.671177 -0.132804 -0.236914
v -0.671528 -0.180664 -0.263820
v -0.441987 -0.083158 -0.297322
v -0.437429 -0.106286 -0.319316
v -0.431494 -0.134956 -0.327073
v -1.223086 -0.118607 0.113879
v -1.206700 -0.114769 0.243003
v -0.824248 -0.168457 0.462294
v -0.661997 -0.161124 0.466530
v -0.662256 -0.133816 0.446986
v -0.661905 -0.195228 0.473143
v -0.427178 -0.112961 0.482452
v -0.432299 -0.082765 0.460458
v -0.421045 -0.150771 0.490209
v -0.823675 -0.122311 -0.191290
v -0.937961 -0.112484 -0.149675
v -0.881579 -0.117409 -0.173772
v -0.991439 -0.107541 -0.120121
v -1.040702 -0.102615 -0.086237
v -1.084538 -0.097766 -0.049093
v -1.121871 -0.093085 -0.009658
v -1.151778 -0.088687 0.031229
v -1.173522 -0.084708 0.072862
v -1.186561 -0.081297 0.114657
v -1.190569 -0.078610 0.156124
v -1.185440 -0.076803 0.196832
v -1.171294 -0.076021 0.236360
v -1.148474 -0.076395 0.274259
v -1.117536 -0.078026 0.310013
v -1.079238 -0.080976 0.343012
v -1.034525 -0.085257 0.372541
v -0.984496 -0.090818 0.397783
v -0.930387 -0.097536 0.417852
v -0.873536 -0.105218 0.431828
v -0.815347 -0.113598 0.438823
v -0.662256 -0.133816 0.446986
v -0.671177 -0.132804 -0.236914
v -0.432299 -0.082765 0.460458
v -0.441987 -0.083158 -0.297322
v -0.829453 -0.198911 0.455157
v -0.891545 -0.211225 0.429440
v -0.890659 -0.187162 0.447299
v -0.833802 -0.222954 0.436366
v -0.947962 -0.200083 0.415554
v -0.950458 -0.176097 0.432127
v -1.001658 -0.189907 0.395590
v -1.007372 -0.166093 0.410617
v -1.051306 -0.180991 0.370461
v -1.059995 -0.157442 0.383771
v -1.095680 -0.173549 0.341054
v -1.107026 -0.150343 0.352545
v -1.133687 -0.167704 0.308178
v -1.147306 -0.144905 0.317804
v -1.164392 -0.163505 0.272547
v -1.179846 -0.141156 0.280296
v -1.187041 -0.160934 0.234770
v -1.203847 -0.139055 0.240641
v -1.201083 -0.159917 0.195362
v -1.218722 -0.138510 0.199352
v -1.206177 -0.160338 0.154771
v -1.224114 -0.139386 0.156863
v -1.202204 -0.162056 0.113417
v -1.219897 -0.141523 0.113572
v -1.189269 -0.164910 0.071733
v -1.206182 -0.144748 0.069890
v -1.167696 -0.168732 0.030209
v -1.183312 -0.148881 0.026294
v -1.138022 -0.173358 -0.010572
v -1.151858 -0.153746 -0.016634
v -1.100980 -0.178634 -0.049906
v -1.112596 -0.159182 -0.058174
v -1.057483 -0.184425 -0.086953
v -1.066496 -0.165049 -0.097448
v -1.008602 -0.190624 -0.120748
v -1.014689 -0.171239 -0.133433
v -0.955536 -0.197151 -0.150223
v -0.958450 -0.177674 -0.164980
v -0.899588 -0.203959 -0.174254
v -0.899157 -0.184315 -0.190867
v -0.842129 -0.211024 -0.191725
v -0.838264 -0.191149 -0.209872
v -1.185708 -0.126351 0.025141
v -1.209072 -0.122080 0.069481
v -1.223086 -0.118607 0.113879
v -1.066372 -0.142296 -0.100982
v -1.113466 -0.136608 -0.060899
v -1.153574 -0.131247 -0.018562
v -0.895432 -0.160438 -0.196637
v -0.956000 -0.154265 -0.170068
v -1.013450 -0.148205 -0.137764
v -1.227398 -0.116115 0.157865
v -1.221893 -0.114780 0.201036
v -1.206700 -0.114769 0.243003
v -1.182185 -0.116224 0.283337
v -1.148946 -0.119252 0.321530
v -1.107800 -0.123910 0.356953
v -1.059757 -0.130189 0.388849
v -1.006002 -0.138003 0.416333
v -0.947861 -0.147178 0.438421
v -0.886773 -0.157447 0.454079
v -0.824248 -0.168457 0.462294
v -0.661905 -0.195228 0.473143
v -0.661997 -0.229012 0.465766
v -0.662255 -0.255435 0.445644
v -0.410553 -0.217625 0.460458
v -0.415111 -0.188280 0.482452
v -0.421045 -0.150771 0.490209
v -1.206700 -0.114769 0.243003
v -1.223086 -0.118607 0.113879
v -0.833229 -0.166722 -0.216207
v -0.671436 -0.207389 -0.256859
v -0.671177 -0.229438 -0.237070
v -0.671528 -0.180664 -0.263820
v -0.420240 -0.187905 -0.297322
v -0.425361 -0.163925 -0.319316
v -0.431494 -0.134956 -0.327073
v -0.833802 -0.222954 0.436366
v -0.947962 -0.200083 0.415554
v -0.891545 -0.211225 0.429440
v -1.001658 -0.189907 0.395590
v -1.051306 -0.180991 0.370461
v -1.095680 -0.173549 0.341054
v -1.133687 -0.167704 0.308178
v -1.164392 -0.163505 0.272547
v -1.187041 -0.160934 0.234770
v -1.201083 -0.159917 0.195362
v -1.206177 -0.160338 0.154771
v -1.202204 -0.162056 0.113417
v -1.189269 -0.164910 0.071733
v -1.167696 -0.168732 0.030209
v -1.138022 -0.173358 -0.010572
v -1.100980 -0.178634 -0.049906
v -1.057483 -0.184425 -0.086953
v -1.008602 -0.190624 -0.120748
v -0.955536 -0.197151 -0.150223
v -0.899588 -0.203959 -0.174254
v -0.842129 -0.211024 -0.191725
v -0.662255 -0.255435 0.445644
v -0.671177 -0.229438 -0.237070
v -0.410553 -0.217625 0.460458
v -0.420240 -0.187905 -0.297322
v 0.828023 -0.142255 -0.209662
v 0.881579 -0.117409 -0.173772
v 0.823675 -0.122311 -0.191290
v 0.889178 -0.136675 -0.190629
v 0.937961 -0.112484 -0.149675
v 0.948727 -0.131125 -0.164702
v 0.991439 -0.107541 -0.120121
v 1.005208 -0.125608 -0.133108
v 1.040702 -0.102615 -0.086237
v 1.057238 -0.120158 -0.097070
v 1.084538 -0.097766 -0.049093
v 1.103538 -0.114841 -0.057739
v 1.121871 -0.093085 -0.009658
v 1.142970 -0.109755 -0.016140
v 1.151778 -0.088687 0.031229
v 1.174561 -0.105029 0.026850
v 1.173522 -0.084708 0.072862
v 1.197531 -0.100813 0.070508
v 1.186561 -0.081297 0.114657
v 1.211308 -0.097273 0.114254
v 1.190569 -0.078610 0.156124
v 1.215546 -0.094580 0.157610
v 1.185440 -0.076803 0.196832
v 1.210133 -0.092904 0.200167
v 1.171294 -0.076021 0.236360
v 1.195196 -0.092407 0.241525
v 1.148474 -0.076395 0.274259
v 1.171095 -0.093229 0.281250
v 1.117536 -0.078026 0.310013
v 1.138418 -0.095479 0.318831
v 1.079238 -0.080976 0.343012
v 1.097967 -0.099223 0.353643
v 1.034525 -0.085257 0.372541
v 1.050736 -0.104466 0.384940
v 0.984496 -0.090818 0.397783
v 0.997891 -0.111143 0.411855
v 0.930387 -0.097536 0.417852
v 0.940734 -0.119108 0.433427
v 0.873536 -0.105218 0.431828
v 0.880680 -0.128130 0.448653
v 0.815347 -0.113598 0.438823
v 0.819213 -0.137897 0.456553
v 1.182185 -0.116224 0.283337
v 1.206700 -0.114769 0.243003
v 1.148946 -0.119252 0.321530
v 1.107800 -0.123910 0.356953
v 1.059757 -0.130189 0.388849
v 1.006002 -0.138003 0.416333
v 0.947861 -0.147178 0.438421
v 0.886773 -0.157447 0.454079
v 0.824248 -0.168457 0.462294
v 0.662256 -0.133816 0.446986
v 0.661997 -0.161124 0.466530
v 0.661905 -0.195228 0.473143
v 0.427178 -0.112961 0.482452
v 0.432299 -0.082765 0.460458
v 0.421045 -0.150771 0.490209
v 1.221893 -0.114780 0.201036
v 1.206700 -0.114769 0.243003
v 1.227398 -0.116115 0.157865
v 1.223086 -0.118607 0.113879
v 1.209072 -0.122080 0.069481
v 1.223086 -0.118607 0.113879
v 1.185708 -0.126351 0.025141
v 1.153574 -0.131247 -0.018562
v 1.113466 -0.136608 -0.060899
v 1.066372 -0.142296 -0.100982
v 1.013450 -0.148205 -0.137764
v 0.956000 -0.154265 -0.170068
v 0.895432 -0.160438 -0.196637
v 0.833229 -0.166722 -0.216207
v 0.671437 -0.154169 -0.256792
v 0.671177 -0.132804 -0.236914
v 0.671528 -0.180664 -0.263820
v 0.441987 -0.083158 -0.297322
v 0.437429 -0.106286 -0.319316
v 0.431494 -0.134956 -0.327073
v 0.823675 -0.122311 -0.191290
v 0.873536 -0.105218 0.431828
v 0.815347 -0.113598 0.438823
v 0.930387 -0.097536 0.417852
v 0.984496 -0.090818 0.397783
v 1.034525 -0.085257 0.372541
v 1.079238 -0.080976 0.343012
v 1.117536 -0.078026 0.310013
v 1.148474 -0.076395 0.274259
v 1.171294 -0.076021 0.236360
v 1.185440 -0.076803 0.196832
v 1.190569 -0.078610 0.156124
v 1.186561 -0.081297 0.114657
v 1.173522 -0.084708 0.072862
v 1.151778 -0.088687 0.031229
v 1.121871 -0.093085 -0.009658
v 1.084538 -0.097766 -0.049093
v 1.040702 -0.102615 -0.086237
v 0.991439 -0.107541 -0.120121
v 0.937961 -0.112484 -0.149675
v 0.881579 -0.117409 -0.173772
v 0.662256 -0.133816 0.446986
v 0.671177 -0.132804 -0.236914
v 0.432299 -0.082765 0.460458
v 0.441987 -0.083158 -0.297322
v 0.829453 -0.198911 0.455157
v 0.891545 -0.211225 0.429440
v 0.833802 -0.222954 0.436366
v 0.890659 -0.187162 0.447299
v 0.947962 -0.200083 0.415554
v 0.950458 -0.176097 0.432127
v 1.001658 -0.189907 0.395590
v 1.007372 -0.166093 0.410617
v 1.051306 -0.180991 0.370461
v 1.059995 -0.157442 0.383771
v 1.095680 -0.173549 0.341054
v 1.107026 -0.150343 0.352545
v 1.133687 -0.167704 0.308178
v 1.147306 -0.144905 0.317804
v 1.164392 -0.163505 0.272547
v 1.179846 -0.141156 0.280296
v 1.187041 -0.160934 0.234770
v 1.203847 -0.139055 0.240641
v 1.201083 -0.159917 0.195362
v 1.218722 -0.138510 0.199352
v 1.206177 -0.160338 0.154771
v 1.224114 -0.139386 0.156863
v 1.202204 -0.162056 0.113417
v 1.219897 -0.141523 0.113572
v 1.189269 -0.164910 0.071733
v 1.206182 -0.144748 0.069890
v 1.167696 -0.168732 0.030209
v 1.183312 -0.148881 0.026294
v 1.138022 -0.173358 -0.010572
v 1.151858 -0.153746 -0.016634
v 1.100980 -0.178634 -0.049906
v 1.112596 -0.159182 -0.058174
v 1.057483 -0.184425 -0.086953
v 1.066496 -0.165049 -0.097448
v 1.008602 -0.190624 -0.120748
v 1.014689 -0.171239 -0.133433
v 0.955536 -0.197151 -0.150223
v 0.958450 -0.177674 -0.164980
v 0.899588 -0.203959 -0.174254
v 0.899157 -0.184315 -0.190867
v 0.842129 -0.211024 -0.191725
v 0.838264 -0.191149 -0.209872
v 1.185708 -0.126351 0.025141
v 1.209072 -0.122080 0.069481
v 1.153574 -0.131247 -0.018562
v 1.113466 -0.136608 -0.060899
v 1.066372 -0.142296 -0.100982
v 1.013450 -0.148205 -0.137764
v 0.956000 -0.154265 -0.170068
v 0.895432 -0.160438 -0.196637
v 0.833229 -0.166722 -0.216207
v 0.671177 -0.229438 -0.237070
v 0.671436 -0.207389 -0.256859
v 0.671528 -0.180664 -0.263820
v 0.420240 -0.187905 -0.297322
v 0.425361 -0.163925 -0.319316
v 0.431494 -0.134956 -0.327073
v 1.223086 -0.118607 0.113879
v 1.227398 -0.116115 0.157865
v 1.223086 -0.118607 0.113879
v 1.221893 -0.114780 0.201036
v 1.206700 -0.114769 0.243003
v 1.182185 -0.116224 0.283337
v 1.206700 -0.114769 0.243003
v 1.148946 -0.119252 0.321530
v 1.107800 -0.123910 0.356953
v 1.059757 -0.130189 0.388849
v 1.006002 -0.138003 0.416333
v 0.947861 -0.147178 0.438421
v 0.886773 -0.157447 0.454079
v 0.824248 -0.168457 0.462294
v 0.661905 -0.195228 0.473143
v 0.661997 -0.229012 0.465766
v 0.662255 -0.255435 0.445644
v 0.410553 -0.217625 0.460458
v 0.415111 -0.188280 0.482452
v 0.421045 -0.150771 0.490209
v 0.833802 -0.222954 0.436366
v 0.899588 -0.203959 -0.174254
v 0.842129 -0.211024 -0.191725
v 0.955536 -0.197151 -0.150223
v 1.008602 -0.190624 -0.120748
v 1.057483 -0.184425 -0.086953
v 1.100980 -0.178634 -0.049906
v 1.138022 -0.173358 -0.010572
v 1.167696 -0.168732 0.030209
v 1.189269 -0.164910 0.071733
v 1.202204 -0.162056 0.113417
v 1.206177 -0.160338 0.154771
v 1.201083 -0.159917 0.195362
v 1.187041 -0.160934 0.234770
v 1.164392 -0.163505 0.272547
v 1.133687 -0.167704 0.308178
v 1.095680 -0.173549 0.341054
v 1.051306 -0.180991 0.370461
v 1.001658 -0.189907 0.395590
v 0.947962 -0.200083 0.415554
v 0.891545 -0.211225 0.429440
v 0.662255 -0.255435 0.445644
v 0.671177 -0.229438 -0.237070
v 0.410553 -0.217625 0.460458
v 0.420240 -0.187905 -0.297322
v 0.313015 0.161281 -0.943710
v 0.336626 0.141469 -0.975856
v 0.308229 0.143904 -0.957961
v 0.343027 0.158666 -0.962878
v 0.362773 0.139334 -1.000269
v 0.370586 0.156327 -0.989037
v 0.386177 0.137549 -1.030163
v 0.395170 0.154314 -1.021047
v 0.406512 0.136132 -1.064279
v 0.416451 0.152651 -1.057525
v 0.423615 0.135072 -1.101233
v 0.434286 0.151337 -1.096950
v 0.437444 0.134331 -1.139629
v 0.448677 0.150347 -1.137795
v 0.448029 0.133850 -1.178164
v 0.459698 0.149640 -1.178642
v 0.455399 0.133568 -1.215719
v 0.467423 0.149171 -1.218287
v 0.459523 0.133433 -1.251414
v 0.471846 0.148907 -1.255806
v 0.460271 0.133419 -1.284630
v 0.472837 0.148835 -1.290571
v 0.457403 0.133535 -1.314981
v 0.470124 0.148971 -1.322228
v 0.450596 0.133823 -1.342257
v 0.463325 0.149356 -1.350616
v 0.439503 0.134350 -1.366342
v 0.452016 0.150054 -1.375676
v 0.423842 0.135197 -1.387123
v 0.435833 0.151131 -1.397342
v 0.403482 0.136436 -1.404425
v 0.414581 0.152644 -1.415462
v 0.378537 0.138116 -1.417972
v 0.388334 0.154623 -1.429750
v 0.349415 0.140244 -1.427391
v 0.357501 0.157060 -1.439794
v 0.316842 0.142786 -1.432252
v 0.322853 0.159905 -1.445106
v 0.281835 0.145664 -1.432144
v 0.285495 0.163067 -1.445204
v 0.245636 0.148765 -1.426751
v 0.246789 0.166423 -1.439714
v 0.457763 0.170509 -1.378966
v 0.469117 0.169549 -1.353576
v 0.441429 0.171908 -1.400935
v 0.419893 0.173767 -1.419339
v 0.393210 0.176081 -1.433890
v 0.361788 0.178815 -1.444160
v 0.326412 0.181901 -1.449636
v 0.288221 0.185240 -1.449815
v 0.248619 0.188709 -1.444298
v 0.025641 0.185811 -1.392425
v 0.026905 0.167891 -1.379078
v 0.026602 0.208186 -1.397143
v 0.475890 0.168995 -1.324811
v 0.478535 0.168806 -1.292709
v 0.475890 0.168995 -1.324811
v 0.477457 0.168946 -1.257409
v 0.472939 0.169391 -1.219257
v 0.465110 0.170128 -1.178878
v 0.472939 0.169391 -1.219257
v 0.453961 0.171157 -1.137214
v 0.439402 0.172484 -1.095499
v 0.421335 0.174117 -1.055192
v 0.399743 0.176053 -1.017870
v 0.374758 0.178280 -0.985103
v 0.346708 0.180768 -0.958320
v 0.316126 0.183467 -0.938696
v 0.133867 0.177019 -0.879262
v 0.129192 0.159581 -0.894070
v 0.136921 0.199224 -0.874050
v 0.308229 0.143904 -0.957961
v 0.281835 0.145664 -1.432144
v 0.245636 0.148765 -1.426751
v 0.316842 0.142786 -1.432252
v 0.349415 0.140244 -1.427391
v 0.378537 0.138116 -1.417972
v 0.403482 0.136436 -1.404425
v 0.423842 0.135197 -1.387123
v 0.439503 0.134350 -1.366342
v 0.450596 0.133823 -1.342257
v 0.457403 0.133535 -1.314981
v 0.460271 0.133419 -1.284630
v 0.459523 0.133433 -1.251414
v 0.455399 0.133568 -1.215719
v 0.448029 0.133850 -1.178164
v 0.437444 0.134331 -1.139629
v 0.423615 0.135072 -1.101233
v 0.406512 0.136132 -1.064279
v 0.386177 0.137549 -1.030163
v 0.362773 0.139334 -1.000269
v 0.336626 0.141469 -0.975856
v 0.026905 0.167891 -1.379078
v 0.129192 0.159581 -0.894070
v 0.250685 0.210987 -1.439772
v 0.288803 0.225369 -1.432248
v 0.252617 0.228611 -1.426855
v 0.289385 0.207561 -1.445262
v 0.323779 0.222127 -1.432356
v 0.326725 0.204192 -1.445164
v 0.356300 0.218991 -1.427494
v 0.361342 0.200995 -1.439852
v 0.385351 0.216058 -1.418074
v 0.392132 0.198071 -1.429807
v 0.410212 0.213418 -1.404525
v 0.418328 0.195502 -1.415517
v 0.430482 0.211151 -1.387222
v 0.439524 0.193351 -1.397397
v 0.446058 0.209321 -1.366439
v 0.455653 0.191659 -1.375730
v 0.457079 0.207978 -1.342354
v 0.466917 0.190449 -1.350670
v 0.463839 0.207150 -1.315077
v 0.473687 0.189723 -1.322281
v 0.466691 0.206845 -1.284726
v 0.476390 0.189468 -1.290624
v 0.465959 0.207047 -1.251510
v 0.475409 0.189659 -1.255859
v 0.461882 0.207723 -1.215816
v 0.471015 0.190263 -1.218341
v 0.454584 0.208821 -1.178262
v 0.463336 0.191245 -1.178697
v 0.444085 0.210284 -1.139728
v 0.452368 0.192566 -1.137850
v 0.430345 0.212054 -1.101333
v 0.438033 0.194195 -1.097006
v 0.413326 0.214074 -1.064381
v 0.420249 0.196098 -1.057581
v 0.393062 0.216295 -1.030266
v 0.399011 0.198248 -1.021104
v 0.369710 0.218675 -1.000372
v 0.374458 0.200614 -0.989094
v 0.343594 0.221174 -0.975959
v 0.346917 0.203160 -0.962936
v 0.315210 0.223750 -0.958065
v 0.316911 0.205843 -0.943768
v 0.465110 0.170128 -1.178878
v 0.472939 0.169391 -1.219257
v 0.453961 0.171157 -1.137214
v 0.439402 0.172484 -1.095499
v 0.421335 0.174117 -1.055192
v 0.399743 0.176053 -1.017870
v 0.374758 0.178280 -0.985103
v 0.346708 0.180768 -0.958320
v 0.316126 0.183467 -0.938696
v 0.137758 0.221623 -0.879360
v 0.136156 0.239547 -0.894302
v 0.136921 0.199224 -0.874050
v 0.477457 0.168946 -1.257409
v 0.472939 0.169391 -1.219257
v 0.478535 0.168806 -1.292709
v 0.475890 0.168995 -1.324811
v 0.469117 0.169549 -1.353576
v 0.475890 0.168995 -1.324811
v 0.457763 0.170509 -1.378966
v 0.441429 0.171908 -1.400935
v 0.419893 0.173767 -1.419339
v 0.393210 0.176081 -1.433890
v 0.361788 0.178815 -1.444160
v 0.326412 0.181901 -1.449636
v 0.288221 0.185240 -1.449815
v 0.248619 0.188709 -1.444298
v 0.029541 0.230414 -1.392483
v 0.033894 0.247855 -1.379189
v 0.026602 0.208186 -1.397143
v 0.252617 0.228611 -1.426855
v 0.343594 0.221174 -0.975959
v 0.315210 0.223750 -0.958065
v 0.369710 0.218675 -1.000372
v 0.393062 0.216295 -1.030266
v 0.413326 0.214074 -1.064381
v 0.430345 0.212054 -1.101333
v 0.444085 0.210284 -1.139728
v 0.454584 0.208821 -1.178262
v 0.461882 0.207723 -1.215816
v 0.465959 0.207047 -1.251510
v 0.466691 0.206845 -1.284726
v 0.463839 0.207150 -1.315077
v 0.457079 0.207978 -1.342354
v 0.446058 0.209321 -1.366439
v 0.430482 0.211151 -1.387222
v 0.410212 0.213418 -1.404525
v 0.385351 0.216058 -1.418074
v 0.356300 0.218991 -1.427494
v 0.323779 0.222127 -1.432356
v 0.288803 0.225369 -1.432248
v 0.136156 0.239547 -0.894302
v 0.033894 0.247855 -1.379189
v -0.313015 0.161281 -0.943710
v -0.336626 0.141469 -0.975856
v -0.343027 0.158666 -0.962878
v -0.308229 0.143904 -0.957961
v -0.362773 0.139334 -1.000269
v -0.370586 0.156327 -0.989037
v -0.386177 0.137549 -1.030163
v -0.395170 0.154314 -1.021047
v -0.406512 0.136132 -1.064279
v -0.416451 0.152651 -1.057525
v -0.423615 0.135072 -1.101233
v -0.434286 0.151337 -1.096950
v -0.437444 0.134331 -1.139629
v -0.448677 0.150347 -1.137795
v -0.448029 0.133850 -1.178164
v -0.459698 0.149640 -1.178642
v -0.455399 0.133568 -1.215719
v -0.467423 0.149171 -1.218287
v -0.459523 0.133433 -1.251414
v -0.471846 0.148907 -1.255806
v -0.460271 0.133419 -1.284630
v -0.472837 0.148835 -1.290571
v -0.457403 0.133535 -1.314981
v -0.470124 0.148971 -1.322228
v -0.450596 0.133823 -1.342257
v -0.463325 0.149356 -1.350616
v -0.439503 0.134350 -1.366342
v -0.452016 0.150054 -1.375676
v -0.423842 0.135197 -1.387123
v -0.435833 0.151131 -1.397342
v -0.403482 0.136436 -1.404425
v -0.414581 0.152644 -1.415462
v -0.378537 0.138116 -1.417972
v -0.388334 0.154623 -1.429750
v -0.349415 0.140244 -1.427391
v -0.357501 0.157060 -1.439794
v -0.316842 0.142786 -1.432252
v -0.322853 0.159905 -1.445106
v -0.281835 0.145664 -1.432144
v -0.285495 0.163067 -1.445204
v -0.245636 0.148765 -1.426751
v -0.246789 0.166423 -1.439714
v -0.457763 0.170509 -1.378966
v -0.469117 0.169549 -1.353576
v -0.475890 0.168995 -1.324811
v -0.393210 0.176081 -1.433890
v -0.419893 0.173767 -1.419339
v -0.441429 0.171908 -1.400935
v -0.288221 0.185240 -1.449815
v -0.326412 0.181901 -1.449636
v -0.361788 0.178815 -1.444160
v -0.478535 0.168806 -1.292709
v -0.477457 0.168946 -1.257409
v -0.472939 0.169391 -1.219257
v -0.465110 0.170128 -1.178878
v -0.453961 0.171157 -1.137214
v -0.439402 0.172484 -1.095499
v -0.421335 0.174117 -1.055192
v -0.399743 0.176053 -1.017870
v -0.374758 0.178280 -0.985103
v -0.346708 0.180768 -0.958320
v -0.316126 0.183467 -0.938696
v -0.133867 0.177019 -0.879262
v -0.129192 0.159581 -0.894070
v -0.136921 0.199224 -0.874050
v -0.472939 0.169391 -1.219257
v -0.475890 0.168995 -1.324811
v -0.248619 0.188709 -1.444298
v -0.026602 0.208186 -1.397143
v -0.025641 0.185811 -1.392425
v -0.026905 0.167891 -1.379078
v -0.308229 0.143904 -0.957961
v -0.362773 0.139334 -1.000269
v -0.336626 0.141469 -0.975856
v -0.386177 0.137549 -1.030163
v -0.406512 0.136132 -1.064279
v -0.423615 0.135072 -1.101233
v -0.437444 0.134331 -1.139629
v -0.448029 0.133850 -1.178164
v -0.455399 0.133568 -1.215719
v -0.459523 0.133433 -1.251414
v -0.460271 0.133419 -1.284630
v -0.457403 0.133535 -1.314981
v -0.450596 0.133823 -1.342257
v -0.439503 0.134350 -1.366342
v -0.423842 0.135197 -1.387123
v -0.403482 0.136436 -1.404425
v -0.378537 0.138116 -1.417972
v -0.349415 0.140244 -1.427391
v -0.316842 0.142786 -1.432252
v -0.281835 0.145664 -1.432144
v -0.245636 0.148765 -1.426751
v -0.026905 0.167891 -1.379078
v -0.129192 0.159581 -0.894070
v -0.250685 0.210987 -1.439772
v -0.288803 0.225369 -1.432248
v -0.289385 0.207561 -1.445262
v -0.252617 0.228611 -1.426855
v -0.323779 0.222127 -1.432356
v -0.326725 0.204192 -1.445164
v -0.356300 0.218991 -1.427494
v -0.361342 0.200995 -1.439852
v -0.385351 0.216058 -1.418074
v -0.392132 0.198071 -1.429807
v -0.410212 0.213418 -1.404525
v -0.418328 0.195502 -1.415517
v -0.430482 0.211151 -1.387222
v -0.439524 0.193351 -1.397397
v -0.446058 0.209321 -1.366439
v -0.455653 0.191659 -1.375730
v -0.457079 0.207978 -1.342354
v -0.466917 0.190449 -1.350670
v -0.463839 0.207150 -1.315077
v -0.473687 0.189723 -1.322281
v -0.466691 0.206845 -1.284726
v -0.476390 0.189468 -1.290624
v -0.465959 0.207047 -1.251510
v -0.475409 0.189659 -1.255859
v -0.461882 0.207723 -1.215816
v -0.471015 0.190263 -1.218341
v -0.454584 0.208821 -1.178262
v -0.463336 0.191245 -1.178697
v -0.444085 0.210284 -1.139728
v -0.452368 0.192566 -1.137850
v -0.430345 0.212054 -1.101333
v -0.438033 0.194195 -1.097006
v -0.413326 0.214074 -1.064381
v -0.420249 0.196098 -1.057581
v -0.393062 0.216295 -1.030266
v -0.399011 0.198248 -1.021104
v -0.369710 0.218675 -1.000372
v -0.374458 0.200614 -0.989094
v -0.343594 0.221174 -0.975959
v -0.346917 0.203160 -0.962936
v -0.315210 0.223750 -0.958065
v -0.316911 0.205843 -0.943768
v -0.465110 0.170128 -1.178878
v -0.472939 0.169391 -1.219257
v -0.439402 0.172484 -1.095499
v -0.453961 0.171157 -1.137214
v -0.399743 0.176053 -1.017870
v -0.421335 0.174117 -1.055192
v -0.346708 0.180768 -0.958320
v -0.374758 0.178280 -0.985103
v -0.477457 0.168946 -1.257409
v -0.478535 0.168806 -1.292709
v -0.475890 0.168995 -1.324811
v -0.469117 0.169549 -1.353576
v -0.457763 0.170509 -1.378966
v -0.441429 0.171908 -1.400935
v -0.419893 0.173767 -1.419339
v -0.393210 0.176081 -1.433890
v -0.361788 0.178815 -1.444160
v -0.326412 0.181901 -1.449636
v -0.288221 0.185240 -1.449815
v -0.248619 0.188709 -1.444298
v -0.029541 0.230414 -1.392483
v -0.033894 0.247855 -1.379189
v -0.026602 0.208186 -1.397143
v -0.475890 0.168995 -1.324811
v -0.472939 0.169391 -1.219257
v -0.316126 0.183467 -0.938696
v -0.136921 0.199224 -0.874050
v -0.137758 0.221623 -0.879360
v -0.136156 0.239547 -0.894302
v -0.252617 0.228611 -1.426855
v -0.323779 0.222127 -1.432356
v -0.288803 0.225369 -1.432248
v -0.356300 0.218991 -1.427494
v -0.385351 0.216058 -1.418074
v -0.410212 0.213418 -1.404525
v -0.430482 0.211151 -1.387222
v -0.446058 0.209321 -1.366439
v -0.457079 0.207978 -1.342354
v -0.463839 0.207150 -1.315077
v -0.466691 0.206845 -1.284726
v -0.465959 0.207047 -1.251510
v -0.461882 0.207723 -1.215816
v -0.454584 0.208821 -1.178262
v -0.444085 0.210284 -1.139728
v -0.430345 0.212054 -1.101333
v -0.413326 0.214074 -1.064381
v -0.393062 0.216295 -1.030266
v -0.369710 0.218675 -1.000372
v -0.343594 0.221174 -0.975959
v -0.315210 0.223750 -0.958065
v -0.136156 0.239547 -0.894302
v -0.033894 0.247855 -1.379189
v 0.016616 0.625250 -1.414668
v 0.030599 0.650957 -1.402329
v 0.016656 0.651212 -1.414320
v 0.030537 0.626323 -1.402398
v 0.030798 0.675539 -1.397382
v 0.016777 0.677140 -1.408839
v 0.031120 0.699539 -1.387971
v 0.016969 0.702479 -1.398687
v 0.031551 0.722403 -1.374557
v 0.017224 0.726643 -1.384371
v 0.032077 0.743567 -1.357617
v 0.017533 0.749027 -1.366404
v 0.032683 0.762478 -1.337615
v 0.017888 0.769044 -1.345284
v 0.033356 0.778628 -1.314989
v 0.018282 0.786146 -1.321468
v 0.034083 0.791570 -1.290147
v 0.018705 0.799856 -1.295375
v 0.034852 0.800947 -1.263471
v 0.019153 0.809791 -1.267391
v 0.035653 0.806496 -1.235329
v 0.019620 0.815675 -1.237882
v 0.036475 0.808062 -1.206096
v 0.020098 0.817345 -1.207219
v 0.037306 0.805589 -1.176175
v 0.020582 0.814744 -1.175801
v 0.038134 0.799120 -1.146014
v 0.021065 0.807922 -1.144082
v 0.038945 0.788790 -1.116129
v 0.021540 0.797022 -1.112586
v 0.039723 0.774815 -1.087106
v 0.021996 0.782272 -1.081923
v 0.040450 0.757492 -1.059605
v 0.022423 0.763983 -1.052787
v 0.041107 0.737195 -1.034350
v 0.022811 0.742542 -1.025947
v 0.041674 0.714370 -1.012102
v 0.023146 0.718417 -1.002220
v 0.042130 0.689542 -0.993633
v 0.023418 0.692154 -0.982441
v 0.042456 0.663306 -0.979682
v 0.023613 0.664379 -0.967413
v -0.000308 0.811021 -1.143418
v -0.000308 0.817967 -1.175682
v -0.000308 0.784898 -1.080117
v -0.000308 0.799920 -1.111357
v -0.000308 0.744426 -1.023001
v -0.000308 0.766268 -1.050404
v -0.000308 0.693075 -0.978500
v -0.000308 0.719843 -0.998748
v -0.000308 0.820613 -1.207621
v -0.000308 0.818907 -1.238782
v -0.000308 0.812905 -1.268766
v -0.000308 0.802773 -1.297206
v -0.000308 0.788792 -1.323734
v -0.000308 0.771354 -1.347967
v -0.000308 0.750947 -1.369481
v -0.000308 0.728131 -1.387810
v -0.000308 0.703510 -1.402448
v -0.000308 0.677700 -1.412866
v -0.000308 0.651299 -1.418542
v -0.000308 0.624871 -1.418995
v 0.016533 0.275910 -1.384782
v 0.030154 0.277097 -1.371221
v -0.000309 0.275492 -1.389556
v -0.000308 0.818907 -1.238782
v -0.000308 0.817967 -1.175682
v -0.000308 0.664758 -0.963086
v -0.000309 0.322092 -0.856916
v 0.020748 0.321622 -0.862294
v 0.037266 0.320293 -0.877485
v 0.030537 0.626323 -1.402398
v 0.030798 0.675539 -1.397382
v 0.030599 0.650957 -1.402329
v 0.031120 0.699539 -1.387971
v 0.031551 0.722403 -1.374557
v 0.032077 0.743567 -1.357617
v 0.032683 0.762478 -1.337615
v 0.033356 0.778628 -1.314989
v 0.034083 0.791570 -1.290147
v 0.034852 0.800947 -1.263471
v 0.035653 0.806496 -1.235329
v 0.036475 0.808062 -1.206096
v 0.037306 0.805589 -1.176175
v 0.038134 0.799120 -1.146014
v 0.038945 0.788790 -1.116129
v 0.039723 0.774815 -1.087106
v 0.040450 0.757492 -1.059605
v 0.041107 0.737195 -1.034350
v 0.041674 0.714370 -1.012102
v 0.042130 0.689542 -0.993633
v 0.042456 0.663306 -0.979682
v 0.037266 0.320293 -0.877485
v 0.030154 0.277097 -1.371221
v -0.024230 0.664379 -0.967413
v -0.042747 0.689542 -0.993633
v -0.024035 0.692154 -0.982441
v -0.043073 0.663306 -0.979682
v -0.042291 0.714370 -1.012102
v -0.023763 0.718417 -1.002220
v -0.041724 0.737195 -1.034350
v -0.023428 0.742542 -1.025947
v -0.041067 0.757492 -1.059606
v -0.023040 0.763983 -1.052788
v -0.040340 0.774815 -1.087106
v -0.022612 0.782272 -1.081923
v -0.039562 0.788790 -1.116129
v -0.022156 0.797022 -1.112586
v -0.038751 0.799120 -1.146015
v -0.021682 0.807923 -1.144082
v -0.037923 0.805589 -1.176175
v -0.021199 0.814744 -1.175801
v -0.037092 0.808062 -1.206096
v -0.020715 0.817345 -1.207219
v -0.036270 0.806496 -1.235329
v -0.020236 0.815675 -1.237882
v -0.035469 0.800947 -1.263471
v -0.019770 0.809791 -1.267391
v -0.034699 0.791570 -1.290147
v -0.019322 0.799856 -1.295375
v -0.033972 0.778628 -1.314989
v -0.018898 0.786146 -1.321468
v -0.033300 0.762478 -1.337615
v -0.018505 0.769044 -1.345284
v -0.032694 0.743567 -1.357617
v -0.018150 0.749027 -1.366405
v -0.032168 0.722403 -1.374557
v -0.017841 0.726643 -1.384371
v -0.031737 0.699539 -1.387971
v -0.017586 0.702479 -1.398687
v -0.031415 0.675539 -1.397382
v -0.017393 0.677140 -1.408839
v -0.031216 0.650957 -1.402329
v -0.017273 0.651212 -1.414320
v -0.031154 0.626323 -1.402398
v -0.017233 0.625249 -1.414668
v -0.000308 0.788792 -1.323734
v -0.000308 0.802773 -1.297206
v -0.000308 0.812905 -1.268766
v -0.000308 0.818907 -1.238782
v -0.000308 0.703510 -1.402448
v -0.000308 0.728131 -1.387810
v -0.000308 0.750947 -1.369481
v -0.000308 0.771354 -1.347967
v -0.000308 0.820613 -1.207621
v -0.000308 0.817967 -1.175682
v -0.000308 0.818907 -1.238782
v -0.000308 0.811021 -1.143418
v -0.000308 0.799920 -1.111357
v -0.000308 0.784898 -1.080117
v -0.000308 0.766268 -1.050404
v -0.000308 0.744426 -1.023001
v -0.000308 0.719843 -0.998748
v -0.000308 0.693075 -0.978500
v -0.000308 0.664758 -0.963086
v -0.021364 0.321622 -0.862294
v -0.037883 0.320293 -0.877485
v -0.000309 0.322092 -0.856916
v -0.000308 0.817967 -1.175682
v -0.000308 0.677700 -1.412866
v -0.000308 0.651299 -1.418542
v -0.000308 0.624871 -1.418995
v -0.000309 0.275492 -1.389556
v -0.017150 0.275910 -1.384782
v -0.030771 0.277097 -1.371221
v -0.043073 0.663306 -0.979682
v -0.042291 0.714370 -1.012102
v -0.042747 0.689542 -0.993633
v -0.041724 0.737195 -1.034350
v -0.041067 0.757492 -1.059606
v -0.040340 0.774815 -1.087106
v -0.039562 0.788790 -1.116129
v -0.038751 0.799120 -1.146015
v -0.037923 0.805589 -1.176175
v -0.037092 0.808062 -1.206096
v -0.036270 0.806496 -1.235329
v -0.035469 0.800947 -1.263471
v -0.034699 0.791570 -1.290147
v -0.033972 0.778628 -1.314989
v -0.033300 0.762478 -1.337615
v -0.032694 0.743567 -1.357617
v -0.032168 0.722403 -1.374557
v -0.031737 0.699539 -1.387971
v -0.031415 0.675539 -1.397382
v -0.031216 0.650957 -1.402329
v -0.031154 0.626323 -1.402398
v -0.030771 0.277097 -1.371221
v -0.037883 0.320293 -0.877485
v -0.049799 -0.000667 0.440163
v -0.046002 0.199905 0.175178
v -0.046002 0.014968 0.451110
v -0.049799 0.184270 0.164230
v -0.035191 0.213160 0.184459
v -0.035191 0.028223 0.460391
v -0.019009 0.222016 0.190661
v -0.019009 0.037079 0.466593
v -0.046002 -0.016302 0.429215
v -0.046002 0.168635 0.153282
v -0.035191 -0.029557 0.419934
v -0.035191 0.155380 0.144001
v -0.019009 -0.038413 0.413732
v -0.019010 0.146524 0.137800
v 0.000077 -0.041523 0.411555
v 0.000077 0.143414 0.135622
v 0.019164 -0.038413 0.413732
v 0.019164 0.146524 0.137800
v 0.035345 -0.029557 0.419934
v 0.035345 0.155380 0.144001
v 0.046157 -0.016302 0.429215
v 0.046157 0.168635 0.153282
v 0.049954 -0.000667 0.440163
v 0.049954 0.184270 0.164230
v 0.046157 0.014968 0.451110
v 0.046157 0.199905 0.175178
v 0.035345 0.028223 0.460391
v 0.035345 0.213160 0.184459
v 0.019164 0.037079 0.466593
v 0.019164 0.222016 0.190661
v 0.000077 0.040189 0.468770
v 0.000077 0.225126 0.192838
v -0.019009 0.037079 0.466593
v -0.019009 0.222016 0.190661
v -0.046002 0.168635 0.153282
v -0.046002 0.199905 0.175178
v -0.049799 0.184270 0.164230
v -0.035191 0.213160 0.184459
v -0.019009 0.222016 0.190661
v 0.000077 0.225126 0.192838
v 0.019164 0.222016 0.190661
v 0.035345 0.213160 0.184459
v 0.046157 0.199905 0.175178
v 0.049954 0.184270 0.164230
v 0.046157 0.168635 0.153282
v 0.035345 0.155380 0.144001
v 0.019164 0.146524 0.137800
v 0.000077 0.143414 0.135622
v -0.019010 0.146524 0.137800
v -0.035191 0.155380 0.144001
v -0.188410 0.178154 0.172946
v -0.183456 0.243738 0.211821
v -0.174062 0.237240 0.214318
v -0.198578 0.181465 0.168216
v -0.140393 0.296532 0.248787
v -0.133203 0.287330 0.249392
v -0.075945 0.331807 0.273487
v -0.072053 0.320800 0.272828
v 0.000077 0.344194 0.282160
v 0.000077 0.332553 0.281057
v -0.174062 0.119067 0.131573
v -0.183456 0.119192 0.124612
v -0.133203 0.068977 0.096499
v -0.140393 0.066399 0.087646
v -0.072054 0.035507 0.073063
v -0.075945 0.031123 0.062946
v 0.000077 0.023754 0.064834
v 0.000077 0.018736 0.054273
v 0.072208 0.035507 0.073063
v 0.076099 0.031123 0.062946
v 0.133358 0.068977 0.096499
v 0.140548 0.066398 0.087646
v 0.174217 0.119067 0.131573
v 0.183611 0.119191 0.124612
v 0.188564 0.178154 0.172946
v 0.198732 0.181465 0.168216
v 0.174217 0.237240 0.214318
v 0.183611 0.243738 0.211821
v 0.133358 0.287330 0.249392
v 0.140548 0.296532 0.248787
v 0.072208 0.320800 0.272828
v 0.076099 0.331807 0.273487
v 0.000077 0.332553 0.281057
v 0.000077 0.344194 0.282160
v 0.077679 0.340133 0.268242
v 0.000077 0.352777 0.277096
v 0.143466 0.304125 0.243029
v 0.187423 0.250236 0.205295
v 0.202859 0.186668 0.160785
v 0.187423 0.123101 0.116275
v 0.143466 0.069211 0.078541
v 0.077679 0.033204 0.053328
v 0.000077 0.020559 0.044474
v -0.077524 0.033204 0.053328
v -0.143311 0.069211 0.078541
v -0.187269 0.123101 0.116275
v -0.202704 0.186668 0.160785
v -0.187269 0.250236 0.205295
v -0.143311 0.304125 0.243029
v -0.077524 0.340133 0.268242
v 0.000077 0.352777 0.277096
v -0.187269 0.280886 0.161522
v -0.202704 0.217319 0.117012
v -0.143311 0.334776 0.199256
v -0.077524 0.370784 0.224469
v 0.000077 0.383428 0.233323
v -0.183456 0.284795 0.153185
v -0.198578 0.222522 0.109581
v -0.140393 0.337589 0.190151
v -0.075945 0.372864 0.214851
v 0.000077 0.385251 0.223525
v -0.187269 0.153752 0.072502
v -0.143311 0.099862 0.034768
v -0.077524 0.063854 0.009555
v 0.000077 0.051210 0.000701
v 0.077679 0.063854 0.009555
v 0.143466 0.099862 0.034768
v 0.187423 0.153752 0.072502
v 0.202859 0.217319 0.117012
v 0.187423 0.280886 0.161522
v 0.143466 0.334776 0.199256
v 0.077679 0.370784 0.224469
v 0.000077 0.383428 0.233323
v 0.076099 0.372864 0.214851
v 0.000077 0.385251 0.223525
v 0.140548 0.337589 0.190151
v 0.183611 0.284795 0.153185
v 0.198732 0.222522 0.109581
v 0.183611 0.160248 0.065977
v 0.140548 0.107455 0.029011
v 0.076099 0.072180 0.004311
v 0.000077 0.059793 -0.004363
v -0.075945 0.072180 0.004311
v -0.140393 0.107455 0.029011
v -0.183456 0.160248 0.065977
v 0.174217 0.166747 0.063479
v 0.133358 0.116657 0.028405
v 0.072208 0.083187 0.004970
v 0.000077 0.071434 -0.003260
v -0.072054 0.083187 0.004970
v -0.133203 0.116657 0.028405
v -0.174062 0.166747 0.063479
v -0.188410 0.225833 0.104852
v -0.174062 0.284920 0.146224
v -0.133203 0.335010 0.181298
v -0.072053 0.368480 0.204734
v 0.000077 0.380233 0.212963
v 0.072208 0.368480 0.204734
v 0.000077 0.380233 0.212963
v 0.133358 0.335010 0.181298
v 0.174217 0.284920 0.146224
v 0.188564 0.225833 0.104852
v -0.133203 0.068977 0.096499
v 0.000077 0.023754 0.064834
v -0.072054 0.035507 0.073063
v -0.188410 0.178154 0.172946
v 0.188564 0.178154 0.172946
v 0.133358 0.068977 0.096499
v 0.072208 0.035507 0.073063
v 0.174217 0.119067 0.131573
v 0.000077 0.332553 0.281057
v 0.133358 0.287330 0.249392
v 0.174217 0.237240 0.214318
v 0.072208 0.320800 0.272828
v -0.133203 0.287330 0.249392
v -0.072053 0.320800 0.272828
v -0.174062 0.237240 0.214318
v -0.174062 0.119067 0.131573
v -0.174062 0.284920 0.146224
v -0.072053 0.368480 0.204734
v -0.133203 0.335010 0.181298
v -0.174062 0.166747 0.063479
v 0.174217 0.284920 0.146224
v 0.072208 0.368480 0.204734
v 0.000077 0.380233 0.212963
v 0.133358 0.335010 0.181298
v 0.072208 0.083187 0.004970
v 0.174217 0.166747 0.063479
v 0.188564 0.225833 0.104852
v 0.133358 0.116657 0.028405
v -0.072054 0.083187 0.004970
v 0.000077 0.071434 -0.003260
v -0.133203 0.116657 0.028405
v -0.188410 0.225833 0.104852
vn -0.1917 0.9814 0.0059
vn -0.1951 0.9808 0.0009
vn -0.0000 1.0000 0.0026
vn -0.0000 1.0000 0.0001
vn -0.3816 0.9243 0.0050
vn -0.3710 0.9286 0.0079
vn -0.4503 0.8928 0.0130
vn -0.5494 0.8353 0.0199
vn -0.5388 0.8422 0.0197
vn -0.6022 0.7978 0.0309
vn -0.7032 0.7100 0.0373
vn -0.6875 0.7254 0.0325
vn -0.7338 0.6778 0.0466
vn -0.8316 0.5536 0.0436
vn -0.8499 0.5250 0.0447
vn -0.9246 0.3789 0.0385
vn -0.9243 0.3798 0.0362
vn -0.9815 0.1901 0.0240
vn -0.9808 0.1930 0.0284
vn -0.9999 0.0047 0.0103
vn -0.9998 -0.0024 0.0213
vn -0.9825 -0.1856 0.0127
vn -0.9804 -0.1965 0.0155
vn -0.9118 -0.4103 0.0150
vn -0.9213 -0.3889 0.0039
vn -0.8215 -0.5702 -0.0065
vn -0.8311 -0.5560 -0.0100
vn -0.6746 -0.7376 -0.0310
vn -0.7044 -0.7093 -0.0290
vn -0.4489 -0.8917 -0.0590
vn -0.5468 -0.8334 -0.0802
vn -0.3172 -0.9444 -0.0870
vn -0.3771 -0.9187 -0.1174
vn -0.1963 -0.9752 -0.1018
vn -0.1918 -0.9735 -0.1248
vn -0.0000 -0.9945 -0.1043
vn -0.0000 -0.9919 -0.1273
vn -0.9179 -0.3949 -0.0377
vn -0.9880 -0.1486 -0.0427
vn -0.9991 -0.0184 -0.0379
vn -0.9914 0.1295 -0.0179
vn -0.3160 -0.9447 -0.0876
vn -0.4296 -0.8994 -0.0806
vn -0.1960 -0.9768 -0.0867
vn -0.0000 -0.9962 -0.0866
vn -0.9879 -0.0428 -0.1493
vn -0.9848 0.0818 -0.1530
vn -0.9856 0.1598 -0.0556
vn -0.9768 0.2134 0.0197
vn -0.9878 0.1417 -0.0652
vn -0.9771 0.2058 -0.0548
vn -0.9424 0.3059 -0.1352
vn -0.8811 0.4460 -0.1577
vn -0.9743 -0.1596 -0.1588
vn -0.9061 -0.3881 -0.1683
vn -0.7673 -0.6198 -0.1647
vn -0.7855 -0.6175 -0.0412
vn -0.6376 -0.7679 -0.0615
vn -0.6171 -0.7687 -0.1679
vn -0.4079 -0.8993 -0.1578
vn -0.2992 -0.9419 -0.1530
vn -0.1978 -0.9674 -0.1581
vn -0.0000 -0.9874 -0.1582
vn -0.5890 -0.7274 -0.3522
vn -0.7407 -0.5689 -0.3573
vn -0.8656 -0.3616 -0.3464
vn -0.9327 -0.1810 -0.3120
vn -0.9550 -0.0114 -0.2965
vn -0.9516 0.0977 -0.2915
vn -0.9367 0.2210 -0.2716
vn -0.9111 0.3489 -0.2196
vn -0.8866 0.4164 -0.2013
vn -0.8557 0.4646 -0.2279
vn -0.7705 0.6190 -0.1519
vn -0.7319 0.6748 -0.0948
vn -0.6997 0.6975 -0.1549
vn -0.5989 0.7997 -0.0409
vn -0.5973 0.7819 -0.1785
vn -0.7056 0.6608 -0.2557
vn -0.5587 0.8090 -0.1827
vn -0.5477 0.8186 -0.1733
vn -0.3769 0.9187 -0.1182
vn -0.3857 0.9153 -0.1157
vn -0.8179 0.4807 -0.3162
vn -0.8995 0.2579 -0.3528
vn -0.9245 0.1011 -0.3675
vn -0.9185 -0.0247 -0.3948
vn -0.8704 -0.2232 -0.4389
vn -0.7724 -0.4189 -0.4774
vn -0.6671 -0.5501 -0.5024
vn -0.5669 -0.6487 -0.5078
vn -0.4376 -0.7471 -0.5004
vn -0.4312 -0.8361 -0.3391
vn -0.3038 -0.8979 -0.3185
vn -0.1857 -0.9319 -0.3116
vn -0.0000 -0.9506 -0.3104
vn -0.3074 -0.8154 -0.4906
vn -0.1893 -0.8556 -0.4818
vn -0.0000 -0.8784 -0.4779
vn -0.4200 -0.7044 -0.5722
vn -0.5713 -0.6049 -0.5547
vn -0.2702 -0.7692 -0.5790
vn -0.2592 -0.7728 -0.5793
vn -0.0000 -0.8031 -0.5958
vn -0.5565 -0.6113 -0.5627
vn -0.6136 -0.5684 -0.5482
vn -0.6367 -0.5472 -0.5434
vn -0.7328 -0.4365 -0.5221
vn -0.8378 -0.2624 -0.4789
vn -0.9044 -0.0585 -0.4226
vn -0.9185 0.1351 -0.3716
vn -0.8930 0.3080 -0.3281
vn -0.8552 0.4372 -0.2784
vn -0.7777 0.5896 -0.2182
vn -0.6505 0.7447 -0.1489
vn -0.5148 0.8520 -0.0951
vn -0.2141 0.9751 -0.0570
vn -0.3592 0.9314 -0.0588
vn -0.0000 0.9995 -0.0314
vn -0.0000 0.9993 -0.0365
vn -0.1908 0.9799 -0.0582
vn -0.0000 0.9994 -0.0339
vn -0.2633 0.9617 -0.0762
vn -0.7327 0.6679 -0.1304
vn -0.9587 0.1958 -0.2065
vn -0.9611 0.0577 -0.2702
vn -0.9456 -0.0107 -0.3253
vn -0.9233 -0.0776 -0.3760
vn -0.8810 -0.2015 -0.4280
vn -0.8186 -0.3255 -0.4733
vn -0.7492 -0.4257 -0.5075
vn -0.6403 -0.5476 -0.5386
vn -0.8844 0.4650 0.0405
vn -0.9481 0.3157 0.0388
vn -0.9584 0.2827 0.0384
vn -0.9718 0.2335 0.0337
vn -0.0938 0.8938 0.4386
vn -0.1357 0.9136 0.3834
vn -0.0000 0.9286 0.3711
vn -0.0000 0.9319 0.3628
vn -0.1492 0.9410 0.3037
vn -0.3284 0.9434 -0.0454
vn -0.3378 0.9391 -0.0636
vn -0.4783 0.8782 -0.0007
vn -0.5008 0.8647 0.0378
vn -0.4674 0.8543 0.2272
vn -0.4594 0.8495 0.2594
vn -0.4681 0.8622 0.1934
vn -0.5237 0.8343 0.1723
vn -0.5402 0.8116 0.2223
vn -0.4887 0.8186 0.3018
vn -0.4778 0.8304 0.2866
vn -0.4461 0.8408 0.3066
vn -0.4444 0.8330 0.3295
vn -0.4433 0.8394 0.3145
vn -0.4392 0.8501 0.2908
vn -0.4073 0.8721 0.2710
vn -0.4077 0.8699 0.2776
vn -0.4197 0.8729 0.2489
vn -0.4209 0.8751 0.2388
vn -0.4092 0.9021 0.1368
vn -0.4088 0.9035 0.1284
vn -0.4141 0.9102 0.0104
vn -0.4126 0.9109 0.0040
vn -0.3828 0.9206 -0.0772
vn -0.3871 0.9192 -0.0728
vn -0.4182 0.8967 -0.1452
vn -0.4263 0.8948 -0.1328
vn -0.4702 0.8497 -0.2386
vn -0.4759 0.8453 -0.2429
vn -0.4759 0.8292 -0.2930
vn -0.5203 0.8051 -0.2849
vn -0.5153 0.8106 -0.2782
vn -0.4633 0.8276 -0.3170
vn -0.4235 0.8240 -0.3763
vn -0.4869 0.8223 -0.2946
vn -0.5008 0.8407 -0.2061
vn -0.4768 0.8206 -0.3149
vn -0.5154 0.8405 -0.1670
vn -0.4795 0.8748 -0.0689
vn -0.5073 0.8564 -0.0960
vn -0.3535 0.9294 0.1060
vn -0.4631 0.8811 0.0958
vn -0.3414 0.9357 0.0892
vn -0.1338 0.9162 -0.3778
vn -0.1364 0.9085 -0.3949
vn -0.0000 0.9394 -0.3428
vn -0.0000 0.9408 -0.3389
vn 0.1016 -0.0000 0.9948
vn 0.1066 -0.0000 0.9943
vn -0.0000 -0.0000 1.0000
vn 0.2263 -0.0000 0.9741
vn 0.2133 -0.0000 0.9770
vn 0.3545 -0.0000 0.9350
vn 0.3335 -0.0000 0.9427
vn 0.4764 -0.0000 0.8793
vn 0.4561 -0.0000 0.8899
vn 0.6223 -0.0000 0.7828
vn 0.5896 -0.0000 0.8077
vn 0.7435 -0.0000 0.6688
vn 0.7291 -0.0000 0.6844
vn 0.8344 -0.0000 0.5511
vn 0.8163 -0.0000 0.5777
vn 0.9032 -0.0000 0.4292
vn 0.8966 -0.0000 0.4429
vn 0.9431 -0.0000 0.3324
vn 0.9381 -0.0000 0.3464
vn 0.9795 -0.0000 0.2013
vn 0.9759 -0.0000 0.2181
vn 0.9951 -0.0000 0.0984
vn 0.9949 -0.0000 0.1010
vn 0.9992 -0.0000 0.0412
vn 0.9991 -0.0000 0.0417
vn 0.9993 -0.0000 -0.0367
vn 0.9992 -0.0000 -0.0393
vn 0.9949 -0.0000 -0.1013
vn 0.9946 -0.0000 -0.1041
vn 0.9794 -0.0000 -0.2020
vn 0.9756 -0.0000 -0.2193
vn 0.9352 -0.0000 -0.3542
vn 0.9263 -0.0000 -0.3767
vn 0.8237 -0.0000 -0.5670
vn 0.7877 -0.0000 -0.6161
vn 0.6128 -0.0000 -0.7902
vn 0.5675 -0.0000 -0.8234
vn 0.4000 -0.0000 -0.9165
vn 0.3677 -0.0000 -0.9300
vn 0.2308 -0.0000 -0.9730
vn 0.2139 -0.0000 -0.9768
vn 0.0921 -0.0000 -0.9957
vn 0.0858 -0.0000 -0.9963
vn -0.0000 -0.0000 -1.0000
vn -0.0000 1.0000 -0.0000
vn -0.1880 0.9461 -0.2637
vn -0.1906 0.9591 -0.2092
vn -0.0000 0.9646 -0.2637
vn -0.0000 0.9779 -0.2092
vn -0.3742 0.9034 -0.2092
vn -0.3691 0.8912 -0.2637
vn -0.5433 0.8131 -0.2092
vn -0.5359 0.8020 -0.2636
vn -0.6915 0.6915 -0.2092
vn -0.6821 0.6821 -0.2636
vn -0.8131 0.5433 -0.2092
vn -0.8021 0.5359 -0.2636
vn -0.9035 0.3742 -0.2091
vn -0.8912 0.3691 -0.2635
vn -0.9591 0.1908 -0.2090
vn -0.9462 0.1882 -0.2634
vn -0.9779 -0.0000 -0.2090
vn -0.9647 -0.0000 -0.2633
vn -0.9591 -0.1908 -0.2089
vn -0.9462 -0.1882 -0.2633
vn -0.9035 -0.3742 -0.2088
vn -0.8913 -0.3692 -0.2632
vn -0.8131 -0.5433 -0.2088
vn -0.8022 -0.5360 -0.2631
vn -0.6984 -0.6846 -0.2088
vn -0.6891 -0.6753 -0.2631
vn -0.5513 -0.8076 -0.2094
vn -0.5440 -0.7965 -0.2640
vn -0.3742 -0.9034 -0.2096
vn -0.3691 -0.8911 -0.2641
vn -0.1906 -0.9590 -0.2096
vn -0.1880 -0.9460 -0.2642
vn -0.0000 -0.9778 -0.2096
vn -0.0000 -0.9645 -0.2642
vn -0.9233 -0.3824 -0.0360
vn -0.8309 -0.5552 -0.0360
vn -0.7136 -0.6996 -0.0360
vn -0.5634 -0.8254 -0.0362
vn -0.3824 -0.9233 -0.0362
vn -0.1948 -0.9802 -0.0362
vn -0.0000 -0.9993 -0.0362
vn -0.8946 -0.3705 0.2499
vn -0.9497 -0.1889 0.2499
vn -0.9801 -0.1950 -0.0361
vn -0.9993 -0.0000 -0.0361
vn -0.9801 0.1950 -0.0362
vn -0.9233 0.3824 -0.0362
vn -0.8309 0.5552 -0.0362
vn -0.7066 0.7066 -0.0362
vn -0.5552 0.8309 -0.0363
vn -0.3824 0.9233 -0.0363
vn -0.1948 0.9802 -0.0363
vn -0.0000 0.9993 -0.0363
vn -0.0000 0.9683 0.2499
vn -0.1887 0.9497 0.2499
vn -0.3705 0.8946 0.2499
vn -0.5379 0.8051 0.2499
vn -0.6847 0.6847 0.2499
vn -0.8051 0.5379 0.2499
vn -0.0000 0.7505 0.6608
vn -0.1463 0.7362 0.6608
vn -0.2872 0.6934 0.6608
vn -0.4170 0.6240 0.6608
vn -0.5307 0.5307 0.6608
vn -0.6241 0.4170 0.6608
vn -0.8946 0.3705 0.2499
vn -0.9497 0.1889 0.2499
vn -0.9683 -0.0000 0.2499
vn -0.6934 0.2872 0.6608
vn -0.7361 0.1464 0.6608
vn -0.7506 -0.0000 0.6607
vn -0.7362 -0.1464 0.6607
vn -0.6935 -0.2873 0.6607
vn -0.8051 -0.5380 0.2499
vn -0.6914 -0.6778 0.2501
vn -0.5459 -0.7996 0.2501
vn -0.3704 -0.8945 0.2503
vn -0.1887 -0.9496 0.2503
vn -0.0000 -0.9682 0.2503
vn -0.6241 -0.4171 0.6607
vn -0.5355 -0.5250 0.6615
vn -0.4235 -0.6201 0.6604
vn -0.2869 -0.6931 0.6613
vn -0.1462 -0.7357 0.6613
vn -0.0000 -0.7501 0.6613
vn -0.0406 0.0607 0.9973
vn -0.0516 0.0516 0.9973
vn -0.0279 0.0675 0.9973
vn -0.0000 0.0730 0.9973
vn -0.0731 -0.0000 0.9973
vn -0.0675 0.0279 0.9973
vn -0.0607 0.0406 0.9973
vn -0.0716 0.0142 0.9973
vn -0.0000 -0.0729 0.9973
vn -0.0519 -0.0508 0.9974
vn -0.0675 -0.0280 0.9973
vn -0.0717 -0.0143 0.9973
vn -0.0608 -0.0407 0.9973
vn -0.0278 -0.0673 0.9973
vn -0.0415 -0.0606 0.9973
vn -0.0142 -0.0715 0.9973
vn -0.0142 0.0716 0.9973
vn -0.0659 0.3317 0.9411
vn -0.0000 0.3382 0.9411
vn -0.1294 0.3124 0.9411
vn -0.4170 0.6241 0.6608
vn -0.1879 0.2812 0.9411
vn -0.2391 0.2391 0.9411
vn -0.2812 0.1879 0.9411
vn -0.3125 0.1294 0.9411
vn -0.3318 0.0660 0.9411
vn -0.3383 -0.0000 0.9410
vn -0.3318 -0.0660 0.9410
vn -0.3126 -0.1295 0.9410
vn -0.2814 -0.1881 0.9410
vn -0.5356 -0.5250 0.6615
vn -0.2410 -0.2361 0.9414
vn -0.1913 -0.2798 0.9408
vn -0.1291 -0.3120 0.9413
vn -0.0658 -0.3312 0.9413
vn -0.0000 -0.7501 0.6614
vn -0.0000 -0.3377 0.9413
vn -0.4183 -0.6902 -0.5904
vn -0.4728 -0.6729 -0.5689
vn -0.3813 -0.7204 -0.5794
vn -0.0000 -0.7805 -0.6252
vn -0.0000 0.9968 -0.0798
vn -0.1517 0.0651 -0.9863
vn -0.0000 0.1989 -0.9800
vn -0.2057 0.0218 -0.9784
vn -0.0000 0.0771 -0.9970
vn -0.2392 -0.0459 -0.9699
vn -0.0000 -0.0154 -0.9999
vn -0.2712 -0.0985 -0.9575
vn -0.0000 -0.0895 -0.9960
vn -0.2703 -0.2192 -0.9375
vn -0.0000 -0.2212 -0.9752
vn -0.2611 -0.3873 -0.8842
vn -0.0000 -0.3640 -0.9314
vn -0.2783 -0.4943 -0.8235
vn -0.0000 -0.4686 -0.8834
vn -0.3114 -0.5656 -0.7636
vn -0.0000 -0.5477 -0.8367
vn -0.3408 -0.6141 -0.7119
vn -0.0000 -0.6244 -0.7811
vn -0.3529 -0.6381 -0.6844
vn -0.0000 -0.6831 -0.7304
vn -0.3212 -0.6829 -0.6561
vn -0.0000 -0.7259 -0.6878
vn -0.3068 -0.7037 -0.6409
vn -0.0000 -0.7421 -0.6702
vn -0.2867 -0.7089 -0.6444
vn -0.0000 -0.7437 -0.6685
vn -0.2678 -0.7177 -0.6428
vn -0.0000 -0.7474 -0.6644
vn -0.0000 0.3049 -0.9524
vn -0.2123 0.9752 -0.0621
vn 0.1951 0.9808 0.0009
vn 0.1917 0.9814 0.0059
vn 0.3816 0.9243 0.0050
vn 0.3710 0.9286 0.0079
vn 0.4503 0.8928 0.0130
vn 0.5494 0.8353 0.0199
vn 0.5388 0.8422 0.0197
vn 0.6022 0.7978 0.0309
vn 0.7032 0.7100 0.0373
vn 0.6875 0.7254 0.0325
vn 0.7338 0.6778 0.0466
vn 0.8316 0.5536 0.0436
vn 0.8499 0.5250 0.0447
vn 0.9246 0.3789 0.0385
vn 0.9243 0.3798 0.0362
vn 0.9815 0.1901 0.0237
vn 0.9808 0.1930 0.0284
vn 0.9999 0.0048 0.0103
vn 0.9998 -0.0024 0.0213
vn 0.9825 -0.1861 0.0122
vn 0.9804 -0.1965 0.0155
vn 0.9120 -0.4099 0.0136
vn 0.9213 -0.3889 0.0039
vn 0.8218 -0.5697 -0.0061
vn 0.8311 -0.5560 -0.0100
vn 0.6752 -0.7371 -0.0283
vn 0.7044 -0.7093 -0.0290
vn 0.4491 -0.8918 -0.0546
vn 0.5468 -0.8334 -0.0802
vn 0.3159 -0.9450 -0.0843
vn 0.3771 -0.9187 -0.1174
vn 0.1963 -0.9752 -0.1018
vn 0.1918 -0.9735 -0.1248
vn 0.9178 -0.3945 -0.0455
vn 0.7849 -0.6178 -0.0486
vn 0.6368 -0.7682 -0.0668
vn 0.4289 -0.8995 -0.0837
vn 0.3030 -0.9487 -0.0898
vn 0.1828 -0.9796 -0.0830
vn -0.0000 -0.9962 -0.0865
vn 0.7663 -0.6191 -0.1715
vn 0.9051 -0.3874 -0.1750
vn 0.9877 -0.1487 -0.0489
vn 0.9988 -0.0186 -0.0445
vn 0.9913 0.1288 -0.0284
vn 0.9870 -0.0423 -0.1552
vn 0.9842 0.0833 -0.1559
vn 0.9809 0.1847 -0.0614
vn 0.9770 0.2134 -0.0038
vn 0.9878 0.1417 -0.0652
vn 0.9771 0.2058 -0.0548
vn 0.9424 0.3059 -0.1352
vn 0.8811 0.4459 -0.1577
vn 0.9733 -0.1595 -0.1650
vn 0.9367 0.2210 -0.2716
vn 0.9111 0.3489 -0.2196
vn 0.8866 0.4164 -0.2013
vn 0.8557 0.4646 -0.2279
vn 0.7705 0.6190 -0.1519
vn 0.7319 0.6748 -0.0948
vn 0.6997 0.6975 -0.1549
vn 0.5989 0.7997 -0.0409
vn 0.5973 0.7819 -0.1785
vn 0.9516 0.0977 -0.2915
vn 0.9550 -0.0114 -0.2965
vn 0.9327 -0.1810 -0.3120
vn 0.8656 -0.3616 -0.3464
vn 0.7407 -0.5689 -0.3573
vn 0.5890 -0.7274 -0.3522
vn 0.6164 -0.7677 -0.1750
vn 0.4074 -0.8983 -0.1647
vn 0.2991 -0.9407 -0.1603
vn 0.1954 -0.9674 -0.1609
vn 0.4312 -0.8361 -0.3391
vn 0.3038 -0.8979 -0.3185
vn 0.1857 -0.9319 -0.3116
vn 0.4376 -0.7471 -0.5004
vn 0.3074 -0.8154 -0.4906
vn 0.1893 -0.8556 -0.4818
vn 0.2702 -0.7692 -0.5790
vn 0.4200 -0.7044 -0.5722
vn 0.5669 -0.6487 -0.5078
vn 0.6671 -0.5501 -0.5024
vn 0.7724 -0.4189 -0.4774
vn 0.8704 -0.2232 -0.4389
vn 0.9185 -0.0247 -0.3948
vn 0.9245 0.1011 -0.3675
vn 0.8995 0.2579 -0.3528
vn 0.8179 0.4807 -0.3162
vn 0.7056 0.6608 -0.2557
vn 0.5587 0.8090 -0.1827
vn 0.5477 0.8186 -0.1733
vn 0.3769 0.9187 -0.1182
vn 0.3857 0.9153 -0.1157
vn 0.6505 0.7447 -0.1489
vn 0.5148 0.8520 -0.0951
vn 0.2141 0.9751 -0.0570
vn 0.3592 0.9314 -0.0588
vn 0.1908 0.9799 -0.0582
vn 0.7777 0.5896 -0.2182
vn 0.8552 0.4372 -0.2784
vn 0.8930 0.3080 -0.3281
vn 0.9185 0.1351 -0.3716
vn 0.9044 -0.0585 -0.4226
vn 0.8378 -0.2624 -0.4789
vn 0.7328 -0.4365 -0.5221
vn 0.6367 -0.5472 -0.5434
vn 0.5713 -0.6049 -0.5547
vn 0.9233 -0.0776 -0.3760
vn 0.9456 -0.0107 -0.3253
vn 0.8810 -0.2015 -0.4280
vn 0.8186 -0.3255 -0.4733
vn 0.7492 -0.4257 -0.5075
vn 0.6403 -0.5476 -0.5386
vn 0.6136 -0.5684 -0.5481
vn 0.5565 -0.6113 -0.5627
vn 0.4182 -0.6903 -0.5905
vn 0.4727 -0.6729 -0.5689
vn 0.2592 -0.7728 -0.5793
vn 0.3812 -0.7204 -0.5794
vn -0.0000 -0.7805 -0.6251
vn 0.9481 0.3157 0.0388
vn 0.8844 0.4650 0.0405
vn 0.9585 0.2827 0.0384
vn 0.9729 0.2300 0.0220
vn 0.2633 0.9617 -0.0762
vn -0.0000 0.9319 0.3627
vn 0.1357 0.9136 0.3834
vn 0.0938 0.8938 0.4386
vn 0.1492 0.9410 0.3037
vn 0.3284 0.9434 -0.0454
vn 0.3378 0.9391 -0.0636
vn 0.4783 0.8782 -0.0007
vn 0.5008 0.8647 0.0378
vn 0.4674 0.8543 0.2272
vn 0.4594 0.8495 0.2594
vn 0.4681 0.8622 0.1934
vn 0.5237 0.8343 0.1723
vn 0.5402 0.8116 0.2223
vn 0.4887 0.8186 0.3018
vn 0.4778 0.8304 0.2866
vn 0.4461 0.8408 0.3066
vn 0.4444 0.8330 0.3295
vn 0.4433 0.8394 0.3145
vn 0.4392 0.8501 0.2908
vn 0.4073 0.8721 0.2710
vn 0.4077 0.8699 0.2776
vn 0.4197 0.8729 0.2489
vn 0.4209 0.8751 0.2388
vn 0.4092 0.9021 0.1368
vn 0.4088 0.9035 0.1284
vn 0.4147 0.9099 -0.0086
vn 0.4119 0.9111 -0.0171
vn 0.3843 0.9205 -0.0710
vn 0.3839 0.9207 -0.0708
vn 0.4208 0.8989 -0.1218
vn 0.4258 0.8975 -0.1144
vn 0.4702 0.8497 -0.2386
vn 0.4759 0.8453 -0.2429
vn 0.4759 0.8292 -0.2930
vn 0.5203 0.8051 -0.2849
vn 0.5153 0.8106 -0.2782
vn 0.4633 0.8276 -0.3170
vn 0.4235 0.8240 -0.3763
vn 0.4869 0.8223 -0.2946
vn 0.5008 0.8407 -0.2061
vn 0.4768 0.8206 -0.3149
vn 0.5154 0.8405 -0.1670
vn 0.4795 0.8748 -0.0689
vn 0.5072 0.8564 -0.0960
vn 0.3535 0.9294 0.1060
vn 0.4631 0.8811 0.0958
vn 0.3414 0.9357 0.0892
vn 0.1338 0.9162 -0.3778
vn 0.1364 0.9085 -0.3949
vn -0.1066 -0.0000 0.9943
vn -0.1016 -0.0000 0.9948
vn -0.2263 -0.0000 0.9741
vn -0.2133 -0.0000 0.9770
vn -0.3545 -0.0000 0.9350
vn -0.3335 -0.0000 0.9427
vn -0.4764 -0.0000 0.8793
vn -0.4561 -0.0000 0.8899
vn -0.6223 -0.0000 0.7828
vn -0.5896 -0.0000 0.8077
vn -0.7435 -0.0000 0.6688
vn -0.7291 -0.0000 0.6844
vn -0.8344 -0.0000 0.5511
vn -0.8163 -0.0000 0.5777
vn -0.9032 -0.0000 0.4292
vn -0.8966 -0.0000 0.4429
vn -0.9431 -0.0000 0.3324
vn -0.9381 -0.0000 0.3464
vn -0.9795 -0.0000 0.2013
vn -0.9759 -0.0000 0.2181
vn -0.9951 -0.0000 0.0984
vn -0.9949 -0.0000 0.1010
vn -0.9990 -0.0000 0.0437
vn -0.9990 -0.0000 0.0438
vn -0.9999 -0.0000 -0.0113
vn -0.9999 -0.0000 -0.0124
vn -0.9969 -0.0000 -0.0785
vn -0.9965 -0.0000 -0.0830
vn -0.9794 -0.0000 -0.2020
vn -0.9756 -0.0000 -0.2193
vn -0.9352 -0.0000 -0.3542
vn -0.9263 -0.0000 -0.3767
vn -0.8237 -0.0000 -0.5670
vn -0.7877 -0.0000 -0.6161
vn -0.6128 -0.0000 -0.7902
vn -0.5675 -0.0000 -0.8234
vn -0.4000 -0.0000 -0.9165
vn -0.3677 -0.0000 -0.9300
vn -0.2308 -0.0000 -0.9730
vn -0.2139 -0.0000 -0.9768
vn -0.0921 -0.0000 -0.9957
vn -0.0858 -0.0000 -0.9963
vn 0.1906 0.9591 -0.2092
vn 0.1880 0.9461 -0.2637
vn 0.3742 0.9034 -0.2092
vn 0.3691 0.8912 -0.2637
vn 0.5433 0.8131 -0.2092
vn 0.5359 0.8020 -0.2636
vn 0.6915 0.6915 -0.2092
vn 0.6821 0.6821 -0.2636
vn 0.8131 0.5433 -0.2092
vn 0.8021 0.5359 -0.2635
vn 0.9035 0.3742 -0.2091
vn 0.8912 0.3691 -0.2635
vn 0.9591 0.1908 -0.2090
vn 0.9462 0.1882 -0.2634
vn 0.9779 -0.0000 -0.2090
vn 0.9647 -0.0000 -0.2633
vn 0.9591 -0.1908 -0.2089
vn 0.9462 -0.1882 -0.2633
vn 0.9035 -0.3742 -0.2088
vn 0.8913 -0.3692 -0.2632
vn 0.8131 -0.5433 -0.2088
vn 0.8022 -0.5360 -0.2631
vn 0.6984 -0.6846 -0.2088
vn 0.6891 -0.6753 -0.2631
vn 0.5513 -0.8076 -0.2094
vn 0.5440 -0.7965 -0.2640
vn 0.3742 -0.9034 -0.2096
vn 0.3691 -0.8911 -0.2641
vn 0.1906 -0.9590 -0.2096
vn 0.1880 -0.9460 -0.2642
vn 0.9233 -0.3824 -0.0360
vn 0.9801 -0.1950 -0.0361
vn 0.9993 -0.0000 -0.0361
vn 0.9801 0.1950 -0.0362
vn 0.9233 0.3824 -0.0362
vn 0.8309 0.5552 -0.0362
vn 0.7066 0.7066 -0.0362
vn 0.5552 0.8309 -0.0363
vn 0.3824 0.9233 -0.0363
vn 0.1948 0.9802 -0.0363
vn 0.1887 0.9497 0.2499
vn 0.3705 0.8946 0.2499
vn 0.5379 0.8051 0.2499
vn 0.6847 0.6847 0.2499
vn 0.8051 0.5379 0.2499
vn 0.1463 0.7362 0.6608
vn 0.2872 0.6934 0.6608
vn 0.4170 0.6240 0.6608
vn 0.5307 0.5307 0.6608
vn 0.6241 0.4170 0.6608
vn 0.8946 0.3705 0.2499
vn 0.9497 0.1889 0.2499
vn 0.9683 -0.0000 0.2499
vn 0.9497 -0.1889 0.2499
vn 0.8946 -0.3705 0.2499
vn 0.8309 -0.5552 -0.0360
vn 0.7136 -0.6996 -0.0360
vn 0.5634 -0.8254 -0.0362
vn 0.3824 -0.9233 -0.0362
vn 0.1948 -0.9802 -0.0362
vn 0.8051 -0.5380 0.2499
vn 0.6914 -0.6778 0.2501
vn 0.5459 -0.7996 0.2501
vn 0.3704 -0.8945 0.2503
vn 0.1887 -0.9496 0.2503
vn 0.6241 -0.4171 0.6607
vn 0.6935 -0.2873 0.6607
vn 0.7362 -0.1464 0.6607
vn 0.7506 -0.0000 0.6607
vn 0.7361 0.1464 0.6608
vn 0.6934 0.2872 0.6608
vn 0.4235 -0.6201 0.6604
vn 0.5355 -0.5250 0.6615
vn 0.2869 -0.6931 0.6613
vn 0.1462 -0.7357 0.6613
vn 0.0142 -0.0715 0.9973
vn 0.0278 -0.0673 0.9973
vn 0.0519 -0.0508 0.9974
vn 0.0415 -0.0606 0.9973
vn 0.0731 -0.0000 0.9973
vn 0.0675 -0.0280 0.9973
vn 0.0608 -0.0407 0.9973
vn 0.0717 -0.0143 0.9973
vn 0.0516 0.0516 0.9973
vn 0.0675 0.0280 0.9973
vn 0.0717 0.0142 0.9973
vn 0.0607 0.0406 0.9973
vn 0.0279 0.0675 0.9973
vn 0.0406 0.0607 0.9973
vn 0.0142 0.0716 0.9973
vn 0.0659 0.3317 0.9411
vn 0.1294 0.3124 0.9411
vn 0.1879 0.2812 0.9411
vn 0.2391 0.2391 0.9411
vn 0.2812 0.1879 0.9411
vn 0.3125 0.1294 0.9411
vn 0.3318 0.0660 0.9411
vn 0.3383 -0.0000 0.9410
vn 0.3318 -0.0660 0.9410
vn 0.3126 -0.1295 0.9410
vn 0.2814 -0.1881 0.9410
vn 0.5356 -0.5250 0.6615
vn 0.2410 -0.2361 0.9414
vn 0.1913 -0.2798 0.9408
vn 0.1291 -0.3120 0.9413
vn 0.0658 -0.3312 0.9413
vn 0.9587 0.1958 -0.2065
vn 0.7328 0.6679 -0.1304
vn 0.9611 0.0577 -0.2702
vn 0.2057 0.0218 -0.9784
vn 0.1517 0.0651 -0.9863
vn 0.2392 -0.0459 -0.9699
vn 0.2712 -0.0985 -0.9575
vn 0.2703 -0.2192 -0.9375
vn 0.2611 -0.3873 -0.8842
vn 0.2782 -0.4943 -0.8235
vn 0.3114 -0.5656 -0.7636
vn 0.3408 -0.6141 -0.7119
vn 0.3529 -0.6381 -0.6844
vn 0.3212 -0.6829 -0.6561
vn 0.3068 -0.7037 -0.6409
vn -0.0000 -0.7421 -0.6703
vn 0.2867 -0.7089 -0.6444
vn 0.2678 -0.7177 -0.6428
vn 0.2123 0.9752 -0.0621
vn -0.2574 0.5076 -0.8223
vn -0.1956 0.6887 -0.6982
vn -0.2143 0.5052 -0.8360
vn -0.1601 0.6874 -0.7084
vn -0.2642 0.6935 -0.6703
vn -0.3391 0.5178 -0.7854
vn -0.3220 0.7022 -0.6350
vn -0.4092 0.5308 -0.7422
vn -0.3715 0.7154 -0.5917
vn -0.4714 0.5475 -0.6914
vn -0.4147 0.7334 -0.5386
vn -0.5290 0.5681 -0.6305
vn -0.4527 0.7558 -0.4731
vn -0.5839 0.5923 -0.5552
vn -0.4860 0.7811 -0.3920
vn -0.6365 0.6188 -0.4604
vn -0.5134 0.8068 -0.2924
vn -0.6844 0.6446 -0.3407
vn -0.5324 0.8285 -0.1734
vn -0.7213 0.6652 -0.1931
vn -0.5395 0.8411 -0.0379
vn -0.7378 0.6747 -0.0220
vn -0.5319 0.8401 0.1064
vn -0.7263 0.6688 0.1590
vn -0.5088 0.8241 0.2490
vn -0.6867 0.6470 0.3313
vn -0.4718 0.7957 0.3798
vn -0.6265 0.6135 0.4808
vn -0.4236 0.7599 0.4931
vn -0.5542 0.5742 0.6026
vn -0.3667 0.7219 0.5869
vn -0.4757 0.5345 0.6986
vn -0.3022 0.6856 0.6624
vn -0.3932 0.4977 0.7731
vn -0.2300 0.6533 0.7213
vn -0.3060 0.4653 0.8306
vn -0.1493 0.6259 0.7654
vn -0.2118 0.4376 0.8739
vn -0.0586 0.6034 0.7953
vn -0.1081 0.4140 0.9039
vn 0.0115 0.5887 0.8083
vn -0.0266 0.3986 0.9167
vn -0.8000 0.1332 0.5850
vn -0.8923 0.1537 0.4245
vn -0.5980 0.0899 0.7965
vn -0.6989 0.1113 0.7065
vn -0.4008 0.0502 0.9148
vn -0.4993 0.0697 0.8636
vn -0.1880 0.0108 0.9821
vn -0.2986 0.0308 0.9539
vn -0.9591 0.1695 0.2265
vn -0.9840 0.1778 0.0076
vn -0.9625 0.1782 -0.2046
vn -0.9058 0.1722 -0.3871
vn -0.8314 0.1623 -0.5314
vn -0.7524 0.1503 -0.6413
vn -0.6745 0.1373 -0.7254
vn -0.5979 0.1235 -0.7920
vn -0.5200 0.1085 -0.8472
vn -0.4366 0.0919 -0.8949
vn -0.3427 0.0728 -0.9366
vn -0.2849 0.0568 -0.9569
vn -0.2719 0.4509 -0.8502
vn -0.2390 0.6637 -0.7088
vn -0.2654 -0.0215 -0.9639
vn -0.3187 0.6215 -0.7157
vn -0.3095 0.4042 -0.8607
vn -0.2451 -0.0527 -0.9681
vn -0.0991 -0.0061 0.9951
vn -0.0716 0.3736 0.9248
vn -0.0688 0.5799 0.8118
vn -0.0682 -0.0337 0.9971
vn -0.1413 0.3823 0.9132
vn -0.1719 0.5608 0.8099
vn -0.0694 -0.0087 0.9975
vn 0.0779 0.9967 -0.0216
vn 0.0734 0.9967 -0.0337
vn 0.0838 0.9964 -0.0158
vn 0.0687 0.9966 -0.0449
vn 0.0643 0.9965 -0.0540
vn 0.0607 0.9963 -0.0606
vn 0.0586 0.9962 -0.0642
vn 0.0581 0.9962 -0.0648
vn 0.0595 0.9962 -0.0630
vn 0.0627 0.9963 -0.0592
vn 0.0673 0.9963 -0.0542
vn 0.0733 0.9961 -0.0485
vn 0.0804 0.9959 -0.0425
vn 0.0885 0.9954 -0.0365
vn 0.0973 0.9948 -0.0308
vn 0.1067 0.9940 -0.0259
vn 0.1162 0.9930 -0.0218
vn 0.1255 0.9919 -0.0188
vn 0.1340 0.9908 -0.0168
vn 0.1413 0.9898 -0.0158
vn 0.1376 0.9904 -0.0155
vn -0.0556 0.9984 -0.0040
vn -0.0960 0.9954 0.0018
vn -0.2157 0.9765 0.0038
vn -0.2112 0.9775 0.0022
vn -0.2422 -0.3854 0.8904
vn -0.2560 -0.5701 0.7807
vn -0.1607 -0.4029 0.9010
vn -0.1848 -0.5846 0.7900
vn -0.3389 -0.5582 0.7574
vn -0.3398 -0.3711 0.8642
vn -0.4137 -0.5541 0.7224
vn -0.4293 -0.3633 0.8269
vn -0.4825 -0.5578 0.6753
vn -0.5142 -0.3617 0.7777
vn -0.5471 -0.5688 0.6141
vn -0.5973 -0.3657 0.7138
vn -0.6080 -0.5859 0.5358
vn -0.6802 -0.3739 0.6304
vn -0.6640 -0.6065 0.4372
vn -0.7616 -0.3846 0.5216
vn -0.7115 -0.6272 0.3168
vn -0.8353 -0.3949 0.3824
vn -0.7451 -0.6431 0.1769
vn -0.8904 -0.4020 0.2136
vn -0.7594 -0.6500 0.0261
vn -0.9145 -0.4036 0.0265
vn -0.7529 -0.6465 -0.1232
vn -0.9031 -0.3991 -0.1588
vn -0.7282 -0.6344 -0.2595
vn -0.8622 -0.3895 -0.3238
vn -0.6905 -0.6179 -0.3760
vn -0.8038 -0.3777 -0.4597
vn -0.6447 -0.6015 -0.4717
vn -0.7375 -0.3669 -0.5670
vn -0.5938 -0.5887 -0.5485
vn -0.6685 -0.3598 -0.6509
vn -0.5389 -0.5816 -0.6094
vn -0.5982 -0.3581 -0.7169
vn -0.4795 -0.5814 -0.6573
vn -0.5253 -0.3628 -0.7697
vn -0.4144 -0.5885 -0.6943
vn -0.4470 -0.3743 -0.8125
vn -0.3415 -0.6027 -0.7212
vn -0.3600 -0.3927 -0.8462
vn -0.2828 -0.6163 -0.7350
vn -0.2969 -0.4125 -0.8612
vn -0.6745 0.1374 -0.7254
vn -0.7525 0.1503 -0.6413
vn -0.5200 0.1086 -0.8472
vn -0.9840 0.1778 0.0077
vn -0.1881 0.0108 0.9821
vn -0.0604 -0.4371 0.8974
vn -0.0579 -0.6045 0.7945
vn 0.0439 -0.5957 0.8020
vn 0.0058 -0.4066 0.9136
vn -0.0695 -0.0087 0.9975
vn -0.9625 0.1781 -0.2046
vn -0.2849 0.0569 -0.9569
vn -0.2045 -0.4795 -0.8534
vn -0.1787 -0.6571 -0.7323
vn -0.0647 -0.6810 -0.7294
vn -0.1353 -0.4877 -0.8624
vn -0.2451 -0.0526 -0.9681
vn -0.2039 -0.9780 0.0437
vn -0.2058 -0.9770 0.0555
vn -0.1772 -0.9842 -0.0011
vn -0.2077 -0.9761 0.0639
vn -0.2089 -0.9756 0.0681
vn -0.2088 -0.9756 0.0679
vn -0.2071 -0.9762 0.0638
vn -0.2037 -0.9774 0.0564
vn -0.1987 -0.9789 0.0469
vn -0.1923 -0.9806 0.0366
vn -0.1851 -0.9824 0.0263
vn -0.1772 -0.9840 0.0165
vn -0.1690 -0.9856 0.0078
vn -0.1607 -0.9870 0.0003
vn -0.1527 -0.9883 -0.0058
vn -0.1451 -0.9894 -0.0104
vn -0.1385 -0.9903 -0.0137
vn -0.1331 -0.9910 -0.0158
vn -0.1293 -0.9915 -0.0168
vn -0.1275 -0.9917 -0.0171
vn -0.1269 -0.9916 -0.0266
vn -0.0041 -0.9995 -0.0305
vn 0.0387 -0.9985 -0.0390
vn 0.1514 -0.9877 -0.0398
vn 0.1536 -0.9873 -0.0407
vn 0.1601 0.6874 -0.7084
vn 0.1956 0.6887 -0.6982
vn 0.2143 0.5052 -0.8360
vn 0.2574 0.5076 -0.8223
vn 0.2642 0.6935 -0.6703
vn 0.3391 0.5178 -0.7854
vn 0.3220 0.7022 -0.6350
vn 0.4092 0.5308 -0.7422
vn 0.3715 0.7154 -0.5917
vn 0.4714 0.5475 -0.6914
vn 0.4147 0.7334 -0.5386
vn 0.5290 0.5681 -0.6305
vn 0.4527 0.7558 -0.4731
vn 0.5839 0.5923 -0.5552
vn 0.4860 0.7811 -0.3920
vn 0.6365 0.6188 -0.4604
vn 0.5134 0.8068 -0.2924
vn 0.6844 0.6446 -0.3407
vn 0.5324 0.8285 -0.1734
vn 0.7213 0.6652 -0.1931
vn 0.5395 0.8411 -0.0379
vn 0.7378 0.6747 -0.0220
vn 0.5319 0.8401 0.1064
vn 0.7263 0.6688 0.1590
vn 0.5088 0.8241 0.2490
vn 0.6867 0.6470 0.3313
vn 0.4718 0.7957 0.3798
vn 0.6265 0.6135 0.4808
vn 0.4236 0.7599 0.4931
vn 0.5542 0.5742 0.6026
vn 0.3667 0.7219 0.5869
vn 0.4757 0.5345 0.6986
vn 0.3022 0.6856 0.6624
vn 0.3932 0.4977 0.7731
vn 0.2300 0.6533 0.7213
vn 0.3060 0.4653 0.8306
vn 0.1493 0.6259 0.7654
vn 0.2118 0.4376 0.8739
vn 0.0586 0.6034 0.7953
vn 0.1081 0.4140 0.9039
vn -0.0115 0.5887 0.8083
vn 0.0266 0.3986 0.9167
vn 0.8000 0.1332 0.5850
vn 0.8923 0.1537 0.4245
vn 0.6989 0.1113 0.7065
vn 0.5980 0.0899 0.7965
vn 0.4993 0.0697 0.8636
vn 0.4008 0.0502 0.9148
vn 0.2986 0.0308 0.9539
vn 0.1880 0.0108 0.9821
vn 0.0991 -0.0061 0.9951
vn 0.0688 0.5799 0.8118
vn 0.0716 0.3736 0.9248
vn 0.0682 -0.0337 0.9971
vn 0.1413 0.3823 0.9132
vn 0.1719 0.5608 0.8099
vn 0.0694 -0.0087 0.9975
vn 0.9591 0.1695 0.2265
vn 0.9840 0.1778 0.0076
vn 0.9625 0.1782 -0.2046
vn 0.9058 0.1722 -0.3871
vn 0.8314 0.1623 -0.5314
vn 0.7524 0.1503 -0.6413
vn 0.6745 0.1373 -0.7254
vn 0.5979 0.1235 -0.7920
vn 0.5200 0.1085 -0.8472
vn 0.4366 0.0919 -0.8949
vn 0.3427 0.0728 -0.9366
vn 0.2849 0.0568 -0.9569
vn 0.2719 0.4509 -0.8502
vn 0.2390 0.6637 -0.7088
vn 0.2654 -0.0215 -0.9639
vn 0.3187 0.6215 -0.7157
vn 0.3095 0.4042 -0.8607
vn 0.2451 -0.0527 -0.9681
vn -0.1376 0.9904 -0.0155
vn -0.1413 0.9898 -0.0158
vn -0.0838 0.9964 -0.0158
vn -0.1340 0.9908 -0.0168
vn -0.1255 0.9919 -0.0188
vn -0.1162 0.9930 -0.0218
vn -0.1067 0.9940 -0.0259
vn -0.0973 0.9948 -0.0308
vn -0.0885 0.9954 -0.0365
vn -0.0804 0.9959 -0.0425
vn -0.0733 0.9961 -0.0485
vn -0.0673 0.9963 -0.0542
vn -0.0627 0.9963 -0.0592
vn -0.0595 0.9962 -0.0630
vn -0.0581 0.9962 -0.0648
vn -0.0586 0.9962 -0.0642
vn -0.0607 0.9963 -0.0606
vn -0.0643 0.9965 -0.0540
vn -0.0687 0.9966 -0.0449
vn -0.0734 0.9967 -0.0337
vn -0.0779 0.9967 -0.0216
vn 0.0960 0.9954 0.0018
vn 0.0556 0.9984 -0.0040
vn 0.2157 0.9765 0.0038
vn 0.2112 0.9775 0.0022
vn 0.1848 -0.5846 0.7900
vn 0.2560 -0.5701 0.7807
vn 0.1607 -0.4029 0.9010
vn 0.2422 -0.3854 0.8904
vn 0.3389 -0.5582 0.7574
vn 0.3398 -0.3711 0.8642
vn 0.4137 -0.5541 0.7224
vn 0.4293 -0.3633 0.8269
vn 0.4825 -0.5578 0.6753
vn 0.5142 -0.3617 0.7777
vn 0.5471 -0.5688 0.6141
vn 0.5973 -0.3657 0.7138
vn 0.6080 -0.5859 0.5358
vn 0.6802 -0.3739 0.6304
vn 0.6640 -0.6065 0.4372
vn 0.7616 -0.3846 0.5216
vn 0.7115 -0.6272 0.3168
vn 0.8353 -0.3949 0.3824
vn 0.7451 -0.6431 0.1769
vn 0.8904 -0.4020 0.2136
vn 0.7594 -0.6500 0.0261
vn 0.9145 -0.4036 0.0265
vn 0.7529 -0.6465 -0.1232
vn 0.9031 -0.3991 -0.1588
vn 0.7282 -0.6344 -0.2595
vn 0.8622 -0.3895 -0.3238
vn 0.6905 -0.6179 -0.3760
vn 0.8038 -0.3777 -0.4597
vn 0.6447 -0.6015 -0.4717
vn 0.7375 -0.3669 -0.5670
vn 0.5938 -0.5887 -0.5485
vn 0.6685 -0.3598 -0.6509
vn 0.5389 -0.5816 -0.6094
vn 0.5982 -0.3581 -0.7169
vn 0.4795 -0.5814 -0.6573
vn 0.5253 -0.3628 -0.7697
vn 0.4144 -0.5885 -0.6943
vn 0.4470 -0.3743 -0.8125
vn 0.3415 -0.6027 -0.7212
vn 0.3600 -0.3927 -0.8462
vn 0.2828 -0.6163 -0.7350
vn 0.2969 -0.4125 -0.8612
vn 0.7525 0.1503 -0.6413
vn 0.6745 0.1374 -0.7254
vn 0.5200 0.1086 -0.8472
vn 0.2849 0.0569 -0.9569
vn 0.1787 -0.6571 -0.7323
vn 0.2045 -0.4795 -0.8534
vn 0.0647 -0.6810 -0.7294
vn 0.1353 -0.4877 -0.8624
vn 0.2451 -0.0526 -0.9681
vn 0.9625 0.1781 -0.2046
vn 0.9840 0.1778 0.0077
vn 0.1881 0.0108 0.9821
vn 0.0604 -0.4371 0.8974
vn 0.0579 -0.6045 0.7945
vn -0.0439 -0.5957 0.8020
vn -0.0058 -0.4066 0.9136
vn 0.0695 -0.0087 0.9975
vn 0.1269 -0.9916 -0.0266
vn 0.1275 -0.9917 -0.0171
vn 0.1772 -0.9842 -0.0011
vn 0.1293 -0.9915 -0.0168
vn 0.1331 -0.9910 -0.0158
vn 0.1385 -0.9903 -0.0137
vn 0.1451 -0.9894 -0.0104
vn 0.1527 -0.9883 -0.0058
vn 0.1607 -0.9870 0.0003
vn 0.1690 -0.9856 0.0078
vn 0.1772 -0.9840 0.0165
vn 0.1851 -0.9824 0.0263
vn 0.1923 -0.9806 0.0366
vn 0.1987 -0.9789 0.0469
vn 0.2037 -0.9774 0.0564
vn 0.2071 -0.9762 0.0638
vn 0.2088 -0.9756 0.0679
vn 0.2089 -0.9756 0.0681
vn 0.2077 -0.9761 0.0639
vn 0.2058 -0.9770 0.0555
vn 0.2039 -0.9780 0.0437
vn 0.0041 -0.9995 -0.0305
vn -0.0387 -0.9985 -0.0390
vn -0.1514 -0.9877 -0.0398
vn -0.1536 -0.9873 -0.0407
vn 0.2923 -0.6533 0.6984
vn 0.4433 -0.6400 0.6276
vn 0.3562 -0.4606 0.8130
vn 0.5222 -0.4542 0.7218
vn 0.5612 -0.6213 0.5469
vn 0.6476 -0.4429 0.6201
vn 0.6479 -0.6027 0.4658
vn 0.7371 -0.4308 0.5208
vn 0.7091 -0.5878 0.3895
vn 0.7986 -0.4210 0.4302
vn 0.7505 -0.5783 0.3198
vn 0.8399 -0.4153 0.3496
vn 0.7770 -0.5753 0.2557
vn 0.8667 -0.4145 0.2774
vn 0.7915 -0.5794 0.1947
vn 0.8833 -0.4193 0.2099
vn 0.7958 -0.5909 0.1325
vn 0.8919 -0.4296 0.1415
vn 0.7901 -0.6096 0.0637
vn 0.8930 -0.4454 0.0648
vn 0.7727 -0.6345 -0.0182
vn 0.8845 -0.4656 -0.0285
vn 0.7394 -0.6626 -0.1192
vn 0.8609 -0.4873 -0.1463
vn 0.6844 -0.6883 -0.2406
vn 0.8125 -0.5054 -0.2904
vn 0.6033 -0.7034 -0.3758
vn 0.7298 -0.5137 -0.4511
vn 0.4979 -0.7020 -0.5092
vn 0.6116 -0.5082 -0.6064
vn 0.3766 -0.6845 -0.6243
vn 0.4698 -0.4899 -0.7344
vn 0.2498 -0.6571 -0.7112
vn 0.3210 -0.4643 -0.8254
vn 0.1246 -0.6275 -0.7686
vn 0.1758 -0.4376 -0.8818
vn 0.0033 -0.6010 -0.7992
vn 0.0372 -0.4137 -0.9097
vn -0.1144 -0.5801 -0.8065
vn -0.0962 -0.3941 -0.9140
vn -0.1940 -0.5719 -0.7971
vn -0.1927 -0.3851 -0.9025
vn 0.8575 -0.0755 -0.5089
vn 0.9419 -0.0831 -0.3254
vn 0.7269 -0.0640 -0.6837
vn 0.5658 -0.0500 -0.8230
vn 0.3966 -0.0355 -0.9173
vn 0.2337 -0.0216 -0.9721
vn 0.0806 -0.0086 -0.9967
vn -0.0650 0.0039 -0.9979
vn -0.1719 0.0136 -0.9850
vn -0.2264 -0.4014 -0.8875
vn -0.2207 -0.5925 -0.7747
vn -0.2069 0.0172 -0.9782
vn 0.9831 -0.0868 -0.1615
vn 0.9957 -0.0878 -0.0301
vn 0.9936 -0.0874 0.0714
vn 0.9845 -0.0863 0.1527
vn 0.9845 -0.0862 0.1527
vn 0.9708 -0.0847 0.2244
vn 0.9519 -0.0826 0.2951
vn 0.9249 -0.0800 0.3716
vn 0.8854 -0.0763 0.4585
vn 0.8264 -0.0709 0.5586
vn 0.7386 -0.0631 0.6712
vn 0.6110 -0.0518 0.7899
vn 0.4360 -0.0368 0.8992
vn 0.2634 -0.4657 0.8448
vn 0.2006 -0.6640 0.7203
vn 0.3366 -0.0277 0.9412
vn -0.0860 -0.9963 0.0012
vn -0.0835 -0.9965 0.0010
vn -0.0846 -0.9964 -0.0013
vn -0.0800 -0.9968 0.0009
vn -0.0759 -0.9971 0.0011
vn -0.0713 -0.9975 0.0017
vn -0.0665 -0.9978 0.0025
vn -0.0622 -0.9981 0.0035
vn -0.0591 -0.9982 0.0044
vn -0.0581 -0.9983 0.0047
vn -0.0600 -0.9982 0.0039
vn -0.0650 -0.9979 0.0018
vn -0.0723 -0.9974 -0.0017
vn -0.0803 -0.9968 -0.0059
vn -0.0871 -0.9961 -0.0098
vn -0.0920 -0.9957 -0.0130
vn -0.0948 -0.9954 -0.0150
vn -0.0958 -0.9953 -0.0158
vn -0.0956 -0.9953 -0.0156
vn -0.0949 -0.9954 -0.0148
vn -0.0939 -0.9955 -0.0135
vn -0.0868 -0.9962 0.0012
vn -0.0868 -0.9962 0.0013
vn -0.0950 0.5952 -0.7979
vn -0.0109 0.5910 -0.8066
vn -0.1254 0.4102 -0.9033
vn -0.0263 0.4019 -0.9153
vn 0.1084 0.5902 -0.7999
vn 0.1087 0.3984 -0.9108
vn 0.2322 0.5942 -0.7701
vn 0.2495 0.3983 -0.8827
vn 0.3605 0.6006 -0.7136
vn 0.3969 0.3998 -0.8262
vn 0.4900 0.6054 -0.6273
vn 0.5476 0.3994 -0.7353
vn 0.6122 0.6024 -0.5122
vn 0.6900 0.3930 -0.6078
vn 0.7156 0.5872 -0.3784
vn 0.8074 0.3782 -0.4529
vn 0.7919 0.5602 -0.2430
vn 0.8878 0.3557 -0.2922
vn 0.8412 0.5270 -0.1215
vn 0.9326 0.3294 -0.1475
vn 0.8693 0.4939 -0.0203
vn 0.9522 0.3039 -0.0292
vn 0.8827 0.4658 0.0622
vn 0.9570 0.2830 0.0646
vn 0.8856 0.4454 0.1316
vn 0.9530 0.2682 0.1413
vn 0.8799 0.4337 0.1942
vn 0.9426 0.2601 0.2096
vn 0.8653 0.4313 0.2554
vn 0.9253 0.2589 0.2770
vn 0.8402 0.4381 0.3194
vn 0.8989 0.2648 0.3490
vn 0.8015 0.4542 0.3890
vn 0.8593 0.2780 0.4294
vn 0.7442 0.4795 0.4651
vn 0.8004 0.2986 0.5198
vn 0.6622 0.5130 0.5462
vn 0.7145 0.3262 0.6189
vn 0.5492 0.5526 0.6269
vn 0.5932 0.3592 0.7204
vn 0.4035 0.5936 0.6963
vn 0.4322 0.3937 0.8113
vn 0.8854 -0.0762 0.4585
vn 0.7386 -0.0630 0.6712
vn 0.4359 -0.0368 0.8992
vn 0.3389 0.4172 0.8433
vn 0.3103 0.6249 0.7164
vn 0.3366 -0.0278 0.9412
vn 0.9831 -0.0868 -0.1614
vn -0.0650 0.0038 -0.9979
vn -0.1514 0.4327 -0.8887
vn -0.1122 0.6184 -0.7778
vn 0.0882 0.9961 -0.0014
vn 0.0906 0.9959 -0.0019
vn 0.0933 0.9956 0.0015
vn 0.0943 0.9955 -0.0027
vn 0.0982 0.9952 -0.0039
vn 0.1019 0.9948 -0.0053
vn 0.1049 0.9945 -0.0067
vn 0.1070 0.9942 -0.0079
vn 0.1077 0.9942 -0.0083
vn 0.1071 0.9942 -0.0078
vn 0.1053 0.9944 -0.0058
vn 0.1028 0.9947 -0.0025
vn 0.1000 0.9950 0.0020
vn 0.0974 0.9952 0.0074
vn 0.0952 0.9954 0.0130
vn 0.0937 0.9954 0.0180
vn 0.0929 0.9954 0.0219
vn 0.0925 0.9954 0.0242
vn 0.0925 0.9954 0.0246
vn 0.0925 0.9954 0.0234
vn 0.0923 0.9955 0.0211
vn 0.0874 0.9962 -0.0014
vn 0.0874 0.9962 -0.0013
vn -0.5222 -0.4542 0.7218
vn -0.4433 -0.6400 0.6276
vn -0.3562 -0.4606 0.8130
vn -0.2923 -0.6533 0.6984
vn -0.5612 -0.6213 0.5469
vn -0.6476 -0.4429 0.6201
vn -0.6479 -0.6027 0.4658
vn -0.7371 -0.4308 0.5208
vn -0.7091 -0.5878 0.3895
vn -0.7986 -0.4210 0.4302
vn -0.7505 -0.5783 0.3198
vn -0.8399 -0.4153 0.3496
vn -0.7770 -0.5753 0.2557
vn -0.8667 -0.4145 0.2774
vn -0.7915 -0.5794 0.1947
vn -0.8833 -0.4193 0.2099
vn -0.7958 -0.5909 0.1325
vn -0.8919 -0.4296 0.1415
vn -0.7901 -0.6096 0.0637
vn -0.8930 -0.4454 0.0648
vn -0.7727 -0.6345 -0.0182
vn -0.8845 -0.4656 -0.0285
vn -0.7394 -0.6626 -0.1192
vn -0.8609 -0.4873 -0.1463
vn -0.6844 -0.6883 -0.2406
vn -0.8125 -0.5054 -0.2904
vn -0.6033 -0.7034 -0.3758
vn -0.7298 -0.5137 -0.4511
vn -0.4979 -0.7020 -0.5092
vn -0.6116 -0.5082 -0.6064
vn -0.3766 -0.6845 -0.6243
vn -0.4698 -0.4899 -0.7344
vn -0.2498 -0.6571 -0.7112
vn -0.3210 -0.4643 -0.8254
vn -0.1246 -0.6275 -0.7686
vn -0.1758 -0.4376 -0.8818
vn -0.0033 -0.6010 -0.7992
vn -0.0372 -0.4137 -0.9097
vn 0.1144 -0.5801 -0.8065
vn 0.0962 -0.3941 -0.9140
vn 0.1940 -0.5719 -0.7971
vn 0.1927 -0.3851 -0.9025
vn -0.8575 -0.0755 -0.5089
vn -0.9419 -0.0831 -0.3254
vn -0.9831 -0.0868 -0.1615
vn -0.3966 -0.0355 -0.9173
vn -0.5658 -0.0500 -0.8230
vn -0.7269 -0.0640 -0.6837
vn 0.0650 0.0039 -0.9979
vn -0.0806 -0.0086 -0.9967
vn -0.2337 -0.0216 -0.9721
vn -0.9957 -0.0878 -0.0301
vn -0.9936 -0.0874 0.0714
vn -0.9845 -0.0863 0.1527
vn -0.9708 -0.0847 0.2244
vn -0.9519 -0.0826 0.2951
vn -0.9249 -0.0800 0.3716
vn -0.8854 -0.0763 0.4585
vn -0.8264 -0.0709 0.5586
vn -0.7386 -0.0631 0.6712
vn -0.6110 -0.0518 0.7899
vn -0.4360 -0.0368 0.8992
vn -0.2634 -0.4657 0.8448
vn -0.2006 -0.6640 0.7203
vn -0.3366 -0.0277 0.9412
vn -0.9845 -0.0862 0.1527
vn 0.1719 0.0136 -0.9850
vn 0.2069 0.0172 -0.9782
vn 0.2264 -0.4014 -0.8875
vn 0.2207 -0.5925 -0.7747
vn 0.0939 -0.9955 -0.0135
vn 0.0949 -0.9954 -0.0148
vn 0.0846 -0.9964 -0.0013
vn 0.0956 -0.9953 -0.0156
vn 0.0958 -0.9953 -0.0158
vn 0.0948 -0.9954 -0.0150
vn 0.0920 -0.9957 -0.0130
vn 0.0871 -0.9961 -0.0098
vn 0.0803 -0.9968 -0.0059
vn 0.0723 -0.9974 -0.0017
vn 0.0650 -0.9979 0.0018
vn 0.0600 -0.9982 0.0039
vn 0.0581 -0.9983 0.0047
vn 0.0591 -0.9982 0.0044
vn 0.0622 -0.9981 0.0035
vn 0.0665 -0.9978 0.0025
vn 0.0713 -0.9975 0.0017
vn 0.0759 -0.9971 0.0011
vn 0.0800 -0.9968 0.0009
vn 0.0835 -0.9965 0.0010
vn 0.0860 -0.9963 0.0012
vn 0.0868 -0.9962 0.0013
vn 0.0868 -0.9962 0.0012
vn 0.0263 0.4019 -0.9153
vn 0.0109 0.5910 -0.8066
vn 0.1254 0.4102 -0.9033
vn 0.0950 0.5952 -0.7979
vn -0.1084 0.5902 -0.7999
vn -0.1087 0.3984 -0.9108
vn -0.2322 0.5942 -0.7701
vn -0.2495 0.3983 -0.8827
vn -0.3605 0.6006 -0.7136
vn -0.3969 0.3998 -0.8262
vn -0.4900 0.6054 -0.6273
vn -0.5476 0.3994 -0.7353
vn -0.6122 0.6024 -0.5122
vn -0.6900 0.3930 -0.6078
vn -0.7156 0.5872 -0.3784
vn -0.8074 0.3782 -0.4529
vn -0.7919 0.5602 -0.2430
vn -0.8878 0.3557 -0.2922
vn -0.8412 0.5270 -0.1215
vn -0.9326 0.3294 -0.1475
vn -0.8693 0.4939 -0.0203
vn -0.9522 0.3039 -0.0292
vn -0.8827 0.4658 0.0622
vn -0.9570 0.2830 0.0646
vn -0.8856 0.4454 0.1316
vn -0.9530 0.2682 0.1413
vn -0.8799 0.4337 0.1942
vn -0.9426 0.2601 0.2096
vn -0.8653 0.4313 0.2554
vn -0.9253 0.2589 0.2770
vn -0.8402 0.4381 0.3194
vn -0.8989 0.2648 0.3490
vn -0.8015 0.4542 0.3890
vn -0.8593 0.2780 0.4294
vn -0.7442 0.4795 0.4651
vn -0.8004 0.2986 0.5198
vn -0.6622 0.5130 0.5462
vn -0.7145 0.3262 0.6189
vn -0.5492 0.5526 0.6269
vn -0.5932 0.3592 0.7204
vn -0.4035 0.5936 0.6963
vn -0.4322 0.3937 0.8113
vn -0.8854 -0.0762 0.4585
vn -0.7386 -0.0630 0.6712
vn -0.9831 -0.0868 -0.1614
vn 0.0650 0.0038 -0.9979
vn 0.1514 0.4327 -0.8887
vn 0.1122 0.6184 -0.7778
vn -0.4359 -0.0368 0.8992
vn -0.3366 -0.0278 0.9412
vn -0.3389 0.4172 0.8433
vn -0.3103 0.6249 0.7164
vn -0.0923 0.9955 0.0211
vn -0.0925 0.9954 0.0234
vn -0.0933 0.9956 0.0015
vn -0.0925 0.9954 0.0246
vn -0.0925 0.9954 0.0242
vn -0.0929 0.9954 0.0219
vn -0.0937 0.9954 0.0180
vn -0.0952 0.9954 0.0130
vn -0.0974 0.9952 0.0074
vn -0.1000 0.9950 0.0020
vn -0.1028 0.9947 -0.0025
vn -0.1053 0.9944 -0.0058
vn -0.1071 0.9942 -0.0078
vn -0.1077 0.9942 -0.0083
vn -0.1070 0.9942 -0.0079
vn -0.1049 0.9945 -0.0067
vn -0.1019 0.9948 -0.0053
vn -0.0982 0.9952 -0.0039
vn -0.0943 0.9955 -0.0027
vn -0.0906 0.9959 -0.0019
vn -0.0882 0.9961 -0.0014
vn -0.0874 0.9962 -0.0013
vn -0.0874 0.9962 -0.0014
vn 0.4516 0.0962 -0.8870
vn 0.6526 0.0782 -0.7536
vn 0.4647 -0.0345 -0.8848
vn 0.6623 -0.0328 -0.7486
vn 0.6342 0.2191 -0.7415
vn 0.4365 0.2576 -0.8620
vn 0.6131 0.3442 -0.7111
vn 0.4197 0.3970 -0.8162
vn 0.5926 0.4540 -0.6654
vn 0.4037 0.5164 -0.7552
vn 0.5746 0.5504 -0.6057
vn 0.3898 0.6197 -0.6812
vn 0.5594 0.6354 -0.5323
vn 0.3781 0.7098 -0.5943
vn 0.5463 0.7096 -0.4450
vn 0.3680 0.7879 -0.4938
vn 0.5342 0.7720 -0.3446
vn 0.3586 0.8526 -0.3801
vn 0.5217 0.8206 -0.2334
vn 0.3489 0.9017 -0.2553
vn 0.5084 0.8534 -0.1154
vn 0.3386 0.9327 -0.1243
vn 0.4942 0.8693 0.0040
vn 0.3279 0.9447 0.0070
vn 0.4802 0.8689 0.1200
vn 0.3175 0.9388 0.1333
vn 0.4680 0.8535 0.2292
vn 0.3086 0.9175 0.2510
vn 0.4591 0.8248 0.3300
vn 0.3023 0.8830 0.3590
vn 0.4548 0.7840 0.4225
vn 0.2995 0.8370 0.4580
vn 0.4562 0.7308 0.5078
vn 0.3010 0.7792 0.5498
vn 0.4639 0.6637 0.5867
vn 0.3071 0.7079 0.6361
vn 0.4783 0.5799 0.6595
vn 0.3180 0.6195 0.7177
vn 0.4991 0.4753 0.7246
vn 0.3335 0.5091 0.7935
vn 0.5290 0.3357 0.7794
vn 0.3539 0.3598 0.8633
vn -0.0006 0.9633 0.2683
vn -0.0007 0.9894 0.1454
vn -0.0004 0.8756 0.4831
vn -0.0006 0.9248 0.3804
vn -0.0000 0.7425 0.6698
vn -0.0003 0.8155 0.5787
vn 0.0003 0.5397 0.8419
vn 0.0001 0.6525 0.7578
vn -0.0007 0.9999 0.0123
vn -0.0006 0.9918 -0.1275
vn -0.0005 0.9633 -0.2683
vn -0.0004 0.9150 -0.4034
vn -0.0004 0.8493 -0.5279
vn -0.0005 0.7692 -0.6391
vn -0.0006 0.6757 -0.7371
vn -0.0008 0.5678 -0.8232
vn -0.0010 0.4411 -0.8975
vn -0.0012 0.2901 -0.9570
vn -0.0012 0.1115 -0.9938
vn -0.0003 -0.0348 -0.9994
vn 0.5060 -0.0730 -0.8594
vn 0.7054 -0.0607 -0.7062
vn 0.0004 -0.0846 -0.9964
vn -0.0005 0.3846 0.9231
vn -0.0014 0.2937 0.9559
vn 0.4536 0.2533 0.8545
vn 0.6717 0.2022 0.7127
vn 0.9996 -0.0024 -0.0280
vn 0.9997 -0.0066 -0.0233
vn 0.9996 -0.0025 -0.0280
vn 0.9995 -0.0148 -0.0269
vn 0.9997 -0.0137 -0.0208
vn 0.9999 -0.0024 -0.0142
vn -0.3330 0.5096 0.7934
vn -0.5004 0.4752 0.7238
vn -0.3551 0.3556 0.8646
vn -0.5282 0.3305 0.7822
vn -0.4788 0.5802 0.6589
vn -0.3177 0.6198 0.7175
vn -0.4635 0.6643 0.5864
vn -0.3071 0.7081 0.6358
vn -0.4550 0.7316 0.5076
vn -0.3013 0.7793 0.5495
vn -0.4528 0.7851 0.4226
vn -0.3002 0.8369 0.4577
vn -0.4565 0.8261 0.3303
vn -0.3031 0.8829 0.3587
vn -0.4651 0.8550 0.2297
vn -0.3096 0.9172 0.2508
vn -0.4772 0.8705 0.1206
vn -0.3185 0.9385 0.1332
vn -0.4913 0.8710 0.0046
vn -0.3288 0.9444 0.0071
vn -0.5058 0.8549 -0.1150
vn -0.3394 0.9324 -0.1242
vn -0.5197 0.8219 -0.2332
vn -0.3495 0.9015 -0.2552
vn -0.5324 0.7731 -0.3447
vn -0.3591 0.8525 -0.3799
vn -0.5447 0.7106 -0.4455
vn -0.3685 0.7876 -0.4938
vn -0.5575 0.6364 -0.5331
vn -0.3787 0.7094 -0.5944
vn -0.5722 0.5515 -0.6070
vn -0.3906 0.6191 -0.6813
vn -0.5895 0.4552 -0.6673
vn -0.4047 0.5157 -0.7551
vn -0.6093 0.3456 -0.7137
vn -0.4209 0.3963 -0.8160
vn -0.6301 0.2204 -0.7446
vn -0.4377 0.2572 -0.8615
vn -0.6488 0.0791 -0.7569
vn -0.4527 0.0963 -0.8864
vn -0.6611 -0.0285 -0.7497
vn -0.4648 -0.0314 -0.8848
vn -0.0011 0.4411 -0.8975
vn -0.0005 0.7691 -0.6391
vn -0.0006 0.9999 0.0123
vn -0.0007 0.9633 0.2683
vn -0.0005 0.9248 0.3804
vn 0.0002 0.6525 0.7578
vn -0.4545 0.2601 0.8519
vn -0.6662 0.2132 0.7146
vn -0.5055 -0.0753 -0.8595
vn -0.7069 -0.0637 -0.7045
vn -0.9996 -0.0024 -0.0280
vn -0.9997 -0.0088 -0.0224
vn -0.9996 -0.0025 -0.0280
vn -0.9996 -0.0030 -0.0279
vn -0.9997 -0.0103 -0.0212
vn -0.9997 -0.0189 -0.0127
vn -0.9230 0.3197 0.2143
vn -0.9247 0.3161 0.2119
vn -1.0000 0.0021 0.0014
vn -1.0000 -0.0021 -0.0014
vn -0.7083 0.5864 0.3930
vn -0.7058 0.5885 0.3944
vn -0.3835 0.7672 0.5142
vn -0.3817 0.7678 0.5146
vn -0.9247 -0.3161 -0.2119
vn -0.9230 -0.3197 -0.2143
vn -0.7083 -0.5864 -0.3930
vn -0.7058 -0.5885 -0.3944
vn -0.3835 -0.7672 -0.5142
vn -0.3817 -0.7678 -0.5146
vn -0.0000 -0.8307 -0.5567
vn 0.3835 -0.7672 -0.5142
vn 0.3817 -0.7678 -0.5146
vn 0.7083 -0.5864 -0.3930
vn 0.7058 -0.5885 -0.3944
vn 0.9247 -0.3161 -0.2119
vn 0.9230 -0.3197 -0.2143
vn 1.0000 0.0021 0.0014
vn 1.0000 -0.0021 -0.0014
vn 0.9230 0.3197 0.2143
vn 0.9247 0.3161 0.2119
vn 0.7058 0.5885 0.3944
vn 0.7083 0.5864 0.3930
vn 0.3817 0.7678 0.5146
vn 0.3835 0.7672 0.5142
vn -0.0000 0.8307 0.5567
vn -0.0000 0.5736 -0.8192
vn -0.4562 -0.3440 0.8207
vn -0.6971 -0.1398 0.7032
vn -0.4938 -0.4988 0.7123
vn -0.7546 -0.3764 0.5375
vn -0.5336 0.0607 0.8436
vn -0.3491 -0.2128 0.9126
vn -0.2888 0.1947 0.9374
vn -0.1890 -0.1251 0.9740
vn -0.0000 0.2417 0.9703
vn -0.0000 -0.0943 0.9955
vn -0.4562 -0.6536 0.6040
vn -0.6971 -0.6129 0.3719
vn -0.3491 -0.7848 0.5121
vn -0.5336 -0.8135 0.2315
vn -0.1890 -0.8725 0.4507
vn -0.2888 -0.9475 0.1377
vn -0.0000 -0.9032 0.4291
vn -0.0000 -0.9945 0.1047
vn 0.1890 -0.8725 0.4507
vn 0.2888 -0.9475 0.1377
vn 0.3491 -0.7848 0.5121
vn 0.5336 -0.8135 0.2315
vn 0.4562 -0.6536 0.6040
vn 0.6971 -0.6129 0.3719
vn 0.4938 -0.4988 0.7123
vn 0.7546 -0.3764 0.5375
vn 0.4562 -0.3440 0.8207
vn 0.6971 -0.1398 0.7032
vn 0.3491 -0.2128 0.9126
vn 0.5336 0.0607 0.8436
vn 0.1890 -0.1251 0.9740
vn 0.2888 0.1947 0.9374
vn 0.3744 0.6220 0.6877
vn -0.0000 0.6830 0.7304
vn 0.6919 0.4482 0.5661
vn 0.9039 0.1882 0.3840
vn 0.9784 -0.1185 0.1692
vn 0.9039 -0.4252 -0.0455
vn 0.6919 -0.6852 -0.2276
vn 0.3744 -0.8590 -0.3493
vn -0.0000 -0.9200 -0.3920
vn -0.3744 -0.8590 -0.3493
vn -0.6919 -0.6852 -0.2276
vn -0.9039 -0.4252 -0.0455
vn -0.9784 -0.1185 0.1692
vn -0.9039 0.1882 0.3840
vn -0.6919 0.4482 0.5661
vn -0.3744 0.6220 0.6877
vn -0.9039 0.4252 0.0455
vn -0.9784 0.1185 -0.1692
vn -0.6919 0.6852 0.2276
vn -0.3744 0.8590 0.3493
vn -0.0000 0.9200 0.3920
vn -0.6971 0.6129 -0.3719
vn -0.7546 0.3764 -0.5375
vn -0.5336 0.8135 -0.2315
vn -0.2888 0.9475 -0.1377
vn -0.0000 0.9945 -0.1047
vn -0.9039 -0.1882 -0.3840
vn -0.6919 -0.4482 -0.5661
vn -0.3744 -0.6220 -0.6877
vn -0.0000 -0.6830 -0.7304
vn 0.3744 -0.6220 -0.6877
vn 0.6919 -0.4482 -0.5661
vn 0.9039 -0.1882 -0.3840
vn 0.9784 0.1185 -0.1692
vn 0.9039 0.4252 0.0455
vn 0.6919 0.6852 0.2276
vn 0.3744 0.8590 0.3492
vn 0.2888 0.9475 -0.1377
vn 0.5336 0.8135 -0.2315
vn 0.6971 0.6129 -0.3719
vn 0.7546 0.3764 -0.5375
vn 0.6971 0.1398 -0.7032
vn 0.5336 -0.0607 -0.8436
vn 0.2888 -0.1947 -0.9374
vn -0.0000 -0.2417 -0.9703
vn -0.2888 -0.1947 -0.9374
vn -0.5336 -0.0607 -0.8436
vn -0.6971 0.1398 -0.7032
vn 0.4562 0.3440 -0.8207
vn 0.3491 0.2128 -0.9126
vn 0.1890 0.1251 -0.9740
vn -0.0000 0.0943 -0.9955
vn -0.1890 0.1251 -0.9740
vn -0.3491 0.2128 -0.9126
vn -0.4562 0.3440 -0.8207
vn -0.4938 0.4988 -0.7123
vn -0.4562 0.6536 -0.6040
vn -0.3491 0.7848 -0.5121
vn -0.1890 0.8725 -0.4507
vn -0.0000 0.9032 -0.4291
vn 0.1890 0.8725 -0.4507
vn 0.3491 0.7848 -0.5121
vn 0.4562 0.6536 -0.6040
vn 0.4938 0.4988 -0.7123
vn -0.0000 -0.5736 0.8192
vt 0.769311 0.468263
vt 0.811408 0.468031
vt 0.770979 0.494117
vt 0.811408 0.494114
vt 0.811408 0.440107
vt 0.764276 0.440915
vt 0.763869 0.439791
vt 0.811408 0.409637
vt 0.753506 0.411660
vt 0.741684 0.388404
vt 0.811408 0.381489
vt 0.737946 0.384632
vt 0.715727 0.362320
vt 0.811408 0.354281
vt 0.709894 0.359180
vt 0.709857 0.329967
vt 0.811408 0.325713
vt 0.709857 0.303000
vt 0.811408 0.299432
vt 0.709857 0.276042
vt 0.811408 0.272101
vt 0.709857 0.246911
vt 0.811408 0.244770
vt 0.709857 0.215705
vt 0.811408 0.214250
vt 0.709857 0.185798
vt 0.811407 0.181551
vt 0.709857 0.150425
vt 0.811407 0.147562
vt 0.709857 0.121738
vt 0.811407 0.114963
vt 0.709857 0.094702
vt 0.811407 0.083505
vt 0.709857 0.065540
vt 0.811407 0.054550
vt 0.708472 0.035267
vt 0.808818 0.024348
vt 0.612543 0.216452
vt 0.612543 0.247825
vt 0.612543 0.276042
vt 0.612543 0.304260
vt 0.612543 0.100836
vt 0.612543 0.128513
vt 0.612543 0.071623
vt 0.611157 0.041334
vt 0.528166 0.276042
vt 0.528166 0.303718
vt 0.587212 0.321005
vt 0.612543 0.322475
vt 0.561461 0.323404
vt 0.536506 0.330496
vt 0.528166 0.330330
vt 0.528166 0.334552
vt 0.528166 0.248367
vt 0.528166 0.219845
vt 0.528166 0.193036
vt 0.612543 0.188626
vt 0.612543 0.155913
vt 0.528166 0.161509
vt 0.528166 0.134454
vt 0.528166 0.108151
vt 0.528166 0.079097
vt 0.526863 0.048861
vt 0.469411 0.173365
vt 0.469411 0.201581
vt 0.469411 0.228476
vt 0.469411 0.254184
vt 0.469411 0.278418
vt 0.469411 0.303673
vt 0.469411 0.330066
vt 0.512480 0.342243
vt 0.498298 0.352531
vt 0.469411 0.352578
vt 0.487099 0.362979
vt 0.477486 0.376224
vt 0.469411 0.376244
vt 0.471483 0.385219
vt 0.470079 0.387165
vt 0.399524 0.376936
vt 0.399524 0.398318
vt 0.464979 0.399209
vt 0.457485 0.420466
vt 0.399524 0.419472
vt 0.399524 0.355677
vt 0.399524 0.335812
vt 0.399524 0.312672
vt 0.399524 0.290389
vt 0.399524 0.269886
vt 0.399524 0.249502
vt 0.399524 0.226220
vt 0.399524 0.198858
vt 0.399524 0.173412
vt 0.469411 0.146844
vt 0.469411 0.119685
vt 0.469411 0.092160
vt 0.468108 0.062082
vt 0.399524 0.147259
vt 0.399524 0.121084
vt 0.398221 0.091436
vt 0.324422 0.213534
vt 0.324422 0.236505
vt 0.324422 0.190797
vt 0.324422 0.166295
vt 0.323119 0.137326
vt 0.191396 0.312672
vt 0.186077 0.328708
vt 0.324422 0.259804
vt 0.324422 0.280355
vt 0.324422 0.298380
vt 0.324422 0.311791
vt 0.324422 0.327008
vt 0.324422 0.343128
vt 0.324422 0.358639
vt 0.324422 0.378891
vt 0.324422 0.397188
vt 0.324422 0.417730
vt 0.399524 0.439649
vt 0.324408 0.437750
vt 0.399524 0.455090
vt 0.452115 0.456145
vt 0.453245 0.440907
vt 0.324422 0.452720
vt 0.454039 0.439373
vt 0.168721 0.413672
vt 0.168928 0.398219
vt 0.169099 0.384735
vt 0.169849 0.373682
vt 0.170614 0.368727
vt 0.171727 0.363721
vt 0.173768 0.358273
vt 0.176943 0.351158
vt 0.180949 0.342138
vt 0.687201 0.342243
vt 0.656934 0.330894
vt 0.655996 0.330542
vt 0.623152 0.323404
vt 0.456626 0.439080
vt 0.455143 0.455002
vt 0.460304 0.420876
vt 0.467416 0.400044
vt 0.472462 0.387846
vt 0.478942 0.377639
vt 0.488849 0.364434
vt 0.499229 0.353889
vt 0.513319 0.343750
vt 0.528750 0.336056
vt 0.537095 0.332119
vt 0.561781 0.325079
vt 0.587057 0.322756
vt 0.612275 0.324048
vt 0.622654 0.325157
vt 0.655088 0.332482
vt 0.685688 0.344130
vt 0.710290 0.361905
vt 0.736741 0.387781
vt 0.750596 0.412670
vt 0.759825 0.441486
vt 0.765201 0.468306
vt 0.766463 0.493651
vt 0.300310 0.991691
vt 0.300310 0.904324
vt 0.318673 0.993443
vt 0.318673 0.904324
vt 0.285446 0.904324
vt 0.285446 0.989202
vt 0.269644 0.904324
vt 0.269644 0.983113
vt 0.262424 0.904324
vt 0.262424 0.978714
vt 0.253843 0.904324
vt 0.253843 0.974402
vt 0.241415 0.904324
vt 0.241415 0.966343
vt 0.234702 0.904324
vt 0.234702 0.962876
vt 0.223240 0.904324
vt 0.223240 0.956679
vt 0.210778 0.904324
vt 0.210778 0.951976
vt 0.204133 0.904324
vt 0.204133 0.949570
vt 0.184510 0.904324
vt 0.184510 0.945267
vt 0.163499 0.904324
vt 0.163499 0.943847
vt 0.150472 0.904324
vt 0.150472 0.944637
vt 0.142441 0.904324
vt 0.142441 0.945315
vt 0.122554 0.904324
vt 0.122554 0.949793
vt 0.104265 0.904324
vt 0.104265 0.956912
vt 0.089495 0.904324
vt 0.089495 0.965118
vt 0.070163 0.904324
vt 0.070163 0.977279
vt 0.055764 0.904324
vt 0.055764 0.985936
vt 0.040422 0.904324
vt 0.040422 0.992837
vt 0.022858 0.904324
vt 0.022858 0.996229
vt 0.005552 0.904324
vt 0.005552 0.997692
vt 0.515755 0.952363
vt 0.512431 0.958827
vt 0.520882 0.937400
vt 0.498223 0.974236
vt 0.507447 0.965868
vt 0.332029 0.905004
vt 0.411184 0.991663
vt 0.465531 0.988883
vt 0.482668 0.983065
vt 0.492824 0.978121
vt 0.471546 0.987275
vt 0.429519 0.991980
vt 0.447738 0.990880
vt 0.418218 0.992084
vt 0.348234 0.966341
vt 0.376375 0.985104
vt 0.393243 0.989629
vt 0.362814 0.979229
vt 0.335509 0.939245
vt 0.340597 0.953899
vt 0.332546 0.921990
vt 0.524601 0.905004
vt 0.523532 0.922947
vt 0.860359 0.478873
vt 0.860359 0.505610
vt 0.860359 0.449997
vt 0.860359 0.418278
vt 0.860359 0.388708
vt 0.860359 0.359908
vt 0.860359 0.329573
vt 0.860359 0.301471
vt 0.860359 0.272244
vt 0.860359 0.243018
vt 0.860359 0.210591
vt 0.860359 0.176043
vt 0.860359 0.140327
vt 0.860359 0.106180
vt 0.860358 0.073454
vt 0.860358 0.043528
vt 0.857717 0.012589
vt 0.913909 0.209507
vt 0.913909 0.174471
vt 0.913909 0.138329
vt 0.913909 0.103821
vt 0.913909 0.070839
vt 0.913909 0.040759
vt 0.911269 0.009776
vt 0.955148 0.210219
vt 0.955149 0.242940
vt 0.913909 0.242465
vt 0.913909 0.272245
vt 0.913909 0.302025
vt 0.913909 0.330661
vt 0.913909 0.361485
vt 0.913909 0.390713
vt 0.913909 0.420632
vt 0.913909 0.452606
vt 0.913909 0.481636
vt 0.913909 0.508419
vt 0.955149 0.508520
vt 0.955149 0.481287
vt 0.955149 0.451943
vt 0.955149 0.419766
vt 0.955149 0.389840
vt 0.955149 0.360751
vt 0.984606 0.501896
vt 0.984606 0.474364
vt 0.984606 0.445103
vt 0.984606 0.413355
vt 0.984606 0.384260
vt 0.984606 0.351714
vt 0.955149 0.330136
vt 0.955149 0.301825
vt 0.955149 0.272382
vt 0.984606 0.327071
vt 0.984606 0.300333
vt 0.984606 0.272525
vt 0.984606 0.244717
vt 0.984606 0.213485
vt 0.955148 0.175307
vt 0.955148 0.139149
vt 0.955148 0.104559
vt 0.955148 0.071365
vt 0.955148 0.040950
vt 0.952454 0.009431
vt 0.984605 0.179855
vt 0.984606 0.144677
vt 0.984605 0.110868
vt 0.984605 0.078114
vt 0.984605 0.047762
vt 0.981861 0.015862
vt 0.621200 0.714832
vt 0.639731 0.699624
vt 0.600058 0.726133
vt 0.553162 0.735442
vt 0.675549 0.613152
vt 0.666240 0.659950
vt 0.654940 0.681093
vt 0.673199 0.637010
vt 0.553162 0.490082
vt 0.639523 0.526470
vt 0.666240 0.566354
vt 0.673199 0.589295
vt 0.654940 0.545212
vt 0.600058 0.499391
vt 0.620954 0.510526
vt 0.577117 0.492432
vt 0.577117 0.733092
vt 0.585474 0.772857
vt 0.553598 0.775985
vt 0.592082 0.810236
vt 0.552760 0.814096
vt 0.629763 0.798806
vt 0.616013 0.763593
vt 0.664489 0.780244
vt 0.644157 0.748550
vt 0.694928 0.755264
vt 0.668825 0.728305
vt 0.719907 0.724826
vt 0.689070 0.703636
vt 0.738469 0.690099
vt 0.704114 0.675492
vt 0.749900 0.652419
vt 0.713377 0.644954
vt 0.753759 0.613232
vt 0.716505 0.613195
vt 0.749900 0.574046
vt 0.713377 0.581437
vt 0.738469 0.536365
vt 0.704114 0.550899
vt 0.719907 0.501638
vt 0.689070 0.522754
vt 0.694855 0.471127
vt 0.668684 0.497943
vt 0.664404 0.445078
vt 0.643990 0.476789
vt 0.632857 0.426574
vt 0.616013 0.461858
vt 0.592082 0.415144
vt 0.585474 0.452595
vt 0.552760 0.411284
vt 0.553599 0.449467
vt 0.196059 0.297367
vt 0.199591 0.275672
vt 0.202962 0.259592
vt 0.202935 0.246137
vt 0.168700 0.421724
vt 0.162623 0.413672
vt 0.159559 0.397972
vt 0.159365 0.385478
vt 0.158109 0.373435
vt 0.157701 0.367737
vt 0.157467 0.362942
vt 0.158461 0.357080
vt 0.159661 0.350434
vt 0.161696 0.342628
vt 0.165681 0.329433
vt 0.173399 0.307831
vt 0.180996 0.290484
vt 0.189931 0.269604
vt 0.268928 0.683221
vt 0.275318 0.684350
vt 0.262632 0.709260
vt 0.269517 0.708954
vt 0.283706 0.660231
vt 0.277947 0.657695
vt 0.294305 0.637197
vt 0.289275 0.633319
vt 0.306716 0.615823
vt 0.302480 0.610701
vt 0.320548 0.596638
vt 0.317140 0.590402
vt 0.335430 0.580117
vt 0.332861 0.572922
vt 0.351025 0.566663
vt 0.349288 0.558691
vt 0.367037 0.556606
vt 0.366116 0.548055
vt 0.383207 0.550187
vt 0.383081 0.541269
vt 0.399309 0.547555
vt 0.399958 0.538492
vt 0.415135 0.548768
vt 0.416544 0.539782
vt 0.430486 0.553787
vt 0.432642 0.545099
vt 0.445155 0.562481
vt 0.448048 0.554303
vt 0.458916 0.574630
vt 0.462536 0.567160
vt 0.471519 0.589930
vt 0.475845 0.583350
vt 0.482682 0.608004
vt 0.487681 0.602472
vt 0.492102 0.628408
vt 0.497721 0.624057
vt 0.499458 0.650644
vt 0.505618 0.647578
vt 0.504433 0.674170
vt 0.511026 0.672463
vt 0.506735 0.698413
vt 0.513620 0.698107
vt 0.449058 0.551419
vt 0.433395 0.542035
vt 0.477357 0.581029
vt 0.463800 0.564526
vt 0.499691 0.622523
vt 0.489432 0.600521
vt 0.513347 0.671862
vt 0.507782 0.646498
vt 0.417036 0.536613
vt 0.400187 0.535296
vt 0.383040 0.538124
vt 0.365799 0.545039
vt 0.348686 0.555879
vt 0.331967 0.570384
vt 0.315952 0.588201
vt 0.300999 0.608894
vt 0.287512 0.631951
vt 0.275924 0.656800
vt 0.266679 0.682822
vt 0.260204 0.709368
vt 0.250671 0.771035
vt 0.257955 0.770711
vt 0.248102 0.771149
vt 0.239565 0.861612
vt 0.231655 0.861964
vt 0.228866 0.862088
vt 0.516049 0.698000
vt 0.516195 0.759237
vt 0.508911 0.759560
vt 0.518764 0.759122
vt 0.519970 0.849153
vt 0.512061 0.849504
vt 0.522759 0.849029
vt 0.492102 0.628408
vt 0.497721 0.624057
vt 0.471519 0.589930
vt 0.475845 0.583350
vt 0.458916 0.574630
vt 0.462536 0.567160
vt 0.445155 0.562481
vt 0.448048 0.554303
vt 0.430486 0.553787
vt 0.415135 0.548768
vt 0.416544 0.539782
vt 0.399309 0.547555
vt 0.399958 0.538492
vt 0.383207 0.550187
vt 0.383081 0.541269
vt 0.367037 0.556607
vt 0.366116 0.548055
vt 0.351025 0.566664
vt 0.349288 0.558691
vt 0.335430 0.580117
vt 0.332861 0.572922
vt 0.320548 0.596639
vt 0.317140 0.590402
vt 0.306716 0.615823
vt 0.302480 0.610701
vt 0.294305 0.637198
vt 0.289275 0.633319
vt 0.283706 0.660231
vt 0.277947 0.657695
vt 0.275318 0.684350
vt 0.268928 0.683221
vt 0.269517 0.708954
vt 0.262632 0.709260
vt 0.516195 0.759237
vt 0.508911 0.759560
vt 0.512061 0.849504
vt 0.519970 0.849153
vt 0.257955 0.770711
vt 0.239565 0.861612
vt 0.231655 0.861964
vt 0.215608 0.499580
vt 0.208235 0.487861
vt 0.221479 0.498236
vt 0.213581 0.485849
vt 0.198181 0.477077
vt 0.202809 0.474480
vt 0.185873 0.467433
vt 0.189630 0.464344
vt 0.171830 0.459060
vt 0.174614 0.455577
vt 0.156620 0.452027
vt 0.158387 0.448234
vt 0.140818 0.446347
vt 0.141578 0.442316
vt 0.124960 0.442006
vt 0.124768 0.437789
vt 0.109507 0.438990
vt 0.108455 0.434622
vt 0.094820 0.437308
vt 0.093018 0.432814
vt 0.081154 0.437014
vt 0.078714 0.432418
vt 0.068668 0.438205
vt 0.065691 0.433547
vt 0.057449 0.441016
vt 0.054014 0.436359
vt 0.047544 0.445590
vt 0.043708 0.441028
vt 0.039000 0.452047
vt 0.034801 0.447707
vt 0.031889 0.460443
vt 0.027354 0.456479
vt 0.026325 0.470732
vt 0.021485 0.467313
vt 0.022461 0.482748
vt 0.017364 0.480041
vt 0.020473 0.496191
vt 0.015192 0.494346
vt 0.020531 0.510642
vt 0.015166 0.509770
vt 0.022763 0.525587
vt 0.017440 0.525752
vt 0.042364 0.439407
vt 0.052806 0.434709
vt 0.033332 0.446160
vt 0.025769 0.455060
vt 0.019793 0.466085
vt 0.015579 0.479065
vt 0.013340 0.493676
vt 0.013281 0.509449
vt 0.015566 0.525802
vt 0.038084 0.622259
vt 0.043564 0.621095
vt 0.036155 0.622669
vt 0.064638 0.431903
vt 0.077844 0.430799
vt 0.092367 0.431233
vt 0.108066 0.433086
vt 0.124681 0.436306
vt 0.141827 0.440896
vt 0.158995 0.446895
vt 0.175584 0.454343
vt 0.190948 0.463248
vt 0.204438 0.473555
vt 0.215468 0.485131
vt 0.223553 0.497754
vt 0.249166 0.577392
vt 0.243065 0.578689
vt 0.251322 0.576934
vt 0.022763 0.525587
vt 0.015166 0.509770
vt 0.022461 0.482748
vt 0.026325 0.470732
vt 0.031889 0.460443
vt 0.027354 0.456479
vt 0.039000 0.452048
vt 0.034801 0.447707
vt 0.043709 0.441028
vt 0.057449 0.441016
vt 0.054014 0.436359
vt 0.068668 0.438205
vt 0.065691 0.433547
vt 0.081154 0.437014
vt 0.109507 0.438990
vt 0.124960 0.442006
vt 0.124768 0.437789
vt 0.140818 0.446347
vt 0.141578 0.442316
vt 0.156620 0.452027
vt 0.158387 0.448235
vt 0.171830 0.459060
vt 0.174614 0.455577
vt 0.185873 0.467433
vt 0.189630 0.464344
vt 0.198181 0.477077
vt 0.202809 0.474480
vt 0.208235 0.487861
vt 0.213581 0.485849
vt 0.221479 0.498236
vt 0.248462 0.574160
vt 0.241774 0.572871
vt 0.037267 0.618421
vt 0.042104 0.614238
vt 0.026209 0.787065
vt 0.031058 0.786962
vt 0.026068 0.776568
vt 0.031030 0.777002
vt 0.033058 0.796901
vt 0.028425 0.797549
vt 0.036863 0.806605
vt 0.032530 0.807794
vt 0.042287 0.815850
vt 0.038319 0.817564
vt 0.049136 0.824407
vt 0.045583 0.826615
vt 0.057224 0.832054
vt 0.054123 0.834709
vt 0.066372 0.838584
vt 0.063753 0.841624
vt 0.076417 0.843817
vt 0.074303 0.847167
vt 0.087203 0.847608
vt 0.085618 0.851184
vt 0.098582 0.849852
vt 0.097550 0.853564
vt 0.110402 0.850485
vt 0.109948 0.854239
vt 0.122500 0.849485
vt 0.122651 0.853187
vt 0.134695 0.846870
vt 0.135476 0.850429
vt 0.146779 0.842693
vt 0.148211 0.846021
vt 0.158514 0.837042
vt 0.160609 0.840057
vt 0.169633 0.830038
vt 0.172390 0.832662
vt 0.179845 0.821831
vt 0.183243 0.823993
vt 0.188841 0.812602
vt 0.192836 0.814238
vt 0.196308 0.802563
vt 0.200834 0.803619
vt 0.201949 0.791955
vt 0.206910 0.792389
vt 0.135745 0.851682
vt 0.122699 0.854490
vt 0.161340 0.841119
vt 0.148708 0.847193
vt 0.184434 0.824755
vt 0.173354 0.833586
vt 0.202427 0.803992
vt 0.194240 0.814815
vt 0.109785 0.855560
vt 0.097186 0.854870
vt 0.085062 0.852443
vt 0.073563 0.848347
vt 0.062836 0.842694
vt 0.053038 0.835643
vt 0.044339 0.827392
vt 0.036928 0.818166
vt 0.031010 0.808211
vt 0.026797 0.797775
vt 0.024502 0.787100
vt 0.024319 0.776414
vt 0.038152 0.635317
vt 0.043636 0.635796
vt 0.036222 0.635148
vt 0.208660 0.792542
vt 0.251588 0.653990
vt 0.249414 0.653800
vt 0.243271 0.653262
vt 0.200834 0.803619
vt 0.196308 0.802563
vt 0.206910 0.792389
vt 0.201949 0.791955
vt 0.188841 0.812602
vt 0.192836 0.814238
vt 0.183243 0.823993
vt 0.169633 0.830038
vt 0.172390 0.832662
vt 0.158514 0.837042
vt 0.146779 0.842693
vt 0.148211 0.846021
vt 0.134695 0.846870
vt 0.135476 0.850429
vt 0.122651 0.853187
vt 0.110402 0.850485
vt 0.109948 0.854239
vt 0.098582 0.849852
vt 0.085618 0.851184
vt 0.074303 0.847167
vt 0.063753 0.841624
vt 0.054123 0.834709
vt 0.049136 0.824407
vt 0.045583 0.826615
vt 0.038319 0.817564
vt 0.032530 0.807794
vt 0.028425 0.797549
vt 0.031058 0.786962
vt 0.026209 0.787065
vt 0.031030 0.777001
vt 0.026069 0.776568
vt 0.243271 0.653262
vt 0.212005 0.096220
vt 0.212005 0.024312
vt 0.216569 0.096220
vt 0.216569 0.024312
vt 0.207440 0.024312
vt 0.207440 0.096220
vt 0.202876 0.024312
vt 0.202876 0.096220
vt 0.221134 0.096220
vt 0.221134 0.024312
vt 0.225698 0.096220
vt 0.225698 0.024312
vt 0.230263 0.096220
vt 0.230263 0.024312
vt 0.234827 0.096220
vt 0.234827 0.024312
vt 0.239392 0.096220
vt 0.239392 0.024312
vt 0.243956 0.096220
vt 0.243956 0.024312
vt 0.248521 0.096220
vt 0.248521 0.024312
vt 0.253085 0.096220
vt 0.253085 0.024312
vt 0.257650 0.096220
vt 0.257650 0.024312
vt 0.262214 0.096220
vt 0.262214 0.024312
vt 0.266779 0.096220
vt 0.266779 0.024312
vt 0.271343 0.096220
vt 0.271343 0.024312
vt 0.275908 0.096220
vt 0.275908 0.024312
vt 0.203176 0.024312
vt 0.208294 0.024312
vt 0.217452 0.024312
vt 0.229255 0.024312
vt 0.241907 0.024312
vt 0.253480 0.024312
vt 0.262214 0.024312
vt 0.266779 0.024312
vt 0.266479 0.024312
vt 0.261360 0.024312
vt 0.252202 0.024312
vt 0.416435 0.022845
vt 0.416435 0.024361
vt 0.406590 0.022845
vt 0.406590 0.024361
vt 0.426280 0.024361
vt 0.426280 0.022845
vt 0.436124 0.024361
vt 0.436124 0.022845
vt 0.445969 0.024361
vt 0.445969 0.022845
vt 0.396746 0.022845
vt 0.396746 0.024361
vt 0.386901 0.022845
vt 0.386901 0.024361
vt 0.377057 0.022845
vt 0.377057 0.024361
vt 0.367212 0.022845
vt 0.367212 0.024361
vt 0.357367 0.022845
vt 0.357367 0.024361
vt 0.347523 0.022845
vt 0.347523 0.024361
vt 0.337678 0.022845
vt 0.337678 0.024361
vt 0.327833 0.022845
vt 0.327833 0.024361
vt 0.317989 0.022845
vt 0.317989 0.024361
vt 0.308144 0.022845
vt 0.308144 0.024361
vt 0.298300 0.022845
vt 0.298300 0.024361
vt 0.288455 0.022845
vt 0.288455 0.024361
vt 0.298300 0.026403
vt 0.288455 0.026403
vt 0.308144 0.026403
vt 0.317989 0.026403
vt 0.327833 0.026403
vt 0.337678 0.026403
vt 0.347523 0.026403
vt 0.357367 0.026403
vt 0.367212 0.026403
vt 0.377057 0.026403
vt 0.386901 0.026403
vt 0.396746 0.026403
vt 0.406590 0.026403
vt 0.416435 0.026403
vt 0.426280 0.026403
vt 0.436124 0.026403
vt 0.445969 0.026403
vt 0.416435 0.042400
vt 0.406590 0.042400
vt 0.426280 0.042400
vt 0.436124 0.042400
vt 0.445969 0.042400
vt 0.416435 0.044247
vt 0.406590 0.044247
vt 0.426280 0.044247
vt 0.436124 0.044247
vt 0.445969 0.044247
vt 0.396746 0.042400
vt 0.386901 0.042400
vt 0.377057 0.042400
vt 0.367212 0.042400
vt 0.357367 0.042400
vt 0.347523 0.042400
vt 0.337678 0.042400
vt 0.327833 0.042400
vt 0.317989 0.042400
vt 0.308144 0.042400
vt 0.298300 0.042400
vt 0.288455 0.042400
vt 0.298300 0.044247
vt 0.288455 0.044247
vt 0.308144 0.044247
vt 0.317989 0.044247
vt 0.327833 0.044247
vt 0.337678 0.044247
vt 0.347523 0.044247
vt 0.357367 0.044247
vt 0.367212 0.044247
vt 0.377057 0.044247
vt 0.386901 0.044247
vt 0.396746 0.044247
vt 0.337678 0.045876
vt 0.347523 0.045876
vt 0.357367 0.045876
vt 0.367212 0.045876
vt 0.377057 0.045876
vt 0.386901 0.045876
vt 0.396746 0.045876
vt 0.406590 0.045876
vt 0.416435 0.045876
vt 0.426280 0.045876
vt 0.436124 0.045876
vt 0.445969 0.045876
vt 0.298300 0.045876
vt 0.288455 0.045876
vt 0.308144 0.045876
vt 0.317989 0.045876
vt 0.327833 0.045876
vt 0.219616 0.188342
vt 0.223942 0.166590
vt 0.207294 0.206783
vt 0.172646 0.222322
vt 0.167102 0.109749
vt 0.207294 0.126398
vt 0.219616 0.144838
vt 0.188854 0.114076
vt 0.110261 0.166590
vt 0.126909 0.126398
vt 0.145350 0.114076
vt 0.114587 0.144838
vt 0.126909 0.206783
vt 0.114587 0.188342
vt 0.145350 0.219104
vt 0.188854 0.219104
s 1
usemtl Airplane8_01
f 3/1/1 2/2/2 1/3/3
f 4/4/4 1/3/3 2/2/2
f 2/2/2 3/1/1 5/5/5
f 6/6/6 5/5/5 3/1/1
f 6/6/6 7/7/7 5/5/5
f 7/7/7 8/8/8 5/5/5
f 9/9/9 8/8/8 7/7/7
f 9/9/9 10/10/10 8/8/8
f 10/10/10 11/11/11 8/8/8
f 12/12/12 11/11/11 10/10/10
f 12/12/12 13/13/13 11/11/11
f 13/13/13 14/14/14 11/11/11
f 15/15/15 14/14/14 13/13/13
f 15/15/15 16/16/16 14/14/14
f 17/17/17 14/14/14 16/16/16
f 16/16/16 18/18/18 17/17/17
f 19/19/19 17/17/17 18/18/18
f 18/18/18 20/20/20 19/19/19
f 21/21/21 19/19/19 20/20/20
f 20/20/20 22/22/22 21/21/21
f 23/23/23 21/21/21 22/22/22
f 22/22/22 24/24/24 23/23/23
f 25/25/25 23/23/23 24/24/24
f 24/24/24 26/26/26 25/25/25
f 27/27/27 25/25/25 26/26/26
f 26/26/26 28/28/28 27/27/27
f 29/29/29 27/27/27 28/28/28
f 28/28/28 30/30/30 29/29/29
f 31/31/31 29/29/29 30/30/30
f 30/30/30 32/32/32 31/31/31
f 33/33/33 31/31/31 32/32/32
f 32/32/32 34/34/34 33/33/33
f 35/35/35 33/33/33 34/34/34
f 34/34/34 36/36/36 35/35/35
f 37/37/37 35/35/35 36/36/36
f 24/24/24 22/22/22 38/38/38
f 39/39/39 38/38/38 22/22/22
f 22/22/22 20/20/20 39/39/39
f 40/40/40 39/39/39 20/20/20
f 20/20/20 18/18/18 40/40/40
f 41/41/41 40/40/40 18/18/18
f 32/32/32 30/30/30 42/42/42
f 43/43/43 42/42/42 30/30/30
f 34/34/34 32/32/32 44/44/44
f 42/42/42 44/44/44 32/32/32
f 36/36/36 34/34/34 45/45/45
f 44/44/44 45/45/45 34/34/34
f 40/40/40 41/41/41 46/46/46
f 47/47/47 46/46/46 41/41/41
f 41/41/41 48/48/48 47/47/47
f 49/49/49 48/48/48 41/41/41
f 48/48/48 50/50/50 47/47/47
f 47/47/47 50/50/50 51/51/51
f 52/52/52 47/47/47 51/51/51
f 52/52/52 51/51/51 53/53/53
f 46/46/46 54/54/54 40/40/40
f 39/39/39 40/40/40 54/54/54
f 54/54/54 55/55/55 39/39/39
f 38/38/38 39/39/39 55/55/55
f 55/55/55 56/56/56 38/38/38
f 57/57/57 38/38/38 56/56/56
f 38/38/38 57/57/57 24/24/24
f 26/26/26 24/24/24 57/57/57
f 57/57/57 58/58/58 26/26/26
f 28/28/28 26/26/26 58/58/58
f 58/58/58 43/43/43 28/28/28
f 30/30/30 28/28/28 43/43/43
f 58/58/58 57/57/57 59/59/59
f 56/56/56 59/59/59 57/57/57
f 43/43/43 58/58/58 60/60/60
f 59/59/59 60/60/60 58/58/58
f 60/60/60 61/61/61 43/43/43
f 42/42/42 43/43/43 61/61/61
f 61/61/61 62/62/62 42/42/42
f 44/44/44 42/42/42 62/62/62
f 62/62/62 63/63/63 44/44/44
f 45/45/45 44/44/44 63/63/63
f 59/59/59 56/56/56 64/64/64
f 65/65/65 64/64/64 56/56/56
f 56/56/56 55/55/55 65/65/65
f 66/66/66 65/65/65 55/55/55
f 55/55/55 54/54/54 66/66/66
f 67/67/67 66/66/66 54/54/54
f 54/54/54 46/46/46 67/67/67
f 68/68/68 67/67/67 46/46/46
f 46/46/46 47/47/47 68/68/68
f 69/69/69 68/68/68 47/47/47
f 47/47/47 52/52/52 69/69/69
f 70/70/70 69/69/69 52/52/52
f 52/52/52 53/53/53 70/70/70
f 53/53/53 71/71/71 70/70/70
f 70/70/70 71/71/71 72/72/72
f 73/73/73 70/70/70 72/72/72
f 72/72/72 74/74/74 73/73/73
f 73/73/73 74/74/74 75/75/75
f 76/76/76 73/73/73 75/75/75
f 75/75/75 77/77/77 76/76/76
f 78/78/78 76/76/76 77/77/77
f 76/76/76 78/78/78 79/79/79
f 79/79/79 78/78/78 80/80/80
f 78/78/78 81/81/81 80/80/80
f 81/81/81 82/82/82 80/80/80
f 83/83/83 80/80/80 82/82/82
f 73/73/73 76/76/76 84/84/84
f 79/79/79 84/84/84 76/76/76
f 70/70/70 73/73/73 85/85/85
f 84/84/84 85/85/85 73/73/73
f 85/85/85 86/86/86 70/70/70
f 69/69/69 70/70/70 86/86/86
f 86/86/86 87/87/87 69/69/69
f 68/68/68 69/69/69 87/87/87
f 87/87/87 88/88/88 68/68/68
f 67/67/67 68/68/68 88/88/88
f 88/88/88 89/89/89 67/67/67
f 66/66/66 67/67/67 89/89/89
f 89/89/89 90/90/90 66/66/66
f 65/65/65 66/66/66 90/90/90
f 90/90/90 91/91/91 65/65/65
f 64/64/64 65/65/65 91/91/91
f 91/91/91 92/92/92 64/64/64
f 93/93/93 64/64/64 92/92/92
f 64/64/64 93/93/93 59/59/59
f 60/60/60 59/59/59 93/93/93
f 93/93/93 94/94/94 60/60/60
f 61/61/61 60/60/60 94/94/94
f 94/94/94 95/95/95 61/61/61
f 62/62/62 61/61/61 95/95/95
f 95/95/95 96/96/96 62/62/62
f 63/63/63 62/62/62 96/96/96
f 94/94/94 93/93/93 97/97/97
f 92/92/92 97/97/97 93/93/93
f 95/95/95 94/94/94 98/98/98
f 97/97/97 98/98/98 94/94/94
f 96/96/96 95/95/95 99/99/99
f 98/98/98 99/99/99 95/95/95
f 92/92/92 91/91/91 100/100/100
f 101/101/101 100/100/100 91/91/91
f 97/97/97 92/92/92 102/102/102
f 100/100/100 102/102/102 92/92/92
f 98/98/98 97/97/97 103/103/103
f 102/102/102 103/103/103 97/97/97
f 99/99/99 98/98/98 104/104/104
f 103/103/103 104/104/104 98/98/98
f 101/101/101 105/105/105 100/100/100
f 105/105/105 101/101/101 106/106/106
f 107/107/107 106/106/106 101/101/101
f 107/107/107 101/101/101 90/90/90
f 90/90/90 89/89/89 107/107/107
f 108/108/108 107/107/107 89/89/89
f 89/89/89 88/88/88 108/108/108
f 109/109/109 108/108/108 88/88/88
f 88/88/88 87/87/87 109/109/109
f 110/110/110 109/109/109 87/87/87
f 87/87/87 86/86/86 110/110/110
f 111/111/111 110/110/110 86/86/86
f 86/86/86 85/85/85 111/111/111
f 112/112/112 111/111/111 85/85/85
f 85/85/85 84/84/84 112/112/112
f 113/113/113 112/112/112 84/84/84
f 84/84/84 79/79/79 113/113/113
f 114/114/114 113/113/113 79/79/79
f 79/79/79 80/80/80 114/114/114
f 115/115/115 114/114/114 80/80/80
f 80/80/80 83/83/83 115/115/115
f 116/116/116 115/115/115 83/83/83
f 83/83/83 117/117/117 116/116/116
f 118/118/118 116/116/116 117/117/117
f 117/117/117 119/119/119 118/118/118
f 119/119/119 117/117/117 120/120/120
f 121/121/121 120/120/120 117/117/117
f 122/122/122 118/118/118 119/119/119
f 83/83/83 123/123/123 117/117/117
f 117/117/117 123/123/123 121/121/121
f 82/82/82 123/123/123 83/83/83
f 116/116/116 124/124/124 115/115/115
f 116/116/116 118/118/118 124/124/124
f 125/125/125 115/115/115 124/124/124
f 115/115/115 125/125/125 114/114/114
f 126/126/126 114/114/114 125/125/125
f 114/114/114 126/126/126 113/113/113
f 127/127/127 113/113/113 126/126/126
f 113/113/113 127/127/127 112/112/112
f 128/128/128 112/112/112 127/127/127
f 112/112/112 128/128/128 111/111/111
f 129/129/129 111/111/111 128/128/128
f 111/111/111 129/129/129 110/110/110
f 130/130/130 110/110/110 129/129/129
f 110/110/110 130/130/130 109/109/109
f 131/131/131 109/109/109 130/130/130
f 109/109/109 131/131/131 108/108/108
f 132/132/132 108/108/108 131/131/131
f 108/108/108 132/132/132 107/107/107
f 106/106/106 107/107/107 132/132/132
f 15/15/15 133/133/133 16/16/16
f 134/134/134 16/16/16 133/133/133
f 134/134/134 135/135/135 16/16/16
f 16/16/16 135/135/135 136/136/136
f 18/18/18 16/16/16 136/136/136
f 41/41/41 18/18/18 136/136/136
f 49/49/49 41/41/41 136/136/136
f 91/91/91 90/90/90 101/101/101
f 139/121/137 138/137/138 137/120/139
f 140/138/140 137/120/139 138/137/138
f 141/123/141 138/137/138 139/121/137
f 138/137/138 141/123/141 142/139/142
f 143/82/143 142/139/142 141/123/141
f 142/139/142 143/82/143 144/140/144
f 145/81/145 144/140/144 143/82/143
f 144/140/144 145/81/145 146/141/146
f 147/78/147 146/141/146 145/81/145
f 148/77/148 146/141/146 147/78/147
f 146/141/146 148/77/148 149/142/149
f 150/75/150 149/142/149 148/77/148
f 149/142/149 150/75/150 151/143/151
f 152/74/152 151/143/151 150/75/150
f 151/143/151 152/74/152 153/144/153
f 154/72/154 153/144/153 152/74/152
f 153/144/153 154/72/154 155/145/155
f 156/71/156 155/145/155 154/72/154
f 155/145/155 156/71/156 157/146/157
f 158/53/158 157/146/157 156/71/156
f 157/146/157 158/53/158 159/147/159
f 160/51/160 159/147/159 158/53/158
f 159/147/159 160/51/160 161/148/161
f 162/50/162 161/148/161 160/51/160
f 161/148/161 162/50/162 163/149/163
f 164/48/164 163/149/163 162/50/162
f 163/149/163 164/48/164 165/150/165
f 166/49/166 165/150/165 164/48/164
f 165/150/165 166/49/166 167/151/167
f 168/136/168 167/151/167 166/49/166
f 167/151/167 168/136/168 169/152/169
f 170/135/170 169/152/169 168/136/168
f 171/134/171 169/152/169 170/135/170
f 169/152/169 171/134/171 172/153/172
f 173/133/173 172/153/172 171/134/171
f 172/153/172 173/133/173 174/154/174
f 175/15/175 174/154/174 173/133/173
f 176/13/176 174/154/174 175/15/175
f 174/154/174 176/13/176 177/155/177
f 178/12/178 177/155/177 176/13/176
f 179/10/179 177/155/177 178/12/178
f 177/155/177 179/10/179 180/156/180
f 181/9/181 180/156/180 179/10/179
f 180/156/180 181/9/181 182/157/182
f 183/7/183 182/157/182 181/9/181
f 184/6/184 182/157/182 183/7/183
f 182/157/182 184/6/184 185/158/185
f 186/1/186 185/158/185 184/6/184
f 185/158/185 186/1/186 187/159/187
f 188/3/188 187/159/187 186/1/186
f 191/160/189 190/161/190 189/162/191
f 192/163/191 189/162/191 190/161/190
f 190/161/190 191/160/189 193/164/192
f 194/165/193 193/164/192 191/160/189
f 193/164/192 194/165/193 195/166/194
f 196/167/195 195/166/194 194/165/193
f 195/166/194 196/167/195 197/168/196
f 198/169/197 197/168/196 196/167/195
f 197/168/196 198/169/197 199/170/198
f 200/171/199 199/170/198 198/169/197
f 199/170/198 200/171/199 201/172/200
f 202/173/201 201/172/200 200/171/199
f 201/172/200 202/173/201 203/174/202
f 204/175/203 203/174/202 202/173/201
f 203/174/202 204/175/203 205/176/204
f 206/177/205 205/176/204 204/175/203
f 205/176/204 206/177/205 207/178/206
f 208/179/207 207/178/206 206/177/205
f 207/178/206 208/179/207 209/180/208
f 210/181/209 209/180/208 208/179/207
f 209/180/208 210/181/209 211/182/210
f 212/183/211 211/182/210 210/181/209
f 211/182/210 212/183/211 213/184/212
f 214/185/213 213/184/212 212/183/211
f 213/184/212 214/185/213 215/186/214
f 216/187/215 215/186/214 214/185/213
f 215/186/214 216/187/215 217/188/216
f 218/189/217 217/188/216 216/187/215
f 217/188/216 218/189/217 219/190/218
f 220/191/219 219/190/218 218/189/217
f 219/190/218 220/191/219 221/192/220
f 222/193/221 221/192/220 220/191/219
f 221/192/220 222/193/221 223/194/222
f 224/195/223 223/194/222 222/193/221
f 223/194/222 224/195/223 225/196/224
f 226/197/225 225/196/224 224/195/223
f 225/196/224 226/197/225 227/198/226
f 228/199/227 227/198/226 226/197/225
f 227/198/226 228/199/227 229/200/228
f 230/201/229 229/200/228 228/199/227
f 229/200/228 230/201/229 231/202/230
f 232/203/231 231/202/230 230/201/229
f 231/202/230 232/203/231 233/204/232
f 234/205/232 233/204/232 232/203/231
f 237/206/233 236/207/233 235/208/233
f 236/207/233 238/209/233 235/208/233
f 239/210/233 238/209/233 236/207/233
f 238/209/233 240/211/233 235/208/233
f 241/212/233 240/211/233 238/209/233
f 242/213/233 241/212/233 238/209/233
f 243/214/233 242/213/233 238/209/233
f 244/215/233 243/214/233 238/209/233
f 245/216/233 242/213/233 243/214/233
f 246/217/233 241/212/233 242/213/233
f 247/218/233 246/217/233 242/213/233
f 248/219/233 241/212/233 246/217/233
f 249/220/233 240/211/233 241/212/233
f 250/221/233 249/220/233 241/212/233
f 251/222/233 250/221/233 241/212/233
f 252/223/233 249/220/233 250/221/233
f 253/224/233 240/211/233 249/220/233
f 254/225/233 253/224/233 249/220/233
f 255/226/233 240/211/233 253/224/233
f 240/211/233 256/227/233 235/208/233
f 235/208/233 256/227/233 257/228/233
f 260/2/234 259/229/235 258/4/236
f 261/230/237 258/4/236 259/229/235
f 259/229/235 260/2/234 262/231/238
f 263/5/239 262/231/238 260/2/234
f 262/231/238 263/5/239 264/232/240
f 265/8/241 264/232/240 263/5/239
f 264/232/240 265/8/241 266/233/242
f 267/11/243 266/233/242 265/8/241
f 266/233/242 267/11/243 268/234/244
f 269/14/245 268/234/244 267/11/243
f 268/234/244 269/14/245 270/235/246
f 271/17/247 270/235/246 269/14/245
f 270/235/246 271/17/247 272/236/248
f 273/19/249 272/236/248 271/17/247
f 272/236/248 273/19/249 274/237/250
f 275/21/251 274/237/250 273/19/249
f 274/237/250 275/21/251 276/238/252
f 277/23/253 276/238/252 275/21/251
f 276/238/252 277/23/253 278/239/254
f 279/25/255 278/239/254 277/23/253
f 278/239/254 279/25/255 280/240/256
f 281/27/257 280/240/256 279/25/255
f 280/240/256 281/27/257 282/241/258
f 283/29/259 282/241/258 281/27/257
f 282/241/258 283/29/259 284/242/260
f 285/31/261 284/242/260 283/29/259
f 284/242/260 285/31/261 286/243/262
f 287/33/263 286/243/262 285/31/261
f 286/243/262 287/33/263 288/244/264
f 289/35/265 288/244/264 287/33/263
f 288/244/264 289/35/265 290/245/266
f 291/37/267 290/245/266 289/35/265
f 278/239/254 292/246/268 276/238/252
f 280/240/256 293/247/269 278/239/254
f 292/246/268 278/239/254 293/247/269
f 282/241/258 294/248/270 280/240/256
f 293/247/269 280/240/256 294/248/270
f 284/242/260 295/249/271 282/241/258
f 294/248/270 282/241/258 295/249/271
f 286/243/262 296/250/272 284/242/260
f 295/249/271 284/242/260 296/250/272
f 288/244/264 297/251/273 286/243/262
f 296/250/272 286/243/262 297/251/273
f 290/245/266 298/252/274 288/244/264
f 297/251/273 288/244/264 298/252/274
f 292/246/268 293/247/269 299/253/275
f 299/253/275 300/254/276 292/246/268
f 301/255/277 292/246/268 300/254/276
f 301/255/277 276/238/252 292/246/268
f 276/238/252 301/255/277 274/237/250
f 302/256/278 274/237/250 301/255/277
f 274/237/250 302/256/278 272/236/248
f 303/257/279 272/236/248 302/256/278
f 272/236/248 303/257/279 270/235/246
f 304/258/280 270/235/246 303/257/279
f 270/235/246 304/258/280 268/234/244
f 305/259/281 268/234/244 304/258/280
f 268/234/244 305/259/281 266/233/242
f 306/260/282 266/233/242 305/259/281
f 266/233/242 306/260/282 264/232/240
f 307/261/283 264/232/240 306/260/282
f 264/232/240 307/261/283 262/231/238
f 308/262/284 262/231/238 307/261/283
f 262/231/238 308/262/284 259/229/235
f 309/263/285 259/229/235 308/262/284
f 259/229/235 309/263/285 261/230/237
f 310/264/286 261/230/237 309/263/285
f 310/264/286 309/263/285 311/265/287
f 312/266/288 311/265/287 309/263/285
f 309/263/285 308/262/284 312/266/288
f 313/267/289 312/266/288 308/262/284
f 308/262/284 307/261/283 313/267/289
f 314/268/290 313/267/289 307/261/283
f 307/261/283 306/260/282 314/268/290
f 315/269/291 314/268/290 306/260/282
f 306/260/282 305/259/281 315/269/291
f 316/270/292 315/269/291 305/259/281
f 311/265/287 312/266/288 317/271/293
f 318/272/294 317/271/293 312/266/288
f 312/266/288 313/267/289 318/272/294
f 319/273/295 318/272/294 313/267/289
f 313/267/289 314/268/290 319/273/295
f 320/274/296 319/273/295 314/268/290
f 314/268/290 315/269/291 320/274/296
f 321/275/297 320/274/296 315/269/291
f 315/269/291 316/270/292 321/275/297
f 322/276/298 321/275/297 316/270/292
f 316/270/292 323/277/299 322/276/298
f 323/277/299 316/270/292 304/258/280
f 305/259/281 304/258/280 316/270/292
f 304/258/280 303/257/279 323/277/299
f 324/278/300 323/277/299 303/257/279
f 303/257/279 302/256/278 324/278/300
f 325/279/301 324/278/300 302/256/278
f 302/256/278 301/255/277 325/279/301
f 300/254/276 325/279/301 301/255/277
f 326/280/302 322/276/298 323/277/299
f 323/277/299 324/278/300 326/280/302
f 327/281/303 326/280/302 324/278/300
f 324/278/300 325/279/301 327/281/303
f 328/282/304 327/281/303 325/279/301
f 325/279/301 300/254/276 328/282/304
f 329/283/305 328/282/304 300/254/276
f 300/254/276 299/253/275 329/283/305
f 330/284/306 329/283/305 299/253/275
f 299/253/275 331/285/307 330/284/306
f 331/285/307 299/253/275 293/247/269
f 293/247/269 294/248/270 331/285/307
f 332/286/308 331/285/307 294/248/270
f 294/248/270 295/249/271 332/286/308
f 333/287/309 332/286/308 295/249/271
f 295/249/271 296/250/272 333/287/309
f 334/288/310 333/287/309 296/250/272
f 296/250/272 297/251/273 334/288/310
f 335/289/311 334/288/310 297/251/273
f 297/251/273 298/252/274 335/289/311
f 336/290/312 335/289/311 298/252/274
f 337/291/313 330/284/306 331/285/307
f 331/285/307 332/286/308 337/291/313
f 338/292/314 337/291/313 332/286/308
f 332/286/308 333/287/309 338/292/314
f 339/293/315 338/292/314 333/287/309
f 333/287/309 334/288/310 339/293/315
f 340/294/316 339/293/315 334/288/310
f 334/288/310 335/289/311 340/294/316
f 341/295/317 340/294/316 335/289/311
f 335/289/311 336/290/312 341/295/317
f 342/296/318 341/295/317 336/290/312
f 345/297/319 344/298/320 343/299/321
f 344/298/320 346/300/322 343/299/321
f 347/301/323 346/300/322 344/298/320
f 348/302/324 347/301/323 344/298/320
f 349/303/325 348/302/324 344/298/320
f 350/304/326 347/301/323 348/302/324
f 351/305/327 346/300/322 347/301/323
f 352/306/328 351/305/327 347/301/323
f 353/307/329 352/306/328 347/301/323
f 354/308/330 353/307/329 347/301/323
f 355/309/331 352/306/328 353/307/329
f 356/310/332 351/305/327 352/306/328
f 357/311/333 356/310/332 352/306/328
f 358/312/334 351/305/327 356/310/332
f 343/299/321 346/300/322 359/313/335
f 359/313/335 346/300/322 360/314/336
f 361/315/337 360/314/336 346/300/322
f 360/314/336 361/315/337 362/316/294
f 363/317/293 362/316/294 361/315/337
f 362/316/294 364/318/295 360/314/336
f 365/319/338 360/314/336 364/318/295
f 360/314/336 365/319/338 359/313/335
f 343/299/321 359/313/335 365/319/338
f 364/318/295 366/320/339 365/319/338
f 367/321/340 365/319/338 366/320/339
f 365/319/338 367/321/340 343/299/321
f 345/297/319 343/299/321 367/321/340
f 366/320/339 368/322/297 367/321/340
f 369/323/341 367/321/340 368/322/297
f 367/321/340 369/323/341 345/297/319
f 344/298/320 345/297/319 369/323/341
f 368/322/297 370/324/298 369/323/341
f 371/325/342 369/323/341 370/324/298
f 369/323/341 371/325/342 344/298/320
f 349/303/325 344/298/320 371/325/342
f 370/324/298 372/326/302 371/325/342
f 373/327/343 371/325/342 372/326/302
f 371/325/342 373/327/343 349/303/325
f 348/302/324 349/303/325 373/327/343
f 372/326/302 374/328/303 373/327/343
f 375/329/344 373/327/343 374/328/303
f 373/327/343 375/329/344 348/302/324
f 350/304/326 348/302/324 375/329/344
f 374/328/303 376/330/304 375/329/344
f 377/331/345 375/329/344 376/330/304
f 375/329/344 377/331/345 350/304/326
f 347/301/323 350/304/326 377/331/345
f 376/330/304 378/332/305 377/331/345
f 379/333/346 377/331/345 378/332/305
f 377/331/345 379/333/346 347/301/323
f 354/308/330 347/301/323 379/333/346
f 378/332/305 380/334/306 379/333/346
f 381/335/347 379/333/346 380/334/306
f 379/333/346 381/335/347 354/308/330
f 353/307/329 354/308/330 381/335/347
f 380/334/306 382/336/313 381/335/347
f 383/337/348 381/335/347 382/336/313
f 381/335/347 383/337/348 353/307/329
f 355/309/331 353/307/329 383/337/348
f 382/336/313 384/338/349 383/337/348
f 385/339/350 383/337/348 384/338/349
f 383/337/348 385/339/350 355/309/331
f 352/306/328 355/309/331 385/339/350
f 384/338/349 386/340/315 385/339/350
f 387/341/351 385/339/350 386/340/315
f 385/339/350 387/341/351 352/306/328
f 357/311/333 352/306/328 387/341/351
f 386/340/315 388/342/316 387/341/351
f 389/343/352 387/341/351 388/342/316
f 387/341/351 389/343/352 357/311/333
f 356/310/332 357/311/333 389/343/352
f 388/342/316 390/344/317 389/343/352
f 391/345/353 389/343/352 390/344/317
f 389/343/352 391/345/353 356/310/332
f 358/312/334 356/310/332 391/345/353
f 390/344/317 392/346/354 391/345/353
f 393/347/355 391/345/353 392/346/354
f 391/345/353 393/347/355 358/312/334
f 351/305/327 358/312/334 393/347/355
f 394/348/356 100/100/100 105/105/105
f 100/100/100 394/348/356 102/102/102
f 395/349/357 102/102/102 394/348/356
f 102/102/102 395/349/357 103/103/103
f 396/350/358 103/103/103 395/349/357
f 103/103/103 396/350/358 104/104/104
f 397/351/359 104/104/104 396/350/358
f 398/352/360 124/124/124 118/118/118
f 401/124/361 400/353/362 399/125/363
f 402/354/364 399/125/363 400/353/362
f 399/125/363 402/354/364 403/126/365
f 404/355/366 403/126/365 402/354/364
f 403/126/365 404/355/366 405/127/367
f 406/356/368 405/127/367 404/355/366
f 405/127/367 406/356/368 407/128/369
f 408/357/370 407/128/369 406/356/368
f 407/128/369 408/357/370 409/129/371
f 410/358/372 409/129/371 408/357/370
f 409/129/371 410/358/372 411/130/373
f 412/359/374 411/130/373 410/358/372
f 411/130/373 412/359/374 413/131/375
f 414/360/376 413/131/375 412/359/374
f 413/131/375 414/360/376 415/132/377
f 416/361/378 415/132/377 414/360/376
f 415/132/377 416/361/378 417/106/379
f 418/362/380 417/106/379 416/361/378
f 417/106/379 418/362/380 419/105/381
f 420/363/382 419/105/381 418/362/380
f 419/105/381 420/363/382 421/348/383
f 422/364/384 421/348/383 420/363/382
f 421/348/383 422/364/384 423/349/385
f 424/365/386 423/349/385 422/364/384
f 423/349/385 424/365/386 425/350/387
f 427/351/388 425/350/387 426/365/386
f 400/353/362 401/124/361 428/352/389
f 431/118/390 430/122/390 429/352/390
f 434/4/4 433/2/391 432/3/3
f 435/1/392 432/3/3 433/2/391
f 433/2/391 436/5/393 435/1/392
f 437/6/394 435/1/392 436/5/393
f 438/7/395 437/6/394 436/5/393
f 439/8/396 438/7/395 436/5/393
f 440/9/397 438/7/395 439/8/396
f 441/10/398 440/9/397 439/8/396
f 442/11/399 441/10/398 439/8/396
f 443/12/400 441/10/398 442/11/399
f 444/13/401 443/12/400 442/11/399
f 445/14/402 444/13/401 442/11/399
f 446/15/403 444/13/401 445/14/402
f 446/15/403 445/14/402 447/16/404
f 448/17/405 447/16/404 445/14/402
f 447/16/404 448/17/405 449/18/406
f 450/19/407 449/18/406 448/17/405
f 449/18/406 450/19/407 451/20/408
f 452/21/409 451/20/408 450/19/407
f 451/20/408 452/21/409 453/22/410
f 454/23/411 453/22/410 452/21/409
f 453/22/410 454/23/411 455/24/412
f 456/25/413 455/24/412 454/23/411
f 455/24/412 456/25/413 457/26/414
f 458/27/415 457/26/414 456/25/413
f 457/26/414 458/27/415 459/28/416
f 460/29/417 459/28/416 458/27/415
f 459/28/416 460/29/417 461/30/418
f 462/31/419 461/30/418 460/29/417
f 461/30/418 462/31/419 463/32/420
f 464/33/421 463/32/420 462/31/419
f 463/32/420 464/33/421 465/34/422
f 466/35/423 465/34/422 464/33/421
f 465/34/422 466/35/423 467/36/36
f 468/37/37 467/36/36 466/35/423
f 455/24/412 469/38/424 453/22/410
f 469/38/424 455/24/412 470/57/425
f 457/26/414 470/57/425 455/24/412
f 470/57/425 457/26/414 471/58/426
f 459/28/416 471/58/426 457/26/414
f 471/58/426 459/28/416 472/43/427
f 461/30/418 472/43/427 459/28/416
f 472/43/427 461/30/418 473/42/428
f 463/32/420 473/42/428 461/30/418
f 473/42/428 463/32/420 474/44/429
f 465/34/422 474/44/429 463/32/420
f 474/44/429 465/34/422 475/45/430
f 467/36/36 475/45/430 465/34/422
f 470/57/425 476/56/431 469/38/424
f 477/55/432 469/38/424 476/56/431
f 469/38/424 477/55/432 478/39/433
f 478/39/433 453/22/410 469/38/424
f 453/22/410 478/39/433 451/20/408
f 479/40/434 451/20/408 478/39/433
f 451/20/408 479/40/434 449/18/406
f 480/41/435 449/18/406 479/40/434
f 479/40/434 481/46/436 480/41/435
f 482/47/437 480/41/435 481/46/436
f 480/41/435 482/47/437 483/48/438
f 484/49/439 480/41/435 483/48/438
f 483/48/438 482/47/437 485/50/440
f 485/50/440 482/47/437 486/51/441
f 482/47/437 487/52/442 486/51/441
f 486/51/441 487/52/442 488/53/443
f 481/46/436 479/40/434 489/54/444
f 478/39/433 489/54/444 479/40/434
f 489/54/444 478/39/433 477/55/432
f 487/52/442 490/70/445 488/53/443
f 488/53/443 490/70/445 491/71/446
f 491/71/446 490/70/445 492/72/447
f 490/70/445 493/73/448 492/72/447
f 492/72/447 493/73/448 494/74/449
f 494/74/449 493/73/448 495/75/450
f 493/73/448 496/76/451 495/75/450
f 495/75/450 496/76/451 497/77/452
f 498/78/453 497/77/452 496/76/451
f 490/70/445 487/52/442 499/69/454
f 482/47/437 499/69/454 487/52/442
f 499/69/454 482/47/437 500/68/455
f 481/46/436 500/68/455 482/47/437
f 500/68/455 481/46/436 501/67/456
f 489/54/444 501/67/456 481/46/436
f 501/67/456 489/54/444 502/66/457
f 477/55/432 502/66/457 489/54/444
f 502/66/457 477/55/432 503/65/458
f 476/56/431 503/65/458 477/55/432
f 503/65/458 476/56/431 504/64/459
f 505/59/460 504/64/459 476/56/431
f 476/56/431 470/57/425 505/59/460
f 471/58/426 505/59/460 470/57/425
f 505/59/460 471/58/426 506/60/461
f 472/43/427 506/60/461 471/58/426
f 506/60/461 472/43/427 507/61/462
f 473/42/428 507/61/462 472/43/427
f 507/61/462 473/42/428 508/62/463
f 474/44/429 508/62/463 473/42/428
f 508/62/463 474/44/429 509/63/63
f 475/45/430 509/63/63 474/44/429
f 504/64/459 505/59/460 510/93/464
f 506/60/461 510/93/464 505/59/460
f 510/93/464 506/60/461 511/94/465
f 507/61/462 511/94/465 506/60/461
f 511/94/465 507/61/462 512/95/466
f 508/62/463 512/95/466 507/61/462
f 512/95/466 508/62/463 513/96/96
f 509/63/63 513/96/96 508/62/463
f 510/93/464 514/92/467 504/64/459
f 514/92/467 510/93/464 515/97/468
f 511/94/465 515/97/468 510/93/464
f 515/97/468 511/94/465 516/98/469
f 512/95/466 516/98/469 511/94/465
f 516/98/469 512/95/466 517/99/99
f 513/96/96 517/99/99 512/95/466
f 515/97/468 518/102/470 514/92/467
f 519/100/471 514/92/467 518/102/470
f 514/92/467 519/100/471 520/91/472
f 520/91/472 504/64/459 514/92/467
f 504/64/459 520/91/472 503/65/458
f 521/90/473 503/65/458 520/91/472
f 503/65/458 521/90/473 502/66/457
f 522/89/474 502/66/457 521/90/473
f 502/66/457 522/89/474 501/67/456
f 523/88/475 501/67/456 522/89/474
f 501/67/456 523/88/475 500/68/455
f 524/87/476 500/68/455 523/88/475
f 500/68/455 524/87/476 499/69/454
f 525/86/477 499/69/454 524/87/476
f 499/69/454 525/86/477 490/70/445
f 526/85/478 490/70/445 525/86/477
f 490/70/445 526/85/478 493/73/448
f 527/84/479 493/73/448 526/85/478
f 493/73/448 527/84/479 496/76/451
f 528/79/480 496/76/451 527/84/479
f 496/76/451 528/79/480 498/78/453
f 498/78/453 528/79/480 529/80/481
f 530/81/482 498/78/453 529/80/481
f 530/81/482 529/80/481 531/82/483
f 532/83/484 531/82/483 529/80/481
f 529/80/481 533/115/485 532/83/484
f 534/116/486 532/83/484 533/115/485
f 532/83/484 534/116/486 535/117/487
f 536/118/488 535/117/487 534/116/486
f 535/117/487 536/118/488 537/119/119
f 537/119/119 538/120/120 535/117/487
f 539/121/489 535/117/487 538/120/120
f 540/122/122 537/119/119 536/118/488
f 533/115/485 529/80/481 541/114/490
f 528/79/480 541/114/490 529/80/481
f 541/114/490 528/79/480 542/113/491
f 527/84/479 542/113/491 528/79/480
f 542/113/491 527/84/479 543/112/492
f 526/85/478 543/112/492 527/84/479
f 543/112/492 526/85/478 544/111/493
f 525/86/477 544/111/493 526/85/478
f 544/111/493 525/86/477 545/110/494
f 524/87/476 545/110/494 525/86/477
f 545/110/494 524/87/476 546/109/495
f 523/88/475 546/109/495 524/87/476
f 546/109/495 523/88/475 547/108/496
f 522/89/474 547/108/496 523/88/475
f 547/108/496 522/89/474 548/107/497
f 521/90/473 548/107/497 522/89/474
f 548/107/497 521/90/473 549/101/498
f 520/91/472 549/101/498 521/90/473
f 549/101/498 520/91/472 519/100/471
f 543/112/492 544/111/493 550/128/499
f 550/128/499 551/127/500 543/112/492
f 552/129/501 550/128/499 544/111/493
f 544/111/493 545/110/494 552/129/501
f 553/130/502 552/129/501 545/110/494
f 545/110/494 546/109/495 553/130/502
f 554/131/503 553/130/502 546/109/495
f 546/109/495 547/108/496 554/131/503
f 555/132/504 554/131/503 547/108/496
f 547/108/496 548/107/497 555/132/504
f 556/106/505 555/132/504 548/107/497
f 548/107/497 549/101/498 556/106/505
f 557/105/506 556/106/505 549/101/498
f 549/101/498 519/100/471 557/105/506
f 558/348/507 557/105/506 519/100/471
f 519/100/471 518/102/470 558/348/507
f 559/349/508 558/348/507 518/102/470
f 518/102/470 560/103/509 559/349/508
f 518/102/470 515/97/468 560/103/509
f 516/98/469 560/103/509 515/97/468
f 560/103/509 516/98/469 561/104/104
f 517/99/99 561/104/104 516/98/469
f 562/350/510 559/349/508 560/103/509
f 560/103/509 561/104/104 562/350/510
f 563/351/511 562/350/510 561/104/104
f 565/134/512 564/133/513 447/16/404
f 446/15/403 447/16/404 564/133/513
f 565/134/512 447/16/404 566/135/514
f 566/135/514 447/16/404 567/136/515
f 447/16/404 449/18/406 567/136/515
f 449/18/406 480/41/435 567/136/515
f 480/41/435 484/49/439 567/136/515
f 531/82/483 532/83/484 568/123/516
f 532/83/484 535/117/487 568/123/516
f 568/123/516 535/117/487 539/121/489
f 571/138/517 570/137/518 569/120/139
f 572/121/519 569/120/139 570/137/518
f 570/137/518 573/123/520 572/121/519
f 570/137/518 574/139/521 573/123/520
f 575/82/522 573/123/520 574/139/521
f 574/139/521 576/140/523 575/82/522
f 577/81/524 575/82/522 576/140/523
f 576/140/523 578/141/525 577/81/524
f 579/78/526 577/81/524 578/141/525
f 578/141/525 580/77/527 579/78/526
f 578/141/525 581/142/528 580/77/527
f 582/75/529 580/77/527 581/142/528
f 581/142/528 583/143/530 582/75/529
f 584/74/531 582/75/529 583/143/530
f 583/143/530 585/144/532 584/74/531
f 586/72/533 584/74/531 585/144/532
f 585/144/532 587/145/534 586/72/533
f 588/71/535 586/72/533 587/145/534
f 587/145/534 589/146/536 588/71/535
f 590/53/537 588/71/535 589/146/536
f 589/146/536 591/147/538 590/53/537
f 592/51/539 590/53/537 591/147/538
f 591/147/538 593/148/540 592/51/539
f 594/50/541 592/51/539 593/148/540
f 593/148/540 595/149/542 594/50/541
f 596/48/543 594/50/541 595/149/542
f 595/149/542 597/150/544 596/48/543
f 598/49/545 596/48/543 597/150/544
f 597/150/544 599/151/546 598/49/545
f 600/136/547 598/49/545 599/151/546
f 599/151/546 601/152/548 600/136/547
f 602/135/549 600/136/547 601/152/548
f 601/152/548 603/134/550 602/135/549
f 601/152/548 604/153/551 603/134/550
f 605/133/552 603/134/550 604/153/551
f 604/153/551 606/154/553 605/133/552
f 607/15/554 605/133/552 606/154/553
f 606/154/553 608/13/555 607/15/554
f 606/154/553 609/155/556 608/13/555
f 610/12/557 608/13/555 609/155/556
f 609/155/556 611/10/558 610/12/557
f 609/155/556 612/156/559 611/10/558
f 613/9/560 611/10/558 612/156/559
f 612/156/559 614/157/561 613/9/560
f 615/7/562 613/9/560 614/157/561
f 614/157/561 616/6/563 615/7/562
f 614/157/561 617/158/564 616/6/563
f 618/1/565 616/6/563 617/158/564
f 617/158/564 619/159/187 618/1/565
f 620/3/188 618/1/565 619/159/187
f 623/163/191 622/161/566 621/162/191
f 624/160/567 621/162/191 622/161/566
f 622/161/566 625/164/568 624/160/567
f 626/165/569 624/160/567 625/164/568
f 625/164/568 627/166/570 626/165/569
f 628/167/571 626/165/569 627/166/570
f 627/166/570 629/168/572 628/167/571
f 630/169/573 628/167/571 629/168/572
f 629/168/572 631/170/574 630/169/573
f 632/171/575 630/169/573 631/170/574
f 631/170/574 633/172/576 632/171/575
f 634/173/577 632/171/575 633/172/576
f 633/172/576 635/174/578 634/173/577
f 636/175/579 634/173/577 635/174/578
f 635/174/578 637/176/580 636/175/579
f 638/177/581 636/175/579 637/176/580
f 637/176/580 639/178/582 638/177/581
f 640/179/583 638/177/581 639/178/582
f 639/178/582 641/180/584 640/179/583
f 642/181/585 640/179/583 641/180/584
f 641/180/584 643/182/586 642/181/585
f 644/183/587 642/181/585 643/182/586
f 643/182/586 645/184/588 644/183/587
f 646/185/589 644/183/587 645/184/588
f 645/184/588 647/186/590 646/185/589
f 648/187/591 646/185/589 647/186/590
f 647/186/590 649/188/592 648/187/591
f 650/189/593 648/187/591 649/188/592
f 649/188/592 651/190/594 650/189/593
f 652/191/595 650/189/593 651/190/594
f 651/190/594 653/192/596 652/191/595
f 654/193/597 652/191/595 653/192/596
f 653/192/596 655/194/598 654/193/597
f 656/195/599 654/193/597 655/194/598
f 655/194/598 657/196/600 656/195/599
f 658/197/601 656/195/599 657/196/600
f 657/196/600 659/198/602 658/197/601
f 660/199/603 658/197/601 659/198/602
f 659/198/602 661/200/604 660/199/603
f 662/201/605 660/199/603 661/200/604
f 661/200/604 663/202/606 662/201/605
f 664/203/607 662/201/605 663/202/606
f 663/202/606 665/204/232 664/203/607
f 666/205/232 664/203/607 665/204/232
f 669/226/233 668/224/233 667/211/233
f 668/224/233 670/220/233 667/211/233
f 671/225/233 670/220/233 668/224/233
f 670/220/233 672/212/233 667/211/233
f 673/221/233 672/212/233 670/220/233
f 674/223/233 673/221/233 670/220/233
f 675/222/233 672/212/233 673/221/233
f 672/212/233 676/209/233 667/211/233
f 677/213/233 676/209/233 672/212/233
f 678/217/233 677/213/233 672/212/233
f 679/219/233 678/217/233 672/212/233
f 680/218/233 677/213/233 678/217/233
f 681/214/233 676/209/233 677/213/233
f 682/216/233 681/214/233 677/213/233
f 683/215/233 676/209/233 681/214/233
f 685/210/233 684/207/233 676/209/233
f 684/207/233 686/208/233 676/209/233
f 687/206/233 686/208/233 684/207/233
f 676/209/233 686/208/233 667/211/233
f 667/211/233 686/208/233 688/227/233
f 688/227/233 686/208/233 689/228/233
f 692/230/237 691/229/608 690/4/236
f 693/2/609 690/4/236 691/229/608
f 691/229/608 694/231/610 693/2/609
f 695/5/611 693/2/609 694/231/610
f 694/231/610 696/232/612 695/5/611
f 697/8/613 695/5/611 696/232/612
f 696/232/612 698/233/614 697/8/613
f 699/11/615 697/8/613 698/233/614
f 698/233/614 700/234/616 699/11/615
f 701/14/617 699/11/615 700/234/616
f 700/234/616 702/235/618 701/14/617
f 703/17/619 701/14/617 702/235/618
f 702/235/618 704/236/620 703/17/619
f 705/19/621 703/17/619 704/236/620
f 704/236/620 706/237/622 705/19/621
f 707/21/623 705/19/621 706/237/622
f 706/237/622 708/238/624 707/21/623
f 709/23/625 707/21/623 708/238/624
f 708/238/624 710/239/626 709/23/625
f 711/25/627 709/23/625 710/239/626
f 710/239/626 712/240/628 711/25/627
f 713/27/629 711/25/627 712/240/628
f 712/240/628 714/241/630 713/27/629
f 715/29/631 713/27/629 714/241/630
f 714/241/630 716/242/632 715/29/631
f 717/31/633 715/29/631 716/242/632
f 716/242/632 718/243/634 717/31/633
f 719/33/635 717/31/633 718/243/634
f 718/243/634 720/244/636 719/33/635
f 721/35/637 719/33/635 720/244/636
f 720/244/636 722/245/266 721/35/637
f 723/37/267 721/35/637 722/245/266
f 710/239/626 708/238/624 724/246/638
f 725/255/639 724/246/638 708/238/624
f 708/238/624 706/237/622 725/255/639
f 726/256/640 725/255/639 706/237/622
f 706/237/622 704/236/620 726/256/640
f 727/257/641 726/256/640 704/236/620
f 704/236/620 702/235/618 727/257/641
f 728/258/642 727/257/641 702/235/618
f 702/235/618 700/234/616 728/258/642
f 729/259/643 728/258/642 700/234/616
f 700/234/616 698/233/614 729/259/643
f 730/260/644 729/259/643 698/233/614
f 698/233/614 696/232/612 730/260/644
f 731/261/645 730/260/644 696/232/612
f 696/232/612 694/231/610 731/261/645
f 732/262/646 731/261/645 694/231/610
f 694/231/610 691/229/608 732/262/646
f 733/263/647 732/262/646 691/229/608
f 691/229/608 692/230/237 733/263/647
f 734/264/286 733/263/647 692/230/237
f 734/264/286 735/265/287 733/263/647
f 736/266/648 733/263/647 735/265/287
f 733/263/647 736/266/648 732/262/646
f 737/267/649 732/262/646 736/266/648
f 732/262/646 737/267/649 731/261/645
f 738/268/650 731/261/645 737/267/649
f 731/261/645 738/268/650 730/260/644
f 739/269/651 730/260/644 738/268/650
f 730/260/644 739/269/651 729/259/643
f 740/270/652 729/259/643 739/269/651
f 735/265/287 741/271/293 736/266/648
f 742/272/653 736/266/648 741/271/293
f 736/266/648 742/272/653 737/267/649
f 743/273/654 737/267/649 742/272/653
f 737/267/649 743/273/654 738/268/650
f 744/274/655 738/268/650 743/273/654
f 738/268/650 744/274/655 739/269/651
f 745/275/656 739/269/651 744/274/655
f 739/269/651 745/275/656 740/270/652
f 746/276/657 740/270/652 745/275/656
f 740/270/652 746/276/657 747/277/658
f 747/277/658 728/258/642 740/270/652
f 729/259/643 740/270/652 728/258/642
f 728/258/642 747/277/658 727/257/641
f 748/278/659 727/257/641 747/277/658
f 727/257/641 748/278/659 726/256/640
f 749/279/660 726/256/640 748/278/659
f 726/256/640 749/279/660 725/255/639
f 750/254/661 725/255/639 749/279/660
f 725/255/639 750/254/661 724/246/638
f 751/253/662 724/246/638 750/254/661
f 724/246/638 751/253/662 752/247/663
f 724/246/638 752/247/663 710/239/626
f 712/240/628 710/239/626 752/247/663
f 752/247/663 753/248/664 712/240/628
f 714/241/630 712/240/628 753/248/664
f 753/248/664 754/249/665 714/241/630
f 716/242/632 714/241/630 754/249/665
f 754/249/665 755/250/666 716/242/632
f 718/243/634 716/242/632 755/250/666
f 755/250/666 756/251/667 718/243/634
f 720/244/636 718/243/634 756/251/667
f 756/251/667 757/252/274 720/244/636
f 722/245/266 720/244/636 757/252/274
f 758/285/668 752/247/663 751/253/662
f 752/247/663 758/285/668 753/248/664
f 759/286/669 753/248/664 758/285/668
f 753/248/664 759/286/669 754/249/665
f 760/287/670 754/249/665 759/286/669
f 754/249/665 760/287/670 755/250/666
f 761/288/671 755/250/666 760/287/670
f 755/250/666 761/288/671 756/251/667
f 762/289/672 756/251/667 761/288/671
f 756/251/667 762/289/672 757/252/274
f 763/290/312 757/252/274 762/289/672
f 758/285/668 764/291/673 759/286/669
f 764/291/673 758/285/668 765/284/674
f 751/253/662 765/284/674 758/285/668
f 765/284/674 751/253/662 766/283/675
f 750/254/661 766/283/675 751/253/662
f 766/283/675 750/254/661 767/282/676
f 749/279/660 767/282/676 750/254/661
f 767/282/676 749/279/660 768/281/677
f 748/278/659 768/281/677 749/279/660
f 768/281/677 748/278/659 769/280/678
f 747/277/658 769/280/678 748/278/659
f 769/280/678 747/277/658 746/276/657
f 760/287/670 770/293/679 761/288/671
f 770/293/679 760/287/670 771/292/680
f 771/292/680 759/286/669 764/291/673
f 759/286/669 771/292/680 760/287/670
f 772/294/681 761/288/671 770/293/679
f 761/288/671 772/294/681 762/289/672
f 773/295/682 762/289/672 772/294/681
f 762/289/672 773/295/682 763/290/312
f 774/296/318 763/290/312 773/295/682
f 777/312/683 776/310/684 775/305/327
f 776/310/684 778/306/685 775/305/327
f 779/311/686 778/306/685 776/310/684
f 778/306/685 780/301/687 775/305/327
f 781/307/688 780/301/687 778/306/685
f 782/309/689 781/307/688 778/306/685
f 783/308/690 780/301/687 781/307/688
f 775/305/327 780/301/687 784/300/322
f 780/301/687 785/298/691 784/300/322
f 786/302/692 785/298/691 780/301/687
f 787/304/693 786/302/692 780/301/687
f 788/303/694 785/298/691 786/302/692
f 785/298/691 789/299/695 784/300/322
f 790/297/696 789/299/695 785/298/691
f 784/300/322 789/299/695 791/313/697
f 791/313/697 792/314/698 784/300/322
f 793/315/337 784/300/322 792/314/698
f 792/314/698 794/316/653 793/315/337
f 795/317/293 793/315/337 794/316/653
f 794/316/653 792/314/698 796/318/654
f 797/319/699 796/318/654 792/314/698
f 789/299/695 797/319/699 791/313/697
f 792/314/698 791/313/697 797/319/699
f 796/318/654 797/319/699 798/320/655
f 799/321/700 798/320/655 797/319/699
f 790/297/696 799/321/700 789/299/695
f 797/319/699 789/299/695 799/321/700
f 798/320/655 799/321/700 800/322/656
f 801/323/701 800/322/656 799/321/700
f 799/321/700 790/297/696 801/323/701
f 785/298/691 801/323/701 790/297/696
f 800/322/656 801/323/701 802/324/657
f 803/325/702 802/324/657 801/323/701
f 801/323/701 785/298/691 803/325/702
f 788/303/694 803/325/702 785/298/691
f 802/324/657 803/325/702 804/326/678
f 805/327/703 804/326/678 803/325/702
f 803/325/702 788/303/694 805/327/703
f 786/302/692 805/327/703 788/303/694
f 804/326/678 805/327/703 806/328/677
f 807/329/704 806/328/677 805/327/703
f 805/327/703 786/302/692 807/329/704
f 787/304/693 807/329/704 786/302/692
f 806/328/677 807/329/704 808/330/676
f 809/331/705 808/330/676 807/329/704
f 807/329/704 787/304/693 809/331/705
f 780/301/687 809/331/705 787/304/693
f 808/330/676 809/331/705 810/332/675
f 811/333/706 810/332/675 809/331/705
f 809/331/705 780/301/687 811/333/706
f 783/308/690 811/333/706 780/301/687
f 810/332/675 811/333/706 812/334/674
f 813/335/707 812/334/674 811/333/706
f 811/333/706 783/308/690 813/335/707
f 781/307/688 813/335/707 783/308/690
f 812/334/674 813/335/707 814/336/673
f 815/337/708 814/336/673 813/335/707
f 813/335/707 781/307/688 815/337/708
f 782/309/689 815/337/708 781/307/688
f 814/336/673 815/337/708 816/338/709
f 817/339/710 816/338/709 815/337/708
f 815/337/708 782/309/689 817/339/710
f 778/306/685 817/339/710 782/309/689
f 816/338/709 817/339/710 818/340/679
f 819/341/711 818/340/679 817/339/710
f 817/339/710 778/306/685 819/341/711
f 779/311/686 819/341/711 778/306/685
f 818/340/679 819/341/711 820/342/681
f 821/343/712 820/342/681 819/341/711
f 819/341/711 779/311/686 821/343/712
f 776/310/684 821/343/712 779/311/686
f 820/342/681 821/343/712 822/344/682
f 823/345/713 822/344/682 821/343/712
f 821/343/712 776/310/684 823/345/713
f 777/312/683 823/345/713 776/310/684
f 822/344/682 823/345/713 824/346/354
f 825/347/355 824/346/354 823/345/713
f 823/345/713 777/312/683 825/347/355
f 775/305/327 825/347/355 777/312/683
f 827/125/714 826/124/715 533/115/485
f 534/116/486 533/115/485 826/124/715
f 533/115/485 541/114/490 827/125/714
f 828/126/716 827/125/714 541/114/490
f 541/114/490 542/113/491 828/126/716
f 551/127/500 828/126/716 542/113/491
f 542/113/491 543/112/492 551/127/500
f 534/116/486 826/124/715 536/118/488
f 829/352/360 536/118/488 826/124/715
f 832/354/364 831/353/362 830/125/717
f 833/124/718 830/125/717 831/353/362
f 830/125/717 834/126/719 832/354/364
f 835/355/366 832/354/364 834/126/719
f 834/126/719 836/127/720 835/355/366
f 837/356/368 835/355/366 836/127/720
f 836/127/720 838/128/721 837/356/368
f 839/357/370 837/356/368 838/128/721
f 838/128/721 840/129/722 839/357/370
f 841/358/372 839/357/370 840/129/722
f 840/129/722 842/130/723 841/358/372
f 843/359/374 841/358/372 842/130/723
f 842/130/723 844/131/724 843/359/374
f 845/360/376 843/359/374 844/131/724
f 844/131/724 846/132/725 845/360/376
f 847/361/378 845/360/376 846/132/725
f 846/132/725 848/106/726 847/361/378
f 849/362/380 847/361/378 848/106/726
f 848/106/726 850/105/727 849/362/380
f 851/363/382 849/362/380 850/105/727
f 850/105/727 852/348/728 851/363/382
f 853/364/729 851/363/382 852/348/728
f 852/348/728 854/349/730 853/364/729
f 855/365/386 853/364/729 854/349/730
f 854/349/730 856/350/731 855/365/386
f 858/351/388 857/365/386 856/350/731
f 833/124/718 831/353/362 859/352/389
f 862/122/732 861/118/732 860/352/732
f 865/366/733 864/367/734 863/368/735
f 866/369/736 863/368/735 864/367/734
f 864/367/734 865/366/733 867/370/737
f 868/371/738 867/370/737 865/366/733
f 867/370/737 868/371/738 869/372/739
f 870/373/740 869/372/739 868/371/738
f 869/372/739 870/373/740 871/374/741
f 872/375/742 871/374/741 870/373/740
f 871/374/741 872/375/742 873/376/743
f 874/377/744 873/376/743 872/375/742
f 873/376/743 874/377/744 875/378/745
f 876/379/746 875/378/745 874/377/744
f 875/378/745 876/379/746 877/380/747
f 878/381/748 877/380/747 876/379/746
f 877/380/747 878/381/748 879/382/749
f 880/383/750 879/382/749 878/381/748
f 879/382/749 880/383/750 881/384/751
f 882/385/752 881/384/751 880/383/750
f 881/384/751 882/385/752 883/386/753
f 884/387/754 883/386/753 882/385/752
f 883/386/753 884/387/754 885/388/755
f 886/389/756 885/388/755 884/387/754
f 885/388/755 886/389/756 887/390/757
f 888/391/758 887/390/757 886/389/756
f 887/390/757 888/391/758 889/392/759
f 890/393/760 889/392/759 888/391/758
f 889/392/759 890/393/760 891/394/761
f 892/395/762 891/394/761 890/393/760
f 891/394/761 892/395/762 893/396/763
f 894/397/764 893/396/763 892/395/762
f 893/396/763 894/397/764 895/398/765
f 896/399/766 895/398/765 894/397/764
f 895/398/765 896/399/766 897/400/767
f 898/401/768 897/400/767 896/399/766
f 897/400/767 898/401/768 899/402/769
f 900/403/770 899/402/769 898/401/768
f 899/402/769 900/403/770 901/404/771
f 902/405/772 901/404/771 900/403/770
f 901/404/771 902/405/772 903/406/773
f 904/407/774 903/406/773 902/405/772
f 890/393/760 905/408/775 892/395/762
f 905/408/775 890/393/760 906/409/776
f 888/391/758 906/409/776 890/393/760
f 894/397/764 907/410/777 896/399/766
f 907/410/777 894/397/764 908/411/778
f 908/411/778 892/395/762 905/408/775
f 892/395/762 908/411/778 894/397/764
f 898/401/768 909/412/779 900/403/770
f 909/412/779 898/401/768 910/413/780
f 910/413/780 896/399/766 907/410/777
f 896/399/766 910/413/780 898/401/768
f 902/405/772 911/414/781 904/407/774
f 911/414/781 902/405/772 912/415/782
f 912/415/782 900/403/770 909/412/779
f 900/403/770 912/415/782 902/405/772
f 886/389/756 913/416/783 888/391/758
f 913/416/783 886/389/756 914/417/784
f 884/387/754 914/417/784 886/389/756
f 914/417/784 884/387/754 915/418/785
f 882/385/752 915/418/785 884/387/754
f 880/383/750 916/419/786 882/385/752
f 916/419/786 880/383/750 917/420/787
f 878/381/748 917/420/787 880/383/750
f 917/420/787 878/381/748 918/421/788
f 876/379/746 918/421/788 878/381/748
f 918/421/788 876/379/746 919/422/789
f 874/377/744 919/422/789 876/379/746
f 919/422/789 874/377/744 920/423/790
f 872/375/742 920/423/790 874/377/744
f 920/423/790 872/375/742 921/424/791
f 870/373/740 921/424/791 872/375/742
f 921/424/791 870/373/740 922/425/792
f 868/371/738 922/425/792 870/373/740
f 922/425/792 868/371/738 923/426/793
f 865/366/733 923/426/793 868/371/738
f 923/426/793 865/366/733 924/427/794
f 863/368/735 924/427/794 865/366/733
f 863/368/735 925/428/795 924/427/794
f 925/428/795 863/368/735 926/429/796
f 866/369/736 926/429/796 863/368/735
f 927/430/797 924/427/794 925/428/795
f 926/429/796 928/431/798 925/428/795
f 929/432/799 925/428/795 928/431/798
f 925/428/795 929/432/799 927/430/797
f 930/433/800 927/430/797 929/432/799
f 931/418/785 882/385/752 916/419/786
f 932/409/776 888/391/758 913/416/783
f 933/434/801 904/407/774 911/414/781
f 904/407/774 933/434/801 934/435/802
f 934/435/802 935/436/803 904/407/774
f 903/406/773 904/407/774 935/436/803
f 936/437/804 934/435/802 933/434/801
f 934/435/802 937/438/805 935/436/803
f 938/439/806 935/436/803 937/438/805
f 937/438/805 934/435/802 939/440/807
f 936/437/804 939/440/807 934/435/802
f 942/367/808 941/370/809 940/369/810
f 941/370/809 943/372/811 940/369/810
f 943/372/811 944/374/812 940/369/810
f 944/374/812 945/376/813 940/369/810
f 945/376/813 946/378/814 940/369/810
f 946/378/814 947/380/815 940/369/810
f 947/380/815 948/382/816 940/369/810
f 948/382/816 949/384/817 940/369/810
f 949/384/817 950/386/818 940/369/810
f 950/386/818 951/388/819 940/369/810
f 951/388/819 952/390/820 940/369/810
f 952/390/820 953/392/821 940/369/810
f 953/392/821 954/394/822 940/369/810
f 954/394/822 955/396/823 940/369/810
f 955/396/823 956/398/824 940/369/810
f 956/398/824 957/400/825 940/369/810
f 957/400/825 958/402/826 940/369/810
f 958/402/826 959/404/827 940/369/810
f 959/404/827 960/406/828 940/369/810
f 960/406/828 961/436/829 940/369/810
f 962/429/830 940/369/810 961/436/829
f 961/436/829 963/439/831 962/429/830
f 964/431/832 962/429/830 963/439/831
f 967/405/833 966/404/834 965/407/835
f 968/406/836 965/407/835 966/404/834
f 966/404/834 967/405/833 969/402/837
f 970/403/838 969/402/837 967/405/833
f 969/402/837 970/403/838 971/441/839
f 972/442/840 971/441/839 970/403/838
f 971/441/839 972/442/840 973/398/841
f 974/399/842 973/398/841 972/442/840
f 973/398/841 974/399/842 975/443/843
f 976/444/844 975/443/843 974/399/842
f 975/443/843 976/444/844 977/445/845
f 978/446/846 977/445/845 976/444/844
f 977/445/845 978/446/846 979/447/847
f 980/448/848 979/447/847 978/446/846
f 979/447/847 980/448/848 981/449/849
f 982/391/850 981/449/849 980/448/848
f 981/449/849 982/391/850 983/450/851
f 984/451/852 983/450/851 982/391/850
f 983/450/851 984/451/852 985/452/853
f 986/453/854 985/452/853 984/451/852
f 985/452/853 986/453/854 987/454/855
f 988/455/856 987/454/855 986/453/854
f 987/454/855 988/455/856 989/456/857
f 990/457/858 989/456/857 988/455/856
f 989/456/857 990/457/858 991/458/859
f 992/459/860 991/458/859 990/457/858
f 991/458/859 992/459/860 993/460/861
f 994/461/862 993/460/861 992/459/860
f 993/460/861 994/461/862 995/462/863
f 996/463/864 995/462/863 994/461/862
f 995/462/863 996/463/864 997/464/865
f 998/465/866 997/464/865 996/463/864
f 997/464/865 998/465/866 999/466/867
f 1000/467/868 999/466/867 998/465/866
f 999/466/867 1000/467/868 1001/468/869
f 1002/469/870 1001/468/869 1000/467/868
f 1001/468/869 1002/469/870 1003/470/871
f 1004/471/872 1003/470/871 1002/469/870
f 1003/470/871 1004/471/872 1005/472/873
f 1006/473/874 1005/472/873 1004/471/872
f 992/459/860 1007/420/787 994/461/862
f 1007/420/787 992/459/860 1008/419/786
f 990/457/858 1008/419/786 992/459/860
f 1008/419/786 990/457/858 1009/418/785
f 988/455/856 1009/418/785 990/457/858
f 998/465/866 1010/423/790 1000/467/868
f 1010/423/790 998/465/866 1011/422/875
f 996/463/864 1011/422/875 998/465/866
f 1011/422/875 996/463/864 1012/421/876
f 1012/421/876 994/461/862 1007/420/787
f 994/461/862 1012/421/876 996/463/864
f 1004/471/872 1013/426/793 1006/473/874
f 1013/426/793 1004/471/872 1014/425/792
f 1002/469/870 1014/425/792 1004/471/872
f 1014/425/792 1002/469/870 1015/424/877
f 1015/424/877 1000/467/868 1010/423/790
f 1000/467/868 1015/424/877 1002/469/870
f 986/453/854 1016/417/878 988/455/856
f 1016/417/878 986/453/854 1017/416/783
f 984/451/852 1017/416/783 986/453/854
f 1017/416/783 984/451/852 1018/409/776
f 982/391/850 1018/409/776 984/451/852
f 980/448/848 1019/408/775 982/391/850
f 1019/408/775 980/448/848 1020/411/778
f 978/446/846 1020/411/778 980/448/848
f 1020/411/778 978/446/846 1021/410/777
f 976/444/844 1021/410/777 978/446/846
f 1021/410/777 976/444/844 1022/413/780
f 974/399/842 1022/413/780 976/444/844
f 1022/413/780 974/399/842 1023/412/779
f 972/442/840 1023/412/779 974/399/842
f 1023/412/779 972/442/840 1024/415/782
f 970/403/838 1024/415/782 972/442/840
f 1024/415/782 970/403/838 1025/414/879
f 967/405/833 1025/414/879 970/403/838
f 1025/414/879 967/405/833 1026/434/801
f 965/407/835 1026/434/801 967/405/833
f 1026/434/801 965/407/835 1027/437/804
f 1028/474/880 1027/437/804 965/407/835
f 965/407/835 968/406/836 1028/474/880
f 1029/475/881 1028/474/880 968/406/836
f 1029/475/881 1030/476/882 1028/474/880
f 1031/477/883 1028/474/880 1030/476/882
f 1028/474/880 1031/477/883 1027/437/804
f 1032/440/884 1027/437/804 1031/477/883
f 1033/409/776 982/391/850 1019/408/775
f 1034/418/885 988/455/856 1016/417/878
f 1035/427/886 1006/473/874 1013/426/793
f 1006/473/874 1035/427/886 1036/428/887
f 1036/428/887 1037/478/888 1006/473/874
f 1005/472/873 1006/473/874 1037/478/888
f 1038/430/797 1036/428/887 1035/427/886
f 1037/478/888 1036/428/887 1039/479/889
f 1040/480/890 1039/479/889 1036/428/887
f 1036/428/887 1038/430/797 1040/480/890
f 1041/433/891 1040/480/890 1038/430/797
f 1044/404/892 1043/402/893 1042/406/894
f 1043/402/893 1045/441/895 1042/406/894
f 1045/441/895 1046/398/896 1042/406/894
f 1046/398/896 1047/443/897 1042/406/894
f 1047/443/897 1048/445/898 1042/406/894
f 1048/445/898 1049/447/899 1042/406/894
f 1049/447/899 1050/449/900 1042/406/894
f 1050/449/900 1051/450/901 1042/406/894
f 1051/450/901 1052/452/902 1042/406/894
f 1052/452/902 1053/454/903 1042/406/894
f 1053/454/903 1054/456/904 1042/406/894
f 1054/456/904 1055/458/905 1042/406/894
f 1055/458/905 1056/460/906 1042/406/894
f 1056/460/906 1057/462/907 1042/406/894
f 1057/462/907 1058/464/908 1042/406/894
f 1058/464/908 1059/466/909 1042/406/894
f 1059/466/909 1060/468/910 1042/406/894
f 1060/468/910 1061/470/911 1042/406/894
f 1061/470/911 1062/472/912 1042/406/894
f 1042/406/894 1062/472/912 1063/475/913
f 1064/478/914 1063/475/913 1062/472/912
f 1063/475/913 1064/478/914 1065/476/915
f 1066/479/916 1065/476/915 1064/478/914
f 1069/369/917 1068/367/918 1067/368/919
f 1070/366/920 1067/368/919 1068/367/918
f 1068/367/918 1071/370/921 1070/366/920
f 1072/371/922 1070/366/920 1071/370/921
f 1071/370/921 1073/372/923 1072/371/922
f 1074/373/924 1072/371/922 1073/372/923
f 1073/372/923 1075/374/925 1074/373/924
f 1076/375/926 1074/373/924 1075/374/925
f 1075/374/925 1077/376/927 1076/375/926
f 1078/377/928 1076/375/926 1077/376/927
f 1077/376/927 1079/378/929 1078/377/928
f 1080/379/930 1078/377/928 1079/378/929
f 1079/378/929 1081/380/931 1080/379/930
f 1082/381/932 1080/379/930 1081/380/931
f 1081/380/931 1083/382/933 1082/381/932
f 1084/383/934 1082/381/932 1083/382/933
f 1083/382/933 1085/384/935 1084/383/934
f 1086/385/936 1084/383/934 1085/384/935
f 1085/384/935 1087/386/937 1086/385/936
f 1088/387/938 1086/385/936 1087/386/937
f 1087/386/937 1089/388/939 1088/387/938
f 1090/389/940 1088/387/938 1089/388/939
f 1089/388/939 1091/390/941 1090/389/940
f 1092/391/942 1090/389/940 1091/390/941
f 1091/390/941 1093/392/943 1092/391/942
f 1094/393/944 1092/391/942 1093/392/943
f 1093/392/943 1095/394/945 1094/393/944
f 1096/395/946 1094/393/944 1095/394/945
f 1095/394/945 1097/396/947 1096/395/946
f 1098/397/948 1096/395/946 1097/396/947
f 1097/396/947 1099/398/949 1098/397/948
f 1100/399/950 1098/397/948 1099/398/949
f 1099/398/949 1101/400/951 1100/399/950
f 1102/401/952 1100/399/950 1101/400/951
f 1101/400/951 1103/402/953 1102/401/952
f 1104/403/954 1102/401/952 1103/402/953
f 1103/402/953 1105/404/955 1104/403/954
f 1106/405/956 1104/403/954 1105/404/955
f 1105/404/955 1107/406/957 1106/405/956
f 1108/407/958 1106/405/956 1107/406/957
f 1094/393/944 1096/395/946 1109/408/959
f 1109/408/959 1110/409/960 1094/393/944
f 1111/411/961 1109/408/959 1096/395/946
f 1096/395/946 1098/397/948 1111/411/961
f 1112/410/962 1111/411/961 1098/397/948
f 1098/397/948 1100/399/950 1112/410/962
f 1113/413/963 1112/410/962 1100/399/950
f 1100/399/950 1102/401/952 1113/413/963
f 1114/412/964 1113/413/963 1102/401/952
f 1102/401/952 1104/403/954 1114/412/964
f 1115/415/965 1114/412/964 1104/403/954
f 1104/403/954 1106/405/956 1115/415/965
f 1116/414/966 1115/415/965 1106/405/956
f 1106/405/956 1108/407/958 1116/414/966
f 1117/434/967 1116/414/966 1108/407/958
f 1107/406/957 1118/436/968 1108/407/958
f 1119/435/969 1108/407/958 1118/436/968
f 1108/407/958 1119/435/969 1117/434/967
f 1120/437/970 1117/434/967 1119/435/969
f 1119/435/969 1118/436/968 1121/438/971
f 1122/439/972 1121/438/971 1118/436/968
f 1120/437/970 1119/435/969 1123/440/973
f 1121/438/971 1123/440/973 1119/435/969
f 1092/391/942 1094/393/944 1110/409/960
f 1125/409/960 1124/416/974 1092/391/942
f 1090/389/940 1092/391/942 1124/416/974
f 1124/416/974 1126/417/975 1090/389/940
f 1088/387/938 1090/389/940 1126/417/975
f 1126/417/975 1127/418/976 1088/387/938
f 1086/385/936 1088/387/938 1127/418/976
f 1129/418/976 1128/419/977 1086/385/936
f 1084/383/934 1086/385/936 1128/419/977
f 1128/419/977 1130/420/978 1084/383/934
f 1082/381/932 1084/383/934 1130/420/978
f 1130/420/978 1131/421/979 1082/381/932
f 1080/379/930 1082/381/932 1131/421/979
f 1131/421/979 1132/422/980 1080/379/930
f 1078/377/928 1080/379/930 1132/422/980
f 1132/422/980 1133/423/981 1078/377/928
f 1076/375/926 1078/377/928 1133/423/981
f 1133/423/981 1134/424/982 1076/375/926
f 1074/373/924 1076/375/926 1134/424/982
f 1134/424/982 1135/425/983 1074/373/924
f 1072/371/922 1074/373/924 1135/425/983
f 1135/425/983 1136/426/984 1072/371/922
f 1070/366/920 1072/371/922 1136/426/984
f 1136/426/984 1137/427/985 1070/366/920
f 1067/368/919 1070/366/920 1137/427/985
f 1067/368/919 1137/427/985 1138/428/986
f 1138/428/986 1139/429/987 1067/368/919
f 1069/369/917 1067/368/919 1139/429/987
f 1140/430/988 1138/428/986 1137/427/985
f 1139/429/987 1138/428/986 1141/431/989
f 1142/432/990 1141/431/989 1138/428/986
f 1138/428/986 1140/430/988 1142/432/990
f 1143/433/991 1142/432/990 1140/430/988
f 1146/406/992 1145/404/993 1144/369/994
f 1145/404/993 1147/402/995 1144/369/994
f 1147/402/995 1148/400/996 1144/369/994
f 1148/400/996 1149/398/997 1144/369/994
f 1149/398/997 1150/396/998 1144/369/994
f 1150/396/998 1151/394/999 1144/369/994
f 1151/394/999 1152/392/1000 1144/369/994
f 1152/392/1000 1153/390/1001 1144/369/994
f 1153/390/1001 1154/388/1002 1144/369/994
f 1154/388/1002 1155/386/1003 1144/369/994
f 1155/386/1003 1156/384/1004 1144/369/994
f 1156/384/1004 1157/382/1005 1144/369/994
f 1157/382/1005 1158/380/1006 1144/369/994
f 1158/380/1006 1159/378/1007 1144/369/994
f 1159/378/1007 1160/376/1008 1144/369/994
f 1160/376/1008 1161/374/1009 1144/369/994
f 1161/374/1009 1162/372/1010 1144/369/994
f 1162/372/1010 1163/370/1011 1144/369/994
f 1163/370/1011 1164/367/1012 1144/369/994
f 1166/429/1013 1165/436/1014 1144/369/994
f 1146/406/992 1144/369/994 1165/436/1014
f 1165/436/1014 1166/429/1013 1167/439/1015
f 1168/431/1016 1167/439/1015 1166/429/1013
f 1171/406/1017 1170/404/1018 1169/407/1019
f 1172/405/1020 1169/407/1019 1170/404/1018
f 1170/404/1018 1173/402/1021 1172/405/1020
f 1174/403/1022 1172/405/1020 1173/402/1021
f 1173/402/1021 1175/441/1023 1174/403/1022
f 1176/442/1024 1174/403/1022 1175/441/1023
f 1175/441/1023 1177/398/1025 1176/442/1024
f 1178/399/1026 1176/442/1024 1177/398/1025
f 1177/398/1025 1179/443/1027 1178/399/1026
f 1180/444/1028 1178/399/1026 1179/443/1027
f 1179/443/1027 1181/445/1029 1180/444/1028
f 1182/446/1030 1180/444/1028 1181/445/1029
f 1181/445/1029 1183/447/1031 1182/446/1030
f 1184/448/1032 1182/446/1030 1183/447/1031
f 1183/447/1031 1185/449/1033 1184/448/1032
f 1186/391/1034 1184/448/1032 1185/449/1033
f 1185/449/1033 1187/450/1035 1186/391/1034
f 1188/451/1036 1186/391/1034 1187/450/1035
f 1187/450/1035 1189/452/1037 1188/451/1036
f 1190/453/1038 1188/451/1036 1189/452/1037
f 1189/452/1037 1191/454/1039 1190/453/1038
f 1192/455/1040 1190/453/1038 1191/454/1039
f 1191/454/1039 1193/456/1041 1192/455/1040
f 1194/457/1042 1192/455/1040 1193/456/1041
f 1193/456/1041 1195/458/1043 1194/457/1042
f 1196/459/1044 1194/457/1042 1195/458/1043
f 1195/458/1043 1197/460/1045 1196/459/1044
f 1198/461/1046 1196/459/1044 1197/460/1045
f 1197/460/1045 1199/462/1047 1198/461/1046
f 1200/463/1048 1198/461/1046 1199/462/1047
f 1199/462/1047 1201/464/1049 1200/463/1048
f 1202/465/1050 1200/463/1048 1201/464/1049
f 1201/464/1049 1203/466/1051 1202/465/1050
f 1204/467/1052 1202/465/1050 1203/466/1051
f 1203/466/1051 1205/468/1053 1204/467/1052
f 1206/469/1054 1204/467/1052 1205/468/1053
f 1205/468/1053 1207/470/1055 1206/469/1054
f 1208/471/1056 1206/469/1054 1207/470/1055
f 1207/470/1055 1209/472/1057 1208/471/1056
f 1210/473/1058 1208/471/1056 1209/472/1057
f 1196/459/1044 1198/461/1046 1211/420/978
f 1211/420/978 1212/419/977 1196/459/1044
f 1213/421/1059 1211/420/978 1198/461/1046
f 1198/461/1046 1200/463/1048 1213/421/1059
f 1214/422/1060 1213/421/1059 1200/463/1048
f 1200/463/1048 1202/465/1050 1214/422/1060
f 1215/423/981 1214/422/1060 1202/465/1050
f 1202/465/1050 1204/467/1052 1215/423/981
f 1216/424/1061 1215/423/981 1204/467/1052
f 1204/467/1052 1206/469/1054 1216/424/1061
f 1217/425/983 1216/424/1061 1206/469/1054
f 1206/469/1054 1208/471/1056 1217/425/983
f 1218/426/984 1217/425/983 1208/471/1056
f 1208/471/1056 1210/473/1058 1218/426/984
f 1219/427/1062 1218/426/984 1210/473/1058
f 1209/472/1057 1220/478/1063 1210/473/1058
f 1221/428/1064 1210/473/1058 1220/478/1063
f 1210/473/1058 1221/428/1064 1219/427/1062
f 1222/430/988 1219/427/1062 1221/428/1064
f 1220/478/1063 1223/479/1065 1221/428/1064
f 1224/480/1066 1221/428/1064 1223/479/1065
f 1221/428/1064 1224/480/1066 1222/430/988
f 1225/433/1067 1222/430/988 1224/480/1066
f 1212/419/977 1226/418/976 1194/457/1042
f 1192/455/1040 1194/457/1042 1226/418/976
f 1228/418/1068 1227/417/1069 1192/455/1040
f 1190/453/1038 1192/455/1040 1227/417/1069
f 1227/417/1069 1229/416/974 1190/453/1038
f 1188/451/1036 1190/453/1038 1229/416/974
f 1229/416/974 1230/409/960 1188/451/1036
f 1186/391/1034 1188/451/1036 1230/409/960
f 1232/409/960 1231/408/959 1186/391/1034
f 1184/448/1032 1186/391/1034 1231/408/959
f 1231/408/959 1233/411/961 1184/448/1032
f 1182/446/1030 1184/448/1032 1233/411/961
f 1233/411/961 1234/410/962 1182/446/1030
f 1180/444/1028 1182/446/1030 1234/410/962
f 1234/410/962 1235/413/963 1180/444/1028
f 1178/399/1026 1180/444/1028 1235/413/963
f 1235/413/963 1236/412/964 1178/399/1026
f 1176/442/1024 1178/399/1026 1236/412/964
f 1236/412/964 1237/415/965 1176/442/1024
f 1174/403/1022 1176/442/1024 1237/415/965
f 1237/415/965 1238/414/1070 1174/403/1022
f 1172/405/1020 1174/403/1022 1238/414/1070
f 1238/414/1070 1239/434/967 1172/405/1020
f 1169/407/1019 1172/405/1020 1239/434/967
f 1239/434/967 1240/437/970 1169/407/1019
f 1241/474/1071 1169/407/1019 1240/437/970
f 1169/407/1019 1241/474/1071 1171/406/1017
f 1242/475/1072 1171/406/1017 1241/474/1071
f 1242/475/1072 1241/474/1071 1243/476/1073
f 1244/477/1074 1243/476/1073 1241/474/1071
f 1241/474/1071 1240/437/970 1244/477/1074
f 1245/440/1075 1244/477/1074 1240/437/970
f 1194/457/1042 1196/459/1044 1212/419/977
f 1248/472/1076 1247/470/1077 1246/406/1078
f 1247/470/1077 1249/468/1079 1246/406/1078
f 1249/468/1079 1250/466/1080 1246/406/1078
f 1250/466/1080 1251/464/1081 1246/406/1078
f 1251/464/1081 1252/462/1082 1246/406/1078
f 1252/462/1082 1253/460/1083 1246/406/1078
f 1253/460/1083 1254/458/1084 1246/406/1078
f 1254/458/1084 1255/456/1085 1246/406/1078
f 1255/456/1085 1256/454/1086 1246/406/1078
f 1256/454/1086 1257/452/1087 1246/406/1078
f 1257/452/1087 1258/450/1088 1246/406/1078
f 1258/450/1088 1259/449/1089 1246/406/1078
f 1259/449/1089 1260/447/1090 1246/406/1078
f 1260/447/1090 1261/445/1091 1246/406/1078
f 1261/445/1091 1262/443/1092 1246/406/1078
f 1262/443/1092 1263/398/1093 1246/406/1078
f 1263/398/1093 1264/441/1094 1246/406/1078
f 1264/441/1094 1265/402/1095 1246/406/1078
f 1265/402/1095 1266/404/1096 1246/406/1078
f 1246/406/1078 1267/475/1097 1248/472/1076
f 1268/478/1098 1248/472/1076 1267/475/1097
f 1267/475/1097 1269/476/1099 1268/478/1098
f 1270/479/1100 1268/478/1098 1269/476/1099
f 1273/481/1101 1272/482/1102 1271/483/1103
f 1274/484/1104 1271/483/1103 1272/482/1102
f 1272/482/1102 1275/485/1105 1274/484/1104
f 1276/486/1106 1274/484/1104 1275/485/1105
f 1275/485/1105 1277/487/1107 1276/486/1106
f 1278/488/1108 1276/486/1106 1277/487/1107
f 1277/487/1107 1279/489/1109 1278/488/1108
f 1280/490/1110 1278/488/1108 1279/489/1109
f 1279/489/1109 1281/491/1111 1280/490/1110
f 1282/492/1112 1280/490/1110 1281/491/1111
f 1281/491/1111 1283/493/1113 1282/492/1112
f 1284/494/1114 1282/492/1112 1283/493/1113
f 1283/493/1113 1285/495/1115 1284/494/1114
f 1286/496/1116 1284/494/1114 1285/495/1115
f 1285/495/1115 1287/497/1117 1286/496/1116
f 1288/498/1118 1286/496/1116 1287/497/1117
f 1287/497/1117 1289/499/1119 1288/498/1118
f 1290/500/1120 1288/498/1118 1289/499/1119
f 1289/499/1119 1291/501/1121 1290/500/1120
f 1292/502/1122 1290/500/1120 1291/501/1121
f 1291/501/1121 1293/503/1123 1292/502/1122
f 1294/504/1124 1292/502/1122 1293/503/1123
f 1293/503/1123 1295/505/1125 1294/504/1124
f 1296/506/1126 1294/504/1124 1295/505/1125
f 1295/505/1125 1297/507/1127 1296/506/1126
f 1298/508/1128 1296/506/1126 1297/507/1127
f 1297/507/1127 1299/509/1129 1298/508/1128
f 1300/510/1130 1298/508/1128 1299/509/1129
f 1299/509/1129 1301/511/1131 1300/510/1130
f 1302/512/1132 1300/510/1130 1301/511/1131
f 1301/511/1131 1303/513/1133 1302/512/1132
f 1304/514/1134 1302/512/1132 1303/513/1133
f 1303/513/1133 1305/515/1135 1304/514/1134
f 1306/516/1136 1304/514/1134 1305/515/1135
f 1305/515/1135 1307/517/1137 1306/516/1136
f 1308/518/1138 1306/516/1136 1307/517/1137
f 1307/517/1137 1309/519/1139 1308/518/1138
f 1310/520/1140 1308/518/1138 1309/519/1139
f 1309/519/1139 1311/521/1141 1310/520/1140
f 1312/522/1142 1310/520/1140 1311/521/1141
f 1298/508/1128 1300/510/1130 1313/523/1143
f 1313/523/1143 1314/524/1144 1298/508/1128
f 1315/525/1145 1313/523/1143 1300/510/1130
f 1300/510/1130 1302/512/1132 1315/525/1145
f 1316/526/1146 1315/525/1145 1302/512/1132
f 1302/512/1132 1304/514/1134 1316/526/1146
f 1317/527/1147 1316/526/1146 1304/514/1134
f 1304/514/1134 1306/516/1136 1317/527/1147
f 1318/528/1148 1317/527/1147 1306/516/1136
f 1306/516/1136 1308/518/1138 1318/528/1148
f 1319/529/1149 1318/528/1148 1308/518/1138
f 1308/518/1138 1310/520/1140 1319/529/1149
f 1320/530/1150 1319/529/1149 1310/520/1140
f 1310/520/1140 1312/522/1142 1320/530/1150
f 1321/531/1151 1320/530/1150 1312/522/1142
f 1312/522/1142 1311/521/1141 1322/532/1152
f 1323/533/1153 1322/532/1152 1311/521/1141
f 1322/532/1152 1324/534/1154 1312/522/1142
f 1321/531/1151 1312/522/1142 1324/534/1154
f 1314/524/1144 1325/535/1155 1296/506/1126
f 1294/504/1124 1296/506/1126 1325/535/1155
f 1296/506/1126 1298/508/1128 1314/524/1144
f 1327/535/1155 1326/536/1156 1294/504/1124
f 1292/502/1122 1294/504/1124 1326/536/1156
f 1326/536/1156 1328/537/1157 1292/502/1122
f 1290/500/1120 1292/502/1122 1328/537/1157
f 1328/537/1157 1329/538/1158 1290/500/1120
f 1288/498/1118 1290/500/1120 1329/538/1158
f 1331/538/1159 1330/539/1160 1288/498/1118
f 1286/496/1116 1288/498/1118 1330/539/1160
f 1330/539/1160 1332/540/1161 1286/496/1116
f 1284/494/1114 1286/496/1116 1332/540/1161
f 1332/540/1161 1333/541/1162 1284/494/1114
f 1282/492/1112 1284/494/1114 1333/541/1162
f 1333/541/1162 1334/542/1163 1282/492/1112
f 1280/490/1110 1282/492/1112 1334/542/1163
f 1334/542/1163 1335/543/1164 1280/490/1110
f 1278/488/1108 1280/490/1110 1335/543/1164
f 1335/543/1164 1336/544/1165 1278/488/1108
f 1276/486/1106 1278/488/1108 1336/544/1165
f 1336/544/1165 1337/545/1166 1276/486/1106
f 1274/484/1104 1276/486/1106 1337/545/1166
f 1337/545/1166 1338/546/1167 1274/484/1104
f 1271/483/1103 1274/484/1104 1338/546/1167
f 1271/483/1103 1338/546/1167 1339/547/1168
f 1339/547/1168 1340/548/1169 1271/483/1103
f 1273/481/1101 1271/483/1103 1340/548/1169
f 1341/549/1170 1339/547/1168 1338/546/1167
f 1344/521/1171 1343/519/1172 1342/481/1173
f 1343/519/1172 1345/517/1174 1342/481/1173
f 1345/517/1174 1346/515/1175 1342/481/1173
f 1346/515/1175 1347/513/1176 1342/481/1173
f 1347/513/1176 1348/511/1177 1342/481/1173
f 1348/511/1177 1349/509/1178 1342/481/1173
f 1349/509/1178 1350/507/1179 1342/481/1173
f 1350/507/1179 1351/505/1180 1342/481/1173
f 1351/505/1180 1352/503/1181 1342/481/1173
f 1352/503/1181 1353/501/1182 1342/481/1173
f 1353/501/1182 1354/499/1183 1342/481/1173
f 1354/499/1183 1355/497/1184 1342/481/1173
f 1355/497/1184 1356/495/1185 1342/481/1173
f 1356/495/1185 1357/493/1186 1342/481/1173
f 1357/493/1186 1358/491/1187 1342/481/1173
f 1358/491/1187 1359/489/1188 1342/481/1173
f 1359/489/1188 1360/487/1189 1342/481/1173
f 1360/487/1189 1361/485/1190 1342/481/1173
f 1361/485/1190 1362/482/1191 1342/481/1173
f 1364/548/1192 1363/533/1193 1342/481/1173
f 1344/521/1171 1342/481/1173 1363/533/1193
f 1367/550/1194 1366/519/1195 1365/522/1196
f 1368/551/1197 1365/522/1196 1366/519/1195
f 1366/519/1195 1369/517/1198 1368/551/1197
f 1370/518/1199 1368/551/1197 1369/517/1198
f 1369/517/1198 1371/552/1200 1370/518/1199
f 1372/516/1201 1370/518/1199 1371/552/1200
f 1371/552/1200 1373/553/1202 1372/516/1201
f 1374/514/1203 1372/516/1201 1373/553/1202
f 1373/553/1202 1375/554/1204 1374/514/1203
f 1376/555/1205 1374/514/1203 1375/554/1204
f 1375/554/1204 1377/556/1206 1376/555/1205
f 1378/557/1207 1376/555/1205 1377/556/1206
f 1377/556/1206 1379/507/1208 1378/557/1207
f 1380/558/1209 1378/557/1207 1379/507/1208
f 1379/507/1208 1381/559/1210 1380/558/1209
f 1382/560/1211 1380/558/1209 1381/559/1210
f 1381/559/1210 1383/561/1212 1382/560/1211
f 1384/562/1213 1382/560/1211 1383/561/1212
f 1383/561/1212 1385/563/1214 1384/562/1213
f 1386/502/1215 1384/562/1213 1385/563/1214
f 1385/563/1214 1387/499/1216 1386/502/1215
f 1388/500/1217 1386/502/1215 1387/499/1216
f 1387/499/1216 1389/564/1218 1388/500/1217
f 1390/498/1219 1388/500/1217 1389/564/1218
f 1389/564/1218 1391/565/1220 1390/498/1219
f 1392/566/1221 1390/498/1219 1391/565/1220
f 1391/565/1220 1393/567/1222 1392/566/1221
f 1394/568/1223 1392/566/1221 1393/567/1222
f 1393/567/1222 1395/569/1224 1394/568/1223
f 1396/570/1225 1394/568/1223 1395/569/1224
f 1395/569/1224 1397/571/1226 1396/570/1225
f 1398/572/1227 1396/570/1225 1397/571/1226
f 1397/571/1226 1399/573/1228 1398/572/1227
f 1400/574/1229 1398/572/1227 1399/573/1228
f 1399/573/1228 1401/575/1230 1400/574/1229
f 1402/576/1231 1400/574/1229 1401/575/1230
f 1401/575/1230 1403/577/1232 1402/576/1231
f 1404/578/1233 1402/576/1231 1403/577/1232
f 1403/577/1232 1405/481/1234 1404/578/1233
f 1406/579/1235 1404/578/1233 1405/481/1234
f 1392/566/1221 1394/568/1223 1407/539/1160
f 1407/539/1160 1408/538/1159 1392/566/1221
f 1409/540/1161 1407/539/1160 1394/568/1223
f 1394/568/1223 1396/570/1225 1409/540/1161
f 1410/541/1162 1409/540/1161 1396/570/1225
f 1396/570/1225 1398/572/1227 1410/541/1162
f 1411/542/1236 1410/541/1162 1398/572/1227
f 1398/572/1227 1400/574/1229 1411/542/1236
f 1412/543/1164 1411/542/1236 1400/574/1229
f 1400/574/1229 1402/576/1231 1412/543/1164
f 1413/544/1237 1412/543/1164 1402/576/1231
f 1402/576/1231 1404/578/1233 1413/544/1237
f 1414/545/1166 1413/544/1237 1404/578/1233
f 1404/578/1233 1406/579/1235 1414/545/1166
f 1415/546/1238 1414/545/1166 1406/579/1235
f 1406/579/1235 1405/481/1234 1416/580/1239
f 1417/581/1240 1416/580/1239 1405/481/1234
f 1416/580/1239 1418/549/1241 1406/579/1235
f 1415/546/1238 1406/579/1235 1418/549/1241
f 1390/498/1219 1392/566/1221 1408/538/1159
f 1420/538/1159 1419/537/1157 1390/498/1219
f 1388/500/1217 1390/498/1219 1419/537/1157
f 1419/537/1157 1421/536/1156 1388/500/1217
f 1386/502/1215 1388/500/1217 1421/536/1156
f 1421/536/1156 1422/535/1242 1386/502/1215
f 1384/562/1213 1386/502/1215 1422/535/1242
f 1424/535/1155 1423/524/1144 1384/562/1213
f 1382/560/1211 1384/562/1213 1423/524/1144
f 1423/524/1144 1425/523/1143 1382/560/1211
f 1380/558/1209 1382/560/1211 1425/523/1143
f 1425/523/1143 1426/525/1145 1380/558/1209
f 1378/557/1207 1380/558/1209 1426/525/1145
f 1426/525/1145 1427/526/1146 1378/557/1207
f 1376/555/1205 1378/557/1207 1427/526/1146
f 1427/526/1146 1428/527/1147 1376/555/1205
f 1374/514/1203 1376/555/1205 1428/527/1147
f 1428/527/1147 1429/528/1148 1374/514/1203
f 1372/516/1201 1374/514/1203 1429/528/1148
f 1429/528/1148 1430/529/1149 1372/516/1201
f 1370/518/1199 1372/516/1201 1430/529/1149
f 1430/529/1149 1431/530/1243 1370/518/1199
f 1368/551/1197 1370/518/1199 1431/530/1243
f 1431/530/1243 1432/531/1151 1368/551/1197
f 1365/522/1196 1368/551/1197 1432/531/1151
f 1365/522/1196 1432/531/1151 1433/582/1244
f 1433/582/1244 1434/583/1245 1365/522/1196
f 1367/550/1194 1365/522/1196 1434/583/1245
f 1435/534/1154 1433/582/1244 1432/531/1151
f 1438/481/1246 1437/577/1247 1436/550/1248
f 1437/577/1247 1439/575/1249 1436/550/1248
f 1439/575/1249 1440/573/1250 1436/550/1248
f 1440/573/1250 1441/571/1251 1436/550/1248
f 1441/571/1251 1442/569/1252 1436/550/1248
f 1442/569/1252 1443/567/1253 1436/550/1248
f 1443/567/1253 1444/565/1254 1436/550/1248
f 1444/565/1254 1445/564/1255 1436/550/1248
f 1445/564/1255 1446/499/1256 1436/550/1248
f 1446/499/1256 1447/563/1257 1436/550/1248
f 1447/563/1257 1448/561/1258 1436/550/1248
f 1448/561/1258 1449/559/1259 1436/550/1248
f 1449/559/1259 1450/507/1260 1436/550/1248
f 1450/507/1260 1451/556/1261 1436/550/1248
f 1451/556/1261 1452/554/1262 1436/550/1248
f 1452/554/1262 1453/553/1263 1436/550/1248
f 1453/553/1263 1454/552/1264 1436/550/1248
f 1454/552/1264 1455/517/1265 1436/550/1248
f 1455/517/1265 1456/519/1266 1436/550/1248
f 1458/583/1267 1457/581/1268 1436/550/1248
f 1438/481/1246 1436/550/1248 1457/581/1268
f 1461/484/1269 1460/482/1270 1459/483/1271
f 1462/481/1272 1459/483/1271 1460/482/1270
f 1460/482/1270 1461/484/1269 1463/485/1273
f 1464/486/1274 1463/485/1273 1461/484/1269
f 1463/485/1273 1464/486/1274 1465/487/1275
f 1466/488/1276 1465/487/1275 1464/486/1274
f 1465/487/1275 1466/488/1276 1467/489/1277
f 1468/490/1278 1467/489/1277 1466/488/1276
f 1467/489/1277 1468/490/1278 1469/491/1279
f 1470/492/1280 1469/491/1279 1468/490/1278
f 1469/491/1279 1470/492/1280 1471/493/1281
f 1472/494/1282 1471/493/1281 1470/492/1280
f 1471/493/1281 1472/494/1282 1473/495/1283
f 1474/496/1284 1473/495/1283 1472/494/1282
f 1473/495/1283 1474/496/1284 1475/497/1285
f 1476/498/1286 1475/497/1285 1474/496/1284
f 1475/497/1285 1476/498/1286 1477/499/1287
f 1478/500/1288 1477/499/1287 1476/498/1286
f 1477/499/1287 1478/500/1288 1479/501/1289
f 1480/502/1290 1479/501/1289 1478/500/1288
f 1479/501/1289 1480/502/1290 1481/503/1291
f 1482/504/1292 1481/503/1291 1480/502/1290
f 1481/503/1291 1482/504/1292 1483/505/1293
f 1484/506/1294 1483/505/1293 1482/504/1292
f 1483/505/1293 1484/506/1294 1485/507/1295
f 1486/508/1296 1485/507/1295 1484/506/1294
f 1485/507/1295 1486/508/1296 1487/509/1297
f 1488/510/1298 1487/509/1297 1486/508/1296
f 1487/509/1297 1488/510/1298 1489/511/1299
f 1490/512/1300 1489/511/1299 1488/510/1298
f 1489/511/1299 1490/512/1300 1491/513/1301
f 1492/514/1302 1491/513/1301 1490/512/1300
f 1491/513/1301 1492/514/1302 1493/515/1303
f 1494/516/1304 1493/515/1303 1492/514/1302
f 1493/515/1303 1494/516/1304 1495/517/1305
f 1496/518/1306 1495/517/1305 1494/516/1304
f 1495/517/1305 1496/518/1306 1497/519/1307
f 1498/520/1308 1497/519/1307 1496/518/1306
f 1497/519/1307 1498/520/1308 1499/521/1309
f 1500/522/1310 1499/521/1309 1498/520/1308
f 1486/508/1296 1501/523/1311 1488/510/1298
f 1501/523/1311 1486/508/1296 1502/524/1312
f 1484/506/1294 1502/524/1312 1486/508/1296
f 1502/524/1312 1484/506/1294 1503/535/1313
f 1482/504/1292 1503/535/1313 1484/506/1294
f 1492/514/1302 1504/527/1314 1494/516/1304
f 1504/527/1314 1492/514/1302 1505/526/1315
f 1490/512/1300 1505/526/1315 1492/514/1302
f 1505/526/1315 1490/512/1300 1506/525/1316
f 1506/525/1316 1488/510/1298 1501/523/1311
f 1488/510/1298 1506/525/1316 1490/512/1300
f 1498/520/1308 1507/530/1317 1500/522/1310
f 1507/530/1317 1498/520/1308 1508/529/1318
f 1496/518/1306 1508/529/1318 1498/520/1308
f 1508/529/1318 1496/518/1306 1509/528/1319
f 1509/528/1319 1494/516/1304 1504/527/1314
f 1494/516/1304 1509/528/1319 1496/518/1306
f 1480/502/1290 1510/536/1320 1482/504/1292
f 1510/536/1320 1480/502/1290 1511/537/1321
f 1478/500/1288 1511/537/1321 1480/502/1290
f 1511/537/1321 1478/500/1288 1512/538/1322
f 1476/498/1286 1512/538/1322 1478/500/1288
f 1474/496/1284 1513/539/1323 1476/498/1286
f 1513/539/1323 1474/496/1284 1514/540/1324
f 1472/494/1282 1514/540/1324 1474/496/1284
f 1514/540/1324 1472/494/1282 1515/541/1325
f 1470/492/1280 1515/541/1325 1472/494/1282
f 1515/541/1325 1470/492/1280 1516/542/1326
f 1468/490/1278 1516/542/1326 1470/492/1280
f 1516/542/1326 1468/490/1278 1517/543/1327
f 1466/488/1276 1517/543/1327 1468/490/1278
f 1517/543/1327 1466/488/1276 1518/544/1328
f 1464/486/1274 1518/544/1328 1466/488/1276
f 1518/544/1328 1464/486/1274 1519/545/1329
f 1461/484/1269 1519/545/1329 1464/486/1274
f 1519/545/1329 1461/484/1269 1520/546/1330
f 1459/483/1271 1520/546/1330 1461/484/1269
f 1459/483/1271 1521/547/1331 1520/546/1330
f 1521/547/1331 1459/483/1271 1522/548/1332
f 1462/481/1272 1522/548/1332 1459/483/1271
f 1523/549/1333 1520/546/1330 1521/547/1331
f 1524/538/1334 1476/498/1286 1513/539/1323
f 1525/535/1313 1482/504/1292 1510/536/1320
f 1526/531/1335 1500/522/1310 1507/530/1317
f 1526/531/1335 1527/534/1336 1500/522/1310
f 1528/532/1337 1500/522/1310 1527/534/1336
f 1500/522/1310 1528/532/1337 1499/521/1309
f 1529/533/1338 1499/521/1309 1528/532/1337
f 1532/482/1339 1531/485/1340 1530/481/1341
f 1531/485/1340 1533/487/1342 1530/481/1341
f 1533/487/1342 1534/489/1343 1530/481/1341
f 1534/489/1343 1535/491/1344 1530/481/1341
f 1535/491/1344 1536/493/1345 1530/481/1341
f 1536/493/1345 1537/495/1346 1530/481/1341
f 1537/495/1346 1538/497/1347 1530/481/1341
f 1538/497/1347 1539/499/1348 1530/481/1341
f 1539/499/1348 1540/501/1349 1530/481/1341
f 1540/501/1349 1541/503/1350 1530/481/1341
f 1541/503/1350 1542/505/1351 1530/481/1341
f 1542/505/1351 1543/507/1352 1530/481/1341
f 1543/507/1352 1544/509/1353 1530/481/1341
f 1544/509/1353 1545/511/1354 1530/481/1341
f 1545/511/1354 1546/513/1355 1530/481/1341
f 1546/513/1355 1547/515/1356 1530/481/1341
f 1547/515/1356 1548/517/1357 1530/481/1341
f 1548/517/1357 1549/519/1358 1530/481/1341
f 1549/519/1358 1550/521/1359 1530/481/1341
f 1550/521/1359 1551/533/1360 1530/481/1341
f 1552/548/1361 1530/481/1341 1551/533/1360
f 1555/551/1362 1554/519/1363 1553/522/1364
f 1556/550/1365 1553/522/1364 1554/519/1363
f 1554/519/1363 1555/551/1362 1557/517/1366
f 1558/518/1367 1557/517/1366 1555/551/1362
f 1557/517/1366 1558/518/1367 1559/552/1368
f 1560/516/1369 1559/552/1368 1558/518/1367
f 1559/552/1368 1560/516/1369 1561/553/1370
f 1562/514/1371 1561/553/1370 1560/516/1369
f 1561/553/1370 1562/514/1371 1563/554/1372
f 1564/555/1373 1563/554/1372 1562/514/1371
f 1563/554/1372 1564/555/1373 1565/556/1374
f 1566/557/1375 1565/556/1374 1564/555/1373
f 1565/556/1374 1566/557/1375 1567/507/1376
f 1568/558/1377 1567/507/1376 1566/557/1375
f 1567/507/1376 1568/558/1377 1569/559/1378
f 1570/560/1379 1569/559/1378 1568/558/1377
f 1569/559/1378 1570/560/1379 1571/561/1380
f 1572/562/1381 1571/561/1380 1570/560/1379
f 1571/561/1380 1572/562/1381 1573/563/1382
f 1574/502/1383 1573/563/1382 1572/562/1381
f 1573/563/1382 1574/502/1383 1575/499/1384
f 1576/500/1385 1575/499/1384 1574/502/1383
f 1575/499/1384 1576/500/1385 1577/564/1386
f 1578/498/1387 1577/564/1386 1576/500/1385
f 1577/564/1386 1578/498/1387 1579/565/1388
f 1580/566/1389 1579/565/1388 1578/498/1387
f 1579/565/1388 1580/566/1389 1581/567/1390
f 1582/568/1391 1581/567/1390 1580/566/1389
f 1581/567/1390 1582/568/1391 1583/569/1392
f 1584/570/1393 1583/569/1392 1582/568/1391
f 1583/569/1392 1584/570/1393 1585/571/1394
f 1586/572/1395 1585/571/1394 1584/570/1393
f 1585/571/1394 1586/572/1395 1587/573/1396
f 1588/574/1397 1587/573/1396 1586/572/1395
f 1587/573/1396 1588/574/1397 1589/575/1398
f 1590/576/1399 1589/575/1398 1588/574/1397
f 1589/575/1398 1590/576/1399 1591/577/1400
f 1592/578/1401 1591/577/1400 1590/576/1399
f 1591/577/1400 1592/578/1401 1593/481/1402
f 1594/579/1403 1593/481/1402 1592/578/1401
f 1580/566/1389 1595/539/1323 1582/568/1391
f 1595/539/1323 1580/566/1389 1596/538/1334
f 1578/498/1387 1596/538/1334 1580/566/1389
f 1584/570/1393 1597/541/1325 1586/572/1395
f 1597/541/1325 1584/570/1393 1598/540/1324
f 1598/540/1324 1582/568/1391 1595/539/1323
f 1582/568/1391 1598/540/1324 1584/570/1393
f 1588/574/1397 1599/543/1327 1590/576/1399
f 1599/543/1327 1588/574/1397 1600/542/1404
f 1600/542/1404 1586/572/1395 1597/541/1325
f 1586/572/1395 1600/542/1404 1588/574/1397
f 1592/578/1401 1601/545/1329 1594/579/1403
f 1601/545/1329 1592/578/1401 1602/544/1405
f 1602/544/1405 1590/576/1399 1599/543/1327
f 1590/576/1399 1602/544/1405 1592/578/1401
f 1576/500/1385 1603/537/1321 1578/498/1387
f 1603/537/1321 1576/500/1385 1604/536/1320
f 1574/502/1383 1604/536/1320 1576/500/1385
f 1604/536/1320 1574/502/1383 1605/535/1406
f 1572/562/1381 1605/535/1406 1574/502/1383
f 1570/560/1379 1606/524/1312 1572/562/1381
f 1606/524/1312 1570/560/1379 1607/523/1311
f 1568/558/1377 1607/523/1311 1570/560/1379
f 1607/523/1311 1568/558/1377 1608/525/1316
f 1566/557/1375 1608/525/1316 1568/558/1377
f 1608/525/1316 1566/557/1375 1609/526/1315
f 1564/555/1373 1609/526/1315 1566/557/1375
f 1609/526/1315 1564/555/1373 1610/527/1314
f 1562/514/1371 1610/527/1314 1564/555/1373
f 1610/527/1314 1562/514/1371 1611/528/1319
f 1560/516/1369 1611/528/1319 1562/514/1371
f 1611/528/1319 1560/516/1369 1612/529/1318
f 1558/518/1367 1612/529/1318 1560/516/1369
f 1612/529/1318 1558/518/1367 1613/530/1407
f 1555/551/1362 1613/530/1407 1558/518/1367
f 1613/530/1407 1555/551/1362 1614/531/1335
f 1553/522/1364 1614/531/1335 1555/551/1362
f 1553/522/1364 1615/582/1408 1614/531/1335
f 1615/582/1408 1553/522/1364 1616/583/1409
f 1556/550/1365 1616/583/1409 1553/522/1364
f 1617/534/1336 1614/531/1335 1615/582/1408
f 1618/535/1313 1572/562/1381 1606/524/1312
f 1619/538/1334 1578/498/1387 1603/537/1321
f 1620/546/1410 1594/579/1403 1601/545/1329
f 1620/546/1410 1621/549/1411 1594/579/1403
f 1622/580/1412 1594/579/1403 1621/549/1411
f 1594/579/1403 1622/580/1412 1593/481/1402
f 1623/581/1413 1593/481/1402 1622/580/1412
f 1626/519/1414 1625/517/1415 1624/550/1416
f 1625/517/1415 1627/552/1417 1624/550/1416
f 1627/552/1417 1628/553/1418 1624/550/1416
f 1628/553/1418 1629/554/1419 1624/550/1416
f 1629/554/1419 1630/556/1420 1624/550/1416
f 1630/556/1420 1631/507/1421 1624/550/1416
f 1631/507/1421 1632/559/1422 1624/550/1416
f 1632/559/1422 1633/561/1423 1624/550/1416
f 1633/561/1423 1634/563/1424 1624/550/1416
f 1634/563/1424 1635/499/1425 1624/550/1416
f 1635/499/1425 1636/564/1426 1624/550/1416
f 1636/564/1426 1637/565/1427 1624/550/1416
f 1637/565/1427 1638/567/1428 1624/550/1416
f 1638/567/1428 1639/569/1429 1624/550/1416
f 1639/569/1429 1640/571/1430 1624/550/1416
f 1640/571/1430 1641/573/1431 1624/550/1416
f 1641/573/1431 1642/575/1432 1624/550/1416
f 1642/575/1432 1643/577/1433 1624/550/1416
f 1643/577/1433 1644/481/1434 1624/550/1416
f 1644/481/1434 1645/581/1435 1624/550/1416
f 1646/583/1436 1624/550/1416 1645/581/1435
f 1649/584/1437 1648/585/1438 1647/586/1439
f 1650/587/1440 1647/586/1439 1648/585/1438
f 1648/585/1438 1649/584/1437 1651/588/1441
f 1652/589/1442 1651/588/1441 1649/584/1437
f 1651/588/1441 1652/589/1442 1653/590/1443
f 1654/591/1444 1653/590/1443 1652/589/1442
f 1653/590/1443 1654/591/1444 1655/592/1445
f 1656/593/1446 1655/592/1445 1654/591/1444
f 1655/592/1445 1656/593/1446 1657/594/1447
f 1658/595/1448 1657/594/1447 1656/593/1446
f 1657/594/1447 1658/595/1448 1659/596/1449
f 1660/597/1450 1659/596/1449 1658/595/1448
f 1659/596/1449 1660/597/1450 1661/598/1451
f 1662/599/1452 1661/598/1451 1660/597/1450
f 1661/598/1451 1662/599/1452 1663/600/1453
f 1664/601/1454 1663/600/1453 1662/599/1452
f 1663/600/1453 1664/601/1454 1665/602/1455
f 1666/603/1456 1665/602/1455 1664/601/1454
f 1665/602/1455 1666/603/1456 1667/604/1457
f 1668/605/1458 1667/604/1457 1666/603/1456
f 1667/604/1457 1668/605/1458 1669/606/1459
f 1670/607/1460 1669/606/1459 1668/605/1458
f 1669/606/1459 1670/607/1460 1671/608/1461
f 1672/609/1462 1671/608/1461 1670/607/1460
f 1671/608/1461 1672/609/1462 1673/610/1463
f 1674/611/1464 1673/610/1463 1672/609/1462
f 1673/610/1463 1674/611/1464 1675/612/1465
f 1676/613/1466 1675/612/1465 1674/611/1464
f 1675/612/1465 1676/613/1466 1677/614/1467
f 1678/615/1468 1677/614/1467 1676/613/1466
f 1677/614/1467 1678/615/1468 1679/616/1469
f 1680/617/1470 1679/616/1469 1678/615/1468
f 1679/616/1469 1680/617/1470 1681/618/1471
f 1682/619/1472 1681/618/1471 1680/617/1470
f 1681/618/1471 1682/619/1472 1683/620/1473
f 1684/621/1474 1683/620/1473 1682/619/1472
f 1683/620/1473 1684/621/1474 1685/622/1475
f 1686/623/1476 1685/622/1475 1684/621/1474
f 1685/622/1475 1686/623/1476 1687/624/1477
f 1688/625/1478 1687/624/1477 1686/623/1476
f 1674/611/1464 1689/626/1479 1676/613/1466
f 1689/626/1479 1674/611/1464 1690/627/1480
f 1672/609/1462 1690/627/1480 1674/611/1464
f 1678/615/1468 1691/628/1481 1680/617/1470
f 1691/628/1481 1678/615/1468 1692/629/1482
f 1692/629/1482 1676/613/1466 1689/626/1479
f 1676/613/1466 1692/629/1482 1678/615/1468
f 1682/619/1472 1693/630/1483 1684/621/1474
f 1693/630/1483 1682/619/1472 1694/631/1484
f 1694/631/1484 1680/617/1470 1691/628/1481
f 1680/617/1470 1694/631/1484 1682/619/1472
f 1686/623/1476 1695/632/1485 1688/625/1478
f 1695/632/1485 1686/623/1476 1696/633/1486
f 1696/633/1486 1684/621/1474 1693/630/1483
f 1684/621/1474 1696/633/1486 1686/623/1476
f 1670/607/1460 1697/634/1487 1672/609/1462
f 1697/634/1487 1670/607/1460 1698/635/1488
f 1668/605/1458 1698/635/1488 1670/607/1460
f 1666/603/1456 1699/636/1489 1668/605/1458
f 1699/636/1489 1666/603/1456 1700/637/1490
f 1664/601/1454 1700/637/1490 1666/603/1456
f 1700/637/1490 1664/601/1454 1701/638/1491
f 1662/599/1452 1701/638/1491 1664/601/1454
f 1701/638/1491 1662/599/1452 1702/639/1492
f 1660/597/1450 1702/639/1492 1662/599/1452
f 1702/639/1492 1660/597/1450 1703/640/1493
f 1658/595/1448 1703/640/1493 1660/597/1450
f 1703/640/1493 1658/595/1448 1704/641/1494
f 1656/593/1446 1704/641/1494 1658/595/1448
f 1704/641/1494 1656/593/1446 1705/642/1495
f 1654/591/1444 1705/642/1495 1656/593/1446
f 1705/642/1495 1654/591/1444 1706/643/1496
f 1652/589/1442 1706/643/1496 1654/591/1444
f 1706/643/1496 1652/589/1442 1707/644/1497
f 1649/584/1437 1707/644/1497 1652/589/1442
f 1707/644/1497 1649/584/1437 1708/645/1498
f 1647/586/1439 1708/645/1498 1649/584/1437
f 1647/586/1439 1709/646/1499 1708/645/1498
f 1709/646/1499 1647/586/1439 1710/647/1500
f 1650/587/1440 1710/647/1500 1647/586/1439
f 1711/648/1501 1708/645/1498 1709/646/1499
f 1712/635/1488 1668/605/1458 1699/636/1489
f 1713/627/1480 1672/609/1462 1697/634/1487
f 1714/649/1502 1688/625/1478 1695/632/1485
f 1714/649/1502 1715/650/1503 1688/625/1478
f 1716/651/1504 1688/625/1478 1715/650/1503
f 1688/625/1478 1716/651/1504 1687/624/1477
f 1717/652/1505 1687/624/1477 1716/651/1504
f 1720/585/1506 1719/588/1506 1718/587/1507
f 1719/588/1506 1721/590/1506 1718/587/1507
f 1721/590/1506 1722/592/1506 1718/587/1507
f 1722/592/1506 1723/594/1506 1718/587/1507
f 1723/594/1506 1724/596/1506 1718/587/1507
f 1724/596/1506 1725/598/1506 1718/587/1507
f 1725/598/1506 1726/600/1506 1718/587/1507
f 1726/600/1506 1727/602/1506 1718/587/1507
f 1727/602/1506 1728/604/1508 1718/587/1507
f 1728/604/1508 1729/606/1506 1718/587/1507
f 1729/606/1506 1730/608/1506 1718/587/1507
f 1730/608/1506 1731/610/1506 1718/587/1507
f 1731/610/1506 1732/612/1506 1718/587/1507
f 1732/612/1506 1733/614/1506 1718/587/1507
f 1733/614/1506 1734/616/1506 1718/587/1507
f 1734/616/1506 1735/618/1506 1718/587/1507
f 1735/618/1506 1736/620/1506 1718/587/1507
f 1736/620/1506 1737/622/1506 1718/587/1507
f 1737/622/1506 1738/624/1509 1718/587/1507
f 1738/624/1509 1739/652/1510 1718/587/1507
f 1740/647/1511 1718/587/1507 1739/652/1510
f 1743/653/1512 1742/654/1513 1741/655/1514
f 1744/656/1515 1741/655/1514 1742/654/1513
f 1742/654/1513 1743/653/1512 1745/657/1516
f 1746/658/1517 1745/657/1516 1743/653/1512
f 1745/657/1516 1746/658/1517 1747/618/1518
f 1748/659/1519 1747/618/1518 1746/658/1517
f 1747/618/1518 1748/659/1519 1749/660/1520
f 1750/661/1521 1749/660/1520 1748/659/1519
f 1749/660/1520 1750/661/1521 1751/662/1522
f 1752/615/1523 1751/662/1522 1750/661/1521
f 1751/662/1522 1752/615/1523 1753/663/1524
f 1754/664/1525 1753/663/1524 1752/615/1523
f 1753/663/1524 1754/664/1525 1755/665/1526
f 1756/666/1527 1755/665/1526 1754/664/1525
f 1755/665/1526 1756/666/1527 1757/608/1528
f 1758/667/1529 1757/608/1528 1756/666/1527
f 1757/608/1528 1758/667/1529 1759/668/1530
f 1760/669/1531 1759/668/1530 1758/667/1529
f 1759/668/1530 1760/669/1531 1761/670/1532
f 1762/605/1533 1761/670/1532 1760/669/1531
f 1761/670/1532 1762/605/1533 1763/602/1534
f 1764/671/1535 1763/602/1534 1762/605/1533
f 1763/602/1534 1764/671/1535 1765/600/1536
f 1766/672/1537 1765/600/1536 1764/671/1535
f 1765/600/1536 1766/672/1537 1767/598/1538
f 1768/673/1539 1767/598/1538 1766/672/1537
f 1767/598/1538 1768/673/1539 1769/596/1540
f 1770/674/1541 1769/596/1540 1768/673/1539
f 1769/596/1540 1770/674/1541 1771/675/1542
f 1772/676/1543 1771/675/1542 1770/674/1541
f 1771/675/1542 1772/676/1543 1773/592/1544
f 1774/677/1545 1773/592/1544 1772/676/1543
f 1773/592/1544 1774/677/1545 1775/590/1546
f 1776/678/1547 1775/590/1546 1774/677/1545
f 1775/590/1546 1776/678/1547 1777/588/1548
f 1778/679/1549 1777/588/1548 1776/678/1547
f 1777/588/1548 1778/679/1549 1779/680/1550
f 1780/681/1551 1779/680/1550 1778/679/1549
f 1779/680/1550 1780/681/1551 1781/682/1552
f 1782/683/1553 1781/682/1552 1780/681/1551
f 1768/673/1539 1783/638/1491 1770/674/1541
f 1783/638/1491 1768/673/1539 1784/637/1490
f 1766/672/1537 1784/637/1490 1768/673/1539
f 1784/637/1490 1766/672/1537 1785/636/1489
f 1764/671/1535 1785/636/1489 1766/672/1537
f 1785/636/1489 1764/671/1535 1786/635/1488
f 1762/605/1533 1786/635/1488 1764/671/1535
f 1776/678/1547 1787/642/1554 1778/679/1549
f 1787/642/1554 1776/678/1547 1788/641/1494
f 1774/677/1545 1788/641/1494 1776/678/1547
f 1788/641/1494 1774/677/1545 1789/640/1493
f 1772/676/1543 1789/640/1493 1774/677/1545
f 1789/640/1493 1772/676/1543 1790/639/1555
f 1790/639/1555 1770/674/1541 1783/638/1491
f 1770/674/1541 1790/639/1555 1772/676/1543
f 1760/669/1531 1791/634/1556 1762/605/1533
f 1791/634/1556 1760/669/1531 1792/627/1480
f 1758/667/1529 1792/627/1480 1760/669/1531
f 1793/635/1488 1762/605/1533 1791/634/1556
f 1756/666/1527 1794/626/1557 1758/667/1529
f 1794/626/1557 1756/666/1527 1795/629/1558
f 1754/664/1525 1795/629/1558 1756/666/1527
f 1795/629/1558 1754/664/1525 1796/628/1481
f 1752/615/1523 1796/628/1481 1754/664/1525
f 1796/628/1481 1752/615/1523 1797/631/1484
f 1750/661/1521 1797/631/1484 1752/615/1523
f 1797/631/1484 1750/661/1521 1798/630/1483
f 1748/659/1519 1798/630/1483 1750/661/1521
f 1798/630/1483 1748/659/1519 1799/633/1559
f 1746/658/1517 1799/633/1559 1748/659/1519
f 1799/633/1559 1746/658/1517 1800/632/1485
f 1743/653/1512 1800/632/1485 1746/658/1517
f 1800/632/1485 1743/653/1512 1801/649/1502
f 1741/655/1514 1801/649/1502 1743/653/1512
f 1741/655/1514 1802/651/1560 1801/649/1502
f 1802/651/1560 1741/655/1514 1803/684/1561
f 1744/656/1515 1803/684/1561 1741/655/1514
f 1804/650/1503 1801/649/1502 1802/651/1560
f 1805/627/1480 1758/667/1529 1794/626/1557
f 1806/643/1496 1778/679/1549 1787/642/1554
f 1778/679/1549 1806/643/1496 1780/681/1551
f 1807/644/1497 1780/681/1551 1806/643/1496
f 1780/681/1551 1807/644/1497 1782/683/1553
f 1808/645/1498 1782/683/1553 1807/644/1497
f 1808/645/1498 1809/648/1501 1782/683/1553
f 1810/646/1562 1782/683/1553 1809/648/1501
f 1782/683/1553 1810/646/1562 1781/682/1552
f 1811/647/1563 1781/682/1552 1810/646/1562
f 1814/654/1564 1813/657/1564 1812/656/1565
f 1813/657/1564 1815/618/1564 1812/656/1565
f 1815/618/1564 1816/660/1564 1812/656/1565
f 1816/660/1564 1817/662/1564 1812/656/1565
f 1817/662/1564 1818/663/1564 1812/656/1565
f 1818/663/1564 1819/665/1564 1812/656/1565
f 1819/665/1564 1820/608/1566 1812/656/1565
f 1820/608/1566 1821/668/1564 1812/656/1565
f 1821/668/1564 1822/670/1564 1812/656/1565
f 1822/670/1564 1823/602/1564 1812/656/1565
f 1823/602/1564 1824/600/1564 1812/656/1565
f 1824/600/1564 1825/598/1564 1812/656/1565
f 1825/598/1564 1826/596/1564 1812/656/1565
f 1826/596/1564 1827/675/1564 1812/656/1565
f 1827/675/1564 1828/592/1564 1812/656/1565
f 1828/592/1564 1829/590/1564 1812/656/1565
f 1829/590/1564 1830/588/1564 1812/656/1565
f 1830/588/1564 1831/680/1564 1812/656/1565
f 1831/680/1564 1832/682/1567 1812/656/1565
f 1832/682/1567 1833/647/1568 1812/656/1565
f 1834/684/1569 1812/656/1565 1833/647/1568
f 1837/685/1570 1836/686/1571 1835/687/1572
f 1838/688/1573 1835/687/1572 1836/686/1571
f 1836/686/1571 1837/685/1570 1839/689/1574
f 1840/690/1575 1839/689/1574 1837/685/1570
f 1839/689/1574 1840/690/1575 1841/691/1576
f 1842/692/1577 1841/691/1576 1840/690/1575
f 1835/687/1572 1838/688/1573 1843/693/1578
f 1844/694/1579 1843/693/1578 1838/688/1573
f 1843/693/1578 1844/694/1579 1845/695/1580
f 1846/696/1581 1845/695/1580 1844/694/1579
f 1845/695/1580 1846/696/1581 1847/697/1582
f 1848/698/1583 1847/697/1582 1846/696/1581
f 1847/697/1582 1848/698/1583 1849/699/1584
f 1850/700/1584 1849/699/1584 1848/698/1583
f 1849/699/1584 1850/700/1584 1851/701/1585
f 1852/702/1586 1851/701/1585 1850/700/1584
f 1851/701/1585 1852/702/1586 1853/703/1587
f 1854/704/1588 1853/703/1587 1852/702/1586
f 1853/703/1587 1854/704/1588 1855/705/1589
f 1856/706/1590 1855/705/1589 1854/704/1588
f 1855/705/1589 1856/706/1590 1857/707/1591
f 1858/708/1592 1857/707/1591 1856/706/1590
f 1857/707/1591 1858/708/1592 1859/709/1593
f 1860/710/1594 1859/709/1593 1858/708/1592
f 1859/709/1593 1860/710/1594 1861/711/1595
f 1862/712/1596 1861/711/1595 1860/710/1594
f 1861/711/1595 1862/712/1596 1863/713/1597
f 1864/714/1598 1863/713/1597 1862/712/1596
f 1863/713/1597 1864/714/1598 1865/715/1599
f 1866/716/1599 1865/715/1599 1864/714/1598
f 1865/715/1599 1866/716/1599 1867/717/1577
f 1868/718/1576 1867/717/1577 1866/716/1599
f 1871/688/1600 1870/686/1600 1869/694/1600
f 1870/686/1600 1872/689/1600 1869/694/1600
f 1872/689/1600 1873/691/1600 1869/694/1600
f 1873/691/1600 1874/719/1600 1869/694/1600
f 1874/719/1600 1875/720/1600 1869/694/1600
f 1875/720/1600 1876/721/1600 1869/694/1600
f 1876/721/1600 1877/722/1600 1869/694/1600
f 1877/722/1600 1878/723/1600 1869/694/1600
f 1878/723/1600 1879/724/1600 1869/694/1600
f 1879/724/1600 1880/725/1600 1869/694/1600
f 1880/725/1600 1881/726/1600 1869/694/1600
f 1881/726/1600 1882/727/1600 1869/694/1600
f 1882/727/1600 1883/728/1600 1869/694/1600
f 1883/728/1600 1884/729/1600 1869/694/1600
f 1887/730/1601 1886/731/1602 1885/732/1603
f 1888/733/1604 1885/732/1603 1886/731/1602
f 1886/731/1602 1887/730/1601 1889/734/1605
f 1890/735/1606 1889/734/1605 1887/730/1601
f 1889/734/1605 1890/735/1606 1891/736/1607
f 1892/737/1608 1891/736/1607 1890/735/1606
f 1891/736/1607 1892/737/1608 1893/738/1609
f 1894/739/1610 1893/738/1609 1892/737/1608
f 1885/732/1603 1888/733/1604 1895/740/1611
f 1896/741/1612 1895/740/1611 1888/733/1604
f 1895/740/1611 1896/741/1612 1897/742/1613
f 1898/743/1614 1897/742/1613 1896/741/1612
f 1897/742/1613 1898/743/1614 1899/744/1615
f 1900/745/1616 1899/744/1615 1898/743/1614
f 1899/744/1615 1900/745/1616 1901/746/1617
f 1902/747/1618 1901/746/1617 1900/745/1616
f 1901/746/1617 1902/747/1618 1903/748/1619
f 1904/749/1620 1903/748/1619 1902/747/1618
f 1903/748/1619 1904/749/1620 1905/750/1621
f 1906/751/1622 1905/750/1621 1904/749/1620
f 1905/750/1621 1906/751/1622 1907/752/1623
f 1908/753/1624 1907/752/1623 1906/751/1622
f 1907/752/1623 1908/753/1624 1909/754/1625
f 1910/755/1626 1909/754/1625 1908/753/1624
f 1909/754/1625 1910/755/1626 1911/756/1627
f 1912/757/1628 1911/756/1627 1910/755/1626
f 1911/756/1627 1912/757/1628 1913/758/1629
f 1914/759/1630 1913/758/1629 1912/757/1628
f 1913/758/1629 1914/759/1630 1915/760/1631
f 1916/761/1632 1915/760/1631 1914/759/1630
f 1915/760/1631 1916/761/1632 1917/762/1610
f 1918/763/1609 1917/762/1610 1916/761/1632
f 1916/761/1632 1919/764/1633 1918/763/1609
f 1920/765/1634 1918/763/1609 1919/764/1633
f 1914/759/1630 1921/766/1635 1916/761/1632
f 1919/764/1633 1916/761/1632 1921/766/1635
f 1912/757/1628 1922/767/1636 1914/759/1630
f 1921/766/1635 1914/759/1630 1922/767/1636
f 1910/755/1626 1923/768/1637 1912/757/1628
f 1922/767/1636 1912/757/1628 1923/768/1637
f 1908/753/1624 1924/769/1638 1910/755/1626
f 1923/768/1637 1910/755/1626 1924/769/1638
f 1924/769/1638 1908/753/1624 1925/770/1639
f 1906/751/1622 1925/770/1639 1908/753/1624
f 1925/770/1639 1906/751/1622 1926/771/1640
f 1904/749/1620 1926/771/1640 1906/751/1622
f 1926/771/1640 1904/749/1620 1927/772/1641
f 1902/747/1618 1927/772/1641 1904/749/1620
f 1927/772/1641 1902/747/1618 1928/773/1642
f 1900/745/1616 1928/773/1642 1902/747/1618
f 1928/773/1642 1900/745/1616 1929/774/1643
f 1898/743/1614 1929/774/1643 1900/745/1616
f 1929/774/1643 1898/743/1614 1930/775/1644
f 1896/741/1612 1930/775/1644 1898/743/1614
f 1930/775/1644 1896/741/1612 1931/776/1645
f 1888/733/1604 1931/776/1645 1896/741/1612
f 1931/776/1645 1888/733/1604 1932/777/1646
f 1886/731/1602 1932/777/1646 1888/733/1604
f 1932/777/1646 1886/731/1602 1933/778/1647
f 1889/734/1605 1933/778/1647 1886/731/1602
f 1933/778/1647 1889/734/1605 1934/779/1648
f 1891/736/1607 1934/779/1648 1889/734/1605
f 1934/779/1648 1891/736/1607 1935/780/1634
f 1893/738/1609 1935/780/1634 1891/736/1607
f 1932/777/1646 1936/781/1649 1931/776/1645
f 1937/782/1650 1931/776/1645 1936/781/1649
f 1931/776/1645 1937/782/1650 1930/775/1644
f 1933/778/1647 1938/783/1651 1932/777/1646
f 1936/781/1649 1932/777/1646 1938/783/1651
f 1934/779/1648 1939/784/1652 1933/778/1647
f 1938/783/1651 1933/778/1647 1939/784/1652
f 1935/780/1634 1940/785/1653 1934/779/1648
f 1939/784/1652 1934/779/1648 1940/785/1653
f 1936/781/1649 1941/786/1654 1937/782/1650
f 1942/787/1655 1937/782/1650 1941/786/1654
f 1938/783/1651 1943/788/1656 1936/781/1649
f 1941/786/1654 1936/781/1649 1943/788/1656
f 1939/784/1652 1944/789/1657 1938/783/1651
f 1943/788/1656 1938/783/1651 1944/789/1657
f 1940/785/1653 1945/790/1658 1939/784/1652
f 1944/789/1657 1939/784/1652 1945/790/1658
f 1937/782/1650 1942/787/1655 1946/791/1659
f 1946/791/1659 1930/775/1644 1937/782/1650
f 1930/775/1644 1946/791/1659 1929/774/1643
f 1947/792/1660 1929/774/1643 1946/791/1659
f 1929/774/1643 1947/792/1660 1928/773/1642
f 1948/793/1661 1928/773/1642 1947/792/1660
f 1928/773/1642 1948/793/1661 1927/772/1641
f 1949/794/1662 1927/772/1641 1948/793/1661
f 1927/772/1641 1949/794/1662 1926/771/1640
f 1950/795/1663 1926/771/1640 1949/794/1662
f 1926/771/1640 1950/795/1663 1925/770/1639
f 1951/796/1664 1925/770/1639 1950/795/1663
f 1925/770/1639 1951/796/1664 1924/769/1638
f 1952/797/1665 1924/769/1638 1951/796/1664
f 1924/769/1638 1952/797/1665 1923/768/1637
f 1953/798/1666 1923/768/1637 1952/797/1665
f 1923/768/1637 1953/798/1666 1922/767/1636
f 1954/799/1667 1922/767/1636 1953/798/1666
f 1922/767/1636 1954/799/1667 1921/766/1635
f 1955/800/1668 1921/766/1635 1954/799/1667
f 1921/766/1635 1955/800/1668 1919/764/1633
f 1956/801/1669 1919/764/1633 1955/800/1668
f 1919/764/1633 1956/801/1669 1920/765/1634
f 1957/802/1653 1920/765/1634 1956/801/1669
f 1956/801/1669 1958/803/1670 1957/802/1653
f 1959/804/1658 1957/802/1653 1958/803/1670
f 1955/800/1668 1960/805/1671 1956/801/1669
f 1958/803/1670 1956/801/1669 1960/805/1671
f 1954/799/1667 1961/806/1672 1955/800/1668
f 1960/805/1671 1955/800/1668 1961/806/1672
f 1953/798/1666 1962/807/1673 1954/799/1667
f 1961/806/1672 1954/799/1667 1962/807/1673
f 1952/797/1665 1963/808/1674 1953/798/1666
f 1962/807/1673 1953/798/1666 1963/808/1674
f 1963/808/1674 1952/797/1665 1964/809/1675
f 1951/796/1664 1964/809/1675 1952/797/1665
f 1964/809/1675 1951/796/1664 1965/810/1676
f 1950/795/1663 1965/810/1676 1951/796/1664
f 1965/810/1676 1950/795/1663 1966/811/1677
f 1949/794/1662 1966/811/1677 1950/795/1663
f 1966/811/1677 1949/794/1662 1967/812/1678
f 1948/793/1661 1967/812/1678 1949/794/1662
f 1967/812/1678 1948/793/1661 1968/813/1679
f 1947/792/1660 1968/813/1679 1948/793/1661
f 1968/813/1679 1947/792/1660 1969/814/1680
f 1946/791/1659 1969/814/1680 1947/792/1660
f 1969/814/1680 1946/791/1659 1942/787/1655
f 1963/808/1674 1970/815/1681 1962/807/1673
f 1964/809/1675 1971/816/1682 1963/808/1674
f 1970/815/1681 1963/808/1674 1971/816/1682
f 1965/810/1676 1972/817/1683 1964/809/1675
f 1971/816/1682 1964/809/1675 1972/817/1683
f 1966/811/1677 1973/818/1684 1965/810/1676
f 1972/817/1683 1965/810/1676 1973/818/1684
f 1967/812/1678 1974/819/1685 1966/811/1677
f 1973/818/1684 1966/811/1677 1974/819/1685
f 1968/813/1679 1975/820/1686 1967/812/1678
f 1974/819/1685 1967/812/1678 1975/820/1686
f 1969/814/1680 1976/821/1687 1968/813/1679
f 1975/820/1686 1968/813/1679 1976/821/1687
f 1942/787/1655 1977/822/1688 1969/814/1680
f 1977/822/1688 1942/787/1655 1978/823/1689
f 1941/786/1654 1978/823/1689 1942/787/1655
f 1978/823/1689 1941/786/1654 1979/824/1690
f 1943/788/1656 1979/824/1690 1941/786/1654
f 1979/824/1690 1943/788/1656 1980/825/1691
f 1944/789/1657 1980/825/1691 1943/788/1656
f 1980/825/1691 1944/789/1657 1981/826/1692
f 1945/790/1658 1981/826/1692 1944/789/1657
f 1976/821/1687 1969/814/1680 1977/822/1688
f 1958/803/1670 1982/827/1693 1959/804/1658
f 1983/828/1692 1959/804/1658 1982/827/1693
f 1982/827/1693 1958/803/1670 1984/829/1694
f 1960/805/1671 1984/829/1694 1958/803/1670
f 1984/829/1694 1960/805/1671 1985/830/1695
f 1961/806/1672 1985/830/1695 1960/805/1671
f 1985/830/1695 1961/806/1672 1986/831/1696
f 1962/807/1673 1986/831/1696 1961/806/1672
f 1986/831/1696 1962/807/1673 1970/815/1681
f 1989/832/1697 1988/833/1697 1987/834/1697
f 1988/833/1697 1990/835/1697 1987/834/1697
f 1991/836/1697 1990/835/1697 1988/833/1697
f 1992/837/1697 1991/836/1697 1988/833/1697
f 1993/838/1697 1992/837/1697 1988/833/1697
f 1994/839/1697 1991/836/1697 1992/837/1697
f 1995/840/1697 1990/835/1697 1991/836/1697
f 1996/841/1697 1995/840/1697 1991/836/1697
f 1997/842/1697 1996/841/1697 1991/836/1697
f 1998/843/1697 1995/840/1697 1996/841/1697
f 1999/844/1697 1990/835/1697 1995/840/1697
f 2000/845/1697 1999/844/1697 1995/840/1697
f 2001/846/1697 1990/835/1697 1999/844/1697
f 1987/834/1697 1990/835/1697 2002/847/1697
f 2005/844/1600 2004/845/1600 2003/846/1600
f 2004/845/1600 2006/847/1600 2003/846/1600
f 2007/842/1600 2006/847/1600 2004/845/1600
f 2008/843/1600 2007/842/1600 2004/845/1600
f 2009/840/1600 2008/843/1600 2004/845/1600
f 2010/841/1600 2007/842/1600 2008/843/1600
f 2011/838/1600 2006/847/1600 2007/842/1600
f 2012/839/1600 2011/838/1600 2007/842/1600
f 2013/836/1600 2012/839/1600 2007/842/1600
f 2014/837/1600 2011/838/1600 2012/839/1600
f 2015/832/1600 2006/847/1600 2011/838/1600
f 2016/833/1600 2015/832/1600 2011/838/1600
f 2017/834/1600 2006/847/1600 2015/832/1600
f 2003/846/1600 2006/847/1600 2018/835/1600
o Propeller8
v 0.000019 -0.101563 1.172858
v -0.011600 -0.065806 1.166903
v 0.000019 -0.063965 1.166903
v -0.022081 -0.071146 1.166903
v -0.030399 -0.079464 1.166903
v -0.035739 -0.089945 1.166903
v -0.037579 -0.101563 1.166903
v -0.035739 -0.113182 1.166903
v -0.030399 -0.123663 1.166903
v -0.022081 -0.131981 1.166903
v -0.011600 -0.137321 1.166903
v 0.000019 -0.139161 1.166903
v 0.011637 -0.137321 1.166903
v 0.022118 -0.131981 1.166903
v 0.030436 -0.123663 1.166903
v 0.035777 -0.113182 1.166903
v 0.037617 -0.101563 1.166903
v -0.022081 -0.033548 1.149621
v -0.042017 -0.043706 1.149622
v -0.057838 -0.059528 1.149621
v -0.067997 -0.079464 1.149622
v -0.071497 -0.101563 1.149622
v -0.067997 -0.123663 1.149622
v -0.057838 -0.143599 1.149622
v -0.042017 -0.159421 1.149622
v -0.022081 -0.169579 1.149622
v 0.000019 -0.173079 1.149622
v 0.022118 -0.169579 1.149621
v 0.042055 -0.159421 1.149621
v 0.057876 -0.143599 1.149621
v 0.068034 -0.123663 1.149621
v 0.071534 -0.101563 1.149621
v 0.068034 -0.079464 1.149621
v 0.035777 -0.089945 1.166903
v 0.030436 -0.079464 1.166903
v 0.022118 -0.071146 1.166903
v 0.011637 -0.065806 1.166903
v 0.057876 -0.059528 1.149621
v 0.042054 -0.043706 1.149621
v 0.022118 -0.033548 1.149621
v 0.000019 -0.030048 1.149621
v -0.030399 -0.007948 1.122704
v 0.000019 -0.003131 1.122704
v -0.057838 -0.021930 1.122704
v -0.079615 -0.043706 1.122704
v -0.093596 -0.071146 1.122704
v -0.098414 -0.101563 1.122704
v -0.093596 -0.131981 1.122704
v -0.079615 -0.159421 1.122704
v -0.057838 -0.181197 1.122704
v -0.030399 -0.195178 1.122704
v 0.000019 -0.199996 1.122704
v 0.030436 -0.195178 1.122704
v 0.057876 -0.181197 1.122704
v 0.079653 -0.159421 1.122704
v 0.093634 -0.131981 1.122704
v 0.098451 -0.101563 1.122704
v 0.093634 -0.071146 1.122704
v 0.079652 -0.043706 1.122704
v 0.057876 -0.021930 1.122704
v 0.030436 -0.007948 1.122704
v -0.035739 0.008488 1.088787
v 0.000019 -0.003131 1.122704
v -0.030399 -0.007948 1.122704
v 0.000019 0.014151 1.088787
v -0.067997 -0.007948 1.088787
v -0.057838 -0.021930 1.122704
v -0.093596 -0.033548 1.088787
v -0.079615 -0.043706 1.122704
v -0.110032 -0.065806 1.088787
v -0.093596 -0.071146 1.122704
v -0.115696 -0.101563 1.088787
v -0.098414 -0.101563 1.122704
v -0.110032 -0.137321 1.088787
v -0.093596 -0.131981 1.122704
v -0.093596 -0.169579 1.088787
v -0.079615 -0.159421 1.122704
v -0.067996 -0.195178 1.088787
v -0.057838 -0.181197 1.122704
v -0.035739 -0.211615 1.088787
v -0.030399 -0.195178 1.122704
v 0.000019 -0.217278 1.088787
v 0.000019 -0.199996 1.122704
v 0.035777 -0.211614 1.088787
v 0.030436 -0.195178 1.122704
v 0.068034 -0.195178 1.088787
v 0.057876 -0.181197 1.122704
v 0.093634 -0.169579 1.088787
v 0.079653 -0.159421 1.122704
v 0.110070 -0.137321 1.088787
v 0.093634 -0.131981 1.122704
v 0.115733 -0.101563 1.088787
v 0.098451 -0.101563 1.122704
v 0.110070 -0.065805 1.088787
v 0.093634 -0.071146 1.122704
v 0.093634 -0.033548 1.088787
v 0.079652 -0.043706 1.122704
v 0.068034 -0.007948 1.088787
v 0.057876 -0.021930 1.122704
v 0.035776 0.008488 1.088787
v 0.030436 -0.007948 1.122704
v 0.000019 0.014151 1.088787
v 0.000019 -0.003131 1.122704
v 0.115733 -0.139161 1.051189
v 0.098451 -0.173079 1.051189
v 0.071534 -0.199996 1.051189
v 0.037617 -0.217278 1.051189
v 0.000019 -0.223233 1.051189
v -0.037579 -0.217278 1.051189
v -0.071497 -0.199996 1.051189
v -0.098414 -0.173079 1.051189
v -0.115696 -0.139161 1.051189
v -0.121651 -0.101563 1.051189
v -0.115696 -0.063965 1.051189
v -0.098414 -0.030048 1.051189
v -0.071497 -0.003131 1.051189
v -0.037579 0.014151 1.051189
v 0.000019 0.020106 1.051189
v 0.000019 0.020106 0.910113
v -0.037579 0.014151 0.910113
v -0.071497 -0.003131 0.910113
v -0.098414 -0.030048 0.910113
v -0.115696 -0.063965 0.910113
v -0.121651 -0.101563 0.910113
v -0.115696 -0.139161 0.910113
v -0.098414 -0.173079 0.910113
v -0.071497 -0.199996 0.910113
v -0.037579 -0.217278 0.910113
v 0.000019 -0.223233 0.910113
v 0.037617 -0.217278 0.910113
v 0.071534 -0.199996 0.910113
v 0.098451 -0.173079 0.910113
v 0.115733 -0.139161 0.910113
v 0.121688 -0.101563 1.051189
v 0.115733 -0.063965 1.051189
v 0.098451 -0.030048 1.051189
v 0.071534 -0.003131 1.051189
v 0.037616 0.014151 1.051189
v 0.000019 0.020106 1.051189
v 0.121688 -0.101563 0.910113
v 0.115733 -0.063965 0.910113
v 0.098451 -0.030048 0.910113
v 0.071534 -0.003131 0.910113
v 0.037616 0.014151 0.910113
v 0.000019 0.020106 0.910113
v 0.079518 0.575264 1.121705
v 0.068602 0.594029 1.121848
v 0.080150 0.595118 1.119348
v 0.068004 0.575264 1.123874
v 0.067035 0.612331 1.117629
v 0.078486 0.614483 1.114682
v 0.063249 0.629721 1.111397
v 0.074461 0.632882 1.107906
v 0.057260 0.645770 1.103369
v 0.068090 0.649862 1.099257
v 0.049169 0.660082 1.093779
v 0.059475 0.665006 1.088992
v 0.039157 0.672307 1.082878
v 0.048811 0.677940 1.077378
v 0.027488 0.682141 1.070921
v 0.036379 0.688345 1.064685
v 0.014498 0.689344 1.058163
v 0.022538 0.695967 1.051183
v 0.000582 0.693738 1.044857
v 0.007713 0.700616 1.037136
v -0.013824 0.695215 1.031254
v -0.007624 0.702178 1.022804
v -0.028259 0.693738 1.017604
v -0.022978 0.700616 1.008444
v -0.042264 0.689344 1.004157
v -0.037854 0.695967 0.994314
v -0.055398 0.682141 0.991168
v -0.051780 0.688345 0.980677
v -0.067263 0.672307 0.978896
v -0.064328 0.677940 0.967799
v -0.077518 0.660082 0.967604
v -0.075135 0.665006 0.955955
v -0.085895 0.645770 0.957556
v -0.083917 0.649862 0.945420
v -0.092204 0.629721 0.949013
v -0.090477 0.632882 0.936470
v -0.096338 0.612331 0.942225
v -0.094706 0.614483 0.929367
v -0.098270 0.594029 0.937420
v -0.096584 0.595118 0.924357
v -0.098047 0.575264 0.934792
v -0.096172 0.575264 0.921647
v -0.044996 0.690534 0.969380
v -0.030821 0.698302 0.983194
v -0.015655 0.703041 0.997532
v -0.077553 0.651306 0.933802
v -0.068691 0.666743 0.944408
v -0.057742 0.679927 0.956360
v -0.090090 0.595502 0.912774
v -0.088313 0.615242 0.917729
v -0.084129 0.633997 0.924820
v 0.000019 0.704634 1.012130
v 0.015693 0.703041 1.026728
v 0.030859 0.698302 1.041066
v 0.045034 0.690534 1.054880
v 0.057780 0.679927 1.067900
v 0.068729 0.666743 1.079853
v 0.077591 0.651306 1.090458
v 0.084166 0.633997 1.099440
v 0.088351 0.615242 1.106531
v 0.090128 0.595502 1.111487
v 0.089564 0.575264 1.114095
v 0.071760 0.523097 1.120722
v 0.060334 0.523097 1.122451
v 0.081853 0.523097 1.113461
v 0.054758 0.430620 1.112509
v 0.043274 0.430620 1.113172
v 0.065132 0.430620 1.106036
v 0.037966 0.327524 1.101599
v 0.026430 0.327524 1.101062
v 0.048676 0.327524 1.095984
v 0.023625 0.225748 1.089012
v 0.012050 0.225748 1.087281
v 0.034691 0.225748 1.084227
v 0.011648 0.125289 1.074820
v 0.000047 0.125289 1.071900
v 0.023089 0.125289 1.070834
v 0.002227 0.014024 1.062359
v -0.008322 0.014024 1.058129
v 0.012954 0.014024 1.058942
v 0.015693 0.703041 1.026728
v -0.015655 0.703041 0.997532
v -0.089526 0.575264 0.910165
v -0.081815 0.523097 0.910800
v -0.088978 0.523097 0.921688
v -0.091418 0.523097 0.934545
v -0.072999 0.430620 0.928258
v -0.076204 0.430620 0.940862
v -0.065094 0.430620 0.918225
v -0.057348 0.327524 0.937338
v -0.061418 0.327524 0.949670
v -0.048639 0.327524 0.928276
v -0.044133 0.225748 0.948117
v -0.049070 0.225748 0.960191
v -0.034653 0.225748 0.940034
v -0.033268 0.125289 0.960526
v -0.039073 0.125289 0.972354
v -0.023051 0.125289 0.953426
v -0.022802 0.014024 0.971784
v -0.028819 0.014024 0.983955
v -0.012917 0.014024 0.965319
v 0.068004 0.575264 1.123874
v 0.067035 0.612331 1.117629
v 0.068602 0.594029 1.121848
v 0.063249 0.629721 1.111397
v 0.057260 0.645770 1.103369
v 0.049169 0.660082 1.093779
v 0.039157 0.672307 1.082878
v 0.027488 0.682141 1.070921
v 0.014498 0.689344 1.058163
v 0.000582 0.693738 1.044857
v -0.013824 0.695215 1.031254
v -0.028259 0.693738 1.017604
v -0.042264 0.689344 1.004157
v -0.055398 0.682141 0.991168
v -0.067263 0.672307 0.978896
v -0.077518 0.660082 0.967604
v -0.085895 0.645770 0.957556
v -0.092204 0.629721 0.949013
v -0.096338 0.612331 0.942225
v -0.098270 0.594029 0.937420
v -0.098047 0.575264 0.934792
v -0.091418 0.523097 0.934545
v 0.060334 0.523097 1.122451
v 0.043274 0.430620 1.113172
v -0.076204 0.430620 0.940862
v -0.061418 0.327524 0.949670
v 0.026430 0.327524 1.101062
v -0.049070 0.225748 0.960191
v 0.012050 0.225748 1.087281
v -0.039073 0.125289 0.972354
v 0.000047 0.125289 1.071900
v -0.028819 0.014024 0.983955
v -0.008322 0.014024 1.058129
v -0.079481 0.575264 0.902555
v -0.068564 0.594029 0.902413
v -0.080113 0.595118 0.904912
v -0.067966 0.575264 0.900386
v -0.066997 0.612331 0.906632
v -0.078448 0.614483 0.909579
v -0.063211 0.629721 0.912863
v -0.074423 0.632882 0.916354
v -0.057222 0.645770 0.920892
v -0.068052 0.649862 0.925003
v -0.049131 0.660082 0.930481
v -0.059437 0.665006 0.935268
v -0.039119 0.672307 0.941382
v -0.048773 0.677940 0.946883
v -0.027451 0.682141 0.953339
v -0.036341 0.688345 0.959575
v -0.014460 0.689344 0.966097
v -0.022499 0.695967 0.973077
v -0.000544 0.693738 0.979403
v -0.007675 0.700616 0.987124
v 0.013862 0.695215 0.993006
v 0.007662 0.702178 1.001456
v 0.028297 0.693738 1.006656
v 0.023016 0.700616 1.015816
v 0.042302 0.689344 1.020103
v 0.037892 0.695967 1.029946
v 0.055435 0.682141 1.033092
v 0.051818 0.688345 1.043583
v 0.067300 0.672307 1.045364
v 0.064366 0.677940 1.056461
v 0.077556 0.660082 1.056656
v 0.075173 0.665006 1.068305
v 0.085933 0.645770 1.066704
v 0.083955 0.649862 1.078840
v 0.092242 0.629721 1.075247
v 0.090515 0.632882 1.087790
v 0.096376 0.612331 1.082035
v 0.094744 0.614483 1.094893
v 0.098308 0.594029 1.086841
v 0.096622 0.595118 1.099904
v 0.098085 0.575264 1.089468
v 0.096210 0.575264 1.102613
v 0.045034 0.690534 1.054880
v 0.030859 0.698302 1.041066
v 0.015693 0.703041 1.026728
v 0.077591 0.651306 1.090458
v 0.068729 0.666743 1.079853
v 0.057780 0.679927 1.067900
v 0.090128 0.595502 1.111487
v 0.088351 0.615242 1.106531
v 0.084166 0.633997 1.099440
v 0.000019 0.704634 1.012130
v -0.015655 0.703041 0.997532
v -0.030821 0.698302 0.983194
v -0.044996 0.690534 0.969380
v -0.057742 0.679927 0.956360
v -0.068691 0.666743 0.944408
v -0.077553 0.651306 0.933802
v -0.084129 0.633997 0.924820
v -0.088313 0.615242 0.917729
v -0.090090 0.595502 0.912774
v -0.089526 0.575264 0.910165
v -0.071722 0.523097 0.903539
v -0.060296 0.523097 0.901810
v -0.081815 0.523097 0.910800
v -0.054720 0.430620 0.911751
v -0.043236 0.430620 0.911089
v -0.065094 0.430620 0.918225
v -0.037928 0.327524 0.922662
v -0.026392 0.327524 0.923199
v -0.048639 0.327524 0.928276
v -0.023587 0.225748 0.935248
v -0.012012 0.225748 0.936979
v -0.034653 0.225748 0.940034
v -0.011610 0.125289 0.949440
v -0.000009 0.125289 0.952360
v -0.023051 0.125289 0.953426
v -0.002189 0.014024 0.961902
v 0.008360 0.014024 0.966132
v -0.012917 0.014024 0.965319
v -0.015655 0.703041 0.997532
v 0.015693 0.703041 1.026728
v 0.089564 0.575264 1.114095
v 0.081853 0.523097 1.113461
v 0.089015 0.523097 1.102572
v 0.091456 0.523097 1.089715
v 0.073037 0.430620 1.096002
v 0.076242 0.430620 1.083398
v 0.065132 0.430620 1.106036
v 0.057386 0.327524 1.086922
v 0.061456 0.327524 1.074591
v 0.048676 0.327524 1.095984
v 0.044171 0.225748 1.076143
v 0.049108 0.225748 1.064070
v 0.034691 0.225748 1.084227
v 0.033306 0.125289 1.063735
v 0.039111 0.125289 1.051906
v 0.023089 0.125289 1.070834
v 0.022840 0.014024 1.052477
v 0.028856 0.014024 1.040305
v 0.012954 0.014024 1.058942
v -0.067966 0.575264 0.900386
v -0.066997 0.612331 0.906632
v -0.068564 0.594029 0.902413
v -0.063211 0.629721 0.912863
v -0.057222 0.645770 0.920892
v -0.049131 0.660082 0.930481
v -0.039119 0.672307 0.941382
v -0.027451 0.682141 0.953339
v -0.014460 0.689344 0.966097
v -0.000544 0.693738 0.979403
v 0.013862 0.695215 0.993006
v 0.028297 0.693738 1.006656
v 0.042302 0.689344 1.020103
v 0.055435 0.682141 1.033092
v 0.067300 0.672307 1.045364
v 0.077556 0.660082 1.056656
v 0.085933 0.645770 1.066704
v 0.092242 0.629721 1.075247
v 0.096376 0.612331 1.082035
v 0.098308 0.594029 1.086841
v 0.098085 0.575264 1.089468
v 0.091456 0.523097 1.089715
v -0.060296 0.523097 0.901810
v -0.043236 0.430620 0.911089
v 0.076242 0.430620 1.083398
v 0.061456 0.327524 1.074591
v -0.026392 0.327524 0.923199
v 0.049108 0.225748 1.064070
v -0.012012 0.225748 0.936979
v 0.039111 0.125289 1.051906
v -0.000009 0.125289 0.952360
v 0.028856 0.014024 1.040305
v 0.008360 0.014024 0.966132
v 0.546419 -0.508826 1.121705
v 0.568128 -0.508754 1.121848
v 0.563297 -0.519300 1.119348
v 0.552176 -0.498855 1.123874
v 0.584761 -0.516549 1.117629
v 0.580899 -0.527542 1.114682
v 0.601715 -0.521964 1.111398
v 0.598846 -0.533255 1.107906
v 0.618608 -0.524802 1.103369
v 0.616737 -0.536228 1.099258
v 0.635048 -0.524951 1.093779
v 0.634159 -0.536339 1.088992
v 0.650641 -0.522393 1.082878
v 0.650692 -0.533571 1.077378
v 0.664992 -0.517205 1.070921
v 0.665920 -0.528006 1.064685
v 0.677725 -0.509557 1.058163
v 0.679441 -0.519830 1.051183
v 0.688489 -0.499702 1.044857
v 0.690879 -0.509317 1.037136
v 0.696971 -0.487965 1.031254
v 0.699901 -0.496816 1.022804
v 0.702909 -0.474725 1.017604
v 0.706225 -0.482737 1.008444
v 0.706106 -0.460400 1.004157
v 0.709637 -0.467530 0.994314
v 0.706435 -0.445424 0.991168
v 0.709999 -0.451659 0.980677
v 0.703851 -0.430231 0.978896
v 0.707262 -0.435589 0.967800
v 0.698392 -0.415237 0.967604
v 0.701464 -0.419763 0.955955
v 0.690185 -0.400826 0.957556
v 0.692741 -0.404586 0.945421
v 0.679441 -0.387338 0.949013
v 0.681315 -0.390415 0.936470
v 0.666448 -0.375063 0.942225
v 0.667495 -0.377553 0.929368
v 0.651564 -0.364239 0.937420
v 0.651664 -0.366243 0.924357
v 0.635202 -0.355050 0.934792
v 0.634264 -0.356673 0.921647
v 0.708502 -0.458628 0.969381
v 0.708143 -0.474788 0.983194
v 0.704664 -0.490292 0.997532
v 0.690808 -0.410819 0.933802
v 0.699746 -0.426212 0.944408
v 0.705690 -0.442286 0.956360
v 0.648750 -0.372060 0.912774
v 0.664956 -0.383469 0.917729
v 0.679107 -0.396470 0.924820
v 0.698206 -0.504663 1.012130
v 0.688990 -0.517440 1.026728
v 0.677303 -0.528205 1.041066
v 0.663487 -0.536596 1.054880
v 0.647928 -0.542332 1.067901
v 0.631036 -0.545221 1.079853
v 0.613237 -0.545177 1.090458
v 0.594959 -0.542218 1.099440
v 0.576624 -0.536464 1.106531
v 0.558641 -0.528133 1.111487
v 0.541396 -0.517526 1.114095
v 0.505119 -0.476023 1.120722
v 0.510833 -0.466128 1.122451
v 0.500073 -0.484764 1.113461
v 0.433533 -0.415061 1.112509
v 0.439276 -0.405115 1.113172
v 0.428346 -0.424045 1.106036
v 0.352646 -0.348971 1.101599
v 0.358414 -0.338980 1.101062
v 0.347291 -0.358246 1.095984
v 0.271676 -0.285662 1.089012
v 0.277463 -0.275638 1.087281
v 0.266142 -0.295246 1.084227
v 0.190664 -0.225061 1.074820
v 0.196464 -0.215014 1.071900
v 0.184944 -0.234969 1.070834
v 0.099016 -0.161269 1.062359
v 0.104291 -0.152134 1.058129
v 0.093652 -0.170560 1.058942
v 0.688990 -0.517440 1.026728
v 0.704664 -0.490292 0.997532
v 0.630941 -0.362429 0.910166
v 0.581907 -0.343024 0.910800
v 0.585488 -0.336820 0.921688
v 0.586708 -0.334707 0.934545
v 0.497412 -0.304420 0.928258
v 0.499014 -0.301644 0.940862
v 0.493459 -0.311266 0.918225
v 0.400303 -0.266426 0.937339
v 0.402338 -0.262901 0.949670
v 0.395948 -0.273969 0.928276
v 0.305555 -0.226982 0.948117
v 0.308023 -0.222707 0.960191
v 0.300815 -0.235192 0.940034
v 0.213122 -0.186162 0.960526
v 0.216025 -0.181135 0.972354
v 0.208013 -0.195011 0.953426
v 0.111531 -0.139594 0.971784
v 0.114539 -0.134383 0.983955
v 0.106588 -0.148154 0.965319
v 0.552176 -0.498855 1.123874
v 0.584761 -0.516549 1.117629
v 0.568128 -0.508754 1.121848
v 0.601715 -0.521964 1.111398
v 0.618608 -0.524802 1.103369
v 0.635048 -0.524951 1.093779
v 0.650641 -0.522393 1.082878
v 0.664992 -0.517205 1.070921
v 0.677725 -0.509557 1.058163
v 0.688489 -0.499702 1.044857
v 0.696971 -0.487965 1.031254
v 0.702909 -0.474725 1.017604
v 0.706106 -0.460400 1.004157
v 0.706435 -0.445424 0.991168
v 0.703851 -0.430231 0.978896
v 0.698392 -0.415237 0.967604
v 0.690185 -0.400826 0.957556
v 0.679441 -0.387338 0.949013
v 0.666448 -0.375063 0.942225
v 0.651564 -0.364239 0.937420
v 0.635202 -0.355050 0.934792
v 0.586708 -0.334707 0.934545
v 0.510833 -0.466128 1.122451
v 0.439276 -0.405115 1.113172
v 0.499014 -0.301644 0.940862
v 0.402338 -0.262901 0.949670
v 0.358414 -0.338980 1.101062
v 0.308023 -0.222707 0.960191
v 0.277463 -0.275638 1.087281
v 0.216025 -0.181135 0.972354
v 0.196464 -0.215014 1.071900
v 0.114539 -0.134383 0.983955
v 0.104291 -0.152134 1.058129
v 0.625918 -0.371129 0.902555
v 0.636711 -0.389965 0.902413
v 0.643428 -0.380508 0.904912
v 0.620161 -0.381100 0.900386
v 0.651778 -0.400473 0.906632
v 0.659367 -0.391632 0.909579
v 0.664944 -0.412447 0.912863
v 0.673288 -0.404318 0.916354
v 0.675849 -0.425658 0.920892
v 0.684808 -0.418325 0.925003
v 0.684198 -0.439822 0.930482
v 0.693616 -0.433358 0.935268
v 0.689779 -0.454604 0.941382
v 0.699485 -0.449060 0.946883
v 0.692462 -0.469627 0.953339
v 0.702280 -0.465030 0.959575
v 0.692205 -0.484478 0.966097
v 0.701959 -0.480827 0.973077
v 0.689052 -0.498727 0.979403
v 0.698573 -0.495990 0.987124
v 0.683128 -0.511941 0.993006
v 0.692258 -0.510054 1.001456
v 0.674631 -0.523704 1.006656
v 0.683228 -0.522569 1.015817
v 0.663824 -0.533635 1.020103
v 0.671763 -0.533128 1.029946
v 0.651019 -0.541408 1.033092
v 0.658200 -0.541377 1.043583
v 0.636569 -0.546766 1.045364
v 0.642915 -0.547041 1.056461
v 0.620855 -0.549536 1.056656
v 0.626310 -0.549934 1.068305
v 0.604271 -0.549634 1.066705
v 0.608804 -0.549968 1.078840
v 0.587218 -0.547073 1.075247
v 0.590819 -0.547158 1.087790
v 0.570091 -0.541959 1.082035
v 0.572770 -0.541621 1.094893
v 0.553275 -0.534480 1.086841
v 0.555061 -0.533565 1.099904
v 0.537136 -0.524905 1.089468
v 0.538073 -0.523281 1.102613
v 0.663487 -0.536596 1.054880
v 0.677303 -0.528205 1.041066
v 0.688990 -0.517440 1.026728
v 0.613237 -0.545177 1.090458
v 0.631036 -0.545221 1.079853
v 0.647928 -0.542332 1.067901
v 0.558641 -0.528133 1.111487
v 0.576624 -0.536464 1.106531
v 0.594959 -0.542218 1.099440
v 0.698206 -0.504663 1.012130
v 0.704664 -0.490292 0.997532
v 0.708143 -0.474788 0.983194
v 0.708502 -0.458628 0.969381
v 0.705690 -0.442286 0.956360
v 0.699746 -0.426212 0.944408
v 0.690808 -0.410819 0.933802
v 0.679107 -0.396470 0.924820
v 0.664956 -0.383469 0.917729
v 0.648750 -0.372060 0.912774
v 0.630941 -0.362429 0.910166
v 0.576861 -0.351764 0.903539
v 0.571148 -0.361660 0.901810
v 0.581907 -0.343024 0.910800
v 0.488273 -0.320250 0.911751
v 0.482530 -0.330195 0.911089
v 0.493459 -0.311266 0.918225
v 0.390593 -0.283244 0.922662
v 0.384825 -0.293235 0.923199
v 0.395948 -0.273969 0.928276
v 0.295282 -0.244776 0.935248
v 0.289494 -0.254800 0.936979
v 0.300815 -0.235192 0.940034
v 0.202293 -0.204919 0.949440
v 0.196493 -0.214965 0.952360
v 0.208013 -0.195011 0.953426
v 0.101224 -0.157445 0.961902
v 0.095950 -0.166580 0.966132
v 0.106588 -0.148154 0.965319
v 0.704664 -0.490292 0.997532
v 0.688990 -0.517440 1.026728
v 0.541396 -0.517526 1.114095
v 0.500073 -0.484764 1.113461
v 0.496492 -0.490967 1.102572
v 0.495272 -0.493080 1.089715
v 0.424394 -0.430891 1.096002
v 0.422791 -0.433666 1.083398
v 0.428346 -0.424045 1.106036
v 0.342936 -0.365789 1.086922
v 0.340901 -0.369313 1.074591
v 0.347291 -0.358246 1.095984
v 0.261402 -0.303456 1.076143
v 0.258934 -0.307731 1.064070
v 0.266142 -0.295246 1.084227
v 0.179835 -0.243817 1.063735
v 0.176933 -0.248844 1.051906
v 0.184944 -0.234969 1.070834
v 0.088710 -0.179121 1.052477
v 0.085701 -0.184331 1.040305
v 0.093652 -0.170560 1.058942
v 0.620161 -0.381100 0.900386
v 0.651778 -0.400473 0.906632
v 0.636711 -0.389965 0.902413
v 0.664944 -0.412447 0.912863
v 0.675849 -0.425658 0.920892
v 0.684198 -0.439822 0.930482
v 0.689779 -0.454604 0.941382
v 0.692462 -0.469627 0.953339
v 0.692205 -0.484478 0.966097
v 0.689052 -0.498727 0.979403
v 0.683128 -0.511941 0.993006
v 0.674631 -0.523704 1.006656
v 0.663824 -0.533635 1.020103
v 0.651019 -0.541408 1.033092
v 0.636569 -0.546766 1.045364
v 0.620855 -0.549536 1.056656
v 0.604271 -0.549634 1.066705
v 0.587218 -0.547073 1.075247
v 0.570091 -0.541959 1.082035
v 0.553275 -0.534480 1.086841
v 0.537136 -0.524905 1.089468
v 0.495272 -0.493080 1.089715
v 0.571148 -0.361660 0.901810
v 0.482530 -0.330195 0.911089
v 0.422791 -0.433666 1.083398
v 0.340901 -0.369313 1.074591
v 0.384825 -0.293235 0.923199
v 0.258934 -0.307731 1.064070
v 0.289494 -0.254800 0.936979
v 0.176933 -0.248844 1.051906
v 0.196493 -0.214965 0.952360
v 0.085701 -0.184331 1.040305
v 0.095950 -0.166580 0.966132
v -0.625881 -0.371128 1.121705
v -0.636673 -0.389965 1.121848
v -0.643391 -0.380508 1.119348
v -0.620124 -0.381100 1.123874
v -0.651740 -0.400473 1.117628
v -0.659329 -0.391632 1.114682
v -0.664907 -0.412447 1.111397
v -0.673251 -0.404317 1.107906
v -0.675811 -0.425658 1.103369
v -0.684771 -0.418325 1.099257
v -0.684161 -0.439821 1.093779
v -0.693578 -0.433357 1.088992
v -0.689741 -0.454604 1.082878
v -0.699447 -0.449060 1.077377
v -0.692424 -0.469626 1.070921
v -0.702242 -0.465029 1.064685
v -0.692167 -0.484478 1.058163
v -0.701922 -0.480827 1.051183
v -0.689014 -0.498727 1.044857
v -0.698536 -0.495990 1.037136
v -0.683090 -0.511941 1.031254
v -0.692221 -0.510053 1.022804
v -0.674594 -0.523704 1.017604
v -0.683190 -0.522569 1.008444
v -0.663786 -0.533635 1.004157
v -0.671726 -0.533128 0.994314
v -0.650981 -0.541408 0.991168
v -0.658163 -0.541377 0.980677
v -0.636532 -0.546766 0.978896
v -0.642878 -0.547041 0.967799
v -0.620817 -0.549535 0.967604
v -0.626273 -0.549933 0.955955
v -0.604234 -0.549634 0.957556
v -0.608767 -0.549967 0.945420
v -0.587180 -0.547073 0.949013
v -0.590782 -0.547158 0.936470
v -0.570054 -0.541958 0.942225
v -0.572733 -0.541620 0.929367
v -0.553237 -0.534480 0.937420
v -0.555023 -0.533565 0.924357
v -0.537098 -0.524905 0.934792
v -0.538035 -0.523281 0.921647
v -0.663450 -0.536596 0.969380
v -0.677265 -0.528205 0.983194
v -0.688952 -0.517440 0.997532
v -0.613199 -0.545177 0.933802
v -0.630999 -0.545221 0.944408
v -0.647891 -0.542331 0.956360
v -0.558603 -0.528133 0.912774
v -0.576587 -0.536463 0.917729
v -0.594922 -0.542217 0.924820
v -0.698169 -0.504662 1.012130
v -0.704627 -0.490292 1.026728
v -0.708106 -0.474788 1.041066
v -0.708465 -0.458628 1.054880
v -0.705652 -0.442286 1.067900
v -0.699709 -0.426212 1.079853
v -0.690771 -0.410819 1.090458
v -0.679069 -0.396470 1.099440
v -0.664919 -0.383468 1.106531
v -0.648712 -0.372059 1.111487
v -0.630904 -0.362429 1.114095
v -0.576823 -0.351764 1.120721
v -0.571110 -0.361659 1.122451
v -0.581870 -0.343023 1.113461
v -0.488235 -0.320249 1.112509
v -0.482493 -0.330195 1.113172
v -0.493422 -0.311265 1.106036
v -0.390556 -0.283244 1.101598
v -0.384787 -0.293235 1.101062
v -0.395911 -0.273969 1.095984
v -0.295244 -0.244776 1.089012
v -0.289456 -0.254800 1.087281
v -0.300777 -0.235192 1.084227
v -0.202256 -0.204919 1.074820
v -0.196455 -0.214965 1.071900
v -0.207976 -0.195011 1.070834
v -0.101187 -0.157445 1.062359
v -0.095912 -0.166580 1.058129
v -0.106550 -0.148154 1.058942
v -0.704627 -0.490292 1.026728
v -0.688952 -0.517440 0.997532
v -0.541359 -0.517526 0.910165
v -0.500036 -0.484763 0.910800
v -0.496455 -0.490967 0.921688
v -0.495235 -0.493080 0.934545
v -0.424356 -0.430891 0.928258
v -0.422754 -0.433666 0.940862
v -0.428309 -0.424044 0.918225
v -0.342899 -0.365789 0.937338
v -0.340864 -0.369313 0.949670
v -0.347253 -0.358246 0.928276
v -0.261365 -0.303456 0.948117
v -0.258897 -0.307731 0.960191
v -0.266105 -0.295246 0.940034
v -0.179798 -0.243817 0.960526
v -0.176895 -0.248844 0.972354
v -0.184906 -0.234968 0.953426
v -0.088672 -0.179120 0.971784
v -0.085664 -0.184331 0.983955
v -0.093615 -0.170559 0.965319
v -0.620124 -0.381100 1.123874
v -0.651740 -0.400473 1.117628
v -0.636673 -0.389965 1.121848
v -0.664907 -0.412447 1.111397
v -0.675811 -0.425658 1.103369
v -0.684161 -0.439821 1.093779
v -0.689741 -0.454604 1.082878
v -0.692424 -0.469626 1.070921
v -0.692167 -0.484478 1.058163
v -0.689014 -0.498727 1.044857
v -0.683090 -0.511941 1.031254
v -0.674594 -0.523704 1.017604
v -0.663786 -0.533635 1.004157
v -0.650981 -0.541408 0.991168
v -0.636532 -0.546766 0.978896
v -0.620817 -0.549535 0.967604
v -0.604234 -0.549634 0.957556
v -0.587180 -0.547073 0.949013
v -0.570054 -0.541958 0.942225
v -0.553237 -0.534480 0.937420
v -0.537098 -0.524905 0.934792
v -0.495235 -0.493080 0.934545
v -0.571110 -0.361659 1.122451
v -0.482493 -0.330195 1.113172
v -0.422754 -0.433666 0.940862
v -0.340864 -0.369313 0.949670
v -0.384787 -0.293235 1.101062
v -0.258897 -0.307731 0.960191
v -0.289456 -0.254800 1.087281
v -0.176895 -0.248844 0.972354
v -0.196455 -0.214965 1.071900
v -0.085664 -0.184331 0.983955
v -0.095912 -0.166580 1.058129
v -0.546381 -0.508826 0.902555
v -0.568090 -0.508754 0.902413
v -0.563259 -0.519300 0.904912
v -0.552139 -0.498854 0.900386
v -0.584724 -0.516549 0.906632
v -0.580862 -0.527541 0.909579
v -0.601677 -0.521964 0.912863
v -0.598809 -0.533255 0.916354
v -0.618570 -0.524802 0.920892
v -0.616700 -0.536227 0.925002
v -0.635011 -0.524951 0.930481
v -0.634122 -0.536339 0.935268
v -0.650603 -0.522393 0.941382
v -0.650655 -0.533570 0.946883
v -0.664955 -0.517205 0.953339
v -0.665883 -0.528006 0.959575
v -0.677688 -0.509557 0.966097
v -0.679403 -0.519830 0.973077
v -0.688452 -0.499702 0.979403
v -0.690842 -0.509316 0.987124
v -0.696933 -0.487964 0.993006
v -0.699864 -0.496815 1.001456
v -0.702872 -0.474725 1.006656
v -0.706188 -0.482737 1.015816
v -0.706069 -0.460399 1.020103
v -0.709599 -0.467529 1.029946
v -0.706398 -0.445424 1.033092
v -0.709962 -0.451659 1.043583
v -0.703813 -0.430231 1.045364
v -0.707224 -0.435589 1.056461
v -0.698354 -0.415237 1.056656
v -0.701427 -0.419763 1.068305
v -0.690148 -0.400826 1.066704
v -0.692703 -0.404585 1.078840
v -0.679404 -0.387338 1.075247
v -0.681278 -0.390414 1.087790
v -0.666411 -0.375063 1.082035
v -0.667458 -0.377552 1.094893
v -0.651526 -0.364239 1.086841
v -0.651627 -0.366243 1.099903
v -0.635164 -0.355049 1.089468
v -0.634227 -0.356673 1.102613
v -0.708465 -0.458628 1.054880
v -0.708106 -0.474788 1.041066
v -0.704627 -0.490292 1.026728
v -0.690771 -0.410819 1.090458
v -0.699709 -0.426212 1.079853
v -0.705652 -0.442286 1.067900
v -0.648712 -0.372059 1.111487
v -0.664919 -0.383468 1.106531
v -0.679069 -0.396470 1.099440
v -0.698169 -0.504662 1.012130
v -0.688952 -0.517440 0.997532
v -0.677265 -0.528205 0.983194
v -0.663450 -0.536596 0.969380
v -0.647891 -0.542331 0.956360
v -0.630999 -0.545221 0.944408
v -0.613199 -0.545177 0.933802
v -0.594922 -0.542217 0.924820
v -0.576587 -0.536463 0.917729
v -0.558603 -0.528133 0.912774
v -0.541359 -0.517526 0.910165
v -0.505082 -0.476023 0.903539
v -0.510795 -0.466127 0.901810
v -0.500036 -0.484763 0.910800
v -0.433496 -0.415061 0.911751
v -0.439238 -0.405115 0.911089
v -0.428309 -0.424044 0.918225
v -0.352608 -0.348970 0.922662
v -0.358377 -0.338979 0.923199
v -0.347253 -0.358246 0.928276
v -0.271638 -0.285662 0.935248
v -0.277426 -0.275638 0.936979
v -0.266105 -0.295246 0.940034
v -0.190627 -0.225060 0.949440
v -0.196427 -0.215014 0.952360
v -0.184906 -0.234968 0.953426
v -0.098979 -0.161269 0.961902
v -0.104253 -0.152133 0.966132
v -0.093615 -0.170559 0.965319
v -0.688952 -0.517440 0.997532
v -0.704627 -0.490292 1.026728
v -0.630904 -0.362429 1.114095
v -0.581870 -0.343023 1.113461
v -0.585451 -0.336820 1.102572
v -0.586671 -0.334707 1.089715
v -0.497375 -0.304419 1.096002
v -0.498977 -0.301644 1.083398
v -0.493422 -0.311265 1.106036
v -0.400266 -0.266426 1.086922
v -0.402301 -0.262901 1.074591
v -0.395911 -0.273969 1.095984
v -0.305517 -0.226982 1.076143
v -0.307986 -0.222707 1.064070
v -0.300777 -0.235192 1.084227
v -0.213085 -0.186162 1.063735
v -0.215987 -0.181135 1.051906
v -0.207976 -0.195011 1.070834
v -0.111493 -0.139593 1.052477
v -0.114501 -0.134383 1.040305
v -0.106550 -0.148154 1.058942
v -0.552139 -0.498854 0.900386
v -0.584724 -0.516549 0.906632
v -0.568090 -0.508754 0.902413
v -0.601677 -0.521964 0.912863
v -0.618570 -0.524802 0.920892
v -0.635011 -0.524951 0.930481
v -0.650603 -0.522393 0.941382
v -0.664955 -0.517205 0.953339
v -0.677688 -0.509557 0.966097
v -0.688452 -0.499702 0.979403
v -0.696933 -0.487964 0.993006
v -0.702872 -0.474725 1.006656
v -0.706069 -0.460399 1.020103
v -0.706398 -0.445424 1.033092
v -0.703813 -0.430231 1.045364
v -0.698354 -0.415237 1.056656
v -0.690148 -0.400826 1.066704
v -0.679404 -0.387338 1.075247
v -0.666411 -0.375063 1.082035
v -0.651526 -0.364239 1.086841
v -0.635164 -0.355049 1.089468
v -0.586671 -0.334707 1.089715
v -0.510795 -0.466127 0.901810
v -0.439238 -0.405115 0.911089
v -0.498977 -0.301644 1.083398
v -0.402301 -0.262901 1.074591
v -0.358377 -0.338979 0.923199
v -0.307986 -0.222707 1.064070
v -0.277426 -0.275638 0.936979
v -0.215987 -0.181135 1.051906
v -0.196427 -0.215014 0.952360
v -0.114501 -0.134383 1.040305
v -0.104253 -0.152133 0.966132
vn -0.0000 0.3230 0.9464
vn -0.0998 0.3072 0.9464
vn -0.0000 -0.0000 1.0000
vn -0.1899 0.2613 0.9464
vn -0.2613 0.1899 0.9464
vn -0.3072 0.0998 0.9464
vn -0.3230 -0.0000 0.9464
vn -0.3072 -0.0998 0.9464
vn -0.2613 -0.1899 0.9464
vn -0.1899 -0.2613 0.9464
vn -0.0998 -0.3072 0.9464
vn -0.0000 -0.3230 0.9464
vn 0.0998 -0.3072 0.9464
vn 0.1899 -0.2613 0.9464
vn 0.2613 -0.1899 0.9464
vn 0.3072 -0.0998 0.9464
vn 0.3230 -0.0000 0.9464
vn -0.1847 0.5686 0.8016
vn -0.3514 0.4837 0.8016
vn -0.4837 0.3514 0.8016
vn -0.5686 0.1847 0.8016
vn -0.5978 -0.0000 0.8016
vn -0.5686 -0.1847 0.8016
vn -0.4837 -0.3514 0.8016
vn -0.3514 -0.4837 0.8016
vn -0.1847 -0.5686 0.8016
vn -0.0000 -0.5978 0.8016
vn 0.1847 -0.5686 0.8016
vn 0.3514 -0.4837 0.8016
vn 0.4837 -0.3514 0.8016
vn 0.5686 -0.1847 0.8016
vn 0.5978 -0.0000 0.8016
vn 0.5686 0.1847 0.8016
vn 0.3072 0.0998 0.9464
vn 0.2613 0.1899 0.9464
vn 0.1899 0.2613 0.9464
vn 0.0998 0.3072 0.9464
vn 0.4837 0.3514 0.8016
vn 0.3514 0.4837 0.8016
vn 0.1847 0.5686 0.8016
vn -0.0000 0.5978 0.8016
vn -0.2516 0.7744 0.5805
vn -0.0000 0.8143 0.5805
vn -0.4786 0.6588 0.5805
vn -0.6588 0.4786 0.5805
vn -0.7744 0.2516 0.5805
vn -0.8143 -0.0000 0.5805
vn -0.7744 -0.2516 0.5805
vn -0.6588 -0.4786 0.5805
vn -0.4786 -0.6588 0.5805
vn -0.2516 -0.7744 0.5805
vn -0.0000 -0.8143 0.5805
vn 0.2516 -0.7744 0.5805
vn 0.4786 -0.6588 0.5805
vn 0.6588 -0.4786 0.5805
vn 0.7744 -0.2516 0.5805
vn 0.8143 -0.0000 0.5805
vn 0.7744 0.2516 0.5805
vn 0.6588 0.4786 0.5805
vn 0.4786 0.6588 0.5805
vn 0.2516 0.7744 0.5805
vn -0.2943 0.9059 0.3045
vn -0.0000 0.9525 0.3045
vn -0.5599 0.7706 0.3045
vn -0.7706 0.5599 0.3045
vn -0.9059 0.2943 0.3045
vn -0.9525 -0.0000 0.3045
vn -0.9059 -0.2943 0.3045
vn -0.7706 -0.5599 0.3045
vn -0.5599 -0.7706 0.3045
vn -0.2943 -0.9059 0.3045
vn -0.0000 -0.9525 0.3045
vn 0.2943 -0.9059 0.3045
vn 0.5599 -0.7706 0.3045
vn 0.7706 -0.5599 0.3045
vn 0.9059 -0.2943 0.3045
vn 0.9525 -0.0000 0.3045
vn 0.9059 0.2943 0.3045
vn 0.7706 0.5599 0.3045
vn 0.5599 0.7706 0.3045
vn 0.2943 0.9059 0.3045
vn 0.9482 -0.3081 0.0779
vn 0.8066 -0.5860 0.0779
vn 0.5860 -0.8066 0.0779
vn 0.3081 -0.9482 0.0779
vn -0.0000 -0.9970 0.0779
vn -0.3081 -0.9482 0.0779
vn -0.5860 -0.8066 0.0779
vn -0.8066 -0.5860 0.0779
vn -0.9482 -0.3081 0.0779
vn -0.9970 -0.0000 0.0779
vn -0.9482 0.3081 0.0779
vn -0.8066 0.5860 0.0779
vn -0.5860 0.8066 0.0779
vn -0.3081 0.9482 0.0779
vn -0.0000 0.9970 0.0779
vn -0.0000 1.0000 -0.0000
vn -0.3090 0.9511 -0.0000
vn -0.5878 0.8090 -0.0000
vn -0.8090 0.5878 -0.0000
vn -0.9511 0.3090 -0.0000
vn -1.0000 -0.0000 -0.0000
vn -0.9511 -0.3090 -0.0000
vn -0.8090 -0.5878 -0.0000
vn -0.5878 -0.8090 -0.0000
vn -0.3090 -0.9511 -0.0000
vn -0.0000 -1.0000 -0.0000
vn 0.3090 -0.9511 -0.0000
vn 0.5878 -0.8090 -0.0000
vn 0.8090 -0.5878 -0.0000
vn 0.9511 -0.3090 -0.0000
vn 0.9970 -0.0000 0.0779
vn 0.9482 0.3081 0.0779
vn 0.8066 0.5860 0.0779
vn 0.5860 0.8066 0.0779
vn 0.3081 0.9482 0.0779
vn -0.0000 0.9970 0.0778
vn 1.0000 -0.0000 -0.0000
vn 0.9511 0.3090 -0.0000
vn 0.8090 0.5878 -0.0000
vn 0.5878 0.8090 -0.0000
vn 0.3090 0.9511 -0.0000
vn 0.4143 0.1703 0.8941
vn 0.1904 0.1672 0.9674
vn 0.4089 0.0048 0.9126
vn 0.1851 0.0184 0.9825
vn 0.1815 0.3003 0.9364
vn 0.4003 0.3195 0.8589
vn 0.1554 0.4242 0.8921
vn 0.3664 0.4591 0.8093
vn 0.1129 0.5357 0.8368
vn 0.3139 0.5850 0.7479
vn 0.0556 0.6317 0.7732
vn 0.2446 0.6937 0.6775
vn -0.0145 0.7102 0.7039
vn 0.1613 0.7828 0.6010
vn -0.0952 0.7699 0.6310
vn 0.0669 0.8510 0.5209
vn -0.1840 0.8102 0.5565
vn -0.0358 0.8978 0.4390
vn -0.2788 0.8308 0.4816
vn -0.1441 0.9230 0.3568
vn -0.3774 0.8317 0.4072
vn -0.2558 0.9269 0.2748
vn -0.4775 0.8128 0.3337
vn -0.3683 0.9093 0.1935
vn -0.5764 0.7742 0.2616
vn -0.4793 0.8703 0.1133
vn -0.6712 0.7162 0.1913
vn -0.5856 0.8099 0.0347
vn -0.7586 0.6397 0.1239
vn -0.6837 0.7286 -0.0411
vn -0.8353 0.5464 0.0605
vn -0.7702 0.6279 -0.1125
vn -0.8984 0.4392 0.0028
vn -0.8414 0.5104 -0.1775
vn -0.9457 0.3216 -0.0475
vn -0.8950 0.3799 -0.2337
vn -0.9763 0.1976 -0.0887
vn -0.9295 0.2408 -0.2792
vn -0.9903 0.0711 -0.1193
vn -0.9450 0.0976 -0.3121
vn -0.9879 -0.0628 -0.1416
vn -0.9415 -0.0556 -0.3325
vn -0.3552 0.8980 -0.2598
vn -0.2410 0.9548 -0.1740
vn -0.1217 0.9887 -0.0871
vn -0.6341 0.5942 -0.4948
vn -0.5554 0.7163 -0.4225
vn -0.4612 0.8182 -0.3432
vn -0.7516 0.1447 -0.6436
vn -0.7336 0.3038 -0.6079
vn -0.6942 0.4553 -0.5575
vn 0.1217 0.9887 0.0872
vn 0.2410 0.9548 0.1740
vn 0.3552 0.8980 0.2598
vn 0.4612 0.8182 0.3433
vn 0.5554 0.7163 0.4225
vn 0.6341 0.5942 0.4948
vn 0.6942 0.4553 0.5576
vn 0.7336 0.3038 0.6079
vn 0.7516 0.1447 0.6436
vn 0.7484 -0.0294 0.6626
vn 0.3743 -0.1077 0.9210
vn 0.1480 -0.0820 0.9856
vn 0.7143 -0.1452 0.6846
vn 0.2974 -0.1439 0.9438
vn 0.0536 -0.1123 0.9922
vn 0.6581 -0.1766 0.7320
vn 0.2116 -0.1436 0.9667
vn -0.0498 -0.1129 0.9924
vn 0.5929 -0.1713 0.7868
vn 0.1255 -0.1468 0.9812
vn -0.1505 -0.1171 0.9817
vn 0.5227 -0.1694 0.8355
vn 0.0419 -0.1328 0.9903
vn -0.2471 -0.1018 0.9636
vn 0.4508 -0.1523 0.8795
vn -0.0501 -0.1131 0.9923
vn -0.3708 -0.0866 0.9247
vn 0.4236 -0.1329 0.8960
vn -0.7484 -0.0294 -0.6626
vn -0.7143 -0.1452 -0.6846
vn -0.9145 -0.1550 -0.3737
vn -0.9707 -0.1514 -0.1869
vn -0.8816 -0.1787 -0.4369
vn -0.9544 -0.1698 -0.2455
vn -0.6580 -0.1766 -0.7320
vn -0.8432 -0.1691 -0.5103
vn -0.9369 -0.1575 -0.3121
vn -0.5929 -0.1713 -0.7868
vn -0.7981 -0.1624 -0.5802
vn -0.9145 -0.1473 -0.3769
vn -0.5227 -0.1694 -0.8355
vn -0.7514 -0.1470 -0.6433
vn -0.8895 -0.1344 -0.4367
vn -0.4509 -0.1523 -0.8795
vn -0.7429 -0.1360 -0.6554
vn -0.8891 -0.1278 -0.4395
vn -0.4236 -0.1329 -0.8960
vn -0.7185 0.0973 0.6886
vn -0.7007 0.1007 0.7063
vn -0.7401 0.0569 0.6701
vn -0.6853 0.1053 0.7206
vn -0.6732 0.1101 0.7312
vn -0.6652 0.1141 0.7379
vn -0.6616 0.1163 0.7408
vn -0.6625 0.1156 0.7401
vn -0.6674 0.1111 0.7364
vn -0.6757 0.1023 0.7300
vn -0.6865 0.0889 0.7217
vn -0.6986 0.0710 0.7120
vn -0.7108 0.0492 0.7016
vn -0.7222 0.0246 0.6913
vn -0.7317 -0.0015 0.6816
vn -0.7389 -0.0275 0.6732
vn -0.7438 -0.0515 0.6664
vn -0.7465 -0.0720 0.6615
vn -0.7475 -0.0877 0.6584
vn -0.7476 -0.0975 0.6569
vn -0.7477 -0.0995 0.6566
vn -0.7797 -0.0615 0.6231
vn -0.7749 0.0893 0.6258
vn -0.8162 0.0357 0.5766
vn -0.8189 -0.0837 0.5678
vn -0.8481 -0.0383 0.5285
vn -0.8736 0.0542 0.4835
vn -0.8883 -0.0239 0.4587
vn -0.9075 0.0428 0.4179
vn -0.9213 -0.0223 0.3883
vn -0.9370 0.0241 0.3486
vn -0.9491 -0.0026 0.3149
vn -0.9631 0.0395 0.2661
vn -0.4143 0.1702 -0.8941
vn -0.1904 0.1672 -0.9674
vn -0.4089 0.0048 -0.9126
vn -0.1851 0.0184 -0.9825
vn -0.1815 0.3003 -0.9364
vn -0.4003 0.3195 -0.8589
vn -0.1554 0.4242 -0.8921
vn -0.3664 0.4591 -0.8093
vn -0.1129 0.5357 -0.8368
vn -0.3139 0.5850 -0.7479
vn -0.0556 0.6317 -0.7732
vn -0.2446 0.6937 -0.6775
vn 0.0145 0.7102 -0.7039
vn -0.1613 0.7828 -0.6010
vn 0.0952 0.7699 -0.6310
vn -0.0669 0.8510 -0.5209
vn 0.1840 0.8102 -0.5565
vn 0.0358 0.8978 -0.4390
vn 0.2788 0.8308 -0.4816
vn 0.1441 0.9230 -0.3568
vn 0.3774 0.8317 -0.4072
vn 0.2558 0.9269 -0.2748
vn 0.4775 0.8128 -0.3337
vn 0.3683 0.9093 -0.1935
vn 0.5764 0.7742 -0.2616
vn 0.4793 0.8703 -0.1133
vn 0.6712 0.7162 -0.1913
vn 0.5856 0.8099 -0.0347
vn 0.7586 0.6397 -0.1239
vn 0.6837 0.7286 0.0411
vn 0.8353 0.5464 -0.0605
vn 0.7702 0.6279 0.1125
vn 0.8984 0.4392 -0.0028
vn 0.8414 0.5104 0.1775
vn 0.9457 0.3216 0.0475
vn 0.8950 0.3799 0.2337
vn 0.9763 0.1976 0.0887
vn 0.9295 0.2408 0.2792
vn 0.9903 0.0711 0.1193
vn 0.9450 0.0976 0.3121
vn 0.9879 -0.0628 0.1416
vn 0.9415 -0.0556 0.3325
vn 0.1217 0.9887 0.0871
vn 0.4612 0.8182 0.3432
vn 0.6942 0.4553 0.5575
vn -0.1217 0.9887 -0.0872
vn -0.4612 0.8182 -0.3433
vn -0.6340 0.5942 -0.4948
vn -0.6942 0.4553 -0.5576
vn -0.3743 -0.1077 -0.9210
vn -0.1480 -0.0820 -0.9856
vn -0.2974 -0.1439 -0.9438
vn -0.0536 -0.1123 -0.9922
vn -0.6581 -0.1766 -0.7320
vn -0.2116 -0.1436 -0.9667
vn 0.0498 -0.1129 -0.9924
vn -0.1255 -0.1468 -0.9812
vn 0.1505 -0.1171 -0.9817
vn -0.0419 -0.1328 -0.9903
vn 0.2471 -0.1018 -0.9636
vn 0.0501 -0.1131 -0.9923
vn 0.3708 -0.0866 -0.9247
vn 0.9145 -0.1550 0.3737
vn 0.9706 -0.1514 0.1869
vn 0.8816 -0.1787 0.4369
vn 0.9544 -0.1698 0.2455
vn 0.8432 -0.1691 0.5103
vn 0.9369 -0.1575 0.3121
vn 0.7981 -0.1624 0.5802
vn 0.9145 -0.1473 0.3769
vn 0.7514 -0.1470 0.6433
vn 0.8895 -0.1344 0.4367
vn 0.4509 -0.1523 0.8795
vn 0.7429 -0.1360 0.6555
vn 0.8891 -0.1278 0.4395
vn 0.7185 0.0973 -0.6887
vn 0.7007 0.1007 -0.7063
vn 0.7401 0.0569 -0.6701
vn 0.6853 0.1053 -0.7206
vn 0.6732 0.1101 -0.7312
vn 0.6652 0.1141 -0.7379
vn 0.6616 0.1163 -0.7408
vn 0.6625 0.1156 -0.7401
vn 0.6674 0.1111 -0.7364
vn 0.6757 0.1023 -0.7300
vn 0.6865 0.0889 -0.7217
vn 0.6986 0.0710 -0.7120
vn 0.7108 0.0492 -0.7016
vn 0.7222 0.0246 -0.6913
vn 0.7317 -0.0016 -0.6816
vn 0.7389 -0.0275 -0.6732
vn 0.7438 -0.0515 -0.6664
vn 0.7465 -0.0720 -0.6615
vn 0.7475 -0.0877 -0.6584
vn 0.7476 -0.0975 -0.6569
vn 0.7477 -0.0995 -0.6566
vn 0.7797 -0.0615 -0.6231
vn 0.7749 0.0893 -0.6258
vn 0.8162 0.0357 -0.5766
vn 0.8189 -0.0837 -0.5678
vn 0.8481 -0.0383 -0.5285
vn 0.8736 0.0542 -0.4835
vn 0.8883 -0.0239 -0.4587
vn 0.9075 0.0428 -0.4179
vn 0.9213 -0.0223 -0.3883
vn 0.9370 0.0241 -0.3486
vn 0.9491 -0.0026 -0.3149
vn 0.9631 0.0395 -0.2661
vn -0.0597 -0.4440 0.8941
vn 0.0496 -0.2485 0.9674
vn -0.2003 -0.3565 0.9126
vn -0.0766 -0.1695 0.9825
vn 0.1693 -0.3073 0.9364
vn 0.0765 -0.5064 0.8589
vn 0.2897 -0.3467 0.8921
vn 0.2144 -0.5469 0.8093
vn 0.4074 -0.3656 0.8368
vn 0.3497 -0.5643 0.7479
vn 0.5193 -0.3640 0.7732
vn 0.4784 -0.5587 0.6775
vn 0.6223 -0.3425 0.7038
vn 0.5973 -0.5311 0.6010
vn 0.7144 -0.3026 0.6310
vn 0.7036 -0.4834 0.5209
vn 0.7937 -0.2458 0.5565
vn 0.7954 -0.4179 0.4390
vn 0.8590 -0.1739 0.4816
vn 0.8714 -0.3367 0.3568
vn 0.9090 -0.0890 0.4072
vn 0.9306 -0.2419 0.2748
vn 0.9426 0.0071 0.3337
vn 0.9717 -0.1357 0.1935
vn 0.9587 0.1121 0.2616
vn 0.9934 -0.0201 0.1133
vn 0.9558 0.2232 0.1913
vn 0.9942 0.1022 0.0347
vn 0.9333 0.3371 0.1239
vn 0.9728 0.2279 -0.0411
vn 0.8909 0.4502 0.0605
vn 0.9288 0.3530 -0.1125
vn 0.8296 0.5584 0.0028
vn 0.8627 0.4735 -0.1775
vn 0.7514 0.6582 -0.0475
vn 0.7765 0.5851 -0.2337
vn 0.6593 0.7467 -0.0887
vn 0.6733 0.6846 -0.2792
vn 0.5567 0.8221 -0.1193
vn 0.5571 0.7696 -0.3121
vn 0.4396 0.8870 -0.1416
vn 0.4226 0.8432 -0.3325
vn 0.9553 -0.1414 -0.2598
vn 0.9474 -0.2687 -0.1740
vn 0.9171 -0.3890 -0.0871
vn 0.8317 0.2520 -0.4948
vn 0.8980 0.1228 -0.4225
vn 0.9392 -0.0097 -0.3432
vn 0.5011 0.5785 -0.6436
vn 0.6299 0.4834 -0.6079
vn 0.7414 0.3735 -0.5575
vn 0.8660 -0.5000 -0.0000
vn 0.7954 -0.5997 0.0872
vn 0.7064 -0.6861 0.1740
vn 0.6001 -0.7566 0.2598
vn 0.4780 -0.8085 0.3433
vn 0.3427 -0.8391 0.4225
vn 0.1976 -0.8462 0.4949
vn 0.0472 -0.8288 0.5576
vn -0.1037 -0.7872 0.6079
vn -0.2505 -0.7232 0.6436
vn -0.3996 -0.6334 0.6626
vn -0.2805 -0.2703 0.9210
vn -0.1450 -0.0871 0.9856
vn -0.4829 -0.5460 0.6846
vn -0.2734 -0.1856 0.9438
vn -0.1240 0.0097 0.9922
vn -0.4819 -0.4816 0.7320
vn -0.2302 -0.1115 0.9667
vn -0.0728 0.0996 0.9924
vn -0.4448 -0.4278 0.7868
vn -0.1899 -0.0353 0.9812
vn -0.0262 0.1889 0.9817
vn -0.4081 -0.3680 0.8355
vn -0.1359 0.0301 0.9903
vn 0.0354 0.2649 0.9636
vn -0.3573 -0.3143 0.8795
vn -0.0729 0.0999 0.9923
vn 0.1104 0.3644 0.9247
vn -0.3269 -0.3004 0.8960
vn 0.7954 -0.5998 0.0871
vn 0.3487 0.6628 -0.6626
vn 0.2314 0.6912 -0.6846
vn 0.3230 0.8695 -0.3737
vn 0.3542 0.9163 -0.1869
vn 0.2860 0.8528 -0.4369
vn 0.3302 0.9114 -0.2455
vn 0.1761 0.6582 -0.7320
vn 0.2751 0.8148 -0.5103
vn 0.3321 0.8901 -0.3121
vn 0.1481 0.5991 -0.7868
vn 0.2584 0.7724 -0.5802
vn 0.3297 0.8656 -0.3769
vn 0.1147 0.5374 -0.8355
vn 0.2483 0.7242 -0.6433
vn 0.3284 0.8375 -0.4367
vn 0.0935 0.4666 -0.8795
vn 0.2536 0.7114 -0.6554
vn 0.3339 0.8339 -0.4395
vn 0.0967 0.4333 -0.8960
vn 0.4435 0.5737 0.6886
vn 0.4376 0.5565 0.7063
vn 0.4194 0.6125 0.6701
vn 0.4338 0.5409 0.7206
vn 0.4319 0.5280 0.7312
vn 0.4314 0.5191 0.7379
vn 0.4315 0.5149 0.7408
vn 0.4313 0.5160 0.7401
vn 0.4299 0.5224 0.7364
vn 0.4265 0.5340 0.7300
vn 0.4203 0.5501 0.7217
vn 0.4108 0.5695 0.7120
vn 0.3980 0.5910 0.7016
vn 0.3823 0.6131 0.6913
vn 0.3645 0.6344 0.6816
vn 0.3457 0.6537 0.6732
vn 0.3273 0.6699 0.6664
vn 0.3109 0.6825 0.6615
vn 0.2978 0.6912 0.6584
vn 0.2894 0.6962 0.6569
vn 0.2877 0.6972 0.6566
vn 0.3366 0.7060 0.6231
vn 0.4648 0.6264 0.6258
vn 0.4391 0.6890 0.5766
vn 0.3370 0.7510 0.5678
vn 0.3909 0.7536 0.5285
vn 0.4838 0.7295 0.4835
vn 0.4234 0.7812 0.4587
vn 0.4908 0.7645 0.4179
vn 0.4414 0.8090 0.3883
vn 0.4894 0.7994 0.3486
vn 0.4723 0.8233 0.3149
vn 0.5158 0.8143 0.2661
vn 0.3546 0.2737 -0.8941
vn 0.2400 0.0813 -0.9674
vn 0.2086 0.3517 -0.9126
vn 0.1085 0.1511 -0.9825
vn 0.3508 0.0071 -0.9364
vn 0.4768 0.1869 -0.8589
vn 0.4451 -0.0775 -0.8921
vn 0.5808 0.0878 -0.8093
vn 0.5204 -0.1700 -0.8368
vn 0.6635 -0.0207 -0.7479
vn 0.5749 -0.2677 -0.7732
vn 0.7230 -0.1350 -0.6775
vn 0.6078 -0.3677 -0.7039
vn 0.7586 -0.2517 -0.6010
vn 0.6192 -0.4674 -0.6310
vn 0.7705 -0.3676 -0.5209
vn 0.6097 -0.5645 -0.5565
vn 0.7596 -0.4799 -0.4390
vn 0.5801 -0.6569 -0.4816
vn 0.7273 -0.5863 -0.3568
vn 0.5316 -0.7427 -0.4072
vn 0.6748 -0.6849 -0.2748
vn 0.4652 -0.8199 -0.3337
vn 0.6033 -0.7737 -0.1935
vn 0.3823 -0.8863 -0.2616
vn 0.5141 -0.8502 -0.1133
vn 0.2846 -0.9393 -0.1913
vn 0.4086 -0.9121 -0.0347
vn 0.1747 -0.9768 -0.1239
vn 0.2891 -0.9564 0.0411
vn 0.0556 -0.9966 -0.0605
vn 0.1587 -0.9809 0.1125
vn -0.0688 -0.9976 -0.0028
vn 0.0213 -0.9839 0.1775
vn -0.1943 -0.9798 0.0475
vn -0.1185 -0.9651 0.2337
vn -0.3170 -0.9443 0.0887
vn -0.2562 -0.9254 0.2792
vn -0.4336 -0.8932 0.1193
vn -0.3879 -0.8672 0.3121
vn -0.5484 -0.8242 0.1416
vn -0.5189 -0.7875 0.3325
vn 0.6000 -0.7566 0.2598
vn 0.1976 -0.8462 0.4948
vn 0.4780 -0.8085 0.3432
vn 0.0472 -0.8288 0.5575
vn 0.9171 -0.3890 -0.0872
vn 0.9553 -0.1413 -0.2598
vn 0.8316 0.2520 -0.4948
vn 0.7413 0.3735 -0.5576
vn 0.0939 0.3780 -0.9210
vn 0.0029 0.1691 -0.9856
vn 0.0240 0.3295 -0.9438
vn -0.0704 0.1025 -0.9922
vn -0.0186 0.2551 -0.9667
vn -0.1227 0.0133 -0.9924
vn -0.0644 0.1821 -0.9812
vn -0.1766 -0.0718 -0.9817
vn 0.1146 0.5374 -0.8355
vn -0.0940 0.1027 -0.9903
vn -0.2117 -0.1631 -0.9636
vn -0.1230 0.0131 -0.9923
vn -0.2604 -0.2778 -0.9247
vn -0.5915 -0.7145 0.3737
vn -0.6164 -0.7649 0.1869
vn -0.5956 -0.6741 0.4369
vn -0.6242 -0.7417 0.2455
vn -0.5681 -0.6457 0.5103
vn -0.6048 -0.7327 0.3121
vn -0.5397 -0.6100 0.5802
vn -0.5848 -0.7183 0.3769
vn -0.5030 -0.5772 0.6433
vn -0.5611 -0.7032 0.4367
vn -0.4892 -0.5753 0.6555
vn -0.5552 -0.7061 0.4395
vn -0.2750 -0.6709 -0.6887
vn -0.2632 -0.6572 -0.7063
vn -0.3207 -0.6694 -0.6701
vn -0.2515 -0.6461 -0.7206
vn -0.2413 -0.6381 -0.7312
vn -0.2338 -0.6331 -0.7379
vn -0.2301 -0.6311 -0.7408
vn -0.2312 -0.6315 -0.7401
vn -0.2375 -0.6335 -0.7364
vn -0.2492 -0.6364 -0.7300
vn -0.2662 -0.6390 -0.7217
vn -0.2878 -0.6405 -0.7120
vn -0.3128 -0.6402 -0.7016
vn -0.3398 -0.6377 -0.6913
vn -0.3672 -0.6329 -0.6816
vn -0.3932 -0.6262 -0.6732
vn -0.4165 -0.6184 -0.6664
vn -0.4356 -0.6105 -0.6615
vn -0.4497 -0.6036 -0.6584
vn -0.4582 -0.5987 -0.6569
vn -0.4600 -0.5978 -0.6566
vn -0.4431 -0.6445 -0.6231
vn -0.3101 -0.7157 -0.6258
vn -0.3772 -0.7247 -0.5766
vn -0.4819 -0.6673 -0.5678
vn -0.4572 -0.7153 -0.5285
vn -0.3899 -0.7837 -0.4835
vn -0.4648 -0.7573 -0.4587
vn -0.4167 -0.8073 -0.4179
vn -0.4799 -0.7867 -0.3883
vn -0.4476 -0.8235 -0.3486
vn -0.4768 -0.8207 -0.3149
vn -0.4474 -0.8538 -0.2661
vn -0.3546 0.2737 0.8941
vn -0.2400 0.0813 0.9674
vn -0.2086 0.3517 0.9126
vn -0.1085 0.1511 0.9825
vn -0.3508 0.0071 0.9364
vn -0.4768 0.1869 0.8589
vn -0.4451 -0.0775 0.8921
vn -0.5808 0.0878 0.8093
vn -0.5204 -0.1700 0.8368
vn -0.6635 -0.0207 0.7479
vn -0.5749 -0.2677 0.7732
vn -0.7230 -0.1350 0.6775
vn -0.6078 -0.3677 0.7039
vn -0.7586 -0.2517 0.6010
vn -0.6192 -0.4674 0.6310
vn -0.7705 -0.3676 0.5209
vn -0.6097 -0.5645 0.5565
vn -0.7596 -0.4799 0.4390
vn -0.5801 -0.6569 0.4816
vn -0.7273 -0.5863 0.3568
vn -0.5316 -0.7427 0.4072
vn -0.6748 -0.6849 0.2748
vn -0.4652 -0.8199 0.3337
vn -0.6033 -0.7737 0.1935
vn -0.3823 -0.8863 0.2616
vn -0.5141 -0.8502 0.1133
vn -0.2846 -0.9393 0.1913
vn -0.4086 -0.9121 0.0347
vn -0.1747 -0.9768 0.1239
vn -0.2891 -0.9564 -0.0411
vn -0.0556 -0.9966 0.0605
vn -0.1587 -0.9809 -0.1125
vn 0.0688 -0.9976 0.0028
vn -0.0213 -0.9839 -0.1775
vn 0.1943 -0.9798 -0.0475
vn 0.1185 -0.9651 -0.2337
vn 0.3170 -0.9443 -0.0887
vn 0.2562 -0.9254 -0.2792
vn 0.4336 -0.8932 -0.1193
vn 0.3879 -0.8672 -0.3121
vn 0.5484 -0.8242 -0.1416
vn 0.5189 -0.7875 -0.3325
vn -0.6001 -0.7566 -0.2598
vn -0.7064 -0.6861 -0.1740
vn -0.7954 -0.5997 -0.0871
vn -0.1976 -0.8462 -0.4948
vn -0.3427 -0.8391 -0.4225
vn -0.4780 -0.8085 -0.3432
vn 0.2505 -0.7232 -0.6436
vn 0.1037 -0.7872 -0.6079
vn -0.0472 -0.8288 -0.5575
vn -0.8660 -0.5000 -0.0000
vn -0.9171 -0.3890 0.0872
vn -0.9474 -0.2687 0.1740
vn -0.9553 -0.1414 0.2598
vn -0.9392 -0.0097 0.3433
vn -0.8980 0.1228 0.4225
vn -0.8316 0.2520 0.4948
vn -0.7413 0.3735 0.5576
vn -0.6299 0.4834 0.6079
vn -0.5011 0.5785 0.6436
vn -0.3487 0.6628 0.6626
vn -0.0939 0.3781 0.9210
vn -0.0030 0.1692 0.9856
vn -0.2314 0.6912 0.6846
vn -0.0240 0.3295 0.9438
vn 0.0704 0.1026 0.9922
vn -0.1761 0.6582 0.7320
vn 0.0186 0.2551 0.9667
vn 0.1227 0.0133 0.9924
vn -0.1481 0.5991 0.7868
vn 0.0644 0.1821 0.9812
vn 0.1766 -0.0718 0.9817
vn -0.1146 0.5374 0.8355
vn 0.0940 0.1027 0.9903
vn 0.2117 -0.1631 0.9636
vn -0.0935 0.4666 0.8795
vn 0.1230 0.0131 0.9923
vn 0.2604 -0.2778 0.9247
vn -0.0967 0.4333 0.8960
vn -0.9171 -0.3890 0.0871
vn 0.3997 -0.6334 -0.6626
vn 0.4829 -0.5460 -0.6846
vn 0.5915 -0.7145 -0.3737
vn 0.6164 -0.7649 -0.1869
vn 0.5956 -0.6741 -0.4369
vn 0.6242 -0.7417 -0.2455
vn 0.4819 -0.4816 -0.7320
vn 0.5680 -0.6457 -0.5103
vn 0.6048 -0.7327 -0.3121
vn 0.4448 -0.4278 -0.7868
vn 0.5397 -0.6100 -0.5802
vn 0.5848 -0.7183 -0.3769
vn 0.4081 -0.3680 -0.8355
vn 0.5030 -0.5772 -0.6433
vn 0.5611 -0.7032 -0.4367
vn 0.3573 -0.3143 -0.8795
vn 0.4893 -0.5753 -0.6554
vn 0.5552 -0.7061 -0.4395
vn 0.3269 -0.3004 -0.8960
vn 0.2750 -0.6709 0.6886
vn 0.2632 -0.6572 0.7063
vn 0.3207 -0.6694 0.6701
vn 0.2515 -0.6461 0.7206
vn 0.2413 -0.6381 0.7312
vn 0.2338 -0.6331 0.7379
vn 0.2301 -0.6311 0.7408
vn 0.2312 -0.6315 0.7401
vn 0.2375 -0.6335 0.7364
vn 0.2492 -0.6364 0.7300
vn 0.2662 -0.6390 0.7217
vn 0.2878 -0.6405 0.7120
vn 0.3128 -0.6402 0.7016
vn 0.3398 -0.6377 0.6913
vn 0.3672 -0.6329 0.6816
vn 0.3932 -0.6262 0.6732
vn 0.4165 -0.6184 0.6664
vn 0.4356 -0.6105 0.6615
vn 0.4497 -0.6035 0.6584
vn 0.4582 -0.5987 0.6569
vn 0.4600 -0.5978 0.6566
vn 0.4431 -0.6445 0.6231
vn 0.3101 -0.7157 0.6258
vn 0.3772 -0.7247 0.5766
vn 0.4819 -0.6673 0.5678
vn 0.4572 -0.7153 0.5285
vn 0.3899 -0.7837 0.4835
vn 0.4648 -0.7573 0.4587
vn 0.4167 -0.8073 0.4179
vn 0.4799 -0.7867 0.3883
vn 0.4476 -0.8235 0.3486
vn 0.4768 -0.8207 0.3149
vn 0.4474 -0.8538 0.2661
vn 0.0597 -0.4440 -0.8941
vn -0.0496 -0.2485 -0.9674
vn 0.2003 -0.3565 -0.9126
vn 0.0766 -0.1695 -0.9825
vn -0.1693 -0.3073 -0.9364
vn -0.0765 -0.5064 -0.8589
vn -0.2897 -0.3467 -0.8921
vn -0.2144 -0.5469 -0.8093
vn -0.4074 -0.3656 -0.8368
vn -0.3497 -0.5643 -0.7479
vn -0.5193 -0.3640 -0.7732
vn -0.4784 -0.5587 -0.6775
vn -0.6223 -0.3425 -0.7039
vn -0.5973 -0.5311 -0.6010
vn -0.7144 -0.3025 -0.6310
vn -0.7036 -0.4834 -0.5209
vn -0.7937 -0.2457 -0.5565
vn -0.7954 -0.4179 -0.4390
vn -0.8590 -0.1739 -0.4816
vn -0.8714 -0.3367 -0.3568
vn -0.9090 -0.0890 -0.4072
vn -0.9306 -0.2419 -0.2748
vn -0.9426 0.0071 -0.3337
vn -0.9717 -0.1357 -0.1935
vn -0.9587 0.1121 -0.2616
vn -0.9934 -0.0201 -0.1133
vn -0.9558 0.2232 -0.1913
vn -0.9942 0.1022 -0.0347
vn -0.9333 0.3371 -0.1239
vn -0.9728 0.2279 0.0411
vn -0.8909 0.4502 -0.0605
vn -0.9288 0.3530 0.1125
vn -0.8296 0.5584 -0.0028
vn -0.8627 0.4735 0.1775
vn -0.7514 0.6582 0.0475
vn -0.7765 0.5851 0.2337
vn -0.6593 0.7467 0.0887
vn -0.6733 0.6846 0.2792
vn -0.5567 0.8221 0.1193
vn -0.5571 0.7696 0.3121
vn -0.4396 0.8870 0.1416
vn -0.4226 0.8432 0.3325
vn -0.9392 -0.0097 0.3432
vn -0.7414 0.3735 0.5575
vn -0.7954 -0.5997 -0.0872
vn -0.0472 -0.8288 -0.5576
vn 0.3996 -0.6334 -0.6626
vn 0.2805 -0.2703 -0.9210
vn 0.1450 -0.0871 -0.9856
vn 0.2734 -0.1856 -0.9438
vn 0.1240 0.0097 -0.9922
vn 0.2302 -0.1115 -0.9667
vn 0.0728 0.0996 -0.9924
vn 0.1899 -0.0353 -0.9812
vn 0.0261 0.1889 -0.9817
vn 0.1359 0.0301 -0.9903
vn -0.0354 0.2649 -0.9636
vn 0.0729 0.0999 -0.9923
vn -0.1104 0.3644 -0.9247
vn -0.3230 0.8695 0.3737
vn -0.3542 0.9163 0.1869
vn -0.2860 0.8528 0.4369
vn -0.3302 0.9114 0.2455
vn -0.2751 0.8148 0.5103
vn -0.3321 0.8901 0.3121
vn -0.2584 0.7724 0.5802
vn -0.3297 0.8656 0.3769
vn -0.1147 0.5374 0.8355
vn -0.2483 0.7242 0.6433
vn -0.3284 0.8375 0.4367
vn -0.2536 0.7114 0.6555
vn -0.3339 0.8339 0.4395
vn -0.4435 0.5737 -0.6886
vn -0.4376 0.5565 -0.7063
vn -0.4194 0.6125 -0.6701
vn -0.4338 0.5409 -0.7206
vn -0.4319 0.5280 -0.7312
vn -0.4314 0.5191 -0.7379
vn -0.4315 0.5149 -0.7408
vn -0.4313 0.5159 -0.7401
vn -0.4299 0.5224 -0.7364
vn -0.4265 0.5340 -0.7300
vn -0.4203 0.5501 -0.7217
vn -0.4108 0.5695 -0.7120
vn -0.3980 0.5910 -0.7016
vn -0.3823 0.6131 -0.6913
vn -0.3645 0.6344 -0.6816
vn -0.3457 0.6537 -0.6732
vn -0.3273 0.6699 -0.6664
vn -0.3109 0.6825 -0.6615
vn -0.2978 0.6912 -0.6584
vn -0.2894 0.6962 -0.6569
vn -0.2877 0.6972 -0.6566
vn -0.3366 0.7060 -0.6231
vn -0.4648 0.6264 -0.6258
vn -0.4391 0.6890 -0.5766
vn -0.3370 0.7510 -0.5678
vn -0.3909 0.7536 -0.5285
vn -0.4838 0.7295 -0.4835
vn -0.4234 0.7812 -0.4587
vn -0.4908 0.7645 -0.4179
vn -0.4414 0.8090 -0.3883
vn -0.4894 0.7994 -0.3486
vn -0.4723 0.8233 -0.3149
vn -0.5158 0.8143 -0.2661
vt 0.932082 0.611409
vt 0.926586 0.610539
vt 0.932082 0.593623
vt 0.921628 0.608012
vt 0.917693 0.604077
vt 0.915166 0.599119
vt 0.914296 0.593623
vt 0.915166 0.588127
vt 0.917693 0.583169
vt 0.921628 0.579234
vt 0.926586 0.576707
vt 0.932082 0.575837
vt 0.937578 0.576707
vt 0.942536 0.579234
vt 0.946471 0.583169
vt 0.948998 0.588127
vt 0.949868 0.593623
vt 0.921628 0.625798
vt 0.912197 0.620993
vt 0.904712 0.613508
vt 0.899907 0.604077
vt 0.898251 0.593623
vt 0.899907 0.583169
vt 0.904712 0.573738
vt 0.912197 0.566253
vt 0.921628 0.561448
vt 0.932082 0.559792
vt 0.942536 0.561448
vt 0.951967 0.566253
vt 0.959452 0.573738
vt 0.964257 0.583169
vt 0.965913 0.593623
vt 0.964257 0.604077
vt 0.948998 0.599119
vt 0.946471 0.604077
vt 0.942536 0.608012
vt 0.937578 0.610539
vt 0.959452 0.613509
vt 0.951967 0.620993
vt 0.942536 0.625798
vt 0.932082 0.627454
vt 0.917693 0.637909
vt 0.932082 0.640188
vt 0.904712 0.631295
vt 0.894411 0.620993
vt 0.887797 0.608012
vt 0.885517 0.593623
vt 0.887797 0.579234
vt 0.894411 0.566253
vt 0.904712 0.555951
vt 0.917693 0.549337
vt 0.932082 0.547058
vt 0.946471 0.549337
vt 0.959452 0.555952
vt 0.969754 0.566253
vt 0.976368 0.579234
vt 0.978647 0.593623
vt 0.976367 0.608012
vt 0.969754 0.620993
vt 0.959452 0.631295
vt 0.946471 0.637909
vt 0.965743 0.855533
vt 0.965743 0.865972
vt 0.953011 0.855533
vt 0.953011 0.865972
vt 0.953011 0.845094
vt 0.965743 0.845094
vt 0.953011 0.834655
vt 0.965743 0.834655
vt 0.953011 0.824216
vt 0.965743 0.824216
vt 0.953011 0.813778
vt 0.965743 0.813778
vt 0.953011 0.803339
vt 0.965743 0.803339
vt 0.953011 0.792900
vt 0.965743 0.792900
vt 0.953011 0.782461
vt 0.965743 0.782461
vt 0.953011 0.772022
vt 0.965743 0.772022
vt 0.953011 0.761584
vt 0.965743 0.761584
vt 0.953011 0.751145
vt 0.965743 0.751145
vt 0.953011 0.740706
vt 0.965743 0.740706
vt 0.953011 0.730267
vt 0.965743 0.730267
vt 0.953011 0.719828
vt 0.965743 0.719828
vt 0.953011 0.709390
vt 0.965743 0.709390
vt 0.953011 0.698951
vt 0.965743 0.698951
vt 0.953011 0.688512
vt 0.965743 0.688512
vt 0.953011 0.678073
vt 0.965743 0.678073
vt 0.953011 0.667634
vt 0.965743 0.667634
vt 0.953011 0.657195
vt 0.965743 0.657195
vt 0.940572 0.719828
vt 0.940573 0.730267
vt 0.940578 0.740706
vt 0.940576 0.751145
vt 0.940579 0.761584
vt 0.940572 0.772022
vt 0.940573 0.782461
vt 0.940573 0.792900
vt 0.940573 0.803339
vt 0.940570 0.813778
vt 0.940572 0.824216
vt 0.940565 0.834655
vt 0.940563 0.845094
vt 0.940564 0.855533
vt 0.940567 0.865972
vt 0.901323 0.865972
vt 0.901323 0.855533
vt 0.901323 0.845094
vt 0.901323 0.834655
vt 0.901323 0.824216
vt 0.901323 0.813778
vt 0.901323 0.803339
vt 0.901323 0.792900
vt 0.901323 0.782461
vt 0.901323 0.772022
vt 0.901323 0.761584
vt 0.901323 0.751145
vt 0.901323 0.740706
vt 0.901323 0.730267
vt 0.901323 0.719828
vt 0.940572 0.709390
vt 0.940568 0.698951
vt 0.940573 0.688512
vt 0.940570 0.678073
vt 0.940572 0.667634
vt 0.940574 0.657195
vt 0.901323 0.709390
vt 0.901323 0.698951
vt 0.901323 0.688512
vt 0.901323 0.678073
vt 0.901323 0.667634
vt 0.901323 0.657195
vt 0.761816 0.825904
vt 0.765012 0.825428
vt 0.761090 0.817228
vt 0.764325 0.817228
vt 0.767053 0.833427
vt 0.763976 0.834367
vt 0.770400 0.841026
vt 0.767518 0.842408
vt 0.774970 0.848040
vt 0.772353 0.849828
vt 0.780651 0.854295
vt 0.778363 0.856447
vt 0.787302 0.859637
vt 0.785400 0.862099
vt 0.794759 0.863935
vt 0.793290 0.866646
vt 0.802840 0.867083
vt 0.801840 0.869977
vt 0.811345 0.869003
vt 0.810839 0.872008
vt 0.820064 0.869648
vt 0.820064 0.872691
vt 0.828784 0.869003
vt 0.829290 0.872008
vt 0.837289 0.867083
vt 0.838289 0.869977
vt 0.845370 0.863935
vt 0.846838 0.866646
vt 0.852827 0.859637
vt 0.854729 0.862099
vt 0.859478 0.854295
vt 0.861766 0.856447
vt 0.865158 0.848040
vt 0.867776 0.849828
vt 0.869728 0.841026
vt 0.872611 0.842408
vt 0.873075 0.833427
vt 0.876153 0.834367
vt 0.875117 0.825428
vt 0.878313 0.825904
vt 0.875803 0.817228
vt 0.879039 0.817228
vt 0.847356 0.867602
vt 0.838641 0.870997
vt 0.829469 0.873068
vt 0.868699 0.850459
vt 0.862573 0.857205
vt 0.855400 0.862967
vt 0.879440 0.826072
vt 0.877238 0.834699
vt 0.873628 0.842895
vt 0.820064 0.873765
vt 0.810660 0.873068
vt 0.801488 0.870997
vt 0.792772 0.867602
vt 0.784729 0.862967
vt 0.777556 0.857205
vt 0.771430 0.850459
vt 0.766501 0.842895
vt 0.762891 0.834699
vt 0.760689 0.826072
vt 0.759949 0.817228
vt 0.763355 0.794430
vt 0.766525 0.794430
vt 0.762321 0.794430
vt 0.770507 0.754016
vt 0.773719 0.754016
vt 0.769549 0.754016
vt 0.778480 0.708962
vt 0.781737 0.708962
vt 0.777607 0.708962
vt 0.786351 0.664484
vt 0.789654 0.664484
vt 0.785561 0.664484
vt 0.794120 0.620582
vt 0.797467 0.620582
vt 0.793413 0.620582
vt 0.801346 0.579744
vt 0.804736 0.579744
vt 0.800717 0.579744
vt 0.880180 0.817228
vt 0.877807 0.794430
vt 0.876774 0.794430
vt 0.873603 0.794430
vt 0.869622 0.754016
vt 0.866410 0.754016
vt 0.870580 0.754016
vt 0.861649 0.708962
vt 0.858391 0.708962
vt 0.862522 0.708962
vt 0.853778 0.664484
vt 0.850475 0.664484
vt 0.854567 0.664484
vt 0.846009 0.620582
vt 0.842661 0.620582
vt 0.846716 0.620582
vt 0.838782 0.579744
vt 0.835393 0.579744
vt 0.839412 0.579744
vt 0.878313 0.825904
vt 0.879039 0.817228
vt 0.875803 0.817228
vt 0.876153 0.834367
vt 0.869728 0.841026
vt 0.865158 0.848040
vt 0.846838 0.866646
vt 0.837289 0.867083
vt 0.820064 0.872691
vt 0.793290 0.866646
vt 0.774970 0.848040
vt 0.770400 0.841026
vt 0.761816 0.825904
vt 0.778480 0.708962
vt 0.781737 0.708962
s 1
usemtl Airplane8_01
f 2021/848/1698 2020/849/1699 2019/850/1700
f 2020/849/1699 2022/851/1701 2019/850/1700
f 2022/851/1701 2023/852/1702 2019/850/1700
f 2023/852/1702 2024/853/1703 2019/850/1700
f 2024/853/1703 2025/854/1704 2019/850/1700
f 2025/854/1704 2026/855/1705 2019/850/1700
f 2026/855/1705 2027/856/1706 2019/850/1700
f 2027/856/1706 2028/857/1707 2019/850/1700
f 2028/857/1707 2029/858/1708 2019/850/1700
f 2029/858/1708 2030/859/1709 2019/850/1700
f 2030/859/1709 2031/860/1710 2019/850/1700
f 2031/860/1710 2032/861/1711 2019/850/1700
f 2032/861/1711 2033/862/1712 2019/850/1700
f 2033/862/1712 2034/863/1713 2019/850/1700
f 2034/863/1713 2035/864/1714 2019/850/1700
f 2020/849/1699 2021/848/1698 2036/865/1715
f 2022/851/1701 2020/849/1699 2037/866/1716
f 2036/865/1715 2037/866/1716 2020/849/1699
f 2037/866/1716 2038/867/1717 2022/851/1701
f 2023/852/1702 2022/851/1701 2038/867/1717
f 2038/867/1717 2039/868/1718 2023/852/1702
f 2024/853/1703 2023/852/1702 2039/868/1718
f 2039/868/1718 2040/869/1719 2024/853/1703
f 2025/854/1704 2024/853/1703 2040/869/1719
f 2040/869/1719 2041/870/1720 2025/854/1704
f 2026/855/1705 2025/854/1704 2041/870/1720
f 2041/870/1720 2042/871/1721 2026/855/1705
f 2027/856/1706 2026/855/1705 2042/871/1721
f 2042/871/1721 2043/872/1722 2027/856/1706
f 2028/857/1707 2027/856/1706 2043/872/1722
f 2043/872/1722 2044/873/1723 2028/857/1707
f 2029/858/1708 2028/857/1707 2044/873/1723
f 2044/873/1723 2045/874/1724 2029/858/1708
f 2030/859/1709 2029/858/1708 2045/874/1724
f 2045/874/1724 2046/875/1725 2030/859/1709
f 2031/860/1710 2030/859/1709 2046/875/1725
f 2046/875/1725 2047/876/1726 2031/860/1710
f 2032/861/1711 2031/860/1710 2047/876/1726
f 2047/876/1726 2048/877/1727 2032/861/1711
f 2033/862/1712 2032/861/1711 2048/877/1727
f 2048/877/1727 2049/878/1728 2033/862/1712
f 2034/863/1713 2033/862/1712 2049/878/1728
f 2049/878/1728 2050/879/1729 2034/863/1713
f 2035/864/1714 2034/863/1713 2050/879/1729
f 2050/879/1729 2051/880/1730 2035/864/1714
f 2052/881/1731 2035/864/1714 2051/880/1730
f 2035/864/1714 2052/881/1731 2019/850/1700
f 2052/881/1731 2053/882/1732 2019/850/1700
f 2053/882/1732 2054/883/1733 2019/850/1700
f 2054/883/1733 2055/884/1734 2019/850/1700
f 2055/884/1734 2021/848/1698 2019/850/1700
f 2053/882/1732 2052/881/1731 2056/885/1735
f 2051/880/1730 2056/885/1735 2052/881/1731
f 2054/883/1733 2053/882/1732 2057/886/1736
f 2056/885/1735 2057/886/1736 2053/882/1732
f 2055/884/1734 2054/883/1733 2058/887/1737
f 2057/886/1736 2058/887/1737 2054/883/1733
f 2021/848/1698 2055/884/1734 2059/888/1738
f 2058/887/1737 2059/888/1738 2055/884/1734
f 2059/888/1738 2036/865/1715 2021/848/1698
f 2036/865/1715 2059/888/1738 2060/889/1739
f 2061/890/1740 2060/889/1739 2059/888/1738
f 2059/888/1738 2058/887/1737 2061/890/1740
f 2060/889/1739 2062/891/1741 2036/865/1715
f 2037/866/1716 2036/865/1715 2062/891/1741
f 2062/891/1741 2063/892/1742 2037/866/1716
f 2038/867/1717 2037/866/1716 2063/892/1742
f 2063/892/1742 2064/893/1743 2038/867/1717
f 2039/868/1718 2038/867/1717 2064/893/1743
f 2064/893/1743 2065/894/1744 2039/868/1718
f 2040/869/1719 2039/868/1718 2065/894/1744
f 2065/894/1744 2066/895/1745 2040/869/1719
f 2041/870/1720 2040/869/1719 2066/895/1745
f 2066/895/1745 2067/896/1746 2041/870/1720
f 2042/871/1721 2041/870/1720 2067/896/1746
f 2067/896/1746 2068/897/1747 2042/871/1721
f 2043/872/1722 2042/871/1721 2068/897/1747
f 2068/897/1747 2069/898/1748 2043/872/1722
f 2044/873/1723 2043/872/1722 2069/898/1748
f 2069/898/1748 2070/899/1749 2044/873/1723
f 2045/874/1724 2044/873/1723 2070/899/1749
f 2070/899/1749 2071/900/1750 2045/874/1724
f 2046/875/1725 2045/874/1724 2071/900/1750
f 2071/900/1750 2072/901/1751 2046/875/1725
f 2047/876/1726 2046/875/1725 2072/901/1751
f 2072/901/1751 2073/902/1752 2047/876/1726
f 2048/877/1727 2047/876/1726 2073/902/1752
f 2073/902/1752 2074/903/1753 2048/877/1727
f 2049/878/1728 2048/877/1727 2074/903/1753
f 2074/903/1753 2075/904/1754 2049/878/1728
f 2050/879/1729 2049/878/1728 2075/904/1754
f 2075/904/1754 2076/905/1755 2050/879/1729
f 2051/880/1730 2050/879/1729 2076/905/1755
f 2076/905/1755 2077/906/1756 2051/880/1730
f 2056/885/1735 2051/880/1730 2077/906/1756
f 2077/906/1756 2078/907/1757 2056/885/1735
f 2057/886/1736 2056/885/1735 2078/907/1757
f 2078/907/1757 2079/908/1758 2057/886/1736
f 2058/887/1737 2057/886/1736 2079/908/1758
f 2079/908/1758 2061/890/1740 2058/887/1737
f 2082/909/1739 2081/910/1740 2080/911/1759
f 2083/912/1760 2080/911/1759 2081/910/1740
f 2080/911/1759 2084/913/1761 2082/909/1739
f 2085/914/1741 2082/909/1739 2084/913/1761
f 2084/913/1761 2086/915/1762 2085/914/1741
f 2087/916/1742 2085/914/1741 2086/915/1762
f 2086/915/1762 2088/917/1763 2087/916/1742
f 2089/918/1743 2087/916/1742 2088/917/1763
f 2088/917/1763 2090/919/1764 2089/918/1743
f 2091/920/1744 2089/918/1743 2090/919/1764
f 2090/919/1764 2092/921/1765 2091/920/1744
f 2093/922/1745 2091/920/1744 2092/921/1765
f 2092/921/1765 2094/923/1766 2093/922/1745
f 2095/924/1746 2093/922/1745 2094/923/1766
f 2094/923/1766 2096/925/1767 2095/924/1746
f 2097/926/1747 2095/924/1746 2096/925/1767
f 2096/925/1767 2098/927/1768 2097/926/1747
f 2099/928/1748 2097/926/1747 2098/927/1768
f 2098/927/1768 2100/929/1769 2099/928/1748
f 2101/930/1749 2099/928/1748 2100/929/1769
f 2100/929/1769 2102/931/1770 2101/930/1749
f 2103/932/1750 2101/930/1749 2102/931/1770
f 2102/931/1770 2104/933/1771 2103/932/1750
f 2105/934/1751 2103/932/1750 2104/933/1771
f 2104/933/1771 2106/935/1772 2105/934/1751
f 2107/936/1752 2105/934/1751 2106/935/1772
f 2106/935/1772 2108/937/1773 2107/936/1752
f 2109/938/1753 2107/936/1752 2108/937/1773
f 2108/937/1773 2110/939/1774 2109/938/1753
f 2111/940/1754 2109/938/1753 2110/939/1774
f 2110/939/1774 2112/941/1775 2111/940/1754
f 2113/942/1755 2111/940/1754 2112/941/1775
f 2112/941/1775 2114/943/1776 2113/942/1755
f 2115/944/1756 2113/942/1755 2114/943/1776
f 2114/943/1776 2116/945/1777 2115/944/1756
f 2117/946/1757 2115/944/1756 2116/945/1777
f 2116/945/1777 2118/947/1778 2117/946/1757
f 2119/948/1758 2117/946/1757 2118/947/1778
f 2118/947/1778 2120/949/1760 2119/948/1758
f 2121/950/1740 2119/948/1758 2120/949/1760
f 2108/937/1773 2106/935/1772 2122/951/1779
f 2123/952/1780 2122/951/1779 2106/935/1772
f 2106/935/1772 2104/933/1771 2123/952/1780
f 2124/953/1781 2123/952/1780 2104/933/1771
f 2104/933/1771 2102/931/1770 2124/953/1781
f 2125/954/1782 2124/953/1781 2102/931/1770
f 2102/931/1770 2100/929/1769 2125/954/1782
f 2126/955/1783 2125/954/1782 2100/929/1769
f 2100/929/1769 2098/927/1768 2126/955/1783
f 2127/956/1784 2126/955/1783 2098/927/1768
f 2098/927/1768 2096/925/1767 2127/956/1784
f 2128/957/1785 2127/956/1784 2096/925/1767
f 2096/925/1767 2094/923/1766 2128/957/1785
f 2129/958/1786 2128/957/1785 2094/923/1766
f 2094/923/1766 2092/921/1765 2129/958/1786
f 2130/959/1787 2129/958/1786 2092/921/1765
f 2092/921/1765 2090/919/1764 2130/959/1787
f 2131/960/1788 2130/959/1787 2090/919/1764
f 2090/919/1764 2088/917/1763 2131/960/1788
f 2132/961/1789 2131/960/1788 2088/917/1763
f 2088/917/1763 2086/915/1762 2132/961/1789
f 2133/962/1790 2132/961/1789 2086/915/1762
f 2086/915/1762 2084/913/1761 2133/962/1790
f 2134/963/1791 2133/962/1790 2084/913/1761
f 2084/913/1761 2080/911/1759 2134/963/1791
f 2135/964/1792 2134/963/1791 2080/911/1759
f 2080/911/1759 2083/912/1760 2135/964/1792
f 2136/965/1793 2135/964/1792 2083/912/1760
f 2136/965/1793 2137/966/1794 2135/964/1792
f 2138/967/1795 2135/964/1792 2137/966/1794
f 2135/964/1792 2138/967/1795 2134/963/1791
f 2139/968/1796 2134/963/1791 2138/967/1795
f 2134/963/1791 2139/968/1796 2133/962/1790
f 2140/969/1797 2133/962/1790 2139/968/1796
f 2133/962/1790 2140/969/1797 2132/961/1789
f 2141/970/1798 2132/961/1789 2140/969/1797
f 2132/961/1789 2141/970/1798 2131/960/1788
f 2142/971/1799 2131/960/1788 2141/970/1798
f 2131/960/1788 2142/971/1799 2130/959/1787
f 2143/972/1800 2130/959/1787 2142/971/1799
f 2130/959/1787 2143/972/1800 2129/958/1786
f 2144/973/1801 2129/958/1786 2143/972/1800
f 2129/958/1786 2144/973/1801 2128/957/1785
f 2145/974/1802 2128/957/1785 2144/973/1801
f 2128/957/1785 2145/974/1802 2127/956/1784
f 2146/975/1803 2127/956/1784 2145/974/1802
f 2127/956/1784 2146/975/1803 2126/955/1783
f 2147/976/1804 2126/955/1783 2146/975/1803
f 2126/955/1783 2147/976/1804 2125/954/1782
f 2148/977/1805 2125/954/1782 2147/976/1804
f 2125/954/1782 2148/977/1805 2124/953/1781
f 2149/978/1806 2124/953/1781 2148/977/1805
f 2124/953/1781 2149/978/1806 2123/952/1780
f 2150/979/1807 2123/952/1780 2149/978/1806
f 2123/952/1780 2150/979/1807 2122/951/1779
f 2151/980/1808 2122/951/1779 2150/979/1807
f 2122/951/1779 2151/980/1808 2152/981/1809
f 2122/951/1779 2152/981/1809 2108/937/1773
f 2110/939/1774 2108/937/1773 2152/981/1809
f 2152/981/1809 2153/982/1810 2110/939/1774
f 2112/941/1775 2110/939/1774 2153/982/1810
f 2153/982/1810 2154/983/1811 2112/941/1775
f 2114/943/1776 2112/941/1775 2154/983/1811
f 2154/983/1811 2155/984/1812 2114/943/1776
f 2116/945/1777 2114/943/1776 2155/984/1812
f 2155/984/1812 2156/985/1813 2116/945/1777
f 2118/947/1778 2116/945/1777 2156/985/1813
f 2156/985/1813 2157/986/1814 2118/947/1778
f 2120/949/1760 2118/947/1778 2157/986/1814
f 2158/987/1815 2152/981/1809 2151/980/1808
f 2152/981/1809 2158/987/1815 2153/982/1810
f 2159/988/1816 2153/982/1810 2158/987/1815
f 2153/982/1810 2159/988/1816 2154/983/1811
f 2160/989/1817 2154/983/1811 2159/988/1816
f 2154/983/1811 2160/989/1817 2155/984/1812
f 2161/990/1818 2155/984/1812 2160/989/1817
f 2155/984/1812 2161/990/1818 2156/985/1813
f 2162/991/1819 2156/985/1813 2161/990/1818
f 2156/985/1813 2162/991/1819 2157/986/1814
f 2163/992/1794 2157/986/1814 2162/991/1819
f 2166/993/1820 2165/994/1821 2164/995/1822
f 2167/996/1823 2164/995/1822 2165/994/1821
f 2165/994/1821 2166/993/1820 2168/997/1824
f 2169/998/1825 2168/997/1824 2166/993/1820
f 2168/997/1824 2169/998/1825 2170/999/1826
f 2171/1000/1827 2170/999/1826 2169/998/1825
f 2170/999/1826 2171/1000/1827 2172/1001/1828
f 2173/1002/1829 2172/1001/1828 2171/1000/1827
f 2172/1001/1828 2173/1002/1829 2174/1003/1830
f 2175/1004/1831 2174/1003/1830 2173/1002/1829
f 2174/1003/1830 2175/1004/1831 2176/1005/1832
f 2177/1006/1833 2176/1005/1832 2175/1004/1831
f 2176/1005/1832 2177/1006/1833 2178/1007/1834
f 2179/1008/1835 2178/1007/1834 2177/1006/1833
f 2178/1007/1834 2179/1008/1835 2180/1009/1836
f 2181/1010/1837 2180/1009/1836 2179/1008/1835
f 2180/1009/1836 2181/1010/1837 2182/1011/1838
f 2183/1012/1839 2182/1011/1838 2181/1010/1837
f 2182/1011/1838 2183/1012/1839 2184/1013/1840
f 2185/1014/1841 2184/1013/1840 2183/1012/1839
f 2184/1013/1840 2185/1014/1841 2186/1015/1842
f 2187/1016/1843 2186/1015/1842 2185/1014/1841
f 2186/1015/1842 2187/1016/1843 2188/1017/1844
f 2189/1018/1845 2188/1017/1844 2187/1016/1843
f 2188/1017/1844 2189/1018/1845 2190/1019/1846
f 2191/1020/1847 2190/1019/1846 2189/1018/1845
f 2190/1019/1846 2191/1020/1847 2192/1021/1848
f 2193/1022/1849 2192/1021/1848 2191/1020/1847
f 2192/1021/1848 2193/1022/1849 2194/1023/1850
f 2195/1024/1851 2194/1023/1850 2193/1022/1849
f 2194/1023/1850 2195/1024/1851 2196/1025/1852
f 2197/1026/1853 2196/1025/1852 2195/1024/1851
f 2196/1025/1852 2197/1026/1853 2198/1027/1854
f 2199/1028/1855 2198/1027/1854 2197/1026/1853
f 2198/1027/1854 2199/1028/1855 2200/1029/1856
f 2201/1030/1857 2200/1029/1856 2199/1028/1855
f 2200/1029/1856 2201/1030/1857 2202/1031/1858
f 2203/1032/1859 2202/1031/1858 2201/1030/1857
f 2202/1031/1858 2203/1032/1859 2204/1033/1860
f 2205/1034/1861 2204/1033/1860 2203/1032/1859
f 2191/1020/1847 2206/1035/1862 2193/1022/1849
f 2206/1035/1862 2191/1020/1847 2207/1036/1863
f 2189/1018/1845 2207/1036/1863 2191/1020/1847
f 2207/1036/1863 2189/1018/1845 2208/1037/1864
f 2187/1016/1843 2208/1037/1864 2189/1018/1845
f 2197/1026/1853 2209/1038/1865 2199/1028/1855
f 2209/1038/1865 2197/1026/1853 2210/1039/1866
f 2195/1024/1851 2210/1039/1866 2197/1026/1853
f 2210/1039/1866 2195/1024/1851 2211/1040/1867
f 2211/1040/1867 2193/1022/1849 2206/1035/1862
f 2193/1022/1849 2211/1040/1867 2195/1024/1851
f 2203/1032/1859 2212/1041/1868 2205/1034/1861
f 2212/1041/1868 2203/1032/1859 2213/1042/1869
f 2201/1030/1857 2213/1042/1869 2203/1032/1859
f 2213/1042/1869 2201/1030/1857 2214/1043/1870
f 2214/1043/1870 2199/1028/1855 2209/1038/1865
f 2199/1028/1855 2214/1043/1870 2201/1030/1857
f 2185/1014/1841 2215/1044/1794 2187/1016/1843
f 2215/1044/1794 2185/1014/1841 2216/1045/1871
f 2183/1012/1839 2216/1045/1871 2185/1014/1841
f 2181/1010/1837 2217/1046/1872 2183/1012/1839
f 2217/1046/1872 2181/1010/1837 2218/1047/1873
f 2179/1008/1835 2218/1047/1873 2181/1010/1837
f 2218/1047/1873 2179/1008/1835 2219/1048/1874
f 2177/1006/1833 2219/1048/1874 2179/1008/1835
f 2219/1048/1874 2177/1006/1833 2220/1049/1875
f 2175/1004/1831 2220/1049/1875 2177/1006/1833
f 2220/1049/1875 2175/1004/1831 2221/1050/1876
f 2173/1002/1829 2221/1050/1876 2175/1004/1831
f 2221/1050/1876 2173/1002/1829 2222/1051/1877
f 2171/1000/1827 2222/1051/1877 2173/1002/1829
f 2222/1051/1877 2171/1000/1827 2223/1052/1878
f 2169/998/1825 2223/1052/1878 2171/1000/1827
f 2223/1052/1878 2169/998/1825 2224/1053/1879
f 2166/993/1820 2224/1053/1879 2169/998/1825
f 2224/1053/1879 2166/993/1820 2225/1054/1880
f 2164/995/1822 2225/1054/1880 2166/993/1820
f 2164/995/1822 2226/1055/1881 2225/1054/1880
f 2226/1055/1881 2164/995/1822 2227/1056/1882
f 2167/996/1823 2227/1056/1882 2164/995/1822
f 2228/1057/1883 2225/1054/1880 2226/1055/1881
f 2226/1055/1881 2227/1056/1882 2229/1058/1884
f 2230/1059/1885 2229/1058/1884 2227/1056/1882
f 2229/1058/1884 2231/1060/1886 2226/1055/1881
f 2228/1057/1883 2226/1055/1881 2231/1060/1886
f 2229/1058/1884 2230/1059/1885 2232/1061/1887
f 2233/1062/1888 2232/1061/1887 2230/1059/1885
f 2232/1061/1887 2234/1063/1889 2229/1058/1884
f 2231/1060/1886 2229/1058/1884 2234/1063/1889
f 2232/1061/1887 2233/1062/1888 2235/1064/1890
f 2236/1065/1891 2235/1064/1890 2233/1062/1888
f 2235/1064/1890 2237/1066/1892 2232/1061/1887
f 2234/1063/1889 2232/1061/1887 2237/1066/1892
f 2235/1064/1890 2236/1065/1891 2238/1067/1893
f 2239/1068/1894 2238/1067/1893 2236/1065/1891
f 2238/1067/1893 2240/1069/1895 2235/1064/1890
f 2237/1066/1892 2235/1064/1890 2240/1069/1895
f 2238/1067/1893 2239/1068/1894 2241/1070/1896
f 2238/1067/1893 2241/1070/1896 2240/1069/1895
f 2242/1071/1897 2241/1070/1896 2239/1068/1894
f 2243/1072/1898 2240/1069/1895 2241/1070/1896
f 2244/1045/1871 2183/1012/1839 2217/1046/1872
f 2245/1037/1864 2187/1016/1843 2215/1044/1794
f 2246/1073/1899 2205/1034/1861 2212/1041/1868
f 2246/1073/1899 2247/1074/1900 2205/1034/1861
f 2248/1075/1901 2205/1034/1861 2247/1074/1900
f 2205/1034/1861 2248/1075/1901 2204/1033/1860
f 2249/1076/1902 2204/1033/1860 2248/1075/1901
f 2248/1075/1901 2250/1077/1903 2249/1076/1902
f 2251/1078/1904 2249/1076/1902 2250/1077/1903
f 2247/1074/1900 2252/1079/1905 2248/1075/1901
f 2250/1077/1903 2248/1075/1901 2252/1079/1905
f 2250/1077/1903 2253/1080/1906 2251/1078/1904
f 2254/1081/1907 2251/1078/1904 2253/1080/1906
f 2253/1080/1906 2250/1077/1903 2255/1082/1908
f 2252/1079/1905 2255/1082/1908 2250/1077/1903
f 2253/1080/1906 2256/1083/1909 2254/1081/1907
f 2257/1084/1910 2254/1081/1907 2256/1083/1909
f 2256/1083/1909 2253/1080/1906 2258/1085/1911
f 2255/1082/1908 2258/1085/1911 2253/1080/1906
f 2256/1083/1909 2259/1086/1912 2257/1084/1910
f 2260/1087/1913 2257/1084/1910 2259/1086/1912
f 2259/1086/1912 2256/1083/1909 2261/1088/1914
f 2258/1085/1911 2261/1088/1914 2256/1083/1909
f 2259/1086/1912 2262/1089/1915 2260/1087/1913
f 2263/1090/1916 2260/1087/1913 2262/1089/1915
f 2262/1089/1915 2259/1086/1912 2264/1091/1917
f 2261/1088/1914 2264/1091/1917 2259/1086/1912
f 2267/994/1918 2266/997/1919 2265/996/1920
f 2266/997/1919 2268/999/1921 2265/996/1920
f 2268/999/1921 2269/1001/1922 2265/996/1920
f 2269/1001/1922 2270/1003/1923 2265/996/1920
f 2270/1003/1923 2271/1005/1924 2265/996/1920
f 2271/1005/1924 2272/1007/1925 2265/996/1920
f 2272/1007/1925 2273/1009/1926 2265/996/1920
f 2273/1009/1926 2274/1011/1927 2265/996/1920
f 2274/1011/1927 2275/1013/1928 2265/996/1920
f 2275/1013/1928 2276/1015/1929 2265/996/1920
f 2276/1015/1929 2277/1017/1930 2265/996/1920
f 2277/1017/1930 2278/1019/1931 2265/996/1920
f 2278/1019/1931 2279/1021/1932 2265/996/1920
f 2279/1021/1932 2280/1023/1933 2265/996/1920
f 2280/1023/1933 2281/1025/1934 2265/996/1920
f 2281/1025/1934 2282/1027/1935 2265/996/1920
f 2282/1027/1935 2283/1029/1936 2265/996/1920
f 2283/1029/1936 2284/1031/1937 2265/996/1920
f 2284/1031/1937 2285/1033/1938 2265/996/1920
f 2285/1033/1938 2286/1076/1939 2265/996/1920
f 2287/1056/1940 2265/996/1920 2286/1076/1939
f 2287/1056/1940 2286/1076/1939 2288/1059/1941
f 2289/1078/1942 2288/1059/1941 2286/1076/1939
f 2289/1078/1942 2290/1081/1943 2288/1059/1941
f 2291/1062/1944 2288/1059/1941 2290/1081/1943
f 2290/1081/1943 2292/1084/1945 2291/1062/1944
f 2293/1065/1946 2291/1062/1944 2292/1084/1945
f 2292/1084/1945 2294/1087/1947 2293/1065/1946
f 2295/1068/1948 2293/1065/1946 2294/1087/1947
f 2294/1087/1947 2296/1090/1949 2295/1068/1948
f 2297/1071/1950 2295/1068/1948 2296/1090/1949
f 2300/1092/1951 2299/1031/1952 2298/1093/1953
f 2301/1094/1954 2298/1093/1953 2299/1031/1952
f 2299/1031/1952 2300/1092/1951 2302/1029/1955
f 2303/1095/1956 2302/1029/1955 2300/1092/1951
f 2302/1029/1955 2303/1095/1956 2304/1096/1957
f 2305/1028/1958 2304/1096/1957 2303/1095/1956
f 2304/1096/1957 2305/1028/1958 2306/1097/1959
f 2307/1026/1960 2306/1097/1959 2305/1028/1958
f 2306/1097/1959 2307/1026/1960 2308/1023/1961
f 2309/1024/1962 2308/1023/1961 2307/1026/1960
f 2308/1023/1961 2309/1024/1962 2310/1021/1963
f 2311/1022/1964 2310/1021/1963 2309/1024/1962
f 2310/1021/1963 2311/1022/1964 2312/1019/1965
f 2313/1098/1966 2312/1019/1965 2311/1022/1964
f 2312/1019/1965 2313/1098/1966 2314/1099/1967
f 2315/1018/1968 2314/1099/1967 2313/1098/1966
f 2314/1099/1967 2315/1018/1968 2316/1015/1969
f 2317/1016/1970 2316/1015/1969 2315/1018/1968
f 2316/1015/1969 2317/1016/1970 2318/1013/1971
f 2319/1100/1972 2318/1013/1971 2317/1016/1970
f 2318/1013/1971 2319/1100/1972 2320/1011/1973
f 2321/1012/1974 2320/1011/1973 2319/1100/1972
f 2320/1011/1973 2321/1012/1974 2322/1009/1975
f 2323/1010/1976 2322/1009/1975 2321/1012/1974
f 2322/1009/1975 2323/1010/1976 2324/1007/1977
f 2325/1101/1978 2324/1007/1977 2323/1010/1976
f 2324/1007/1977 2325/1101/1978 2326/1005/1979
f 2327/1006/1980 2326/1005/1979 2325/1101/1978
f 2326/1005/1979 2327/1006/1980 2328/1003/1981
f 2329/1004/1982 2328/1003/1981 2327/1006/1980
f 2328/1003/1981 2329/1004/1982 2330/1102/1983
f 2331/1002/1984 2330/1102/1983 2329/1004/1982
f 2330/1102/1983 2331/1002/1984 2332/1103/1985
f 2333/1000/1986 2332/1103/1985 2331/1002/1984
f 2332/1103/1985 2333/1000/1986 2334/997/1987
f 2335/998/1988 2334/997/1987 2333/1000/1986
f 2334/997/1987 2335/998/1988 2336/994/1989
f 2337/1104/1990 2336/994/1989 2335/998/1988
f 2336/994/1989 2337/1104/1990 2338/996/1991
f 2339/995/1992 2338/996/1991 2337/1104/1990
f 2325/1101/1978 2340/1047/1873 2327/1006/1980
f 2340/1047/1873 2325/1101/1978 2341/1046/1872
f 2323/1010/1976 2341/1046/1872 2325/1101/1978
f 2341/1046/1872 2323/1010/1976 2342/1045/1993
f 2321/1012/1974 2342/1045/1993 2323/1010/1976
f 2331/1002/1984 2343/1050/1876 2333/1000/1986
f 2343/1050/1876 2331/1002/1984 2344/1049/1875
f 2329/1004/1982 2344/1049/1875 2331/1002/1984
f 2344/1049/1875 2329/1004/1982 2345/1048/1994
f 2345/1048/1994 2327/1006/1980 2340/1047/1873
f 2327/1006/1980 2345/1048/1994 2329/1004/1982
f 2337/1104/1990 2346/1053/1879 2339/995/1992
f 2346/1053/1879 2337/1104/1990 2347/1052/1878
f 2335/998/1988 2347/1052/1878 2337/1104/1990
f 2347/1052/1878 2335/998/1988 2348/1051/1995
f 2348/1051/1995 2333/1000/1986 2343/1050/1876
f 2333/1000/1986 2348/1051/1995 2335/998/1988
f 2319/1100/1972 2349/1044/1794 2321/1012/1974
f 2349/1044/1794 2319/1100/1972 2350/1037/1996
f 2317/1016/1970 2350/1037/1996 2319/1100/1972
f 2315/1018/1968 2351/1036/1863 2317/1016/1970
f 2351/1036/1863 2315/1018/1968 2352/1035/1862
f 2313/1098/1966 2352/1035/1862 2315/1018/1968
f 2352/1035/1862 2313/1098/1966 2353/1040/1997
f 2311/1022/1964 2353/1040/1997 2313/1098/1966
f 2353/1040/1997 2311/1022/1964 2354/1039/1866
f 2309/1024/1962 2354/1039/1866 2311/1022/1964
f 2354/1039/1866 2309/1024/1962 2355/1038/1998
f 2307/1026/1960 2355/1038/1998 2309/1024/1962
f 2355/1038/1998 2307/1026/1960 2356/1043/1999
f 2305/1028/1958 2356/1043/1999 2307/1026/1960
f 2356/1043/1999 2305/1028/1958 2357/1042/1869
f 2303/1095/1956 2357/1042/1869 2305/1028/1958
f 2357/1042/1869 2303/1095/1956 2358/1041/1868
f 2300/1092/1951 2358/1041/1868 2303/1095/1956
f 2358/1041/1868 2300/1092/1951 2359/1073/1899
f 2298/1093/1953 2359/1073/1899 2300/1092/1951
f 2298/1093/1953 2360/1075/2000 2359/1073/1899
f 2360/1075/2000 2298/1093/1953 2361/1076/2001
f 2301/1094/1954 2361/1076/2001 2298/1093/1953
f 2362/1074/1900 2359/1073/1899 2360/1075/2000
f 2360/1075/2000 2361/1076/2001 2363/1077/2002
f 2364/1078/2003 2363/1077/2002 2361/1076/2001
f 2363/1077/2002 2365/1079/2004 2360/1075/2000
f 2362/1074/1900 2360/1075/2000 2365/1079/2004
f 2363/1077/2002 2364/1078/2003 2366/1080/2005
f 2367/1081/2006 2366/1080/2005 2364/1078/2003
f 2366/1080/2005 2368/1082/1908 2363/1077/2002
f 2365/1079/2004 2363/1077/2002 2368/1082/1908
f 2366/1080/2005 2367/1081/2006 2369/1083/2007
f 2370/1084/2008 2369/1083/2007 2367/1081/2006
f 2369/1083/2007 2371/1085/1911 2366/1080/2005
f 2368/1082/1908 2366/1080/2005 2371/1085/1911
f 2369/1083/2007 2370/1084/2008 2372/1086/2009
f 2373/1087/2010 2372/1086/2009 2370/1084/2008
f 2372/1086/2009 2374/1088/1914 2369/1083/2007
f 2371/1085/1911 2369/1083/2007 2374/1088/1914
f 2372/1086/2009 2373/1087/2010 2375/1089/2011
f 2372/1086/2009 2375/1089/2011 2374/1088/1914
f 2376/1090/2012 2375/1089/2011 2373/1087/2010
f 2377/1091/1917 2374/1088/1914 2375/1089/2011
f 2378/1037/1864 2317/1016/1970 2351/1036/1863
f 2379/1045/1993 2321/1012/1974 2349/1044/1794
f 2380/1054/1880 2339/995/1992 2346/1053/1879
f 2380/1054/1880 2381/1057/1883 2339/995/1992
f 2382/1055/2013 2339/995/1992 2381/1057/1883
f 2339/995/1992 2382/1055/2013 2338/996/1991
f 2383/1056/2014 2338/996/1991 2382/1055/2013
f 2382/1055/2013 2384/1058/2015 2383/1056/2014
f 2385/1059/2016 2383/1056/2014 2384/1058/2015
f 2381/1057/1883 2386/1060/1886 2382/1055/2013
f 2384/1058/2015 2382/1055/2013 2386/1060/1886
f 2384/1058/2015 2387/1105/2017 2385/1059/2016
f 2388/1106/2018 2385/1059/2016 2387/1105/2017
f 2387/1105/2017 2384/1058/2015 2389/1063/1889
f 2386/1060/1886 2389/1063/1889 2384/1058/2015
f 2387/1105/2017 2390/1064/2019 2388/1106/2018
f 2391/1065/2020 2388/1106/2018 2390/1064/2019
f 2390/1064/2019 2387/1105/2017 2392/1066/1892
f 2389/1063/1889 2392/1066/1892 2387/1105/2017
f 2390/1064/2019 2393/1067/2021 2391/1065/2020
f 2394/1068/2022 2391/1065/2020 2393/1067/2021
f 2393/1067/2021 2390/1064/2019 2395/1069/2023
f 2392/1066/1892 2395/1069/2023 2390/1064/2019
f 2393/1067/2021 2396/1070/2024 2394/1068/2022
f 2397/1071/2025 2394/1068/2022 2396/1070/2024
f 2396/1070/2024 2393/1067/2021 2398/1072/1898
f 2395/1069/2023 2398/1072/1898 2393/1067/2021
f 2401/1031/2026 2400/1029/2027 2399/1094/2028
f 2400/1029/2027 2402/1096/2029 2399/1094/2028
f 2402/1096/2029 2403/1097/2030 2399/1094/2028
f 2403/1097/2030 2404/1023/2031 2399/1094/2028
f 2404/1023/2031 2405/1021/2032 2399/1094/2028
f 2405/1021/2032 2406/1019/2033 2399/1094/2028
f 2406/1019/2033 2407/1099/2034 2399/1094/2028
f 2407/1099/2034 2408/1015/2035 2399/1094/2028
f 2408/1015/2035 2409/1013/2036 2399/1094/2028
f 2409/1013/2036 2410/1011/2037 2399/1094/2028
f 2410/1011/2037 2411/1009/2038 2399/1094/2028
f 2411/1009/2038 2412/1007/2039 2399/1094/2028
f 2412/1007/2039 2413/1005/2040 2399/1094/2028
f 2413/1005/2040 2414/1003/2041 2399/1094/2028
f 2414/1003/2041 2415/1102/2042 2399/1094/2028
f 2415/1102/2042 2416/1103/2043 2399/1094/2028
f 2416/1103/2043 2417/997/2044 2399/1094/2028
f 2417/997/2044 2418/994/2045 2399/1094/2028
f 2418/994/2045 2419/996/2046 2399/1094/2028
f 2419/996/2046 2420/1056/2047 2399/1094/2028
f 2421/1076/2048 2399/1094/2028 2420/1056/2047
f 2421/1076/2048 2420/1056/2047 2422/1078/2049
f 2423/1059/2050 2422/1078/2049 2420/1056/2047
f 2423/1059/2050 2424/1106/2051 2422/1078/2049
f 2425/1081/2052 2422/1078/2049 2424/1106/2051
f 2424/1106/2051 2426/1065/2053 2425/1081/2052
f 2427/1084/2054 2425/1081/2052 2426/1065/2053
f 2426/1065/2053 2428/1068/2055 2427/1084/2054
f 2429/1087/2056 2427/1084/2054 2428/1068/2055
f 2428/1068/2055 2430/1071/2057 2429/1087/2056
f 2431/1090/2058 2429/1087/2056 2430/1071/2057
f 2434/993/2059 2433/994/2060 2432/995/2061
f 2435/996/2062 2432/995/2061 2433/994/2060
f 2433/994/2060 2434/993/2059 2436/997/2063
f 2437/998/2064 2436/997/2063 2434/993/2059
f 2436/997/2063 2437/998/2064 2438/999/2065
f 2439/1000/2066 2438/999/2065 2437/998/2064
f 2438/999/2065 2439/1000/2066 2440/1001/2067
f 2441/1002/2068 2440/1001/2067 2439/1000/2066
f 2440/1001/2067 2441/1002/2068 2442/1003/2069
f 2443/1004/2070 2442/1003/2069 2441/1002/2068
f 2442/1003/2069 2443/1004/2070 2444/1005/2071
f 2445/1006/2072 2444/1005/2071 2443/1004/2070
f 2444/1005/2071 2445/1006/2072 2446/1007/2073
f 2447/1008/2074 2446/1007/2073 2445/1006/2072
f 2446/1007/2073 2447/1008/2074 2448/1009/2075
f 2449/1010/2076 2448/1009/2075 2447/1008/2074
f 2448/1009/2075 2449/1010/2076 2450/1011/2077
f 2451/1012/2078 2450/1011/2077 2449/1010/2076
f 2450/1011/2077 2451/1012/2078 2452/1013/2079
f 2453/1014/2080 2452/1013/2079 2451/1012/2078
f 2452/1013/2079 2453/1014/2080 2454/1015/2081
f 2455/1016/2082 2454/1015/2081 2453/1014/2080
f 2454/1015/2081 2455/1016/2082 2456/1017/2083
f 2457/1018/2084 2456/1017/2083 2455/1016/2082
f 2456/1017/2083 2457/1018/2084 2458/1019/2085
f 2459/1020/2086 2458/1019/2085 2457/1018/2084
f 2458/1019/2085 2459/1020/2086 2460/1021/2087
f 2461/1022/2088 2460/1021/2087 2459/1020/2086
f 2460/1021/2087 2461/1022/2088 2462/1023/2089
f 2463/1024/2090 2462/1023/2089 2461/1022/2088
f 2462/1023/2089 2463/1024/2090 2464/1025/2091
f 2465/1026/2092 2464/1025/2091 2463/1024/2090
f 2464/1025/2091 2465/1026/2092 2466/1027/2093
f 2467/1028/2094 2466/1027/2093 2465/1026/2092
f 2466/1027/2093 2467/1028/2094 2468/1029/2095
f 2469/1030/2096 2468/1029/2095 2467/1028/2094
f 2468/1029/2095 2469/1030/2096 2470/1031/2097
f 2471/1032/2098 2470/1031/2097 2469/1030/2096
f 2470/1031/2097 2471/1032/2098 2472/1033/2099
f 2473/1034/2100 2472/1033/2099 2471/1032/2098
f 2459/1020/2086 2474/1035/2101 2461/1022/2088
f 2474/1035/2101 2459/1020/2086 2475/1036/2102
f 2457/1018/2084 2475/1036/2102 2459/1020/2086
f 2475/1036/2102 2457/1018/2084 2476/1037/2103
f 2455/1016/2082 2476/1037/2103 2457/1018/2084
f 2465/1026/2092 2477/1038/2104 2467/1028/2094
f 2477/1038/2104 2465/1026/2092 2478/1039/2105
f 2463/1024/2090 2478/1039/2105 2465/1026/2092
f 2478/1039/2105 2463/1024/2090 2479/1040/2106
f 2479/1040/2106 2461/1022/2088 2474/1035/2101
f 2461/1022/2088 2479/1040/2106 2463/1024/2090
f 2471/1032/2098 2480/1041/2107 2473/1034/2100
f 2480/1041/2107 2471/1032/2098 2481/1042/2108
f 2469/1030/2096 2481/1042/2108 2471/1032/2098
f 2481/1042/2108 2469/1030/2096 2482/1043/2109
f 2482/1043/2109 2467/1028/2094 2477/1038/2104
f 2467/1028/2094 2482/1043/2109 2469/1030/2096
f 2453/1014/2080 2483/1044/2110 2455/1016/2082
f 2483/1044/2110 2453/1014/2080 2484/1045/2111
f 2451/1012/2078 2484/1045/2111 2453/1014/2080
f 2449/1010/2076 2485/1046/2112 2451/1012/2078
f 2485/1046/2112 2449/1010/2076 2486/1047/2113
f 2447/1008/2074 2486/1047/2113 2449/1010/2076
f 2486/1047/2113 2447/1008/2074 2487/1048/2114
f 2445/1006/2072 2487/1048/2114 2447/1008/2074
f 2487/1048/2114 2445/1006/2072 2488/1049/2115
f 2443/1004/2070 2488/1049/2115 2445/1006/2072
f 2488/1049/2115 2443/1004/2070 2489/1050/2116
f 2441/1002/2068 2489/1050/2116 2443/1004/2070
f 2489/1050/2116 2441/1002/2068 2490/1051/2117
f 2439/1000/2066 2490/1051/2117 2441/1002/2068
f 2490/1051/2117 2439/1000/2066 2491/1052/2118
f 2437/998/2064 2491/1052/2118 2439/1000/2066
f 2491/1052/2118 2437/998/2064 2492/1053/2119
f 2434/993/2059 2492/1053/2119 2437/998/2064
f 2492/1053/2119 2434/993/2059 2493/1054/2120
f 2432/995/2061 2493/1054/2120 2434/993/2059
f 2432/995/2061 2494/1055/2121 2493/1054/2120
f 2494/1055/2121 2432/995/2061 2495/1056/2122
f 2435/996/2062 2495/1056/2122 2432/995/2061
f 2496/1057/2123 2493/1054/2120 2494/1055/2121
f 2494/1055/2121 2495/1056/2122 2497/1058/2124
f 2498/1059/2125 2497/1058/2124 2495/1056/2122
f 2497/1058/2124 2499/1060/2126 2494/1055/2121
f 2496/1057/2123 2494/1055/2121 2499/1060/2126
f 2497/1058/2124 2498/1059/2125 2500/1061/2127
f 2501/1062/2128 2500/1061/2127 2498/1059/2125
f 2500/1061/2127 2502/1063/2129 2497/1058/2124
f 2499/1060/2126 2497/1058/2124 2502/1063/2129
f 2500/1061/2127 2501/1062/2128 2503/1064/2130
f 2504/1065/2131 2503/1064/2130 2501/1062/2128
f 2503/1064/2130 2505/1066/2132 2500/1061/2127
f 2502/1063/2129 2500/1061/2127 2505/1066/2132
f 2503/1064/2130 2504/1065/2131 2506/1067/2133
f 2507/1068/2134 2506/1067/2133 2504/1065/2131
f 2506/1067/2133 2508/1069/2135 2503/1064/2130
f 2505/1066/2132 2503/1064/2130 2508/1069/2135
f 2506/1067/2133 2507/1068/2134 2509/1070/2136
f 2506/1067/2133 2509/1070/2136 2508/1069/2135
f 2510/1071/2137 2509/1070/2136 2507/1068/2134
f 2511/1072/2138 2508/1069/2135 2509/1070/2136
f 2512/1045/2139 2451/1012/2078 2485/1046/2112
f 2513/1037/2103 2455/1016/2082 2483/1044/2110
f 2514/1073/2140 2473/1034/2100 2480/1041/2107
f 2514/1073/2140 2515/1074/2141 2473/1034/2100
f 2516/1075/2142 2473/1034/2100 2515/1074/2141
f 2473/1034/2100 2516/1075/2142 2472/1033/2099
f 2517/1076/2143 2472/1033/2099 2516/1075/2142
f 2516/1075/2142 2518/1077/2144 2517/1076/2143
f 2519/1078/2145 2517/1076/2143 2518/1077/2144
f 2515/1074/2141 2520/1079/2146 2516/1075/2142
f 2518/1077/2144 2516/1075/2142 2520/1079/2146
f 2518/1077/2144 2521/1080/2147 2519/1078/2145
f 2522/1081/2148 2519/1078/2145 2521/1080/2147
f 2521/1080/2147 2518/1077/2144 2523/1082/2149
f 2520/1079/2146 2523/1082/2149 2518/1077/2144
f 2521/1080/2147 2524/1083/2150 2522/1081/2148
f 2525/1084/2151 2522/1081/2148 2524/1083/2150
f 2524/1083/2150 2521/1080/2147 2526/1085/2152
f 2523/1082/2149 2526/1085/2152 2521/1080/2147
f 2524/1083/2150 2527/1086/2153 2525/1084/2151
f 2528/1087/2154 2525/1084/2151 2527/1086/2153
f 2527/1086/2153 2524/1083/2150 2529/1088/2155
f 2526/1085/2152 2529/1088/2155 2524/1083/2150
f 2527/1086/2153 2530/1089/2156 2528/1087/2154
f 2531/1090/2157 2528/1087/2154 2530/1089/2156
f 2530/1089/2156 2527/1086/2153 2532/1091/2158
f 2529/1088/2155 2532/1091/2158 2527/1086/2153
f 2535/994/2159 2534/997/2160 2533/996/2161
f 2534/997/2160 2536/999/2162 2533/996/2161
f 2536/999/2162 2537/1001/2163 2533/996/2161
f 2537/1001/2163 2538/1003/2164 2533/996/2161
f 2538/1003/2164 2539/1005/2165 2533/996/2161
f 2539/1005/2165 2540/1007/2166 2533/996/2161
f 2540/1007/2166 2541/1009/2167 2533/996/2161
f 2541/1009/2167 2542/1011/2168 2533/996/2161
f 2542/1011/2168 2543/1013/2169 2533/996/2161
f 2543/1013/2169 2544/1015/2170 2533/996/2161
f 2544/1015/2170 2545/1017/2171 2533/996/2161
f 2545/1017/2171 2546/1019/2172 2533/996/2161
f 2546/1019/2172 2547/1021/2173 2533/996/2161
f 2547/1021/2173 2548/1023/2174 2533/996/2161
f 2548/1023/2174 2549/1025/2175 2533/996/2161
f 2549/1025/2175 2550/1027/2176 2533/996/2161
f 2550/1027/2176 2551/1029/2177 2533/996/2161
f 2551/1029/2177 2552/1031/2178 2533/996/2161
f 2552/1031/2178 2553/1033/2179 2533/996/2161
f 2553/1033/2179 2554/1076/2180 2533/996/2161
f 2555/1056/2181 2533/996/2161 2554/1076/2180
f 2555/1056/2181 2554/1076/2180 2556/1059/2182
f 2557/1078/2183 2556/1059/2182 2554/1076/2180
f 2557/1078/2183 2558/1081/2184 2556/1059/2182
f 2559/1062/2185 2556/1059/2182 2558/1081/2184
f 2558/1081/2184 2560/1084/2186 2559/1062/2185
f 2561/1065/2187 2559/1062/2185 2560/1084/2186
f 2560/1084/2186 2562/1087/2188 2561/1065/2187
f 2563/1068/2189 2561/1065/2187 2562/1087/2188
f 2562/1087/2188 2564/1090/2190 2563/1068/2189
f 2565/1071/2191 2563/1068/2189 2564/1090/2190
f 2568/1092/2192 2567/1031/2193 2566/1093/2194
f 2569/1094/2195 2566/1093/2194 2567/1031/2193
f 2567/1031/2193 2568/1092/2192 2570/1029/2196
f 2571/1095/2197 2570/1029/2196 2568/1092/2192
f 2570/1029/2196 2571/1095/2197 2572/1096/2198
f 2573/1028/2199 2572/1096/2198 2571/1095/2197
f 2572/1096/2198 2573/1028/2199 2574/1097/2200
f 2575/1026/2201 2574/1097/2200 2573/1028/2199
f 2574/1097/2200 2575/1026/2201 2576/1023/2202
f 2577/1024/2203 2576/1023/2202 2575/1026/2201
f 2576/1023/2202 2577/1024/2203 2578/1021/2204
f 2579/1022/2205 2578/1021/2204 2577/1024/2203
f 2578/1021/2204 2579/1022/2205 2580/1019/2206
f 2581/1098/2207 2580/1019/2206 2579/1022/2205
f 2580/1019/2206 2581/1098/2207 2582/1099/2208
f 2583/1018/2209 2582/1099/2208 2581/1098/2207
f 2582/1099/2208 2583/1018/2209 2584/1015/2210
f 2585/1016/2211 2584/1015/2210 2583/1018/2209
f 2584/1015/2210 2585/1016/2211 2586/1013/2212
f 2587/1100/2213 2586/1013/2212 2585/1016/2211
f 2586/1013/2212 2587/1100/2213 2588/1011/2214
f 2589/1012/2215 2588/1011/2214 2587/1100/2213
f 2588/1011/2214 2589/1012/2215 2590/1009/2216
f 2591/1010/2217 2590/1009/2216 2589/1012/2215
f 2590/1009/2216 2591/1010/2217 2592/1007/2218
f 2593/1101/2219 2592/1007/2218 2591/1010/2217
f 2592/1007/2218 2593/1101/2219 2594/1005/2220
f 2595/1006/2221 2594/1005/2220 2593/1101/2219
f 2594/1005/2220 2595/1006/2221 2596/1003/2222
f 2597/1004/2223 2596/1003/2222 2595/1006/2221
f 2596/1003/2222 2597/1004/2223 2598/1102/2224
f 2599/1002/2225 2598/1102/2224 2597/1004/2223
f 2598/1102/2224 2599/1002/2225 2600/1103/2226
f 2601/1000/2227 2600/1103/2226 2599/1002/2225
f 2600/1103/2226 2601/1000/2227 2602/997/2228
f 2603/998/2229 2602/997/2228 2601/1000/2227
f 2602/997/2228 2603/998/2229 2604/994/2230
f 2605/1104/2231 2604/994/2230 2603/998/2229
f 2604/994/2230 2605/1104/2231 2606/996/2232
f 2607/995/2233 2606/996/2232 2605/1104/2231
f 2593/1101/2219 2608/1047/2234 2595/1006/2221
f 2608/1047/2234 2593/1101/2219 2609/1046/2112
f 2591/1010/2217 2609/1046/2112 2593/1101/2219
f 2609/1046/2112 2591/1010/2217 2610/1045/2111
f 2589/1012/2215 2610/1045/2111 2591/1010/2217
f 2599/1002/2225 2611/1050/2235 2601/1000/2227
f 2611/1050/2235 2599/1002/2225 2612/1049/2115
f 2597/1004/2223 2612/1049/2115 2599/1002/2225
f 2612/1049/2115 2597/1004/2223 2613/1048/2236
f 2613/1048/2236 2595/1006/2221 2608/1047/2234
f 2595/1006/2221 2613/1048/2236 2597/1004/2223
f 2605/1104/2231 2614/1053/2119 2607/995/2233
f 2614/1053/2119 2605/1104/2231 2615/1052/2118
f 2603/998/2229 2615/1052/2118 2605/1104/2231
f 2615/1052/2118 2603/998/2229 2616/1051/2237
f 2616/1051/2237 2601/1000/2227 2611/1050/2235
f 2601/1000/2227 2616/1051/2237 2603/998/2229
f 2587/1100/2213 2617/1044/2110 2589/1012/2215
f 2617/1044/2110 2587/1100/2213 2618/1037/2238
f 2585/1016/2211 2618/1037/2238 2587/1100/2213
f 2583/1018/2209 2619/1036/2102 2585/1016/2211
f 2619/1036/2102 2583/1018/2209 2620/1035/2239
f 2581/1098/2207 2620/1035/2239 2583/1018/2209
f 2620/1035/2239 2581/1098/2207 2621/1040/2106
f 2579/1022/2205 2621/1040/2106 2581/1098/2207
f 2621/1040/2106 2579/1022/2205 2622/1039/2105
f 2577/1024/2203 2622/1039/2105 2579/1022/2205
f 2622/1039/2105 2577/1024/2203 2623/1038/2240
f 2575/1026/2201 2623/1038/2240 2577/1024/2203
f 2623/1038/2240 2575/1026/2201 2624/1043/2241
f 2573/1028/2199 2624/1043/2241 2575/1026/2201
f 2624/1043/2241 2573/1028/2199 2625/1042/2108
f 2571/1095/2197 2625/1042/2108 2573/1028/2199
f 2625/1042/2108 2571/1095/2197 2626/1041/2107
f 2568/1092/2192 2626/1041/2107 2571/1095/2197
f 2626/1041/2107 2568/1092/2192 2627/1073/2140
f 2566/1093/2194 2627/1073/2140 2568/1092/2192
f 2566/1093/2194 2628/1075/2242 2627/1073/2140
f 2628/1075/2242 2566/1093/2194 2629/1076/2243
f 2569/1094/2195 2629/1076/2243 2566/1093/2194
f 2630/1074/2141 2627/1073/2140 2628/1075/2242
f 2628/1075/2242 2629/1076/2243 2631/1077/2244
f 2632/1078/2245 2631/1077/2244 2629/1076/2243
f 2631/1077/2244 2633/1079/2146 2628/1075/2242
f 2630/1074/2141 2628/1075/2242 2633/1079/2146
f 2631/1077/2244 2632/1078/2245 2634/1080/2246
f 2635/1081/2247 2634/1080/2246 2632/1078/2245
f 2634/1080/2246 2636/1082/2149 2631/1077/2244
f 2633/1079/2146 2631/1077/2244 2636/1082/2149
f 2634/1080/2246 2635/1081/2247 2637/1083/2248
f 2638/1084/2249 2637/1083/2248 2635/1081/2247
f 2637/1083/2248 2639/1085/2250 2634/1080/2246
f 2636/1082/2149 2634/1080/2246 2639/1085/2250
f 2637/1083/2248 2638/1084/2249 2640/1086/2251
f 2641/1087/2252 2640/1086/2251 2638/1084/2249
f 2640/1086/2251 2642/1088/2155 2637/1083/2248
f 2639/1085/2250 2637/1083/2248 2642/1088/2155
f 2640/1086/2251 2641/1087/2252 2643/1089/2253
f 2640/1086/2251 2643/1089/2253 2642/1088/2155
f 2644/1090/2254 2643/1089/2253 2641/1087/2252
f 2645/1091/2158 2642/1088/2155 2643/1089/2253
f 2646/1037/2103 2585/1016/2211 2619/1036/2102
f 2647/1045/2111 2589/1012/2215 2617/1044/2110
f 2648/1054/2120 2607/995/2233 2614/1053/2119
f 2648/1054/2120 2649/1057/2123 2607/995/2233
f 2650/1055/2255 2607/995/2233 2649/1057/2123
f 2607/995/2233 2650/1055/2255 2606/996/2232
f 2651/1056/2256 2606/996/2232 2650/1055/2255
f 2650/1055/2255 2652/1058/2257 2651/1056/2256
f 2653/1059/2258 2651/1056/2256 2652/1058/2257
f 2649/1057/2123 2654/1060/2126 2650/1055/2255
f 2652/1058/2257 2650/1055/2255 2654/1060/2126
f 2652/1058/2257 2655/1105/2259 2653/1059/2258
f 2656/1106/2260 2653/1059/2258 2655/1105/2259
f 2655/1105/2259 2652/1058/2257 2657/1063/2129
f 2654/1060/2126 2657/1063/2129 2652/1058/2257
f 2655/1105/2259 2658/1064/2261 2656/1106/2260
f 2659/1065/2262 2656/1106/2260 2658/1064/2261
f 2658/1064/2261 2655/1105/2259 2660/1066/2132
f 2657/1063/2129 2660/1066/2132 2655/1105/2259
f 2658/1064/2261 2661/1067/2263 2659/1065/2262
f 2662/1068/2264 2659/1065/2262 2661/1067/2263
f 2661/1067/2263 2658/1064/2261 2663/1069/2135
f 2660/1066/2132 2663/1069/2135 2658/1064/2261
f 2661/1067/2263 2664/1070/2265 2662/1068/2264
f 2665/1071/2266 2662/1068/2264 2664/1070/2265
f 2664/1070/2265 2661/1067/2263 2666/1072/2138
f 2663/1069/2135 2666/1072/2138 2661/1067/2263
f 2669/1031/2267 2668/1029/2268 2667/1094/2269
f 2668/1029/2268 2670/1096/2270 2667/1094/2269
f 2670/1096/2270 2671/1097/2271 2667/1094/2269
f 2671/1097/2271 2672/1023/2272 2667/1094/2269
f 2672/1023/2272 2673/1021/2273 2667/1094/2269
f 2673/1021/2273 2674/1019/2274 2667/1094/2269
f 2674/1019/2274 2675/1099/2275 2667/1094/2269
f 2675/1099/2275 2676/1015/2276 2667/1094/2269
f 2676/1015/2276 2677/1013/2277 2667/1094/2269
f 2677/1013/2277 2678/1011/2278 2667/1094/2269
f 2678/1011/2278 2679/1009/2279 2667/1094/2269
f 2679/1009/2279 2680/1007/2280 2667/1094/2269
f 2680/1007/2280 2681/1005/2281 2667/1094/2269
f 2681/1005/2281 2682/1003/2282 2667/1094/2269
f 2682/1003/2282 2683/1102/2283 2667/1094/2269
f 2683/1102/2283 2684/1103/2284 2667/1094/2269
f 2684/1103/2284 2685/997/2285 2667/1094/2269
f 2685/997/2285 2686/994/2286 2667/1094/2269
f 2686/994/2286 2687/996/2287 2667/1094/2269
f 2687/996/2287 2688/1056/2288 2667/1094/2269
f 2689/1076/2289 2667/1094/2269 2688/1056/2288
f 2689/1076/2289 2688/1056/2288 2690/1078/2290
f 2691/1059/2291 2690/1078/2290 2688/1056/2288
f 2691/1059/2291 2692/1106/2292 2690/1078/2290
f 2693/1081/2293 2690/1078/2290 2692/1106/2292
f 2692/1106/2292 2694/1065/2294 2693/1081/2293
f 2695/1084/2295 2693/1081/2293 2694/1065/2294
f 2694/1065/2294 2696/1068/2296 2695/1084/2295
f 2697/1087/2297 2695/1084/2295 2696/1068/2296
f 2696/1068/2296 2698/1071/2298 2697/1087/2297
f 2699/1090/2299 2697/1087/2297 2698/1071/2298
f 2702/993/2300 2701/994/2301 2700/995/2302
f 2703/996/2303 2700/995/2302 2701/994/2301
f 2701/994/2301 2702/993/2300 2704/997/2304
f 2705/998/2305 2704/997/2304 2702/993/2300
f 2704/997/2304 2705/998/2305 2706/999/2306
f 2707/1000/2307 2706/999/2306 2705/998/2305
f 2706/999/2306 2707/1000/2307 2708/1001/2308
f 2709/1002/2309 2708/1001/2308 2707/1000/2307
f 2708/1001/2308 2709/1002/2309 2710/1003/2310
f 2711/1004/2311 2710/1003/2310 2709/1002/2309
f 2710/1003/2310 2711/1004/2311 2712/1005/2312
f 2713/1006/2313 2712/1005/2312 2711/1004/2311
f 2712/1005/2312 2713/1006/2313 2714/1007/2314
f 2715/1008/2315 2714/1007/2314 2713/1006/2313
f 2714/1007/2314 2715/1008/2315 2716/1009/2316
f 2717/1010/2317 2716/1009/2316 2715/1008/2315
f 2716/1009/2316 2717/1010/2317 2718/1011/2318
f 2719/1012/2319 2718/1011/2318 2717/1010/2317
f 2718/1011/2318 2719/1012/2319 2720/1013/2320
f 2721/1014/2321 2720/1013/2320 2719/1012/2319
f 2720/1013/2320 2721/1014/2321 2722/1015/2322
f 2723/1016/2323 2722/1015/2322 2721/1014/2321
f 2722/1015/2322 2723/1016/2323 2724/1017/2324
f 2725/1018/2325 2724/1017/2324 2723/1016/2323
f 2724/1017/2324 2725/1018/2325 2726/1019/2326
f 2727/1020/2327 2726/1019/2326 2725/1018/2325
f 2726/1019/2326 2727/1020/2327 2728/1021/2328
f 2729/1022/2329 2728/1021/2328 2727/1020/2327
f 2728/1021/2328 2729/1022/2329 2730/1023/2330
f 2731/1024/2331 2730/1023/2330 2729/1022/2329
f 2730/1023/2330 2731/1024/2331 2732/1025/2332
f 2733/1026/2333 2732/1025/2332 2731/1024/2331
f 2732/1025/2332 2733/1026/2333 2734/1027/2334
f 2735/1028/2335 2734/1027/2334 2733/1026/2333
f 2734/1027/2334 2735/1028/2335 2736/1029/2336
f 2737/1030/2337 2736/1029/2336 2735/1028/2335
f 2736/1029/2336 2737/1030/2337 2738/1031/2338
f 2739/1032/2339 2738/1031/2338 2737/1030/2337
f 2738/1031/2338 2739/1032/2339 2740/1033/2340
f 2741/1034/2341 2740/1033/2340 2739/1032/2339
f 2727/1020/2327 2742/1035/2342 2729/1022/2329
f 2742/1035/2342 2727/1020/2327 2743/1036/2343
f 2725/1018/2325 2743/1036/2343 2727/1020/2327
f 2743/1036/2343 2725/1018/2325 2744/1037/2344
f 2723/1016/2323 2744/1037/2344 2725/1018/2325
f 2733/1026/2333 2745/1038/2345 2735/1028/2335
f 2745/1038/2345 2733/1026/2333 2746/1039/2346
f 2731/1024/2331 2746/1039/2346 2733/1026/2333
f 2746/1039/2346 2731/1024/2331 2747/1040/2347
f 2747/1040/2347 2729/1022/2329 2742/1035/2342
f 2729/1022/2329 2747/1040/2347 2731/1024/2331
f 2739/1032/2339 2748/1041/2348 2741/1034/2341
f 2748/1041/2348 2739/1032/2339 2749/1042/2349
f 2737/1030/2337 2749/1042/2349 2739/1032/2339
f 2749/1042/2349 2737/1030/2337 2750/1043/2350
f 2750/1043/2350 2735/1028/2335 2745/1038/2345
f 2735/1028/2335 2750/1043/2350 2737/1030/2337
f 2721/1014/2321 2751/1044/2351 2723/1016/2323
f 2751/1044/2351 2721/1014/2321 2752/1045/2352
f 2719/1012/2319 2752/1045/2352 2721/1014/2321
f 2717/1010/2317 2753/1046/2353 2719/1012/2319
f 2753/1046/2353 2717/1010/2317 2754/1047/2354
f 2715/1008/2315 2754/1047/2354 2717/1010/2317
f 2754/1047/2354 2715/1008/2315 2755/1048/2355
f 2713/1006/2313 2755/1048/2355 2715/1008/2315
f 2755/1048/2355 2713/1006/2313 2756/1049/2356
f 2711/1004/2311 2756/1049/2356 2713/1006/2313
f 2756/1049/2356 2711/1004/2311 2757/1050/2357
f 2709/1002/2309 2757/1050/2357 2711/1004/2311
f 2757/1050/2357 2709/1002/2309 2758/1051/2358
f 2707/1000/2307 2758/1051/2358 2709/1002/2309
f 2758/1051/2358 2707/1000/2307 2759/1052/2359
f 2705/998/2305 2759/1052/2359 2707/1000/2307
f 2759/1052/2359 2705/998/2305 2760/1053/2360
f 2702/993/2300 2760/1053/2360 2705/998/2305
f 2760/1053/2360 2702/993/2300 2761/1054/2361
f 2700/995/2302 2761/1054/2361 2702/993/2300
f 2700/995/2302 2762/1055/2362 2761/1054/2361
f 2762/1055/2362 2700/995/2302 2763/1056/2363
f 2703/996/2303 2763/1056/2363 2700/995/2302
f 2764/1057/2364 2761/1054/2361 2762/1055/2362
f 2762/1055/2362 2763/1056/2363 2765/1058/2365
f 2766/1059/2366 2765/1058/2365 2763/1056/2363
f 2765/1058/2365 2767/1060/2367 2762/1055/2362
f 2764/1057/2364 2762/1055/2362 2767/1060/2367
f 2765/1058/2365 2766/1059/2366 2768/1061/2368
f 2769/1062/2369 2768/1061/2368 2766/1059/2366
f 2768/1061/2368 2770/1063/2370 2765/1058/2365
f 2767/1060/2367 2765/1058/2365 2770/1063/2370
f 2768/1061/2368 2769/1062/2369 2771/1064/2371
f 2772/1065/2372 2771/1064/2371 2769/1062/2369
f 2771/1064/2371 2773/1066/2373 2768/1061/2368
f 2770/1063/2370 2768/1061/2368 2773/1066/2373
f 2771/1064/2371 2772/1065/2372 2774/1067/2374
f 2775/1068/2375 2774/1067/2374 2772/1065/2372
f 2774/1067/2374 2776/1069/2376 2771/1064/2371
f 2773/1066/2373 2771/1064/2371 2776/1069/2376
f 2774/1067/2374 2775/1068/2375 2777/1070/2377
f 2774/1067/2374 2777/1070/2377 2776/1069/2376
f 2778/1071/2378 2777/1070/2377 2775/1068/2375
f 2779/1072/2379 2776/1069/2376 2777/1070/2377
f 2780/1045/2380 2719/1012/2319 2753/1046/2353
f 2781/1037/2344 2723/1016/2323 2751/1044/2351
f 2782/1073/2381 2741/1034/2341 2748/1041/2348
f 2782/1073/2381 2783/1074/2382 2741/1034/2341
f 2784/1075/2383 2741/1034/2341 2783/1074/2382
f 2741/1034/2341 2784/1075/2383 2740/1033/2340
f 2785/1076/2384 2740/1033/2340 2784/1075/2383
f 2784/1075/2383 2786/1077/2385 2785/1076/2384
f 2787/1078/2386 2785/1076/2384 2786/1077/2385
f 2783/1074/2382 2788/1079/2387 2784/1075/2383
f 2786/1077/2385 2784/1075/2383 2788/1079/2387
f 2786/1077/2385 2789/1080/2388 2787/1078/2386
f 2790/1081/2389 2787/1078/2386 2789/1080/2388
f 2789/1080/2388 2786/1077/2385 2791/1082/2390
f 2788/1079/2387 2791/1082/2390 2786/1077/2385
f 2789/1080/2388 2792/1083/2391 2790/1081/2389
f 2793/1084/2392 2790/1081/2389 2792/1083/2391
f 2792/1083/2391 2789/1080/2388 2794/1085/2393
f 2791/1082/2390 2794/1085/2393 2789/1080/2388
f 2792/1083/2391 2795/1086/2394 2793/1084/2392
f 2796/1087/2395 2793/1084/2392 2795/1086/2394
f 2795/1086/2394 2792/1083/2391 2797/1088/2396
f 2794/1085/2393 2797/1088/2396 2792/1083/2391
f 2795/1086/2394 2798/1089/2397 2796/1087/2395
f 2799/1090/2398 2796/1087/2395 2798/1089/2397
f 2798/1089/2397 2795/1086/2394 2800/1091/2399
f 2797/1088/2396 2800/1091/2399 2795/1086/2394
f 2803/994/2400 2802/997/2401 2801/996/2402
f 2802/997/2401 2804/999/2403 2801/996/2402
f 2804/999/2403 2805/1001/2404 2801/996/2402
f 2805/1001/2404 2806/1003/2405 2801/996/2402
f 2806/1003/2405 2807/1005/2406 2801/996/2402
f 2807/1005/2406 2808/1007/2407 2801/996/2402
f 2808/1007/2407 2809/1009/2408 2801/996/2402
f 2809/1009/2408 2810/1011/2409 2801/996/2402
f 2810/1011/2409 2811/1013/2410 2801/996/2402
f 2811/1013/2410 2812/1015/2411 2801/996/2402
f 2812/1015/2411 2813/1017/2412 2801/996/2402
f 2813/1017/2412 2814/1019/2413 2801/996/2402
f 2814/1019/2413 2815/1021/2414 2801/996/2402
f 2815/1021/2414 2816/1023/2415 2801/996/2402
f 2816/1023/2415 2817/1025/2416 2801/996/2402
f 2817/1025/2416 2818/1027/2417 2801/996/2402
f 2818/1027/2417 2819/1029/2418 2801/996/2402
f 2819/1029/2418 2820/1031/2419 2801/996/2402
f 2820/1031/2419 2821/1033/2420 2801/996/2402
f 2821/1033/2420 2822/1076/2421 2801/996/2402
f 2823/1056/2422 2801/996/2402 2822/1076/2421
f 2823/1056/2422 2822/1076/2421 2824/1059/2423
f 2825/1078/2424 2824/1059/2423 2822/1076/2421
f 2825/1078/2424 2826/1081/2425 2824/1059/2423
f 2827/1062/2426 2824/1059/2423 2826/1081/2425
f 2826/1081/2425 2828/1084/2427 2827/1062/2426
f 2829/1065/2428 2827/1062/2426 2828/1084/2427
f 2828/1084/2427 2830/1087/2429 2829/1065/2428
f 2831/1068/2430 2829/1065/2428 2830/1087/2429
f 2830/1087/2429 2832/1090/2431 2831/1068/2430
f 2833/1071/2432 2831/1068/2430 2832/1090/2431
f 2836/1092/2433 2835/1031/2434 2834/1093/2435
f 2837/1094/2436 2834/1093/2435 2835/1031/2434
f 2835/1031/2434 2836/1092/2433 2838/1029/2437
f 2839/1095/2438 2838/1029/2437 2836/1092/2433
f 2838/1029/2437 2839/1095/2438 2840/1096/2439
f 2841/1028/2440 2840/1096/2439 2839/1095/2438
f 2840/1096/2439 2841/1028/2440 2842/1097/2441
f 2843/1026/2442 2842/1097/2441 2841/1028/2440
f 2842/1097/2441 2843/1026/2442 2844/1023/2443
f 2845/1024/2444 2844/1023/2443 2843/1026/2442
f 2844/1023/2443 2845/1024/2444 2846/1021/2445
f 2847/1022/2446 2846/1021/2445 2845/1024/2444
f 2846/1021/2445 2847/1022/2446 2848/1019/2447
f 2849/1098/2448 2848/1019/2447 2847/1022/2446
f 2848/1019/2447 2849/1098/2448 2850/1099/2449
f 2851/1018/2450 2850/1099/2449 2849/1098/2448
f 2850/1099/2449 2851/1018/2450 2852/1015/2451
f 2853/1016/2452 2852/1015/2451 2851/1018/2450
f 2852/1015/2451 2853/1016/2452 2854/1013/2453
f 2855/1100/2454 2854/1013/2453 2853/1016/2452
f 2854/1013/2453 2855/1100/2454 2856/1011/2455
f 2857/1012/2456 2856/1011/2455 2855/1100/2454
f 2856/1011/2455 2857/1012/2456 2858/1009/2457
f 2859/1010/2458 2858/1009/2457 2857/1012/2456
f 2858/1009/2457 2859/1010/2458 2860/1007/2459
f 2861/1101/2460 2860/1007/2459 2859/1010/2458
f 2860/1007/2459 2861/1101/2460 2862/1005/2461
f 2863/1006/2462 2862/1005/2461 2861/1101/2460
f 2862/1005/2461 2863/1006/2462 2864/1003/2463
f 2865/1004/2464 2864/1003/2463 2863/1006/2462
f 2864/1003/2463 2865/1004/2464 2866/1102/2465
f 2867/1002/2466 2866/1102/2465 2865/1004/2464
f 2866/1102/2465 2867/1002/2466 2868/1103/2467
f 2869/1000/2468 2868/1103/2467 2867/1002/2466
f 2868/1103/2467 2869/1000/2468 2870/997/2469
f 2871/998/2470 2870/997/2469 2869/1000/2468
f 2870/997/2469 2871/998/2470 2872/994/2471
f 2873/1104/2472 2872/994/2471 2871/998/2470
f 2872/994/2471 2873/1104/2472 2874/996/2473
f 2875/995/2474 2874/996/2473 2873/1104/2472
f 2861/1101/2460 2876/1047/2354 2863/1006/2462
f 2876/1047/2354 2861/1101/2460 2877/1046/2353
f 2859/1010/2458 2877/1046/2353 2861/1101/2460
f 2877/1046/2353 2859/1010/2458 2878/1045/2352
f 2857/1012/2456 2878/1045/2352 2859/1010/2458
f 2867/1002/2466 2879/1050/2357 2869/1000/2468
f 2879/1050/2357 2867/1002/2466 2880/1049/2356
f 2865/1004/2464 2880/1049/2356 2867/1002/2466
f 2880/1049/2356 2865/1004/2464 2881/1048/2475
f 2881/1048/2475 2863/1006/2462 2876/1047/2354
f 2863/1006/2462 2881/1048/2475 2865/1004/2464
f 2873/1104/2472 2882/1053/2360 2875/995/2474
f 2882/1053/2360 2873/1104/2472 2883/1052/2359
f 2871/998/2470 2883/1052/2359 2873/1104/2472
f 2883/1052/2359 2871/998/2470 2884/1051/2476
f 2884/1051/2476 2869/1000/2468 2879/1050/2357
f 2869/1000/2468 2884/1051/2476 2871/998/2470
f 2855/1100/2454 2885/1044/2351 2857/1012/2456
f 2885/1044/2351 2855/1100/2454 2886/1037/2477
f 2853/1016/2452 2886/1037/2477 2855/1100/2454
f 2851/1018/2450 2887/1036/2343 2853/1016/2452
f 2887/1036/2343 2851/1018/2450 2888/1035/2342
f 2849/1098/2448 2888/1035/2342 2851/1018/2450
f 2888/1035/2342 2849/1098/2448 2889/1040/2347
f 2847/1022/2446 2889/1040/2347 2849/1098/2448
f 2889/1040/2347 2847/1022/2446 2890/1039/2346
f 2845/1024/2444 2890/1039/2346 2847/1022/2446
f 2890/1039/2346 2845/1024/2444 2891/1038/2345
f 2843/1026/2442 2891/1038/2345 2845/1024/2444
f 2891/1038/2345 2843/1026/2442 2892/1043/2478
f 2841/1028/2440 2892/1043/2478 2843/1026/2442
f 2892/1043/2478 2841/1028/2440 2893/1042/2349
f 2839/1095/2438 2893/1042/2349 2841/1028/2440
f 2893/1042/2349 2839/1095/2438 2894/1041/2348
f 2836/1092/2433 2894/1041/2348 2839/1095/2438
f 2894/1041/2348 2836/1092/2433 2895/1073/2479
f 2834/1093/2435 2895/1073/2479 2836/1092/2433
f 2834/1093/2435 2896/1075/2480 2895/1073/2479
f 2896/1075/2480 2834/1093/2435 2897/1076/2481
f 2837/1094/2436 2897/1076/2481 2834/1093/2435
f 2898/1074/2382 2895/1073/2479 2896/1075/2480
f 2896/1075/2480 2897/1076/2481 2899/1077/2482
f 2900/1078/2483 2899/1077/2482 2897/1076/2481
f 2899/1077/2482 2901/1079/2387 2896/1075/2480
f 2898/1074/2382 2896/1075/2480 2901/1079/2387
f 2899/1077/2482 2900/1078/2483 2902/1080/2484
f 2903/1081/2485 2902/1080/2484 2900/1078/2483
f 2902/1080/2484 2904/1082/2390 2899/1077/2482
f 2901/1079/2387 2899/1077/2482 2904/1082/2390
f 2902/1080/2484 2903/1081/2485 2905/1083/2486
f 2906/1084/2487 2905/1083/2486 2903/1081/2485
f 2905/1083/2486 2907/1085/2393 2902/1080/2484
f 2904/1082/2390 2902/1080/2484 2907/1085/2393
f 2905/1083/2486 2906/1084/2487 2908/1086/2488
f 2909/1087/2489 2908/1086/2488 2906/1084/2487
f 2908/1086/2488 2910/1088/2396 2905/1083/2486
f 2907/1085/2393 2905/1083/2486 2910/1088/2396
f 2908/1086/2488 2909/1087/2489 2911/1089/2490
f 2908/1086/2488 2911/1089/2490 2910/1088/2396
f 2912/1090/2491 2911/1089/2490 2909/1087/2489
f 2913/1091/2399 2910/1088/2396 2911/1089/2490
f 2914/1037/2344 2853/1016/2452 2887/1036/2343
f 2915/1045/2380 2857/1012/2456 2885/1044/2351
f 2916/1054/2361 2875/995/2474 2882/1053/2360
f 2916/1054/2361 2917/1057/2364 2875/995/2474
f 2918/1055/2492 2875/995/2474 2917/1057/2364
f 2875/995/2474 2918/1055/2492 2874/996/2473
f 2919/1056/2493 2874/996/2473 2918/1055/2492
f 2918/1055/2492 2920/1058/2494 2919/1056/2493
f 2921/1059/2495 2919/1056/2493 2920/1058/2494
f 2917/1057/2364 2922/1060/2367 2918/1055/2492
f 2920/1058/2494 2918/1055/2492 2922/1060/2367
f 2920/1058/2494 2923/1105/2496 2921/1059/2495
f 2924/1106/2497 2921/1059/2495 2923/1105/2496
f 2923/1105/2496 2920/1058/2494 2925/1063/2370
f 2922/1060/2367 2925/1063/2370 2920/1058/2494
f 2923/1105/2496 2926/1064/2498 2924/1106/2497
f 2927/1065/2499 2924/1106/2497 2926/1064/2498
f 2926/1064/2498 2923/1105/2496 2928/1066/2500
f 2925/1063/2370 2928/1066/2500 2923/1105/2496
f 2926/1064/2498 2929/1067/2501 2927/1065/2499
f 2930/1068/2502 2927/1065/2499 2929/1067/2501
f 2929/1067/2501 2926/1064/2498 2931/1069/2376
f 2928/1066/2500 2931/1069/2376 2926/1064/2498
f 2929/1067/2501 2932/1070/2503 2930/1068/2502
f 2933/1071/2504 2930/1068/2502 2932/1070/2503
f 2932/1070/2503 2929/1067/2501 2934/1072/2379
f 2931/1069/2376 2934/1072/2379 2929/1067/2501
f 2937/1031/2505 2936/1029/2506 2935/1094/2507
f 2936/1029/2506 2938/1096/2508 2935/1094/2507
f 2938/1096/2508 2939/1097/2509 2935/1094/2507
f 2939/1097/2509 2940/1023/2510 2935/1094/2507
f 2940/1023/2510 2941/1021/2511 2935/1094/2507
f 2941/1021/2511 2942/1019/2512 2935/1094/2507
f 2942/1019/2512 2943/1099/2513 2935/1094/2507
f 2943/1099/2513 2944/1015/2514 2935/1094/2507
f 2944/1015/2514 2945/1013/2515 2935/1094/2507
f 2945/1013/2515 2946/1011/2516 2935/1094/2507
f 2946/1011/2516 2947/1009/2517 2935/1094/2507
f 2947/1009/2517 2948/1007/2518 2935/1094/2507
f 2948/1007/2518 2949/1005/2519 2935/1094/2507
f 2949/1005/2519 2950/1003/2520 2935/1094/2507
f 2950/1003/2520 2951/1102/2521 2935/1094/2507
f 2951/1102/2521 2952/1103/2522 2935/1094/2507
f 2952/1103/2522 2953/997/2523 2935/1094/2507
f 2953/997/2523 2954/994/2524 2935/1094/2507
f 2954/994/2524 2955/996/2525 2935/1094/2507
f 2955/996/2525 2956/1056/2526 2935/1094/2507
f 2957/1076/2527 2935/1094/2507 2956/1056/2526
f 2957/1076/2527 2956/1056/2526 2958/1078/2528
f 2959/1059/2529 2958/1078/2528 2956/1056/2526
f 2959/1059/2529 2960/1106/2530 2958/1078/2528
f 2961/1081/2531 2958/1078/2528 2960/1106/2530
f 2960/1106/2530 2962/1065/2532 2961/1081/2531
f 2963/1084/2533 2961/1081/2531 2962/1065/2532
f 2962/1065/2532 2964/1068/2534 2963/1084/2533
f 2965/1087/2535 2963/1084/2533 2964/1068/2534
f 2964/1068/2534 2966/1071/2536 2965/1087/2535
f 2967/1090/2537 2965/1087/2535 2966/1071/2536
