# Blender 3.6.14
# www.blender.org
mtllib Airplane2.mtl
o Propeller
v -0.830813 -0.081568 0.432677
v -0.837073 -0.062301 0.429469
v -0.830813 -0.061310 0.429469
v -0.842721 -0.065179 0.429469
v -0.847202 -0.069661 0.429469
v -0.850080 -0.075308 0.429469
v -0.851072 -0.081568 0.429469
v -0.850080 -0.087829 0.429469
v -0.847202 -0.093476 0.429469
v -0.842721 -0.097958 0.429469
v -0.837073 -0.100836 0.429469
v -0.830813 -0.101827 0.429469
v -0.824552 -0.100836 0.429469
v -0.818905 -0.097958 0.429469
v -0.814423 -0.093476 0.429469
v -0.811546 -0.087829 0.429469
v -0.810554 -0.081568 0.429469
v -0.842721 -0.044920 0.420157
v -0.853463 -0.050393 0.420157
v -0.861988 -0.058918 0.420157
v -0.867461 -0.069661 0.420157
v -0.869347 -0.081568 0.420157
v -0.867461 -0.093476 0.420157
v -0.861988 -0.104218 0.420157
v -0.853463 -0.112743 0.420157
v -0.842721 -0.118217 0.420157
v -0.830813 -0.120103 0.420157
v -0.818905 -0.118217 0.420157
v -0.808163 -0.112743 0.420157
v -0.799638 -0.104218 0.420157
v -0.794164 -0.093476 0.420157
v -0.792278 -0.081568 0.420157
v -0.794164 -0.069661 0.420157
v -0.811546 -0.075308 0.429469
v -0.814423 -0.069661 0.429469
v -0.818905 -0.065179 0.429469
v -0.824553 -0.062301 0.429469
v -0.799638 -0.058918 0.420157
v -0.808163 -0.050393 0.420157
v -0.818905 -0.044920 0.420157
v -0.830813 -0.043034 0.420157
v -0.847202 -0.031126 0.405653
v -0.830813 -0.028530 0.405653
v -0.861988 -0.038660 0.405653
v -0.873722 -0.050393 0.405653
v -0.881255 -0.065179 0.405653
v -0.883851 -0.081568 0.405653
v -0.881255 -0.097958 0.405653
v -0.873722 -0.112743 0.405653
v -0.861988 -0.124477 0.405653
v -0.847202 -0.132011 0.405653
v -0.830813 -0.134607 0.405653
v -0.814423 -0.132011 0.405653
v -0.799638 -0.124477 0.405653
v -0.787904 -0.112743 0.405653
v -0.780371 -0.097958 0.405653
v -0.777775 -0.081568 0.405653
v -0.780371 -0.065179 0.405653
v -0.787904 -0.050393 0.405653
v -0.799638 -0.038660 0.405653
v -0.814423 -0.031126 0.405653
v -0.850080 -0.022270 0.387377
v -0.830813 -0.028530 0.405653
v -0.847202 -0.031126 0.405653
v -0.830813 -0.019218 0.387377
v -0.867461 -0.031126 0.387377
v -0.861988 -0.038660 0.405653
v -0.881255 -0.044920 0.387377
v -0.873722 -0.050393 0.405653
v -0.890111 -0.062301 0.387377
v -0.881255 -0.065179 0.405653
v -0.893163 -0.081568 0.387377
v -0.883851 -0.081568 0.405653
v -0.890111 -0.100836 0.387377
v -0.881255 -0.097958 0.405653
v -0.881255 -0.118217 0.387377
v -0.873722 -0.112743 0.405653
v -0.867461 -0.132011 0.387377
v -0.861988 -0.124477 0.405653
v -0.850080 -0.140867 0.387377
v -0.847202 -0.132011 0.405653
v -0.830813 -0.143918 0.387377
v -0.830813 -0.134607 0.405653
v -0.811546 -0.140867 0.387377
v -0.814423 -0.132011 0.405653
v -0.794164 -0.132011 0.387377
v -0.799638 -0.124477 0.405653
v -0.780371 -0.118217 0.387377
v -0.787904 -0.112743 0.405653
v -0.771514 -0.100836 0.387377
v -0.780371 -0.097958 0.405653
v -0.768463 -0.081568 0.387377
v -0.777775 -0.081568 0.405653
v -0.771514 -0.062301 0.387377
v -0.780371 -0.065179 0.405653
v -0.780371 -0.044920 0.387377
v -0.787904 -0.050393 0.405653
v -0.794164 -0.031126 0.387377
v -0.799638 -0.038660 0.405653
v -0.811546 -0.022270 0.387377
v -0.814423 -0.031126 0.405653
v -0.830813 -0.019218 0.387377
v -0.830813 -0.028530 0.405653
v -0.768463 -0.101827 0.367119
v -0.777775 -0.120103 0.367119
v -0.792278 -0.134606 0.367119
v -0.810554 -0.143918 0.367119
v -0.830813 -0.147127 0.367119
v -0.851071 -0.143918 0.367119
v -0.869347 -0.134607 0.367119
v -0.883851 -0.120103 0.367119
v -0.893163 -0.101827 0.367119
v -0.896371 -0.081568 0.367119
v -0.893163 -0.061310 0.367119
v -0.883851 -0.043034 0.367119
v -0.869347 -0.028530 0.367119
v -0.851072 -0.019218 0.367119
v -0.830813 -0.016010 0.367119
v -0.883851 -0.043034 0.291103
v -0.869347 -0.028530 0.291103
v -0.869347 -0.028530 0.367119
v -0.851072 -0.019218 0.291103
v -0.851072 -0.019218 0.367119
v -0.830813 -0.016010 0.291103
v -0.830813 -0.016010 0.367119
v -0.893163 -0.061310 0.291103
v -0.896371 -0.081568 0.367119
v -0.896371 -0.081568 0.291103
v -0.893163 -0.101827 0.291103
v -0.883851 -0.120103 0.291103
v -0.869347 -0.134607 0.291103
v -0.851071 -0.143918 0.291103
v -0.830813 -0.147127 0.367119
v -0.830813 -0.147127 0.291103
v -0.810554 -0.143918 0.291103
v -0.792278 -0.134606 0.291103
v -0.777775 -0.120103 0.367119
v -0.777775 -0.120103 0.291103
v -0.768463 -0.101827 0.367119
v -0.768463 -0.101827 0.291103
v -0.765254 -0.081568 0.367119
v -0.765254 -0.081568 0.291103
v -0.768463 -0.061310 0.367119
v -0.768463 -0.061310 0.291103
v -0.777775 -0.043034 0.367119
v -0.777775 -0.043034 0.291103
v -0.792278 -0.028530 0.367119
v -0.792278 -0.028530 0.291103
v -0.810554 -0.019218 0.367119
v -0.810554 -0.019218 0.291103
v -0.830813 -0.016010 0.367119
v -0.830813 -0.016010 0.291103
v -0.765254 -0.081568 0.367119
v -0.768463 -0.061310 0.367119
v -0.777775 -0.043034 0.367119
v -0.792278 -0.028530 0.367119
v -0.810554 -0.019218 0.367119
v -0.830813 -0.016010 0.367119
v -0.794921 0.223997 0.392936
v -0.799850 0.232469 0.393001
v -0.794636 0.232960 0.391872
v -0.800120 0.223997 0.393916
v -0.800557 0.240732 0.391096
v -0.795387 0.241703 0.389766
v -0.802267 0.248583 0.388283
v -0.797205 0.250010 0.386707
v -0.804970 0.255828 0.384658
v -0.800081 0.257676 0.382802
v -0.808623 0.262290 0.380329
v -0.803970 0.264513 0.378168
v -0.813143 0.267809 0.375407
v -0.808785 0.270352 0.372924
v -0.818411 0.272249 0.370009
v -0.814398 0.275050 0.367194
v -0.824276 0.275501 0.364249
v -0.820646 0.278490 0.361098
v -0.830559 0.277484 0.358242
v -0.827339 0.280589 0.354756
v -0.837063 0.278151 0.352101
v -0.834263 0.281295 0.348286
v -0.843580 0.277484 0.345938
v -0.841195 0.280589 0.341803
v -0.849902 0.275501 0.339867
v -0.847911 0.278490 0.335424
v -0.855832 0.272249 0.334003
v -0.854198 0.275050 0.329267
v -0.861188 0.267809 0.328463
v -0.859863 0.270352 0.323453
v -0.865818 0.262290 0.323365
v -0.864742 0.264513 0.318106
v -0.869600 0.255828 0.318828
v -0.868707 0.257676 0.313350
v -0.872449 0.248582 0.314972
v -0.871669 0.250010 0.309309
v -0.874315 0.240732 0.311907
v -0.873578 0.241703 0.306102
v -0.875187 0.232469 0.309738
v -0.874426 0.232960 0.303840
v -0.875086 0.223997 0.308551
v -0.874240 0.223997 0.302617
v -0.851136 0.276038 0.324167
v -0.844736 0.279545 0.330403
v -0.837889 0.281684 0.336876
v -0.865834 0.258327 0.308104
v -0.861833 0.265297 0.312892
v -0.856890 0.271249 0.318288
v -0.871494 0.233134 0.298611
v -0.870692 0.242046 0.300848
v -0.868803 0.250513 0.304049
v -0.830813 0.282403 0.343467
v -0.823736 0.281684 0.350057
v -0.816889 0.279545 0.356530
v -0.810490 0.276038 0.362767
v -0.804735 0.271249 0.368645
v -0.799793 0.265297 0.374041
v -0.795792 0.258327 0.378829
v -0.792823 0.250513 0.382884
v -0.790934 0.242046 0.386086
v -0.790132 0.233134 0.388323
v -0.790386 0.223997 0.389501
v -0.798424 0.200445 0.392492
v -0.803583 0.200445 0.393273
v -0.793868 0.200445 0.389214
v -0.806100 0.158695 0.388785
v -0.811285 0.158695 0.389084
v -0.801416 0.158695 0.385862
v -0.813681 0.112151 0.383859
v -0.818889 0.112151 0.383617
v -0.808846 0.112151 0.381324
v -0.820156 0.066202 0.378177
v -0.825381 0.066202 0.377395
v -0.815159 0.066202 0.376016
v -0.825563 0.020848 0.371769
v -0.830800 0.020848 0.370451
v -0.820398 0.020848 0.369970
v -0.829715 -0.021341 0.365097
v -0.834958 -0.021341 0.363276
v -0.824384 -0.021341 0.363626
v -0.823736 0.281684 0.350057
v -0.837889 0.281684 0.336876
v -0.871240 0.223997 0.297433
v -0.867758 0.200445 0.297719
v -0.870992 0.200445 0.302635
v -0.872093 0.200445 0.308440
v -0.863778 0.158695 0.305602
v -0.865225 0.158695 0.311292
v -0.860209 0.158695 0.301072
v -0.856712 0.112151 0.309701
v -0.858550 0.112151 0.315268
v -0.852780 0.112151 0.305610
v -0.850746 0.066202 0.314567
v -0.852975 0.066202 0.320018
v -0.846466 0.066202 0.310918
v -0.845841 0.020848 0.320169
v -0.848462 0.020848 0.325509
v -0.841228 0.020848 0.316964
v -0.842155 -0.021341 0.326092
v -0.845145 -0.021341 0.331334
v -0.837242 -0.021341 0.323308
v -0.800120 0.223997 0.393916
v -0.800557 0.240732 0.391096
v -0.799850 0.232469 0.393001
v -0.802267 0.248583 0.388283
v -0.804970 0.255828 0.384658
v -0.808623 0.262290 0.380329
v -0.813143 0.267809 0.375407
v -0.818411 0.272249 0.370009
v -0.824276 0.275501 0.364249
v -0.830559 0.277484 0.358242
v -0.837063 0.278151 0.352101
v -0.843580 0.277484 0.345938
v -0.849902 0.275501 0.339867
v -0.855832 0.272249 0.334003
v -0.861188 0.267809 0.328463
v -0.865818 0.262290 0.323365
v -0.869600 0.255828 0.318828
v -0.872449 0.248582 0.314972
v -0.874315 0.240732 0.311907
v -0.875187 0.232469 0.309738
v -0.875086 0.223997 0.308551
v -0.872093 0.200445 0.308440
v -0.803583 0.200445 0.393273
v -0.811285 0.158695 0.389084
v -0.865225 0.158695 0.311292
v -0.858550 0.112151 0.315268
v -0.818889 0.112151 0.383617
v -0.852975 0.066202 0.320018
v -0.825381 0.066202 0.377395
v -0.848462 0.020848 0.325509
v -0.830800 0.020848 0.370451
v -0.845145 -0.021341 0.331334
v -0.834958 -0.021341 0.363276
v -0.866704 0.223997 0.293997
v -0.861776 0.232469 0.293933
v -0.866990 0.232960 0.295061
v -0.861506 0.223997 0.293018
v -0.861068 0.240732 0.295838
v -0.866238 0.241703 0.297168
v -0.859359 0.248583 0.298651
v -0.864421 0.250010 0.300227
v -0.856655 0.255828 0.302276
v -0.861545 0.257676 0.304132
v -0.853002 0.262290 0.306605
v -0.857655 0.264513 0.308766
v -0.848482 0.267809 0.311526
v -0.852841 0.270352 0.314010
v -0.843214 0.272249 0.316925
v -0.847228 0.275050 0.319740
v -0.837350 0.275501 0.322685
v -0.840979 0.278490 0.325836
v -0.831067 0.277484 0.328692
v -0.834286 0.280589 0.332177
v -0.824563 0.278151 0.334833
v -0.827362 0.281295 0.338648
v -0.818046 0.277484 0.340996
v -0.820430 0.280589 0.345131
v -0.811724 0.275501 0.347066
v -0.813714 0.278490 0.351510
v -0.805794 0.272249 0.352930
v -0.807427 0.275050 0.357667
v -0.800437 0.267809 0.358471
v -0.801762 0.270352 0.363481
v -0.795807 0.262290 0.363569
v -0.796883 0.264513 0.368828
v -0.792025 0.255828 0.368105
v -0.792918 0.257676 0.373584
v -0.789177 0.248582 0.371962
v -0.789957 0.250010 0.377625
v -0.787311 0.240732 0.375027
v -0.788048 0.241703 0.380832
v -0.786439 0.232469 0.377196
v -0.787200 0.232960 0.383094
v -0.786539 0.223997 0.378382
v -0.787386 0.223997 0.384317
v -0.810490 0.276038 0.362767
v -0.816889 0.279545 0.356530
v -0.823736 0.281684 0.350057
v -0.795792 0.258327 0.378829
v -0.799793 0.265297 0.374041
v -0.804735 0.271249 0.368645
v -0.790132 0.233134 0.388323
v -0.790934 0.242046 0.386086
v -0.792823 0.250513 0.382884
v -0.830813 0.282403 0.343467
v -0.837889 0.281684 0.336876
v -0.844736 0.279545 0.330403
v -0.851136 0.276038 0.324167
v -0.856890 0.271249 0.318288
v -0.861833 0.265297 0.312892
v -0.865834 0.258327 0.308104
v -0.868803 0.250513 0.304049
v -0.870692 0.242046 0.300848
v -0.871494 0.233134 0.298611
v -0.871240 0.223997 0.297433
v -0.863202 0.200445 0.294441
v -0.858043 0.200445 0.293661
v -0.867758 0.200445 0.297719
v -0.855526 0.158695 0.298149
v -0.850341 0.158695 0.297850
v -0.860209 0.158695 0.301072
v -0.847945 0.112151 0.303075
v -0.842736 0.112151 0.303317
v -0.852780 0.112151 0.305610
v -0.841470 0.066202 0.308757
v -0.836244 0.066202 0.309539
v -0.846466 0.066202 0.310918
v -0.836063 0.020848 0.315164
v -0.830826 0.020848 0.316483
v -0.841228 0.020848 0.316964
v -0.831910 -0.021341 0.321837
v -0.826667 -0.021341 0.323658
v -0.837242 -0.021341 0.323308
v -0.837889 0.281684 0.336876
v -0.823736 0.281684 0.350057
v -0.790386 0.223997 0.389501
v -0.793868 0.200445 0.389214
v -0.790634 0.200445 0.384298
v -0.789532 0.200445 0.378494
v -0.797848 0.158695 0.381332
v -0.796401 0.158695 0.375642
v -0.801416 0.158695 0.385862
v -0.804913 0.112151 0.377233
v -0.803076 0.112151 0.371666
v -0.808846 0.112151 0.381324
v -0.810880 0.066202 0.372367
v -0.808651 0.066202 0.366916
v -0.815159 0.066202 0.376016
v -0.815785 0.020848 0.366765
v -0.813164 0.020848 0.361425
v -0.820398 0.020848 0.369970
v -0.819470 -0.021341 0.360842
v -0.816480 -0.021341 0.355600
v -0.824384 -0.021341 0.363626
v -0.861506 0.223997 0.293018
v -0.861068 0.240732 0.295838
v -0.861776 0.232469 0.293933
v -0.859359 0.248583 0.298651
v -0.856655 0.255828 0.302276
v -0.853002 0.262290 0.306605
v -0.848482 0.267809 0.311526
v -0.843214 0.272249 0.316925
v -0.837350 0.275501 0.322685
v -0.831067 0.277484 0.328692
v -0.824563 0.278151 0.334833
v -0.818046 0.277484 0.340996
v -0.811724 0.275501 0.347066
v -0.805794 0.272249 0.352930
v -0.800437 0.267809 0.358471
v -0.795807 0.262290 0.363569
v -0.792025 0.255828 0.368105
v -0.789177 0.248582 0.371962
v -0.787311 0.240732 0.375027
v -0.786439 0.232469 0.377196
v -0.786539 0.223997 0.378382
v -0.789532 0.200445 0.378494
v -0.858043 0.200445 0.293661
v -0.850341 0.158695 0.297850
v -0.796401 0.158695 0.375642
v -0.803076 0.112151 0.371666
v -0.842736 0.112151 0.303317
v -0.808651 0.066202 0.366916
v -0.836244 0.066202 0.309539
v -0.813164 0.020848 0.361425
v -0.830826 0.020848 0.316483
v -0.816480 -0.021341 0.355600
v -0.826667 -0.021341 0.323658
v -0.584131 -0.265434 0.392937
v -0.574330 -0.265402 0.393001
v -0.576511 -0.270163 0.391873
v -0.581532 -0.260932 0.393916
v -0.566821 -0.268921 0.391096
v -0.568564 -0.273884 0.389766
v -0.559167 -0.271366 0.388283
v -0.560462 -0.276463 0.386707
v -0.551540 -0.272647 0.384658
v -0.552385 -0.277805 0.382802
v -0.544118 -0.272714 0.380329
v -0.544519 -0.277855 0.378168
v -0.537078 -0.271559 0.375407
v -0.537055 -0.276605 0.372924
v -0.530599 -0.269217 0.370009
v -0.530180 -0.274093 0.367194
v -0.524850 -0.265764 0.364249
v -0.524076 -0.270402 0.361098
v -0.519991 -0.261315 0.358242
v -0.518912 -0.265656 0.354756
v -0.516162 -0.256016 0.352101
v -0.514839 -0.260012 0.348286
v -0.513481 -0.250039 0.345938
v -0.511984 -0.253656 0.341803
v -0.512037 -0.243571 0.339868
v -0.510443 -0.246790 0.335424
v -0.511889 -0.236810 0.334004
v -0.510280 -0.239625 0.329267
v -0.513056 -0.229951 0.328463
v -0.511516 -0.232370 0.323453
v -0.515520 -0.223182 0.323365
v -0.514133 -0.225225 0.318106
v -0.519225 -0.216676 0.318829
v -0.518071 -0.218373 0.313350
v -0.524076 -0.210586 0.314972
v -0.523230 -0.211975 0.309309
v -0.529942 -0.205045 0.311907
v -0.529469 -0.206169 0.306102
v -0.536662 -0.200158 0.309738
v -0.536616 -0.201063 0.303840
v -0.544048 -0.196009 0.308552
v -0.544472 -0.196742 0.302617
v -0.510956 -0.242771 0.324167
v -0.511118 -0.250067 0.330403
v -0.512688 -0.257066 0.336877
v -0.518944 -0.221187 0.308105
v -0.514909 -0.228137 0.312893
v -0.512225 -0.235393 0.318289
v -0.537932 -0.203689 0.298611
v -0.530615 -0.208839 0.300848
v -0.524227 -0.214709 0.304050
v -0.515604 -0.263554 0.343467
v -0.519765 -0.269323 0.350058
v -0.525041 -0.274183 0.356531
v -0.531278 -0.277971 0.362767
v -0.538303 -0.280561 0.368646
v -0.545929 -0.281865 0.374042
v -0.553965 -0.281846 0.378830
v -0.562217 -0.280509 0.382885
v -0.570494 -0.277912 0.386086
v -0.578613 -0.274151 0.388323
v -0.586399 -0.269362 0.389501
v -0.602776 -0.250625 0.392493
v -0.600197 -0.246157 0.393273
v -0.605054 -0.254571 0.389214
v -0.635095 -0.223102 0.388785
v -0.632503 -0.218612 0.389084
v -0.637437 -0.227158 0.385862
v -0.671613 -0.193265 0.383859
v -0.669009 -0.188754 0.383617
v -0.674031 -0.197452 0.381324
v -0.708169 -0.164683 0.378177
v -0.705556 -0.160157 0.377395
v -0.710667 -0.169010 0.376016
v -0.744743 -0.137323 0.371769
v -0.742124 -0.132788 0.370451
v -0.747325 -0.141796 0.369970
v -0.779203 -0.112633 0.365097
v -0.776582 -0.108092 0.363276
v -0.781869 -0.117250 0.363626
v -0.519765 -0.269323 0.350058
v -0.512688 -0.257066 0.336877
v -0.545972 -0.199341 0.297433
v -0.568109 -0.190580 0.297720
v -0.566492 -0.187779 0.302635
v -0.565942 -0.186825 0.308440
v -0.606256 -0.173151 0.305602
v -0.605533 -0.171898 0.311292
v -0.608040 -0.176242 0.301072
v -0.650097 -0.155998 0.309701
v -0.649179 -0.154407 0.315268
v -0.652063 -0.159404 0.305610
v -0.692873 -0.138191 0.314567
v -0.691759 -0.136261 0.320018
v -0.695013 -0.141897 0.310918
v -0.734604 -0.119762 0.320169
v -0.733293 -0.117492 0.325509
v -0.736910 -0.123757 0.316964
v -0.772983 -0.101859 0.326092
v -0.771488 -0.099270 0.331334
v -0.775440 -0.106114 0.323308
v -0.581532 -0.260932 0.393916
v -0.566821 -0.268921 0.391096
v -0.574330 -0.265402 0.393001
v -0.559167 -0.271366 0.388283
v -0.551540 -0.272647 0.384658
v -0.544118 -0.272714 0.380329
v -0.537078 -0.271559 0.375407
v -0.530599 -0.269217 0.370009
v -0.524850 -0.265764 0.364249
v -0.519991 -0.261315 0.358242
v -0.516162 -0.256016 0.352101
v -0.513481 -0.250039 0.345938
v -0.512037 -0.243571 0.339868
v -0.511889 -0.236810 0.334004
v -0.513056 -0.229951 0.328463
v -0.515520 -0.223182 0.323365
v -0.519225 -0.216676 0.318829
v -0.524076 -0.210586 0.314972
v -0.529942 -0.205045 0.311907
v -0.536662 -0.200158 0.309738
v -0.544048 -0.196009 0.308552
v -0.565942 -0.186825 0.308440
v -0.600197 -0.246157 0.393273
v -0.632503 -0.218612 0.389084
v -0.605533 -0.171898 0.311292
v -0.649179 -0.154407 0.315268
v -0.669009 -0.188754 0.383617
v -0.691759 -0.136261 0.320018
v -0.705556 -0.160157 0.377395
v -0.733293 -0.117492 0.325509
v -0.742124 -0.132788 0.370451
v -0.771488 -0.099270 0.331334
v -0.776582 -0.108092 0.363276
v -0.548239 -0.203268 0.293998
v -0.543367 -0.211772 0.293933
v -0.540334 -0.207503 0.295062
v -0.550839 -0.207770 0.293018
v -0.536565 -0.216516 0.295838
v -0.533139 -0.212525 0.297168
v -0.530621 -0.221922 0.298651
v -0.526854 -0.218252 0.300227
v -0.525698 -0.227886 0.302276
v -0.521653 -0.224576 0.304132
v -0.521928 -0.234281 0.306605
v -0.517676 -0.231363 0.308766
v -0.519409 -0.240955 0.311527
v -0.515027 -0.238452 0.314010
v -0.518197 -0.247737 0.316925
v -0.513765 -0.245662 0.319740
v -0.518313 -0.254442 0.322685
v -0.513909 -0.252794 0.325836
v -0.519737 -0.260875 0.328692
v -0.515438 -0.259639 0.332178
v -0.522411 -0.266841 0.334833
v -0.518289 -0.265988 0.338648
v -0.526247 -0.272151 0.340996
v -0.522366 -0.271639 0.345131
v -0.531127 -0.276635 0.347067
v -0.527542 -0.276406 0.351510
v -0.536908 -0.280144 0.352931
v -0.533665 -0.280130 0.357667
v -0.543431 -0.282563 0.358471
v -0.540566 -0.282687 0.363481
v -0.550526 -0.283813 0.363569
v -0.548063 -0.283993 0.368828
v -0.558013 -0.283858 0.368106
v -0.555966 -0.284008 0.373584
v -0.565712 -0.282702 0.371962
v -0.564086 -0.282740 0.377625
v -0.573444 -0.280392 0.375027
v -0.572234 -0.280240 0.380832
v -0.581036 -0.277016 0.377196
v -0.580229 -0.276603 0.383094
v -0.588322 -0.272693 0.378383
v -0.587899 -0.271960 0.384317
v -0.531278 -0.277971 0.362767
v -0.525041 -0.274183 0.356531
v -0.519765 -0.269323 0.350058
v -0.553965 -0.281846 0.378830
v -0.545929 -0.281865 0.374042
v -0.538303 -0.280561 0.368646
v -0.578613 -0.274151 0.388323
v -0.570494 -0.277912 0.386086
v -0.562217 -0.280509 0.382885
v -0.515604 -0.263554 0.343467
v -0.512688 -0.257066 0.336877
v -0.511118 -0.250067 0.330403
v -0.510956 -0.242771 0.324167
v -0.512225 -0.235393 0.318289
v -0.514909 -0.228137 0.312893
v -0.518944 -0.221187 0.308105
v -0.524227 -0.214709 0.304050
v -0.530615 -0.208839 0.300848
v -0.537932 -0.203689 0.298611
v -0.545972 -0.199341 0.297433
v -0.570387 -0.194526 0.294442
v -0.572967 -0.198993 0.293661
v -0.568109 -0.190580 0.297720
v -0.610382 -0.180298 0.298149
v -0.612975 -0.184788 0.297850
v -0.608040 -0.176242 0.301072
v -0.654481 -0.163591 0.303075
v -0.657085 -0.168102 0.303317
v -0.652063 -0.159404 0.305610
v -0.697511 -0.146224 0.308757
v -0.700124 -0.150750 0.309539
v -0.695013 -0.141897 0.310918
v -0.739493 -0.128230 0.315164
v -0.742111 -0.132766 0.316483
v -0.736910 -0.123757 0.316964
v -0.778106 -0.110732 0.321837
v -0.780727 -0.115272 0.323658
v -0.775440 -0.106114 0.323308
v -0.512688 -0.257066 0.336877
v -0.519765 -0.269323 0.350058
v -0.586399 -0.269362 0.389501
v -0.605054 -0.254571 0.389214
v -0.606671 -0.257371 0.384299
v -0.607222 -0.258325 0.378494
v -0.639221 -0.230249 0.381332
v -0.639945 -0.231502 0.375642
v -0.637437 -0.227158 0.385862
v -0.675997 -0.200857 0.377233
v -0.676916 -0.202449 0.371666
v -0.674031 -0.197452 0.381324
v -0.712807 -0.172716 0.372367
v -0.713921 -0.174646 0.366916
v -0.710667 -0.169010 0.376016
v -0.749632 -0.145791 0.366765
v -0.750942 -0.148061 0.361425
v -0.747325 -0.141796 0.369970
v -0.784326 -0.121505 0.360842
v -0.785821 -0.124095 0.355600
v -0.781869 -0.117250 0.363626
v -0.550839 -0.207770 0.293018
v -0.536565 -0.216516 0.295838
v -0.543367 -0.211772 0.293933
v -0.530621 -0.221922 0.298651
v -0.525698 -0.227886 0.302276
v -0.521928 -0.234281 0.306605
v -0.519409 -0.240955 0.311527
v -0.518197 -0.247737 0.316925
v -0.518313 -0.254442 0.322685
v -0.519737 -0.260875 0.328692
v -0.522411 -0.266841 0.334833
v -0.526247 -0.272151 0.340996
v -0.531127 -0.276635 0.347067
v -0.536908 -0.280144 0.352931
v -0.543431 -0.282563 0.358471
v -0.550526 -0.283813 0.363569
v -0.558013 -0.283858 0.368106
v -0.565712 -0.282702 0.371962
v -0.573444 -0.280392 0.375027
v -0.581036 -0.277016 0.377196
v -0.588322 -0.272693 0.378383
v -0.607222 -0.258325 0.378494
v -0.572967 -0.198993 0.293661
v -0.612975 -0.184788 0.297850
v -0.639945 -0.231502 0.375642
v -0.676916 -0.202449 0.371666
v -0.657085 -0.168102 0.303317
v -0.713921 -0.174646 0.366916
v -0.700124 -0.150750 0.309539
v -0.750942 -0.148061 0.361425
v -0.742111 -0.132766 0.316483
v -0.785821 -0.124095 0.355600
v -0.780727 -0.115272 0.323658
v -1.113386 -0.203268 0.392936
v -1.118258 -0.211772 0.393001
v -1.121291 -0.207503 0.391872
v -1.110787 -0.207770 0.393916
v -1.125061 -0.216516 0.391096
v -1.128487 -0.212525 0.389765
v -1.131005 -0.221922 0.388283
v -1.134772 -0.218252 0.386707
v -1.135928 -0.227886 0.384658
v -1.139973 -0.224576 0.382802
v -1.139697 -0.234281 0.380329
v -1.143949 -0.231363 0.378167
v -1.142217 -0.240955 0.375407
v -1.146599 -0.238452 0.372924
v -1.143428 -0.247737 0.370009
v -1.147861 -0.245662 0.367194
v -1.143312 -0.254442 0.364249
v -1.147716 -0.252794 0.361098
v -1.141889 -0.260875 0.358242
v -1.146187 -0.259639 0.354756
v -1.139214 -0.266841 0.352101
v -1.143336 -0.265988 0.348286
v -1.135378 -0.272151 0.345938
v -1.139259 -0.271639 0.341803
v -1.130499 -0.276635 0.339867
v -1.134084 -0.276406 0.335423
v -1.124718 -0.280144 0.334003
v -1.127960 -0.280130 0.329267
v -1.118194 -0.282563 0.328463
v -1.121059 -0.282687 0.323453
v -1.111100 -0.283813 0.323365
v -1.113563 -0.283993 0.318106
v -1.103613 -0.283858 0.318828
v -1.105660 -0.284008 0.313350
v -1.095914 -0.282702 0.314972
v -1.097540 -0.282740 0.309309
v -1.088182 -0.280392 0.311907
v -1.089391 -0.280240 0.306102
v -1.080590 -0.277016 0.309737
v -1.081396 -0.276603 0.303840
v -1.073303 -0.272693 0.308551
v -1.073727 -0.271960 0.302617
v -1.130347 -0.277972 0.324167
v -1.136584 -0.274183 0.330403
v -1.141861 -0.269323 0.336876
v -1.107661 -0.281846 0.308104
v -1.115697 -0.281865 0.312892
v -1.123323 -0.280561 0.318288
v -1.083012 -0.274151 0.298611
v -1.091131 -0.277912 0.300848
v -1.099409 -0.280509 0.304049
v -1.146022 -0.263554 0.343467
v -1.148937 -0.257067 0.350057
v -1.150508 -0.250067 0.356530
v -1.150670 -0.242771 0.362767
v -1.149400 -0.235393 0.368645
v -1.146717 -0.228137 0.374041
v -1.142682 -0.221187 0.378829
v -1.137399 -0.214709 0.382884
v -1.131010 -0.208839 0.386086
v -1.123694 -0.203689 0.388323
v -1.115654 -0.199341 0.389501
v -1.091238 -0.194526 0.392492
v -1.088659 -0.198993 0.393273
v -1.093516 -0.190580 0.389214
v -1.051244 -0.180298 0.388785
v -1.048651 -0.184788 0.389084
v -1.053585 -0.176242 0.385862
v -1.007144 -0.163591 0.383859
v -1.004540 -0.168102 0.383617
v -1.009562 -0.159404 0.381324
v -0.964114 -0.146224 0.378177
v -0.961501 -0.150750 0.377395
v -0.966612 -0.141897 0.376016
v -0.922133 -0.128230 0.371769
v -0.919514 -0.132766 0.370451
v -0.924716 -0.123757 0.369970
v -0.883520 -0.110732 0.365097
v -0.880899 -0.115272 0.363276
v -0.886186 -0.106114 0.363626
v -1.148937 -0.257067 0.350057
v -1.141861 -0.269323 0.336876
v -1.075227 -0.269362 0.297433
v -1.056571 -0.254571 0.297719
v -1.054954 -0.257371 0.302635
v -1.054403 -0.258325 0.308440
v -1.022404 -0.230249 0.305601
v -1.021681 -0.231502 0.311292
v -1.024189 -0.227158 0.301072
v -0.985629 -0.200858 0.309701
v -0.984710 -0.202449 0.315268
v -0.987595 -0.197452 0.305610
v -0.948819 -0.172716 0.314567
v -0.947705 -0.174647 0.320018
v -0.950959 -0.169010 0.310918
v -0.911994 -0.145791 0.320169
v -0.910684 -0.148061 0.325509
v -0.914300 -0.141796 0.316964
v -0.877300 -0.121505 0.326092
v -0.875805 -0.124095 0.331334
v -0.879757 -0.117250 0.323308
v -1.110787 -0.207770 0.393916
v -1.125061 -0.216516 0.391096
v -1.118258 -0.211772 0.393001
v -1.131005 -0.221922 0.388283
v -1.135928 -0.227886 0.384658
v -1.139697 -0.234281 0.380329
v -1.142217 -0.240955 0.375407
v -1.143428 -0.247737 0.370009
v -1.143312 -0.254442 0.364249
v -1.141889 -0.260875 0.358242
v -1.139214 -0.266841 0.352101
v -1.135378 -0.272151 0.345938
v -1.130499 -0.276635 0.339867
v -1.124718 -0.280144 0.334003
v -1.118194 -0.282563 0.328463
v -1.111100 -0.283813 0.323365
v -1.103613 -0.283858 0.318828
v -1.095914 -0.282702 0.314972
v -1.088182 -0.280392 0.311907
v -1.080590 -0.277016 0.309737
v -1.073303 -0.272693 0.308551
v -1.054403 -0.258325 0.308440
v -1.088659 -0.198993 0.393273
v -1.048651 -0.184788 0.389084
v -1.021681 -0.231502 0.311292
v -0.984710 -0.202449 0.315268
v -1.004540 -0.168102 0.383617
v -0.947705 -0.174647 0.320018
v -0.961501 -0.150750 0.377395
v -0.910684 -0.148061 0.325509
v -0.919514 -0.132766 0.370451
v -0.875805 -0.124095 0.331334
v -0.880899 -0.115272 0.363276
v -1.077495 -0.265434 0.293997
v -1.087295 -0.265402 0.293933
v -1.085114 -0.270163 0.295061
v -1.080094 -0.260932 0.293018
v -1.094805 -0.268921 0.295838
v -1.093061 -0.273884 0.297168
v -1.102459 -0.271366 0.298651
v -1.101164 -0.276463 0.300227
v -1.110085 -0.272647 0.302276
v -1.109241 -0.277805 0.304132
v -1.117508 -0.272714 0.306605
v -1.117106 -0.277855 0.308766
v -1.124547 -0.271559 0.311526
v -1.124571 -0.276606 0.314010
v -1.131027 -0.269217 0.316925
v -1.131446 -0.274093 0.319740
v -1.136775 -0.265764 0.322684
v -1.137550 -0.270402 0.325836
v -1.141635 -0.261315 0.328692
v -1.142714 -0.265656 0.332177
v -1.145464 -0.256016 0.334833
v -1.146787 -0.260012 0.338648
v -1.148145 -0.250039 0.340996
v -1.149642 -0.253656 0.345131
v -1.149588 -0.243571 0.347066
v -1.151182 -0.246790 0.351510
v -1.149737 -0.236810 0.352930
v -1.151346 -0.239625 0.357667
v -1.148570 -0.229951 0.358471
v -1.150110 -0.232370 0.363481
v -1.146106 -0.223182 0.363569
v -1.147493 -0.225225 0.368828
v -1.142401 -0.216676 0.368105
v -1.143554 -0.218373 0.373584
v -1.137550 -0.210586 0.371962
v -1.138396 -0.211975 0.377625
v -1.131684 -0.205045 0.375027
v -1.132157 -0.206169 0.380831
v -1.124964 -0.200158 0.377196
v -1.125009 -0.201063 0.383094
v -1.117577 -0.196009 0.378382
v -1.117154 -0.196742 0.384317
v -1.150670 -0.242771 0.362767
v -1.150508 -0.250067 0.356530
v -1.148937 -0.257067 0.350057
v -1.142682 -0.221187 0.378829
v -1.146717 -0.228137 0.374041
v -1.149400 -0.235393 0.368645
v -1.123694 -0.203689 0.388323
v -1.131010 -0.208839 0.386086
v -1.137399 -0.214709 0.382884
v -1.146022 -0.263554 0.343467
v -1.141861 -0.269323 0.336876
v -1.136584 -0.274183 0.330403
v -1.130347 -0.277972 0.324167
v -1.123323 -0.280561 0.318288
v -1.115697 -0.281865 0.312892
v -1.107661 -0.281846 0.308104
v -1.099409 -0.280509 0.304049
v -1.091131 -0.277912 0.300848
v -1.083012 -0.274151 0.298611
v -1.075227 -0.269362 0.297433
v -1.058849 -0.250625 0.294441
v -1.061429 -0.246157 0.293661
v -1.056571 -0.254571 0.297719
v -1.026530 -0.223102 0.298149
v -1.029123 -0.218612 0.297850
v -1.024189 -0.227158 0.301072
v -0.990012 -0.193265 0.303075
v -0.992617 -0.188754 0.303317
v -0.987595 -0.197452 0.305610
v -0.953457 -0.164683 0.308757
v -0.956070 -0.160157 0.309539
v -0.950959 -0.169010 0.310918
v -0.916883 -0.137323 0.315164
v -0.919502 -0.132788 0.316483
v -0.914300 -0.141796 0.316964
v -0.882423 -0.112632 0.321837
v -0.885044 -0.108092 0.323658
v -0.879757 -0.117250 0.323308
v -1.141861 -0.269323 0.336876
v -1.148937 -0.257067 0.350057
v -1.115654 -0.199341 0.389501
v -1.093516 -0.190580 0.389214
v -1.095133 -0.187779 0.384298
v -1.095684 -0.186825 0.378494
v -1.055370 -0.173151 0.381332
v -1.056093 -0.171898 0.375642
v -1.053585 -0.176242 0.385862
v -1.011528 -0.155998 0.377233
v -1.012447 -0.154407 0.371666
v -1.009562 -0.159404 0.381324
v -0.968752 -0.138191 0.372366
v -0.969867 -0.136261 0.366916
v -0.966612 -0.141897 0.376016
v -0.927022 -0.119762 0.366765
v -0.928332 -0.117492 0.361424
v -0.924716 -0.123757 0.369970
v -0.888642 -0.101859 0.360842
v -0.890138 -0.099270 0.355600
v -0.886186 -0.106114 0.363626
v -1.080094 -0.260932 0.293018
v -1.094805 -0.268921 0.295838
v -1.087295 -0.265402 0.293933
v -1.102459 -0.271366 0.298651
v -1.110085 -0.272647 0.302276
v -1.117508 -0.272714 0.306605
v -1.124547 -0.271559 0.311526
v -1.131027 -0.269217 0.316925
v -1.136775 -0.265764 0.322684
v -1.141635 -0.261315 0.328692
v -1.145464 -0.256016 0.334833
v -1.148145 -0.250039 0.340996
v -1.149588 -0.243571 0.347066
v -1.149737 -0.236810 0.352930
v -1.148570 -0.229951 0.358471
v -1.146106 -0.223182 0.363569
v -1.142401 -0.216676 0.368105
v -1.137550 -0.210586 0.371962
v -1.131684 -0.205045 0.375027
v -1.124964 -0.200158 0.377196
v -1.117577 -0.196009 0.378382
v -1.095684 -0.186825 0.378494
v -1.061429 -0.246157 0.293661
v -1.029123 -0.218612 0.297850
v -1.056093 -0.171898 0.375642
v -1.012447 -0.154407 0.371666
v -0.992617 -0.188754 0.303317
v -0.969867 -0.136261 0.366916
v -0.956070 -0.160157 0.309539
v -0.928332 -0.117492 0.361424
v -0.919502 -0.132788 0.316483
v -0.890138 -0.099270 0.355600
v -0.885044 -0.108092 0.323658
vn -0.0000 0.3230 0.9464
vn -0.0998 0.3072 0.9464
vn -0.0000 -0.0000 1.0000
vn -0.1899 0.2613 0.9464
vn -0.2613 0.1899 0.9464
vn -0.3072 0.0998 0.9464
vn -0.3230 -0.0000 0.9464
vn -0.3072 -0.0998 0.9464
vn -0.2613 -0.1899 0.9464
vn -0.1899 -0.2613 0.9464
vn -0.0998 -0.3072 0.9464
vn -0.0000 -0.3230 0.9464
vn 0.0998 -0.3072 0.9464
vn 0.1899 -0.2613 0.9464
vn 0.2613 -0.1899 0.9464
vn 0.3072 -0.0998 0.9464
vn 0.3230 -0.0000 0.9464
vn -0.1847 0.5686 0.8016
vn -0.3514 0.4837 0.8016
vn -0.4837 0.3514 0.8016
vn -0.5686 0.1847 0.8016
vn -0.5978 -0.0000 0.8016
vn -0.5686 -0.1847 0.8016
vn -0.4837 -0.3514 0.8016
vn -0.3514 -0.4837 0.8016
vn -0.1847 -0.5686 0.8016
vn -0.0000 -0.5978 0.8016
vn 0.1847 -0.5686 0.8016
vn 0.3514 -0.4837 0.8016
vn 0.4837 -0.3514 0.8016
vn 0.5686 -0.1847 0.8016
vn 0.5978 -0.0000 0.8016
vn 0.5686 0.1847 0.8016
vn 0.3072 0.0998 0.9464
vn 0.2613 0.1899 0.9464
vn 0.1899 0.2613 0.9464
vn 0.0998 0.3072 0.9464
vn 0.4837 0.3514 0.8016
vn 0.3514 0.4837 0.8016
vn 0.1847 0.5686 0.8016
vn -0.0000 0.5978 0.8016
vn -0.2516 0.7744 0.5805
vn -0.0000 0.8143 0.5805
vn -0.4786 0.6588 0.5805
vn -0.6588 0.4786 0.5805
vn -0.7744 0.2516 0.5805
vn -0.8143 -0.0000 0.5805
vn -0.7744 -0.2516 0.5805
vn -0.6588 -0.4786 0.5805
vn -0.4786 -0.6588 0.5805
vn -0.2516 -0.7744 0.5805
vn -0.0000 -0.8143 0.5805
vn 0.2516 -0.7744 0.5805
vn 0.4786 -0.6588 0.5805
vn 0.6588 -0.4786 0.5805
vn 0.7744 -0.2516 0.5805
vn 0.8143 -0.0000 0.5805
vn 0.7744 0.2516 0.5805
vn 0.6588 0.4786 0.5805
vn 0.4786 0.6588 0.5805
vn 0.2516 0.7744 0.5805
vn -0.2943 0.9059 0.3045
vn -0.0000 0.9525 0.3045
vn -0.5599 0.7706 0.3045
vn -0.7706 0.5599 0.3045
vn -0.9059 0.2943 0.3045
vn -0.9525 -0.0000 0.3045
vn -0.9059 -0.2943 0.3045
vn -0.7706 -0.5599 0.3045
vn -0.5599 -0.7706 0.3045
vn -0.2943 -0.9059 0.3045
vn -0.0000 -0.9525 0.3045
vn 0.2943 -0.9059 0.3045
vn 0.5599 -0.7706 0.3045
vn 0.7706 -0.5599 0.3045
vn 0.9059 -0.2943 0.3045
vn 0.9525 -0.0000 0.3045
vn 0.9059 0.2943 0.3045
vn 0.7706 0.5599 0.3045
vn 0.5599 0.7706 0.3045
vn 0.2943 0.9059 0.3045
vn 0.9482 -0.3081 0.0778
vn 0.8066 -0.5860 0.0778
vn 0.5860 -0.8066 0.0779
vn 0.3081 -0.9482 0.0779
vn -0.0000 -0.9970 0.0778
vn -0.3081 -0.9482 0.0779
vn -0.5860 -0.8066 0.0779
vn -0.8066 -0.5860 0.0779
vn -0.9482 -0.3081 0.0779
vn -0.9970 -0.0000 0.0778
vn -0.9482 0.3081 0.0779
vn -0.8066 0.5860 0.0779
vn -0.5860 0.8066 0.0778
vn -0.3081 0.9482 0.0778
vn -0.0000 0.9970 0.0778
vn -0.8090 0.5878 -0.0000
vn -0.5878 0.8090 -0.0000
vn -0.5860 0.8066 0.0779
vn -0.3090 0.9511 -0.0000
vn -0.3081 0.9482 0.0779
vn -0.0000 1.0000 0.0001
vn -0.0000 0.9970 0.0779
vn -0.9511 0.3090 -0.0000
vn -0.9970 -0.0000 0.0779
vn -1.0000 -0.0000 -0.0000
vn -0.9511 -0.3090 -0.0000
vn -0.8090 -0.5878 -0.0000
vn -0.5878 -0.8090 -0.0000
vn -0.3090 -0.9511 -0.0000
vn -0.0000 -0.9970 0.0779
vn -0.0000 -1.0000 -0.0000
vn 0.3090 -0.9511 -0.0000
vn 0.5878 -0.8090 -0.0000
vn 0.8066 -0.5860 0.0779
vn 0.8090 -0.5878 -0.0000
vn 0.9482 -0.3081 0.0779
vn 0.9511 -0.3090 -0.0000
vn 0.9970 -0.0000 0.0779
vn 1.0000 -0.0000 -0.0000
vn 0.9482 0.3081 0.0779
vn 0.9511 0.3090 -0.0000
vn 0.8066 0.5860 0.0779
vn 0.8090 0.5878 -0.0000
vn 0.5860 0.8066 0.0779
vn 0.5878 0.8090 -0.0000
vn 0.3081 0.9482 0.0779
vn 0.3090 0.9511 -0.0000
vn -0.0000 1.0000 -0.0000
vn 0.9970 -0.0000 0.0778
vn 0.9482 0.3081 0.0778
vn 0.8066 0.5860 0.0778
vn 0.5860 0.8066 0.0778
vn 0.3081 0.9482 0.0778
vn 0.4143 0.1703 0.8941
vn 0.1904 0.1672 0.9674
vn 0.4089 0.0048 0.9126
vn 0.1851 0.0184 0.9825
vn 0.1815 0.3003 0.9364
vn 0.4003 0.3195 0.8589
vn 0.1554 0.4242 0.8921
vn 0.3664 0.4591 0.8093
vn 0.1129 0.5357 0.8368
vn 0.3139 0.5850 0.7479
vn 0.0556 0.6317 0.7732
vn 0.2446 0.6937 0.6775
vn -0.0145 0.7102 0.7039
vn 0.1613 0.7828 0.6010
vn -0.0952 0.7699 0.6310
vn 0.0669 0.8510 0.5209
vn -0.1840 0.8102 0.5565
vn -0.0358 0.8978 0.4390
vn -0.2788 0.8308 0.4816
vn -0.1441 0.9230 0.3568
vn -0.3774 0.8317 0.4072
vn -0.2558 0.9269 0.2748
vn -0.4775 0.8128 0.3337
vn -0.3683 0.9093 0.1935
vn -0.5764 0.7742 0.2616
vn -0.4793 0.8703 0.1133
vn -0.6712 0.7162 0.1913
vn -0.5856 0.8099 0.0347
vn -0.7586 0.6397 0.1239
vn -0.6837 0.7286 -0.0411
vn -0.8353 0.5464 0.0605
vn -0.7702 0.6279 -0.1125
vn -0.8984 0.4392 0.0028
vn -0.8414 0.5104 -0.1775
vn -0.9457 0.3216 -0.0475
vn -0.8950 0.3799 -0.2337
vn -0.9763 0.1976 -0.0887
vn -0.9295 0.2408 -0.2792
vn -0.9903 0.0711 -0.1193
vn -0.9450 0.0976 -0.3121
vn -0.9879 -0.0628 -0.1416
vn -0.9415 -0.0556 -0.3325
vn -0.3552 0.8980 -0.2598
vn -0.2410 0.9548 -0.1740
vn -0.1217 0.9887 -0.0872
vn -0.6341 0.5942 -0.4948
vn -0.5554 0.7163 -0.4225
vn -0.4612 0.8182 -0.3432
vn -0.7516 0.1447 -0.6436
vn -0.7336 0.3038 -0.6079
vn -0.6942 0.4553 -0.5575
vn 0.1217 0.9887 0.0872
vn 0.2410 0.9548 0.1740
vn 0.3552 0.8980 0.2598
vn 0.4612 0.8182 0.3433
vn 0.5554 0.7163 0.4225
vn 0.6341 0.5942 0.4948
vn 0.6942 0.4553 0.5576
vn 0.7336 0.3038 0.6079
vn 0.7516 0.1447 0.6436
vn 0.7484 -0.0294 0.6626
vn 0.3743 -0.1077 0.9210
vn 0.1480 -0.0820 0.9856
vn 0.7143 -0.1452 0.6846
vn 0.2974 -0.1439 0.9438
vn 0.0536 -0.1123 0.9922
vn 0.6581 -0.1766 0.7320
vn 0.2116 -0.1436 0.9667
vn -0.0498 -0.1129 0.9924
vn 0.5929 -0.1713 0.7868
vn 0.1255 -0.1468 0.9812
vn -0.1505 -0.1171 0.9817
vn 0.5227 -0.1694 0.8355
vn 0.0425 -0.1550 0.9870
vn -0.2457 -0.1238 0.9614
vn 0.4479 -0.1727 0.8772
vn -0.0457 -0.1535 0.9871
vn -0.3255 -0.1273 0.9369
vn 0.3784 -0.1672 0.9104
vn -0.1217 0.9887 -0.0871
vn -0.7484 -0.0294 -0.6626
vn -0.7143 -0.1452 -0.6846
vn -0.9145 -0.1550 -0.3737
vn -0.9707 -0.1514 -0.1869
vn -0.8816 -0.1787 -0.4369
vn -0.9544 -0.1698 -0.2455
vn -0.6581 -0.1766 -0.7320
vn -0.8432 -0.1691 -0.5103
vn -0.9369 -0.1575 -0.3121
vn -0.5929 -0.1713 -0.7868
vn -0.7981 -0.1624 -0.5802
vn -0.9145 -0.1473 -0.3769
vn -0.5227 -0.1694 -0.8355
vn -0.7475 -0.1591 -0.6450
vn -0.8877 -0.1399 -0.4387
vn -0.4480 -0.1727 -0.8772
vn -0.7041 -0.1546 -0.6931
vn -0.8606 -0.1354 -0.4910
vn -0.3784 -0.1672 -0.9104
vn -0.7185 0.0972 0.6886
vn -0.7007 0.1007 0.7063
vn -0.7401 0.0569 0.6701
vn -0.6853 0.1053 0.7206
vn -0.6732 0.1101 0.7312
vn -0.6652 0.1141 0.7379
vn -0.6616 0.1163 0.7408
vn -0.6625 0.1156 0.7401
vn -0.6674 0.1111 0.7364
vn -0.6757 0.1023 0.7300
vn -0.6865 0.0889 0.7217
vn -0.6986 0.0710 0.7120
vn -0.7108 0.0492 0.7016
vn -0.7222 0.0246 0.6913
vn -0.7317 -0.0015 0.6816
vn -0.7389 -0.0275 0.6732
vn -0.7438 -0.0515 0.6664
vn -0.7465 -0.0720 0.6615
vn -0.7475 -0.0877 0.6584
vn -0.7476 -0.0975 0.6569
vn -0.7477 -0.0995 0.6566
vn -0.7797 -0.0615 0.6231
vn -0.7749 0.0893 0.6258
vn -0.8162 0.0357 0.5766
vn -0.8189 -0.0837 0.5678
vn -0.8481 -0.0383 0.5285
vn -0.8736 0.0542 0.4835
vn -0.8883 -0.0239 0.4587
vn -0.9075 0.0428 0.4179
vn -0.9214 -0.0108 0.3885
vn -0.9346 0.0331 0.3541
vn -0.9413 0.0071 0.3375
vn -0.9519 0.0422 0.3036
vn -0.4143 0.1702 -0.8941
vn -0.1904 0.1672 -0.9674
vn -0.4089 0.0048 -0.9126
vn -0.1851 0.0184 -0.9825
vn -0.1815 0.3003 -0.9364
vn -0.4003 0.3195 -0.8589
vn -0.1554 0.4242 -0.8921
vn -0.3664 0.4591 -0.8093
vn -0.1129 0.5357 -0.8368
vn -0.3139 0.5850 -0.7479
vn -0.0556 0.6317 -0.7732
vn -0.2446 0.6937 -0.6775
vn 0.0145 0.7102 -0.7039
vn -0.1613 0.7828 -0.6010
vn 0.0952 0.7699 -0.6310
vn -0.0669 0.8510 -0.5209
vn 0.1840 0.8102 -0.5565
vn 0.0358 0.8978 -0.4390
vn 0.2788 0.8308 -0.4816
vn 0.1441 0.9230 -0.3568
vn 0.3774 0.8317 -0.4072
vn 0.2557 0.9269 -0.2748
vn 0.4775 0.8128 -0.3337
vn 0.3683 0.9093 -0.1935
vn 0.5764 0.7742 -0.2616
vn 0.4793 0.8703 -0.1133
vn 0.6712 0.7162 -0.1913
vn 0.5856 0.8099 -0.0347
vn 0.7586 0.6397 -0.1239
vn 0.6837 0.7286 0.0411
vn 0.8353 0.5464 -0.0605
vn 0.7702 0.6279 0.1125
vn 0.8984 0.4392 -0.0028
vn 0.8414 0.5104 0.1775
vn 0.9457 0.3216 0.0475
vn 0.8950 0.3799 0.2337
vn 0.9763 0.1976 0.0887
vn 0.9295 0.2408 0.2792
vn 0.9903 0.0711 0.1193
vn 0.9450 0.0976 0.3121
vn 0.9879 -0.0628 0.1416
vn 0.9415 -0.0556 0.3325
vn 0.1217 0.9887 0.0871
vn 0.6340 0.5942 0.4949
vn 0.4612 0.8182 0.3432
vn 0.6942 0.4553 0.5575
vn -0.4612 0.8182 -0.3433
vn -0.6340 0.5942 -0.4949
vn -0.6942 0.4553 -0.5576
vn -0.3743 -0.1077 -0.9210
vn -0.1480 -0.0820 -0.9856
vn -0.2974 -0.1439 -0.9438
vn -0.0536 -0.1123 -0.9922
vn -0.2116 -0.1436 -0.9667
vn 0.0498 -0.1129 -0.9924
vn -0.1255 -0.1468 -0.9812
vn 0.1505 -0.1171 -0.9817
vn -0.0425 -0.1550 -0.9870
vn 0.2457 -0.1238 -0.9614
vn -0.4479 -0.1727 -0.8772
vn 0.0457 -0.1535 -0.9871
vn 0.3255 -0.1273 -0.9369
vn 0.9145 -0.1550 0.3737
vn 0.9706 -0.1514 0.1869
vn 0.8816 -0.1787 0.4369
vn 0.9544 -0.1698 0.2455
vn 0.8432 -0.1691 0.5103
vn 0.9369 -0.1575 0.3121
vn 0.7981 -0.1624 0.5802
vn 0.9145 -0.1473 0.3769
vn 0.7475 -0.1591 0.6450
vn 0.8877 -0.1399 0.4387
vn 0.4480 -0.1727 0.8772
vn 0.7041 -0.1546 0.6931
vn 0.8606 -0.1354 0.4910
vn 0.7185 0.0973 -0.6887
vn 0.7007 0.1007 -0.7063
vn 0.7401 0.0569 -0.6701
vn 0.6853 0.1053 -0.7206
vn 0.6732 0.1101 -0.7312
vn 0.6652 0.1141 -0.7379
vn 0.6616 0.1163 -0.7408
vn 0.6625 0.1156 -0.7401
vn 0.6674 0.1111 -0.7364
vn 0.6757 0.1023 -0.7300
vn 0.6865 0.0889 -0.7217
vn 0.6986 0.0710 -0.7120
vn 0.7108 0.0492 -0.7016
vn 0.7222 0.0246 -0.6913
vn 0.7317 -0.0016 -0.6816
vn 0.7389 -0.0275 -0.6732
vn 0.7438 -0.0515 -0.6664
vn 0.7465 -0.0720 -0.6615
vn 0.7475 -0.0877 -0.6584
vn 0.7476 -0.0975 -0.6569
vn 0.7477 -0.0995 -0.6566
vn 0.7797 -0.0615 -0.6231
vn 0.7749 0.0893 -0.6258
vn 0.8162 0.0357 -0.5766
vn 0.8189 -0.0837 -0.5678
vn 0.8481 -0.0383 -0.5285
vn 0.8736 0.0542 -0.4835
vn 0.8883 -0.0239 -0.4587
vn 0.9075 0.0428 -0.4179
vn 0.9214 -0.0108 -0.3885
vn 0.9346 0.0331 -0.3541
vn 0.9413 0.0071 -0.3375
vn 0.9519 0.0422 -0.3036
vn -0.0597 -0.4439 0.8941
vn 0.0496 -0.2485 0.9674
vn -0.2003 -0.3565 0.9126
vn -0.0766 -0.1695 0.9825
vn 0.1693 -0.3073 0.9364
vn 0.0765 -0.5064 0.8589
vn 0.2897 -0.3467 0.8921
vn 0.2144 -0.5469 0.8093
vn 0.4074 -0.3656 0.8368
vn 0.3497 -0.5643 0.7479
vn 0.5193 -0.3640 0.7732
vn 0.4784 -0.5587 0.6775
vn 0.6223 -0.3425 0.7039
vn 0.5973 -0.5311 0.6010
vn 0.7144 -0.3026 0.6310
vn 0.7036 -0.4834 0.5209
vn 0.7937 -0.2458 0.5565
vn 0.7954 -0.4179 0.4390
vn 0.8589 -0.1739 0.4816
vn 0.8714 -0.3367 0.3568
vn 0.9090 -0.0890 0.4072
vn 0.9306 -0.2419 0.2748
vn 0.9426 0.0071 0.3337
vn 0.9717 -0.1357 0.1935
vn 0.9587 0.1121 0.2616
vn 0.9934 -0.0201 0.1133
vn 0.9558 0.2232 0.1913
vn 0.9942 0.1022 0.0347
vn 0.9333 0.3371 0.1239
vn 0.9728 0.2279 -0.0411
vn 0.8909 0.4502 0.0605
vn 0.9288 0.3530 -0.1125
vn 0.8296 0.5584 0.0028
vn 0.8627 0.4735 -0.1775
vn 0.7514 0.6582 -0.0475
vn 0.7765 0.5851 -0.2337
vn 0.6593 0.7467 -0.0887
vn 0.6733 0.6846 -0.2792
vn 0.5567 0.8221 -0.1193
vn 0.5571 0.7696 -0.3121
vn 0.4396 0.8870 -0.1416
vn 0.4226 0.8432 -0.3325
vn 0.9553 -0.1414 -0.2597
vn 0.9474 -0.2687 -0.1740
vn 0.9171 -0.3890 -0.0871
vn 0.8316 0.2520 -0.4948
vn 0.8980 0.1228 -0.4225
vn 0.9392 -0.0097 -0.3432
vn 0.5011 0.5785 -0.6436
vn 0.6299 0.4834 -0.6079
vn 0.7414 0.3735 -0.5575
vn 0.8660 -0.5000 -0.0000
vn 0.7954 -0.5997 0.0872
vn 0.7064 -0.6861 0.1740
vn 0.6001 -0.7566 0.2598
vn 0.4780 -0.8085 0.3433
vn 0.3427 -0.8391 0.4225
vn 0.1976 -0.8462 0.4949
vn 0.0472 -0.8288 0.5576
vn -0.1037 -0.7872 0.6079
vn -0.2505 -0.7232 0.6436
vn -0.3996 -0.6334 0.6626
vn -0.2805 -0.2703 0.9210
vn -0.1450 -0.0871 0.9856
vn -0.4829 -0.5460 0.6846
vn -0.2734 -0.1856 0.9438
vn -0.1240 0.0097 0.9922
vn -0.4819 -0.4816 0.7320
vn -0.2302 -0.1115 0.9667
vn -0.0728 0.0996 0.9924
vn -0.4448 -0.4278 0.7868
vn -0.1899 -0.0353 0.9812
vn -0.0262 0.1889 0.9817
vn -0.4081 -0.3680 0.8355
vn -0.1555 0.0407 0.9870
vn 0.0156 0.2747 0.9614
vn -0.3735 -0.3016 0.8772
vn -0.1101 0.1164 0.9871
vn 0.0526 0.3456 0.9369
vn -0.3340 -0.2441 0.9104
vn 0.7954 -0.5998 0.0871
vn 0.3487 0.6628 -0.6626
vn 0.2314 0.6912 -0.6846
vn 0.3230 0.8695 -0.3737
vn 0.3542 0.9163 -0.1869
vn 0.2860 0.8528 -0.4369
vn 0.3302 0.9114 -0.2455
vn 0.1761 0.6582 -0.7320
vn 0.2751 0.8148 -0.5103
vn 0.3321 0.8901 -0.3121
vn 0.1481 0.5991 -0.7868
vn 0.2584 0.7724 -0.5802
vn 0.3297 0.8656 -0.3769
vn 0.1147 0.5374 -0.8355
vn 0.2360 0.7269 -0.6450
vn 0.3227 0.8387 -0.4387
vn 0.0744 0.4743 -0.8772
vn 0.2182 0.6871 -0.6931
vn 0.3130 0.8130 -0.4910
vn 0.0444 0.4113 -0.9104
vn 0.4435 0.5737 0.6887
vn 0.4376 0.5565 0.7063
vn 0.4194 0.6125 0.6701
vn 0.4338 0.5409 0.7206
vn 0.4319 0.5280 0.7312
vn 0.4314 0.5191 0.7379
vn 0.4315 0.5149 0.7408
vn 0.4313 0.5160 0.7401
vn 0.4299 0.5224 0.7364
vn 0.4265 0.5340 0.7300
vn 0.4203 0.5501 0.7217
vn 0.4108 0.5695 0.7120
vn 0.3980 0.5910 0.7016
vn 0.3823 0.6131 0.6913
vn 0.3645 0.6344 0.6816
vn 0.3457 0.6537 0.6732
vn 0.3273 0.6699 0.6664
vn 0.3109 0.6825 0.6615
vn 0.2978 0.6912 0.6584
vn 0.2894 0.6962 0.6569
vn 0.2877 0.6972 0.6566
vn 0.3366 0.7060 0.6231
vn 0.4648 0.6264 0.6258
vn 0.4391 0.6890 0.5766
vn 0.3370 0.7510 0.5678
vn 0.3909 0.7536 0.5285
vn 0.4838 0.7295 0.4835
vn 0.4234 0.7812 0.4587
vn 0.4908 0.7645 0.4179
vn 0.4513 0.8033 0.3885
vn 0.4960 0.7929 0.3541
vn 0.4768 0.8116 0.3375
vn 0.5125 0.8033 0.3036
vn 0.3546 0.2737 -0.8941
vn 0.2400 0.0813 -0.9674
vn 0.2086 0.3517 -0.9126
vn 0.1085 0.1511 -0.9825
vn 0.3508 0.0071 -0.9364
vn 0.4768 0.1869 -0.8589
vn 0.4451 -0.0775 -0.8921
vn 0.5808 0.0878 -0.8093
vn 0.5204 -0.1700 -0.8368
vn 0.6635 -0.0207 -0.7479
vn 0.5749 -0.2677 -0.7732
vn 0.7230 -0.1350 -0.6775
vn 0.6078 -0.3677 -0.7039
vn 0.7586 -0.2517 -0.6010
vn 0.6192 -0.4674 -0.6310
vn 0.7705 -0.3676 -0.5209
vn 0.6097 -0.5645 -0.5565
vn 0.7596 -0.4799 -0.4390
vn 0.5801 -0.6569 -0.4816
vn 0.7273 -0.5863 -0.3568
vn 0.5316 -0.7427 -0.4072
vn 0.6748 -0.6849 -0.2748
vn 0.4652 -0.8199 -0.3337
vn 0.6033 -0.7737 -0.1935
vn 0.3823 -0.8863 -0.2616
vn 0.5141 -0.8502 -0.1133
vn 0.2846 -0.9393 -0.1913
vn 0.4086 -0.9121 -0.0347
vn 0.1747 -0.9768 -0.1239
vn 0.2891 -0.9564 0.0411
vn 0.0556 -0.9966 -0.0605
vn 0.1587 -0.9809 0.1125
vn -0.0688 -0.9976 -0.0028
vn 0.0213 -0.9839 0.1775
vn -0.1943 -0.9798 0.0475
vn -0.1185 -0.9651 0.2337
vn -0.3170 -0.9443 0.0887
vn -0.2562 -0.9254 0.2792
vn -0.4336 -0.8932 0.1193
vn -0.3879 -0.8672 0.3121
vn -0.5484 -0.8242 0.1416
vn -0.5189 -0.7875 0.3325
vn 0.7954 -0.5997 0.0871
vn 0.1976 -0.8462 0.4948
vn 0.4780 -0.8085 0.3432
vn 0.0472 -0.8288 0.5575
vn 0.9171 -0.3890 -0.0872
vn 0.9553 -0.1414 -0.2598
vn 0.7413 0.3735 -0.5576
vn 0.0939 0.3780 -0.9210
vn 0.0029 0.1692 -0.9856
vn 0.0240 0.3295 -0.9438
vn -0.0704 0.1025 -0.9922
vn -0.0186 0.2551 -0.9667
vn -0.1227 0.0133 -0.9924
vn -0.0644 0.1821 -0.9812
vn -0.1766 -0.0718 -0.9817
vn 0.1146 0.5374 -0.8355
vn -0.1130 0.1143 -0.9870
vn -0.2301 -0.1509 -0.9614
vn -0.1558 0.0372 -0.9871
vn -0.2730 -0.2183 -0.9369
vn -0.5915 -0.7145 0.3737
vn -0.6164 -0.7649 0.1869
vn -0.5956 -0.6741 0.4369
vn -0.6242 -0.7417 0.2455
vn -0.5680 -0.6457 0.5103
vn -0.6048 -0.7327 0.3121
vn -0.5397 -0.6100 0.5802
vn -0.5848 -0.7183 0.3769
vn -0.5115 -0.5678 0.6450
vn -0.5650 -0.6988 0.4387
vn -0.4859 -0.5324 0.6931
vn -0.5476 -0.6776 0.4910
vn -0.2750 -0.6709 -0.6886
vn -0.2632 -0.6572 -0.7063
vn -0.3207 -0.6694 -0.6701
vn -0.2515 -0.6461 -0.7206
vn -0.2413 -0.6381 -0.7312
vn -0.2338 -0.6331 -0.7379
vn -0.2301 -0.6311 -0.7408
vn -0.2312 -0.6315 -0.7401
vn -0.2375 -0.6335 -0.7364
vn -0.2492 -0.6364 -0.7300
vn -0.2662 -0.6390 -0.7217
vn -0.2878 -0.6405 -0.7120
vn -0.3128 -0.6402 -0.7016
vn -0.3398 -0.6377 -0.6913
vn -0.3672 -0.6329 -0.6816
vn -0.3932 -0.6262 -0.6732
vn -0.4165 -0.6184 -0.6664
vn -0.4356 -0.6105 -0.6615
vn -0.4497 -0.6036 -0.6584
vn -0.4582 -0.5987 -0.6569
vn -0.4600 -0.5978 -0.6566
vn -0.4431 -0.6445 -0.6231
vn -0.3101 -0.7157 -0.6258
vn -0.3772 -0.7247 -0.5766
vn -0.4819 -0.6673 -0.5678
vn -0.4572 -0.7153 -0.5285
vn -0.3899 -0.7837 -0.4835
vn -0.4648 -0.7573 -0.4587
vn -0.4167 -0.8073 -0.4179
vn -0.4700 -0.7925 -0.3885
vn -0.4387 -0.8260 -0.3541
vn -0.4645 -0.8187 -0.3375
vn -0.4394 -0.8454 -0.3036
vn -0.3546 0.2737 0.8941
vn -0.2400 0.0813 0.9674
vn -0.2086 0.3517 0.9126
vn -0.1085 0.1511 0.9825
vn -0.3508 0.0071 0.9364
vn -0.4768 0.1869 0.8589
vn -0.4451 -0.0775 0.8921
vn -0.5808 0.0878 0.8093
vn -0.5204 -0.1700 0.8368
vn -0.6635 -0.0207 0.7479
vn -0.5749 -0.2677 0.7732
vn -0.7230 -0.1350 0.6775
vn -0.6078 -0.3677 0.7038
vn -0.7586 -0.2517 0.6010
vn -0.6192 -0.4674 0.6310
vn -0.7705 -0.3676 0.5209
vn -0.6097 -0.5645 0.5565
vn -0.7596 -0.4799 0.4390
vn -0.5801 -0.6569 0.4816
vn -0.7273 -0.5863 0.3568
vn -0.5316 -0.7427 0.4072
vn -0.6748 -0.6849 0.2748
vn -0.4652 -0.8199 0.3337
vn -0.6033 -0.7737 0.1935
vn -0.3823 -0.8863 0.2616
vn -0.5141 -0.8502 0.1133
vn -0.2846 -0.9393 0.1913
vn -0.4086 -0.9121 0.0347
vn -0.1747 -0.9768 0.1239
vn -0.2891 -0.9564 -0.0411
vn -0.0556 -0.9966 0.0605
vn -0.1587 -0.9809 -0.1125
vn 0.0688 -0.9976 0.0028
vn -0.0213 -0.9839 -0.1775
vn 0.1943 -0.9798 -0.0475
vn 0.1185 -0.9651 -0.2337
vn 0.3170 -0.9443 -0.0887
vn 0.2562 -0.9254 -0.2792
vn 0.4336 -0.8932 -0.1193
vn 0.3879 -0.8672 -0.3121
vn 0.5484 -0.8242 -0.1416
vn 0.5189 -0.7875 -0.3325
vn -0.6001 -0.7566 -0.2598
vn -0.7064 -0.6861 -0.1740
vn -0.7954 -0.5997 -0.0871
vn -0.1976 -0.8462 -0.4948
vn -0.3427 -0.8391 -0.4225
vn -0.4780 -0.8085 -0.3432
vn 0.2505 -0.7232 -0.6436
vn 0.1037 -0.7872 -0.6079
vn -0.0472 -0.8288 -0.5575
vn -0.8660 -0.5000 -0.0000
vn -0.9171 -0.3890 0.0872
vn -0.9474 -0.2687 0.1740
vn -0.9553 -0.1414 0.2598
vn -0.9392 -0.0097 0.3433
vn -0.8980 0.1228 0.4225
vn -0.8316 0.2520 0.4949
vn -0.7413 0.3735 0.5576
vn -0.6299 0.4834 0.6079
vn -0.5011 0.5785 0.6436
vn -0.3487 0.6628 0.6626
vn -0.0939 0.3781 0.9210
vn -0.0030 0.1692 0.9856
vn -0.2314 0.6912 0.6846
vn -0.0240 0.3295 0.9438
vn 0.0704 0.1026 0.9922
vn -0.1761 0.6582 0.7320
vn 0.0186 0.2551 0.9667
vn 0.1227 0.0133 0.9924
vn -0.1481 0.5991 0.7868
vn 0.0644 0.1821 0.9812
vn 0.1766 -0.0718 0.9817
vn -0.1146 0.5374 0.8355
vn 0.1130 0.1143 0.9870
vn 0.2301 -0.1509 0.9614
vn -0.0744 0.4743 0.8772
vn 0.1558 0.0372 0.9871
vn 0.2730 -0.2183 0.9369
vn -0.0444 0.4113 0.9104
vn -0.9171 -0.3890 0.0871
vn 0.3996 -0.6334 -0.6626
vn 0.4829 -0.5460 -0.6846
vn 0.5915 -0.7145 -0.3737
vn 0.6164 -0.7649 -0.1869
vn 0.5956 -0.6741 -0.4369
vn 0.6242 -0.7417 -0.2455
vn 0.4819 -0.4816 -0.7320
vn 0.5680 -0.6457 -0.5103
vn 0.6048 -0.7327 -0.3121
vn 0.4448 -0.4278 -0.7868
vn 0.5397 -0.6100 -0.5802
vn 0.5848 -0.7183 -0.3769
vn 0.4081 -0.3680 -0.8355
vn 0.5115 -0.5678 -0.6450
vn 0.5650 -0.6988 -0.4387
vn 0.3735 -0.3016 -0.8772
vn 0.4859 -0.5325 -0.6931
vn 0.5476 -0.6776 -0.4910
vn 0.3340 -0.2441 -0.9104
vn 0.2751 -0.6709 0.6886
vn 0.2632 -0.6572 0.7063
vn 0.3207 -0.6694 0.6701
vn 0.2515 -0.6461 0.7206
vn 0.2413 -0.6381 0.7312
vn 0.2338 -0.6331 0.7379
vn 0.2301 -0.6311 0.7408
vn 0.2312 -0.6315 0.7401
vn 0.2375 -0.6336 0.7364
vn 0.2492 -0.6364 0.7300
vn 0.2662 -0.6390 0.7217
vn 0.2878 -0.6405 0.7120
vn 0.3128 -0.6402 0.7016
vn 0.3398 -0.6377 0.6913
vn 0.3672 -0.6329 0.6816
vn 0.3932 -0.6262 0.6732
vn 0.4165 -0.6184 0.6664
vn 0.4356 -0.6105 0.6615
vn 0.4497 -0.6035 0.6584
vn 0.4582 -0.5987 0.6569
vn 0.4600 -0.5978 0.6566
vn 0.4431 -0.6445 0.6231
vn 0.3101 -0.7157 0.6258
vn 0.3772 -0.7247 0.5766
vn 0.4819 -0.6673 0.5678
vn 0.4572 -0.7153 0.5285
vn 0.3899 -0.7837 0.4835
vn 0.4648 -0.7573 0.4587
vn 0.4167 -0.8073 0.4179
vn 0.4700 -0.7925 0.3885
vn 0.4387 -0.8260 0.3541
vn 0.4645 -0.8187 0.3375
vn 0.4394 -0.8454 0.3036
vn 0.0597 -0.4440 -0.8941
vn -0.0496 -0.2485 -0.9674
vn 0.2003 -0.3565 -0.9126
vn 0.0766 -0.1695 -0.9825
vn -0.1693 -0.3073 -0.9364
vn -0.0765 -0.5064 -0.8589
vn -0.2897 -0.3467 -0.8921
vn -0.2144 -0.5469 -0.8093
vn -0.4074 -0.3656 -0.8368
vn -0.3497 -0.5643 -0.7479
vn -0.5193 -0.3640 -0.7732
vn -0.4784 -0.5587 -0.6775
vn -0.6223 -0.3425 -0.7039
vn -0.5973 -0.5311 -0.6010
vn -0.7144 -0.3026 -0.6310
vn -0.7036 -0.4834 -0.5209
vn -0.7937 -0.2457 -0.5565
vn -0.7954 -0.4179 -0.4390
vn -0.8590 -0.1739 -0.4816
vn -0.8714 -0.3367 -0.3568
vn -0.9090 -0.0890 -0.4072
vn -0.9306 -0.2419 -0.2748
vn -0.9427 0.0071 -0.3337
vn -0.9717 -0.1357 -0.1935
vn -0.9587 0.1121 -0.2616
vn -0.9934 -0.0201 -0.1133
vn -0.9558 0.2232 -0.1913
vn -0.9942 0.1022 -0.0347
vn -0.9333 0.3371 -0.1239
vn -0.9728 0.2279 0.0411
vn -0.8909 0.4502 -0.0605
vn -0.9288 0.3530 0.1125
vn -0.8296 0.5584 -0.0028
vn -0.8627 0.4735 0.1775
vn -0.7514 0.6582 0.0475
vn -0.7765 0.5851 0.2337
vn -0.6593 0.7467 0.0887
vn -0.6733 0.6846 0.2792
vn -0.5567 0.8221 0.1193
vn -0.5571 0.7696 0.3121
vn -0.4396 0.8870 0.1416
vn -0.4226 0.8432 0.3325
vn -0.8317 0.2520 0.4948
vn -0.9392 -0.0097 0.3432
vn -0.7414 0.3735 0.5575
vn -0.7954 -0.5997 -0.0872
vn -0.6000 -0.7566 -0.2598
vn -0.0472 -0.8288 -0.5576
vn 0.2805 -0.2703 -0.9210
vn 0.1450 -0.0871 -0.9856
vn 0.2734 -0.1856 -0.9438
vn 0.1240 0.0097 -0.9922
vn 0.4820 -0.4816 -0.7320
vn 0.2302 -0.1115 -0.9667
vn 0.0728 0.0996 -0.9924
vn 0.1899 -0.0353 -0.9812
vn 0.0261 0.1889 -0.9817
vn 0.1555 0.0407 -0.9870
vn -0.0156 0.2747 -0.9614
vn 0.1101 0.1164 -0.9871
vn -0.0525 0.3456 -0.9369
vn -0.7954 -0.5998 -0.0871
vn -0.3230 0.8695 0.3737
vn -0.3542 0.9163 0.1869
vn -0.2860 0.8528 0.4369
vn -0.3302 0.9114 0.2455
vn -0.2751 0.8148 0.5103
vn -0.3321 0.8901 0.3121
vn -0.2584 0.7724 0.5802
vn -0.3297 0.8656 0.3769
vn -0.1147 0.5374 0.8355
vn -0.2360 0.7269 0.6450
vn -0.3227 0.8387 0.4387
vn -0.2182 0.6870 0.6931
vn -0.3130 0.8130 0.4910
vn -0.4435 0.5736 -0.6887
vn -0.4376 0.5565 -0.7063
vn -0.4194 0.6125 -0.6701
vn -0.4338 0.5409 -0.7206
vn -0.4319 0.5280 -0.7312
vn -0.4314 0.5191 -0.7379
vn -0.4315 0.5149 -0.7408
vn -0.4313 0.5159 -0.7401
vn -0.4299 0.5224 -0.7364
vn -0.4265 0.5340 -0.7300
vn -0.4203 0.5501 -0.7217
vn -0.4108 0.5695 -0.7120
vn -0.3980 0.5910 -0.7016
vn -0.3823 0.6131 -0.6913
vn -0.3645 0.6344 -0.6816
vn -0.3457 0.6537 -0.6732
vn -0.3273 0.6699 -0.6664
vn -0.3109 0.6825 -0.6615
vn -0.2978 0.6912 -0.6584
vn -0.2894 0.6962 -0.6569
vn -0.2877 0.6972 -0.6566
vn -0.3366 0.7060 -0.6231
vn -0.4648 0.6264 -0.6258
vn -0.4391 0.6890 -0.5766
vn -0.3370 0.7510 -0.5678
vn -0.3909 0.7536 -0.5285
vn -0.4838 0.7295 -0.4835
vn -0.4234 0.7812 -0.4587
vn -0.4908 0.7645 -0.4179
vn -0.4513 0.8033 -0.3885
vn -0.4960 0.7929 -0.3541
vn -0.4768 0.8116 -0.3375
vn -0.5125 0.8033 -0.3036
vt 0.943381 0.317624
vt 0.937885 0.316753
vt 0.943381 0.299838
vt 0.932927 0.314227
vt 0.928992 0.310292
vt 0.926466 0.305334
vt 0.925595 0.299838
vt 0.926466 0.294341
vt 0.928992 0.289383
vt 0.932927 0.285448
vt 0.937885 0.282922
vt 0.943381 0.282052
vt 0.948878 0.282922
vt 0.953836 0.285448
vt 0.957771 0.289383
vt 0.960297 0.294342
vt 0.961168 0.299838
vt 0.932927 0.332013
vt 0.923496 0.327208
vt 0.916012 0.319723
vt 0.911206 0.310292
vt 0.909550 0.299838
vt 0.911206 0.289383
vt 0.916012 0.279952
vt 0.923496 0.272468
vt 0.932927 0.267662
vt 0.943381 0.266007
vt 0.953836 0.267662
vt 0.963267 0.272468
vt 0.970751 0.279952
vt 0.975557 0.289383
vt 0.977213 0.299838
vt 0.975557 0.310292
vt 0.960297 0.305334
vt 0.957771 0.310292
vt 0.953836 0.314227
vt 0.948878 0.316753
vt 0.970751 0.319723
vt 0.963267 0.327208
vt 0.953836 0.332013
vt 0.943381 0.333669
vt 0.928992 0.344123
vt 0.943381 0.346402
vt 0.916012 0.337509
vt 0.905710 0.327208
vt 0.899096 0.314227
vt 0.896817 0.299838
vt 0.899096 0.285448
vt 0.905710 0.272468
vt 0.916012 0.262166
vt 0.928992 0.255552
vt 0.943382 0.253273
vt 0.957771 0.255552
vt 0.970751 0.262166
vt 0.981053 0.272468
vt 0.987667 0.285449
vt 0.989946 0.299838
vt 0.987667 0.314227
vt 0.981053 0.327208
vt 0.970751 0.337509
vt 0.957771 0.344123
vt 0.975928 0.221227
vt 0.975928 0.231665
vt 0.963196 0.221227
vt 0.963196 0.231665
vt 0.963196 0.210788
vt 0.975928 0.210788
vt 0.963196 0.200349
vt 0.975928 0.200349
vt 0.963196 0.189910
vt 0.975928 0.189910
vt 0.963196 0.179471
vt 0.975928 0.179471
vt 0.963196 0.169033
vt 0.975928 0.169033
vt 0.963196 0.158594
vt 0.975928 0.158594
vt 0.963196 0.148155
vt 0.975928 0.148155
vt 0.963196 0.137716
vt 0.975928 0.137716
vt 0.963196 0.127277
vt 0.975928 0.127277
vt 0.963196 0.116839
vt 0.975928 0.116839
vt 0.963196 0.106400
vt 0.975928 0.106400
vt 0.963196 0.095961
vt 0.975928 0.095961
vt 0.963196 0.085522
vt 0.975928 0.085522
vt 0.963196 0.075083
vt 0.975928 0.075083
vt 0.963196 0.064644
vt 0.975928 0.064644
vt 0.963196 0.054206
vt 0.975928 0.054206
vt 0.963196 0.043767
vt 0.975928 0.043767
vt 0.963196 0.033328
vt 0.975928 0.033328
vt 0.963196 0.022889
vt 0.975928 0.022889
vt 0.911508 0.085522
vt 0.911508 0.095961
vt 0.911508 0.106400
vt 0.911508 0.116839
vt 0.911508 0.127277
vt 0.911508 0.137716
vt 0.911508 0.148155
vt 0.911508 0.158594
vt 0.911508 0.169033
vt 0.911508 0.179471
vt 0.911508 0.189910
vt 0.911508 0.200349
vt 0.911508 0.210788
vt 0.911508 0.221227
vt 0.911508 0.231665
vt 0.911508 0.075083
vt 0.911508 0.064644
vt 0.911508 0.054206
vt 0.911508 0.043767
vt 0.911508 0.033328
vt 0.911508 0.022889
vt 0.865394 0.616865
vt 0.868590 0.616389
vt 0.864668 0.608188
vt 0.867903 0.608188
vt 0.870631 0.624387
vt 0.867554 0.625327
vt 0.873979 0.631987
vt 0.871096 0.633368
vt 0.878549 0.639000
vt 0.875931 0.640789
vt 0.884229 0.645255
vt 0.881941 0.647407
vt 0.890880 0.650597
vt 0.888978 0.653059
vt 0.898337 0.654895
vt 0.896869 0.657607
vt 0.906418 0.658043
vt 0.905418 0.660937
vt 0.914923 0.659963
vt 0.914417 0.662969
vt 0.923643 0.660609
vt 0.923643 0.663652
vt 0.932362 0.659963
vt 0.932868 0.662969
vt 0.940867 0.658043
vt 0.941867 0.660937
vt 0.948948 0.654895
vt 0.950417 0.657607
vt 0.956405 0.650597
vt 0.958307 0.653059
vt 0.963056 0.645255
vt 0.965344 0.647407
vt 0.968736 0.639000
vt 0.971354 0.640789
vt 0.973306 0.631987
vt 0.976189 0.633368
vt 0.976653 0.624387
vt 0.979731 0.625327
vt 0.978695 0.616389
vt 0.981891 0.616865
vt 0.979382 0.608188
vt 0.982617 0.608188
vt 0.950935 0.658563
vt 0.942219 0.661958
vt 0.933047 0.664029
vt 0.972277 0.641420
vt 0.966151 0.648166
vt 0.958978 0.653927
vt 0.983018 0.617033
vt 0.980816 0.625659
vt 0.977206 0.633855
vt 0.923643 0.664725
vt 0.914238 0.664029
vt 0.905066 0.661958
vt 0.896351 0.658563
vt 0.888307 0.653927
vt 0.881134 0.648166
vt 0.875008 0.641420
vt 0.870079 0.633856
vt 0.866469 0.625659
vt 0.864267 0.617033
vt 0.863527 0.608188
vt 0.866933 0.585391
vt 0.870104 0.585390
vt 0.865900 0.585390
vt 0.874085 0.544977
vt 0.877297 0.544977
vt 0.873127 0.544977
vt 0.882058 0.499923
vt 0.885316 0.499923
vt 0.881185 0.499923
vt 0.889929 0.455445
vt 0.893232 0.455445
vt 0.889139 0.455445
vt 0.897698 0.411543
vt 0.901046 0.411543
vt 0.896991 0.411543
vt 0.904925 0.370705
vt 0.908314 0.370705
vt 0.904295 0.370705
vt 0.983758 0.608188
vt 0.981385 0.585390
vt 0.980352 0.585390
vt 0.977181 0.585390
vt 0.973200 0.544977
vt 0.969988 0.544977
vt 0.974158 0.544977
vt 0.965227 0.499923
vt 0.961970 0.499923
vt 0.966100 0.499923
vt 0.957356 0.455445
vt 0.954053 0.455445
vt 0.958145 0.455445
vt 0.949587 0.411543
vt 0.946239 0.411543
vt 0.950294 0.411543
vt 0.942360 0.370705
vt 0.938971 0.370705
vt 0.942990 0.370705
vt 0.981891 0.616865
vt 0.982617 0.608189
vt 0.979382 0.608189
vt 0.979731 0.625327
vt 0.973306 0.631987
vt 0.968736 0.639000
vt 0.950416 0.657607
vt 0.940867 0.658043
vt 0.923643 0.663652
vt 0.896868 0.657607
vt 0.878549 0.639000
vt 0.873979 0.631987
vt 0.865394 0.616865
vt 0.882058 0.499923
vt 0.885316 0.499923
s 1
usemtl Airplane2_01
f 3/1/1 2/2/2 1/3/3
f 2/2/2 4/4/4 1/3/3
f 4/4/4 5/5/5 1/3/3
f 5/5/5 6/6/6 1/3/3
f 6/6/6 7/7/7 1/3/3
f 7/7/7 8/8/8 1/3/3
f 8/8/8 9/9/9 1/3/3
f 9/9/9 10/10/10 1/3/3
f 10/10/10 11/11/11 1/3/3
f 11/11/11 12/12/12 1/3/3
f 12/12/12 13/13/13 1/3/3
f 13/13/13 14/14/14 1/3/3
f 14/14/14 15/15/15 1/3/3
f 15/15/15 16/16/16 1/3/3
f 16/16/16 17/17/17 1/3/3
f 2/2/2 3/1/1 18/18/18
f 4/4/4 2/2/2 19/19/19
f 18/18/18 19/19/19 2/2/2
f 19/19/19 20/20/20 4/4/4
f 5/5/5 4/4/4 20/20/20
f 20/20/20 21/21/21 5/5/5
f 6/6/6 5/5/5 21/21/21
f 21/21/21 22/22/22 6/6/6
f 7/7/7 6/6/6 22/22/22
f 22/22/22 23/23/23 7/7/7
f 8/8/8 7/7/7 23/23/23
f 23/23/23 24/24/24 8/8/8
f 9/9/9 8/8/8 24/24/24
f 24/24/24 25/25/25 9/9/9
f 10/10/10 9/9/9 25/25/25
f 25/25/25 26/26/26 10/10/10
f 11/11/11 10/10/10 26/26/26
f 26/26/26 27/27/27 11/11/11
f 12/12/12 11/11/11 27/27/27
f 27/27/27 28/28/28 12/12/12
f 13/13/13 12/12/12 28/28/28
f 28/28/28 29/29/29 13/13/13
f 14/14/14 13/13/13 29/29/29
f 29/29/29 30/30/30 14/14/14
f 15/15/15 14/14/14 30/30/30
f 30/30/30 31/31/31 15/15/15
f 16/16/16 15/15/15 31/31/31
f 31/31/31 32/32/32 16/16/16
f 17/17/17 16/16/16 32/32/32
f 32/32/32 33/33/33 17/17/17
f 34/34/34 17/17/17 33/33/33
f 17/17/17 34/34/34 1/3/3
f 34/34/34 35/35/35 1/3/3
f 35/35/35 36/36/36 1/3/3
f 36/36/36 37/37/37 1/3/3
f 37/37/37 3/1/1 1/3/3
f 35/35/35 34/34/34 38/38/38
f 33/33/33 38/38/38 34/34/34
f 36/36/36 35/35/35 39/39/39
f 38/38/38 39/39/39 35/35/35
f 37/37/37 36/36/36 40/40/40
f 39/39/39 40/40/40 36/36/36
f 3/1/1 37/37/37 41/41/41
f 40/40/40 41/41/41 37/37/37
f 41/41/41 18/18/18 3/1/1
f 18/18/18 41/41/41 42/42/42
f 43/43/43 42/42/42 41/41/41
f 41/41/41 40/40/40 43/43/43
f 42/42/42 44/44/44 18/18/18
f 19/19/19 18/18/18 44/44/44
f 44/44/44 45/45/45 19/19/19
f 20/20/20 19/19/19 45/45/45
f 45/45/45 46/46/46 20/20/20
f 21/21/21 20/20/20 46/46/46
f 46/46/46 47/47/47 21/21/21
f 22/22/22 21/21/21 47/47/47
f 47/47/47 48/48/48 22/22/22
f 23/23/23 22/22/22 48/48/48
f 48/48/48 49/49/49 23/23/23
f 24/24/24 23/23/23 49/49/49
f 49/49/49 50/50/50 24/24/24
f 25/25/25 24/24/24 50/50/50
f 50/50/50 51/51/51 25/25/25
f 26/26/26 25/25/25 51/51/51
f 51/51/51 52/52/52 26/26/26
f 27/27/27 26/26/26 52/52/52
f 52/52/52 53/53/53 27/27/27
f 28/28/28 27/27/27 53/53/53
f 53/53/53 54/54/54 28/28/28
f 29/29/29 28/28/28 54/54/54
f 54/54/54 55/55/55 29/29/29
f 30/30/30 29/29/29 55/55/55
f 55/55/55 56/56/56 30/30/30
f 31/31/31 30/30/30 56/56/56
f 56/56/56 57/57/57 31/31/31
f 32/32/32 31/31/31 57/57/57
f 57/57/57 58/58/58 32/32/32
f 33/33/33 32/32/32 58/58/58
f 58/58/58 59/59/59 33/33/33
f 38/38/38 33/33/33 59/59/59
f 59/59/59 60/60/60 38/38/38
f 39/39/39 38/38/38 60/60/60
f 60/60/60 61/61/61 39/39/39
f 40/40/40 39/39/39 61/61/61
f 61/61/61 43/43/43 40/40/40
f 64/62/42 63/63/43 62/64/62
f 65/65/63 62/64/62 63/63/43
f 62/64/62 66/66/64 64/62/42
f 67/67/44 64/62/42 66/66/64
f 66/66/64 68/68/65 67/67/44
f 69/69/45 67/67/44 68/68/65
f 68/68/65 70/70/66 69/69/45
f 71/71/46 69/69/45 70/70/66
f 70/70/66 72/72/67 71/71/46
f 73/73/47 71/71/46 72/72/67
f 72/72/67 74/74/68 73/73/47
f 75/75/48 73/73/47 74/74/68
f 74/74/68 76/76/69 75/75/48
f 77/77/49 75/75/48 76/76/69
f 76/76/69 78/78/70 77/77/49
f 79/79/50 77/77/49 78/78/70
f 78/78/70 80/80/71 79/79/50
f 81/81/51 79/79/50 80/80/71
f 80/80/71 82/82/72 81/81/51
f 83/83/52 81/81/51 82/82/72
f 82/82/72 84/84/73 83/83/52
f 85/85/53 83/83/52 84/84/73
f 84/84/73 86/86/74 85/85/53
f 87/87/54 85/85/53 86/86/74
f 86/86/74 88/88/75 87/87/54
f 89/89/55 87/87/54 88/88/75
f 88/88/75 90/90/76 89/89/55
f 91/91/56 89/89/55 90/90/76
f 90/90/76 92/92/77 91/91/56
f 93/93/57 91/91/56 92/92/77
f 92/92/77 94/94/78 93/93/57
f 95/95/58 93/93/57 94/94/78
f 94/94/78 96/96/79 95/95/58
f 97/97/59 95/95/58 96/96/79
f 96/96/79 98/98/80 97/97/59
f 99/99/60 97/97/59 98/98/80
f 98/98/80 100/100/81 99/99/60
f 101/101/61 99/99/60 100/100/81
f 100/100/81 102/102/63 101/101/61
f 103/103/43 101/101/61 102/102/63
f 90/90/76 88/88/75 104/104/82
f 105/105/83 104/104/82 88/88/75
f 88/88/75 86/86/74 105/105/83
f 106/106/84 105/105/83 86/86/74
f 86/86/74 84/84/73 106/106/84
f 107/107/85 106/106/84 84/84/73
f 84/84/73 82/82/72 107/107/85
f 108/108/86 107/107/85 82/82/72
f 82/82/72 80/80/71 108/108/86
f 109/109/87 108/108/86 80/80/71
f 80/80/71 78/78/70 109/109/87
f 110/110/88 109/109/87 78/78/70
f 78/78/70 76/76/69 110/110/88
f 111/111/89 110/110/88 76/76/69
f 76/76/69 74/74/68 111/111/89
f 112/112/90 111/111/89 74/74/68
f 74/74/68 72/72/67 112/112/90
f 113/113/91 112/112/90 72/72/67
f 72/72/67 70/70/66 113/113/91
f 114/114/92 113/113/91 70/70/66
f 70/70/66 68/68/65 114/114/92
f 115/115/93 114/114/92 68/68/65
f 68/68/65 66/66/64 115/115/93
f 116/116/94 115/115/93 66/66/64
f 66/66/64 62/64/62 116/116/94
f 117/117/95 116/116/94 62/64/62
f 62/64/62 65/65/63 117/117/95
f 118/118/96 117/117/95 65/65/63
f 115/115/93 119/115/97 114/114/92
f 119/115/97 115/115/93 120/116/98
f 121/116/99 120/116/98 115/115/93
f 120/116/98 121/116/99 122/117/100
f 123/117/101 122/117/100 121/116/99
f 122/117/100 123/117/101 124/118/102
f 125/118/103 124/118/102 123/117/101
f 126/114/104 114/114/92 119/115/97
f 114/114/92 126/114/104 127/113/105
f 128/113/106 127/113/105 126/114/104
f 127/113/105 128/113/106 112/112/90
f 129/112/107 112/112/90 128/113/106
f 112/112/90 129/112/107 111/111/89
f 130/111/108 111/111/89 129/112/107
f 111/111/89 130/111/108 110/110/88
f 131/110/109 110/110/88 130/111/108
f 110/110/88 131/110/109 109/109/87
f 132/109/110 109/109/87 131/110/109
f 109/109/87 132/109/110 133/108/111
f 134/108/112 133/108/111 132/109/110
f 133/108/111 134/108/112 107/107/85
f 135/107/113 107/107/85 134/108/112
f 107/107/85 135/107/113 106/106/84
f 136/106/114 106/106/84 135/107/113
f 106/106/84 136/106/114 137/105/115
f 138/105/116 137/105/115 136/106/114
f 137/105/115 138/105/116 139/104/117
f 140/104/118 139/104/117 138/105/116
f 139/104/117 140/104/118 141/119/119
f 142/119/120 141/119/119 140/104/118
f 141/119/119 142/119/120 143/120/121
f 144/120/122 143/120/121 142/119/120
f 143/120/121 144/120/122 145/121/123
f 146/121/124 145/121/123 144/120/122
f 145/121/123 146/121/124 147/122/125
f 148/122/126 147/122/125 146/121/124
f 147/122/125 148/122/126 149/123/127
f 150/123/128 149/123/127 148/122/126
f 149/123/127 150/123/128 151/124/103
f 152/124/129 151/124/103 150/123/128
f 92/92/77 90/90/76 153/119/130
f 104/104/82 153/119/130 90/90/76
f 153/119/130 154/120/131 92/92/77
f 94/94/78 92/92/77 154/120/131
f 154/120/131 155/121/132 94/94/78
f 96/96/79 94/94/78 155/121/132
f 155/121/132 156/122/133 96/96/79
f 98/98/80 96/96/79 156/122/133
f 156/122/133 157/123/134 98/98/80
f 100/100/81 98/98/80 157/123/134
f 157/123/134 158/124/96 100/100/81
f 102/102/63 100/100/81 158/124/96
f 161/125/135 160/126/136 159/127/137
f 162/128/138 159/127/137 160/126/136
f 160/126/136 161/125/135 163/129/139
f 164/130/140 163/129/139 161/125/135
f 163/129/139 164/130/140 165/131/141
f 166/132/142 165/131/141 164/130/140
f 165/131/141 166/132/142 167/133/143
f 168/134/144 167/133/143 166/132/142
f 167/133/143 168/134/144 169/135/145
f 170/136/146 169/135/145 168/134/144
f 169/135/145 170/136/146 171/137/147
f 172/138/148 171/137/147 170/136/146
f 171/137/147 172/138/148 173/139/149
f 174/140/150 173/139/149 172/138/148
f 173/139/149 174/140/150 175/141/151
f 176/142/152 175/141/151 174/140/150
f 175/141/151 176/142/152 177/143/153
f 178/144/154 177/143/153 176/142/152
f 177/143/153 178/144/154 179/145/155
f 180/146/156 179/145/155 178/144/154
f 179/145/155 180/146/156 181/147/157
f 182/148/158 181/147/157 180/146/156
f 181/147/157 182/148/158 183/149/159
f 184/150/160 183/149/159 182/148/158
f 183/149/159 184/150/160 185/151/161
f 186/152/162 185/151/161 184/150/160
f 185/151/161 186/152/162 187/153/163
f 188/154/164 187/153/163 186/152/162
f 187/153/163 188/154/164 189/155/165
f 190/156/166 189/155/165 188/154/164
f 189/155/165 190/156/166 191/157/167
f 192/158/168 191/157/167 190/156/166
f 191/157/167 192/158/168 193/159/169
f 194/160/170 193/159/169 192/158/168
f 193/159/169 194/160/170 195/161/171
f 196/162/172 195/161/171 194/160/170
f 195/161/171 196/162/172 197/163/173
f 198/164/174 197/163/173 196/162/172
f 197/163/173 198/164/174 199/165/175
f 200/166/176 199/165/175 198/164/174
f 186/152/162 201/167/177 188/154/164
f 201/167/177 186/152/162 202/168/178
f 184/150/160 202/168/178 186/152/162
f 202/168/178 184/150/160 203/169/179
f 182/148/158 203/169/179 184/150/160
f 192/158/168 204/170/180 194/160/170
f 204/170/180 192/158/168 205/171/181
f 190/156/166 205/171/181 192/158/168
f 205/171/181 190/156/166 206/172/182
f 206/172/182 188/154/164 201/167/177
f 188/154/164 206/172/182 190/156/166
f 198/164/174 207/173/183 200/166/176
f 207/173/183 198/164/174 208/174/184
f 196/162/172 208/174/184 198/164/174
f 208/174/184 196/162/172 209/175/185
f 209/175/185 194/160/170 204/170/180
f 194/160/170 209/175/185 196/162/172
f 180/146/156 210/176/129 182/148/158
f 210/176/129 180/146/156 211/177/186
f 178/144/154 211/177/186 180/146/156
f 176/142/152 212/178/187 178/144/154
f 212/178/187 176/142/152 213/179/188
f 174/140/150 213/179/188 176/142/152
f 213/179/188 174/140/150 214/180/189
f 172/138/148 214/180/189 174/140/150
f 214/180/189 172/138/148 215/181/190
f 170/136/146 215/181/190 172/138/148
f 215/181/190 170/136/146 216/182/191
f 168/134/144 216/182/191 170/136/146
f 216/182/191 168/134/144 217/183/192
f 166/132/142 217/183/192 168/134/144
f 217/183/192 166/132/142 218/184/193
f 164/130/140 218/184/193 166/132/142
f 218/184/193 164/130/140 219/185/194
f 161/125/135 219/185/194 164/130/140
f 219/185/194 161/125/135 220/186/195
f 159/127/137 220/186/195 161/125/135
f 159/127/137 221/187/196 220/186/195
f 221/187/196 159/127/137 222/188/197
f 162/128/138 222/188/197 159/127/137
f 223/189/198 220/186/195 221/187/196
f 221/187/196 222/188/197 224/190/199
f 225/191/200 224/190/199 222/188/197
f 224/190/199 226/192/201 221/187/196
f 223/189/198 221/187/196 226/192/201
f 224/190/199 225/191/200 227/193/202
f 228/194/203 227/193/202 225/191/200
f 227/193/202 229/195/204 224/190/199
f 226/192/201 224/190/199 229/195/204
f 227/193/202 228/194/203 230/196/205
f 231/197/206 230/196/205 228/194/203
f 230/196/205 232/198/207 227/193/202
f 229/195/204 227/193/202 232/198/207
f 230/196/205 231/197/206 233/199/208
f 234/200/209 233/199/208 231/197/206
f 233/199/208 235/201/210 230/196/205
f 232/198/207 230/196/205 235/201/210
f 233/199/208 234/200/209 236/202/211
f 233/199/208 236/202/211 235/201/210
f 237/203/212 236/202/211 234/200/209
f 238/204/213 235/201/210 236/202/211
f 239/177/186 178/144/154 212/178/187
f 240/169/214 182/148/158 210/176/129
f 241/205/215 200/166/176 207/173/183
f 241/205/215 242/206/216 200/166/176
f 243/207/217 200/166/176 242/206/216
f 200/166/176 243/207/217 199/165/175
f 244/208/218 199/165/175 243/207/217
f 243/207/217 245/209/219 244/208/218
f 246/210/220 244/208/218 245/209/219
f 242/206/216 247/211/221 243/207/217
f 245/209/219 243/207/217 247/211/221
f 245/209/219 248/212/222 246/210/220
f 249/213/223 246/210/220 248/212/222
f 248/212/222 245/209/219 250/214/224
f 247/211/221 250/214/224 245/209/219
f 248/212/222 251/215/225 249/213/223
f 252/216/226 249/213/223 251/215/225
f 251/215/225 248/212/222 253/217/227
f 250/214/224 253/217/227 248/212/222
f 251/215/225 254/218/228 252/216/226
f 255/219/229 252/216/226 254/218/228
f 254/218/228 251/215/225 256/220/230
f 253/217/227 256/220/230 251/215/225
f 254/218/228 257/221/231 255/219/229
f 258/222/232 255/219/229 257/221/231
f 257/221/231 254/218/228 259/223/233
f 256/220/230 259/223/233 254/218/228
f 262/126/234 261/129/235 260/128/236
f 261/129/235 263/131/237 260/128/236
f 263/131/237 264/133/238 260/128/236
f 264/133/238 265/135/239 260/128/236
f 265/135/239 266/137/240 260/128/236
f 266/137/240 267/139/241 260/128/236
f 267/139/241 268/141/242 260/128/236
f 268/141/242 269/143/243 260/128/236
f 269/143/243 270/145/244 260/128/236
f 270/145/244 271/147/245 260/128/236
f 271/147/245 272/149/246 260/128/236
f 272/149/246 273/151/247 260/128/236
f 273/151/247 274/153/248 260/128/236
f 274/153/248 275/155/249 260/128/236
f 275/155/249 276/157/250 260/128/236
f 276/157/250 277/159/251 260/128/236
f 277/159/251 278/161/252 260/128/236
f 278/161/252 279/163/253 260/128/236
f 279/163/253 280/165/254 260/128/236
f 280/165/254 281/208/255 260/128/236
f 282/188/256 260/128/236 281/208/255
f 282/188/256 281/208/255 283/191/257
f 284/210/258 283/191/257 281/208/255
f 284/210/258 285/213/259 283/191/257
f 286/194/260 283/191/257 285/213/259
f 285/213/259 287/216/261 286/194/260
f 288/197/262 286/194/260 287/216/261
f 287/216/261 289/219/263 288/197/262
f 290/200/264 288/197/262 289/219/263
f 289/219/263 291/222/265 290/200/264
f 292/203/266 290/200/264 291/222/265
f 295/224/267 294/163/268 293/225/269
f 296/226/270 293/225/269 294/163/268
f 294/163/268 295/224/267 297/161/271
f 298/227/272 297/161/271 295/224/267
f 297/161/271 298/227/272 299/228/273
f 300/160/274 299/228/273 298/227/272
f 299/228/273 300/160/274 301/229/275
f 302/158/276 301/229/275 300/160/274
f 301/229/275 302/158/276 303/155/277
f 304/156/278 303/155/277 302/158/276
f 303/155/277 304/156/278 305/153/279
f 306/154/280 305/153/279 304/156/278
f 305/153/279 306/154/280 307/151/281
f 308/230/282 307/151/281 306/154/280
f 307/151/281 308/230/282 309/231/283
f 310/150/284 309/231/283 308/230/282
f 309/231/283 310/150/284 311/147/285
f 312/148/286 311/147/285 310/150/284
f 311/147/285 312/148/286 313/145/287
f 314/232/288 313/145/287 312/148/286
f 313/145/287 314/232/288 315/143/289
f 316/144/290 315/143/289 314/232/288
f 315/143/289 316/144/290 317/141/291
f 318/142/292 317/141/291 316/144/290
f 317/141/291 318/142/292 319/139/293
f 320/233/294 319/139/293 318/142/292
f 319/139/293 320/233/294 321/137/295
f 322/138/296 321/137/295 320/233/294
f 321/137/295 322/138/296 323/135/297
f 324/136/298 323/135/297 322/138/296
f 323/135/297 324/136/298 325/234/299
f 326/134/300 325/234/299 324/136/298
f 325/234/299 326/134/300 327/235/301
f 328/132/302 327/235/301 326/134/300
f 327/235/301 328/132/302 329/129/303
f 330/130/304 329/129/303 328/132/302
f 329/129/303 330/130/304 331/126/305
f 332/236/306 331/126/305 330/130/304
f 331/126/305 332/236/306 333/128/307
f 334/127/308 333/128/307 332/236/306
f 320/233/294 335/179/188 322/138/296
f 335/179/188 320/233/294 336/178/187
f 318/142/292 336/178/187 320/233/294
f 336/178/187 318/142/292 337/177/309
f 316/144/290 337/177/309 318/142/292
f 326/134/300 338/182/310 328/132/302
f 338/182/310 326/134/300 339/181/190
f 324/136/298 339/181/190 326/134/300
f 339/181/190 324/136/298 340/180/311
f 340/180/311 322/138/296 335/179/188
f 322/138/296 340/180/311 324/136/298
f 332/236/306 341/185/194 334/127/308
f 341/185/194 332/236/306 342/184/193
f 330/130/304 342/184/193 332/236/306
f 342/184/193 330/130/304 343/183/312
f 343/183/312 328/132/302 338/182/310
f 328/132/302 343/183/312 330/130/304
f 314/232/288 344/176/129 316/144/290
f 344/176/129 314/232/288 345/169/214
f 312/148/286 345/169/214 314/232/288
f 310/150/284 346/168/178 312/148/286
f 346/168/178 310/150/284 347/167/177
f 308/230/282 347/167/177 310/150/284
f 347/167/177 308/230/282 348/172/313
f 306/154/280 348/172/313 308/230/282
f 348/172/313 306/154/280 349/171/181
f 304/156/278 349/171/181 306/154/280
f 349/171/181 304/156/278 350/170/314
f 302/158/276 350/170/314 304/156/278
f 350/170/314 302/158/276 351/175/315
f 300/160/274 351/175/315 302/158/276
f 351/175/315 300/160/274 352/174/184
f 298/227/272 352/174/184 300/160/274
f 352/174/184 298/227/272 353/173/183
f 295/224/267 353/173/183 298/227/272
f 353/173/183 295/224/267 354/205/215
f 293/225/269 354/205/215 295/224/267
f 293/225/269 355/207/316 354/205/215
f 355/207/316 293/225/269 356/208/317
f 296/226/270 356/208/317 293/225/269
f 357/206/216 354/205/215 355/207/316
f 355/207/316 356/208/317 358/209/318
f 359/210/319 358/209/318 356/208/317
f 358/209/318 360/211/221 355/207/316
f 357/206/216 355/207/316 360/211/221
f 358/209/318 359/210/319 361/212/320
f 362/213/321 361/212/320 359/210/319
f 361/212/320 363/214/224 358/209/318
f 360/211/221 358/209/318 363/214/224
f 361/212/320 362/213/321 364/215/322
f 365/216/323 364/215/322 362/213/321
f 364/215/322 366/217/227 361/212/320
f 363/214/224 361/212/320 366/217/227
f 364/215/322 365/216/323 367/218/324
f 368/219/325 367/218/324 365/216/323
f 367/218/324 369/220/326 364/215/322
f 366/217/227 364/215/322 369/220/326
f 367/218/324 368/219/325 370/221/327
f 367/218/324 370/221/327 369/220/326
f 371/222/328 370/221/327 368/219/325
f 372/223/233 369/220/326 370/221/327
f 373/169/179 312/148/286 346/168/178
f 374/177/186 316/144/290 344/176/129
f 375/186/195 334/127/308 341/185/194
f 375/186/195 376/189/198 334/127/308
f 377/187/329 334/127/308 376/189/198
f 334/127/308 377/187/329 333/128/307
f 378/188/330 333/128/307 377/187/329
f 377/187/329 379/190/331 378/188/330
f 380/191/332 378/188/330 379/190/331
f 376/189/198 381/192/201 377/187/329
f 379/190/331 377/187/329 381/192/201
f 379/190/331 382/237/333 380/191/332
f 383/238/334 380/191/332 382/237/333
f 382/237/333 379/190/331 384/195/204
f 381/192/201 384/195/204 379/190/331
f 382/237/333 385/196/335 383/238/334
f 386/197/336 383/238/334 385/196/335
f 385/196/335 382/237/333 387/198/207
f 384/195/204 387/198/207 382/237/333
f 385/196/335 388/199/337 386/197/336
f 389/200/338 386/197/336 388/199/337
f 388/199/337 385/196/335 390/201/339
f 387/198/207 390/201/339 385/196/335
f 388/199/337 391/202/340 389/200/338
f 392/203/341 389/200/338 391/202/340
f 391/202/340 388/199/337 393/204/213
f 390/201/339 393/204/213 388/199/337
f 396/163/342 395/161/343 394/226/344
f 395/161/343 397/228/345 394/226/344
f 397/228/345 398/229/346 394/226/344
f 398/229/346 399/155/347 394/226/344
f 399/155/347 400/153/348 394/226/344
f 400/153/348 401/151/349 394/226/344
f 401/151/349 402/231/350 394/226/344
f 402/231/350 403/147/351 394/226/344
f 403/147/351 404/145/352 394/226/344
f 404/145/352 405/143/353 394/226/344
f 405/143/353 406/141/354 394/226/344
f 406/141/354 407/139/355 394/226/344
f 407/139/355 408/137/356 394/226/344
f 408/137/356 409/135/357 394/226/344
f 409/135/357 410/234/358 394/226/344
f 410/234/358 411/235/359 394/226/344
f 411/235/359 412/129/360 394/226/344
f 412/129/360 413/126/361 394/226/344
f 413/126/361 414/128/362 394/226/344
f 414/128/362 415/188/363 394/226/344
f 416/208/364 394/226/344 415/188/363
f 416/208/364 415/188/363 417/210/365
f 418/191/366 417/210/365 415/188/363
f 418/191/366 419/238/367 417/210/365
f 420/213/368 417/210/365 419/238/367
f 419/238/367 421/197/369 420/213/368
f 422/216/370 420/213/368 421/197/369
f 421/197/369 423/200/371 422/216/370
f 424/219/372 422/216/370 423/200/371
f 423/200/371 425/203/373 424/219/372
f 426/222/374 424/219/372 425/203/373
f 429/125/375 428/126/376 427/127/377
f 430/128/378 427/127/377 428/126/376
f 428/126/376 429/125/375 431/129/379
f 432/130/380 431/129/379 429/125/375
f 431/129/379 432/130/380 433/131/381
f 434/132/382 433/131/381 432/130/380
f 433/131/381 434/132/382 435/133/383
f 436/134/384 435/133/383 434/132/382
f 435/133/383 436/134/384 437/135/385
f 438/136/386 437/135/385 436/134/384
f 437/135/385 438/136/386 439/137/387
f 440/138/388 439/137/387 438/136/386
f 439/137/387 440/138/388 441/139/389
f 442/140/390 441/139/389 440/138/388
f 441/139/389 442/140/390 443/141/391
f 444/142/392 443/141/391 442/140/390
f 443/141/391 444/142/392 445/143/393
f 446/144/394 445/143/393 444/142/392
f 445/143/393 446/144/394 447/145/395
f 448/146/396 447/145/395 446/144/394
f 447/145/395 448/146/396 449/147/397
f 450/148/398 449/147/397 448/146/396
f 449/147/397 450/148/398 451/149/399
f 452/150/400 451/149/399 450/148/398
f 451/149/399 452/150/400 453/151/401
f 454/152/402 453/151/401 452/150/400
f 453/151/401 454/152/402 455/153/403
f 456/154/404 455/153/403 454/152/402
f 455/153/403 456/154/404 457/155/405
f 458/156/406 457/155/405 456/154/404
f 457/155/405 458/156/406 459/157/407
f 460/158/408 459/157/407 458/156/406
f 459/157/407 460/158/408 461/159/409
f 462/160/410 461/159/409 460/158/408
f 461/159/409 462/160/410 463/161/411
f 464/162/412 463/161/411 462/160/410
f 463/161/411 464/162/412 465/163/413
f 466/164/414 465/163/413 464/162/412
f 465/163/413 466/164/414 467/165/415
f 468/166/416 467/165/415 466/164/414
f 454/152/402 469/167/417 456/154/404
f 469/167/417 454/152/402 470/168/418
f 452/150/400 470/168/418 454/152/402
f 470/168/418 452/150/400 471/169/419
f 450/148/398 471/169/419 452/150/400
f 460/158/408 472/170/420 462/160/410
f 472/170/420 460/158/408 473/171/421
f 458/156/406 473/171/421 460/158/408
f 473/171/421 458/156/406 474/172/422
f 474/172/422 456/154/404 469/167/417
f 456/154/404 474/172/422 458/156/406
f 466/164/414 475/173/423 468/166/416
f 475/173/423 466/164/414 476/174/424
f 464/162/412 476/174/424 466/164/414
f 476/174/424 464/162/412 477/175/425
f 477/175/425 462/160/410 472/170/420
f 462/160/410 477/175/425 464/162/412
f 448/146/396 478/176/426 450/148/398
f 478/176/426 448/146/396 479/177/427
f 446/144/394 479/177/427 448/146/396
f 444/142/392 480/178/428 446/144/394
f 480/178/428 444/142/392 481/179/429
f 442/140/390 481/179/429 444/142/392
f 481/179/429 442/140/390 482/180/430
f 440/138/388 482/180/430 442/140/390
f 482/180/430 440/138/388 483/181/431
f 438/136/386 483/181/431 440/138/388
f 483/181/431 438/136/386 484/182/432
f 436/134/384 484/182/432 438/136/386
f 484/182/432 436/134/384 485/183/433
f 434/132/382 485/183/433 436/134/384
f 485/183/433 434/132/382 486/184/434
f 432/130/380 486/184/434 434/132/382
f 486/184/434 432/130/380 487/185/435
f 429/125/375 487/185/435 432/130/380
f 487/185/435 429/125/375 488/186/436
f 427/127/377 488/186/436 429/125/375
f 427/127/377 489/187/437 488/186/436
f 489/187/437 427/127/377 490/188/438
f 430/128/378 490/188/438 427/127/377
f 491/189/439 488/186/436 489/187/437
f 489/187/437 490/188/438 492/190/440
f 493/191/441 492/190/440 490/188/438
f 492/190/440 494/192/442 489/187/437
f 491/189/439 489/187/437 494/192/442
f 492/190/440 493/191/441 495/193/443
f 496/194/444 495/193/443 493/191/441
f 495/193/443 497/195/445 492/190/440
f 494/192/442 492/190/440 497/195/445
f 495/193/443 496/194/444 498/196/446
f 499/197/447 498/196/446 496/194/444
f 498/196/446 500/198/448 495/193/443
f 497/195/445 495/193/443 500/198/448
f 498/196/446 499/197/447 501/199/449
f 502/200/450 501/199/449 499/197/447
f 501/199/449 503/201/451 498/196/446
f 500/198/448 498/196/446 503/201/451
f 501/199/449 502/200/450 504/202/452
f 501/199/449 504/202/452 503/201/451
f 505/203/453 504/202/452 502/200/450
f 506/204/454 503/201/451 504/202/452
f 507/177/455 446/144/394 480/178/428
f 508/169/419 450/148/398 478/176/426
f 509/205/456 468/166/416 475/173/423
f 509/205/456 510/206/457 468/166/416
f 511/207/458 468/166/416 510/206/457
f 468/166/416 511/207/458 467/165/415
f 512/208/459 467/165/415 511/207/458
f 511/207/458 513/209/460 512/208/459
f 514/210/461 512/208/459 513/209/460
f 510/206/457 515/211/462 511/207/458
f 513/209/460 511/207/458 515/211/462
f 513/209/460 516/212/463 514/210/461
f 517/213/464 514/210/461 516/212/463
f 516/212/463 513/209/460 518/214/465
f 515/211/462 518/214/465 513/209/460
f 516/212/463 519/215/466 517/213/464
f 520/216/467 517/213/464 519/215/466
f 519/215/466 516/212/463 521/217/468
f 518/214/465 521/217/468 516/212/463
f 519/215/466 522/218/469 520/216/467
f 523/219/470 520/216/467 522/218/469
f 522/218/469 519/215/466 524/220/471
f 521/217/468 524/220/471 519/215/466
f 522/218/469 525/221/472 523/219/470
f 526/222/473 523/219/470 525/221/472
f 525/221/472 522/218/469 527/223/474
f 524/220/471 527/223/474 522/218/469
f 530/126/475 529/129/476 528/128/477
f 529/129/476 531/131/478 528/128/477
f 531/131/478 532/133/479 528/128/477
f 532/133/479 533/135/480 528/128/477
f 533/135/480 534/137/481 528/128/477
f 534/137/481 535/139/482 528/128/477
f 535/139/482 536/141/483 528/128/477
f 536/141/483 537/143/484 528/128/477
f 537/143/484 538/145/485 528/128/477
f 538/145/485 539/147/486 528/128/477
f 539/147/486 540/149/487 528/128/477
f 540/149/487 541/151/488 528/128/477
f 541/151/488 542/153/489 528/128/477
f 542/153/489 543/155/490 528/128/477
f 543/155/490 544/157/491 528/128/477
f 544/157/491 545/159/492 528/128/477
f 545/159/492 546/161/493 528/128/477
f 546/161/493 547/163/494 528/128/477
f 547/163/494 548/165/495 528/128/477
f 548/165/495 549/208/496 528/128/477
f 550/188/497 528/128/477 549/208/496
f 550/188/497 549/208/496 551/191/498
f 552/210/499 551/191/498 549/208/496
f 552/210/499 553/213/500 551/191/498
f 554/194/501 551/191/498 553/213/500
f 553/213/500 555/216/502 554/194/501
f 556/197/503 554/194/501 555/216/502
f 555/216/502 557/219/504 556/197/503
f 558/200/505 556/197/503 557/219/504
f 557/219/504 559/222/506 558/200/505
f 560/203/507 558/200/505 559/222/506
f 563/224/508 562/163/509 561/225/510
f 564/226/511 561/225/510 562/163/509
f 562/163/509 563/224/508 565/161/512
f 566/227/513 565/161/512 563/224/508
f 565/161/512 566/227/513 567/228/514
f 568/160/515 567/228/514 566/227/513
f 567/228/514 568/160/515 569/229/516
f 570/158/517 569/229/516 568/160/515
f 569/229/516 570/158/517 571/155/518
f 572/156/519 571/155/518 570/158/517
f 571/155/518 572/156/519 573/153/520
f 574/154/521 573/153/520 572/156/519
f 573/153/520 574/154/521 575/151/522
f 576/230/523 575/151/522 574/154/521
f 575/151/522 576/230/523 577/231/524
f 578/150/525 577/231/524 576/230/523
f 577/231/524 578/150/525 579/147/526
f 580/148/527 579/147/526 578/150/525
f 579/147/526 580/148/527 581/145/528
f 582/232/529 581/145/528 580/148/527
f 581/145/528 582/232/529 583/143/530
f 584/144/531 583/143/530 582/232/529
f 583/143/530 584/144/531 585/141/532
f 586/142/533 585/141/532 584/144/531
f 585/141/532 586/142/533 587/139/534
f 588/233/535 587/139/534 586/142/533
f 587/139/534 588/233/535 589/137/536
f 590/138/537 589/137/536 588/233/535
f 589/137/536 590/138/537 591/135/538
f 592/136/539 591/135/538 590/138/537
f 591/135/538 592/136/539 593/234/540
f 594/134/541 593/234/540 592/136/539
f 593/234/540 594/134/541 595/235/542
f 596/132/543 595/235/542 594/134/541
f 595/235/542 596/132/543 597/129/544
f 598/130/545 597/129/544 596/132/543
f 597/129/544 598/130/545 599/126/546
f 600/236/547 599/126/546 598/130/545
f 599/126/546 600/236/547 601/128/548
f 602/127/549 601/128/548 600/236/547
f 588/233/535 603/179/429 590/138/537
f 603/179/429 588/233/535 604/178/428
f 586/142/533 604/178/428 588/233/535
f 604/178/428 586/142/533 605/177/550
f 584/144/531 605/177/550 586/142/533
f 594/134/541 606/182/551 596/132/543
f 606/182/551 594/134/541 607/181/431
f 592/136/539 607/181/431 594/134/541
f 607/181/431 592/136/539 608/180/552
f 608/180/552 590/138/537 603/179/429
f 590/138/537 608/180/552 592/136/539
f 600/236/547 609/185/435 602/127/549
f 609/185/435 600/236/547 610/184/434
f 598/130/545 610/184/434 600/236/547
f 610/184/434 598/130/545 611/183/553
f 611/183/553 596/132/543 606/182/551
f 596/132/543 611/183/553 598/130/545
f 582/232/529 612/176/426 584/144/531
f 612/176/426 582/232/529 613/169/554
f 580/148/527 613/169/554 582/232/529
f 578/150/525 614/168/418 580/148/527
f 614/168/418 578/150/525 615/167/555
f 576/230/523 615/167/555 578/150/525
f 615/167/555 576/230/523 616/172/422
f 574/154/521 616/172/422 576/230/523
f 616/172/422 574/154/521 617/171/421
f 572/156/519 617/171/421 574/154/521
f 617/171/421 572/156/519 618/170/420
f 570/158/517 618/170/420 572/156/519
f 618/170/420 570/158/517 619/175/556
f 568/160/515 619/175/556 570/158/517
f 619/175/556 568/160/515 620/174/424
f 566/227/513 620/174/424 568/160/515
f 620/174/424 566/227/513 621/173/423
f 563/224/508 621/173/423 566/227/513
f 621/173/423 563/224/508 622/205/456
f 561/225/510 622/205/456 563/224/508
f 561/225/510 623/207/557 622/205/456
f 623/207/557 561/225/510 624/208/558
f 564/226/511 624/208/558 561/225/510
f 625/206/457 622/205/456 623/207/557
f 623/207/557 624/208/558 626/209/559
f 627/210/560 626/209/559 624/208/558
f 626/209/559 628/211/462 623/207/557
f 625/206/457 623/207/557 628/211/462
f 626/209/559 627/210/560 629/212/561
f 630/213/562 629/212/561 627/210/560
f 629/212/561 631/214/465 626/209/559
f 628/211/462 626/209/559 631/214/465
f 629/212/561 630/213/562 632/215/563
f 633/216/564 632/215/563 630/213/562
f 632/215/563 634/217/565 629/212/561
f 631/214/465 629/212/561 634/217/565
f 632/215/563 633/216/564 635/218/566
f 636/219/567 635/218/566 633/216/564
f 635/218/566 637/220/471 632/215/563
f 634/217/565 632/215/563 637/220/471
f 635/218/566 636/219/567 638/221/568
f 635/218/566 638/221/568 637/220/471
f 639/222/569 638/221/568 636/219/567
f 640/223/474 637/220/471 638/221/568
f 641/169/419 580/148/527 614/168/418
f 642/177/550 584/144/531 612/176/426
f 643/186/436 602/127/549 609/185/435
f 643/186/436 644/189/439 602/127/549
f 645/187/570 602/127/549 644/189/439
f 602/127/549 645/187/570 601/128/548
f 646/188/571 601/128/548 645/187/570
f 645/187/570 647/190/572 646/188/571
f 648/191/573 646/188/571 647/190/572
f 644/189/439 649/192/442 645/187/570
f 647/190/572 645/187/570 649/192/442
f 647/190/572 650/237/574 648/191/573
f 651/238/575 648/191/573 650/237/574
f 650/237/574 647/190/572 652/195/445
f 649/192/442 652/195/445 647/190/572
f 650/237/574 653/196/576 651/238/575
f 654/197/577 651/238/575 653/196/576
f 653/196/576 650/237/574 655/198/448
f 652/195/445 655/198/448 650/237/574
f 653/196/576 656/199/578 654/197/577
f 657/200/579 654/197/577 656/199/578
f 656/199/578 653/196/576 658/201/451
f 655/198/448 658/201/451 653/196/576
f 656/199/578 659/202/580 657/200/579
f 660/203/581 657/200/579 659/202/580
f 659/202/580 656/199/578 661/204/454
f 658/201/451 661/204/454 656/199/578
f 664/163/582 663/161/583 662/226/584
f 663/161/583 665/228/585 662/226/584
f 665/228/585 666/229/586 662/226/584
f 666/229/586 667/155/587 662/226/584
f 667/155/587 668/153/588 662/226/584
f 668/153/588 669/151/589 662/226/584
f 669/151/589 670/231/590 662/226/584
f 670/231/590 671/147/591 662/226/584
f 671/147/591 672/145/592 662/226/584
f 672/145/592 673/143/593 662/226/584
f 673/143/593 674/141/594 662/226/584
f 674/141/594 675/139/595 662/226/584
f 675/139/595 676/137/596 662/226/584
f 676/137/596 677/135/597 662/226/584
f 677/135/597 678/234/598 662/226/584
f 678/234/598 679/235/599 662/226/584
f 679/235/599 680/129/600 662/226/584
f 680/129/600 681/126/601 662/226/584
f 681/126/601 682/128/602 662/226/584
f 682/128/602 683/188/603 662/226/584
f 684/208/604 662/226/584 683/188/603
f 684/208/604 683/188/603 685/210/605
f 686/191/606 685/210/605 683/188/603
f 686/191/606 687/238/607 685/210/605
f 688/213/608 685/210/605 687/238/607
f 687/238/607 689/197/609 688/213/608
f 690/216/610 688/213/608 689/197/609
f 689/197/609 691/200/611 690/216/610
f 692/219/612 690/216/610 691/200/611
f 691/200/611 693/203/613 692/219/612
f 694/222/614 692/219/612 693/203/613
f 697/125/615 696/126/616 695/127/617
f 698/128/618 695/127/617 696/126/616
f 696/126/616 697/125/615 699/129/619
f 700/130/620 699/129/619 697/125/615
f 699/129/619 700/130/620 701/131/621
f 702/132/622 701/131/621 700/130/620
f 701/131/621 702/132/622 703/133/623
f 704/134/624 703/133/623 702/132/622
f 703/133/623 704/134/624 705/135/625
f 706/136/626 705/135/625 704/134/624
f 705/135/625 706/136/626 707/137/627
f 708/138/628 707/137/627 706/136/626
f 707/137/627 708/138/628 709/139/629
f 710/140/630 709/139/629 708/138/628
f 709/139/629 710/140/630 711/141/631
f 712/142/632 711/141/631 710/140/630
f 711/141/631 712/142/632 713/143/633
f 714/144/634 713/143/633 712/142/632
f 713/143/633 714/144/634 715/145/635
f 716/146/636 715/145/635 714/144/634
f 715/145/635 716/146/636 717/147/637
f 718/148/638 717/147/637 716/146/636
f 717/147/637 718/148/638 719/149/639
f 720/150/640 719/149/639 718/148/638
f 719/149/639 720/150/640 721/151/641
f 722/152/642 721/151/641 720/150/640
f 721/151/641 722/152/642 723/153/643
f 724/154/644 723/153/643 722/152/642
f 723/153/643 724/154/644 725/155/645
f 726/156/646 725/155/645 724/154/644
f 725/155/645 726/156/646 727/157/647
f 728/158/648 727/157/647 726/156/646
f 727/157/647 728/158/648 729/159/649
f 730/160/650 729/159/649 728/158/648
f 729/159/649 730/160/650 731/161/651
f 732/162/652 731/161/651 730/160/650
f 731/161/651 732/162/652 733/163/653
f 734/164/654 733/163/653 732/162/652
f 733/163/653 734/164/654 735/165/655
f 736/166/656 735/165/655 734/164/654
f 722/152/642 737/167/657 724/154/644
f 737/167/657 722/152/642 738/168/658
f 720/150/640 738/168/658 722/152/642
f 738/168/658 720/150/640 739/169/659
f 718/148/638 739/169/659 720/150/640
f 728/158/648 740/170/660 730/160/650
f 740/170/660 728/158/648 741/171/661
f 726/156/646 741/171/661 728/158/648
f 741/171/661 726/156/646 742/172/662
f 742/172/662 724/154/644 737/167/657
f 724/154/644 742/172/662 726/156/646
f 734/164/654 743/173/663 736/166/656
f 743/173/663 734/164/654 744/174/664
f 732/162/652 744/174/664 734/164/654
f 744/174/664 732/162/652 745/175/665
f 745/175/665 730/160/650 740/170/660
f 730/160/650 745/175/665 732/162/652
f 716/146/636 746/176/666 718/148/638
f 746/176/666 716/146/636 747/177/667
f 714/144/634 747/177/667 716/146/636
f 712/142/632 748/178/668 714/144/634
f 748/178/668 712/142/632 749/179/669
f 710/140/630 749/179/669 712/142/632
f 749/179/669 710/140/630 750/180/670
f 708/138/628 750/180/670 710/140/630
f 750/180/670 708/138/628 751/181/671
f 706/136/626 751/181/671 708/138/628
f 751/181/671 706/136/626 752/182/672
f 704/134/624 752/182/672 706/136/626
f 752/182/672 704/134/624 753/183/673
f 702/132/622 753/183/673 704/134/624
f 753/183/673 702/132/622 754/184/674
f 700/130/620 754/184/674 702/132/622
f 754/184/674 700/130/620 755/185/675
f 697/125/615 755/185/675 700/130/620
f 755/185/675 697/125/615 756/186/676
f 695/127/617 756/186/676 697/125/615
f 695/127/617 757/187/677 756/186/676
f 757/187/677 695/127/617 758/188/678
f 698/128/618 758/188/678 695/127/617
f 759/189/679 756/186/676 757/187/677
f 757/187/677 758/188/678 760/190/680
f 761/191/681 760/190/680 758/188/678
f 760/190/680 762/192/682 757/187/677
f 759/189/679 757/187/677 762/192/682
f 760/190/680 761/191/681 763/193/683
f 764/194/684 763/193/683 761/191/681
f 763/193/683 765/195/685 760/190/680
f 762/192/682 760/190/680 765/195/685
f 763/193/683 764/194/684 766/196/686
f 767/197/687 766/196/686 764/194/684
f 766/196/686 768/198/688 763/193/683
f 765/195/685 763/193/683 768/198/688
f 766/196/686 767/197/687 769/199/689
f 770/200/690 769/199/689 767/197/687
f 769/199/689 771/201/691 766/196/686
f 768/198/688 766/196/686 771/201/691
f 769/199/689 770/200/690 772/202/692
f 769/199/689 772/202/692 771/201/691
f 773/203/693 772/202/692 770/200/690
f 774/204/694 771/201/691 772/202/692
f 775/177/695 714/144/634 748/178/668
f 776/169/659 718/148/638 746/176/666
f 777/205/696 736/166/656 743/173/663
f 777/205/696 778/206/697 736/166/656
f 779/207/698 736/166/656 778/206/697
f 736/166/656 779/207/698 735/165/655
f 780/208/699 735/165/655 779/207/698
f 779/207/698 781/209/700 780/208/699
f 782/210/701 780/208/699 781/209/700
f 778/206/697 783/211/702 779/207/698
f 781/209/700 779/207/698 783/211/702
f 781/209/700 784/212/703 782/210/701
f 785/213/704 782/210/701 784/212/703
f 784/212/703 781/209/700 786/214/705
f 783/211/702 786/214/705 781/209/700
f 784/212/703 787/215/706 785/213/704
f 788/216/707 785/213/704 787/215/706
f 787/215/706 784/212/703 789/217/708
f 786/214/705 789/217/708 784/212/703
f 787/215/706 790/218/709 788/216/707
f 791/219/710 788/216/707 790/218/709
f 790/218/709 787/215/706 792/220/711
f 789/217/708 792/220/711 787/215/706
f 790/218/709 793/221/712 791/219/710
f 794/222/713 791/219/710 793/221/712
f 793/221/712 790/218/709 795/223/714
f 792/220/711 795/223/714 790/218/709
f 798/126/715 797/129/716 796/128/717
f 797/129/716 799/131/718 796/128/717
f 799/131/718 800/133/719 796/128/717
f 800/133/719 801/135/720 796/128/717
f 801/135/720 802/137/721 796/128/717
f 802/137/721 803/139/722 796/128/717
f 803/139/722 804/141/723 796/128/717
f 804/141/723 805/143/724 796/128/717
f 805/143/724 806/145/725 796/128/717
f 806/145/725 807/147/726 796/128/717
f 807/147/726 808/149/727 796/128/717
f 808/149/727 809/151/728 796/128/717
f 809/151/728 810/153/729 796/128/717
f 810/153/729 811/155/730 796/128/717
f 811/155/730 812/157/731 796/128/717
f 812/157/731 813/159/732 796/128/717
f 813/159/732 814/161/733 796/128/717
f 814/161/733 815/163/734 796/128/717
f 815/163/734 816/165/735 796/128/717
f 816/165/735 817/208/736 796/128/717
f 818/188/737 796/128/717 817/208/736
f 818/188/737 817/208/736 819/191/738
f 820/210/739 819/191/738 817/208/736
f 820/210/739 821/213/740 819/191/738
f 822/194/741 819/191/738 821/213/740
f 821/213/740 823/216/742 822/194/741
f 824/197/743 822/194/741 823/216/742
f 823/216/742 825/219/744 824/197/743
f 826/200/745 824/197/743 825/219/744
f 825/219/744 827/222/746 826/200/745
f 828/203/747 826/200/745 827/222/746
f 831/224/748 830/163/749 829/225/750
f 832/226/751 829/225/750 830/163/749
f 830/163/749 831/224/748 833/161/752
f 834/227/753 833/161/752 831/224/748
f 833/161/752 834/227/753 835/228/754
f 836/160/755 835/228/754 834/227/753
f 835/228/754 836/160/755 837/229/756
f 838/158/757 837/229/756 836/160/755
f 837/229/756 838/158/757 839/155/758
f 840/156/759 839/155/758 838/158/757
f 839/155/758 840/156/759 841/153/760
f 842/154/761 841/153/760 840/156/759
f 841/153/760 842/154/761 843/151/762
f 844/230/763 843/151/762 842/154/761
f 843/151/762 844/230/763 845/231/764
f 846/150/765 845/231/764 844/230/763
f 845/231/764 846/150/765 847/147/766
f 848/148/767 847/147/766 846/150/765
f 847/147/766 848/148/767 849/145/768
f 850/232/769 849/145/768 848/148/767
f 849/145/768 850/232/769 851/143/770
f 852/144/771 851/143/770 850/232/769
f 851/143/770 852/144/771 853/141/772
f 854/142/773 853/141/772 852/144/771
f 853/141/772 854/142/773 855/139/774
f 856/233/775 855/139/774 854/142/773
f 855/139/774 856/233/775 857/137/776
f 858/138/777 857/137/776 856/233/775
f 857/137/776 858/138/777 859/135/778
f 860/136/779 859/135/778 858/138/777
f 859/135/778 860/136/779 861/234/780
f 862/134/781 861/234/780 860/136/779
f 861/234/780 862/134/781 863/235/782
f 864/132/783 863/235/782 862/134/781
f 863/235/782 864/132/783 865/129/784
f 866/130/785 865/129/784 864/132/783
f 865/129/784 866/130/785 867/126/786
f 868/236/787 867/126/786 866/130/785
f 867/126/786 868/236/787 869/128/788
f 870/127/789 869/128/788 868/236/787
f 856/233/775 871/179/669 858/138/777
f 871/179/669 856/233/775 872/178/668
f 854/142/773 872/178/668 856/233/775
f 872/178/668 854/142/773 873/177/695
f 852/144/771 873/177/695 854/142/773
f 862/134/781 874/182/790 864/132/783
f 874/182/790 862/134/781 875/181/671
f 860/136/779 875/181/671 862/134/781
f 875/181/671 860/136/779 876/180/791
f 876/180/791 858/138/777 871/179/669
f 858/138/777 876/180/791 860/136/779
f 868/236/787 877/185/675 870/127/789
f 877/185/675 868/236/787 878/184/674
f 866/130/785 878/184/674 868/236/787
f 878/184/674 866/130/785 879/183/792
f 879/183/792 864/132/783 874/182/790
f 864/132/783 879/183/792 866/130/785
f 850/232/769 880/176/666 852/144/771
f 880/176/666 850/232/769 881/169/793
f 848/148/767 881/169/793 850/232/769
f 846/150/765 882/168/658 848/148/767
f 882/168/658 846/150/765 883/167/794
f 844/230/763 883/167/794 846/150/765
f 883/167/794 844/230/763 884/172/662
f 842/154/761 884/172/662 844/230/763
f 884/172/662 842/154/761 885/171/661
f 840/156/759 885/171/661 842/154/761
f 885/171/661 840/156/759 886/170/660
f 838/158/757 886/170/660 840/156/759
f 886/170/660 838/158/757 887/175/795
f 836/160/755 887/175/795 838/158/757
f 887/175/795 836/160/755 888/174/664
f 834/227/753 888/174/664 836/160/755
f 888/174/664 834/227/753 889/173/663
f 831/224/748 889/173/663 834/227/753
f 889/173/663 831/224/748 890/205/696
f 829/225/750 890/205/696 831/224/748
f 829/225/750 891/207/796 890/205/696
f 891/207/796 829/225/750 892/208/797
f 832/226/751 892/208/797 829/225/750
f 893/206/697 890/205/696 891/207/796
f 891/207/796 892/208/797 894/209/798
f 895/210/799 894/209/798 892/208/797
f 894/209/798 896/211/800 891/207/796
f 893/206/697 891/207/796 896/211/800
f 894/209/798 895/210/799 897/212/801
f 898/213/802 897/212/801 895/210/799
f 897/212/801 899/214/705 894/209/798
f 896/211/800 894/209/798 899/214/705
f 897/212/801 898/213/802 900/215/803
f 901/216/804 900/215/803 898/213/802
f 900/215/803 902/217/708 897/212/801
f 899/214/705 897/212/801 902/217/708
f 900/215/803 901/216/804 903/218/805
f 904/219/806 903/218/805 901/216/804
f 903/218/805 905/220/711 900/215/803
f 902/217/708 900/215/803 905/220/711
f 903/218/805 904/219/806 906/221/807
f 903/218/805 906/221/807 905/220/711
f 907/222/808 906/221/807 904/219/806
f 908/223/714 905/220/711 906/221/807
f 909/169/809 848/148/767 882/168/658
f 910/177/695 852/144/771 880/176/666
f 911/186/676 870/127/789 877/185/675
f 911/186/676 912/189/679 870/127/789
f 913/187/810 870/127/789 912/189/679
f 870/127/789 913/187/810 869/128/788
f 914/188/811 869/128/788 913/187/810
f 913/187/810 915/190/812 914/188/811
f 916/191/813 914/188/811 915/190/812
f 912/189/679 917/192/682 913/187/810
f 915/190/812 913/187/810 917/192/682
f 915/190/812 918/237/814 916/191/813
f 919/238/815 916/191/813 918/237/814
f 918/237/814 915/190/812 920/195/685
f 917/192/682 920/195/685 915/190/812
f 918/237/814 921/196/816 919/238/815
f 922/197/817 919/238/815 921/196/816
f 921/196/816 918/237/814 923/198/818
f 920/195/685 923/198/818 918/237/814
f 921/196/816 924/199/819 922/197/817
f 925/200/820 922/197/817 924/199/819
f 924/199/819 921/196/816 926/201/691
f 923/198/818 926/201/691 921/196/816
f 924/199/819 927/202/821 925/200/820
f 928/203/822 925/200/820 927/202/821
f 927/202/821 924/199/819 929/204/694
f 926/201/691 929/204/694 924/199/819
f 932/163/823 931/161/824 930/226/825
f 931/161/824 933/228/826 930/226/825
f 933/228/826 934/229/827 930/226/825
f 934/229/827 935/155/828 930/226/825
f 935/155/828 936/153/829 930/226/825
f 936/153/829 937/151/830 930/226/825
f 937/151/830 938/231/831 930/226/825
f 938/231/831 939/147/832 930/226/825
f 939/147/832 940/145/833 930/226/825
f 940/145/833 941/143/834 930/226/825
f 941/143/834 942/141/835 930/226/825
f 942/141/835 943/139/836 930/226/825
f 943/139/836 944/137/837 930/226/825
f 944/137/837 945/135/838 930/226/825
f 945/135/838 946/234/839 930/226/825
f 946/234/839 947/235/840 930/226/825
f 947/235/840 948/129/841 930/226/825
f 948/129/841 949/126/842 930/226/825
f 949/126/842 950/128/843 930/226/825
f 950/128/843 951/188/844 930/226/825
f 952/208/845 930/226/825 951/188/844
f 952/208/845 951/188/844 953/210/846
f 954/191/847 953/210/846 951/188/844
f 954/191/847 955/238/848 953/210/846
f 956/213/849 953/210/846 955/238/848
f 955/238/848 957/197/850 956/213/849
f 958/216/851 956/213/849 957/197/850
f 957/197/850 959/200/852 958/216/851
f 960/219/853 958/216/851 959/200/852
f 959/200/852 961/203/854 960/219/853
f 962/222/855 960/219/853 961/203/854
o Airplane2
v -0.000308 -0.081360 0.716766
v -0.054637 0.195195 0.671541
v -0.000308 0.200613 0.671541
v -0.106877 0.179149 0.671541
v -0.155023 0.153092 0.671540
v -0.197222 0.118025 0.671540
v -0.231855 0.075296 0.671540
v -0.257589 0.026546 0.671541
v -0.273436 -0.026350 0.671541
v -0.278787 -0.081360 0.671541
v -0.273436 -0.136370 0.671541
v -0.257589 -0.189266 0.671541
v -0.231855 -0.238015 0.671541
v -0.197222 -0.280744 0.671541
v -0.155022 -0.315811 0.671541
v -0.106877 -0.341868 0.671541
v -0.054636 -0.357914 0.671541
v -0.073082 0.289086 0.602918
v -0.143058 0.267593 0.602918
v -0.207549 0.232689 0.602918
v -0.264076 0.185717 0.602918
v -0.310466 0.128481 0.602918
v -0.344937 0.063181 0.602918
v -0.366165 -0.007673 0.602918
v -0.373332 -0.081360 0.602918
v -0.366164 -0.155046 0.602918
v -0.344937 -0.225901 0.602918
v -0.310466 -0.291201 0.602918
v -0.264076 -0.348436 0.602918
v -0.207549 -0.395409 0.602918
v -0.143058 -0.430312 0.602918
v -0.073081 -0.451806 0.602918
v -0.000308 -0.459063 0.602918
v -0.000308 -0.363332 0.671541
v 0.054021 -0.357914 0.671541
v 0.106262 -0.341868 0.671541
v 0.154407 -0.315811 0.671541
v 0.196607 -0.280744 0.671541
v 0.231239 -0.238015 0.671541
v 0.256973 -0.189266 0.671541
v 0.272820 -0.136370 0.671541
v 0.278171 -0.081359 0.671541
v 0.272820 -0.026349 0.671541
v 0.256973 0.026547 0.671541
v 0.231239 0.075296 0.671541
v 0.196606 0.118025 0.671541
v 0.154406 0.153092 0.671541
v 0.106261 0.179149 0.671541
v 0.054020 0.195195 0.671541
v 0.142443 -0.430312 0.602918
v 0.072466 -0.451806 0.602918
v 0.206934 -0.395408 0.602918
v 0.263460 -0.348436 0.602918
v 0.309850 -0.291200 0.602918
v 0.344321 -0.225900 0.602918
v 0.365549 -0.155046 0.602918
v 0.372716 -0.081359 0.602918
v 0.365548 -0.007673 0.602918
v 0.344321 0.063182 0.602918
v 0.309850 0.128481 0.602918
v 0.263459 0.185717 0.602918
v 0.206932 0.232689 0.602918
v 0.142441 0.267593 0.602918
v 0.072464 0.289086 0.602918
v -0.000308 0.296344 0.602918
v -0.085538 0.347121 0.494221
v -0.000308 0.355515 0.494221
v -0.167493 0.322260 0.494221
v -0.243023 0.281889 0.494221
v -0.309225 0.227558 0.494221
v -0.363556 0.161355 0.494221
v -0.403928 0.085825 0.494221
v -0.428789 0.003870 0.494221
v -0.437183 -0.081360 0.494221
v -0.428789 -0.166590 0.494221
v -0.403928 -0.248545 0.494221
v -0.363556 -0.324074 0.494221
v -0.309225 -0.390277 0.494221
v -0.243022 -0.444608 0.494221
v -0.167492 -0.484980 0.494221
v -0.085538 -0.509840 0.494221
v -0.000308 -0.518234 0.494221
v 0.084922 -0.509840 0.494221
v 0.166877 -0.484979 0.494221
v 0.242407 -0.444608 0.494221
v 0.308609 -0.390277 0.494221
v 0.362940 -0.324074 0.494221
v 0.403312 -0.248544 0.494221
v 0.428172 -0.166589 0.494221
v 0.436567 -0.081359 0.494221
v 0.428172 0.003871 0.494221
v 0.403311 0.085826 0.494221
v 0.362939 0.161356 0.494221
v 0.308608 0.227558 0.494221
v 0.242406 0.281889 0.494221
v 0.166876 0.322260 0.494221
v 0.084921 0.347121 0.494221
v -0.000308 0.363775 0.414099
v -0.085538 0.347121 0.494221
v -0.087249 0.355721 0.409163
v -0.000308 0.355515 0.494221
v -0.167493 0.322260 0.494221
v -0.171428 0.331760 0.394480
v -0.178492 0.328236 0.392320
v -0.243023 0.281889 0.494221
v -0.250574 0.293189 0.362388
v -0.306150 0.252223 0.327400
v -0.309225 0.227558 0.494221
v -0.322370 0.240702 0.313910
v -0.374492 0.187302 0.251387
v -0.363556 0.161355 0.494221
v -0.385960 0.176227 0.233314
v -0.428789 0.096123 0.233207
v -0.403928 0.085825 0.494221
v -0.455181 0.009120 0.233207
v -0.428789 0.003870 0.494221
v -0.464092 -0.081360 0.233207
v -0.437183 -0.081360 0.494221
v -0.455181 -0.171839 0.233207
v -0.428789 -0.166590 0.494221
v -0.428788 -0.258842 0.233207
v -0.403928 -0.248545 0.494221
v -0.385930 -0.339024 0.233207
v -0.363556 -0.324074 0.494221
v -0.328253 -0.409304 0.233207
v -0.309225 -0.390277 0.494221
v -0.257972 -0.466982 0.233207
v -0.243022 -0.444608 0.494221
v -0.177790 -0.509840 0.233207
v -0.167492 -0.484980 0.494221
v -0.090787 -0.536232 0.233207
v -0.085538 -0.509840 0.494221
v -0.000308 -0.545144 0.233207
v -0.000308 -0.518234 0.494221
v -0.437183 -0.262319 -0.062004
v -0.464092 -0.173612 -0.062004
v -0.473178 -0.081360 -0.062004
v -0.464092 0.010893 -0.062004
v -0.181267 -0.518235 -0.062004
v -0.263020 -0.474537 -0.062004
v -0.092560 -0.545144 -0.062004
v -0.000308 -0.554230 -0.062004
v -0.464092 -0.081360 -0.351560
v -0.455181 0.009120 -0.351560
v -0.445493 0.065638 -0.123054
v -0.446028 0.070443 -0.062004
v -0.439862 0.073481 -0.222709
v -0.429641 0.096667 -0.319287
v -0.428789 0.096123 -0.351560
v -0.421411 0.109927 -0.351560
v -0.455181 -0.171840 -0.351560
v -0.428789 -0.258842 -0.351560
v -0.385930 -0.339024 -0.351560
v -0.393485 -0.344072 -0.062004
v -0.334678 -0.415729 -0.062004
v -0.328253 -0.409305 -0.351560
v -0.257972 -0.466982 -0.351560
v -0.177790 -0.509840 -0.351560
v -0.090788 -0.536232 -0.351560
v -0.000308 -0.545144 -0.351560
v -0.309225 -0.390277 -0.578940
v -0.363556 -0.324074 -0.578940
v -0.403928 -0.248544 -0.578940
v -0.428789 -0.166590 -0.578940
v -0.437183 -0.081360 -0.578940
v -0.428789 0.003870 -0.578940
v -0.403928 0.085825 -0.578940
v -0.399864 0.135071 -0.412264
v -0.374557 0.168705 -0.467150
v -0.363557 0.161355 -0.578940
v -0.354672 0.187301 -0.497496
v -0.311841 0.230172 -0.547692
v -0.309226 0.227558 -0.578940
v -0.280181 0.252222 -0.573509
v -0.271423 0.258581 -0.578940
v -0.278327 0.196658 -0.772263
v -0.218746 0.245555 -0.772263
v -0.240869 0.278665 -0.596093
v -0.163501 0.312622 -0.625095
v -0.150771 0.281889 -0.772263
v -0.327223 0.137078 -0.772263
v -0.363557 0.069103 -0.772263
v -0.385931 -0.004655 -0.772263
v -0.393485 -0.081360 -0.772263
v -0.385931 -0.158065 -0.772263
v -0.363556 -0.231822 -0.772263
v -0.327223 -0.299797 -0.772263
v -0.278326 -0.359378 -0.772263
v -0.218746 -0.408275 -0.772263
v -0.243023 -0.444608 -0.578940
v -0.167493 -0.484980 -0.578940
v -0.085538 -0.509840 -0.578940
v -0.000308 -0.518235 -0.578940
v -0.150770 -0.444608 -0.772263
v -0.077013 -0.466982 -0.772263
v -0.000308 -0.474537 -0.772263
v -0.186074 -0.359378 -0.926544
v -0.236743 -0.317795 -0.926544
v -0.128266 -0.390277 -0.926544
v -0.065540 -0.409304 -0.926544
v -0.000308 -0.415729 -0.926544
v -0.146263 -0.299797 -1.053159
v -0.186074 -0.267126 -1.053159
v -0.278326 -0.267126 -0.926544
v -0.309225 -0.209317 -0.926544
v -0.328253 -0.146592 -0.926544
v -0.334678 -0.081360 -0.926544
v -0.328253 -0.016127 -0.926544
v -0.309226 0.046598 -0.926544
v -0.278327 0.104406 -0.926544
v -0.236743 0.155075 -0.926544
v -0.186074 0.196658 -0.926544
v -0.128266 0.227557 -0.926544
v -0.077014 0.304263 -0.772263
v -0.065541 0.246585 -0.926544
v -0.000308 0.311817 -0.772263
v -0.000308 0.340385 -0.645876
v -0.082780 0.333251 -0.641504
v -0.000309 0.253010 -0.926544
v -0.051561 0.176305 -1.053159
v -0.000309 0.181353 -1.053159
v -0.100844 0.161355 -1.053159
v -0.146264 0.137078 -1.053159
v -0.186074 0.104406 -1.053159
v -0.218746 0.064596 -1.053159
v -0.069559 0.085825 -1.147242
v -0.035612 0.096123 -1.147242
v -0.000309 0.181353 -1.053159
v -0.000309 0.099600 -1.147242
v -0.100844 0.069103 -1.147242
v -0.128266 0.046598 -1.147242
v -0.150771 0.019176 -1.147242
v -0.167493 -0.012110 -1.147242
v -0.243023 0.019176 -1.053159
v -0.257973 -0.030107 -1.053159
v -0.263021 -0.081360 -1.053159
v -0.257973 -0.132612 -1.053159
v -0.243023 -0.181895 -1.053159
v -0.218746 -0.227315 -1.053159
v -0.177791 -0.046056 -1.147242
v -0.181268 -0.081360 -1.147242
v -0.177791 -0.116663 -1.147242
v -0.167493 -0.150610 -1.147242
v -0.150771 -0.181895 -1.147242
v -0.128266 -0.209317 -1.147242
v -0.100844 -0.231822 -1.147242
v -0.069558 -0.248544 -1.147242
v -0.100844 -0.324074 -1.053159
v -0.051561 -0.339024 -1.053159
v -0.000308 -0.344072 -1.053159
v -0.035612 -0.258842 -1.147242
v -0.000308 -0.262319 -1.147242
v -0.085538 -0.116663 -1.205178
v -0.090788 -0.099357 -1.205178
v -0.092561 -0.081360 -1.205178
v -0.090788 -0.063362 -1.205178
v -0.085538 -0.046056 -1.205178
v -0.077013 -0.030107 -1.205178
v -0.065541 -0.016128 -1.205178
v -0.051561 -0.004655 -1.205178
v -0.035612 0.003870 -1.205178
v -0.018306 0.009120 -1.205178
v -0.000309 0.099600 -1.147242
v -0.000309 0.010893 -1.205178
v 0.090172 -0.536232 0.233207
v -0.000308 -0.518234 0.494221
v 0.084922 -0.509840 0.494221
v -0.000308 -0.545144 0.233207
v 0.177175 -0.509840 0.233207
v 0.166877 -0.484979 0.494221
v 0.257357 -0.466982 0.233207
v 0.242407 -0.444608 0.494221
v 0.327637 -0.409304 0.233207
v 0.308609 -0.390277 0.494221
v 0.385314 -0.339024 0.233207
v 0.362940 -0.324074 0.494221
v 0.428173 -0.258842 0.233207
v 0.403312 -0.248544 0.494221
v 0.454564 -0.171839 0.233207
v 0.428172 -0.166589 0.494221
v 0.463476 -0.081359 0.233207
v 0.436567 -0.081359 0.494221
v 0.454564 0.009121 0.233207
v 0.428172 0.003871 0.494221
v 0.428172 0.096123 0.233207
v 0.403311 0.085826 0.494221
v 0.362939 0.161356 0.494221
v 0.385343 0.176227 0.233314
v 0.373876 0.187302 0.251387
v 0.308608 0.227558 0.494221
v 0.321753 0.240702 0.313911
v 0.305533 0.252223 0.327400
v 0.242406 0.281889 0.494221
v 0.249957 0.293190 0.362388
v 0.177875 0.328235 0.392320
v 0.166876 0.322260 0.494221
v 0.170811 0.331760 0.394480
v 0.086632 0.355721 0.409163
v 0.084921 0.347121 0.494221
v -0.000308 0.363775 0.414099
v -0.000308 0.355515 0.494221
v 0.170042 0.333409 0.382416
v 0.242897 0.296493 0.353774
v 0.249957 0.293190 0.362388
v 0.304788 0.250187 0.312769
v 0.305533 0.252223 0.327400
v 0.321753 0.240702 0.313911
v 0.368893 0.185138 0.234488
v 0.373876 0.187302 0.251387
v 0.385343 0.176227 0.233314
v 0.398118 0.141241 0.161677
v 0.409682 0.135071 0.166155
v 0.420627 0.103161 0.071117
v 0.432626 0.097968 0.076580
v 0.433064 0.096817 0.073801
v 0.430743 0.079212 -0.025212
v 0.443254 0.073481 -0.023399
v 0.432839 0.075584 -0.062980
v 0.445411 0.070443 -0.062004
v 0.432319 0.071361 -0.123657
v 0.444877 0.065638 -0.123054
v 0.426847 0.078957 -0.221472
v 0.439245 0.073481 -0.222709
v 0.416914 0.101973 -0.317009
v 0.429024 0.096667 -0.319289
v 0.408916 0.114843 -0.349300
v 0.420794 0.109926 -0.351560
v 0.387978 0.139998 -0.409018
v 0.399247 0.135071 -0.412264
v 0.363383 0.173146 -0.463547
v 0.373939 0.168705 -0.467151
v 0.344060 0.191691 -0.492534
v 0.354055 0.187301 -0.497496
v 0.302436 0.234800 -0.542057
v 0.311223 0.230173 -0.547693
v 0.269445 0.257863 -0.567492
v 0.279564 0.252222 -0.573509
v 0.270806 0.258581 -0.578941
v 0.235294 0.281395 -0.586643
v 0.240251 0.278665 -0.596093
v 0.158852 0.313963 -0.614841
v 0.162883 0.312622 -0.625095
v 0.088913 0.327278 -0.628418
v 0.101083 0.328234 -0.638429
v 0.082162 0.333251 -0.641504
v -0.000308 0.336649 -0.634157
v -0.000308 0.340385 -0.645876
v -0.410299 0.135072 0.166155
v -0.433243 0.097968 0.076578
v -0.433680 0.096817 0.073801
v -0.443870 0.073481 -0.023399
v 0.091945 -0.545143 -0.062004
v -0.000308 -0.554230 -0.062004
v 0.180652 -0.518234 -0.062004
v 0.262405 -0.474536 -0.062004
v 0.334062 -0.415729 -0.062004
v 0.392869 -0.344072 -0.062004
v 0.436567 -0.262319 -0.062004
v 0.463476 -0.173612 -0.062004
v 0.472562 -0.081359 -0.062004
v 0.463475 0.010893 -0.062004
v 0.443254 0.073481 -0.023399
v 0.445411 0.070443 -0.062004
v 0.433064 0.096817 0.073801
v 0.432626 0.097968 0.076580
v 0.409682 0.135071 0.166155
v 0.454564 -0.171839 -0.351560
v 0.428172 -0.258842 -0.351560
v 0.463476 -0.081359 -0.351560
v 0.454564 0.009121 -0.351560
v 0.439245 0.073481 -0.222709
v 0.428172 0.096123 -0.351560
v 0.429024 0.096667 -0.319289
v 0.444877 0.065638 -0.123054
v 0.420794 0.109926 -0.351560
v 0.428172 -0.166589 -0.578941
v 0.403312 -0.248544 -0.578941
v 0.385314 -0.339024 -0.351560
v 0.327637 -0.409304 -0.351560
v 0.257357 -0.466982 -0.351560
v 0.177175 -0.509840 -0.351560
v 0.090172 -0.536232 -0.351560
v -0.000308 -0.545144 -0.351560
v 0.084922 -0.509840 -0.578940
v -0.000308 -0.518235 -0.578940
v 0.166877 -0.484979 -0.578940
v 0.242407 -0.444608 -0.578940
v 0.308609 -0.390277 -0.578941
v 0.362940 -0.324074 -0.578941
v 0.076397 -0.466982 -0.772263
v -0.000308 -0.474537 -0.772263
v 0.150154 -0.444608 -0.772263
v 0.218130 -0.408274 -0.772263
v 0.277710 -0.359378 -0.772263
v 0.326607 -0.299797 -0.772263
v 0.362940 -0.231822 -0.772263
v 0.385314 -0.158064 -0.772263
v 0.392869 -0.081359 -0.772263
v 0.436567 -0.081359 -0.578941
v 0.428172 0.003871 -0.578941
v 0.403311 0.085826 -0.578941
v 0.399247 0.135071 -0.412264
v 0.362939 0.161356 -0.578941
v 0.373939 0.168705 -0.467151
v 0.354055 0.187301 -0.497496
v 0.308608 0.227558 -0.578941
v 0.311223 0.230173 -0.547693
v 0.279564 0.252222 -0.573509
v 0.270806 0.258581 -0.578941
v 0.385314 -0.004654 -0.772263
v 0.362940 0.069103 -0.772263
v 0.326606 0.137078 -0.772263
v 0.277709 0.196659 -0.772263
v 0.218128 0.245555 -0.772263
v 0.240251 0.278665 -0.596093
v 0.327636 -0.016127 -0.926544
v 0.334061 -0.081359 -0.926544
v 0.327636 -0.146592 -0.926544
v 0.308609 -0.209317 -0.926544
v 0.277710 -0.267125 -0.926544
v 0.236127 -0.317794 -0.926544
v 0.185458 -0.359378 -0.926544
v 0.127650 -0.390277 -0.926544
v 0.064924 -0.409304 -0.926544
v -0.000308 -0.415729 -0.926544
v 0.050945 -0.339024 -1.053159
v -0.000308 -0.344072 -1.053159
v 0.100228 -0.324074 -1.053159
v 0.145647 -0.299797 -1.053159
v 0.185458 -0.267125 -1.053159
v 0.218129 -0.227315 -1.053159
v 0.242406 -0.181895 -1.053159
v 0.257356 -0.132612 -1.053159
v 0.262404 -0.081359 -1.053159
v 0.257356 -0.030107 -1.053159
v 0.242406 0.019176 -1.053159
v 0.308609 0.046598 -0.926544
v 0.277709 0.104406 -0.926544
v 0.236126 0.155076 -0.926544
v 0.185457 0.196659 -0.926544
v 0.127649 0.227558 -0.926544
v 0.150153 0.281889 -0.772263
v 0.064923 0.246585 -0.926544
v 0.076396 0.304263 -0.772263
v 0.101083 0.328234 -0.638429
v 0.162883 0.312622 -0.625095
v -0.000309 0.253010 -0.926544
v -0.000308 0.311817 -0.772263
v 0.185457 0.104406 -1.053159
v 0.218129 0.064596 -1.053159
v 0.100227 0.161355 -1.053159
v 0.145646 0.137078 -1.053159
v -0.000309 0.181353 -1.053159
v 0.050944 0.176305 -1.053159
v 0.150154 0.019176 -1.147242
v 0.166876 -0.012109 -1.147242
v 0.177174 -0.046056 -1.147242
v 0.180651 -0.081359 -1.147242
v 0.177174 -0.116663 -1.147242
v 0.166876 -0.150610 -1.147242
v 0.150154 -0.181895 -1.147242
v 0.127649 -0.209317 -1.147242
v 0.100227 -0.231822 -1.147242
v 0.068942 -0.248544 -1.147242
v 0.034995 -0.258842 -1.147242
v -0.000308 -0.262319 -1.147242
v 0.017689 -0.171839 -1.205178
v -0.000308 -0.173612 -1.205178
v 0.034995 -0.166590 -1.205178
v 0.050944 -0.158065 -1.205178
v 0.064924 -0.146592 -1.205178
v 0.076397 -0.132612 -1.205178
v 0.084922 -0.116663 -1.205178
v 0.090171 -0.099357 -1.205178
v 0.091944 -0.081360 -1.205178
v 0.090171 -0.063362 -1.205178
v 0.084921 -0.046056 -1.205178
v 0.076396 -0.030107 -1.205178
v 0.064924 -0.016127 -1.205178
v 0.127649 0.046598 -1.147242
v 0.100227 0.069103 -1.147242
v 0.068941 0.085825 -1.147242
v 0.034995 0.096123 -1.147242
v -0.000309 0.099600 -1.147242
v 0.050944 -0.004655 -1.205178
v 0.034995 0.003870 -1.205178
v 0.017689 0.009120 -1.205178
v -0.000309 0.010893 -1.205178
v -0.000309 0.099600 -1.147242
v -0.000309 0.181353 -1.053159
v 0.101083 0.328234 -0.638429
v 0.082162 0.333251 -0.641504
v -0.000308 0.340385 -0.645876
v -0.077013 -0.132612 -1.205178
v -0.065541 -0.146592 -1.205178
v -0.051561 -0.158065 -1.205178
v -0.035612 -0.166590 -1.205178
v -0.018306 -0.171839 -1.205178
v -0.000308 -0.173612 -1.205178
v -0.000308 -0.081360 -1.224741
v -0.000309 0.010893 -1.205178
v -0.018306 0.009120 -1.205178
v -0.000308 -0.081360 -1.224741
v -0.018306 0.009120 -1.205178
v -0.035612 0.003870 -1.205178
v -0.051561 -0.004655 -1.205178
v -0.065541 -0.016128 -1.205178
v -0.077013 -0.030107 -1.205178
v -0.085538 -0.046056 -1.205178
v -0.090788 -0.063362 -1.205178
v -0.092561 -0.081360 -1.205178
v -0.090788 -0.099357 -1.205178
v -0.085538 -0.116663 -1.205178
v -0.077013 -0.132612 -1.205178
v -0.065541 -0.146592 -1.205178
v -0.051561 -0.158065 -1.205178
v -0.035612 -0.166590 -1.205178
v -0.018306 -0.171839 -1.205178
v -0.000308 -0.173612 -1.205178
v 0.017689 -0.171839 -1.205178
v 0.034995 -0.166590 -1.205178
v 0.050944 -0.158065 -1.205178
v 0.064924 -0.146592 -1.205178
v 0.076397 -0.132612 -1.205178
v 0.084922 -0.116663 -1.205178
v 0.090171 -0.099357 -1.205178
v 0.091944 -0.081360 -1.205178
v 0.090171 -0.063362 -1.205178
v 0.084921 -0.046056 -1.205178
v 0.076396 -0.030107 -1.205178
v 0.064924 -0.016127 -1.205178
v 0.050944 -0.004655 -1.205178
v 0.034995 0.003870 -1.205178
v 0.017689 0.009120 -1.205178
v -0.000309 0.010893 -1.205178
v -0.101700 0.328234 -0.638429
v -0.101700 0.328234 -0.638429
v -0.000308 0.340385 -0.645876
v -0.089555 0.327278 -0.628418
v -0.082780 0.333251 -0.641504
v -0.000308 0.336649 -0.634157
v -0.101700 0.328234 -0.638429
v -0.161450 0.313962 -0.614186
v -0.163501 0.312622 -0.625095
v -0.235876 0.281395 -0.586660
v -0.240869 0.278665 -0.596093
v -0.268031 0.257863 -0.568816
v -0.271423 0.258581 -0.578940
v -0.280181 0.252222 -0.573509
v -0.303053 0.234800 -0.542056
v -0.311841 0.230172 -0.547692
v -0.344676 0.191691 -0.492534
v -0.354672 0.187301 -0.497496
v -0.364001 0.173146 -0.463546
v -0.374557 0.168705 -0.467150
v -0.388594 0.139998 -0.409018
v -0.399864 0.135071 -0.412264
v -0.409533 0.114844 -0.349300
v -0.421411 0.109927 -0.351560
v -0.417531 0.101973 -0.317008
v -0.429641 0.096667 -0.319287
v -0.427464 0.078957 -0.221472
v -0.439862 0.073481 -0.222709
v -0.432936 0.071361 -0.123657
v -0.445493 0.065638 -0.123054
v -0.433456 0.075585 -0.062980
v -0.446028 0.070443 -0.062004
v -0.431359 0.079212 -0.025212
v -0.443870 0.073481 -0.023399
v -0.421244 0.103161 0.071116
v -0.433680 0.096817 0.073801
v -0.433243 0.097968 0.076578
v -0.398735 0.141241 0.161677
v -0.410299 0.135072 0.166155
v -0.369510 0.185138 0.234488
v -0.385960 0.176227 0.233314
v -0.374492 0.187302 0.251387
v -0.305404 0.250187 0.312769
v -0.322370 0.240702 0.313910
v -0.306150 0.252223 0.327400
v -0.243515 0.296493 0.353773
v -0.250574 0.293189 0.362388
v -0.170627 0.333409 0.381090
v -0.171428 0.331760 0.394480
v -0.084797 0.351552 0.396998
v -0.087249 0.355721 0.409163
v -0.000308 0.359379 0.399776
v -0.000308 0.363775 0.414099
v -0.000308 0.363775 0.414099
v 0.084179 0.351552 0.396998
v 0.086632 0.355721 0.409163
v -0.000308 0.359379 0.399776
v -0.000308 0.336649 -0.634157
v -0.089555 -0.140049 -0.628418
v -0.089555 0.327278 -0.628418
v -0.000308 -0.140049 -0.634157
v -0.161450 -0.140049 -0.614187
v -0.161450 0.313962 -0.614186
v -0.235876 -0.140049 -0.586660
v -0.235876 0.281395 -0.586660
v -0.268031 -0.140049 -0.568816
v -0.268031 0.257863 -0.568816
v -0.303053 -0.140049 -0.542056
v -0.303053 0.234800 -0.542056
v -0.344676 -0.140049 -0.492534
v -0.344676 0.191691 -0.492534
v -0.364000 -0.140049 -0.463546
v -0.364001 0.173146 -0.463546
v -0.388594 -0.140049 -0.409018
v -0.388594 0.139998 -0.409018
v -0.409533 -0.140049 -0.349300
v -0.409533 0.114844 -0.349300
v -0.417531 -0.140049 -0.317008
v -0.417531 0.101973 -0.317008
v -0.427464 -0.140049 -0.221472
v -0.427464 0.078957 -0.221472
v -0.432936 -0.140049 -0.123657
v -0.432936 0.071361 -0.123657
v -0.433456 -0.140049 -0.062980
v -0.433456 0.075585 -0.062980
v -0.431359 -0.140049 -0.025212
v -0.431359 0.079212 -0.025212
v -0.421244 -0.140049 0.071116
v -0.421244 0.103161 0.071116
v -0.398735 -0.140049 0.161677
v -0.398735 0.141241 0.161677
v -0.369510 -0.140049 0.234488
v -0.369510 0.185138 0.234488
v -0.305404 -0.140049 0.312769
v -0.305404 0.250187 0.312769
v -0.243515 -0.140049 0.353774
v -0.243515 0.296493 0.353773
v -0.170627 -0.140049 0.381090
v -0.170627 0.333409 0.381090
v -0.084797 -0.140049 0.396998
v -0.084797 0.351552 0.396998
v -0.000308 -0.140049 0.399776
v -0.000308 0.359379 0.399776
v 0.088913 0.327278 -0.628418
v -0.000308 -0.140049 -0.634157
v -0.000308 0.336649 -0.634157
v 0.088913 -0.140049 -0.628418
v 0.158852 0.313963 -0.614841
v 0.158852 -0.140049 -0.614841
v 0.235294 0.281395 -0.586643
v 0.235294 -0.140049 -0.586643
v 0.269445 0.257863 -0.567492
v 0.269445 -0.140049 -0.567492
v 0.302436 0.234800 -0.542057
v 0.302436 -0.140049 -0.542057
v 0.344060 0.191691 -0.492534
v 0.344060 -0.140049 -0.492534
v 0.363383 0.173146 -0.463547
v 0.363383 -0.140049 -0.463547
v 0.387978 0.139998 -0.409018
v 0.387978 -0.140049 -0.409018
v 0.408916 0.114843 -0.349300
v 0.408916 -0.140049 -0.349300
v 0.416914 0.101973 -0.317009
v 0.416914 -0.140049 -0.317009
v 0.426847 0.078957 -0.221472
v 0.426847 -0.140049 -0.221472
v 0.432319 0.071361 -0.123657
v 0.432320 -0.140049 -0.123657
v 0.432839 0.075584 -0.062980
v 0.432839 -0.140049 -0.062980
v 0.430743 0.079212 -0.025212
v 0.430743 -0.140049 -0.025212
v 0.420627 0.103161 0.071117
v 0.420627 -0.140049 0.071117
v 0.398118 0.141241 0.161677
v 0.398118 -0.140049 0.161677
v 0.368893 0.185138 0.234488
v 0.368893 -0.140049 0.234488
v 0.304788 0.250187 0.312769
v 0.304788 -0.140049 0.312769
v 0.242897 0.296493 0.353774
v 0.242898 -0.140049 0.353774
v 0.170042 0.333409 0.382416
v 0.170042 -0.140049 0.382416
v 0.084179 0.351552 0.396998
v 0.084179 -0.140049 0.396998
v -0.000308 0.359379 0.399776
v -0.000308 -0.140049 0.399776
v -0.089555 -0.140049 -0.628418
v -0.235876 -0.140049 -0.586660
v -0.161450 -0.140049 -0.614187
v 0.088913 -0.140049 -0.628418
v -0.268031 -0.140049 -0.568816
v -0.303053 -0.140049 -0.542056
v -0.344676 -0.140049 -0.492534
v -0.364000 -0.140049 -0.463546
v -0.388594 -0.140049 -0.409018
v -0.398735 -0.140049 0.161677
v -0.409533 -0.140049 -0.349300
v -0.417531 -0.140049 -0.317008
v -0.427464 -0.140049 -0.221472
v -0.432936 -0.140049 -0.123657
v -0.433456 -0.140049 -0.062980
v -0.431359 -0.140049 -0.025212
v -0.421244 -0.140049 0.071116
v 0.408916 -0.140049 -0.349300
v 0.416914 -0.140049 -0.317009
v 0.426847 -0.140049 -0.221472
v 0.432320 -0.140049 -0.123657
v 0.432839 -0.140049 -0.062980
v 0.170042 -0.140049 0.382416
v -0.170627 -0.140049 0.381090
v -0.305404 -0.140049 0.312769
v -0.369510 -0.140049 0.234488
v -0.243515 -0.140049 0.353774
v -0.000308 -0.140049 0.399776
v -0.084797 -0.140049 0.396998
v 0.084179 -0.140049 0.396998
v 0.398118 -0.140049 0.161677
v 0.304788 -0.140049 0.312769
v 0.242898 -0.140049 0.353774
v 0.368893 -0.140049 0.234488
v 0.430743 -0.140049 -0.025212
v 0.420627 -0.140049 0.071117
v 0.235294 -0.140049 -0.586643
v 0.158852 -0.140049 -0.614841
v 0.269445 -0.140049 -0.567492
v 0.302436 -0.140049 -0.542057
v 0.344060 -0.140049 -0.492534
v 0.363383 -0.140049 -0.463547
v 0.387978 -0.140049 -0.409018
v -0.000308 -0.140049 -0.634157
v -0.049799 -0.000667 0.437163
v -0.046002 0.199905 0.172178
v -0.046002 0.014968 0.448110
v -0.049799 0.184270 0.161230
v -0.035191 0.213160 0.181459
v -0.035191 0.028223 0.457391
v -0.019009 0.222016 0.187661
v -0.019009 0.037079 0.463593
v -0.046002 -0.016302 0.426215
v -0.046002 0.168635 0.150282
v -0.035191 -0.029557 0.416934
v -0.035191 0.155380 0.141001
v -0.019009 -0.038413 0.410732
v -0.019010 0.146524 0.134800
v 0.000077 -0.041523 0.408555
v 0.000077 0.143414 0.132622
v 0.019164 -0.038413 0.410732
v 0.019164 0.146524 0.134800
v 0.035345 -0.029557 0.416934
v 0.035345 0.155380 0.141001
v 0.046157 -0.016302 0.426215
v 0.046157 0.168635 0.150282
v 0.049954 -0.000667 0.437163
v 0.049954 0.184270 0.161230
v 0.046157 0.014968 0.448110
v 0.046157 0.199905 0.172178
v 0.035345 0.028223 0.457391
v 0.035345 0.213160 0.181459
v 0.019164 0.037079 0.463593
v 0.019164 0.222016 0.187661
v 0.000077 0.040189 0.465770
v 0.000077 0.225126 0.189838
v -0.019009 0.037079 0.463593
v -0.019009 0.222016 0.187661
v -0.046002 0.168635 0.150282
v -0.046002 0.199905 0.172178
v -0.049799 0.184270 0.161230
v -0.035191 0.213160 0.181459
v -0.019009 0.222016 0.187661
v 0.000077 0.225126 0.189838
v 0.019164 0.222016 0.187661
v 0.035345 0.213160 0.181459
v 0.046157 0.199905 0.172178
v 0.049954 0.184270 0.161230
v 0.046157 0.168635 0.150282
v 0.035345 0.155380 0.141001
v 0.019164 0.146524 0.134800
v 0.000077 0.143414 0.132622
v -0.019010 0.146524 0.134800
v -0.035191 0.155380 0.141001
v -0.188410 0.178154 0.169946
v -0.183456 0.243739 0.208821
v -0.174062 0.237240 0.211318
v -0.198578 0.181465 0.165216
v -0.140393 0.296532 0.245787
v -0.133203 0.287330 0.246392
v -0.075945 0.331807 0.270487
v -0.072053 0.320800 0.269828
v 0.000077 0.344194 0.279160
v 0.000077 0.332553 0.278057
v -0.174062 0.119067 0.128573
v -0.183456 0.119192 0.121612
v -0.133203 0.068977 0.093499
v -0.140393 0.066399 0.084646
v -0.072054 0.035507 0.070063
v -0.075945 0.031123 0.059946
v 0.000077 0.023754 0.061834
v 0.000077 0.018736 0.051273
v 0.072208 0.035507 0.070063
v 0.076099 0.031123 0.059946
v 0.133358 0.068977 0.093499
v 0.140548 0.066398 0.084646
v 0.174217 0.119067 0.128573
v 0.183611 0.119191 0.121612
v 0.188564 0.178154 0.169946
v 0.198732 0.181465 0.165216
v 0.174217 0.237240 0.211318
v 0.183611 0.243739 0.208821
v 0.133358 0.287330 0.246392
v 0.140548 0.296532 0.245787
v 0.072208 0.320800 0.269828
v 0.076099 0.331807 0.270487
v 0.000077 0.332553 0.278057
v 0.000077 0.344194 0.279160
v 0.077679 0.340133 0.265242
v 0.000077 0.352777 0.274096
v 0.143466 0.304125 0.240029
v 0.187423 0.250236 0.202295
v 0.202859 0.186668 0.157785
v 0.187423 0.123101 0.113275
v 0.143466 0.069211 0.075541
v 0.077679 0.033204 0.050328
v 0.000077 0.020559 0.041474
v -0.077524 0.033204 0.050328
v -0.143311 0.069211 0.075541
v -0.187269 0.123101 0.113275
v -0.202704 0.186668 0.157785
v -0.187269 0.250236 0.202295
v -0.143311 0.304125 0.240029
v -0.077524 0.340133 0.265242
v 0.000077 0.352777 0.274096
v -0.187269 0.280886 0.158522
v -0.202704 0.217319 0.114012
v -0.143311 0.334776 0.196256
v -0.077524 0.370784 0.221469
v 0.000077 0.383428 0.230323
v -0.183456 0.284795 0.150185
v -0.198578 0.222522 0.106581
v -0.140393 0.337589 0.187151
v -0.075945 0.372864 0.211851
v 0.000077 0.385251 0.220525
v -0.187269 0.153752 0.069502
v -0.143311 0.099862 0.031768
v -0.077524 0.063854 0.006555
v 0.000077 0.051210 -0.002299
v 0.077679 0.063854 0.006555
v 0.143466 0.099862 0.031768
v 0.187423 0.153752 0.069502
v 0.202859 0.217319 0.114012
v 0.187423 0.280886 0.158522
v 0.143466 0.334776 0.196256
v 0.077679 0.370784 0.221469
v 0.000077 0.383428 0.230323
v 0.076099 0.372864 0.211851
v 0.000077 0.385251 0.220525
v 0.140548 0.337589 0.187151
v 0.183611 0.284795 0.150185
v 0.198732 0.222522 0.106581
v 0.183611 0.160248 0.062977
v 0.140548 0.107455 0.026011
v 0.076099 0.072180 0.001311
v 0.000077 0.059793 -0.007363
v -0.075945 0.072180 0.001311
v -0.140393 0.107455 0.026011
v -0.183456 0.160248 0.062977
v 0.174217 0.166747 0.060479
v 0.133358 0.116657 0.025405
v 0.072208 0.083187 0.001970
v 0.000077 0.071434 -0.006260
v -0.072054 0.083187 0.001970
v -0.133203 0.116657 0.025405
v -0.174062 0.166747 0.060479
v -0.188410 0.225833 0.101852
v -0.174062 0.284920 0.143224
v -0.133203 0.335010 0.178298
v -0.072053 0.368480 0.201734
v 0.000077 0.380233 0.209963
v 0.072208 0.368480 0.201734
v 0.000077 0.380233 0.209963
v 0.133358 0.335010 0.178298
v 0.174217 0.284920 0.143224
v 0.188564 0.225833 0.101852
v -0.133203 0.068977 0.093499
v 0.000077 0.023754 0.061834
v -0.072054 0.035507 0.070063
v -0.188410 0.178154 0.169946
v 0.188564 0.178154 0.169946
v 0.133358 0.068977 0.093499
v 0.072208 0.035507 0.070063
v 0.174217 0.119067 0.128573
v 0.000077 0.332553 0.278057
v 0.133358 0.287330 0.246392
v 0.174217 0.237240 0.211318
v 0.072208 0.320800 0.269828
v -0.133203 0.287330 0.246392
v -0.072053 0.320800 0.269828
v -0.174062 0.237240 0.211318
v -0.174062 0.119067 0.128573
v -0.174062 0.284920 0.143224
v -0.072053 0.368480 0.201734
v -0.133203 0.335010 0.178298
v -0.174062 0.166747 0.060479
v 0.174217 0.284920 0.143224
v 0.072208 0.368480 0.201734
v 0.000077 0.380233 0.209963
v 0.133358 0.335010 0.178298
v 0.072208 0.083187 0.001970
v 0.174217 0.166747 0.060479
v 0.188564 0.225833 0.101852
v 0.133358 0.116657 0.025405
v -0.072054 0.083187 0.001970
v 0.000077 0.071434 -0.006260
v -0.133203 0.116657 0.025405
v -0.188410 0.225833 0.101852
v -0.877197 -0.056986 -0.384940
v -0.936013 -0.037269 -0.350560
v -0.939428 -0.056986 -0.366361
v -0.877197 -0.037269 -0.367743
v -0.993381 -0.037269 -0.326978
v -1.000126 -0.056986 -0.341053
v -1.047889 -0.037269 -0.298008
v -1.057797 -0.056986 -0.310117
v -1.098193 -0.037269 -0.264702
v -1.111022 -0.056986 -0.274694
v -1.143056 -0.037269 -0.228097
v -1.158489 -0.056986 -0.235902
v -1.181372 -0.037269 -0.189171
v -1.199029 -0.056986 -0.194779
v -1.212199 -0.037269 -0.148807
v -1.231645 -0.056986 -0.152254
v -1.234776 -0.037268 -0.107780
v -1.255534 -0.056986 -0.109129
v -1.248549 -0.037268 -0.066761
v -1.270106 -0.056986 -0.066088
v -1.253178 -0.037268 -0.026333
v -1.275004 -0.056986 -0.023711
v -1.248549 -0.037269 0.012982
v -1.270106 -0.056986 0.017489
v -1.234776 -0.037269 0.050692
v -1.255534 -0.056986 0.057029
v -1.212199 -0.037269 0.086294
v -1.231645 -0.056986 0.094414
v -1.181372 -0.037269 0.119252
v -1.199029 -0.056986 0.129102
v -1.143055 -0.037269 0.148972
v -1.158489 -0.056986 0.160485
v -1.098193 -0.037269 0.174798
v -1.111022 -0.056986 0.187872
v -1.047889 -0.037269 0.196017
v -1.057797 -0.056986 0.210506
v -0.993381 -0.037269 0.211891
v -1.000126 -0.056986 0.227586
v -0.936013 -0.037269 0.221688
v -0.939427 -0.056986 0.238311
v -0.877196 -0.037269 0.224740
v -0.877196 -0.056986 0.241937
v -1.238504 -0.081567 0.097250
v -1.262854 -0.081567 0.059244
v -1.277709 -0.081567 0.019068
v -1.115546 -0.081567 0.192451
v -1.163932 -0.081567 0.164511
v -1.205256 -0.081567 0.132544
v -0.940631 -0.081567 0.244163
v -1.002504 -0.081567 0.233102
v -1.061292 -0.081567 0.215589
v -1.282701 -0.081567 -0.022786
v -1.277709 -0.081567 -0.065841
v -1.262854 -0.081567 -0.109586
v -1.238504 -0.081567 -0.153442
v -1.205257 -0.081567 -0.196724
v -1.163932 -0.081567 -0.238621
v -1.115546 -0.081567 -0.278186
v -1.061292 -0.081567 -0.314360
v -1.002504 -0.081567 -0.345997
v -0.940632 -0.081567 -0.371924
v -0.877197 -0.081567 -0.391005
v -0.442629 -0.056987 -0.488362
v -0.442629 -0.037269 -0.468356
v -0.442629 -0.081568 -0.495419
v -1.277709 -0.081567 -0.065841
v -1.277709 -0.081567 0.019068
v -0.877196 -0.081567 0.248002
v -0.442629 -0.081567 0.248002
v -0.442629 -0.056987 0.240946
v -0.442629 -0.037269 0.220939
v -0.877197 -0.037269 -0.367743
v -0.993381 -0.037269 -0.326978
v -0.936013 -0.037269 -0.350560
v -1.047889 -0.037269 -0.298008
v -1.098193 -0.037269 -0.264702
v -1.143056 -0.037269 -0.228097
v -1.181372 -0.037269 -0.189171
v -1.212199 -0.037269 -0.148807
v -1.234776 -0.037268 -0.107780
v -1.248549 -0.037268 -0.066761
v -1.253178 -0.037268 -0.026333
v -1.248549 -0.037269 0.012982
v -1.234776 -0.037269 0.050692
v -1.212199 -0.037269 0.086294
v -1.181372 -0.037269 0.119252
v -1.143055 -0.037269 0.148972
v -1.098193 -0.037269 0.174798
v -1.047889 -0.037269 0.196017
v -0.993381 -0.037269 0.211891
v -0.936013 -0.037269 0.221688
v -0.877196 -0.037269 0.224740
v -0.442629 -0.037269 0.220939
v -0.442629 -0.037269 -0.468356
v -0.877196 -0.106148 0.241937
v -0.936013 -0.125865 0.221688
v -0.939427 -0.106148 0.238311
v -0.877196 -0.125865 0.224741
v -0.993381 -0.125865 0.211891
v -1.000126 -0.106148 0.227586
v -1.047888 -0.125865 0.196017
v -1.057797 -0.106148 0.210506
v -1.098193 -0.125865 0.174798
v -1.111021 -0.106148 0.187872
v -1.143055 -0.125865 0.148972
v -1.158488 -0.106148 0.160485
v -1.181372 -0.125865 0.119252
v -1.199029 -0.106148 0.129102
v -1.212198 -0.125865 0.086294
v -1.231645 -0.106148 0.094414
v -1.234776 -0.125865 0.050692
v -1.255533 -0.106148 0.057029
v -1.248549 -0.125865 0.012982
v -1.270106 -0.106148 0.017489
v -1.253178 -0.125865 -0.026333
v -1.275003 -0.106148 -0.023711
v -1.248549 -0.125865 -0.066761
v -1.270106 -0.106147 -0.066088
v -1.234776 -0.125865 -0.107780
v -1.255533 -0.106147 -0.109130
v -1.212198 -0.125865 -0.148807
v -1.231645 -0.106147 -0.152254
v -1.181371 -0.125865 -0.189171
v -1.199029 -0.106147 -0.194779
v -1.143055 -0.125865 -0.228098
v -1.158488 -0.106148 -0.235902
v -1.098192 -0.125865 -0.264702
v -1.111021 -0.106148 -0.274694
v -1.047888 -0.125865 -0.298008
v -1.057797 -0.106148 -0.310117
v -0.993381 -0.125865 -0.326978
v -1.000125 -0.106148 -0.341053
v -0.936013 -0.125865 -0.350560
v -0.939427 -0.106148 -0.366362
v -0.877196 -0.125865 -0.367743
v -0.877196 -0.106148 -0.384940
v -1.238504 -0.081567 -0.153442
v -1.262854 -0.081567 -0.109586
v -1.277709 -0.081567 -0.065841
v -1.115546 -0.081567 -0.278186
v -1.163932 -0.081567 -0.238621
v -1.205257 -0.081567 -0.196724
v -0.940632 -0.081567 -0.371924
v -1.002504 -0.081567 -0.345997
v -1.061292 -0.081567 -0.314360
v -1.282701 -0.081567 -0.022786
v -1.277709 -0.081567 0.019068
v -1.262854 -0.081567 0.059244
v -1.238504 -0.081567 0.097250
v -1.205256 -0.081567 0.132544
v -1.163932 -0.081567 0.164511
v -1.115546 -0.081567 0.192451
v -1.061292 -0.081567 0.215589
v -1.002504 -0.081567 0.233102
v -0.940631 -0.081567 0.244163
v -0.877196 -0.081567 0.248002
v -0.442629 -0.106149 0.240946
v -0.442629 -0.125866 0.220939
v -0.442629 -0.081567 0.248002
v -1.277709 -0.081567 0.019068
v -1.277709 -0.081567 -0.065841
v -0.877197 -0.081567 -0.391005
v -0.442629 -0.081568 -0.495419
v -0.442628 -0.106148 -0.488362
v -0.442628 -0.125866 -0.468356
v -0.877196 -0.125865 0.224741
v -0.993381 -0.125865 0.211891
v -0.936013 -0.125865 0.221688
v -1.047888 -0.125865 0.196017
v -1.098193 -0.125865 0.174798
v -1.143055 -0.125865 0.148972
v -1.181372 -0.125865 0.119252
v -1.212198 -0.125865 0.086294
v -1.234776 -0.125865 0.050692
v -1.248549 -0.125865 0.012982
v -1.253178 -0.125865 -0.026333
v -1.248549 -0.125865 -0.066761
v -1.234776 -0.125865 -0.107780
v -1.212198 -0.125865 -0.148807
v -1.181371 -0.125865 -0.189171
v -1.143055 -0.125865 -0.228098
v -1.098192 -0.125865 -0.264702
v -1.047888 -0.125865 -0.298008
v -0.993381 -0.125865 -0.326978
v -0.936013 -0.125865 -0.350560
v -0.877196 -0.125865 -0.367743
v -0.442628 -0.125866 -0.468356
v -0.442629 -0.125866 0.220939
v -0.964761 -0.081569 0.290879
v -0.966063 -0.032342 0.277771
v -0.956683 -0.035756 0.290879
v -0.974743 -0.081569 0.277771
v -0.941069 0.010948 0.277771
v -0.933423 0.004532 0.290879
v -0.902778 0.043078 0.277771
v -0.897787 0.034434 0.290879
v -0.855806 0.060175 0.277771
v -0.854073 0.050345 0.290879
v -0.805820 0.060175 0.277771
v -0.807553 0.050345 0.290879
v -0.758848 0.043078 0.277771
v -0.763839 0.034434 0.290879
v -0.720556 0.010948 0.277771
v -0.728202 0.004532 0.290879
v -0.695563 -0.032342 0.277771
v -0.704942 -0.035756 0.290879
v -0.686883 -0.081569 0.277771
v -0.696864 -0.081569 0.290879
v -0.695563 -0.130796 0.277771
v -0.704942 -0.127382 0.290879
v -0.720556 -0.174085 0.277771
v -0.728202 -0.167669 0.290879
v -0.758848 -0.206216 0.277771
v -0.763838 -0.197572 0.290879
v -0.805820 -0.223312 0.277771
v -0.807553 -0.213482 0.290879
v -0.855806 -0.223312 0.277771
v -0.854073 -0.213482 0.290879
v -0.902778 -0.206216 0.277771
v -0.897787 -0.197572 0.290879
v -0.941069 -0.174085 0.277771
v -0.933423 -0.167669 0.290879
v -0.966063 -0.130796 0.277771
v -0.956683 -0.127382 0.290879
v -0.974743 -0.081569 0.277771
v -0.972605 -0.029960 0.205172
v -0.966063 -0.032342 0.277771
v -0.981705 -0.081569 0.205172
v -0.946403 0.015423 0.205172
v -0.941069 0.010948 0.277771
v -0.906259 0.049108 0.205172
v -0.902778 0.043078 0.277771
v -0.857015 0.067031 0.205172
v -0.855806 0.060175 0.277771
v -0.804611 0.067031 0.205172
v -0.805820 0.060175 0.277771
v -0.755367 0.049108 0.205172
v -0.758848 0.043078 0.277771
v -0.715222 0.015423 0.205172
v -0.720556 0.010948 0.277771
v -0.689020 -0.029960 0.205172
v -0.695563 -0.032342 0.277771
v -0.679920 -0.081569 0.205172
v -0.686883 -0.081569 0.277771
v -0.902778 0.043078 0.027713
v -0.855806 0.060175 0.027713
v -0.805820 0.060175 0.027713
v -0.758848 0.043078 0.027713
v -0.720556 0.010948 0.027713
v -0.695563 -0.032342 0.027713
v -0.686883 -0.081569 0.027713
v -0.850938 0.032568 -0.232438
v -0.888761 0.018801 -0.232438
v -0.941069 0.010948 0.027713
v -0.966063 -0.032342 0.027713
v -0.974743 -0.081569 0.027713
v -0.939721 -0.041930 -0.232438
v -0.946710 -0.081569 -0.232438
v -0.919595 -0.007071 -0.232438
v -0.772864 0.018801 -0.232438
v -0.742030 -0.007071 -0.232438
v -0.714915 -0.081569 -0.232438
v -0.895005 -0.058205 -0.422684
v -0.899124 -0.081569 -0.422684
v -0.883142 -0.037659 -0.422684
v -0.864968 -0.022409 -0.422684
v -0.842675 -0.014295 -0.422684
v -0.818951 -0.014295 -0.422684
v -0.810687 0.032568 -0.232438
v -0.796657 -0.022409 -0.422684
v -0.778483 -0.037659 -0.422684
v -0.876773 -0.064841 -0.452545
v -0.879723 -0.081569 -0.452545
v -0.868280 -0.050130 -0.452545
v -0.855268 -0.039211 -0.452545
v -0.822320 -0.033402 -0.452545
v -0.839306 -0.033402 -0.452545
v -0.793345 -0.050130 -0.452545
v -0.806358 -0.039211 -0.452545
v -0.784852 -0.064841 -0.452545
v -0.766621 -0.058205 -0.422684
v -0.781903 -0.081569 -0.452545
v -0.762501 -0.081569 -0.422684
v -0.721905 -0.041930 -0.232438
v -0.686883 -0.081569 0.277771
v -0.689020 -0.133177 0.205172
v -0.695563 -0.130796 0.277771
v -0.679920 -0.081569 0.205172
v -0.715222 -0.178560 0.205172
v -0.720556 -0.174085 0.277771
v -0.755367 -0.212245 0.205172
v -0.758848 -0.206216 0.277771
v -0.804610 -0.230169 0.205172
v -0.805820 -0.223312 0.277771
v -0.857015 -0.230169 0.205172
v -0.855806 -0.223312 0.277771
v -0.906259 -0.212245 0.205172
v -0.902778 -0.206216 0.277771
v -0.946403 -0.178561 0.205172
v -0.941069 -0.174085 0.277771
v -0.972605 -0.133177 0.205172
v -0.966063 -0.130796 0.277771
v -0.981705 -0.081569 0.205172
v -0.974743 -0.081569 0.277771
v -0.758848 -0.206216 0.027713
v -0.805820 -0.223312 0.027713
v -0.855806 -0.223312 0.027713
v -0.902778 -0.206216 0.027713
v -0.941069 -0.174085 0.027713
v -0.966063 -0.130796 0.027713
v -0.974743 -0.081569 0.027713
v -0.810687 -0.195705 -0.232438
v -0.772864 -0.181939 -0.232438
v -0.720556 -0.174085 0.027713
v -0.695563 -0.130796 0.027713
v -0.686883 -0.081569 0.027713
v -0.721905 -0.121208 -0.232438
v -0.714915 -0.081569 -0.232438
v -0.742030 -0.156066 -0.232438
v -0.888761 -0.181939 -0.232438
v -0.919595 -0.156066 -0.232438
v -0.946710 -0.081569 -0.232438
v -0.766621 -0.104933 -0.422684
v -0.762501 -0.081569 -0.422684
v -0.778483 -0.125479 -0.422684
v -0.796657 -0.140728 -0.422684
v -0.818950 -0.148842 -0.422684
v -0.842675 -0.148842 -0.422684
v -0.850938 -0.195705 -0.232438
v -0.864968 -0.140728 -0.422684
v -0.883142 -0.125479 -0.422684
v -0.784852 -0.098297 -0.452545
v -0.781903 -0.081569 -0.452545
v -0.793345 -0.113008 -0.452545
v -0.806358 -0.123926 -0.452545
v -0.839306 -0.129736 -0.452545
v -0.822320 -0.129736 -0.452545
v -0.868280 -0.113008 -0.452545
v -0.855268 -0.123926 -0.452545
v -0.876773 -0.098297 -0.452545
v -0.895005 -0.104933 -0.422684
v -0.879723 -0.081569 -0.452545
v -0.899124 -0.081569 -0.422684
v -0.939721 -0.121208 -0.232438
v -0.879723 -0.081569 -0.452545
v -0.830813 -0.081569 -0.471928
v -0.876773 -0.064841 -0.452545
v -0.868280 -0.050130 -0.452545
v -0.855268 -0.039211 -0.452545
v -0.839306 -0.033402 -0.452545
v -0.822320 -0.033402 -0.452545
v -0.806358 -0.039211 -0.452545
v -0.793345 -0.050130 -0.452545
v -0.784852 -0.064841 -0.452545
v -0.781903 -0.081569 -0.452545
v -0.784852 -0.098297 -0.452545
v -0.793345 -0.113008 -0.452545
v -0.806358 -0.123926 -0.452545
v -0.822320 -0.129736 -0.452545
v -0.839306 -0.129736 -0.452545
v -0.855268 -0.123926 -0.452545
v -0.868280 -0.113008 -0.452545
v -0.876773 -0.098297 -0.452545
v 0.877197 -0.056986 -0.384940
v 0.936013 -0.037269 -0.350560
v 0.877197 -0.037269 -0.367743
v 0.939428 -0.056986 -0.366361
v 0.993382 -0.037269 -0.326978
v 1.000126 -0.056986 -0.341053
v 1.047889 -0.037269 -0.298008
v 1.057797 -0.056986 -0.310117
v 1.098193 -0.037269 -0.264702
v 1.111022 -0.056986 -0.274694
v 1.143056 -0.037269 -0.228097
v 1.158489 -0.056986 -0.235902
v 1.181372 -0.037269 -0.189171
v 1.199029 -0.056986 -0.194779
v 1.212199 -0.037269 -0.148807
v 1.231645 -0.056986 -0.152254
v 1.234776 -0.037268 -0.107780
v 1.255534 -0.056986 -0.109129
v 1.248549 -0.037268 -0.066761
v 1.270106 -0.056986 -0.066088
v 1.253178 -0.037268 -0.026333
v 1.275004 -0.056986 -0.023711
v 1.248549 -0.037269 0.012982
v 1.270106 -0.056986 0.017489
v 1.234776 -0.037269 0.050692
v 1.255534 -0.056986 0.057029
v 1.212199 -0.037269 0.086294
v 1.231645 -0.056986 0.094414
v 1.181372 -0.037269 0.119252
v 1.199029 -0.056986 0.129102
v 1.143055 -0.037269 0.148972
v 1.158489 -0.056986 0.160485
v 1.098193 -0.037269 0.174798
v 1.111022 -0.056986 0.187872
v 1.047889 -0.037269 0.196017
v 1.057797 -0.056986 0.210506
v 0.993381 -0.037269 0.211891
v 1.000126 -0.056986 0.227586
v 0.936013 -0.037269 0.221688
v 0.939427 -0.056986 0.238311
v 0.877197 -0.037269 0.224740
v 0.877197 -0.056986 0.241937
v 1.238504 -0.081567 0.097250
v 1.262854 -0.081567 0.059244
v 1.205257 -0.081567 0.132544
v 1.163932 -0.081567 0.164511
v 1.115546 -0.081567 0.192451
v 1.061292 -0.081567 0.215589
v 1.002504 -0.081567 0.233102
v 0.940631 -0.081567 0.244163
v 0.877197 -0.081567 0.248002
v 0.442628 -0.056987 0.240946
v 0.442629 -0.037269 0.220939
v 0.442628 -0.081567 0.248002
v 1.277709 -0.081567 0.019068
v 1.282701 -0.081567 -0.022786
v 1.277709 -0.081567 0.019068
v 1.277709 -0.081567 -0.065841
v 1.262854 -0.081567 -0.109586
v 1.277709 -0.081567 -0.065841
v 1.238504 -0.081567 -0.153442
v 1.205257 -0.081567 -0.196724
v 1.163932 -0.081567 -0.238621
v 1.115546 -0.081567 -0.278186
v 1.061292 -0.081567 -0.314360
v 1.002504 -0.081567 -0.345997
v 0.940632 -0.081567 -0.371924
v 0.877197 -0.081567 -0.391005
v 0.442629 -0.056987 -0.488362
v 0.442629 -0.037269 -0.468356
v 0.442629 -0.081568 -0.495419
v 0.877197 -0.037269 -0.367743
v 0.936013 -0.037269 0.221688
v 0.877197 -0.037269 0.224740
v 0.993381 -0.037269 0.211891
v 1.047889 -0.037269 0.196017
v 1.098193 -0.037269 0.174798
v 1.143055 -0.037269 0.148972
v 1.181372 -0.037269 0.119252
v 1.212199 -0.037269 0.086294
v 1.234776 -0.037269 0.050692
v 1.248549 -0.037269 0.012982
v 1.253178 -0.037268 -0.026333
v 1.248549 -0.037268 -0.066761
v 1.234776 -0.037268 -0.107780
v 1.212199 -0.037269 -0.148807
v 1.181372 -0.037269 -0.189171
v 1.143056 -0.037269 -0.228097
v 1.098193 -0.037269 -0.264702
v 1.047889 -0.037269 -0.298008
v 0.993382 -0.037269 -0.326978
v 0.936013 -0.037269 -0.350560
v 0.442629 -0.037269 0.220939
v 0.442629 -0.037269 -0.468356
v 0.877197 -0.106148 0.241937
v 0.936013 -0.125865 0.221688
v 0.877197 -0.125865 0.224741
v 0.939427 -0.106148 0.238311
v 0.993381 -0.125865 0.211891
v 1.000126 -0.106148 0.227586
v 1.047888 -0.125865 0.196017
v 1.057797 -0.106148 0.210506
v 1.098193 -0.125865 0.174798
v 1.111022 -0.106148 0.187872
v 1.143055 -0.125865 0.148972
v 1.158488 -0.106148 0.160485
v 1.181372 -0.125865 0.119252
v 1.199029 -0.106148 0.129102
v 1.212198 -0.125865 0.086294
v 1.231645 -0.106148 0.094414
v 1.234776 -0.125865 0.050692
v 1.255534 -0.106148 0.057029
v 1.248549 -0.125865 0.012982
v 1.270106 -0.106148 0.017489
v 1.253178 -0.125865 -0.026333
v 1.275003 -0.106148 -0.023711
v 1.248549 -0.125865 -0.066761
v 1.270106 -0.106147 -0.066088
v 1.234776 -0.125865 -0.107780
v 1.255533 -0.106147 -0.109130
v 1.212198 -0.125865 -0.148807
v 1.231645 -0.106147 -0.152254
v 1.181372 -0.125865 -0.189171
v 1.199029 -0.106147 -0.194779
v 1.143055 -0.125865 -0.228098
v 1.158488 -0.106148 -0.235902
v 1.098193 -0.125865 -0.264702
v 1.111022 -0.106148 -0.274694
v 1.047888 -0.125865 -0.298008
v 1.057797 -0.106148 -0.310117
v 0.993381 -0.125865 -0.326978
v 1.000125 -0.106148 -0.341053
v 0.936013 -0.125865 -0.350560
v 0.939427 -0.106148 -0.366362
v 0.877196 -0.125865 -0.367743
v 0.877196 -0.106148 -0.384940
v 1.238504 -0.081567 -0.153442
v 1.262854 -0.081567 -0.109586
v 1.205257 -0.081567 -0.196724
v 1.163932 -0.081567 -0.238621
v 1.115546 -0.081567 -0.278186
v 1.061292 -0.081567 -0.314360
v 1.002504 -0.081567 -0.345997
v 0.940632 -0.081567 -0.371924
v 0.877197 -0.081567 -0.391005
v 0.442628 -0.106148 -0.488363
v 0.442628 -0.125866 -0.468356
v 0.442629 -0.081568 -0.495419
v 1.277709 -0.081567 -0.065841
v 1.282701 -0.081567 -0.022786
v 1.277709 -0.081567 -0.065841
v 1.277709 -0.081567 0.019068
v 1.262854 -0.081567 0.059244
v 1.277709 -0.081567 0.019068
v 1.238504 -0.081567 0.097250
v 1.205257 -0.081567 0.132544
v 1.163932 -0.081567 0.164511
v 1.115546 -0.081567 0.192451
v 1.061292 -0.081567 0.215589
v 1.002504 -0.081567 0.233102
v 0.940631 -0.081567 0.244163
v 0.877197 -0.081567 0.248002
v 0.442628 -0.106149 0.240946
v 0.442628 -0.125866 0.220939
v 0.442628 -0.081567 0.248002
v 0.877197 -0.125865 0.224741
v 0.936013 -0.125865 -0.350560
v 0.877196 -0.125865 -0.367743
v 0.993381 -0.125865 -0.326978
v 1.047888 -0.125865 -0.298008
v 1.098193 -0.125865 -0.264702
v 1.143055 -0.125865 -0.228098
v 1.181372 -0.125865 -0.189171
v 1.212198 -0.125865 -0.148807
v 1.234776 -0.125865 -0.107780
v 1.248549 -0.125865 -0.066761
v 1.253178 -0.125865 -0.026333
v 1.248549 -0.125865 0.012982
v 1.234776 -0.125865 0.050692
v 1.212198 -0.125865 0.086294
v 1.181372 -0.125865 0.119252
v 1.143055 -0.125865 0.148972
v 1.098193 -0.125865 0.174798
v 1.047888 -0.125865 0.196017
v 0.993381 -0.125865 0.211891
v 0.936013 -0.125865 0.221688
v 0.442628 -0.125866 -0.468356
v 0.442628 -0.125866 0.220939
v 0.964761 -0.081569 0.290879
v 0.966063 -0.032342 0.277771
v 0.974743 -0.081569 0.277771
v 0.956683 -0.035756 0.290879
v 0.941070 0.010948 0.277771
v 0.933423 0.004532 0.290879
v 0.902778 0.043078 0.277771
v 0.897787 0.034434 0.290879
v 0.855806 0.060175 0.277771
v 0.854073 0.050345 0.290879
v 0.805820 0.060175 0.277771
v 0.807553 0.050345 0.290879
v 0.758848 0.043078 0.277771
v 0.763839 0.034434 0.290879
v 0.720556 0.010948 0.277771
v 0.728202 0.004532 0.290879
v 0.695563 -0.032342 0.277771
v 0.704942 -0.035756 0.290879
v 0.686883 -0.081569 0.277771
v 0.696864 -0.081569 0.290879
v 0.695563 -0.130796 0.277771
v 0.704942 -0.127382 0.290879
v 0.720556 -0.174085 0.277771
v 0.728202 -0.167669 0.290879
v 0.758848 -0.206216 0.277771
v 0.763839 -0.197572 0.290879
v 0.805820 -0.223312 0.277771
v 0.807553 -0.213482 0.290879
v 0.855806 -0.223312 0.277771
v 0.854073 -0.213482 0.290879
v 0.902778 -0.206216 0.277771
v 0.897787 -0.197572 0.290879
v 0.941070 -0.174085 0.277771
v 0.933423 -0.167669 0.290879
v 0.966063 -0.130796 0.277771
v 0.956683 -0.127382 0.290879
v 0.974743 -0.081569 0.277771
v 0.972605 -0.029960 0.205172
v 0.981705 -0.081569 0.205172
v 0.966063 -0.032342 0.277771
v 0.946403 0.015423 0.205172
v 0.941070 0.010948 0.277771
v 0.906259 0.049108 0.205172
v 0.902778 0.043078 0.277771
v 0.857015 0.067031 0.205172
v 0.855806 0.060175 0.277771
v 0.804611 0.067031 0.205172
v 0.805820 0.060175 0.277771
v 0.755367 0.049108 0.205172
v 0.758848 0.043078 0.277771
v 0.715223 0.015423 0.205172
v 0.720556 0.010948 0.277771
v 0.689020 -0.029960 0.205172
v 0.695563 -0.032342 0.277771
v 0.679920 -0.081569 0.205172
v 0.686883 -0.081569 0.277771
v 0.902778 0.043078 0.027713
v 0.941070 0.010948 0.027713
v 0.966063 -0.032342 0.027713
v 0.974743 -0.081569 0.027713
v 0.720556 0.010948 0.027713
v 0.758848 0.043078 0.027713
v 0.695563 -0.032342 0.027713
v 0.686883 -0.081569 0.027713
v 0.939721 -0.041930 -0.232438
v 0.946710 -0.081569 -0.232438
v 0.919595 -0.007071 -0.232438
v 0.888761 0.018801 -0.232438
v 0.850938 0.032568 -0.232438
v 0.855806 0.060175 0.027713
v 0.810687 0.032568 -0.232438
v 0.805820 0.060175 0.027713
v 0.772864 0.018801 -0.232438
v 0.742030 -0.007071 -0.232438
v 0.721905 -0.041930 -0.232438
v 0.714916 -0.081569 -0.232438
v 0.796657 -0.022409 -0.422684
v 0.818951 -0.014295 -0.422684
v 0.778483 -0.037659 -0.422684
v 0.766621 -0.058205 -0.422684
v 0.762501 -0.081569 -0.422684
v 0.806358 -0.039211 -0.452545
v 0.822320 -0.033402 -0.452545
v 0.842675 -0.014295 -0.422684
v 0.864969 -0.022409 -0.422684
v 0.883142 -0.037659 -0.422684
v 0.895005 -0.058205 -0.422684
v 0.899124 -0.081569 -0.422684
v 0.876773 -0.064841 -0.452545
v 0.879723 -0.081569 -0.452545
v 0.868280 -0.050130 -0.452545
v 0.855268 -0.039211 -0.452545
v 0.839306 -0.033402 -0.452545
v 0.686883 -0.081569 0.277771
v 0.689020 -0.133177 0.205172
v 0.679920 -0.081569 0.205172
v 0.695563 -0.130796 0.277771
v 0.715222 -0.178560 0.205172
v 0.720556 -0.174085 0.277771
v 0.755367 -0.212245 0.205172
v 0.758848 -0.206216 0.277771
v 0.804611 -0.230169 0.205172
v 0.805820 -0.223312 0.277771
v 0.857015 -0.230169 0.205172
v 0.855806 -0.223312 0.277771
v 0.906259 -0.212245 0.205172
v 0.902778 -0.206216 0.277771
v 0.946403 -0.178561 0.205172
v 0.941070 -0.174085 0.277771
v 0.972605 -0.133177 0.205172
v 0.966063 -0.130796 0.277771
v 0.981705 -0.081569 0.205172
v 0.974743 -0.081569 0.277771
v 0.758848 -0.206216 0.027713
v 0.720556 -0.174085 0.027713
v 0.695563 -0.130796 0.027713
v 0.686883 -0.081569 0.027713
v 0.941069 -0.174085 0.027713
v 0.902778 -0.206216 0.027713
v 0.966063 -0.130796 0.027713
v 0.974743 -0.081569 0.027713
v 0.721905 -0.121208 -0.232438
v 0.714916 -0.081569 -0.232438
v 0.742030 -0.156066 -0.232438
v 0.772864 -0.181939 -0.232438
v 0.810687 -0.195705 -0.232438
v 0.805820 -0.223312 0.027713
v 0.850938 -0.195705 -0.232438
v 0.855806 -0.223312 0.027713
v 0.888761 -0.181939 -0.232438
v 0.919595 -0.156066 -0.232438
v 0.939721 -0.121208 -0.232438
v 0.946710 -0.081569 -0.232438
v 0.864968 -0.140728 -0.422684
v 0.842675 -0.148842 -0.422684
v 0.883142 -0.125479 -0.422684
v 0.895005 -0.104933 -0.422684
v 0.899124 -0.081569 -0.422684
v 0.855268 -0.123926 -0.452545
v 0.839306 -0.129736 -0.452545
v 0.818951 -0.148842 -0.422684
v 0.796657 -0.140728 -0.422684
v 0.778483 -0.125479 -0.422684
v 0.766621 -0.104933 -0.422684
v 0.762501 -0.081569 -0.422684
v 0.784852 -0.098297 -0.452545
v 0.781903 -0.081569 -0.452545
v 0.793345 -0.113008 -0.452545
v 0.806358 -0.123926 -0.452545
v 0.822320 -0.129736 -0.452545
v 0.793345 -0.050130 -0.452545
v 0.784852 -0.064841 -0.452545
v 0.781903 -0.081569 -0.452545
v 0.868280 -0.113008 -0.452545
v 0.876773 -0.098297 -0.452545
v 0.879723 -0.081569 -0.452545
v 0.879723 -0.081569 -0.452545
v 0.876773 -0.064841 -0.452545
v 0.830813 -0.081569 -0.471928
v 0.868280 -0.050130 -0.452545
v 0.855268 -0.039211 -0.452545
v 0.839306 -0.033402 -0.452545
v 0.822320 -0.033402 -0.452545
v 0.806358 -0.039211 -0.452545
v 0.793345 -0.050130 -0.452545
v 0.784852 -0.064841 -0.452545
v 0.781903 -0.081569 -0.452545
v 0.784852 -0.098297 -0.452545
v 0.793345 -0.113008 -0.452545
v 0.806358 -0.123926 -0.452545
v 0.822320 -0.129736 -0.452545
v 0.839306 -0.129736 -0.452545
v 0.855268 -0.123926 -0.452545
v 0.868280 -0.113008 -0.452545
v 0.876773 -0.098297 -0.452545
v 0.024864 0.300114 -1.620054
v 0.045056 0.324648 -1.605521
v 0.024864 0.325947 -1.617445
v 0.045056 0.300114 -1.607738
v 0.045056 0.348705 -1.598451
v 0.024864 0.351299 -1.609725
v 0.045056 0.371794 -1.586984
v 0.024864 0.375657 -1.597403
v 0.045056 0.393402 -1.571628
v 0.024864 0.398480 -1.581035
v 0.045056 0.413008 -1.552908
v 0.024864 0.419214 -1.561186
v 0.045056 0.430104 -1.531334
v 0.024864 0.437314 -1.538402
v 0.045056 0.444220 -1.507387
v 0.024864 0.452275 -1.513186
v 0.045056 0.454949 -1.481511
v 0.024864 0.463658 -1.485997
v 0.045056 0.461964 -1.454119
v 0.024864 0.471117 -1.457254
v 0.045056 0.465040 -1.425601
v 0.024864 0.474407 -1.427344
v 0.045056 0.464052 -1.396343
v 0.024864 0.473397 -1.396652
v 0.045056 0.458980 -1.366751
v 0.024864 0.468068 -1.365580
v 0.045056 0.449908 -1.337269
v 0.024864 0.458508 -1.334576
v 0.045056 0.437012 -1.308398
v 0.024864 0.444904 -1.304150
v 0.045056 0.420561 -1.280703
v 0.024864 0.427538 -1.274890
v 0.045056 0.400907 -1.254817
v 0.024864 0.406779 -1.247459
v 0.045056 0.378486 -1.231427
v 0.024864 0.383080 -1.222590
v 0.045056 0.353809 -1.211253
v 0.024864 0.356979 -1.201056
v 0.045056 0.327465 -1.195019
v 0.024864 0.329092 -1.183641
v 0.045056 0.300113 -1.183407
v 0.024864 0.300113 -1.171091
v -0.000308 0.461537 -1.333645
v -0.000308 0.471269 -1.365181
v -0.000308 0.476688 -1.396768
v -0.000308 0.408848 -1.244886
v -0.000308 0.429996 -1.272863
v -0.000308 0.447684 -1.302674
v -0.000308 0.329667 -1.179634
v -0.000308 0.358097 -1.197473
v -0.000308 0.384700 -1.219491
v -0.000308 0.477705 -1.427959
v -0.000308 0.474339 -1.458352
v -0.000308 0.466724 -1.487566
v -0.000308 0.455108 -1.515213
v -0.000308 0.439849 -1.540873
v -0.000308 0.421395 -1.564084
v -0.000308 0.400263 -1.584332
v -0.000308 0.377011 -1.601060
v -0.000308 0.352207 -1.613688
v -0.000308 0.326402 -1.621643
v -0.000309 0.300113 -1.624398
v 0.024756 -0.059302 -1.621270
v 0.044466 -0.041566 -1.607658
v -0.000309 -0.081696 -1.626062
v -0.000308 0.474339 -1.458352
v -0.000308 0.476688 -1.396768
v -0.000308 0.300114 -1.166747
v -0.000309 -0.081695 -1.091388
v 0.020818 -0.059302 -1.096786
v 0.037753 -0.041566 -1.112035
v 0.045056 0.300114 -1.607738
v 0.045056 0.348705 -1.598451
v 0.045056 0.324648 -1.605521
v 0.045056 0.371794 -1.586984
v 0.045056 0.393402 -1.571628
v 0.045056 0.413008 -1.552908
v 0.045056 0.430104 -1.531334
v 0.045056 0.444220 -1.507387
v 0.045056 0.454949 -1.481511
v 0.045056 0.461964 -1.454119
v 0.045056 0.465040 -1.425601
v 0.045056 0.464052 -1.396343
v 0.045056 0.458980 -1.366751
v 0.045056 0.449908 -1.337269
v 0.045056 0.437012 -1.308398
v 0.045056 0.420561 -1.280703
v 0.045056 0.400907 -1.254817
v 0.045056 0.378486 -1.231427
v 0.045056 0.353809 -1.211253
v 0.045056 0.327465 -1.195019
v 0.045056 0.300113 -1.183407
v 0.037753 -0.041566 -1.112035
v 0.044466 -0.041566 -1.607658
v 0.239571 -0.104067 -1.621580
v 0.273934 -0.121704 -1.606595
v 0.278717 -0.104032 -1.618909
v 0.237273 -0.121775 -1.608840
v 0.308320 -0.121522 -1.599430
v 0.315376 -0.103928 -1.611052
v 0.339277 -0.121224 -1.587911
v 0.348287 -0.103751 -1.598659
v 0.365891 -0.120820 -1.572652
v 0.376466 -0.103506 -1.582430
v 0.387542 -0.120338 -1.554223
v 0.399259 -0.103210 -1.563002
v 0.403908 -0.119822 -1.533074
v 0.416349 -0.102890 -1.540864
v 0.414943 -0.119328 -1.509497
v 0.427727 -0.102582 -1.516310
v 0.420814 -0.118919 -1.483637
v 0.433621 -0.102325 -1.489448
v 0.421826 -0.118648 -1.455542
v 0.434405 -0.102154 -1.460266
v 0.418348 -0.118553 -1.425255
v 0.430507 -0.102094 -1.428733
v 0.410742 -0.118647 -1.392913
v 0.422339 -0.102153 -1.394926
v 0.399322 -0.118919 -1.358844
v 0.410239 -0.102324 -1.359138
v 0.384342 -0.119328 -1.323628
v 0.394463 -0.102582 -1.321953
v 0.366007 -0.119822 -1.288119
v 0.375206 -0.102890 -1.284277
v 0.344517 -0.120338 -1.253422
v 0.352641 -0.103210 -1.247302
v 0.320109 -0.120820 -1.220814
v 0.326984 -0.103506 -1.212433
v 0.293107 -0.121223 -1.191657
v 0.298551 -0.103751 -1.181165
v 0.263957 -0.121521 -1.167269
v 0.267793 -0.103928 -1.154953
v 0.233237 -0.121704 -1.148816
v 0.235319 -0.104031 -1.135087
v 0.201649 -0.121775 -1.137209
v 0.201879 -0.104066 -1.122570
v 0.398035 -0.081700 -1.321411
v 0.414086 -0.081700 -1.359287
v 0.426426 -0.081700 -1.395674
v 0.434796 -0.081700 -1.429983
v 0.300492 -0.081700 -1.177477
v 0.329427 -0.081700 -1.209503
v 0.355519 -0.081700 -1.245182
v 0.378457 -0.081700 -1.282967
v 0.438847 -0.081700 -1.461939
v 0.438153 -0.081700 -1.491487
v 0.432261 -0.081700 -1.518687
v 0.434796 -0.081700 -1.429983
v 0.420771 -0.081700 -1.543573
v 0.403432 -0.081700 -1.566053
v 0.380241 -0.081700 -1.585833
v 0.351509 -0.081700 -1.602410
v 0.317903 -0.081700 -1.615119
v 0.280433 -0.081700 -1.623229
v 0.240398 -0.081700 -1.626061
v 0.432261 -0.081700 -1.518687
v -0.000308 -0.104075 -1.621270
v -0.000309 -0.121835 -1.607651
v -0.000309 -0.081696 -1.626062
v 0.269168 -0.081700 -1.150612
v 0.236074 -0.081700 -1.130238
v 0.201976 -0.081700 -1.117395
v -0.000309 -0.081695 -1.091388
v -0.000309 -0.104075 -1.096745
v -0.000309 -0.121835 -1.111905
v 0.237273 -0.121775 -1.608840
v 0.308320 -0.121522 -1.599430
v 0.273934 -0.121704 -1.606595
v 0.339277 -0.121224 -1.587911
v 0.365891 -0.120820 -1.572652
v 0.387542 -0.120338 -1.554223
v 0.403908 -0.119822 -1.533074
v 0.414943 -0.119328 -1.509497
v 0.420814 -0.118919 -1.483637
v 0.421826 -0.118648 -1.455542
v 0.418348 -0.118553 -1.425255
v 0.410742 -0.118647 -1.392913
v 0.399322 -0.118919 -1.358844
v 0.384342 -0.119328 -1.323628
v 0.366007 -0.119822 -1.288119
v 0.344517 -0.120338 -1.253422
v 0.320109 -0.120820 -1.220814
v 0.293107 -0.121223 -1.191657
v 0.263957 -0.121521 -1.167269
v 0.233237 -0.121704 -1.148816
v 0.201649 -0.121775 -1.137209
v -0.000309 -0.121835 -1.111905
v -0.000309 -0.121835 -1.607651
v 0.201879 -0.059333 -1.122570
v 0.233237 -0.041695 -1.148816
v 0.235319 -0.059368 -1.135087
v 0.201649 -0.041625 -1.137208
v 0.263956 -0.041878 -1.167269
v 0.267793 -0.059472 -1.154953
v 0.293107 -0.042176 -1.191657
v 0.298551 -0.059648 -1.181165
v 0.320109 -0.042580 -1.220814
v 0.326984 -0.059893 -1.212433
v 0.344517 -0.043062 -1.253421
v 0.352641 -0.060189 -1.247302
v 0.366007 -0.043578 -1.288119
v 0.375205 -0.060509 -1.284277
v 0.384341 -0.044071 -1.323628
v 0.394463 -0.060818 -1.321953
v 0.399322 -0.044481 -1.358844
v 0.410238 -0.061075 -1.359138
v 0.410742 -0.044752 -1.392913
v 0.422339 -0.061246 -1.394926
v 0.418348 -0.044847 -1.425255
v 0.430507 -0.061306 -1.428733
v 0.421826 -0.044752 -1.455542
v 0.434405 -0.061246 -1.460266
v 0.420813 -0.044481 -1.483637
v 0.433621 -0.061075 -1.489448
v 0.414943 -0.044071 -1.509497
v 0.427727 -0.060818 -1.516310
v 0.403908 -0.043578 -1.533073
v 0.416349 -0.060510 -1.540864
v 0.387542 -0.043062 -1.554223
v 0.399258 -0.060190 -1.563002
v 0.365891 -0.042580 -1.572652
v 0.376466 -0.059893 -1.582430
v 0.339276 -0.042176 -1.587910
v 0.348287 -0.059649 -1.598659
v 0.308320 -0.041878 -1.599430
v 0.315376 -0.059472 -1.611052
v 0.273933 -0.041696 -1.606595
v 0.278717 -0.059368 -1.618909
v 0.237273 -0.041625 -1.608840
v 0.239570 -0.059334 -1.621580
v 0.432261 -0.081700 -1.518687
v 0.420771 -0.081700 -1.543573
v 0.403432 -0.081700 -1.566053
v 0.380241 -0.081700 -1.585833
v 0.351509 -0.081700 -1.602410
v 0.317903 -0.081700 -1.615119
v 0.280433 -0.081700 -1.623229
v 0.240398 -0.081700 -1.626061
v 0.024756 -0.059302 -1.621270
v 0.044466 -0.041566 -1.607658
v -0.000309 -0.081696 -1.626062
v 0.201976 -0.081700 -1.117395
v 0.236074 -0.081700 -1.130238
v 0.269168 -0.081700 -1.150612
v 0.300492 -0.081700 -1.177477
v 0.329427 -0.081700 -1.209503
v 0.355519 -0.081700 -1.245182
v 0.378457 -0.081700 -1.282967
v 0.398035 -0.081700 -1.321411
v 0.414086 -0.081700 -1.359287
v 0.426426 -0.081700 -1.395674
v 0.434796 -0.081700 -1.429983
v 0.434796 -0.081700 -1.429983
v 0.438847 -0.081700 -1.461939
v 0.438153 -0.081700 -1.491487
v 0.432261 -0.081700 -1.518687
v 0.201649 -0.041625 -1.137208
v 0.263956 -0.041878 -1.167269
v 0.233237 -0.041695 -1.148816
v 0.293107 -0.042176 -1.191657
v 0.320109 -0.042580 -1.220814
v 0.344517 -0.043062 -1.253421
v 0.366007 -0.043578 -1.288119
v 0.384341 -0.044071 -1.323628
v 0.399322 -0.044481 -1.358844
v 0.410742 -0.044752 -1.392913
v 0.418348 -0.044847 -1.425255
v 0.421826 -0.044752 -1.455542
v 0.420813 -0.044481 -1.483637
v 0.414943 -0.044071 -1.509497
v 0.403908 -0.043578 -1.533073
v 0.387542 -0.043062 -1.554223
v 0.365891 -0.042580 -1.572652
v 0.339276 -0.042176 -1.587910
v 0.308320 -0.041878 -1.599430
v 0.273933 -0.041696 -1.606595
v 0.237273 -0.041625 -1.608840
v 0.044466 -0.041566 -1.607658
v 0.037753 -0.041566 -1.112035
v 0.037753 -0.041566 -1.112035
v 0.020818 -0.059302 -1.096786
v -0.000309 -0.081695 -1.091388
v -0.025481 0.300114 -1.171091
v -0.045673 0.327466 -1.195019
v -0.025481 0.329093 -1.183641
v -0.045673 0.300114 -1.183407
v -0.045673 0.353809 -1.211253
v -0.025481 0.356979 -1.201056
v -0.045673 0.378486 -1.231427
v -0.025481 0.383081 -1.222590
v -0.045673 0.400907 -1.254817
v -0.025481 0.406779 -1.247460
v -0.045673 0.420561 -1.280704
v -0.025481 0.427538 -1.274890
v -0.045673 0.437012 -1.308398
v -0.025481 0.444905 -1.304151
v -0.045673 0.449908 -1.337269
v -0.025481 0.458508 -1.334576
v -0.045673 0.458980 -1.366751
v -0.025481 0.468069 -1.365581
v -0.045672 0.464052 -1.396343
v -0.025481 0.473397 -1.396652
v -0.045672 0.465040 -1.425601
v -0.025481 0.474407 -1.427344
v -0.045672 0.461964 -1.454119
v -0.025481 0.471117 -1.457254
v -0.045672 0.454949 -1.481511
v -0.025481 0.463658 -1.485998
v -0.045672 0.444220 -1.507387
v -0.025481 0.452275 -1.513186
v -0.045672 0.430104 -1.531334
v -0.025481 0.437314 -1.538402
v -0.045672 0.413008 -1.552908
v -0.025481 0.419214 -1.561187
v -0.045672 0.393402 -1.571628
v -0.025481 0.398480 -1.581035
v -0.045672 0.371794 -1.586984
v -0.025481 0.375657 -1.597403
v -0.045672 0.348705 -1.598451
v -0.025481 0.351299 -1.609725
v -0.045672 0.324648 -1.605521
v -0.025481 0.325947 -1.617445
v -0.045672 0.300113 -1.607738
v -0.025481 0.300113 -1.620054
v -0.000308 0.455108 -1.515213
v -0.000308 0.466724 -1.487566
v -0.000308 0.474339 -1.458352
v -0.000308 0.400263 -1.584332
v -0.000308 0.421395 -1.564084
v -0.000308 0.439849 -1.540873
v -0.000308 0.326402 -1.621643
v -0.000308 0.352207 -1.613688
v -0.000308 0.377011 -1.601060
v -0.000308 0.477705 -1.427959
v -0.000308 0.476688 -1.396768
v -0.000308 0.471269 -1.365181
v -0.000308 0.461537 -1.333645
v -0.000308 0.447684 -1.302674
v -0.000308 0.429996 -1.272863
v -0.000308 0.408848 -1.244886
v -0.000308 0.384700 -1.219491
v -0.000308 0.358097 -1.197473
v -0.000308 0.329667 -1.179634
v -0.000308 0.300114 -1.166747
v -0.021435 -0.059302 -1.096786
v -0.038370 -0.041565 -1.112035
v -0.000309 -0.081695 -1.091388
v -0.000308 0.476688 -1.396768
v -0.000308 0.474339 -1.458352
v -0.000309 0.300113 -1.624398
v -0.000309 -0.081696 -1.626062
v -0.025374 -0.059302 -1.621270
v -0.045084 -0.041566 -1.607658
v -0.045673 0.300114 -1.183407
v -0.045673 0.353809 -1.211253
v -0.045673 0.327466 -1.195019
v -0.045673 0.378486 -1.231427
v -0.045673 0.400907 -1.254817
v -0.045673 0.420561 -1.280704
v -0.045673 0.437012 -1.308398
v -0.045673 0.449908 -1.337269
v -0.045673 0.458980 -1.366751
v -0.045672 0.464052 -1.396343
v -0.045672 0.465040 -1.425601
v -0.045672 0.461964 -1.454119
v -0.045672 0.454949 -1.481511
v -0.045672 0.444220 -1.507387
v -0.045672 0.430104 -1.531334
v -0.045672 0.413008 -1.552908
v -0.045672 0.393402 -1.571628
v -0.045672 0.371794 -1.586984
v -0.045672 0.348705 -1.598451
v -0.045672 0.324648 -1.605521
v -0.045672 0.300113 -1.607738
v -0.045084 -0.041566 -1.607658
v -0.038370 -0.041565 -1.112035
v -0.202496 -0.104067 -1.122570
v -0.233854 -0.121704 -1.148815
v -0.235936 -0.104032 -1.135087
v -0.202266 -0.121775 -1.137208
v -0.264574 -0.121522 -1.167269
v -0.268410 -0.103928 -1.154953
v -0.293724 -0.121224 -1.191657
v -0.299168 -0.103751 -1.181164
v -0.320726 -0.120820 -1.220814
v -0.327601 -0.103507 -1.212433
v -0.345134 -0.120338 -1.253421
v -0.353258 -0.103211 -1.247302
v -0.366624 -0.119822 -1.288119
v -0.375823 -0.102890 -1.284277
v -0.384958 -0.119329 -1.323628
v -0.395080 -0.102582 -1.321953
v -0.399939 -0.118919 -1.358844
v -0.410855 -0.102325 -1.359138
v -0.411359 -0.118648 -1.392913
v -0.422956 -0.102154 -1.394926
v -0.418965 -0.118553 -1.425255
v -0.431124 -0.102094 -1.428733
v -0.422443 -0.118648 -1.455542
v -0.435022 -0.102154 -1.460266
v -0.421430 -0.118919 -1.483637
v -0.434238 -0.102325 -1.489449
v -0.415560 -0.119329 -1.509497
v -0.428344 -0.102582 -1.516310
v -0.404525 -0.119822 -1.533073
v -0.416966 -0.102890 -1.540864
v -0.388159 -0.120338 -1.554222
v -0.399875 -0.103211 -1.563002
v -0.366508 -0.120820 -1.572652
v -0.377083 -0.103507 -1.582430
v -0.339894 -0.121224 -1.587910
v -0.348904 -0.103751 -1.598659
v -0.308937 -0.121522 -1.599430
v -0.315993 -0.103928 -1.611052
v -0.274551 -0.121705 -1.606595
v -0.279334 -0.104032 -1.618909
v -0.237890 -0.121775 -1.608840
v -0.240187 -0.104067 -1.621580
v -0.432878 -0.081700 -1.518687
v -0.421388 -0.081700 -1.543573
v -0.404049 -0.081700 -1.566053
v -0.380858 -0.081700 -1.585833
v -0.352126 -0.081700 -1.602410
v -0.318520 -0.081700 -1.615119
v -0.281050 -0.081700 -1.623230
v -0.241015 -0.081700 -1.626061
v -0.000308 -0.104075 -1.621270
v -0.000309 -0.121835 -1.607651
v -0.000309 -0.081696 -1.626062
v -0.202593 -0.081700 -1.117395
v -0.236691 -0.081700 -1.130238
v -0.269785 -0.081700 -1.150612
v -0.301109 -0.081700 -1.177477
v -0.330044 -0.081700 -1.209503
v -0.356136 -0.081700 -1.245181
v -0.379074 -0.081700 -1.282967
v -0.398652 -0.081700 -1.321411
v -0.414703 -0.081700 -1.359287
v -0.427043 -0.081700 -1.395673
v -0.435413 -0.081700 -1.429983
v -0.435413 -0.081700 -1.429983
v -0.439464 -0.081700 -1.461939
v -0.438770 -0.081700 -1.491487
v -0.432878 -0.081700 -1.518687
v -0.202266 -0.121775 -1.137208
v -0.264574 -0.121522 -1.167269
v -0.233854 -0.121704 -1.148815
v -0.293724 -0.121224 -1.191657
v -0.320726 -0.120820 -1.220814
v -0.345134 -0.120338 -1.253421
v -0.366624 -0.119822 -1.288119
v -0.384958 -0.119329 -1.323628
v -0.399939 -0.118919 -1.358844
v -0.411359 -0.118648 -1.392913
v -0.418965 -0.118553 -1.425255
v -0.422443 -0.118648 -1.455542
v -0.421430 -0.118919 -1.483637
v -0.415560 -0.119329 -1.509497
v -0.404525 -0.119822 -1.533073
v -0.388159 -0.120338 -1.554222
v -0.366508 -0.120820 -1.572652
v -0.339894 -0.121224 -1.587910
v -0.308937 -0.121522 -1.599430
v -0.274551 -0.121705 -1.606595
v -0.237890 -0.121775 -1.608840
v -0.000309 -0.121835 -1.607651
v -0.000309 -0.121835 -1.111905
v -0.000309 -0.121835 -1.111905
v -0.000309 -0.104075 -1.096745
v -0.000309 -0.081695 -1.091388
v -0.240187 -0.059333 -1.621580
v -0.274551 -0.041696 -1.606595
v -0.279334 -0.059368 -1.618909
v -0.237890 -0.041625 -1.608840
v -0.308937 -0.041878 -1.599430
v -0.315993 -0.059472 -1.611052
v -0.339894 -0.042177 -1.587911
v -0.348904 -0.059649 -1.598659
v -0.366508 -0.042580 -1.572652
v -0.377083 -0.059894 -1.582430
v -0.388159 -0.043062 -1.554223
v -0.399875 -0.060190 -1.563002
v -0.404525 -0.043578 -1.533074
v -0.416966 -0.060510 -1.540864
v -0.415560 -0.044072 -1.509497
v -0.428344 -0.060818 -1.516310
v -0.421430 -0.044481 -1.483637
v -0.434238 -0.061076 -1.489448
v -0.422443 -0.044752 -1.455542
v -0.435021 -0.061246 -1.460266
v -0.418965 -0.044847 -1.425254
v -0.431124 -0.061306 -1.428733
v -0.411359 -0.044753 -1.392913
v -0.422955 -0.061247 -1.394926
v -0.399939 -0.044481 -1.358844
v -0.410855 -0.061076 -1.359138
v -0.384958 -0.044072 -1.323628
v -0.395080 -0.060818 -1.321953
v -0.366624 -0.043578 -1.288119
v -0.375822 -0.060510 -1.284276
v -0.345134 -0.043062 -1.253421
v -0.353257 -0.060190 -1.247302
v -0.320726 -0.042580 -1.220814
v -0.327601 -0.059894 -1.212433
v -0.293724 -0.042177 -1.191657
v -0.299168 -0.059649 -1.181164
v -0.264573 -0.041878 -1.167269
v -0.268410 -0.059472 -1.154953
v -0.233854 -0.041696 -1.148815
v -0.235936 -0.059368 -1.135087
v -0.202266 -0.041625 -1.137208
v -0.202495 -0.059334 -1.122570
v -0.398652 -0.081700 -1.321411
v -0.414703 -0.081700 -1.359287
v -0.427043 -0.081700 -1.395673
v -0.435413 -0.081700 -1.429983
v -0.301109 -0.081700 -1.177477
v -0.330044 -0.081700 -1.209503
v -0.356136 -0.081700 -1.245181
v -0.379074 -0.081700 -1.282967
v -0.439464 -0.081700 -1.461939
v -0.438770 -0.081700 -1.491487
v -0.432878 -0.081700 -1.518687
v -0.435413 -0.081700 -1.429983
v -0.421388 -0.081700 -1.543573
v -0.404049 -0.081700 -1.566053
v -0.380858 -0.081700 -1.585833
v -0.352126 -0.081700 -1.602410
v -0.318520 -0.081700 -1.615119
v -0.281050 -0.081700 -1.623230
v -0.241015 -0.081700 -1.626061
v -0.432878 -0.081700 -1.518687
v -0.025374 -0.059302 -1.621270
v -0.045084 -0.041566 -1.607658
v -0.000309 -0.081696 -1.626062
v -0.269785 -0.081700 -1.150612
v -0.236691 -0.081700 -1.130238
v -0.202593 -0.081700 -1.117395
v -0.000309 -0.081695 -1.091388
v -0.021435 -0.059302 -1.096786
v -0.038370 -0.041565 -1.112035
v -0.237890 -0.041625 -1.608840
v -0.308937 -0.041878 -1.599430
v -0.274551 -0.041696 -1.606595
v -0.339894 -0.042177 -1.587911
v -0.366508 -0.042580 -1.572652
v -0.388159 -0.043062 -1.554223
v -0.404525 -0.043578 -1.533074
v -0.415560 -0.044072 -1.509497
v -0.421430 -0.044481 -1.483637
v -0.422443 -0.044752 -1.455542
v -0.418965 -0.044847 -1.425254
v -0.411359 -0.044753 -1.392913
v -0.399939 -0.044481 -1.358844
v -0.384958 -0.044072 -1.323628
v -0.366624 -0.043578 -1.288119
v -0.345134 -0.043062 -1.253421
v -0.320726 -0.042580 -1.220814
v -0.293724 -0.042177 -1.191657
v -0.264573 -0.041878 -1.167269
v -0.233854 -0.041696 -1.148815
v -0.202266 -0.041625 -1.137208
v -0.038370 -0.041565 -1.112035
v -0.045084 -0.041566 -1.607658
vn -0.0000 0.3929 0.9196
vn -0.0776 0.3853 0.9195
vn -0.0000 -0.0000 1.0000
vn -0.1522 0.3628 0.9194
vn -0.2209 0.3262 0.9191
vn -0.2808 0.2772 0.9188
vn -0.3300 0.2176 0.9186
vn -0.3664 0.1498 0.9183
vn -0.3888 0.0763 0.9182
vn -0.3963 -0.0000 0.9181
vn -0.3888 -0.0763 0.9182
vn -0.3664 -0.1498 0.9183
vn -0.3300 -0.2176 0.9186
vn -0.2809 -0.2772 0.9188
vn -0.2209 -0.3262 0.9191
vn -0.1522 -0.3628 0.9194
vn -0.0776 -0.3853 0.9195
vn -0.1484 0.7401 0.6559
vn -0.2906 0.6954 0.6572
vn -0.4204 0.6236 0.6590
vn -0.5329 0.5282 0.6611
vn -0.6242 0.4133 0.6630
vn -0.6913 0.2837 0.6646
vn -0.7323 0.1442 0.6656
vn -0.7461 -0.0001 0.6658
vn -0.7325 -0.1445 0.6652
vn -0.6917 -0.2840 0.6640
vn -0.6247 -0.4137 0.6622
vn -0.5335 -0.5287 0.6602
vn -0.4209 -0.6242 0.6582
vn -0.2909 -0.6959 0.6566
vn -0.1487 -0.7404 0.6556
vn -0.0001 -0.7554 0.6553
vn -0.0000 -0.3929 0.9196
vn 0.0776 -0.3853 0.9195
vn 0.1522 -0.3628 0.9194
vn 0.2209 -0.3262 0.9191
vn 0.2809 -0.2772 0.9188
vn 0.3300 -0.2176 0.9186
vn 0.3664 -0.1498 0.9183
vn 0.3888 -0.0763 0.9182
vn 0.3963 -0.0000 0.9181
vn 0.3888 0.0763 0.9182
vn 0.3664 0.1498 0.9183
vn 0.3300 0.2176 0.9186
vn 0.2809 0.2772 0.9188
vn 0.2208 0.3262 0.9191
vn 0.1522 0.3628 0.9194
vn 0.0776 0.3853 0.9195
vn 0.2906 -0.6954 0.6572
vn 0.1484 -0.7401 0.6559
vn 0.4204 -0.6236 0.6590
vn 0.5329 -0.5282 0.6611
vn 0.6242 -0.4133 0.6630
vn 0.6913 -0.2837 0.6646
vn 0.7323 -0.1442 0.6656
vn 0.7461 0.0001 0.6658
vn 0.7325 0.1445 0.6652
vn 0.6917 0.2840 0.6640
vn 0.6247 0.4137 0.6622
vn 0.5335 0.5287 0.6602
vn 0.4209 0.6242 0.6582
vn 0.2909 0.6959 0.6566
vn 0.1487 0.7404 0.6556
vn 0.0001 0.7554 0.6553
vn -0.1868 0.9376 0.2932
vn 0.0001 0.9562 0.2928
vn -0.3662 0.8826 0.2947
vn -0.5312 0.7935 0.2970
vn -0.6752 0.6739 0.2999
vn -0.7929 0.5288 0.3028
vn -0.8801 0.3638 0.3052
vn -0.9335 0.1853 0.3070
vn -0.9515 -0.0001 0.3077
vn -0.9334 -0.1854 0.3073
vn -0.8798 -0.3638 0.3059
vn -0.7927 -0.5287 0.3036
vn -0.6750 -0.6737 0.3008
vn -0.5311 -0.7932 0.2979
vn -0.3663 -0.8824 0.2954
vn -0.1869 -0.9375 0.2936
vn -0.0001 -0.9562 0.2928
vn 0.1868 -0.9376 0.2932
vn 0.3662 -0.8826 0.2947
vn 0.5312 -0.7935 0.2970
vn 0.6752 -0.6739 0.2999
vn 0.7929 -0.5288 0.3028
vn 0.8801 -0.3638 0.3052
vn 0.9335 -0.1853 0.3070
vn 0.9515 0.0001 0.3077
vn 0.9334 0.1854 0.3073
vn 0.8798 0.3638 0.3059
vn 0.7927 0.5287 0.3036
vn 0.6750 0.6737 0.3008
vn 0.5311 0.7932 0.2979
vn 0.3663 0.8824 0.2954
vn 0.1869 0.9375 0.2936
vn -0.2007 0.9743 0.1025
vn -0.0000 0.9947 0.1025
vn -0.3929 0.9139 0.1025
vn -0.4689 0.8773 0.1021
vn -0.5734 0.8128 0.1025
vn -0.6311 0.7690 0.1021
vn -0.7308 0.6749 0.1025
vn -0.7694 0.6306 0.1020
vn -0.8581 0.5069 0.0813
vn -0.9218 0.3818 0.0665
vn -0.9786 0.1947 0.0666
vn -0.9978 -0.0000 0.0666
vn -0.9786 -0.1947 0.0666
vn -0.9218 -0.3818 0.0666
vn -0.8296 -0.5543 0.0666
vn -0.7055 -0.7055 0.0666
vn -0.5543 -0.8296 0.0666
vn -0.3818 -0.9218 0.0666
vn -0.1947 -0.9786 0.0666
vn -0.0000 -0.9978 0.0665
vn -0.9239 -0.3827 -0.0003
vn -0.9808 -0.1951 -0.0003
vn -1.0000 -0.0000 -0.0003
vn -0.9808 0.1951 -0.0003
vn -0.3827 -0.9239 -0.0003
vn -0.5556 -0.8315 -0.0003
vn -0.1951 -0.9808 -0.0003
vn -0.0000 -1.0000 -0.0003
vn -0.9972 -0.0000 -0.0743
vn -0.9781 0.1946 -0.0743
vn -0.9565 0.2901 -0.0312
vn -0.9569 0.2903 0.0013
vn -0.9564 0.2902 -0.0313
vn -0.9484 0.3156 -0.0310
vn -0.9214 0.3815 -0.0740
vn -0.8786 0.4696 -0.0868
vn -0.9781 -0.1946 -0.0743
vn -0.9213 -0.3816 -0.0743
vn -0.8292 -0.5540 -0.0743
vn -0.8315 -0.5556 -0.0003
vn -0.7071 -0.7071 -0.0003
vn -0.7052 -0.7052 -0.0743
vn -0.5540 -0.8292 -0.0743
vn -0.3816 -0.9213 -0.0743
vn -0.1946 -0.9781 -0.0743
vn -0.0000 -0.9972 -0.0743
vn -0.6970 -0.6970 -0.1687
vn -0.8196 -0.5476 -0.1687
vn -0.9106 -0.3772 -0.1687
vn -0.9667 -0.1923 -0.1687
vn -0.9857 -0.0000 -0.1687
vn -0.9667 0.1923 -0.1687
vn -0.9106 0.3772 -0.1687
vn -0.8759 0.4682 -0.1170
vn -0.8546 0.5059 -0.1174
vn -0.8196 0.5476 -0.1687
vn -0.7677 0.6300 -0.1170
vn -0.7294 0.6740 -0.1174
vn -0.6970 0.6970 -0.1687
vn -0.6300 0.7677 -0.1170
vn -0.6210 0.7567 -0.2044
vn -0.6772 0.6772 -0.2878
vn -0.5321 0.7963 -0.2878
vn -0.5614 0.7977 -0.2204
vn -0.3884 0.8948 -0.2204
vn -0.3665 0.8848 -0.2878
vn -0.7963 0.5321 -0.2878
vn -0.8848 0.3665 -0.2878
vn -0.9393 0.1868 -0.2878
vn -0.9577 -0.0000 -0.2878
vn -0.9393 -0.1868 -0.2878
vn -0.8848 -0.3665 -0.2878
vn -0.7963 -0.5321 -0.2878
vn -0.6772 -0.6772 -0.2878
vn -0.5321 -0.7963 -0.2878
vn -0.5476 -0.8196 -0.1687
vn -0.3772 -0.9106 -0.1687
vn -0.1923 -0.9667 -0.1687
vn -0.0000 -0.9857 -0.1687
vn -0.3665 -0.8848 -0.2878
vn -0.1868 -0.9393 -0.2878
vn -0.0000 -0.9577 -0.2878
vn -0.5032 -0.7531 -0.4238
vn -0.6405 -0.6405 -0.4238
vn -0.3466 -0.8368 -0.4238
vn -0.1767 -0.8884 -0.4238
vn -0.0000 -0.9058 -0.4238
vn -0.4549 -0.6807 -0.5742
vn -0.5789 -0.5789 -0.5742
vn -0.7531 -0.5032 -0.4238
vn -0.8368 -0.3466 -0.4238
vn -0.8884 -0.1767 -0.4238
vn -0.9058 -0.0000 -0.4238
vn -0.8884 0.1767 -0.4238
vn -0.8368 0.3466 -0.4238
vn -0.7531 0.5032 -0.4238
vn -0.6405 0.6405 -0.4238
vn -0.5032 0.7531 -0.4238
vn -0.3466 0.8368 -0.4238
vn -0.1868 0.9393 -0.2878
vn -0.1767 0.8884 -0.4238
vn -0.0000 0.9577 -0.2878
vn -0.0000 0.9754 -0.2205
vn -0.1966 0.9554 -0.2205
vn -0.0000 0.9058 -0.4238
vn -0.1597 0.8030 -0.5742
vn -0.0000 0.8187 -0.5742
vn -0.3133 0.7564 -0.5742
vn -0.4549 0.6807 -0.5742
vn -0.5789 0.5789 -0.5742
vn -0.6807 0.4549 -0.5742
vn -0.2533 0.6116 -0.7495
vn -0.1291 0.6493 -0.7495
vn -0.0000 0.6620 -0.7495
vn -0.1291 0.6492 -0.7495
vn -0.3678 0.5504 -0.7495
vn -0.4681 0.4681 -0.7495
vn -0.5504 0.3678 -0.7495
vn -0.6116 0.2533 -0.7495
vn -0.7564 0.3133 -0.5742
vn -0.8030 0.1597 -0.5742
vn -0.8187 -0.0000 -0.5742
vn -0.8030 -0.1597 -0.5742
vn -0.7564 -0.3133 -0.5742
vn -0.6807 -0.4549 -0.5742
vn -0.6492 0.1291 -0.7495
vn -0.6620 -0.0000 -0.7495
vn -0.6492 -0.1291 -0.7495
vn -0.6116 -0.2533 -0.7495
vn -0.5504 -0.3678 -0.7495
vn -0.4681 -0.4681 -0.7495
vn -0.3678 -0.5504 -0.7495
vn -0.2533 -0.6116 -0.7495
vn -0.3133 -0.7564 -0.5742
vn -0.1597 -0.8030 -0.5742
vn -0.0000 -0.8187 -0.5742
vn -0.1291 -0.6492 -0.7495
vn -0.0000 -0.6620 -0.7495
vn -0.3635 -0.1505 -0.9194
vn -0.3858 -0.0767 -0.9194
vn -0.3934 -0.0000 -0.9194
vn -0.3858 0.0767 -0.9194
vn -0.3634 0.1505 -0.9194
vn -0.3271 0.2185 -0.9194
vn -0.2782 0.2782 -0.9194
vn -0.2186 0.3271 -0.9194
vn -0.1505 0.3634 -0.9194
vn -0.0938 0.4387 -0.8937
vn 0.0064 0.4485 -0.8937
vn 0.1947 -0.9786 0.0666
vn 0.3818 -0.9218 0.0666
vn 0.5543 -0.8296 0.0666
vn 0.7055 -0.7055 0.0666
vn 0.8296 -0.5543 0.0666
vn 0.9218 -0.3818 0.0666
vn 0.9786 -0.1947 0.0666
vn 0.9978 -0.0000 0.0666
vn 0.9786 0.1947 0.0666
vn 0.9218 0.3818 0.0665
vn 0.8581 0.5069 0.0813
vn 0.7694 0.6306 0.1020
vn 0.7308 0.6749 0.1025
vn 0.6311 0.7690 0.1021
vn 0.5734 0.8128 0.1025
vn 0.4689 0.8773 0.1021
vn 0.3929 0.9139 0.1025
vn 0.2007 0.9743 0.1025
vn 0.3861 0.9192 0.0776
vn 0.4808 0.8753 -0.0520
vn 0.4995 0.8626 -0.0801
vn 0.5012 0.8466 -0.1791
vn 0.5157 0.8446 -0.1438
vn 0.4864 0.8346 -0.2586
vn 0.4645 0.8420 -0.2744
vn 0.5015 0.8271 -0.2538
vn 0.4421 0.8431 -0.3060
vn 0.5247 0.8106 -0.2601
vn 0.5271 0.8117 -0.2515
vn 0.4776 0.8550 -0.2020
vn 0.4780 0.8422 -0.2494
vn 0.4781 0.8515 -0.2151
vn 0.4295 0.8956 -0.1160
vn 0.4228 0.8990 -0.1142
vn 0.3863 0.9204 -0.0608
vn 0.3843 0.9213 -0.0598
vn 0.4128 0.9108 -0.0104
vn 0.4151 0.9096 -0.0166
vn 0.4111 0.9046 0.1126
vn 0.4111 0.9050 0.1089
vn 0.4247 0.8811 0.2079
vn 0.4230 0.8828 0.2042
vn 0.4116 0.8796 0.2385
vn 0.4120 0.8783 0.2425
vn 0.4473 0.8545 0.2641
vn 0.4471 0.8598 0.2468
vn 0.4505 0.8503 0.2721
vn 0.4551 0.8455 0.2792
vn 0.4904 0.8316 0.2605
vn 0.4903 0.8387 0.2369
vn 0.5298 0.8352 0.1474
vn 0.5434 0.8221 0.1698
vn 0.5250 0.8444 0.1064
vn 0.5268 0.8448 0.0938
vn 0.5267 0.8430 0.1088
vn 0.4652 0.8852 -0.0048
vn 0.4782 0.8782 0.0010
vn 0.2882 0.9575 -0.0152
vn 0.3026 0.9530 0.0144
vn 0.1514 0.9347 0.3216
vn 0.1785 0.9351 0.3063
vn 0.1081 0.9259 0.3620
vn -0.0068 0.9514 0.3078
vn -0.0060 0.9513 0.3082
vn -0.8815 0.4712 0.0306
vn -0.9481 0.3165 0.0307
vn -0.9565 0.2901 0.0306
vn 0.1951 -0.9808 -0.0003
vn 0.3827 -0.9239 -0.0003
vn 0.5556 -0.8315 -0.0003
vn 0.7071 -0.7071 -0.0003
vn 0.8315 -0.5556 -0.0003
vn 0.9239 -0.3827 -0.0003
vn 0.9808 -0.1951 -0.0003
vn 1.0000 -0.0000 -0.0003
vn 0.9808 0.1951 -0.0003
vn 0.9565 0.2902 0.0306
vn 0.9569 0.2903 0.0013
vn 0.9565 0.2901 0.0306
vn 0.9481 0.3165 0.0307
vn 0.8815 0.4712 0.0306
vn 0.9781 -0.1945 -0.0743
vn 0.9213 -0.3816 -0.0743
vn 0.9972 -0.0000 -0.0743
vn 0.9781 0.1946 -0.0743
vn 0.9564 0.2902 -0.0312
vn 0.9213 0.3816 -0.0743
vn 0.9470 0.3198 -0.0304
vn 0.9565 0.2901 -0.0312
vn 0.8786 0.4696 -0.0868
vn 0.9667 -0.1923 -0.1687
vn 0.9106 -0.3772 -0.1687
vn 0.8292 -0.5540 -0.0743
vn 0.7052 -0.7052 -0.0743
vn 0.5540 -0.8292 -0.0743
vn 0.3816 -0.9213 -0.0743
vn 0.1946 -0.9781 -0.0743
vn 0.1923 -0.9667 -0.1687
vn 0.3772 -0.9106 -0.1687
vn 0.5476 -0.8196 -0.1687
vn 0.6970 -0.6970 -0.1687
vn 0.8196 -0.5476 -0.1687
vn 0.1868 -0.9393 -0.2878
vn 0.3665 -0.8848 -0.2878
vn 0.5321 -0.7963 -0.2878
vn 0.6772 -0.6772 -0.2878
vn 0.7963 -0.5321 -0.2878
vn 0.8848 -0.3665 -0.2878
vn 0.9393 -0.1868 -0.2878
vn 0.9577 -0.0000 -0.2878
vn 0.9857 -0.0000 -0.1687
vn 0.9667 0.1923 -0.1687
vn 0.9106 0.3772 -0.1687
vn 0.8759 0.4682 -0.1170
vn 0.8196 0.5476 -0.1687
vn 0.8546 0.5059 -0.1174
vn 0.7677 0.6300 -0.1170
vn 0.6970 0.6970 -0.1687
vn 0.7294 0.6740 -0.1174
vn 0.6300 0.7677 -0.1170
vn 0.6210 0.7567 -0.2044
vn 0.9393 0.1868 -0.2878
vn 0.8848 0.3665 -0.2878
vn 0.7963 0.5321 -0.2878
vn 0.6772 0.6772 -0.2878
vn 0.5321 0.7963 -0.2878
vn 0.5614 0.7977 -0.2204
vn 0.8884 0.1767 -0.4238
vn 0.9058 -0.0000 -0.4238
vn 0.8884 -0.1767 -0.4238
vn 0.8368 -0.3466 -0.4238
vn 0.7531 -0.5032 -0.4238
vn 0.6405 -0.6405 -0.4238
vn 0.5032 -0.7531 -0.4238
vn 0.3466 -0.8368 -0.4238
vn 0.1767 -0.8884 -0.4238
vn 0.1597 -0.8030 -0.5742
vn 0.3133 -0.7564 -0.5742
vn 0.4549 -0.6807 -0.5742
vn 0.5789 -0.5789 -0.5742
vn 0.6807 -0.4549 -0.5742
vn 0.7564 -0.3133 -0.5742
vn 0.8030 -0.1597 -0.5742
vn 0.8187 -0.0000 -0.5742
vn 0.8030 0.1597 -0.5742
vn 0.7564 0.3133 -0.5742
vn 0.8368 0.3466 -0.4238
vn 0.7531 0.5032 -0.4238
vn 0.6405 0.6405 -0.4238
vn 0.5032 0.7531 -0.4238
vn 0.3466 0.8368 -0.4238
vn 0.3665 0.8848 -0.2878
vn 0.1767 0.8884 -0.4238
vn 0.1868 0.9393 -0.2878
vn 0.2832 0.9336 -0.2195
vn 0.3884 0.8948 -0.2204
vn 0.5789 0.5789 -0.5742
vn 0.6807 0.4549 -0.5742
vn 0.3133 0.7564 -0.5742
vn 0.4549 0.6807 -0.5742
vn 0.1597 0.8030 -0.5742
vn 0.5504 0.3678 -0.7495
vn 0.6116 0.2533 -0.7495
vn 0.6492 0.1291 -0.7495
vn 0.6620 -0.0000 -0.7495
vn 0.6492 -0.1291 -0.7495
vn 0.6116 -0.2533 -0.7495
vn 0.5504 -0.3678 -0.7495
vn 0.4681 -0.4681 -0.7495
vn 0.3678 -0.5504 -0.7495
vn 0.2533 -0.6116 -0.7495
vn 0.1291 -0.6492 -0.7495
vn 0.0767 -0.3858 -0.9194
vn -0.0000 -0.3934 -0.9194
vn 0.1505 -0.3635 -0.9194
vn 0.2185 -0.3271 -0.9194
vn 0.2781 -0.2781 -0.9194
vn 0.3271 -0.2186 -0.9194
vn 0.3634 -0.1505 -0.9194
vn 0.3858 -0.0768 -0.9194
vn 0.3934 -0.0000 -0.9194
vn 0.3858 0.0767 -0.9194
vn 0.3635 0.1505 -0.9194
vn 0.3271 0.2186 -0.9194
vn 0.2782 0.2782 -0.9194
vn 0.4681 0.4681 -0.7495
vn 0.3678 0.5504 -0.7495
vn 0.2533 0.6116 -0.7495
vn 0.1291 0.6492 -0.7495
vn 0.2186 0.3271 -0.9194
vn 0.1506 0.3634 -0.9194
vn 0.0768 0.3858 -0.9194
vn 0.1966 0.9554 -0.2205
vn -0.3271 -0.2186 -0.9194
vn -0.2782 -0.2782 -0.9194
vn -0.2186 -0.3271 -0.9194
vn -0.1506 -0.3634 -0.9194
vn -0.0767 -0.3858 -0.9194
vn -0.0204 0.2074 -0.9780
vn 0.0007 -0.0068 -1.0000
vn -0.2185 0.3271 -0.9194
vn -0.3271 0.2186 -0.9194
vn -0.3634 -0.1505 -0.9194
vn -0.3271 -0.2185 -0.9194
vn -0.1505 -0.3634 -0.9194
vn -0.0768 -0.3858 -0.9194
vn 0.0768 -0.3858 -0.9194
vn 0.1505 -0.3634 -0.9194
vn 0.2186 -0.3271 -0.9194
vn 0.2782 -0.2782 -0.9194
vn 0.3271 -0.2185 -0.9194
vn 0.3858 -0.0767 -0.9194
vn 0.3634 0.1505 -0.9194
vn 0.2185 0.3271 -0.9194
vn 0.1505 0.3634 -0.9194
vn 0.0767 0.3858 -0.9194
vn 0.0064 0.4486 -0.8937
vn -0.2832 0.9336 -0.2195
vn -0.0992 0.9236 0.3702
vn -0.1346 0.9377 0.3203
vn -0.0067 0.9514 0.3078
vn -0.1552 0.9548 0.2533
vn -0.3317 0.9428 -0.0335
vn -0.3334 0.9413 -0.0534
vn -0.4855 0.8742 0.0044
vn -0.4927 0.8698 0.0271
vn -0.4724 0.8616 0.1856
vn -0.4632 0.8595 0.2161
vn -0.4719 0.8663 0.1638
vn -0.5286 0.8356 0.1497
vn -0.5420 0.8209 0.1797
vn -0.4950 0.8315 0.2523
vn -0.4849 0.8397 0.2445
vn -0.4528 0.8520 0.2627
vn -0.4514 0.8479 0.2778
vn -0.4495 0.8529 0.2654
vn -0.4454 0.8594 0.2512
vn -0.4114 0.8813 0.2325
vn -0.4119 0.8799 0.2369
vn -0.4235 0.8807 0.2120
vn -0.4246 0.8815 0.2066
vn -0.4112 0.9047 0.1115
vn -0.4109 0.9053 0.1080
vn -0.4148 0.9099 -0.0066
vn -0.4127 0.9108 -0.0127
vn -0.3847 0.9203 -0.0710
vn -0.3868 0.9195 -0.0693
vn -0.4230 0.8989 -0.1140
vn -0.4292 0.8964 -0.1105
vn -0.4744 0.8565 -0.2034
vn -0.4800 0.8514 -0.2114
vn -0.4811 0.8397 -0.2518
vn -0.5260 0.8149 -0.2435
vn -0.5214 0.8184 -0.2417
vn -0.4673 0.8400 -0.2757
vn -0.4324 0.8411 -0.3250
vn -0.4951 0.8307 -0.2546
vn -0.5029 0.8453 -0.1805
vn -0.4838 0.8331 -0.2682
vn -0.5183 0.8432 -0.1427
vn -0.4837 0.8730 -0.0630
vn -0.5040 0.8602 -0.0769
vn -0.3577 0.9295 0.0897
vn -0.3379 0.9383 0.0733
vn -0.1382 0.9352 -0.3262
vn -0.1381 0.9290 -0.3434
vn 0.0033 0.9554 -0.2955
vn 0.0030 0.9553 -0.2956
vn 0.1109 0.9402 -0.3220
vn 0.1024 0.9354 -0.3386
vn 0.1234 -0.0000 0.9924
vn 0.1295 -0.0000 0.9916
vn 0.2714 -0.0000 0.9625
vn 0.2565 -0.0000 0.9665
vn 0.4173 -0.0000 0.9088
vn 0.3947 -0.0000 0.9188
vn 0.5476 -0.0000 0.8367
vn 0.5276 -0.0000 0.8495
vn 0.6905 -0.0000 0.7234
vn 0.6619 -0.0000 0.7496
vn 0.8000 -0.0000 0.6000
vn 0.7888 -0.0000 0.6146
vn 0.8748 -0.0000 0.4845
vn 0.8618 -0.0000 0.5073
vn 0.9285 -0.0000 0.3714
vn 0.9241 -0.0000 0.3822
vn 0.9582 -0.0000 0.2860
vn 0.9550 -0.0000 0.2967
vn 0.9850 -0.0000 0.1723
vn 0.9827 -0.0000 0.1850
vn 0.9968 -0.0000 0.0797
vn 0.9966 -0.0000 0.0819
vn 0.9995 -0.0000 0.0322
vn 0.9995 -0.0000 0.0323
vn 0.9997 -0.0000 -0.0234
vn 0.9997 -0.0000 -0.0251
vn 0.9968 -0.0000 -0.0800
vn 0.9966 -0.0000 -0.0825
vn 0.9849 -0.0000 -0.1732
vn 0.9825 -0.0000 -0.1864
vn 0.9515 -0.0000 -0.3076
vn 0.9455 -0.0000 -0.3256
vn 0.8608 -0.0000 -0.5089
vn 0.8333 -0.0000 -0.5528
vn 0.6705 -0.0000 -0.7419
vn 0.6292 -0.0000 -0.7773
vn 0.4545 -0.0000 -0.8907
vn 0.4207 -0.0000 -0.9072
vn 0.2676 -0.0000 -0.9635
vn 0.2487 -0.0000 -0.9686
vn 0.1079 -0.0000 -0.9942
vn 0.1005 -0.0000 -0.9949
vn -0.0000 -0.0000 -1.0000
vn -0.1217 -0.0000 0.9926
vn -0.1276 -0.0000 0.9918
vn -0.2542 -0.0000 0.9671
vn -0.2692 -0.0000 0.9631
vn -0.3966 -0.0000 0.9180
vn -0.4189 -0.0000 0.9080
vn -0.5311 -0.0000 0.8473
vn -0.5513 -0.0000 0.8343
vn -0.6637 -0.0000 0.7480
vn -0.6920 -0.0000 0.7219
vn -0.7888 -0.0000 0.6146
vn -0.8000 -0.0000 0.6000
vn -0.8618 -0.0000 0.5073
vn -0.8748 -0.0000 0.4845
vn -0.9241 -0.0000 0.3822
vn -0.9285 -0.0000 0.3714
vn -0.9550 -0.0000 0.2967
vn -0.9582 -0.0000 0.2860
vn -0.9827 -0.0000 0.1850
vn -0.9850 -0.0000 0.1723
vn -0.9966 -0.0000 0.0819
vn -0.9968 -0.0000 0.0797
vn -0.9995 -0.0000 0.0323
vn -0.9995 -0.0000 0.0322
vn -0.9997 -0.0000 -0.0251
vn -0.9997 -0.0000 -0.0234
vn -0.9966 -0.0000 -0.0825
vn -0.9968 -0.0000 -0.0800
vn -0.9825 -0.0000 -0.1864
vn -0.9849 -0.0000 -0.1732
vn -0.9455 -0.0000 -0.3256
vn -0.9515 -0.0000 -0.3076
vn -0.8333 -0.0000 -0.5528
vn -0.8608 -0.0000 -0.5089
vn -0.6292 -0.0000 -0.7773
vn -0.6705 -0.0000 -0.7419
vn -0.4304 -0.0000 -0.9026
vn -0.4617 -0.0000 -0.8871
vn -0.2458 -0.0000 -0.9693
vn -0.2681 -0.0000 -0.9634
vn -0.0937 -0.0000 -0.9956
vn -0.1004 -0.0000 -0.9949
vn -0.0000 1.0000 -0.0000
vn -0.9230 0.3197 0.2143
vn -0.9247 0.3161 0.2119
vn -1.0000 0.0021 0.0014
vn -1.0000 -0.0021 -0.0014
vn -0.7083 0.5864 0.3930
vn -0.7058 0.5885 0.3944
vn -0.3835 0.7672 0.5142
vn -0.3817 0.7678 0.5146
vn -0.9247 -0.3161 -0.2119
vn -0.9230 -0.3197 -0.2143
vn -0.7083 -0.5864 -0.3930
vn -0.7058 -0.5885 -0.3944
vn -0.3835 -0.7672 -0.5142
vn -0.3817 -0.7678 -0.5146
vn -0.0000 -0.8307 -0.5567
vn 0.3835 -0.7672 -0.5142
vn 0.3817 -0.7678 -0.5146
vn 0.7083 -0.5864 -0.3930
vn 0.7058 -0.5885 -0.3944
vn 0.9247 -0.3161 -0.2119
vn 0.9230 -0.3197 -0.2143
vn 1.0000 0.0021 0.0014
vn 1.0000 -0.0021 -0.0014
vn 0.9230 0.3197 0.2143
vn 0.9247 0.3161 0.2119
vn 0.7058 0.5885 0.3944
vn 0.7083 0.5864 0.3930
vn 0.3817 0.7678 0.5146
vn 0.3835 0.7672 0.5142
vn -0.0000 0.8307 0.5567
vn -0.0000 0.5736 -0.8192
vn -0.0000 0.5736 -0.8191
vn -0.4562 -0.3440 0.8207
vn -0.6971 -0.1398 0.7032
vn -0.4938 -0.4988 0.7123
vn -0.7546 -0.3764 0.5375
vn -0.5336 0.0607 0.8436
vn -0.3491 -0.2128 0.9126
vn -0.2888 0.1947 0.9374
vn -0.1890 -0.1251 0.9740
vn -0.0000 0.2417 0.9703
vn -0.0000 -0.0943 0.9955
vn -0.4562 -0.6536 0.6040
vn -0.6971 -0.6129 0.3719
vn -0.3491 -0.7848 0.5121
vn -0.5336 -0.8135 0.2315
vn -0.1890 -0.8725 0.4507
vn -0.2888 -0.9475 0.1377
vn -0.0000 -0.9032 0.4291
vn -0.0000 -0.9945 0.1047
vn 0.1890 -0.8725 0.4507
vn 0.2888 -0.9475 0.1377
vn 0.3491 -0.7848 0.5121
vn 0.5336 -0.8135 0.2315
vn 0.4562 -0.6536 0.6040
vn 0.6971 -0.6129 0.3719
vn 0.4938 -0.4988 0.7123
vn 0.7546 -0.3764 0.5375
vn 0.4562 -0.3440 0.8207
vn 0.6971 -0.1398 0.7032
vn 0.3491 -0.2128 0.9126
vn 0.5336 0.0607 0.8436
vn 0.1890 -0.1251 0.9740
vn 0.2888 0.1947 0.9374
vn 0.3744 0.6220 0.6877
vn -0.0000 0.6830 0.7304
vn 0.6919 0.4482 0.5661
vn 0.9039 0.1882 0.3840
vn 0.9784 -0.1185 0.1692
vn 0.9039 -0.4252 -0.0455
vn 0.6919 -0.6852 -0.2276
vn 0.3744 -0.8590 -0.3493
vn -0.0000 -0.9200 -0.3920
vn -0.3744 -0.8590 -0.3493
vn -0.6919 -0.6852 -0.2276
vn -0.9039 -0.4252 -0.0455
vn -0.9784 -0.1185 0.1692
vn -0.9039 0.1882 0.3840
vn -0.6919 0.4482 0.5661
vn -0.3744 0.6220 0.6877
vn -0.9039 0.4252 0.0455
vn -0.9784 0.1185 -0.1692
vn -0.6919 0.6852 0.2276
vn -0.3744 0.8590 0.3493
vn -0.0000 0.9200 0.3920
vn -0.6971 0.6129 -0.3719
vn -0.7546 0.3764 -0.5375
vn -0.5336 0.8135 -0.2315
vn -0.2888 0.9475 -0.1377
vn -0.0000 0.9945 -0.1047
vn -0.9039 -0.1882 -0.3840
vn -0.6919 -0.4482 -0.5661
vn -0.3744 -0.6220 -0.6877
vn -0.0000 -0.6830 -0.7304
vn 0.3744 -0.6220 -0.6877
vn 0.6919 -0.4482 -0.5661
vn 0.9039 -0.1882 -0.3840
vn 0.9784 0.1185 -0.1692
vn 0.9039 0.4252 0.0455
vn 0.6919 0.6852 0.2276
vn 0.3744 0.8590 0.3492
vn 0.2888 0.9475 -0.1377
vn 0.5336 0.8135 -0.2315
vn 0.6971 0.6129 -0.3719
vn 0.7546 0.3764 -0.5375
vn 0.6971 0.1398 -0.7032
vn 0.5336 -0.0607 -0.8436
vn 0.2888 -0.1947 -0.9374
vn -0.0000 -0.2417 -0.9703
vn -0.2888 -0.1947 -0.9374
vn -0.5336 -0.0607 -0.8436
vn -0.6971 0.1398 -0.7032
vn 0.4562 0.3440 -0.8207
vn 0.3491 0.2128 -0.9126
vn 0.1890 0.1251 -0.9740
vn -0.0000 0.0943 -0.9955
vn -0.1890 0.1251 -0.9740
vn -0.3491 0.2128 -0.9126
vn -0.4562 0.3440 -0.8207
vn -0.4938 0.4988 -0.7123
vn -0.4562 0.6536 -0.6040
vn -0.3491 0.7848 -0.5121
vn -0.1890 0.8725 -0.4507
vn -0.0000 0.9032 -0.4291
vn 0.1890 0.8725 -0.4507
vn 0.3491 0.7848 -0.5121
vn 0.4562 0.6536 -0.6040
vn 0.4938 0.4988 -0.7123
vn -0.0000 -0.5736 0.8192
vn -0.3016 0.4356 -0.8481
vn -0.2599 0.6319 -0.7302
vn -0.2288 0.4491 -0.8637
vn -0.1958 0.6446 -0.7391
vn -0.3344 0.6216 -0.7084
vn -0.3879 0.4273 -0.8167
vn -0.4011 0.6180 -0.6762
vn -0.4657 0.4248 -0.7763
vn -0.4614 0.6217 -0.6329
vn -0.5377 0.4286 -0.7261
vn -0.5167 0.6329 -0.5766
vn -0.6065 0.4387 -0.6632
vn -0.5673 0.6512 -0.5042
vn -0.6732 0.4546 -0.5832
vn -0.6120 0.6750 -0.4121
vn -0.7372 0.4752 -0.4803
vn -0.6479 0.7015 -0.2970
vn -0.7942 0.4976 -0.3488
vn -0.6694 0.7257 -0.1590
vn -0.8351 0.5177 -0.1861
vn -0.6708 0.7417 -0.0039
vn -0.8475 0.5308 0.0018
vn -0.6486 0.7450 0.1558
vn -0.8226 0.5333 0.1972
vn -0.6048 0.7356 0.3052
vn -0.7627 0.5251 0.3776
vn -0.5454 0.7173 0.4336
vn -0.6797 0.5097 0.5275
vn -0.4769 0.6959 0.5369
vn -0.5867 0.4916 0.6435
vn -0.4038 0.6761 0.6163
vn -0.4916 0.4749 0.7299
vn -0.3281 0.6608 0.6750
vn -0.3969 0.4621 0.7931
vn -0.2500 0.6513 0.7165
vn -0.3020 0.4540 0.8382
vn -0.1688 0.6478 0.7429
vn -0.2050 0.4510 0.8686
vn -0.0837 0.6497 0.7555
vn -0.1036 0.4526 0.8857
vn -0.0206 0.6572 0.7534
vn -0.0258 0.4594 0.8878
vn -0.7913 -0.0003 0.6114
vn -0.8968 -0.0003 0.4424
vn -0.9724 -0.0002 0.2333
vn -0.4494 0.0002 0.8933
vn -0.5604 -0.0000 0.8283
vn -0.6754 -0.0002 0.7375
vn -0.1183 0.0006 0.9930
vn -0.2319 0.0005 0.9727
vn -0.3411 0.0004 0.9400
vn -1.0000 -0.0000 0.0042
vn -0.9767 0.0001 -0.2146
vn -0.9166 0.0003 -0.3997
vn -0.8389 0.0003 -0.5443
vn -0.7567 0.0001 -0.6538
vn -0.6756 -0.0000 -0.7373
vn -0.5959 -0.0002 -0.8030
vn -0.5154 -0.0003 -0.8570
vn -0.4302 -0.0004 -0.9027
vn -0.3361 -0.0005 -0.9418
vn -0.2590 0.0001 -0.9659
vn -0.2037 0.4841 -0.8510
vn -0.1650 0.7007 -0.6941
vn -0.2326 0.0006 -0.9726
vn -0.9767 0.0002 -0.2146
vn -0.9724 -0.0002 0.2334
vn -0.0291 -0.0000 0.9996
vn 0.0011 -0.0007 1.0000
vn 0.0042 0.5097 0.8603
vn 0.0061 0.7122 0.7019
vn -0.1037 -0.4520 0.8860
vn -0.0838 -0.6518 0.7537
vn -0.0227 -0.4595 0.8879
vn -0.0165 -0.6572 0.7535
vn -0.1691 -0.6496 0.7412
vn -0.2052 -0.4505 0.8689
vn -0.2503 -0.6527 0.7151
vn -0.3023 -0.4537 0.8383
vn -0.3284 -0.6616 0.6741
vn -0.3972 -0.4619 0.7930
vn -0.4042 -0.6763 0.6159
vn -0.4918 -0.4750 0.7297
vn -0.4774 -0.6955 0.5371
vn -0.5869 -0.4918 0.6432
vn -0.5460 -0.7165 0.4341
vn -0.6797 -0.5100 0.5272
vn -0.6055 -0.7347 0.3059
vn -0.7625 -0.5254 0.3776
vn -0.6490 -0.7445 0.1563
vn -0.8225 -0.5334 0.1975
vn -0.6707 -0.7417 -0.0034
vn -0.8475 -0.5308 0.0022
vn -0.6690 -0.7262 -0.1584
vn -0.8352 -0.5177 -0.1859
vn -0.6472 -0.7023 -0.2963
vn -0.7943 -0.4974 -0.3489
vn -0.6115 -0.6758 -0.4116
vn -0.7372 -0.4749 -0.4806
vn -0.5669 -0.6516 -0.5041
vn -0.6731 -0.4544 -0.5835
vn -0.5164 -0.6328 -0.5769
vn -0.6062 -0.4386 -0.6634
vn -0.4613 -0.6210 -0.6337
vn -0.5374 -0.4287 -0.7262
vn -0.4011 -0.6168 -0.6773
vn -0.4654 -0.4251 -0.7763
vn -0.3347 -0.6199 -0.7097
vn -0.3876 -0.4278 -0.8166
vn -0.2604 -0.6299 -0.7317
vn -0.3013 -0.4363 -0.8479
vn -0.1997 -0.6441 -0.7384
vn -0.2317 -0.4487 -0.8631
vn -0.8389 0.0002 -0.5443
vn -0.9166 0.0002 -0.3997
vn -0.5960 -0.0002 -0.8030
vn -0.3361 -0.0006 -0.9418
vn -0.4302 -0.0005 -0.9027
vn -0.5604 -0.0000 0.8282
vn 0.0009 -0.5104 0.8600
vn 0.0018 -0.7102 0.7040
vn -0.2007 -0.4838 -0.8519
vn -0.1604 -0.7030 -0.6928
vn -0.0000 -1.0000 -0.0000
vn -0.4528 0.1648 0.8763
vn -0.7476 0.2721 0.6058
vn -0.4818 -0.0000 0.8763
vn -0.7956 -0.0000 0.6058
vn -0.6095 0.5114 0.6058
vn -0.3691 0.3097 0.8763
vn -0.3978 0.6890 0.6058
vn -0.2409 0.4173 0.8763
vn -0.1382 0.7835 0.6058
vn -0.0837 0.4745 0.8763
vn 0.1382 0.7835 0.6058
vn 0.0837 0.4745 0.8763
vn 0.3978 0.6890 0.6058
vn 0.2409 0.4173 0.8763
vn 0.6095 0.5114 0.6058
vn 0.3691 0.3097 0.8763
vn 0.7476 0.2721 0.6058
vn 0.4528 0.1648 0.8763
vn 0.7956 -0.0000 0.6058
vn 0.4818 -0.0000 0.8763
vn 0.7476 -0.2721 0.6058
vn 0.4528 -0.1648 0.8763
vn 0.6095 -0.5114 0.6058
vn 0.3691 -0.3097 0.8763
vn 0.3978 -0.6890 0.6058
vn 0.2409 -0.4173 0.8763
vn 0.1382 -0.7835 0.6058
vn 0.0837 -0.4745 0.8763
vn -0.1382 -0.7835 0.6058
vn -0.0837 -0.4745 0.8763
vn -0.3978 -0.6890 0.6058
vn -0.2409 -0.4173 0.8763
vn -0.6095 -0.5114 0.6058
vn -0.3691 -0.3097 0.8763
vn -0.7476 -0.2721 0.6058
vn -0.4528 -0.1648 0.8763
vn -0.9354 0.3405 0.0955
vn -0.9393 0.3419 0.0280
vn -0.9954 -0.0000 0.0955
vn -0.9996 -0.0000 0.0280
vn -0.7657 0.6425 0.0280
vn -0.7625 0.6399 0.0955
vn -0.4998 0.8657 0.0280
vn -0.4977 0.8621 0.0955
vn -0.1736 0.9844 0.0280
vn -0.1729 0.9803 0.0955
vn 0.1736 0.9844 0.0280
vn 0.1729 0.9803 0.0955
vn 0.4998 0.8657 0.0280
vn 0.4977 0.8621 0.0955
vn 0.7657 0.6425 0.0280
vn 0.7625 0.6399 0.0955
vn 0.9393 0.3419 0.0280
vn 0.9354 0.3405 0.0955
vn 0.9996 -0.0000 0.0280
vn 0.9954 -0.0000 0.0955
vn -0.4987 0.8637 -0.0729
vn -0.1732 0.9822 -0.0729
vn 0.1732 0.9822 -0.0729
vn 0.4987 0.8637 -0.0729
vn 0.7640 0.6411 -0.0729
vn 0.9372 0.3411 -0.0729
vn 0.9973 -0.0000 -0.0729
vn -0.1710 0.9698 -0.1740
vn -0.4924 0.8528 -0.1740
vn -0.7640 0.6411 -0.0729
vn -0.9372 0.3411 -0.0729
vn -0.9973 -0.0000 -0.0729
vn -0.9254 0.3368 -0.1740
vn -0.9847 -0.0000 -0.1740
vn -0.7544 0.6330 -0.1740
vn 0.4924 0.8528 -0.1740
vn 0.7544 0.6330 -0.1740
vn 0.9847 -0.0000 -0.1740
vn -0.8642 0.3145 -0.3927
vn -0.9197 -0.0000 -0.3927
vn -0.7045 0.5912 -0.3927
vn -0.4598 0.7965 -0.3927
vn -0.1597 0.9057 -0.3927
vn 0.1597 0.9057 -0.3927
vn 0.1710 0.9698 -0.1740
vn 0.4598 0.7965 -0.3927
vn 0.7045 0.5912 -0.3927
vn -0.6134 0.2232 -0.7576
vn -0.6527 -0.0000 -0.7576
vn -0.5001 0.4196 -0.7576
vn -0.3264 0.5653 -0.7576
vn 0.1134 0.6428 -0.7576
vn -0.1133 0.6429 -0.7576
vn 0.5000 0.4196 -0.7576
vn 0.3264 0.5653 -0.7576
vn 0.6134 0.2232 -0.7576
vn 0.8642 0.3145 -0.3927
vn 0.6528 -0.0000 -0.7576
vn 0.9197 -0.0000 -0.3927
vn 0.9254 0.3368 -0.1740
vn 0.9354 -0.3405 0.0955
vn 0.9393 -0.3419 0.0280
vn 0.7657 -0.6425 0.0280
vn 0.7625 -0.6399 0.0955
vn 0.4998 -0.8657 0.0280
vn 0.4977 -0.8621 0.0955
vn 0.1736 -0.9844 0.0280
vn 0.1729 -0.9803 0.0955
vn -0.1736 -0.9844 0.0280
vn -0.1729 -0.9803 0.0955
vn -0.4998 -0.8657 0.0280
vn -0.4977 -0.8621 0.0955
vn -0.7657 -0.6425 0.0280
vn -0.7625 -0.6399 0.0955
vn -0.9393 -0.3419 0.0280
vn -0.9354 -0.3405 0.0955
vn 0.4987 -0.8637 -0.0729
vn 0.1732 -0.9822 -0.0729
vn -0.1732 -0.9822 -0.0729
vn -0.4987 -0.8637 -0.0729
vn -0.7640 -0.6411 -0.0729
vn -0.9372 -0.3411 -0.0729
vn 0.1710 -0.9698 -0.1740
vn 0.4924 -0.8528 -0.1740
vn 0.7640 -0.6411 -0.0729
vn 0.9372 -0.3411 -0.0729
vn 0.9254 -0.3368 -0.1740
vn 0.7544 -0.6330 -0.1740
vn -0.4924 -0.8528 -0.1740
vn -0.7544 -0.6330 -0.1740
vn 0.8642 -0.3145 -0.3927
vn 0.7045 -0.5912 -0.3927
vn 0.4598 -0.7965 -0.3927
vn 0.1597 -0.9057 -0.3927
vn -0.1597 -0.9057 -0.3927
vn -0.1710 -0.9698 -0.1740
vn -0.4598 -0.7965 -0.3927
vn -0.7045 -0.5912 -0.3927
vn 0.6134 -0.2233 -0.7576
vn 0.5000 -0.4196 -0.7576
vn 0.3264 -0.5653 -0.7576
vn -0.1133 -0.6428 -0.7576
vn 0.1134 -0.6428 -0.7576
vn -0.5000 -0.4196 -0.7576
vn -0.3264 -0.5653 -0.7576
vn -0.6134 -0.2233 -0.7576
vn -0.8642 -0.3146 -0.3927
vn -0.6528 -0.0000 -0.7576
vn -0.9254 -0.3368 -0.1740
vn -0.5000 0.4196 -0.7576
vn -0.1134 0.6428 -0.7576
vn 0.6527 -0.0000 -0.7576
vn 0.6134 -0.2232 -0.7576
vn 0.1133 -0.6428 -0.7576
vn -0.1134 -0.6428 -0.7576
vn -0.6134 -0.2232 -0.7576
vn 0.1958 0.6446 -0.7391
vn 0.2599 0.6319 -0.7302
vn 0.2288 0.4491 -0.8637
vn 0.3016 0.4356 -0.8481
vn 0.3344 0.6216 -0.7084
vn 0.3879 0.4272 -0.8167
vn 0.4011 0.6180 -0.6762
vn 0.4657 0.4248 -0.7763
vn 0.4614 0.6217 -0.6329
vn 0.5377 0.4286 -0.7261
vn 0.5167 0.6329 -0.5766
vn 0.6065 0.4387 -0.6632
vn 0.5673 0.6512 -0.5042
vn 0.6732 0.4546 -0.5832
vn 0.6120 0.6750 -0.4121
vn 0.7372 0.4752 -0.4803
vn 0.6479 0.7015 -0.2970
vn 0.7942 0.4976 -0.3488
vn 0.6694 0.7257 -0.1590
vn 0.8351 0.5177 -0.1861
vn 0.6708 0.7417 -0.0039
vn 0.8475 0.5308 0.0018
vn 0.6486 0.7450 0.1558
vn 0.8226 0.5333 0.1972
vn 0.6048 0.7356 0.3052
vn 0.7627 0.5251 0.3776
vn 0.5454 0.7173 0.4336
vn 0.6797 0.5097 0.5275
vn 0.4769 0.6959 0.5369
vn 0.5867 0.4916 0.6435
vn 0.4038 0.6761 0.6163
vn 0.4916 0.4749 0.7299
vn 0.3281 0.6608 0.6750
vn 0.3969 0.4621 0.7931
vn 0.2500 0.6513 0.7165
vn 0.3020 0.4540 0.8382
vn 0.1688 0.6478 0.7429
vn 0.2050 0.4510 0.8686
vn 0.0837 0.6497 0.7555
vn 0.1036 0.4526 0.8857
vn 0.0206 0.6572 0.7534
vn 0.0258 0.4594 0.8878
vn 0.7913 -0.0003 0.6114
vn 0.8968 -0.0003 0.4424
vn 0.6754 -0.0002 0.7375
vn 0.5604 -0.0000 0.8283
vn 0.4494 0.0002 0.8933
vn 0.3411 0.0004 0.9400
vn 0.2319 0.0005 0.9727
vn 0.1183 0.0006 0.9930
vn 0.0291 -0.0000 0.9996
vn -0.0042 0.5097 0.8603
vn -0.0061 0.7122 0.7019
vn -0.0011 -0.0007 1.0000
vn 0.9724 -0.0002 0.2333
vn 0.9724 -0.0002 0.2334
vn 1.0000 -0.0000 0.0042
vn 0.9767 0.0001 -0.2146
vn 0.9767 0.0002 -0.2146
vn 0.9166 0.0003 -0.3997
vn 0.8389 0.0002 -0.5443
vn 0.7567 0.0001 -0.6538
vn 0.6756 -0.0000 -0.7373
vn 0.5959 -0.0001 -0.8030
vn 0.5154 -0.0003 -0.8570
vn 0.4302 -0.0004 -0.9027
vn 0.3361 -0.0006 -0.9418
vn 0.2590 0.0001 -0.9659
vn 0.2037 0.4841 -0.8510
vn 0.1650 0.7007 -0.6941
vn 0.2326 0.0006 -0.9726
vn 0.0165 -0.6572 0.7535
vn 0.0838 -0.6518 0.7537
vn 0.0227 -0.4595 0.8879
vn 0.1037 -0.4520 0.8860
vn 0.1691 -0.6496 0.7412
vn 0.2052 -0.4505 0.8689
vn 0.2503 -0.6527 0.7151
vn 0.3023 -0.4537 0.8383
vn 0.3284 -0.6616 0.6741
vn 0.3972 -0.4619 0.7930
vn 0.4042 -0.6763 0.6159
vn 0.4918 -0.4750 0.7297
vn 0.4774 -0.6955 0.5371
vn 0.5869 -0.4918 0.6432
vn 0.5460 -0.7165 0.4341
vn 0.6797 -0.5100 0.5272
vn 0.6055 -0.7347 0.3059
vn 0.7625 -0.5254 0.3776
vn 0.6490 -0.7445 0.1563
vn 0.8225 -0.5334 0.1975
vn 0.6707 -0.7417 -0.0034
vn 0.8475 -0.5308 0.0022
vn 0.6690 -0.7262 -0.1584
vn 0.8352 -0.5177 -0.1859
vn 0.6473 -0.7023 -0.2963
vn 0.7943 -0.4974 -0.3489
vn 0.6115 -0.6758 -0.4116
vn 0.7372 -0.4749 -0.4806
vn 0.5669 -0.6516 -0.5041
vn 0.6731 -0.4544 -0.5835
vn 0.5164 -0.6328 -0.5769
vn 0.6062 -0.4386 -0.6634
vn 0.4613 -0.6210 -0.6337
vn 0.5374 -0.4287 -0.7262
vn 0.4011 -0.6168 -0.6773
vn 0.4654 -0.4251 -0.7763
vn 0.3347 -0.6199 -0.7097
vn 0.3876 -0.4278 -0.8166
vn 0.2604 -0.6299 -0.7317
vn 0.3013 -0.4363 -0.8479
vn 0.1997 -0.6441 -0.7384
vn 0.2317 -0.4487 -0.8631
vn 0.9166 0.0002 -0.3997
vn 0.5960 -0.0001 -0.8030
vn 0.4302 -0.0005 -0.9027
vn 0.2007 -0.4838 -0.8519
vn 0.1604 -0.7030 -0.6928
vn 0.5604 -0.0000 0.8282
vn -0.0009 -0.5104 0.8600
vn -0.0018 -0.7102 0.7040
vn -0.8642 0.3146 -0.3927
vn 0.6134 0.2233 -0.7576
vn 0.1133 -0.6429 -0.7576
vn -0.8642 -0.3145 -0.3927
vn -0.6134 0.2233 -0.7576
vn 0.3388 0.1840 -0.9227
vn 0.5113 0.1653 -0.8434
vn 0.3489 0.0464 -0.9360
vn 0.5204 0.0385 -0.8531
vn 0.4945 0.3226 -0.8071
vn 0.3271 0.3509 -0.8774
vn 0.4768 0.4564 -0.7512
vn 0.3152 0.4911 -0.8121
vn 0.4614 0.5685 -0.6811
vn 0.3049 0.6075 -0.7335
vn 0.4496 0.6626 -0.5990
vn 0.2971 0.7050 -0.6439
vn 0.4413 0.7415 -0.5054
vn 0.2918 0.7872 -0.5433
vn 0.4358 0.8063 -0.3999
vn 0.2881 0.8552 -0.4308
vn 0.4315 0.8564 -0.2836
vn 0.2851 0.9080 -0.3068
vn 0.4273 0.8900 -0.1591
vn 0.2821 0.9435 -0.1741
vn 0.4224 0.9059 -0.0313
vn 0.2784 0.9597 -0.0376
vn 0.4168 0.9041 0.0944
vn 0.2742 0.9568 0.0966
vn 0.4113 0.8862 0.2131
vn 0.2702 0.9366 0.2231
vn 0.4072 0.8547 0.3221
vn 0.2673 0.9020 0.3390
vn 0.4058 0.8116 0.4204
vn 0.2664 0.8557 0.4435
vn 0.4083 0.7580 0.5087
vn 0.2685 0.7991 0.5379
vn 0.4156 0.6937 0.5882
vn 0.2740 0.7320 0.6238
vn 0.4284 0.6170 0.6602
vn 0.2836 0.6521 0.7031
vn 0.4469 0.5247 0.7245
vn 0.2972 0.5560 0.7762
vn 0.4708 0.4129 0.7796
vn 0.3146 0.4388 0.8417
vn 0.5012 0.2666 0.8233
vn 0.3345 0.2787 0.9003
vn -0.0000 0.9360 0.3519
vn -0.0000 0.9727 0.2319
vn -0.0000 0.9950 0.1004
vn 0.0002 0.7617 0.6479
vn 0.0001 0.8299 0.5580
vn -0.0000 0.8879 0.4601
vn 0.0006 0.4641 0.8858
vn 0.0005 0.5838 0.8119
vn 0.0004 0.6811 0.7322
vn 0.0002 0.9992 -0.0396
vn 0.0002 0.9833 -0.1823
vn 0.0003 0.9470 -0.3212
vn 0.0003 0.8926 -0.4509
vn 0.0002 0.8226 -0.5687
vn -0.0000 0.7382 -0.6746
vn -0.0003 0.6383 -0.7698
vn -0.0005 0.5187 -0.8549
vn -0.0008 0.3736 -0.9276
vn -0.0009 0.1986 -0.9801
vn -0.0003 0.0534 -0.9986
vn 0.2997 0.0038 -0.9540
vn 0.5653 0.0025 -0.8249
vn 0.0001 0.0039 -1.0000
vn 0.0002 0.9832 -0.1823
vn -0.0000 0.9950 0.1003
vn 0.0015 0.2965 0.9550
vn 0.0011 0.1975 0.9803
vn 0.1684 0.1969 0.9659
vn 0.5649 0.1571 0.8101
vn 1.0000 -0.0000 -0.0000
vn 1.0000 -0.0048 0.0043
vn 0.9999 -0.0129 -0.0000
vn 0.9999 -0.0127 0.0060
vn 0.9999 -0.0017 0.0135
vn 0.1295 -0.3993 -0.9076
vn 0.1059 -0.5889 -0.8013
vn 0.0297 -0.3989 -0.9165
vn 0.0218 -0.5857 -0.8102
vn 0.2208 -0.5985 -0.7701
vn 0.2604 -0.4075 -0.8753
vn 0.3350 -0.6131 -0.7155
vn 0.3918 -0.4197 -0.8187
vn 0.4478 -0.6307 -0.6338
vn 0.5237 -0.4340 -0.7331
vn 0.5557 -0.6465 -0.5227
vn 0.6517 -0.4466 -0.6131
vn 0.6512 -0.6541 -0.3849
vn 0.7647 -0.4524 -0.4588
vn 0.7255 -0.6477 -0.2324
vn 0.8483 -0.4477 -0.2828
vn 0.7742 -0.6274 -0.0838
vn 0.8953 -0.4320 -0.1086
vn 0.7999 -0.5984 0.0459
vn 0.9113 -0.4095 0.0426
vn 0.8092 -0.5678 0.1512
vn 0.9081 -0.3858 0.1628
vn 0.8076 -0.5409 0.2351
vn 0.8951 -0.3651 0.2559
vn 0.7978 -0.5207 0.3040
vn 0.8766 -0.3500 0.3303
vn 0.7802 -0.5085 0.3642
vn 0.8530 -0.3409 0.3952
vn 0.7536 -0.5047 0.4212
vn 0.8224 -0.3382 0.4576
vn 0.7153 -0.5092 0.4785
vn 0.7812 -0.3416 0.5225
vn 0.6618 -0.5218 0.5383
vn 0.7248 -0.3512 0.5927
vn 0.5880 -0.5419 0.6005
vn 0.6469 -0.3665 0.6687
vn 0.4885 -0.5680 0.6624
vn 0.5404 -0.3864 0.7474
vn 0.3583 -0.5975 0.7174
vn 0.3983 -0.4086 0.8212
vn 0.1954 -0.6258 0.7551
vn 0.2159 -0.4289 0.8772
vn 0.9070 0.0001 0.4212
vn 0.9353 0.0003 0.3540
vn 0.9611 0.0006 0.2763
vn 0.9841 0.0008 0.1775
vn 0.6959 -0.0006 0.7182
vn 0.7745 -0.0006 0.6325
vn 0.8314 -0.0004 0.5557
vn 0.8737 -0.0002 0.4865
vn 0.9989 0.0006 0.0463
vn 0.9925 0.0003 -0.1226
vn 0.9475 -0.0001 -0.3197
vn 0.9841 0.0007 0.1775
vn 0.8555 -0.0004 -0.5178
vn 0.7261 -0.0006 -0.6876
vn 0.5794 -0.0004 -0.8150
vn 0.4309 -0.0001 -0.9024
vn 0.2856 0.0002 -0.9583
vn 0.1429 0.0005 -0.9897
vn 0.0353 0.0002 -0.9994
vn 0.0009 -0.4187 -0.9081
vn 0.0013 -0.6078 -0.7941
vn 0.0002 -0.0766 -0.9971
vn 0.5863 -0.0007 0.8101
vn 0.4364 -0.0006 0.8998
vn 0.2409 -0.0025 0.9705
vn -0.0023 -0.1129 0.9936
vn -0.0006 -0.4458 0.8951
vn -0.0008 -0.6489 0.7609
vn 0.0005 -0.9997 0.0229
vn 0.0002 -0.9997 0.0252
vn 0.0055 -1.0000 0.0041
vn -0.0000 -0.9997 0.0264
vn 0.0001 -0.9997 0.0261
vn 0.0009 -0.9997 0.0239
vn 0.0025 -0.9998 0.0203
vn 0.0050 -0.9999 0.0156
vn 0.0083 -0.9999 0.0107
vn 0.0120 -0.9999 0.0060
vn 0.0157 -0.9999 0.0021
vn 0.0188 -0.9998 -0.0006
vn 0.0210 -0.9998 -0.0022
vn 0.0217 -0.9998 -0.0026
vn 0.0209 -0.9998 -0.0023
vn 0.0186 -0.9998 -0.0016
vn 0.0153 -0.9999 -0.0008
vn 0.0114 -0.9999 -0.0002
vn 0.0074 -1.0000 0.0001
vn 0.0036 -1.0000 0.0002
vn 0.0011 -1.0000 0.0001
vn -0.0001 -1.0000 -0.0000
vn -0.0002 -1.0000 -0.0000
vn 0.3983 0.4080 0.8215
vn 0.3568 0.5998 0.7162
vn 0.2234 0.4270 0.8762
vn 0.2031 0.6254 0.7534
vn 0.4868 0.5707 0.6612
vn 0.5407 0.3856 0.7477
vn 0.5866 0.5446 0.5995
vn 0.6474 0.3656 0.6688
vn 0.6607 0.5243 0.5373
vn 0.7253 0.3504 0.5927
vn 0.7147 0.5111 0.4775
vn 0.7816 0.3410 0.5223
vn 0.7535 0.5058 0.4201
vn 0.8227 0.3378 0.4572
vn 0.7806 0.5085 0.3635
vn 0.8532 0.3410 0.3946
vn 0.7987 0.5195 0.3037
vn 0.8766 0.3505 0.3296
vn 0.8090 0.5386 0.2356
vn 0.8949 0.3661 0.2551
vn 0.8111 0.5648 0.1522
vn 0.9078 0.3868 0.1624
vn 0.8019 0.5956 0.0471
vn 0.9110 0.4103 0.0427
vn 0.7757 0.6257 -0.0827
vn 0.8952 0.4324 -0.1080
vn 0.7259 0.6477 -0.2314
vn 0.8485 0.4476 -0.2821
vn 0.6506 0.6553 -0.3837
vn 0.7651 0.4522 -0.4585
vn 0.5547 0.6482 -0.5216
vn 0.6518 0.4461 -0.6133
vn 0.4469 0.6319 -0.6333
vn 0.5234 0.4335 -0.7335
vn 0.3342 0.6133 -0.7157
vn 0.3913 0.4195 -0.8191
vn 0.2200 0.5974 -0.7712
vn 0.2599 0.4077 -0.8754
vn 0.1051 0.5868 -0.8029
vn 0.1291 0.3998 -0.9075
vn 0.0248 0.5858 -0.8101
vn 0.0319 0.3992 -0.9163
vn 0.8555 -0.0005 -0.5178
vn 0.4308 -0.0001 -0.9024
vn -0.0022 0.3207 -0.9472
vn -0.0047 0.6121 -0.7908
vn 0.4364 -0.0005 0.8998
vn 0.5863 -0.0006 0.8101
vn 0.7745 -0.0006 0.6326
vn 0.9353 0.0004 0.3540
vn -0.0036 0.9999 -0.0159
vn -0.0043 0.9998 -0.0174
vn 0.0030 1.0000 -0.0020
vn -0.0049 0.9998 -0.0184
vn -0.0050 0.9998 -0.0185
vn -0.0042 0.9998 -0.0175
vn -0.0019 0.9999 -0.0150
vn 0.0023 0.9999 -0.0109
vn 0.0082 1.0000 -0.0056
vn 0.0151 0.9999 0.0001
vn 0.0216 0.9998 0.0050
vn 0.0260 0.9996 0.0082
vn 0.0278 0.9996 0.0093
vn 0.0268 0.9996 0.0088
vn 0.0239 0.9997 0.0073
vn 0.0199 0.9998 0.0054
vn 0.0155 0.9999 0.0036
vn 0.0111 0.9999 0.0022
vn 0.0070 1.0000 0.0011
vn 0.0036 1.0000 0.0004
vn 0.0011 1.0000 0.0001
vn 0.0003 1.0000 -0.0000
vn 0.0004 1.0000 -0.0000
vn 0.1149 0.5856 0.8024
vn 0.1269 0.2528 0.9592
vn -0.3137 0.4393 0.8418
vn -0.4736 0.4121 0.7784
vn -0.3358 0.2782 0.8999
vn -0.5024 0.2629 0.8237
vn -0.4492 0.5241 0.7236
vn -0.2964 0.5565 0.7762
vn -0.4301 0.6166 0.6594
vn -0.2830 0.6525 0.7030
vn -0.4166 0.6936 0.5877
vn -0.2737 0.7322 0.6237
vn -0.4087 0.7580 0.5083
vn -0.2683 0.7993 0.5377
vn -0.4058 0.8117 0.4202
vn -0.2664 0.8558 0.4434
vn -0.4069 0.8548 0.3221
vn -0.2674 0.9020 0.3390
vn -0.4111 0.8863 0.2133
vn -0.2702 0.9366 0.2232
vn -0.4169 0.9040 0.0946
vn -0.2741 0.9568 0.0968
vn -0.4230 0.9056 -0.0310
vn -0.2781 0.9598 -0.0374
vn -0.4284 0.8895 -0.1588
vn -0.2817 0.9436 -0.1739
vn -0.4330 0.8557 -0.2834
vn -0.2847 0.9082 -0.3068
vn -0.4372 0.8056 -0.3998
vn -0.2877 0.8553 -0.4309
vn -0.4423 0.7408 -0.5055
vn -0.2915 0.7871 -0.5435
vn -0.4496 0.6621 -0.5995
vn -0.2972 0.7047 -0.6442
vn -0.4603 0.5683 -0.6820
vn -0.3053 0.6070 -0.7337
vn -0.4745 0.4566 -0.7526
vn -0.3160 0.4905 -0.8122
vn -0.4912 0.3230 -0.8090
vn -0.3282 0.3504 -0.8772
vn -0.5074 0.1657 -0.8456
vn -0.3399 0.1838 -0.9223
vn -0.5193 0.0429 -0.8535
vn -0.3491 0.0492 -0.9358
vn 0.0002 0.8225 -0.5687
vn -0.0009 0.1985 -0.9801
vn -0.0007 0.3735 -0.9276
vn -0.0005 0.5187 -0.8550
vn 0.0001 0.9950 0.1004
vn -0.1785 0.1910 0.9652
vn -0.5603 0.1615 0.8124
vn 0.0002 0.9833 -0.1822
vn -0.3002 0.0021 -0.9539
vn -0.5690 -0.0012 -0.8223
vn -1.0000 -0.0000 -0.0000
vn -1.0000 -0.0073 0.0051
vn -1.0000 -0.0009 -0.0000
vn -0.9999 -0.0090 0.0058
vn -0.9997 -0.0185 0.0135
vn -0.3983 -0.4080 0.8215
vn -0.3568 -0.5998 0.7162
vn -0.2144 -0.4289 0.8775
vn -0.1930 -0.6266 0.7550
vn -0.4868 -0.5707 0.6612
vn -0.5407 -0.3856 0.7477
vn -0.5866 -0.5446 0.5995
vn -0.6474 -0.3656 0.6688
vn -0.6607 -0.5243 0.5373
vn -0.7253 -0.3504 0.5927
vn -0.7147 -0.5111 0.4775
vn -0.7816 -0.3410 0.5223
vn -0.7535 -0.5058 0.4201
vn -0.8227 -0.3378 0.4572
vn -0.7806 -0.5085 0.3635
vn -0.8532 -0.3410 0.3946
vn -0.7987 -0.5195 0.3037
vn -0.8766 -0.3505 0.3296
vn -0.8090 -0.5386 0.2356
vn -0.8949 -0.3661 0.2551
vn -0.8111 -0.5648 0.1522
vn -0.9078 -0.3868 0.1624
vn -0.8019 -0.5956 0.0471
vn -0.9110 -0.4103 0.0427
vn -0.7757 -0.6257 -0.0827
vn -0.8952 -0.4324 -0.1080
vn -0.7259 -0.6477 -0.2314
vn -0.8485 -0.4476 -0.2821
vn -0.6506 -0.6553 -0.3837
vn -0.7650 -0.4522 -0.4585
vn -0.5547 -0.6482 -0.5216
vn -0.6518 -0.4461 -0.6133
vn -0.4469 -0.6319 -0.6333
vn -0.5234 -0.4335 -0.7335
vn -0.3342 -0.6133 -0.7157
vn -0.3913 -0.4195 -0.8191
vn -0.2200 -0.5974 -0.7712
vn -0.2599 -0.4077 -0.8754
vn -0.1051 -0.5868 -0.8029
vn -0.1291 -0.3998 -0.9075
vn -0.0249 -0.5856 -0.8102
vn -0.0319 -0.3992 -0.9163
vn -0.9475 0.0001 -0.3197
vn -0.8555 0.0005 -0.5179
vn -0.7260 0.0006 -0.6876
vn -0.5794 0.0004 -0.8150
vn -0.4308 0.0001 -0.9024
vn -0.2857 -0.0002 -0.9583
vn -0.1429 -0.0005 -0.9897
vn -0.0352 -0.0001 -0.9994
vn 0.0010 -0.4187 -0.9081
vn -0.2376 0.0001 0.9714
vn -0.4364 0.0005 0.8998
vn -0.5863 0.0006 0.8101
vn -0.6959 0.0006 0.7182
vn -0.7745 0.0006 0.6326
vn -0.8314 0.0004 0.5557
vn -0.8737 0.0002 0.4865
vn -0.9070 -0.0001 0.4212
vn -0.9353 -0.0004 0.3540
vn -0.9611 -0.0006 0.2763
vn -0.9841 -0.0007 0.1775
vn -0.9989 -0.0006 0.0463
vn -0.9925 -0.0003 -0.1226
vn 0.0036 -0.9999 -0.0159
vn 0.0043 -0.9998 -0.0174
vn -0.0030 -1.0000 -0.0020
vn 0.0049 -0.9998 -0.0184
vn 0.0050 -0.9998 -0.0185
vn 0.0042 -0.9998 -0.0175
vn 0.0019 -0.9999 -0.0150
vn -0.0023 -0.9999 -0.0109
vn -0.0082 -1.0000 -0.0056
vn -0.0151 -0.9999 0.0001
vn -0.0216 -0.9998 0.0050
vn -0.0261 -0.9996 0.0082
vn -0.0277 -0.9996 0.0093
vn -0.0268 -0.9996 0.0088
vn -0.0239 -0.9997 0.0073
vn -0.0199 -0.9998 0.0054
vn -0.0155 -0.9999 0.0036
vn -0.0111 -0.9999 0.0022
vn -0.0070 -1.0000 0.0011
vn -0.0036 -1.0000 0.0004
vn -0.0011 -1.0000 0.0001
vn 0.0001 -1.0000 -0.0000
vn -0.0003 -1.0000 -0.0000
vn -0.0005 -0.4458 0.8951
vn -0.1295 0.3993 -0.9076
vn -0.1058 0.5889 -0.8013
vn -0.0295 0.3990 -0.9165
vn -0.0213 0.5857 -0.8102
vn -0.2208 0.5985 -0.7701
vn -0.2604 0.4075 -0.8753
vn -0.3350 0.6131 -0.7154
vn -0.3918 0.4197 -0.8187
vn -0.4478 0.6307 -0.6338
vn -0.5237 0.4340 -0.7331
vn -0.5557 0.6465 -0.5227
vn -0.6517 0.4466 -0.6131
vn -0.6512 0.6541 -0.3849
vn -0.7647 0.4524 -0.4588
vn -0.7255 0.6477 -0.2324
vn -0.8483 0.4477 -0.2828
vn -0.7742 0.6274 -0.0838
vn -0.8953 0.4320 -0.1086
vn -0.7999 0.5984 0.0459
vn -0.9113 0.4095 0.0426
vn -0.8092 0.5678 0.1512
vn -0.9081 0.3858 0.1628
vn -0.8076 0.5409 0.2351
vn -0.8951 0.3652 0.2559
vn -0.7978 0.5207 0.3040
vn -0.8766 0.3500 0.3303
vn -0.7802 0.5085 0.3642
vn -0.8530 0.3409 0.3952
vn -0.7536 0.5047 0.4212
vn -0.8224 0.3382 0.4576
vn -0.7153 0.5092 0.4785
vn -0.7812 0.3416 0.5225
vn -0.6618 0.5218 0.5383
vn -0.7248 0.3512 0.5927
vn -0.5880 0.5418 0.6005
vn -0.6469 0.3665 0.6687
vn -0.4885 0.5680 0.6624
vn -0.5404 0.3864 0.7474
vn -0.3583 0.5975 0.7174
vn -0.3983 0.4086 0.8212
vn -0.2016 0.6227 0.7561
vn -0.2192 0.4269 0.8773
vn -0.9353 -0.0003 0.3540
vn -0.6959 0.0007 0.7182
vn -0.7745 0.0006 0.6325
vn -0.9989 -0.0007 0.0463
vn -0.9475 0.0002 -0.3197
vn -0.7261 0.0006 -0.6876
vn -0.2856 -0.0002 -0.9583
vn 0.0003 0.3195 -0.9476
vn 0.0012 0.6083 -0.7937
vn -0.5863 0.0007 0.8101
vn -0.4364 0.0006 0.8998
vn -0.1390 0.2399 0.9608
vn -0.1243 0.5760 0.8080
vn -0.0005 0.9997 0.0230
vn -0.0002 0.9997 0.0252
vn -0.0056 1.0000 0.0041
vn -0.0000 0.9997 0.0265
vn -0.0001 0.9997 0.0261
vn -0.0009 0.9997 0.0239
vn -0.0025 0.9998 0.0203
vn -0.0050 0.9999 0.0156
vn -0.0083 0.9999 0.0107
vn -0.0120 0.9999 0.0060
vn -0.0157 0.9999 0.0021
vn -0.0188 0.9998 -0.0006
vn -0.0210 0.9998 -0.0022
vn -0.0217 0.9998 -0.0026
vn -0.0209 0.9998 -0.0023
vn -0.0186 0.9998 -0.0016
vn -0.0153 0.9999 -0.0008
vn -0.0114 0.9999 -0.0002
vn -0.0074 1.0000 0.0001
vn -0.0036 1.0000 0.0002
vn -0.0011 1.0000 0.0001
vn -0.0004 1.0000 -0.0000
vn -0.0003 1.0000 -0.0000
vt 0.513187 0.533965
vt 0.502578 0.532907
vt 0.513188 0.478900
vt 0.492376 0.529774
vt 0.482974 0.524685
vt 0.474733 0.517837
vt 0.467970 0.509493
vt 0.462944 0.499972
vt 0.459850 0.489643
vt 0.458805 0.478900
vt 0.459850 0.468157
vt 0.462944 0.457828
vt 0.467970 0.448308
vt 0.474733 0.439963
vt 0.482974 0.433115
vt 0.492376 0.428027
vt 0.502578 0.424893
vt 0.497839 0.557030
vt 0.483080 0.552497
vt 0.469479 0.545135
vt 0.457557 0.535229
vt 0.447773 0.523157
vt 0.440502 0.509385
vt 0.436025 0.494441
vt 0.434514 0.478900
vt 0.436025 0.463359
vt 0.440502 0.448415
vt 0.447773 0.434643
vt 0.457557 0.422571
vt 0.469479 0.412665
vt 0.483080 0.405303
vt 0.497839 0.400770
vt 0.513188 0.399239
vt 0.513188 0.423835
vt 0.523797 0.424893
vt 0.533999 0.428027
vt 0.543401 0.433115
vt 0.551642 0.439963
vt 0.558405 0.448308
vt 0.563431 0.457828
vt 0.566526 0.468157
vt 0.567570 0.478900
vt 0.566525 0.489643
vt 0.563431 0.499973
vt 0.558405 0.509493
vt 0.551642 0.517837
vt 0.543401 0.524685
vt 0.533999 0.529774
vt 0.523797 0.532907
vt 0.543295 0.405303
vt 0.528536 0.400770
vt 0.556896 0.412665
vt 0.568818 0.422571
vt 0.578603 0.434643
vt 0.585873 0.448415
vt 0.590350 0.463359
vt 0.591861 0.478900
vt 0.590350 0.494441
vt 0.585873 0.509385
vt 0.578602 0.523157
vt 0.568818 0.535229
vt 0.556896 0.545135
vt 0.543294 0.552497
vt 0.528536 0.557030
vt 0.513187 0.558561
vt 0.492087 0.584981
vt 0.513187 0.587059
vt 0.471797 0.578826
vt 0.453098 0.568831
vt 0.436708 0.555380
vt 0.423257 0.538990
vt 0.413262 0.520291
vt 0.407107 0.500001
vt 0.405029 0.478900
vt 0.407107 0.457799
vt 0.413262 0.437509
vt 0.423257 0.418810
vt 0.436708 0.402420
vt 0.453098 0.388969
vt 0.471797 0.378974
vt 0.492087 0.372819
vt 0.513188 0.370741
vt 0.534288 0.372819
vt 0.554578 0.378974
vt 0.573277 0.388969
vt 0.589667 0.402420
vt 0.603118 0.418810
vt 0.613113 0.437510
vt 0.619268 0.457799
vt 0.621346 0.478900
vt 0.619268 0.500001
vt 0.613113 0.520291
vt 0.603118 0.538990
vt 0.589667 0.555380
vt 0.573277 0.568831
vt 0.554578 0.578826
vt 0.534288 0.584981
vt 0.674454 0.461302
vt 0.709073 0.457644
vt 0.676463 0.478942
vt 0.709073 0.475430
vt 0.709073 0.436759
vt 0.668478 0.440798
vt 0.667599 0.439300
vt 0.709073 0.414581
vt 0.655416 0.419387
vt 0.641176 0.399019
vt 0.709073 0.388529
vt 0.635686 0.394119
vt 0.610239 0.371411
vt 0.709072 0.360376
vt 0.602884 0.366701
vt 0.602840 0.332636
vt 0.709073 0.328257
vt 0.602840 0.295637
vt 0.709073 0.293405
vt 0.602840 0.257160
vt 0.709072 0.257160
vt 0.602840 0.218683
vt 0.709073 0.220916
vt 0.602840 0.181685
vt 0.709073 0.186064
vt 0.602840 0.147587
vt 0.709073 0.153944
vt 0.602840 0.117700
vt 0.709073 0.125791
vt 0.602840 0.089686
vt 0.709073 0.099201
vt 0.602840 0.063044
vt 0.709073 0.073616
vt 0.602840 0.041463
vt 0.709073 0.052686
vt 0.602840 0.022524
vt 0.709073 0.033967
vt 0.482689 0.180206
vt 0.482689 0.217930
vt 0.482689 0.257160
vt 0.482689 0.296391
vt 0.482689 0.059474
vt 0.482689 0.086473
vt 0.482690 0.037673
vt 0.482690 0.018660
vt 0.364840 0.257160
vt 0.364840 0.295637
vt 0.457842 0.319672
vt 0.482689 0.321716
vt 0.417282 0.323007
vt 0.377975 0.332868
vt 0.364840 0.332636
vt 0.364840 0.338506
vt 0.364840 0.218683
vt 0.364840 0.181685
vt 0.364840 0.147587
vt 0.482689 0.145440
vt 0.482689 0.114968
vt 0.364840 0.117700
vt 0.364840 0.089686
vt 0.364840 0.063044
vt 0.364840 0.041462
vt 0.364840 0.022524
vt 0.272296 0.125791
vt 0.272296 0.153944
vt 0.272296 0.186064
vt 0.272296 0.220916
vt 0.272296 0.257160
vt 0.272296 0.293405
vt 0.272296 0.328257
vt 0.340134 0.349199
vt 0.317795 0.363502
vt 0.272296 0.360376
vt 0.305444 0.371410
vt 0.285014 0.389641
vt 0.272296 0.388529
vt 0.274507 0.399018
vt 0.272296 0.401723
vt 0.193614 0.375389
vt 0.193614 0.399130
vt 0.265315 0.413210
vt 0.253511 0.432660
vt 0.193614 0.419590
vt 0.193614 0.350052
vt 0.193614 0.321145
vt 0.193614 0.289780
vt 0.193614 0.257160
vt 0.193614 0.224541
vt 0.193614 0.193175
vt 0.193614 0.164268
vt 0.193614 0.138931
vt 0.193614 0.114652
vt 0.272296 0.099201
vt 0.272296 0.073616
vt 0.272296 0.052686
vt 0.272297 0.033967
vt 0.193614 0.090785
vt 0.193614 0.070912
vt 0.193614 0.052550
vt 0.130822 0.135445
vt 0.130822 0.156615
vt 0.130822 0.113889
vt 0.130822 0.095439
vt 0.130822 0.077558
vt 0.079290 0.160782
vt 0.079290 0.178162
vt 0.130822 0.178162
vt 0.130822 0.202746
vt 0.130822 0.229420
vt 0.130822 0.257160
vt 0.130822 0.284901
vt 0.130822 0.311575
vt 0.130822 0.336159
vt 0.130822 0.357706
vt 0.130822 0.378336
vt 0.130822 0.396486
vt 0.193614 0.439418
vt 0.130822 0.414891
vt 0.193614 0.456847
vt 0.245054 0.468995
vt 0.246833 0.451746
vt 0.130822 0.431838
vt 0.079290 0.385004
vt 0.079290 0.401366
vt 0.079290 0.368333
vt 0.079290 0.352999
vt 0.079290 0.336159
vt 0.079290 0.319229
vt 0.040998 0.336213
vt 0.040998 0.350906
vt 0.040998 0.366600
vt 0.040998 0.324092
vt 0.040998 0.311575
vt 0.040998 0.299914
vt 0.040998 0.286609
vt 0.079290 0.299914
vt 0.079290 0.278956
vt 0.079290 0.257160
vt 0.079290 0.235365
vt 0.079290 0.214407
vt 0.079290 0.195092
vt 0.040998 0.272173
vt 0.040998 0.257160
vt 0.040998 0.242147
vt 0.040998 0.227711
vt 0.040998 0.214407
vt 0.040998 0.202746
vt 0.040998 0.189689
vt 0.040998 0.174162
vt 0.079290 0.142042
vt 0.079290 0.125326
vt 0.079290 0.108031
vt 0.040998 0.159424
vt 0.040998 0.142797
vt 0.017418 0.242147
vt 0.017418 0.249507
vt 0.017418 0.257160
vt 0.017418 0.264814
vt 0.017418 0.272173
vt 0.017418 0.278956
vt 0.017418 0.284901
vt 0.017418 0.292726
vt 0.017418 0.301361
vt 0.017418 0.313907
vt 0.017418 0.328876
vt 0.709073 0.052686
vt 0.602840 0.063044
vt 0.709073 0.073616
vt 0.602840 0.089686
vt 0.709073 0.099201
vt 0.602840 0.117700
vt 0.709073 0.125792
vt 0.602840 0.147587
vt 0.709073 0.153945
vt 0.602840 0.181685
vt 0.709073 0.186064
vt 0.602840 0.218684
vt 0.709073 0.220916
vt 0.602840 0.257161
vt 0.709073 0.257161
vt 0.602840 0.295638
vt 0.709073 0.293405
vt 0.602840 0.332636
vt 0.709073 0.328257
vt 0.709073 0.360377
vt 0.602884 0.366701
vt 0.610240 0.371411
vt 0.709073 0.388530
vt 0.635687 0.394120
vt 0.641176 0.399019
vt 0.709073 0.414581
vt 0.655417 0.419387
vt 0.667599 0.439300
vt 0.709073 0.436759
vt 0.668478 0.440799
vt 0.674454 0.461302
vt 0.709073 0.457644
vt 0.663568 0.441500
vt 0.651911 0.420792
vt 0.635222 0.398153
vt 0.603362 0.370490
vt 0.573728 0.351823
vt 0.575550 0.349199
vt 0.536870 0.335629
vt 0.539093 0.333421
vt 0.537962 0.332931
vt 0.497664 0.325445
vt 0.498402 0.323008
vt 0.482292 0.323902
vt 0.482690 0.321716
vt 0.457597 0.322106
vt 0.457842 0.319672
vt 0.417786 0.325336
vt 0.417283 0.323007
vt 0.378903 0.335124
vt 0.377975 0.332868
vt 0.365760 0.340597
vt 0.364840 0.338506
vt 0.341455 0.351294
vt 0.340134 0.349199
vt 0.319262 0.365391
vt 0.317795 0.363502
vt 0.307464 0.373277
vt 0.305444 0.371410
vt 0.287308 0.391610
vt 0.285014 0.389642
vt 0.276956 0.401417
vt 0.274507 0.399018
vt 0.272297 0.401723
vt 0.269162 0.414371
vt 0.265315 0.413210
vt 0.257685 0.433230
vt 0.253512 0.432660
vt 0.252159 0.449206
vt 0.248085 0.449613
vt 0.246833 0.451746
vt 0.249823 0.467406
vt 0.575550 0.349199
vt 0.539092 0.333420
vt 0.537962 0.332931
vt 0.498401 0.323007
vt 0.482690 0.037673
vt 0.482690 0.059475
vt 0.482690 0.086474
vt 0.482690 0.114968
vt 0.482690 0.145441
vt 0.482690 0.180207
vt 0.482690 0.217930
vt 0.482690 0.257161
vt 0.482690 0.296392
vt 0.364840 0.218684
vt 0.364840 0.181685
vt 0.364840 0.257161
vt 0.364840 0.295638
vt 0.364840 0.332636
vt 0.272297 0.220916
vt 0.272297 0.186064
vt 0.364840 0.147587
vt 0.364840 0.117700
vt 0.364840 0.089686
vt 0.364840 0.063044
vt 0.364840 0.041463
vt 0.272297 0.052686
vt 0.272297 0.073616
vt 0.272297 0.099201
vt 0.272297 0.125792
vt 0.272297 0.153945
vt 0.193614 0.070912
vt 0.193614 0.090785
vt 0.193614 0.114652
vt 0.193614 0.138932
vt 0.193614 0.164269
vt 0.193614 0.193176
vt 0.193614 0.224541
vt 0.193614 0.257161
vt 0.272297 0.257161
vt 0.272297 0.293405
vt 0.272297 0.328257
vt 0.272297 0.360377
vt 0.272297 0.388530
vt 0.193614 0.289780
vt 0.193614 0.321146
vt 0.193614 0.350053
vt 0.193614 0.375390
vt 0.193614 0.399130
vt 0.130822 0.284901
vt 0.130822 0.257161
vt 0.130822 0.229420
vt 0.130822 0.202746
vt 0.130822 0.178163
vt 0.130822 0.156615
vt 0.130822 0.135446
vt 0.130822 0.113889
vt 0.130822 0.095439
vt 0.079290 0.142042
vt 0.079290 0.160783
vt 0.079290 0.178162
vt 0.079290 0.195092
vt 0.079290 0.214407
vt 0.079290 0.235365
vt 0.079290 0.257161
vt 0.079290 0.278956
vt 0.079290 0.299914
vt 0.130822 0.311576
vt 0.130822 0.336159
vt 0.130822 0.357706
vt 0.130822 0.378336
vt 0.130822 0.396486
vt 0.193614 0.419590
vt 0.130822 0.414891
vt 0.193614 0.439419
vt 0.079290 0.336159
vt 0.079290 0.319229
vt 0.079290 0.368333
vt 0.079290 0.352999
vt 0.079290 0.385004
vt 0.040998 0.299914
vt 0.040998 0.286610
vt 0.040998 0.272174
vt 0.040998 0.257161
vt 0.040998 0.242148
vt 0.040998 0.227712
vt 0.040998 0.214407
vt 0.040998 0.189690
vt 0.040998 0.174162
vt 0.017418 0.196423
vt 0.017418 0.180520
vt 0.017418 0.209014
vt 0.017418 0.221055
vt 0.017418 0.229420
vt 0.017418 0.235365
vt 0.017418 0.242148
vt 0.017418 0.249507
vt 0.017418 0.257160
vt 0.017418 0.264814
vt 0.017418 0.272174
vt 0.017418 0.278956
vt 0.017418 0.284901
vt 0.040998 0.324092
vt 0.040998 0.336213
vt 0.040998 0.350906
vt 0.017418 0.292727
vt 0.017418 0.301361
vt 0.017418 0.235365
vt 0.017418 0.229420
vt 0.017418 0.221055
vt 0.017418 0.209014
vt 0.061374 0.097810
vt 0.053256 0.098610
vt 0.053256 0.056999
vt 0.069180 0.095442
vt 0.076374 0.091597
vt 0.082679 0.086422
vt 0.087854 0.080117
vt 0.091699 0.072923
vt 0.094067 0.065116
vt 0.094867 0.056999
vt 0.094067 0.048881
vt 0.091699 0.041075
vt 0.087854 0.033881
vt 0.082679 0.027575
vt 0.076373 0.022400
vt 0.069180 0.018555
vt 0.061374 0.016187
vt 0.053256 0.015388
vt 0.045138 0.016187
vt 0.037332 0.018555
vt 0.030138 0.022400
vt 0.023832 0.027575
vt 0.018658 0.033881
vt 0.014812 0.041075
vt 0.012444 0.048881
vt 0.011645 0.056999
vt 0.012444 0.065117
vt 0.014812 0.072923
vt 0.018658 0.080117
vt 0.023832 0.086422
vt 0.030138 0.091597
vt 0.037332 0.095442
vt 0.045138 0.097810
vt 0.248085 0.449613
vt 0.252159 0.449206
vt 0.257951 0.433230
vt 0.269155 0.414371
vt 0.276417 0.401417
vt 0.287308 0.391609
vt 0.307464 0.373277
vt 0.319262 0.365390
vt 0.341455 0.351294
vt 0.365760 0.340597
vt 0.378903 0.335124
vt 0.417786 0.325336
vt 0.457597 0.322106
vt 0.482292 0.323902
vt 0.497663 0.325445
vt 0.536869 0.335629
vt 0.573727 0.351823
vt 0.603361 0.370490
vt 0.635222 0.398153
vt 0.651910 0.420791
vt 0.663028 0.441500
vt 0.669503 0.459529
vt 0.670633 0.477073
vt 0.669503 0.459529
vt 0.300310 0.991691
vt 0.300310 0.904324
vt 0.318673 0.993443
vt 0.318673 0.904324
vt 0.285446 0.904324
vt 0.285446 0.989202
vt 0.269644 0.904324
vt 0.269644 0.983113
vt 0.262424 0.904324
vt 0.262424 0.978714
vt 0.253843 0.904324
vt 0.253843 0.974402
vt 0.241415 0.904324
vt 0.241415 0.966343
vt 0.234702 0.904324
vt 0.234702 0.962876
vt 0.223240 0.904324
vt 0.223240 0.956679
vt 0.210778 0.904324
vt 0.210778 0.951976
vt 0.204133 0.904324
vt 0.204133 0.949570
vt 0.184510 0.904324
vt 0.184510 0.945267
vt 0.163499 0.904324
vt 0.163499 0.943847
vt 0.150472 0.904324
vt 0.150472 0.944637
vt 0.142441 0.904324
vt 0.142441 0.945315
vt 0.122554 0.904324
vt 0.122554 0.949793
vt 0.104265 0.904324
vt 0.104265 0.956912
vt 0.089495 0.904324
vt 0.089495 0.965118
vt 0.070163 0.904324
vt 0.070163 0.977279
vt 0.055764 0.904324
vt 0.055764 0.985936
vt 0.040422 0.904324
vt 0.040422 0.992837
vt 0.022858 0.904324
vt 0.022858 0.996229
vt 0.005552 0.904324
vt 0.005552 0.997692
vt 0.318842 0.993443
vt 0.318842 0.904324
vt 0.300484 0.991691
vt 0.300484 0.904324
vt 0.286052 0.989202
vt 0.286052 0.904324
vt 0.269824 0.983114
vt 0.269824 0.904324
vt 0.262137 0.978714
vt 0.262137 0.904324
vt 0.254031 0.974403
vt 0.254031 0.904324
vt 0.241602 0.966343
vt 0.241602 0.904324
vt 0.234889 0.962876
vt 0.234889 0.904324
vt 0.223427 0.956679
vt 0.223427 0.904324
vt 0.210965 0.951976
vt 0.210965 0.904324
vt 0.204320 0.949570
vt 0.204320 0.904324
vt 0.184697 0.945268
vt 0.184697 0.904324
vt 0.163686 0.943847
vt 0.163686 0.904324
vt 0.150659 0.944637
vt 0.150659 0.904324
vt 0.142628 0.945315
vt 0.142628 0.904324
vt 0.122741 0.949793
vt 0.122741 0.904324
vt 0.104451 0.956912
vt 0.104451 0.904324
vt 0.089682 0.965118
vt 0.089681 0.904324
vt 0.070350 0.977279
vt 0.070349 0.904324
vt 0.055951 0.985936
vt 0.055951 0.904324
vt 0.040530 0.992837
vt 0.040530 0.904324
vt 0.023044 0.996229
vt 0.023044 0.904324
vt 0.005739 0.997692
vt 0.005739 0.904324
vt 0.511046 0.964692
vt 0.506186 0.972187
vt 0.513559 0.957451
vt 0.513559 0.939479
vt 0.503036 0.975425
vt 0.498312 0.978952
vt 0.489568 0.983144
vt 0.484450 0.985090
vt 0.474823 0.987567
vt 0.374066 0.988588
vt 0.464280 0.989675
vt 0.458579 0.990481
vt 0.441712 0.991481
vt 0.424442 0.992032
vt 0.413729 0.992084
vt 0.407062 0.991873
vt 0.390055 0.990855
vt 0.464280 0.907252
vt 0.458579 0.906447
vt 0.441712 0.905447
vt 0.424442 0.904895
vt 0.413729 0.904843
vt 0.335094 0.931308
vt 0.335328 0.965616
vt 0.347390 0.979189
vt 0.361211 0.985645
vt 0.340151 0.972956
vt 0.332029 0.948464
vt 0.332519 0.956972
vt 0.332519 0.939955
vt 0.374066 0.908340
vt 0.347390 0.917739
vt 0.340150 0.923971
vt 0.361211 0.911283
vt 0.407061 0.905054
vt 0.390054 0.906073
vt 0.511162 0.932435
vt 0.506183 0.924737
vt 0.502802 0.921298
vt 0.498312 0.917976
vt 0.489568 0.913784
vt 0.484450 0.911838
vt 0.474823 0.909361
vt 0.514572 0.948464
vt 0.285451 0.580213
vt 0.285451 0.508304
vt 0.290016 0.580213
vt 0.290016 0.508304
vt 0.280887 0.508304
vt 0.280887 0.580213
vt 0.276322 0.508304
vt 0.276322 0.580213
vt 0.294580 0.580213
vt 0.294580 0.508304
vt 0.299144 0.580213
vt 0.299144 0.508304
vt 0.303709 0.580213
vt 0.303709 0.508304
vt 0.308273 0.580213
vt 0.308273 0.508304
vt 0.312838 0.580213
vt 0.312838 0.508304
vt 0.317402 0.580213
vt 0.317402 0.508304
vt 0.321967 0.580213
vt 0.321967 0.508304
vt 0.326531 0.580213
vt 0.326531 0.508304
vt 0.331096 0.580213
vt 0.331096 0.508304
vt 0.335660 0.580213
vt 0.335660 0.508304
vt 0.340225 0.580213
vt 0.340225 0.508304
vt 0.344789 0.580213
vt 0.344789 0.508304
vt 0.349354 0.580213
vt 0.349354 0.508304
vt 0.276622 0.508304
vt 0.281740 0.508304
vt 0.290898 0.508304
vt 0.302701 0.508304
vt 0.315353 0.508304
vt 0.326926 0.508304
vt 0.335660 0.508304
vt 0.340225 0.508304
vt 0.339925 0.508304
vt 0.334806 0.508304
vt 0.325648 0.508304
vt 0.263850 0.607124
vt 0.262333 0.607124
vt 0.263850 0.597280
vt 0.262333 0.597280
vt 0.262333 0.616969
vt 0.263850 0.616969
vt 0.262333 0.626813
vt 0.263850 0.626813
vt 0.262333 0.636658
vt 0.263850 0.636658
vt 0.263850 0.587435
vt 0.262333 0.587435
vt 0.263850 0.577590
vt 0.262333 0.577590
vt 0.263850 0.567746
vt 0.262333 0.567746
vt 0.263850 0.557901
vt 0.262333 0.557901
vt 0.263850 0.548056
vt 0.262333 0.548056
vt 0.263850 0.538212
vt 0.262333 0.538212
vt 0.263850 0.528367
vt 0.262333 0.528367
vt 0.263850 0.518522
vt 0.262333 0.518522
vt 0.263850 0.508678
vt 0.262333 0.508678
vt 0.263850 0.498833
vt 0.262333 0.498833
vt 0.263850 0.488989
vt 0.262333 0.488989
vt 0.263850 0.479144
vt 0.262333 0.479144
vt 0.260291 0.488989
vt 0.260291 0.479144
vt 0.260291 0.498833
vt 0.260291 0.508678
vt 0.260291 0.518522
vt 0.260291 0.528367
vt 0.260291 0.538212
vt 0.260291 0.548056
vt 0.260291 0.557901
vt 0.260291 0.567746
vt 0.260291 0.577590
vt 0.260291 0.587435
vt 0.260291 0.597280
vt 0.260291 0.607124
vt 0.260291 0.616969
vt 0.260291 0.626813
vt 0.260291 0.636658
vt 0.244294 0.607124
vt 0.244294 0.597280
vt 0.244294 0.616969
vt 0.244294 0.626813
vt 0.244294 0.636658
vt 0.242447 0.607124
vt 0.242447 0.597280
vt 0.242447 0.616969
vt 0.242447 0.626813
vt 0.242447 0.636658
vt 0.244294 0.587435
vt 0.244294 0.577590
vt 0.244294 0.567746
vt 0.244294 0.557901
vt 0.244294 0.548056
vt 0.244294 0.538212
vt 0.244294 0.528367
vt 0.244294 0.518522
vt 0.244294 0.508678
vt 0.244294 0.498833
vt 0.244294 0.488989
vt 0.244294 0.479144
vt 0.242447 0.488989
vt 0.242447 0.479144
vt 0.242447 0.498833
vt 0.242447 0.508678
vt 0.242447 0.518522
vt 0.242447 0.528367
vt 0.242447 0.538212
vt 0.242447 0.548056
vt 0.242447 0.557901
vt 0.242447 0.567746
vt 0.242447 0.577590
vt 0.242447 0.587435
vt 0.240819 0.528367
vt 0.240819 0.538212
vt 0.240819 0.548056
vt 0.240819 0.557901
vt 0.240819 0.567746
vt 0.240819 0.577590
vt 0.240819 0.587435
vt 0.240819 0.597280
vt 0.240819 0.607124
vt 0.240819 0.616969
vt 0.240819 0.626813
vt 0.240819 0.636658
vt 0.240819 0.488989
vt 0.240819 0.479144
vt 0.240819 0.498833
vt 0.240819 0.508678
vt 0.240819 0.518522
vt 0.388241 0.461224
vt 0.392567 0.439471
vt 0.375919 0.479664
vt 0.341271 0.495203
vt 0.335727 0.382631
vt 0.375919 0.399279
vt 0.388241 0.417719
vt 0.357479 0.386958
vt 0.278886 0.439471
vt 0.295534 0.399279
vt 0.313975 0.386958
vt 0.283213 0.417719
vt 0.295534 0.479664
vt 0.283213 0.461224
vt 0.313975 0.491986
vt 0.357479 0.491986
vt 0.299538 0.712869
vt 0.305173 0.714086
vt 0.292913 0.735061
vt 0.299045 0.735061
vt 0.313583 0.693628
vt 0.308564 0.691222
vt 0.323914 0.674189
vt 0.319596 0.670656
vt 0.335792 0.656250
vt 0.332228 0.651675
vt 0.348846 0.640251
vt 0.346063 0.634747
vt 0.362728 0.626586
vt 0.360728 0.620290
vt 0.377122 0.615593
vt 0.375893 0.608658
vt 0.391754 0.607541
vt 0.391272 0.600139
vt 0.406382 0.602630
vt 0.406621 0.594942
vt 0.420799 0.600979
vt 0.421734 0.593195
vt 0.434820 0.602630
vt 0.436427 0.594942
vt 0.448268 0.607541
vt 0.450528 0.600139
vt 0.460964 0.615593
vt 0.463860 0.608658
vt 0.472718 0.626586
vt 0.476230 0.620290
vt 0.483316 0.640251
vt 0.487422 0.634747
vt 0.492526 0.656250
vt 0.497189 0.651675
vt 0.500094 0.674189
vt 0.505261 0.670656
vt 0.505754 0.693628
vt 0.511352 0.691222
vt 0.509248 0.714086
vt 0.515176 0.712869
vt 0.510337 0.735062
vt 0.516470 0.735062
vt 0.464871 0.606212
vt 0.451318 0.597528
vt 0.436990 0.592231
vt 0.498822 0.650061
vt 0.488858 0.632806
vt 0.477458 0.618069
vt 0.517263 0.712439
vt 0.513319 0.690374
vt 0.507073 0.669409
vt 0.422064 0.590450
vt 0.406710 0.592231
vt 0.391109 0.597528
vt 0.375469 0.606212
vt 0.360034 0.618069
vt 0.345093 0.632806
vt 0.330983 0.650061
vt 0.318083 0.669409
vt 0.306800 0.690374
vt 0.297554 0.712439
vt 0.290750 0.735062
vt 0.256030 0.890037
vt 0.263165 0.890037
vt 0.253514 0.890037
vt 0.518633 0.735062
vt 0.518633 0.890037
vt 0.516116 0.890037
vt 0.508981 0.890037
vt 0.500094 0.674189
vt 0.505261 0.670656
vt 0.492526 0.656250
vt 0.497189 0.651675
vt 0.483316 0.640251
vt 0.487422 0.634747
vt 0.472718 0.626586
vt 0.476230 0.620290
vt 0.460964 0.615593
vt 0.463860 0.608658
vt 0.448268 0.607542
vt 0.450528 0.600139
vt 0.434820 0.602630
vt 0.436427 0.594942
vt 0.420799 0.600979
vt 0.421734 0.593196
vt 0.406382 0.602630
vt 0.406621 0.594942
vt 0.391754 0.607542
vt 0.391272 0.600139
vt 0.377122 0.615593
vt 0.375893 0.608658
vt 0.362728 0.626587
vt 0.360728 0.620290
vt 0.348846 0.640251
vt 0.346063 0.634747
vt 0.335792 0.656250
vt 0.332228 0.651675
vt 0.323914 0.674189
vt 0.319596 0.670656
vt 0.313583 0.693628
vt 0.308564 0.691223
vt 0.305173 0.714087
vt 0.299538 0.712869
vt 0.299045 0.735062
vt 0.292912 0.735062
vt 0.516116 0.890037
vt 0.508981 0.890037
vt 0.256030 0.890037
vt 0.263165 0.890037
vt 0.622906 0.653461
vt 0.614887 0.656379
vt 0.619484 0.634051
vt 0.610950 0.634051
vt 0.626223 0.676015
vt 0.632761 0.670529
vt 0.643592 0.690589
vt 0.647859 0.683198
vt 0.664898 0.698344
vt 0.666380 0.689939
vt 0.687571 0.698344
vt 0.686089 0.689939
vt 0.708877 0.690589
vt 0.704610 0.683198
vt 0.726245 0.676015
vt 0.719708 0.670529
vt 0.737582 0.656379
vt 0.729563 0.653461
vt 0.741519 0.634051
vt 0.732985 0.634051
vt 0.737582 0.611722
vt 0.729563 0.614641
vt 0.726245 0.592086
vt 0.719708 0.597572
vt 0.708877 0.577512
vt 0.704610 0.584903
vt 0.687571 0.569758
vt 0.686089 0.578162
vt 0.664898 0.569758
vt 0.666380 0.578162
vt 0.643592 0.577512
vt 0.647859 0.584903
vt 0.626223 0.592086
vt 0.632761 0.597572
vt 0.614887 0.611722
vt 0.622906 0.614641
vt 0.561982 0.712954
vt 0.559529 0.740174
vt 0.541814 0.712954
vt 0.538577 0.740174
vt 0.581241 0.740174
vt 0.583241 0.712954
vt 0.604218 0.740174
vt 0.605523 0.712954
vt 0.627210 0.740174
vt 0.627664 0.712954
vt 0.650255 0.740174
vt 0.649802 0.712954
vt 0.672115 0.740174
vt 0.670810 0.712954
vt 0.696790 0.740174
vt 0.694790 0.712954
vt 0.718502 0.740174
vt 0.716049 0.712954
vt 0.741719 0.740174
vt 0.738482 0.712954
vt 0.605524 0.806709
vt 0.627664 0.806709
vt 0.649802 0.806709
vt 0.670810 0.806709
vt 0.694790 0.806709
vt 0.716049 0.806709
vt 0.738482 0.806709
vt 0.629489 0.904249
vt 0.610779 0.904249
vt 0.583241 0.806709
vt 0.561982 0.806709
vt 0.541814 0.806709
vt 0.571859 0.904249
vt 0.554847 0.904249
vt 0.591293 0.904249
vt 0.665554 0.904249
vt 0.686739 0.904249
vt 0.725449 0.904249
vt 0.588625 0.975578
vt 0.576970 0.975578
vt 0.604960 0.975578
vt 0.619700 0.975578
vt 0.632587 0.975578
vt 0.644879 0.975578
vt 0.647977 0.904249
vt 0.656634 0.975578
vt 0.673071 0.975578
vt 0.595460 0.986774
vt 0.585990 0.986774
vt 0.610532 0.986774
vt 0.623337 0.986774
vt 0.643615 0.986774
vt 0.633850 0.986774
vt 0.667499 0.986774
vt 0.652997 0.986774
vt 0.682571 0.986774
vt 0.689407 0.975578
vt 0.694306 0.986774
vt 0.703326 0.975578
vt 0.706173 0.904249
vt 0.627210 0.740174
vt 0.627664 0.712954
vt 0.581242 0.740174
vt 0.583241 0.806709
vt 0.694790 0.806709
vt 0.610779 0.904249
vt 0.673072 0.975578
vt 0.633850 0.986774
vt 0.643615 0.986774
vt 0.623337 0.986774
vt 0.590167 0.666132
vt 0.563513 0.656431
vt 0.591877 0.656431
vt 0.585241 0.674663
vt 0.577695 0.680995
vt 0.568439 0.684364
vt 0.558588 0.684364
vt 0.549331 0.680995
vt 0.541785 0.674663
vt 0.536860 0.666132
vt 0.535149 0.656431
vt 0.536860 0.646730
vt 0.541785 0.638199
vt 0.549331 0.631867
vt 0.558588 0.628498
vt 0.568439 0.628498
vt 0.577695 0.631867
vt 0.585241 0.638199
vt 0.590167 0.646730
vt 0.021942 0.833928
vt 0.026514 0.833429
vt 0.020941 0.824021
vt 0.025664 0.824021
vt 0.029226 0.842655
vt 0.024902 0.843650
vt 0.033623 0.851509
vt 0.029627 0.852991
vt 0.039512 0.859796
vt 0.035904 0.861743
vt 0.046691 0.867314
vt 0.043516 0.869694
vt 0.054964 0.873871
vt 0.052254 0.876635
vt 0.064148 0.879284
vt 0.061924 0.882373
vt 0.074071 0.883398
vt 0.072350 0.886738
vt 0.084575 0.886089
vt 0.083373 0.889598
vt 0.095512 0.887268
vt 0.094843 0.890860
vt 0.106732 0.886889
vt 0.106613 0.890473
vt 0.118080 0.884944
vt 0.118529 0.888429
vt 0.129386 0.881465
vt 0.130418 0.884763
vt 0.140458 0.876520
vt 0.142086 0.879546
vt 0.151078 0.870211
vt 0.153307 0.872886
vt 0.161005 0.862674
vt 0.163827 0.864926
vt 0.169975 0.854075
vt 0.173364 0.855837
vt 0.177712 0.844612
vt 0.181622 0.845828
vt 0.183937 0.834510
vt 0.188301 0.835134
vt 0.188390 0.824021
vt 0.193113 0.824021
vt 0.130776 0.885925
vt 0.118682 0.889657
vt 0.106569 0.891735
vt 0.164814 0.865719
vt 0.154085 0.873829
vt 0.142653 0.880612
vt 0.189837 0.835354
vt 0.182996 0.846257
vt 0.174552 0.856459
vt 0.094607 0.892125
vt 0.082952 0.890834
vt 0.071749 0.887914
vt 0.061146 0.883460
vt 0.051306 0.877608
vt 0.042405 0.870530
vt 0.034640 0.862427
vt 0.028225 0.853510
vt 0.023382 0.843998
vt 0.020332 0.834102
vt 0.019275 0.824021
vt 0.020475 0.681393
vt 0.025695 0.684300
vt 0.018637 0.677723
vt 0.194779 0.824021
vt 0.223678 0.677723
vt 0.221608 0.681393
vt 0.215760 0.684300
vt 0.021336 0.553412
vt 0.026056 0.555246
vt 0.020311 0.568419
vt 0.025195 0.569300
vt 0.028803 0.542063
vt 0.024347 0.539359
vt 0.033219 0.530196
vt 0.029098 0.526742
vt 0.039068 0.519993
vt 0.035320 0.515939
vt 0.046133 0.511693
vt 0.042768 0.507202
vt 0.054241 0.505419
vt 0.051254 0.500650
vt 0.063279 0.501189
vt 0.060667 0.496288
vt 0.073193 0.498939
vt 0.070965 0.494029
vt 0.083963 0.498551
vt 0.082152 0.493728
vt 0.095574 0.499884
vt 0.094240 0.495222
vt 0.107972 0.502800
vt 0.107200 0.498354
vt 0.121032 0.507178
vt 0.120920 0.502993
vt 0.134532 0.512920
vt 0.135175 0.509040
vt 0.148145 0.519949
vt 0.149618 0.516423
vt 0.161446 0.528187
vt 0.163792 0.525073
vt 0.173947 0.537544
vt 0.177160 0.534908
vt 0.185124 0.547896
vt 0.189147 0.545809
vt 0.194473 0.559070
vt 0.199195 0.557600
vt 0.201548 0.570847
vt 0.206811 0.570049
vt 0.205997 0.582956
vt 0.211609 0.582868
vt 0.135383 0.507671
vt 0.120862 0.501518
vt 0.106914 0.496787
vt 0.093761 0.493579
vt 0.190560 0.545064
vt 0.178283 0.533972
vt 0.164605 0.523970
vt 0.150120 0.515176
vt 0.081511 0.492025
vt 0.070183 0.492291
vt 0.059756 0.494550
vt 0.050216 0.498955
vt 0.041598 0.505602
vt 0.034015 0.514492
vt 0.027660 0.525507
vt 0.022788 0.538390
vt 0.019679 0.552754
vt 0.018594 0.568102
vt 0.020430 0.660377
vt 0.025651 0.660377
vt 0.018593 0.660378
vt 0.200859 0.557073
vt 0.208669 0.569759
vt 0.213593 0.582831
vt 0.223563 0.660378
vt 0.221509 0.660378
vt 0.215697 0.660378
vt 0.201548 0.570847
vt 0.205997 0.582956
vt 0.194473 0.559070
vt 0.185124 0.547896
vt 0.177160 0.534908
vt 0.161447 0.528187
vt 0.163792 0.525073
vt 0.148145 0.519949
vt 0.134533 0.512920
vt 0.135175 0.509040
vt 0.121032 0.507178
vt 0.120920 0.502993
vt 0.107972 0.502800
vt 0.107200 0.498354
vt 0.095574 0.499884
vt 0.094240 0.495223
vt 0.083963 0.498551
vt 0.082152 0.493729
vt 0.073193 0.498939
vt 0.070965 0.494029
vt 0.063279 0.501189
vt 0.060667 0.496288
vt 0.054241 0.505419
vt 0.051254 0.500650
vt 0.046133 0.511694
vt 0.042768 0.507202
vt 0.039068 0.519994
vt 0.035320 0.515939
vt 0.033219 0.530196
vt 0.029098 0.526742
vt 0.028803 0.542064
vt 0.024347 0.539359
vt 0.026056 0.555246
vt 0.021336 0.553412
vt 0.025195 0.569300
vt 0.020311 0.568419
vt 0.020430 0.656721
vt 0.025649 0.653845
vt 0.215647 0.654825
vt 0.221493 0.657295
vt 0.188301 0.835134
vt 0.183937 0.834510
vt 0.193113 0.824021
vt 0.188390 0.824021
vt 0.181622 0.845828
vt 0.169975 0.854075
vt 0.173364 0.855837
vt 0.161005 0.862674
vt 0.163827 0.864926
vt 0.151078 0.870211
vt 0.153307 0.872887
vt 0.140458 0.876520
vt 0.142086 0.879546
vt 0.129386 0.881465
vt 0.118529 0.888429
vt 0.106732 0.886889
vt 0.106613 0.890473
vt 0.095512 0.887268
vt 0.094843 0.890860
vt 0.083373 0.889598
vt 0.072350 0.886738
vt 0.061924 0.882373
vt 0.043516 0.869694
vt 0.035904 0.861743
vt 0.029627 0.852991
vt 0.029226 0.842655
vt 0.024902 0.843650
vt 0.026514 0.833429
vt 0.025664 0.824021
vt 0.020941 0.824021
vt 0.221608 0.681393
vt 0.215760 0.684300
vt 0.206811 0.570057
vt 0.201548 0.570855
vt 0.211609 0.582877
vt 0.205997 0.582965
vt 0.194473 0.559079
vt 0.199195 0.557608
vt 0.185124 0.547904
vt 0.189147 0.545817
vt 0.173947 0.537553
vt 0.177160 0.534917
vt 0.161447 0.528196
vt 0.163792 0.525082
vt 0.148145 0.519958
vt 0.149618 0.516431
vt 0.134532 0.512929
vt 0.135175 0.509049
vt 0.121032 0.507186
vt 0.120920 0.503001
vt 0.107972 0.502808
vt 0.107200 0.498363
vt 0.095573 0.499893
vt 0.094240 0.495231
vt 0.083963 0.498559
vt 0.082152 0.493737
vt 0.073192 0.498947
vt 0.070964 0.494037
vt 0.063279 0.501198
vt 0.060667 0.496297
vt 0.054241 0.505428
vt 0.051254 0.500659
vt 0.046133 0.511702
vt 0.042768 0.507211
vt 0.039068 0.520002
vt 0.035320 0.515948
vt 0.033219 0.530205
vt 0.029098 0.526751
vt 0.028803 0.542072
vt 0.024347 0.539367
vt 0.026056 0.555254
vt 0.021335 0.553421
vt 0.025195 0.569308
vt 0.020311 0.568428
vt 0.059756 0.494559
vt 0.050216 0.498964
vt 0.041598 0.505611
vt 0.034015 0.514501
vt 0.027660 0.525515
vt 0.022788 0.538399
vt 0.019679 0.552763
vt 0.018594 0.568111
vt 0.020430 0.660386
vt 0.025651 0.660386
vt 0.018593 0.660386
vt 0.213593 0.582839
vt 0.208669 0.569768
vt 0.200859 0.557081
vt 0.190560 0.545073
vt 0.178283 0.533981
vt 0.164605 0.523978
vt 0.150120 0.515185
vt 0.135383 0.507680
vt 0.120862 0.501526
vt 0.106914 0.496796
vt 0.093761 0.493587
vt 0.081510 0.492034
vt 0.070183 0.492300
vt 0.215697 0.660386
vt 0.221509 0.660386
vt 0.223563 0.660386
vt 0.021335 0.553421
vt 0.025195 0.569308
vt 0.033219 0.530205
vt 0.039068 0.520002
vt 0.046133 0.511702
vt 0.042768 0.507211
vt 0.054241 0.505428
vt 0.051254 0.500659
vt 0.060667 0.496297
vt 0.073192 0.498948
vt 0.070965 0.494038
vt 0.083963 0.498559
vt 0.082152 0.493737
vt 0.095574 0.499893
vt 0.107972 0.502808
vt 0.107200 0.498363
vt 0.121032 0.507186
vt 0.134533 0.512929
vt 0.135175 0.509049
vt 0.148145 0.519958
vt 0.149618 0.516431
vt 0.161447 0.528196
vt 0.163792 0.525082
vt 0.173947 0.537553
vt 0.177160 0.534917
vt 0.185124 0.547904
vt 0.189147 0.545817
vt 0.194473 0.559079
vt 0.199195 0.557608
vt 0.201548 0.570856
vt 0.206811 0.570057
vt 0.211609 0.582877
vt 0.020430 0.656730
vt 0.025649 0.653854
vt 0.221493 0.657304
vt 0.215647 0.654833
s 1
usemtl Airplane2_01
f 965/239/856 964/240/857 963/241/858
f 964/240/857 966/242/859 963/241/858
f 966/242/859 967/243/860 963/241/858
f 967/243/860 968/244/861 963/241/858
f 968/244/861 969/245/862 963/241/858
f 969/245/862 970/246/863 963/241/858
f 970/246/863 971/247/864 963/241/858
f 971/247/864 972/248/865 963/241/858
f 972/248/865 973/249/866 963/241/858
f 973/249/866 974/250/867 963/241/858
f 974/250/867 975/251/868 963/241/858
f 975/251/868 976/252/869 963/241/858
f 976/252/869 977/253/870 963/241/858
f 977/253/870 978/254/871 963/241/858
f 978/254/871 979/255/872 963/241/858
f 964/240/857 965/239/856 980/256/873
f 966/242/859 964/240/857 981/257/874
f 980/256/873 981/257/874 964/240/857
f 981/257/874 982/258/875 966/242/859
f 967/243/860 966/242/859 982/258/875
f 982/258/875 983/259/876 967/243/860
f 968/244/861 967/243/860 983/259/876
f 983/259/876 984/260/877 968/244/861
f 969/245/862 968/244/861 984/260/877
f 984/260/877 985/261/878 969/245/862
f 970/246/863 969/245/862 985/261/878
f 985/261/878 986/262/879 970/246/863
f 971/247/864 970/246/863 986/262/879
f 986/262/879 987/263/880 971/247/864
f 972/248/865 971/247/864 987/263/880
f 987/263/880 988/264/881 972/248/865
f 973/249/866 972/248/865 988/264/881
f 988/264/881 989/265/882 973/249/866
f 974/250/867 973/249/866 989/265/882
f 989/265/882 990/266/883 974/250/867
f 975/251/868 974/250/867 990/266/883
f 990/266/883 991/267/884 975/251/868
f 976/252/869 975/251/868 991/267/884
f 991/267/884 992/268/885 976/252/869
f 977/253/870 976/252/869 992/268/885
f 992/268/885 993/269/886 977/253/870
f 978/254/871 977/253/870 993/269/886
f 993/269/886 994/270/887 978/254/871
f 979/255/872 978/254/871 994/270/887
f 994/270/887 995/271/888 979/255/872
f 996/272/889 979/255/872 995/271/888
f 979/255/872 996/272/889 963/241/858
f 996/272/889 997/273/890 963/241/858
f 997/273/890 998/274/891 963/241/858
f 998/274/891 999/275/892 963/241/858
f 999/275/892 1000/276/893 963/241/858
f 1000/276/893 1001/277/894 963/241/858
f 1001/277/894 1002/278/895 963/241/858
f 1002/278/895 1003/279/896 963/241/858
f 1003/279/896 1004/280/897 963/241/858
f 1004/280/897 1005/281/898 963/241/858
f 1005/281/898 1006/282/899 963/241/858
f 1006/282/899 1007/283/900 963/241/858
f 1007/283/900 1008/284/901 963/241/858
f 1008/284/901 1009/285/902 963/241/858
f 1009/285/902 1010/286/903 963/241/858
f 1010/286/903 1011/287/904 963/241/858
f 1011/287/904 965/239/856 963/241/858
f 998/274/891 997/273/890 1012/288/905
f 1013/289/906 1012/288/905 997/273/890
f 997/273/890 996/272/889 1013/289/906
f 995/271/888 1013/289/906 996/272/889
f 1012/288/905 1014/290/907 998/274/891
f 999/275/892 998/274/891 1014/290/907
f 1014/290/907 1015/291/908 999/275/892
f 1000/276/893 999/275/892 1015/291/908
f 1015/291/908 1016/292/909 1000/276/893
f 1001/277/894 1000/276/893 1016/292/909
f 1016/292/909 1017/293/910 1001/277/894
f 1002/278/895 1001/277/894 1017/293/910
f 1017/293/910 1018/294/911 1002/278/895
f 1003/279/896 1002/278/895 1018/294/911
f 1018/294/911 1019/295/912 1003/279/896
f 1004/280/897 1003/279/896 1019/295/912
f 1019/295/912 1020/296/913 1004/280/897
f 1005/281/898 1004/280/897 1020/296/913
f 1020/296/913 1021/297/914 1005/281/898
f 1006/282/899 1005/281/898 1021/297/914
f 1021/297/914 1022/298/915 1006/282/899
f 1007/283/900 1006/282/899 1022/298/915
f 1022/298/915 1023/299/916 1007/283/900
f 1008/284/901 1007/283/900 1023/299/916
f 1023/299/916 1024/300/917 1008/284/901
f 1009/285/902 1008/284/901 1024/300/917
f 1024/300/917 1025/301/918 1009/285/902
f 1010/286/903 1009/285/902 1025/301/918
f 1025/301/918 1026/302/919 1010/286/903
f 1011/287/904 1010/286/903 1026/302/919
f 1026/302/919 1027/303/920 1011/287/904
f 965/239/856 1011/287/904 1027/303/920
f 1027/303/920 980/256/873 965/239/856
f 980/256/873 1027/303/920 1028/304/921
f 1029/305/922 1028/304/921 1027/303/920
f 1027/303/920 1026/302/919 1029/305/922
f 1028/304/921 1030/306/923 980/256/873
f 981/257/874 980/256/873 1030/306/923
f 1030/306/923 1031/307/924 981/257/874
f 982/258/875 981/257/874 1031/307/924
f 1031/307/924 1032/308/925 982/258/875
f 983/259/876 982/258/875 1032/308/925
f 1032/308/925 1033/309/926 983/259/876
f 984/260/877 983/259/876 1033/309/926
f 1033/309/926 1034/310/927 984/260/877
f 985/261/878 984/260/877 1034/310/927
f 1034/310/927 1035/311/928 985/261/878
f 986/262/879 985/261/878 1035/311/928
f 1035/311/928 1036/312/929 986/262/879
f 987/263/880 986/262/879 1036/312/929
f 1036/312/929 1037/313/930 987/263/880
f 988/264/881 987/263/880 1037/313/930
f 1037/313/930 1038/314/931 988/264/881
f 989/265/882 988/264/881 1038/314/931
f 1038/314/931 1039/315/932 989/265/882
f 990/266/883 989/265/882 1039/315/932
f 1039/315/932 1040/316/933 990/266/883
f 991/267/884 990/266/883 1040/316/933
f 1040/316/933 1041/317/934 991/267/884
f 992/268/885 991/267/884 1041/317/934
f 1041/317/934 1042/318/935 992/268/885
f 993/269/886 992/268/885 1042/318/935
f 1042/318/935 1043/319/936 993/269/886
f 994/270/887 993/269/886 1043/319/936
f 1043/319/936 1044/320/937 994/270/887
f 995/271/888 994/270/887 1044/320/937
f 1044/320/937 1045/321/938 995/271/888
f 1013/289/906 995/271/888 1045/321/938
f 1045/321/938 1046/322/939 1013/289/906
f 1012/288/905 1013/289/906 1046/322/939
f 1046/322/939 1047/323/940 1012/288/905
f 1014/290/907 1012/288/905 1047/323/940
f 1047/323/940 1048/324/941 1014/290/907
f 1015/291/908 1014/290/907 1048/324/941
f 1048/324/941 1049/325/942 1015/291/908
f 1016/292/909 1015/291/908 1049/325/942
f 1049/325/942 1050/326/943 1016/292/909
f 1017/293/910 1016/292/909 1050/326/943
f 1050/326/943 1051/327/944 1017/293/910
f 1018/294/911 1017/293/910 1051/327/944
f 1051/327/944 1052/328/945 1018/294/911
f 1019/295/912 1018/294/911 1052/328/945
f 1052/328/945 1053/329/946 1019/295/912
f 1020/296/913 1019/295/912 1053/329/946
f 1053/329/946 1054/330/947 1020/296/913
f 1021/297/914 1020/296/913 1054/330/947
f 1054/330/947 1055/331/948 1021/297/914
f 1022/298/915 1021/297/914 1055/331/948
f 1055/331/948 1056/332/949 1022/298/915
f 1023/299/916 1022/298/915 1056/332/949
f 1056/332/949 1057/333/950 1023/299/916
f 1024/300/917 1023/299/916 1057/333/950
f 1057/333/950 1058/334/951 1024/300/917
f 1025/301/918 1024/300/917 1058/334/951
f 1058/334/951 1059/335/952 1025/301/918
f 1026/302/919 1025/301/918 1059/335/952
f 1059/335/952 1029/305/922 1026/302/919
f 1062/336/953 1061/337/921 1060/338/954
f 1063/339/922 1060/338/954 1061/337/921
f 1061/337/921 1062/336/953 1064/340/923
f 1065/341/955 1064/340/923 1062/336/953
f 1065/341/955 1066/342/956 1064/340/923
f 1066/342/956 1067/343/924 1064/340/923
f 1068/344/957 1067/343/924 1066/342/956
f 1068/344/957 1069/345/958 1067/343/924
f 1069/345/958 1070/346/925 1067/343/924
f 1071/347/959 1070/346/925 1069/345/958
f 1071/347/959 1072/348/960 1070/346/925
f 1072/348/960 1073/349/926 1070/346/925
f 1074/350/961 1073/349/926 1072/348/960
f 1074/350/961 1075/351/962 1073/349/926
f 1076/352/927 1073/349/926 1075/351/962
f 1075/351/962 1077/353/963 1076/352/927
f 1078/354/928 1076/352/927 1077/353/963
f 1077/353/963 1079/355/964 1078/354/928
f 1080/356/929 1078/354/928 1079/355/964
f 1079/355/964 1081/357/965 1080/356/929
f 1082/358/930 1080/356/929 1081/357/965
f 1081/357/965 1083/359/966 1082/358/930
f 1084/360/931 1082/358/930 1083/359/966
f 1083/359/966 1085/361/967 1084/360/931
f 1086/362/932 1084/360/931 1085/361/967
f 1085/361/967 1087/363/968 1086/362/932
f 1088/364/933 1086/362/932 1087/363/968
f 1087/363/968 1089/365/969 1088/364/933
f 1090/366/934 1088/364/933 1089/365/969
f 1089/365/969 1091/367/970 1090/366/934
f 1092/368/935 1090/366/934 1091/367/970
f 1091/367/970 1093/369/971 1092/368/935
f 1094/370/936 1092/368/935 1093/369/971
f 1093/369/971 1095/371/972 1094/370/936
f 1096/372/937 1094/370/936 1095/371/972
f 1083/359/966 1081/357/965 1097/373/973
f 1098/374/974 1097/373/973 1081/357/965
f 1081/357/965 1079/355/964 1098/374/974
f 1099/375/975 1098/374/974 1079/355/964
f 1079/355/964 1077/353/963 1099/375/975
f 1100/376/976 1099/375/975 1077/353/963
f 1091/367/970 1089/365/969 1101/377/977
f 1102/378/978 1101/377/977 1089/365/969
f 1093/369/971 1091/367/970 1103/379/979
f 1101/377/977 1103/379/979 1091/367/970
f 1095/371/972 1093/369/971 1104/380/980
f 1103/379/979 1104/380/980 1093/369/971
f 1099/375/975 1100/376/976 1105/381/981
f 1106/382/982 1105/381/981 1100/376/976
f 1100/376/976 1107/383/983 1106/382/982
f 1108/384/984 1107/383/983 1100/376/976
f 1107/383/983 1109/385/985 1106/382/982
f 1106/382/982 1109/385/985 1110/386/986
f 1111/387/987 1106/382/982 1110/386/986
f 1111/387/987 1110/386/986 1112/388/988
f 1105/381/981 1113/389/989 1099/375/975
f 1098/374/974 1099/375/975 1113/389/989
f 1113/389/989 1114/390/990 1098/374/974
f 1097/373/973 1098/374/974 1114/390/990
f 1114/390/990 1115/391/991 1097/373/973
f 1116/392/992 1097/373/973 1115/391/991
f 1097/373/973 1116/392/992 1083/359/966
f 1085/361/967 1083/359/966 1116/392/992
f 1116/392/992 1117/393/993 1085/361/967
f 1087/363/968 1085/361/967 1117/393/993
f 1117/393/993 1102/378/978 1087/363/968
f 1089/365/969 1087/363/968 1102/378/978
f 1117/393/993 1116/392/992 1118/394/994
f 1115/391/991 1118/394/994 1116/392/992
f 1102/378/978 1117/393/993 1119/395/995
f 1118/394/994 1119/395/995 1117/393/993
f 1119/395/995 1120/396/996 1102/378/978
f 1101/377/977 1102/378/978 1120/396/996
f 1120/396/996 1121/397/997 1101/377/977
f 1103/379/979 1101/377/977 1121/397/997
f 1121/397/997 1122/398/998 1103/379/979
f 1104/380/980 1103/379/979 1122/398/998
f 1118/394/994 1115/391/991 1123/399/999
f 1124/400/1000 1123/399/999 1115/391/991
f 1115/391/991 1114/390/990 1124/400/1000
f 1125/401/1001 1124/400/1000 1114/390/990
f 1114/390/990 1113/389/989 1125/401/1001
f 1126/402/1002 1125/401/1001 1113/389/989
f 1113/389/989 1105/381/981 1126/402/1002
f 1127/403/1003 1126/402/1002 1105/381/981
f 1105/381/981 1106/382/982 1127/403/1003
f 1128/404/1004 1127/403/1003 1106/382/982
f 1106/382/982 1111/387/987 1128/404/1004
f 1129/405/1005 1128/404/1004 1111/387/987
f 1111/387/987 1112/388/988 1129/405/1005
f 1112/388/988 1130/406/1006 1129/405/1005
f 1129/405/1005 1130/406/1006 1131/407/1007
f 1132/408/1008 1129/405/1005 1131/407/1007
f 1131/407/1007 1133/409/1009 1132/408/1008
f 1132/408/1008 1133/409/1009 1134/410/1010
f 1135/411/1011 1132/408/1008 1134/410/1010
f 1134/410/1010 1136/412/1012 1135/411/1011
f 1137/413/1013 1135/411/1011 1136/412/1012
f 1135/411/1011 1137/413/1013 1138/414/1014
f 1138/414/1014 1137/413/1013 1139/415/1015
f 1137/413/1013 1140/416/1016 1139/415/1015
f 1140/416/1016 1141/417/1017 1139/415/1015
f 1142/418/1018 1139/415/1015 1141/417/1017
f 1132/408/1008 1135/411/1011 1143/419/1019
f 1138/414/1014 1143/419/1019 1135/411/1011
f 1129/405/1005 1132/408/1008 1144/420/1020
f 1143/419/1019 1144/420/1020 1132/408/1008
f 1144/420/1020 1145/421/1021 1129/405/1005
f 1128/404/1004 1129/405/1005 1145/421/1021
f 1145/421/1021 1146/422/1022 1128/404/1004
f 1127/403/1003 1128/404/1004 1146/422/1022
f 1146/422/1022 1147/423/1023 1127/403/1003
f 1126/402/1002 1127/403/1003 1147/423/1023
f 1147/423/1023 1148/424/1024 1126/402/1002
f 1125/401/1001 1126/402/1002 1148/424/1024
f 1148/424/1024 1149/425/1025 1125/401/1001
f 1124/400/1000 1125/401/1001 1149/425/1025
f 1149/425/1025 1150/426/1026 1124/400/1000
f 1123/399/999 1124/400/1000 1150/426/1026
f 1150/426/1026 1151/427/1027 1123/399/999
f 1152/428/1028 1123/399/999 1151/427/1027
f 1123/399/999 1152/428/1028 1118/394/994
f 1119/395/995 1118/394/994 1152/428/1028
f 1152/428/1028 1153/429/1029 1119/395/995
f 1120/396/996 1119/395/995 1153/429/1029
f 1153/429/1029 1154/430/1030 1120/396/996
f 1121/397/997 1120/396/996 1154/430/1030
f 1154/430/1030 1155/431/1031 1121/397/997
f 1122/398/998 1121/397/997 1155/431/1031
f 1153/429/1029 1152/428/1028 1156/432/1032
f 1151/427/1027 1156/432/1032 1152/428/1028
f 1154/430/1030 1153/429/1029 1157/433/1033
f 1156/432/1032 1157/433/1033 1153/429/1029
f 1155/431/1031 1154/430/1030 1158/434/1034
f 1157/433/1033 1158/434/1034 1154/430/1030
f 1151/427/1027 1150/426/1026 1159/435/1035
f 1160/436/1036 1159/435/1035 1150/426/1026
f 1156/432/1032 1151/427/1027 1161/437/1037
f 1159/435/1035 1161/437/1037 1151/427/1027
f 1157/433/1033 1156/432/1032 1162/438/1038
f 1161/437/1037 1162/438/1038 1156/432/1032
f 1158/434/1034 1157/433/1033 1163/439/1039
f 1162/438/1038 1163/439/1039 1157/433/1033
f 1159/435/1035 1160/436/1036 1164/440/1040
f 1165/441/1041 1164/440/1040 1160/436/1036
f 1160/436/1036 1166/442/1042 1165/441/1041
f 1166/442/1042 1160/436/1036 1149/425/1025
f 1149/425/1025 1148/424/1024 1166/442/1042
f 1167/443/1043 1166/442/1042 1148/424/1024
f 1148/424/1024 1147/423/1023 1167/443/1043
f 1168/444/1044 1167/443/1043 1147/423/1023
f 1147/423/1023 1146/422/1022 1168/444/1044
f 1169/445/1045 1168/444/1044 1146/422/1022
f 1146/422/1022 1145/421/1021 1169/445/1045
f 1170/446/1046 1169/445/1045 1145/421/1021
f 1145/421/1021 1144/420/1020 1170/446/1046
f 1171/447/1047 1170/446/1046 1144/420/1020
f 1144/420/1020 1143/419/1019 1171/447/1047
f 1172/448/1048 1171/447/1047 1143/419/1019
f 1143/419/1019 1138/414/1014 1172/448/1048
f 1173/449/1049 1172/448/1048 1138/414/1014
f 1138/414/1014 1139/415/1015 1173/449/1049
f 1174/450/1050 1173/449/1049 1139/415/1015
f 1139/415/1015 1142/418/1018 1174/450/1050
f 1175/451/1051 1174/450/1050 1142/418/1018
f 1142/418/1018 1176/452/1052 1175/451/1051
f 1177/453/1053 1175/451/1051 1176/452/1052
f 1176/452/1052 1178/454/1054 1177/453/1053
f 1178/454/1054 1176/452/1052 1179/455/1055
f 1180/456/1056 1179/455/1055 1176/452/1052
f 1181/457/1057 1177/453/1053 1178/454/1054
f 1177/453/1053 1181/457/1057 1182/458/1058
f 1183/459/1059 1182/458/1058 1181/457/1057
f 1175/451/1051 1177/453/1053 1184/460/1060
f 1182/458/1058 1184/460/1060 1177/453/1053
f 1174/450/1050 1175/451/1051 1185/461/1061
f 1184/460/1060 1185/461/1061 1175/451/1051
f 1173/449/1049 1174/450/1050 1186/462/1062
f 1185/461/1061 1186/462/1062 1174/450/1050
f 1186/462/1062 1187/463/1063 1173/449/1049
f 1184/460/1060 1182/458/1058 1188/464/1064
f 1189/465/1065 1188/464/1064 1182/458/1058
f 1182/458/1058 1190/459/1059 1189/465/1065
f 1191/466/1066 1189/465/1067 1183/459/1059
f 1185/461/1061 1184/460/1060 1192/467/1068
f 1188/464/1064 1192/467/1068 1184/460/1060
f 1186/462/1062 1185/461/1061 1193/468/1069
f 1192/467/1068 1193/468/1069 1185/461/1061
f 1187/463/1063 1186/462/1062 1194/469/1070
f 1193/468/1069 1194/469/1070 1186/462/1062
f 1194/469/1070 1195/470/1071 1187/463/1063
f 1196/471/1072 1187/463/1063 1195/470/1071
f 1187/463/1063 1196/471/1072 1172/448/1048
f 1172/448/1048 1173/449/1049 1187/463/1063
f 1171/447/1047 1172/448/1048 1196/471/1072
f 1196/471/1072 1197/472/1073 1171/447/1047
f 1170/446/1046 1171/447/1047 1197/472/1073
f 1197/472/1073 1198/473/1074 1170/446/1046
f 1169/445/1045 1170/446/1046 1198/473/1074
f 1198/473/1074 1199/474/1075 1169/445/1045
f 1168/444/1044 1169/445/1045 1199/474/1075
f 1199/474/1075 1200/475/1076 1168/444/1044
f 1167/443/1043 1168/444/1044 1200/475/1076
f 1200/475/1076 1201/476/1077 1167/443/1043
f 1166/442/1042 1167/443/1043 1201/476/1077
f 1201/476/1077 1165/441/1041 1166/442/1042
f 1197/472/1073 1196/471/1072 1202/477/1078
f 1195/470/1071 1202/477/1078 1196/471/1072
f 1198/473/1074 1197/472/1073 1203/478/1079
f 1202/477/1078 1203/478/1079 1197/472/1073
f 1199/474/1075 1198/473/1074 1204/479/1080
f 1203/478/1079 1204/479/1080 1198/473/1074
f 1200/475/1076 1199/474/1075 1205/480/1081
f 1204/479/1080 1205/480/1081 1199/474/1075
f 1201/476/1077 1200/475/1076 1206/481/1082
f 1205/480/1081 1206/481/1082 1200/475/1076
f 1165/441/1041 1201/476/1077 1207/482/1083
f 1206/481/1082 1207/482/1083 1201/476/1077
f 1207/482/1083 1208/483/1084 1165/441/1041
f 1164/440/1040 1165/441/1041 1208/483/1084
f 1208/483/1084 1209/484/1085 1164/440/1040
f 1210/485/1086 1164/440/1040 1209/484/1085
f 1164/440/1040 1210/485/1086 1159/435/1035
f 1161/437/1037 1159/435/1035 1210/485/1086
f 1210/485/1086 1211/486/1087 1161/437/1037
f 1162/438/1038 1161/437/1037 1211/486/1087
f 1211/486/1087 1212/487/1088 1162/438/1038
f 1163/439/1039 1162/438/1038 1212/487/1088
f 1211/486/1087 1210/485/1086 1213/488/1089
f 1209/484/1085 1213/488/1089 1210/485/1086
f 1212/487/1088 1211/486/1087 1214/489/1090
f 1213/488/1089 1214/489/1090 1211/486/1087
f 1205/480/1081 1204/479/1080 1215/490/1091
f 1216/491/1092 1215/490/1091 1204/479/1080
f 1204/479/1080 1203/478/1079 1216/491/1092
f 1217/492/1093 1216/491/1092 1203/478/1079
f 1203/478/1079 1202/477/1078 1217/492/1093
f 1218/493/1094 1217/492/1093 1202/477/1078
f 1202/477/1078 1195/470/1071 1218/493/1094
f 1219/494/1095 1218/493/1094 1195/470/1071
f 1195/470/1071 1194/469/1070 1219/494/1095
f 1220/495/1096 1219/494/1095 1194/469/1070
f 1194/469/1070 1193/468/1069 1220/495/1096
f 1221/496/1097 1220/495/1096 1193/468/1069
f 1193/468/1069 1192/467/1068 1221/496/1097
f 1222/497/1098 1221/496/1097 1192/467/1068
f 1192/467/1068 1188/464/1064 1222/497/1098
f 1223/498/1099 1222/497/1098 1188/464/1064
f 1188/464/1064 1189/465/1065 1223/498/1099
f 1224/499/1100 1223/498/1099 1189/465/1065
f 1189/465/1065 1225/466/1066 1224/499/1100
f 1226/500/1101 1224/499/1100 1191/466/1066
f 1229/501/938 1228/372/937 1227/369/1102
f 1230/371/972 1227/369/1102 1228/372/937
f 1227/369/1102 1231/502/1103 1229/501/938
f 1232/503/939 1229/501/938 1231/502/1103
f 1231/502/1103 1233/504/1104 1232/503/939
f 1234/505/940 1232/503/939 1233/504/1104
f 1233/504/1104 1235/506/1105 1234/505/940
f 1236/507/941 1234/505/940 1235/506/1105
f 1235/506/1105 1237/508/1106 1236/507/941
f 1238/509/942 1236/507/941 1237/508/1106
f 1237/508/1106 1239/510/1107 1238/509/942
f 1240/511/943 1238/509/942 1239/510/1107
f 1239/510/1107 1241/512/1108 1240/511/943
f 1242/513/944 1240/511/943 1241/512/1108
f 1241/512/1108 1243/514/1109 1242/513/944
f 1244/515/945 1242/513/944 1243/514/1109
f 1243/514/1109 1245/516/1110 1244/515/945
f 1246/517/946 1244/515/945 1245/516/1110
f 1245/516/1110 1247/518/1111 1246/517/946
f 1248/519/947 1246/517/946 1247/518/1111
f 1248/519/947 1247/518/1111 1249/520/948
f 1250/521/1112 1249/520/948 1247/518/1111
f 1250/521/1112 1251/522/1113 1249/520/948
f 1251/522/1113 1252/523/949 1249/520/948
f 1253/524/1114 1252/523/949 1251/522/1113
f 1253/524/1114 1254/525/1115 1252/523/949
f 1254/525/1115 1255/526/950 1252/523/949
f 1256/527/1116 1255/526/950 1254/525/1115
f 1256/527/1116 1257/528/1117 1255/526/950
f 1257/528/1117 1258/529/951 1255/526/950
f 1259/530/1118 1258/529/951 1257/528/1117
f 1259/530/1118 1260/531/1119 1258/529/951
f 1261/532/952 1258/529/951 1260/531/1119
f 1260/531/1119 1262/338/954 1261/532/952
f 1263/339/922 1261/532/952 1262/338/954
f 1257/528/1117 1264/533/1120 1259/530/1118
f 1264/533/1120 1257/528/1117 1265/534/1121
f 1266/527/1122 1265/534/1121 1257/528/1117
f 1265/534/1121 1266/527/1122 1267/535/1123
f 1268/525/1124 1267/535/1123 1266/527/1122
f 1269/524/1125 1267/535/1123 1268/525/1124
f 1267/535/1123 1269/524/1125 1270/536/1126
f 1271/522/1127 1270/536/1126 1269/524/1125
f 1272/521/1128 1270/536/1126 1271/522/1127
f 1270/536/1126 1272/521/1128 1273/537/1129
f 1274/538/1130 1273/537/1129 1272/521/1128
f 1273/537/1129 1274/538/1130 1275/539/1131
f 1276/540/1132 1275/539/1131 1274/538/1130
f 1277/541/1133 1275/539/1131 1276/540/1132
f 1275/539/1131 1277/541/1133 1278/542/1134
f 1279/543/1135 1278/542/1134 1277/541/1133
f 1278/542/1134 1279/543/1135 1280/544/1136
f 1281/545/1137 1280/544/1136 1279/543/1135
f 1280/544/1136 1281/545/1137 1282/546/1138
f 1283/547/1139 1282/546/1138 1281/545/1137
f 1282/546/1138 1283/547/1139 1284/548/1140
f 1285/549/1141 1284/548/1140 1283/547/1139
f 1284/548/1140 1285/549/1141 1286/550/1142
f 1287/551/1143 1286/550/1142 1285/549/1141
f 1286/550/1142 1287/551/1143 1288/552/1144
f 1289/553/1145 1288/552/1144 1287/551/1143
f 1288/552/1144 1289/553/1145 1290/554/1146
f 1291/555/1147 1290/554/1146 1289/553/1145
f 1290/554/1146 1291/555/1147 1292/556/1148
f 1293/557/1149 1292/556/1148 1291/555/1147
f 1292/556/1148 1293/557/1149 1294/558/1150
f 1295/559/1151 1294/558/1150 1293/557/1149
f 1294/558/1150 1295/559/1151 1296/560/1152
f 1297/561/1153 1296/560/1152 1295/559/1151
f 1296/560/1152 1297/561/1153 1298/562/1154
f 1299/563/1155 1298/562/1154 1297/561/1153
f 1300/564/1156 1298/562/1154 1299/563/1155
f 1298/562/1154 1300/564/1156 1301/565/1157
f 1302/566/1158 1301/565/1157 1300/564/1156
f 1301/565/1157 1302/566/1158 1303/567/1159
f 1304/568/1160 1303/567/1159 1302/566/1158
f 1303/567/1159 1304/568/1160 1305/569/1161
f 1306/570/1162 1305/569/1161 1304/568/1160
f 1307/571/1163 1305/569/1161 1306/570/1162
f 1305/569/1161 1307/571/1163 1308/572/1164
f 1309/455/1165 1308/572/1164 1307/571/1163
f 1074/350/961 1310/573/1166 1075/351/962
f 1311/574/1167 1075/351/962 1310/573/1166
f 1311/574/1167 1312/575/1168 1075/351/962
f 1075/351/962 1312/575/1168 1313/576/1168
f 1077/353/963 1075/351/962 1313/576/1168
f 1100/376/976 1077/353/963 1313/576/1168
f 1108/384/984 1100/376/976 1313/576/1168
f 1227/369/1102 1230/371/972 1314/577/1169
f 1315/380/980 1314/577/1169 1230/371/972
f 1314/577/1169 1316/578/1170 1227/369/1102
f 1231/502/1103 1227/369/1102 1316/578/1170
f 1316/578/1170 1317/579/1171 1231/502/1103
f 1233/504/1104 1231/502/1103 1317/579/1171
f 1317/579/1171 1318/580/1172 1233/504/1104
f 1235/506/1105 1233/504/1104 1318/580/1172
f 1318/580/1172 1319/581/1173 1235/506/1105
f 1237/508/1106 1235/506/1105 1319/581/1173
f 1319/581/1173 1320/582/1174 1237/508/1106
f 1239/510/1107 1237/508/1106 1320/582/1174
f 1320/582/1174 1321/583/1175 1239/510/1107
f 1241/512/1108 1239/510/1107 1321/583/1175
f 1321/583/1175 1322/584/1176 1241/512/1108
f 1243/514/1109 1241/512/1108 1322/584/1176
f 1322/584/1176 1323/585/1177 1243/514/1109
f 1245/516/1110 1243/514/1109 1323/585/1177
f 1323/585/1177 1324/543/1178 1245/516/1110
f 1325/545/1179 1324/543/1178 1323/585/1177
f 1324/543/1178 1247/518/1111 1245/516/1110
f 1326/541/1180 1247/518/1111 1324/543/1178
f 1327/540/1181 1247/518/1111 1326/541/1180
f 1327/540/1181 1328/538/1182 1247/518/1111
f 1250/521/1112 1247/518/1111 1328/538/1182
f 1321/583/1175 1320/582/1174 1329/586/1183
f 1330/587/1184 1329/586/1183 1320/582/1174
f 1322/584/1176 1321/583/1175 1331/588/1185
f 1329/586/1183 1331/588/1185 1321/583/1175
f 1323/585/1177 1322/584/1176 1332/589/1186
f 1331/588/1185 1332/589/1186 1322/584/1176
f 1332/589/1186 1333/549/1187 1323/585/1177
f 1334/590/1188 1333/549/1187 1332/589/1186
f 1335/551/1189 1333/549/1187 1334/590/1188
f 1333/549/1187 1336/547/1190 1323/585/1177
f 1336/547/1190 1325/545/1179 1323/585/1177
f 1334/590/1188 1337/553/1191 1335/551/1189
f 1329/586/1183 1330/587/1184 1338/591/1192
f 1339/592/1193 1338/591/1192 1330/587/1184
f 1330/587/1184 1340/593/1194 1339/592/1193
f 1340/593/1194 1330/587/1184 1319/581/1173
f 1319/581/1173 1318/580/1172 1340/593/1194
f 1341/594/1195 1340/593/1194 1318/580/1172
f 1318/580/1172 1317/579/1171 1341/594/1195
f 1342/595/1196 1341/594/1195 1317/579/1171
f 1317/579/1171 1316/578/1170 1342/595/1196
f 1343/596/1197 1342/595/1196 1316/578/1170
f 1316/578/1170 1314/577/1169 1343/596/1197
f 1344/597/1198 1343/596/1197 1314/577/1169
f 1314/577/1169 1315/380/980 1344/597/1198
f 1345/398/998 1344/597/1198 1315/380/980
f 1344/597/1198 1345/398/998 1346/598/1199
f 1347/431/1031 1346/598/1199 1345/398/998
f 1343/596/1197 1344/597/1198 1348/599/1200
f 1346/598/1199 1348/599/1200 1344/597/1198
f 1342/595/1196 1343/596/1197 1349/600/1201
f 1348/599/1200 1349/600/1201 1343/596/1197
f 1341/594/1195 1342/595/1196 1350/601/1202
f 1349/600/1201 1350/601/1202 1342/595/1196
f 1350/601/1202 1351/602/1203 1341/594/1195
f 1340/593/1194 1341/594/1195 1351/602/1203
f 1351/602/1203 1339/592/1193 1340/593/1194
f 1346/598/1199 1347/431/1031 1352/603/1204
f 1353/434/1034 1352/603/1204 1347/431/1031
f 1348/599/1200 1346/598/1199 1354/604/1205
f 1352/603/1204 1354/604/1205 1346/598/1199
f 1349/600/1201 1348/599/1200 1355/605/1206
f 1354/604/1205 1355/605/1206 1348/599/1200
f 1350/601/1202 1349/600/1201 1356/606/1207
f 1355/605/1206 1356/606/1207 1349/600/1201
f 1351/602/1203 1350/601/1202 1357/607/1208
f 1356/606/1207 1357/607/1208 1350/601/1202
f 1339/592/1193 1351/602/1203 1358/608/1209
f 1357/607/1208 1358/608/1209 1351/602/1203
f 1358/608/1209 1359/609/1210 1339/592/1193
f 1338/591/1192 1339/592/1193 1359/609/1210
f 1359/609/1210 1360/610/1211 1338/591/1192
f 1361/611/1212 1338/591/1192 1360/610/1211
f 1338/591/1192 1361/611/1212 1329/586/1183
f 1331/588/1185 1329/586/1183 1361/611/1212
f 1361/611/1212 1362/612/1213 1331/588/1185
f 1332/589/1186 1331/588/1185 1362/612/1213
f 1362/612/1213 1363/613/1214 1332/589/1186
f 1334/590/1188 1332/589/1186 1363/613/1214
f 1363/613/1214 1364/555/1215 1334/590/1188
f 1365/614/1216 1364/555/1215 1363/613/1214
f 1366/557/1217 1364/555/1215 1365/614/1216
f 1364/555/1215 1337/553/1191 1334/590/1188
f 1366/557/1217 1365/614/1216 1367/559/1218
f 1365/614/1216 1368/615/1219 1367/559/1218
f 1368/615/1219 1369/561/1220 1367/559/1218
f 1369/561/1220 1368/615/1219 1370/563/1221
f 1371/564/1222 1370/563/1221 1368/615/1219
f 1362/612/1213 1361/611/1212 1372/616/1223
f 1360/610/1211 1372/616/1223 1361/611/1212
f 1363/613/1214 1362/612/1213 1373/617/1224
f 1372/616/1223 1373/617/1224 1362/612/1213
f 1365/614/1216 1363/613/1214 1374/618/1225
f 1373/617/1224 1374/618/1225 1363/613/1214
f 1368/615/1219 1365/614/1216 1375/619/1226
f 1374/618/1225 1375/619/1226 1365/614/1216
f 1371/564/1222 1368/615/1219 1376/620/1227
f 1368/615/1219 1375/619/1226 1376/620/1227
f 1377/566/1228 1371/564/1222 1376/620/1227
f 1372/616/1223 1360/610/1211 1378/621/1229
f 1379/622/1230 1378/621/1229 1360/610/1211
f 1360/610/1211 1359/609/1210 1379/622/1230
f 1380/623/1231 1379/622/1230 1359/609/1210
f 1359/609/1210 1358/608/1209 1380/623/1231
f 1381/624/1232 1380/623/1231 1358/608/1209
f 1358/608/1209 1357/607/1208 1381/624/1232
f 1382/625/1233 1381/624/1232 1357/607/1208
f 1357/607/1208 1356/606/1207 1382/625/1233
f 1383/626/1234 1382/625/1233 1356/606/1207
f 1356/606/1207 1355/605/1206 1383/626/1234
f 1384/627/1235 1383/626/1234 1355/605/1206
f 1355/605/1206 1354/604/1205 1384/627/1235
f 1385/628/1236 1384/627/1235 1354/604/1205
f 1354/604/1205 1352/603/1204 1385/628/1236
f 1386/629/1237 1385/628/1236 1352/603/1204
f 1352/603/1204 1353/434/1034 1386/629/1237
f 1387/439/1039 1386/629/1237 1353/434/1034
f 1386/629/1237 1387/439/1039 1388/486/1238
f 1389/487/1088 1388/486/1238 1387/439/1039
f 1385/628/1236 1386/629/1237 1390/630/1239
f 1388/486/1238 1390/630/1239 1386/629/1237
f 1384/627/1235 1385/628/1236 1391/631/1240
f 1390/630/1239 1391/631/1240 1385/628/1236
f 1383/626/1234 1384/627/1235 1392/632/1241
f 1391/631/1240 1392/632/1241 1384/627/1235
f 1382/625/1233 1383/626/1234 1393/633/1242
f 1392/632/1241 1393/633/1242 1383/626/1234
f 1393/633/1242 1394/634/1243 1382/625/1233
f 1381/624/1232 1382/625/1233 1394/634/1243
f 1394/634/1243 1395/635/1244 1381/624/1232
f 1380/623/1231 1381/624/1232 1395/635/1244
f 1395/635/1244 1396/636/1245 1380/623/1231
f 1379/622/1230 1380/623/1231 1396/636/1245
f 1396/636/1245 1397/637/1246 1379/622/1230
f 1378/621/1229 1379/622/1230 1397/637/1246
f 1397/637/1246 1398/638/1247 1378/621/1229
f 1399/639/1248 1378/621/1229 1398/638/1247
f 1378/621/1229 1399/639/1248 1372/616/1223
f 1373/617/1224 1372/616/1223 1399/639/1248
f 1399/639/1248 1400/640/1249 1373/617/1224
f 1374/618/1225 1373/617/1224 1400/640/1249
f 1400/640/1249 1401/641/1250 1374/618/1225
f 1375/619/1226 1374/618/1225 1401/641/1250
f 1401/641/1250 1402/642/1251 1375/619/1226
f 1376/620/1227 1375/619/1226 1402/642/1251
f 1402/642/1251 1403/643/1252 1376/620/1227
f 1404/644/1253 1376/620/1227 1403/643/1252
f 1403/643/1252 1405/645/1254 1404/644/1253
f 1406/646/1255 1404/644/1253 1405/645/1254
f 1404/644/1253 1406/646/1255 1407/570/1256
f 1408/568/1257 1404/644/1253 1407/570/1256
f 1405/645/1254 1409/457/1057 1406/646/1255
f 1410/454/1054 1406/646/1255 1409/457/1057
f 1401/641/1250 1400/640/1249 1411/647/1258
f 1412/648/1259 1411/647/1258 1400/640/1249
f 1400/640/1249 1399/639/1248 1412/648/1259
f 1398/638/1247 1412/648/1259 1399/639/1248
f 1403/643/1252 1402/642/1251 1413/649/1260
f 1414/650/1261 1413/649/1260 1402/642/1251
f 1411/647/1258 1414/650/1261 1401/641/1250
f 1402/642/1251 1401/641/1250 1414/650/1261
f 1409/457/1057 1405/645/1254 1415/459/1059
f 1416/651/1262 1415/459/1059 1405/645/1254
f 1413/649/1260 1416/651/1262 1403/643/1252
f 1405/645/1254 1403/643/1252 1416/651/1262
f 1412/648/1259 1398/638/1247 1417/652/1263
f 1418/653/1264 1417/652/1263 1398/638/1247
f 1398/638/1247 1397/637/1246 1418/653/1264
f 1419/654/1265 1418/653/1264 1397/637/1246
f 1397/637/1246 1396/636/1245 1419/654/1265
f 1420/655/1266 1419/654/1265 1396/636/1245
f 1396/636/1245 1395/635/1244 1420/655/1266
f 1421/656/1267 1420/655/1266 1395/635/1244
f 1395/635/1244 1394/634/1243 1421/656/1267
f 1422/657/1268 1421/656/1267 1394/634/1243
f 1394/634/1243 1393/633/1242 1422/657/1268
f 1423/658/1269 1422/657/1268 1393/633/1242
f 1393/633/1242 1392/632/1241 1423/658/1269
f 1424/482/1270 1423/658/1269 1392/632/1241
f 1392/632/1241 1391/631/1240 1424/482/1270
f 1425/659/1271 1424/482/1270 1391/631/1240
f 1391/631/1240 1390/630/1239 1425/659/1271
f 1426/660/1272 1425/659/1271 1390/630/1239
f 1390/630/1239 1388/486/1238 1426/660/1272
f 1427/488/1273 1426/660/1272 1388/486/1238
f 1388/486/1238 1389/487/1088 1427/488/1273
f 1428/489/1090 1427/488/1273 1389/487/1088
f 1427/488/1273 1428/489/1090 1429/661/1274
f 1430/662/1275 1429/661/1274 1428/489/1090
f 1426/660/1272 1427/488/1273 1431/663/1276
f 1429/661/1274 1431/663/1276 1427/488/1273
f 1425/659/1271 1426/660/1272 1432/664/1277
f 1431/663/1276 1432/664/1277 1426/660/1272
f 1424/482/1270 1425/659/1271 1433/665/1278
f 1432/664/1277 1433/665/1278 1425/659/1271
f 1423/658/1269 1424/482/1270 1434/666/1279
f 1433/665/1278 1434/666/1279 1424/482/1270
f 1434/666/1279 1435/667/1280 1423/658/1269
f 1422/657/1268 1423/658/1269 1435/667/1280
f 1435/667/1280 1436/668/1281 1422/657/1268
f 1421/656/1267 1422/657/1268 1436/668/1281
f 1436/668/1281 1437/669/1282 1421/656/1267
f 1420/655/1266 1421/656/1267 1437/669/1282
f 1437/669/1282 1438/670/1283 1420/655/1266
f 1419/654/1265 1420/655/1266 1438/670/1283
f 1438/670/1283 1439/671/1284 1419/654/1265
f 1418/653/1264 1419/654/1265 1439/671/1284
f 1439/671/1284 1440/672/1285 1418/653/1264
f 1417/652/1263 1418/653/1264 1440/672/1285
f 1440/672/1285 1441/673/1286 1417/652/1263
f 1442/468/1287 1417/652/1263 1441/673/1286
f 1417/652/1263 1442/468/1287 1412/648/1259
f 1411/647/1258 1412/648/1259 1442/468/1287
f 1442/468/1287 1443/674/1288 1411/647/1258
f 1414/650/1261 1411/647/1258 1443/674/1288
f 1443/674/1288 1444/675/1289 1414/650/1261
f 1413/649/1260 1414/650/1261 1444/675/1289
f 1444/675/1289 1445/676/1290 1413/649/1260
f 1416/651/1262 1413/649/1260 1445/676/1290
f 1445/676/1290 1446/466/1066 1416/651/1262
f 1443/674/1288 1442/468/1287 1447/677/1291
f 1441/673/1286 1447/677/1291 1442/468/1287
f 1444/675/1289 1443/674/1288 1448/678/1292
f 1447/677/1291 1448/678/1292 1443/674/1288
f 1445/676/1290 1444/675/1289 1449/499/1293
f 1448/678/1292 1449/499/1293 1444/675/1289
f 1446/466/1066 1445/676/1290 1450/500/1101
f 1449/499/1293 1450/500/1101 1445/676/1290
f 1452/459/1059 1416/651/1262 1451/466/1066
f 1320/582/1174 1319/581/1173 1330/587/1184
f 1406/646/1255 1454/571/1294 1453/570/1256
f 1454/571/1294 1406/646/1255 1455/455/1055
f 1410/454/1054 1455/455/1055 1406/646/1255
f 1150/426/1026 1149/425/1025 1160/436/1036
f 1206/481/1082 1205/480/1081 1456/679/1295
f 1215/490/1091 1456/679/1295 1205/480/1081
f 1456/679/1295 1457/680/1296 1206/481/1082
f 1207/482/1083 1206/481/1082 1457/680/1296
f 1457/680/1296 1458/681/1297 1207/482/1083
f 1208/483/1084 1207/482/1083 1458/681/1297
f 1458/681/1297 1459/682/1298 1208/483/1084
f 1209/484/1085 1208/483/1084 1459/682/1298
f 1459/682/1298 1460/661/1299 1209/484/1085
f 1213/488/1089 1209/484/1085 1460/661/1299
f 1460/661/1299 1461/662/1275 1213/488/1089
f 1214/489/1090 1213/488/1089 1461/662/1275
f 1464/683/1300 1463/684/1300 1462/685/1300
f 1467/686/1099 1466/683/1100 1465/685/1301
f 1468/687/1302 1467/686/1099 1465/685/1301
f 1469/688/1097 1468/687/1302 1465/685/1301
f 1470/689/1303 1469/688/1097 1465/685/1301
f 1471/690/1095 1470/689/1303 1465/685/1301
f 1472/691/1094 1471/690/1095 1465/685/1301
f 1473/692/1093 1472/691/1094 1465/685/1301
f 1474/693/1092 1473/692/1093 1465/685/1301
f 1475/694/1304 1474/693/1092 1465/685/1301
f 1476/695/1305 1475/694/1304 1465/685/1301
f 1477/696/1296 1476/695/1305 1465/685/1301
f 1478/697/1297 1477/696/1296 1465/685/1301
f 1479/698/1306 1478/697/1297 1465/685/1301
f 1480/699/1307 1479/698/1306 1465/685/1301
f 1481/700/1275 1480/699/1307 1465/685/1301
f 1482/701/1308 1481/700/1275 1465/685/1301
f 1483/702/1309 1482/701/1308 1465/685/1301
f 1484/703/1310 1483/702/1309 1465/685/1301
f 1485/704/1311 1484/703/1310 1465/685/1301
f 1486/705/1312 1485/704/1311 1465/685/1301
f 1487/706/1280 1486/705/1312 1465/685/1301
f 1488/707/1313 1487/706/1280 1465/685/1301
f 1489/708/1282 1488/707/1313 1465/685/1301
f 1490/709/1283 1489/708/1282 1465/685/1301
f 1491/710/1314 1490/709/1283 1465/685/1301
f 1492/711/1285 1491/710/1314 1465/685/1301
f 1493/712/1286 1492/711/1285 1465/685/1301
f 1494/713/1315 1493/712/1286 1465/685/1301
f 1495/714/1316 1494/713/1315 1465/685/1301
f 1496/715/1317 1495/714/1316 1465/685/1301
f 1497/684/1318 1496/715/1317 1465/685/1301
f 1141/417/1017 1498/716/1319 1142/418/1018
f 1142/418/1018 1498/716/1319 1176/452/1052
f 1176/452/1052 1499/716/1319 1180/456/1056
f 1376/620/1227 1404/644/1253 1377/566/1228
f 1408/568/1257 1377/566/1228 1404/644/1253
f 1502/456/1320 1501/717/1321 1500/455/1165
f 1503/572/1322 1500/455/1165 1501/717/1321
f 1504/716/1323 1501/717/1321 1502/456/1320
f 1501/717/1321 1504/716/1323 1505/718/1324
f 1506/417/1325 1505/718/1324 1504/716/1323
f 1505/718/1324 1506/417/1325 1507/719/1326
f 1508/416/1327 1507/719/1326 1506/417/1325
f 1507/719/1326 1508/416/1327 1509/720/1328
f 1510/413/1329 1509/720/1328 1508/416/1327
f 1511/412/1330 1509/720/1328 1510/413/1329
f 1509/720/1328 1511/412/1330 1512/721/1331
f 1513/410/1332 1512/721/1331 1511/412/1330
f 1512/721/1331 1513/410/1332 1514/722/1333
f 1515/409/1334 1514/722/1333 1513/410/1332
f 1514/722/1333 1515/409/1334 1516/723/1335
f 1517/407/1336 1516/723/1335 1515/409/1334
f 1516/723/1335 1517/407/1336 1518/724/1337
f 1519/406/1338 1518/724/1337 1517/407/1336
f 1518/724/1337 1519/406/1338 1520/725/1339
f 1521/388/1340 1520/725/1339 1519/406/1338
f 1520/725/1339 1521/388/1340 1522/726/1341
f 1523/386/1342 1522/726/1341 1521/388/1340
f 1522/726/1341 1523/386/1342 1524/727/1343
f 1525/385/1344 1524/727/1343 1523/386/1342
f 1524/727/1343 1525/385/1344 1526/728/1345
f 1527/383/1346 1526/728/1345 1525/385/1344
f 1526/728/1345 1527/383/1346 1528/729/1347
f 1529/384/1348 1528/729/1347 1527/383/1346
f 1528/729/1347 1529/384/1348 1530/730/1349
f 1531/576/1350 1530/730/1349 1529/384/1348
f 1530/730/1349 1531/576/1350 1532/731/1351
f 1533/575/1352 1532/731/1351 1531/576/1350
f 1534/574/1353 1532/731/1351 1533/575/1352
f 1532/731/1351 1534/574/1353 1535/732/1354
f 1536/573/1355 1535/732/1354 1534/574/1353
f 1535/732/1354 1536/573/1355 1537/733/1356
f 1538/350/1357 1537/733/1356 1536/573/1355
f 1539/348/1358 1537/733/1356 1538/350/1357
f 1537/733/1356 1539/348/1358 1540/734/1359
f 1541/347/1360 1540/734/1359 1539/348/1358
f 1542/345/1361 1540/734/1359 1541/347/1360
f 1540/734/1359 1542/345/1361 1543/735/1362
f 1544/344/1363 1543/735/1362 1542/345/1361
f 1543/735/1362 1544/344/1363 1545/736/1364
f 1066/342/956 1545/736/1364 1544/344/1363
f 1546/341/1365 1545/736/1364 1066/342/956
f 1545/736/1364 1546/341/1365 1547/737/1366
f 1548/336/1367 1547/737/1366 1546/341/1365
f 1547/737/1366 1548/336/1367 1549/738/1368
f 1550/338/1369 1549/738/1368 1548/336/1367
f 1553/531/1370 1552/739/1371 1551/338/1369
f 1554/738/1368 1551/338/1369 1552/739/1371
f 1552/739/1371 1553/531/1370 1264/533/1120
f 1259/530/1118 1264/533/1120 1553/531/1370
f 1557/740/1372 1556/741/1373 1555/742/858
f 1558/743/858 1555/742/858 1556/741/1373
f 1556/741/1373 1557/740/1372 1559/744/1374
f 1560/745/1375 1559/744/1374 1557/740/1372
f 1559/744/1374 1560/745/1375 1561/746/1376
f 1562/747/1377 1561/746/1376 1560/745/1375
f 1561/746/1376 1562/747/1377 1563/748/1378
f 1564/749/1379 1563/748/1378 1562/747/1377
f 1563/748/1378 1564/749/1379 1565/750/1380
f 1566/751/1381 1565/750/1380 1564/749/1379
f 1565/750/1380 1566/751/1381 1567/752/1382
f 1568/753/1383 1567/752/1382 1566/751/1381
f 1567/752/1382 1568/753/1383 1569/754/1384
f 1570/755/1385 1569/754/1384 1568/753/1383
f 1569/754/1384 1570/755/1385 1571/756/1386
f 1572/757/1387 1571/756/1386 1570/755/1385
f 1571/756/1386 1572/757/1387 1573/758/1388
f 1574/759/1389 1573/758/1388 1572/757/1387
f 1573/758/1388 1574/759/1389 1575/760/1390
f 1576/761/1391 1575/760/1390 1574/759/1389
f 1575/760/1390 1576/761/1391 1577/762/1392
f 1578/763/1393 1577/762/1392 1576/761/1391
f 1577/762/1392 1578/763/1393 1579/764/1394
f 1580/765/1395 1579/764/1394 1578/763/1393
f 1579/764/1394 1580/765/1395 1581/766/1396
f 1582/767/1397 1581/766/1396 1580/765/1395
f 1581/766/1396 1582/767/1397 1583/768/1398
f 1584/769/1399 1583/768/1398 1582/767/1397
f 1583/768/1398 1584/769/1399 1585/770/1400
f 1586/771/1401 1585/770/1400 1584/769/1399
f 1585/770/1400 1586/771/1401 1587/772/1402
f 1588/773/1403 1587/772/1402 1586/771/1401
f 1587/772/1402 1588/773/1403 1589/774/1404
f 1590/775/1405 1589/774/1404 1588/773/1403
f 1589/774/1404 1590/775/1405 1591/776/1406
f 1592/777/1407 1591/776/1406 1590/775/1405
f 1591/776/1406 1592/777/1407 1593/778/1408
f 1594/779/1409 1593/778/1408 1592/777/1407
f 1593/778/1408 1594/779/1409 1595/780/1410
f 1596/781/1411 1595/780/1410 1594/779/1409
f 1595/780/1410 1596/781/1411 1597/782/1412
f 1598/783/1413 1597/782/1412 1596/781/1411
f 1597/782/1412 1598/783/1413 1599/784/1414
f 1600/785/1414 1599/784/1414 1598/783/1413
f 1603/786/858 1602/787/858 1601/788/1415
f 1604/789/1416 1601/788/1415 1602/787/858
f 1601/788/1415 1604/789/1416 1605/790/1417
f 1606/791/1418 1605/790/1417 1604/789/1416
f 1605/790/1417 1606/791/1418 1607/792/1419
f 1608/793/1420 1607/792/1419 1606/791/1418
f 1607/792/1419 1608/793/1420 1609/794/1421
f 1610/795/1422 1609/794/1421 1608/793/1420
f 1609/794/1421 1610/795/1422 1611/796/1423
f 1612/797/1424 1611/796/1423 1610/795/1422
f 1611/796/1423 1612/797/1424 1613/798/1425
f 1614/799/1426 1613/798/1425 1612/797/1424
f 1613/798/1425 1614/799/1426 1615/800/1427
f 1616/801/1428 1615/800/1427 1614/799/1426
f 1615/800/1427 1616/801/1428 1617/802/1429
f 1618/803/1430 1617/802/1429 1616/801/1428
f 1617/802/1429 1618/803/1430 1619/804/1431
f 1620/805/1432 1619/804/1431 1618/803/1430
f 1619/804/1431 1620/805/1432 1621/806/1433
f 1622/807/1434 1621/806/1433 1620/805/1432
f 1621/806/1433 1622/807/1434 1623/808/1435
f 1624/809/1436 1623/808/1435 1622/807/1434
f 1623/808/1435 1624/809/1436 1625/810/1437
f 1626/811/1438 1625/810/1437 1624/809/1436
f 1625/810/1437 1626/811/1438 1627/812/1439
f 1628/813/1440 1627/812/1439 1626/811/1438
f 1627/812/1439 1628/813/1440 1629/814/1441
f 1630/815/1442 1629/814/1441 1628/813/1440
f 1629/814/1441 1630/815/1442 1631/816/1443
f 1632/817/1444 1631/816/1443 1630/815/1442
f 1631/816/1443 1632/817/1444 1633/818/1445
f 1634/819/1446 1633/818/1445 1632/817/1444
f 1633/818/1445 1634/819/1446 1635/820/1447
f 1636/821/1448 1635/820/1447 1634/819/1446
f 1635/820/1447 1636/821/1448 1637/822/1449
f 1638/823/1450 1637/822/1449 1636/821/1448
f 1637/822/1449 1638/823/1450 1639/824/1451
f 1640/825/1452 1639/824/1451 1638/823/1450
f 1639/824/1451 1640/825/1452 1641/826/1453
f 1642/827/1454 1641/826/1453 1640/825/1452
f 1641/826/1453 1642/827/1454 1643/828/1455
f 1644/829/1456 1643/828/1455 1642/827/1454
f 1643/828/1455 1644/829/1456 1645/830/1414
f 1646/831/1414 1645/830/1414 1644/829/1456
f 1649/832/1457 1648/833/1457 1647/834/1457
f 1648/833/1457 1650/835/1457 1647/834/1457
f 1651/836/1457 1650/835/1457 1648/833/1457
f 1652/837/1457 1650/835/1457 1651/836/1457
f 1653/838/1457 1650/835/1457 1652/837/1457
f 1654/839/1457 1650/835/1457 1653/838/1457
f 1655/840/1457 1650/835/1457 1654/839/1457
f 1656/841/1457 1650/835/1457 1655/840/1457
f 1657/842/1457 1656/841/1457 1655/840/1457
f 1658/843/1457 1656/841/1457 1657/842/1457
f 1659/844/1457 1656/841/1457 1658/843/1457
f 1660/845/1457 1656/841/1457 1659/844/1457
f 1661/846/1457 1656/841/1457 1660/845/1457
f 1662/847/1457 1656/841/1457 1661/846/1457
f 1663/848/1457 1656/841/1457 1662/847/1457
f 1664/849/1457 1650/835/1457 1656/841/1457
f 1665/850/1457 1664/849/1457 1656/841/1457
f 1666/851/1457 1665/850/1457 1656/841/1457
f 1667/852/1457 1666/851/1457 1656/841/1457
f 1668/853/1457 1667/852/1457 1656/841/1457
f 1669/854/1457 1668/853/1457 1656/841/1457
f 1670/855/1457 1669/854/1457 1656/841/1457
f 1671/856/1457 1670/855/1457 1656/841/1457
f 1672/857/1457 1671/856/1457 1656/841/1457
f 1673/858/1457 1670/855/1457 1671/856/1457
f 1674/859/1457 1669/854/1457 1670/855/1457
f 1675/860/1457 1674/859/1457 1670/855/1457
f 1676/861/1457 1669/854/1457 1674/859/1457
f 1677/862/1457 1668/853/1457 1669/854/1457
f 1678/863/1457 1677/862/1457 1669/854/1457
f 1679/864/1457 1678/863/1457 1669/854/1457
f 1680/865/1457 1677/862/1457 1678/863/1457
f 1681/866/1457 1668/853/1457 1677/862/1457
f 1682/867/1457 1681/866/1457 1677/862/1457
f 1684/868/1457 1650/835/1457 1683/869/1457
f 1683/869/1457 1650/835/1457 1685/870/1457
f 1685/870/1457 1650/835/1457 1686/871/1457
f 1686/871/1457 1650/835/1457 1687/872/1457
f 1687/872/1457 1650/835/1457 1688/873/1457
f 1688/873/1457 1650/835/1457 1689/874/1457
f 1689/874/1457 1650/835/1457 1664/849/1457
f 1650/835/1457 1690/875/1457 1647/834/1457
f 1693/876/1458 1692/877/1459 1691/878/1460
f 1694/879/1461 1691/878/1460 1692/877/1459
f 1692/877/1459 1693/876/1458 1695/880/1462
f 1696/881/1463 1695/880/1462 1693/876/1458
f 1695/880/1462 1696/881/1463 1697/882/1464
f 1698/883/1465 1697/882/1464 1696/881/1463
f 1691/878/1460 1694/879/1461 1699/884/1466
f 1700/885/1467 1699/884/1466 1694/879/1461
f 1699/884/1466 1700/885/1467 1701/886/1468
f 1702/887/1469 1701/886/1468 1700/885/1467
f 1701/886/1468 1702/887/1469 1703/888/1470
f 1704/889/1471 1703/888/1470 1702/887/1469
f 1703/888/1470 1704/889/1471 1705/890/1472
f 1706/891/1472 1705/890/1472 1704/889/1471
f 1705/890/1472 1706/891/1472 1707/892/1473
f 1708/893/1474 1707/892/1473 1706/891/1472
f 1707/892/1473 1708/893/1474 1709/894/1475
f 1710/895/1476 1709/894/1475 1708/893/1474
f 1709/894/1475 1710/895/1476 1711/896/1477
f 1712/897/1478 1711/896/1477 1710/895/1476
f 1711/896/1477 1712/897/1478 1713/898/1479
f 1714/899/1480 1713/898/1479 1712/897/1478
f 1713/898/1479 1714/899/1480 1715/900/1481
f 1716/901/1482 1715/900/1481 1714/899/1480
f 1715/900/1481 1716/901/1482 1717/902/1483
f 1718/903/1484 1717/902/1483 1716/901/1482
f 1717/902/1483 1718/903/1484 1719/904/1485
f 1720/905/1486 1719/904/1485 1718/903/1484
f 1719/904/1485 1720/905/1486 1721/906/1487
f 1722/907/1487 1721/906/1487 1720/905/1486
f 1721/906/1487 1722/907/1487 1723/908/1465
f 1724/909/1464 1723/908/1465 1722/907/1487
f 1727/879/1488 1726/877/1488 1725/885/1488
f 1726/877/1488 1728/880/1488 1725/885/1488
f 1728/880/1488 1729/882/1488 1725/885/1488
f 1729/882/1488 1730/910/1488 1725/885/1488
f 1730/910/1488 1731/911/1488 1725/885/1488
f 1731/911/1488 1732/912/1488 1725/885/1488
f 1732/912/1488 1733/913/1488 1725/885/1488
f 1733/913/1488 1734/914/1488 1725/885/1488
f 1734/914/1488 1735/915/1488 1725/885/1488
f 1735/915/1488 1736/916/1488 1725/885/1488
f 1736/916/1488 1737/917/1488 1725/885/1488
f 1737/917/1488 1738/918/1488 1725/885/1488
f 1738/918/1488 1739/919/1489 1725/885/1488
f 1739/919/1489 1740/920/1488 1725/885/1488
f 1743/921/1490 1742/922/1491 1741/923/1492
f 1744/924/1493 1741/923/1492 1742/922/1491
f 1742/922/1491 1743/921/1490 1745/925/1494
f 1746/926/1495 1745/925/1494 1743/921/1490
f 1745/925/1494 1746/926/1495 1747/927/1496
f 1748/928/1497 1747/927/1496 1746/926/1495
f 1747/927/1496 1748/928/1497 1749/929/1498
f 1750/930/1499 1749/929/1498 1748/928/1497
f 1741/923/1492 1744/924/1493 1751/931/1500
f 1752/932/1501 1751/931/1500 1744/924/1493
f 1751/931/1500 1752/932/1501 1753/933/1502
f 1754/934/1503 1753/933/1502 1752/932/1501
f 1753/933/1502 1754/934/1503 1755/935/1504
f 1756/936/1505 1755/935/1504 1754/934/1503
f 1755/935/1504 1756/936/1505 1757/937/1506
f 1758/938/1507 1757/937/1506 1756/936/1505
f 1757/937/1506 1758/938/1507 1759/939/1508
f 1760/940/1509 1759/939/1508 1758/938/1507
f 1759/939/1508 1760/940/1509 1761/941/1510
f 1762/942/1511 1761/941/1510 1760/940/1509
f 1761/941/1510 1762/942/1511 1763/943/1512
f 1764/944/1513 1763/943/1512 1762/942/1511
f 1763/943/1512 1764/944/1513 1765/945/1514
f 1766/946/1515 1765/945/1514 1764/944/1513
f 1765/945/1514 1766/946/1515 1767/947/1516
f 1768/948/1517 1767/947/1516 1766/946/1515
f 1767/947/1516 1768/948/1517 1769/949/1518
f 1770/950/1519 1769/949/1518 1768/948/1517
f 1769/949/1518 1770/950/1519 1771/951/1520
f 1772/952/1521 1771/951/1520 1770/950/1519
f 1771/951/1520 1772/952/1521 1773/953/1499
f 1774/954/1498 1773/953/1499 1772/952/1521
f 1772/952/1521 1775/955/1522 1774/954/1498
f 1776/956/1523 1774/954/1498 1775/955/1522
f 1770/950/1519 1777/957/1524 1772/952/1521
f 1775/955/1522 1772/952/1521 1777/957/1524
f 1768/948/1517 1778/958/1525 1770/950/1519
f 1777/957/1524 1770/950/1519 1778/958/1525
f 1766/946/1515 1779/959/1526 1768/948/1517
f 1778/958/1525 1768/948/1517 1779/959/1526
f 1764/944/1513 1780/960/1527 1766/946/1515
f 1779/959/1526 1766/946/1515 1780/960/1527
f 1780/960/1527 1764/944/1513 1781/961/1528
f 1762/942/1511 1781/961/1528 1764/944/1513
f 1781/961/1528 1762/942/1511 1782/962/1529
f 1760/940/1509 1782/962/1529 1762/942/1511
f 1782/962/1529 1760/940/1509 1783/963/1530
f 1758/938/1507 1783/963/1530 1760/940/1509
f 1783/963/1530 1758/938/1507 1784/964/1531
f 1756/936/1505 1784/964/1531 1758/938/1507
f 1784/964/1531 1756/936/1505 1785/965/1532
f 1754/934/1503 1785/965/1532 1756/936/1505
f 1785/965/1532 1754/934/1503 1786/966/1533
f 1752/932/1501 1786/966/1533 1754/934/1503
f 1786/966/1533 1752/932/1501 1787/967/1534
f 1744/924/1493 1787/967/1534 1752/932/1501
f 1787/967/1534 1744/924/1493 1788/968/1535
f 1742/922/1491 1788/968/1535 1744/924/1493
f 1788/968/1535 1742/922/1491 1789/969/1536
f 1745/925/1494 1789/969/1536 1742/922/1491
f 1789/969/1536 1745/925/1494 1790/970/1537
f 1747/927/1496 1790/970/1537 1745/925/1494
f 1790/970/1537 1747/927/1496 1791/971/1523
f 1749/929/1498 1791/971/1523 1747/927/1496
f 1788/968/1535 1792/972/1538 1787/967/1534
f 1793/973/1539 1787/967/1534 1792/972/1538
f 1787/967/1534 1793/973/1539 1786/966/1533
f 1789/969/1536 1794/974/1540 1788/968/1535
f 1792/972/1538 1788/968/1535 1794/974/1540
f 1790/970/1537 1795/975/1541 1789/969/1536
f 1794/974/1540 1789/969/1536 1795/975/1541
f 1791/971/1523 1796/976/1542 1790/970/1537
f 1795/975/1541 1790/970/1537 1796/976/1542
f 1792/972/1538 1797/977/1543 1793/973/1539
f 1798/978/1544 1793/973/1539 1797/977/1543
f 1794/974/1540 1799/979/1545 1792/972/1538
f 1797/977/1543 1792/972/1538 1799/979/1545
f 1795/975/1541 1800/980/1546 1794/974/1540
f 1799/979/1545 1794/974/1540 1800/980/1546
f 1796/976/1542 1801/981/1547 1795/975/1541
f 1800/980/1546 1795/975/1541 1801/981/1547
f 1793/973/1539 1798/978/1544 1802/982/1548
f 1802/982/1548 1786/966/1533 1793/973/1539
f 1786/966/1533 1802/982/1548 1785/965/1532
f 1803/983/1549 1785/965/1532 1802/982/1548
f 1785/965/1532 1803/983/1549 1784/964/1531
f 1804/984/1550 1784/964/1531 1803/983/1549
f 1784/964/1531 1804/984/1550 1783/963/1530
f 1805/985/1551 1783/963/1530 1804/984/1550
f 1783/963/1530 1805/985/1551 1782/962/1529
f 1806/986/1552 1782/962/1529 1805/985/1551
f 1782/962/1529 1806/986/1552 1781/961/1528
f 1807/987/1553 1781/961/1528 1806/986/1552
f 1781/961/1528 1807/987/1553 1780/960/1527
f 1808/988/1554 1780/960/1527 1807/987/1553
f 1780/960/1527 1808/988/1554 1779/959/1526
f 1809/989/1555 1779/959/1526 1808/988/1554
f 1779/959/1526 1809/989/1555 1778/958/1525
f 1810/990/1556 1778/958/1525 1809/989/1555
f 1778/958/1525 1810/990/1556 1777/957/1524
f 1811/991/1557 1777/957/1524 1810/990/1556
f 1777/957/1524 1811/991/1557 1775/955/1522
f 1812/992/1558 1775/955/1522 1811/991/1557
f 1775/955/1522 1812/992/1558 1776/956/1523
f 1813/993/1542 1776/956/1523 1812/992/1558
f 1812/992/1558 1814/994/1559 1813/993/1542
f 1815/995/1547 1813/993/1542 1814/994/1559
f 1811/991/1557 1816/996/1560 1812/992/1558
f 1814/994/1559 1812/992/1558 1816/996/1560
f 1810/990/1556 1817/997/1561 1811/991/1557
f 1816/996/1560 1811/991/1557 1817/997/1561
f 1809/989/1555 1818/998/1562 1810/990/1556
f 1817/997/1561 1810/990/1556 1818/998/1562
f 1808/988/1554 1819/999/1563 1809/989/1555
f 1818/998/1562 1809/989/1555 1819/999/1563
f 1819/999/1563 1808/988/1554 1820/1000/1564
f 1807/987/1553 1820/1000/1564 1808/988/1554
f 1820/1000/1564 1807/987/1553 1821/1001/1565
f 1806/986/1552 1821/1001/1565 1807/987/1553
f 1821/1001/1565 1806/986/1552 1822/1002/1566
f 1805/985/1551 1822/1002/1566 1806/986/1552
f 1822/1002/1566 1805/985/1551 1823/1003/1567
f 1804/984/1550 1823/1003/1567 1805/985/1551
f 1823/1003/1567 1804/984/1550 1824/1004/1568
f 1803/983/1549 1824/1004/1568 1804/984/1550
f 1824/1004/1568 1803/983/1549 1825/1005/1569
f 1802/982/1548 1825/1005/1569 1803/983/1549
f 1825/1005/1569 1802/982/1548 1798/978/1544
f 1819/999/1563 1826/1006/1570 1818/998/1562
f 1820/1000/1564 1827/1007/1571 1819/999/1563
f 1826/1006/1570 1819/999/1563 1827/1007/1571
f 1821/1001/1565 1828/1008/1572 1820/1000/1564
f 1827/1007/1571 1820/1000/1564 1828/1008/1572
f 1822/1002/1566 1829/1009/1573 1821/1001/1565
f 1828/1008/1572 1821/1001/1565 1829/1009/1573
f 1823/1003/1567 1830/1010/1574 1822/1002/1566
f 1829/1009/1573 1822/1002/1566 1830/1010/1574
f 1824/1004/1568 1831/1011/1575 1823/1003/1567
f 1830/1010/1574 1823/1003/1567 1831/1011/1575
f 1825/1005/1569 1832/1012/1576 1824/1004/1568
f 1831/1011/1575 1824/1004/1568 1832/1012/1576
f 1798/978/1544 1833/1013/1577 1825/1005/1569
f 1833/1013/1577 1798/978/1544 1834/1014/1578
f 1797/977/1543 1834/1014/1578 1798/978/1544
f 1834/1014/1578 1797/977/1543 1835/1015/1579
f 1799/979/1545 1835/1015/1579 1797/977/1543
f 1835/1015/1579 1799/979/1545 1836/1016/1580
f 1800/980/1546 1836/1016/1580 1799/979/1545
f 1836/1016/1580 1800/980/1546 1837/1017/1581
f 1801/981/1547 1837/1017/1581 1800/980/1546
f 1832/1012/1576 1825/1005/1569 1833/1013/1577
f 1814/994/1559 1838/1018/1582 1815/995/1547
f 1839/1019/1581 1815/995/1547 1838/1018/1582
f 1838/1018/1582 1814/994/1559 1840/1020/1583
f 1816/996/1560 1840/1020/1583 1814/994/1559
f 1840/1020/1583 1816/996/1560 1841/1021/1584
f 1817/997/1561 1841/1021/1584 1816/996/1560
f 1841/1021/1584 1817/997/1561 1842/1022/1585
f 1818/998/1562 1842/1022/1585 1817/997/1561
f 1842/1022/1585 1818/998/1562 1826/1006/1570
f 1845/1023/1586 1844/1024/1586 1843/1025/1586
f 1844/1024/1586 1846/1026/1586 1843/1025/1586
f 1847/1027/1586 1846/1026/1586 1844/1024/1586
f 1848/1028/1586 1847/1027/1586 1844/1024/1586
f 1849/1029/1586 1848/1028/1586 1844/1024/1586
f 1850/1030/1586 1847/1027/1586 1848/1028/1586
f 1851/1031/1586 1846/1026/1586 1847/1027/1586
f 1852/1032/1586 1851/1031/1586 1847/1027/1586
f 1853/1033/1586 1852/1032/1586 1847/1027/1586
f 1854/1034/1586 1851/1031/1586 1852/1032/1586
f 1855/1035/1586 1846/1026/1586 1851/1031/1586
f 1856/1036/1586 1855/1035/1586 1851/1031/1586
f 1857/1037/1586 1846/1026/1586 1855/1035/1586
f 1843/1025/1586 1846/1026/1586 1858/1038/1586
f 1861/1035/1488 1860/1036/1488 1859/1037/1488
f 1860/1036/1488 1862/1038/1488 1859/1037/1488
f 1863/1033/1488 1862/1038/1488 1860/1036/1488
f 1864/1034/1488 1863/1033/1488 1860/1036/1488
f 1865/1031/1488 1864/1034/1488 1860/1036/1488
f 1866/1032/1488 1863/1033/1488 1864/1034/1488
f 1867/1029/1488 1862/1038/1488 1863/1033/1488
f 1868/1030/1488 1867/1029/1488 1863/1033/1488
f 1869/1027/1488 1868/1030/1488 1863/1033/1488
f 1870/1028/1488 1867/1029/1488 1868/1030/1488
f 1871/1023/1488 1862/1038/1488 1867/1029/1488
f 1872/1024/1488 1871/1023/1488 1867/1029/1488
f 1873/1025/1488 1862/1038/1488 1871/1023/1488
f 1859/1037/1488 1862/1038/1488 1874/1026/1488
f 1877/1039/1587 1876/1040/1588 1875/1041/1589
f 1878/1042/1590 1875/1041/1589 1876/1040/1588
f 1876/1040/1588 1877/1039/1587 1879/1043/1591
f 1880/1044/1592 1879/1043/1591 1877/1039/1587
f 1879/1043/1591 1880/1044/1592 1881/1045/1593
f 1882/1046/1594 1881/1045/1593 1880/1044/1592
f 1881/1045/1593 1882/1046/1594 1883/1047/1595
f 1884/1048/1596 1883/1047/1595 1882/1046/1594
f 1883/1047/1595 1884/1048/1596 1885/1049/1597
f 1886/1050/1598 1885/1049/1597 1884/1048/1596
f 1885/1049/1597 1886/1050/1598 1887/1051/1599
f 1888/1052/1600 1887/1051/1599 1886/1050/1598
f 1887/1051/1599 1888/1052/1600 1889/1053/1601
f 1890/1054/1602 1889/1053/1601 1888/1052/1600
f 1889/1053/1601 1890/1054/1602 1891/1055/1603
f 1892/1056/1604 1891/1055/1603 1890/1054/1602
f 1891/1055/1603 1892/1056/1604 1893/1057/1605
f 1894/1058/1606 1893/1057/1605 1892/1056/1604
f 1893/1057/1605 1894/1058/1606 1895/1059/1607
f 1896/1060/1608 1895/1059/1607 1894/1058/1606
f 1895/1059/1607 1896/1060/1608 1897/1061/1609
f 1898/1062/1610 1897/1061/1609 1896/1060/1608
f 1897/1061/1609 1898/1062/1610 1899/1063/1611
f 1900/1064/1612 1899/1063/1611 1898/1062/1610
f 1899/1063/1611 1900/1064/1612 1901/1065/1613
f 1902/1066/1614 1901/1065/1613 1900/1064/1612
f 1901/1065/1613 1902/1066/1614 1903/1067/1615
f 1904/1068/1616 1903/1067/1615 1902/1066/1614
f 1903/1067/1615 1904/1068/1616 1905/1069/1617
f 1906/1070/1618 1905/1069/1617 1904/1068/1616
f 1905/1069/1617 1906/1070/1618 1907/1071/1619
f 1908/1072/1620 1907/1071/1619 1906/1070/1618
f 1907/1071/1619 1908/1072/1620 1909/1073/1621
f 1910/1074/1622 1909/1073/1621 1908/1072/1620
f 1909/1073/1621 1910/1074/1622 1911/1075/1623
f 1912/1076/1624 1911/1075/1623 1910/1074/1622
f 1911/1075/1623 1912/1076/1624 1913/1077/1625
f 1914/1078/1626 1913/1077/1625 1912/1076/1624
f 1913/1077/1625 1914/1078/1626 1915/1079/1627
f 1916/1080/1628 1915/1079/1627 1914/1078/1626
f 1902/1066/1614 1917/1081/1629 1904/1068/1616
f 1917/1081/1629 1902/1066/1614 1918/1082/1630
f 1900/1064/1612 1918/1082/1630 1902/1066/1614
f 1918/1082/1630 1900/1064/1612 1919/1083/1631
f 1898/1062/1610 1919/1083/1631 1900/1064/1612
f 1908/1072/1620 1920/1084/1632 1910/1074/1622
f 1920/1084/1632 1908/1072/1620 1921/1085/1633
f 1906/1070/1618 1921/1085/1633 1908/1072/1620
f 1921/1085/1633 1906/1070/1618 1922/1086/1634
f 1922/1086/1634 1904/1068/1616 1917/1081/1629
f 1904/1068/1616 1922/1086/1634 1906/1070/1618
f 1914/1078/1626 1923/1087/1635 1916/1080/1628
f 1923/1087/1635 1914/1078/1626 1924/1088/1636
f 1912/1076/1624 1924/1088/1636 1914/1078/1626
f 1924/1088/1636 1912/1076/1624 1925/1089/1637
f 1925/1089/1637 1910/1074/1622 1920/1084/1632
f 1910/1074/1622 1925/1089/1637 1912/1076/1624
f 1896/1060/1608 1926/1090/1638 1898/1062/1610
f 1926/1090/1638 1896/1060/1608 1927/1091/1639
f 1894/1058/1606 1927/1091/1639 1896/1060/1608
f 1892/1056/1604 1928/1092/1640 1894/1058/1606
f 1928/1092/1640 1892/1056/1604 1929/1093/1641
f 1890/1054/1602 1929/1093/1641 1892/1056/1604
f 1929/1093/1641 1890/1054/1602 1930/1094/1642
f 1888/1052/1600 1930/1094/1642 1890/1054/1602
f 1930/1094/1642 1888/1052/1600 1931/1095/1643
f 1886/1050/1598 1931/1095/1643 1888/1052/1600
f 1931/1095/1643 1886/1050/1598 1932/1096/1644
f 1884/1048/1596 1932/1096/1644 1886/1050/1598
f 1932/1096/1644 1884/1048/1596 1933/1097/1645
f 1882/1046/1594 1933/1097/1645 1884/1048/1596
f 1933/1097/1645 1882/1046/1594 1934/1098/1646
f 1880/1044/1592 1934/1098/1646 1882/1046/1594
f 1934/1098/1646 1880/1044/1592 1935/1099/1647
f 1877/1039/1587 1935/1099/1647 1880/1044/1592
f 1935/1099/1647 1877/1039/1587 1936/1100/1648
f 1875/1041/1589 1936/1100/1648 1877/1039/1587
f 1875/1041/1589 1937/1101/1649 1936/1100/1648
f 1937/1101/1649 1875/1041/1589 1938/1102/1650
f 1878/1042/1590 1938/1102/1650 1875/1041/1589
f 1939/1103/1651 1936/1100/1648 1937/1101/1649
f 1940/1091/1652 1894/1058/1606 1928/1092/1640
f 1941/1083/1653 1898/1062/1610 1926/1090/1638
f 1942/1104/1654 1916/1080/1628 1923/1087/1635
f 1942/1104/1654 1943/1105/1655 1916/1080/1628
f 1944/1106/1656 1916/1080/1628 1943/1105/1655
f 1916/1080/1628 1944/1106/1656 1915/1079/1627
f 1945/1107/1657 1915/1079/1627 1944/1106/1656
f 1948/1040/1457 1947/1043/1457 1946/1042/1457
f 1947/1043/1457 1949/1045/1457 1946/1042/1457
f 1949/1045/1457 1950/1047/1457 1946/1042/1457
f 1950/1047/1457 1951/1049/1457 1946/1042/1457
f 1951/1049/1457 1952/1051/1457 1946/1042/1457
f 1952/1051/1457 1953/1053/1457 1946/1042/1457
f 1953/1053/1457 1954/1055/1457 1946/1042/1457
f 1954/1055/1457 1955/1057/1457 1946/1042/1457
f 1955/1057/1457 1956/1059/1457 1946/1042/1457
f 1956/1059/1457 1957/1061/1457 1946/1042/1457
f 1957/1061/1457 1958/1063/1457 1946/1042/1457
f 1958/1063/1457 1959/1065/1457 1946/1042/1457
f 1959/1065/1457 1960/1067/1457 1946/1042/1457
f 1960/1067/1457 1961/1069/1457 1946/1042/1457
f 1961/1069/1457 1962/1071/1457 1946/1042/1457
f 1962/1071/1457 1963/1073/1457 1946/1042/1457
f 1963/1073/1457 1964/1075/1457 1946/1042/1457
f 1964/1075/1457 1965/1077/1457 1946/1042/1457
f 1965/1077/1457 1966/1079/1457 1946/1042/1457
f 1966/1079/1457 1967/1107/1457 1946/1042/1457
f 1968/1102/1457 1946/1042/1457 1967/1107/1457
f 1971/1078/1658 1970/1077/1659 1969/1080/1660
f 1972/1079/1661 1969/1080/1660 1970/1077/1659
f 1970/1077/1659 1971/1078/1658 1973/1075/1662
f 1974/1076/1663 1973/1075/1662 1971/1078/1658
f 1973/1075/1662 1974/1076/1663 1975/1108/1664
f 1976/1109/1665 1975/1108/1664 1974/1076/1663
f 1975/1108/1664 1976/1109/1665 1977/1110/1666
f 1978/1111/1667 1977/1110/1666 1976/1109/1665
f 1977/1110/1666 1978/1111/1667 1979/1112/1668
f 1980/1113/1669 1979/1112/1668 1978/1111/1667
f 1979/1112/1668 1980/1113/1669 1981/1114/1670
f 1982/1115/1671 1981/1114/1670 1980/1113/1669
f 1981/1114/1670 1982/1115/1671 1983/1116/1672
f 1984/1117/1673 1983/1116/1672 1982/1115/1671
f 1983/1116/1672 1984/1117/1673 1985/1118/1674
f 1986/1119/1675 1985/1118/1674 1984/1117/1673
f 1985/1118/1674 1986/1119/1675 1987/1120/1676
f 1988/1121/1677 1987/1120/1676 1986/1119/1675
f 1987/1120/1676 1988/1121/1677 1989/1122/1678
f 1990/1123/1679 1989/1122/1678 1988/1121/1677
f 1989/1122/1678 1990/1123/1679 1991/1124/1680
f 1992/1125/1681 1991/1124/1680 1990/1123/1679
f 1991/1124/1680 1992/1125/1681 1993/1126/1682
f 1994/1127/1683 1993/1126/1682 1992/1125/1681
f 1993/1126/1682 1994/1127/1683 1995/1128/1684
f 1996/1129/1685 1995/1128/1684 1994/1127/1683
f 1995/1128/1684 1996/1129/1685 1997/1130/1686
f 1998/1131/1687 1997/1130/1686 1996/1129/1685
f 1997/1130/1686 1998/1131/1687 1999/1132/1688
f 2000/1133/1689 1999/1132/1688 1998/1131/1687
f 1999/1132/1688 2000/1133/1689 2001/1134/1690
f 2002/1135/1691 2001/1134/1690 2000/1133/1689
f 2001/1134/1690 2002/1135/1691 2003/1136/1692
f 2004/1137/1693 2003/1136/1692 2002/1135/1691
f 2003/1136/1692 2004/1137/1693 2005/1138/1694
f 2006/1139/1695 2005/1138/1694 2004/1137/1693
f 2005/1138/1694 2006/1139/1695 2007/1140/1696
f 2008/1141/1697 2007/1140/1696 2006/1139/1695
f 2007/1140/1696 2008/1141/1697 2009/1142/1698
f 2010/1143/1699 2009/1142/1698 2008/1141/1697
f 1996/1129/1685 2011/1093/1700 1998/1131/1687
f 2011/1093/1700 1996/1129/1685 2012/1092/1701
f 1994/1127/1683 2012/1092/1701 1996/1129/1685
f 2012/1092/1701 1994/1127/1683 2013/1091/1652
f 1992/1125/1681 2013/1091/1652 1994/1127/1683
f 2002/1135/1691 2014/1096/1702 2004/1137/1693
f 2014/1096/1702 2002/1135/1691 2015/1095/1643
f 2000/1133/1689 2015/1095/1643 2002/1135/1691
f 2015/1095/1643 2000/1133/1689 2016/1094/1642
f 2016/1094/1642 1998/1131/1687 2011/1093/1700
f 1998/1131/1687 2016/1094/1642 2000/1133/1689
f 2008/1141/1697 2017/1099/1703 2010/1143/1699
f 2017/1099/1703 2008/1141/1697 2018/1098/1704
f 2006/1139/1695 2018/1098/1704 2008/1141/1697
f 2018/1098/1704 2006/1139/1695 2019/1097/1645
f 2019/1097/1645 2004/1137/1693 2014/1096/1702
f 2004/1137/1693 2019/1097/1645 2006/1139/1695
f 1990/1123/1679 2020/1090/1638 1992/1125/1681
f 2020/1090/1638 1990/1123/1679 2021/1083/1653
f 1988/1121/1677 2021/1083/1653 1990/1123/1679
f 1986/1119/1675 2022/1082/1630 1988/1121/1677
f 2022/1082/1630 1986/1119/1675 2023/1081/1629
f 1984/1117/1673 2023/1081/1629 1986/1119/1675
f 2023/1081/1629 1984/1117/1673 2024/1086/1634
f 1982/1115/1671 2024/1086/1634 1984/1117/1673
f 2024/1086/1634 1982/1115/1671 2025/1085/1705
f 1980/1113/1669 2025/1085/1705 1982/1115/1671
f 2025/1085/1705 1980/1113/1669 2026/1084/1632
f 1978/1111/1667 2026/1084/1632 1980/1113/1669
f 2026/1084/1632 1978/1111/1667 2027/1089/1637
f 1976/1109/1665 2027/1089/1637 1978/1111/1667
f 2027/1089/1637 1976/1109/1665 2028/1088/1636
f 1974/1076/1663 2028/1088/1636 1976/1109/1665
f 2028/1088/1636 1974/1076/1663 2029/1087/1635
f 1971/1078/1658 2029/1087/1635 1974/1076/1663
f 2029/1087/1635 1971/1078/1658 2030/1104/1654
f 1969/1080/1660 2030/1104/1654 1971/1078/1658
f 1969/1080/1660 2031/1144/1706 2030/1104/1654
f 2031/1144/1706 1969/1080/1660 2032/1145/1707
f 1972/1079/1661 2032/1145/1707 1969/1080/1660
f 2033/1105/1655 2030/1104/1654 2031/1144/1706
f 2034/1083/1631 1988/1121/1677 2022/1082/1630
f 2035/1091/1652 1992/1125/1681 2020/1090/1638
f 2036/1100/1648 2010/1143/1699 2017/1099/1703
f 2036/1100/1648 2037/1103/1651 2010/1143/1699
f 2038/1146/1708 2010/1143/1699 2037/1103/1651
f 2010/1143/1699 2038/1146/1708 2009/1142/1698
f 2039/1147/1709 2009/1142/1698 2038/1146/1708
f 2042/1077/1710 2041/1075/1710 2040/1079/1710
f 2041/1075/1710 2043/1108/1710 2040/1079/1710
f 2043/1108/1710 2044/1110/1710 2040/1079/1710
f 2044/1110/1710 2045/1112/1710 2040/1079/1710
f 2045/1112/1710 2046/1114/1710 2040/1079/1710
f 2046/1114/1710 2047/1116/1710 2040/1079/1710
f 2047/1116/1710 2048/1118/1710 2040/1079/1710
f 2048/1118/1710 2049/1120/1710 2040/1079/1710
f 2049/1120/1710 2050/1122/1710 2040/1079/1710
f 2050/1122/1710 2051/1124/1710 2040/1079/1710
f 2051/1124/1710 2052/1126/1710 2040/1079/1710
f 2052/1126/1710 2053/1128/1710 2040/1079/1710
f 2053/1128/1710 2054/1130/1710 2040/1079/1710
f 2054/1130/1710 2055/1132/1710 2040/1079/1710
f 2055/1132/1710 2056/1134/1710 2040/1079/1710
f 2056/1134/1710 2057/1136/1710 2040/1079/1710
f 2057/1136/1710 2058/1138/1710 2040/1079/1710
f 2058/1138/1710 2059/1140/1710 2040/1079/1710
f 2059/1140/1710 2060/1142/1710 2040/1079/1710
f 2060/1142/1710 2061/1147/1710 2040/1079/1710
f 2062/1145/1710 2040/1079/1710 2061/1147/1710
f 2065/1148/1711 2064/1149/1712 2063/1150/1713
f 2066/1151/1714 2063/1150/1713 2064/1149/1712
f 2064/1149/1712 2065/1148/1711 2067/1152/1715
f 2068/1153/1716 2067/1152/1715 2065/1148/1711
f 2065/1148/1711 2063/1150/1713 2068/1153/1716
f 2067/1152/1715 2068/1153/1716 2069/1154/1717
f 2070/1155/1718 2069/1154/1717 2068/1153/1716
f 2069/1154/1717 2070/1155/1718 2071/1156/1719
f 2072/1157/1720 2071/1156/1719 2070/1155/1718
f 2070/1155/1718 2068/1153/1716 2072/1157/1720
f 2071/1156/1719 2072/1157/1720 2073/1158/1721
f 2074/1159/1722 2073/1158/1721 2072/1157/1720
f 2073/1158/1721 2074/1159/1722 2075/1160/1723
f 2076/1161/1724 2075/1160/1723 2074/1159/1722
f 2074/1159/1722 2072/1157/1720 2076/1161/1724
f 2072/1157/1720 2068/1153/1716 2076/1161/1724
f 2075/1160/1723 2076/1161/1724 2077/1162/1725
f 2078/1163/1726 2077/1162/1725 2076/1161/1724
f 2077/1162/1725 2078/1163/1726 2079/1164/1727
f 2080/1165/1728 2079/1164/1727 2078/1163/1726
f 2078/1163/1726 2076/1161/1724 2080/1165/1728
f 2079/1164/1727 2080/1165/1728 2081/1166/1729
f 2082/1167/1730 2081/1166/1729 2080/1165/1728
f 2081/1166/1729 2082/1167/1730 2083/1168/1731
f 2084/1169/1732 2083/1168/1731 2082/1167/1730
f 2082/1167/1730 2080/1165/1728 2084/1169/1732
f 2080/1165/1728 2076/1161/1724 2084/1169/1732
f 2083/1168/1731 2084/1169/1732 2085/1170/1733
f 2086/1171/1734 2085/1170/1733 2084/1169/1732
f 2085/1170/1733 2086/1171/1734 2087/1172/1735
f 2088/1173/1736 2087/1172/1735 2086/1171/1734
f 2086/1171/1734 2084/1169/1732 2088/1173/1736
f 2087/1172/1735 2088/1173/1736 2089/1174/1737
f 2090/1175/1738 2089/1174/1737 2088/1173/1736
f 2089/1174/1737 2090/1175/1738 2091/1176/1739
f 2092/1177/1740 2091/1176/1739 2090/1175/1738
f 2090/1175/1738 2088/1173/1736 2092/1177/1740
f 2088/1173/1736 2084/1169/1732 2092/1177/1740
f 2091/1176/1739 2092/1177/1740 2093/1178/1741
f 2094/1179/1742 2093/1178/1741 2092/1177/1740
f 2093/1178/1741 2094/1179/1742 2095/1180/1743
f 2096/1181/1744 2095/1180/1743 2094/1179/1742
f 2094/1179/1742 2092/1177/1740 2096/1181/1744
f 2095/1180/1743 2096/1181/1744 2097/1182/1745
f 2098/1183/1746 2097/1182/1745 2096/1181/1744
f 2097/1182/1745 2098/1183/1746 2066/1151/1714
f 2063/1150/1713 2066/1151/1714 2098/1183/1746
f 2092/1177/1740 2063/1150/1713 2096/1181/1744
f 2096/1181/1744 2063/1150/1713 2098/1183/1746
f 2068/1153/1716 2063/1150/1713 2092/1177/1740
f 2084/1169/1732 2068/1153/1716 2092/1177/1740
f 2076/1161/1724 2068/1153/1716 2084/1169/1732
f 2101/1184/1747 2100/1185/1748 2099/1186/1749
f 2102/1187/1750 2099/1186/1749 2100/1185/1748
f 2100/1185/1748 2101/1184/1747 2103/1188/1751
f 2104/1189/1752 2103/1188/1751 2101/1184/1747
f 2103/1188/1751 2104/1189/1752 2105/1190/1753
f 2106/1191/1754 2105/1190/1753 2104/1189/1752
f 2105/1190/1753 2106/1191/1754 2107/1192/1755
f 2108/1193/1756 2107/1192/1755 2106/1191/1754
f 2107/1192/1755 2108/1193/1756 2109/1194/1757
f 2110/1195/1758 2109/1194/1757 2108/1193/1756
f 2109/1194/1757 2110/1195/1758 2111/1196/1759
f 2112/1197/1760 2111/1196/1759 2110/1195/1758
f 2111/1196/1759 2112/1197/1760 2113/1198/1761
f 2114/1199/1762 2113/1198/1761 2112/1197/1760
f 2113/1198/1761 2114/1199/1762 2115/1200/1763
f 2116/1201/1764 2115/1200/1763 2114/1199/1762
f 2115/1200/1763 2116/1201/1764 2117/1202/1765
f 2118/1203/1766 2117/1202/1765 2116/1201/1764
f 2105/1190/1753 2119/1204/1767 2103/1188/1751
f 2107/1192/1755 2120/1205/1768 2105/1190/1753
f 2119/1204/1767 2105/1190/1753 2120/1205/1768
f 2109/1194/1757 2121/1206/1769 2107/1192/1755
f 2120/1205/1768 2107/1192/1755 2121/1206/1769
f 2111/1196/1759 2122/1207/1770 2109/1194/1757
f 2121/1206/1769 2109/1194/1757 2122/1207/1770
f 2113/1198/1761 2123/1208/1771 2111/1196/1759
f 2122/1207/1770 2111/1196/1759 2123/1208/1771
f 2115/1200/1763 2124/1209/1772 2113/1198/1761
f 2123/1208/1771 2113/1198/1761 2124/1209/1772
f 2117/1202/1765 2125/1210/1773 2115/1200/1763
f 2124/1209/1772 2115/1200/1763 2125/1210/1773
f 2120/1205/1768 2126/1211/1774 2119/1204/1767
f 2127/1212/1775 2119/1204/1767 2126/1211/1774
f 2119/1204/1767 2127/1212/1775 2128/1213/1776
f 2128/1213/1776 2103/1188/1751 2119/1204/1767
f 2103/1188/1751 2128/1213/1776 2100/1185/1748
f 2129/1214/1777 2100/1185/1748 2128/1213/1776
f 2100/1185/1748 2129/1214/1777 2102/1187/1750
f 2130/1215/1778 2102/1187/1750 2129/1214/1777
f 2129/1214/1777 2131/1216/1779 2130/1215/1778
f 2132/1217/1780 2130/1215/1778 2131/1216/1779
f 2128/1213/1776 2133/1218/1781 2129/1214/1777
f 2131/1216/1779 2129/1214/1777 2133/1218/1781
f 2133/1218/1781 2128/1213/1776 2127/1212/1775
f 2122/1207/1770 2134/1219/1782 2121/1206/1769
f 2123/1208/1771 2135/1220/1783 2122/1207/1770
f 2134/1219/1782 2122/1207/1770 2135/1220/1783
f 2125/1210/1773 2136/1221/1784 2124/1209/1772
f 2131/1216/1779 2137/1222/1785 2132/1217/1780
f 2138/1223/1786 2132/1217/1780 2137/1222/1785
f 2133/1218/1781 2139/1224/1787 2131/1216/1779
f 2137/1222/1785 2131/1216/1779 2139/1224/1787
f 2139/1224/1787 2133/1218/1781 2140/1225/1788
f 2127/1212/1775 2140/1225/1788 2133/1218/1781
f 2140/1225/1788 2127/1212/1775 2141/1226/1789
f 2126/1211/1774 2141/1226/1789 2127/1212/1775
f 2141/1226/1789 2126/1211/1774 2142/1227/1790
f 2143/1228/1791 2142/1227/1790 2126/1211/1774
f 2126/1211/1774 2120/1205/1768 2143/1228/1791
f 2121/1206/1769 2143/1228/1791 2120/1205/1768
f 2143/1228/1791 2121/1206/1769 2134/1219/1782
f 2134/1219/1782 2144/1229/1792 2143/1228/1791
f 2142/1227/1790 2143/1228/1791 2144/1229/1792
f 2135/1220/1783 2145/1230/1793 2134/1219/1782
f 2144/1229/1792 2134/1219/1782 2145/1230/1793
f 2137/1222/1785 2146/1231/1794 2138/1223/1786
f 2147/1232/1795 2138/1223/1786 2146/1231/1794
f 2139/1224/1787 2148/1233/1796 2137/1222/1785
f 2146/1231/1794 2137/1222/1785 2148/1233/1796
f 2140/1225/1788 2149/1234/1797 2139/1224/1787
f 2148/1233/1796 2139/1224/1787 2149/1234/1797
f 2142/1227/1790 2150/1235/1798 2141/1226/1789
f 2151/1236/1799 2141/1226/1789 2150/1235/1798
f 2149/1234/1797 2140/1225/1788 2151/1236/1799
f 2141/1226/1789 2151/1236/1799 2140/1225/1788
f 2145/1230/1793 2152/1237/1800 2144/1229/1792
f 2153/1238/1801 2144/1229/1792 2152/1237/1800
f 2144/1229/1792 2153/1238/1801 2142/1227/1790
f 2150/1235/1798 2142/1227/1790 2153/1238/1801
f 2152/1237/1800 2145/1230/1793 2154/1239/1802
f 2155/1240/1803 2154/1239/1802 2145/1230/1793
f 2154/1239/1802 2155/1240/1803 2156/1241/1804
f 2157/1242/1805 2156/1241/1804 2155/1240/1803
f 2155/1240/1803 2158/1243/1806 2157/1242/1805
f 2158/1243/1806 2155/1240/1803 2135/1220/1783
f 2135/1220/1783 2123/1208/1771 2158/1243/1806
f 2124/1209/1772 2158/1243/1806 2123/1208/1771
f 2158/1243/1806 2124/1209/1772 2136/1221/1784
f 2136/1221/1784 2157/1242/1805 2158/1243/1806
f 2145/1230/1793 2135/1220/1783 2155/1240/1803
f 2161/1201/1807 2160/1200/1808 2159/1203/1766
f 2162/1202/1765 2159/1203/1766 2160/1200/1808
f 2160/1200/1808 2161/1201/1807 2163/1198/1809
f 2164/1199/1810 2163/1198/1809 2161/1201/1807
f 2163/1198/1809 2164/1199/1810 2165/1196/1811
f 2166/1197/1812 2165/1196/1811 2164/1199/1810
f 2165/1196/1811 2166/1197/1812 2167/1194/1813
f 2168/1195/1814 2167/1194/1813 2166/1197/1812
f 2167/1194/1813 2168/1195/1814 2169/1244/1815
f 2170/1245/1816 2169/1244/1815 2168/1195/1814
f 2169/1244/1815 2170/1245/1816 2171/1190/1817
f 2172/1191/1818 2171/1190/1817 2170/1245/1816
f 2171/1190/1817 2172/1191/1818 2173/1246/1819
f 2174/1189/1820 2173/1246/1819 2172/1191/1818
f 2173/1246/1819 2174/1189/1820 2175/1185/1821
f 2176/1184/1822 2175/1185/1821 2174/1189/1820
f 2175/1185/1821 2176/1184/1822 2177/1187/1750
f 2178/1186/1749 2177/1187/1750 2176/1184/1822
f 2165/1196/1811 2179/1207/1823 2163/1198/1809
f 2167/1194/1813 2180/1206/1824 2165/1196/1811
f 2179/1207/1823 2165/1196/1811 2180/1206/1824
f 2169/1244/1815 2181/1205/1825 2167/1194/1813
f 2180/1206/1824 2167/1194/1813 2181/1205/1825
f 2171/1190/1817 2182/1204/1826 2169/1244/1815
f 2181/1205/1825 2169/1244/1815 2182/1204/1826
f 2173/1246/1819 2183/1247/1827 2171/1190/1817
f 2182/1204/1826 2171/1190/1817 2183/1247/1827
f 2175/1185/1821 2184/1214/1828 2173/1246/1819
f 2183/1247/1827 2173/1246/1819 2184/1214/1828
f 2177/1187/1750 2185/1215/1778 2175/1185/1821
f 2184/1214/1828 2175/1185/1821 2185/1215/1778
f 2180/1206/1824 2186/1228/1829 2179/1207/1823
f 2187/1219/1830 2179/1207/1823 2186/1228/1829
f 2179/1207/1823 2187/1219/1830 2188/1248/1831
f 2188/1248/1831 2163/1198/1809 2179/1207/1823
f 2163/1198/1809 2188/1248/1831 2160/1200/1808
f 2189/1209/1832 2160/1200/1808 2188/1248/1831
f 2160/1200/1808 2189/1209/1832 2162/1202/1765
f 2190/1210/1773 2162/1202/1765 2189/1209/1832
f 2189/1209/1832 2191/1243/1833 2190/1210/1773
f 2192/1221/1784 2190/1210/1773 2191/1243/1833
f 2188/1248/1831 2193/1220/1834 2189/1209/1832
f 2191/1243/1833 2189/1209/1832 2193/1220/1834
f 2193/1220/1834 2188/1248/1831 2187/1219/1830
f 2182/1204/1826 2194/1249/1835 2181/1205/1825
f 2183/1247/1827 2195/1218/1836 2182/1204/1826
f 2194/1249/1835 2182/1204/1826 2195/1218/1836
f 2185/1215/1778 2196/1217/1780 2184/1214/1828
f 2191/1243/1833 2197/1240/1837 2192/1221/1784
f 2198/1242/1805 2192/1221/1784 2197/1240/1837
f 2193/1220/1834 2199/1250/1838 2191/1243/1833
f 2197/1240/1837 2191/1243/1833 2199/1250/1838
f 2199/1250/1838 2193/1220/1834 2200/1229/1839
f 2187/1219/1830 2200/1229/1839 2193/1220/1834
f 2200/1229/1839 2187/1219/1830 2201/1227/1840
f 2186/1228/1829 2201/1227/1840 2187/1219/1830
f 2201/1227/1840 2186/1228/1829 2202/1226/1841
f 2203/1211/1842 2202/1226/1841 2186/1228/1829
f 2186/1228/1829 2180/1206/1824 2203/1211/1842
f 2181/1205/1825 2203/1211/1842 2180/1206/1824
f 2203/1211/1842 2181/1205/1825 2194/1249/1835
f 2194/1249/1835 2204/1225/1843 2203/1211/1842
f 2202/1226/1841 2203/1211/1842 2204/1225/1843
f 2195/1218/1836 2205/1224/1844 2194/1249/1835
f 2204/1225/1843 2194/1249/1835 2205/1224/1844
f 2197/1240/1837 2206/1239/1845 2198/1242/1805
f 2207/1241/1804 2198/1242/1805 2206/1239/1845
f 2199/1250/1838 2208/1237/1846 2197/1240/1837
f 2206/1239/1845 2197/1240/1837 2208/1237/1846
f 2200/1229/1839 2209/1238/1847 2199/1250/1838
f 2208/1237/1846 2199/1250/1838 2209/1238/1847
f 2202/1226/1841 2210/1251/1848 2201/1227/1840
f 2211/1252/1849 2201/1227/1840 2210/1251/1848
f 2209/1238/1847 2200/1229/1839 2211/1252/1849
f 2201/1227/1840 2211/1252/1849 2200/1229/1839
f 2205/1224/1844 2212/1233/1850 2204/1225/1843
f 2213/1253/1851 2204/1225/1843 2212/1233/1850
f 2204/1225/1843 2213/1253/1851 2202/1226/1841
f 2210/1251/1848 2202/1226/1841 2213/1253/1851
f 2212/1233/1850 2205/1224/1844 2214/1231/1852
f 2215/1222/1853 2214/1231/1852 2205/1224/1844
f 2214/1231/1852 2215/1222/1853 2216/1232/1854
f 2217/1223/1786 2216/1232/1854 2215/1222/1853
f 2215/1222/1853 2218/1216/1855 2217/1223/1786
f 2218/1216/1855 2215/1222/1853 2195/1218/1836
f 2195/1218/1836 2183/1247/1827 2218/1216/1855
f 2184/1214/1828 2218/1216/1855 2183/1247/1827
f 2218/1216/1855 2184/1214/1828 2196/1217/1780
f 2196/1217/1780 2217/1223/1786 2218/1216/1855
f 2205/1224/1844 2195/1218/1836 2215/1222/1853
f 2221/1254/1794 2220/1255/1414 2219/1256/1795
f 2222/1257/1856 2220/1255/1414 2221/1254/1794
f 2223/1258/1797 2220/1255/1414 2222/1257/1856
f 2224/1259/1857 2220/1255/1414 2223/1258/1797
f 2225/1260/1798 2220/1255/1414 2224/1259/1857
f 2226/1261/1801 2220/1255/1414 2225/1260/1798
f 2227/1262/1800 2220/1255/1414 2226/1261/1801
f 2228/1263/1802 2220/1255/1414 2227/1262/1800
f 2229/1264/1858 2220/1255/1414 2228/1263/1802
f 2230/1265/1859 2220/1255/1414 2229/1264/1858
f 2231/1266/1846 2220/1255/1414 2230/1265/1859
f 2232/1267/1847 2220/1255/1414 2231/1266/1846
f 2233/1268/1860 2220/1255/1414 2232/1267/1847
f 2234/1269/1861 2220/1255/1414 2233/1268/1860
f 2235/1270/1851 2220/1255/1414 2234/1269/1861
f 2236/1271/1850 2220/1255/1414 2235/1270/1851
f 2237/1272/1862 2220/1255/1414 2236/1271/1850
f 2219/1256/1795 2220/1255/1414 2237/1272/1862
f 2240/1042/1863 2239/1040/1864 2238/1041/1865
f 2241/1039/1866 2238/1041/1865 2239/1040/1864
f 2239/1040/1864 2242/1043/1867 2241/1039/1866
f 2243/1044/1868 2241/1039/1866 2242/1043/1867
f 2242/1043/1867 2244/1045/1869 2243/1044/1868
f 2245/1046/1870 2243/1044/1868 2244/1045/1869
f 2244/1045/1869 2246/1047/1871 2245/1046/1870
f 2247/1048/1872 2245/1046/1870 2246/1047/1871
f 2246/1047/1871 2248/1049/1873 2247/1048/1872
f 2249/1050/1874 2247/1048/1872 2248/1049/1873
f 2248/1049/1873 2250/1051/1875 2249/1050/1874
f 2251/1052/1876 2249/1050/1874 2250/1051/1875
f 2250/1051/1875 2252/1053/1877 2251/1052/1876
f 2253/1054/1878 2251/1052/1876 2252/1053/1877
f 2252/1053/1877 2254/1055/1879 2253/1054/1878
f 2255/1056/1880 2253/1054/1878 2254/1055/1879
f 2254/1055/1879 2256/1057/1881 2255/1056/1880
f 2257/1058/1882 2255/1056/1880 2256/1057/1881
f 2256/1057/1881 2258/1059/1883 2257/1058/1882
f 2259/1060/1884 2257/1058/1882 2258/1059/1883
f 2258/1059/1883 2260/1061/1885 2259/1060/1884
f 2261/1062/1886 2259/1060/1884 2260/1061/1885
f 2260/1061/1885 2262/1063/1887 2261/1062/1886
f 2263/1064/1888 2261/1062/1886 2262/1063/1887
f 2262/1063/1887 2264/1065/1889 2263/1064/1888
f 2265/1066/1890 2263/1064/1888 2264/1065/1889
f 2264/1065/1889 2266/1067/1891 2265/1066/1890
f 2267/1068/1892 2265/1066/1890 2266/1067/1891
f 2266/1067/1891 2268/1069/1893 2267/1068/1892
f 2269/1070/1894 2267/1068/1892 2268/1069/1893
f 2268/1069/1893 2270/1071/1895 2269/1070/1894
f 2271/1072/1896 2269/1070/1894 2270/1071/1895
f 2270/1071/1895 2272/1073/1897 2271/1072/1896
f 2273/1074/1898 2271/1072/1896 2272/1073/1897
f 2272/1073/1897 2274/1075/1899 2273/1074/1898
f 2275/1076/1900 2273/1074/1898 2274/1075/1899
f 2274/1075/1899 2276/1077/1901 2275/1076/1900
f 2277/1078/1902 2275/1076/1900 2276/1077/1901
f 2276/1077/1901 2278/1079/1903 2277/1078/1902
f 2279/1080/1904 2277/1078/1902 2278/1079/1903
f 2265/1066/1890 2267/1068/1892 2280/1081/1905
f 2280/1081/1905 2281/1082/1906 2265/1066/1890
f 2282/1086/1907 2280/1081/1905 2267/1068/1892
f 2267/1068/1892 2269/1070/1894 2282/1086/1907
f 2283/1085/1908 2282/1086/1907 2269/1070/1894
f 2269/1070/1894 2271/1072/1896 2283/1085/1908
f 2284/1084/1909 2283/1085/1908 2271/1072/1896
f 2271/1072/1896 2273/1074/1898 2284/1084/1909
f 2285/1089/1910 2284/1084/1909 2273/1074/1898
f 2273/1074/1898 2275/1076/1900 2285/1089/1910
f 2286/1088/1911 2285/1089/1910 2275/1076/1900
f 2275/1076/1900 2277/1078/1902 2286/1088/1911
f 2287/1087/1912 2286/1088/1911 2277/1078/1902
f 2277/1078/1902 2279/1080/1904 2287/1087/1912
f 2288/1104/1913 2287/1087/1912 2279/1080/1904
f 2279/1080/1904 2278/1079/1903 2289/1106/1914
f 2290/1107/1915 2289/1106/1914 2278/1079/1903
f 2289/1106/1914 2291/1105/1916 2279/1080/1904
f 2288/1104/1913 2279/1080/1904 2291/1105/1916
f 2281/1082/1906 2292/1083/1917 2263/1064/1888
f 2261/1062/1886 2263/1064/1888 2292/1083/1917
f 2263/1064/1888 2265/1066/1890 2281/1082/1906
f 2294/1083/1918 2293/1090/1919 2261/1062/1886
f 2259/1060/1884 2261/1062/1886 2293/1090/1919
f 2293/1090/1919 2295/1091/1920 2259/1060/1884
f 2257/1058/1882 2259/1060/1884 2295/1091/1920
f 2297/1091/1921 2296/1092/1922 2257/1058/1882
f 2255/1056/1880 2257/1058/1882 2296/1092/1922
f 2296/1092/1922 2298/1093/1923 2255/1056/1880
f 2253/1054/1878 2255/1056/1880 2298/1093/1923
f 2298/1093/1923 2299/1094/1924 2253/1054/1878
f 2251/1052/1876 2253/1054/1878 2299/1094/1924
f 2299/1094/1924 2300/1095/1925 2251/1052/1876
f 2249/1050/1874 2251/1052/1876 2300/1095/1925
f 2300/1095/1925 2301/1096/1926 2249/1050/1874
f 2247/1048/1872 2249/1050/1874 2301/1096/1926
f 2301/1096/1926 2302/1097/1927 2247/1048/1872
f 2245/1046/1870 2247/1048/1872 2302/1097/1927
f 2302/1097/1927 2303/1098/1928 2245/1046/1870
f 2243/1044/1868 2245/1046/1870 2303/1098/1928
f 2303/1098/1928 2304/1099/1929 2243/1044/1868
f 2241/1039/1866 2243/1044/1868 2304/1099/1929
f 2304/1099/1929 2305/1100/1930 2241/1039/1866
f 2238/1041/1865 2241/1039/1866 2305/1100/1930
f 2238/1041/1865 2305/1100/1930 2306/1101/1931
f 2306/1101/1931 2307/1102/1932 2238/1041/1865
f 2240/1042/1863 2238/1041/1865 2307/1102/1932
f 2308/1103/1933 2306/1101/1931 2305/1100/1930
f 2311/1079/1457 2310/1077/1457 2309/1042/1457
f 2310/1077/1457 2312/1075/1457 2309/1042/1457
f 2312/1075/1457 2313/1073/1457 2309/1042/1457
f 2313/1073/1457 2314/1071/1457 2309/1042/1457
f 2314/1071/1457 2315/1069/1457 2309/1042/1457
f 2315/1069/1457 2316/1067/1457 2309/1042/1457
f 2316/1067/1457 2317/1065/1457 2309/1042/1457
f 2317/1065/1457 2318/1063/1457 2309/1042/1457
f 2318/1063/1457 2319/1061/1457 2309/1042/1457
f 2319/1061/1457 2320/1059/1457 2309/1042/1457
f 2320/1059/1457 2321/1057/1457 2309/1042/1457
f 2321/1057/1457 2322/1055/1457 2309/1042/1457
f 2322/1055/1457 2323/1053/1457 2309/1042/1457
f 2323/1053/1457 2324/1051/1457 2309/1042/1457
f 2324/1051/1457 2325/1049/1457 2309/1042/1457
f 2325/1049/1457 2326/1047/1457 2309/1042/1457
f 2326/1047/1457 2327/1045/1457 2309/1042/1457
f 2327/1045/1457 2328/1043/1457 2309/1042/1457
f 2328/1043/1457 2329/1040/1457 2309/1042/1457
f 2331/1102/1457 2330/1107/1457 2309/1042/1457
f 2311/1079/1457 2309/1042/1457 2330/1107/1457
f 2334/1079/1934 2333/1077/1935 2332/1080/1936
f 2335/1078/1937 2332/1080/1936 2333/1077/1935
f 2333/1077/1935 2336/1075/1938 2335/1078/1937
f 2337/1076/1939 2335/1078/1937 2336/1075/1938
f 2336/1075/1938 2338/1108/1940 2337/1076/1939
f 2339/1109/1941 2337/1076/1939 2338/1108/1940
f 2338/1108/1940 2340/1110/1942 2339/1109/1941
f 2341/1111/1943 2339/1109/1941 2340/1110/1942
f 2340/1110/1942 2342/1112/1944 2341/1111/1943
f 2343/1113/1945 2341/1111/1943 2342/1112/1944
f 2342/1112/1944 2344/1114/1946 2343/1113/1945
f 2345/1115/1947 2343/1113/1945 2344/1114/1946
f 2344/1114/1946 2346/1116/1948 2345/1115/1947
f 2347/1117/1949 2345/1115/1947 2346/1116/1948
f 2346/1116/1948 2348/1118/1950 2347/1117/1949
f 2349/1119/1951 2347/1117/1949 2348/1118/1950
f 2348/1118/1950 2350/1120/1952 2349/1119/1951
f 2351/1121/1953 2349/1119/1951 2350/1120/1952
f 2350/1120/1952 2352/1122/1954 2351/1121/1953
f 2353/1123/1955 2351/1121/1953 2352/1122/1954
f 2352/1122/1954 2354/1124/1956 2353/1123/1955
f 2355/1125/1957 2353/1123/1955 2354/1124/1956
f 2354/1124/1956 2356/1126/1958 2355/1125/1957
f 2357/1127/1959 2355/1125/1957 2356/1126/1958
f 2356/1126/1958 2358/1128/1960 2357/1127/1959
f 2359/1129/1961 2357/1127/1959 2358/1128/1960
f 2358/1128/1960 2360/1130/1962 2359/1129/1961
f 2361/1131/1963 2359/1129/1961 2360/1130/1962
f 2360/1130/1962 2362/1132/1964 2361/1131/1963
f 2363/1133/1965 2361/1131/1963 2362/1132/1964
f 2362/1132/1964 2364/1134/1966 2363/1133/1965
f 2365/1135/1967 2363/1133/1965 2364/1134/1966
f 2364/1134/1966 2366/1136/1968 2365/1135/1967
f 2367/1137/1969 2365/1135/1967 2366/1136/1968
f 2366/1136/1968 2368/1138/1970 2367/1137/1969
f 2369/1139/1971 2367/1137/1969 2368/1138/1970
f 2368/1138/1970 2370/1140/1972 2369/1139/1971
f 2371/1141/1973 2369/1139/1971 2370/1140/1972
f 2370/1140/1972 2372/1142/1974 2371/1141/1973
f 2373/1143/1975 2371/1141/1973 2372/1142/1974
f 2359/1129/1961 2361/1131/1963 2374/1093/1923
f 2374/1093/1923 2375/1092/1976 2359/1129/1961
f 2376/1094/1924 2374/1093/1923 2361/1131/1963
f 2361/1131/1963 2363/1133/1965 2376/1094/1924
f 2377/1095/1925 2376/1094/1924 2363/1133/1965
f 2363/1133/1965 2365/1135/1967 2377/1095/1925
f 2378/1096/1977 2377/1095/1925 2365/1135/1967
f 2365/1135/1967 2367/1137/1969 2378/1096/1977
f 2379/1097/1927 2378/1096/1977 2367/1137/1969
f 2367/1137/1969 2369/1139/1971 2379/1097/1927
f 2380/1098/1978 2379/1097/1927 2369/1139/1971
f 2369/1139/1971 2371/1141/1973 2380/1098/1978
f 2381/1099/1929 2380/1098/1978 2371/1141/1973
f 2371/1141/1973 2373/1143/1975 2381/1099/1929
f 2382/1100/1930 2381/1099/1929 2373/1143/1975
f 2373/1143/1975 2372/1142/1974 2383/1146/1979
f 2384/1147/1980 2383/1146/1979 2372/1142/1974
f 2383/1146/1979 2385/1103/1933 2373/1143/1975
f 2382/1100/1930 2373/1143/1975 2385/1103/1933
f 2375/1092/1976 2386/1091/1921 2357/1127/1959
f 2355/1125/1957 2357/1127/1959 2386/1091/1921
f 2357/1127/1959 2359/1129/1961 2375/1092/1976
f 2388/1091/1921 2387/1090/1919 2355/1125/1957
f 2353/1123/1955 2355/1125/1957 2387/1090/1919
f 2387/1090/1919 2389/1083/1918 2353/1123/1955
f 2351/1121/1953 2353/1123/1955 2389/1083/1918
f 2391/1083/1917 2390/1082/1906 2351/1121/1953
f 2349/1119/1951 2351/1121/1953 2390/1082/1906
f 2390/1082/1906 2392/1081/1905 2349/1119/1951
f 2347/1117/1949 2349/1119/1951 2392/1081/1905
f 2392/1081/1905 2393/1086/1907 2347/1117/1949
f 2345/1115/1947 2347/1117/1949 2393/1086/1907
f 2393/1086/1907 2394/1085/1981 2345/1115/1947
f 2343/1113/1945 2345/1115/1947 2394/1085/1981
f 2394/1085/1981 2395/1084/1909 2343/1113/1945
f 2341/1111/1943 2343/1113/1945 2395/1084/1909
f 2395/1084/1909 2396/1089/1910 2341/1111/1943
f 2339/1109/1941 2341/1111/1943 2396/1089/1910
f 2396/1089/1910 2397/1088/1911 2339/1109/1941
f 2337/1076/1939 2339/1109/1941 2397/1088/1911
f 2397/1088/1911 2398/1087/1912 2337/1076/1939
f 2335/1078/1937 2337/1076/1939 2398/1087/1912
f 2398/1087/1912 2399/1104/1913 2335/1078/1937
f 2332/1080/1936 2335/1078/1937 2399/1104/1913
f 2332/1080/1936 2399/1104/1913 2400/1144/1982
f 2400/1144/1982 2401/1145/1983 2332/1080/1936
f 2334/1079/1934 2332/1080/1936 2401/1145/1983
f 2402/1105/1916 2400/1144/1982 2399/1104/1913
f 2405/1142/1710 2404/1140/1710 2403/1079/1710
f 2404/1140/1710 2406/1138/1710 2403/1079/1710
f 2406/1138/1710 2407/1136/1710 2403/1079/1710
f 2407/1136/1710 2408/1134/1710 2403/1079/1710
f 2408/1134/1710 2409/1132/1710 2403/1079/1710
f 2409/1132/1710 2410/1130/1710 2403/1079/1710
f 2410/1130/1710 2411/1128/1710 2403/1079/1710
f 2411/1128/1710 2412/1126/1710 2403/1079/1710
f 2412/1126/1710 2413/1124/1710 2403/1079/1710
f 2413/1124/1710 2414/1122/1710 2403/1079/1710
f 2414/1122/1710 2415/1120/1710 2403/1079/1710
f 2415/1120/1710 2416/1118/1710 2403/1079/1710
f 2416/1118/1710 2417/1116/1710 2403/1079/1710
f 2417/1116/1710 2418/1114/1710 2403/1079/1710
f 2418/1114/1710 2419/1112/1710 2403/1079/1710
f 2419/1112/1710 2420/1110/1710 2403/1079/1710
f 2420/1110/1710 2421/1108/1710 2403/1079/1710
f 2421/1108/1710 2422/1075/1710 2403/1079/1710
f 2422/1075/1710 2423/1077/1710 2403/1079/1710
f 2425/1145/1710 2424/1147/1710 2403/1079/1710
f 2405/1142/1710 2403/1079/1710 2424/1147/1710
f 2428/1151/1729 2427/1149/1727 2426/1150/1730
f 2429/1148/1728 2426/1150/1730 2427/1149/1727
f 2427/1149/1727 2430/1152/1725 2429/1148/1728
f 2431/1153/1726 2429/1148/1728 2430/1152/1725
f 2429/1148/1728 2431/1153/1726 2426/1150/1730
f 2430/1152/1725 2432/1154/1723 2431/1153/1726
f 2433/1155/1724 2431/1153/1726 2432/1154/1723
f 2432/1154/1723 2434/1156/1721 2433/1155/1724
f 2435/1157/1722 2433/1155/1724 2434/1156/1721
f 2433/1155/1724 2435/1157/1722 2431/1153/1726
f 2434/1156/1721 2436/1158/1719 2435/1157/1722
f 2437/1159/1720 2435/1157/1722 2436/1158/1719
f 2436/1158/1719 2438/1160/1717 2437/1159/1720
f 2439/1161/1718 2437/1159/1720 2438/1160/1717
f 2437/1159/1720 2439/1161/1718 2435/1157/1722
f 2435/1157/1722 2439/1161/1718 2431/1153/1726
f 2438/1160/1717 2440/1162/1715 2439/1161/1718
f 2441/1163/1716 2439/1161/1718 2440/1162/1715
f 2440/1162/1715 2442/1164/1712 2441/1163/1716
f 2443/1165/1711 2441/1163/1716 2442/1164/1712
f 2441/1163/1716 2443/1165/1711 2439/1161/1718
f 2442/1164/1712 2444/1166/1714 2443/1165/1711
f 2445/1167/1713 2443/1165/1711 2444/1166/1714
f 2444/1166/1714 2446/1168/1745 2445/1167/1713
f 2447/1169/1746 2445/1167/1713 2446/1168/1745
f 2445/1167/1713 2447/1169/1746 2443/1165/1711
f 2443/1165/1711 2447/1169/1746 2439/1161/1718
f 2446/1168/1745 2448/1170/1743 2447/1169/1746
f 2449/1171/1744 2447/1169/1746 2448/1170/1743
f 2448/1170/1743 2450/1172/1741 2449/1171/1744
f 2451/1173/1742 2449/1171/1744 2450/1172/1741
f 2449/1171/1744 2451/1173/1742 2447/1169/1746
f 2450/1172/1741 2452/1174/1739 2451/1173/1742
f 2453/1175/1740 2451/1173/1742 2452/1174/1739
f 2452/1174/1739 2454/1176/1737 2453/1175/1740
f 2455/1177/1738 2453/1175/1740 2454/1176/1737
f 2453/1175/1740 2455/1177/1738 2451/1173/1742
f 2451/1173/1742 2455/1177/1738 2447/1169/1746
f 2454/1176/1737 2456/1178/1735 2455/1177/1738
f 2457/1179/1736 2455/1177/1738 2456/1178/1735
f 2456/1178/1735 2458/1180/1733 2457/1179/1736
f 2459/1181/1734 2457/1179/1736 2458/1180/1733
f 2457/1179/1736 2459/1181/1734 2455/1177/1738
f 2458/1180/1733 2460/1182/1731 2459/1181/1734
f 2461/1183/1732 2459/1181/1734 2460/1182/1731
f 2460/1182/1731 2428/1151/1729 2461/1183/1732
f 2426/1150/1730 2461/1183/1732 2428/1151/1729
f 2455/1177/1738 2459/1181/1734 2426/1150/1730
f 2426/1150/1730 2459/1181/1734 2461/1183/1732
f 2431/1153/1726 2455/1177/1738 2426/1150/1730
f 2447/1169/1746 2455/1177/1738 2431/1153/1726
f 2439/1161/1718 2447/1169/1746 2431/1153/1726
f 2464/1187/1765 2463/1185/1763 2462/1186/1766
f 2465/1184/1764 2462/1186/1766 2463/1185/1763
f 2463/1185/1763 2466/1188/1761 2465/1184/1764
f 2467/1189/1762 2465/1184/1764 2466/1188/1761
f 2466/1188/1761 2468/1190/1759 2467/1189/1762
f 2469/1191/1760 2467/1189/1762 2468/1190/1759
f 2468/1190/1759 2470/1192/1757 2469/1191/1760
f 2471/1193/1758 2469/1191/1760 2470/1192/1757
f 2470/1192/1757 2472/1194/1755 2471/1193/1758
f 2473/1195/1756 2471/1193/1758 2472/1194/1755
f 2472/1194/1755 2474/1196/1753 2473/1195/1756
f 2475/1197/1754 2473/1195/1756 2474/1196/1753
f 2474/1196/1753 2476/1198/1751 2475/1197/1754
f 2477/1199/1752 2475/1197/1754 2476/1198/1751
f 2476/1198/1751 2478/1200/1748 2477/1199/1752
f 2479/1201/1747 2477/1199/1752 2478/1200/1748
f 2478/1200/1748 2480/1202/1750 2479/1201/1747
f 2481/1203/1749 2479/1201/1747 2480/1202/1750
f 2468/1190/1759 2466/1188/1761 2482/1204/1770
f 2483/1213/1771 2482/1204/1770 2466/1188/1761
f 2466/1188/1761 2463/1185/1763 2483/1213/1771
f 2484/1214/1772 2483/1213/1771 2463/1185/1763
f 2463/1185/1763 2464/1187/1765 2484/1214/1772
f 2485/1215/1773 2484/1214/1772 2464/1187/1765
f 2476/1198/1751 2474/1196/1753 2486/1208/1776
f 2487/1207/1767 2486/1208/1776 2474/1196/1753
f 2486/1208/1776 2488/1209/1777 2476/1198/1751
f 2478/1200/1748 2476/1198/1751 2488/1209/1777
f 2488/1209/1777 2489/1210/1778 2478/1200/1748
f 2480/1202/1750 2478/1200/1748 2489/1210/1778
f 2484/1214/1772 2485/1215/1773 2490/1216/1806
f 2491/1217/1784 2490/1216/1806 2485/1215/1773
f 2490/1216/1806 2492/1218/1783 2484/1214/1772
f 2483/1213/1771 2484/1214/1772 2492/1218/1783
f 2492/1218/1783 2493/1212/1782 2483/1213/1771
f 2482/1204/1770 2483/1213/1771 2493/1212/1782
f 2493/1212/1782 2494/1211/1791 2482/1204/1770
f 2495/1205/1769 2482/1204/1770 2494/1211/1791
f 2494/1211/1791 2496/1228/1774 2495/1205/1769
f 2497/1206/1768 2495/1205/1769 2496/1228/1774
f 2495/1205/1769 2497/1206/1768 2470/1192/1757
f 2470/1192/1757 2468/1190/1759 2495/1205/1769
f 2482/1204/1770 2495/1205/1769 2468/1190/1759
f 2472/1194/1755 2470/1192/1757 2497/1206/1768
f 2497/1206/1768 2487/1207/1767 2472/1194/1755
f 2474/1196/1753 2472/1194/1755 2487/1207/1767
f 2496/1228/1774 2498/1219/1775 2497/1206/1768
f 2487/1207/1767 2497/1206/1768 2498/1219/1775
f 2498/1219/1775 2499/1220/1781 2487/1207/1767
f 2486/1208/1776 2487/1207/1767 2499/1220/1781
f 2499/1220/1781 2500/1243/1779 2486/1208/1776
f 2488/1209/1777 2486/1208/1776 2500/1243/1779
f 2500/1243/1779 2501/1221/1780 2488/1209/1777
f 2489/1210/1778 2488/1209/1777 2501/1221/1780
f 2498/1219/1775 2496/1228/1774 2502/1229/1788
f 2503/1227/1789 2502/1229/1788 2496/1228/1774
f 2502/1229/1788 2504/1230/1787 2498/1219/1775
f 2499/1220/1781 2498/1219/1775 2504/1230/1787
f 2504/1230/1787 2505/1240/1984 2499/1220/1781
f 2500/1243/1779 2499/1220/1781 2505/1240/1984
f 2505/1240/1984 2506/1242/1786 2500/1243/1779
f 2501/1221/1780 2500/1243/1779 2506/1242/1786
f 2502/1229/1788 2503/1227/1789 2507/1238/1797
f 2508/1235/1857 2507/1238/1797 2503/1227/1789
f 2503/1227/1789 2509/1226/1790 2508/1235/1857
f 2509/1226/1790 2503/1227/1789 2494/1211/1791
f 2494/1211/1791 2493/1212/1782 2509/1226/1790
f 2510/1225/1792 2509/1226/1790 2493/1212/1782
f 2493/1212/1782 2492/1218/1783 2510/1225/1792
f 2511/1224/1793 2510/1225/1792 2492/1218/1783
f 2492/1218/1783 2490/1216/1806 2511/1224/1793
f 2512/1222/1803 2511/1224/1793 2490/1216/1806
f 2490/1216/1806 2491/1217/1784 2512/1222/1803
f 2513/1223/1805 2512/1222/1803 2491/1217/1784
f 2496/1228/1774 2494/1211/1791 2503/1227/1789
f 2512/1222/1803 2513/1223/1805 2514/1231/1985
f 2515/1232/1804 2514/1231/1985 2513/1223/1805
f 2514/1231/1985 2516/1233/1800 2512/1222/1803
f 2511/1224/1793 2512/1222/1803 2516/1233/1800
f 2516/1233/1800 2517/1234/1801 2511/1224/1793
f 2510/1225/1792 2511/1224/1793 2517/1234/1801
f 2517/1234/1801 2518/1236/1798 2510/1225/1792
f 2509/1226/1790 2510/1225/1792 2518/1236/1798
f 2518/1236/1798 2508/1235/1857 2509/1226/1790
f 2521/1202/1750 2520/1200/1821 2519/1203/1749
f 2522/1201/1822 2519/1203/1749 2520/1200/1821
f 2520/1200/1821 2523/1198/1819 2522/1201/1822
f 2524/1199/1820 2522/1201/1822 2523/1198/1819
f 2523/1198/1819 2525/1196/1817 2524/1199/1820
f 2526/1197/1818 2524/1199/1820 2525/1196/1817
f 2525/1196/1817 2527/1194/1815 2526/1197/1818
f 2528/1195/1816 2526/1197/1818 2527/1194/1815
f 2527/1194/1815 2529/1244/1813 2528/1195/1816
f 2530/1245/1814 2528/1195/1816 2529/1244/1813
f 2529/1244/1813 2531/1190/1811 2530/1245/1814
f 2532/1191/1812 2530/1245/1814 2531/1190/1811
f 2531/1190/1811 2533/1246/1809 2532/1191/1812
f 2534/1189/1810 2532/1191/1812 2533/1246/1809
f 2533/1246/1809 2535/1185/1808 2534/1189/1810
f 2536/1184/1807 2534/1189/1810 2535/1185/1808
f 2535/1185/1808 2537/1187/1765 2536/1184/1807
f 2538/1186/1766 2536/1184/1807 2537/1187/1765
f 2525/1196/1817 2523/1198/1819 2539/1207/1826
f 2540/1248/1827 2539/1207/1826 2523/1198/1819
f 2523/1198/1819 2520/1200/1821 2540/1248/1827
f 2541/1209/1828 2540/1248/1827 2520/1200/1821
f 2520/1200/1821 2521/1202/1750 2541/1209/1828
f 2542/1210/1778 2541/1209/1828 2521/1202/1750
f 2533/1246/1809 2531/1190/1811 2543/1247/1831
f 2544/1204/1823 2543/1247/1831 2531/1190/1811
f 2543/1247/1831 2545/1214/1832 2533/1246/1809
f 2535/1185/1808 2533/1246/1809 2545/1214/1832
f 2545/1214/1832 2546/1215/1773 2535/1185/1808
f 2537/1187/1765 2535/1185/1808 2546/1215/1773
f 2541/1209/1828 2542/1210/1778 2547/1243/1855
f 2548/1221/1780 2547/1243/1855 2542/1210/1778
f 2547/1243/1855 2549/1220/1836 2541/1209/1828
f 2540/1248/1827 2541/1209/1828 2549/1220/1836
f 2549/1220/1836 2550/1219/1835 2540/1248/1827
f 2539/1207/1826 2540/1248/1827 2550/1219/1835
f 2550/1219/1835 2551/1228/1842 2539/1207/1826
f 2552/1206/1825 2539/1207/1826 2551/1228/1842
f 2551/1228/1842 2553/1211/1829 2552/1206/1825
f 2554/1205/1824 2552/1206/1825 2553/1211/1829
f 2552/1206/1825 2554/1205/1824 2527/1194/1815
f 2527/1194/1815 2525/1196/1817 2552/1206/1825
f 2539/1207/1826 2552/1206/1825 2525/1196/1817
f 2529/1244/1813 2527/1194/1815 2554/1205/1824
f 2554/1205/1824 2544/1204/1823 2529/1244/1813
f 2531/1190/1811 2529/1244/1813 2544/1204/1823
f 2553/1211/1829 2555/1249/1830 2554/1205/1824
f 2544/1204/1823 2554/1205/1824 2555/1249/1830
f 2555/1249/1830 2556/1218/1834 2544/1204/1823
f 2543/1247/1831 2544/1204/1823 2556/1218/1834
f 2556/1218/1834 2557/1216/1833 2543/1247/1831
f 2545/1214/1832 2543/1247/1831 2557/1216/1833
f 2557/1216/1833 2558/1217/1784 2545/1214/1832
f 2546/1215/1773 2545/1214/1832 2558/1217/1784
f 2555/1249/1830 2553/1211/1829 2559/1225/1839
f 2560/1226/1840 2559/1225/1839 2553/1211/1829
f 2559/1225/1839 2561/1224/1838 2555/1249/1830
f 2556/1218/1834 2555/1249/1830 2561/1224/1838
f 2561/1224/1838 2562/1222/1837 2556/1218/1834
f 2557/1216/1833 2556/1218/1834 2562/1222/1837
f 2562/1222/1837 2563/1223/1805 2557/1216/1833
f 2558/1217/1784 2557/1216/1833 2563/1223/1805
f 2559/1225/1839 2560/1226/1840 2564/1253/1847
f 2565/1251/1986 2564/1253/1847 2560/1226/1840
f 2560/1226/1840 2566/1227/1841 2565/1251/1986
f 2566/1227/1841 2560/1226/1840 2551/1228/1842
f 2551/1228/1842 2550/1219/1835 2566/1227/1841
f 2567/1229/1843 2566/1227/1841 2550/1219/1835
f 2550/1219/1835 2549/1220/1836 2567/1229/1843
f 2568/1250/1844 2567/1229/1843 2549/1220/1836
f 2549/1220/1836 2547/1243/1855 2568/1250/1844
f 2569/1240/1987 2568/1250/1844 2547/1243/1855
f 2547/1243/1855 2548/1221/1780 2569/1240/1987
f 2570/1242/1786 2569/1240/1987 2548/1221/1780
f 2553/1211/1829 2551/1228/1842 2560/1226/1840
f 2569/1240/1987 2570/1242/1786 2571/1239/1852
f 2572/1241/1854 2571/1239/1852 2570/1242/1786
f 2571/1239/1852 2573/1237/1850 2569/1240/1987
f 2568/1250/1844 2569/1240/1987 2573/1237/1850
f 2573/1237/1850 2574/1238/1851 2568/1250/1844
f 2567/1229/1843 2568/1250/1844 2574/1238/1851
f 2574/1238/1851 2575/1252/1861 2567/1229/1843
f 2566/1227/1841 2567/1229/1843 2575/1252/1861
f 2575/1252/1861 2565/1251/1986 2566/1227/1841
f 2507/1238/1797 2576/1237/1856 2502/1229/1788
f 2504/1230/1787 2502/1229/1788 2576/1237/1856
f 2576/1237/1856 2577/1239/1794 2504/1230/1787
f 2505/1240/1984 2504/1230/1787 2577/1239/1794
f 2577/1239/1794 2578/1241/1854 2505/1240/1984
f 2506/1242/1786 2505/1240/1984 2578/1241/1854
f 2564/1253/1847 2579/1233/1846 2559/1225/1839
f 2561/1224/1838 2559/1225/1839 2579/1233/1846
f 2579/1233/1846 2580/1231/1845 2561/1224/1838
f 2562/1222/1837 2561/1224/1838 2580/1231/1845
f 2580/1231/1845 2581/1232/1804 2562/1222/1837
f 2563/1223/1805 2562/1222/1837 2581/1232/1804
f 2584/1255/1414 2583/1254/1985 2582/1256/1858
f 2584/1255/1414 2585/1257/1800 2583/1254/1985
f 2584/1255/1414 2586/1258/1801 2585/1257/1800
f 2584/1255/1414 2587/1259/1798 2586/1258/1801
f 2584/1255/1414 2588/1260/1857 2587/1259/1798
f 2584/1255/1414 2589/1261/1797 2588/1260/1857
f 2584/1255/1414 2590/1262/1856 2589/1261/1797
f 2584/1255/1414 2591/1263/1988 2590/1262/1856
f 2584/1255/1414 2592/1264/1795 2591/1263/1988
f 2584/1255/1414 2593/1265/1852 2592/1264/1795
f 2584/1255/1414 2594/1266/1850 2593/1265/1852
f 2584/1255/1414 2595/1267/1851 2594/1266/1850
f 2584/1255/1414 2596/1268/1848 2595/1267/1851
f 2584/1255/1414 2597/1269/1860 2596/1268/1848
f 2584/1255/1414 2598/1270/1847 2597/1269/1860
f 2584/1255/1414 2599/1271/1846 2598/1270/1847
f 2584/1255/1414 2600/1272/1859 2599/1271/1846
f 2584/1255/1414 2582/1256/1858 2600/1272/1859
f 2603/1273/1989 2602/1274/1990 2601/1275/1991
f 2604/1276/1992 2601/1275/1991 2602/1274/1990
f 2602/1274/1990 2603/1273/1989 2605/1277/1993
f 2606/1278/1994 2605/1277/1993 2603/1273/1989
f 2605/1277/1993 2606/1278/1994 2607/1279/1995
f 2608/1280/1996 2607/1279/1995 2606/1278/1994
f 2607/1279/1995 2608/1280/1996 2609/1281/1997
f 2610/1282/1998 2609/1281/1997 2608/1280/1996
f 2609/1281/1997 2610/1282/1998 2611/1283/1999
f 2612/1284/2000 2611/1283/1999 2610/1282/1998
f 2611/1283/1999 2612/1284/2000 2613/1285/2001
f 2614/1286/2002 2613/1285/2001 2612/1284/2000
f 2613/1285/2001 2614/1286/2002 2615/1287/2003
f 2616/1288/2004 2615/1287/2003 2614/1286/2002
f 2615/1287/2003 2616/1288/2004 2617/1289/2005
f 2618/1290/2006 2617/1289/2005 2616/1288/2004
f 2617/1289/2005 2618/1290/2006 2619/1291/2007
f 2620/1292/2008 2619/1291/2007 2618/1290/2006
f 2619/1291/2007 2620/1292/2008 2621/1293/2009
f 2622/1294/2010 2621/1293/2009 2620/1292/2008
f 2621/1293/2009 2622/1294/2010 2623/1295/2011
f 2624/1296/2012 2623/1295/2011 2622/1294/2010
f 2623/1295/2011 2624/1296/2012 2625/1297/2013
f 2626/1298/2014 2625/1297/2013 2624/1296/2012
f 2625/1297/2013 2626/1298/2014 2627/1299/2015
f 2628/1300/2016 2627/1299/2015 2626/1298/2014
f 2627/1299/2015 2628/1300/2016 2629/1301/2017
f 2630/1302/2018 2629/1301/2017 2628/1300/2016
f 2629/1301/2017 2630/1302/2018 2631/1303/2019
f 2632/1304/2020 2631/1303/2019 2630/1302/2018
f 2631/1303/2019 2632/1304/2020 2633/1305/2021
f 2634/1306/2022 2633/1305/2021 2632/1304/2020
f 2633/1305/2021 2634/1306/2022 2635/1307/2023
f 2636/1308/2024 2635/1307/2023 2634/1306/2022
f 2635/1307/2023 2636/1308/2024 2637/1309/2025
f 2638/1310/2026 2637/1309/2025 2636/1308/2024
f 2637/1309/2025 2638/1310/2026 2639/1311/2027
f 2640/1312/2028 2639/1311/2027 2638/1310/2026
f 2639/1311/2027 2640/1312/2028 2641/1313/2029
f 2642/1314/2030 2641/1313/2029 2640/1312/2028
f 2628/1300/2016 2643/1315/2031 2630/1302/2018
f 2643/1315/2031 2628/1300/2016 2644/1316/2032
f 2626/1298/2014 2644/1316/2032 2628/1300/2016
f 2644/1316/2032 2626/1298/2014 2645/1317/2033
f 2624/1296/2012 2645/1317/2033 2626/1298/2014
f 2634/1306/2022 2646/1318/2034 2636/1308/2024
f 2646/1318/2034 2634/1306/2022 2647/1319/2035
f 2632/1304/2020 2647/1319/2035 2634/1306/2022
f 2647/1319/2035 2632/1304/2020 2648/1320/2036
f 2648/1320/2036 2630/1302/2018 2643/1315/2031
f 2630/1302/2018 2648/1320/2036 2632/1304/2020
f 2640/1312/2028 2649/1321/2037 2642/1314/2030
f 2649/1321/2037 2640/1312/2028 2650/1322/2038
f 2638/1310/2026 2650/1322/2038 2640/1312/2028
f 2650/1322/2038 2638/1310/2026 2651/1323/2039
f 2651/1323/2039 2636/1308/2024 2646/1318/2034
f 2636/1308/2024 2651/1323/2039 2638/1310/2026
f 2622/1294/2010 2652/1324/2040 2624/1296/2012
f 2652/1324/2040 2622/1294/2010 2653/1325/2041
f 2620/1292/2008 2653/1325/2041 2622/1294/2010
f 2618/1290/2006 2654/1326/2042 2620/1292/2008
f 2654/1326/2042 2618/1290/2006 2655/1327/2043
f 2616/1288/2004 2655/1327/2043 2618/1290/2006
f 2655/1327/2043 2616/1288/2004 2656/1328/2044
f 2614/1286/2002 2656/1328/2044 2616/1288/2004
f 2656/1328/2044 2614/1286/2002 2657/1329/2045
f 2612/1284/2000 2657/1329/2045 2614/1286/2002
f 2657/1329/2045 2612/1284/2000 2658/1330/2046
f 2610/1282/1998 2658/1330/2046 2612/1284/2000
f 2658/1330/2046 2610/1282/1998 2659/1331/2047
f 2608/1280/1996 2659/1331/2047 2610/1282/1998
f 2659/1331/2047 2608/1280/1996 2660/1332/2048
f 2606/1278/1994 2660/1332/2048 2608/1280/1996
f 2660/1332/2048 2606/1278/1994 2661/1333/2049
f 2603/1273/1989 2661/1333/2049 2606/1278/1994
f 2661/1333/2049 2603/1273/1989 2662/1334/2050
f 2601/1275/1991 2662/1334/2050 2603/1273/1989
f 2601/1275/1991 2663/1335/2051 2662/1334/2050
f 2663/1335/2051 2601/1275/1991 2664/1336/2052
f 2604/1276/1992 2664/1336/2052 2601/1275/1991
f 2665/1337/2053 2662/1334/2050 2663/1335/2051
f 2666/1325/2054 2620/1292/2008 2654/1326/2042
f 2667/1317/2055 2624/1296/2012 2652/1324/2040
f 2668/1338/2056 2642/1314/2030 2649/1321/2037
f 2668/1338/2056 2669/1339/2057 2642/1314/2030
f 2670/1340/2058 2642/1314/2030 2669/1339/2057
f 2642/1314/2030 2670/1340/2058 2641/1313/2029
f 2671/1341/2059 2641/1313/2029 2670/1340/2058
f 2674/1274/2060 2673/1277/2060 2672/1276/2061
f 2673/1277/2060 2675/1279/2060 2672/1276/2061
f 2675/1279/2060 2676/1281/2060 2672/1276/2061
f 2676/1281/2060 2677/1283/2060 2672/1276/2061
f 2677/1283/2060 2678/1285/2060 2672/1276/2061
f 2678/1285/2060 2679/1287/2060 2672/1276/2061
f 2679/1287/2060 2680/1289/2060 2672/1276/2061
f 2680/1289/2060 2681/1291/2060 2672/1276/2061
f 2681/1291/2060 2682/1293/2060 2672/1276/2061
f 2682/1293/2060 2683/1295/2060 2672/1276/2061
f 2683/1295/2060 2684/1297/2060 2672/1276/2061
f 2684/1297/2060 2685/1299/2060 2672/1276/2061
f 2685/1299/2060 2686/1301/2060 2672/1276/2061
f 2686/1301/2060 2687/1303/2060 2672/1276/2061
f 2687/1303/2060 2688/1305/2060 2672/1276/2061
f 2688/1305/2060 2689/1307/2060 2672/1276/2061
f 2689/1307/2060 2690/1309/2060 2672/1276/2061
f 2690/1309/2060 2691/1311/2060 2672/1276/2061
f 2691/1311/2060 2692/1313/2062 2672/1276/2061
f 2692/1313/2062 2693/1341/2063 2672/1276/2061
f 2694/1336/2064 2672/1276/2061 2693/1341/2063
f 2697/1342/2065 2696/1343/2066 2695/1344/2067
f 2698/1345/2068 2695/1344/2067 2696/1343/2066
f 2696/1343/2066 2697/1342/2065 2699/1346/2069
f 2700/1347/2070 2699/1346/2069 2697/1342/2065
f 2699/1346/2069 2700/1347/2070 2701/1348/2071
f 2702/1349/2072 2701/1348/2071 2700/1347/2070
f 2701/1348/2071 2702/1349/2072 2703/1350/2073
f 2704/1351/2074 2703/1350/2073 2702/1349/2072
f 2703/1350/2073 2704/1351/2074 2705/1352/2075
f 2706/1353/2076 2705/1352/2075 2704/1351/2074
f 2705/1352/2075 2706/1353/2076 2707/1354/2077
f 2708/1355/2078 2707/1354/2077 2706/1353/2076
f 2707/1354/2077 2708/1355/2078 2709/1356/2079
f 2710/1357/2080 2709/1356/2079 2708/1355/2078
f 2709/1356/2079 2710/1357/2080 2711/1358/2081
f 2712/1359/2082 2711/1358/2081 2710/1357/2080
f 2711/1358/2081 2712/1359/2082 2713/1360/2083
f 2714/1361/2084 2713/1360/2083 2712/1359/2082
f 2713/1360/2083 2714/1361/2084 2715/1362/2085
f 2716/1363/2086 2715/1362/2085 2714/1361/2084
f 2715/1362/2085 2716/1363/2086 2717/1364/2087
f 2718/1365/2088 2717/1364/2087 2716/1363/2086
f 2717/1364/2087 2718/1365/2088 2719/1366/2089
f 2720/1367/2090 2719/1366/2089 2718/1365/2088
f 2719/1366/2089 2720/1367/2090 2721/1368/2091
f 2722/1369/2092 2721/1368/2091 2720/1367/2090
f 2721/1368/2091 2722/1369/2092 2723/1370/2093
f 2724/1371/2094 2723/1370/2093 2722/1369/2092
f 2723/1370/2093 2724/1371/2094 2725/1372/2095
f 2726/1373/2096 2725/1372/2095 2724/1371/2094
f 2725/1372/2095 2726/1373/2096 2727/1374/2097
f 2728/1375/2098 2727/1374/2097 2726/1373/2096
f 2727/1374/2097 2728/1375/2098 2729/1376/2099
f 2730/1377/2100 2729/1376/2099 2728/1375/2098
f 2729/1376/2099 2730/1377/2100 2731/1378/2101
f 2732/1379/2102 2731/1378/2101 2730/1377/2100
f 2731/1378/2101 2732/1379/2102 2733/1380/2103
f 2734/1381/2104 2733/1380/2103 2732/1379/2102
f 2733/1380/2103 2734/1381/2104 2735/1382/2105
f 2736/1383/2106 2735/1382/2105 2734/1381/2104
f 2722/1369/2092 2737/1384/2107 2724/1371/2094
f 2737/1384/2107 2722/1369/2092 2738/1385/2108
f 2720/1367/2090 2738/1385/2108 2722/1369/2092
f 2738/1385/2108 2720/1367/2090 2739/1386/2109
f 2718/1365/2088 2739/1386/2109 2720/1367/2090
f 2739/1386/2109 2718/1365/2088 2740/1387/2110
f 2716/1363/2086 2740/1387/2110 2718/1365/2088
f 2730/1377/2100 2741/1388/2111 2732/1379/2102
f 2741/1388/2111 2730/1377/2100 2742/1389/2112
f 2728/1375/2098 2742/1389/2112 2730/1377/2100
f 2742/1389/2112 2728/1375/2098 2743/1390/2113
f 2726/1373/2096 2743/1390/2113 2728/1375/2098
f 2743/1390/2113 2726/1373/2096 2744/1391/2114
f 2744/1391/2114 2724/1371/2094 2737/1384/2107
f 2724/1371/2094 2744/1391/2114 2726/1373/2096
f 2714/1361/2084 2745/1392/2115 2716/1363/2086
f 2745/1392/2115 2714/1361/2084 2746/1393/2116
f 2712/1359/2082 2746/1393/2116 2714/1361/2084
f 2746/1393/2116 2712/1359/2082 2747/1394/2117
f 2710/1357/2080 2747/1394/2117 2712/1359/2082
f 2748/1387/2118 2716/1363/2086 2745/1392/2115
f 2708/1355/2078 2749/1395/2119 2710/1357/2080
f 2749/1395/2119 2708/1355/2078 2750/1396/2120
f 2706/1353/2076 2750/1396/2120 2708/1355/2078
f 2750/1396/2120 2706/1353/2076 2751/1397/2121
f 2704/1351/2074 2751/1397/2121 2706/1353/2076
f 2751/1397/2121 2704/1351/2074 2752/1398/2122
f 2702/1349/2072 2752/1398/2122 2704/1351/2074
f 2752/1398/2122 2702/1349/2072 2753/1399/2123
f 2700/1347/2070 2753/1399/2123 2702/1349/2072
f 2753/1399/2123 2700/1347/2070 2754/1400/2124
f 2697/1342/2065 2754/1400/2124 2700/1347/2070
f 2754/1400/2124 2697/1342/2065 2755/1401/2125
f 2695/1344/2067 2755/1401/2125 2697/1342/2065
f 2756/1394/2117 2710/1357/2080 2749/1395/2119
f 2695/1344/2067 2757/1402/2126 2755/1401/2125
f 2757/1402/2126 2695/1344/2067 2758/1403/2127
f 2698/1345/2068 2758/1403/2127 2695/1344/2067
f 2759/1404/2128 2755/1401/2125 2757/1402/2126
f 2760/1405/2129 2732/1379/2102 2741/1388/2111
f 2732/1379/2102 2760/1405/2129 2734/1381/2104
f 2761/1406/2130 2734/1381/2104 2760/1405/2129
f 2734/1381/2104 2761/1406/2130 2736/1383/2106
f 2762/1407/2131 2736/1383/2106 2761/1406/2130
f 2762/1407/2131 2763/1408/2132 2736/1383/2106
f 2764/1409/2133 2736/1383/2106 2763/1408/2132
f 2736/1383/2106 2764/1409/2133 2735/1382/2105
f 2765/1410/2134 2735/1382/2105 2764/1409/2133
f 2768/1343/2135 2767/1346/2136 2766/1345/2137
f 2767/1346/2136 2769/1348/2138 2766/1345/2137
f 2769/1348/2138 2770/1350/2139 2766/1345/2137
f 2770/1350/2139 2771/1352/2140 2766/1345/2137
f 2771/1352/2140 2772/1354/2141 2766/1345/2137
f 2772/1354/2141 2773/1356/2142 2766/1345/2137
f 2773/1356/2142 2774/1358/2143 2766/1345/2137
f 2774/1358/2143 2775/1360/2144 2766/1345/2137
f 2775/1360/2144 2776/1362/2145 2766/1345/2137
f 2776/1362/2145 2777/1364/2146 2766/1345/2137
f 2777/1364/2146 2778/1366/2147 2766/1345/2137
f 2778/1366/2147 2779/1368/2148 2766/1345/2137
f 2779/1368/2148 2780/1370/2149 2766/1345/2137
f 2780/1370/2149 2781/1372/2150 2766/1345/2137
f 2781/1372/2150 2782/1374/2151 2766/1345/2137
f 2782/1374/2151 2783/1376/2152 2766/1345/2137
f 2783/1376/2152 2784/1378/2153 2766/1345/2137
f 2784/1378/2153 2785/1380/2154 2766/1345/2137
f 2785/1380/2154 2786/1382/2155 2766/1345/2137
f 2786/1382/2155 2787/1410/2156 2766/1345/2137
f 2788/1403/2157 2766/1345/2137 2787/1410/2156
f 2791/1381/2158 2790/1411/2159 2789/1383/2160
f 2792/1412/2161 2789/1383/2160 2790/1411/2159
f 2790/1411/2159 2791/1381/2158 2793/1413/2162
f 2794/1379/2163 2793/1413/2162 2791/1381/2158
f 2793/1413/2162 2794/1379/2163 2795/1414/2164
f 2796/1377/2165 2795/1414/2164 2794/1379/2163
f 2795/1414/2164 2796/1377/2165 2797/1374/2166
f 2798/1415/2167 2797/1374/2166 2796/1377/2165
f 2797/1374/2166 2798/1415/2167 2799/1416/2168
f 2800/1417/2169 2799/1416/2168 2798/1415/2167
f 2799/1416/2168 2800/1417/2169 2801/1418/2170
f 2802/1371/2171 2801/1418/2170 2800/1417/2169
f 2801/1418/2170 2802/1371/2171 2803/1419/2172
f 2804/1420/2173 2803/1419/2172 2802/1371/2171
f 2803/1419/2172 2804/1420/2173 2805/1421/2174
f 2806/1422/2175 2805/1421/2174 2804/1420/2173
f 2805/1421/2174 2806/1422/2175 2807/1423/2176
f 2808/1424/2177 2807/1423/2176 2806/1422/2175
f 2807/1423/2176 2808/1424/2177 2809/1425/2178
f 2810/1426/2179 2809/1425/2178 2808/1424/2177
f 2809/1425/2178 2810/1426/2179 2811/1427/2180
f 2812/1428/2181 2811/1427/2180 2810/1426/2179
f 2811/1427/2180 2812/1428/2181 2813/1429/2182
f 2814/1430/2183 2813/1429/2182 2812/1428/2181
f 2813/1429/2182 2814/1430/2183 2815/1431/2184
f 2816/1432/2185 2815/1431/2184 2814/1430/2183
f 2815/1431/2184 2816/1432/2185 2817/1433/2186
f 2818/1434/2187 2817/1433/2186 2816/1432/2185
f 2817/1433/2186 2818/1434/2187 2819/1435/2188
f 2820/1436/2189 2819/1435/2188 2818/1434/2187
f 2819/1435/2188 2820/1436/2189 2821/1437/2190
f 2822/1438/2191 2821/1437/2190 2820/1436/2189
f 2821/1437/2190 2822/1438/2191 2823/1439/2192
f 2824/1440/2193 2823/1439/2192 2822/1438/2191
f 2823/1439/2192 2824/1440/2193 2825/1441/2194
f 2826/1442/2195 2825/1441/2194 2824/1440/2193
f 2825/1441/2194 2826/1442/2195 2827/1443/2196
f 2828/1444/2197 2827/1443/2196 2826/1442/2195
f 2827/1443/2196 2828/1444/2197 2829/1445/2198
f 2830/1446/2199 2829/1445/2198 2828/1444/2197
f 2816/1432/2185 2831/1394/2117 2818/1434/2187
f 2832/1395/2200 2818/1434/2187 2831/1394/2117
f 2818/1434/2187 2832/1395/2200 2820/1436/2189
f 2833/1396/2120 2820/1436/2189 2832/1395/2200
f 2820/1436/2189 2833/1396/2120 2822/1438/2191
f 2834/1397/2121 2822/1438/2191 2833/1396/2120
f 2822/1438/2191 2834/1397/2121 2824/1440/2193
f 2835/1398/2201 2824/1440/2193 2834/1397/2121
f 2824/1440/2193 2835/1398/2201 2826/1442/2195
f 2836/1399/2123 2826/1442/2195 2835/1398/2201
f 2826/1442/2195 2836/1399/2123 2828/1444/2197
f 2837/1400/2124 2828/1444/2197 2836/1399/2123
f 2828/1444/2197 2837/1400/2124 2830/1446/2199
f 2838/1401/2125 2830/1446/2199 2837/1400/2124
f 2830/1446/2199 2839/1447/2202 2829/1445/2198
f 2840/1448/2203 2829/1445/2198 2839/1447/2202
f 2838/1401/2125 2841/1404/2128 2830/1446/2199
f 2839/1447/2202 2830/1446/2199 2841/1404/2128
f 2789/1383/2160 2842/1407/2131 2791/1381/2158
f 2843/1406/2204 2791/1381/2158 2842/1407/2131
f 2791/1381/2158 2843/1406/2204 2794/1379/2163
f 2844/1405/2205 2794/1379/2163 2843/1406/2204
f 2794/1379/2163 2844/1405/2205 2796/1377/2165
f 2845/1388/2111 2796/1377/2165 2844/1405/2205
f 2796/1377/2165 2845/1388/2111 2798/1415/2167
f 2846/1389/2206 2798/1415/2167 2845/1388/2111
f 2798/1415/2167 2846/1389/2206 2800/1417/2169
f 2847/1390/2113 2800/1417/2169 2846/1389/2206
f 2800/1417/2169 2847/1390/2113 2802/1371/2171
f 2848/1391/2114 2802/1371/2171 2847/1390/2113
f 2802/1371/2171 2848/1391/2114 2804/1420/2173
f 2849/1384/2107 2804/1420/2173 2848/1391/2114
f 2804/1420/2173 2849/1384/2107 2806/1422/2175
f 2850/1385/2207 2806/1422/2175 2849/1384/2107
f 2806/1422/2175 2850/1385/2207 2808/1424/2177
f 2851/1386/2109 2808/1424/2177 2850/1385/2207
f 2808/1424/2177 2851/1386/2109 2810/1426/2179
f 2852/1387/2110 2810/1426/2179 2851/1386/2109
f 2810/1426/2179 2853/1387/2118 2812/1428/2181
f 2854/1392/2115 2812/1428/2181 2853/1387/2118
f 2812/1428/2181 2854/1392/2115 2814/1430/2183
f 2855/1393/2116 2814/1430/2183 2854/1392/2115
f 2814/1430/2183 2855/1393/2116 2816/1432/2185
f 2856/1394/2117 2816/1432/2185 2855/1393/2116
f 2859/1411/2208 2858/1413/2209 2857/1412/2210
f 2858/1413/2209 2860/1414/2211 2857/1412/2210
f 2860/1414/2211 2861/1374/2212 2857/1412/2210
f 2861/1374/2212 2862/1416/2213 2857/1412/2210
f 2862/1416/2213 2863/1418/2214 2857/1412/2210
f 2863/1418/2214 2864/1419/2215 2857/1412/2210
f 2864/1419/2215 2865/1421/2216 2857/1412/2210
f 2865/1421/2216 2866/1423/2217 2857/1412/2210
f 2866/1423/2217 2867/1425/2218 2857/1412/2210
f 2867/1425/2218 2868/1427/2219 2857/1412/2210
f 2868/1427/2219 2869/1429/2220 2857/1412/2210
f 2869/1429/2220 2870/1431/2221 2857/1412/2210
f 2870/1431/2221 2871/1433/2222 2857/1412/2210
f 2871/1433/2222 2872/1435/2223 2857/1412/2210
f 2872/1435/2223 2873/1437/2224 2857/1412/2210
f 2873/1437/2224 2874/1439/2225 2857/1412/2210
f 2874/1439/2225 2875/1441/2226 2857/1412/2210
f 2875/1441/2226 2876/1443/2227 2857/1412/2210
f 2876/1443/2227 2877/1445/2228 2857/1412/2210
f 2877/1445/2228 2878/1448/2229 2857/1412/2210
f 2879/1449/2230 2857/1412/2210 2878/1448/2229
f 2792/1412/2161 2880/1449/2231 2789/1383/2160
f 2881/1450/2232 2789/1383/2160 2880/1449/2231
f 2789/1383/2160 2881/1450/2232 2842/1407/2131
f 2882/1408/2132 2842/1407/2131 2881/1450/2232
f 2885/1451/2233 2884/1452/2234 2883/1453/2235
f 2886/1454/2236 2883/1453/2235 2884/1452/2234
f 2884/1452/2234 2885/1451/2233 2887/1309/2237
f 2888/1455/2238 2887/1309/2237 2885/1451/2233
f 2887/1309/2237 2888/1455/2238 2889/1456/2239
f 2890/1457/2240 2889/1456/2239 2888/1455/2238
f 2889/1456/2239 2890/1457/2240 2891/1458/2241
f 2892/1459/2242 2891/1458/2241 2890/1457/2240
f 2891/1458/2241 2892/1459/2242 2893/1460/2243
f 2894/1461/2244 2893/1460/2243 2892/1459/2242
f 2893/1460/2243 2894/1461/2244 2895/1462/2245
f 2896/1463/2246 2895/1462/2245 2894/1461/2244
f 2895/1462/2245 2896/1463/2246 2897/1464/2247
f 2898/1300/2248 2897/1464/2247 2896/1463/2246
f 2897/1464/2247 2898/1300/2248 2899/1297/2249
f 2900/1465/2250 2899/1297/2249 2898/1300/2248
f 2899/1297/2249 2900/1465/2250 2901/1466/2251
f 2902/1467/2252 2901/1466/2251 2900/1465/2250
f 2901/1466/2251 2902/1467/2252 2903/1468/2253
f 2904/1469/2254 2903/1468/2253 2902/1467/2252
f 2903/1468/2253 2904/1469/2254 2905/1291/2255
f 2906/1470/2256 2905/1291/2255 2904/1469/2254
f 2905/1291/2255 2906/1470/2256 2907/1289/2257
f 2908/1471/2258 2907/1289/2257 2906/1470/2256
f 2907/1289/2257 2908/1471/2258 2909/1287/2259
f 2910/1472/2260 2909/1287/2259 2908/1471/2258
f 2909/1287/2259 2910/1472/2260 2911/1285/2261
f 2912/1286/2262 2911/1285/2261 2910/1472/2260
f 2911/1285/2261 2912/1286/2262 2913/1283/2263
f 2914/1473/2264 2913/1283/2263 2912/1286/2262
f 2913/1283/2263 2914/1473/2264 2915/1281/2265
f 2916/1474/2266 2915/1281/2265 2914/1473/2264
f 2915/1281/2265 2916/1474/2266 2917/1279/2267
f 2918/1475/2268 2917/1279/2267 2916/1474/2266
f 2917/1279/2267 2918/1475/2268 2919/1476/2269
f 2920/1477/2270 2919/1476/2269 2918/1475/2268
f 2919/1476/2269 2920/1477/2270 2921/1478/2271
f 2922/1273/2272 2921/1478/2271 2920/1477/2270
f 2921/1478/2271 2922/1273/2272 2923/1479/2273
f 2924/1480/2274 2923/1479/2273 2922/1273/2272
f 2910/1472/2260 2925/1327/2043 2912/1286/2262
f 2925/1327/2043 2910/1472/2260 2926/1326/2042
f 2908/1471/2258 2926/1326/2042 2910/1472/2260
f 2926/1326/2042 2908/1471/2258 2927/1325/2054
f 2906/1470/2256 2927/1325/2054 2908/1471/2258
f 2916/1474/2266 2928/1330/2046 2918/1475/2268
f 2928/1330/2046 2916/1474/2266 2929/1329/2045
f 2914/1473/2264 2929/1329/2045 2916/1474/2266
f 2929/1329/2045 2914/1473/2264 2930/1328/2275
f 2930/1328/2275 2912/1286/2262 2925/1327/2043
f 2912/1286/2262 2930/1328/2275 2914/1473/2264
f 2922/1273/2272 2931/1333/2276 2924/1480/2274
f 2931/1333/2276 2922/1273/2272 2932/1332/2277
f 2920/1477/2270 2932/1332/2277 2922/1273/2272
f 2932/1332/2277 2920/1477/2270 2933/1331/2278
f 2933/1331/2278 2918/1475/2268 2928/1330/2046
f 2918/1475/2268 2933/1331/2278 2920/1477/2270
f 2904/1469/2254 2934/1324/2040 2906/1470/2256
f 2934/1324/2040 2904/1469/2254 2935/1317/2279
f 2902/1467/2252 2935/1317/2279 2904/1469/2254
f 2900/1465/2250 2936/1316/2032 2902/1467/2252
f 2936/1316/2032 2900/1465/2250 2937/1315/2031
f 2898/1300/2248 2937/1315/2031 2900/1465/2250
f 2937/1315/2031 2898/1300/2248 2938/1320/2036
f 2896/1463/2246 2938/1320/2036 2898/1300/2248
f 2938/1320/2036 2896/1463/2246 2939/1319/2035
f 2894/1461/2244 2939/1319/2035 2896/1463/2246
f 2939/1319/2035 2894/1461/2244 2940/1318/2034
f 2892/1459/2242 2940/1318/2034 2894/1461/2244
f 2940/1318/2034 2892/1459/2242 2941/1323/2039
f 2890/1457/2240 2941/1323/2039 2892/1459/2242
f 2941/1323/2039 2890/1457/2240 2942/1322/2038
f 2888/1455/2238 2942/1322/2038 2890/1457/2240
f 2942/1322/2038 2888/1455/2238 2943/1321/2037
f 2885/1451/2233 2943/1321/2037 2888/1455/2238
f 2943/1321/2037 2885/1451/2233 2944/1338/2056
f 2883/1453/2235 2944/1338/2056 2885/1451/2233
f 2883/1453/2235 2945/1481/2280 2944/1338/2056
f 2945/1481/2280 2883/1453/2235 2946/1482/2281
f 2886/1454/2236 2946/1482/2281 2883/1453/2235
f 2947/1339/2057 2944/1338/2056 2945/1481/2280
f 2948/1317/2033 2902/1467/2252 2936/1316/2032
f 2949/1325/2282 2906/1470/2256 2934/1324/2040
f 2950/1334/2050 2924/1480/2274 2931/1333/2276
f 2950/1334/2050 2951/1337/2053 2924/1480/2274
f 2952/1335/2283 2924/1480/2274 2951/1337/2053
f 2924/1480/2274 2952/1335/2283 2923/1479/2273
f 2953/1336/2284 2923/1479/2273 2952/1335/2283
f 2956/1452/2285 2955/1309/2285 2954/1454/2286
f 2955/1309/2285 2957/1456/2285 2954/1454/2286
f 2957/1456/2285 2958/1458/2285 2954/1454/2286
f 2958/1458/2285 2959/1460/2285 2954/1454/2286
f 2959/1460/2285 2960/1462/2285 2954/1454/2286
f 2960/1462/2285 2961/1464/2285 2954/1454/2286
f 2961/1464/2285 2962/1297/2285 2954/1454/2286
f 2962/1297/2285 2963/1466/2285 2954/1454/2286
f 2963/1466/2285 2964/1468/2285 2954/1454/2286
f 2964/1468/2285 2965/1291/2285 2954/1454/2286
f 2965/1291/2285 2966/1289/2285 2954/1454/2286
f 2966/1289/2285 2967/1287/2285 2954/1454/2286
f 2967/1287/2285 2968/1285/2285 2954/1454/2286
f 2968/1285/2285 2969/1283/2285 2954/1454/2286
f 2969/1283/2285 2970/1281/2285 2954/1454/2286
f 2970/1281/2285 2971/1279/2285 2954/1454/2286
f 2971/1279/2285 2972/1476/2285 2954/1454/2286
f 2972/1476/2285 2973/1478/2285 2954/1454/2286
f 2973/1478/2285 2974/1479/2287 2954/1454/2286
f 2974/1479/2287 2975/1336/2288 2954/1454/2286
f 2976/1482/2289 2954/1454/2286 2975/1336/2288
f 2979/1483/2290 2978/1484/2291 2977/1485/2292
f 2980/1486/2293 2977/1485/2292 2978/1484/2291
f 2978/1484/2291 2979/1483/2290 2981/1487/2294
f 2982/1488/2295 2981/1487/2294 2979/1483/2290
f 2981/1487/2294 2982/1488/2295 2983/1489/2296
f 2984/1490/2297 2983/1489/2296 2982/1488/2295
f 2983/1489/2296 2984/1490/2297 2985/1491/2298
f 2986/1492/2299 2985/1491/2298 2984/1490/2297
f 2985/1491/2298 2986/1492/2299 2987/1493/2300
f 2988/1494/2301 2987/1493/2300 2986/1492/2299
f 2987/1493/2300 2988/1494/2301 2989/1495/2302
f 2990/1496/2303 2989/1495/2302 2988/1494/2301
f 2989/1495/2302 2990/1496/2303 2991/1497/2304
f 2992/1498/2305 2991/1497/2304 2990/1496/2303
f 2991/1497/2304 2992/1498/2305 2993/1499/2306
f 2994/1500/2307 2993/1499/2306 2992/1498/2305
f 2993/1499/2306 2994/1500/2307 2995/1501/2308
f 2996/1502/2309 2995/1501/2308 2994/1500/2307
f 2995/1501/2308 2996/1502/2309 2997/1503/2310
f 2998/1504/2311 2997/1503/2310 2996/1502/2309
f 2997/1503/2310 2998/1504/2311 2999/1505/2312
f 3000/1506/2313 2999/1505/2312 2998/1504/2311
f 2999/1505/2312 3000/1506/2313 3001/1507/2314
f 3002/1508/2315 3001/1507/2314 3000/1506/2313
f 3001/1507/2314 3002/1508/2315 3003/1509/2316
f 3004/1510/2317 3003/1509/2316 3002/1508/2315
f 3003/1509/2316 3004/1510/2317 3005/1511/2318
f 3006/1512/2319 3005/1511/2318 3004/1510/2317
f 3005/1511/2318 3006/1512/2319 3007/1513/2320
f 3008/1514/2321 3007/1513/2320 3006/1512/2319
f 3007/1513/2320 3008/1514/2321 3009/1515/2322
f 3010/1516/2323 3009/1515/2322 3008/1514/2321
f 3009/1515/2322 3010/1516/2323 3011/1517/2324
f 3012/1518/2325 3011/1517/2324 3010/1516/2323
f 3011/1517/2324 3012/1518/2325 3013/1519/2326
f 3014/1520/2327 3013/1519/2326 3012/1518/2325
f 3013/1519/2326 3014/1520/2327 3015/1521/2328
f 3016/1522/2329 3015/1521/2328 3014/1520/2327
f 3015/1521/2328 3016/1522/2329 3017/1523/2330
f 3018/1524/2331 3017/1523/2330 3016/1522/2329
f 3004/1510/2317 3019/1525/2332 3006/1512/2319
f 3020/1526/2333 3006/1512/2319 3019/1525/2332
f 3006/1512/2319 3020/1526/2333 3008/1514/2321
f 3021/1527/2334 3008/1514/2321 3020/1526/2333
f 3008/1514/2321 3021/1527/2334 3010/1516/2323
f 3022/1528/2335 3010/1516/2323 3021/1527/2334
f 3010/1516/2323 3022/1528/2335 3012/1518/2325
f 3023/1529/2336 3012/1518/2325 3022/1528/2335
f 3012/1518/2325 3023/1529/2336 3014/1520/2327
f 3024/1530/2337 3014/1520/2327 3023/1529/2336
f 3014/1520/2327 3024/1530/2337 3016/1522/2329
f 3025/1531/2338 3016/1522/2329 3024/1530/2337
f 3016/1522/2329 3025/1531/2338 3018/1524/2331
f 3026/1532/2339 3018/1524/2331 3025/1531/2338
f 3018/1524/2331 3027/1533/2340 3017/1523/2330
f 3028/1534/2127 3017/1523/2330 3027/1533/2340
f 3026/1532/2339 3029/1535/2128 3018/1524/2331
f 3027/1533/2340 3018/1524/2331 3029/1535/2128
f 2977/1485/2292 3030/1536/2341 2979/1483/2290
f 3031/1537/2342 2979/1483/2290 3030/1536/2341
f 2979/1483/2290 3031/1537/2342 2982/1488/2295
f 3032/1538/2343 2982/1488/2295 3031/1537/2342
f 2982/1488/2295 3032/1538/2343 2984/1490/2297
f 3033/1539/2344 2984/1490/2297 3032/1538/2343
f 2984/1490/2297 3033/1539/2344 2986/1492/2299
f 3034/1540/2345 2986/1492/2299 3033/1539/2344
f 2986/1492/2299 3034/1540/2345 2988/1494/2301
f 3035/1541/2346 2988/1494/2301 3034/1540/2345
f 2988/1494/2301 3035/1541/2346 2990/1496/2303
f 3036/1542/2347 2990/1496/2303 3035/1541/2346
f 2990/1496/2303 3036/1542/2347 2992/1498/2305
f 3037/1543/2348 2992/1498/2305 3036/1542/2347
f 2992/1498/2305 3037/1543/2348 2994/1500/2307
f 3038/1544/2349 2994/1500/2307 3037/1543/2348
f 2994/1500/2307 3038/1544/2349 2996/1502/2309
f 3039/1545/2350 2996/1502/2309 3038/1544/2349
f 2996/1502/2309 3039/1545/2350 2998/1504/2311
f 3040/1546/2351 2998/1504/2311 3039/1545/2350
f 2998/1504/2311 3041/1546/2351 3000/1506/2313
f 3042/1547/2352 3000/1506/2313 3041/1546/2351
f 3000/1506/2313 3042/1547/2352 3002/1508/2315
f 3043/1548/2353 3002/1508/2315 3042/1547/2352
f 3002/1508/2315 3043/1548/2353 3004/1510/2317
f 3044/1525/2332 3004/1510/2317 3043/1548/2353
f 3047/1484/2354 3046/1487/2355 3045/1486/2356
f 3046/1487/2355 3048/1489/2357 3045/1486/2356
f 3048/1489/2357 3049/1491/2358 3045/1486/2356
f 3049/1491/2358 3050/1493/2359 3045/1486/2356
f 3050/1493/2359 3051/1495/2360 3045/1486/2356
f 3051/1495/2360 3052/1497/2361 3045/1486/2356
f 3052/1497/2361 3053/1499/2362 3045/1486/2356
f 3053/1499/2362 3054/1501/2363 3045/1486/2356
f 3054/1501/2363 3055/1503/2364 3045/1486/2356
f 3055/1503/2364 3056/1505/2365 3045/1486/2356
f 3056/1505/2365 3057/1507/2366 3045/1486/2356
f 3057/1507/2366 3058/1509/2367 3045/1486/2356
f 3058/1509/2367 3059/1511/2368 3045/1486/2356
f 3059/1511/2368 3060/1513/2369 3045/1486/2356
f 3060/1513/2369 3061/1515/2370 3045/1486/2356
f 3061/1515/2370 3062/1517/2371 3045/1486/2356
f 3062/1517/2371 3063/1519/2372 3045/1486/2356
f 3063/1519/2372 3064/1521/2373 3045/1486/2356
f 3064/1521/2373 3065/1523/2374 3045/1486/2356
f 3065/1523/2374 3066/1534/2375 3045/1486/2356
f 3067/1549/2376 3045/1486/2356 3066/1534/2375
f 2980/1486/2293 3068/1549/2134 2977/1485/2292
f 3069/1550/2377 2977/1485/2292 3068/1549/2134
f 2977/1485/2292 3069/1550/2377 3030/1536/2341
f 3070/1551/2132 3030/1536/2341 3069/1550/2377
f 3073/1552/2378 3072/1521/2379 3071/1524/2380
f 3074/1553/2381 3071/1524/2380 3072/1521/2379
f 3072/1521/2379 3073/1552/2378 3075/1519/2382
f 3076/1520/2383 3075/1519/2382 3073/1552/2378
f 3075/1519/2382 3076/1520/2383 3077/1554/2384
f 3078/1518/2385 3077/1554/2384 3076/1520/2383
f 3077/1554/2384 3078/1518/2385 3079/1555/2386
f 3080/1516/2387 3079/1555/2386 3078/1518/2385
f 3079/1555/2386 3080/1516/2387 3081/1556/2388
f 3082/1557/2389 3081/1556/2388 3080/1516/2387
f 3081/1556/2388 3082/1557/2389 3083/1558/2390
f 3084/1559/2391 3083/1558/2390 3082/1557/2389
f 3083/1558/2390 3084/1559/2391 3085/1509/2392
f 3086/1560/2393 3085/1509/2392 3084/1559/2391
f 3085/1509/2392 3086/1560/2393 3087/1561/2394
f 3088/1562/2395 3087/1561/2394 3086/1560/2393
f 3087/1561/2394 3088/1562/2395 3089/1563/2396
f 3090/1564/2397 3089/1563/2396 3088/1562/2395
f 3089/1563/2396 3090/1564/2397 3091/1565/2398
f 3092/1504/2399 3091/1565/2398 3090/1564/2397
f 3091/1565/2398 3092/1504/2399 3093/1566/2400
f 3094/1567/2401 3093/1566/2400 3092/1504/2399
f 3093/1566/2400 3094/1567/2401 3095/1568/2402
f 3096/1500/2403 3095/1568/2402 3094/1567/2401
f 3095/1568/2402 3096/1500/2403 3097/1569/2404
f 3098/1570/2405 3097/1569/2404 3096/1500/2403
f 3097/1569/2404 3098/1570/2405 3099/1571/2406
f 3100/1572/2407 3099/1571/2406 3098/1570/2405
f 3099/1571/2406 3100/1572/2407 3101/1573/2408
f 3102/1574/2409 3101/1573/2408 3100/1572/2407
f 3101/1573/2408 3102/1574/2409 3103/1575/2410
f 3104/1576/2411 3103/1575/2410 3102/1574/2409
f 3103/1575/2410 3104/1576/2411 3105/1577/2412
f 3106/1578/2413 3105/1577/2412 3104/1576/2411
f 3105/1577/2412 3106/1578/2413 3107/1579/2414
f 3108/1580/2415 3107/1579/2414 3106/1578/2413
f 3107/1579/2414 3108/1580/2415 3109/1581/2416
f 3110/1582/2417 3109/1581/2416 3108/1580/2415
f 3109/1581/2416 3110/1582/2417 3111/1486/2418
f 3112/1583/2419 3111/1486/2418 3110/1582/2417
f 3098/1570/2405 3113/1543/2348 3100/1572/2407
f 3113/1543/2348 3098/1570/2405 3114/1544/2420
f 3096/1500/2403 3114/1544/2420 3098/1570/2405
f 3114/1544/2420 3096/1500/2403 3115/1545/2350
f 3094/1567/2401 3115/1545/2350 3096/1500/2403
f 3115/1545/2350 3094/1567/2401 3116/1546/2351
f 3092/1504/2399 3116/1546/2351 3094/1567/2401
f 3106/1578/2413 3117/1539/2421 3108/1580/2415
f 3117/1539/2421 3106/1578/2413 3118/1540/2422
f 3104/1576/2411 3118/1540/2422 3106/1578/2413
f 3118/1540/2422 3104/1576/2411 3119/1541/2346
f 3102/1574/2409 3119/1541/2346 3104/1576/2411
f 3119/1541/2346 3102/1574/2409 3120/1542/2347
f 3120/1542/2347 3100/1572/2407 3113/1543/2348
f 3100/1572/2407 3120/1542/2347 3102/1574/2409
f 3090/1564/2397 3121/1547/2423 3092/1504/2399
f 3121/1547/2423 3090/1564/2397 3122/1548/2353
f 3088/1562/2395 3122/1548/2353 3090/1564/2397
f 3122/1548/2353 3088/1562/2395 3123/1525/2424
f 3086/1560/2393 3123/1525/2424 3088/1562/2395
f 3124/1546/2351 3092/1504/2399 3121/1547/2423
f 3084/1559/2391 3125/1526/2333 3086/1560/2393
f 3125/1526/2333 3084/1559/2391 3126/1527/2425
f 3082/1557/2389 3126/1527/2425 3084/1559/2391
f 3126/1527/2425 3082/1557/2389 3127/1528/2335
f 3080/1516/2387 3127/1528/2335 3082/1557/2389
f 3127/1528/2335 3080/1516/2387 3128/1529/2336
f 3078/1518/2385 3128/1529/2336 3080/1516/2387
f 3128/1529/2336 3078/1518/2385 3129/1530/2426
f 3076/1520/2383 3129/1530/2426 3078/1518/2385
f 3129/1530/2426 3076/1520/2383 3130/1531/2338
f 3073/1552/2378 3130/1531/2338 3076/1520/2383
f 3130/1531/2338 3073/1552/2378 3131/1532/2339
f 3071/1524/2380 3131/1532/2339 3073/1552/2378
f 3132/1525/2332 3086/1560/2393 3125/1526/2333
f 3071/1524/2380 3133/1584/2427 3131/1532/2339
f 3133/1584/2427 3071/1524/2380 3134/1585/2428
f 3074/1553/2381 3134/1585/2428 3071/1524/2380
f 3135/1535/2128 3131/1532/2339 3133/1584/2427
f 3136/1538/2429 3108/1580/2415 3117/1539/2421
f 3108/1580/2415 3136/1538/2429 3110/1582/2417
f 3137/1537/2430 3110/1582/2417 3136/1538/2429
f 3110/1582/2417 3137/1537/2430 3112/1583/2419
f 3138/1536/2341 3112/1583/2419 3137/1537/2430
f 3138/1536/2341 3139/1551/2132 3112/1583/2419
f 3140/1586/2431 3112/1583/2419 3139/1551/2132
f 3112/1583/2419 3140/1586/2431 3111/1486/2418
f 3141/1587/2432 3111/1486/2418 3140/1586/2431
f 3144/1521/2433 3143/1519/2434 3142/1553/2435
f 3143/1519/2434 3145/1554/2436 3142/1553/2435
f 3145/1554/2436 3146/1555/2437 3142/1553/2435
f 3146/1555/2437 3147/1556/2438 3142/1553/2435
f 3147/1556/2438 3148/1558/2439 3142/1553/2435
f 3148/1558/2439 3149/1509/2440 3142/1553/2435
f 3149/1509/2440 3150/1561/2441 3142/1553/2435
f 3150/1561/2441 3151/1563/2442 3142/1553/2435
f 3151/1563/2442 3152/1565/2443 3142/1553/2435
f 3152/1565/2443 3153/1566/2444 3142/1553/2435
f 3153/1566/2444 3154/1568/2445 3142/1553/2435
f 3154/1568/2445 3155/1569/2446 3142/1553/2435
f 3155/1569/2446 3156/1571/2447 3142/1553/2435
f 3156/1571/2447 3157/1573/2448 3142/1553/2435
f 3157/1573/2448 3158/1575/2449 3142/1553/2435
f 3158/1575/2449 3159/1577/2450 3142/1553/2435
f 3159/1577/2450 3160/1579/2451 3142/1553/2435
f 3160/1579/2451 3161/1581/2452 3142/1553/2435
f 3161/1581/2452 3162/1486/2453 3142/1553/2435
f 3162/1486/2453 3163/1587/2454 3142/1553/2435
f 3164/1585/2455 3142/1553/2435 3163/1587/2454
o Propeller001
v 0.830826 -0.081568 0.432677
v 0.824566 -0.062301 0.429469
v 0.830826 -0.061310 0.429469
v 0.818918 -0.065179 0.429469
v 0.814436 -0.069661 0.429469
v 0.811559 -0.075308 0.429469
v 0.810567 -0.081568 0.429469
v 0.811559 -0.087829 0.429469
v 0.814436 -0.093476 0.429469
v 0.818918 -0.097958 0.429469
v 0.824566 -0.100836 0.429469
v 0.830826 -0.101827 0.429469
v 0.837086 -0.100836 0.429469
v 0.842734 -0.097958 0.429469
v 0.847216 -0.093476 0.429469
v 0.850093 -0.087829 0.429469
v 0.851085 -0.081568 0.429469
v 0.818918 -0.044920 0.420157
v 0.808176 -0.050393 0.420157
v 0.799651 -0.058918 0.420157
v 0.794177 -0.069661 0.420157
v 0.792291 -0.081568 0.420157
v 0.794177 -0.093476 0.420157
v 0.799651 -0.104218 0.420157
v 0.808176 -0.112743 0.420157
v 0.818918 -0.118217 0.420157
v 0.830826 -0.120103 0.420157
v 0.842734 -0.118217 0.420157
v 0.853476 -0.112743 0.420157
v 0.862001 -0.104218 0.420157
v 0.867474 -0.093476 0.420157
v 0.869360 -0.081568 0.420157
v 0.867474 -0.069661 0.420157
v 0.850093 -0.075308 0.429469
v 0.847216 -0.069661 0.429469
v 0.842734 -0.065179 0.429469
v 0.837086 -0.062301 0.429469
v 0.862001 -0.058918 0.420157
v 0.853476 -0.050393 0.420157
v 0.842734 -0.044920 0.420157
v 0.830826 -0.043034 0.420157
v 0.814436 -0.031126 0.405653
v 0.830826 -0.028530 0.405653
v 0.799651 -0.038660 0.405653
v 0.787917 -0.050393 0.405653
v 0.780384 -0.065179 0.405653
v 0.777788 -0.081568 0.405653
v 0.780384 -0.097958 0.405653
v 0.787917 -0.112743 0.405653
v 0.799651 -0.124477 0.405653
v 0.814436 -0.132011 0.405653
v 0.830826 -0.134607 0.405653
v 0.847216 -0.132011 0.405653
v 0.862001 -0.124477 0.405653
v 0.873735 -0.112743 0.405653
v 0.881268 -0.097958 0.405653
v 0.883864 -0.081568 0.405653
v 0.881268 -0.065179 0.405653
v 0.873735 -0.050393 0.405653
v 0.862001 -0.038660 0.405653
v 0.847215 -0.031126 0.405653
v 0.811559 -0.022270 0.387377
v 0.830826 -0.028530 0.405653
v 0.814436 -0.031126 0.405653
v 0.830826 -0.019218 0.387377
v 0.794177 -0.031126 0.387377
v 0.799651 -0.038660 0.405653
v 0.780384 -0.044920 0.387377
v 0.787917 -0.050393 0.405653
v 0.771528 -0.062301 0.387377
v 0.780384 -0.065179 0.405653
v 0.768476 -0.081568 0.387377
v 0.777788 -0.081568 0.405653
v 0.771528 -0.100836 0.387377
v 0.780384 -0.097958 0.405653
v 0.780384 -0.118217 0.387377
v 0.787917 -0.112743 0.405653
v 0.794178 -0.132011 0.387377
v 0.799651 -0.124477 0.405653
v 0.811559 -0.140867 0.387377
v 0.814436 -0.132011 0.405653
v 0.830826 -0.143918 0.387377
v 0.830826 -0.134607 0.405653
v 0.850093 -0.140867 0.387377
v 0.847216 -0.132011 0.405653
v 0.867474 -0.132011 0.387377
v 0.862001 -0.124477 0.405653
v 0.881268 -0.118217 0.387377
v 0.873735 -0.112743 0.405653
v 0.890124 -0.100836 0.387377
v 0.881268 -0.097958 0.405653
v 0.893176 -0.081568 0.387377
v 0.883864 -0.081568 0.405653
v 0.890124 -0.062301 0.387377
v 0.881268 -0.065179 0.405653
v 0.881268 -0.044920 0.387377
v 0.873735 -0.050393 0.405653
v 0.867474 -0.031126 0.387377
v 0.862001 -0.038660 0.405653
v 0.850093 -0.022270 0.387377
v 0.847215 -0.031126 0.405653
v 0.830826 -0.019218 0.387377
v 0.830826 -0.028530 0.405653
v 0.893176 -0.101827 0.367119
v 0.883864 -0.120103 0.367119
v 0.869360 -0.134606 0.367119
v 0.851085 -0.143918 0.367119
v 0.830826 -0.147127 0.367119
v 0.810567 -0.143918 0.367119
v 0.792292 -0.134607 0.367119
v 0.777788 -0.120103 0.367119
v 0.768476 -0.101827 0.367119
v 0.765267 -0.081568 0.367119
v 0.768476 -0.061310 0.367119
v 0.777788 -0.043034 0.367119
v 0.792291 -0.028530 0.367119
v 0.810567 -0.019218 0.367119
v 0.830826 -0.016010 0.367119
v 0.777788 -0.043034 0.291103
v 0.792292 -0.028530 0.291103
v 0.792291 -0.028530 0.367119
v 0.810567 -0.019218 0.291103
v 0.810567 -0.019218 0.367119
v 0.830826 -0.016010 0.291103
v 0.830826 -0.016010 0.367119
v 0.768476 -0.061310 0.291103
v 0.765267 -0.081568 0.367119
v 0.765267 -0.081568 0.291103
v 0.768476 -0.101827 0.291103
v 0.777788 -0.120103 0.291103
v 0.792292 -0.134607 0.291103
v 0.810567 -0.143918 0.291103
v 0.830826 -0.147127 0.367119
v 0.830826 -0.147127 0.291103
v 0.851085 -0.143918 0.291103
v 0.869360 -0.134606 0.291103
v 0.883864 -0.120103 0.367119
v 0.883864 -0.120103 0.291103
v 0.893176 -0.101827 0.367119
v 0.893176 -0.101827 0.291103
v 0.896385 -0.081568 0.367119
v 0.896385 -0.081568 0.291103
v 0.893176 -0.061310 0.367119
v 0.893176 -0.061310 0.291103
v 0.883864 -0.043034 0.367119
v 0.883864 -0.043034 0.291103
v 0.869360 -0.028530 0.367119
v 0.869360 -0.028530 0.291103
v 0.851085 -0.019218 0.367119
v 0.851085 -0.019218 0.291103
v 0.830826 -0.016010 0.367119
v 0.830826 -0.016010 0.291103
v 0.896385 -0.081568 0.367119
v 0.893176 -0.061310 0.367119
v 0.883864 -0.043034 0.367119
v 0.869360 -0.028530 0.367119
v 0.851085 -0.019218 0.367119
v 0.830826 -0.016010 0.367119
v 0.866717 0.223997 0.392936
v 0.861789 0.232469 0.393001
v 0.867003 0.232960 0.391872
v 0.861519 0.223997 0.393916
v 0.861082 0.240732 0.391096
v 0.866251 0.241703 0.389766
v 0.859372 0.248583 0.388283
v 0.864434 0.250010 0.386707
v 0.856668 0.255828 0.384658
v 0.861558 0.257676 0.382802
v 0.853015 0.262290 0.380329
v 0.857668 0.264513 0.378168
v 0.848495 0.267809 0.375407
v 0.852854 0.270352 0.372924
v 0.843227 0.272249 0.370009
v 0.847241 0.275050 0.367194
v 0.837363 0.275501 0.364249
v 0.840992 0.278490 0.361098
v 0.831080 0.277484 0.358242
v 0.834299 0.280589 0.354756
v 0.824576 0.278151 0.352101
v 0.827375 0.281295 0.348286
v 0.818059 0.277484 0.345938
v 0.820443 0.280589 0.341803
v 0.811737 0.275501 0.339867
v 0.813727 0.278490 0.335424
v 0.805807 0.272249 0.334003
v 0.807440 0.275050 0.329267
v 0.800450 0.267809 0.328463
v 0.801775 0.270352 0.323453
v 0.795820 0.262290 0.323365
v 0.796896 0.264513 0.318106
v 0.792038 0.255828 0.318828
v 0.792931 0.257676 0.313350
v 0.789190 0.248582 0.314972
v 0.789970 0.250010 0.309309
v 0.787324 0.240732 0.311907
v 0.788061 0.241703 0.306102
v 0.786452 0.232469 0.309738
v 0.787213 0.232960 0.303840
v 0.786552 0.223997 0.308551
v 0.787399 0.223997 0.302617
v 0.810503 0.276038 0.324167
v 0.816902 0.279545 0.330403
v 0.823749 0.281684 0.336876
v 0.795805 0.258327 0.308104
v 0.799806 0.265297 0.312892
v 0.804748 0.271249 0.318288
v 0.790145 0.233134 0.298611
v 0.790947 0.242046 0.300848
v 0.792836 0.250513 0.304049
v 0.830826 0.282403 0.343467
v 0.837902 0.281684 0.350057
v 0.844749 0.279545 0.356530
v 0.851149 0.276038 0.362767
v 0.856903 0.271249 0.368645
v 0.861846 0.265297 0.374041
v 0.865847 0.258327 0.378829
v 0.868816 0.250513 0.382884
v 0.870705 0.242046 0.386086
v 0.871507 0.233134 0.388323
v 0.871253 0.223997 0.389501
v 0.863215 0.200445 0.392492
v 0.858056 0.200445 0.393273
v 0.867771 0.200445 0.389214
v 0.855539 0.158695 0.388785
v 0.850354 0.158695 0.389084
v 0.860222 0.158695 0.385862
v 0.847958 0.112151 0.383859
v 0.842749 0.112151 0.383617
v 0.852793 0.112151 0.381324
v 0.841483 0.066202 0.378177
v 0.836257 0.066202 0.377395
v 0.846479 0.066202 0.376016
v 0.836076 0.020848 0.371769
v 0.830839 0.020848 0.370451
v 0.841241 0.020848 0.369970
v 0.831923 -0.021341 0.365097
v 0.826680 -0.021341 0.363276
v 0.837255 -0.021341 0.363626
v 0.837902 0.281684 0.350057
v 0.823749 0.281684 0.336876
v 0.790399 0.223997 0.297433
v 0.793881 0.200445 0.297719
v 0.790647 0.200445 0.302635
v 0.789545 0.200445 0.308440
v 0.797861 0.158695 0.305602
v 0.796414 0.158695 0.311292
v 0.801430 0.158695 0.301072
v 0.804927 0.112151 0.309701
v 0.803089 0.112151 0.315268
v 0.808859 0.112151 0.305610
v 0.810893 0.066202 0.314567
v 0.808664 0.066202 0.320018
v 0.815173 0.066202 0.310918
v 0.815798 0.020848 0.320169
v 0.813177 0.020848 0.325509
v 0.820411 0.020848 0.316964
v 0.819484 -0.021341 0.326092
v 0.816493 -0.021341 0.331334
v 0.824397 -0.021341 0.323308
v 0.861519 0.223997 0.393916
v 0.861082 0.240732 0.391096
v 0.861789 0.232469 0.393001
v 0.859372 0.248583 0.388283
v 0.856668 0.255828 0.384658
v 0.853015 0.262290 0.380329
v 0.848495 0.267809 0.375407
v 0.843227 0.272249 0.370009
v 0.837363 0.275501 0.364249
v 0.831080 0.277484 0.358242
v 0.824576 0.278151 0.352101
v 0.818059 0.277484 0.345938
v 0.811737 0.275501 0.339867
v 0.805807 0.272249 0.334003
v 0.800450 0.267809 0.328463
v 0.795820 0.262290 0.323365
v 0.792038 0.255828 0.318828
v 0.789190 0.248582 0.314972
v 0.787324 0.240732 0.311907
v 0.786452 0.232469 0.309738
v 0.786552 0.223997 0.308551
v 0.789545 0.200445 0.308440
v 0.858056 0.200445 0.393273
v 0.850354 0.158695 0.389084
v 0.796414 0.158695 0.311292
v 0.803089 0.112151 0.315268
v 0.842749 0.112151 0.383617
v 0.808664 0.066202 0.320018
v 0.836257 0.066202 0.377395
v 0.813177 0.020848 0.325509
v 0.830839 0.020848 0.370451
v 0.816493 -0.021341 0.331334
v 0.826680 -0.021341 0.363276
v 0.794934 0.223997 0.293997
v 0.799863 0.232469 0.293933
v 0.794649 0.232960 0.295061
v 0.800133 0.223997 0.293018
v 0.800570 0.240732 0.295838
v 0.795400 0.241703 0.297168
v 0.802280 0.248583 0.298651
v 0.797218 0.250010 0.300227
v 0.804983 0.255828 0.302276
v 0.800094 0.257676 0.304132
v 0.808636 0.262290 0.306605
v 0.803983 0.264513 0.308766
v 0.813156 0.267809 0.311526
v 0.808798 0.270352 0.314010
v 0.818424 0.272249 0.316925
v 0.814411 0.275050 0.319740
v 0.824289 0.275501 0.322685
v 0.820660 0.278490 0.325836
v 0.830572 0.277484 0.328692
v 0.827352 0.280589 0.332177
v 0.837076 0.278151 0.334833
v 0.834276 0.281295 0.338648
v 0.843593 0.277484 0.340996
v 0.841208 0.280589 0.345131
v 0.849915 0.275501 0.347066
v 0.847924 0.278490 0.351510
v 0.855845 0.272249 0.352930
v 0.854211 0.275050 0.357667
v 0.861201 0.267809 0.358471
v 0.859876 0.270352 0.363481
v 0.865831 0.262290 0.363569
v 0.864755 0.264513 0.368828
v 0.869613 0.255828 0.368105
v 0.868720 0.257676 0.373584
v 0.872462 0.248582 0.371962
v 0.871682 0.250010 0.377625
v 0.874328 0.240732 0.375027
v 0.873591 0.241703 0.380832
v 0.875200 0.232469 0.377196
v 0.874439 0.232960 0.383094
v 0.875099 0.223997 0.378382
v 0.874253 0.223997 0.384317
v 0.851149 0.276038 0.362767
v 0.844749 0.279545 0.356530
v 0.837902 0.281684 0.350057
v 0.865847 0.258327 0.378829
v 0.861846 0.265297 0.374041
v 0.856903 0.271249 0.368645
v 0.871507 0.233134 0.388323
v 0.870705 0.242046 0.386086
v 0.868816 0.250513 0.382884
v 0.830826 0.282403 0.343467
v 0.823749 0.281684 0.336876
v 0.816902 0.279545 0.330403
v 0.810503 0.276038 0.324167
v 0.804748 0.271249 0.318288
v 0.799806 0.265297 0.312892
v 0.795805 0.258327 0.308104
v 0.792836 0.250513 0.304049
v 0.790947 0.242046 0.300848
v 0.790145 0.233134 0.298611
v 0.790399 0.223997 0.297433
v 0.798437 0.200445 0.294441
v 0.803596 0.200445 0.293661
v 0.793881 0.200445 0.297719
v 0.806113 0.158695 0.298149
v 0.811298 0.158695 0.297850
v 0.801430 0.158695 0.301072
v 0.813694 0.112151 0.303075
v 0.818902 0.112151 0.303317
v 0.808859 0.112151 0.305610
v 0.820169 0.066202 0.308757
v 0.825394 0.066202 0.309539
v 0.815173 0.066202 0.310918
v 0.825576 0.020848 0.315164
v 0.830813 0.020848 0.316483
v 0.820411 0.020848 0.316964
v 0.829729 -0.021341 0.321837
v 0.834972 -0.021341 0.323658
v 0.824397 -0.021341 0.323308
v 0.823749 0.281684 0.336876
v 0.837902 0.281684 0.350057
v 0.871253 0.223997 0.389501
v 0.867771 0.200445 0.389214
v 0.871005 0.200445 0.384298
v 0.872107 0.200445 0.378494
v 0.863791 0.158695 0.381332
v 0.865238 0.158695 0.375642
v 0.860222 0.158695 0.385862
v 0.856725 0.112151 0.377233
v 0.858563 0.112151 0.371666
v 0.852793 0.112151 0.381324
v 0.850759 0.066202 0.372367
v 0.852988 0.066202 0.366916
v 0.846479 0.066202 0.376016
v 0.845854 0.020848 0.366765
v 0.848475 0.020848 0.361425
v 0.841241 0.020848 0.369970
v 0.842168 -0.021341 0.360842
v 0.845159 -0.021341 0.355600
v 0.837255 -0.021341 0.363626
v 0.800133 0.223997 0.293018
v 0.800570 0.240732 0.295838
v 0.799863 0.232469 0.293933
v 0.802280 0.248583 0.298651
v 0.804983 0.255828 0.302276
v 0.808636 0.262290 0.306605
v 0.813156 0.267809 0.311526
v 0.818424 0.272249 0.316925
v 0.824289 0.275501 0.322685
v 0.830572 0.277484 0.328692
v 0.837076 0.278151 0.334833
v 0.843593 0.277484 0.340996
v 0.849915 0.275501 0.347066
v 0.855845 0.272249 0.352930
v 0.861201 0.267809 0.358471
v 0.865831 0.262290 0.363569
v 0.869613 0.255828 0.368105
v 0.872462 0.248582 0.371962
v 0.874328 0.240732 0.375027
v 0.875200 0.232469 0.377196
v 0.875099 0.223997 0.378382
v 0.872107 0.200445 0.378494
v 0.803596 0.200445 0.293661
v 0.811298 0.158695 0.297850
v 0.865238 0.158695 0.375642
v 0.858563 0.112151 0.371666
v 0.818902 0.112151 0.303317
v 0.852988 0.066202 0.366916
v 0.825394 0.066202 0.309539
v 0.848475 0.020848 0.361425
v 0.830813 0.020848 0.316483
v 0.845159 -0.021341 0.355600
v 0.834972 -0.021341 0.323658
v 1.077508 -0.265434 0.392937
v 1.087309 -0.265402 0.393001
v 1.085128 -0.270163 0.391873
v 1.080107 -0.260932 0.393916
v 1.094818 -0.268921 0.391096
v 1.093075 -0.273884 0.389766
v 1.102472 -0.271366 0.388283
v 1.101177 -0.276463 0.386707
v 1.110099 -0.272647 0.384658
v 1.109254 -0.277805 0.382802
v 1.117521 -0.272714 0.380329
v 1.117120 -0.277855 0.378168
v 1.124561 -0.271559 0.375407
v 1.124584 -0.276605 0.372924
v 1.131040 -0.269217 0.370009
v 1.131459 -0.274093 0.367194
v 1.136788 -0.265764 0.364249
v 1.137563 -0.270402 0.361098
v 1.141648 -0.261315 0.358242
v 1.142727 -0.265656 0.354756
v 1.145477 -0.256016 0.352101
v 1.146800 -0.260012 0.348286
v 1.148158 -0.250039 0.345938
v 1.149655 -0.253656 0.341803
v 1.149601 -0.243571 0.339868
v 1.151195 -0.246790 0.335424
v 1.149750 -0.236810 0.334004
v 1.151359 -0.239625 0.329267
v 1.148583 -0.229951 0.328463
v 1.150123 -0.232370 0.323453
v 1.146119 -0.223182 0.323365
v 1.147506 -0.225225 0.318106
v 1.142414 -0.216676 0.318829
v 1.143567 -0.218373 0.313350
v 1.137563 -0.210586 0.314972
v 1.138409 -0.211975 0.309309
v 1.131697 -0.205045 0.311907
v 1.132170 -0.206168 0.306102
v 1.124977 -0.200158 0.309738
v 1.125023 -0.201063 0.303840
v 1.117590 -0.196009 0.308552
v 1.117167 -0.196742 0.302617
v 1.150683 -0.242771 0.324167
v 1.150521 -0.250067 0.330403
v 1.148950 -0.257066 0.336877
v 1.142695 -0.221187 0.308105
v 1.146730 -0.228137 0.312893
v 1.149413 -0.235393 0.318289
v 1.123707 -0.203689 0.298611
v 1.131023 -0.208839 0.300848
v 1.137412 -0.214709 0.304050
v 1.146035 -0.263554 0.343467
v 1.141874 -0.269323 0.350058
v 1.136598 -0.274183 0.356531
v 1.130360 -0.277971 0.362767
v 1.123336 -0.280561 0.368646
v 1.115710 -0.281865 0.374042
v 1.107674 -0.281845 0.378830
v 1.099422 -0.280509 0.382885
v 1.091145 -0.277912 0.386086
v 1.083026 -0.274151 0.388323
v 1.075240 -0.269362 0.389501
v 1.058862 -0.250625 0.392493
v 1.061442 -0.246157 0.393273
v 1.056584 -0.254571 0.389214
v 1.026544 -0.223102 0.388785
v 1.029136 -0.218612 0.389084
v 1.024202 -0.227158 0.385862
v 0.990026 -0.193265 0.383859
v 0.992630 -0.188754 0.383617
v 0.987608 -0.197452 0.381324
v 0.953470 -0.164683 0.378177
v 0.956083 -0.160157 0.377395
v 0.950972 -0.169010 0.376016
v 0.916896 -0.137323 0.371769
v 0.919515 -0.132788 0.370451
v 0.914314 -0.141796 0.369970
v 0.882436 -0.112633 0.365097
v 0.885057 -0.108092 0.363276
v 0.879770 -0.117250 0.363626
v 1.141874 -0.269323 0.350058
v 1.148950 -0.257066 0.336877
v 1.115667 -0.199341 0.297433
v 1.093529 -0.190580 0.297720
v 1.095146 -0.187779 0.302635
v 1.095697 -0.186825 0.308440
v 1.055383 -0.173151 0.305602
v 1.056106 -0.171898 0.311292
v 1.053598 -0.176242 0.301072
v 1.011541 -0.155998 0.309701
v 1.012460 -0.154407 0.315268
v 1.009575 -0.159404 0.305610
v 0.968765 -0.138191 0.314567
v 0.969880 -0.136261 0.320018
v 0.966625 -0.141897 0.310918
v 0.927035 -0.119762 0.320169
v 0.928346 -0.117492 0.325509
v 0.924729 -0.123757 0.316964
v 0.888656 -0.101859 0.326092
v 0.890151 -0.099270 0.331334
v 0.886199 -0.106114 0.323308
v 1.080107 -0.260932 0.393916
v 1.094818 -0.268921 0.391096
v 1.087309 -0.265402 0.393001
v 1.102472 -0.271366 0.388283
v 1.110099 -0.272647 0.384658
v 1.117521 -0.272714 0.380329
v 1.124561 -0.271559 0.375407
v 1.131040 -0.269217 0.370009
v 1.136788 -0.265764 0.364249
v 1.141648 -0.261315 0.358242
v 1.145477 -0.256016 0.352101
v 1.148158 -0.250039 0.345938
v 1.149601 -0.243571 0.339868
v 1.149750 -0.236810 0.334004
v 1.148583 -0.229951 0.328463
v 1.146119 -0.223182 0.323365
v 1.142414 -0.216676 0.318829
v 1.137563 -0.210586 0.314972
v 1.131697 -0.205045 0.311907
v 1.124977 -0.200158 0.309738
v 1.117590 -0.196009 0.308552
v 1.095697 -0.186825 0.308440
v 1.061442 -0.246157 0.393273
v 1.029136 -0.218612 0.389084
v 1.056106 -0.171898 0.311292
v 1.012460 -0.154407 0.315268
v 0.992630 -0.188754 0.383617
v 0.969880 -0.136261 0.320018
v 0.956083 -0.160157 0.377395
v 0.928346 -0.117492 0.325509
v 0.919515 -0.132788 0.370451
v 0.890151 -0.099270 0.331334
v 0.885057 -0.108092 0.363276
v 1.113399 -0.203268 0.293998
v 1.118272 -0.211772 0.293933
v 1.121304 -0.207503 0.295062
v 1.110800 -0.207770 0.293018
v 1.125074 -0.216516 0.295838
v 1.128500 -0.212525 0.297168
v 1.131018 -0.221922 0.298651
v 1.134785 -0.218252 0.300227
v 1.135941 -0.227886 0.302276
v 1.139986 -0.224576 0.304132
v 1.139711 -0.234281 0.306605
v 1.143962 -0.231363 0.308766
v 1.142230 -0.240955 0.311527
v 1.146612 -0.238452 0.314010
v 1.143441 -0.247737 0.316925
v 1.147874 -0.245662 0.319740
v 1.143325 -0.254442 0.322685
v 1.147729 -0.252793 0.325836
v 1.141902 -0.260875 0.328692
v 1.146201 -0.259639 0.332178
v 1.139227 -0.266841 0.334833
v 1.143349 -0.265988 0.338648
v 1.135391 -0.272151 0.340996
v 1.139273 -0.271639 0.345131
v 1.130512 -0.276635 0.347067
v 1.134097 -0.276406 0.351510
v 1.124731 -0.280144 0.352931
v 1.127974 -0.280130 0.357667
v 1.118208 -0.282563 0.358471
v 1.121073 -0.282687 0.363481
v 1.111113 -0.283813 0.363569
v 1.113576 -0.283993 0.368828
v 1.103626 -0.283858 0.368106
v 1.105673 -0.284008 0.373584
v 1.095927 -0.282701 0.371962
v 1.097553 -0.282740 0.377625
v 1.088195 -0.280392 0.375027
v 1.089405 -0.280240 0.380832
v 1.080603 -0.277016 0.377196
v 1.081409 -0.276603 0.383094
v 1.073317 -0.272693 0.378383
v 1.073740 -0.271960 0.384317
v 1.130360 -0.277971 0.362767
v 1.136598 -0.274183 0.356531
v 1.141874 -0.269323 0.350058
v 1.107674 -0.281845 0.378830
v 1.115710 -0.281865 0.374042
v 1.123336 -0.280561 0.368646
v 1.083026 -0.274151 0.388323
v 1.091145 -0.277912 0.386086
v 1.099422 -0.280509 0.382885
v 1.146035 -0.263554 0.343467
v 1.148950 -0.257066 0.336877
v 1.150521 -0.250067 0.330403
v 1.150683 -0.242771 0.324167
v 1.149413 -0.235393 0.318289
v 1.146730 -0.228137 0.312893
v 1.142695 -0.221187 0.308105
v 1.137412 -0.214709 0.304050
v 1.131023 -0.208839 0.300848
v 1.123707 -0.203689 0.298611
v 1.115667 -0.199341 0.297433
v 1.091251 -0.194526 0.294442
v 1.088672 -0.198993 0.293661
v 1.093529 -0.190580 0.297720
v 1.051257 -0.180298 0.298149
v 1.048664 -0.184788 0.297850
v 1.053598 -0.176242 0.301072
v 1.007158 -0.163591 0.303075
v 1.004553 -0.168102 0.303317
v 1.009575 -0.159404 0.305610
v 0.964127 -0.146224 0.308757
v 0.961515 -0.150750 0.309539
v 0.966625 -0.141897 0.310918
v 0.922146 -0.128230 0.315164
v 0.919528 -0.132766 0.316483
v 0.924729 -0.123757 0.316964
v 0.883533 -0.110732 0.321837
v 0.880912 -0.115272 0.323658
v 0.886199 -0.106114 0.323308
v 1.148950 -0.257066 0.336877
v 1.141874 -0.269323 0.350058
v 1.075240 -0.269362 0.389501
v 1.056584 -0.254571 0.389214
v 1.054967 -0.257371 0.384299
v 1.054417 -0.258325 0.378494
v 1.022417 -0.230249 0.381332
v 1.021694 -0.231502 0.375642
v 1.024202 -0.227158 0.385862
v 0.985642 -0.200857 0.377233
v 0.984723 -0.202449 0.371666
v 0.987608 -0.197452 0.381324
v 0.948832 -0.172716 0.372367
v 0.947718 -0.174646 0.366916
v 0.950972 -0.169010 0.376016
v 0.912007 -0.145791 0.366765
v 0.910697 -0.148061 0.361425
v 0.914314 -0.141796 0.369970
v 0.877313 -0.121505 0.360842
v 0.875818 -0.124095 0.355600
v 0.879770 -0.117250 0.363626
v 1.110800 -0.207770 0.293018
v 1.125074 -0.216516 0.295838
v 1.118272 -0.211772 0.293933
v 1.131018 -0.221922 0.298651
v 1.135941 -0.227886 0.302276
v 1.139711 -0.234281 0.306605
v 1.142230 -0.240955 0.311527
v 1.143441 -0.247737 0.316925
v 1.143325 -0.254442 0.322685
v 1.141902 -0.260875 0.328692
v 1.139227 -0.266841 0.334833
v 1.135391 -0.272151 0.340996
v 1.130512 -0.276635 0.347067
v 1.124731 -0.280144 0.352931
v 1.118208 -0.282563 0.358471
v 1.111113 -0.283813 0.363569
v 1.103626 -0.283858 0.368106
v 1.095927 -0.282701 0.371962
v 1.088195 -0.280392 0.375027
v 1.080603 -0.277016 0.377196
v 1.073317 -0.272693 0.378383
v 1.054417 -0.258325 0.378494
v 1.088672 -0.198993 0.293661
v 1.048664 -0.184788 0.297850
v 1.021694 -0.231502 0.375642
v 0.984723 -0.202449 0.371666
v 1.004553 -0.168102 0.303317
v 0.947718 -0.174646 0.366916
v 0.961515 -0.150750 0.309539
v 0.910697 -0.148061 0.361425
v 0.919528 -0.132766 0.316483
v 0.875818 -0.124095 0.355600
v 0.880912 -0.115272 0.323658
v 0.548253 -0.203268 0.392936
v 0.543380 -0.211772 0.393001
v 0.540348 -0.207503 0.391872
v 0.550852 -0.207770 0.393916
v 0.536578 -0.216516 0.391096
v 0.533152 -0.212525 0.389765
v 0.530634 -0.221922 0.388283
v 0.526867 -0.218252 0.386707
v 0.525711 -0.227886 0.384658
v 0.521666 -0.224576 0.382802
v 0.521941 -0.234281 0.380329
v 0.517690 -0.231363 0.378167
v 0.519422 -0.240955 0.375407
v 0.515040 -0.238452 0.372924
v 0.518211 -0.247737 0.370009
v 0.513778 -0.245662 0.367194
v 0.518327 -0.254442 0.364249
v 0.513923 -0.252794 0.361098
v 0.519750 -0.260875 0.358242
v 0.515451 -0.259639 0.354756
v 0.522425 -0.266841 0.352101
v 0.518303 -0.265988 0.348286
v 0.526260 -0.272151 0.345938
v 0.522379 -0.271639 0.341803
v 0.531140 -0.276635 0.339867
v 0.527555 -0.276406 0.335423
v 0.536921 -0.280144 0.334003
v 0.533678 -0.280130 0.329267
v 0.543444 -0.282563 0.328463
v 0.540579 -0.282687 0.323453
v 0.550539 -0.283813 0.323365
v 0.548076 -0.283993 0.318106
v 0.558026 -0.283858 0.318828
v 0.555979 -0.284008 0.313350
v 0.565725 -0.282702 0.314972
v 0.564099 -0.282740 0.309309
v 0.573457 -0.280392 0.311907
v 0.572247 -0.280240 0.306102
v 0.581049 -0.277016 0.309737
v 0.580243 -0.276603 0.303840
v 0.588335 -0.272693 0.308551
v 0.587912 -0.271960 0.302617
v 0.531291 -0.277972 0.324167
v 0.525054 -0.274183 0.330403
v 0.519778 -0.269323 0.336876
v 0.553978 -0.281846 0.308104
v 0.545942 -0.281865 0.312892
v 0.538316 -0.280561 0.318288
v 0.578626 -0.274151 0.298611
v 0.570507 -0.277912 0.300848
v 0.562230 -0.280509 0.304049
v 0.515617 -0.263554 0.343467
v 0.512702 -0.257067 0.350057
v 0.511131 -0.250067 0.356530
v 0.510969 -0.242772 0.362767
v 0.512239 -0.235393 0.368645
v 0.514922 -0.228137 0.374041
v 0.518957 -0.221187 0.378829
v 0.524240 -0.214709 0.382884
v 0.530628 -0.208839 0.386086
v 0.537945 -0.203689 0.388323
v 0.545985 -0.199341 0.389501
v 0.570401 -0.194526 0.392492
v 0.572980 -0.198993 0.393273
v 0.568122 -0.190580 0.389214
v 0.610395 -0.180298 0.388785
v 0.612988 -0.184788 0.389084
v 0.608054 -0.176242 0.385862
v 0.654494 -0.163591 0.383859
v 0.657099 -0.168102 0.383617
v 0.652077 -0.159404 0.381324
v 0.697524 -0.146224 0.378177
v 0.700137 -0.150750 0.377395
v 0.695026 -0.141897 0.376016
v 0.739506 -0.128230 0.371769
v 0.742124 -0.132766 0.370451
v 0.736923 -0.123757 0.369970
v 0.778119 -0.110732 0.365097
v 0.780740 -0.115272 0.363276
v 0.775453 -0.106114 0.363626
v 0.512702 -0.257067 0.350057
v 0.519778 -0.269323 0.336876
v 0.586412 -0.269362 0.297433
v 0.605068 -0.254571 0.297719
v 0.606685 -0.257371 0.302635
v 0.607235 -0.258325 0.308440
v 0.639234 -0.230249 0.305601
v 0.639958 -0.231502 0.311292
v 0.637450 -0.227158 0.301072
v 0.676010 -0.200858 0.309701
v 0.676929 -0.202449 0.315268
v 0.674044 -0.197452 0.305610
v 0.712820 -0.172716 0.314567
v 0.713934 -0.174647 0.320018
v 0.710680 -0.169010 0.310918
v 0.749645 -0.145791 0.320169
v 0.750955 -0.148061 0.325509
v 0.747338 -0.141796 0.316964
v 0.784339 -0.121505 0.326092
v 0.785834 -0.124095 0.331334
v 0.781882 -0.117250 0.323308
v 0.550852 -0.207770 0.393916
v 0.536578 -0.216516 0.391096
v 0.543380 -0.211772 0.393001
v 0.530634 -0.221922 0.388283
v 0.525711 -0.227886 0.384658
v 0.521941 -0.234281 0.380329
v 0.519422 -0.240955 0.375407
v 0.518211 -0.247737 0.370009
v 0.518327 -0.254442 0.364249
v 0.519750 -0.260875 0.358242
v 0.522425 -0.266841 0.352101
v 0.526260 -0.272151 0.345938
v 0.531140 -0.276635 0.339867
v 0.536921 -0.280144 0.334003
v 0.543444 -0.282563 0.328463
v 0.550539 -0.283813 0.323365
v 0.558026 -0.283858 0.318828
v 0.565725 -0.282702 0.314972
v 0.573457 -0.280392 0.311907
v 0.581049 -0.277016 0.309737
v 0.588335 -0.272693 0.308551
v 0.607235 -0.258325 0.308440
v 0.572980 -0.198993 0.393273
v 0.612988 -0.184788 0.389084
v 0.639958 -0.231502 0.311292
v 0.676929 -0.202449 0.315268
v 0.657099 -0.168102 0.383617
v 0.713934 -0.174647 0.320018
v 0.700137 -0.150750 0.377395
v 0.750955 -0.148061 0.325509
v 0.742124 -0.132766 0.370451
v 0.785834 -0.124095 0.331334
v 0.780740 -0.115272 0.363276
v 0.584144 -0.265434 0.293997
v 0.574343 -0.265402 0.293933
v 0.576524 -0.270163 0.295061
v 0.581545 -0.260932 0.293018
v 0.566834 -0.268921 0.295838
v 0.568577 -0.273884 0.297168
v 0.559180 -0.271366 0.298651
v 0.560475 -0.276463 0.300227
v 0.551553 -0.272647 0.302276
v 0.552398 -0.277805 0.304132
v 0.544131 -0.272714 0.306605
v 0.544532 -0.277855 0.308766
v 0.537091 -0.271559 0.311526
v 0.537068 -0.276606 0.314010
v 0.530612 -0.269217 0.316925
v 0.530193 -0.274094 0.319740
v 0.524864 -0.265764 0.322684
v 0.524089 -0.270402 0.325836
v 0.520004 -0.261315 0.328692
v 0.518925 -0.265656 0.332177
v 0.516175 -0.256016 0.334833
v 0.514852 -0.260012 0.338648
v 0.513494 -0.250039 0.340996
v 0.511997 -0.253656 0.345131
v 0.512051 -0.243571 0.347066
v 0.510457 -0.246790 0.351510
v 0.511902 -0.236810 0.352930
v 0.510293 -0.239625 0.357667
v 0.513069 -0.229951 0.358471
v 0.511529 -0.232370 0.363481
v 0.515533 -0.223182 0.363569
v 0.514146 -0.225225 0.368828
v 0.519238 -0.216676 0.368105
v 0.518085 -0.218373 0.373584
v 0.524089 -0.210586 0.371962
v 0.523243 -0.211975 0.377625
v 0.529955 -0.205045 0.375027
v 0.529482 -0.206169 0.380831
v 0.536675 -0.200158 0.377196
v 0.536629 -0.201063 0.383094
v 0.544062 -0.196009 0.378382
v 0.544485 -0.196742 0.384317
v 0.510969 -0.242772 0.362767
v 0.511131 -0.250067 0.356530
v 0.512702 -0.257067 0.350057
v 0.518957 -0.221187 0.378829
v 0.514922 -0.228137 0.374041
v 0.512239 -0.235393 0.368645
v 0.537945 -0.203689 0.388323
v 0.530628 -0.208839 0.386086
v 0.524240 -0.214709 0.382884
v 0.515617 -0.263554 0.343467
v 0.519778 -0.269323 0.336876
v 0.525054 -0.274183 0.330403
v 0.531291 -0.277972 0.324167
v 0.538316 -0.280561 0.318288
v 0.545942 -0.281865 0.312892
v 0.553978 -0.281846 0.308104
v 0.562230 -0.280509 0.304049
v 0.570507 -0.277912 0.300848
v 0.578626 -0.274151 0.298611
v 0.586412 -0.269362 0.297433
v 0.602790 -0.250625 0.294441
v 0.600210 -0.246157 0.293661
v 0.605068 -0.254571 0.297719
v 0.635108 -0.223102 0.298149
v 0.632516 -0.218612 0.297850
v 0.637450 -0.227158 0.301072
v 0.671626 -0.193265 0.303075
v 0.669022 -0.188754 0.303317
v 0.674044 -0.197452 0.305610
v 0.708182 -0.164683 0.308757
v 0.705569 -0.160157 0.309539
v 0.710680 -0.169010 0.310918
v 0.744756 -0.137323 0.315164
v 0.742137 -0.132788 0.316483
v 0.747338 -0.141796 0.316964
v 0.779216 -0.112632 0.321837
v 0.776595 -0.108092 0.323658
v 0.781882 -0.117250 0.323308
v 0.519778 -0.269323 0.336876
v 0.512702 -0.257067 0.350057
v 0.545985 -0.199341 0.389501
v 0.568122 -0.190580 0.389214
v 0.566505 -0.187779 0.384298
v 0.565955 -0.186825 0.378494
v 0.606269 -0.173151 0.381332
v 0.605546 -0.171898 0.375642
v 0.608054 -0.176242 0.385862
v 0.650111 -0.155998 0.377233
v 0.649192 -0.154407 0.371666
v 0.652077 -0.159404 0.381324
v 0.692886 -0.138191 0.372366
v 0.691772 -0.136261 0.366916
v 0.695026 -0.141897 0.376016
v 0.734617 -0.119762 0.366765
v 0.733306 -0.117492 0.361424
v 0.736923 -0.123757 0.369970
v 0.772996 -0.101859 0.360842
v 0.771501 -0.099270 0.355600
v 0.775453 -0.106114 0.363626
v 0.581545 -0.260932 0.293018
v 0.566834 -0.268921 0.295838
v 0.574343 -0.265402 0.293933
v 0.559180 -0.271366 0.298651
v 0.551553 -0.272647 0.302276
v 0.544131 -0.272714 0.306605
v 0.537091 -0.271559 0.311526
v 0.530612 -0.269217 0.316925
v 0.524864 -0.265764 0.322684
v 0.520004 -0.261315 0.328692
v 0.516175 -0.256016 0.334833
v 0.513494 -0.250039 0.340996
v 0.512051 -0.243571 0.347066
v 0.511902 -0.236810 0.352930
v 0.513069 -0.229951 0.358471
v 0.515533 -0.223182 0.363569
v 0.519238 -0.216676 0.368105
v 0.524089 -0.210586 0.371962
v 0.529955 -0.205045 0.375027
v 0.536675 -0.200158 0.377196
v 0.544062 -0.196009 0.378382
v 0.565955 -0.186825 0.378494
v 0.600210 -0.246157 0.293661
v 0.632516 -0.218612 0.297850
v 0.605546 -0.171898 0.375642
v 0.649192 -0.154407 0.371666
v 0.669022 -0.188754 0.303317
v 0.691772 -0.136261 0.366916
v 0.705569 -0.160157 0.309539
v 0.733306 -0.117492 0.361424
v 0.742137 -0.132788 0.316483
v 0.771501 -0.099270 0.355600
v 0.776595 -0.108092 0.323658
vn -0.0000 0.3230 0.9464
vn -0.0998 0.3072 0.9464
vn -0.0000 -0.0000 1.0000
vn -0.1899 0.2613 0.9464
vn -0.2613 0.1899 0.9464
vn -0.3072 0.0998 0.9464
vn -0.3230 -0.0000 0.9464
vn -0.3072 -0.0998 0.9464
vn -0.2613 -0.1899 0.9464
vn -0.1899 -0.2613 0.9464
vn -0.0998 -0.3072 0.9464
vn -0.0000 -0.3230 0.9464
vn 0.0998 -0.3072 0.9464
vn 0.1899 -0.2613 0.9464
vn 0.2613 -0.1899 0.9464
vn 0.3072 -0.0998 0.9464
vn 0.3230 -0.0000 0.9464
vn -0.1847 0.5686 0.8016
vn -0.3514 0.4837 0.8016
vn -0.4837 0.3514 0.8016
vn -0.5686 0.1847 0.8016
vn -0.5978 -0.0000 0.8016
vn -0.5686 -0.1847 0.8016
vn -0.4837 -0.3514 0.8016
vn -0.3514 -0.4837 0.8016
vn -0.1847 -0.5686 0.8016
vn -0.0000 -0.5978 0.8016
vn 0.1847 -0.5686 0.8016
vn 0.3514 -0.4837 0.8016
vn 0.4837 -0.3514 0.8016
vn 0.5686 -0.1847 0.8016
vn 0.5978 -0.0000 0.8016
vn 0.5686 0.1847 0.8016
vn 0.3072 0.0998 0.9464
vn 0.2613 0.1899 0.9464
vn 0.1899 0.2613 0.9464
vn 0.0998 0.3072 0.9464
vn 0.4837 0.3514 0.8016
vn 0.3514 0.4837 0.8016
vn 0.1847 0.5686 0.8016
vn -0.0000 0.5978 0.8016
vn -0.2516 0.7744 0.5805
vn -0.0000 0.8143 0.5805
vn -0.4786 0.6588 0.5805
vn -0.6588 0.4786 0.5805
vn -0.7744 0.2516 0.5805
vn -0.8143 -0.0000 0.5805
vn -0.7744 -0.2516 0.5805
vn -0.6588 -0.4786 0.5805
vn -0.4786 -0.6588 0.5805
vn -0.2516 -0.7744 0.5805
vn -0.0000 -0.8143 0.5805
vn 0.2516 -0.7744 0.5805
vn 0.4786 -0.6588 0.5805
vn 0.6588 -0.4786 0.5805
vn 0.7744 -0.2516 0.5805
vn 0.8143 -0.0000 0.5805
vn 0.7744 0.2516 0.5805
vn 0.6588 0.4786 0.5805
vn 0.4786 0.6588 0.5805
vn 0.2516 0.7744 0.5805
vn -0.2943 0.9059 0.3045
vn -0.0000 0.9525 0.3045
vn -0.5599 0.7706 0.3045
vn -0.7706 0.5599 0.3045
vn -0.9059 0.2943 0.3045
vn -0.9525 -0.0000 0.3045
vn -0.9059 -0.2943 0.3045
vn -0.7706 -0.5599 0.3045
vn -0.5599 -0.7706 0.3045
vn -0.2943 -0.9059 0.3045
vn -0.0000 -0.9525 0.3045
vn 0.2943 -0.9059 0.3045
vn 0.5599 -0.7706 0.3045
vn 0.7706 -0.5599 0.3045
vn 0.9059 -0.2943 0.3045
vn 0.9525 -0.0000 0.3045
vn 0.9059 0.2943 0.3045
vn 0.7706 0.5599 0.3045
vn 0.5599 0.7706 0.3045
vn 0.2943 0.9059 0.3045
vn 0.9482 -0.3081 0.0778
vn 0.8066 -0.5860 0.0778
vn 0.5860 -0.8066 0.0779
vn 0.3081 -0.9482 0.0779
vn -0.0000 -0.9970 0.0778
vn -0.3081 -0.9482 0.0779
vn -0.5860 -0.8066 0.0779
vn -0.8066 -0.5860 0.0779
vn -0.9482 -0.3081 0.0779
vn -0.9970 -0.0000 0.0778
vn -0.9482 0.3081 0.0779
vn -0.8066 0.5860 0.0779
vn -0.5860 0.8066 0.0778
vn -0.3081 0.9482 0.0778
vn -0.0000 0.9970 0.0778
vn -0.8090 0.5878 -0.0000
vn -0.5878 0.8090 -0.0000
vn -0.5860 0.8066 0.0779
vn -0.3090 0.9511 -0.0000
vn -0.3081 0.9482 0.0779
vn -0.0000 1.0000 0.0001
vn -0.0000 0.9970 0.0779
vn -0.9511 0.3090 -0.0000
vn -0.9970 -0.0000 0.0779
vn -1.0000 -0.0000 -0.0000
vn -0.9511 -0.3090 -0.0000
vn -0.8090 -0.5878 -0.0000
vn -0.5878 -0.8090 -0.0000
vn -0.3090 -0.9511 -0.0000
vn -0.0000 -0.9970 0.0779
vn -0.0000 -1.0000 -0.0000
vn 0.3090 -0.9511 -0.0000
vn 0.5878 -0.8090 -0.0000
vn 0.8066 -0.5860 0.0779
vn 0.8090 -0.5878 -0.0000
vn 0.9482 -0.3081 0.0779
vn 0.9511 -0.3090 -0.0000
vn 0.9970 -0.0000 0.0779
vn 1.0000 -0.0000 -0.0000
vn 0.9482 0.3081 0.0779
vn 0.9511 0.3090 -0.0000
vn 0.8066 0.5860 0.0779
vn 0.8090 0.5878 -0.0000
vn 0.5860 0.8066 0.0779
vn 0.5878 0.8090 -0.0000
vn 0.3081 0.9482 0.0779
vn 0.3090 0.9511 -0.0000
vn -0.0000 1.0000 -0.0000
vn 0.9970 -0.0000 0.0778
vn 0.9482 0.3081 0.0778
vn 0.8066 0.5860 0.0778
vn 0.5860 0.8066 0.0778
vn 0.3081 0.9482 0.0778
vn 0.4143 0.1703 0.8941
vn 0.1904 0.1672 0.9674
vn 0.4089 0.0048 0.9126
vn 0.1851 0.0184 0.9825
vn 0.1815 0.3003 0.9364
vn 0.4003 0.3195 0.8589
vn 0.1554 0.4242 0.8921
vn 0.3664 0.4591 0.8093
vn 0.1129 0.5357 0.8368
vn 0.3139 0.5850 0.7479
vn 0.0556 0.6317 0.7732
vn 0.2446 0.6937 0.6775
vn -0.0145 0.7102 0.7039
vn 0.1613 0.7828 0.6010
vn -0.0952 0.7699 0.6310
vn 0.0669 0.8510 0.5209
vn -0.1840 0.8102 0.5565
vn -0.0358 0.8978 0.4390
vn -0.2788 0.8308 0.4816
vn -0.1441 0.9230 0.3568
vn -0.3774 0.8317 0.4072
vn -0.2558 0.9269 0.2748
vn -0.4775 0.8128 0.3337
vn -0.3683 0.9093 0.1935
vn -0.5764 0.7742 0.2616
vn -0.4793 0.8703 0.1133
vn -0.6712 0.7162 0.1913
vn -0.5856 0.8099 0.0347
vn -0.7586 0.6397 0.1239
vn -0.6837 0.7286 -0.0411
vn -0.8353 0.5464 0.0605
vn -0.7702 0.6279 -0.1125
vn -0.8984 0.4392 0.0028
vn -0.8414 0.5104 -0.1775
vn -0.9457 0.3216 -0.0475
vn -0.8950 0.3799 -0.2337
vn -0.9763 0.1976 -0.0887
vn -0.9295 0.2408 -0.2792
vn -0.9903 0.0711 -0.1193
vn -0.9450 0.0976 -0.3121
vn -0.9879 -0.0628 -0.1416
vn -0.9415 -0.0556 -0.3325
vn -0.3552 0.8980 -0.2598
vn -0.2410 0.9548 -0.1740
vn -0.1217 0.9887 -0.0872
vn -0.6341 0.5942 -0.4948
vn -0.5554 0.7163 -0.4225
vn -0.4612 0.8182 -0.3432
vn -0.7516 0.1447 -0.6436
vn -0.7336 0.3038 -0.6079
vn -0.6942 0.4553 -0.5575
vn 0.1217 0.9887 0.0872
vn 0.2410 0.9548 0.1740
vn 0.3552 0.8980 0.2598
vn 0.4612 0.8182 0.3433
vn 0.5554 0.7163 0.4225
vn 0.6341 0.5942 0.4948
vn 0.6942 0.4553 0.5576
vn 0.7336 0.3038 0.6079
vn 0.7516 0.1447 0.6436
vn 0.7484 -0.0294 0.6626
vn 0.3743 -0.1077 0.9210
vn 0.1480 -0.0820 0.9856
vn 0.7143 -0.1452 0.6846
vn 0.2974 -0.1439 0.9438
vn 0.0536 -0.1123 0.9922
vn 0.6581 -0.1766 0.7320
vn 0.2116 -0.1436 0.9667
vn -0.0498 -0.1129 0.9924
vn 0.5929 -0.1713 0.7868
vn 0.1255 -0.1468 0.9812
vn -0.1505 -0.1171 0.9817
vn 0.5227 -0.1694 0.8355
vn 0.0425 -0.1550 0.9870
vn -0.2457 -0.1238 0.9614
vn 0.4479 -0.1727 0.8772
vn -0.0457 -0.1535 0.9871
vn -0.3255 -0.1273 0.9369
vn 0.3784 -0.1672 0.9104
vn -0.1217 0.9887 -0.0871
vn -0.7484 -0.0294 -0.6626
vn -0.7143 -0.1452 -0.6846
vn -0.9145 -0.1550 -0.3737
vn -0.9707 -0.1514 -0.1869
vn -0.8816 -0.1787 -0.4369
vn -0.9544 -0.1698 -0.2455
vn -0.6581 -0.1766 -0.7320
vn -0.8432 -0.1691 -0.5103
vn -0.9369 -0.1575 -0.3121
vn -0.5929 -0.1713 -0.7868
vn -0.7981 -0.1624 -0.5802
vn -0.9145 -0.1473 -0.3769
vn -0.5227 -0.1694 -0.8355
vn -0.7475 -0.1591 -0.6450
vn -0.8877 -0.1399 -0.4387
vn -0.4480 -0.1727 -0.8772
vn -0.7041 -0.1546 -0.6931
vn -0.8606 -0.1354 -0.4910
vn -0.3784 -0.1672 -0.9104
vn -0.7185 0.0972 0.6886
vn -0.7007 0.1007 0.7063
vn -0.7401 0.0569 0.6701
vn -0.6853 0.1053 0.7206
vn -0.6732 0.1101 0.7312
vn -0.6652 0.1141 0.7379
vn -0.6616 0.1163 0.7408
vn -0.6625 0.1156 0.7401
vn -0.6674 0.1111 0.7364
vn -0.6757 0.1023 0.7300
vn -0.6865 0.0889 0.7217
vn -0.6986 0.0710 0.7120
vn -0.7108 0.0492 0.7016
vn -0.7222 0.0246 0.6913
vn -0.7317 -0.0015 0.6816
vn -0.7389 -0.0275 0.6732
vn -0.7438 -0.0515 0.6664
vn -0.7465 -0.0720 0.6615
vn -0.7475 -0.0877 0.6584
vn -0.7476 -0.0975 0.6569
vn -0.7477 -0.0995 0.6566
vn -0.7797 -0.0615 0.6231
vn -0.7749 0.0893 0.6258
vn -0.8162 0.0357 0.5766
vn -0.8189 -0.0837 0.5678
vn -0.8481 -0.0383 0.5285
vn -0.8736 0.0542 0.4835
vn -0.8883 -0.0239 0.4587
vn -0.9075 0.0428 0.4179
vn -0.9214 -0.0108 0.3885
vn -0.9346 0.0331 0.3541
vn -0.9413 0.0071 0.3375
vn -0.9519 0.0422 0.3036
vn -0.4143 0.1702 -0.8941
vn -0.1904 0.1672 -0.9674
vn -0.4089 0.0048 -0.9126
vn -0.1851 0.0184 -0.9825
vn -0.1815 0.3003 -0.9364
vn -0.4003 0.3195 -0.8589
vn -0.1554 0.4242 -0.8921
vn -0.3664 0.4591 -0.8093
vn -0.1129 0.5357 -0.8368
vn -0.3139 0.5850 -0.7479
vn -0.0556 0.6317 -0.7732
vn -0.2446 0.6937 -0.6775
vn 0.0145 0.7102 -0.7039
vn -0.1613 0.7828 -0.6010
vn 0.0952 0.7699 -0.6310
vn -0.0669 0.8510 -0.5209
vn 0.1840 0.8102 -0.5565
vn 0.0358 0.8978 -0.4390
vn 0.2788 0.8308 -0.4816
vn 0.1441 0.9230 -0.3568
vn 0.3774 0.8317 -0.4072
vn 0.2557 0.9269 -0.2748
vn 0.4775 0.8128 -0.3337
vn 0.3683 0.9093 -0.1935
vn 0.5764 0.7742 -0.2616
vn 0.4793 0.8703 -0.1133
vn 0.6712 0.7162 -0.1913
vn 0.5856 0.8099 -0.0347
vn 0.7586 0.6397 -0.1239
vn 0.6837 0.7286 0.0411
vn 0.8353 0.5464 -0.0605
vn 0.7702 0.6279 0.1125
vn 0.8984 0.4392 -0.0028
vn 0.8414 0.5104 0.1775
vn 0.9457 0.3216 0.0475
vn 0.8950 0.3799 0.2337
vn 0.9763 0.1976 0.0887
vn 0.9295 0.2408 0.2792
vn 0.9903 0.0711 0.1193
vn 0.9450 0.0976 0.3121
vn 0.9879 -0.0628 0.1416
vn 0.9415 -0.0556 0.3325
vn 0.1217 0.9887 0.0871
vn 0.6340 0.5942 0.4949
vn 0.4612 0.8182 0.3432
vn 0.6942 0.4553 0.5575
vn -0.4612 0.8182 -0.3433
vn -0.6340 0.5942 -0.4949
vn -0.6942 0.4553 -0.5576
vn -0.3743 -0.1077 -0.9210
vn -0.1480 -0.0820 -0.9856
vn -0.2974 -0.1439 -0.9438
vn -0.0536 -0.1123 -0.9922
vn -0.2116 -0.1436 -0.9667
vn 0.0498 -0.1129 -0.9924
vn -0.1255 -0.1468 -0.9812
vn 0.1505 -0.1171 -0.9817
vn -0.0425 -0.1550 -0.9870
vn 0.2457 -0.1238 -0.9614
vn -0.4479 -0.1727 -0.8772
vn 0.0457 -0.1535 -0.9871
vn 0.3255 -0.1273 -0.9369
vn 0.9145 -0.1550 0.3737
vn 0.9706 -0.1514 0.1869
vn 0.8816 -0.1787 0.4369
vn 0.9544 -0.1698 0.2455
vn 0.8432 -0.1691 0.5103
vn 0.9369 -0.1575 0.3121
vn 0.7981 -0.1624 0.5802
vn 0.9145 -0.1473 0.3769
vn 0.7475 -0.1591 0.6450
vn 0.8877 -0.1399 0.4387
vn 0.4480 -0.1727 0.8772
vn 0.7041 -0.1546 0.6931
vn 0.8606 -0.1354 0.4910
vn 0.7185 0.0973 -0.6887
vn 0.7007 0.1007 -0.7063
vn 0.7401 0.0569 -0.6701
vn 0.6853 0.1053 -0.7206
vn 0.6732 0.1101 -0.7312
vn 0.6652 0.1141 -0.7379
vn 0.6616 0.1163 -0.7408
vn 0.6625 0.1156 -0.7401
vn 0.6674 0.1111 -0.7364
vn 0.6757 0.1023 -0.7300
vn 0.6865 0.0889 -0.7217
vn 0.6986 0.0710 -0.7120
vn 0.7108 0.0492 -0.7016
vn 0.7222 0.0246 -0.6913
vn 0.7317 -0.0016 -0.6816
vn 0.7389 -0.0275 -0.6732
vn 0.7438 -0.0515 -0.6664
vn 0.7465 -0.0720 -0.6615
vn 0.7475 -0.0877 -0.6584
vn 0.7476 -0.0975 -0.6569
vn 0.7477 -0.0995 -0.6566
vn 0.7797 -0.0615 -0.6231
vn 0.7749 0.0893 -0.6258
vn 0.8162 0.0357 -0.5766
vn 0.8189 -0.0837 -0.5678
vn 0.8481 -0.0383 -0.5285
vn 0.8736 0.0542 -0.4835
vn 0.8883 -0.0239 -0.4587
vn 0.9075 0.0428 -0.4179
vn 0.9214 -0.0108 -0.3885
vn 0.9346 0.0331 -0.3541
vn 0.9413 0.0071 -0.3375
vn 0.9519 0.0422 -0.3036
vn -0.0597 -0.4439 0.8941
vn 0.0496 -0.2485 0.9674
vn -0.2003 -0.3565 0.9126
vn -0.0766 -0.1695 0.9825
vn 0.1693 -0.3073 0.9364
vn 0.0765 -0.5064 0.8589
vn 0.2897 -0.3467 0.8921
vn 0.2144 -0.5469 0.8093
vn 0.4074 -0.3656 0.8368
vn 0.3497 -0.5643 0.7479
vn 0.5193 -0.3640 0.7732
vn 0.4784 -0.5587 0.6775
vn 0.6223 -0.3425 0.7039
vn 0.5973 -0.5311 0.6010
vn 0.7144 -0.3026 0.6310
vn 0.7036 -0.4834 0.5209
vn 0.7937 -0.2458 0.5565
vn 0.7954 -0.4179 0.4390
vn 0.8589 -0.1739 0.4816
vn 0.8714 -0.3367 0.3568
vn 0.9090 -0.0890 0.4072
vn 0.9306 -0.2419 0.2748
vn 0.9426 0.0071 0.3337
vn 0.9717 -0.1357 0.1935
vn 0.9587 0.1121 0.2616
vn 0.9934 -0.0201 0.1133
vn 0.9558 0.2232 0.1913
vn 0.9942 0.1022 0.0347
vn 0.9333 0.3371 0.1239
vn 0.9728 0.2279 -0.0411
vn 0.8909 0.4502 0.0605
vn 0.9288 0.3530 -0.1125
vn 0.8296 0.5584 0.0028
vn 0.8627 0.4735 -0.1775
vn 0.7514 0.6582 -0.0475
vn 0.7765 0.5851 -0.2337
vn 0.6593 0.7467 -0.0887
vn 0.6733 0.6846 -0.2792
vn 0.5567 0.8221 -0.1193
vn 0.5571 0.7696 -0.3121
vn 0.4396 0.8870 -0.1416
vn 0.4226 0.8432 -0.3325
vn 0.9553 -0.1414 -0.2597
vn 0.9474 -0.2687 -0.1740
vn 0.9171 -0.3890 -0.0871
vn 0.8316 0.2520 -0.4948
vn 0.8980 0.1228 -0.4225
vn 0.9392 -0.0097 -0.3432
vn 0.5011 0.5785 -0.6436
vn 0.6299 0.4834 -0.6079
vn 0.7414 0.3735 -0.5575
vn 0.8660 -0.5000 -0.0000
vn 0.7954 -0.5997 0.0872
vn 0.7064 -0.6861 0.1740
vn 0.6001 -0.7566 0.2598
vn 0.4780 -0.8085 0.3433
vn 0.3427 -0.8391 0.4225
vn 0.1976 -0.8462 0.4949
vn 0.0472 -0.8288 0.5576
vn -0.1037 -0.7872 0.6079
vn -0.2505 -0.7232 0.6436
vn -0.3996 -0.6334 0.6626
vn -0.2805 -0.2703 0.9210
vn -0.1450 -0.0871 0.9856
vn -0.4829 -0.5460 0.6846
vn -0.2734 -0.1856 0.9438
vn -0.1240 0.0097 0.9922
vn -0.4819 -0.4816 0.7320
vn -0.2302 -0.1115 0.9667
vn -0.0728 0.0996 0.9924
vn -0.4448 -0.4278 0.7868
vn -0.1899 -0.0353 0.9812
vn -0.0262 0.1889 0.9817
vn -0.4081 -0.3680 0.8355
vn -0.1555 0.0407 0.9870
vn 0.0156 0.2747 0.9614
vn -0.3735 -0.3016 0.8772
vn -0.1101 0.1164 0.9871
vn 0.0526 0.3456 0.9369
vn -0.3340 -0.2441 0.9104
vn 0.7954 -0.5998 0.0871
vn 0.3487 0.6628 -0.6626
vn 0.2314 0.6912 -0.6846
vn 0.3230 0.8695 -0.3737
vn 0.3542 0.9163 -0.1869
vn 0.2860 0.8528 -0.4369
vn 0.3302 0.9114 -0.2455
vn 0.1761 0.6582 -0.7320
vn 0.2751 0.8148 -0.5103
vn 0.3321 0.8901 -0.3121
vn 0.1481 0.5991 -0.7868
vn 0.2584 0.7724 -0.5802
vn 0.3297 0.8656 -0.3769
vn 0.1147 0.5374 -0.8355
vn 0.2360 0.7269 -0.6450
vn 0.3227 0.8387 -0.4387
vn 0.0744 0.4743 -0.8772
vn 0.2182 0.6871 -0.6931
vn 0.3130 0.8130 -0.4910
vn 0.0444 0.4113 -0.9104
vn 0.4435 0.5737 0.6887
vn 0.4376 0.5565 0.7063
vn 0.4194 0.6125 0.6701
vn 0.4338 0.5409 0.7206
vn 0.4319 0.5280 0.7312
vn 0.4314 0.5191 0.7379
vn 0.4315 0.5149 0.7408
vn 0.4313 0.5160 0.7401
vn 0.4299 0.5224 0.7364
vn 0.4265 0.5340 0.7300
vn 0.4203 0.5501 0.7217
vn 0.4108 0.5695 0.7120
vn 0.3980 0.5910 0.7016
vn 0.3823 0.6131 0.6913
vn 0.3645 0.6344 0.6816
vn 0.3457 0.6537 0.6732
vn 0.3273 0.6699 0.6664
vn 0.3109 0.6825 0.6615
vn 0.2978 0.6912 0.6584
vn 0.2894 0.6962 0.6569
vn 0.2877 0.6972 0.6566
vn 0.3366 0.7060 0.6231
vn 0.4648 0.6264 0.6258
vn 0.4391 0.6890 0.5766
vn 0.3370 0.7510 0.5678
vn 0.3909 0.7536 0.5285
vn 0.4838 0.7295 0.4835
vn 0.4234 0.7812 0.4587
vn 0.4908 0.7645 0.4179
vn 0.4513 0.8033 0.3885
vn 0.4960 0.7929 0.3541
vn 0.4768 0.8116 0.3375
vn 0.5125 0.8033 0.3036
vn 0.3546 0.2737 -0.8941
vn 0.2400 0.0813 -0.9674
vn 0.2086 0.3517 -0.9126
vn 0.1085 0.1511 -0.9825
vn 0.3508 0.0071 -0.9364
vn 0.4768 0.1869 -0.8589
vn 0.4451 -0.0775 -0.8921
vn 0.5808 0.0878 -0.8093
vn 0.5204 -0.1700 -0.8368
vn 0.6635 -0.0207 -0.7479
vn 0.5749 -0.2677 -0.7732
vn 0.7230 -0.1350 -0.6775
vn 0.6078 -0.3677 -0.7039
vn 0.7586 -0.2517 -0.6010
vn 0.6192 -0.4674 -0.6310
vn 0.7705 -0.3676 -0.5209
vn 0.6097 -0.5645 -0.5565
vn 0.7596 -0.4799 -0.4390
vn 0.5801 -0.6569 -0.4816
vn 0.7273 -0.5863 -0.3568
vn 0.5316 -0.7427 -0.4072
vn 0.6748 -0.6849 -0.2748
vn 0.4652 -0.8199 -0.3337
vn 0.6033 -0.7737 -0.1935
vn 0.3823 -0.8863 -0.2616
vn 0.5141 -0.8502 -0.1133
vn 0.2846 -0.9393 -0.1913
vn 0.4086 -0.9121 -0.0347
vn 0.1747 -0.9768 -0.1239
vn 0.2891 -0.9564 0.0411
vn 0.0556 -0.9966 -0.0605
vn 0.1587 -0.9809 0.1125
vn -0.0688 -0.9976 -0.0028
vn 0.0213 -0.9839 0.1775
vn -0.1943 -0.9798 0.0475
vn -0.1185 -0.9651 0.2337
vn -0.3170 -0.9443 0.0887
vn -0.2562 -0.9254 0.2792
vn -0.4336 -0.8932 0.1193
vn -0.3879 -0.8672 0.3121
vn -0.5484 -0.8242 0.1416
vn -0.5189 -0.7875 0.3325
vn 0.7954 -0.5997 0.0871
vn 0.1976 -0.8462 0.4948
vn 0.4780 -0.8085 0.3432
vn 0.0472 -0.8288 0.5575
vn 0.9171 -0.3890 -0.0872
vn 0.9553 -0.1414 -0.2598
vn 0.7413 0.3735 -0.5576
vn 0.0939 0.3780 -0.9210
vn 0.0029 0.1692 -0.9856
vn 0.0240 0.3295 -0.9438
vn -0.0704 0.1025 -0.9922
vn -0.0186 0.2551 -0.9667
vn -0.1227 0.0133 -0.9924
vn -0.0644 0.1821 -0.9812
vn -0.1766 -0.0718 -0.9817
vn 0.1146 0.5374 -0.8355
vn -0.1130 0.1143 -0.9870
vn -0.2301 -0.1509 -0.9614
vn -0.1558 0.0372 -0.9871
vn -0.2730 -0.2183 -0.9369
vn -0.5915 -0.7145 0.3737
vn -0.6164 -0.7649 0.1869
vn -0.5956 -0.6741 0.4369
vn -0.6242 -0.7417 0.2455
vn -0.5680 -0.6457 0.5103
vn -0.6048 -0.7327 0.3121
vn -0.5397 -0.6100 0.5802
vn -0.5848 -0.7183 0.3769
vn -0.5115 -0.5678 0.6450
vn -0.5650 -0.6988 0.4387
vn -0.4859 -0.5324 0.6931
vn -0.5476 -0.6776 0.4910
vn -0.2750 -0.6709 -0.6886
vn -0.2632 -0.6572 -0.7063
vn -0.3207 -0.6694 -0.6701
vn -0.2515 -0.6461 -0.7206
vn -0.2413 -0.6381 -0.7312
vn -0.2338 -0.6331 -0.7379
vn -0.2301 -0.6311 -0.7408
vn -0.2312 -0.6315 -0.7401
vn -0.2375 -0.6335 -0.7364
vn -0.2492 -0.6364 -0.7300
vn -0.2662 -0.6390 -0.7217
vn -0.2878 -0.6405 -0.7120
vn -0.3128 -0.6402 -0.7016
vn -0.3398 -0.6377 -0.6913
vn -0.3672 -0.6329 -0.6816
vn -0.3932 -0.6262 -0.6732
vn -0.4165 -0.6184 -0.6664
vn -0.4356 -0.6105 -0.6615
vn -0.4497 -0.6036 -0.6584
vn -0.4582 -0.5987 -0.6569
vn -0.4600 -0.5978 -0.6566
vn -0.4431 -0.6445 -0.6231
vn -0.3101 -0.7157 -0.6258
vn -0.3772 -0.7247 -0.5766
vn -0.4819 -0.6673 -0.5678
vn -0.4572 -0.7153 -0.5285
vn -0.3899 -0.7837 -0.4835
vn -0.4648 -0.7573 -0.4587
vn -0.4167 -0.8073 -0.4179
vn -0.4700 -0.7925 -0.3885
vn -0.4387 -0.8260 -0.3541
vn -0.4645 -0.8187 -0.3375
vn -0.4394 -0.8454 -0.3036
vn -0.3546 0.2737 0.8941
vn -0.2400 0.0813 0.9674
vn -0.2086 0.3517 0.9126
vn -0.1085 0.1511 0.9825
vn -0.3508 0.0071 0.9364
vn -0.4768 0.1869 0.8589
vn -0.4451 -0.0775 0.8921
vn -0.5808 0.0878 0.8093
vn -0.5204 -0.1700 0.8368
vn -0.6635 -0.0207 0.7479
vn -0.5749 -0.2677 0.7732
vn -0.7230 -0.1350 0.6775
vn -0.6078 -0.3677 0.7038
vn -0.7586 -0.2517 0.6010
vn -0.6192 -0.4674 0.6310
vn -0.7705 -0.3676 0.5209
vn -0.6097 -0.5645 0.5565
vn -0.7596 -0.4799 0.4390
vn -0.5801 -0.6569 0.4816
vn -0.7273 -0.5863 0.3568
vn -0.5316 -0.7427 0.4072
vn -0.6748 -0.6849 0.2748
vn -0.4652 -0.8199 0.3337
vn -0.6033 -0.7737 0.1935
vn -0.3823 -0.8863 0.2616
vn -0.5141 -0.8502 0.1133
vn -0.2846 -0.9393 0.1913
vn -0.4086 -0.9121 0.0347
vn -0.1747 -0.9768 0.1239
vn -0.2891 -0.9564 -0.0411
vn -0.0556 -0.9966 0.0605
vn -0.1587 -0.9809 -0.1125
vn 0.0688 -0.9976 0.0028
vn -0.0213 -0.9839 -0.1775
vn 0.1943 -0.9798 -0.0475
vn 0.1185 -0.9651 -0.2337
vn 0.3170 -0.9443 -0.0887
vn 0.2562 -0.9254 -0.2792
vn 0.4336 -0.8932 -0.1193
vn 0.3879 -0.8672 -0.3121
vn 0.5484 -0.8242 -0.1416
vn 0.5189 -0.7875 -0.3325
vn -0.6001 -0.7566 -0.2598
vn -0.7064 -0.6861 -0.1740
vn -0.7954 -0.5997 -0.0871
vn -0.1976 -0.8462 -0.4948
vn -0.3427 -0.8391 -0.4225
vn -0.4780 -0.8085 -0.3432
vn 0.2505 -0.7232 -0.6436
vn 0.1037 -0.7872 -0.6079
vn -0.0472 -0.8288 -0.5575
vn -0.8660 -0.5000 -0.0000
vn -0.9171 -0.3890 0.0872
vn -0.9474 -0.2687 0.1740
vn -0.9553 -0.1414 0.2598
vn -0.9392 -0.0097 0.3433
vn -0.8980 0.1228 0.4225
vn -0.8316 0.2520 0.4949
vn -0.7413 0.3735 0.5576
vn -0.6299 0.4834 0.6079
vn -0.5011 0.5785 0.6436
vn -0.3487 0.6628 0.6626
vn -0.0939 0.3781 0.9210
vn -0.0030 0.1692 0.9856
vn -0.2314 0.6912 0.6846
vn -0.0240 0.3295 0.9438
vn 0.0704 0.1026 0.9922
vn -0.1761 0.6582 0.7320
vn 0.0186 0.2551 0.9667
vn 0.1227 0.0133 0.9924
vn -0.1481 0.5991 0.7868
vn 0.0644 0.1821 0.9812
vn 0.1766 -0.0718 0.9817
vn -0.1146 0.5374 0.8355
vn 0.1130 0.1143 0.9870
vn 0.2301 -0.1509 0.9614
vn -0.0744 0.4743 0.8772
vn 0.1558 0.0372 0.9871
vn 0.2730 -0.2183 0.9369
vn -0.0444 0.4113 0.9104
vn -0.9171 -0.3890 0.0871
vn 0.3996 -0.6334 -0.6626
vn 0.4829 -0.5460 -0.6846
vn 0.5915 -0.7145 -0.3737
vn 0.6164 -0.7649 -0.1869
vn 0.5956 -0.6741 -0.4369
vn 0.6242 -0.7417 -0.2455
vn 0.4819 -0.4816 -0.7320
vn 0.5680 -0.6457 -0.5103
vn 0.6048 -0.7327 -0.3121
vn 0.4448 -0.4278 -0.7868
vn 0.5397 -0.6100 -0.5802
vn 0.5848 -0.7183 -0.3769
vn 0.4081 -0.3680 -0.8355
vn 0.5115 -0.5678 -0.6450
vn 0.5650 -0.6988 -0.4387
vn 0.3735 -0.3016 -0.8772
vn 0.4859 -0.5325 -0.6931
vn 0.5476 -0.6776 -0.4910
vn 0.3340 -0.2441 -0.9104
vn 0.2751 -0.6709 0.6886
vn 0.2632 -0.6572 0.7063
vn 0.3207 -0.6694 0.6701
vn 0.2515 -0.6461 0.7206
vn 0.2413 -0.6381 0.7312
vn 0.2338 -0.6331 0.7379
vn 0.2301 -0.6311 0.7408
vn 0.2312 -0.6315 0.7401
vn 0.2375 -0.6336 0.7364
vn 0.2492 -0.6364 0.7300
vn 0.2662 -0.6390 0.7217
vn 0.2878 -0.6405 0.7120
vn 0.3128 -0.6402 0.7016
vn 0.3398 -0.6377 0.6913
vn 0.3672 -0.6329 0.6816
vn 0.3932 -0.6262 0.6732
vn 0.4165 -0.6184 0.6664
vn 0.4356 -0.6105 0.6615
vn 0.4497 -0.6035 0.6584
vn 0.4582 -0.5987 0.6569
vn 0.4600 -0.5978 0.6566
vn 0.4431 -0.6445 0.6231
vn 0.3101 -0.7157 0.6258
vn 0.3772 -0.7247 0.5766
vn 0.4819 -0.6673 0.5678
vn 0.4572 -0.7153 0.5285
vn 0.3899 -0.7837 0.4835
vn 0.4648 -0.7573 0.4587
vn 0.4167 -0.8073 0.4179
vn 0.4700 -0.7925 0.3885
vn 0.4387 -0.8260 0.3541
vn 0.4645 -0.8187 0.3375
vn 0.4394 -0.8454 0.3036
vn 0.0597 -0.4440 -0.8941
vn -0.0496 -0.2485 -0.9674
vn 0.2003 -0.3565 -0.9126
vn 0.0766 -0.1695 -0.9825
vn -0.1693 -0.3073 -0.9364
vn -0.0765 -0.5064 -0.8589
vn -0.2897 -0.3467 -0.8921
vn -0.2144 -0.5469 -0.8093
vn -0.4074 -0.3656 -0.8368
vn -0.3497 -0.5643 -0.7479
vn -0.5193 -0.3640 -0.7732
vn -0.4784 -0.5587 -0.6775
vn -0.6223 -0.3425 -0.7039
vn -0.5973 -0.5311 -0.6010
vn -0.7144 -0.3026 -0.6310
vn -0.7035 -0.4834 -0.5209
vn -0.7937 -0.2457 -0.5565
vn -0.7954 -0.4179 -0.4390
vn -0.8590 -0.1739 -0.4816
vn -0.8714 -0.3367 -0.3568
vn -0.9090 -0.0890 -0.4072
vn -0.9306 -0.2419 -0.2748
vn -0.9427 0.0071 -0.3337
vn -0.9717 -0.1357 -0.1935
vn -0.9587 0.1121 -0.2616
vn -0.9934 -0.0201 -0.1133
vn -0.9558 0.2232 -0.1913
vn -0.9942 0.1022 -0.0347
vn -0.9333 0.3371 -0.1239
vn -0.9728 0.2279 0.0411
vn -0.8909 0.4502 -0.0605
vn -0.9288 0.3530 0.1125
vn -0.8296 0.5584 -0.0028
vn -0.8627 0.4735 0.1775
vn -0.7514 0.6582 0.0475
vn -0.7765 0.5851 0.2337
vn -0.6593 0.7467 0.0887
vn -0.6733 0.6846 0.2792
vn -0.5567 0.8221 0.1193
vn -0.5571 0.7696 0.3121
vn -0.4396 0.8870 0.1416
vn -0.4226 0.8432 0.3325
vn -0.8317 0.2520 0.4948
vn -0.9392 -0.0097 0.3432
vn -0.7414 0.3735 0.5575
vn -0.7954 -0.5997 -0.0872
vn -0.6000 -0.7566 -0.2598
vn -0.0472 -0.8288 -0.5576
vn 0.2805 -0.2703 -0.9210
vn 0.1450 -0.0871 -0.9856
vn 0.2734 -0.1856 -0.9438
vn 0.1240 0.0097 -0.9922
vn 0.4820 -0.4816 -0.7320
vn 0.2302 -0.1115 -0.9667
vn 0.0728 0.0996 -0.9924
vn 0.1899 -0.0353 -0.9812
vn 0.0261 0.1889 -0.9817
vn 0.1555 0.0407 -0.9870
vn -0.0156 0.2747 -0.9614
vn 0.1101 0.1164 -0.9871
vn -0.0525 0.3456 -0.9369
vn -0.7954 -0.5998 -0.0871
vn -0.3230 0.8695 0.3737
vn -0.3542 0.9163 0.1869
vn -0.2860 0.8528 0.4369
vn -0.3302 0.9114 0.2455
vn -0.2751 0.8148 0.5103
vn -0.3321 0.8901 0.3121
vn -0.2584 0.7724 0.5802
vn -0.3297 0.8656 0.3769
vn -0.1147 0.5374 0.8355
vn -0.2360 0.7269 0.6450
vn -0.3227 0.8387 0.4387
vn -0.2182 0.6870 0.6931
vn -0.3130 0.8130 0.4910
vn -0.4435 0.5736 -0.6887
vn -0.4376 0.5565 -0.7063
vn -0.4194 0.6125 -0.6701
vn -0.4338 0.5409 -0.7206
vn -0.4319 0.5280 -0.7312
vn -0.4314 0.5191 -0.7379
vn -0.4315 0.5149 -0.7408
vn -0.4313 0.5159 -0.7401
vn -0.4299 0.5224 -0.7364
vn -0.4265 0.5340 -0.7300
vn -0.4203 0.5501 -0.7217
vn -0.4108 0.5695 -0.7120
vn -0.3980 0.5910 -0.7016
vn -0.3823 0.6131 -0.6913
vn -0.3645 0.6344 -0.6816
vn -0.3457 0.6537 -0.6732
vn -0.3273 0.6699 -0.6664
vn -0.3109 0.6825 -0.6615
vn -0.2978 0.6912 -0.6584
vn -0.2894 0.6962 -0.6569
vn -0.2877 0.6972 -0.6566
vn -0.3366 0.7060 -0.6231
vn -0.4648 0.6264 -0.6258
vn -0.4391 0.6890 -0.5766
vn -0.3370 0.7510 -0.5678
vn -0.3909 0.7536 -0.5285
vn -0.4838 0.7295 -0.4835
vn -0.4234 0.7812 -0.4587
vn -0.4908 0.7645 -0.4179
vn -0.4513 0.8033 -0.3885
vn -0.4960 0.7929 -0.3541
vn -0.4768 0.8116 -0.3375
vn -0.5125 0.8033 -0.3036
vt 0.943381 0.317624
vt 0.937885 0.316753
vt 0.943381 0.299838
vt 0.932927 0.314227
vt 0.928992 0.310292
vt 0.926466 0.305334
vt 0.925595 0.299838
vt 0.926466 0.294341
vt 0.928992 0.289383
vt 0.932927 0.285448
vt 0.937885 0.282922
vt 0.943381 0.282052
vt 0.948878 0.282922
vt 0.953836 0.285448
vt 0.957771 0.289383
vt 0.960297 0.294342
vt 0.961168 0.299838
vt 0.932927 0.332013
vt 0.923496 0.327208
vt 0.916012 0.319723
vt 0.911206 0.310292
vt 0.909550 0.299838
vt 0.911206 0.289383
vt 0.916012 0.279952
vt 0.923496 0.272468
vt 0.932927 0.267662
vt 0.943381 0.266007
vt 0.953836 0.267662
vt 0.963267 0.272468
vt 0.970751 0.279952
vt 0.975557 0.289383
vt 0.977213 0.299838
vt 0.975557 0.310292
vt 0.960297 0.305334
vt 0.957771 0.310292
vt 0.953836 0.314227
vt 0.948878 0.316753
vt 0.970751 0.319723
vt 0.963267 0.327208
vt 0.953836 0.332013
vt 0.943381 0.333669
vt 0.928992 0.344123
vt 0.943381 0.346402
vt 0.916012 0.337509
vt 0.905710 0.327208
vt 0.899096 0.314227
vt 0.896817 0.299838
vt 0.899096 0.285448
vt 0.905710 0.272468
vt 0.916012 0.262166
vt 0.928992 0.255552
vt 0.943382 0.253273
vt 0.957771 0.255552
vt 0.970751 0.262166
vt 0.981053 0.272468
vt 0.987667 0.285449
vt 0.989946 0.299838
vt 0.987667 0.314227
vt 0.981053 0.327208
vt 0.970751 0.337509
vt 0.957771 0.344123
vt 0.975928 0.221227
vt 0.975928 0.231665
vt 0.963196 0.221227
vt 0.963196 0.231665
vt 0.963196 0.210788
vt 0.975928 0.210788
vt 0.963196 0.200349
vt 0.975928 0.200349
vt 0.963196 0.189910
vt 0.975928 0.189910
vt 0.963196 0.179471
vt 0.975928 0.179471
vt 0.963196 0.169033
vt 0.975928 0.169033
vt 0.963196 0.158594
vt 0.975928 0.158594
vt 0.963196 0.148155
vt 0.975928 0.148155
vt 0.963196 0.137716
vt 0.975928 0.137716
vt 0.963196 0.127277
vt 0.975928 0.127277
vt 0.963196 0.116839
vt 0.975928 0.116839
vt 0.963196 0.106400
vt 0.975928 0.106400
vt 0.963196 0.095961
vt 0.975928 0.095961
vt 0.963196 0.085522
vt 0.975928 0.085522
vt 0.963196 0.075083
vt 0.975928 0.075083
vt 0.963196 0.064644
vt 0.975928 0.064644
vt 0.963196 0.054206
vt 0.975928 0.054206
vt 0.963196 0.043767
vt 0.975928 0.043767
vt 0.963196 0.033328
vt 0.975928 0.033328
vt 0.963196 0.022889
vt 0.975928 0.022889
vt 0.911508 0.085522
vt 0.911508 0.095961
vt 0.911508 0.106400
vt 0.911508 0.116839
vt 0.911508 0.127277
vt 0.911508 0.137716
vt 0.911508 0.148155
vt 0.911508 0.158594
vt 0.911508 0.169033
vt 0.911508 0.179471
vt 0.911508 0.189910
vt 0.911508 0.200349
vt 0.911508 0.210788
vt 0.911508 0.221227
vt 0.911508 0.231665
vt 0.911508 0.075083
vt 0.911508 0.064644
vt 0.911508 0.054206
vt 0.911508 0.043767
vt 0.911508 0.033328
vt 0.911508 0.022889
vt 0.865394 0.616865
vt 0.868590 0.616389
vt 0.864668 0.608188
vt 0.867903 0.608188
vt 0.870631 0.624387
vt 0.867554 0.625327
vt 0.873979 0.631987
vt 0.871096 0.633368
vt 0.878549 0.639000
vt 0.875931 0.640789
vt 0.884229 0.645255
vt 0.881941 0.647407
vt 0.890880 0.650597
vt 0.888978 0.653059
vt 0.898337 0.654895
vt 0.896869 0.657607
vt 0.906418 0.658043
vt 0.905418 0.660937
vt 0.914923 0.659963
vt 0.914417 0.662969
vt 0.923643 0.660609
vt 0.923643 0.663652
vt 0.932362 0.659963
vt 0.932868 0.662969
vt 0.940867 0.658043
vt 0.941867 0.660937
vt 0.948948 0.654895
vt 0.950417 0.657607
vt 0.956405 0.650597
vt 0.958307 0.653059
vt 0.963056 0.645255
vt 0.965344 0.647407
vt 0.968736 0.639000
vt 0.971354 0.640789
vt 0.973306 0.631987
vt 0.976189 0.633368
vt 0.976653 0.624387
vt 0.979731 0.625327
vt 0.978695 0.616389
vt 0.981891 0.616865
vt 0.979382 0.608188
vt 0.982617 0.608188
vt 0.950935 0.658563
vt 0.942219 0.661958
vt 0.933047 0.664029
vt 0.972277 0.641420
vt 0.966151 0.648166
vt 0.958978 0.653927
vt 0.983018 0.617033
vt 0.980816 0.625659
vt 0.977206 0.633855
vt 0.923643 0.664725
vt 0.914238 0.664029
vt 0.905066 0.661958
vt 0.896351 0.658563
vt 0.888307 0.653927
vt 0.881134 0.648166
vt 0.875008 0.641420
vt 0.870079 0.633856
vt 0.866469 0.625659
vt 0.864267 0.617033
vt 0.863527 0.608188
vt 0.866933 0.585391
vt 0.870104 0.585390
vt 0.865900 0.585390
vt 0.874085 0.544977
vt 0.877297 0.544977
vt 0.873127 0.544977
vt 0.882058 0.499923
vt 0.885316 0.499923
vt 0.881185 0.499923
vt 0.889929 0.455445
vt 0.893232 0.455445
vt 0.889139 0.455445
vt 0.897698 0.411543
vt 0.901046 0.411543
vt 0.896991 0.411543
vt 0.904925 0.370705
vt 0.908314 0.370705
vt 0.904295 0.370705
vt 0.983758 0.608188
vt 0.981385 0.585390
vt 0.980352 0.585390
vt 0.977181 0.585390
vt 0.973200 0.544977
vt 0.969988 0.544977
vt 0.974158 0.544977
vt 0.965227 0.499923
vt 0.961970 0.499923
vt 0.966100 0.499923
vt 0.957356 0.455445
vt 0.954053 0.455445
vt 0.958145 0.455445
vt 0.949587 0.411543
vt 0.946239 0.411543
vt 0.950294 0.411543
vt 0.942360 0.370705
vt 0.938971 0.370705
vt 0.942990 0.370705
vt 0.981891 0.616865
vt 0.982617 0.608189
vt 0.979382 0.608189
vt 0.979731 0.625327
vt 0.973306 0.631987
vt 0.968736 0.639000
vt 0.950416 0.657607
vt 0.940867 0.658043
vt 0.923643 0.663652
vt 0.896868 0.657607
vt 0.878549 0.639000
vt 0.873979 0.631987
vt 0.865394 0.616865
vt 0.882058 0.499923
vt 0.885316 0.499923
s 1
usemtl Airplane2_01
f 3167/1588/2456 3166/1589/2457 3165/1590/2458
f 3166/1589/2457 3168/1591/2459 3165/1590/2458
f 3168/1591/2459 3169/1592/2460 3165/1590/2458
f 3169/1592/2460 3170/1593/2461 3165/1590/2458
f 3170/1593/2461 3171/1594/2462 3165/1590/2458
f 3171/1594/2462 3172/1595/2463 3165/1590/2458
f 3172/1595/2463 3173/1596/2464 3165/1590/2458
f 3173/1596/2464 3174/1597/2465 3165/1590/2458
f 3174/1597/2465 3175/1598/2466 3165/1590/2458
f 3175/1598/2466 3176/1599/2467 3165/1590/2458
f 3176/1599/2467 3177/1600/2468 3165/1590/2458
f 3177/1600/2468 3178/1601/2469 3165/1590/2458
f 3178/1601/2469 3179/1602/2470 3165/1590/2458
f 3179/1602/2470 3180/1603/2471 3165/1590/2458
f 3180/1603/2471 3181/1604/2472 3165/1590/2458
f 3166/1589/2457 3167/1588/2456 3182/1605/2473
f 3168/1591/2459 3166/1589/2457 3183/1606/2474
f 3182/1605/2473 3183/1606/2474 3166/1589/2457
f 3183/1606/2474 3184/1607/2475 3168/1591/2459
f 3169/1592/2460 3168/1591/2459 3184/1607/2475
f 3184/1607/2475 3185/1608/2476 3169/1592/2460
f 3170/1593/2461 3169/1592/2460 3185/1608/2476
f 3185/1608/2476 3186/1609/2477 3170/1593/2461
f 3171/1594/2462 3170/1593/2461 3186/1609/2477
f 3186/1609/2477 3187/1610/2478 3171/1594/2462
f 3172/1595/2463 3171/1594/2462 3187/1610/2478
f 3187/1610/2478 3188/1611/2479 3172/1595/2463
f 3173/1596/2464 3172/1595/2463 3188/1611/2479
f 3188/1611/2479 3189/1612/2480 3173/1596/2464
f 3174/1597/2465 3173/1596/2464 3189/1612/2480
f 3189/1612/2480 3190/1613/2481 3174/1597/2465
f 3175/1598/2466 3174/1597/2465 3190/1613/2481
f 3190/1613/2481 3191/1614/2482 3175/1598/2466
f 3176/1599/2467 3175/1598/2466 3191/1614/2482
f 3191/1614/2482 3192/1615/2483 3176/1599/2467
f 3177/1600/2468 3176/1599/2467 3192/1615/2483
f 3192/1615/2483 3193/1616/2484 3177/1600/2468
f 3178/1601/2469 3177/1600/2468 3193/1616/2484
f 3193/1616/2484 3194/1617/2485 3178/1601/2469
f 3179/1602/2470 3178/1601/2469 3194/1617/2485
f 3194/1617/2485 3195/1618/2486 3179/1602/2470
f 3180/1603/2471 3179/1602/2470 3195/1618/2486
f 3195/1618/2486 3196/1619/2487 3180/1603/2471
f 3181/1604/2472 3180/1603/2471 3196/1619/2487
f 3196/1619/2487 3197/1620/2488 3181/1604/2472
f 3198/1621/2489 3181/1604/2472 3197/1620/2488
f 3181/1604/2472 3198/1621/2489 3165/1590/2458
f 3198/1621/2489 3199/1622/2490 3165/1590/2458
f 3199/1622/2490 3200/1623/2491 3165/1590/2458
f 3200/1623/2491 3201/1624/2492 3165/1590/2458
f 3201/1624/2492 3167/1588/2456 3165/1590/2458
f 3199/1622/2490 3198/1621/2489 3202/1625/2493
f 3197/1620/2488 3202/1625/2493 3198/1621/2489
f 3200/1623/2491 3199/1622/2490 3203/1626/2494
f 3202/1625/2493 3203/1626/2494 3199/1622/2490
f 3201/1624/2492 3200/1623/2491 3204/1627/2495
f 3203/1626/2494 3204/1627/2495 3200/1623/2491
f 3167/1588/2456 3201/1624/2492 3205/1628/2496
f 3204/1627/2495 3205/1628/2496 3201/1624/2492
f 3205/1628/2496 3182/1605/2473 3167/1588/2456
f 3182/1605/2473 3205/1628/2496 3206/1629/2497
f 3207/1630/2498 3206/1629/2497 3205/1628/2496
f 3205/1628/2496 3204/1627/2495 3207/1630/2498
f 3206/1629/2497 3208/1631/2499 3182/1605/2473
f 3183/1606/2474 3182/1605/2473 3208/1631/2499
f 3208/1631/2499 3209/1632/2500 3183/1606/2474
f 3184/1607/2475 3183/1606/2474 3209/1632/2500
f 3209/1632/2500 3210/1633/2501 3184/1607/2475
f 3185/1608/2476 3184/1607/2475 3210/1633/2501
f 3210/1633/2501 3211/1634/2502 3185/1608/2476
f 3186/1609/2477 3185/1608/2476 3211/1634/2502
f 3211/1634/2502 3212/1635/2503 3186/1609/2477
f 3187/1610/2478 3186/1609/2477 3212/1635/2503
f 3212/1635/2503 3213/1636/2504 3187/1610/2478
f 3188/1611/2479 3187/1610/2478 3213/1636/2504
f 3213/1636/2504 3214/1637/2505 3188/1611/2479
f 3189/1612/2480 3188/1611/2479 3214/1637/2505
f 3214/1637/2505 3215/1638/2506 3189/1612/2480
f 3190/1613/2481 3189/1612/2480 3215/1638/2506
f 3215/1638/2506 3216/1639/2507 3190/1613/2481
f 3191/1614/2482 3190/1613/2481 3216/1639/2507
f 3216/1639/2507 3217/1640/2508 3191/1614/2482
f 3192/1615/2483 3191/1614/2482 3217/1640/2508
f 3217/1640/2508 3218/1641/2509 3192/1615/2483
f 3193/1616/2484 3192/1615/2483 3218/1641/2509
f 3218/1641/2509 3219/1642/2510 3193/1616/2484
f 3194/1617/2485 3193/1616/2484 3219/1642/2510
f 3219/1642/2510 3220/1643/2511 3194/1617/2485
f 3195/1618/2486 3194/1617/2485 3220/1643/2511
f 3220/1643/2511 3221/1644/2512 3195/1618/2486
f 3196/1619/2487 3195/1618/2486 3221/1644/2512
f 3221/1644/2512 3222/1645/2513 3196/1619/2487
f 3197/1620/2488 3196/1619/2487 3222/1645/2513
f 3222/1645/2513 3223/1646/2514 3197/1620/2488
f 3202/1625/2493 3197/1620/2488 3223/1646/2514
f 3223/1646/2514 3224/1647/2515 3202/1625/2493
f 3203/1626/2494 3202/1625/2493 3224/1647/2515
f 3224/1647/2515 3225/1648/2516 3203/1626/2494
f 3204/1627/2495 3203/1626/2494 3225/1648/2516
f 3225/1648/2516 3207/1630/2498 3204/1627/2495
f 3228/1649/2497 3227/1650/2498 3226/1651/2517
f 3229/1652/2518 3226/1651/2517 3227/1650/2498
f 3226/1651/2517 3230/1653/2519 3228/1649/2497
f 3231/1654/2499 3228/1649/2497 3230/1653/2519
f 3230/1653/2519 3232/1655/2520 3231/1654/2499
f 3233/1656/2500 3231/1654/2499 3232/1655/2520
f 3232/1655/2520 3234/1657/2521 3233/1656/2500
f 3235/1658/2501 3233/1656/2500 3234/1657/2521
f 3234/1657/2521 3236/1659/2522 3235/1658/2501
f 3237/1660/2502 3235/1658/2501 3236/1659/2522
f 3236/1659/2522 3238/1661/2523 3237/1660/2502
f 3239/1662/2503 3237/1660/2502 3238/1661/2523
f 3238/1661/2523 3240/1663/2524 3239/1662/2503
f 3241/1664/2504 3239/1662/2503 3240/1663/2524
f 3240/1663/2524 3242/1665/2525 3241/1664/2504
f 3243/1666/2505 3241/1664/2504 3242/1665/2525
f 3242/1665/2525 3244/1667/2526 3243/1666/2505
f 3245/1668/2506 3243/1666/2505 3244/1667/2526
f 3244/1667/2526 3246/1669/2527 3245/1668/2506
f 3247/1670/2507 3245/1668/2506 3246/1669/2527
f 3246/1669/2527 3248/1671/2528 3247/1670/2507
f 3249/1672/2508 3247/1670/2507 3248/1671/2528
f 3248/1671/2528 3250/1673/2529 3249/1672/2508
f 3251/1674/2509 3249/1672/2508 3250/1673/2529
f 3250/1673/2529 3252/1675/2530 3251/1674/2509
f 3253/1676/2510 3251/1674/2509 3252/1675/2530
f 3252/1675/2530 3254/1677/2531 3253/1676/2510
f 3255/1678/2511 3253/1676/2510 3254/1677/2531
f 3254/1677/2531 3256/1679/2532 3255/1678/2511
f 3257/1680/2512 3255/1678/2511 3256/1679/2532
f 3256/1679/2532 3258/1681/2533 3257/1680/2512
f 3259/1682/2513 3257/1680/2512 3258/1681/2533
f 3258/1681/2533 3260/1683/2534 3259/1682/2513
f 3261/1684/2514 3259/1682/2513 3260/1683/2534
f 3260/1683/2534 3262/1685/2535 3261/1684/2514
f 3263/1686/2515 3261/1684/2514 3262/1685/2535
f 3262/1685/2535 3264/1687/2536 3263/1686/2515
f 3265/1688/2516 3263/1686/2515 3264/1687/2536
f 3264/1687/2536 3266/1689/2518 3265/1688/2516
f 3267/1690/2498 3265/1688/2516 3266/1689/2518
f 3254/1677/2531 3252/1675/2530 3268/1691/2537
f 3269/1692/2538 3268/1691/2537 3252/1675/2530
f 3252/1675/2530 3250/1673/2529 3269/1692/2538
f 3270/1693/2539 3269/1692/2538 3250/1673/2529
f 3250/1673/2529 3248/1671/2528 3270/1693/2539
f 3271/1694/2540 3270/1693/2539 3248/1671/2528
f 3248/1671/2528 3246/1669/2527 3271/1694/2540
f 3272/1695/2541 3271/1694/2540 3246/1669/2527
f 3246/1669/2527 3244/1667/2526 3272/1695/2541
f 3273/1696/2542 3272/1695/2541 3244/1667/2526
f 3244/1667/2526 3242/1665/2525 3273/1696/2542
f 3274/1697/2543 3273/1696/2542 3242/1665/2525
f 3242/1665/2525 3240/1663/2524 3274/1697/2543
f 3275/1698/2544 3274/1697/2543 3240/1663/2524
f 3240/1663/2524 3238/1661/2523 3275/1698/2544
f 3276/1699/2545 3275/1698/2544 3238/1661/2523
f 3238/1661/2523 3236/1659/2522 3276/1699/2545
f 3277/1700/2546 3276/1699/2545 3236/1659/2522
f 3236/1659/2522 3234/1657/2521 3277/1700/2546
f 3278/1701/2547 3277/1700/2546 3234/1657/2521
f 3234/1657/2521 3232/1655/2520 3278/1701/2547
f 3279/1702/2548 3278/1701/2547 3232/1655/2520
f 3232/1655/2520 3230/1653/2519 3279/1702/2548
f 3280/1703/2549 3279/1702/2548 3230/1653/2519
f 3230/1653/2519 3226/1651/2517 3280/1703/2549
f 3281/1704/2550 3280/1703/2549 3226/1651/2517
f 3226/1651/2517 3229/1652/2518 3281/1704/2550
f 3282/1705/2551 3281/1704/2550 3229/1652/2518
f 3279/1702/2548 3283/1702/2552 3278/1701/2547
f 3283/1702/2552 3279/1702/2548 3284/1703/2553
f 3285/1703/2554 3284/1703/2553 3279/1702/2548
f 3284/1703/2553 3285/1703/2554 3286/1704/2555
f 3287/1704/2556 3286/1704/2555 3285/1703/2554
f 3286/1704/2555 3287/1704/2556 3288/1705/2557
f 3289/1705/2558 3288/1705/2557 3287/1704/2556
f 3290/1701/2559 3278/1701/2547 3283/1702/2552
f 3278/1701/2547 3290/1701/2559 3291/1700/2560
f 3292/1700/2561 3291/1700/2560 3290/1701/2559
f 3291/1700/2560 3292/1700/2561 3276/1699/2545
f 3293/1699/2562 3276/1699/2545 3292/1700/2561
f 3276/1699/2545 3293/1699/2562 3275/1698/2544
f 3294/1698/2563 3275/1698/2544 3293/1699/2562
f 3275/1698/2544 3294/1698/2563 3274/1697/2543
f 3295/1697/2564 3274/1697/2543 3294/1698/2563
f 3274/1697/2543 3295/1697/2564 3273/1696/2542
f 3296/1696/2565 3273/1696/2542 3295/1697/2564
f 3273/1696/2542 3296/1696/2565 3297/1695/2566
f 3298/1695/2567 3297/1695/2566 3296/1696/2565
f 3297/1695/2566 3298/1695/2567 3271/1694/2540
f 3299/1694/2568 3271/1694/2540 3298/1695/2567
f 3271/1694/2540 3299/1694/2568 3270/1693/2539
f 3300/1693/2569 3270/1693/2539 3299/1694/2568
f 3270/1693/2539 3300/1693/2569 3301/1692/2570
f 3302/1692/2571 3301/1692/2570 3300/1693/2569
f 3301/1692/2570 3302/1692/2571 3303/1691/2572
f 3304/1691/2573 3303/1691/2572 3302/1692/2571
f 3303/1691/2572 3304/1691/2573 3305/1706/2574
f 3306/1706/2575 3305/1706/2574 3304/1691/2573
f 3305/1706/2574 3306/1706/2575 3307/1707/2576
f 3308/1707/2577 3307/1707/2576 3306/1706/2575
f 3307/1707/2576 3308/1707/2577 3309/1708/2578
f 3310/1708/2579 3309/1708/2578 3308/1707/2577
f 3309/1708/2578 3310/1708/2579 3311/1709/2580
f 3312/1709/2581 3311/1709/2580 3310/1708/2579
f 3311/1709/2580 3312/1709/2581 3313/1710/2582
f 3314/1710/2583 3313/1710/2582 3312/1709/2581
f 3313/1710/2582 3314/1710/2583 3315/1711/2558
f 3316/1711/2584 3315/1711/2558 3314/1710/2583
f 3256/1679/2532 3254/1677/2531 3317/1706/2585
f 3268/1691/2537 3317/1706/2585 3254/1677/2531
f 3317/1706/2585 3318/1707/2586 3256/1679/2532
f 3258/1681/2533 3256/1679/2532 3318/1707/2586
f 3318/1707/2586 3319/1708/2587 3258/1681/2533
f 3260/1683/2534 3258/1681/2533 3319/1708/2587
f 3319/1708/2587 3320/1709/2588 3260/1683/2534
f 3262/1685/2535 3260/1683/2534 3320/1709/2588
f 3320/1709/2588 3321/1710/2589 3262/1685/2535
f 3264/1687/2536 3262/1685/2535 3321/1710/2589
f 3321/1710/2589 3322/1711/2551 3264/1687/2536
f 3266/1689/2518 3264/1687/2536 3322/1711/2551
f 3325/1712/2590 3324/1713/2591 3323/1714/2592
f 3326/1715/2593 3323/1714/2592 3324/1713/2591
f 3324/1713/2591 3325/1712/2590 3327/1716/2594
f 3328/1717/2595 3327/1716/2594 3325/1712/2590
f 3327/1716/2594 3328/1717/2595 3329/1718/2596
f 3330/1719/2597 3329/1718/2596 3328/1717/2595
f 3329/1718/2596 3330/1719/2597 3331/1720/2598
f 3332/1721/2599 3331/1720/2598 3330/1719/2597
f 3331/1720/2598 3332/1721/2599 3333/1722/2600
f 3334/1723/2601 3333/1722/2600 3332/1721/2599
f 3333/1722/2600 3334/1723/2601 3335/1724/2602
f 3336/1725/2603 3335/1724/2602 3334/1723/2601
f 3335/1724/2602 3336/1725/2603 3337/1726/2604
f 3338/1727/2605 3337/1726/2604 3336/1725/2603
f 3337/1726/2604 3338/1727/2605 3339/1728/2606
f 3340/1729/2607 3339/1728/2606 3338/1727/2605
f 3339/1728/2606 3340/1729/2607 3341/1730/2608
f 3342/1731/2609 3341/1730/2608 3340/1729/2607
f 3341/1730/2608 3342/1731/2609 3343/1732/2610
f 3344/1733/2611 3343/1732/2610 3342/1731/2609
f 3343/1732/2610 3344/1733/2611 3345/1734/2612
f 3346/1735/2613 3345/1734/2612 3344/1733/2611
f 3345/1734/2612 3346/1735/2613 3347/1736/2614
f 3348/1737/2615 3347/1736/2614 3346/1735/2613
f 3347/1736/2614 3348/1737/2615 3349/1738/2616
f 3350/1739/2617 3349/1738/2616 3348/1737/2615
f 3349/1738/2616 3350/1739/2617 3351/1740/2618
f 3352/1741/2619 3351/1740/2618 3350/1739/2617
f 3351/1740/2618 3352/1741/2619 3353/1742/2620
f 3354/1743/2621 3353/1742/2620 3352/1741/2619
f 3353/1742/2620 3354/1743/2621 3355/1744/2622
f 3356/1745/2623 3355/1744/2622 3354/1743/2621
f 3355/1744/2622 3356/1745/2623 3357/1746/2624
f 3358/1747/2625 3357/1746/2624 3356/1745/2623
f 3357/1746/2624 3358/1747/2625 3359/1748/2626
f 3360/1749/2627 3359/1748/2626 3358/1747/2625
f 3359/1748/2626 3360/1749/2627 3361/1750/2628
f 3362/1751/2629 3361/1750/2628 3360/1749/2627
f 3361/1750/2628 3362/1751/2629 3363/1752/2630
f 3364/1753/2631 3363/1752/2630 3362/1751/2629
f 3350/1739/2617 3365/1754/2632 3352/1741/2619
f 3365/1754/2632 3350/1739/2617 3366/1755/2633
f 3348/1737/2615 3366/1755/2633 3350/1739/2617
f 3366/1755/2633 3348/1737/2615 3367/1756/2634
f 3346/1735/2613 3367/1756/2634 3348/1737/2615
f 3356/1745/2623 3368/1757/2635 3358/1747/2625
f 3368/1757/2635 3356/1745/2623 3369/1758/2636
f 3354/1743/2621 3369/1758/2636 3356/1745/2623
f 3369/1758/2636 3354/1743/2621 3370/1759/2637
f 3370/1759/2637 3352/1741/2619 3365/1754/2632
f 3352/1741/2619 3370/1759/2637 3354/1743/2621
f 3362/1751/2629 3371/1760/2638 3364/1753/2631
f 3371/1760/2638 3362/1751/2629 3372/1761/2639
f 3360/1749/2627 3372/1761/2639 3362/1751/2629
f 3372/1761/2639 3360/1749/2627 3373/1762/2640
f 3373/1762/2640 3358/1747/2625 3368/1757/2635
f 3358/1747/2625 3373/1762/2640 3360/1749/2627
f 3344/1733/2611 3374/1763/2584 3346/1735/2613
f 3374/1763/2584 3344/1733/2611 3375/1764/2641
f 3342/1731/2609 3375/1764/2641 3344/1733/2611
f 3340/1729/2607 3376/1765/2642 3342/1731/2609
f 3376/1765/2642 3340/1729/2607 3377/1766/2643
f 3338/1727/2605 3377/1766/2643 3340/1729/2607
f 3377/1766/2643 3338/1727/2605 3378/1767/2644
f 3336/1725/2603 3378/1767/2644 3338/1727/2605
f 3378/1767/2644 3336/1725/2603 3379/1768/2645
f 3334/1723/2601 3379/1768/2645 3336/1725/2603
f 3379/1768/2645 3334/1723/2601 3380/1769/2646
f 3332/1721/2599 3380/1769/2646 3334/1723/2601
f 3380/1769/2646 3332/1721/2599 3381/1770/2647
f 3330/1719/2597 3381/1770/2647 3332/1721/2599
f 3381/1770/2647 3330/1719/2597 3382/1771/2648
f 3328/1717/2595 3382/1771/2648 3330/1719/2597
f 3382/1771/2648 3328/1717/2595 3383/1772/2649
f 3325/1712/2590 3383/1772/2649 3328/1717/2595
f 3383/1772/2649 3325/1712/2590 3384/1773/2650
f 3323/1714/2592 3384/1773/2650 3325/1712/2590
f 3323/1714/2592 3385/1774/2651 3384/1773/2650
f 3385/1774/2651 3323/1714/2592 3386/1775/2652
f 3326/1715/2593 3386/1775/2652 3323/1714/2592
f 3387/1776/2653 3384/1773/2650 3385/1774/2651
f 3385/1774/2651 3386/1775/2652 3388/1777/2654
f 3389/1778/2655 3388/1777/2654 3386/1775/2652
f 3388/1777/2654 3390/1779/2656 3385/1774/2651
f 3387/1776/2653 3385/1774/2651 3390/1779/2656
f 3388/1777/2654 3389/1778/2655 3391/1780/2657
f 3392/1781/2658 3391/1780/2657 3389/1778/2655
f 3391/1780/2657 3393/1782/2659 3388/1777/2654
f 3390/1779/2656 3388/1777/2654 3393/1782/2659
f 3391/1780/2657 3392/1781/2658 3394/1783/2660
f 3395/1784/2661 3394/1783/2660 3392/1781/2658
f 3394/1783/2660 3396/1785/2662 3391/1780/2657
f 3393/1782/2659 3391/1780/2657 3396/1785/2662
f 3394/1783/2660 3395/1784/2661 3397/1786/2663
f 3398/1787/2664 3397/1786/2663 3395/1784/2661
f 3397/1786/2663 3399/1788/2665 3394/1783/2660
f 3396/1785/2662 3394/1783/2660 3399/1788/2665
f 3397/1786/2663 3398/1787/2664 3400/1789/2666
f 3397/1786/2663 3400/1789/2666 3399/1788/2665
f 3401/1790/2667 3400/1789/2666 3398/1787/2664
f 3402/1791/2668 3399/1788/2665 3400/1789/2666
f 3403/1764/2641 3342/1731/2609 3376/1765/2642
f 3404/1756/2669 3346/1735/2613 3374/1763/2584
f 3405/1792/2670 3364/1753/2631 3371/1760/2638
f 3405/1792/2670 3406/1793/2671 3364/1753/2631
f 3407/1794/2672 3364/1753/2631 3406/1793/2671
f 3364/1753/2631 3407/1794/2672 3363/1752/2630
f 3408/1795/2673 3363/1752/2630 3407/1794/2672
f 3407/1794/2672 3409/1796/2674 3408/1795/2673
f 3410/1797/2675 3408/1795/2673 3409/1796/2674
f 3406/1793/2671 3411/1798/2676 3407/1794/2672
f 3409/1796/2674 3407/1794/2672 3411/1798/2676
f 3409/1796/2674 3412/1799/2677 3410/1797/2675
f 3413/1800/2678 3410/1797/2675 3412/1799/2677
f 3412/1799/2677 3409/1796/2674 3414/1801/2679
f 3411/1798/2676 3414/1801/2679 3409/1796/2674
f 3412/1799/2677 3415/1802/2680 3413/1800/2678
f 3416/1803/2681 3413/1800/2678 3415/1802/2680
f 3415/1802/2680 3412/1799/2677 3417/1804/2682
f 3414/1801/2679 3417/1804/2682 3412/1799/2677
f 3415/1802/2680 3418/1805/2683 3416/1803/2681
f 3419/1806/2684 3416/1803/2681 3418/1805/2683
f 3418/1805/2683 3415/1802/2680 3420/1807/2685
f 3417/1804/2682 3420/1807/2685 3415/1802/2680
f 3418/1805/2683 3421/1808/2686 3419/1806/2684
f 3422/1809/2687 3419/1806/2684 3421/1808/2686
f 3421/1808/2686 3418/1805/2683 3423/1810/2688
f 3420/1807/2685 3423/1810/2688 3418/1805/2683
f 3426/1713/2689 3425/1716/2690 3424/1715/2691
f 3425/1716/2690 3427/1718/2692 3424/1715/2691
f 3427/1718/2692 3428/1720/2693 3424/1715/2691
f 3428/1720/2693 3429/1722/2694 3424/1715/2691
f 3429/1722/2694 3430/1724/2695 3424/1715/2691
f 3430/1724/2695 3431/1726/2696 3424/1715/2691
f 3431/1726/2696 3432/1728/2697 3424/1715/2691
f 3432/1728/2697 3433/1730/2698 3424/1715/2691
f 3433/1730/2698 3434/1732/2699 3424/1715/2691
f 3434/1732/2699 3435/1734/2700 3424/1715/2691
f 3435/1734/2700 3436/1736/2701 3424/1715/2691
f 3436/1736/2701 3437/1738/2702 3424/1715/2691
f 3437/1738/2702 3438/1740/2703 3424/1715/2691
f 3438/1740/2703 3439/1742/2704 3424/1715/2691
f 3439/1742/2704 3440/1744/2705 3424/1715/2691
f 3440/1744/2705 3441/1746/2706 3424/1715/2691
f 3441/1746/2706 3442/1748/2707 3424/1715/2691
f 3442/1748/2707 3443/1750/2708 3424/1715/2691
f 3443/1750/2708 3444/1752/2709 3424/1715/2691
f 3444/1752/2709 3445/1795/2710 3424/1715/2691
f 3446/1775/2711 3424/1715/2691 3445/1795/2710
f 3446/1775/2711 3445/1795/2710 3447/1778/2712
f 3448/1797/2713 3447/1778/2712 3445/1795/2710
f 3448/1797/2713 3449/1800/2714 3447/1778/2712
f 3450/1781/2715 3447/1778/2712 3449/1800/2714
f 3449/1800/2714 3451/1803/2716 3450/1781/2715
f 3452/1784/2717 3450/1781/2715 3451/1803/2716
f 3451/1803/2716 3453/1806/2718 3452/1784/2717
f 3454/1787/2719 3452/1784/2717 3453/1806/2718
f 3453/1806/2718 3455/1809/2720 3454/1787/2719
f 3456/1790/2721 3454/1787/2719 3455/1809/2720
f 3459/1811/2722 3458/1750/2723 3457/1812/2724
f 3460/1813/2725 3457/1812/2724 3458/1750/2723
f 3458/1750/2723 3459/1811/2722 3461/1748/2726
f 3462/1814/2727 3461/1748/2726 3459/1811/2722
f 3461/1748/2726 3462/1814/2727 3463/1815/2728
f 3464/1747/2729 3463/1815/2728 3462/1814/2727
f 3463/1815/2728 3464/1747/2729 3465/1816/2730
f 3466/1745/2731 3465/1816/2730 3464/1747/2729
f 3465/1816/2730 3466/1745/2731 3467/1742/2732
f 3468/1743/2733 3467/1742/2732 3466/1745/2731
f 3467/1742/2732 3468/1743/2733 3469/1740/2734
f 3470/1741/2735 3469/1740/2734 3468/1743/2733
f 3469/1740/2734 3470/1741/2735 3471/1738/2736
f 3472/1817/2737 3471/1738/2736 3470/1741/2735
f 3471/1738/2736 3472/1817/2737 3473/1818/2738
f 3474/1737/2739 3473/1818/2738 3472/1817/2737
f 3473/1818/2738 3474/1737/2739 3475/1734/2740
f 3476/1735/2741 3475/1734/2740 3474/1737/2739
f 3475/1734/2740 3476/1735/2741 3477/1732/2742
f 3478/1819/2743 3477/1732/2742 3476/1735/2741
f 3477/1732/2742 3478/1819/2743 3479/1730/2744
f 3480/1731/2745 3479/1730/2744 3478/1819/2743
f 3479/1730/2744 3480/1731/2745 3481/1728/2746
f 3482/1729/2747 3481/1728/2746 3480/1731/2745
f 3481/1728/2746 3482/1729/2747 3483/1726/2748
f 3484/1820/2749 3483/1726/2748 3482/1729/2747
f 3483/1726/2748 3484/1820/2749 3485/1724/2750
f 3486/1725/2751 3485/1724/2750 3484/1820/2749
f 3485/1724/2750 3486/1725/2751 3487/1722/2752
f 3488/1723/2753 3487/1722/2752 3486/1725/2751
f 3487/1722/2752 3488/1723/2753 3489/1821/2754
f 3490/1721/2755 3489/1821/2754 3488/1723/2753
f 3489/1821/2754 3490/1721/2755 3491/1822/2756
f 3492/1719/2757 3491/1822/2756 3490/1721/2755
f 3491/1822/2756 3492/1719/2757 3493/1716/2758
f 3494/1717/2759 3493/1716/2758 3492/1719/2757
f 3493/1716/2758 3494/1717/2759 3495/1713/2760
f 3496/1823/2761 3495/1713/2760 3494/1717/2759
f 3495/1713/2760 3496/1823/2761 3497/1715/2762
f 3498/1714/2763 3497/1715/2762 3496/1823/2761
f 3484/1820/2749 3499/1766/2643 3486/1725/2751
f 3499/1766/2643 3484/1820/2749 3500/1765/2642
f 3482/1729/2747 3500/1765/2642 3484/1820/2749
f 3500/1765/2642 3482/1729/2747 3501/1764/2764
f 3480/1731/2745 3501/1764/2764 3482/1729/2747
f 3490/1721/2755 3502/1769/2765 3492/1719/2757
f 3502/1769/2765 3490/1721/2755 3503/1768/2645
f 3488/1723/2753 3503/1768/2645 3490/1721/2755
f 3503/1768/2645 3488/1723/2753 3504/1767/2766
f 3504/1767/2766 3486/1725/2751 3499/1766/2643
f 3486/1725/2751 3504/1767/2766 3488/1723/2753
f 3496/1823/2761 3505/1772/2649 3498/1714/2763
f 3505/1772/2649 3496/1823/2761 3506/1771/2648
f 3494/1717/2759 3506/1771/2648 3496/1823/2761
f 3506/1771/2648 3494/1717/2759 3507/1770/2767
f 3507/1770/2767 3492/1719/2757 3502/1769/2765
f 3492/1719/2757 3507/1770/2767 3494/1717/2759
f 3478/1819/2743 3508/1763/2584 3480/1731/2745
f 3508/1763/2584 3478/1819/2743 3509/1756/2669
f 3476/1735/2741 3509/1756/2669 3478/1819/2743
f 3474/1737/2739 3510/1755/2633 3476/1735/2741
f 3510/1755/2633 3474/1737/2739 3511/1754/2632
f 3472/1817/2737 3511/1754/2632 3474/1737/2739
f 3511/1754/2632 3472/1817/2737 3512/1759/2768
f 3470/1741/2735 3512/1759/2768 3472/1817/2737
f 3512/1759/2768 3470/1741/2735 3513/1758/2636
f 3468/1743/2733 3513/1758/2636 3470/1741/2735
f 3513/1758/2636 3468/1743/2733 3514/1757/2769
f 3466/1745/2731 3514/1757/2769 3468/1743/2733
f 3514/1757/2769 3466/1745/2731 3515/1762/2770
f 3464/1747/2729 3515/1762/2770 3466/1745/2731
f 3515/1762/2770 3464/1747/2729 3516/1761/2639
f 3462/1814/2727 3516/1761/2639 3464/1747/2729
f 3516/1761/2639 3462/1814/2727 3517/1760/2638
f 3459/1811/2722 3517/1760/2638 3462/1814/2727
f 3517/1760/2638 3459/1811/2722 3518/1792/2670
f 3457/1812/2724 3518/1792/2670 3459/1811/2722
f 3457/1812/2724 3519/1794/2771 3518/1792/2670
f 3519/1794/2771 3457/1812/2724 3520/1795/2772
f 3460/1813/2725 3520/1795/2772 3457/1812/2724
f 3521/1793/2671 3518/1792/2670 3519/1794/2771
f 3519/1794/2771 3520/1795/2772 3522/1796/2773
f 3523/1797/2774 3522/1796/2773 3520/1795/2772
f 3522/1796/2773 3524/1798/2676 3519/1794/2771
f 3521/1793/2671 3519/1794/2771 3524/1798/2676
f 3522/1796/2773 3523/1797/2774 3525/1799/2775
f 3526/1800/2776 3525/1799/2775 3523/1797/2774
f 3525/1799/2775 3527/1801/2679 3522/1796/2773
f 3524/1798/2676 3522/1796/2773 3527/1801/2679
f 3525/1799/2775 3526/1800/2776 3528/1802/2777
f 3529/1803/2778 3528/1802/2777 3526/1800/2776
f 3528/1802/2777 3530/1804/2682 3525/1799/2775
f 3527/1801/2679 3525/1799/2775 3530/1804/2682
f 3528/1802/2777 3529/1803/2778 3531/1805/2779
f 3532/1806/2780 3531/1805/2779 3529/1803/2778
f 3531/1805/2779 3533/1807/2781 3528/1802/2777
f 3530/1804/2682 3528/1802/2777 3533/1807/2781
f 3531/1805/2779 3532/1806/2780 3534/1808/2782
f 3531/1805/2779 3534/1808/2782 3533/1807/2781
f 3535/1809/2783 3534/1808/2782 3532/1806/2780
f 3536/1810/2688 3533/1807/2781 3534/1808/2782
f 3537/1756/2634 3476/1735/2741 3510/1755/2633
f 3538/1764/2641 3480/1731/2745 3508/1763/2584
f 3539/1773/2650 3498/1714/2763 3505/1772/2649
f 3539/1773/2650 3540/1776/2653 3498/1714/2763
f 3541/1774/2784 3498/1714/2763 3540/1776/2653
f 3498/1714/2763 3541/1774/2784 3497/1715/2762
f 3542/1775/2785 3497/1715/2762 3541/1774/2784
f 3541/1774/2784 3543/1777/2786 3542/1775/2785
f 3544/1778/2787 3542/1775/2785 3543/1777/2786
f 3540/1776/2653 3545/1779/2656 3541/1774/2784
f 3543/1777/2786 3541/1774/2784 3545/1779/2656
f 3543/1777/2786 3546/1824/2788 3544/1778/2787
f 3547/1825/2789 3544/1778/2787 3546/1824/2788
f 3546/1824/2788 3543/1777/2786 3548/1782/2659
f 3545/1779/2656 3548/1782/2659 3543/1777/2786
f 3546/1824/2788 3549/1783/2790 3547/1825/2789
f 3550/1784/2791 3547/1825/2789 3549/1783/2790
f 3549/1783/2790 3546/1824/2788 3551/1785/2662
f 3548/1782/2659 3551/1785/2662 3546/1824/2788
f 3549/1783/2790 3552/1786/2792 3550/1784/2791
f 3553/1787/2793 3550/1784/2791 3552/1786/2792
f 3552/1786/2792 3549/1783/2790 3554/1788/2794
f 3551/1785/2662 3554/1788/2794 3549/1783/2790
f 3552/1786/2792 3555/1789/2795 3553/1787/2793
f 3556/1790/2796 3553/1787/2793 3555/1789/2795
f 3555/1789/2795 3552/1786/2792 3557/1791/2668
f 3554/1788/2794 3557/1791/2668 3552/1786/2792
f 3560/1750/2797 3559/1748/2798 3558/1813/2799
f 3559/1748/2798 3561/1815/2800 3558/1813/2799
f 3561/1815/2800 3562/1816/2801 3558/1813/2799
f 3562/1816/2801 3563/1742/2802 3558/1813/2799
f 3563/1742/2802 3564/1740/2803 3558/1813/2799
f 3564/1740/2803 3565/1738/2804 3558/1813/2799
f 3565/1738/2804 3566/1818/2805 3558/1813/2799
f 3566/1818/2805 3567/1734/2806 3558/1813/2799
f 3567/1734/2806 3568/1732/2807 3558/1813/2799
f 3568/1732/2807 3569/1730/2808 3558/1813/2799
f 3569/1730/2808 3570/1728/2809 3558/1813/2799
f 3570/1728/2809 3571/1726/2810 3558/1813/2799
f 3571/1726/2810 3572/1724/2811 3558/1813/2799
f 3572/1724/2811 3573/1722/2812 3558/1813/2799
f 3573/1722/2812 3574/1821/2813 3558/1813/2799
f 3574/1821/2813 3575/1822/2814 3558/1813/2799
f 3575/1822/2814 3576/1716/2815 3558/1813/2799
f 3576/1716/2815 3577/1713/2816 3558/1813/2799
f 3577/1713/2816 3578/1715/2817 3558/1813/2799
f 3578/1715/2817 3579/1775/2818 3558/1813/2799
f 3580/1795/2819 3558/1813/2799 3579/1775/2818
f 3580/1795/2819 3579/1775/2818 3581/1797/2820
f 3582/1778/2821 3581/1797/2820 3579/1775/2818
f 3582/1778/2821 3583/1825/2822 3581/1797/2820
f 3584/1800/2823 3581/1797/2820 3583/1825/2822
f 3583/1825/2822 3585/1784/2824 3584/1800/2823
f 3586/1803/2825 3584/1800/2823 3585/1784/2824
f 3585/1784/2824 3587/1787/2826 3586/1803/2825
f 3588/1806/2827 3586/1803/2825 3587/1787/2826
f 3587/1787/2826 3589/1790/2828 3588/1806/2827
f 3590/1809/2829 3588/1806/2827 3589/1790/2828
f 3593/1712/2830 3592/1713/2831 3591/1714/2832
f 3594/1715/2833 3591/1714/2832 3592/1713/2831
f 3592/1713/2831 3593/1712/2830 3595/1716/2834
f 3596/1717/2835 3595/1716/2834 3593/1712/2830
f 3595/1716/2834 3596/1717/2835 3597/1718/2836
f 3598/1719/2837 3597/1718/2836 3596/1717/2835
f 3597/1718/2836 3598/1719/2837 3599/1720/2838
f 3600/1721/2839 3599/1720/2838 3598/1719/2837
f 3599/1720/2838 3600/1721/2839 3601/1722/2840
f 3602/1723/2841 3601/1722/2840 3600/1721/2839
f 3601/1722/2840 3602/1723/2841 3603/1724/2842
f 3604/1725/2843 3603/1724/2842 3602/1723/2841
f 3603/1724/2842 3604/1725/2843 3605/1726/2844
f 3606/1727/2845 3605/1726/2844 3604/1725/2843
f 3605/1726/2844 3606/1727/2845 3607/1728/2846
f 3608/1729/2847 3607/1728/2846 3606/1727/2845
f 3607/1728/2846 3608/1729/2847 3609/1730/2848
f 3610/1731/2849 3609/1730/2848 3608/1729/2847
f 3609/1730/2848 3610/1731/2849 3611/1732/2850
f 3612/1733/2851 3611/1732/2850 3610/1731/2849
f 3611/1732/2850 3612/1733/2851 3613/1734/2852
f 3614/1735/2853 3613/1734/2852 3612/1733/2851
f 3613/1734/2852 3614/1735/2853 3615/1736/2854
f 3616/1737/2855 3615/1736/2854 3614/1735/2853
f 3615/1736/2854 3616/1737/2855 3617/1738/2856
f 3618/1739/2857 3617/1738/2856 3616/1737/2855
f 3617/1738/2856 3618/1739/2857 3619/1740/2858
f 3620/1741/2859 3619/1740/2858 3618/1739/2857
f 3619/1740/2858 3620/1741/2859 3621/1742/2860
f 3622/1743/2861 3621/1742/2860 3620/1741/2859
f 3621/1742/2860 3622/1743/2861 3623/1744/2862
f 3624/1745/2863 3623/1744/2862 3622/1743/2861
f 3623/1744/2862 3624/1745/2863 3625/1746/2864
f 3626/1747/2865 3625/1746/2864 3624/1745/2863
f 3625/1746/2864 3626/1747/2865 3627/1748/2866
f 3628/1749/2867 3627/1748/2866 3626/1747/2865
f 3627/1748/2866 3628/1749/2867 3629/1750/2868
f 3630/1751/2869 3629/1750/2868 3628/1749/2867
f 3629/1750/2868 3630/1751/2869 3631/1752/2870
f 3632/1753/2871 3631/1752/2870 3630/1751/2869
f 3618/1739/2857 3633/1754/2872 3620/1741/2859
f 3633/1754/2872 3618/1739/2857 3634/1755/2873
f 3616/1737/2855 3634/1755/2873 3618/1739/2857
f 3634/1755/2873 3616/1737/2855 3635/1756/2874
f 3614/1735/2853 3635/1756/2874 3616/1737/2855
f 3624/1745/2863 3636/1757/2875 3626/1747/2865
f 3636/1757/2875 3624/1745/2863 3637/1758/2876
f 3622/1743/2861 3637/1758/2876 3624/1745/2863
f 3637/1758/2876 3622/1743/2861 3638/1759/2877
f 3638/1759/2877 3620/1741/2859 3633/1754/2872
f 3620/1741/2859 3638/1759/2877 3622/1743/2861
f 3630/1751/2869 3639/1760/2878 3632/1753/2871
f 3639/1760/2878 3630/1751/2869 3640/1761/2879
f 3628/1749/2867 3640/1761/2879 3630/1751/2869
f 3640/1761/2879 3628/1749/2867 3641/1762/2880
f 3641/1762/2880 3626/1747/2865 3636/1757/2875
f 3626/1747/2865 3641/1762/2880 3628/1749/2867
f 3612/1733/2851 3642/1763/2881 3614/1735/2853
f 3642/1763/2881 3612/1733/2851 3643/1764/2882
f 3610/1731/2849 3643/1764/2882 3612/1733/2851
f 3608/1729/2847 3644/1765/2883 3610/1731/2849
f 3644/1765/2883 3608/1729/2847 3645/1766/2884
f 3606/1727/2845 3645/1766/2884 3608/1729/2847
f 3645/1766/2884 3606/1727/2845 3646/1767/2885
f 3604/1725/2843 3646/1767/2885 3606/1727/2845
f 3646/1767/2885 3604/1725/2843 3647/1768/2886
f 3602/1723/2841 3647/1768/2886 3604/1725/2843
f 3647/1768/2886 3602/1723/2841 3648/1769/2887
f 3600/1721/2839 3648/1769/2887 3602/1723/2841
f 3648/1769/2887 3600/1721/2839 3649/1770/2888
f 3598/1719/2837 3649/1770/2888 3600/1721/2839
f 3649/1770/2888 3598/1719/2837 3650/1771/2889
f 3596/1717/2835 3650/1771/2889 3598/1719/2837
f 3650/1771/2889 3596/1717/2835 3651/1772/2890
f 3593/1712/2830 3651/1772/2890 3596/1717/2835
f 3651/1772/2890 3593/1712/2830 3652/1773/2891
f 3591/1714/2832 3652/1773/2891 3593/1712/2830
f 3591/1714/2832 3653/1774/2892 3652/1773/2891
f 3653/1774/2892 3591/1714/2832 3654/1775/2893
f 3594/1715/2833 3654/1775/2893 3591/1714/2832
f 3655/1776/2894 3652/1773/2891 3653/1774/2892
f 3653/1774/2892 3654/1775/2893 3656/1777/2895
f 3657/1778/2896 3656/1777/2895 3654/1775/2893
f 3656/1777/2895 3658/1779/2897 3653/1774/2892
f 3655/1776/2894 3653/1774/2892 3658/1779/2897
f 3656/1777/2895 3657/1778/2896 3659/1780/2898
f 3660/1781/2899 3659/1780/2898 3657/1778/2896
f 3659/1780/2898 3661/1782/2900 3656/1777/2895
f 3658/1779/2897 3656/1777/2895 3661/1782/2900
f 3659/1780/2898 3660/1781/2899 3662/1783/2901
f 3663/1784/2902 3662/1783/2901 3660/1781/2899
f 3662/1783/2901 3664/1785/2903 3659/1780/2898
f 3661/1782/2900 3659/1780/2898 3664/1785/2903
f 3662/1783/2901 3663/1784/2902 3665/1786/2904
f 3666/1787/2905 3665/1786/2904 3663/1784/2902
f 3665/1786/2904 3667/1788/2906 3662/1783/2901
f 3664/1785/2903 3662/1783/2901 3667/1788/2906
f 3665/1786/2904 3666/1787/2905 3668/1789/2907
f 3665/1786/2904 3668/1789/2907 3667/1788/2906
f 3669/1790/2908 3668/1789/2907 3666/1787/2905
f 3670/1791/2909 3667/1788/2906 3668/1789/2907
f 3671/1764/2910 3610/1731/2849 3644/1765/2883
f 3672/1756/2874 3614/1735/2853 3642/1763/2881
f 3673/1792/2911 3632/1753/2871 3639/1760/2878
f 3673/1792/2911 3674/1793/2912 3632/1753/2871
f 3675/1794/2913 3632/1753/2871 3674/1793/2912
f 3632/1753/2871 3675/1794/2913 3631/1752/2870
f 3676/1795/2914 3631/1752/2870 3675/1794/2913
f 3675/1794/2913 3677/1796/2915 3676/1795/2914
f 3678/1797/2916 3676/1795/2914 3677/1796/2915
f 3674/1793/2912 3679/1798/2917 3675/1794/2913
f 3677/1796/2915 3675/1794/2913 3679/1798/2917
f 3677/1796/2915 3680/1799/2918 3678/1797/2916
f 3681/1800/2919 3678/1797/2916 3680/1799/2918
f 3680/1799/2918 3677/1796/2915 3682/1801/2920
f 3679/1798/2917 3682/1801/2920 3677/1796/2915
f 3680/1799/2918 3683/1802/2921 3681/1800/2919
f 3684/1803/2922 3681/1800/2919 3683/1802/2921
f 3683/1802/2921 3680/1799/2918 3685/1804/2923
f 3682/1801/2920 3685/1804/2923 3680/1799/2918
f 3683/1802/2921 3686/1805/2924 3684/1803/2922
f 3687/1806/2925 3684/1803/2922 3686/1805/2924
f 3686/1805/2924 3683/1802/2921 3688/1807/2926
f 3685/1804/2923 3688/1807/2926 3683/1802/2921
f 3686/1805/2924 3689/1808/2927 3687/1806/2925
f 3690/1809/2928 3687/1806/2925 3689/1808/2927
f 3689/1808/2927 3686/1805/2924 3691/1810/2929
f 3688/1807/2926 3691/1810/2929 3686/1805/2924
f 3694/1713/2930 3693/1716/2931 3692/1715/2932
f 3693/1716/2931 3695/1718/2933 3692/1715/2932
f 3695/1718/2933 3696/1720/2934 3692/1715/2932
f 3696/1720/2934 3697/1722/2935 3692/1715/2932
f 3697/1722/2935 3698/1724/2936 3692/1715/2932
f 3698/1724/2936 3699/1726/2937 3692/1715/2932
f 3699/1726/2937 3700/1728/2938 3692/1715/2932
f 3700/1728/2938 3701/1730/2939 3692/1715/2932
f 3701/1730/2939 3702/1732/2940 3692/1715/2932
f 3702/1732/2940 3703/1734/2941 3692/1715/2932
f 3703/1734/2941 3704/1736/2942 3692/1715/2932
f 3704/1736/2942 3705/1738/2943 3692/1715/2932
f 3705/1738/2943 3706/1740/2944 3692/1715/2932
f 3706/1740/2944 3707/1742/2945 3692/1715/2932
f 3707/1742/2945 3708/1744/2946 3692/1715/2932
f 3708/1744/2946 3709/1746/2947 3692/1715/2932
f 3709/1746/2947 3710/1748/2948 3692/1715/2932
f 3710/1748/2948 3711/1750/2949 3692/1715/2932
f 3711/1750/2949 3712/1752/2950 3692/1715/2932
f 3712/1752/2950 3713/1795/2951 3692/1715/2932
f 3714/1775/2952 3692/1715/2932 3713/1795/2951
f 3714/1775/2952 3713/1795/2951 3715/1778/2953
f 3716/1797/2954 3715/1778/2953 3713/1795/2951
f 3716/1797/2954 3717/1800/2955 3715/1778/2953
f 3718/1781/2956 3715/1778/2953 3717/1800/2955
f 3717/1800/2955 3719/1803/2957 3718/1781/2956
f 3720/1784/2958 3718/1781/2956 3719/1803/2957
f 3719/1803/2957 3721/1806/2959 3720/1784/2958
f 3722/1787/2960 3720/1784/2958 3721/1806/2959
f 3721/1806/2959 3723/1809/2961 3722/1787/2960
f 3724/1790/2962 3722/1787/2960 3723/1809/2961
f 3727/1811/2963 3726/1750/2964 3725/1812/2965
f 3728/1813/2966 3725/1812/2965 3726/1750/2964
f 3726/1750/2964 3727/1811/2963 3729/1748/2967
f 3730/1814/2968 3729/1748/2967 3727/1811/2963
f 3729/1748/2967 3730/1814/2968 3731/1815/2969
f 3732/1747/2970 3731/1815/2969 3730/1814/2968
f 3731/1815/2969 3732/1747/2970 3733/1816/2971
f 3734/1745/2972 3733/1816/2971 3732/1747/2970
f 3733/1816/2971 3734/1745/2972 3735/1742/2973
f 3736/1743/2974 3735/1742/2973 3734/1745/2972
f 3735/1742/2973 3736/1743/2974 3737/1740/2975
f 3738/1741/2976 3737/1740/2975 3736/1743/2974
f 3737/1740/2975 3738/1741/2976 3739/1738/2977
f 3740/1817/2978 3739/1738/2977 3738/1741/2976
f 3739/1738/2977 3740/1817/2978 3741/1818/2979
f 3742/1737/2980 3741/1818/2979 3740/1817/2978
f 3741/1818/2979 3742/1737/2980 3743/1734/2981
f 3744/1735/2982 3743/1734/2981 3742/1737/2980
f 3743/1734/2981 3744/1735/2982 3745/1732/2983
f 3746/1819/2984 3745/1732/2983 3744/1735/2982
f 3745/1732/2983 3746/1819/2984 3747/1730/2985
f 3748/1731/2986 3747/1730/2985 3746/1819/2984
f 3747/1730/2985 3748/1731/2986 3749/1728/2987
f 3750/1729/2988 3749/1728/2987 3748/1731/2986
f 3749/1728/2987 3750/1729/2988 3751/1726/2989
f 3752/1820/2990 3751/1726/2989 3750/1729/2988
f 3751/1726/2989 3752/1820/2990 3753/1724/2991
f 3754/1725/2992 3753/1724/2991 3752/1820/2990
f 3753/1724/2991 3754/1725/2992 3755/1722/2993
f 3756/1723/2994 3755/1722/2993 3754/1725/2992
f 3755/1722/2993 3756/1723/2994 3757/1821/2995
f 3758/1721/2996 3757/1821/2995 3756/1723/2994
f 3757/1821/2995 3758/1721/2996 3759/1822/2997
f 3760/1719/2998 3759/1822/2997 3758/1721/2996
f 3759/1822/2997 3760/1719/2998 3761/1716/2999
f 3762/1717/3000 3761/1716/2999 3760/1719/2998
f 3761/1716/2999 3762/1717/3000 3763/1713/3001
f 3764/1823/3002 3763/1713/3001 3762/1717/3000
f 3763/1713/3001 3764/1823/3002 3765/1715/3003
f 3766/1714/3004 3765/1715/3003 3764/1823/3002
f 3752/1820/2990 3767/1766/2884 3754/1725/2992
f 3767/1766/2884 3752/1820/2990 3768/1765/2883
f 3750/1729/2988 3768/1765/2883 3752/1820/2990
f 3768/1765/2883 3750/1729/2988 3769/1764/3005
f 3748/1731/2986 3769/1764/3005 3750/1729/2988
f 3758/1721/2996 3770/1769/3006 3760/1719/2998
f 3770/1769/3006 3758/1721/2996 3771/1768/2886
f 3756/1723/2994 3771/1768/2886 3758/1721/2996
f 3771/1768/2886 3756/1723/2994 3772/1767/3007
f 3772/1767/3007 3754/1725/2992 3767/1766/2884
f 3754/1725/2992 3772/1767/3007 3756/1723/2994
f 3764/1823/3002 3773/1772/2890 3766/1714/3004
f 3773/1772/2890 3764/1823/3002 3774/1771/2889
f 3762/1717/3000 3774/1771/2889 3764/1823/3002
f 3774/1771/2889 3762/1717/3000 3775/1770/3008
f 3775/1770/3008 3760/1719/2998 3770/1769/3006
f 3760/1719/2998 3775/1770/3008 3762/1717/3000
f 3746/1819/2984 3776/1763/2881 3748/1731/2986
f 3776/1763/2881 3746/1819/2984 3777/1756/3009
f 3744/1735/2982 3777/1756/3009 3746/1819/2984
f 3742/1737/2980 3778/1755/2873 3744/1735/2982
f 3778/1755/2873 3742/1737/2980 3779/1754/3010
f 3740/1817/2978 3779/1754/3010 3742/1737/2980
f 3779/1754/3010 3740/1817/2978 3780/1759/2877
f 3738/1741/2976 3780/1759/2877 3740/1817/2978
f 3780/1759/2877 3738/1741/2976 3781/1758/2876
f 3736/1743/2974 3781/1758/2876 3738/1741/2976
f 3781/1758/2876 3736/1743/2974 3782/1757/2875
f 3734/1745/2972 3782/1757/2875 3736/1743/2974
f 3782/1757/2875 3734/1745/2972 3783/1762/3011
f 3732/1747/2970 3783/1762/3011 3734/1745/2972
f 3783/1762/3011 3732/1747/2970 3784/1761/2879
f 3730/1814/2968 3784/1761/2879 3732/1747/2970
f 3784/1761/2879 3730/1814/2968 3785/1760/2878
f 3727/1811/2963 3785/1760/2878 3730/1814/2968
f 3785/1760/2878 3727/1811/2963 3786/1792/2911
f 3725/1812/2965 3786/1792/2911 3727/1811/2963
f 3725/1812/2965 3787/1794/3012 3786/1792/2911
f 3787/1794/3012 3725/1812/2965 3788/1795/3013
f 3728/1813/2966 3788/1795/3013 3725/1812/2965
f 3789/1793/2912 3786/1792/2911 3787/1794/3012
f 3787/1794/3012 3788/1795/3013 3790/1796/3014
f 3791/1797/3015 3790/1796/3014 3788/1795/3013
f 3790/1796/3014 3792/1798/2917 3787/1794/3012
f 3789/1793/2912 3787/1794/3012 3792/1798/2917
f 3790/1796/3014 3791/1797/3015 3793/1799/3016
f 3794/1800/3017 3793/1799/3016 3791/1797/3015
f 3793/1799/3016 3795/1801/2920 3790/1796/3014
f 3792/1798/2917 3790/1796/3014 3795/1801/2920
f 3793/1799/3016 3794/1800/3017 3796/1802/3018
f 3797/1803/3019 3796/1802/3018 3794/1800/3017
f 3796/1802/3018 3798/1804/3020 3793/1799/3016
f 3795/1801/2920 3793/1799/3016 3798/1804/3020
f 3796/1802/3018 3797/1803/3019 3799/1805/3021
f 3800/1806/3022 3799/1805/3021 3797/1803/3019
f 3799/1805/3021 3801/1807/2926 3796/1802/3018
f 3798/1804/3020 3796/1802/3018 3801/1807/2926
f 3799/1805/3021 3800/1806/3022 3802/1808/3023
f 3799/1805/3021 3802/1808/3023 3801/1807/2926
f 3803/1809/3024 3802/1808/3023 3800/1806/3022
f 3804/1810/2929 3801/1807/2926 3802/1808/3023
f 3805/1756/2874 3744/1735/2982 3778/1755/2873
f 3806/1764/3005 3748/1731/2986 3776/1763/2881
f 3807/1773/2891 3766/1714/3004 3773/1772/2890
f 3807/1773/2891 3808/1776/2894 3766/1714/3004
f 3809/1774/3025 3766/1714/3004 3808/1776/2894
f 3766/1714/3004 3809/1774/3025 3765/1715/3003
f 3810/1775/3026 3765/1715/3003 3809/1774/3025
f 3809/1774/3025 3811/1777/3027 3810/1775/3026
f 3812/1778/3028 3810/1775/3026 3811/1777/3027
f 3808/1776/2894 3813/1779/2897 3809/1774/3025
f 3811/1777/3027 3809/1774/3025 3813/1779/2897
f 3811/1777/3027 3814/1824/3029 3812/1778/3028
f 3815/1825/3030 3812/1778/3028 3814/1824/3029
f 3814/1824/3029 3811/1777/3027 3816/1782/2900
f 3813/1779/2897 3816/1782/2900 3811/1777/3027
f 3814/1824/3029 3817/1783/3031 3815/1825/3030
f 3818/1784/3032 3815/1825/3030 3817/1783/3031
f 3817/1783/3031 3814/1824/3029 3819/1785/2903
f 3816/1782/2900 3819/1785/2903 3814/1824/3029
f 3817/1783/3031 3820/1786/3033 3818/1784/3032
f 3821/1787/3034 3818/1784/3032 3820/1786/3033
f 3820/1786/3033 3817/1783/3031 3822/1788/2906
f 3819/1785/2903 3822/1788/2906 3817/1783/3031
f 3820/1786/3033 3823/1789/3035 3821/1787/3034
f 3824/1790/3036 3821/1787/3034 3823/1789/3035
f 3823/1789/3035 3820/1786/3033 3825/1791/2909
f 3822/1788/2906 3825/1791/2909 3820/1786/3033
f 3828/1750/3037 3827/1748/3038 3826/1813/3039
f 3827/1748/3038 3829/1815/3040 3826/1813/3039
f 3829/1815/3040 3830/1816/3041 3826/1813/3039
f 3830/1816/3041 3831/1742/3042 3826/1813/3039
f 3831/1742/3042 3832/1740/3043 3826/1813/3039
f 3832/1740/3043 3833/1738/3044 3826/1813/3039
f 3833/1738/3044 3834/1818/3045 3826/1813/3039
f 3834/1818/3045 3835/1734/3046 3826/1813/3039
f 3835/1734/3046 3836/1732/3047 3826/1813/3039
f 3836/1732/3047 3837/1730/3048 3826/1813/3039
f 3837/1730/3048 3838/1728/3049 3826/1813/3039
f 3838/1728/3049 3839/1726/3050 3826/1813/3039
f 3839/1726/3050 3840/1724/3051 3826/1813/3039
f 3840/1724/3051 3841/1722/3052 3826/1813/3039
f 3841/1722/3052 3842/1821/3053 3826/1813/3039
f 3842/1821/3053 3843/1822/3054 3826/1813/3039
f 3843/1822/3054 3844/1716/3055 3826/1813/3039
f 3844/1716/3055 3845/1713/3056 3826/1813/3039
f 3845/1713/3056 3846/1715/3057 3826/1813/3039
f 3846/1715/3057 3847/1775/3058 3826/1813/3039
f 3848/1795/3059 3826/1813/3039 3847/1775/3058
f 3848/1795/3059 3847/1775/3058 3849/1797/3060
f 3850/1778/3061 3849/1797/3060 3847/1775/3058
f 3850/1778/3061 3851/1825/3062 3849/1797/3060
f 3852/1800/3063 3849/1797/3060 3851/1825/3062
f 3851/1825/3062 3853/1784/3064 3852/1800/3063
f 3854/1803/3065 3852/1800/3063 3853/1784/3064
f 3853/1784/3064 3855/1787/3066 3854/1803/3065
f 3856/1806/3067 3854/1803/3065 3855/1787/3066
f 3855/1787/3066 3857/1790/3068 3856/1806/3067
f 3858/1809/3069 3856/1806/3067 3857/1790/3068
f 3861/1712/3070 3860/1713/3071 3859/1714/3072
f 3862/1715/3073 3859/1714/3072 3860/1713/3071
f 3860/1713/3071 3861/1712/3070 3863/1716/3074
f 3864/1717/3075 3863/1716/3074 3861/1712/3070
f 3863/1716/3074 3864/1717/3075 3865/1718/3076
f 3866/1719/3077 3865/1718/3076 3864/1717/3075
f 3865/1718/3076 3866/1719/3077 3867/1720/3078
f 3868/1721/3079 3867/1720/3078 3866/1719/3077
f 3867/1720/3078 3868/1721/3079 3869/1722/3080
f 3870/1723/3081 3869/1722/3080 3868/1721/3079
f 3869/1722/3080 3870/1723/3081 3871/1724/3082
f 3872/1725/3083 3871/1724/3082 3870/1723/3081
f 3871/1724/3082 3872/1725/3083 3873/1726/3084
f 3874/1727/3085 3873/1726/3084 3872/1725/3083
f 3873/1726/3084 3874/1727/3085 3875/1728/3086
f 3876/1729/3087 3875/1728/3086 3874/1727/3085
f 3875/1728/3086 3876/1729/3087 3877/1730/3088
f 3878/1731/3089 3877/1730/3088 3876/1729/3087
f 3877/1730/3088 3878/1731/3089 3879/1732/3090
f 3880/1733/3091 3879/1732/3090 3878/1731/3089
f 3879/1732/3090 3880/1733/3091 3881/1734/3092
f 3882/1735/3093 3881/1734/3092 3880/1733/3091
f 3881/1734/3092 3882/1735/3093 3883/1736/3094
f 3884/1737/3095 3883/1736/3094 3882/1735/3093
f 3883/1736/3094 3884/1737/3095 3885/1738/3096
f 3886/1739/3097 3885/1738/3096 3884/1737/3095
f 3885/1738/3096 3886/1739/3097 3887/1740/3098
f 3888/1741/3099 3887/1740/3098 3886/1739/3097
f 3887/1740/3098 3888/1741/3099 3889/1742/3100
f 3890/1743/3101 3889/1742/3100 3888/1741/3099
f 3889/1742/3100 3890/1743/3101 3891/1744/3102
f 3892/1745/3103 3891/1744/3102 3890/1743/3101
f 3891/1744/3102 3892/1745/3103 3893/1746/3104
f 3894/1747/3105 3893/1746/3104 3892/1745/3103
f 3893/1746/3104 3894/1747/3105 3895/1748/3106
f 3896/1749/3107 3895/1748/3106 3894/1747/3105
f 3895/1748/3106 3896/1749/3107 3897/1750/3108
f 3898/1751/3109 3897/1750/3108 3896/1749/3107
f 3897/1750/3108 3898/1751/3109 3899/1752/3110
f 3900/1753/3111 3899/1752/3110 3898/1751/3109
f 3886/1739/3097 3901/1754/3112 3888/1741/3099
f 3901/1754/3112 3886/1739/3097 3902/1755/3113
f 3884/1737/3095 3902/1755/3113 3886/1739/3097
f 3902/1755/3113 3884/1737/3095 3903/1756/3114
f 3882/1735/3093 3903/1756/3114 3884/1737/3095
f 3892/1745/3103 3904/1757/3115 3894/1747/3105
f 3904/1757/3115 3892/1745/3103 3905/1758/3116
f 3890/1743/3101 3905/1758/3116 3892/1745/3103
f 3905/1758/3116 3890/1743/3101 3906/1759/3117
f 3906/1759/3117 3888/1741/3099 3901/1754/3112
f 3888/1741/3099 3906/1759/3117 3890/1743/3101
f 3898/1751/3109 3907/1760/3118 3900/1753/3111
f 3907/1760/3118 3898/1751/3109 3908/1761/3119
f 3896/1749/3107 3908/1761/3119 3898/1751/3109
f 3908/1761/3119 3896/1749/3107 3909/1762/3120
f 3909/1762/3120 3894/1747/3105 3904/1757/3115
f 3894/1747/3105 3909/1762/3120 3896/1749/3107
f 3880/1733/3091 3910/1763/3121 3882/1735/3093
f 3910/1763/3121 3880/1733/3091 3911/1764/3122
f 3878/1731/3089 3911/1764/3122 3880/1733/3091
f 3876/1729/3087 3912/1765/3123 3878/1731/3089
f 3912/1765/3123 3876/1729/3087 3913/1766/3124
f 3874/1727/3085 3913/1766/3124 3876/1729/3087
f 3913/1766/3124 3874/1727/3085 3914/1767/3125
f 3872/1725/3083 3914/1767/3125 3874/1727/3085
f 3914/1767/3125 3872/1725/3083 3915/1768/3126
f 3870/1723/3081 3915/1768/3126 3872/1725/3083
f 3915/1768/3126 3870/1723/3081 3916/1769/3127
f 3868/1721/3079 3916/1769/3127 3870/1723/3081
f 3916/1769/3127 3868/1721/3079 3917/1770/3128
f 3866/1719/3077 3917/1770/3128 3868/1721/3079
f 3917/1770/3128 3866/1719/3077 3918/1771/3129
f 3864/1717/3075 3918/1771/3129 3866/1719/3077
f 3918/1771/3129 3864/1717/3075 3919/1772/3130
f 3861/1712/3070 3919/1772/3130 3864/1717/3075
f 3919/1772/3130 3861/1712/3070 3920/1773/3131
f 3859/1714/3072 3920/1773/3131 3861/1712/3070
f 3859/1714/3072 3921/1774/3132 3920/1773/3131
f 3921/1774/3132 3859/1714/3072 3922/1775/3133
f 3862/1715/3073 3922/1775/3133 3859/1714/3072
f 3923/1776/3134 3920/1773/3131 3921/1774/3132
f 3921/1774/3132 3922/1775/3133 3924/1777/3135
f 3925/1778/3136 3924/1777/3135 3922/1775/3133
f 3924/1777/3135 3926/1779/3137 3921/1774/3132
f 3923/1776/3134 3921/1774/3132 3926/1779/3137
f 3924/1777/3135 3925/1778/3136 3927/1780/3138
f 3928/1781/3139 3927/1780/3138 3925/1778/3136
f 3927/1780/3138 3929/1782/3140 3924/1777/3135
f 3926/1779/3137 3924/1777/3135 3929/1782/3140
f 3927/1780/3138 3928/1781/3139 3930/1783/3141
f 3931/1784/3142 3930/1783/3141 3928/1781/3139
f 3930/1783/3141 3932/1785/3143 3927/1780/3138
f 3929/1782/3140 3927/1780/3138 3932/1785/3143
f 3930/1783/3141 3931/1784/3142 3933/1786/3144
f 3934/1787/3145 3933/1786/3144 3931/1784/3142
f 3933/1786/3144 3935/1788/3146 3930/1783/3141
f 3932/1785/3143 3930/1783/3141 3935/1788/3146
f 3933/1786/3144 3934/1787/3145 3936/1789/3147
f 3933/1786/3144 3936/1789/3147 3935/1788/3146
f 3937/1790/3148 3936/1789/3147 3934/1787/3145
f 3938/1791/3149 3935/1788/3146 3936/1789/3147
f 3939/1764/3150 3878/1731/3089 3912/1765/3123
f 3940/1756/3114 3882/1735/3093 3910/1763/3121
f 3941/1792/3151 3900/1753/3111 3907/1760/3118
f 3941/1792/3151 3942/1793/3152 3900/1753/3111
f 3943/1794/3153 3900/1753/3111 3942/1793/3152
f 3900/1753/3111 3943/1794/3153 3899/1752/3110
f 3944/1795/3154 3899/1752/3110 3943/1794/3153
f 3943/1794/3153 3945/1796/3155 3944/1795/3154
f 3946/1797/3156 3944/1795/3154 3945/1796/3155
f 3942/1793/3152 3947/1798/3157 3943/1794/3153
f 3945/1796/3155 3943/1794/3153 3947/1798/3157
f 3945/1796/3155 3948/1799/3158 3946/1797/3156
f 3949/1800/3159 3946/1797/3156 3948/1799/3158
f 3948/1799/3158 3945/1796/3155 3950/1801/3160
f 3947/1798/3157 3950/1801/3160 3945/1796/3155
f 3948/1799/3158 3951/1802/3161 3949/1800/3159
f 3952/1803/3162 3949/1800/3159 3951/1802/3161
f 3951/1802/3161 3948/1799/3158 3953/1804/3163
f 3950/1801/3160 3953/1804/3163 3948/1799/3158
f 3951/1802/3161 3954/1805/3164 3952/1803/3162
f 3955/1806/3165 3952/1803/3162 3954/1805/3164
f 3954/1805/3164 3951/1802/3161 3956/1807/3166
f 3953/1804/3163 3956/1807/3166 3951/1802/3161
f 3954/1805/3164 3957/1808/3167 3955/1806/3165
f 3958/1809/3168 3955/1806/3165 3957/1808/3167
f 3957/1808/3167 3954/1805/3164 3959/1810/3169
f 3956/1807/3166 3959/1810/3169 3954/1805/3164
f 3962/1713/3170 3961/1716/3171 3960/1715/3172
f 3961/1716/3171 3963/1718/3173 3960/1715/3172
f 3963/1718/3173 3964/1720/3174 3960/1715/3172
f 3964/1720/3174 3965/1722/3175 3960/1715/3172
f 3965/1722/3175 3966/1724/3176 3960/1715/3172
f 3966/1724/3176 3967/1726/3177 3960/1715/3172
f 3967/1726/3177 3968/1728/3178 3960/1715/3172
f 3968/1728/3178 3969/1730/3179 3960/1715/3172
f 3969/1730/3179 3970/1732/3180 3960/1715/3172
f 3970/1732/3180 3971/1734/3181 3960/1715/3172
f 3971/1734/3181 3972/1736/3182 3960/1715/3172
f 3972/1736/3182 3973/1738/3183 3960/1715/3172
f 3973/1738/3183 3974/1740/3184 3960/1715/3172
f 3974/1740/3184 3975/1742/3185 3960/1715/3172
f 3975/1742/3185 3976/1744/3186 3960/1715/3172
f 3976/1744/3186 3977/1746/3187 3960/1715/3172
f 3977/1746/3187 3978/1748/3188 3960/1715/3172
f 3978/1748/3188 3979/1750/3189 3960/1715/3172
f 3979/1750/3189 3980/1752/3190 3960/1715/3172
f 3980/1752/3190 3981/1795/3191 3960/1715/3172
f 3982/1775/3192 3960/1715/3172 3981/1795/3191
f 3982/1775/3192 3981/1795/3191 3983/1778/3193
f 3984/1797/3194 3983/1778/3193 3981/1795/3191
f 3984/1797/3194 3985/1800/3195 3983/1778/3193
f 3986/1781/3196 3983/1778/3193 3985/1800/3195
f 3985/1800/3195 3987/1803/3197 3986/1781/3196
f 3988/1784/3198 3986/1781/3196 3987/1803/3197
f 3987/1803/3197 3989/1806/3199 3988/1784/3198
f 3990/1787/3200 3988/1784/3198 3989/1806/3199
f 3989/1806/3199 3991/1809/3201 3990/1787/3200
f 3992/1790/3202 3990/1787/3200 3991/1809/3201
f 3995/1811/3203 3994/1750/3204 3993/1812/3205
f 3996/1813/3206 3993/1812/3205 3994/1750/3204
f 3994/1750/3204 3995/1811/3203 3997/1748/3207
f 3998/1814/3208 3997/1748/3207 3995/1811/3203
f 3997/1748/3207 3998/1814/3208 3999/1815/3209
f 4000/1747/3210 3999/1815/3209 3998/1814/3208
f 3999/1815/3209 4000/1747/3210 4001/1816/3211
f 4002/1745/3212 4001/1816/3211 4000/1747/3210
f 4001/1816/3211 4002/1745/3212 4003/1742/3213
f 4004/1743/3214 4003/1742/3213 4002/1745/3212
f 4003/1742/3213 4004/1743/3214 4005/1740/3215
f 4006/1741/3216 4005/1740/3215 4004/1743/3214
f 4005/1740/3215 4006/1741/3216 4007/1738/3217
f 4008/1817/3218 4007/1738/3217 4006/1741/3216
f 4007/1738/3217 4008/1817/3218 4009/1818/3219
f 4010/1737/3220 4009/1818/3219 4008/1817/3218
f 4009/1818/3219 4010/1737/3220 4011/1734/3221
f 4012/1735/3222 4011/1734/3221 4010/1737/3220
f 4011/1734/3221 4012/1735/3222 4013/1732/3223
f 4014/1819/3224 4013/1732/3223 4012/1735/3222
f 4013/1732/3223 4014/1819/3224 4015/1730/3225
f 4016/1731/3226 4015/1730/3225 4014/1819/3224
f 4015/1730/3225 4016/1731/3226 4017/1728/3227
f 4018/1729/3228 4017/1728/3227 4016/1731/3226
f 4017/1728/3227 4018/1729/3228 4019/1726/3229
f 4020/1820/3230 4019/1726/3229 4018/1729/3228
f 4019/1726/3229 4020/1820/3230 4021/1724/3231
f 4022/1725/3232 4021/1724/3231 4020/1820/3230
f 4021/1724/3231 4022/1725/3232 4023/1722/3233
f 4024/1723/3234 4023/1722/3233 4022/1725/3232
f 4023/1722/3233 4024/1723/3234 4025/1821/3235
f 4026/1721/3236 4025/1821/3235 4024/1723/3234
f 4025/1821/3235 4026/1721/3236 4027/1822/3237
f 4028/1719/3238 4027/1822/3237 4026/1721/3236
f 4027/1822/3237 4028/1719/3238 4029/1716/3239
f 4030/1717/3240 4029/1716/3239 4028/1719/3238
f 4029/1716/3239 4030/1717/3240 4031/1713/3241
f 4032/1823/3242 4031/1713/3241 4030/1717/3240
f 4031/1713/3241 4032/1823/3242 4033/1715/3243
f 4034/1714/3244 4033/1715/3243 4032/1823/3242
f 4020/1820/3230 4035/1766/3124 4022/1725/3232
f 4035/1766/3124 4020/1820/3230 4036/1765/3123
f 4018/1729/3228 4036/1765/3123 4020/1820/3230
f 4036/1765/3123 4018/1729/3228 4037/1764/3150
f 4016/1731/3226 4037/1764/3150 4018/1729/3228
f 4026/1721/3236 4038/1769/3245 4028/1719/3238
f 4038/1769/3245 4026/1721/3236 4039/1768/3126
f 4024/1723/3234 4039/1768/3126 4026/1721/3236
f 4039/1768/3126 4024/1723/3234 4040/1767/3246
f 4040/1767/3246 4022/1725/3232 4035/1766/3124
f 4022/1725/3232 4040/1767/3246 4024/1723/3234
f 4032/1823/3242 4041/1772/3130 4034/1714/3244
f 4041/1772/3130 4032/1823/3242 4042/1771/3129
f 4030/1717/3240 4042/1771/3129 4032/1823/3242
f 4042/1771/3129 4030/1717/3240 4043/1770/3247
f 4043/1770/3247 4028/1719/3238 4038/1769/3245
f 4028/1719/3238 4043/1770/3247 4030/1717/3240
f 4014/1819/3224 4044/1763/3121 4016/1731/3226
f 4044/1763/3121 4014/1819/3224 4045/1756/3248
f 4012/1735/3222 4045/1756/3248 4014/1819/3224
f 4010/1737/3220 4046/1755/3113 4012/1735/3222
f 4046/1755/3113 4010/1737/3220 4047/1754/3249
f 4008/1817/3218 4047/1754/3249 4010/1737/3220
f 4047/1754/3249 4008/1817/3218 4048/1759/3117
f 4006/1741/3216 4048/1759/3117 4008/1817/3218
f 4048/1759/3117 4006/1741/3216 4049/1758/3116
f 4004/1743/3214 4049/1758/3116 4006/1741/3216
f 4049/1758/3116 4004/1743/3214 4050/1757/3115
f 4002/1745/3212 4050/1757/3115 4004/1743/3214
f 4050/1757/3115 4002/1745/3212 4051/1762/3250
f 4000/1747/3210 4051/1762/3250 4002/1745/3212
f 4051/1762/3250 4000/1747/3210 4052/1761/3119
f 3998/1814/3208 4052/1761/3119 4000/1747/3210
f 4052/1761/3119 3998/1814/3208 4053/1760/3118
f 3995/1811/3203 4053/1760/3118 3998/1814/3208
f 4053/1760/3118 3995/1811/3203 4054/1792/3151
f 3993/1812/3205 4054/1792/3151 3995/1811/3203
f 3993/1812/3205 4055/1794/3251 4054/1792/3151
f 4055/1794/3251 3993/1812/3205 4056/1795/3252
f 3996/1813/3206 4056/1795/3252 3993/1812/3205
f 4057/1793/3152 4054/1792/3151 4055/1794/3251
f 4055/1794/3251 4056/1795/3252 4058/1796/3253
f 4059/1797/3254 4058/1796/3253 4056/1795/3252
f 4058/1796/3253 4060/1798/3255 4055/1794/3251
f 4057/1793/3152 4055/1794/3251 4060/1798/3255
f 4058/1796/3253 4059/1797/3254 4061/1799/3256
f 4062/1800/3257 4061/1799/3256 4059/1797/3254
f 4061/1799/3256 4063/1801/3160 4058/1796/3253
f 4060/1798/3255 4058/1796/3253 4063/1801/3160
f 4061/1799/3256 4062/1800/3257 4064/1802/3258
f 4065/1803/3259 4064/1802/3258 4062/1800/3257
f 4064/1802/3258 4066/1804/3163 4061/1799/3256
f 4063/1801/3160 4061/1799/3256 4066/1804/3163
f 4064/1802/3258 4065/1803/3259 4067/1805/3260
f 4068/1806/3261 4067/1805/3260 4065/1803/3259
f 4067/1805/3260 4069/1807/3166 4064/1802/3258
f 4066/1804/3163 4064/1802/3258 4069/1807/3166
f 4067/1805/3260 4068/1806/3261 4070/1808/3262
f 4067/1805/3260 4070/1808/3262 4069/1807/3166
f 4071/1809/3263 4070/1808/3262 4068/1806/3261
f 4072/1810/3169 4069/1807/3166 4070/1808/3262
f 4073/1756/3264 4012/1735/3222 4046/1755/3113
f 4074/1764/3150 4016/1731/3226 4044/1763/3121
f 4075/1773/3131 4034/1714/3244 4041/1772/3130
f 4075/1773/3131 4076/1776/3134 4034/1714/3244
f 4077/1774/3265 4034/1714/3244 4076/1776/3134
f 4034/1714/3244 4077/1774/3265 4033/1715/3243
f 4078/1775/3266 4033/1715/3243 4077/1774/3265
f 4077/1774/3265 4079/1777/3267 4078/1775/3266
f 4080/1778/3268 4078/1775/3266 4079/1777/3267
f 4076/1776/3134 4081/1779/3137 4077/1774/3265
f 4079/1777/3267 4077/1774/3265 4081/1779/3137
f 4079/1777/3267 4082/1824/3269 4080/1778/3268
f 4083/1825/3270 4080/1778/3268 4082/1824/3269
f 4082/1824/3269 4079/1777/3267 4084/1782/3140
f 4081/1779/3137 4084/1782/3140 4079/1777/3267
f 4082/1824/3269 4085/1783/3271 4083/1825/3270
f 4086/1784/3272 4083/1825/3270 4085/1783/3271
f 4085/1783/3271 4082/1824/3269 4087/1785/3273
f 4084/1782/3140 4087/1785/3273 4082/1824/3269
f 4085/1783/3271 4088/1786/3274 4086/1784/3272
f 4089/1787/3275 4086/1784/3272 4088/1786/3274
f 4088/1786/3274 4085/1783/3271 4090/1788/3146
f 4087/1785/3273 4090/1788/3146 4085/1783/3271
f 4088/1786/3274 4091/1789/3276 4089/1787/3275
f 4092/1790/3277 4089/1787/3275 4091/1789/3276
f 4091/1789/3276 4088/1786/3274 4093/1791/3149
f 4090/1788/3146 4093/1791/3149 4088/1786/3274
f 4096/1750/3278 4095/1748/3279 4094/1813/3280
f 4095/1748/3279 4097/1815/3281 4094/1813/3280
f 4097/1815/3281 4098/1816/3282 4094/1813/3280
f 4098/1816/3282 4099/1742/3283 4094/1813/3280
f 4099/1742/3283 4100/1740/3284 4094/1813/3280
f 4100/1740/3284 4101/1738/3285 4094/1813/3280
f 4101/1738/3285 4102/1818/3286 4094/1813/3280
f 4102/1818/3286 4103/1734/3287 4094/1813/3280
f 4103/1734/3287 4104/1732/3288 4094/1813/3280
f 4104/1732/3288 4105/1730/3289 4094/1813/3280
f 4105/1730/3289 4106/1728/3290 4094/1813/3280
f 4106/1728/3290 4107/1726/3291 4094/1813/3280
f 4107/1726/3291 4108/1724/3292 4094/1813/3280
f 4108/1724/3292 4109/1722/3293 4094/1813/3280
f 4109/1722/3293 4110/1821/3294 4094/1813/3280
f 4110/1821/3294 4111/1822/3295 4094/1813/3280
f 4111/1822/3295 4112/1716/3296 4094/1813/3280
f 4112/1716/3296 4113/1713/3297 4094/1813/3280
f 4113/1713/3297 4114/1715/3298 4094/1813/3280
f 4114/1715/3298 4115/1775/3299 4094/1813/3280
f 4116/1795/3300 4094/1813/3280 4115/1775/3299
f 4116/1795/3300 4115/1775/3299 4117/1797/3301
f 4118/1778/3302 4117/1797/3301 4115/1775/3299
f 4118/1778/3302 4119/1825/3303 4117/1797/3301
f 4120/1800/3304 4117/1797/3301 4119/1825/3303
f 4119/1825/3303 4121/1784/3305 4120/1800/3304
f 4122/1803/3306 4120/1800/3304 4121/1784/3305
f 4121/1784/3305 4123/1787/3307 4122/1803/3306
f 4124/1806/3308 4122/1803/3306 4123/1787/3307
f 4123/1787/3307 4125/1790/3309 4124/1806/3308
f 4126/1809/3310 4124/1806/3308 4125/1790/3309
