# Blender 3.6.14
# www.blender.org
mtllib Airplane4.mtl
o Airplane4
v 0.000000 0.363775 0.414099
v -0.089661 0.354963 0.790803
v -0.087249 0.355721 0.409163
v 0.000000 0.363764 0.790803
v -0.175581 0.328900 0.790803
v -0.171428 0.331760 0.394480
v -0.178492 0.328236 0.392320
v -0.254764 0.286576 0.790803
v -0.250574 0.293189 0.362388
v -0.306150 0.252223 0.327400
v -0.324169 0.229616 0.790803
v -0.322370 0.240702 0.313910
v -0.374492 0.187302 0.251387
v -0.381128 0.160211 0.790803
v -0.385960 0.176227 0.233314
v -0.428789 0.094937 0.233207
v -0.423453 0.081028 0.790803
v -0.455181 0.006775 0.233207
v -0.449516 -0.004892 0.790803
v -0.464092 -0.081360 0.233207
v -0.458317 -0.094245 0.790803
v -0.455181 -0.176598 0.233207
v -0.449516 -0.183598 0.790803
v -0.428788 -0.264760 0.233207
v -0.423453 -0.269517 0.790803
v -0.385930 -0.334818 0.233207
v -0.381128 -0.348701 0.790803
v -0.328253 -0.408746 0.233207
v -0.324169 -0.418106 0.790803
v -0.257972 -0.455265 0.233207
v -0.254764 -0.477417 0.790803
v -0.177790 -0.483133 0.233207
v -0.175580 -0.519741 0.790803
v -0.090787 -0.509877 0.233207
v -0.089661 -0.545804 0.790803
v 0.000000 -0.518907 0.233207
v 0.000000 -0.554605 0.790803
v -0.437183 -0.262319 -0.054799
v -0.455159 -0.173612 -0.054799
v -0.464245 -0.081360 -0.054799
v -0.459035 0.010893 -0.054799
v -0.181267 -0.463078 -0.054799
v -0.263020 -0.433115 -0.054799
v -0.092560 -0.489987 -0.054799
v 0.000000 -0.499073 -0.054799
v -0.442371 -0.081360 -0.290313
v -0.441839 0.009120 -0.290313
v -0.445493 0.065638 -0.104455
v -0.446028 0.070443 -0.054799
v -0.439862 0.073481 -0.185510
v -0.429641 0.096667 -0.264063
v -0.428789 0.096123 -0.290313
v -0.421411 0.109927 -0.290313
v -0.433460 -0.171839 -0.290313
v -0.415999 -0.251225 -0.290313
v -0.374967 -0.311155 -0.290313
v -0.393485 -0.325572 -0.054799
v -0.334678 -0.390804 -0.054799
v -0.317290 -0.372510 -0.290313
v -0.247216 -0.413693 -0.290313
v -0.168629 -0.439163 -0.290313
v -0.083438 -0.465555 -0.290313
v 0.000000 -0.474467 -0.290313
v -0.287155 -0.333747 -0.475256
v -0.338311 -0.283216 -0.475256
v -0.371542 -0.223009 -0.475256
v -0.392005 -0.152823 -0.475256
v -0.398915 -0.073592 -0.475256
v -0.392005 0.008975 -0.475256
v -0.381646 0.095261 -0.475256
v -0.399864 0.135071 -0.339687
v -0.374557 0.168705 -0.384329
v -0.356178 0.168860 -0.475256
v -0.354672 0.187301 -0.409012
v -0.311841 0.230173 -0.449840
v -0.309226 0.230240 -0.475256
v -0.280181 0.252222 -0.470838
v -0.271423 0.258582 -0.475256
v -0.230613 0.232501 -0.695240
v -0.180220 0.275753 -0.695240
v -0.240869 0.278665 -0.489207
v -0.163501 0.312622 -0.512796
v -0.119260 0.309374 -0.695240
v -0.271234 0.178991 -0.695240
v -0.299535 0.114048 -0.695240
v -0.311022 0.038393 -0.695240
v -0.316351 -0.034457 -0.695240
v -0.308248 -0.101486 -0.695240
v -0.287339 -0.154269 -0.695240
v -0.252564 -0.202664 -0.695240
v -0.206675 -0.250403 -0.695240
v -0.157823 -0.286329 -0.695240
v -0.225574 -0.373185 -0.475256
v -0.154684 -0.401457 -0.475256
v -0.080019 -0.422847 -0.475256
v 0.000000 -0.431242 -0.475256
v -0.104635 -0.311309 -0.695240
v -0.048006 -0.328284 -0.695240
v 0.000000 -0.335274 -0.695240
v -0.085643 -0.155156 -0.931638
v -0.117757 -0.127323 -0.931638
v -0.051132 -0.168967 -0.931638
v -0.013035 -0.180476 -0.931638
v 0.000000 -0.185244 -0.931638
v -0.015446 0.131398 -1.349552
v -0.020245 0.151813 -1.368722
v -0.150987 -0.092866 -0.931638
v -0.180936 -0.053399 -0.931638
v -0.201195 -0.008331 -0.931638
v -0.209564 0.035514 -0.931638
v -0.206475 0.085262 -0.931638
v -0.193269 0.137963 -0.931638
v -0.170201 0.188673 -0.931638
v -0.141889 0.238892 -0.931638
v -0.109238 0.272057 -0.931638
v -0.067982 0.303678 -0.931638
v -0.052623 0.329137 -0.695240
v -0.028721 0.322931 -0.931681
v 0.000000 0.336937 -0.695240
v 0.000000 0.340385 -0.529698
v -0.082780 0.333251 -0.526142
v 0.000000 0.329187 -0.931638
v -0.101700 0.328234 -0.523642
v -0.021811 0.290410 -1.421736
v -0.026016 0.275430 -1.421085
v -0.027634 0.258000 -1.420545
v -0.028014 0.237856 -1.418184
v -0.028058 0.221655 -1.415776
v -0.027358 0.205288 -1.409847
v -0.026292 0.190712 -1.400997
v -0.024722 0.174732 -1.389386
v -0.022574 0.164764 -1.380818
v -0.410299 0.135072 0.166155
v -0.433243 0.097968 0.076578
v -0.433680 0.096817 0.073801
v -0.443870 0.073481 -0.023399
v 0.000000 0.340385 -0.529698
v -0.089555 0.327278 -0.515499
v -0.082780 0.333251 -0.526142
v 0.000000 0.336649 -0.520167
v -0.101700 0.328234 -0.523642
v -0.161450 0.313962 -0.503923
v -0.163501 0.312622 -0.512796
v -0.235876 0.281395 -0.481535
v -0.240869 0.278665 -0.489207
v -0.268031 0.257864 -0.467021
v -0.271423 0.258582 -0.475256
v -0.280181 0.252222 -0.470838
v -0.303053 0.234800 -0.445255
v -0.311841 0.230173 -0.449840
v -0.344676 0.191691 -0.404976
v -0.354672 0.187301 -0.409012
v -0.364001 0.173146 -0.381398
v -0.374557 0.168705 -0.384329
v -0.388594 0.139998 -0.337047
v -0.399864 0.135071 -0.339687
v -0.409533 0.114844 -0.288475
v -0.421411 0.109927 -0.290313
v -0.417531 0.101973 -0.262210
v -0.429641 0.096667 -0.264063
v -0.427464 0.078957 -0.184504
v -0.439862 0.073481 -0.185510
v -0.432936 0.071361 -0.104945
v -0.445493 0.065638 -0.104455
v -0.433456 0.075585 -0.055592
v -0.446028 0.070443 -0.054799
v -0.431359 0.079212 -0.024874
v -0.443870 0.073481 -0.023399
v -0.421244 0.103161 0.071116
v -0.433680 0.096817 0.073801
v -0.433243 0.097968 0.076578
v -0.398735 0.141241 0.161677
v -0.410299 0.135072 0.166155
v -0.369510 0.185138 0.234488
v -0.385960 0.176227 0.233314
v -0.374492 0.187302 0.251387
v -0.305404 0.250187 0.312769
v -0.322370 0.240702 0.313910
v -0.306150 0.252223 0.327400
v -0.243515 0.296493 0.353773
v -0.250574 0.293189 0.362388
v -0.170627 0.333409 0.381090
v -0.178492 0.328236 0.392320
v -0.171428 0.331760 0.394480
v -0.084797 0.351552 0.396998
v -0.087249 0.355721 0.409163
v 0.000000 0.359379 0.399776
v 0.000000 0.363775 0.414099
v 0.000000 0.336649 -0.520167
v -0.089555 -0.140049 -0.515499
v -0.089555 0.327278 -0.515499
v 0.000000 -0.140049 -0.520167
v -0.161450 -0.140049 -0.503924
v -0.161450 0.313962 -0.503923
v -0.235876 -0.140049 -0.481535
v -0.235876 0.281395 -0.481535
v -0.268031 -0.140049 -0.467021
v -0.268031 0.257864 -0.467021
v -0.303053 -0.140049 -0.445255
v -0.303053 0.234800 -0.445255
v -0.344676 -0.140049 -0.404976
v -0.344676 0.191691 -0.404976
v -0.364000 -0.140049 -0.381398
v -0.364001 0.173146 -0.381398
v -0.388594 -0.140049 -0.337047
v -0.388594 0.139998 -0.337047
v -0.409533 -0.140049 -0.288475
v -0.409533 0.114844 -0.288475
v -0.417531 -0.140049 -0.262210
v -0.417531 0.101973 -0.262210
v -0.427464 -0.140049 -0.184504
v -0.427464 0.078957 -0.184504
v -0.432936 -0.140049 -0.104945
v -0.432936 0.071361 -0.104945
v -0.433456 -0.140049 -0.055592
v -0.433456 0.075585 -0.055592
v -0.431359 -0.140049 -0.024874
v -0.431359 0.079212 -0.024874
v -0.421244 -0.140049 0.071116
v -0.421244 0.103161 0.071116
v -0.398735 -0.140049 0.161677
v -0.398735 0.141241 0.161677
v -0.369510 -0.140049 0.234488
v -0.369510 0.185138 0.234488
v -0.305404 -0.140049 0.312769
v -0.305404 0.250187 0.312769
v -0.243515 -0.140049 0.353774
v -0.243515 0.296493 0.353773
v -0.170627 -0.140049 0.381090
v -0.170627 0.333409 0.381090
v -0.084797 -0.140049 0.396998
v -0.084797 0.351552 0.396998
v 0.000000 -0.140049 0.399776
v 0.000000 0.359379 0.399776
v -0.161450 -0.140049 -0.503924
v -0.268031 -0.140049 -0.467021
v -0.235876 -0.140049 -0.481535
v -0.344676 -0.140049 -0.404976
v -0.303053 -0.140049 -0.445255
v 0.000000 -0.140049 0.399776
v -0.431359 -0.140049 -0.024874
v -0.417531 -0.140049 -0.262210
v -0.388594 -0.140049 -0.337047
v -0.364000 -0.140049 -0.381398
v -0.409533 -0.140049 -0.288475
v -0.432936 -0.140049 -0.104945
v -0.427464 -0.140049 -0.184504
v -0.433456 -0.140049 -0.055592
v -0.305404 -0.140049 0.312769
v -0.398735 -0.140049 0.161677
v -0.421244 -0.140049 0.071116
v -0.369510 -0.140049 0.234488
v -0.170627 -0.140049 0.381090
v -0.243515 -0.140049 0.353774
v -0.084797 -0.140049 0.396998
v 0.000000 -0.140049 -0.520167
v -0.089555 -0.140049 -0.515499
v 0.000000 0.363764 0.790803
v -0.093984 0.376719 0.868319
v -0.089661 0.354963 0.790803
v 0.000000 0.385945 0.868319
v -0.184059 0.349395 0.868319
v -0.175581 0.328900 0.790803
v -0.267074 0.305023 0.868319
v -0.254764 0.286576 0.790803
v -0.339836 0.245308 0.868319
v -0.324169 0.229616 0.790803
v -0.399551 0.172545 0.868319
v -0.381128 0.160211 0.790803
v -0.443923 0.089531 0.868319
v -0.423453 0.081028 0.790803
v -0.471247 -0.000544 0.868319
v -0.449516 -0.004892 0.790803
v -0.480473 -0.094220 0.868319
v -0.458317 -0.094245 0.790803
v -0.471247 -0.187896 0.868319
v -0.449516 -0.183598 0.790803
v -0.443922 -0.277971 0.868319
v -0.423453 -0.269517 0.790803
v -0.399550 -0.360985 0.868319
v -0.381128 -0.348701 0.790803
v -0.339836 -0.433748 0.868319
v -0.324169 -0.418106 0.790803
v -0.267073 -0.495928 0.868319
v -0.254764 -0.477417 0.790803
v -0.184059 -0.540300 0.868319
v -0.175580 -0.519741 0.790803
v -0.093983 -0.567624 0.868319
v -0.089661 -0.545804 0.790803
v 0.000000 -0.576850 0.868319
v 0.000000 -0.554605 0.790803
v -0.452512 -0.281516 0.953124
v -0.407282 -0.366137 0.953124
v -0.346411 -0.440307 0.953124
v -0.272241 -0.503690 0.953124
v -0.187620 -0.548921 0.953124
v -0.095802 -0.576774 0.953124
v 0.000000 -0.586178 0.953124
v -0.438487 -0.275720 1.018427
v -0.465477 -0.186748 1.018427
v -0.480365 -0.189698 0.953124
v -0.489770 -0.094210 0.953124
v -0.480365 0.001279 0.953124
v -0.452513 0.093097 0.953124
v -0.407282 0.177718 0.953124
v -0.346412 0.251888 0.953124
v -0.272241 0.312758 0.953124
v -0.187621 0.357989 0.953124
v -0.095802 0.385842 0.953124
v 0.000000 0.395247 0.953124
v 0.000000 0.380062 1.018427
v -0.092836 0.370949 1.018427
v -0.181808 0.343959 1.018427
v -0.263805 0.300131 1.018427
v -0.335676 0.241148 1.018427
v -0.394659 0.169277 1.018427
v 0.000000 0.345379 1.065072
v -0.086062 0.336932 1.065072
v -0.168532 0.311915 1.065072
v -0.244536 0.271290 1.065072
v -0.311155 0.216617 1.065072
v -0.365827 0.149999 1.065072
v -0.438487 0.087280 1.018427
v -0.465477 -0.001692 1.018427
v -0.474590 -0.094220 1.018427
v -0.406452 0.073994 1.065072
v -0.431469 -0.008475 1.065072
v -0.439916 -0.094241 1.065072
v -0.431469 -0.180006 1.065072
v -0.406452 -0.262476 1.065072
v -0.394659 -0.357717 1.018427
v -0.335634 -0.429630 1.018427
v -0.263756 -0.491069 1.018427
v -0.181807 -0.534864 1.018427
v -0.092835 -0.561854 1.018427
v 0.000000 -0.570967 1.018427
v -0.365827 -0.338480 1.065072
v -0.310996 -0.405259 1.065072
v -0.244349 -0.462270 1.065072
v -0.168531 -0.502769 1.065072
v -0.086062 -0.527786 1.065072
v 0.000000 -0.536233 1.065072
v -0.108323 0.166587 1.102092
v -0.199963 0.105355 1.102092
v -0.157159 0.140484 1.102092
v 0.000000 0.188090 1.102092
v -0.282697 -0.094382 1.102092
v -0.261195 0.013715 1.102092
v -0.235092 0.062551 1.102092
v -0.277270 -0.039275 1.102092
v 0.000000 -0.378658 1.102092
v -0.199480 -0.294607 1.102092
v -0.261195 -0.202480 1.102092
v -0.277270 -0.149490 1.102092
v -0.235092 -0.251315 1.102092
v -0.108322 -0.357156 1.102092
v -0.156590 -0.331437 1.102092
v -0.055333 -0.373230 1.102092
v -0.055333 0.182662 1.102092
v -0.072464 0.268659 1.093354
v 0.000000 0.275770 1.093354
v -0.086062 0.336932 1.065072
v 0.000000 0.345379 1.065072
v -0.168532 0.311915 1.065072
v -0.141887 0.247600 1.093354
v -0.244536 0.271290 1.065072
v -0.205867 0.213402 1.093354
v -0.311155 0.216617 1.065072
v -0.261946 0.167379 1.093354
v -0.365827 0.149999 1.065072
v -0.307969 0.111300 1.093354
v -0.406452 0.073994 1.065072
v -0.342167 0.047320 1.093355
v -0.431469 -0.008475 1.065072
v -0.363226 -0.022103 1.093355
v -0.439916 -0.094241 1.065072
v -0.370337 -0.094300 1.093355
v -0.431469 -0.180006 1.065072
v -0.363226 -0.166497 1.093355
v -0.406452 -0.262476 1.065072
v -0.342167 -0.235919 1.093355
v -0.365827 -0.338480 1.065072
v -0.307968 -0.299900 1.093354
v -0.310996 -0.405259 1.065072
v -0.261624 -0.356303 1.093354
v -0.244349 -0.462270 1.065072
v -0.205488 -0.404392 1.093354
v -0.168531 -0.502769 1.065072
v -0.141886 -0.438335 1.093354
v -0.086062 -0.527786 1.065072
v -0.072464 -0.459394 1.093354
v 0.000000 -0.536233 1.065072
v 0.000000 -0.466505 1.093354
v -0.012246 0.118922 -1.335683
v -0.009503 0.108515 -1.324567
v -0.005846 0.098783 -1.314311
v 0.000000 0.097700 -1.315601
v 0.000000 0.106468 -1.326667
v -0.005846 0.098783 -1.314311
v 0.000000 0.106468 -1.326667
v -0.009503 0.108515 -1.324567
v 0.000000 0.116638 -1.339424
v -0.012246 0.118922 -1.335683
v 0.000000 0.128511 -1.354438
v -0.015446 0.131398 -1.349552
v 0.000000 0.148522 -1.377115
v -0.020245 0.151813 -1.368722
v 0.000000 0.162323 -1.391277
v -0.022574 0.164764 -1.380818
v 0.000000 0.173172 -1.400109
v -0.024722 0.174732 -1.389386
v 0.000000 0.190049 -1.411166
v -0.026292 0.190712 -1.400997
v 0.000000 0.205171 -1.419148
v -0.027358 0.205288 -1.409847
v 0.000000 0.221655 -1.424882
v -0.028058 0.221655 -1.415776
v 0.000000 0.237856 -1.427640
v -0.028014 0.237856 -1.418184
v 0.000000 0.258000 -1.428540
v -0.027634 0.258000 -1.420545
v 0.000000 0.275430 -1.427930
v -0.026016 0.275430 -1.421085
v 0.000000 0.290410 -1.425562
v -0.021811 0.290410 -1.421736
v 0.000000 0.300708 -1.421801
v 0.000000 0.300708 -1.421801
v 0.000000 0.106468 -1.326667
v 0.000000 0.300708 -1.421801
v 0.000000 0.329187 -0.931638
v -0.028721 0.322931 -0.931681
v -0.103260 0.530844 0.610286
v 0.000000 0.529154 0.513189
v 0.000000 0.544499 0.589459
v -0.103260 0.519502 0.538864
v -0.103260 0.537387 0.681871
v 0.000000 0.555183 0.665903
v -0.103260 0.538281 0.753651
v 0.000000 0.560275 0.742557
v -0.103260 0.537429 0.815450
v 0.000000 0.559343 0.808551
v -0.103260 0.535745 0.859154
v 0.000000 0.553387 0.855222
v -0.103260 0.530042 0.887893
v 0.000000 0.543621 0.885912
v -0.103260 0.521429 0.904798
v 0.000000 0.531262 0.903964
v -0.103260 0.511017 0.912997
v 0.000000 0.517525 0.912720
v -0.103260 0.493339 0.915793
v 0.000000 0.494743 0.915793
v -0.207929 0.533741 0.759881
v -0.207929 0.532865 0.690598
v -0.207929 0.524284 0.621320
v -0.207929 0.511959 0.549879
v -0.207929 0.513652 0.905769
v -0.207929 0.523579 0.889453
v -0.207929 0.506386 0.913684
v -0.207929 0.492667 0.915793
v -0.312598 0.519502 0.538864
v -0.312598 0.504213 0.467573
v -0.415858 0.510082 0.437058
v -0.415858 0.488214 0.361031
v -0.312598 0.484219 0.396379
v -0.415858 0.464481 0.285074
v -0.312598 0.479402 0.380592
v -0.355680 0.472885 0.339782
v -0.388151 0.463955 0.295854
v -0.415858 0.529154 0.513189
v -0.312598 0.530844 0.610286
v -0.415858 0.544499 0.589459
v -0.312598 0.537388 0.681871
v -0.415858 0.555183 0.665904
v -0.312598 0.538281 0.753651
v -0.415858 0.560275 0.742557
v -0.312598 0.537429 0.815450
v -0.415858 0.559343 0.808551
v -0.312598 0.535745 0.859154
v -0.415858 0.553387 0.855222
v -0.312598 0.530042 0.887893
v -0.415858 0.543621 0.885912
v -0.312598 0.521429 0.904798
v -0.415858 0.531262 0.903964
v -0.312598 0.511017 0.912997
v -0.415858 0.517525 0.912721
v -0.312598 0.493339 0.915793
v -0.415858 0.494743 0.915793
v -0.207929 0.532992 0.819530
v -0.207929 0.531423 0.861713
v 0.000000 0.446762 0.797158
v -1.144313 0.453031 0.842178
v 0.000000 0.453031 0.842178
v -1.144313 0.446762 0.797158
v -1.144313 0.463429 0.882124
v 0.000000 0.463429 0.882124
v -1.238199 0.453031 0.842159
v -1.243541 0.446762 0.791929
v -1.144313 0.444247 0.756164
v -1.245434 0.444247 0.747988
v -1.144313 0.439970 0.254155
v -1.235739 0.439788 0.209188
v -1.231129 0.463429 0.881274
v -1.221231 0.476680 0.910148
v -1.144313 0.476680 0.909931
v -1.039644 0.440202 0.267376
v -0.934975 0.444247 0.756164
v -0.934975 0.439970 0.254155
v -0.831715 0.444247 0.756164
v -0.831715 0.439816 0.209151
v -0.728456 0.439970 0.254155
v -0.728456 0.444247 0.756164
v -0.623787 0.440202 0.267376
v -0.519117 0.444247 0.756164
v -0.519117 0.439970 0.254155
v -1.258725 0.447638 0.745486
v -1.255682 0.447660 0.361715
v -1.266635 0.462605 0.360547
v -1.262556 0.449552 0.436772
v -1.269111 0.451647 0.514235
v -1.272843 0.453471 0.587530
v -1.273510 0.457810 0.739665
v -1.270211 0.461162 0.785196
v -1.285292 0.499868 0.734980
v -1.279374 0.503086 0.803500
v -1.270836 0.502081 0.843468
v -1.261103 0.467698 0.841687
v -1.256210 0.450362 0.790141
v -1.248034 0.456698 0.843251
v -1.253251 0.473897 0.879334
v -1.260473 0.500267 0.881958
v -1.270836 0.502081 0.843468
v -1.244157 0.480920 0.906626
v -1.241754 0.466046 0.880122
v -1.233910 0.477740 0.909105
v -1.273288 0.455484 0.665663
v -1.288177 0.495799 0.665096
v -1.289353 0.490681 0.588001
v -1.273510 0.457810 0.739665
v -1.284863 0.483166 0.512249
v -1.276853 0.474432 0.435815
v -0.207929 0.476680 0.909931
v -0.103260 0.493339 0.915793
v -0.103260 0.476680 0.909931
v -0.207929 0.492667 0.915793
v -0.312598 0.493339 0.915793
v -0.312598 0.476680 0.909931
v -0.415858 0.494743 0.915793
v -0.519117 0.476680 0.909931
v -0.519117 0.493339 0.915793
v -0.623787 0.476680 0.909931
v -0.623787 0.492667 0.915793
v -0.728456 0.493339 0.915793
v -0.728456 0.476680 0.909931
v -0.831715 0.494743 0.915793
v -0.934975 0.476680 0.909931
v -0.934975 0.493339 0.915793
v -1.039644 0.476680 0.909931
v -1.039644 0.492667 0.915793
v -1.144313 0.493339 0.915793
v -1.144313 0.476680 0.909931
v -1.216836 0.494325 0.915793
v -1.221231 0.476680 0.910148
v -1.230242 0.494666 0.914818
v -1.233910 0.477740 0.909105
v -1.244378 0.495130 0.909840
v -1.244157 0.480920 0.906626
v -1.260473 0.500267 0.881958
v -0.207929 0.496640 0.478296
v -0.291149 0.483164 0.398836
v -0.232154 0.488397 0.437966
v -0.207929 0.489197 0.448667
v -0.298451 0.482301 0.393993
v -0.183729 0.493768 0.459356
v -0.158803 0.499381 0.470366
v -0.150672 0.500782 0.472430
v -0.119499 0.505414 0.480342
v -0.103260 0.507835 0.484464
v -0.080626 0.511788 0.490209
v -0.055982 0.515189 0.492251
v 0.000000 0.525071 0.496891
v -0.519117 0.484219 0.396379
v -0.415858 0.464481 0.285074
v -0.415858 0.488214 0.361031
v -0.519117 0.462520 0.325251
v -0.519117 0.504213 0.467573
v -0.415858 0.510082 0.437058
v -0.519117 0.519502 0.538864
v -0.415858 0.529154 0.513189
v -0.519117 0.530844 0.610286
v -0.415858 0.544499 0.589459
v -0.519117 0.537388 0.681871
v -0.415858 0.555183 0.665904
v -0.519117 0.538281 0.753652
v -0.415858 0.560275 0.742557
v -0.519117 0.537429 0.815450
v -0.415858 0.559343 0.808551
v -0.519117 0.535745 0.859154
v -0.415858 0.553387 0.855222
v -0.519117 0.530042 0.887893
v -0.415858 0.543621 0.885912
v -0.519117 0.521429 0.904798
v -0.415858 0.531262 0.903964
v -0.519117 0.511017 0.912998
v -0.519117 0.493339 0.915793
v -0.623787 0.533741 0.759882
v -0.623787 0.532865 0.690599
v -0.623787 0.524284 0.621320
v -0.623787 0.511959 0.549879
v -0.623787 0.496640 0.478297
v -0.623787 0.479075 0.408368
v -0.623787 0.460013 0.339795
v -0.519117 0.439970 0.254155
v -0.623787 0.440202 0.267376
v -0.728456 0.439970 0.254155
v -0.728456 0.462520 0.325251
v -0.831715 0.439816 0.209151
v -0.831715 0.464481 0.285074
v -0.728456 0.484219 0.396380
v -0.831715 0.488214 0.361031
v -0.728456 0.504213 0.467573
v -0.831715 0.510082 0.437058
v -0.728456 0.519502 0.538865
v -0.831715 0.529154 0.513189
v -0.728456 0.530844 0.610286
v -0.831715 0.544499 0.589459
v -0.728456 0.537388 0.681871
v -0.831715 0.555183 0.665904
v -0.728456 0.538281 0.753652
v -0.831715 0.560275 0.742557
v -0.728456 0.537429 0.815450
v -0.831715 0.559343 0.808551
v -0.728456 0.535745 0.859154
v -0.831715 0.553387 0.855222
v -0.728456 0.530042 0.887894
v -0.831715 0.543621 0.885912
v -0.728456 0.521429 0.904798
v -0.831715 0.531262 0.903964
v -0.728456 0.511017 0.912998
v -0.831715 0.517525 0.912721
v -0.728456 0.493339 0.915793
v -0.831715 0.494743 0.915793
v -0.623787 0.532992 0.819530
v -0.623787 0.531423 0.861714
v -0.623787 0.523579 0.889453
v -0.623787 0.513652 0.905769
v -0.623787 0.506386 0.913684
v -0.623787 0.492667 0.915793
v -0.934975 0.462520 0.325251
v -0.831715 0.439816 0.209151
v -0.831715 0.464481 0.285074
v -0.934975 0.439970 0.254155
v -0.934975 0.484219 0.396379
v -0.831715 0.488214 0.361031
v -0.934975 0.504213 0.467573
v -0.831715 0.510082 0.437058
v -0.934975 0.519502 0.538864
v -0.831715 0.529154 0.513189
v -0.934975 0.530844 0.610286
v -0.831715 0.544499 0.589459
v -0.934975 0.537388 0.681871
v -0.831715 0.555183 0.665904
v -0.934975 0.538281 0.753651
v -0.831715 0.560275 0.742557
v -0.934975 0.537429 0.815450
v -0.831715 0.559343 0.808551
v -0.934975 0.535745 0.859154
v -0.831715 0.553387 0.855222
v -0.934975 0.530042 0.887893
v -0.831715 0.543621 0.885912
v -0.934975 0.521429 0.904798
v -0.831715 0.531262 0.903964
v -0.934975 0.511017 0.912997
v -0.934975 0.493339 0.915793
v -0.831715 0.494743 0.915793
v -1.039644 0.533741 0.759881
v -1.039644 0.532866 0.690599
v -1.039644 0.524284 0.621320
v -1.039644 0.511959 0.549879
v -1.039644 0.496640 0.478296
v -1.039644 0.479075 0.408368
v -1.039644 0.460013 0.339794
v -1.039644 0.440202 0.267376
v -1.144313 0.439970 0.254155
v -1.144313 0.462520 0.325251
v -1.235739 0.439788 0.209188
v -1.144313 0.484219 0.396379
v -1.251407 0.487089 0.367968
v -1.144313 0.504213 0.467573
v -1.254933 0.508408 0.444125
v -1.144313 0.519502 0.538864
v -1.256545 0.526374 0.517856
v -1.144313 0.530844 0.610286
v -1.259554 0.540539 0.591463
v -1.144313 0.537388 0.681871
v -1.257471 0.550003 0.670471
v -1.144313 0.538281 0.753651
v -1.251253 0.553870 0.743209
v -1.144313 0.537429 0.815450
v -1.242442 0.552939 0.809773
v -1.144313 0.535745 0.859154
v -1.234016 0.548194 0.855871
v -1.144313 0.530042 0.887893
v -1.225818 0.539605 0.886498
v -1.144313 0.521429 0.904798
v -1.220353 0.528344 0.904212
v -1.144313 0.511017 0.912998
v -1.217783 0.515590 0.912803
v -1.144313 0.493339 0.915793
v -1.216836 0.494325 0.915793
v -1.039644 0.532992 0.819530
v -1.039644 0.531423 0.861713
v -1.039644 0.523579 0.889453
v -1.039644 0.513652 0.905769
v -1.039644 0.506386 0.913684
v -1.039644 0.492667 0.915793
v -1.261473 0.477459 0.362972
v -1.266635 0.462605 0.360547
v -1.268667 0.494892 0.438430
v -1.276853 0.474432 0.435815
v -1.274417 0.513231 0.514385
v -1.284863 0.483166 0.512249
v -1.277832 0.528319 0.589867
v -1.289353 0.490681 0.588001
v -1.277815 0.538760 0.667121
v -1.288177 0.495799 0.665096
v -1.275021 0.543657 0.737268
v -1.285292 0.499868 0.734980
v -1.268553 0.542741 0.806483
v -1.279374 0.503086 0.803500
v -1.260704 0.537140 0.848076
v -1.270836 0.502081 0.843468
v -1.252821 0.533193 0.883552
v -1.265944 0.524015 0.515119
v -1.261142 0.505464 0.440849
v -1.256127 0.483864 0.365302
v -1.269076 0.538804 0.592639
v -1.267706 0.548919 0.668271
v -1.262867 0.553452 0.740197
v -1.255399 0.552524 0.809167
v -1.247389 0.547161 0.853219
v -1.239119 0.539340 0.885858
v -1.233956 0.528551 0.902983
v -1.247360 0.525283 0.898970
v -1.260473 0.500267 0.881958
v -1.270836 0.502081 0.843468
v -1.244162 0.514327 0.907164
v -1.244378 0.495130 0.909840
v -1.231648 0.515919 0.911697
v -1.230242 0.494666 0.914818
v -0.415858 0.444247 0.756164
v -0.415858 0.440139 0.249037
v -0.432024 0.439840 0.216197
v -0.312598 0.444247 0.756164
v -0.103260 0.444247 0.756164
v -0.165052 0.441859 0.467606
v -0.232154 0.441614 0.437966
v -0.242929 0.441555 0.430819
v -0.298451 0.441177 0.393993
v -0.312598 0.441047 0.380592
v -0.158803 0.441875 0.470366
v -0.103260 0.441932 0.484464
v 0.000000 0.444247 0.756164
v -0.054256 0.441999 0.492395
v 0.000000 0.442147 0.496891
v -0.080626 0.441981 0.490209
v -0.334364 0.440871 0.359974
v -0.355680 0.440751 0.339782
v -0.402102 0.440338 0.276981
v -0.428497 0.442595 0.223362
v -0.432024 0.439840 0.216197
v -0.415858 0.452774 0.249037
v -0.402102 0.459852 0.276981
v -0.415858 0.452774 0.249037
v 0.000000 0.476680 0.909931
v -0.103260 0.476680 0.909931
v -0.207929 0.476680 0.909931
v -0.312598 0.476680 0.909931
v -0.623787 0.476680 0.909931
v -0.728456 0.476680 0.909931
v -0.934975 0.476680 0.909931
v -1.039644 0.476680 0.909931
v -0.312598 0.476680 0.909931
v -0.623787 0.476680 0.909931
v -0.519117 0.476680 0.909931
v -0.054256 0.441999 0.492395
v -0.080626 0.511788 0.490209
v -0.080626 0.441981 0.490209
v -0.055982 0.515189 0.492251
v 0.000000 0.442147 0.496891
v 0.000000 0.525071 0.496891
v -0.103260 0.507835 0.484464
v -0.103260 0.441932 0.484464
v -0.119499 0.505414 0.480342
v -0.158803 0.441875 0.470366
v -0.150672 0.500782 0.472430
v -0.158803 0.499381 0.470366
v -0.183729 0.493768 0.459356
v -0.165052 0.441859 0.467606
v -0.232154 0.441614 0.437966
v -0.207929 0.489197 0.448667
v -0.232154 0.488397 0.437966
v -0.291149 0.483164 0.398836
v -0.242929 0.441555 0.430819
v -0.298451 0.441177 0.393993
v -0.298451 0.482301 0.393993
v -0.312598 0.479402 0.380592
v -0.312598 0.441047 0.380592
v -0.355680 0.472885 0.339782
v -0.334364 0.440871 0.359974
v -0.355680 0.440751 0.339782
v -0.388151 0.463955 0.295854
v -0.402102 0.440338 0.276981
v -0.402102 0.459852 0.276981
v -0.415858 0.452774 0.249037
v -0.415858 0.440139 0.249037
v -0.428497 0.442595 0.223362
v -0.432024 0.439840 0.216197
v 0.000000 0.494743 0.915793
v 0.000000 0.476680 0.909931
v -0.327878 -0.392717 0.116460
v -0.444222 -0.370013 0.232560
v -0.442572 -0.392563 0.161464
v -0.329875 -0.368052 0.192382
v -0.445871 -0.348314 0.303688
v -0.331873 -0.344319 0.268339
v -0.447523 -0.328320 0.374882
v -0.333873 -0.322451 0.344366
v -0.449177 -0.313031 0.446173
v -0.335875 -0.303379 0.420497
v -0.450833 -0.301689 0.517595
v -0.337882 -0.288034 0.496768
v -0.452494 -0.295145 0.589180
v -0.339892 -0.277350 0.573212
v -0.454159 -0.294252 0.660960
v -0.341908 -0.272258 0.649866
v -0.455592 -0.295104 0.722759
v -0.343644 -0.273190 0.715860
v -0.456606 -0.296788 0.766463
v -0.344872 -0.279146 0.762531
v -0.457273 -0.302491 0.795202
v -0.345679 -0.288912 0.793221
v -0.457665 -0.311104 0.812107
v -0.346154 -0.301271 0.811273
v -0.457855 -0.321516 0.820306
v -0.346384 -0.315008 0.820029
v -0.457920 -0.339194 0.823102
v -0.346465 -0.337790 0.823102
v -0.567771 -0.298792 0.667190
v -0.566382 -0.299667 0.597907
v -0.564993 -0.308249 0.528628
v -0.563560 -0.320574 0.457188
v -0.562125 -0.335893 0.385605
v -0.560723 -0.353458 0.315677
v -0.559349 -0.372520 0.247103
v -0.557897 -0.392331 0.174685
v -0.672691 -0.392563 0.161464
v -0.673893 -0.370013 0.232560
v -0.785581 -0.392717 0.116460
v -0.786628 -0.368052 0.192382
v -0.675095 -0.348314 0.303688
v -0.787676 -0.344319 0.268339
v -0.676298 -0.328320 0.374882
v -0.788724 -0.322451 0.344366
v -0.677503 -0.313031 0.446173
v -0.789774 -0.303379 0.420497
v -0.678710 -0.301689 0.517595
v -0.790826 -0.288034 0.496768
v -0.679919 -0.295145 0.589180
v -0.791881 -0.277350 0.573212
v -0.681132 -0.294252 0.660960
v -0.792938 -0.272258 0.649866
v -0.682177 -0.295104 0.722759
v -0.793848 -0.273189 0.715860
v -0.682915 -0.296788 0.766463
v -0.794492 -0.279146 0.762531
v -0.683401 -0.302491 0.795202
v -0.794915 -0.288912 0.793221
v -0.683687 -0.311104 0.812107
v -0.795164 -0.301271 0.811273
v -0.683825 -0.321516 0.820306
v -0.795285 -0.315008 0.820029
v -0.683873 -0.339194 0.823102
v -0.795327 -0.337790 0.823102
v -0.568966 -0.299541 0.726839
v -0.569812 -0.301110 0.769022
v -0.570368 -0.308954 0.796762
v -0.570695 -0.318881 0.813078
v -0.570854 -0.326147 0.820992
v -0.570896 -0.339866 0.823102
v -0.342266 -0.388286 0.663473
v -0.442572 -0.392563 0.161464
v -0.454217 -0.388286 0.663473
v -0.327878 -0.392717 0.116460
v -0.343345 -0.385771 0.704467
v -0.455168 -0.385771 0.704467
v -0.344529 -0.379502 0.749486
v -0.456212 -0.379502 0.749486
v -0.345579 -0.369104 0.789433
v -0.457139 -0.369104 0.789433
v -0.346311 -0.355853 0.817239
v -0.457784 -0.355853 0.817240
v -0.557897 -0.392331 0.174685
v -0.567696 -0.388286 0.663473
v -0.568518 -0.385771 0.704467
v -0.569420 -0.379502 0.749486
v -0.570221 -0.369104 0.789433
v -0.570779 -0.355853 0.817239
v -0.681175 -0.388286 0.663473
v -0.672691 -0.392563 0.161464
v -0.793126 -0.388286 0.663473
v -0.785581 -0.392717 0.116460
v -0.793691 -0.385771 0.704467
v -0.681867 -0.385771 0.704467
v -0.794312 -0.379502 0.749486
v -0.682628 -0.379502 0.749486
v -0.794863 -0.369104 0.789433
v -0.683303 -0.369104 0.789433
v -0.795246 -0.355853 0.817240
v -0.683773 -0.355853 0.817240
v -0.899712 -0.392563 0.161464
v -0.905076 -0.388286 0.663473
v -0.905514 -0.385771 0.704467
v -0.905995 -0.379502 0.749486
v -0.906422 -0.369104 0.789433
v -0.906720 -0.355853 0.817239
v -1.014871 -0.392331 0.174685
v -1.018555 -0.388286 0.663473
v -1.018864 -0.385771 0.704467
v -1.019203 -0.379502 0.749486
v -1.019505 -0.369104 0.789433
v -1.019714 -0.355854 0.817239
v -1.132034 -0.388286 0.663473
v -1.129831 -0.392563 0.161464
v -1.241655 -0.388286 0.655296
v -1.230259 -0.392746 0.116496
v -1.239664 -0.385771 0.699238
v -1.132214 -0.385771 0.704467
v -1.233956 -0.379502 0.749468
v -1.132411 -0.379502 0.749486
v -1.226379 -0.369104 0.788582
v -1.132587 -0.369104 0.789433
v -1.215746 -0.355854 0.817456
v -1.132709 -0.355854 0.817239
v -1.256066 -0.384896 0.652794
v -1.252367 -0.384873 0.269024
v -1.264371 -0.369928 0.267856
v -1.259963 -0.382981 0.344081
v -1.267182 -0.380886 0.421544
v -1.271294 -0.379062 0.494838
v -1.274295 -0.374723 0.646974
v -1.274022 -0.377049 0.572971
v -1.268546 -0.371371 0.692505
v -1.287074 -0.332665 0.642288
v -1.278477 -0.329447 0.710808
v -1.269257 -0.330452 0.750777
v -1.258728 -0.364835 0.748995
v -1.253383 -0.382171 0.697449
v -1.244596 -0.375836 0.750560
v -1.250278 -0.358636 0.786643
v -1.258083 -0.332266 0.789267
v -1.269257 -0.330452 0.750777
v -1.240490 -0.351613 0.813935
v -1.237857 -0.366487 0.787430
v -1.229431 -0.354793 0.816413
v -0.346465 -0.337790 0.823102
v -0.457784 -0.355853 0.817240
v -0.457920 -0.339194 0.823102
v -0.346311 -0.355853 0.817239
v -0.570779 -0.355853 0.817239
v -0.570896 -0.339866 0.823102
v -0.683873 -0.339194 0.823102
v -0.683773 -0.355853 0.817240
v -0.795327 -0.337790 0.823102
v -0.795246 -0.355853 0.817240
v -0.906720 -0.355853 0.817239
v -0.906782 -0.339194 0.823102
v -1.019714 -0.355854 0.817239
v -1.019758 -0.339866 0.823102
v -1.132735 -0.339194 0.823102
v -1.132709 -0.355854 0.817239
v -1.211014 -0.338208 0.823102
v -1.215746 -0.355854 0.817456
v -1.225481 -0.337867 0.822127
v -1.229431 -0.354793 0.816413
v -1.240733 -0.337403 0.817148
v -1.240490 -0.351613 0.813935
v -1.258083 -0.332266 0.789267
v -0.785581 -0.392717 0.116460
v -0.900472 -0.370013 0.232560
v -0.899712 -0.392563 0.161464
v -0.786628 -0.368052 0.192382
v -0.901231 -0.348314 0.303688
v -0.787676 -0.344319 0.268339
v -0.901992 -0.328320 0.374882
v -0.788724 -0.322451 0.344366
v -0.902754 -0.313031 0.446173
v -0.789774 -0.303379 0.420497
v -0.903518 -0.301689 0.517595
v -0.790826 -0.288034 0.496768
v -0.904283 -0.295146 0.589180
v -0.791881 -0.277350 0.573212
v -0.905049 -0.294252 0.660960
v -0.792938 -0.272258 0.649866
v -0.905710 -0.295104 0.722759
v -0.793848 -0.273189 0.715860
v -0.906177 -0.296788 0.766463
v -0.794492 -0.279146 0.762531
v -0.906484 -0.302491 0.795202
v -0.794915 -0.288912 0.793221
v -0.906665 -0.311104 0.812107
v -0.795164 -0.301271 0.811273
v -0.906752 -0.321516 0.820306
v -0.906782 -0.339194 0.823102
v -1.018583 -0.298793 0.667190
v -1.018061 -0.299668 0.597907
v -1.017539 -0.308249 0.528628
v -1.017000 -0.320574 0.457188
v -1.016461 -0.335893 0.385605
v -1.015934 -0.353458 0.315677
v -1.015417 -0.372520 0.247103
v -1.014871 -0.392331 0.174685
v -1.129831 -0.392563 0.161464
v -1.130143 -0.370013 0.232560
v -1.230259 -0.392746 0.116496
v -1.130455 -0.348315 0.303688
v -1.247689 -0.345444 0.275277
v -1.130767 -0.328320 0.374882
v -1.251634 -0.324125 0.351434
v -1.131080 -0.313031 0.446173
v -1.253470 -0.306159 0.425165
v -1.131394 -0.301689 0.517595
v -1.256822 -0.291995 0.498772
v -1.131708 -0.295146 0.589180
v -1.254632 -0.282530 0.577780
v -1.132023 -0.294252 0.660960
v -1.247960 -0.278663 0.650518
v -1.132294 -0.295104 0.722759
v -1.238500 -0.279594 0.717082
v -1.132486 -0.296788 0.766463
v -1.229455 -0.284339 0.763180
v -1.132612 -0.302492 0.795202
v -1.220651 -0.292929 0.793807
v -1.132686 -0.311104 0.812107
v -1.214785 -0.304189 0.811520
v -1.132722 -0.321516 0.820306
v -1.212029 -0.316943 0.820112
v -1.132735 -0.339194 0.823102
v -1.211014 -0.338208 0.823102
v -1.019033 -0.299541 0.726839
v -1.019351 -0.301111 0.769022
v -1.019560 -0.308954 0.796762
v -1.019683 -0.318882 0.813078
v -1.019743 -0.326147 0.820992
v -1.019758 -0.339866 0.823102
v -1.258715 -0.355074 0.270281
v -1.264371 -0.369928 0.267856
v -1.266649 -0.337641 0.345738
v -1.275601 -0.358101 0.343124
v -1.272973 -0.319302 0.421694
v -1.284374 -0.349367 0.419558
v -1.276729 -0.304214 0.497176
v -1.289277 -0.341852 0.495310
v -1.276739 -0.293773 0.574430
v -1.290204 -0.336734 0.572405
v -1.273735 -0.288876 0.644577
v -1.287074 -0.332665 0.642288
v -1.266764 -0.289792 0.713792
v -1.278477 -0.329447 0.710808
v -1.258302 -0.295393 0.755385
v -1.269257 -0.330452 0.750777
v -1.249817 -0.299340 0.790860
v -1.263726 -0.308518 0.422427
v -1.258420 -0.327069 0.348158
v -1.252858 -0.348669 0.272611
v -1.267193 -0.293729 0.499947
v -1.265753 -0.283614 0.575579
v -1.260553 -0.279081 0.647505
v -1.252525 -0.280009 0.716475
v -1.243910 -0.285372 0.760528
v -1.235018 -0.293193 0.793166
v -1.229471 -0.303982 0.810292
v -1.243938 -0.307250 0.806279
v -1.258083 -0.332266 0.789267
v -1.269257 -0.330452 0.750777
v -1.240496 -0.318206 0.814472
v -1.240733 -0.337403 0.817148
v -1.226993 -0.316614 0.819005
v -1.225481 -0.337867 0.822127
v -1.290204 -0.336734 0.572405
v -1.289277 -0.341852 0.495310
v -1.284374 -0.349367 0.419558
v -1.275601 -0.358101 0.343124
v -0.741662 -0.293416 0.702685
v -0.748550 -0.254422 0.676978
v -0.748550 -0.293416 0.676978
v -0.741662 -0.254422 0.702685
v -0.767369 -0.254421 0.658159
v -0.767369 -0.293416 0.658159
v -0.793076 -0.254421 0.651270
v -0.793076 -0.293416 0.651270
v -0.818783 -0.254421 0.658159
v -0.818783 -0.293416 0.658159
v -0.748550 -0.293416 0.728392
v -0.748550 -0.254422 0.728392
v -0.767369 -0.293416 0.747211
v -0.767369 -0.254422 0.747211
v -0.793076 -0.293416 0.754099
v -0.793076 -0.254422 0.754099
v -0.818783 -0.293416 0.747211
v -0.818783 -0.254422 0.747211
v -0.837602 -0.293416 0.728392
v -0.837602 -0.254421 0.728392
v -0.844491 -0.293416 0.702685
v -0.844491 -0.254421 0.702685
v -0.837602 -0.293416 0.676978
v -0.837602 -0.254421 0.676978
v -0.818783 -0.293416 0.658159
v -0.818783 -0.254421 0.658159
v -0.741662 0.412060 0.702685
v -0.748550 0.460075 0.676977
v -0.748550 0.412060 0.676977
v -0.741662 0.460075 0.702685
v -0.767369 0.460075 0.658158
v -0.767369 0.412060 0.658158
v -0.793076 0.460075 0.651270
v -0.793076 0.412060 0.651270
v -0.818783 0.460075 0.658158
v -0.818783 0.412060 0.658158
v -0.748550 0.412060 0.728392
v -0.748550 0.460075 0.728392
v -0.767369 0.412060 0.747211
v -0.767369 0.460075 0.747211
v -0.793076 0.412060 0.754099
v -0.793076 0.460075 0.754099
v -0.818783 0.412060 0.747211
v -0.818783 0.460075 0.747211
v -0.837602 0.412060 0.728392
v -0.837602 0.460075 0.728392
v -0.844491 0.412060 0.702685
v -0.844491 0.460075 0.702685
v -0.837602 0.412060 0.676977
v -0.837602 0.460075 0.676977
v -0.818783 0.412060 0.658158
v -0.818783 0.460075 0.658158
v -0.760686 -0.254422 0.702685
v -0.765025 0.412060 0.686489
v -0.765025 -0.254422 0.686489
v -0.760686 0.412060 0.702685
v -0.776881 0.412060 0.674633
v -0.776881 -0.254422 0.674634
v -0.793076 0.412060 0.670294
v -0.793076 -0.254422 0.670294
v -0.809272 0.412060 0.674633
v -0.809272 -0.254422 0.674634
v -0.765025 -0.254422 0.718880
v -0.765025 0.412060 0.718880
v -0.776881 -0.254422 0.730736
v -0.776881 0.412060 0.730736
v -0.793076 -0.254422 0.735075
v -0.793076 0.412060 0.735075
v -0.809272 -0.254422 0.730736
v -0.809272 0.412060 0.730736
v -0.821127 -0.254422 0.718880
v -0.821127 0.412060 0.718880
v -0.825467 -0.254422 0.702685
v -0.825467 0.412060 0.702685
v -0.821127 -0.254422 0.686489
v -0.821127 0.412060 0.686489
v -0.809272 -0.254422 0.674634
v -0.809272 0.412060 0.674633
v -0.748550 0.412060 0.728392
v -0.793076 0.412060 0.754099
v -0.767369 0.412060 0.747211
v -0.748550 0.412060 0.676977
v -0.837602 0.412060 0.676977
v -0.837602 0.412060 0.728392
v -0.818783 0.412060 0.747211
v -0.844491 0.412060 0.702685
v -0.793076 0.412060 0.651270
v -0.818783 0.412060 0.658158
v -0.767369 0.412060 0.658158
v -0.741662 0.412060 0.702685
v -0.767369 -0.254421 0.658159
v -0.818783 -0.254421 0.658159
v -0.793076 -0.254421 0.651270
v -0.741662 -0.254422 0.702685
v -0.818783 -0.254422 0.747211
v -0.844491 -0.254421 0.702685
v -0.837602 -0.254421 0.676978
v -0.837602 -0.254421 0.728392
v -0.767369 -0.254422 0.747211
v -0.793076 -0.254422 0.754099
v -0.748550 -0.254422 0.728392
v -0.748550 -0.254422 0.676978
v -0.741662 -0.325305 0.412962
v -0.748550 -0.276020 0.387254
v -0.748550 -0.325305 0.387254
v -0.741662 -0.276020 0.412962
v -0.767369 -0.276020 0.368435
v -0.767369 -0.325305 0.368435
v -0.793076 -0.276020 0.361547
v -0.793076 -0.325305 0.361547
v -0.818783 -0.276020 0.368435
v -0.818783 -0.325305 0.368435
v -0.748550 -0.325305 0.438669
v -0.748550 -0.276020 0.438669
v -0.767369 -0.325305 0.457488
v -0.767369 -0.276020 0.457488
v -0.793076 -0.325305 0.464376
v -0.793076 -0.276020 0.464376
v -0.818783 -0.325305 0.457488
v -0.818783 -0.276020 0.457488
v -0.837602 -0.325305 0.438669
v -0.837602 -0.276020 0.438669
v -0.844490 -0.325305 0.412962
v -0.844490 -0.276020 0.412962
v -0.837602 -0.325305 0.387254
v -0.837602 -0.276020 0.387254
v -0.818783 -0.325305 0.368435
v -0.818783 -0.276020 0.368435
v -0.741662 0.412060 0.412962
v -0.748550 0.460075 0.387254
v -0.748550 0.412060 0.387254
v -0.741662 0.460075 0.412962
v -0.767369 0.460075 0.368435
v -0.767369 0.412060 0.368435
v -0.793076 0.460075 0.361547
v -0.793076 0.412060 0.361547
v -0.818783 0.460075 0.368435
v -0.818783 0.412060 0.368435
v -0.748550 0.412060 0.438669
v -0.748550 0.460075 0.438669
v -0.767369 0.412060 0.457488
v -0.767369 0.460075 0.457488
v -0.793076 0.412060 0.464376
v -0.793076 0.460075 0.464376
v -0.818783 0.412060 0.457488
v -0.818783 0.460075 0.457488
v -0.837602 0.412060 0.438669
v -0.837602 0.460075 0.438669
v -0.844490 0.412060 0.412962
v -0.844490 0.460075 0.412962
v -0.837602 0.412060 0.387254
v -0.837602 0.460075 0.387254
v -0.818783 0.412060 0.368435
v -0.818783 0.460075 0.368435
v -0.760686 -0.276020 0.412962
v -0.765025 0.412060 0.396766
v -0.765025 -0.276020 0.396766
v -0.760686 0.412060 0.412962
v -0.776881 0.412060 0.384910
v -0.776881 -0.276020 0.384910
v -0.793076 0.412060 0.380571
v -0.793076 -0.276020 0.380571
v -0.809272 0.412060 0.384910
v -0.809272 -0.276020 0.384910
v -0.765025 -0.276020 0.429157
v -0.765025 0.412060 0.429157
v -0.776881 -0.276020 0.441013
v -0.776881 0.412060 0.441013
v -0.793076 -0.276020 0.445352
v -0.793076 0.412060 0.445352
v -0.809272 -0.276020 0.441013
v -0.809272 0.412060 0.441013
v -0.821127 -0.276020 0.429157
v -0.821127 0.412060 0.429157
v -0.825467 -0.276020 0.412962
v -0.825467 0.412060 0.412962
v -0.821127 -0.276020 0.396766
v -0.821127 0.412060 0.396766
v -0.809272 -0.276020 0.384910
v -0.809272 0.412060 0.384910
v -0.748550 0.412060 0.438669
v -0.793076 0.412060 0.464376
v -0.767369 0.412060 0.457488
v -0.748550 0.412060 0.387254
v -0.837602 0.412060 0.387254
v -0.837602 0.412060 0.438669
v -0.818783 0.412060 0.457488
v -0.844490 0.412060 0.412962
v -0.793076 0.412060 0.361547
v -0.818783 0.412060 0.368435
v -0.767369 0.412060 0.368435
v -0.741662 0.412060 0.412962
v -0.767369 -0.276020 0.368435
v -0.818783 -0.276020 0.368435
v -0.793076 -0.276020 0.361547
v -0.741662 -0.276020 0.412962
v -0.818783 -0.276020 0.457488
v -0.844490 -0.276020 0.412962
v -0.837602 -0.276020 0.387254
v -0.837602 -0.276020 0.438669
v -0.767369 -0.276020 0.457488
v -0.793076 -0.276020 0.464376
v -0.748550 -0.276020 0.438669
v -0.748550 -0.276020 0.387254
v -0.156114 0.235849 -1.325257
v -0.011702 0.224519 -1.400881
v -0.020128 0.242150 -1.338556
v -0.150777 0.219907 -1.381711
v -0.161454 0.250900 -1.268827
v -0.028556 0.258807 -1.276255
v -0.166798 0.264169 -1.212443
v -0.036993 0.273516 -1.214005
v -0.172150 0.272530 -1.156250
v -0.045442 0.285302 -1.151829
v -0.177512 0.276767 -1.100180
v -0.053905 0.293192 -1.089754
v -0.182886 0.275990 -1.044256
v -0.062388 0.296212 -1.027803
v -0.188274 0.269311 -0.988500
v -0.070895 0.293387 -0.966003
v -0.192913 0.261872 -0.940590
v -0.078218 0.285420 -0.913097
v -0.196194 0.255485 -0.906770
v -0.083397 0.274269 -0.875983
v -0.198352 0.246499 -0.884790
v -0.086803 0.260848 -0.851910
v -0.199621 0.235740 -0.872161
v -0.088806 0.246066 -0.838125
v -0.200236 0.224030 -0.866389
v -0.089778 0.230835 -0.831878
v -0.200446 0.205327 -0.865223
v -0.090119 0.206789 -0.830706
v -0.306249 0.263922 -1.014654
v -0.303569 0.270357 -1.066614
v -0.300889 0.268766 -1.119009
v -0.298126 0.263508 -1.173235
v -0.295357 0.255148 -1.227739
v -0.292652 0.244273 -1.281130
v -0.290000 0.231696 -1.333591
v -0.287199 0.218748 -1.388975
v -0.422597 0.219907 -1.416078
v -0.422760 0.235849 -1.363433
v -0.542637 0.224485 -1.462533
v -0.422923 0.250900 -1.310814
v -0.557680 0.256900 -1.351878
v -0.423086 0.264169 -1.258244
v -0.559364 0.271023 -1.298485
v -0.423250 0.272530 -1.205870
v -0.558642 0.281912 -1.246657
v -0.423413 0.276767 -1.153627
v -0.559494 0.288856 -1.195543
v -0.423578 0.275990 -1.101537
v -0.554105 0.290333 -1.139691
v -0.423742 0.269311 -1.049628
v -0.544394 0.286649 -1.087228
v -0.423884 0.261871 -1.005029
v -0.532334 0.278622 -1.038313
v -0.423984 0.255484 -0.973549
v -0.521687 0.268794 -1.003754
v -0.424050 0.246499 -0.953110
v -0.511960 0.256604 -0.980146
v -0.424088 0.235739 -0.941386
v -0.505638 0.243002 -0.966551
v -0.424107 0.224030 -0.936053
v -0.502682 0.228812 -0.960380
v -0.424114 0.205327 -0.935037
v -0.501601 0.206354 -0.959167
v -0.308556 0.256819 -0.970005
v -0.310188 0.250713 -0.938487
v -0.311261 0.239605 -0.918149
v -0.311892 0.227539 -0.906487
v -0.312198 0.219135 -0.900969
v -0.312280 0.204628 -0.900168
v -0.150777 0.219907 -1.381711
v -0.072405 0.171138 -0.961669
v -0.011702 0.224519 -1.400881
v -0.188463 0.171138 -0.991888
v -0.287199 0.218748 -1.388975
v -0.423748 0.171137 -1.053150
v -0.422597 0.219907 -1.416078
v -0.537670 0.172004 -1.088438
v -0.542637 0.224485 -1.462533
v -0.534122 0.169964 -1.057115
v -0.423842 0.169410 -1.023390
v -0.526660 0.171166 -1.020064
v -0.423945 0.171164 -0.990509
v -0.517835 0.177845 -0.989860
v -0.424036 0.177755 -0.961059
v -0.506435 0.188580 -0.965602
v -0.424100 0.188603 -0.940217
v -0.552741 0.175800 -1.093842
v -0.563289 0.216511 -1.359282
v -0.577149 0.232195 -1.361341
v -0.569044 0.210523 -1.308537
v -0.573956 0.204492 -1.256310
v -0.575358 0.198620 -1.206526
v -0.571950 0.187008 -1.102148
v -0.574901 0.192432 -1.153199
v -0.564046 0.185671 -1.068994
v -0.585483 0.231295 -1.106372
v -0.573434 0.227381 -1.056773
v -0.562312 0.222097 -1.026646
v -0.551736 0.186487 -1.026766
v -0.549513 0.216128 -0.996821
v -0.541806 0.188950 -0.997794
v -0.531089 0.193369 -0.975428
v -0.548269 0.173902 -1.061975
v -0.537384 0.174868 -1.022191
v -0.529351 0.180692 -0.993964
v -0.520037 0.189795 -0.970482
v -0.312053 0.188603 -0.905468
v -0.200446 0.205327 -0.865223
v -0.200006 0.188603 -0.870717
v -0.312280 0.204628 -0.900168
v -0.424114 0.205327 -0.935037
v -0.424100 0.188603 -0.940217
v -0.501601 0.206354 -0.959167
v -0.506435 0.188580 -0.965602
v -0.515951 0.206812 -0.964301
v -0.520037 0.189795 -0.970482
v -0.531221 0.207823 -0.972455
v -0.531089 0.193369 -0.975428
v -0.549513 0.216128 -0.996821
v -0.200446 0.205327 -0.865223
v -0.089679 0.190066 -0.836201
v -0.090119 0.206789 -0.830706
v -0.570544 0.247403 -1.357830
v -0.577149 0.232195 -1.361341
v -0.576524 0.257554 -1.306108
v -0.586743 0.236528 -1.310799
v -0.580359 0.268596 -1.253936
v -0.593077 0.237519 -1.259519
v -0.581154 0.276303 -1.201913
v -0.594859 0.237312 -1.208210
v -0.577725 0.278983 -1.148142
v -0.592131 0.234467 -1.155311
v -0.571472 0.276644 -1.098778
v -0.585483 0.231295 -1.106372
v -0.563719 0.253825 -1.354823
v -0.567141 0.268306 -1.302241
v -0.570094 0.279746 -1.250861
v -0.570692 0.286925 -1.197214
v -0.566003 0.289438 -1.144043
v -0.557617 0.286532 -1.092697
v -0.546677 0.278254 -1.042727
v -0.561329 0.268352 -1.049164
v -0.585483 0.231295 -1.106372
v -0.573434 0.227381 -1.056773
v -0.551056 0.258111 -1.018273
v -0.562312 0.222097 -1.026646
v -0.541191 0.250241 -0.991360
v -0.549513 0.216128 -0.996821
v -0.534778 0.240370 -0.979300
v -0.531077 0.228094 -0.973159
v -0.531221 0.207823 -0.972455
v -0.536343 0.268000 -1.009914
v -0.526326 0.256397 -0.984944
v -0.520263 0.243348 -0.971895
v -0.517541 0.229271 -0.965749
v -0.515951 0.206812 -0.964301
v -0.585483 0.231295 -1.106372
v -0.592131 0.234467 -1.155311
v -0.594859 0.237312 -1.208210
v -0.593077 0.237519 -1.259519
v -0.586743 0.236528 -1.310799
v -0.195923 0.171164 -0.920127
v -0.078460 0.170872 -0.917550
v -0.193079 0.169410 -0.952513
v -0.083131 0.172626 -0.885165
v -0.423945 0.171164 -0.990509
v -0.423842 0.169410 -1.023390
v -0.198755 0.177755 -0.891397
v -0.083131 0.172626 -0.885165
v -0.195923 0.171164 -0.920127
v -0.087334 0.179217 -0.856891
v -0.424036 0.177755 -0.961059
v -0.423945 0.171164 -0.990509
v -0.193079 0.169410 -0.952513
v -0.072405 0.171138 -0.961669
v -0.188463 0.171138 -0.991888
v -0.078460 0.170872 -0.917550
v -0.423842 0.169410 -1.023390
v -0.200006 0.188603 -0.870717
v -0.087334 0.179217 -0.856891
v -0.198755 0.177755 -0.891397
v -0.089679 0.190066 -0.836201
v -0.312053 0.188603 -0.905468
v -0.424036 0.177755 -0.961059
v 0.000000 0.363775 0.414099
v 0.089661 0.354963 0.790803
v 0.000000 0.363764 0.790803
v 0.087249 0.355721 0.409163
v 0.175581 0.328900 0.790803
v 0.171428 0.331760 0.394480
v 0.178492 0.328236 0.392320
v 0.254764 0.286576 0.790803
v 0.250574 0.293189 0.362388
v 0.306150 0.252223 0.327400
v 0.324169 0.229616 0.790803
v 0.322370 0.240702 0.313910
v 0.374492 0.187302 0.251387
v 0.381128 0.160211 0.790803
v 0.385960 0.176227 0.233314
v 0.428789 0.094937 0.233207
v 0.423453 0.081028 0.790803
v 0.455181 0.006775 0.233207
v 0.449516 -0.004892 0.790803
v 0.464092 -0.081360 0.233207
v 0.458317 -0.094245 0.790803
v 0.455181 -0.176598 0.233207
v 0.449516 -0.183598 0.790803
v 0.428788 -0.264760 0.233207
v 0.423453 -0.269517 0.790803
v 0.385930 -0.334818 0.233207
v 0.381128 -0.348701 0.790803
v 0.328253 -0.408746 0.233207
v 0.324169 -0.418106 0.790803
v 0.257972 -0.455265 0.233207
v 0.254764 -0.477417 0.790803
v 0.177790 -0.483133 0.233207
v 0.175580 -0.519741 0.790803
v 0.090787 -0.509877 0.233207
v 0.089661 -0.545804 0.790803
v 0.000000 -0.518907 0.233207
v 0.000000 -0.554605 0.790803
v 0.437183 -0.262319 -0.054799
v 0.393485 -0.325572 -0.054799
v 0.334678 -0.390804 -0.054799
v 0.263020 -0.433115 -0.054799
v 0.181267 -0.463078 -0.054799
v 0.092560 -0.489987 -0.054799
v 0.000000 -0.499073 -0.054799
v 0.374967 -0.311155 -0.290313
v 0.415999 -0.251225 -0.290313
v 0.455159 -0.173612 -0.054799
v 0.464245 -0.081360 -0.054799
v 0.459035 0.010893 -0.054799
v 0.442371 -0.081360 -0.290313
v 0.441839 0.009120 -0.290313
v 0.445493 0.065638 -0.104455
v 0.446028 0.070443 -0.054799
v 0.439862 0.073481 -0.185510
v 0.429641 0.096667 -0.264063
v 0.428789 0.096123 -0.290313
v 0.421411 0.109927 -0.290313
v 0.433460 -0.171839 -0.290313
v 0.381646 0.095261 -0.475256
v 0.399864 0.135071 -0.339687
v 0.374557 0.168705 -0.384329
v 0.356178 0.168860 -0.475256
v 0.354672 0.187301 -0.409012
v 0.311841 0.230173 -0.449840
v 0.309226 0.230240 -0.475256
v 0.280181 0.252222 -0.470838
v 0.271423 0.258582 -0.475256
v 0.392005 0.008975 -0.475256
v 0.398915 -0.073592 -0.475256
v 0.392005 -0.152823 -0.475256
v 0.371542 -0.223009 -0.475256
v 0.338311 -0.283216 -0.475256
v 0.287155 -0.333747 -0.475256
v 0.317290 -0.372510 -0.290313
v 0.247216 -0.413693 -0.290313
v 0.168629 -0.439163 -0.290313
v 0.083438 -0.465555 -0.290313
v 0.000000 -0.474467 -0.290313
v 0.225574 -0.373185 -0.475256
v 0.154684 -0.401457 -0.475256
v 0.080019 -0.422847 -0.475256
v 0.000000 -0.431242 -0.475256
v 0.157823 -0.286329 -0.695240
v 0.104635 -0.311309 -0.695240
v 0.048006 -0.328284 -0.695240
v 0.000000 -0.335274 -0.695240
v 0.051132 -0.168967 -0.931638
v 0.085643 -0.155156 -0.931638
v 0.206675 -0.250403 -0.695240
v 0.252564 -0.202664 -0.695240
v 0.287339 -0.154269 -0.695240
v 0.308248 -0.101486 -0.695240
v 0.316351 -0.034457 -0.695240
v 0.311022 0.038393 -0.695240
v 0.299535 0.114048 -0.695240
v 0.271234 0.178991 -0.695240
v 0.230613 0.232501 -0.695240
v 0.180220 0.275753 -0.695240
v 0.240869 0.278665 -0.489207
v 0.163501 0.312622 -0.512796
v 0.119260 0.309374 -0.695240
v 0.109238 0.272057 -0.931638
v 0.067982 0.303678 -0.931638
v 0.052623 0.329137 -0.695240
v 0.028721 0.322931 -0.931681
v 0.000000 0.336937 -0.695240
v 0.000000 0.340385 -0.529698
v 0.082780 0.333251 -0.526142
v 0.000000 0.329187 -0.931638
v 0.141889 0.238892 -0.931638
v 0.170201 0.188673 -0.931638
v 0.193269 0.137963 -0.931638
v 0.206475 0.085262 -0.931638
v 0.209564 0.035514 -0.931638
v 0.201195 -0.008331 -0.931638
v 0.180936 -0.053399 -0.931638
v 0.150987 -0.092866 -0.931638
v 0.117757 -0.127323 -0.931638
v 0.028058 0.221655 -1.415776
v 0.028014 0.237856 -1.418184
v 0.027358 0.205288 -1.409847
v 0.026292 0.190712 -1.400997
v 0.024722 0.174732 -1.389386
v 0.022574 0.164764 -1.380818
v 0.020245 0.151813 -1.368722
v 0.015446 0.131398 -1.349552
v 0.012246 0.118922 -1.335683
v 0.009503 0.108515 -1.324567
v 0.013035 -0.180476 -0.931638
v 0.000000 -0.185244 -0.931638
v 0.005846 0.098783 -1.314311
v 0.000000 0.097700 -1.315601
v 0.005846 0.098783 -1.314311
v 0.000000 0.106468 -1.326667
v 0.000000 0.106468 -1.326667
v 0.009503 0.108515 -1.324567
v 0.000000 0.116638 -1.339424
v 0.000000 0.106468 -1.326667
v 0.012246 0.118922 -1.335683
v 0.000000 0.128511 -1.354438
v 0.015446 0.131398 -1.349552
v 0.000000 0.148522 -1.377115
v 0.020245 0.151813 -1.368722
v 0.000000 0.162323 -1.391277
v 0.022574 0.164764 -1.380818
v 0.000000 0.173172 -1.400109
v 0.024722 0.174732 -1.389386
v 0.000000 0.190049 -1.411166
v 0.026292 0.190712 -1.400997
v 0.000000 0.205171 -1.419148
v 0.027358 0.205288 -1.409847
v 0.000000 0.221655 -1.424882
v 0.028058 0.221655 -1.415776
v 0.000000 0.237856 -1.427640
v 0.028014 0.237856 -1.418184
v 0.000000 0.258000 -1.428540
v 0.027634 0.258000 -1.420545
v 0.000000 0.275430 -1.427930
v 0.026016 0.275430 -1.421085
v 0.000000 0.290410 -1.425562
v 0.021811 0.290410 -1.421736
v 0.000000 0.300708 -1.421801
v 0.410299 0.135072 0.166155
v 0.433243 0.097968 0.076578
v 0.433680 0.096817 0.073801
v 0.443870 0.073481 -0.023399
v 0.101700 0.328234 -0.523642
v 0.000000 0.340385 -0.529698
v 0.089555 0.327278 -0.515499
v 0.000000 0.336649 -0.520167
v 0.082780 0.333251 -0.526142
v 0.101700 0.328234 -0.523642
v 0.161450 0.313962 -0.503923
v 0.163501 0.312622 -0.512796
v 0.235876 0.281395 -0.481535
v 0.240869 0.278665 -0.489207
v 0.268031 0.257864 -0.467021
v 0.271423 0.258582 -0.475256
v 0.280181 0.252222 -0.470838
v 0.303053 0.234800 -0.445255
v 0.311841 0.230173 -0.449840
v 0.344676 0.191691 -0.404976
v 0.354672 0.187301 -0.409012
v 0.364001 0.173146 -0.381398
v 0.374557 0.168705 -0.384329
v 0.388594 0.139998 -0.337047
v 0.399864 0.135071 -0.339687
v 0.409533 0.114844 -0.288475
v 0.421411 0.109927 -0.290313
v 0.417531 0.101973 -0.262210
v 0.429641 0.096667 -0.264063
v 0.427464 0.078957 -0.184504
v 0.439862 0.073481 -0.185510
v 0.432936 0.071361 -0.104945
v 0.445493 0.065638 -0.104455
v 0.433456 0.075585 -0.055592
v 0.446028 0.070443 -0.054799
v 0.431359 0.079212 -0.024874
v 0.443870 0.073481 -0.023399
v 0.421244 0.103161 0.071116
v 0.433680 0.096817 0.073801
v 0.433243 0.097968 0.076578
v 0.398735 0.141241 0.161677
v 0.410299 0.135072 0.166155
v 0.369510 0.185138 0.234488
v 0.385960 0.176227 0.233314
v 0.374492 0.187302 0.251387
v 0.305404 0.250187 0.312769
v 0.322370 0.240702 0.313910
v 0.306150 0.252223 0.327400
v 0.243515 0.296493 0.353773
v 0.250574 0.293189 0.362388
v 0.170627 0.333409 0.381090
v 0.178492 0.328236 0.392320
v 0.171428 0.331760 0.394480
v 0.084797 0.351552 0.396998
v 0.087249 0.355721 0.409163
v 0.000000 0.359379 0.399776
v 0.000000 0.363775 0.414099
v 0.000000 0.336649 -0.520167
v 0.089555 -0.140049 -0.515499
v 0.000000 -0.140049 -0.520167
v 0.089555 0.327278 -0.515499
v 0.161450 -0.140049 -0.503924
v 0.161450 0.313962 -0.503923
v 0.235876 -0.140049 -0.481535
v 0.235876 0.281395 -0.481535
v 0.268031 -0.140049 -0.467021
v 0.268031 0.257864 -0.467021
v 0.303053 -0.140049 -0.445255
v 0.303053 0.234800 -0.445255
v 0.344676 -0.140049 -0.404976
v 0.344676 0.191691 -0.404976
v 0.364000 -0.140049 -0.381398
v 0.364001 0.173146 -0.381398
v 0.388594 -0.140049 -0.337047
v 0.388594 0.139998 -0.337047
v 0.409533 -0.140049 -0.288475
v 0.409533 0.114844 -0.288475
v 0.417531 -0.140049 -0.262210
v 0.417531 0.101973 -0.262210
v 0.427464 -0.140049 -0.184504
v 0.427464 0.078957 -0.184504
v 0.432936 -0.140049 -0.104945
v 0.432936 0.071361 -0.104945
v 0.433456 -0.140049 -0.055592
v 0.433456 0.075585 -0.055592
v 0.431359 -0.140049 -0.024874
v 0.431359 0.079212 -0.024874
v 0.421244 -0.140049 0.071116
v 0.421244 0.103161 0.071116
v 0.398735 -0.140049 0.161677
v 0.398735 0.141241 0.161677
v 0.369510 -0.140049 0.234488
v 0.369510 0.185138 0.234488
v 0.305404 -0.140049 0.312769
v 0.305404 0.250187 0.312769
v 0.243515 -0.140049 0.353774
v 0.243515 0.296493 0.353773
v 0.170627 -0.140049 0.381090
v 0.170627 0.333409 0.381090
v 0.084797 -0.140049 0.396998
v 0.084797 0.351552 0.396998
v 0.000000 -0.140049 0.399776
v 0.000000 0.359379 0.399776
v 0.000000 -0.140049 0.399776
v 0.170627 -0.140049 0.381090
v 0.084797 -0.140049 0.396998
v 0.305404 -0.140049 0.312769
v 0.243515 -0.140049 0.353774
v 0.431359 -0.140049 -0.024874
v 0.398735 -0.140049 0.161677
v 0.369510 -0.140049 0.234488
v 0.421244 -0.140049 0.071116
v 0.344676 -0.140049 -0.404976
v 0.417531 -0.140049 -0.262210
v 0.432936 -0.140049 -0.104945
v 0.433456 -0.140049 -0.055592
v 0.427464 -0.140049 -0.184504
v 0.388594 -0.140049 -0.337047
v 0.409533 -0.140049 -0.288475
v 0.364000 -0.140049 -0.381398
v 0.268031 -0.140049 -0.467021
v 0.303053 -0.140049 -0.445255
v 0.161450 -0.140049 -0.503924
v 0.235876 -0.140049 -0.481535
v 0.000000 -0.140049 -0.520167
v 0.089555 -0.140049 -0.515499
v 0.000000 0.363764 0.790803
v 0.093984 0.376719 0.868319
v 0.000000 0.385945 0.868319
v 0.089661 0.354963 0.790803
v 0.184059 0.349395 0.868319
v 0.175581 0.328900 0.790803
v 0.267074 0.305023 0.868319
v 0.254764 0.286576 0.790803
v 0.339836 0.245308 0.868319
v 0.324169 0.229616 0.790803
v 0.399551 0.172545 0.868319
v 0.381128 0.160211 0.790803
v 0.443923 0.089531 0.868319
v 0.423453 0.081028 0.790803
v 0.471247 -0.000544 0.868319
v 0.449516 -0.004892 0.790803
v 0.480473 -0.094220 0.868319
v 0.458317 -0.094245 0.790803
v 0.471247 -0.187896 0.868319
v 0.449516 -0.183598 0.790803
v 0.443922 -0.277971 0.868319
v 0.423453 -0.269517 0.790803
v 0.399550 -0.360985 0.868319
v 0.381128 -0.348701 0.790803
v 0.339836 -0.433748 0.868319
v 0.324169 -0.418106 0.790803
v 0.267073 -0.495928 0.868319
v 0.254764 -0.477417 0.790803
v 0.184059 -0.540300 0.868319
v 0.175580 -0.519741 0.790803
v 0.093983 -0.567624 0.868319
v 0.089661 -0.545804 0.790803
v 0.000000 -0.576850 0.868319
v 0.000000 -0.554605 0.790803
v 0.452512 -0.281516 0.953124
v 0.480365 -0.189698 0.953124
v 0.489770 -0.094210 0.953124
v 0.480365 0.001279 0.953124
v 0.452513 0.093097 0.953124
v 0.407282 0.177718 0.953124
v 0.346412 0.251888 0.953124
v 0.272241 0.312758 0.953124
v 0.187621 0.357989 0.953124
v 0.095802 0.385842 0.953124
v 0.000000 0.395247 0.953124
v 0.000000 0.380062 1.018427
v 0.092836 0.370949 1.018427
v 0.181808 0.343959 1.018427
v 0.263805 0.300131 1.018427
v 0.335676 0.241148 1.018427
v 0.394659 0.169277 1.018427
v 0.000000 0.345379 1.065072
v 0.086062 0.336932 1.065072
v 0.168532 0.311915 1.065072
v 0.244536 0.271290 1.065072
v 0.311155 0.216617 1.065072
v 0.365827 0.149999 1.065072
v 0.438487 0.087280 1.018427
v 0.465477 -0.001692 1.018427
v 0.474590 -0.094220 1.018427
v 0.465477 -0.186748 1.018427
v 0.438487 -0.275720 1.018427
v 0.407282 -0.366137 0.953124
v 0.346411 -0.440307 0.953124
v 0.272241 -0.503690 0.953124
v 0.187620 -0.548921 0.953124
v 0.095802 -0.576774 0.953124
v 0.000000 -0.586178 0.953124
v 0.394659 -0.357717 1.018427
v 0.335634 -0.429630 1.018427
v 0.263756 -0.491069 1.018427
v 0.181807 -0.534864 1.018427
v 0.092835 -0.561854 1.018427
v 0.000000 -0.570967 1.018427
v 0.365827 -0.338480 1.065072
v 0.406452 -0.262476 1.065072
v 0.431469 -0.180006 1.065072
v 0.439916 -0.094241 1.065072
v 0.431469 -0.008475 1.065072
v 0.406452 0.073994 1.065072
v 0.244349 -0.462270 1.065072
v 0.310996 -0.405259 1.065072
v 0.168531 -0.502769 1.065072
v 0.086062 -0.527786 1.065072
v 0.000000 -0.536233 1.065072
v 0.000000 -0.378658 1.102092
v 0.108322 -0.357156 1.102092
v 0.055333 -0.373230 1.102092
v 0.199480 -0.294607 1.102092
v 0.156590 -0.331437 1.102092
v 0.282697 -0.094382 1.102092
v 0.261195 -0.202480 1.102092
v 0.235092 -0.251315 1.102092
v 0.277270 -0.149490 1.102092
v 0.000000 0.188090 1.102092
v 0.199963 0.105355 1.102092
v 0.261195 0.013715 1.102092
v 0.277270 -0.039275 1.102092
v 0.235092 0.062551 1.102092
v 0.108323 0.166587 1.102092
v 0.157159 0.140484 1.102092
v 0.055333 0.182662 1.102092
v 0.072464 0.268659 1.093354
v 0.000000 0.275770 1.093354
v 0.086062 0.336932 1.065072
v 0.000000 0.345379 1.065072
v 0.168532 0.311915 1.065072
v 0.141887 0.247600 1.093354
v 0.244536 0.271290 1.065072
v 0.205867 0.213402 1.093354
v 0.311155 0.216617 1.065072
v 0.261946 0.167379 1.093354
v 0.365827 0.149999 1.065072
v 0.307969 0.111300 1.093354
v 0.406452 0.073994 1.065072
v 0.342167 0.047320 1.093355
v 0.431469 -0.008475 1.065072
v 0.363226 -0.022103 1.093355
v 0.439916 -0.094241 1.065072
v 0.370337 -0.094300 1.093355
v 0.431469 -0.180006 1.065072
v 0.363226 -0.166497 1.093355
v 0.406452 -0.262476 1.065072
v 0.342167 -0.235919 1.093355
v 0.365827 -0.338480 1.065072
v 0.307968 -0.299900 1.093354
v 0.310996 -0.405259 1.065072
v 0.261624 -0.356303 1.093354
v 0.244349 -0.462270 1.065072
v 0.205488 -0.404392 1.093354
v 0.168531 -0.502769 1.065072
v 0.141886 -0.438335 1.093354
v 0.086062 -0.527786 1.065072
v 0.072464 -0.459394 1.093354
v 0.000000 -0.536233 1.065072
v 0.000000 -0.466505 1.093354
v 0.021811 0.290410 -1.421736
v 0.026016 0.275430 -1.421085
v 0.027634 0.258000 -1.420545
v 0.000000 0.300708 -1.421801
v 0.000000 0.300708 -1.421801
v 0.028721 0.322931 -0.931681
v 0.000000 0.329187 -0.931638
v 0.103260 0.530844 0.610286
v 0.000000 0.529154 0.513189
v 0.103260 0.519502 0.538864
v 0.000000 0.544499 0.589459
v 0.103260 0.537387 0.681871
v 0.000000 0.555183 0.665903
v 0.103260 0.538281 0.753651
v 0.000000 0.560275 0.742557
v 0.103260 0.537429 0.815450
v 0.000000 0.559343 0.808551
v 0.103260 0.535745 0.859154
v 0.000000 0.553387 0.855222
v 0.103260 0.530042 0.887893
v 0.000000 0.543621 0.885912
v 0.103260 0.521429 0.904798
v 0.000000 0.531262 0.903964
v 0.103260 0.511017 0.912997
v 0.000000 0.517525 0.912720
v 0.103260 0.493339 0.915793
v 0.000000 0.494743 0.915793
v 0.207929 0.533741 0.759881
v 0.207929 0.532992 0.819530
v 0.207929 0.531423 0.861713
v 0.207929 0.523579 0.889453
v 0.207929 0.513652 0.905769
v 0.207929 0.506386 0.913684
v 0.207929 0.492667 0.915793
v 0.312598 0.538281 0.753651
v 0.312598 0.537388 0.681871
v 0.415858 0.555183 0.665904
v 0.415858 0.544499 0.589459
v 0.312598 0.530844 0.610286
v 0.415858 0.529154 0.513189
v 0.312598 0.519502 0.538864
v 0.415858 0.510082 0.437058
v 0.312598 0.504213 0.467573
v 0.415858 0.488214 0.361031
v 0.312598 0.484219 0.396379
v 0.415858 0.464481 0.285074
v 0.312598 0.479402 0.380592
v 0.355680 0.472885 0.339782
v 0.388151 0.463955 0.295854
v 0.415858 0.560275 0.742557
v 0.312598 0.537429 0.815450
v 0.415858 0.559343 0.808551
v 0.312598 0.535745 0.859154
v 0.415858 0.553387 0.855222
v 0.312598 0.530042 0.887893
v 0.415858 0.543621 0.885912
v 0.312598 0.521429 0.904798
v 0.415858 0.531262 0.903964
v 0.312598 0.511017 0.912997
v 0.415858 0.517525 0.912721
v 0.312598 0.493339 0.915793
v 0.415858 0.494743 0.915793
v 0.519117 0.493339 0.915793
v 0.519117 0.511017 0.912998
v 0.415858 0.531262 0.903964
v 0.519117 0.521429 0.904798
v 0.415858 0.543621 0.885912
v 0.519117 0.530042 0.887893
v 0.415858 0.553387 0.855222
v 0.519117 0.535745 0.859154
v 0.415858 0.559343 0.808551
v 0.519117 0.537429 0.815450
v 0.415858 0.560275 0.742557
v 0.519117 0.538281 0.753652
v 0.415858 0.555183 0.665904
v 0.519117 0.537388 0.681871
v 0.415858 0.544499 0.589459
v 0.519117 0.530844 0.610286
v 0.415858 0.529154 0.513189
v 0.519117 0.519502 0.538864
v 0.415858 0.510082 0.437058
v 0.519117 0.504213 0.467573
v 0.415858 0.488214 0.361031
v 0.519117 0.484219 0.396379
v 0.415858 0.464481 0.285074
v 0.519117 0.462520 0.325251
v 0.623787 0.479075 0.408368
v 0.623787 0.460013 0.339795
v 0.519117 0.439970 0.254155
v 0.623787 0.440202 0.267376
v 0.623787 0.496640 0.478297
v 0.623787 0.511959 0.549879
v 0.623787 0.524284 0.621320
v 0.623787 0.532865 0.690599
v 0.623787 0.533741 0.759882
v 0.623787 0.532992 0.819530
v 0.623787 0.531423 0.861714
v 0.623787 0.523579 0.889453
v 0.623787 0.513652 0.905769
v 0.623787 0.506386 0.913684
v 0.623787 0.492667 0.915793
v 0.728456 0.538281 0.753652
v 0.728456 0.537388 0.681871
v 0.831715 0.555183 0.665904
v 0.831715 0.544499 0.589459
v 0.728456 0.530844 0.610286
v 0.831715 0.529154 0.513189
v 0.728456 0.519502 0.538865
v 0.831715 0.510082 0.437058
v 0.728456 0.504213 0.467573
v 0.831715 0.488214 0.361031
v 0.728456 0.484219 0.396380
v 0.831715 0.464481 0.285074
v 0.728456 0.462520 0.325251
v 0.831715 0.439816 0.209151
v 0.728456 0.439970 0.254155
v 0.831715 0.560275 0.742557
v 0.728456 0.537429 0.815450
v 0.831715 0.559343 0.808551
v 0.728456 0.535745 0.859154
v 0.831715 0.553387 0.855222
v 0.728456 0.530042 0.887894
v 0.831715 0.543621 0.885912
v 0.728456 0.521429 0.904798
v 0.831715 0.531262 0.903964
v 0.728456 0.511017 0.912998
v 0.831715 0.517525 0.912721
v 0.728456 0.493339 0.915793
v 0.831715 0.494743 0.915793
v 0.831715 0.531262 0.903964
v 0.934975 0.511017 0.912997
v 0.934975 0.521429 0.904798
v 0.831715 0.543621 0.885912
v 0.934975 0.530042 0.887893
v 0.831715 0.553387 0.855222
v 0.934975 0.535745 0.859154
v 0.831715 0.559343 0.808551
v 0.934975 0.537429 0.815450
v 0.831715 0.560275 0.742557
v 0.934975 0.538281 0.753651
v 0.831715 0.555183 0.665904
v 0.934975 0.537388 0.681871
v 0.831715 0.544499 0.589459
v 0.934975 0.530844 0.610286
v 0.831715 0.529154 0.513189
v 0.934975 0.519502 0.538864
v 0.831715 0.510082 0.437058
v 0.934975 0.504213 0.467573
v 0.831715 0.488214 0.361031
v 0.934975 0.484219 0.396379
v 0.831715 0.464481 0.285074
v 0.934975 0.462520 0.325251
v 0.831715 0.439816 0.209151
v 0.934975 0.439970 0.254155
v 1.039644 0.460013 0.339794
v 1.039644 0.440202 0.267376
v 1.039644 0.479075 0.408368
v 1.039644 0.496640 0.478296
v 1.039644 0.511959 0.549879
v 1.039644 0.524284 0.621320
v 1.039644 0.532866 0.690599
v 1.039644 0.533741 0.759881
v 1.039644 0.532992 0.819530
v 1.039644 0.531423 0.861713
v 1.039644 0.523579 0.889453
v 1.039644 0.513652 0.905769
v 1.039644 0.506386 0.913684
v 1.039644 0.492667 0.915793
v 0.934975 0.493339 0.915793
v 0.831715 0.494743 0.915793
v 1.144313 0.538281 0.753651
v 1.144313 0.537388 0.681871
v 1.257471 0.550003 0.670471
v 1.259554 0.540539 0.591463
v 1.144313 0.530844 0.610286
v 1.256545 0.526374 0.517856
v 1.144313 0.519502 0.538864
v 1.254933 0.508408 0.444125
v 1.144313 0.504213 0.467573
v 1.251407 0.487089 0.367968
v 1.144313 0.484219 0.396379
v 1.235739 0.439788 0.209188
v 1.144313 0.462520 0.325251
v 1.144313 0.439970 0.254155
v 1.251253 0.553870 0.743209
v 1.144313 0.537429 0.815450
v 1.242442 0.552939 0.809773
v 1.144313 0.535745 0.859154
v 1.234016 0.548194 0.855871
v 1.144313 0.530042 0.887893
v 1.225818 0.539605 0.886498
v 1.144313 0.521429 0.904798
v 1.220353 0.528344 0.904212
v 1.144313 0.511017 0.912998
v 1.217783 0.515590 0.912803
v 1.144313 0.493339 0.915793
v 1.216836 0.494325 0.915793
v 1.231648 0.515919 0.911697
v 1.233956 0.528551 0.902983
v 1.247360 0.525283 0.898970
v 1.252821 0.533193 0.883552
v 1.260473 0.500267 0.881958
v 1.270836 0.502081 0.843468
v 1.244162 0.514327 0.907164
v 1.244378 0.495130 0.909840
v 1.239119 0.539340 0.885858
v 1.260704 0.537140 0.848076
v 1.270836 0.502081 0.843468
v 1.279374 0.503086 0.803500
v 1.268553 0.542741 0.806483
v 1.287319 0.499868 0.734980
v 1.275021 0.543657 0.737268
v 1.290204 0.495799 0.665096
v 1.277815 0.538760 0.667121
v 1.289353 0.490681 0.588001
v 1.277832 0.528319 0.589867
v 1.284863 0.483166 0.512249
v 1.274417 0.513231 0.514385
v 1.276853 0.474432 0.435815
v 1.268667 0.494892 0.438430
v 1.266635 0.462605 0.360547
v 1.261473 0.477459 0.362972
v 1.256127 0.483864 0.365302
v 1.261142 0.505464 0.440849
v 1.265944 0.524015 0.515119
v 1.269076 0.538804 0.592639
v 1.267706 0.548919 0.668271
v 1.262867 0.553452 0.740197
v 1.255399 0.552524 0.809167
v 1.247389 0.547161 0.853219
v 0.000000 0.446762 0.797158
v 1.144313 0.453031 0.842178
v 1.144313 0.446762 0.797158
v 0.000000 0.453031 0.842178
v 1.144313 0.463429 0.882124
v 0.000000 0.463429 0.882124
v 1.238199 0.453031 0.842159
v 1.243541 0.446762 0.791929
v 1.144313 0.444247 0.756164
v 1.245434 0.444247 0.747988
v 1.144313 0.439970 0.254155
v 1.235739 0.439788 0.209188
v 1.231129 0.463429 0.881274
v 1.221231 0.476680 0.910148
v 1.144313 0.476680 0.909931
v 1.039644 0.440202 0.267376
v 0.934975 0.444247 0.756164
v 0.934975 0.439970 0.254155
v 0.831715 0.444247 0.756164
v 0.831715 0.439816 0.209151
v 0.728456 0.439970 0.254155
v 0.728456 0.444247 0.756164
v 0.623787 0.440202 0.267376
v 0.519117 0.444247 0.756164
v 0.519117 0.439970 0.254155
v 1.258725 0.447638 0.745486
v 1.255682 0.447660 0.361715
v 1.266635 0.462605 0.360547
v 1.262556 0.449552 0.436772
v 1.269111 0.451647 0.514235
v 1.272843 0.453471 0.587530
v 1.275536 0.457810 0.739665
v 1.275315 0.455484 0.665663
v 1.270211 0.461162 0.785196
v 1.287319 0.499868 0.734980
v 1.279374 0.503086 0.803500
v 1.270836 0.502081 0.843468
v 1.261103 0.467698 0.841687
v 1.256210 0.450362 0.790141
v 1.248034 0.456698 0.843251
v 1.253251 0.473897 0.879334
v 1.260473 0.500267 0.881958
v 1.270836 0.502081 0.843468
v 1.244157 0.480920 0.906626
v 1.241754 0.466046 0.880122
v 1.233910 0.477740 0.909105
v 1.290204 0.495799 0.665096
v 1.289353 0.490681 0.588001
v 1.284863 0.483166 0.512249
v 1.276853 0.474432 0.435815
v 0.207929 0.524284 0.621320
v 0.207929 0.511959 0.549879
v 0.207929 0.532865 0.690598
v 0.207929 0.496640 0.478296
v 0.291149 0.483164 0.398836
v 0.232154 0.488397 0.437966
v 0.207929 0.489197 0.448667
v 0.298451 0.482301 0.393993
v 0.183729 0.493768 0.459356
v 0.158803 0.499381 0.470366
v 0.150672 0.500782 0.472430
v 0.119499 0.505414 0.480342
v 0.103260 0.507835 0.484464
v 0.080626 0.511788 0.490209
v 0.055982 0.515189 0.492251
v 0.000000 0.525071 0.496891
v 0.207929 0.476680 0.909931
v 0.103260 0.493339 0.915793
v 0.207929 0.492667 0.915793
v 0.103260 0.476680 0.909931
v 0.312598 0.493339 0.915793
v 0.312598 0.476680 0.909931
v 0.415858 0.494743 0.915793
v 0.519117 0.476680 0.909931
v 0.519117 0.493339 0.915793
v 0.623787 0.476680 0.909931
v 0.623787 0.492667 0.915793
v 0.728456 0.493339 0.915793
v 0.728456 0.476680 0.909931
v 0.831715 0.494743 0.915793
v 0.934975 0.476680 0.909931
v 0.934975 0.493339 0.915793
v 1.039644 0.476680 0.909931
v 1.039644 0.492667 0.915793
v 1.144313 0.493339 0.915793
v 1.144313 0.476680 0.909931
v 1.216836 0.494325 0.915793
v 1.221231 0.476680 0.910148
v 1.230242 0.494666 0.914818
v 1.233910 0.477740 0.909105
v 1.244378 0.495130 0.909840
v 1.244157 0.480920 0.906626
v 1.260473 0.500267 0.881958
v 1.230242 0.494666 0.914818
v 0.415858 0.440139 0.249037
v 0.432024 0.439840 0.216197
v 0.415858 0.444247 0.756164
v 0.312598 0.444247 0.756164
v 0.103260 0.444247 0.756164
v 0.165052 0.441859 0.467606
v 0.158803 0.441875 0.470366
v 0.103260 0.441932 0.484464
v 0.232154 0.441614 0.437966
v 0.242929 0.441555 0.430819
v 0.298451 0.441177 0.393993
v 0.312598 0.441047 0.380592
v 0.000000 0.444247 0.756164
v 0.080626 0.441981 0.490209
v 0.054256 0.441999 0.492395
v 0.000000 0.442147 0.496891
v 0.334364 0.440871 0.359974
v 0.355680 0.440751 0.339782
v 0.402102 0.440338 0.276981
v 0.415858 0.452774 0.249037
v 0.428497 0.442595 0.223362
v 0.432024 0.439840 0.216197
v 0.402102 0.459852 0.276981
v 0.415858 0.452774 0.249037
v 1.039644 0.476680 0.909931
v 0.934975 0.476680 0.909931
v 0.728456 0.476680 0.909931
v 0.623787 0.476680 0.909931
v 0.312598 0.476680 0.909931
v 0.207929 0.476680 0.909931
v 0.103260 0.476680 0.909931
v 0.000000 0.476680 0.909931
v 0.623787 0.476680 0.909931
v 0.312598 0.476680 0.909931
v 0.519117 0.476680 0.909931
v 0.000000 0.442147 0.496891
v 0.055982 0.515189 0.492251
v 0.000000 0.525071 0.496891
v 0.054256 0.441999 0.492395
v 0.080626 0.511788 0.490209
v 0.080626 0.441981 0.490209
v 0.103260 0.507835 0.484464
v 0.103260 0.441932 0.484464
v 0.119499 0.505414 0.480342
v 0.158803 0.441875 0.470366
v 0.150672 0.500782 0.472430
v 0.158803 0.499381 0.470366
v 0.183729 0.493768 0.459356
v 0.165052 0.441859 0.467606
v 0.232154 0.441614 0.437966
v 0.207929 0.489197 0.448667
v 0.232154 0.488397 0.437966
v 0.291149 0.483164 0.398836
v 0.242929 0.441555 0.430819
v 0.298451 0.441177 0.393993
v 0.298451 0.482301 0.393993
v 0.312598 0.479402 0.380592
v 0.312598 0.441047 0.380592
v 0.355680 0.472885 0.339782
v 0.334364 0.440871 0.359974
v 0.355680 0.440751 0.339782
v 0.388151 0.463955 0.295854
v 0.402102 0.440338 0.276981
v 0.402102 0.459852 0.276981
v 0.415858 0.452774 0.249037
v 0.415858 0.440139 0.249037
v 0.428497 0.442595 0.223362
v 0.432024 0.439840 0.216197
v 0.000000 0.494743 0.915793
v 0.000000 0.476680 0.909931
v 0.327878 -0.392717 0.116460
v 0.444222 -0.370013 0.232560
v 0.329875 -0.368052 0.192382
v 0.442572 -0.392563 0.161464
v 0.445871 -0.348314 0.303688
v 0.331873 -0.344319 0.268339
v 0.447523 -0.328320 0.374882
v 0.333873 -0.322451 0.344366
v 0.449177 -0.313031 0.446173
v 0.335875 -0.303379 0.420497
v 0.450833 -0.301689 0.517595
v 0.337882 -0.288034 0.496768
v 0.452494 -0.295145 0.589180
v 0.339892 -0.277350 0.573212
v 0.454159 -0.294252 0.660960
v 0.341908 -0.272258 0.649866
v 0.455592 -0.295104 0.722759
v 0.343644 -0.273190 0.715860
v 0.456606 -0.296788 0.766463
v 0.344872 -0.279146 0.762531
v 0.457273 -0.302491 0.795202
v 0.345679 -0.288912 0.793221
v 0.457665 -0.311104 0.812107
v 0.346154 -0.301271 0.811273
v 0.457855 -0.321516 0.820306
v 0.346384 -0.315008 0.820029
v 0.457920 -0.339194 0.823102
v 0.346465 -0.337790 0.823102
v 0.567771 -0.298792 0.667190
v 0.568966 -0.299541 0.726839
v 0.569812 -0.301110 0.769022
v 0.570368 -0.308954 0.796762
v 0.570695 -0.318881 0.813078
v 0.570854 -0.326147 0.820992
v 0.570896 -0.339866 0.823102
v 0.681132 -0.294252 0.660960
v 0.679919 -0.295145 0.589180
v 0.791881 -0.277350 0.573212
v 0.790826 -0.288034 0.496768
v 0.678710 -0.301689 0.517595
v 0.789774 -0.303379 0.420497
v 0.677503 -0.313031 0.446173
v 0.788724 -0.322451 0.344366
v 0.676298 -0.328320 0.374882
v 0.787676 -0.344319 0.268339
v 0.675095 -0.348314 0.303688
v 0.786628 -0.368052 0.192382
v 0.673893 -0.370013 0.232560
v 0.785581 -0.392717 0.116460
v 0.672691 -0.392563 0.161464
v 0.792938 -0.272258 0.649866
v 0.682177 -0.295104 0.722759
v 0.793848 -0.273189 0.715860
v 0.682915 -0.296788 0.766463
v 0.794492 -0.279146 0.762531
v 0.683401 -0.302491 0.795202
v 0.794915 -0.288912 0.793221
v 0.683687 -0.311104 0.812107
v 0.795164 -0.301271 0.811273
v 0.683825 -0.321516 0.820306
v 0.795285 -0.315008 0.820029
v 0.683873 -0.339194 0.823102
v 0.795327 -0.337790 0.823102
v 0.906782 -0.339194 0.823102
v 0.906752 -0.321516 0.820306
v 0.795164 -0.301271 0.811273
v 0.906665 -0.311104 0.812107
v 0.794915 -0.288912 0.793221
v 0.906484 -0.302491 0.795202
v 0.794492 -0.279146 0.762531
v 0.906177 -0.296788 0.766463
v 0.793848 -0.273189 0.715860
v 0.905710 -0.295104 0.722759
v 0.792938 -0.272258 0.649866
v 0.905049 -0.294252 0.660960
v 0.791881 -0.277350 0.573212
v 0.904283 -0.295146 0.589180
v 0.790826 -0.288034 0.496768
v 0.903518 -0.301689 0.517595
v 0.789774 -0.303379 0.420497
v 0.902754 -0.313031 0.446173
v 0.788724 -0.322451 0.344366
v 0.901992 -0.328320 0.374882
v 0.787676 -0.344319 0.268339
v 0.901231 -0.348314 0.303688
v 0.786628 -0.368052 0.192382
v 0.900472 -0.370013 0.232560
v 0.785581 -0.392717 0.116460
v 0.899712 -0.392563 0.161464
v 1.015417 -0.372520 0.247103
v 1.014871 -0.392331 0.174685
v 1.015934 -0.353458 0.315677
v 1.016461 -0.335893 0.385605
v 1.017000 -0.320574 0.457188
v 1.017539 -0.308249 0.528628
v 1.018061 -0.299668 0.597907
v 1.018583 -0.298793 0.667190
v 1.019033 -0.299541 0.726839
v 1.019351 -0.301111 0.769022
v 1.019560 -0.308954 0.796762
v 1.019683 -0.318882 0.813078
v 1.019743 -0.326147 0.820992
v 1.019758 -0.339866 0.823102
v 1.131708 -0.295146 0.589180
v 1.131394 -0.301689 0.517595
v 1.256822 -0.291995 0.498772
v 1.253470 -0.306159 0.425165
v 1.131080 -0.313031 0.446173
v 1.251634 -0.324125 0.351434
v 1.130767 -0.328320 0.374882
v 1.247689 -0.345444 0.275277
v 1.130455 -0.348315 0.303688
v 1.230259 -0.392746 0.116496
v 1.130143 -0.370013 0.232560
v 1.129831 -0.392563 0.161464
v 1.254632 -0.282530 0.577780
v 1.132023 -0.294252 0.660960
v 1.247960 -0.278663 0.650518
v 1.132294 -0.295104 0.722759
v 1.238500 -0.279594 0.717082
v 1.132486 -0.296788 0.766463
v 1.229455 -0.284339 0.763180
v 1.132612 -0.302492 0.795202
v 1.220651 -0.292929 0.793807
v 1.132686 -0.311104 0.812107
v 1.214785 -0.304189 0.811520
v 1.132722 -0.321516 0.820306
v 1.212029 -0.316943 0.820112
v 1.132735 -0.339194 0.823102
v 1.211014 -0.338208 0.823102
v 1.226993 -0.316614 0.819005
v 1.225481 -0.337867 0.822127
v 1.240496 -0.318206 0.814472
v 1.243938 -0.307250 0.806279
v 1.258083 -0.332266 0.789267
v 1.249817 -0.299340 0.790860
v 1.269257 -0.330452 0.750777
v 1.240733 -0.337403 0.817148
v 1.229471 -0.303982 0.810292
v 1.235018 -0.293193 0.793166
v 1.258302 -0.295393 0.755385
v 1.269257 -0.330452 0.750777
v 1.278477 -0.329447 0.710808
v 1.266764 -0.289792 0.713792
v 1.287074 -0.332665 0.642288
v 1.273735 -0.288876 0.644577
v 1.290204 -0.336734 0.572405
v 1.276739 -0.293773 0.574430
v 1.289277 -0.341852 0.495310
v 1.276729 -0.304214 0.497176
v 1.284374 -0.349367 0.419558
v 1.272973 -0.319302 0.421694
v 1.275601 -0.358101 0.343124
v 1.266649 -0.337641 0.345738
v 1.264371 -0.369928 0.267856
v 1.258715 -0.355074 0.270281
v 1.252858 -0.348669 0.272611
v 1.258420 -0.327069 0.348158
v 1.263726 -0.308518 0.422427
v 1.267193 -0.293729 0.499947
v 1.265753 -0.283614 0.575579
v 1.260553 -0.279081 0.647505
v 1.252525 -0.280009 0.716475
v 1.243910 -0.285372 0.760528
v 0.342266 -0.388286 0.663473
v 0.442572 -0.392563 0.161464
v 0.327878 -0.392717 0.116460
v 0.454217 -0.388286 0.663473
v 0.343345 -0.385771 0.704467
v 0.455168 -0.385771 0.704467
v 0.344529 -0.379502 0.749486
v 0.456212 -0.379502 0.749486
v 0.345579 -0.369104 0.789433
v 0.457139 -0.369104 0.789433
v 0.346311 -0.355853 0.817239
v 0.457784 -0.355853 0.817240
v 0.557897 -0.392331 0.174685
v 0.567696 -0.388286 0.663473
v 0.568518 -0.385771 0.704467
v 0.569420 -0.379502 0.749486
v 0.570221 -0.369104 0.789433
v 0.570779 -0.355853 0.817239
v 0.681175 -0.388286 0.663473
v 0.672691 -0.392563 0.161464
v 0.793126 -0.388286 0.663473
v 0.785581 -0.392717 0.116460
v 0.793691 -0.385771 0.704467
v 0.681867 -0.385771 0.704467
v 0.794312 -0.379502 0.749486
v 0.682628 -0.379502 0.749486
v 0.794863 -0.369104 0.789433
v 0.683303 -0.369104 0.789433
v 0.795246 -0.355853 0.817240
v 0.683773 -0.355853 0.817240
v 0.899712 -0.392563 0.161464
v 0.905076 -0.388286 0.663473
v 0.905514 -0.385771 0.704467
v 0.905995 -0.379502 0.749486
v 0.906422 -0.369104 0.789433
v 0.906720 -0.355853 0.817239
v 1.014871 -0.392331 0.174685
v 1.018555 -0.388286 0.663473
v 1.018864 -0.385771 0.704467
v 1.019203 -0.379502 0.749486
v 1.019505 -0.369104 0.789433
v 1.019714 -0.355854 0.817239
v 1.132034 -0.388286 0.663473
v 1.129831 -0.392563 0.161464
v 1.241655 -0.388286 0.655296
v 1.230259 -0.392746 0.116496
v 1.239664 -0.385771 0.699238
v 1.132214 -0.385771 0.704467
v 1.233956 -0.379502 0.749468
v 1.132411 -0.379502 0.749486
v 1.226379 -0.369104 0.788582
v 1.132587 -0.369104 0.789433
v 1.215746 -0.355854 0.817456
v 1.132709 -0.355854 0.817239
v 1.256066 -0.384896 0.652794
v 1.252367 -0.384873 0.269024
v 1.264371 -0.369928 0.267856
v 1.259963 -0.382981 0.344081
v 1.267182 -0.380886 0.421544
v 1.271294 -0.379062 0.494838
v 1.274295 -0.374723 0.646974
v 1.274022 -0.377049 0.572971
v 1.268546 -0.371371 0.692505
v 1.287074 -0.332665 0.642288
v 1.278477 -0.329447 0.710808
v 1.269257 -0.330452 0.750777
v 1.258728 -0.364835 0.748995
v 1.253383 -0.382171 0.697449
v 1.244596 -0.375836 0.750560
v 1.250278 -0.358636 0.786643
v 1.258083 -0.332266 0.789267
v 1.269257 -0.330452 0.750777
v 1.240490 -0.351613 0.813935
v 1.237857 -0.366487 0.787430
v 1.229431 -0.354793 0.816413
v 0.346465 -0.337790 0.823102
v 0.457784 -0.355853 0.817240
v 0.346311 -0.355853 0.817239
v 0.457920 -0.339194 0.823102
v 0.570779 -0.355853 0.817239
v 0.570896 -0.339866 0.823102
v 0.683873 -0.339194 0.823102
v 0.683773 -0.355853 0.817240
v 0.795327 -0.337790 0.823102
v 0.795246 -0.355853 0.817240
v 0.906720 -0.355853 0.817239
v 0.906782 -0.339194 0.823102
v 1.019714 -0.355854 0.817239
v 1.019758 -0.339866 0.823102
v 1.132735 -0.339194 0.823102
v 1.132709 -0.355854 0.817239
v 1.211014 -0.338208 0.823102
v 1.215746 -0.355854 0.817456
v 1.225481 -0.337867 0.822127
v 1.229431 -0.354793 0.816413
v 1.240733 -0.337403 0.817148
v 1.240490 -0.351613 0.813935
v 1.258083 -0.332266 0.789267
v 0.559349 -0.372520 0.247103
v 0.557897 -0.392331 0.174685
v 0.560723 -0.353458 0.315677
v 0.562125 -0.335893 0.385605
v 0.563560 -0.320574 0.457188
v 0.564993 -0.308249 0.528628
v 0.566382 -0.299667 0.597907
v 1.290204 -0.336734 0.572405
v 1.289277 -0.341852 0.495310
v 1.284374 -0.349367 0.419558
v 1.275601 -0.358101 0.343124
v 0.741662 -0.293416 0.702685
v 0.748550 -0.254422 0.676978
v 0.741662 -0.254422 0.702685
v 0.748550 -0.293416 0.676978
v 0.767369 -0.254421 0.658159
v 0.767369 -0.293416 0.658159
v 0.793076 -0.254421 0.651270
v 0.793076 -0.293416 0.651270
v 0.818783 -0.254421 0.658159
v 0.818783 -0.293416 0.658159
v 0.748550 -0.293416 0.728392
v 0.748550 -0.254422 0.728392
v 0.767369 -0.293416 0.747211
v 0.767369 -0.254422 0.747211
v 0.793076 -0.293416 0.754099
v 0.793076 -0.254422 0.754099
v 0.818783 -0.293416 0.747211
v 0.818783 -0.254422 0.747211
v 0.837602 -0.293416 0.728392
v 0.837602 -0.254421 0.728392
v 0.844491 -0.293416 0.702685
v 0.844491 -0.254421 0.702685
v 0.837602 -0.293416 0.676978
v 0.837602 -0.254421 0.676978
v 0.818783 -0.293416 0.658159
v 0.818783 -0.254421 0.658159
v 0.741662 0.412060 0.702685
v 0.748550 0.460075 0.676977
v 0.741662 0.460075 0.702685
v 0.748550 0.412060 0.676977
v 0.767369 0.460075 0.658158
v 0.767369 0.412060 0.658158
v 0.793076 0.460075 0.651270
v 0.793076 0.412060 0.651270
v 0.818783 0.460075 0.658158
v 0.818783 0.412060 0.658158
v 0.748550 0.412060 0.728392
v 0.748550 0.460075 0.728392
v 0.767369 0.412060 0.747211
v 0.767369 0.460075 0.747211
v 0.793076 0.412060 0.754099
v 0.793076 0.460075 0.754099
v 0.818783 0.412060 0.747211
v 0.818783 0.460075 0.747211
v 0.837602 0.412060 0.728392
v 0.837602 0.460075 0.728392
v 0.844491 0.412060 0.702685
v 0.844491 0.460075 0.702685
v 0.837602 0.412060 0.676977
v 0.837602 0.460075 0.676977
v 0.818783 0.412060 0.658158
v 0.818783 0.460075 0.658158
v 0.760686 -0.254422 0.702685
v 0.765025 0.412060 0.686489
v 0.760686 0.412060 0.702685
v 0.765025 -0.254422 0.686489
v 0.776881 0.412060 0.674633
v 0.776881 -0.254422 0.674634
v 0.793076 0.412060 0.670294
v 0.793076 -0.254422 0.670294
v 0.809272 0.412060 0.674633
v 0.809272 -0.254422 0.674634
v 0.765025 -0.254422 0.718880
v 0.765025 0.412060 0.718880
v 0.776881 -0.254422 0.730736
v 0.776881 0.412060 0.730736
v 0.793076 -0.254422 0.735075
v 0.793076 0.412060 0.735075
v 0.809272 -0.254422 0.730736
v 0.809272 0.412060 0.730736
v 0.821127 -0.254422 0.718880
v 0.821127 0.412060 0.718880
v 0.825467 -0.254422 0.702685
v 0.825467 0.412060 0.702685
v 0.821127 -0.254422 0.686489
v 0.821127 0.412060 0.686489
v 0.809272 -0.254422 0.674634
v 0.809272 0.412060 0.674633
v 0.748550 0.412060 0.676977
v 0.793076 0.412060 0.651270
v 0.767369 0.412060 0.658158
v 0.837602 0.412060 0.676977
v 0.818783 0.412060 0.658158
v 0.793076 0.412060 0.754099
v 0.837602 0.412060 0.728392
v 0.844491 0.412060 0.702685
v 0.818783 0.412060 0.747211
v 0.748550 0.412060 0.728392
v 0.767369 0.412060 0.747211
v 0.741662 0.412060 0.702685
v 0.741662 -0.254422 0.702685
v 0.767369 -0.254422 0.747211
v 0.748550 -0.254422 0.728392
v 0.818783 -0.254422 0.747211
v 0.793076 -0.254422 0.754099
v 0.818783 -0.254421 0.658159
v 0.844491 -0.254421 0.702685
v 0.837602 -0.254421 0.728392
v 0.837602 -0.254421 0.676978
v 0.767369 -0.254421 0.658159
v 0.793076 -0.254421 0.651270
v 0.748550 -0.254422 0.676978
v 0.741662 -0.325305 0.412962
v 0.748550 -0.276020 0.387254
v 0.741662 -0.276020 0.412962
v 0.748550 -0.325305 0.387254
v 0.767369 -0.276020 0.368435
v 0.767369 -0.325305 0.368435
v 0.793076 -0.276020 0.361547
v 0.793076 -0.325305 0.361547
v 0.818783 -0.276020 0.368435
v 0.818783 -0.325305 0.368435
v 0.748550 -0.325305 0.438669
v 0.748550 -0.276020 0.438669
v 0.767369 -0.325305 0.457488
v 0.767369 -0.276020 0.457488
v 0.793076 -0.325305 0.464376
v 0.793076 -0.276020 0.464376
v 0.818783 -0.325305 0.457488
v 0.818783 -0.276020 0.457488
v 0.837602 -0.325305 0.438669
v 0.837602 -0.276020 0.438669
v 0.844490 -0.325305 0.412962
v 0.844490 -0.276020 0.412962
v 0.837602 -0.325305 0.387254
v 0.837602 -0.276020 0.387254
v 0.818783 -0.325305 0.368435
v 0.818783 -0.276020 0.368435
v 0.741662 0.412060 0.412962
v 0.748550 0.460075 0.387254
v 0.741662 0.460075 0.412962
v 0.748550 0.412060 0.387254
v 0.767369 0.460075 0.368435
v 0.767369 0.412060 0.368435
v 0.793076 0.460075 0.361547
v 0.793076 0.412060 0.361547
v 0.818783 0.460075 0.368435
v 0.818783 0.412060 0.368435
v 0.748550 0.412060 0.438669
v 0.748550 0.460075 0.438669
v 0.767369 0.412060 0.457488
v 0.767369 0.460075 0.457488
v 0.793076 0.412060 0.464376
v 0.793076 0.460075 0.464376
v 0.818783 0.412060 0.457488
v 0.818783 0.460075 0.457488
v 0.837602 0.412060 0.438669
v 0.837602 0.460075 0.438669
v 0.844490 0.412060 0.412962
v 0.844490 0.460075 0.412962
v 0.837602 0.412060 0.387254
v 0.837602 0.460075 0.387254
v 0.818783 0.412060 0.368435
v 0.818783 0.460075 0.368435
v 0.760686 -0.276020 0.412962
v 0.765025 0.412060 0.396766
v 0.760686 0.412060 0.412962
v 0.765025 -0.276020 0.396766
v 0.776881 0.412060 0.384910
v 0.776881 -0.276020 0.384910
v 0.793076 0.412060 0.380571
v 0.793076 -0.276020 0.380571
v 0.809272 0.412060 0.384910
v 0.809272 -0.276020 0.384910
v 0.765025 -0.276020 0.429157
v 0.765025 0.412060 0.429157
v 0.776881 -0.276020 0.441013
v 0.776881 0.412060 0.441013
v 0.793076 -0.276020 0.445352
v 0.793076 0.412060 0.445352
v 0.809272 -0.276020 0.441013
v 0.809272 0.412060 0.441013
v 0.821127 -0.276020 0.429157
v 0.821127 0.412060 0.429157
v 0.825467 -0.276020 0.412962
v 0.825467 0.412060 0.412962
v 0.821127 -0.276020 0.396766
v 0.821127 0.412060 0.396766
v 0.809272 -0.276020 0.384910
v 0.809272 0.412060 0.384910
v 0.748550 0.412060 0.387254
v 0.793076 0.412060 0.361547
v 0.767369 0.412060 0.368435
v 0.837602 0.412060 0.387254
v 0.818783 0.412060 0.368435
v 0.793076 0.412060 0.464376
v 0.837602 0.412060 0.438669
v 0.844490 0.412060 0.412962
v 0.818783 0.412060 0.457488
v 0.748550 0.412060 0.438669
v 0.767369 0.412060 0.457488
v 0.741662 0.412060 0.412962
v 0.741662 -0.276020 0.412962
v 0.767369 -0.276020 0.457488
v 0.748550 -0.276020 0.438669
v 0.818783 -0.276020 0.457488
v 0.793076 -0.276020 0.464376
v 0.818783 -0.276020 0.368435
v 0.844490 -0.276020 0.412962
v 0.837602 -0.276020 0.438669
v 0.837602 -0.276020 0.387254
v 0.767369 -0.276020 0.368435
v 0.793076 -0.276020 0.361547
v 0.748550 -0.276020 0.387254
v 0.156114 0.235849 -1.325257
v 0.011702 0.224519 -1.400881
v 0.150777 0.219907 -1.381711
v 0.020128 0.242150 -1.338556
v 0.161454 0.250900 -1.268827
v 0.028556 0.258807 -1.276255
v 0.166798 0.264169 -1.212443
v 0.036993 0.273516 -1.214005
v 0.172150 0.272530 -1.156250
v 0.045442 0.285302 -1.151829
v 0.177512 0.276767 -1.100180
v 0.053905 0.293192 -1.089754
v 0.182886 0.275990 -1.044256
v 0.062388 0.296212 -1.027803
v 0.188274 0.269311 -0.988500
v 0.070895 0.293387 -0.966003
v 0.192913 0.261872 -0.940590
v 0.078218 0.285420 -0.913097
v 0.196194 0.255485 -0.906770
v 0.083397 0.274269 -0.875983
v 0.198352 0.246499 -0.884790
v 0.086803 0.260848 -0.851910
v 0.199621 0.235740 -0.872161
v 0.088806 0.246066 -0.838125
v 0.200236 0.224030 -0.866389
v 0.089778 0.230835 -0.831878
v 0.200446 0.205327 -0.865223
v 0.090119 0.206789 -0.830706
v 0.306249 0.263922 -1.014654
v 0.308556 0.256819 -0.970005
v 0.310188 0.250713 -0.938487
v 0.311261 0.239605 -0.918149
v 0.311892 0.227539 -0.906487
v 0.312198 0.219135 -0.900969
v 0.312280 0.204628 -0.900168
v 0.423742 0.269311 -1.049628
v 0.423578 0.275990 -1.101537
v 0.554105 0.290333 -1.139691
v 0.559494 0.288856 -1.195543
v 0.423413 0.276767 -1.153627
v 0.558642 0.281912 -1.246657
v 0.423250 0.272530 -1.205870
v 0.559364 0.271023 -1.298485
v 0.423086 0.264169 -1.258244
v 0.557680 0.256900 -1.351878
v 0.422923 0.250900 -1.310814
v 0.542637 0.224485 -1.462533
v 0.422760 0.235849 -1.363433
v 0.422597 0.219907 -1.416078
v 0.544394 0.286649 -1.087228
v 0.423884 0.261871 -1.005029
v 0.532334 0.278622 -1.038313
v 0.423984 0.255484 -0.973549
v 0.521687 0.268794 -1.003754
v 0.424050 0.246499 -0.953110
v 0.511960 0.256604 -0.980146
v 0.424088 0.235739 -0.941386
v 0.505638 0.243002 -0.966551
v 0.424107 0.224030 -0.936053
v 0.502682 0.228812 -0.960380
v 0.424114 0.205327 -0.935037
v 0.501601 0.206354 -0.959167
v 0.290000 0.231696 -1.333591
v 0.287199 0.218748 -1.388975
v 0.292652 0.244273 -1.281130
v 0.295357 0.255148 -1.227739
v 0.298126 0.263508 -1.173235
v 0.300889 0.268766 -1.119009
v 0.303569 0.270357 -1.066614
v 0.150777 0.219907 -1.381711
v 0.072405 0.171138 -0.961669
v 0.188463 0.171138 -0.991888
v 0.011702 0.224519 -1.400881
v 0.287199 0.218748 -1.388975
v 0.423748 0.171137 -1.053150
v 0.422597 0.219907 -1.416078
v 0.537670 0.172004 -1.088438
v 0.542637 0.224485 -1.462533
v 0.534122 0.169964 -1.057115
v 0.423842 0.169410 -1.023390
v 0.526660 0.171166 -1.020064
v 0.423945 0.171164 -0.990509
v 0.517835 0.177845 -0.989860
v 0.424036 0.177755 -0.961059
v 0.506435 0.188580 -0.965602
v 0.424100 0.188603 -0.940217
v 0.552741 0.175800 -1.093842
v 0.563289 0.216511 -1.359282
v 0.577149 0.232195 -1.361341
v 0.569044 0.210523 -1.308537
v 0.573956 0.204492 -1.256310
v 0.575358 0.198620 -1.206526
v 0.571950 0.187008 -1.102148
v 0.574901 0.192432 -1.153199
v 0.564046 0.185671 -1.068994
v 0.585483 0.231295 -1.106372
v 0.573434 0.227381 -1.056773
v 0.562312 0.222097 -1.026646
v 0.551736 0.186487 -1.026766
v 0.549513 0.216128 -0.996821
v 0.541806 0.188950 -0.997794
v 0.531089 0.193369 -0.975428
v 0.548269 0.173902 -1.061975
v 0.537384 0.174868 -1.022191
v 0.529351 0.180692 -0.993964
v 0.520037 0.189795 -0.970482
v 0.312053 0.188603 -0.905468
v 0.200446 0.205327 -0.865223
v 0.312280 0.204628 -0.900168
v 0.200006 0.188603 -0.870717
v 0.424114 0.205327 -0.935037
v 0.424100 0.188603 -0.940217
v 0.501601 0.206354 -0.959167
v 0.506435 0.188580 -0.965602
v 0.515951 0.206812 -0.964301
v 0.520037 0.189795 -0.970482
v 0.531221 0.207823 -0.972455
v 0.531089 0.193369 -0.975428
v 0.549513 0.216128 -0.996821
v 0.089679 0.190066 -0.836201
v 0.200446 0.205327 -0.865223
v 0.090119 0.206789 -0.830706
v 0.577149 0.232195 -1.361341
v 0.570544 0.247403 -1.357830
v 0.576524 0.257554 -1.306108
v 0.586743 0.236528 -1.310799
v 0.580359 0.268596 -1.253936
v 0.593077 0.237519 -1.259519
v 0.581154 0.276303 -1.201913
v 0.594859 0.237312 -1.208210
v 0.577725 0.278983 -1.148142
v 0.592131 0.234467 -1.155311
v 0.571472 0.276644 -1.098778
v 0.585483 0.231295 -1.106372
v 0.563719 0.253825 -1.354823
v 0.567141 0.268306 -1.302241
v 0.570094 0.279746 -1.250861
v 0.570692 0.286925 -1.197214
v 0.566003 0.289438 -1.144043
v 0.557617 0.286532 -1.092697
v 0.546677 0.278254 -1.042727
v 0.561329 0.268352 -1.049164
v 0.585483 0.231295 -1.106372
v 0.573434 0.227381 -1.056773
v 0.551056 0.258111 -1.018273
v 0.562312 0.222097 -1.026646
v 0.541191 0.250241 -0.991360
v 0.549513 0.216128 -0.996821
v 0.534778 0.240370 -0.979300
v 0.531077 0.228094 -0.973159
v 0.531221 0.207823 -0.972455
v 0.536343 0.268000 -1.009914
v 0.526326 0.256397 -0.984944
v 0.520263 0.243348 -0.971895
v 0.517541 0.229271 -0.965749
v 0.515951 0.206812 -0.964301
v 0.585483 0.231295 -1.106372
v 0.592131 0.234467 -1.155311
v 0.594859 0.237312 -1.208210
v 0.593077 0.237519 -1.259519
v 0.586743 0.236528 -1.310799
v 0.195923 0.171164 -0.920127
v 0.078460 0.170872 -0.917550
v 0.083131 0.172626 -0.885165
v 0.193079 0.169410 -0.952513
v 0.423945 0.171164 -0.990509
v 0.423842 0.169410 -1.023390
v 0.198755 0.177755 -0.891397
v 0.083131 0.172626 -0.885165
v 0.087334 0.179217 -0.856891
v 0.195923 0.171164 -0.920127
v 0.424036 0.177755 -0.961059
v 0.423945 0.171164 -0.990509
v 0.193079 0.169410 -0.952513
v 0.072405 0.171138 -0.961669
v 0.078460 0.170872 -0.917550
v 0.188463 0.171138 -0.991888
v 0.423842 0.169410 -1.023390
v 0.200006 0.188603 -0.870717
v 0.087334 0.179217 -0.856891
v 0.089679 0.190066 -0.836201
v 0.198755 0.177755 -0.891397
v 0.312053 0.188603 -0.905468
v 0.424036 0.177755 -0.961059
v -0.049799 -0.000667 0.437163
v -0.046002 0.199905 0.172178
v -0.046002 0.014968 0.448110
v -0.049799 0.184270 0.161230
v -0.035191 0.213160 0.181459
v -0.035191 0.028223 0.457391
v -0.019009 0.222016 0.187661
v -0.019009 0.037079 0.463593
v -0.046002 -0.016302 0.426215
v -0.046002 0.168635 0.150282
v -0.035191 -0.029557 0.416934
v -0.035191 0.155380 0.141001
v -0.019009 -0.038413 0.410732
v -0.019010 0.146524 0.134800
v 0.000077 -0.041523 0.408555
v 0.000077 0.143414 0.132622
v 0.019164 -0.038413 0.410732
v 0.019164 0.146524 0.134800
v 0.035345 -0.029557 0.416934
v 0.035345 0.155380 0.141001
v 0.046157 -0.016302 0.426215
v 0.046157 0.168635 0.150282
v 0.049954 -0.000667 0.437163
v 0.049954 0.184270 0.161230
v 0.046157 0.014968 0.448110
v 0.046157 0.199905 0.172178
v 0.035345 0.028223 0.457391
v 0.035345 0.213160 0.181459
v 0.019164 0.037079 0.463593
v 0.019164 0.222016 0.187661
v 0.000077 0.040189 0.465770
v 0.000077 0.225126 0.189838
v -0.019009 0.037079 0.463593
v -0.019009 0.222016 0.187661
v -0.046002 0.168635 0.150282
v -0.046002 0.199905 0.172178
v -0.049799 0.184270 0.161230
v -0.035191 0.213160 0.181459
v -0.019009 0.222016 0.187661
v 0.000077 0.225126 0.189838
v 0.019164 0.222016 0.187661
v 0.035345 0.213160 0.181459
v 0.046157 0.199905 0.172178
v 0.049954 0.184270 0.161230
v 0.046157 0.168635 0.150282
v 0.035345 0.155380 0.141001
v 0.019164 0.146524 0.134800
v 0.000077 0.143414 0.132622
v -0.019010 0.146524 0.134800
v -0.035191 0.155380 0.141001
v -0.188410 0.178154 0.169946
v -0.183456 0.243738 0.208821
v -0.174062 0.237240 0.211318
v -0.198578 0.181465 0.165216
v -0.140393 0.296532 0.245787
v -0.133203 0.287330 0.246392
v -0.075945 0.331807 0.270487
v -0.072053 0.320800 0.269828
v 0.000077 0.344194 0.279160
v 0.000077 0.332553 0.278057
v -0.174062 0.119067 0.128573
v -0.183456 0.119192 0.121612
v -0.133203 0.068977 0.093499
v -0.140393 0.066399 0.084646
v -0.072054 0.035507 0.070063
v -0.075945 0.031123 0.059946
v 0.000077 0.023754 0.061834
v 0.000077 0.018736 0.051273
v 0.072208 0.035507 0.070063
v 0.076099 0.031123 0.059946
v 0.133358 0.068977 0.093499
v 0.140548 0.066398 0.084646
v 0.174217 0.119067 0.128573
v 0.183611 0.119191 0.121612
v 0.188564 0.178154 0.169946
v 0.198732 0.181465 0.165216
v 0.174217 0.237240 0.211318
v 0.183611 0.243738 0.208821
v 0.133358 0.287330 0.246392
v 0.140548 0.296532 0.245787
v 0.072208 0.320800 0.269828
v 0.076099 0.331807 0.270487
v 0.000077 0.332553 0.278057
v 0.000077 0.344194 0.279160
v 0.077679 0.340133 0.265242
v 0.000077 0.352777 0.274096
v 0.143466 0.304125 0.240029
v 0.187423 0.250236 0.202295
v 0.202859 0.186668 0.157785
v 0.187423 0.123101 0.113275
v 0.143466 0.069211 0.075541
v 0.077679 0.033204 0.050328
v 0.000077 0.020559 0.041474
v -0.077524 0.033204 0.050328
v -0.143311 0.069211 0.075541
v -0.187269 0.123101 0.113275
v -0.202704 0.186668 0.157785
v -0.187269 0.250236 0.202295
v -0.143311 0.304125 0.240029
v -0.077524 0.340133 0.265242
v 0.000077 0.352777 0.274096
v -0.187269 0.280886 0.158522
v -0.202704 0.217319 0.114012
v -0.143311 0.334776 0.196256
v -0.077524 0.370784 0.221469
v 0.000077 0.383428 0.230323
v -0.183456 0.284795 0.150185
v -0.198578 0.222522 0.106581
v -0.140393 0.337589 0.187151
v -0.075945 0.372864 0.211851
v 0.000077 0.385251 0.220525
v -0.187269 0.153752 0.069502
v -0.143311 0.099862 0.031768
v -0.077524 0.063854 0.006555
v 0.000077 0.051210 -0.002299
v 0.077679 0.063854 0.006555
v 0.143466 0.099862 0.031768
v 0.187423 0.153752 0.069502
v 0.202859 0.217319 0.114012
v 0.187423 0.280886 0.158522
v 0.143466 0.334776 0.196256
v 0.077679 0.370784 0.221469
v 0.000077 0.383428 0.230323
v 0.076099 0.372864 0.211851
v 0.000077 0.385251 0.220525
v 0.140548 0.337589 0.187151
v 0.183611 0.284795 0.150185
v 0.198732 0.222522 0.106581
v 0.183611 0.160248 0.062977
v 0.140548 0.107455 0.026011
v 0.076099 0.072180 0.001311
v 0.000077 0.059793 -0.007363
v -0.075945 0.072180 0.001311
v -0.140393 0.107455 0.026011
v -0.183456 0.160248 0.062977
v 0.174217 0.166747 0.060479
v 0.133358 0.116657 0.025405
v 0.072208 0.083187 0.001970
v 0.000077 0.071434 -0.006260
v -0.072054 0.083187 0.001970
v -0.133203 0.116657 0.025405
v -0.174062 0.166747 0.060479
v -0.188410 0.225833 0.101852
v -0.174062 0.284920 0.143224
v -0.133203 0.335010 0.178298
v -0.072053 0.368480 0.201734
v 0.000077 0.380233 0.209963
v 0.072208 0.368480 0.201734
v 0.000077 0.380233 0.209963
v 0.133358 0.335010 0.178298
v 0.174217 0.284920 0.143224
v 0.188564 0.225833 0.101852
v -0.133203 0.068977 0.093499
v 0.000077 0.023754 0.061834
v -0.072054 0.035507 0.070063
v -0.188410 0.178154 0.169946
v 0.188564 0.178154 0.169946
v 0.133358 0.068977 0.093499
v 0.072208 0.035507 0.070063
v 0.174217 0.119067 0.128573
v 0.000077 0.332553 0.278057
v 0.133358 0.287330 0.246392
v 0.174217 0.237240 0.211318
v 0.072208 0.320800 0.269828
v -0.133203 0.287330 0.246392
v -0.072053 0.320800 0.269828
v -0.174062 0.237240 0.211318
v -0.174062 0.119067 0.128573
v -0.174062 0.284920 0.143224
v -0.072053 0.368480 0.201734
v -0.133203 0.335010 0.178298
v -0.174062 0.166747 0.060479
v 0.174217 0.284920 0.143224
v 0.072208 0.368480 0.201734
v 0.000077 0.380233 0.209963
v 0.133358 0.335010 0.178298
v 0.072208 0.083187 0.001970
v 0.174217 0.166747 0.060479
v 0.188564 0.225833 0.101852
v 0.133358 0.116657 0.025405
v -0.072054 0.083187 0.001970
v 0.000077 0.071434 -0.006260
v -0.133203 0.116657 0.025405
v -0.188410 0.225833 0.101852
v -0.015348 0.398453 -1.319351
v 0.000000 0.284839 -1.397655
v 0.000000 0.393116 -1.375525
v -0.019288 0.287993 -1.335149
v -0.027301 0.403792 -1.263186
v -0.032512 0.291151 -1.272651
v -0.038030 0.409137 -1.207037
v -0.044398 0.294319 -1.210171
v -0.045387 0.414489 -1.151000
v -0.054277 0.297500 -1.147716
v -0.049910 0.419851 -1.095018
v -0.061479 0.300700 -1.085297
v -0.050990 0.425224 -1.039101
v -0.065337 0.303923 -1.022921
v -0.048014 0.430613 -0.983255
v -0.065181 0.307174 -0.960598
v -0.044292 0.435252 -0.935240
v -0.061240 0.309990 -0.907151
v -0.040885 0.438533 -0.901327
v -0.054661 0.312000 -0.869564
v -0.035354 0.440691 -0.879209
v -0.046146 0.313341 -0.845079
v -0.028336 0.441960 -0.866408
v -0.036402 0.314152 -0.830939
v -0.020469 0.442575 -0.860447
v -0.026133 0.314572 -0.824386
v 0.000000 0.442785 -0.858976
v 0.000000 0.314779 -0.822799
v -0.043564 0.548588 -1.009312
v -0.039977 0.550895 -0.964562
v -0.036697 0.552527 -0.932956
v -0.029662 0.553600 -0.912443
v -0.021721 0.554231 -0.900589
v -0.016114 0.554537 -0.894936
v 0.000000 0.554619 -0.893898
v -0.046252 0.666081 -1.044362
v -0.049338 0.665916 -1.096363
v -0.058079 0.796444 -1.134737
v -0.055455 0.801832 -1.190546
v -0.048369 0.665752 -1.148447
v -0.049217 0.800981 -1.241529
v -0.043956 0.665588 -1.200603
v -0.040252 0.801703 -1.293161
v -0.036710 0.665425 -1.252823
v -0.029023 0.800019 -1.346306
v -0.026090 0.665262 -1.305158
v 0.000000 0.784976 -1.456394
v -0.014247 0.665099 -1.357514
v 0.000000 0.664936 -1.409881
v -0.057063 0.786733 -1.082232
v -0.042434 0.666223 -0.999657
v -0.052967 0.774672 -1.033203
v -0.038960 0.666323 -0.968084
v -0.047220 0.764026 -0.998496
v -0.033384 0.666388 -0.947505
v -0.039537 0.754299 -0.974696
v -0.026341 0.666427 -0.935609
v -0.030597 0.747977 -0.960884
v -0.018461 0.666446 -0.930087
v -0.021040 0.745020 -0.954484
v 0.000000 0.666452 -0.928766
v 0.000000 0.743940 -0.952905
v -0.012259 0.532338 -1.327614
v 0.000000 0.529537 -1.382768
v -0.022400 0.534991 -1.275376
v -0.031400 0.537696 -1.222181
v -0.038708 0.540465 -1.167832
v -0.043878 0.543228 -1.113710
v -0.046480 0.545908 -1.061360
v 0.000000 0.819488 -1.355363
v -0.022336 0.812882 -1.352102
v -0.026829 0.806058 -1.349200
v -0.038279 0.809480 -1.296873
v -0.030792 0.818862 -1.300563
v 0.000000 0.819488 -1.355363
v 0.000000 0.829081 -1.304909
v -0.039871 0.822698 -1.248588
v 0.000000 0.835416 -1.253663
v -0.046659 0.823492 -1.196710
v 0.000000 0.837197 -1.202368
v -0.050048 0.820064 -1.143000
v 0.000000 0.834469 -1.149441
v -0.049866 0.813810 -1.093615
v 0.000000 0.827822 -1.100467
v -0.045608 0.803668 -1.043883
v -0.047610 0.812433 -1.245697
v -0.054082 0.813031 -1.192186
v -0.057339 0.808342 -1.139073
v -0.056826 0.799956 -1.087698
v -0.052587 0.789015 -1.037609
v -0.046498 0.778682 -1.004640
v -0.039472 0.793395 -1.012835
v 0.000000 0.815773 -1.050821
v 0.000000 0.827822 -1.100467
v 0.000000 0.804651 -1.020618
v -0.034849 0.783529 -0.985803
v 0.000000 0.791852 -0.990706
v -0.028425 0.777116 -0.973586
v -0.020179 0.773416 -0.967247
v 0.000000 0.773560 -0.966213
v -0.039257 0.768665 -0.979490
v -0.030681 0.762601 -0.966232
v -0.021201 0.759880 -0.959859
v 0.000000 0.758289 -0.958045
v 0.015349 0.398452 -1.319351
v 0.000000 0.284839 -1.397655
v 0.019289 0.287993 -1.335149
v 0.000000 0.393116 -1.375525
v 0.027302 0.403792 -1.263186
v 0.032513 0.291151 -1.272651
v 0.038031 0.409137 -1.207037
v 0.044399 0.294319 -1.210171
v 0.045388 0.414489 -1.151000
v 0.054277 0.297500 -1.147716
v 0.049911 0.419850 -1.095018
v 0.061480 0.300700 -1.085297
v 0.050991 0.425224 -1.039101
v 0.065338 0.303923 -1.022921
v 0.048015 0.430613 -0.983255
v 0.065182 0.307174 -0.960598
v 0.044293 0.435252 -0.935240
v 0.061241 0.309990 -0.907151
v 0.040886 0.438533 -0.901327
v 0.054662 0.312000 -0.869564
v 0.035355 0.440691 -0.879209
v 0.046147 0.313341 -0.845079
v 0.028337 0.441960 -0.866408
v 0.036403 0.314152 -0.830939
v 0.020470 0.442575 -0.860447
v 0.026134 0.314571 -0.824386
v 0.000000 0.442785 -0.858976
v 0.000000 0.314779 -0.822799
v 0.043564 0.548588 -1.009312
v 0.046481 0.545908 -1.061360
v 0.043879 0.543228 -1.113710
v 0.038708 0.540465 -1.167832
v 0.031401 0.537696 -1.222181
v 0.022401 0.534991 -1.275376
v 0.012260 0.532338 -1.327614
v 0.000000 0.529537 -1.382768
v 0.000000 0.664936 -1.409881
v 0.014248 0.665099 -1.357514
v 0.000000 0.784976 -1.456394
v 0.026091 0.665262 -1.305158
v 0.029024 0.800018 -1.346306
v 0.036711 0.665425 -1.252822
v 0.040253 0.801703 -1.293161
v 0.043957 0.665588 -1.200603
v 0.049218 0.800981 -1.241529
v 0.048370 0.665752 -1.148447
v 0.055456 0.801832 -1.190546
v 0.049339 0.665916 -1.096363
v 0.058079 0.796444 -1.134737
v 0.046253 0.666081 -1.044362
v 0.057064 0.786733 -1.082232
v 0.042435 0.666222 -0.999657
v 0.052967 0.774672 -1.033203
v 0.038961 0.666322 -0.968084
v 0.047221 0.764026 -0.998496
v 0.033385 0.666388 -0.947505
v 0.039538 0.754299 -0.974696
v 0.026341 0.666427 -0.935609
v 0.030598 0.747977 -0.960884
v 0.018462 0.666446 -0.930087
v 0.021041 0.745020 -0.954484
v 0.000000 0.666452 -0.928766
v 0.000000 0.743940 -0.952905
v 0.039978 0.550895 -0.964562
v 0.036698 0.552527 -0.932956
v 0.029663 0.553600 -0.912443
v 0.021722 0.554231 -0.900589
v 0.016115 0.554537 -0.894936
v 0.000000 0.554619 -0.893898
v 0.022337 0.812882 -1.352102
v 0.000000 0.819488 -1.355363
v 0.026830 0.806058 -1.349200
v 0.038280 0.809479 -1.296873
v 0.030792 0.818862 -1.300562
v 0.000000 0.819488 -1.355363
v 0.000000 0.829081 -1.304909
v 0.039872 0.822698 -1.248588
v 0.000000 0.835416 -1.253663
v 0.046660 0.823492 -1.196710
v 0.000000 0.837197 -1.202368
v 0.050049 0.820064 -1.143000
v 0.000000 0.834469 -1.149441
v 0.049867 0.813810 -1.093615
v 0.000000 0.827822 -1.100467
v 0.045609 0.803668 -1.043883
v 0.047611 0.812433 -1.245697
v 0.054083 0.813031 -1.192185
v 0.057340 0.808342 -1.139073
v 0.056827 0.799956 -1.087697
v 0.052588 0.789015 -1.037609
v 0.046499 0.778682 -1.004640
v 0.039473 0.793395 -1.012835
v 0.000000 0.815773 -1.050821
v 0.000000 0.827822 -1.100467
v 0.000000 0.804651 -1.020618
v 0.034849 0.783529 -0.985803
v 0.000000 0.791852 -0.990706
v 0.028426 0.777116 -0.973586
v 0.020180 0.773416 -0.967247
v 0.000000 0.773560 -0.966213
v 0.039258 0.768665 -0.979490
v 0.030682 0.762601 -0.966232
v 0.021202 0.759880 -0.959859
v 0.000000 0.758289 -0.958045
vn -0.1911 0.9816 0.0025
vn -0.1949 0.9808 0.0001
vn -0.0000 1.0000 0.0012
vn -0.0000 1.0000 -0.0000
vn -0.3821 0.9241 0.0013
vn -0.3731 0.9278 0.0028
vn -0.4452 0.8954 0.0059
vn -0.5527 0.8334 0.0078
vn -0.5393 0.8421 0.0077
vn -0.5933 0.8049 0.0134
vn -0.7049 0.7091 0.0175
vn -0.6843 0.7291 0.0144
vn -0.7204 0.6932 0.0231
vn -0.8317 0.5549 0.0214
vn -0.8522 0.5225 0.0265
vn -0.9253 0.3784 0.0262
vn -0.9243 0.3813 0.0181
vn -0.9816 0.1903 0.0154
vn -0.9809 0.1941 0.0142
vn -1.0000 0.0041 0.0051
vn -0.9999 -0.0012 0.0107
vn -0.9824 -0.1866 0.0084
vn -0.9806 -0.1958 0.0078
vn -0.9119 -0.4102 0.0109
vn -0.9226 -0.3859 0.0016
vn -0.8208 -0.5712 -0.0044
vn -0.8313 -0.5558 -0.0048
vn -0.6752 -0.7373 -0.0234
vn -0.7093 -0.7048 -0.0151
vn -0.4458 -0.8942 -0.0413
vn -0.5556 -0.8304 -0.0408
vn -0.3142 -0.9477 -0.0561
vn -0.3806 -0.9229 -0.0588
vn -0.1967 -0.9783 -0.0647
vn -0.1937 -0.9791 -0.0626
vn -0.0000 -0.9978 -0.0664
vn -0.0000 -0.9980 -0.0639
vn -0.9179 -0.3944 -0.0442
vn -0.9877 -0.1487 -0.0475
vn -0.9989 -0.0187 -0.0431
vn -0.9911 0.1304 -0.0256
vn -0.3161 -0.9446 -0.0880
vn -0.4289 -0.8997 -0.0813
vn -0.1960 -0.9768 -0.0866
vn -0.0000 -0.9963 -0.0861
vn -0.9867 -0.0424 -0.1568
vn -0.9838 0.0826 -0.1588
vn -0.9817 0.1807 -0.0594
vn -0.9769 0.2134 0.0101
vn -0.9891 0.1328 -0.0629
vn -0.9766 0.2075 -0.0571
vn -0.9420 0.3056 -0.1390
vn -0.8803 0.4455 -0.1630
vn -0.9730 -0.1595 -0.1666
vn -0.9049 -0.3873 -0.1767
vn -0.7661 -0.6190 -0.1731
vn -0.7849 -0.6178 -0.0471
vn -0.6367 -0.7684 -0.0649
vn -0.6163 -0.7675 -0.1766
vn -0.4074 -0.8980 -0.1662
vn -0.2989 -0.9405 -0.1614
vn -0.1974 -0.9660 -0.1667
vn -0.0000 -0.9860 -0.1667
vn -0.5884 -0.7265 -0.3550
vn -0.7398 -0.5684 -0.3601
vn -0.8647 -0.3610 -0.3493
vn -0.9318 -0.1808 -0.3147
vn -0.9541 -0.0115 -0.2992
vn -0.9507 0.0976 -0.2944
vn -0.9359 0.2212 -0.2741
vn -0.9088 0.3512 -0.2253
vn -0.8851 0.4175 -0.2055
vn -0.8553 0.4646 -0.2293
vn -0.7698 0.6192 -0.1549
vn -0.7315 0.6750 -0.0960
vn -0.6996 0.6975 -0.1553
vn -0.5989 0.7997 -0.0415
vn -0.5971 0.7821 -0.1784
vn -0.7063 0.6619 -0.2510
vn -0.5588 0.8098 -0.1791
vn -0.5467 0.8194 -0.1725
vn -0.3764 0.9189 -0.1177
vn -0.3855 0.9157 -0.1132
vn -0.8194 0.4817 -0.3107
vn -0.9015 0.2586 -0.3469
vn -0.9269 0.1015 -0.3613
vn -0.9212 -0.0246 -0.3882
vn -0.8736 -0.2239 -0.4320
vn -0.7757 -0.4207 -0.4704
vn -0.6702 -0.5527 -0.4953
vn -0.5696 -0.6518 -0.5007
vn -0.4397 -0.7506 -0.4932
vn -0.4307 -0.8353 -0.3418
vn -0.3035 -0.8972 -0.3210
vn -0.1855 -0.9311 -0.3140
vn -0.0000 -0.9498 -0.3129
vn -0.3088 -0.8191 -0.4834
vn -0.1902 -0.8594 -0.4745
vn -0.0000 -0.8822 -0.4709
vn -0.4281 -0.7175 -0.5494
vn -0.5816 -0.6159 -0.5315
vn -0.2754 -0.7843 -0.5560
vn -0.2641 -0.7880 -0.5562
vn -0.0000 -0.8187 -0.5742
vn -0.5494 -0.6425 -0.5342
vn -0.6103 -0.5988 -0.5187
vn -0.6478 -0.5567 -0.5200
vn -0.7446 -0.4434 -0.4990
vn -0.8491 -0.2658 -0.4565
vn -0.9140 -0.0588 -0.4015
vn -0.9258 0.1367 -0.3523
vn -0.8983 0.3104 -0.3110
vn -0.8587 0.4393 -0.2638
vn -0.7794 0.5914 -0.2066
vn -0.6512 0.7457 -0.1409
vn -0.5153 0.8523 -0.0898
vn -0.2139 0.9753 -0.0558
vn -0.3595 0.9315 -0.0554
vn -0.0000 0.9995 -0.0307
vn -0.0000 0.9993 -0.0363
vn -0.1907 0.9800 -0.0578
vn -0.0000 0.9995 -0.0328
vn -0.2632 0.9618 -0.0758
vn -0.7354 0.6670 -0.1195
vn -0.9625 0.1946 -0.1893
vn -0.9671 0.0560 -0.2483
vn -0.9539 -0.0135 -0.2998
vn -0.9340 -0.0819 -0.3478
vn -0.8930 -0.2105 -0.3977
vn -0.8292 -0.3419 -0.4423
vn -0.7576 -0.4465 -0.4760
vn -0.6416 -0.5753 -0.5073
vn -0.8846 0.4651 0.0345
vn -0.9495 0.3119 0.0330
vn -0.9587 0.2827 0.0328
vn -0.9722 0.2323 0.0281
vn -0.0935 0.8925 0.4413
vn -0.1357 0.9125 0.3859
vn -0.0000 0.9277 0.3733
vn -0.0000 0.9310 0.3650
vn -0.1490 0.9403 0.3058
vn -0.3282 0.9435 -0.0460
vn -0.3380 0.9390 -0.0642
vn -0.4778 0.8784 -0.0011
vn -0.5014 0.8644 0.0386
vn -0.4669 0.8537 0.2307
vn -0.4589 0.8487 0.2630
vn -0.4678 0.8618 0.1961
vn -0.5233 0.8341 0.1747
vn -0.5400 0.8105 0.2271
vn -0.4877 0.8167 0.3085
vn -0.4767 0.8290 0.2926
vn -0.4450 0.8388 0.3138
vn -0.4431 0.8301 0.3385
vn -0.4418 0.8364 0.3245
vn -0.4378 0.8479 0.2992
vn -0.4061 0.8696 0.2808
vn -0.4065 0.8670 0.2882
vn -0.4184 0.8703 0.2598
vn -0.4198 0.8729 0.2484
vn -0.4100 0.9015 0.1385
vn -0.4097 0.9029 0.1298
vn -0.4147 0.9099 -0.0081
vn -0.4122 0.9110 -0.0157
vn -0.3847 0.9189 -0.0869
vn -0.3872 0.9181 -0.0847
vn -0.4200 0.8992 -0.1224
vn -0.4271 0.8968 -0.1153
vn -0.4743 0.8565 -0.2035
vn -0.4800 0.8514 -0.2114
vn -0.4811 0.8397 -0.2518
vn -0.5260 0.8149 -0.2435
vn -0.5214 0.8184 -0.2417
vn -0.4673 0.8400 -0.2757
vn -0.4324 0.8411 -0.3250
vn -0.4951 0.8307 -0.2546
vn -0.5029 0.8453 -0.1805
vn -0.4838 0.8331 -0.2682
vn -0.5183 0.8432 -0.1427
vn -0.4837 0.8730 -0.0630
vn -0.5040 0.8602 -0.0769
vn -0.3577 0.9295 0.0897
vn -0.4637 0.8822 0.0817
vn -0.3379 0.9383 0.0733
vn -0.1380 0.9352 -0.3262
vn -0.1380 0.9290 -0.3434
vn -0.0000 0.9547 -0.2975
vn -0.0000 0.9560 -0.2934
vn 0.1007 -0.0000 0.9949
vn 0.1057 -0.0000 0.9944
vn -0.0000 -0.0000 1.0000
vn 0.2240 -0.0000 0.9746
vn 0.2112 -0.0000 0.9774
vn 0.3505 -0.0000 0.9366
vn 0.3298 -0.0000 0.9441
vn 0.4706 -0.0000 0.8823
vn 0.4506 -0.0000 0.8927
vn 0.6151 -0.0000 0.7884
vn 0.5825 -0.0000 0.8129
vn 0.7356 -0.0000 0.6774
vn 0.7212 -0.0000 0.6928
vn 0.8273 -0.0000 0.5617
vn 0.8085 -0.0000 0.5885
vn 0.8975 -0.0000 0.4410
vn 0.8906 -0.0000 0.4548
vn 0.9389 -0.0000 0.3441
vn 0.9334 -0.0000 0.3588
vn 0.9777 -0.0000 0.2098
vn 0.9737 -0.0000 0.2279
vn 0.9952 -0.0000 0.0978
vn 0.9949 -0.0000 0.1011
vn 0.9992 -0.0000 0.0396
vn 0.9992 -0.0000 0.0397
vn 0.9996 -0.0000 -0.0288
vn 0.9995 -0.0000 -0.0313
vn 0.9963 -0.0000 -0.0865
vn 0.9961 -0.0000 -0.0885
vn 0.9848 -0.0000 -0.1734
vn 0.9824 -0.0000 -0.1865
vn 0.9515 -0.0000 -0.3076
vn 0.9455 -0.0000 -0.3256
vn 0.8608 -0.0000 -0.5089
vn 0.8333 -0.0000 -0.5528
vn 0.6705 -0.0000 -0.7419
vn 0.6292 -0.0000 -0.7773
vn 0.4545 -0.0000 -0.8907
vn 0.4207 -0.0000 -0.9072
vn 0.2676 -0.0000 -0.9635
vn 0.2487 -0.0000 -0.9686
vn 0.1078 -0.0000 -0.9942
vn 0.1004 -0.0000 -0.9949
vn -0.0000 -0.0000 -1.0000
vn -0.1874 0.9430 -0.2751
vn -0.1913 0.9626 -0.1918
vn -0.0000 0.9614 -0.2751
vn -0.0000 0.9814 -0.1918
vn -0.3756 0.9067 -0.1918
vn -0.3679 0.8882 -0.2751
vn -0.5453 0.8160 -0.1918
vn -0.5341 0.7994 -0.2751
vn -0.6940 0.6940 -0.1917
vn -0.6798 0.6798 -0.2750
vn -0.8160 0.5453 -0.1917
vn -0.7994 0.5341 -0.2750
vn -0.9067 0.3756 -0.1917
vn -0.8883 0.3679 -0.2749
vn -0.9626 0.1915 -0.1916
vn -0.9430 0.1876 -0.2749
vn -0.9815 -0.0000 -0.1916
vn -0.9615 -0.0000 -0.2748
vn -0.9626 -0.1915 -0.1916
vn -0.9430 -0.1876 -0.2748
vn -0.9068 -0.3756 -0.1915
vn -0.8883 -0.3680 -0.2747
vn -0.8161 -0.5453 -0.1915
vn -0.7995 -0.5342 -0.2747
vn -0.7009 -0.6871 -0.1915
vn -0.6868 -0.6730 -0.2746
vn -0.5533 -0.8106 -0.1921
vn -0.5422 -0.7938 -0.2756
vn -0.3755 -0.9066 -0.1922
vn -0.3679 -0.8880 -0.2758
vn -0.1913 -0.9625 -0.1923
vn -0.1874 -0.9428 -0.2758
vn -0.0000 -0.9813 -0.1923
vn -0.0000 -0.9612 -0.2758
vn -0.9223 -0.3820 0.0589
vn -0.8300 -0.5546 0.0589
vn -0.7128 -0.6989 0.0590
vn -0.5628 -0.8245 0.0589
vn -0.3820 -0.9223 0.0590
vn -0.1946 -0.9791 0.0590
vn -0.0000 -0.9983 0.0590
vn -0.8404 -0.3481 0.4155
vn -0.8921 -0.1774 0.4155
vn -0.9791 -0.1947 0.0590
vn -0.9983 -0.0000 0.0590
vn -0.9791 0.1948 0.0590
vn -0.9223 0.3820 0.0590
vn -0.8300 0.5546 0.0590
vn -0.7059 0.7059 0.0590
vn -0.5546 0.8300 0.0590
vn -0.3820 0.9223 0.0590
vn -0.1946 0.9791 0.0590
vn -0.0000 0.9983 0.0590
vn -0.0000 0.9095 0.4157
vn -0.1773 0.8921 0.4157
vn -0.3481 0.8403 0.4157
vn -0.5053 0.7562 0.4157
vn -0.6431 0.6431 0.4157
vn -0.7562 0.5053 0.4156
vn -0.0000 0.6223 0.7827
vn -0.1213 0.6105 0.7827
vn -0.2382 0.5750 0.7827
vn -0.3458 0.5175 0.7827
vn -0.4401 0.4401 0.7827
vn -0.5175 0.3458 0.7827
vn -0.8403 0.3481 0.4156
vn -0.8921 0.1774 0.4156
vn -0.9096 -0.0000 0.4156
vn -0.5750 0.2382 0.7827
vn -0.6105 0.1214 0.7827
vn -0.6225 -0.0000 0.7826
vn -0.6106 -0.1215 0.7826
vn -0.5752 -0.2383 0.7826
vn -0.7563 -0.5054 0.4154
vn -0.6494 -0.6367 0.4158
vn -0.5129 -0.7512 0.4156
vn -0.3479 -0.8401 0.4161
vn -0.1773 -0.8919 0.4161
vn -0.0000 -0.9093 0.4161
vn -0.5177 -0.3460 0.7825
vn -0.4440 -0.4352 0.7833
vn -0.3514 -0.5144 0.7822
vn -0.2379 -0.5746 0.7831
vn -0.1212 -0.6100 0.7831
vn -0.0000 -0.6219 0.7831
vn -0.0293 0.0438 0.9986
vn -0.0373 0.0373 0.9986
vn -0.0202 0.0487 0.9986
vn -0.0000 0.0527 0.9986
vn -0.0528 -0.0000 0.9986
vn -0.0487 0.0202 0.9986
vn -0.0438 0.0293 0.9986
vn -0.0517 0.0103 0.9986
vn -0.0000 -0.0526 0.9986
vn -0.0375 -0.0367 0.9986
vn -0.0488 -0.0202 0.9986
vn -0.0517 -0.0103 0.9986
vn -0.0439 -0.0294 0.9986
vn -0.0201 -0.0486 0.9986
vn -0.0300 -0.0437 0.9986
vn -0.0103 -0.0516 0.9986
vn -0.0103 0.0517 0.9986
vn -0.0485 0.2439 0.9686
vn -0.0000 0.2486 0.9686
vn -0.1213 0.6104 0.7827
vn -0.0951 0.2297 0.9686
vn -0.1381 0.2067 0.9686
vn -0.1758 0.1758 0.9686
vn -0.2067 0.1381 0.9686
vn -0.2297 0.0952 0.9686
vn -0.2439 0.0485 0.9686
vn -0.2487 -0.0000 0.9686
vn -0.2440 -0.0485 0.9686
vn -0.5752 -0.2383 0.7825
vn -0.2299 -0.0952 0.9686
vn -0.5177 -0.3459 0.7825
vn -0.2069 -0.1383 0.9685
vn -0.1772 -0.1736 0.9688
vn -0.1407 -0.2057 0.9685
vn -0.0949 -0.2294 0.9687
vn -0.0484 -0.2435 0.9687
vn -0.0000 -0.6218 0.7831
vn -0.0000 -0.2482 0.9687
vn -0.3946 -0.7262 -0.5629
vn -0.4498 -0.7073 -0.5454
vn -0.3690 -0.7474 -0.5525
vn -0.0000 -0.8050 -0.5932
vn -0.2796 -0.7504 -0.5990
vn -0.0000 -0.7806 -0.6250
vn -0.2995 -0.7417 -0.6002
vn -0.3209 -0.7359 -0.5961
vn -0.0000 -0.7799 -0.6259
vn -0.2995 -0.7416 -0.6002
vn -0.0000 -0.7653 -0.6437
vn -0.3366 -0.7175 -0.6099
vn -0.0000 -0.7264 -0.6873
vn -0.3727 -0.6735 -0.6383
vn -0.0000 -0.6700 -0.7424
vn -0.3626 -0.6518 -0.6661
vn -0.0000 -0.5953 -0.8035
vn -0.3344 -0.6076 -0.7204
vn -0.0000 -0.5154 -0.8569
vn -0.3030 -0.5379 -0.7867
vn -0.0000 -0.4049 -0.9143
vn -0.2882 -0.4282 -0.8565
vn -0.0000 -0.2491 -0.9685
vn -0.3028 -0.2459 -0.9208
vn -0.0000 -0.1017 -0.9948
vn -0.3056 -0.1111 -0.9456
vn -0.0000 -0.0174 -0.9998
vn -0.2705 -0.0519 -0.9613
vn -0.0000 0.0877 -0.9962
vn -0.2331 0.0246 -0.9721
vn -0.0000 0.2244 -0.9745
vn -0.1723 0.0740 -0.9823
vn -0.0000 0.3431 -0.9393
vn -0.0000 0.9973 -0.0728
vn -0.2124 0.9755 -0.0567
vn -0.0000 0.9866 -0.1631
vn -0.0000 0.9762 -0.2167
vn -0.1085 0.9857 -0.1289
vn -0.1089 0.9766 -0.1853
vn -0.1085 0.9926 -0.0551
vn -0.0000 0.9954 -0.0961
vn -0.1213 0.9926 -0.0043
vn -0.0000 0.9996 -0.0287
vn -0.1240 0.9919 0.0260
vn -0.0000 0.9984 0.0571
vn -0.1119 0.9857 0.1260
vn -0.0000 0.9793 0.2025
vn -0.0948 0.9378 0.3341
vn -0.0000 0.9047 0.4261
vn -0.0617 0.7697 0.6355
vn -0.0000 0.7048 0.7094
vn -0.0206 0.3968 0.9177
vn -0.0000 0.3524 0.9358
vn -0.0007 -0.0923 0.9957
vn -0.0000 -0.0892 0.9960
vn -0.0000 1.0000 0.0005
vn -0.0000 0.9982 -0.0592
vn -0.0000 0.9898 -0.1427
vn -0.0000 0.9820 -0.1886
vn -0.0000 0.7999 0.6001
vn -0.0000 0.9181 0.3963
vn -0.0000 0.4573 0.8893
vn -0.0000 -0.1001 0.9950
vn 0.1089 0.9766 -0.1853
vn 0.1088 0.9653 -0.2374
vn 0.1358 0.9574 -0.2548
vn 0.1357 0.9486 -0.2858
vn 0.1074 0.9549 -0.2769
vn 0.1362 0.9439 -0.3010
vn 0.1176 0.9498 -0.2898
vn 0.1306 0.9483 -0.2893
vn 0.1318 0.9472 -0.2925
vn 0.1510 0.9651 -0.2142
vn 0.1085 0.9857 -0.1289
vn 0.1699 0.9723 -0.1607
vn 0.1085 0.9926 -0.0551
vn 0.1933 0.9766 -0.0943
vn 0.1213 0.9926 -0.0043
vn 0.2111 0.9771 -0.0280
vn 0.1240 0.9919 0.0260
vn 0.1912 0.9800 0.0560
vn 0.1119 0.9857 0.1260
vn 0.1455 0.9689 0.2004
vn 0.0948 0.9378 0.3341
vn 0.1002 0.9001 0.4240
vn 0.0617 0.7697 0.6355
vn 0.0556 0.7038 0.7083
vn 0.0206 0.3968 0.9177
vn 0.0180 0.3524 0.9357
vn 0.0007 -0.0923 0.9957
vn -0.0000 0.9997 0.0254
vn -0.0000 0.9874 0.1582
vn -0.0000 -0.9808 0.1952
vn -0.0005 -0.9807 0.1956
vn -0.0000 -0.9950 0.0997
vn -0.0013 -0.9951 0.0992
vn -0.0006 -0.9397 0.3421
vn -0.0000 -0.9395 0.3426
vn -0.1635 -0.9650 0.2048
vn -0.1512 -0.9830 0.1042
vn -0.0011 -0.9994 0.0352
vn -0.1328 -0.9904 0.0371
vn -0.0006 -1.0000 0.0084
vn -0.1065 -0.9943 0.0002
vn -0.1271 -0.9276 0.3512
vn -0.0459 -0.9011 0.4313
vn 0.0006 -0.9027 0.4302
vn -0.0000 -1.0000 0.0085
vn -0.0000 -0.9994 0.0348
vn 0.0006 -1.0000 0.0083
vn -0.0000 -0.9994 0.0349
vn -0.0000 -1.0000 0.0081
vn -0.0006 -1.0000 0.0083
vn -0.4273 -0.9027 0.0511
vn -0.6249 -0.7802 -0.0288
vn -0.8043 -0.5928 -0.0424
vn -0.6213 -0.7828 -0.0353
vn -0.6583 -0.7524 -0.0228
vn -0.7085 -0.7057 -0.0025
vn -0.8191 -0.5711 0.0542
vn -0.8311 -0.5399 0.1336
vn -0.9594 -0.2764 0.0559
vn -0.9485 -0.2756 0.1564
vn -0.9366 -0.2791 0.2121
vn -0.8208 -0.5264 0.2218
vn -0.4729 -0.8716 0.1294
vn -0.4807 -0.8471 0.2267
vn -0.7723 -0.5461 0.3247
vn -0.9163 -0.2787 0.2876
vn -0.9366 -0.2791 0.2120
vn -0.5807 -0.6925 0.4280
vn -0.4012 -0.8472 0.3481
vn -0.2292 -0.8680 0.4404
vn -0.0488 -0.9967 0.0642
vn -0.9372 -0.3454 0.0483
vn -0.9184 -0.3956 0.0016
vn -0.8191 -0.5711 0.0543
vn -0.8966 -0.4416 -0.0347
vn -0.8647 -0.4991 -0.0567
vn 0.0020 -0.3306 0.9438
vn -0.0000 -0.3430 0.9394
vn -0.0000 -0.1000 0.9950
vn -0.0020 -0.3306 0.9438
vn 0.0006 -0.1650 0.9863
vn 0.0006 -0.0923 0.9957
vn -0.0017 -0.3298 0.9440
vn -0.0332 -0.0826 0.9960
vn -0.0514 -0.2990 0.9529
vn -0.1962 -0.0682 0.9782
vn -0.2133 -0.2622 0.9412
vn -0.6208 -0.0411 0.7829
vn -0.5559 -0.1916 0.8089
vn -0.9136 0.1354 0.3833
vn -0.0000 0.9731 -0.2306
vn 0.0761 0.9651 -0.2505
vn 0.0753 0.9671 -0.2429
vn 0.0207 0.9697 -0.2436
vn 0.0802 0.9534 -0.2908
vn -0.0893 0.9615 -0.2599
vn -0.0969 0.9582 -0.2691
vn -0.0924 0.9721 -0.2154
vn -0.0920 0.9736 -0.2087
vn -0.1023 0.9726 -0.2086
vn -0.1167 0.9711 -0.2083
vn -0.1402 0.9627 -0.2313
vn -0.0000 0.9700 -0.2430
vn -0.1357 0.9486 -0.2858
vn -0.1362 0.9439 -0.3010
vn -0.1074 0.9549 -0.2769
vn -0.0999 0.9507 -0.2936
vn -0.1088 0.9653 -0.2374
vn -0.1358 0.9574 -0.2548
vn -0.1510 0.9651 -0.2142
vn -0.1699 0.9723 -0.1607
vn -0.1933 0.9766 -0.0943
vn -0.2111 0.9771 -0.0280
vn -0.1912 0.9800 0.0560
vn -0.1455 0.9689 0.2004
vn -0.1002 0.9001 0.4240
vn -0.0556 0.7038 0.7083
vn -0.0000 0.9658 -0.2595
vn -0.0000 0.9620 -0.2730
vn -0.0962 0.9508 -0.2945
vn -0.0000 0.9646 -0.2639
vn 0.0962 0.9508 -0.2945
vn 0.0999 0.9507 -0.2936
vn 0.1340 0.9433 -0.3037
vn -0.1340 0.9433 -0.3037
vn -0.0018 0.1337 0.9910
vn 0.1060 0.9498 -0.2943
vn 0.1014 0.9510 -0.2921
vn 0.0106 0.9534 -0.3014
vn 0.0933 0.9570 -0.2748
vn -0.1784 0.9425 -0.2826
vn 0.0910 0.9671 -0.2376
vn -0.1109 0.9613 -0.2524
vn 0.0885 0.9787 -0.1853
vn -0.0387 0.9763 -0.2130
vn 0.0839 0.9882 -0.1282
vn -0.0447 0.9870 -0.1541
vn 0.0788 0.9954 -0.0543
vn 0.0160 0.9964 -0.0837
vn 0.0892 0.9960 -0.0038
vn 0.0562 0.9981 -0.0238
vn 0.0962 0.9951 0.0243
vn 0.0558 0.9973 0.0471
vn 0.0929 0.9881 0.1230
vn 0.0019 0.9814 0.1918
vn 0.0852 0.9396 0.3316
vn 0.0242 0.9192 0.3931
vn 0.0585 0.7708 0.6344
vn 0.0027 0.7190 0.6950
vn 0.0200 0.3971 0.9175
vn -0.0233 0.3592 0.9330
vn -0.9113 0.3544 -0.2098
vn -0.8224 0.5187 -0.2336
vn -0.8482 0.4944 -0.1899
vn -0.9095 0.3791 -0.1709
vn -0.8608 0.4849 -0.1543
vn -0.9369 0.3282 -0.1203
vn -0.8651 0.4918 -0.0984
vn -0.9565 0.2859 -0.0584
vn -0.8663 0.4989 -0.0247
vn -0.9724 0.2329 0.0108
vn -0.8439 0.5349 0.0403
vn -0.9715 0.2307 0.0543
vn -0.8258 0.5450 0.1450
vn -0.9582 0.2520 0.1356
vn -0.8218 0.5135 0.2467
vn -0.9448 0.2364 0.2269
vn -0.7182 0.5900 0.3688
vn -0.5021 0.8382 -0.2129
vn -0.5543 0.7953 -0.2456
vn -0.5687 0.7758 -0.2732
vn -0.4989 0.8558 -0.1367
vn -0.4225 0.9035 -0.0720
vn -0.3530 0.9356 0.0033
vn -0.3452 0.9322 0.1092
vn -0.3924 0.8847 0.2516
vn -0.2481 0.8770 0.4116
vn -0.2038 0.6851 0.6993
vn -0.6392 0.4747 0.6050
vn -0.9448 0.2365 0.2268
vn -0.6037 0.2432 0.7592
vn -0.2060 0.3422 0.9168
vn 0.0015 -1.0000 0.0081
vn 0.0020 -1.0000 0.0081
vn -0.0003 -1.0000 0.0083
vn -0.0000 -1.0000 0.0083
vn 0.0007 -1.0000 0.0084
vn 0.0011 -1.0000 0.0085
vn 0.0003 -1.0000 0.0085
vn -0.0011 -1.0000 0.0085
vn -0.0007 -1.0000 0.0085
vn 0.0001 -0.9994 0.0349
vn 0.0008 -1.0000 0.0083
vn -0.0014 -1.0000 0.0082
vn -0.0020 -1.0000 0.0081
vn -0.1293 0.9452 -0.2998
vn -0.1321 0.9441 -0.3021
vn -0.1370 0.9421 -0.3061
vn 0.1370 0.9421 -0.3061
vn -0.0000 -0.9027 0.4302
vn -0.0000 -0.9500 -0.3124
vn 0.1649 -0.0000 -0.9863
vn 0.1568 -0.0000 -0.9876
vn 0.0826 -0.0000 -0.9966
vn -0.0000 -0.0002 -1.0000
vn 0.2460 -0.0000 -0.9693
vn 0.3263 -0.0000 -0.9453
vn 0.3167 -0.0000 -0.9485
vn 0.4041 -0.0000 -0.9147
vn 0.4803 -0.0000 -0.8771
vn 0.4776 -0.0000 -0.8786
vn 0.5527 -0.0000 -0.8334
vn 0.6228 -0.0000 -0.7824
vn 0.6171 -0.0000 -0.7869
vn 0.6877 -0.0000 -0.7260
vn 0.7437 -0.0000 -0.6686
vn 0.7490 -0.0000 -0.6626
vn 0.8042 -0.0000 -0.5944
vn 0.8543 -0.0000 -0.5198
vn 0.8480 -0.0000 -0.5299
vn 0.8972 -0.0000 -0.4417
vn 0.8972 -0.0000 -0.4416
vn -0.0000 -0.0891 0.9960
vn -0.0000 -0.3087 0.9512
vn -0.0879 0.9508 -0.2970
vn -0.0911 0.9508 -0.2960
vn -0.1222 0.9438 -0.3071
vn -0.1243 0.9444 -0.3044
vn -0.0982 0.9551 -0.2795
vn -0.1241 0.9492 -0.2893
vn -0.0995 0.9657 -0.2400
vn -0.1247 0.9579 -0.2586
vn -0.0997 0.9772 -0.1875
vn -0.1390 0.9659 -0.2185
vn -0.0995 0.9864 -0.1309
vn -0.1568 0.9736 -0.1658
vn -0.0998 0.9934 -0.0573
vn -0.1788 0.9788 -0.1001
vn -0.1119 0.9937 -0.0066
vn -0.1954 0.9801 -0.0336
vn -0.1148 0.9931 0.0233
vn -0.1771 0.9828 0.0516
vn -0.1037 0.9870 0.1230
vn -0.1350 0.9711 0.1969
vn -0.0878 0.9392 0.3319
vn -0.0931 0.9021 0.4213
vn -0.0572 0.7707 0.6347
vn -0.0517 0.7056 0.7068
vn -0.0191 0.3973 0.9175
vn -0.0167 0.3531 0.9354
vn -0.0006 -0.0922 0.9957
vn -0.0007 -0.0895 0.9960
vn -0.0000 1.0000 0.0004
vn 0.0001 0.9982 -0.0598
vn 0.0001 0.9897 -0.1430
vn -0.0000 0.9820 -0.1888
vn -0.0000 0.9731 -0.2304
vn -0.0000 0.9658 -0.2593
vn -0.0001 0.9621 -0.2726
vn -0.0003 0.9646 -0.2639
vn 0.0873 0.9519 -0.2936
vn 0.0912 0.9519 -0.2926
vn 0.1224 0.9452 -0.3026
vn 0.1245 0.9459 -0.2997
vn 0.0984 0.9562 -0.2758
vn 0.1242 0.9506 -0.2844
vn 0.0997 0.9666 -0.2362
vn 0.1249 0.9593 -0.2534
vn 0.0997 0.9779 -0.1838
vn 0.1392 0.9672 -0.2125
vn 0.0994 0.9869 -0.1271
vn 0.1570 0.9748 -0.1587
vn 0.0997 0.9936 -0.0534
vn 0.1790 0.9795 -0.0919
vn 0.1118 0.9937 -0.0022
vn 0.1954 0.9804 -0.0248
vn 0.1148 0.9930 0.0279
vn 0.1766 0.9825 0.0599
vn 0.1040 0.9864 0.1272
vn 0.1344 0.9697 0.2041
vn 0.0880 0.9381 0.3351
vn 0.0925 0.8994 0.4273
vn 0.0573 0.7695 0.6361
vn 0.0513 0.7020 0.7103
vn 0.0192 0.3969 0.9177
vn 0.0165 0.3511 0.9362
vn 0.0006 -0.0922 0.9957
vn 0.0007 -0.0890 0.9960
vn -0.0000 0.9997 0.0253
vn -0.0000 0.9874 0.1580
vn -0.0000 0.9180 0.3965
vn 0.0002 0.4583 0.8888
vn 0.0005 -1.0000 0.0083
vn 0.0001 -0.9994 0.0344
vn 0.0019 -1.0000 0.0081
vn -0.0000 -0.9951 0.0990
vn -0.0000 -0.9809 0.1943
vn -0.0000 -0.9400 0.3412
vn -0.0005 -1.0000 0.0083
vn -0.0000 -0.9950 0.0996
vn -0.0010 -0.9994 0.0352
vn -0.1233 -0.9917 0.0369
vn -0.1016 -0.9948 -0.0003
vn -0.1406 -0.9846 0.1042
vn -0.0012 -0.9951 0.0992
vn -0.1522 -0.9668 0.2053
vn -0.0004 -0.9807 0.1956
vn -0.1178 -0.9287 0.3516
vn -0.0420 -0.9014 0.4310
vn -0.3800 -0.9233 0.0554
vn -0.5945 -0.8035 -0.0312
vn -0.7771 -0.6277 -0.0453
vn -0.5960 -0.8021 -0.0380
vn -0.6348 -0.7723 -0.0247
vn -0.6833 -0.7301 -0.0097
vn -0.7864 -0.6133 0.0737
vn -0.4899 -0.8711 0.0349
vn -0.8066 -0.5704 0.1547
vn -0.9510 -0.2994 0.0780
vn -0.9371 -0.2999 0.1784
vn -0.9271 -0.2989 0.2262
vn -0.8024 -0.5496 0.2328
vn -0.4466 -0.8850 0.1315
vn -0.4539 -0.8609 0.2299
vn -0.7524 -0.5653 0.3382
vn -0.9047 -0.2973 0.3052
vn -0.5566 -0.7062 0.4376
vn -0.3768 -0.8569 0.3518
vn -0.2137 -0.8714 0.4416
vn -0.0007 -0.0922 0.9957
vn 0.0019 -0.3307 0.9437
vn -0.0006 -0.0896 0.9960
vn -0.0000 -0.3430 0.9393
vn -0.0019 -0.3307 0.9437
vn -0.0016 -0.3300 0.9440
vn -0.0306 -0.0826 0.9961
vn -0.0479 -0.2988 0.9531
vn -0.1825 -0.0687 0.9808
vn -0.2005 -0.2627 0.9438
vn -0.5997 -0.0419 0.7992
vn -0.5367 -0.1948 0.8210
vn -0.9022 0.1458 0.4060
vn -0.0877 0.9512 -0.2959
vn -0.0911 0.9512 -0.2949
vn -0.1223 0.9442 -0.3057
vn -0.1244 0.9449 -0.3030
vn -0.0982 0.9554 -0.2783
vn -0.1241 0.9496 -0.2878
vn -0.0996 0.9659 -0.2388
vn -0.1248 0.9583 -0.2570
vn -0.0997 0.9774 -0.1863
vn -0.1390 0.9663 -0.2166
vn -0.0994 0.9865 -0.1297
vn -0.1569 0.9740 -0.1636
vn -0.0998 0.9934 -0.0561
vn -0.1788 0.9790 -0.0975
vn -0.1119 0.9937 -0.0052
vn -0.1954 0.9802 -0.0309
vn -0.1148 0.9931 0.0248
vn -0.1770 0.9827 0.0542
vn -0.1038 0.9868 0.1243
vn -0.1348 0.9707 0.1991
vn -0.0879 0.9389 0.3329
vn -0.0929 0.9013 0.4231
vn -0.0572 0.7703 0.6351
vn -0.0515 0.7045 0.7079
vn -0.0191 0.3971 0.9176
vn -0.0000 0.9897 -0.1430
vn -0.0000 0.9621 -0.2726
vn -0.0001 0.9646 -0.2639
vn 0.0926 0.9519 -0.2922
vn 0.0039 0.9535 -0.3013
vn 0.0856 0.9577 -0.2749
vn -0.1654 0.9445 -0.2837
vn 0.0834 0.9678 -0.2375
vn -0.1021 0.9621 -0.2530
vn 0.0810 0.9794 -0.1849
vn -0.0355 0.9763 -0.2133
vn 0.0768 0.9888 -0.1277
vn -0.0413 0.9872 -0.1540
vn 0.0724 0.9959 -0.0539
vn 0.0147 0.9964 -0.0841
vn 0.0821 0.9966 -0.0032
vn 0.0518 0.9984 -0.0240
vn 0.0889 0.9957 0.0248
vn 0.0515 0.9976 0.0474
vn 0.0861 0.9887 0.1230
vn 0.0017 0.9815 0.1917
vn 0.0790 0.9401 0.3317
vn 0.0222 0.9190 0.3936
vn 0.0542 0.7709 0.6347
vn 0.0026 0.7189 0.6951
vn 0.0186 0.3973 0.9175
vn -0.0215 0.3591 0.9331
vn 0.0001 0.4583 0.8888
vn -0.8960 0.3819 -0.2268
vn -0.7991 0.5475 -0.2482
vn -0.8266 0.5251 -0.2026
vn -0.8944 0.4076 -0.1841
vn -0.8415 0.5147 -0.1643
vn -0.9262 0.3539 -0.1300
vn -0.8476 0.5203 -0.1043
vn -0.9464 0.3158 -0.0678
vn -0.8395 0.5425 -0.0317
vn -0.9545 0.2980 -0.0064
vn -0.8152 0.5777 0.0416
vn -0.9562 0.2863 0.0611
vn -0.8062 0.5704 0.1572
vn -0.9495 0.2691 0.1613
vn -0.8038 0.5358 0.2586
vn -0.9365 0.2535 0.2424
vn -0.6997 0.6042 0.3812
vn -0.4773 0.8515 -0.2169
vn -0.5255 0.8127 -0.2516
vn -0.5355 0.7963 -0.2813
vn -0.4739 0.8694 -0.1396
vn -0.4010 0.9132 -0.0725
vn -0.3339 0.9426 0.0038
vn -0.3265 0.9387 0.1107
vn -0.3714 0.8928 0.2548
vn -0.2330 0.8799 0.4141
vn -0.1901 0.6867 0.7016
vn -0.6178 0.4832 0.6204
vn -0.9365 0.2535 0.2425
vn -0.5802 0.2481 0.7758
vn -0.5996 -0.0419 0.7992
vn -0.1921 0.3429 0.9195
vn -0.9275 -0.3717 0.0390
vn -0.9054 -0.4244 -0.0121
vn -0.8803 -0.4729 -0.0375
vn -0.8441 -0.5327 -0.0609
vn 0.8660 -0.0000 -0.5000
vn 1.0000 -0.0000 -0.0000
vn 0.5000 -0.0000 -0.8660
vn -0.5000 -0.0000 -0.8660
vn 0.8660 -0.0000 0.5000
vn 0.5000 -0.0000 0.8660
vn -0.5000 -0.0000 0.8660
vn -0.8660 -0.0000 0.5000
vn -1.0000 -0.0000 -0.0000
vn -0.8660 -0.0000 -0.5000
vn -0.5000 0.0001 -0.8660
vn -0.0000 -1.0000 -0.0000
vn -0.0717 0.9590 -0.2741
vn -0.0713 0.9575 -0.2796
vn -0.0440 0.9628 -0.2667
vn -0.0416 0.9620 -0.2700
vn -0.0511 0.9681 -0.2453
vn -0.0721 0.9646 -0.2538
vn -0.0589 0.9796 -0.1921
vn -0.0789 0.9736 -0.2143
vn -0.0701 0.9902 -0.1209
vn -0.1016 0.9813 -0.1635
vn -0.0849 0.9954 -0.0446
vn -0.1338 0.9863 -0.0968
vn -0.1093 0.9926 0.0519
vn -0.1767 0.9842 -0.0148
vn -0.1399 0.9833 0.1161
vn -0.2151 0.9742 0.0684
vn -0.1578 0.9757 0.1522
vn -0.2271 0.9577 0.1769
vn -0.1862 0.9444 0.2711
vn -0.2356 0.9076 0.3474
vn -0.2360 0.8363 0.4949
vn -0.2612 0.7782 0.5711
vn -0.2814 0.6017 0.7475
vn -0.2899 0.5368 0.7924
vn -0.3015 0.2513 0.9198
vn -0.3024 0.2213 0.9271
vn -0.2983 -0.0578 0.9527
vn -0.2988 0.0507 0.9530
vn -0.0350 0.9898 0.1384
vn -0.0142 0.9985 0.0536
vn 0.0119 0.9981 -0.0597
vn 0.0231 0.9922 -0.1225
vn 0.0309 0.9835 -0.1784
vn 0.0339 0.9753 -0.2185
vn 0.0328 0.9713 -0.2355
vn 0.0297 0.9736 -0.2261
vn 0.1204 0.9524 -0.2802
vn 0.1183 0.9537 -0.2764
vn -0.0109 0.9546 -0.2977
vn 0.1178 0.9601 -0.2537
vn -0.1130 0.9559 -0.2711
vn 0.1120 0.9736 -0.1987
vn -0.0567 0.9720 -0.2281
vn 0.0999 0.9876 -0.1211
vn -0.0007 0.9854 -0.1702
vn 0.0818 0.9960 -0.0371
vn -0.0242 0.9967 -0.0772
vn 0.0545 0.9962 0.0686
vn 0.0071 0.9997 0.0240
vn 0.0452 0.9888 0.1420
vn 0.0224 0.9933 0.1132
vn 0.0402 0.9828 0.1800
vn -0.0069 0.9758 0.2187
vn -0.0046 0.9515 0.3077
vn -0.1097 0.9089 0.4023
vn -0.0918 0.8316 0.5477
vn -0.1605 0.7709 0.6165
vn -0.1985 0.5765 0.7926
vn -0.2494 0.4986 0.8302
vn -0.2768 0.2281 0.9335
vn -0.3034 0.1884 0.9340
vn -0.2949 -0.1191 0.9481
vn -0.3134 -0.1093 0.9433
vn -0.0467 0.9841 0.1714
vn -0.0979 0.9372 0.3347
vn -0.1762 0.7891 0.5885
vn -0.2312 0.6141 0.7546
vn -0.2843 0.2953 0.9121
vn -0.2951 -0.1278 0.9469
vn 0.0166 -0.9928 -0.1184
vn 0.0282 -0.9923 -0.1205
vn 0.0171 -0.9926 -0.1206
vn 0.0303 -0.9919 -0.1233
vn 0.0198 -0.9916 -0.1279
vn 0.0244 -0.9943 -0.1036
vn 0.0187 -0.9905 -0.1360
vn -0.1051 -0.9906 -0.0876
vn -0.1198 -0.9813 -0.1509
vn -0.1485 -0.9888 0.0141
vn -0.0040 -1.0000 0.0062
vn -0.1977 -0.9666 0.1634
vn -0.0463 -0.9873 0.1519
vn -0.2178 -0.9067 0.3612
vn -0.1116 -0.9258 0.3613
vn -0.1720 -0.8683 0.4653
vn -0.1406 -0.8784 0.4568
vn -0.3765 -0.9256 -0.0382
vn -0.5478 -0.8235 -0.1479
vn -0.7336 -0.6660 -0.1350
vn -0.5555 -0.8171 -0.1543
vn -0.6050 -0.7866 -0.1237
vn -0.6631 -0.7432 -0.0888
vn -0.7850 -0.6166 0.0591
vn -0.4861 -0.8724 -0.0518
vn -0.8066 -0.5626 0.1812
vn -0.9443 -0.3044 0.1249
vn -0.9266 -0.2816 0.2491
vn -0.9120 -0.2770 0.3025
vn -0.8105 -0.5166 0.2762
vn -0.8897 -0.2661 0.3710
vn -0.7690 -0.5104 0.3848
vn -0.6156 -0.6279 0.4762
vn -0.4669 -0.8804 0.0832
vn -0.5006 -0.8380 0.2172
vn -0.4615 -0.8051 0.3725
vn -0.3323 -0.8113 0.4811
vn -0.2820 -0.3062 0.9093
vn -0.2838 -0.3038 0.9095
vn -0.2861 -0.2818 0.9158
vn -0.3187 -0.2486 0.9147
vn -0.4003 -0.0972 0.9112
vn -0.4113 -0.2164 0.8854
vn -0.6477 -0.0711 0.7585
vn -0.6011 -0.1663 0.7816
vn -0.8563 0.0824 0.5099
vn -0.2805 -0.3063 0.9097
vn -0.8589 0.4393 -0.2633
vn -0.7510 0.6027 -0.2697
vn -0.7937 0.5767 -0.1935
vn -0.8742 0.4518 -0.1779
vn -0.8202 0.5570 -0.1301
vn -0.9199 0.3816 -0.0901
vn -0.8379 0.5450 -0.0301
vn -0.9455 0.3254 0.0079
vn -0.8373 0.5404 0.0827
vn -0.9522 0.2887 0.0997
vn -0.8172 0.5448 0.1877
vn -0.9475 0.2576 0.1892
vn -0.4636 0.8393 -0.2841
vn -0.4676 0.8524 -0.2342
vn -0.4378 0.8822 -0.1734
vn -0.4575 0.8875 -0.0549
vn -0.4045 0.9130 0.0530
vn -0.3616 0.9178 0.1639
vn -0.3829 0.8729 0.3024
vn -0.8076 0.4936 0.3227
vn -0.9277 0.2173 0.3035
vn -0.8017 0.4202 0.4250
vn -0.9042 0.1852 0.3848
vn -0.7142 0.4650 0.5232
vn -0.6525 0.2989 0.6964
vn -0.6311 0.1136 0.7673
vn -0.4494 0.7672 0.4576
vn -0.3684 0.7025 0.6089
vn -0.3793 0.4535 0.8065
vn -0.4016 0.1730 0.8993
vn -0.4003 -0.0971 0.9112
vn -0.9246 -0.3759 0.0611
vn -0.8998 -0.4357 -0.0230
vn -0.8661 -0.4937 -0.0787
vn -0.8137 -0.5662 -0.1314
vn -0.0037 -0.9985 0.0538
vn -0.0037 -0.9986 0.0536
vn -0.0163 -0.9985 0.0532
vn -0.0163 -0.9984 0.0532
vn -0.0550 -0.9744 0.2181
vn -0.0550 -0.9743 0.2182
vn -0.0550 -0.9742 0.2189
vn -0.0672 -0.9737 0.2176
vn -0.0672 -0.9737 0.2177
vn 0.0111 -0.9990 -0.0425
vn 0.0111 -0.9990 -0.0426
vn 0.0140 -0.9999 -0.0041
vn 0.0151 -0.9982 -0.0579
vn 0.0245 -0.9943 -0.1036
vn -0.1292 -0.8813 0.4545
vn -0.1288 -0.8842 0.4490
vn -0.1416 -0.8783 0.4567
vn -0.1415 -0.8784 0.4565
vn 0.1949 0.9808 0.0001
vn 0.1911 0.9816 0.0025
vn 0.3821 0.9241 0.0013
vn 0.3731 0.9278 0.0028
vn 0.4452 0.8954 0.0059
vn 0.5527 0.8334 0.0078
vn 0.5393 0.8421 0.0077
vn 0.5933 0.8049 0.0134
vn 0.7049 0.7091 0.0175
vn 0.6843 0.7291 0.0144
vn 0.7204 0.6932 0.0231
vn 0.8317 0.5549 0.0214
vn 0.8522 0.5225 0.0265
vn 0.9253 0.3784 0.0262
vn 0.9243 0.3813 0.0181
vn 0.9816 0.1903 0.0154
vn 0.9809 0.1941 0.0142
vn 1.0000 0.0041 0.0051
vn 0.9999 -0.0012 0.0107
vn 0.9824 -0.1866 0.0084
vn 0.9806 -0.1958 0.0078
vn 0.9119 -0.4102 0.0109
vn 0.9226 -0.3859 0.0016
vn 0.8208 -0.5712 -0.0044
vn 0.8313 -0.5558 -0.0048
vn 0.6752 -0.7373 -0.0234
vn 0.7093 -0.7048 -0.0151
vn 0.4458 -0.8942 -0.0413
vn 0.5556 -0.8304 -0.0408
vn 0.3142 -0.9477 -0.0561
vn 0.3806 -0.9229 -0.0588
vn 0.1967 -0.9783 -0.0647
vn 0.1937 -0.9791 -0.0626
vn 0.9179 -0.3944 -0.0442
vn 0.7849 -0.6178 -0.0471
vn 0.6367 -0.7684 -0.0649
vn 0.4289 -0.8997 -0.0813
vn 0.3161 -0.9446 -0.0880
vn 0.1960 -0.9768 -0.0866
vn 0.7661 -0.6190 -0.1731
vn 0.9049 -0.3873 -0.1767
vn 0.9877 -0.1487 -0.0475
vn 0.9989 -0.0187 -0.0431
vn 0.9911 0.1304 -0.0256
vn 0.9867 -0.0424 -0.1568
vn 0.9838 0.0826 -0.1588
vn 0.9817 0.1807 -0.0594
vn 0.9769 0.2134 0.0101
vn 0.9891 0.1328 -0.0629
vn 0.9766 0.2075 -0.0571
vn 0.9420 0.3056 -0.1390
vn 0.8803 0.4455 -0.1630
vn 0.9730 -0.1595 -0.1666
vn 0.9359 0.2212 -0.2741
vn 0.9088 0.3512 -0.2253
vn 0.8851 0.4175 -0.2055
vn 0.8553 0.4646 -0.2293
vn 0.7698 0.6192 -0.1549
vn 0.7315 0.6750 -0.0960
vn 0.6996 0.6975 -0.1553
vn 0.5989 0.7997 -0.0415
vn 0.5971 0.7821 -0.1784
vn 0.9507 0.0976 -0.2944
vn 0.9541 -0.0115 -0.2992
vn 0.9318 -0.1808 -0.3147
vn 0.8647 -0.3610 -0.3493
vn 0.7398 -0.5684 -0.3601
vn 0.5884 -0.7265 -0.3550
vn 0.6163 -0.7675 -0.1766
vn 0.4074 -0.8980 -0.1662
vn 0.2989 -0.9405 -0.1614
vn 0.1974 -0.9660 -0.1667
vn 0.4307 -0.8353 -0.3418
vn 0.3035 -0.8972 -0.3210
vn 0.1855 -0.9311 -0.3140
vn 0.4397 -0.7506 -0.4932
vn 0.3088 -0.8191 -0.4834
vn 0.1902 -0.8594 -0.4745
vn 0.2754 -0.7843 -0.5560
vn 0.4281 -0.7175 -0.5494
vn 0.5696 -0.6518 -0.5007
vn 0.6702 -0.5527 -0.4953
vn 0.7757 -0.4207 -0.4704
vn 0.8736 -0.2239 -0.4320
vn 0.9212 -0.0246 -0.3882
vn 0.9269 0.1015 -0.3613
vn 0.9015 0.2586 -0.3469
vn 0.8194 0.4817 -0.3107
vn 0.7063 0.6619 -0.2510
vn 0.5588 0.8098 -0.1791
vn 0.5467 0.8194 -0.1725
vn 0.3764 0.9189 -0.1177
vn 0.3855 0.9157 -0.1132
vn 0.6512 0.7457 -0.1409
vn 0.5153 0.8523 -0.0898
vn 0.2139 0.9753 -0.0558
vn 0.3595 0.9315 -0.0554
vn 0.1907 0.9800 -0.0578
vn 0.7794 0.5914 -0.2066
vn 0.8587 0.4393 -0.2638
vn 0.8983 0.3104 -0.3110
vn 0.9258 0.1367 -0.3523
vn 0.9140 -0.0588 -0.4015
vn 0.8491 -0.2658 -0.4565
vn 0.7446 -0.4434 -0.4990
vn 0.6478 -0.5567 -0.5200
vn 0.5816 -0.6159 -0.5315
vn 0.9340 -0.0819 -0.3478
vn 0.9539 -0.0135 -0.2998
vn 0.8930 -0.2105 -0.3977
vn 0.8292 -0.3419 -0.4423
vn 0.7576 -0.4465 -0.4760
vn 0.6416 -0.5753 -0.5073
vn 0.6103 -0.5988 -0.5187
vn 0.5494 -0.6425 -0.5342
vn 0.3946 -0.7262 -0.5629
vn 0.4498 -0.7073 -0.5454
vn 0.2641 -0.7880 -0.5562
vn 0.3690 -0.7474 -0.5525
vn 0.2796 -0.7504 -0.5990
vn 0.2995 -0.7417 -0.6002
vn 0.2995 -0.7416 -0.6002
vn 0.3209 -0.7359 -0.5961
vn 0.3366 -0.7175 -0.6099
vn 0.3727 -0.6735 -0.6383
vn 0.3626 -0.6518 -0.6661
vn 0.3344 -0.6076 -0.7204
vn 0.3030 -0.5379 -0.7867
vn 0.2882 -0.4282 -0.8565
vn 0.3028 -0.2459 -0.9208
vn 0.3056 -0.1111 -0.9456
vn 0.2705 -0.0519 -0.9613
vn 0.2331 0.0246 -0.9721
vn 0.1723 0.0740 -0.9823
vn 0.9495 0.3119 0.0330
vn 0.8846 0.4651 0.0345
vn 0.9587 0.2827 0.0328
vn 0.9722 0.2323 0.0281
vn 0.2632 0.9618 -0.0758
vn 0.1357 0.9125 0.3860
vn 0.0935 0.8925 0.4413
vn 0.1490 0.9403 0.3058
vn 0.3282 0.9435 -0.0460
vn 0.3380 0.9390 -0.0642
vn 0.4778 0.8784 -0.0011
vn 0.5014 0.8644 0.0386
vn 0.4669 0.8537 0.2307
vn 0.4589 0.8487 0.2630
vn 0.4678 0.8618 0.1961
vn 0.5233 0.8341 0.1747
vn 0.5400 0.8105 0.2271
vn 0.4877 0.8167 0.3085
vn 0.4767 0.8290 0.2926
vn 0.4450 0.8388 0.3138
vn 0.4431 0.8301 0.3385
vn 0.4418 0.8364 0.3245
vn 0.4378 0.8479 0.2992
vn 0.4061 0.8696 0.2808
vn 0.4065 0.8670 0.2882
vn 0.4184 0.8703 0.2598
vn 0.4198 0.8729 0.2484
vn 0.4100 0.9015 0.1385
vn 0.4097 0.9029 0.1298
vn 0.4147 0.9099 -0.0081
vn 0.4122 0.9110 -0.0157
vn 0.3847 0.9189 -0.0869
vn 0.3872 0.9181 -0.0847
vn 0.4200 0.8992 -0.1224
vn 0.4271 0.8968 -0.1153
vn 0.4743 0.8565 -0.2035
vn 0.4800 0.8514 -0.2114
vn 0.4811 0.8397 -0.2518
vn 0.5260 0.8149 -0.2435
vn 0.5214 0.8184 -0.2417
vn 0.4673 0.8400 -0.2757
vn 0.4324 0.8411 -0.3250
vn 0.4951 0.8307 -0.2546
vn 0.5029 0.8453 -0.1805
vn 0.4838 0.8331 -0.2682
vn 0.5183 0.8432 -0.1427
vn 0.4837 0.8730 -0.0630
vn 0.5040 0.8602 -0.0769
vn 0.3577 0.9295 0.0897
vn 0.4637 0.8822 0.0817
vn 0.3379 0.9383 0.0733
vn 0.1380 0.9352 -0.3262
vn 0.1380 0.9290 -0.3434
vn -0.1057 -0.0000 0.9944
vn -0.1007 -0.0000 0.9949
vn -0.2240 -0.0000 0.9746
vn -0.2112 -0.0000 0.9774
vn -0.3505 -0.0000 0.9366
vn -0.3298 -0.0000 0.9441
vn -0.4706 -0.0000 0.8823
vn -0.4506 -0.0000 0.8927
vn -0.6151 -0.0000 0.7884
vn -0.5825 -0.0000 0.8129
vn -0.7356 -0.0000 0.6774
vn -0.7212 -0.0000 0.6928
vn -0.8273 -0.0000 0.5617
vn -0.8085 -0.0000 0.5885
vn -0.8975 -0.0000 0.4410
vn -0.8906 -0.0000 0.4548
vn -0.9389 -0.0000 0.3441
vn -0.9334 -0.0000 0.3588
vn -0.9777 -0.0000 0.2098
vn -0.9737 -0.0000 0.2279
vn -0.9952 -0.0000 0.0978
vn -0.9949 -0.0000 0.1011
vn -0.9992 -0.0000 0.0396
vn -0.9992 -0.0000 0.0397
vn -0.9996 -0.0000 -0.0288
vn -0.9995 -0.0000 -0.0313
vn -0.9963 -0.0000 -0.0865
vn -0.9961 -0.0000 -0.0885
vn -0.9848 -0.0000 -0.1734
vn -0.9824 -0.0000 -0.1865
vn -0.9515 -0.0000 -0.3076
vn -0.9455 -0.0000 -0.3256
vn -0.8608 -0.0000 -0.5089
vn -0.8333 -0.0000 -0.5528
vn -0.6705 -0.0000 -0.7419
vn -0.6292 -0.0000 -0.7773
vn -0.4545 -0.0000 -0.8907
vn -0.4207 -0.0000 -0.9072
vn -0.2676 -0.0000 -0.9635
vn -0.2487 -0.0000 -0.9686
vn -0.1078 -0.0000 -0.9942
vn -0.1004 -0.0000 -0.9949
vn 0.1913 0.9626 -0.1918
vn 0.1874 0.9430 -0.2751
vn 0.3756 0.9067 -0.1918
vn 0.3679 0.8882 -0.2751
vn 0.5453 0.8160 -0.1918
vn 0.5341 0.7994 -0.2751
vn 0.6940 0.6940 -0.1917
vn 0.6798 0.6798 -0.2750
vn 0.8160 0.5453 -0.1917
vn 0.7994 0.5341 -0.2750
vn 0.9067 0.3756 -0.1917
vn 0.8883 0.3679 -0.2749
vn 0.9626 0.1915 -0.1916
vn 0.9430 0.1876 -0.2749
vn 0.9815 -0.0000 -0.1916
vn 0.9615 -0.0000 -0.2748
vn 0.9626 -0.1915 -0.1916
vn 0.9430 -0.1876 -0.2748
vn 0.9068 -0.3756 -0.1915
vn 0.8883 -0.3680 -0.2747
vn 0.8161 -0.5453 -0.1915
vn 0.7995 -0.5342 -0.2747
vn 0.7009 -0.6871 -0.1915
vn 0.6868 -0.6730 -0.2746
vn 0.5533 -0.8106 -0.1921
vn 0.5422 -0.7938 -0.2756
vn 0.3755 -0.9066 -0.1922
vn 0.3679 -0.8880 -0.2758
vn 0.1913 -0.9625 -0.1923
vn 0.1874 -0.9428 -0.2758
vn 0.9223 -0.3820 0.0589
vn 0.9791 -0.1947 0.0590
vn 0.9983 -0.0000 0.0590
vn 0.9791 0.1948 0.0590
vn 0.9223 0.3820 0.0590
vn 0.8300 0.5546 0.0590
vn 0.7059 0.7059 0.0590
vn 0.5546 0.8300 0.0590
vn 0.3820 0.9223 0.0590
vn 0.1946 0.9791 0.0590
vn 0.1773 0.8921 0.4157
vn 0.3481 0.8403 0.4157
vn 0.5053 0.7562 0.4157
vn 0.6431 0.6431 0.4157
vn 0.7562 0.5053 0.4156
vn 0.1213 0.6105 0.7827
vn 0.2382 0.5750 0.7827
vn 0.3458 0.5175 0.7827
vn 0.4401 0.4401 0.7827
vn 0.5175 0.3458 0.7827
vn 0.8403 0.3481 0.4156
vn 0.8921 0.1774 0.4156
vn 0.9096 -0.0000 0.4156
vn 0.8921 -0.1774 0.4155
vn 0.8404 -0.3481 0.4155
vn 0.8300 -0.5546 0.0589
vn 0.7128 -0.6989 0.0590
vn 0.5628 -0.8245 0.0589
vn 0.3820 -0.9223 0.0590
vn 0.1946 -0.9791 0.0590
vn 0.7563 -0.5054 0.4154
vn 0.6494 -0.6367 0.4158
vn 0.5129 -0.7512 0.4156
vn 0.3479 -0.8401 0.4161
vn 0.1773 -0.8919 0.4161
vn 0.5177 -0.3460 0.7825
vn 0.5752 -0.2383 0.7826
vn 0.6106 -0.1215 0.7826
vn 0.6225 -0.0000 0.7826
vn 0.6105 0.1214 0.7827
vn 0.5750 0.2382 0.7827
vn 0.3514 -0.5144 0.7822
vn 0.4440 -0.4352 0.7833
vn 0.2379 -0.5746 0.7831
vn 0.1212 -0.6100 0.7831
vn 0.0103 -0.0516 0.9986
vn 0.0201 -0.0486 0.9986
vn 0.0375 -0.0367 0.9986
vn 0.0300 -0.0437 0.9986
vn 0.0528 -0.0000 0.9986
vn 0.0488 -0.0202 0.9986
vn 0.0439 -0.0294 0.9986
vn 0.0517 -0.0103 0.9986
vn 0.0373 0.0373 0.9986
vn 0.0487 0.0202 0.9986
vn 0.0517 0.0103 0.9986
vn 0.0438 0.0293 0.9986
vn 0.0202 0.0487 0.9986
vn 0.0293 0.0438 0.9986
vn 0.0103 0.0517 0.9986
vn 0.0485 0.2439 0.9686
vn 0.1213 0.6104 0.7827
vn 0.0951 0.2297 0.9686
vn 0.1381 0.2067 0.9686
vn 0.1758 0.1758 0.9686
vn 0.2067 0.1381 0.9686
vn 0.2297 0.0952 0.9686
vn 0.2439 0.0485 0.9686
vn 0.2487 -0.0000 0.9686
vn 0.2440 -0.0485 0.9686
vn 0.5752 -0.2383 0.7825
vn 0.2299 -0.0952 0.9686
vn 0.5177 -0.3459 0.7825
vn 0.2069 -0.1383 0.9685
vn 0.1772 -0.1736 0.9688
vn 0.1407 -0.2057 0.9685
vn 0.0949 -0.2294 0.9687
vn 0.0484 -0.2435 0.9687
vn 0.9625 0.1946 -0.1893
vn 0.7354 0.6670 -0.1195
vn 0.9671 0.0560 -0.2483
vn 0.2124 0.9755 -0.0567
vn -0.1176 0.9498 -0.2898
vn -0.1306 0.9483 -0.2893
vn -0.1318 0.9472 -0.2925
vn -0.0180 0.3524 0.9357
vn -0.0006 -0.1650 0.9863
vn 0.0018 0.1337 0.9910
vn -0.0892 0.9960 -0.0038
vn -0.0788 0.9954 -0.0543
vn -0.0160 0.9964 -0.0837
vn 0.0447 0.9870 -0.1541
vn -0.0839 0.9882 -0.1282
vn 0.0387 0.9763 -0.2130
vn -0.0885 0.9787 -0.1853
vn 0.1109 0.9613 -0.2524
vn -0.0910 0.9671 -0.2376
vn 0.1784 0.9425 -0.2826
vn -0.0933 0.9570 -0.2748
vn -0.0106 0.9534 -0.3014
vn -0.1014 0.9510 -0.2921
vn -0.1060 0.9498 -0.2943
vn -0.0562 0.9981 -0.0238
vn -0.0962 0.9951 0.0243
vn -0.0558 0.9973 0.0471
vn -0.0929 0.9881 0.1230
vn -0.0019 0.9814 0.1918
vn -0.0852 0.9396 0.3316
vn -0.0242 0.9192 0.3931
vn -0.0585 0.7708 0.6344
vn -0.0027 0.7190 0.6950
vn -0.0200 0.3971 0.9175
vn 0.0233 0.3592 0.9330
vn -0.0006 -0.0923 0.9957
vn 0.0332 -0.0826 0.9960
vn 0.2060 0.3422 0.9168
vn 0.2038 0.6851 0.6993
vn 0.6392 0.4747 0.6050
vn 0.7182 0.5900 0.3688
vn 0.9136 0.1354 0.3833
vn 0.9448 0.2365 0.2268
vn 0.6037 0.2432 0.7592
vn 0.6208 -0.0411 0.7829
vn 0.2481 0.8770 0.4116
vn 0.8218 0.5135 0.2467
vn 0.9448 0.2364 0.2269
vn 0.9564 0.2504 0.1507
vn 0.8232 0.5477 0.1492
vn 0.9624 0.2657 0.0570
vn 0.8324 0.5528 0.0391
vn 0.9611 0.2762 -0.0058
vn 0.8566 0.5151 -0.0301
vn 0.9542 0.2925 -0.0627
vn 0.8651 0.4918 -0.0984
vn 0.9369 0.3282 -0.1203
vn 0.8608 0.4849 -0.1543
vn 0.9095 0.3791 -0.1709
vn 0.8482 0.4944 -0.1899
vn 0.9113 0.3544 -0.2098
vn 0.8224 0.5187 -0.2336
vn 0.5687 0.7758 -0.2732
vn 0.5543 0.7953 -0.2456
vn 0.5021 0.8382 -0.2129
vn 0.4989 0.8558 -0.1367
vn 0.4225 0.9035 -0.0720
vn 0.3530 0.9356 0.0033
vn 0.3452 0.9322 0.1092
vn 0.3924 0.8847 0.2516
vn 0.0013 -0.9951 0.0992
vn 0.0005 -0.9807 0.1956
vn 0.0006 -0.9397 0.3421
vn 0.1635 -0.9650 0.2048
vn 0.1512 -0.9830 0.1042
vn 0.0011 -0.9994 0.0352
vn 0.1328 -0.9904 0.0371
vn 0.0006 -1.0000 0.0084
vn 0.1065 -0.9943 0.0002
vn 0.1271 -0.9276 0.3512
vn 0.0459 -0.9011 0.4313
vn -0.0006 -0.9027 0.4302
vn 0.4052 -0.9126 0.0550
vn 0.6249 -0.7802 -0.0288
vn 0.8043 -0.5928 -0.0424
vn 0.6213 -0.7828 -0.0353
vn 0.6583 -0.7524 -0.0228
vn 0.7058 -0.7084 -0.0087
vn 0.8032 -0.5916 0.0700
vn 0.4948 -0.8683 0.0346
vn 0.8247 -0.5463 0.1466
vn 0.9579 -0.2778 0.0728
vn 0.9456 -0.2795 0.1668
vn 0.9366 -0.2791 0.2121
vn 0.8208 -0.5264 0.2218
vn 0.4729 -0.8716 0.1294
vn 0.4807 -0.8471 0.2267
vn 0.7723 -0.5461 0.3247
vn 0.9163 -0.2787 0.2876
vn 0.9366 -0.2791 0.2120
vn 0.5807 -0.6925 0.4280
vn 0.4012 -0.8472 0.3481
vn 0.2292 -0.8680 0.4404
vn 0.9376 -0.3458 0.0363
vn 0.9184 -0.3955 -0.0111
vn 0.8966 -0.4416 -0.0347
vn 0.8647 -0.4991 -0.0567
vn -0.0761 0.9651 -0.2505
vn -0.0753 0.9671 -0.2429
vn -0.0207 0.9697 -0.2436
vn -0.0802 0.9534 -0.2908
vn 0.0893 0.9615 -0.2599
vn 0.0969 0.9582 -0.2691
vn 0.0924 0.9721 -0.2154
vn 0.0920 0.9736 -0.2087
vn 0.1023 0.9726 -0.2086
vn 0.1167 0.9711 -0.2083
vn 0.1402 0.9627 -0.2313
vn 0.0017 -0.3298 0.9440
vn 0.0514 -0.2990 0.9529
vn 0.1962 -0.0682 0.9782
vn 0.2133 -0.2622 0.9412
vn 0.6208 -0.0410 0.7829
vn 0.5559 -0.1916 0.8089
vn -0.0015 -1.0000 0.0081
vn 0.0003 -1.0000 0.0083
vn 0.0007 -1.0000 0.0085
vn -0.0007 -1.0000 0.0084
vn -0.0003 -1.0000 0.0085
vn -0.0001 -0.9994 0.0349
vn -0.0008 -1.0000 0.0083
vn 0.0014 -1.0000 0.0082
vn 0.1321 0.9441 -0.3021
vn 0.1293 0.9452 -0.2998
vn -0.0826 -0.0000 -0.9966
vn -0.1568 -0.0000 -0.9876
vn -0.1649 -0.0000 -0.9863
vn -0.2460 -0.0000 -0.9693
vn -0.3263 -0.0000 -0.9453
vn -0.3167 -0.0000 -0.9485
vn -0.4041 -0.0000 -0.9147
vn -0.4803 -0.0000 -0.8771
vn -0.4776 -0.0000 -0.8786
vn -0.5527 -0.0000 -0.8334
vn -0.6228 -0.0000 -0.7824
vn -0.6171 -0.0000 -0.7869
vn -0.6877 -0.0000 -0.7260
vn -0.7437 -0.0000 -0.6686
vn -0.7490 -0.0000 -0.6626
vn -0.8042 -0.0000 -0.5944
vn -0.8543 -0.0000 -0.5198
vn -0.8480 -0.0000 -0.5299
vn -0.8972 -0.0000 -0.4417
vn -0.8972 -0.0000 -0.4416
vn 0.1243 0.9444 -0.3044
vn 0.0911 0.9508 -0.2960
vn 0.1222 0.9438 -0.3071
vn 0.0879 0.9508 -0.2970
vn 0.0982 0.9551 -0.2795
vn 0.1241 0.9492 -0.2893
vn 0.0995 0.9657 -0.2400
vn 0.1247 0.9579 -0.2586
vn 0.0997 0.9772 -0.1875
vn 0.1390 0.9659 -0.2185
vn 0.0995 0.9864 -0.1309
vn 0.1568 0.9736 -0.1658
vn 0.0998 0.9934 -0.0573
vn 0.1788 0.9788 -0.1001
vn 0.1119 0.9937 -0.0066
vn 0.1954 0.9801 -0.0336
vn 0.1148 0.9931 0.0233
vn 0.1771 0.9828 0.0516
vn 0.1037 0.9870 0.1230
vn 0.1350 0.9711 0.1969
vn 0.0878 0.9392 0.3319
vn 0.0931 0.9021 0.4213
vn 0.0572 0.7707 0.6347
vn 0.0517 0.7056 0.7068
vn 0.0191 0.3973 0.9175
vn 0.0167 0.3531 0.9354
vn 0.0007 -0.0895 0.9960
vn -0.0002 0.4583 0.8888
vn -0.1118 0.9937 -0.0022
vn -0.0997 0.9936 -0.0534
vn -0.1790 0.9795 -0.0919
vn -0.1570 0.9748 -0.1587
vn -0.0994 0.9869 -0.1271
vn -0.1392 0.9672 -0.2125
vn -0.0997 0.9779 -0.1838
vn -0.1249 0.9593 -0.2534
vn -0.0997 0.9666 -0.2362
vn -0.1242 0.9506 -0.2844
vn -0.0984 0.9562 -0.2758
vn -0.1245 0.9459 -0.2997
vn -0.0912 0.9519 -0.2926
vn -0.1224 0.9452 -0.3026
vn -0.0873 0.9519 -0.2936
vn -0.1954 0.9804 -0.0248
vn -0.1148 0.9930 0.0279
vn -0.1766 0.9825 0.0599
vn -0.1040 0.9864 0.1272
vn -0.1344 0.9697 0.2041
vn -0.0880 0.9381 0.3351
vn -0.0925 0.8994 0.4273
vn -0.0573 0.7695 0.6361
vn -0.0513 0.7020 0.7103
vn -0.0192 0.3969 0.9177
vn -0.0165 0.3510 0.9362
vn -0.0007 -0.0890 0.9960
vn 0.0191 0.3971 0.9176
vn 0.0515 0.7045 0.7079
vn 0.0572 0.7703 0.6351
vn 0.0929 0.9013 0.4231
vn 0.0879 0.9389 0.3329
vn 0.1348 0.9707 0.1991
vn 0.1038 0.9868 0.1243
vn 0.1770 0.9827 0.0542
vn 0.1148 0.9931 0.0248
vn 0.1954 0.9802 -0.0309
vn 0.1119 0.9937 -0.0052
vn 0.1788 0.9790 -0.0975
vn 0.0998 0.9934 -0.0561
vn 0.1569 0.9740 -0.1636
vn 0.0994 0.9865 -0.1297
vn 0.1390 0.9663 -0.2166
vn 0.0997 0.9774 -0.1863
vn 0.1248 0.9583 -0.2570
vn 0.0996 0.9659 -0.2388
vn 0.1241 0.9496 -0.2878
vn 0.0982 0.9554 -0.2783
vn 0.1244 0.9449 -0.3030
vn 0.0911 0.9512 -0.2949
vn 0.1223 0.9442 -0.3057
vn 0.0877 0.9512 -0.2959
vn 0.0001 0.9646 -0.2639
vn -0.0001 0.9982 -0.0598
vn -0.0001 0.4583 0.8888
vn -0.0724 0.9959 -0.0539
vn -0.0768 0.9888 -0.1277
vn 0.0413 0.9872 -0.1540
vn 0.0355 0.9763 -0.2133
vn -0.0810 0.9794 -0.1849
vn 0.1021 0.9621 -0.2530
vn -0.0834 0.9678 -0.2375
vn 0.1654 0.9445 -0.2837
vn -0.0856 0.9577 -0.2749
vn -0.0039 0.9535 -0.3013
vn -0.0926 0.9519 -0.2922
vn -0.0147 0.9964 -0.0841
vn -0.0821 0.9966 -0.0032
vn -0.0518 0.9984 -0.0240
vn -0.0889 0.9957 0.0248
vn -0.0515 0.9976 0.0474
vn -0.0861 0.9887 0.1230
vn -0.0017 0.9815 0.1917
vn -0.0790 0.9401 0.3317
vn -0.0222 0.9190 0.3936
vn -0.0542 0.7709 0.6347
vn -0.0026 0.7189 0.6951
vn -0.0186 0.3973 0.9175
vn 0.0215 0.3591 0.9331
vn 0.0306 -0.0826 0.9961
vn 0.1825 -0.0687 0.9808
vn 0.1921 0.3429 0.9195
vn 0.5802 0.2481 0.7758
vn 0.6178 0.4832 0.6204
vn 0.9022 0.1458 0.4060
vn 0.6997 0.6042 0.3812
vn 0.9365 0.2535 0.2425
vn 0.5997 -0.0419 0.7992
vn 0.1901 0.6867 0.7016
vn 0.2330 0.8799 0.4141
vn 0.8038 0.5358 0.2586
vn 0.9365 0.2535 0.2424
vn 0.9495 0.2691 0.1613
vn 0.8062 0.5704 0.1572
vn 0.9562 0.2863 0.0611
vn 0.8152 0.5777 0.0416
vn 0.9545 0.2980 -0.0064
vn 0.8395 0.5425 -0.0317
vn 0.9464 0.3158 -0.0678
vn 0.8476 0.5203 -0.1043
vn 0.9262 0.3539 -0.1300
vn 0.8415 0.5147 -0.1643
vn 0.8944 0.4076 -0.1841
vn 0.8266 0.5251 -0.2026
vn 0.8960 0.3819 -0.2268
vn 0.7991 0.5475 -0.2482
vn 0.5355 0.7963 -0.2813
vn 0.5255 0.8127 -0.2516
vn 0.4773 0.8515 -0.2169
vn 0.4739 0.8694 -0.1396
vn 0.4010 0.9132 -0.0725
vn 0.3339 0.9426 0.0038
vn 0.3265 0.9387 0.1107
vn 0.3714 0.8928 0.2548
vn -0.0019 -1.0000 0.0081
vn -0.0001 -0.9994 0.0344
vn 0.0010 -0.9994 0.0352
vn 0.1233 -0.9917 0.0369
vn 0.1016 -0.9948 -0.0003
vn 0.1406 -0.9846 0.1042
vn 0.0012 -0.9951 0.0992
vn 0.1522 -0.9668 0.2053
vn 0.0004 -0.9807 0.1956
vn 0.1178 -0.9287 0.3516
vn 0.0420 -0.9014 0.4310
vn 0.3800 -0.9233 0.0554
vn 0.5945 -0.8035 -0.0312
vn 0.7771 -0.6277 -0.0453
vn 0.5960 -0.8021 -0.0380
vn 0.6348 -0.7723 -0.0247
vn 0.6833 -0.7301 -0.0097
vn 0.7864 -0.6133 0.0737
vn 0.4899 -0.8711 0.0349
vn 0.8066 -0.5704 0.1547
vn 0.9510 -0.2994 0.0780
vn 0.9371 -0.2999 0.1784
vn 0.9271 -0.2989 0.2262
vn 0.8024 -0.5496 0.2328
vn 0.4466 -0.8850 0.1315
vn 0.4539 -0.8609 0.2299
vn 0.7524 -0.5653 0.3382
vn 0.9047 -0.2973 0.3052
vn 0.5566 -0.7062 0.4376
vn 0.3768 -0.8569 0.3518
vn 0.2137 -0.8714 0.4416
vn 0.0006 -0.0896 0.9960
vn 0.0007 -0.0922 0.9957
vn 0.0016 -0.3300 0.9440
vn 0.0479 -0.2988 0.9531
vn 0.2005 -0.2627 0.9438
vn 0.5367 -0.1948 0.8210
vn 0.0001 0.9621 -0.2726
vn 0.0003 0.9646 -0.2639
vn -0.0001 0.9897 -0.1430
vn 0.9275 -0.3717 0.0390
vn 0.9054 -0.4244 -0.0121
vn 0.8803 -0.4729 -0.0375
vn 0.8441 -0.5327 -0.0609
vn 0.5000 -0.0001 -0.8660
vn 0.5000 0.0001 -0.8660
vn 0.0416 0.9620 -0.2700
vn 0.0713 0.9575 -0.2796
vn 0.0440 0.9628 -0.2667
vn 0.0717 0.9590 -0.2741
vn 0.0511 0.9681 -0.2453
vn 0.0721 0.9646 -0.2538
vn 0.0589 0.9796 -0.1921
vn 0.0789 0.9736 -0.2143
vn 0.0701 0.9902 -0.1209
vn 0.1016 0.9813 -0.1635
vn 0.0849 0.9954 -0.0446
vn 0.1338 0.9863 -0.0968
vn 0.1093 0.9926 0.0519
vn 0.1767 0.9842 -0.0148
vn 0.1399 0.9833 0.1161
vn 0.2151 0.9742 0.0684
vn 0.1578 0.9757 0.1522
vn 0.2271 0.9577 0.1769
vn 0.1862 0.9444 0.2711
vn 0.2356 0.9076 0.3474
vn 0.2360 0.8363 0.4949
vn 0.2612 0.7782 0.5711
vn 0.2814 0.6017 0.7475
vn 0.2899 0.5368 0.7924
vn 0.3015 0.2513 0.9198
vn 0.3024 0.2213 0.9271
vn 0.2983 -0.0578 0.9527
vn 0.2988 0.0507 0.9530
vn 0.0350 0.9898 0.1384
vn 0.0467 0.9841 0.1714
vn 0.0979 0.9372 0.3347
vn 0.1762 0.7891 0.5885
vn 0.2312 0.6141 0.7546
vn 0.2843 0.2953 0.9121
vn 0.2951 -0.1278 0.9469
vn -0.0452 0.9888 0.1420
vn -0.0545 0.9962 0.0686
vn -0.0071 0.9997 0.0240
vn 0.0242 0.9967 -0.0772
vn -0.0818 0.9960 -0.0371
vn 0.0007 0.9854 -0.1702
vn -0.0999 0.9876 -0.1211
vn 0.0567 0.9720 -0.2281
vn -0.1120 0.9736 -0.1987
vn 0.1130 0.9559 -0.2711
vn -0.1178 0.9601 -0.2537
vn 0.0109 0.9546 -0.2977
vn -0.1183 0.9537 -0.2764
vn -0.1204 0.9524 -0.2802
vn -0.0224 0.9933 0.1132
vn -0.0402 0.9828 0.1800
vn 0.0069 0.9758 0.2187
vn 0.0046 0.9515 0.3077
vn 0.1097 0.9089 0.4023
vn 0.0918 0.8316 0.5477
vn 0.1605 0.7709 0.6165
vn 0.1985 0.5765 0.7926
vn 0.2494 0.4986 0.8302
vn 0.2768 0.2281 0.9335
vn 0.3034 0.1884 0.9340
vn 0.2949 -0.1191 0.9481
vn 0.3134 -0.1093 0.9433
vn -0.0328 0.9713 -0.2355
vn -0.0297 0.9736 -0.2261
vn -0.0339 0.9753 -0.2185
vn -0.0309 0.9835 -0.1784
vn -0.0231 0.9922 -0.1225
vn -0.0119 0.9981 -0.0597
vn 0.0142 0.9985 0.0536
vn -0.0303 -0.9919 -0.1233
vn -0.0282 -0.9923 -0.1205
vn -0.0171 -0.9926 -0.1206
vn -0.0166 -0.9928 -0.1184
vn -0.0198 -0.9916 -0.1279
vn -0.0244 -0.9943 -0.1036
vn -0.0187 -0.9905 -0.1360
vn 0.1051 -0.9906 -0.0876
vn 0.1198 -0.9813 -0.1509
vn 0.1485 -0.9888 0.0141
vn 0.0040 -1.0000 0.0062
vn 0.1977 -0.9666 0.1634
vn 0.0463 -0.9873 0.1519
vn 0.2178 -0.9067 0.3612
vn 0.1116 -0.9258 0.3613
vn 0.1720 -0.8683 0.4653
vn 0.1406 -0.8784 0.4568
vn 0.3765 -0.9256 -0.0382
vn 0.5478 -0.8235 -0.1479
vn 0.7336 -0.6660 -0.1350
vn 0.5555 -0.8171 -0.1543
vn 0.6050 -0.7866 -0.1237
vn 0.6631 -0.7432 -0.0888
vn 0.7851 -0.6166 0.0591
vn 0.4861 -0.8724 -0.0518
vn 0.8066 -0.5626 0.1812
vn 0.9443 -0.3043 0.1249
vn 0.9266 -0.2816 0.2491
vn 0.9120 -0.2770 0.3025
vn 0.8105 -0.5166 0.2762
vn 0.8897 -0.2661 0.3710
vn 0.7690 -0.5104 0.3848
vn 0.6156 -0.6279 0.4762
vn 0.4669 -0.8804 0.0832
vn 0.5006 -0.8380 0.2172
vn 0.4615 -0.8051 0.3725
vn 0.3323 -0.8113 0.4811
vn 0.2838 -0.3038 0.9095
vn 0.2820 -0.3062 0.9093
vn 0.2861 -0.2818 0.9158
vn 0.3187 -0.2486 0.9147
vn 0.4003 -0.0972 0.9112
vn 0.4113 -0.2164 0.8854
vn 0.6477 -0.0711 0.7585
vn 0.6011 -0.1663 0.7816
vn 0.8563 0.0824 0.5099
vn 0.2805 -0.3063 0.9097
vn 0.7510 0.6027 -0.2697
vn 0.8589 0.4393 -0.2633
vn 0.7937 0.5767 -0.1935
vn 0.8742 0.4518 -0.1779
vn 0.8202 0.5570 -0.1301
vn 0.9199 0.3816 -0.0901
vn 0.8379 0.5450 -0.0301
vn 0.9455 0.3254 0.0079
vn 0.8373 0.5404 0.0827
vn 0.9522 0.2887 0.0997
vn 0.8172 0.5448 0.1877
vn 0.9475 0.2576 0.1892
vn 0.4636 0.8393 -0.2841
vn 0.4676 0.8524 -0.2342
vn 0.4378 0.8822 -0.1734
vn 0.4575 0.8875 -0.0549
vn 0.4045 0.9130 0.0530
vn 0.3616 0.9178 0.1639
vn 0.3829 0.8729 0.3024
vn 0.8076 0.4936 0.3227
vn 0.9277 0.2173 0.3035
vn 0.8017 0.4202 0.4250
vn 0.9042 0.1852 0.3848
vn 0.7142 0.4650 0.5232
vn 0.6525 0.2989 0.6964
vn 0.6311 0.1136 0.7673
vn 0.4494 0.7672 0.4576
vn 0.3684 0.7025 0.6089
vn 0.3793 0.4535 0.8065
vn 0.4016 0.1730 0.8993
vn 0.4003 -0.0971 0.9112
vn 0.9246 -0.3759 0.0611
vn 0.9443 -0.3044 0.1249
vn 0.8998 -0.4357 -0.0230
vn 0.8661 -0.4937 -0.0787
vn 0.8137 -0.5662 -0.1314
vn 0.0037 -0.9986 0.0536
vn 0.0037 -0.9985 0.0538
vn 0.0162 -0.9985 0.0526
vn 0.0163 -0.9984 0.0532
vn 0.0550 -0.9742 0.2189
vn 0.0550 -0.9741 0.2191
vn 0.0550 -0.9744 0.2181
vn 0.0670 -0.9739 0.2168
vn 0.0672 -0.9737 0.2177
vn -0.0140 -0.9999 -0.0041
vn -0.0111 -0.9990 -0.0425
vn -0.0130 -0.9990 -0.0423
vn -0.0245 -0.9943 -0.1036
vn 0.1288 -0.8842 0.4490
vn 0.1288 -0.8842 0.4491
vn 0.1287 -0.8842 0.4490
vn 0.1292 -0.8813 0.4545
vn 0.1416 -0.8783 0.4567
vn 0.1417 -0.8782 0.4567
vn -0.9230 0.3197 0.2143
vn -0.9247 0.3161 0.2119
vn -1.0000 0.0021 0.0014
vn -1.0000 -0.0021 -0.0014
vn -0.7083 0.5864 0.3930
vn -0.7058 0.5885 0.3944
vn -0.3835 0.7672 0.5142
vn -0.3817 0.7678 0.5146
vn -0.9247 -0.3161 -0.2119
vn -0.9230 -0.3197 -0.2143
vn -0.7083 -0.5864 -0.3930
vn -0.7058 -0.5885 -0.3944
vn -0.3835 -0.7672 -0.5142
vn -0.3817 -0.7678 -0.5146
vn -0.0000 -0.8307 -0.5567
vn 0.3835 -0.7672 -0.5142
vn 0.3817 -0.7678 -0.5146
vn 0.7083 -0.5864 -0.3930
vn 0.7058 -0.5885 -0.3944
vn 0.9247 -0.3161 -0.2119
vn 0.9230 -0.3197 -0.2143
vn 1.0000 0.0021 0.0014
vn 1.0000 -0.0021 -0.0014
vn 0.9230 0.3197 0.2143
vn 0.9247 0.3161 0.2119
vn 0.7058 0.5885 0.3944
vn 0.7083 0.5864 0.3930
vn 0.3817 0.7678 0.5146
vn 0.3835 0.7672 0.5142
vn -0.0000 0.8307 0.5567
vn -0.0000 0.5736 -0.8192
vn -0.4562 -0.3440 0.8207
vn -0.6971 -0.1398 0.7032
vn -0.4938 -0.4988 0.7123
vn -0.7546 -0.3764 0.5375
vn -0.5336 0.0607 0.8436
vn -0.3491 -0.2128 0.9126
vn -0.2888 0.1947 0.9374
vn -0.1890 -0.1251 0.9740
vn -0.0000 0.2417 0.9703
vn -0.0000 -0.0943 0.9955
vn -0.4562 -0.6536 0.6040
vn -0.6971 -0.6129 0.3719
vn -0.3491 -0.7848 0.5121
vn -0.5336 -0.8135 0.2315
vn -0.1890 -0.8725 0.4507
vn -0.2888 -0.9475 0.1377
vn -0.0000 -0.9032 0.4291
vn -0.0000 -0.9945 0.1047
vn 0.1890 -0.8725 0.4507
vn 0.2888 -0.9475 0.1377
vn 0.3491 -0.7848 0.5121
vn 0.5336 -0.8135 0.2315
vn 0.4562 -0.6536 0.6040
vn 0.6971 -0.6129 0.3719
vn 0.4938 -0.4988 0.7123
vn 0.7546 -0.3764 0.5375
vn 0.4562 -0.3440 0.8207
vn 0.6971 -0.1398 0.7032
vn 0.3491 -0.2128 0.9126
vn 0.5336 0.0607 0.8436
vn 0.1890 -0.1251 0.9740
vn 0.2888 0.1947 0.9374
vn 0.3744 0.6220 0.6877
vn -0.0000 0.6830 0.7304
vn 0.6919 0.4482 0.5661
vn 0.9039 0.1882 0.3840
vn 0.9784 -0.1185 0.1692
vn 0.9039 -0.4252 -0.0455
vn 0.6919 -0.6852 -0.2276
vn 0.3744 -0.8590 -0.3493
vn -0.0000 -0.9200 -0.3920
vn -0.3744 -0.8590 -0.3493
vn -0.6919 -0.6852 -0.2276
vn -0.9039 -0.4252 -0.0455
vn -0.9784 -0.1185 0.1692
vn -0.9039 0.1882 0.3840
vn -0.6919 0.4482 0.5661
vn -0.3744 0.6220 0.6877
vn -0.9039 0.4252 0.0455
vn -0.9784 0.1185 -0.1692
vn -0.6919 0.6852 0.2276
vn -0.3744 0.8590 0.3493
vn -0.0000 0.9200 0.3920
vn -0.6971 0.6129 -0.3719
vn -0.7546 0.3764 -0.5375
vn -0.5336 0.8135 -0.2315
vn -0.2888 0.9475 -0.1377
vn -0.0000 0.9945 -0.1047
vn -0.9039 -0.1882 -0.3840
vn -0.6919 -0.4482 -0.5661
vn -0.3744 -0.6220 -0.6877
vn -0.0000 -0.6830 -0.7304
vn 0.3744 -0.6220 -0.6877
vn 0.6919 -0.4482 -0.5661
vn 0.9039 -0.1882 -0.3840
vn 0.9784 0.1185 -0.1692
vn 0.9039 0.4252 0.0455
vn 0.6919 0.6852 0.2276
vn 0.3744 0.8590 0.3492
vn 0.2888 0.9475 -0.1377
vn 0.5336 0.8135 -0.2315
vn 0.6971 0.6129 -0.3719
vn 0.7546 0.3764 -0.5375
vn 0.6971 0.1398 -0.7032
vn 0.5336 -0.0607 -0.8436
vn 0.2888 -0.1947 -0.9374
vn -0.0000 -0.2417 -0.9703
vn -0.2888 -0.1947 -0.9374
vn -0.5336 -0.0607 -0.8436
vn -0.6971 0.1398 -0.7032
vn 0.4562 0.3440 -0.8207
vn 0.3491 0.2128 -0.9126
vn 0.1890 0.1251 -0.9740
vn -0.0000 0.0943 -0.9955
vn -0.1890 0.1251 -0.9740
vn -0.3491 0.2128 -0.9126
vn -0.4562 0.3440 -0.8207
vn -0.4938 0.4988 -0.7123
vn -0.4562 0.6536 -0.6040
vn -0.3491 0.7848 -0.5121
vn -0.1890 0.8725 -0.4507
vn -0.0000 0.9032 -0.4291
vn 0.1890 0.8725 -0.4507
vn 0.3491 0.7848 -0.5121
vn 0.4562 0.6536 -0.6040
vn 0.4938 0.4988 -0.7123
vn -0.0000 -0.5736 0.8192
vn -0.9649 0.0307 -0.2608
vn -0.9550 0.0697 -0.2883
vn -0.9704 0.0375 -0.2385
vn -0.9632 0.0708 -0.2593
vn -0.9790 0.0423 -0.1994
vn -0.9777 0.0615 -0.2008
vn -0.9858 0.0456 -0.1616
vn -0.9831 0.0631 -0.1718
vn -0.9924 0.0519 -0.1120
vn -0.9879 0.0765 -0.1348
vn -0.9964 0.0608 -0.0593
vn -0.9916 0.0958 -0.0868
vn -0.9971 0.0759 0.0076
vn -0.9922 0.1216 -0.0279
vn -0.9941 0.0948 0.0529
vn -0.9892 0.1431 0.0326
vn -0.9914 0.1049 0.0787
vn -0.9826 0.1481 0.1121
vn -0.9783 0.1248 0.1657
vn -0.9573 0.1567 0.2428
vn -0.9212 0.1689 0.3506
vn -0.8768 0.1867 0.4431
vn -0.7471 0.2285 0.6242
vn -0.6749 0.2335 0.7000
vn -0.3457 0.2804 0.8955
vn -0.3006 0.2701 0.9147
vn -0.0709 0.2852 0.9558
vn -0.0605 0.2715 0.9605
vn -0.9975 0.0242 0.0668
vn -0.9954 0.0324 0.0900
vn -0.9747 0.0702 0.2124
vn -0.8916 0.1367 0.4318
vn -0.7648 0.1947 0.6141
vn -0.3968 0.2766 0.8752
vn -0.0636 0.2970 0.9528
vn -0.9971 -0.0312 0.0693
vn -0.9991 -0.0375 0.0184
vn -0.9999 -0.0049 -0.0123
vn -0.9965 0.0167 -0.0820
vn -0.9969 -0.0562 -0.0543
vn -0.9892 0.0004 -0.1465
vn -0.9913 -0.0690 -0.1123
vn -0.9815 0.0400 -0.1874
vn -0.9829 -0.0779 -0.1668
vn -0.9697 0.0764 -0.2321
vn -0.9746 -0.0803 -0.2088
vn -0.9576 0.0740 -0.2783
vn -0.9690 -0.0744 -0.2358
vn -0.9628 -0.0862 -0.2561
vn -0.9987 -0.0153 0.0494
vn -0.9950 -0.0279 0.0961
vn -0.9922 0.0055 0.1244
vn -0.9819 0.0034 0.1896
vn -0.9599 0.0837 0.2674
vn -0.9179 0.0705 0.3906
vn -0.8765 0.1299 0.4636
vn -0.7237 0.1740 0.6678
vn -0.6487 0.2258 0.7268
vn -0.3223 0.2722 0.9067
vn -0.2749 0.2990 0.9138
vn -0.0673 0.2956 0.9529
vn -0.0553 0.3165 0.9470
vn -0.9779 -0.0261 -0.2076
vn -0.9761 -0.0279 -0.2155
vn -0.9834 -0.0236 -0.1801
vn -0.9882 -0.0214 -0.1519
vn -0.9935 -0.0159 -0.1130
vn -0.9975 -0.0082 -0.0698
vn -0.9999 0.0098 0.0080
vn -0.6149 0.7446 -0.2599
vn -0.3126 0.9192 -0.2396
vn -0.9046 0.3437 -0.2523
vn -0.9105 0.3623 -0.1995
vn -0.5899 0.7881 -0.1757
vn -0.3279 0.9326 -0.1506
vn -0.5927 0.7959 -0.1231
vn -0.3073 0.9480 -0.0827
vn -0.5945 0.8032 -0.0368
vn -0.2801 0.9600 0.0037
vn -0.6003 0.7976 0.0593
vn -0.2639 0.9608 0.0844
vn -0.6095 0.7784 0.1502
vn -0.2411 0.9553 0.1708
vn -0.5691 0.7753 0.2738
vn -0.9279 0.3400 -0.1529
vn -0.9335 0.3526 -0.0648
vn -0.9502 0.3111 0.0149
vn -0.9562 0.2767 0.0953
vn -0.9317 0.3004 0.2040
vn -0.8646 0.3698 0.3401
vn -0.5064 0.7771 0.3736
vn -0.2073 0.9379 0.2782
vn -0.1866 0.9160 0.3551
vn -0.5554 0.6953 0.4562
vn -0.1261 0.8754 0.4667
vn -0.4081 0.6465 0.6446
vn -0.1784 0.6260 0.7591
vn -0.0436 0.6485 0.7600
vn -0.8200 0.3088 0.4820
vn -0.6010 0.3477 0.7197
vn -0.2549 0.3944 0.8829
vn -0.0503 0.4026 0.9140
vn 0.9632 0.0708 -0.2593
vn 0.9550 0.0697 -0.2883
vn 0.9704 0.0375 -0.2385
vn 0.9649 0.0307 -0.2608
vn 0.9790 0.0423 -0.1994
vn 0.9777 0.0615 -0.2008
vn 0.9858 0.0456 -0.1616
vn 0.9831 0.0631 -0.1718
vn 0.9924 0.0519 -0.1120
vn 0.9879 0.0765 -0.1348
vn 0.9964 0.0608 -0.0593
vn 0.9916 0.0958 -0.0868
vn 0.9971 0.0759 0.0076
vn 0.9922 0.1216 -0.0279
vn 0.9941 0.0948 0.0529
vn 0.9892 0.1431 0.0326
vn 0.9914 0.1049 0.0787
vn 0.9826 0.1481 0.1121
vn 0.9783 0.1248 0.1657
vn 0.9573 0.1567 0.2428
vn 0.9212 0.1689 0.3506
vn 0.8768 0.1867 0.4431
vn 0.7471 0.2285 0.6242
vn 0.6749 0.2335 0.7000
vn 0.3457 0.2804 0.8955
vn 0.3006 0.2701 0.9147
vn 0.0709 0.2852 0.9558
vn 0.0605 0.2715 0.9605
vn 0.9975 0.0242 0.0668
vn 0.9999 0.0098 0.0080
vn 0.9975 -0.0082 -0.0698
vn 0.9935 -0.0159 -0.1130
vn 0.9882 -0.0214 -0.1519
vn 0.9834 -0.0236 -0.1801
vn 0.9779 -0.0261 -0.2076
vn 0.9761 -0.0279 -0.2155
vn 0.9628 -0.0862 -0.2561
vn 0.9690 -0.0744 -0.2358
vn 0.9576 0.0740 -0.2783
vn 0.9746 -0.0803 -0.2088
vn 0.9697 0.0764 -0.2321
vn 0.9829 -0.0779 -0.1668
vn 0.9815 0.0400 -0.1874
vn 0.9913 -0.0690 -0.1123
vn 0.9892 0.0004 -0.1465
vn 0.9969 -0.0562 -0.0543
vn 0.9965 0.0167 -0.0820
vn 0.9991 -0.0375 0.0184
vn 0.9999 -0.0049 -0.0123
vn 0.9971 -0.0312 0.0693
vn 0.9987 -0.0153 0.0494
vn 0.9950 -0.0279 0.0961
vn 0.9922 0.0055 0.1244
vn 0.9819 0.0034 0.1896
vn 0.9599 0.0837 0.2674
vn 0.9179 0.0705 0.3906
vn 0.8765 0.1299 0.4636
vn 0.7237 0.1740 0.6678
vn 0.6487 0.2258 0.7268
vn 0.3223 0.2722 0.9067
vn 0.2749 0.2990 0.9138
vn 0.0673 0.2956 0.9529
vn 0.0553 0.3165 0.9470
vn 0.9954 0.0324 0.0900
vn 0.9747 0.0702 0.2124
vn 0.8916 0.1367 0.4318
vn 0.7648 0.1947 0.6141
vn 0.3968 0.2766 0.8752
vn 0.0636 0.2970 0.9528
vn 0.3126 0.9192 -0.2396
vn 0.6149 0.7446 -0.2599
vn 0.9046 0.3437 -0.2523
vn 0.9105 0.3623 -0.1995
vn 0.5899 0.7881 -0.1757
vn 0.3279 0.9326 -0.1506
vn 0.5927 0.7959 -0.1231
vn 0.3073 0.9480 -0.0827
vn 0.5945 0.8032 -0.0368
vn 0.2801 0.9600 0.0037
vn 0.6003 0.7976 0.0593
vn 0.2639 0.9608 0.0844
vn 0.6095 0.7784 0.1502
vn 0.2411 0.9553 0.1708
vn 0.5691 0.7753 0.2738
vn 0.9279 0.3400 -0.1529
vn 0.9335 0.3526 -0.0648
vn 0.9502 0.3112 0.0149
vn 0.9562 0.2767 0.0953
vn 0.9317 0.3004 0.2040
vn 0.8646 0.3698 0.3401
vn 0.5064 0.7771 0.3736
vn 0.2073 0.9379 0.2782
vn 0.1866 0.9160 0.3551
vn 0.5554 0.6953 0.4562
vn 0.1261 0.8754 0.4667
vn 0.4081 0.6465 0.6446
vn 0.1784 0.6260 0.7591
vn 0.0436 0.6485 0.7600
vn 0.8200 0.3088 0.4820
vn 0.6010 0.3477 0.7197
vn 0.2549 0.3944 0.8829
vn 0.0503 0.4026 0.9140
vt 0.764980 0.468263
vt 0.892764 0.468031
vt 0.766633 0.494117
vt 0.892764 0.494114
vt 0.892764 0.440107
vt 0.759991 0.440915
vt 0.759587 0.439791
vt 0.892764 0.409637
vt 0.749319 0.411660
vt 0.737604 0.388404
vt 0.892764 0.381489
vt 0.733900 0.384632
vt 0.711882 0.362320
vt 0.892764 0.354281
vt 0.706101 0.359180
vt 0.706065 0.329967
vt 0.892764 0.325713
vt 0.706065 0.303000
vt 0.892764 0.299432
vt 0.706065 0.276042
vt 0.892764 0.272101
vt 0.706065 0.246911
vt 0.892764 0.244770
vt 0.706065 0.215705
vt 0.892764 0.214250
vt 0.706065 0.185798
vt 0.892764 0.181551
vt 0.706065 0.150425
vt 0.892764 0.147562
vt 0.706065 0.121738
vt 0.892764 0.114963
vt 0.706065 0.094702
vt 0.892764 0.083505
vt 0.706065 0.065540
vt 0.892764 0.054550
vt 0.704692 0.035267
vt 0.891391 0.024348
vt 0.609633 0.216452
vt 0.609633 0.247825
vt 0.609633 0.276042
vt 0.609633 0.304260
vt 0.609633 0.100836
vt 0.609633 0.128513
vt 0.609633 0.071623
vt 0.608260 0.041334
vt 0.530776 0.276042
vt 0.530776 0.303718
vt 0.593007 0.321005
vt 0.609633 0.322475
vt 0.565867 0.323404
vt 0.539565 0.330496
vt 0.530776 0.330330
vt 0.530776 0.334552
vt 0.530776 0.248367
vt 0.530776 0.219845
vt 0.530776 0.193036
vt 0.609633 0.188626
vt 0.609633 0.155913
vt 0.530776 0.161509
vt 0.530776 0.134454
vt 0.530776 0.108151
vt 0.530776 0.079097
vt 0.529403 0.048861
vt 0.468852 0.173365
vt 0.468852 0.201581
vt 0.468852 0.228476
vt 0.468852 0.254184
vt 0.468852 0.278418
vt 0.468852 0.303673
vt 0.468852 0.330066
vt 0.514244 0.342243
vt 0.499297 0.352531
vt 0.468852 0.352578
vt 0.487494 0.362979
vt 0.477362 0.376224
vt 0.468852 0.376244
vt 0.471036 0.385219
vt 0.469556 0.387165
vt 0.395195 0.376936
vt 0.395195 0.398318
vt 0.464181 0.399209
vt 0.456283 0.420466
vt 0.395195 0.419472
vt 0.395195 0.355677
vt 0.395195 0.335812
vt 0.395195 0.312672
vt 0.395195 0.290389
vt 0.395195 0.269886
vt 0.395195 0.249502
vt 0.395195 0.226220
vt 0.395195 0.198858
vt 0.395195 0.173412
vt 0.468852 0.146844
vt 0.468852 0.119685
vt 0.468852 0.092160
vt 0.467479 0.062082
vt 0.395195 0.147259
vt 0.395195 0.121084
vt 0.393822 0.091436
vt 0.316043 0.213534
vt 0.316043 0.236505
vt 0.316043 0.190797
vt 0.316043 0.166295
vt 0.314670 0.137326
vt 0.175843 0.312672
vt 0.170236 0.328708
vt 0.316043 0.259804
vt 0.316043 0.280355
vt 0.316043 0.298380
vt 0.316043 0.311791
vt 0.316043 0.327008
vt 0.316043 0.343128
vt 0.316043 0.358639
vt 0.316043 0.378891
vt 0.316043 0.397188
vt 0.316043 0.417730
vt 0.395195 0.439649
vt 0.316028 0.437750
vt 0.395195 0.455090
vt 0.450623 0.456145
vt 0.451814 0.440907
vt 0.316043 0.452720
vt 0.452651 0.439373
vt 0.151945 0.413672
vt 0.152162 0.398219
vt 0.152343 0.384735
vt 0.153134 0.373682
vt 0.153940 0.368727
vt 0.155113 0.363721
vt 0.157264 0.358273
vt 0.160609 0.351158
vt 0.164832 0.342138
vt 0.683614 0.342243
vt 0.653622 0.330894
vt 0.652692 0.330542
vt 0.620146 0.323404
vt 0.455378 0.439080
vt 0.453815 0.455002
vt 0.459254 0.420876
vt 0.466750 0.400044
vt 0.472067 0.387846
vt 0.478897 0.377639
vt 0.489339 0.364434
vt 0.500278 0.353889
vt 0.515128 0.343750
vt 0.531392 0.336056
vt 0.540186 0.332119
vt 0.566204 0.325079
vt 0.592843 0.322756
vt 0.609367 0.324048
vt 0.619653 0.325157
vt 0.651793 0.332482
vt 0.682115 0.344130
vt 0.706494 0.361905
vt 0.732705 0.387781
vt 0.746434 0.412670
vt 0.755581 0.441486
vt 0.760907 0.468306
vt 0.762158 0.493651
vt 0.300310 0.991691
vt 0.300310 0.904324
vt 0.318673 0.993443
vt 0.318673 0.904324
vt 0.285446 0.904324
vt 0.285446 0.989202
vt 0.269644 0.904324
vt 0.269644 0.983113
vt 0.262424 0.904324
vt 0.262424 0.978714
vt 0.253843 0.904324
vt 0.253843 0.974402
vt 0.241415 0.904324
vt 0.241415 0.966343
vt 0.234702 0.904324
vt 0.234702 0.962876
vt 0.223240 0.904324
vt 0.223240 0.956679
vt 0.210778 0.904324
vt 0.210778 0.951976
vt 0.204133 0.904324
vt 0.204133 0.949570
vt 0.184510 0.904324
vt 0.184510 0.945267
vt 0.163499 0.904324
vt 0.163499 0.943847
vt 0.150472 0.904324
vt 0.150472 0.944637
vt 0.142441 0.904324
vt 0.142441 0.945315
vt 0.122554 0.904324
vt 0.122554 0.949793
vt 0.104265 0.904324
vt 0.104265 0.956912
vt 0.089495 0.904324
vt 0.089495 0.965118
vt 0.070163 0.904324
vt 0.070163 0.977279
vt 0.055764 0.904324
vt 0.055764 0.985936
vt 0.040422 0.904324
vt 0.040422 0.992837
vt 0.022858 0.904324
vt 0.022858 0.996229
vt 0.005552 0.904324
vt 0.005552 0.997692
vt 0.515755 0.952363
vt 0.512431 0.958827
vt 0.520882 0.937400
vt 0.498223 0.974236
vt 0.507447 0.965868
vt 0.332029 0.905004
vt 0.411184 0.991663
vt 0.465531 0.988883
vt 0.482668 0.983065
vt 0.492824 0.978121
vt 0.471546 0.987275
vt 0.429519 0.991980
vt 0.447738 0.990880
vt 0.418218 0.992084
vt 0.348234 0.966341
vt 0.376375 0.985104
vt 0.393243 0.989629
vt 0.362814 0.979229
vt 0.335509 0.939245
vt 0.340597 0.953899
vt 0.332546 0.921990
vt 0.524601 0.905004
vt 0.523532 0.922947
vt 0.918719 0.474686
vt 0.918719 0.500898
vt 0.918719 0.446376
vt 0.918719 0.415279
vt 0.918719 0.386288
vt 0.918719 0.358053
vt 0.918719 0.328313
vt 0.918719 0.300762
vt 0.918719 0.272109
vt 0.918719 0.243456
vt 0.918719 0.211664
vt 0.918719 0.177794
vt 0.918719 0.142777
vt 0.918719 0.109301
vt 0.918718 0.077216
vt 0.918718 0.047876
vt 0.917345 0.017544
vt 0.947114 0.210580
vt 0.947114 0.176218
vt 0.947114 0.140771
vt 0.947114 0.106926
vt 0.947114 0.074579
vt 0.947114 0.045078
vt 0.945741 0.014691
vt 0.968979 0.212353
vt 0.968979 0.243807
vt 0.947114 0.242904
vt 0.947114 0.272112
vt 0.947114 0.301319
vt 0.947114 0.329404
vt 0.947114 0.359636
vt 0.947114 0.388301
vt 0.947114 0.417645
vt 0.947114 0.449004
vt 0.947114 0.477476
vt 0.947114 0.503744
vt 0.968979 0.499099
vt 0.968979 0.472921
vt 0.968979 0.444713
vt 0.968979 0.413783
vt 0.968979 0.385016
vt 0.968979 0.357054
vt 0.984597 0.488490
vt 0.984597 0.462516
vt 0.984597 0.434912
vt 0.984597 0.404961
vt 0.984597 0.377513
vt 0.984597 0.346809
vt 0.968979 0.327625
vt 0.968979 0.300411
vt 0.968979 0.272109
vt 0.984597 0.323561
vt 0.984597 0.298336
vt 0.984597 0.272102
vt 0.984597 0.245869
vt 0.984597 0.216404
vt 0.968979 0.178793
vt 0.968979 0.144037
vt 0.968979 0.110787
vt 0.968979 0.078879
vt 0.968979 0.049641
vt 0.967606 0.019344
vt 0.984597 0.184677
vt 0.984597 0.151491
vt 0.984597 0.119596
vt 0.984597 0.088696
vt 0.984597 0.060062
vt 0.983224 0.029968
vt 0.621200 0.714832
vt 0.639731 0.699624
vt 0.600058 0.726133
vt 0.553162 0.735442
vt 0.675549 0.613152
vt 0.666240 0.659950
vt 0.654940 0.681093
vt 0.673199 0.637010
vt 0.553162 0.490082
vt 0.639523 0.526470
vt 0.666240 0.566354
vt 0.673199 0.589295
vt 0.654940 0.545212
vt 0.600058 0.499391
vt 0.620954 0.510526
vt 0.577117 0.492432
vt 0.577117 0.733092
vt 0.585474 0.772857
vt 0.553598 0.775985
vt 0.592082 0.810236
vt 0.552760 0.814096
vt 0.629763 0.798806
vt 0.616013 0.763593
vt 0.664489 0.780244
vt 0.644157 0.748550
vt 0.694928 0.755264
vt 0.668825 0.728305
vt 0.719907 0.724826
vt 0.689070 0.703636
vt 0.738469 0.690099
vt 0.704114 0.675492
vt 0.749900 0.652419
vt 0.713377 0.644954
vt 0.753759 0.613232
vt 0.716505 0.613195
vt 0.749900 0.574046
vt 0.713377 0.581437
vt 0.738469 0.536365
vt 0.704114 0.550899
vt 0.719907 0.501638
vt 0.689070 0.522754
vt 0.694855 0.471127
vt 0.668684 0.497943
vt 0.664404 0.445078
vt 0.643990 0.476789
vt 0.629763 0.426574
vt 0.616013 0.461858
vt 0.592082 0.415144
vt 0.585474 0.452595
vt 0.552760 0.411284
vt 0.553599 0.449467
vt 0.180757 0.297367
vt 0.184479 0.275672
vt 0.188032 0.259592
vt 0.188004 0.246137
vt 0.174298 0.269604
vt 0.164881 0.290484
vt 0.156875 0.307831
vt 0.148741 0.329433
vt 0.144540 0.342628
vt 0.142395 0.350434
vt 0.141131 0.357080
vt 0.140083 0.362942
vt 0.140329 0.367737
vt 0.140760 0.373435
vt 0.142083 0.385478
vt 0.142288 0.397972
vt 0.145518 0.413672
vt 0.151923 0.421724
vt 0.137955 0.443565
vt 0.166552 0.443565
vt 0.130146 0.479222
vt 0.156925 0.479222
vt 0.103305 0.479222
vt 0.109292 0.443565
vt 0.076392 0.479222
vt 0.080552 0.443565
vt 0.053221 0.479222
vt 0.055808 0.443565
vt 0.036834 0.479222
vt 0.038308 0.443565
vt 0.026058 0.479222
vt 0.026801 0.443565
vt 0.019720 0.479222
vt 0.020033 0.443565
vt 0.016646 0.479222
vt 0.016750 0.443565
vt 0.015598 0.479222
vt 0.015598 0.443565
vt 0.074056 0.515365
vt 0.100033 0.515365
vt 0.126009 0.515365
vt 0.152795 0.515365
vt 0.019356 0.515365
vt 0.025474 0.515365
vt 0.016388 0.515365
vt 0.015597 0.515365
vt 0.156925 0.551509
vt 0.183656 0.551509
vt 0.195097 0.587165
vt 0.223603 0.587165
vt 0.210350 0.551509
vt 0.252083 0.587165
vt 0.216269 0.551509
vt 0.231570 0.566385
vt 0.248041 0.577598
vt 0.166552 0.587165
vt 0.130146 0.551509
vt 0.137955 0.587165
vt 0.103305 0.551509
vt 0.109292 0.587165
vt 0.076392 0.551509
vt 0.080551 0.587165
vt 0.053221 0.551509
vt 0.055807 0.587165
vt 0.036834 0.551509
vt 0.038308 0.587165
vt 0.026058 0.551509
vt 0.026801 0.587165
vt 0.019720 0.551509
vt 0.020032 0.587165
vt 0.016646 0.551509
vt 0.016749 0.587165
vt 0.015597 0.551509
vt 0.015597 0.587165
vt 0.051691 0.515365
vt 0.035874 0.515365
vt 0.043199 0.443565
vt 0.043199 0.838710
vt 0.060079 0.443565
vt 0.060080 0.838710
vt 0.028221 0.838710
vt 0.028221 0.443565
vt 0.043206 0.871129
vt 0.062040 0.872974
vt 0.075449 0.838710
vt 0.078515 0.873628
vt 0.263676 0.838710
vt 0.280536 0.870280
vt 0.028540 0.868688
vt 0.017714 0.865270
vt 0.017795 0.838710
vt 0.258719 0.802566
vt 0.075450 0.766423
vt 0.263676 0.766423
vt 0.075450 0.730766
vt 0.280550 0.730766
vt 0.263676 0.695109
vt 0.075450 0.695109
vt 0.258719 0.658966
vt 0.075450 0.622822
vt 0.263676 0.622822
vt 0.079453 0.878218
vt 0.223347 0.877167
vt 0.223784 0.880949
vt 0.195204 0.879540
vt 0.166160 0.881804
vt 0.138678 0.883093
vt 0.081636 0.884023
vt 0.064564 0.882184
vt 0.083392 0.888091
vt 0.057701 0.885348
vt 0.042715 0.882399
vt 0.043383 0.879039
vt 0.062710 0.877349
vt 0.042796 0.874526
vt 0.029267 0.876327
vt 0.028284 0.878821
vt 0.019034 0.873187
vt 0.028972 0.872357
vt 0.018105 0.869649
vt 0.109383 0.883946
vt 0.109595 0.889087
vt 0.138501 0.888794
vt 0.166904 0.887243
vt 0.195563 0.884477
vt 0.017796 0.479222
vt 0.017796 0.515365
vt 0.017796 0.551509
vt 0.017796 0.622822
vt 0.015597 0.622822
vt 0.017795 0.658966
vt 0.015597 0.658966
vt 0.015597 0.695109
vt 0.017795 0.695109
vt 0.015597 0.730766
vt 0.017795 0.766423
vt 0.015597 0.766423
vt 0.017795 0.802566
vt 0.015597 0.802566
vt 0.015597 0.838710
vt 0.015597 0.863753
vt 0.015963 0.868382
vt 0.017829 0.873263
vt 0.179635 0.515365
vt 0.209428 0.544102
vt 0.194757 0.523730
vt 0.190745 0.515365
vt 0.211244 0.546623
vt 0.186737 0.507008
vt 0.182608 0.498401
vt 0.181834 0.495593
vt 0.178868 0.484829
vt 0.177322 0.479222
vt 0.175169 0.471406
vt 0.174403 0.462896
vt 0.172663 0.443565
vt 0.210349 0.622822
vt 0.237019 0.622822
vt 0.183656 0.622822
vt 0.156925 0.622822
vt 0.130146 0.622822
vt 0.103305 0.622822
vt 0.076392 0.622822
vt 0.053221 0.622822
vt 0.036834 0.622822
vt 0.026058 0.622822
vt 0.019720 0.622822
vt 0.016645 0.622822
vt 0.074056 0.658966
vt 0.100033 0.658966
vt 0.126009 0.658966
vt 0.152795 0.658966
vt 0.179635 0.658966
vt 0.205854 0.658966
vt 0.231566 0.658966
vt 0.237019 0.695109
vt 0.252083 0.730766
vt 0.210349 0.695109
vt 0.223603 0.730766
vt 0.183656 0.695109
vt 0.195097 0.730766
vt 0.156925 0.695109
vt 0.166552 0.730766
vt 0.130146 0.695109
vt 0.137955 0.730766
vt 0.103305 0.695109
vt 0.109292 0.730766
vt 0.076392 0.695109
vt 0.080551 0.730766
vt 0.053221 0.695109
vt 0.055807 0.730766
vt 0.036834 0.695109
vt 0.038308 0.730766
vt 0.026058 0.695109
vt 0.026801 0.730766
vt 0.019720 0.695109
vt 0.020032 0.730766
vt 0.016645 0.695109
vt 0.016749 0.730766
vt 0.051691 0.658966
vt 0.035874 0.658966
vt 0.025474 0.658966
vt 0.019356 0.658966
vt 0.016388 0.658966
vt 0.237019 0.766423
vt 0.210349 0.766423
vt 0.183656 0.766423
vt 0.156925 0.766423
vt 0.130146 0.766423
vt 0.103305 0.766423
vt 0.076392 0.766423
vt 0.053221 0.766423
vt 0.036834 0.766423
vt 0.026058 0.766423
vt 0.019720 0.766423
vt 0.016645 0.766423
vt 0.074056 0.802566
vt 0.100033 0.802566
vt 0.126009 0.802566
vt 0.152795 0.802566
vt 0.179635 0.802566
vt 0.205854 0.802566
vt 0.231566 0.802566
vt 0.237019 0.838710
vt 0.210349 0.838710
vt 0.221002 0.875691
vt 0.183656 0.838710
vt 0.192447 0.876908
vt 0.156925 0.838710
vt 0.164802 0.877464
vt 0.130146 0.838710
vt 0.137204 0.878504
vt 0.103305 0.838710
vt 0.107580 0.877784
vt 0.076391 0.838710
vt 0.080307 0.875637
vt 0.053220 0.838710
vt 0.055349 0.872595
vt 0.036834 0.838710
vt 0.038065 0.869685
vt 0.026058 0.838710
vt 0.026581 0.866854
vt 0.019720 0.838710
vt 0.019940 0.864967
vt 0.016645 0.838710
vt 0.016718 0.864080
vt 0.051691 0.802566
vt 0.035874 0.802566
vt 0.025473 0.802566
vt 0.019356 0.802566
vt 0.016388 0.802566
vt 0.222875 0.879166
vt 0.194583 0.881651
vt 0.166104 0.883636
vt 0.137802 0.884815
vt 0.108836 0.884809
vt 0.082535 0.883845
vt 0.056583 0.881611
vt 0.040987 0.878901
vt 0.027686 0.876179
vt 0.165828 0.880710
vt 0.193676 0.879052
vt 0.222002 0.877320
vt 0.136763 0.881792
vt 0.108405 0.881319
vt 0.081436 0.879648
vt 0.055576 0.877069
vt 0.039059 0.874303
vt 0.026821 0.871447
vt 0.020400 0.869665
vt 0.021905 0.874293
vt 0.018833 0.873189
vt 0.017133 0.868867
vt 0.075450 0.587165
vt 0.265595 0.587165
vt 0.277908 0.592748
vt 0.075450 0.551509
vt 0.075450 0.479222
vt 0.183643 0.500559
vt 0.197436 0.527451
vt 0.182608 0.498401
vt 0.177322 0.479222
vt 0.075450 0.443565
vt 0.174349 0.462300
vt 0.172663 0.443565
vt 0.175169 0.471406
vt 0.224000 0.559025
vt 0.255117 0.582415
vt 0.275222 0.591530
vt 0.265595 0.587165
vt 0.017796 0.443565
vt 0.017796 0.479222
vt 0.017796 0.551509
vt 0.017795 0.658966
vt 0.017795 0.695109
vt 0.017796 0.766423
vt 0.017795 0.802566
vt 0.017795 0.622822
vt 0.226454 0.476836
vt 0.205624 0.486956
vt 0.223041 0.469218
vt 0.201425 0.480327
vt 0.215988 0.453562
vt 0.191244 0.465583
vt 0.209774 0.492900
vt 0.229439 0.483346
vt 0.212628 0.497225
vt 0.236747 0.499332
vt 0.218102 0.505530
vt 0.219588 0.507668
vt 0.224591 0.514005
vt 0.237586 0.501122
vt 0.246620 0.520335
vt 0.229187 0.520284
vt 0.232661 0.527117
vt 0.242259 0.543204
vt 0.248106 0.523403
vt 0.255782 0.539202
vt 0.243511 0.545164
vt 0.246352 0.548760
vt 0.257797 0.543200
vt 0.254315 0.560045
vt 0.260890 0.549353
vt 0.263903 0.555386
vt 0.261674 0.567890
vt 0.270738 0.568393
vt 0.264916 0.571222
vt 0.269130 0.574013
vt 0.272900 0.572182
vt 0.274098 0.576045
vt 0.275460 0.576624
vt 0.015598 0.443529
vt 0.017796 0.443529
vt 0.280550 0.587165
vt 0.060079 0.587165
vt 0.060079 0.622822
vt 0.043199 0.587165
vt 0.043199 0.622822
vt 0.028221 0.587165
vt 0.028221 0.622822
vt 0.017796 0.587165
vt 0.017796 0.622822
vt 0.075450 0.658966
vt 0.060079 0.658966
vt 0.043199 0.658966
vt 0.028221 0.658966
vt 0.060079 0.730766
vt 0.060079 0.695109
vt 0.043199 0.730766
vt 0.043199 0.695109
vt 0.028221 0.730766
vt 0.028221 0.695109
vt 0.017795 0.730766
vt 0.060079 0.766423
vt 0.043199 0.766423
vt 0.028221 0.766423
vt 0.075450 0.802566
vt 0.060079 0.802566
vt 0.043199 0.802566
vt 0.028221 0.802566
vt 0.060079 0.838710
vt 0.043199 0.838710
vt 0.028221 0.838710
vt 0.074612 0.017677
vt 0.074612 0.054528
vt 0.067511 0.017677
vt 0.067511 0.054528
vt 0.081713 0.054528
vt 0.081713 0.017677
vt 0.088814 0.054528
vt 0.088814 0.017677
vt 0.095914 0.054528
vt 0.095914 0.017677
vt 0.060411 0.017677
vt 0.060411 0.054528
vt 0.053310 0.017677
vt 0.053310 0.054528
vt 0.046209 0.017677
vt 0.046209 0.054528
vt 0.039108 0.017677
vt 0.039108 0.054528
vt 0.032008 0.017677
vt 0.032007 0.054528
vt 0.024907 0.017677
vt 0.024907 0.054528
vt 0.017806 0.017677
vt 0.017806 0.054528
vt 0.010705 0.017677
vt 0.010705 0.054528
vt 0.074612 0.388584
vt 0.074612 0.425435
vt 0.067511 0.388584
vt 0.067511 0.425435
vt 0.081713 0.425435
vt 0.081713 0.388584
vt 0.088814 0.425435
vt 0.088814 0.388584
vt 0.095914 0.425435
vt 0.095914 0.388584
vt 0.060411 0.388584
vt 0.060411 0.425435
vt 0.053310 0.388584
vt 0.053310 0.425435
vt 0.046209 0.388584
vt 0.046209 0.425435
vt 0.039108 0.388584
vt 0.039108 0.425435
vt 0.032008 0.388584
vt 0.032008 0.425435
vt 0.024907 0.388584
vt 0.024907 0.425435
vt 0.017806 0.388584
vt 0.017806 0.425435
vt 0.010705 0.388584
vt 0.010705 0.425435
vt 0.074612 0.065553
vt 0.074612 0.376335
vt 0.067511 0.065553
vt 0.067511 0.376335
vt 0.081713 0.376335
vt 0.081713 0.065553
vt 0.088814 0.376335
vt 0.088814 0.065553
vt 0.095914 0.376335
vt 0.095914 0.065553
vt 0.060411 0.065553
vt 0.060411 0.376335
vt 0.053310 0.065553
vt 0.053310 0.376335
vt 0.046209 0.065553
vt 0.046209 0.376335
vt 0.039108 0.065553
vt 0.039108 0.376335
vt 0.032007 0.065553
vt 0.032007 0.376335
vt 0.024907 0.065553
vt 0.024907 0.376335
vt 0.017806 0.065553
vt 0.017806 0.376335
vt 0.010705 0.065553
vt 0.010705 0.376335
vt 0.165669 0.025366
vt 0.149199 0.020953
vt 0.177725 0.037423
vt 0.177725 0.070362
vt 0.120673 0.070362
vt 0.120673 0.037423
vt 0.132729 0.025366
vt 0.116260 0.053892
vt 0.149199 0.086832
vt 0.132729 0.082419
vt 0.165669 0.082419
vt 0.182138 0.053892
vt 0.132729 0.082419
vt 0.165669 0.082419
vt 0.120673 0.070362
vt 0.120673 0.037423
vt 0.165669 0.025366
vt 0.177725 0.070362
vt 0.328968 0.666111
vt 0.306904 0.667133
vt 0.337784 0.619769
vt 0.317868 0.619906
vt 0.357691 0.619631
vt 0.351024 0.665088
vt 0.377583 0.619489
vt 0.373063 0.664060
vt 0.397408 0.619339
vt 0.395076 0.663025
vt 0.417190 0.619183
vt 0.417054 0.661983
vt 0.436922 0.619017
vt 0.438989 0.660930
vt 0.456595 0.618842
vt 0.460873 0.659865
vt 0.473499 0.618688
vt 0.479608 0.658939
vt 0.485433 0.618577
vt 0.492752 0.658275
vt 0.493189 0.618497
vt 0.501279 0.657828
vt 0.497647 0.618440
vt 0.506164 0.657554
vt 0.499686 0.618402
vt 0.508379 0.657408
vt 0.500100 0.618365
vt 0.508800 0.657326
vt 0.451055 0.577504
vt 0.432793 0.576863
vt 0.414379 0.576208
vt 0.395321 0.575528
vt 0.376166 0.574840
vt 0.357403 0.574164
vt 0.338966 0.573498
vt 0.319503 0.572796
vt 0.314164 0.525441
vt 0.332589 0.526968
vt 0.301585 0.482783
vt 0.351005 0.528494
vt 0.340762 0.480940
vt 0.369403 0.530019
vt 0.359495 0.481966
vt 0.387733 0.531538
vt 0.377607 0.483773
vt 0.406017 0.533052
vt 0.395517 0.485018
vt 0.424247 0.534562
vt 0.414894 0.488549
vt 0.442415 0.536067
vt 0.432952 0.493465
vt 0.458024 0.537360
vt 0.449698 0.499081
vt 0.469041 0.538272
vt 0.461463 0.503780
vt 0.476194 0.538864
vt 0.469426 0.507834
vt 0.480298 0.539203
vt 0.473989 0.510415
vt 0.482164 0.539357
vt 0.476058 0.511617
vt 0.482520 0.539385
vt 0.476449 0.512025
vt 0.466748 0.578054
vt 0.477825 0.578441
vt 0.484974 0.578683
vt 0.489074 0.578817
vt 0.491014 0.578878
vt 0.491296 0.578874
vt 0.462435 0.659476
vt 0.455415 0.618675
vt 0.441182 0.535959
vt 0.432323 0.495740
vt 0.443174 0.497901
vt 0.451598 0.536822
vt 0.455909 0.501580
vt 0.463106 0.537775
vt 0.466207 0.505522
vt 0.473413 0.538629
vt 0.474346 0.510170
vt 0.480707 0.539234
vt 0.430894 0.490397
vt 0.338343 0.478789
vt 0.338047 0.473963
vt 0.356274 0.478337
vt 0.374698 0.478219
vt 0.392159 0.479235
vt 0.428576 0.483545
vt 0.410804 0.480995
vt 0.439934 0.487258
vt 0.427512 0.478766
vt 0.444497 0.484399
vt 0.454697 0.489128
vt 0.454332 0.492759
vt 0.464741 0.494424
vt 0.464164 0.497044
vt 0.471662 0.501400
vt 0.441907 0.492892
vt 0.455493 0.497830
vt 0.465124 0.501440
vt 0.473054 0.505348
vt 0.498164 0.618351
vt 0.489435 0.578793
vt 0.475092 0.506938
vt 0.472706 0.501444
vt 0.506864 0.657312
vt 0.339073 0.476339
vt 0.357353 0.475839
vt 0.356024 0.472185
vt 0.375725 0.476090
vt 0.374160 0.471550
vt 0.393951 0.477381
vt 0.392167 0.472481
vt 0.412660 0.480176
vt 0.410592 0.475009
vt 0.429740 0.483810
vt 0.339916 0.478775
vt 0.358419 0.479180
vt 0.376486 0.479710
vt 0.395275 0.481118
vt 0.413735 0.484329
vt 0.431443 0.488755
vt 0.448592 0.494019
vt 0.446789 0.488789
vt 0.457283 0.493249
vt 0.466397 0.497449
vt 0.470420 0.500016
vt 0.472456 0.501473
vt 0.459757 0.498557
vt 0.468187 0.502751
vt 0.472567 0.505228
vt 0.474634 0.506348
vt 0.469333 0.618272
vt 0.478057 0.658721
vt 0.480751 0.618269
vt 0.489531 0.658090
vt 0.490890 0.618159
vt 0.499553 0.657495
vt 0.212005 0.096220
vt 0.212005 0.024312
vt 0.216569 0.096220
vt 0.216569 0.024312
vt 0.207440 0.024312
vt 0.207440 0.096220
vt 0.202876 0.024312
vt 0.202876 0.096220
vt 0.221134 0.096220
vt 0.221134 0.024312
vt 0.225698 0.096220
vt 0.225698 0.024312
vt 0.230263 0.096220
vt 0.230263 0.024312
vt 0.234827 0.096220
vt 0.234827 0.024312
vt 0.239392 0.096220
vt 0.239392 0.024312
vt 0.243956 0.096220
vt 0.243956 0.024312
vt 0.248521 0.096220
vt 0.248521 0.024312
vt 0.253085 0.096220
vt 0.253085 0.024312
vt 0.257650 0.096220
vt 0.257650 0.024312
vt 0.262214 0.096220
vt 0.262214 0.024312
vt 0.266779 0.096220
vt 0.266779 0.024312
vt 0.271343 0.096220
vt 0.271343 0.024312
vt 0.275908 0.096220
vt 0.275908 0.024312
vt 0.203176 0.024312
vt 0.208294 0.024312
vt 0.217452 0.024312
vt 0.229255 0.024312
vt 0.241907 0.024312
vt 0.253480 0.024312
vt 0.262214 0.024312
vt 0.266779 0.024312
vt 0.266479 0.024312
vt 0.261360 0.024312
vt 0.252202 0.024312
vt 0.416435 0.022845
vt 0.416435 0.024361
vt 0.406590 0.022845
vt 0.406590 0.024361
vt 0.426280 0.024361
vt 0.426280 0.022845
vt 0.436124 0.024361
vt 0.436124 0.022845
vt 0.445969 0.024361
vt 0.445969 0.022845
vt 0.396746 0.022845
vt 0.396746 0.024361
vt 0.386901 0.022845
vt 0.386901 0.024361
vt 0.377057 0.022845
vt 0.377057 0.024361
vt 0.367212 0.022845
vt 0.367212 0.024361
vt 0.357367 0.022845
vt 0.357367 0.024361
vt 0.347523 0.022845
vt 0.347523 0.024361
vt 0.337678 0.022845
vt 0.337678 0.024361
vt 0.327833 0.022845
vt 0.327833 0.024361
vt 0.317989 0.022845
vt 0.317989 0.024361
vt 0.308144 0.022845
vt 0.308144 0.024361
vt 0.298300 0.022845
vt 0.298300 0.024361
vt 0.288455 0.022845
vt 0.288455 0.024361
vt 0.298300 0.026403
vt 0.288455 0.026403
vt 0.308144 0.026403
vt 0.317989 0.026403
vt 0.327833 0.026403
vt 0.337678 0.026403
vt 0.347523 0.026403
vt 0.357367 0.026403
vt 0.367212 0.026403
vt 0.377057 0.026403
vt 0.386901 0.026403
vt 0.396746 0.026403
vt 0.406590 0.026403
vt 0.416435 0.026403
vt 0.426280 0.026403
vt 0.436124 0.026403
vt 0.445969 0.026403
vt 0.416435 0.042400
vt 0.406590 0.042400
vt 0.426280 0.042400
vt 0.436124 0.042400
vt 0.445969 0.042400
vt 0.416435 0.044247
vt 0.406590 0.044247
vt 0.426280 0.044247
vt 0.436124 0.044247
vt 0.445969 0.044247
vt 0.396746 0.042400
vt 0.386901 0.042400
vt 0.377057 0.042400
vt 0.367212 0.042400
vt 0.357367 0.042400
vt 0.347523 0.042400
vt 0.337678 0.042400
vt 0.327833 0.042400
vt 0.317989 0.042400
vt 0.308144 0.042400
vt 0.298300 0.042400
vt 0.288455 0.042400
vt 0.298300 0.044247
vt 0.288455 0.044247
vt 0.308144 0.044247
vt 0.317989 0.044247
vt 0.327833 0.044247
vt 0.337678 0.044247
vt 0.347523 0.044247
vt 0.357367 0.044247
vt 0.367212 0.044247
vt 0.377057 0.044247
vt 0.386901 0.044247
vt 0.396746 0.044247
vt 0.337678 0.045876
vt 0.347523 0.045876
vt 0.357367 0.045876
vt 0.367212 0.045876
vt 0.377057 0.045876
vt 0.386901 0.045876
vt 0.396746 0.045876
vt 0.406590 0.045876
vt 0.416435 0.045876
vt 0.426280 0.045876
vt 0.436124 0.045876
vt 0.445969 0.045876
vt 0.298300 0.045876
vt 0.288455 0.045876
vt 0.308144 0.045876
vt 0.317989 0.045876
vt 0.327833 0.045876
vt 0.219616 0.188342
vt 0.223942 0.166590
vt 0.207294 0.206783
vt 0.172646 0.222322
vt 0.167102 0.109749
vt 0.207294 0.126398
vt 0.219616 0.144838
vt 0.188854 0.114076
vt 0.110261 0.166590
vt 0.126909 0.126398
vt 0.145350 0.114076
vt 0.114587 0.144838
vt 0.126909 0.206783
vt 0.114587 0.188342
vt 0.145350 0.219104
vt 0.188854 0.219104
vt 0.323379 0.733145
vt 0.315606 0.695785
vt 0.343109 0.734986
vt 0.337560 0.696873
vt 0.362835 0.736829
vt 0.359511 0.697963
vt 0.382556 0.738673
vt 0.381455 0.699056
vt 0.402237 0.740519
vt 0.403390 0.700154
vt 0.421899 0.742369
vt 0.425313 0.701258
vt 0.441539 0.744224
vt 0.447221 0.702370
vt 0.461153 0.746083
vt 0.469110 0.703491
vt 0.478016 0.747684
vt 0.487882 0.704463
vt 0.489927 0.748816
vt 0.501083 0.705157
vt 0.497696 0.749560
vt 0.509683 0.705619
vt 0.502192 0.749998
vt 0.514650 0.705899
vt 0.504286 0.750210
vt 0.516951 0.706044
vt 0.504802 0.750283
vt 0.517508 0.706116
vt 0.452001 0.786789
vt 0.467718 0.787585
vt 0.478819 0.788148
vt 0.486023 0.788518
vt 0.490187 0.788736
vt 0.492172 0.788842
vt 0.492537 0.788870
vt 0.439691 0.827329
vt 0.421427 0.827272
vt 0.407949 0.872309
vt 0.388348 0.874168
vt 0.403134 0.827215
vt 0.370441 0.873875
vt 0.384815 0.827159
vt 0.352307 0.874124
vt 0.366475 0.827102
vt 0.333641 0.873542
vt 0.348093 0.827046
vt 0.294976 0.868352
vt 0.329705 0.826990
vt 0.311313 0.826934
vt 0.426390 0.868958
vt 0.455392 0.827378
vt 0.443610 0.864797
vt 0.466481 0.827412
vt 0.455800 0.861124
vt 0.473709 0.827435
vt 0.464159 0.857767
vt 0.477887 0.827448
vt 0.469010 0.855586
vt 0.479826 0.827455
vt 0.471258 0.854566
vt 0.480290 0.827457
vt 0.471812 0.854193
vt 0.340206 0.781182
vt 0.320835 0.780216
vt 0.358553 0.782097
vt 0.377237 0.783031
vt 0.396325 0.783986
vt 0.415334 0.784940
vt 0.433721 0.785864
vt 0.331606 0.877981
vt 0.330461 0.880260
vt 0.332625 0.875626
vt 0.351004 0.876807
vt 0.349708 0.880044
vt 0.348181 0.883570
vt 0.367962 0.881368
vt 0.366180 0.885756
vt 0.386183 0.881642
vt 0.384196 0.886370
vt 0.405047 0.880459
vt 0.402785 0.885429
vt 0.422392 0.878301
vt 0.419985 0.883136
vt 0.439859 0.874801
vt 0.368978 0.877826
vt 0.387772 0.878032
vt 0.406426 0.876414
vt 0.424470 0.873521
vt 0.442062 0.869746
vt 0.453642 0.866180
vt 0.450764 0.871257
vt 0.437422 0.878978
vt 0.448030 0.875141
vt 0.460258 0.867853
vt 0.458536 0.870725
vt 0.464549 0.865640
vt 0.466775 0.864363
vt 0.467138 0.864413
vt 0.462475 0.862724
vt 0.467132 0.860632
vt 0.469370 0.859693
vt 0.470007 0.859144
vt 0.337560 0.696873
vt 0.362835 0.736829
vt 0.425313 0.701258
vt 0.447221 0.702370
vt 0.478016 0.747683
vt 0.487882 0.704463
vt 0.489927 0.748815
vt 0.501083 0.705157
vt 0.497696 0.749560
vt 0.509683 0.705619
vt 0.514650 0.705899
vt 0.504286 0.750210
vt 0.516951 0.706044
vt 0.452001 0.786789
vt 0.377237 0.783031
vt 0.329705 0.826990
vt 0.348094 0.827046
vt 0.366475 0.827102
vt 0.352307 0.874124
vt 0.370441 0.873874
vt 0.388348 0.874168
vt 0.421427 0.827272
vt 0.455392 0.827377
vt 0.443610 0.864797
vt 0.466481 0.827412
vt 0.455800 0.861124
vt 0.464159 0.857767
vt 0.477887 0.827448
vt 0.469010 0.855586
vt 0.479826 0.827455
vt 0.467718 0.787585
vt 0.478819 0.788148
vt 0.331606 0.877981
vt 0.367962 0.881368
vt 0.386183 0.881642
vt 0.439859 0.874801
vt 0.424470 0.873521
vt 0.442062 0.869746
vt 0.453642 0.866180
vt 0.450764 0.871257
vt 0.466775 0.864363
vt 0.462475 0.862724
vt 0.467132 0.860632
vt 0.469370 0.859693
s 1
usemtl Airplane4_01
f 3/1/1 2/2/2 1/3/3
f 4/4/4 1/3/3 2/2/2
f 2/2/2 3/1/1 5/5/5
f 6/6/6 5/5/5 3/1/1
f 6/6/6 7/7/7 5/5/5
f 7/7/7 8/8/8 5/5/5
f 9/9/9 8/8/8 7/7/7
f 9/9/9 10/10/10 8/8/8
f 10/10/10 11/11/11 8/8/8
f 12/12/12 11/11/11 10/10/10
f 12/12/12 13/13/13 11/11/11
f 13/13/13 14/14/14 11/11/11
f 15/15/15 14/14/14 13/13/13
f 15/15/15 16/16/16 14/14/14
f 17/17/17 14/14/14 16/16/16
f 16/16/16 18/18/18 17/17/17
f 19/19/19 17/17/17 18/18/18
f 18/18/18 20/20/20 19/19/19
f 21/21/21 19/19/19 20/20/20
f 20/20/20 22/22/22 21/21/21
f 23/23/23 21/21/21 22/22/22
f 22/22/22 24/24/24 23/23/23
f 25/25/25 23/23/23 24/24/24
f 24/24/24 26/26/26 25/25/25
f 27/27/27 25/25/25 26/26/26
f 26/26/26 28/28/28 27/27/27
f 29/29/29 27/27/27 28/28/28
f 28/28/28 30/30/30 29/29/29
f 31/31/31 29/29/29 30/30/30
f 30/30/30 32/32/32 31/31/31
f 33/33/33 31/31/31 32/32/32
f 32/32/32 34/34/34 33/33/33
f 35/35/35 33/33/33 34/34/34
f 34/34/34 36/36/36 35/35/35
f 37/37/37 35/35/35 36/36/36
f 24/24/24 22/22/22 38/38/38
f 39/39/39 38/38/38 22/22/22
f 22/22/22 20/20/20 39/39/39
f 40/40/40 39/39/39 20/20/20
f 20/20/20 18/18/18 40/40/40
f 41/41/41 40/40/40 18/18/18
f 32/32/32 30/30/30 42/42/42
f 43/43/43 42/42/42 30/30/30
f 34/34/34 32/32/32 44/44/44
f 42/42/42 44/44/44 32/32/32
f 36/36/36 34/34/34 45/45/45
f 44/44/44 45/45/45 34/34/34
f 40/40/40 41/41/41 46/46/46
f 47/47/47 46/46/46 41/41/41
f 41/41/41 48/48/48 47/47/47
f 49/49/49 48/48/48 41/41/41
f 48/48/48 50/50/50 47/47/47
f 47/47/47 50/50/50 51/51/51
f 52/52/52 47/47/47 51/51/51
f 52/52/52 51/51/51 53/53/53
f 46/46/46 54/54/54 40/40/40
f 39/39/39 40/40/40 54/54/54
f 54/54/54 55/55/55 39/39/39
f 38/38/38 39/39/39 55/55/55
f 55/55/55 56/56/56 38/38/38
f 57/57/57 38/38/38 56/56/56
f 38/38/38 57/57/57 24/24/24
f 26/26/26 24/24/24 57/57/57
f 57/57/57 58/58/58 26/26/26
f 28/28/28 26/26/26 58/58/58
f 58/58/58 43/43/43 28/28/28
f 30/30/30 28/28/28 43/43/43
f 58/58/58 57/57/57 59/59/59
f 56/56/56 59/59/59 57/57/57
f 43/43/43 58/58/58 60/60/60
f 59/59/59 60/60/60 58/58/58
f 60/60/60 61/61/61 43/43/43
f 42/42/42 43/43/43 61/61/61
f 61/61/61 62/62/62 42/42/42
f 44/44/44 42/42/42 62/62/62
f 62/62/62 63/63/63 44/44/44
f 45/45/45 44/44/44 63/63/63
f 59/59/59 56/56/56 64/64/64
f 65/65/65 64/64/64 56/56/56
f 56/56/56 55/55/55 65/65/65
f 66/66/66 65/65/65 55/55/55
f 55/55/55 54/54/54 66/66/66
f 67/67/67 66/66/66 54/54/54
f 54/54/54 46/46/46 67/67/67
f 68/68/68 67/67/67 46/46/46
f 46/46/46 47/47/47 68/68/68
f 69/69/69 68/68/68 47/47/47
f 47/47/47 52/52/52 69/69/69
f 70/70/70 69/69/69 52/52/52
f 52/52/52 53/53/53 70/70/70
f 53/53/53 71/71/71 70/70/70
f 70/70/70 71/71/71 72/72/72
f 73/73/73 70/70/70 72/72/72
f 72/72/72 74/74/74 73/73/73
f 73/73/73 74/74/74 75/75/75
f 76/76/76 73/73/73 75/75/75
f 75/75/75 77/77/77 76/76/76
f 78/78/78 76/76/76 77/77/77
f 76/76/76 78/78/78 79/79/79
f 79/79/79 78/78/78 80/80/80
f 78/78/78 81/81/81 80/80/80
f 81/81/81 82/82/82 80/80/80
f 83/83/83 80/80/80 82/82/82
f 73/73/73 76/76/76 84/84/84
f 79/79/79 84/84/84 76/76/76
f 70/70/70 73/73/73 85/85/85
f 84/84/84 85/85/85 73/73/73
f 85/85/85 86/86/86 70/70/70
f 69/69/69 70/70/70 86/86/86
f 86/86/86 87/87/87 69/69/69
f 68/68/68 69/69/69 87/87/87
f 87/87/87 88/88/88 68/68/68
f 67/67/67 68/68/68 88/88/88
f 88/88/88 89/89/89 67/67/67
f 66/66/66 67/67/67 89/89/89
f 89/89/89 90/90/90 66/66/66
f 65/65/65 66/66/66 90/90/90
f 90/90/90 91/91/91 65/65/65
f 64/64/64 65/65/65 91/91/91
f 91/91/91 92/92/92 64/64/64
f 93/93/93 64/64/64 92/92/92
f 64/64/64 93/93/93 59/59/59
f 60/60/60 59/59/59 93/93/93
f 93/93/93 94/94/94 60/60/60
f 61/61/61 60/60/60 94/94/94
f 94/94/94 95/95/95 61/61/61
f 62/62/62 61/61/61 95/95/95
f 95/95/95 96/96/96 62/62/62
f 63/63/63 62/62/62 96/96/96
f 94/94/94 93/93/93 97/97/97
f 92/92/92 97/97/97 93/93/93
f 95/95/95 94/94/94 98/98/98
f 97/97/97 98/98/98 94/94/94
f 96/96/96 95/95/95 99/99/99
f 98/98/98 99/99/99 95/95/95
f 92/92/92 91/91/91 100/100/100
f 101/101/101 100/100/100 91/91/91
f 97/97/97 92/92/92 102/102/102
f 100/100/100 102/102/102 92/92/92
f 98/98/98 97/97/97 103/103/103
f 102/102/102 103/103/103 97/97/97
f 99/99/99 98/98/98 104/104/104
f 103/103/103 104/104/104 98/98/98
f 101/101/101 105/105/105 100/100/100
f 105/105/105 101/101/101 106/106/106
f 107/107/107 106/106/106 101/101/101
f 107/107/107 101/101/101 90/90/90
f 90/90/90 89/89/89 107/107/107
f 108/108/108 107/107/107 89/89/89
f 89/89/89 88/88/88 108/108/108
f 109/109/109 108/108/108 88/88/88
f 88/88/88 87/87/87 109/109/109
f 110/110/110 109/109/109 87/87/87
f 87/87/87 86/86/86 110/110/110
f 111/111/111 110/110/110 86/86/86
f 86/86/86 85/85/85 111/111/111
f 112/112/112 111/111/111 85/85/85
f 85/85/85 84/84/84 112/112/112
f 113/113/113 112/112/112 84/84/84
f 84/84/84 79/79/79 113/113/113
f 114/114/114 113/113/113 79/79/79
f 79/79/79 80/80/80 114/114/114
f 115/115/115 114/114/114 80/80/80
f 80/80/80 83/83/83 115/115/115
f 116/116/116 115/115/115 83/83/83
f 83/83/83 117/117/117 116/116/116
f 118/118/118 116/116/116 117/117/117
f 117/117/117 119/119/119 118/118/118
f 119/119/119 117/117/117 120/120/120
f 121/121/121 120/120/120 117/117/117
f 122/122/122 118/118/118 119/119/119
f 83/83/83 123/123/123 117/117/117
f 117/117/117 123/123/123 121/121/121
f 82/82/82 123/123/123 83/83/83
f 116/116/116 124/124/124 115/115/115
f 116/116/116 118/118/118 124/124/124
f 125/125/125 115/115/115 124/124/124
f 115/115/115 125/125/125 114/114/114
f 126/126/126 114/114/114 125/125/125
f 114/114/114 126/126/126 113/113/113
f 127/127/127 113/113/113 126/126/126
f 113/113/113 127/127/127 112/112/112
f 128/128/128 112/112/112 127/127/127
f 112/112/112 128/128/128 111/111/111
f 129/129/129 111/111/111 128/128/128
f 111/111/111 129/129/129 110/110/110
f 130/130/130 110/110/110 129/129/129
f 110/110/110 130/130/130 109/109/109
f 131/131/131 109/109/109 130/130/130
f 109/109/109 131/131/131 108/108/108
f 132/132/132 108/108/108 131/131/131
f 108/108/108 132/132/132 107/107/107
f 106/106/106 107/107/107 132/132/132
f 15/15/15 133/133/133 16/16/16
f 134/134/134 16/16/16 133/133/133
f 134/134/134 135/135/135 16/16/16
f 16/16/16 135/135/135 136/136/136
f 18/18/18 16/16/16 136/136/136
f 41/41/41 18/18/18 136/136/136
f 49/49/49 41/41/41 136/136/136
f 91/91/91 90/90/90 101/101/101
f 139/121/137 138/137/138 137/120/139
f 140/138/140 137/120/139 138/137/138
f 141/123/141 138/137/138 139/121/137
f 138/137/138 141/123/141 142/139/142
f 143/82/143 142/139/142 141/123/141
f 142/139/142 143/82/143 144/140/144
f 145/81/145 144/140/144 143/82/143
f 144/140/144 145/81/145 146/141/146
f 147/78/147 146/141/146 145/81/145
f 148/77/148 146/141/146 147/78/147
f 146/141/146 148/77/148 149/142/149
f 150/75/150 149/142/149 148/77/148
f 149/142/149 150/75/150 151/143/151
f 152/74/152 151/143/151 150/75/150
f 151/143/151 152/74/152 153/144/153
f 154/72/154 153/144/153 152/74/152
f 153/144/153 154/72/154 155/145/155
f 156/71/156 155/145/155 154/72/154
f 155/145/155 156/71/156 157/146/157
f 158/53/158 157/146/157 156/71/156
f 157/146/157 158/53/158 159/147/159
f 160/51/160 159/147/159 158/53/158
f 159/147/159 160/51/160 161/148/161
f 162/50/162 161/148/161 160/51/160
f 161/148/161 162/50/162 163/149/163
f 164/48/164 163/149/163 162/50/162
f 163/149/163 164/48/164 165/150/165
f 166/49/166 165/150/165 164/48/164
f 165/150/165 166/49/166 167/151/167
f 168/136/168 167/151/167 166/49/166
f 167/151/167 168/136/168 169/152/169
f 170/135/170 169/152/169 168/136/168
f 171/134/171 169/152/169 170/135/170
f 169/152/169 171/134/171 172/153/172
f 173/133/173 172/153/172 171/134/171
f 172/153/172 173/133/173 174/154/174
f 175/15/175 174/154/174 173/133/173
f 176/13/176 174/154/174 175/15/175
f 174/154/174 176/13/176 177/155/177
f 178/12/178 177/155/177 176/13/176
f 179/10/179 177/155/177 178/12/178
f 177/155/177 179/10/179 180/156/180
f 181/9/181 180/156/180 179/10/179
f 180/156/180 181/9/181 182/157/182
f 183/7/183 182/157/182 181/9/181
f 184/6/184 182/157/182 183/7/183
f 182/157/182 184/6/184 185/158/185
f 186/1/186 185/158/185 184/6/184
f 185/158/185 186/1/186 187/159/187
f 188/3/188 187/159/187 186/1/186
f 191/160/189 190/161/190 189/162/191
f 192/163/191 189/162/191 190/161/190
f 190/161/190 191/160/189 193/164/192
f 194/165/193 193/164/192 191/160/189
f 193/164/192 194/165/193 195/166/194
f 196/167/195 195/166/194 194/165/193
f 195/166/194 196/167/195 197/168/196
f 198/169/197 197/168/196 196/167/195
f 197/168/196 198/169/197 199/170/198
f 200/171/199 199/170/198 198/169/197
f 199/170/198 200/171/199 201/172/200
f 202/173/201 201/172/200 200/171/199
f 201/172/200 202/173/201 203/174/202
f 204/175/203 203/174/202 202/173/201
f 203/174/202 204/175/203 205/176/204
f 206/177/205 205/176/204 204/175/203
f 205/176/204 206/177/205 207/178/206
f 208/179/207 207/178/206 206/177/205
f 207/178/206 208/179/207 209/180/208
f 210/181/209 209/180/208 208/179/207
f 209/180/208 210/181/209 211/182/210
f 212/183/211 211/182/210 210/181/209
f 211/182/210 212/183/211 213/184/212
f 214/185/213 213/184/212 212/183/211
f 213/184/212 214/185/213 215/186/214
f 216/187/215 215/186/214 214/185/213
f 215/186/214 216/187/215 217/188/216
f 218/189/217 217/188/216 216/187/215
f 217/188/216 218/189/217 219/190/218
f 220/191/219 219/190/218 218/189/217
f 219/190/218 220/191/219 221/192/220
f 222/193/221 221/192/220 220/191/219
f 221/192/220 222/193/221 223/194/222
f 224/195/223 223/194/222 222/193/221
f 223/194/222 224/195/223 225/196/224
f 226/197/225 225/196/224 224/195/223
f 225/196/224 226/197/225 227/198/226
f 228/199/227 227/198/226 226/197/225
f 227/198/226 228/199/227 229/200/228
f 230/201/229 229/200/228 228/199/227
f 229/200/228 230/201/229 231/202/230
f 232/203/231 231/202/230 230/201/229
f 231/202/230 232/203/231 233/204/232
f 234/205/232 233/204/232 232/203/231
f 237/206/4 236/207/4 235/208/4
f 236/207/4 238/209/4 235/208/4
f 239/210/4 238/209/4 236/207/4
f 238/209/4 240/211/4 235/208/4
f 241/212/4 240/211/4 238/209/4
f 242/213/4 241/212/4 238/209/4
f 243/214/4 242/213/4 238/209/4
f 244/215/4 243/214/4 238/209/4
f 245/216/4 242/213/4 243/214/4
f 246/217/4 241/212/4 242/213/4
f 247/218/4 246/217/4 242/213/4
f 248/219/4 241/212/4 246/217/4
f 249/220/4 240/211/4 241/212/4
f 250/221/4 249/220/4 241/212/4
f 251/222/4 250/221/4 241/212/4
f 252/223/4 249/220/4 250/221/4
f 253/224/4 240/211/4 249/220/4
f 254/225/4 253/224/4 249/220/4
f 255/226/4 240/211/4 253/224/4
f 240/211/4 256/227/4 235/208/4
f 235/208/4 256/227/4 257/228/4
f 260/2/233 259/229/234 258/4/235
f 261/230/236 258/4/235 259/229/234
f 259/229/234 260/2/233 262/231/237
f 263/5/238 262/231/237 260/2/233
f 262/231/237 263/5/238 264/232/239
f 265/8/240 264/232/239 263/5/238
f 264/232/239 265/8/240 266/233/241
f 267/11/242 266/233/241 265/8/240
f 266/233/241 267/11/242 268/234/243
f 269/14/244 268/234/243 267/11/242
f 268/234/243 269/14/244 270/235/245
f 271/17/246 270/235/245 269/14/244
f 270/235/245 271/17/246 272/236/247
f 273/19/248 272/236/247 271/17/246
f 272/236/247 273/19/248 274/237/249
f 275/21/250 274/237/249 273/19/248
f 274/237/249 275/21/250 276/238/251
f 277/23/252 276/238/251 275/21/250
f 276/238/251 277/23/252 278/239/253
f 279/25/254 278/239/253 277/23/252
f 278/239/253 279/25/254 280/240/255
f 281/27/256 280/240/255 279/25/254
f 280/240/255 281/27/256 282/241/257
f 283/29/258 282/241/257 281/27/256
f 282/241/257 283/29/258 284/242/259
f 285/31/260 284/242/259 283/29/258
f 284/242/259 285/31/260 286/243/261
f 287/33/262 286/243/261 285/31/260
f 286/243/261 287/33/262 288/244/263
f 289/35/264 288/244/263 287/33/262
f 288/244/263 289/35/264 290/245/265
f 291/37/266 290/245/265 289/35/264
f 278/239/253 292/246/267 276/238/251
f 280/240/255 293/247/268 278/239/253
f 292/246/267 278/239/253 293/247/268
f 282/241/257 294/248/269 280/240/255
f 293/247/268 280/240/255 294/248/269
f 284/242/259 295/249/270 282/241/257
f 294/248/269 282/241/257 295/249/270
f 286/243/261 296/250/271 284/242/259
f 295/249/270 284/242/259 296/250/271
f 288/244/263 297/251/272 286/243/261
f 296/250/271 286/243/261 297/251/272
f 290/245/265 298/252/273 288/244/263
f 297/251/272 288/244/263 298/252/273
f 292/246/267 293/247/268 299/253/274
f 299/253/274 300/254/275 292/246/267
f 301/255/276 292/246/267 300/254/275
f 301/255/276 276/238/251 292/246/267
f 276/238/251 301/255/276 274/237/249
f 302/256/277 274/237/249 301/255/276
f 274/237/249 302/256/277 272/236/247
f 303/257/278 272/236/247 302/256/277
f 272/236/247 303/257/278 270/235/245
f 304/258/279 270/235/245 303/257/278
f 270/235/245 304/258/279 268/234/243
f 305/259/280 268/234/243 304/258/279
f 268/234/243 305/259/280 266/233/241
f 306/260/281 266/233/241 305/259/280
f 266/233/241 306/260/281 264/232/239
f 307/261/282 264/232/239 306/260/281
f 264/232/239 307/261/282 262/231/237
f 308/262/283 262/231/237 307/261/282
f 262/231/237 308/262/283 259/229/234
f 309/263/284 259/229/234 308/262/283
f 259/229/234 309/263/284 261/230/236
f 310/264/285 261/230/236 309/263/284
f 310/264/285 309/263/284 311/265/286
f 312/266/287 311/265/286 309/263/284
f 309/263/284 308/262/283 312/266/287
f 313/267/288 312/266/287 308/262/283
f 308/262/283 307/261/282 313/267/288
f 314/268/289 313/267/288 307/261/282
f 307/261/282 306/260/281 314/268/289
f 315/269/290 314/268/289 306/260/281
f 306/260/281 305/259/280 315/269/290
f 316/270/291 315/269/290 305/259/280
f 311/265/286 312/266/287 317/271/292
f 318/272/293 317/271/292 312/266/287
f 312/266/287 313/267/288 318/272/293
f 319/273/294 318/272/293 313/267/288
f 313/267/288 314/268/289 319/273/294
f 320/274/295 319/273/294 314/268/289
f 314/268/289 315/269/290 320/274/295
f 321/275/296 320/274/295 315/269/290
f 315/269/290 316/270/291 321/275/296
f 322/276/297 321/275/296 316/270/291
f 316/270/291 323/277/298 322/276/297
f 323/277/298 316/270/291 304/258/279
f 305/259/280 304/258/279 316/270/291
f 304/258/279 303/257/278 323/277/298
f 324/278/299 323/277/298 303/257/278
f 303/257/278 302/256/277 324/278/299
f 325/279/300 324/278/299 302/256/277
f 302/256/277 301/255/276 325/279/300
f 300/254/275 325/279/300 301/255/276
f 326/280/301 322/276/297 323/277/298
f 323/277/298 324/278/299 326/280/301
f 327/281/302 326/280/301 324/278/299
f 324/278/299 325/279/300 327/281/302
f 328/282/303 327/281/302 325/279/300
f 325/279/300 300/254/275 328/282/303
f 329/283/304 328/282/303 300/254/275
f 300/254/275 299/253/274 329/283/304
f 330/284/305 329/283/304 299/253/274
f 299/253/274 331/285/306 330/284/305
f 331/285/306 299/253/274 293/247/268
f 293/247/268 294/248/269 331/285/306
f 332/286/307 331/285/306 294/248/269
f 294/248/269 295/249/270 332/286/307
f 333/287/308 332/286/307 295/249/270
f 295/249/270 296/250/271 333/287/308
f 334/288/309 333/287/308 296/250/271
f 296/250/271 297/251/272 334/288/309
f 335/289/310 334/288/309 297/251/272
f 297/251/272 298/252/273 335/289/310
f 336/290/311 335/289/310 298/252/273
f 337/291/312 330/284/305 331/285/306
f 331/285/306 332/286/307 337/291/312
f 338/292/313 337/291/312 332/286/307
f 332/286/307 333/287/308 338/292/313
f 339/293/314 338/292/313 333/287/308
f 333/287/308 334/288/309 339/293/314
f 340/294/315 339/293/314 334/288/309
f 334/288/309 335/289/310 340/294/315
f 341/295/316 340/294/315 335/289/310
f 335/289/310 336/290/311 341/295/316
f 342/296/317 341/295/316 336/290/311
f 345/297/318 344/298/319 343/299/320
f 344/298/319 346/300/321 343/299/320
f 347/301/322 346/300/321 344/298/319
f 348/302/323 347/301/322 344/298/319
f 349/303/324 348/302/323 344/298/319
f 350/304/325 347/301/322 348/302/323
f 351/305/326 346/300/321 347/301/322
f 352/306/327 351/305/326 347/301/322
f 353/307/328 352/306/327 347/301/322
f 354/308/329 353/307/328 347/301/322
f 355/309/330 352/306/327 353/307/328
f 356/310/331 351/305/326 352/306/327
f 357/311/332 356/310/331 352/306/327
f 358/312/333 351/305/326 356/310/331
f 343/299/320 346/300/321 359/313/334
f 359/313/334 346/300/321 360/314/335
f 361/315/336 360/314/335 346/300/321
f 360/314/335 361/315/336 362/316/337
f 363/317/292 362/316/337 361/315/336
f 362/316/337 364/318/294 360/314/335
f 365/319/338 360/314/335 364/318/294
f 360/314/335 365/319/338 359/313/334
f 343/299/320 359/313/334 365/319/338
f 364/318/294 366/320/295 365/319/338
f 367/321/339 365/319/338 366/320/295
f 365/319/338 367/321/339 343/299/320
f 345/297/318 343/299/320 367/321/339
f 366/320/295 368/322/296 367/321/339
f 369/323/340 367/321/339 368/322/296
f 367/321/339 369/323/340 345/297/318
f 344/298/319 345/297/318 369/323/340
f 368/322/296 370/324/297 369/323/340
f 371/325/341 369/323/340 370/324/297
f 369/323/340 371/325/341 344/298/319
f 349/303/324 344/298/319 371/325/341
f 370/324/297 372/326/301 371/325/341
f 373/327/342 371/325/341 372/326/301
f 371/325/341 373/327/342 349/303/324
f 348/302/323 349/303/324 373/327/342
f 372/326/301 374/328/302 373/327/342
f 375/329/343 373/327/342 374/328/302
f 373/327/342 375/329/343 348/302/323
f 350/304/325 348/302/323 375/329/343
f 374/328/302 376/330/303 375/329/343
f 377/331/344 375/329/343 376/330/303
f 375/329/343 377/331/344 350/304/325
f 347/301/322 350/304/325 377/331/344
f 376/330/303 378/332/304 377/331/344
f 379/333/345 377/331/344 378/332/304
f 377/331/344 379/333/345 347/301/322
f 354/308/329 347/301/322 379/333/345
f 378/332/304 380/334/346 379/333/345
f 381/335/347 379/333/345 380/334/346
f 379/333/345 381/335/347 354/308/329
f 353/307/328 354/308/329 381/335/347
f 380/334/346 382/336/348 381/335/347
f 383/337/349 381/335/347 382/336/348
f 381/335/347 383/337/349 353/307/328
f 355/309/330 353/307/328 383/337/349
f 382/336/348 384/338/313 383/337/349
f 385/339/350 383/337/349 384/338/313
f 383/337/349 385/339/350 355/309/330
f 352/306/327 355/309/330 385/339/350
f 384/338/313 386/340/314 385/339/350
f 387/341/351 385/339/350 386/340/314
f 385/339/350 387/341/351 352/306/327
f 357/311/332 352/306/327 387/341/351
f 386/340/314 388/342/315 387/341/351
f 389/343/352 387/341/351 388/342/315
f 387/341/351 389/343/352 357/311/332
f 356/310/331 357/311/332 389/343/352
f 388/342/315 390/344/316 389/343/352
f 391/345/353 389/343/352 390/344/316
f 389/343/352 391/345/353 356/310/331
f 358/312/333 356/310/331 391/345/353
f 390/344/316 392/346/354 391/345/353
f 393/347/355 391/345/353 392/346/354
f 391/345/353 393/347/355 358/312/333
f 351/305/326 358/312/333 393/347/355
f 394/348/356 100/100/100 105/105/105
f 100/100/100 394/348/356 102/102/102
f 395/349/357 102/102/102 394/348/356
f 102/102/102 395/349/357 103/103/103
f 396/350/358 103/103/103 395/349/357
f 103/103/103 396/350/358 104/104/104
f 397/351/359 104/104/104 396/350/358
f 397/351/359 399/350/360 398/352/361
f 401/349/362 400/352/361 399/350/360
f 403/348/363 402/353/364 401/349/365
f 402/353/364 403/348/363 404/354/366
f 405/105/367 404/354/366 403/348/363
f 404/354/366 405/105/367 406/355/368
f 407/106/369 406/355/368 405/105/367
f 406/355/368 407/106/369 408/356/370
f 409/132/371 408/356/370 407/106/369
f 408/356/370 409/132/371 410/357/372
f 411/131/373 410/357/372 409/132/371
f 410/357/372 411/131/373 412/358/374
f 413/130/375 412/358/374 411/131/373
f 412/358/374 413/130/375 414/359/376
f 415/129/377 414/359/376 413/130/375
f 414/359/376 415/129/377 416/360/378
f 417/128/379 416/360/378 415/129/377
f 416/360/378 417/128/379 418/361/380
f 419/127/381 418/361/380 417/128/379
f 418/361/380 419/127/381 420/362/382
f 421/126/383 420/362/382 419/127/381
f 420/362/382 421/126/383 422/363/384
f 423/125/385 422/363/384 421/126/383
f 422/363/384 423/125/385 424/364/386
f 425/124/387 424/364/386 423/125/385
f 424/364/386 425/124/387 426/365/388
f 427/365/389 124/124/124 118/118/118
f 428/352/361 401/349/365 402/353/364
f 431/118/390 430/122/390 429/365/390
f 434/366/391 433/367/392 432/368/393
f 435/369/394 432/368/393 433/367/392
f 432/368/393 436/370/395 434/366/391
f 437/371/396 434/366/391 436/370/395
f 436/370/395 438/372/397 437/371/396
f 439/373/398 437/371/396 438/372/397
f 438/372/397 440/374/399 439/373/398
f 441/375/400 439/373/398 440/374/399
f 440/374/399 442/376/401 441/375/400
f 443/377/402 441/375/400 442/376/401
f 442/376/401 444/378/403 443/377/402
f 445/379/404 443/377/402 444/378/403
f 444/378/403 446/380/405 445/379/404
f 447/381/406 445/379/404 446/380/405
f 446/380/405 448/382/407 447/381/406
f 449/383/408 447/381/406 448/382/407
f 448/382/407 450/384/409 449/383/408
f 451/385/410 449/383/408 450/384/409
f 438/372/397 436/370/395 452/386/411
f 453/387/412 452/386/411 436/370/395
f 436/370/395 432/368/393 453/387/412
f 454/388/413 453/387/412 432/368/393
f 432/368/393 435/369/394 454/388/413
f 455/389/414 454/388/413 435/369/394
f 446/380/405 444/378/403 456/390/415
f 457/391/416 456/390/415 444/378/403
f 448/382/407 446/380/405 458/392/417
f 456/390/415 458/392/417 446/380/405
f 450/384/409 448/382/407 459/393/418
f 458/392/417 459/393/418 448/382/407
f 455/389/414 460/394/419 454/388/413
f 460/394/419 455/389/414 461/395/420
f 461/395/420 462/396/421 460/394/419
f 462/396/421 461/395/420 463/397/422
f 464/398/423 463/397/422 461/395/420
f 463/397/422 464/398/423 465/399/424
f 464/398/423 466/400/425 465/399/424
f 466/400/425 467/401/426 465/399/424
f 467/401/426 468/402/427 465/399/424
f 469/403/428 460/394/419 462/396/421
f 460/394/419 469/403/428 470/404/429
f 471/405/430 470/404/429 469/403/428
f 470/404/429 471/405/430 472/406/431
f 473/407/432 472/406/431 471/405/430
f 472/406/431 473/407/432 474/408/433
f 475/409/434 474/408/433 473/407/432
f 474/408/433 475/409/434 476/410/435
f 477/411/436 476/410/435 475/409/434
f 476/410/435 477/411/436 478/412/437
f 479/413/438 478/412/437 477/411/436
f 478/412/437 479/413/438 480/414/439
f 481/415/440 480/414/439 479/413/438
f 480/414/439 481/415/440 482/416/441
f 483/417/442 482/416/441 481/415/440
f 482/416/441 483/417/442 484/418/443
f 485/419/444 484/418/443 483/417/442
f 484/418/443 485/419/444 486/420/445
f 487/421/410 486/420/445 485/419/444
f 474/408/433 452/386/411 472/406/431
f 452/386/411 474/408/433 488/422/446
f 476/410/435 488/422/446 474/408/433
f 452/386/411 488/422/446 438/372/397
f 440/374/399 438/372/397 488/422/446
f 488/422/446 489/423/447 440/374/399
f 442/376/401 440/374/399 489/423/447
f 489/423/447 457/391/416 442/376/401
f 444/378/403 442/376/401 457/391/416
f 488/422/446 476/410/435 489/423/447
f 478/412/437 489/423/447 476/410/435
f 489/423/447 478/412/437 457/391/416
f 480/414/439 457/391/416 478/412/437
f 457/391/416 480/414/439 456/390/415
f 482/416/441 456/390/415 480/414/439
f 456/390/415 482/416/441 458/392/417
f 484/418/443 458/392/417 482/416/441
f 458/392/417 484/418/443 459/393/418
f 486/420/445 459/393/418 484/418/443
f 492/424/448 491/425/449 490/426/450
f 493/427/451 490/426/450 491/425/449
f 491/425/449 492/424/448 494/428/452
f 495/429/453 494/428/452 492/424/448
f 491/425/449 496/430/454 493/427/451
f 497/431/455 493/427/451 496/430/454
f 493/427/451 497/431/455 498/432/456
f 499/433/457 498/432/456 497/431/455
f 498/432/456 499/433/457 500/434/458
f 501/435/459 500/434/458 499/433/457
f 494/428/452 502/436/460 491/425/449
f 496/430/454 491/425/449 502/436/460
f 502/436/460 494/428/452 503/437/461
f 504/438/462 503/437/461 494/428/452
f 500/434/458 505/439/463 498/432/456
f 505/439/463 506/440/464 498/432/456
f 493/427/451 498/432/456 506/440/464
f 507/441/465 506/440/464 505/439/463
f 506/440/464 507/441/465 508/442/466
f 509/443/467 508/442/466 507/441/465
f 509/443/467 510/444/468 508/442/466
f 511/445/464 508/442/466 510/444/468
f 510/444/468 512/446/463 511/445/464
f 512/446/463 513/447/464 511/445/464
f 514/448/465 513/447/464 512/446/463
f 501/435/459 499/433/457 515/449/469
f 501/435/459 515/449/469 516/450/470
f 517/451/471 501/435/459 516/450/470
f 515/449/469 518/452/472 516/450/470
f 519/453/473 518/452/472 515/449/469
f 520/454/474 519/453/473 515/449/469
f 521/455/475 520/454/474 515/449/469
f 521/455/475 515/449/469 522/456/476
f 523/457/477 521/455/475 522/456/476
f 523/457/477 522/456/476 524/458/478
f 524/458/478 522/456/476 525/459/479
f 526/460/480 525/459/479 522/456/476
f 527/461/481 522/456/476 515/449/469
f 515/449/469 499/433/457 527/461/481
f 522/456/476 527/461/481 526/460/480
f 497/431/455 527/461/481 499/433/457
f 528/462/482 526/460/480 527/461/481
f 527/461/481 497/431/455 528/462/482
f 496/430/454 528/462/482 497/431/455
f 526/460/480 528/462/482 529/463/483
f 529/463/483 530/464/484 526/460/480
f 531/459/485 526/460/480 530/464/484
f 529/463/483 532/465/486 530/464/484
f 533/466/487 529/463/483 528/462/482
f 528/462/482 496/430/454 533/466/487
f 529/463/483 533/466/487 532/465/486
f 502/436/460 533/466/487 496/430/454
f 534/467/488 532/465/486 533/466/487
f 533/466/487 502/436/460 534/467/488
f 503/437/461 534/467/488 502/436/460
f 521/455/475 523/457/477 535/468/489
f 536/469/490 535/468/489 523/457/477
f 536/469/490 537/470/491 535/468/489
f 520/454/474 535/468/489 537/470/491
f 535/468/489 520/454/474 538/455/492
f 537/470/491 539/471/493 520/454/474
f 519/453/473 520/454/474 539/471/493
f 539/471/493 540/472/494 519/453/473
f 518/452/472 519/453/473 540/472/494
f 518/452/472 540/472/494 516/450/470
f 517/451/471 516/450/470 540/472/494
f 543/473/495 542/384/409 541/474/496
f 544/393/497 541/474/496 542/384/409
f 544/393/497 545/420/445 541/474/496
f 546/475/498 541/474/496 545/420/445
f 545/420/445 547/421/410 546/475/498
f 547/421/410 548/476/495 546/475/498
f 549/477/409 548/476/495 547/421/410
f 548/476/495 549/477/409 550/478/496
f 551/479/497 550/478/496 549/477/409
f 551/479/497 552/480/445 550/478/496
f 553/481/498 550/478/496 552/480/445
f 553/481/498 552/480/445 554/482/499
f 555/483/495 553/481/498 554/482/499
f 556/484/409 555/483/495 554/482/499
f 555/483/495 556/484/409 557/485/496
f 558/486/497 557/485/496 556/484/409
f 558/486/497 559/487/500 557/485/496
f 560/438/501 557/485/496 559/487/500
f 559/487/500 561/488/502 560/438/501
f 562/437/503 560/438/501 561/488/502
f 561/488/502 563/489/504 562/437/503
f 564/467/505 562/437/503 563/489/504
f 563/489/504 565/490/506 564/467/505
f 566/465/507 564/467/505 565/490/506
f 566/465/507 565/490/506 567/464/508
f 461/395/420 568/491/509 464/398/423
f 568/491/509 569/492/510 464/398/423
f 570/493/511 569/492/510 568/491/509
f 571/494/512 570/493/511 568/491/509
f 568/491/509 461/395/420 455/389/414
f 569/492/510 572/495/513 464/398/423
f 466/400/425 464/398/423 572/495/513
f 571/494/512 568/491/509 573/496/514
f 568/491/509 574/497/515 573/496/514
f 575/498/516 574/497/515 568/491/509
f 568/491/509 455/389/414 575/498/516
f 575/498/516 455/389/414 576/499/517
f 455/389/414 435/369/394 576/499/517
f 435/369/394 577/500/518 576/499/517
f 578/501/519 577/500/518 435/369/394
f 579/502/520 578/501/519 435/369/394
f 580/503/521 579/502/520 435/369/394
f 433/367/392 580/503/521 435/369/394
f 470/404/429 454/388/413 460/394/419
f 454/388/413 470/404/429 453/387/412
f 472/406/431 453/387/412 470/404/429
f 453/387/412 472/406/431 452/386/411
f 583/397/522 582/399/523 581/504/524
f 584/505/525 581/504/524 582/399/523
f 581/504/524 585/506/526 583/397/522
f 586/396/527 583/397/522 585/506/526
f 585/506/526 587/507/394 586/396/527
f 588/403/528 586/396/527 587/507/394
f 587/507/394 589/508/393 588/403/528
f 590/405/529 588/403/528 589/508/393
f 589/508/393 591/509/395 590/405/529
f 592/407/530 590/405/529 591/509/395
f 591/509/395 593/510/397 592/407/530
f 594/409/531 592/407/530 593/510/397
f 593/510/397 595/511/399 594/409/531
f 596/411/532 594/409/531 595/511/399
f 595/511/399 597/512/401 596/411/532
f 598/413/533 596/411/532 597/512/401
f 597/512/401 599/513/403 598/413/533
f 600/415/534 598/413/533 599/513/403
f 599/513/403 601/514/405 600/415/534
f 602/417/535 600/415/534 601/514/405
f 601/514/405 603/515/407 602/417/535
f 485/419/444 602/417/535 603/515/407
f 603/515/407 604/477/409 485/419/444
f 487/421/410 485/419/444 604/477/409
f 593/510/397 591/509/395 605/516/411
f 606/517/412 605/516/411 591/509/395
f 591/509/395 589/508/393 606/517/412
f 607/518/413 606/517/412 589/508/393
f 589/508/393 587/507/394 607/518/413
f 608/519/414 607/518/413 587/507/394
f 587/507/394 585/506/526 608/519/414
f 609/520/509 608/519/414 585/506/526
f 585/506/526 581/504/524 609/520/509
f 610/521/536 609/520/509 581/504/524
f 581/504/524 584/505/525 610/521/536
f 611/522/537 610/521/536 584/505/525
f 584/505/525 612/448/538 611/522/537
f 613/446/539 611/522/537 612/448/538
f 613/446/539 614/444/540 611/522/537
f 615/523/541 611/522/537 614/444/540
f 611/522/537 615/523/541 610/521/536
f 614/444/540 616/443/542 615/523/541
f 617/524/424 615/523/541 616/443/542
f 615/523/541 617/524/424 618/525/423
f 618/525/423 610/521/536 615/523/541
f 610/521/536 618/525/423 609/520/509
f 619/526/422 618/525/423 617/524/424
f 618/525/423 619/526/422 620/527/420
f 620/527/420 609/520/509 618/525/423
f 609/520/509 620/527/420 608/519/414
f 621/528/421 620/527/420 619/526/422
f 620/527/420 621/528/421 622/529/419
f 623/530/428 622/529/419 621/528/421
f 622/529/419 623/530/428 624/531/429
f 625/532/430 624/531/429 623/530/428
f 624/531/429 625/532/430 626/533/431
f 627/534/432 626/533/431 625/532/430
f 626/533/431 627/534/432 628/535/433
f 629/536/434 628/535/433 627/534/432
f 628/535/433 629/536/434 630/537/435
f 631/538/436 630/537/435 629/536/434
f 630/537/435 631/538/436 632/539/437
f 633/540/438 632/539/437 631/538/436
f 632/539/437 633/540/438 634/541/439
f 635/542/440 634/541/439 633/540/438
f 634/541/439 635/542/440 636/543/441
f 637/544/442 636/543/441 635/542/440
f 636/543/441 637/544/442 638/545/443
f 639/546/444 638/545/443 637/544/442
f 638/545/443 639/546/444 640/480/445
f 641/482/499 640/480/445 639/546/444
f 628/535/433 605/516/411 626/533/431
f 605/516/411 628/535/433 642/547/446
f 630/537/435 642/547/446 628/535/433
f 605/516/411 642/547/446 593/510/397
f 595/511/399 593/510/397 642/547/446
f 642/547/446 643/548/447 595/511/399
f 597/512/401 595/511/399 643/548/447
f 643/548/447 644/549/416 597/512/401
f 599/513/403 597/512/401 644/549/416
f 644/549/416 645/550/415 599/513/403
f 601/514/405 599/513/403 645/550/415
f 645/550/415 646/551/417 601/514/405
f 603/515/407 601/514/405 646/551/417
f 646/551/417 647/479/418 603/515/407
f 604/477/409 603/515/407 647/479/418
f 642/547/446 630/537/435 643/548/447
f 632/539/437 643/548/447 630/537/435
f 643/548/447 632/539/437 644/549/416
f 634/541/439 644/549/416 632/539/437
f 644/549/416 634/541/439 645/550/415
f 636/543/441 645/550/415 634/541/439
f 645/550/415 636/543/441 646/551/417
f 638/545/443 646/551/417 636/543/441
f 646/551/417 638/545/443 647/479/418
f 640/480/445 647/479/418 638/545/443
f 622/529/419 608/519/414 620/527/420
f 608/519/414 622/529/419 607/518/413
f 624/531/429 607/518/413 622/529/419
f 607/518/413 624/531/429 606/517/412
f 626/533/431 606/517/412 624/531/429
f 606/517/412 626/533/431 605/516/411
f 650/524/523 649/443/543 648/552/525
f 651/441/538 648/552/525 649/443/543
f 648/552/525 652/553/524 650/524/523
f 653/526/522 650/524/523 652/553/524
f 652/553/524 654/554/526 653/526/522
f 655/528/527 653/526/522 654/554/526
f 654/554/526 656/555/394 655/528/527
f 657/530/528 655/528/527 656/555/394
f 656/555/394 658/556/393 657/530/528
f 659/532/529 657/530/528 658/556/393
f 658/556/393 660/557/395 659/532/529
f 661/534/530 659/532/529 660/557/395
f 660/557/395 662/558/397 661/534/530
f 663/536/531 661/534/530 662/558/397
f 662/558/397 664/559/399 663/536/531
f 665/538/532 663/536/531 664/559/399
f 664/559/399 666/560/401 665/538/532
f 667/540/533 665/538/532 666/560/401
f 666/560/401 668/561/403 667/540/533
f 669/542/534 667/540/533 668/561/403
f 668/561/403 670/562/405 669/542/534
f 671/544/535 669/542/534 670/562/405
f 670/562/405 672/563/407 671/544/535
f 639/546/444 671/544/535 672/563/407
f 672/563/407 673/484/409 639/546/444
f 674/482/544 639/546/444 673/484/409
f 662/558/397 660/557/395 675/564/411
f 676/565/412 675/564/411 660/557/395
f 660/557/395 658/556/393 676/565/412
f 677/566/413 676/565/412 658/556/393
f 658/556/393 656/555/394 677/566/413
f 678/567/414 677/566/413 656/555/394
f 656/555/394 654/554/526 678/567/414
f 679/568/509 678/567/414 654/554/526
f 654/554/526 652/553/524 679/568/509
f 680/569/536 679/568/509 652/553/524
f 652/553/524 648/552/525 680/569/536
f 681/570/537 680/569/536 648/552/525
f 648/552/525 651/441/538 681/570/537
f 682/439/539 681/570/537 651/441/538
f 682/439/539 683/434/545 681/570/537
f 684/571/546 681/570/537 683/434/545
f 681/570/537 684/571/546 680/569/536
f 684/571/546 683/434/545 685/435/547
f 684/571/546 685/435/547 686/572/548
f 686/572/548 680/569/536 684/571/546
f 680/569/536 686/572/548 679/568/509
f 687/573/549 686/572/548 685/435/547
f 686/572/548 687/573/549 688/574/550
f 688/574/550 679/568/509 686/572/548
f 679/568/509 688/574/550 678/567/414
f 689/575/551 688/574/550 687/573/549
f 688/574/550 689/575/551 690/576/552
f 691/577/553 690/576/552 689/575/551
f 690/576/552 691/577/553 692/578/554
f 693/579/555 692/578/554 691/577/553
f 692/578/554 693/579/555 694/580/556
f 695/581/557 694/580/556 693/579/555
f 694/580/556 695/581/557 696/582/558
f 697/583/559 696/582/558 695/581/557
f 696/582/558 697/583/559 698/584/560
f 699/585/561 698/584/560 697/583/559
f 698/584/560 699/585/561 700/586/562
f 701/587/563 700/586/562 699/585/561
f 700/586/562 701/587/563 702/588/564
f 703/589/565 702/588/564 701/587/563
f 702/588/564 703/589/565 704/590/566
f 705/591/567 704/590/566 703/589/565
f 704/590/566 705/591/567 706/592/568
f 707/593/569 706/592/568 705/591/567
f 706/592/568 707/593/569 708/487/500
f 709/488/502 708/487/500 707/593/569
f 696/582/558 675/564/411 694/580/556
f 675/564/411 696/582/558 710/594/446
f 698/584/560 710/594/446 696/582/558
f 675/564/411 710/594/446 662/558/397
f 664/559/399 662/558/397 710/594/446
f 710/594/446 711/595/447 664/559/399
f 666/560/401 664/559/399 711/595/447
f 711/595/447 712/596/416 666/560/401
f 668/561/403 666/560/401 712/596/416
f 712/596/416 713/597/415 668/561/403
f 670/562/405 668/561/403 713/597/415
f 713/597/415 714/598/417 670/562/405
f 672/563/407 670/562/405 714/598/417
f 714/598/417 715/486/418 672/563/407
f 673/484/409 672/563/407 715/486/418
f 710/594/446 698/584/560 711/595/447
f 700/586/562 711/595/447 698/584/560
f 711/595/447 700/586/562 712/596/416
f 702/588/564 712/596/416 700/586/562
f 712/596/416 702/588/564 713/597/415
f 704/590/566 713/597/415 702/588/564
f 713/597/415 704/590/566 714/598/417
f 706/592/568 714/598/417 704/590/566
f 714/598/417 706/592/568 715/486/418
f 708/487/500 715/486/418 706/592/568
f 690/576/552 678/567/414 688/574/550
f 678/567/414 690/576/552 677/566/413
f 692/578/554 677/566/413 690/576/552
f 677/566/413 692/578/554 676/565/412
f 694/580/556 676/565/412 692/578/554
f 676/565/412 694/580/556 675/564/411
f 717/451/570 716/599/571 685/435/547
f 716/599/571 717/451/570 718/600/572
f 719/472/573 718/600/572 717/451/570
f 718/600/572 719/472/573 720/601/574
f 721/471/575 720/601/574 719/472/573
f 720/601/574 721/471/575 722/602/576
f 723/470/577 722/602/576 721/471/575
f 722/602/576 723/470/577 724/603/578
f 725/469/579 724/603/578 723/470/577
f 724/603/578 725/469/579 726/604/580
f 727/457/581 726/604/580 725/469/579
f 726/604/580 727/457/581 728/605/582
f 729/458/583 728/605/582 727/457/581
f 728/605/582 729/458/583 730/606/584
f 731/459/585 730/606/584 729/458/583
f 730/606/584 731/459/585 732/607/586
f 720/601/574 733/608/587 718/600/572
f 734/609/588 718/600/572 733/608/587
f 733/608/587 691/577/553 734/609/588
f 689/575/551 734/609/588 691/577/553
f 734/609/588 689/575/551 735/610/589
f 735/610/589 716/599/571 734/609/588
f 716/599/571 735/610/589 685/435/547
f 735/610/589 687/573/549 685/435/547
f 687/573/549 735/610/589 689/575/551
f 718/600/572 734/609/588 716/599/571
f 691/577/553 733/608/587 693/579/555
f 736/611/590 693/579/555 733/608/587
f 733/608/587 720/601/574 736/611/590
f 722/602/576 736/611/590 720/601/574
f 736/611/590 722/602/576 737/612/591
f 724/603/578 737/612/591 722/602/576
f 737/612/591 695/581/557 736/611/590
f 693/579/555 736/611/590 695/581/557
f 737/612/591 724/603/578 738/613/592
f 726/604/580 738/613/592 724/603/578
f 738/613/592 697/583/559 737/612/591
f 695/581/557 737/612/591 697/583/559
f 738/613/592 726/604/580 739/614/593
f 728/605/582 739/614/593 726/604/580
f 739/614/593 699/585/561 738/613/592
f 697/583/559 738/613/592 699/585/561
f 739/614/593 728/605/582 740/615/594
f 730/606/584 740/615/594 728/605/582
f 740/615/594 701/587/563 739/614/593
f 699/585/561 739/614/593 701/587/563
f 740/615/594 730/606/584 741/616/595
f 732/607/586 741/616/595 730/606/584
f 741/616/595 703/589/565 740/615/594
f 701/587/563 740/615/594 703/589/565
f 741/616/595 732/607/586 742/617/596
f 743/618/597 742/617/596 732/607/586
f 743/618/597 732/607/586 744/464/508
f 744/464/508 732/607/586 745/459/598
f 746/619/599 743/618/597 744/464/508
f 747/490/506 746/619/599 744/464/508
f 742/617/596 705/591/567 741/616/595
f 703/589/565 741/616/595 705/591/567
f 746/619/599 748/620/600 743/618/597
f 742/617/596 743/618/597 748/620/600
f 748/620/600 707/593/569 742/617/596
f 705/591/567 742/617/596 707/593/569
f 747/490/506 749/489/504 746/619/599
f 748/620/600 746/619/599 749/489/504
f 749/489/504 709/488/502 748/620/600
f 707/593/569 748/620/600 709/488/502
f 513/447/464 514/448/465 750/621/466
f 750/621/466 514/448/465 751/622/601
f 514/448/465 752/623/602 751/622/601
f 750/621/466 490/426/450 513/447/464
f 753/624/464 490/426/450 750/621/466
f 754/625/464 490/426/450 753/624/464
f 755/626/603 754/625/464 753/624/464
f 756/493/604 755/626/603 753/624/464
f 757/627/605 756/493/604 753/624/464
f 758/495/606 757/627/605 753/624/464
f 759/400/607 758/495/606 753/624/464
f 753/624/464 750/621/466 759/400/607
f 760/628/608 754/625/464 755/626/603
f 761/629/609 754/625/464 760/628/608
f 762/630/610 490/426/450 754/625/464
f 513/447/464 490/426/450 511/445/464
f 511/445/464 490/426/450 508/442/466
f 508/442/466 490/426/450 506/440/464
f 490/426/450 493/427/451 506/440/464
f 762/630/610 754/625/464 763/631/611
f 764/632/467 762/630/610 763/631/611
f 763/631/611 754/625/464 765/633/463
f 754/625/464 761/629/609 765/633/463
f 759/400/607 750/621/466 766/634/612
f 766/634/612 750/621/466 767/401/613
f 767/401/613 750/621/466 768/635/613
f 750/621/466 751/622/601 768/635/613
f 770/623/614 612/448/538 769/636/615
f 612/448/538 584/505/525 769/636/615
f 769/636/615 584/505/525 771/637/616
f 584/505/525 582/399/523 771/637/616
f 773/637/617 465/399/424 772/635/617
f 468/402/427 772/635/617 465/399/424
f 495/429/453 774/638/618 494/428/452
f 774/638/618 775/639/618 494/428/452
f 775/639/618 776/474/618 494/428/452
f 776/474/618 777/640/618 494/428/452
f 777/640/618 778/641/618 494/428/452
f 778/641/618 779/642/618 494/428/452
f 779/642/618 780/643/618 494/428/452
f 780/643/618 781/644/618 494/428/452
f 781/644/618 504/438/462 494/428/452
f 784/645/619 783/641/618 782/640/618
f 787/646/620 786/647/621 785/648/622
f 786/647/621 788/649/622 785/648/622
f 785/648/622 788/649/622 789/650/623
f 788/649/622 790/651/232 789/650/623
f 791/652/624 786/647/621 787/646/620
f 792/653/624 791/652/624 787/646/620
f 793/654/624 791/652/624 792/653/624
f 794/655/625 793/654/624 792/653/624
f 795/656/624 793/654/624 794/655/625
f 796/657/626 795/656/624 794/655/625
f 797/658/627 796/657/626 794/655/625
f 798/659/627 797/658/627 794/655/625
f 799/660/628 797/658/627 798/659/627
f 800/661/627 797/658/627 799/660/628
f 801/662/629 800/661/627 799/660/628
f 802/663/630 801/662/629 799/660/628
f 803/664/630 802/663/630 799/660/628
f 804/665/631 802/663/630 803/664/630
f 805/666/632 802/663/630 804/665/631
f 806/667/633 805/666/632 804/665/631
f 807/668/633 806/667/633 804/665/631
f 808/669/634 806/667/633 807/668/633
f 809/670/633 808/669/634 807/668/633
f 810/671/635 808/669/634 809/670/633
f 811/672/636 808/669/634 810/671/635
f 812/673/637 811/672/636 810/671/635
f 813/674/638 811/672/636 812/673/637
f 813/674/638 812/673/637 814/675/639
f 812/673/637 815/676/639 814/675/639
f 814/675/639 815/676/639 816/677/640
f 815/676/639 817/678/640 816/677/640
f 542/384/409 543/473/495 818/679/641
f 819/680/642 818/679/641 543/473/495
f 822/448/643 821/505/644 820/681/645
f 823/399/646 820/681/645 821/505/644
f 821/505/644 824/504/647 823/399/646
f 825/397/648 823/399/646 824/504/647
f 824/504/647 826/506/649 825/397/648
f 827/396/650 825/397/648 826/506/649
f 826/506/649 828/507/651 827/396/650
f 829/403/652 827/396/650 828/507/651
f 828/507/651 830/508/653 829/403/652
f 831/405/654 829/403/652 830/508/653
f 830/508/653 832/509/655 831/405/654
f 833/407/656 831/405/654 832/509/655
f 832/509/655 834/510/657 833/407/656
f 835/409/658 833/407/656 834/510/657
f 834/510/657 836/511/659 835/409/658
f 837/411/660 835/409/658 836/511/659
f 836/511/659 838/512/661 837/411/660
f 839/413/662 837/411/660 838/512/661
f 838/512/661 840/513/663 839/413/662
f 841/415/664 839/413/662 840/513/663
f 840/513/663 842/514/665 841/415/664
f 843/417/666 841/415/664 842/514/665
f 842/514/665 844/515/667 843/417/666
f 845/419/668 843/417/666 844/515/667
f 844/515/667 846/477/669 845/419/668
f 847/421/670 845/419/668 846/477/669
f 834/510/657 832/509/655 848/516/671
f 849/517/672 848/516/671 832/509/655
f 832/509/655 830/508/653 849/517/672
f 850/518/673 849/517/672 830/508/653
f 830/508/653 828/507/651 850/518/673
f 851/519/674 850/518/673 828/507/651
f 828/507/651 826/506/649 851/519/674
f 852/520/675 851/519/674 826/506/649
f 826/506/649 824/504/647 852/520/675
f 853/521/676 852/520/675 824/504/647
f 824/504/647 821/505/644 853/521/676
f 854/522/677 853/521/676 821/505/644
f 821/505/644 822/448/643 854/522/677
f 855/446/678 854/522/677 822/448/643
f 855/446/678 856/444/679 854/522/677
f 857/523/680 854/522/677 856/444/679
f 854/522/677 857/523/680 853/521/676
f 856/444/679 858/443/681 857/523/680
f 859/524/682 857/523/680 858/443/681
f 857/523/680 859/524/682 860/525/683
f 860/525/683 853/521/676 857/523/680
f 853/521/676 860/525/683 852/520/675
f 861/526/684 860/525/683 859/524/682
f 860/525/683 861/526/684 862/527/685
f 862/527/685 852/520/675 860/525/683
f 852/520/675 862/527/685 851/519/674
f 863/528/686 862/527/685 861/526/684
f 862/527/685 863/528/686 864/529/687
f 865/530/688 864/529/687 863/528/686
f 864/529/687 865/530/688 866/531/689
f 867/532/690 866/531/689 865/530/688
f 866/531/689 867/532/690 868/533/691
f 869/534/692 868/533/691 867/532/690
f 868/533/691 869/534/692 870/535/693
f 871/536/694 870/535/693 869/534/692
f 870/535/693 871/536/694 872/537/695
f 873/538/696 872/537/695 871/536/694
f 872/537/695 873/538/696 874/539/697
f 875/540/698 874/539/697 873/538/696
f 874/539/697 875/540/698 876/541/699
f 877/542/700 876/541/699 875/540/698
f 876/541/699 877/542/700 878/543/701
f 879/544/702 878/543/701 877/542/700
f 878/543/701 879/544/702 880/545/703
f 881/546/704 880/545/703 879/544/702
f 880/545/703 881/546/704 882/480/705
f 883/482/706 882/480/705 881/546/704
f 870/535/693 848/516/671 868/533/691
f 872/537/695 884/547/707 870/535/693
f 848/516/671 870/535/693 884/547/707
f 848/516/671 884/547/707 834/510/657
f 836/511/659 834/510/657 884/547/707
f 884/547/707 885/548/708 836/511/659
f 838/512/661 836/511/659 885/548/708
f 885/548/708 886/549/709 838/512/661
f 840/513/663 838/512/661 886/549/709
f 886/549/709 887/550/415 840/513/663
f 842/514/665 840/513/663 887/550/415
f 887/550/415 888/551/710 842/514/665
f 844/515/667 842/514/665 888/551/710
f 888/551/710 889/479/497 844/515/667
f 846/477/669 844/515/667 889/479/497
f 884/547/707 872/537/695 885/548/708
f 874/539/697 885/548/708 872/537/695
f 885/548/708 874/539/697 886/549/709
f 876/541/699 886/549/709 874/539/697
f 886/549/709 876/541/699 887/550/415
f 878/543/701 887/550/415 876/541/699
f 887/550/415 878/543/701 888/551/710
f 880/545/703 888/551/710 878/543/701
f 888/551/710 880/545/703 889/479/497
f 882/480/705 889/479/497 880/545/703
f 892/447/464 891/448/711 890/621/712
f 893/681/713 890/621/712 891/448/711
f 890/621/712 894/682/714 892/447/464
f 895/683/450 892/447/464 894/682/714
f 894/682/714 896/684/715 895/683/450
f 897/685/448 895/683/450 896/684/715
f 896/684/715 898/686/716 897/685/448
f 899/687/453 897/685/448 898/686/716
f 898/686/716 900/688/618 899/687/453
f 901/689/618 899/687/453 900/688/618
f 891/448/711 892/447/464 902/446/463
f 903/690/464 902/446/463 892/447/464
f 892/447/464 895/683/450 903/690/464
f 904/691/450 903/690/464 895/683/450
f 895/683/450 897/685/448 904/691/450
f 905/692/448 904/691/450 897/685/448
f 897/685/448 899/687/453 905/692/448
f 906/693/453 905/692/448 899/687/453
f 899/687/453 901/689/618 906/693/453
f 907/478/618 906/693/453 901/689/618
f 903/690/464 908/445/464 902/446/463
f 909/444/717 902/446/463 908/445/464
f 908/445/464 910/442/466 909/444/717
f 911/443/467 909/444/717 910/442/466
f 910/442/466 908/445/464 912/694/450
f 913/695/450 912/694/450 908/445/464
f 908/445/464 903/690/464 913/695/450
f 904/691/450 913/695/450 903/690/464
f 912/694/450 913/695/450 914/696/448
f 915/697/448 914/696/448 913/695/450
f 913/695/450 904/691/450 915/697/448
f 905/692/448 915/697/448 904/691/450
f 914/696/448 915/697/448 916/698/453
f 917/699/453 916/698/453 915/697/448
f 915/697/448 905/692/448 917/699/453
f 906/693/453 917/699/453 905/692/448
f 916/698/453 917/699/453 918/700/618
f 919/481/618 918/700/618 917/699/453
f 917/699/453 906/693/453 919/481/618
f 907/478/618 919/481/618 906/693/453
f 911/443/467 910/442/466 920/441/711
f 921/440/464 920/441/711 910/442/466
f 910/442/466 912/694/450 921/440/464
f 922/701/718 921/440/464 912/694/450
f 912/694/450 914/696/448 922/701/718
f 923/702/448 922/701/718 914/696/448
f 914/696/448 916/698/453 923/702/448
f 924/703/453 923/702/448 916/698/453
f 916/698/453 918/700/618 924/703/453
f 925/483/618 924/703/453 918/700/618
f 920/441/711 921/440/464 926/439/463
f 927/704/464 926/439/463 921/440/464
f 921/440/464 922/701/718 927/704/464
f 928/705/718 927/704/464 922/701/718
f 922/701/718 923/702/448 928/705/718
f 929/706/448 928/705/718 923/702/448
f 923/702/448 924/703/453 929/706/448
f 930/707/453 929/706/448 924/703/453
f 924/703/453 925/483/618 930/707/453
f 931/485/618 930/707/453 925/483/618
f 927/704/464 932/432/719 926/439/463
f 933/434/458 926/439/463 932/432/719
f 932/432/719 934/433/720 933/434/458
f 935/435/721 933/434/458 934/433/720
f 934/433/720 932/432/719 936/431/722
f 937/708/723 936/431/722 932/432/719
f 932/432/719 927/704/464 937/708/723
f 928/705/718 937/708/723 927/704/464
f 936/431/722 937/708/723 938/430/724
f 939/709/725 938/430/724 937/708/723
f 937/708/723 928/705/718 939/709/725
f 929/706/448 939/709/725 928/705/718
f 938/430/724 939/709/725 940/436/726
f 941/710/452 940/436/726 939/709/725
f 939/709/725 929/706/448 941/710/452
f 930/707/453 941/710/452 929/706/448
f 940/436/726 941/710/452 942/437/727
f 943/438/462 942/437/727 941/710/452
f 941/710/452 930/707/453 943/438/462
f 931/485/618 943/438/462 930/707/453
f 935/435/721 934/433/720 944/449/728
f 935/435/721 944/449/728 945/450/729
f 946/451/730 935/435/721 945/450/729
f 945/450/729 944/449/728 947/452/731
f 947/452/731 944/449/728 948/453/732
f 948/453/732 944/449/728 949/454/733
f 949/454/733 944/449/728 950/455/734
f 951/468/735 949/454/733 950/455/734
f 950/455/734 944/449/728 952/456/736
f 953/457/737 950/455/734 952/456/736
f 950/455/734 953/457/737 951/468/735
f 953/457/737 952/456/736 954/458/738
f 954/458/738 952/456/736 955/459/739
f 956/460/740 955/459/739 952/456/736
f 957/461/741 952/456/736 944/449/728
f 952/456/736 957/461/741 956/460/740
f 944/449/728 934/433/720 957/461/741
f 936/431/722 957/461/741 934/433/720
f 958/462/742 956/460/740 957/461/741
f 957/461/741 936/431/722 958/462/742
f 938/430/724 958/462/742 936/431/722
f 956/460/740 958/462/742 959/463/743
f 959/463/743 960/464/744 956/460/740
f 961/459/739 956/460/740 960/464/744
f 959/463/743 962/465/745 960/464/744
f 963/466/746 959/463/743 958/462/742
f 958/462/742 938/430/724 963/466/746
f 959/463/743 963/466/746 962/465/745
f 940/436/726 963/466/746 938/430/724
f 964/467/747 962/465/745 963/466/746
f 963/466/746 940/436/726 964/467/747
f 942/437/727 964/467/747 940/436/726
f 967/477/748 966/689/749 965/421/750
f 968/688/642 965/421/750 966/689/749
f 966/689/749 967/477/748 969/478/751
f 970/479/497 969/478/751 967/477/748
f 970/479/497 971/480/705 969/478/751
f 972/481/752 969/478/751 971/480/705
f 971/480/705 973/482/706 972/481/752
f 974/700/642 972/481/752 973/482/706
f 974/700/642 973/482/706 975/483/749
f 976/484/669 975/483/749 973/482/706
f 975/483/749 976/484/669 977/485/751
f 978/486/497 977/485/751 976/484/669
f 978/486/497 979/487/705 977/485/751
f 980/438/753 977/485/751 979/487/705
f 979/487/705 981/488/754 980/438/753
f 982/437/755 980/438/753 981/488/754
f 981/488/754 983/489/756 982/437/755
f 984/467/757 982/437/755 983/489/756
f 983/489/756 985/490/758 984/467/757
f 986/465/759 984/467/757 985/490/758
f 986/465/759 985/490/758 987/464/760
f 864/529/687 851/519/674 862/527/685
f 851/519/674 864/529/687 850/518/673
f 866/531/689 850/518/673 864/529/687
f 850/518/673 866/531/689 849/517/672
f 868/533/691 849/517/672 866/531/689
f 849/517/672 868/533/691 848/516/671
f 990/441/761 989/552/762 988/443/763
f 991/524/764 988/443/763 989/552/762
f 989/552/762 992/553/765 991/524/764
f 993/526/766 991/524/764 992/553/765
f 992/553/765 994/554/767 993/526/766
f 995/528/768 993/526/766 994/554/767
f 994/554/767 996/555/769 995/528/768
f 997/530/770 995/528/768 996/555/769
f 996/555/769 998/556/771 997/530/770
f 999/532/772 997/530/770 998/556/771
f 998/556/771 1000/557/773 999/532/772
f 1001/534/774 999/532/772 1000/557/773
f 1000/557/773 1002/558/775 1001/534/774
f 1003/536/776 1001/534/774 1002/558/775
f 1002/558/775 1004/559/777 1003/536/776
f 1005/538/778 1003/536/776 1004/559/777
f 1004/559/777 1006/560/779 1005/538/778
f 1007/540/780 1005/538/778 1006/560/779
f 1006/560/779 1008/561/781 1007/540/780
f 1009/542/782 1007/540/780 1008/561/781
f 1008/561/781 1010/562/783 1009/542/782
f 1011/544/784 1009/542/782 1010/562/783
f 1010/562/783 1012/563/785 1011/544/784
f 881/546/704 1011/544/784 1012/563/785
f 1012/563/785 1013/484/669 881/546/704
f 883/482/706 881/546/704 1013/484/669
f 1002/558/775 1000/557/773 1014/564/671
f 1015/565/672 1014/564/671 1000/557/773
f 1000/557/773 998/556/771 1015/565/672
f 1016/566/786 1015/565/672 998/556/771
f 998/556/771 996/555/769 1016/566/786
f 1017/567/674 1016/566/786 996/555/769
f 996/555/769 994/554/767 1017/567/674
f 1018/568/675 1017/567/674 994/554/767
f 994/554/767 992/553/765 1018/568/675
f 1019/569/676 1018/568/675 992/553/765
f 992/553/765 989/552/762 1019/569/676
f 1020/570/787 1019/569/676 989/552/762
f 989/552/762 990/441/761 1020/570/787
f 1021/439/788 1020/570/787 990/441/761
f 1021/439/788 1022/434/540 1020/570/787
f 1023/571/789 1020/570/787 1022/434/540
f 1020/570/787 1023/571/789 1019/569/676
f 1023/571/789 1022/434/540 1024/435/790
f 1023/571/789 1024/435/790 1025/572/791
f 1025/572/791 1019/569/676 1023/571/789
f 1019/569/676 1025/572/791 1018/568/675
f 1026/573/792 1025/572/791 1024/435/790
f 1025/572/791 1026/573/792 1027/574/793
f 1027/574/793 1018/568/675 1025/572/791
f 1018/568/675 1027/574/793 1017/567/674
f 1028/575/794 1027/574/793 1026/573/792
f 1027/574/793 1028/575/794 1029/576/795
f 1030/577/796 1029/576/795 1028/575/794
f 1029/576/795 1030/577/796 1031/578/797
f 1032/579/798 1031/578/797 1030/577/796
f 1031/578/797 1032/579/798 1033/580/799
f 1034/581/800 1033/580/799 1032/579/798
f 1033/580/799 1034/581/800 1035/582/801
f 1036/583/802 1035/582/801 1034/581/800
f 1035/582/801 1036/583/802 1037/584/803
f 1038/585/804 1037/584/803 1036/583/802
f 1037/584/803 1038/585/804 1039/586/805
f 1040/587/806 1039/586/805 1038/585/804
f 1039/586/805 1040/587/806 1041/588/807
f 1042/589/808 1041/588/807 1040/587/806
f 1041/588/807 1042/589/808 1043/590/809
f 1044/591/810 1043/590/809 1042/589/808
f 1043/590/809 1044/591/810 1045/592/811
f 1046/593/812 1045/592/811 1044/591/810
f 1045/592/811 1046/593/812 1047/487/705
f 1048/488/754 1047/487/705 1046/593/812
f 1035/582/801 1014/564/671 1033/580/799
f 1037/584/803 1049/594/707 1035/582/801
f 1014/564/671 1035/582/801 1049/594/707
f 1014/564/671 1049/594/707 1002/558/775
f 1004/559/777 1002/558/775 1049/594/707
f 1049/594/707 1050/595/708 1004/559/777
f 1006/560/779 1004/559/777 1050/595/708
f 1050/595/708 1051/596/709 1006/560/779
f 1008/561/781 1006/560/779 1051/596/709
f 1051/596/709 1052/597/415 1008/561/781
f 1010/562/783 1008/561/781 1052/597/415
f 1052/597/415 1053/598/813 1010/562/783
f 1012/563/785 1010/562/783 1053/598/813
f 1053/598/813 1054/486/497 1012/563/785
f 1013/484/669 1012/563/785 1054/486/497
f 1049/594/707 1037/584/803 1050/595/708
f 1039/586/805 1050/595/708 1037/584/803
f 1050/595/708 1039/586/805 1051/596/709
f 1041/588/807 1051/596/709 1039/586/805
f 1051/596/709 1041/588/807 1052/597/415
f 1043/590/809 1052/597/415 1041/588/807
f 1052/597/415 1043/590/809 1053/598/813
f 1045/592/811 1053/598/813 1043/590/809
f 1053/598/813 1045/592/811 1054/486/497
f 1047/487/705 1054/486/497 1045/592/811
f 1029/576/795 1017/567/674 1027/574/793
f 1017/567/674 1029/576/795 1016/566/786
f 1031/578/797 1016/566/786 1029/576/795
f 1016/566/786 1031/578/797 1015/565/672
f 1033/580/799 1015/565/672 1031/578/797
f 1015/565/672 1033/580/799 1014/564/671
f 1056/451/814 1055/599/815 1024/435/790
f 1055/599/815 1056/451/814 1057/600/816
f 1058/472/817 1057/600/816 1056/451/814
f 1057/600/816 1058/472/817 1059/601/818
f 1060/471/819 1059/601/818 1058/472/817
f 1059/601/818 1060/471/819 1061/602/820
f 1062/470/821 1061/602/820 1060/471/819
f 1061/602/820 1062/470/821 1063/603/822
f 1064/469/823 1063/603/822 1062/470/821
f 1063/603/822 1064/469/823 1065/604/824
f 1066/457/825 1065/604/824 1064/469/823
f 1065/604/824 1066/457/825 1067/605/826
f 1068/458/827 1067/605/826 1066/457/825
f 1067/605/826 1068/458/827 1069/606/828
f 1070/459/829 1069/606/828 1068/458/827
f 1069/606/828 1070/459/829 1071/607/830
f 1059/601/818 1072/608/831 1057/600/816
f 1073/609/832 1057/600/816 1072/608/831
f 1072/608/831 1030/577/796 1073/609/832
f 1028/575/794 1073/609/832 1030/577/796
f 1073/609/832 1028/575/794 1074/610/833
f 1074/610/833 1055/599/815 1073/609/832
f 1055/599/815 1074/610/833 1024/435/790
f 1074/610/833 1026/573/792 1024/435/790
f 1026/573/792 1074/610/833 1028/575/794
f 1057/600/816 1073/609/832 1055/599/815
f 1030/577/796 1072/608/831 1032/579/798
f 1075/611/834 1032/579/798 1072/608/831
f 1072/608/831 1059/601/818 1075/611/834
f 1061/602/820 1075/611/834 1059/601/818
f 1075/611/834 1061/602/820 1076/612/835
f 1063/603/822 1076/612/835 1061/602/820
f 1032/579/798 1075/611/834 1034/581/800
f 1076/612/835 1034/581/800 1075/611/834
f 1076/612/835 1063/603/822 1077/613/836
f 1065/604/824 1077/613/836 1063/603/822
f 1034/581/800 1076/612/835 1036/583/802
f 1077/613/836 1036/583/802 1076/612/835
f 1077/613/836 1065/604/824 1078/614/837
f 1067/605/826 1078/614/837 1065/604/824
f 1036/583/802 1077/613/836 1038/585/804
f 1078/614/837 1038/585/804 1077/613/836
f 1078/614/837 1067/605/826 1079/615/838
f 1069/606/828 1079/615/838 1067/605/826
f 1038/585/804 1078/614/837 1040/587/806
f 1079/615/838 1040/587/806 1078/614/837
f 1079/615/838 1069/606/828 1080/616/839
f 1071/607/830 1080/616/839 1069/606/828
f 1040/587/806 1079/615/838 1042/589/808
f 1080/616/839 1042/589/808 1079/615/838
f 1080/616/839 1071/607/830 1081/617/840
f 1082/618/841 1081/617/840 1071/607/830
f 1082/618/841 1071/607/830 1083/464/760
f 1083/464/760 1071/607/830 1084/459/842
f 1085/619/843 1082/618/841 1083/464/760
f 1086/490/844 1085/619/843 1083/464/760
f 1042/589/808 1080/616/839 1044/591/810
f 1081/617/840 1044/591/810 1080/616/839
f 1081/617/840 1082/618/841 1087/620/845
f 1085/619/843 1087/620/845 1082/618/841
f 1044/591/810 1081/617/840 1046/593/812
f 1087/620/845 1046/593/812 1081/617/840
f 1087/620/845 1085/619/843 1088/489/756
f 1086/490/844 1088/489/756 1085/619/843
f 1046/593/812 1087/620/845 1048/488/754
f 1088/489/756 1048/488/754 1087/620/845
f 1089/469/846 951/468/735 953/457/737
f 1089/469/846 1090/470/847 951/468/735
f 949/454/733 951/468/735 1090/470/847
f 1090/470/847 1091/471/848 949/454/733
f 948/453/732 949/454/733 1091/471/848
f 1091/471/848 1092/472/849 948/453/732
f 947/452/731 948/453/732 1092/472/849
f 947/452/731 1092/472/849 945/450/729
f 946/451/730 945/450/729 1092/472/849
f 1095/711/850 1094/712/850 1093/713/851
f 1096/714/851 1093/713/851 1094/712/850
f 1094/712/850 1095/711/850 1097/715/852
f 1098/716/852 1097/715/852 1095/711/850
f 1097/715/852 1098/716/852 1099/717/232
f 1100/718/232 1099/717/232 1098/716/852
f 1099/717/232 1100/718/232 1101/719/853
f 1102/720/853 1101/719/853 1100/718/232
f 1093/713/851 1096/714/851 1103/721/854
f 1104/722/854 1103/721/854 1096/714/851
f 1103/721/854 1104/722/854 1105/723/855
f 1106/724/855 1105/723/855 1104/722/854
f 1105/723/855 1106/724/855 1107/725/191
f 1108/726/191 1107/725/191 1106/724/855
f 1107/725/191 1108/726/191 1109/727/856
f 1110/728/856 1109/727/856 1108/726/191
f 1109/727/856 1110/728/856 1111/729/857
f 1112/730/857 1111/729/857 1110/728/856
f 1111/729/857 1112/730/857 1113/731/858
f 1114/732/858 1113/731/858 1112/730/857
f 1113/731/858 1114/732/858 1115/733/859
f 1116/734/859 1115/733/859 1114/732/858
f 1115/733/859 1116/734/859 1117/735/860
f 1118/736/853 1117/735/860 1116/734/859
f 1121/737/850 1120/738/850 1119/739/851
f 1122/740/851 1119/739/851 1120/738/850
f 1120/738/850 1121/737/850 1123/741/852
f 1124/742/852 1123/741/852 1121/737/850
f 1123/741/852 1124/742/852 1125/743/232
f 1126/744/232 1125/743/232 1124/742/852
f 1125/743/232 1126/744/232 1127/745/853
f 1128/746/853 1127/745/853 1126/744/232
f 1119/739/851 1122/740/851 1129/747/854
f 1130/748/854 1129/747/854 1122/740/851
f 1129/747/854 1130/748/854 1131/749/855
f 1132/750/855 1131/749/855 1130/748/854
f 1131/749/855 1132/750/855 1133/751/191
f 1134/752/191 1133/751/191 1132/750/855
f 1133/751/191 1134/752/191 1135/753/856
f 1136/754/856 1135/753/856 1134/752/191
f 1135/753/856 1136/754/856 1137/755/857
f 1138/756/857 1137/755/857 1136/754/856
f 1137/755/857 1138/756/857 1139/757/858
f 1140/758/858 1139/757/858 1138/756/857
f 1139/757/858 1140/758/858 1141/759/859
f 1142/760/859 1141/759/859 1140/758/858
f 1141/759/859 1142/760/859 1143/761/860
f 1144/762/853 1143/761/860 1142/760/859
f 1147/763/850 1146/764/850 1145/765/851
f 1148/766/851 1145/765/851 1146/764/850
f 1146/764/850 1147/763/850 1149/767/852
f 1150/768/852 1149/767/852 1147/763/850
f 1149/767/852 1150/768/852 1151/769/232
f 1152/770/232 1151/769/232 1150/768/852
f 1151/769/232 1152/770/232 1153/771/853
f 1154/772/853 1153/771/853 1152/770/232
f 1145/765/851 1148/766/851 1155/773/854
f 1156/774/854 1155/773/854 1148/766/851
f 1155/773/854 1156/774/854 1157/775/855
f 1158/776/855 1157/775/855 1156/774/854
f 1157/775/855 1158/776/855 1159/777/191
f 1160/778/191 1159/777/191 1158/776/855
f 1159/777/191 1160/778/191 1161/779/856
f 1162/780/856 1161/779/856 1160/778/191
f 1161/779/856 1162/780/856 1163/781/857
f 1164/782/857 1163/781/857 1162/780/856
f 1163/781/857 1164/782/857 1165/783/858
f 1166/784/858 1165/783/858 1164/782/857
f 1165/783/858 1166/784/858 1167/785/859
f 1168/786/859 1167/785/859 1166/784/858
f 1167/785/859 1168/786/859 1169/787/853
f 1170/788/853 1169/787/853 1168/786/859
f 1173/789/861 1172/790/861 1171/791/861
f 1172/790/861 1174/792/861 1171/791/861
f 1175/793/861 1174/792/861 1172/790/861
f 1176/794/861 1175/793/861 1172/790/861
f 1177/795/861 1176/794/861 1172/790/861
f 1178/796/861 1175/793/861 1176/794/861
f 1179/797/861 1174/792/861 1175/793/861
f 1180/798/861 1179/797/861 1175/793/861
f 1181/799/861 1174/792/861 1179/797/861
f 1171/791/861 1174/792/861 1182/800/861
f 1185/797/4 1184/801/4 1183/802/4
f 1184/801/4 1186/800/4 1183/802/4
f 1187/795/4 1186/800/4 1184/801/4
f 1188/796/4 1187/795/4 1184/801/4
f 1189/803/4 1188/796/4 1184/801/4
f 1190/804/4 1187/795/4 1188/796/4
f 1191/805/4 1186/800/4 1187/795/4
f 1192/790/4 1191/805/4 1187/795/4
f 1193/791/4 1186/800/4 1191/805/4
f 1183/802/4 1186/800/4 1194/806/4
f 1197/711/850 1196/712/850 1195/713/851
f 1198/714/851 1195/713/851 1196/712/850
f 1196/712/850 1197/711/850 1199/715/852
f 1200/716/852 1199/715/852 1197/711/850
f 1199/715/852 1200/716/852 1201/717/232
f 1202/718/232 1201/717/232 1200/716/852
f 1201/717/232 1202/718/232 1203/719/853
f 1204/720/853 1203/719/853 1202/718/232
f 1195/713/851 1198/714/851 1205/721/854
f 1206/722/854 1205/721/854 1198/714/851
f 1205/721/854 1206/722/854 1207/723/855
f 1208/724/855 1207/723/855 1206/722/854
f 1207/723/855 1208/724/855 1209/725/191
f 1210/726/191 1209/725/191 1208/724/855
f 1209/725/191 1210/726/191 1211/727/856
f 1212/728/856 1211/727/856 1210/726/191
f 1211/727/856 1212/728/856 1213/729/857
f 1214/730/857 1213/729/857 1212/728/856
f 1213/729/857 1214/730/857 1215/731/858
f 1216/732/858 1215/731/858 1214/730/857
f 1215/731/858 1216/732/858 1217/733/859
f 1218/734/859 1217/733/859 1216/732/858
f 1217/733/859 1218/734/859 1219/735/853
f 1220/736/853 1219/735/853 1218/734/859
f 1223/737/850 1222/738/850 1221/739/851
f 1224/740/851 1221/739/851 1222/738/850
f 1222/738/850 1223/737/850 1225/741/852
f 1226/742/852 1225/741/852 1223/737/850
f 1225/741/852 1226/742/852 1227/743/232
f 1228/744/232 1227/743/232 1226/742/852
f 1227/743/232 1228/744/232 1229/745/853
f 1230/746/853 1229/745/853 1228/744/232
f 1221/739/851 1224/740/851 1231/747/854
f 1232/748/854 1231/747/854 1224/740/851
f 1231/747/854 1232/748/854 1233/749/855
f 1234/750/855 1233/749/855 1232/748/854
f 1233/749/855 1234/750/855 1235/751/191
f 1236/752/191 1235/751/191 1234/750/855
f 1235/751/191 1236/752/191 1237/753/856
f 1238/754/856 1237/753/856 1236/752/191
f 1237/753/856 1238/754/856 1239/755/857
f 1240/756/857 1239/755/857 1238/754/856
f 1239/755/857 1240/756/857 1241/757/858
f 1242/758/858 1241/757/858 1240/756/857
f 1241/757/858 1242/758/858 1243/759/859
f 1244/760/859 1243/759/859 1242/758/858
f 1243/759/859 1244/760/859 1245/761/853
f 1246/762/853 1245/761/853 1244/760/859
f 1249/763/850 1248/764/850 1247/765/851
f 1250/766/851 1247/765/851 1248/764/850
f 1248/764/850 1249/763/850 1251/767/852
f 1252/768/852 1251/767/852 1249/763/850
f 1251/767/852 1252/768/852 1253/769/232
f 1254/770/232 1253/769/232 1252/768/852
f 1253/769/232 1254/770/232 1255/771/853
f 1256/772/853 1255/771/853 1254/770/232
f 1247/765/851 1250/766/851 1257/773/854
f 1258/774/854 1257/773/854 1250/766/851
f 1257/773/854 1258/774/854 1259/775/855
f 1260/776/855 1259/775/855 1258/774/854
f 1259/775/855 1260/776/855 1261/777/191
f 1262/778/191 1261/777/191 1260/776/855
f 1261/777/191 1262/778/191 1263/779/856
f 1264/780/856 1263/779/856 1262/778/191
f 1263/779/856 1264/780/856 1265/781/857
f 1266/782/857 1265/781/857 1264/780/856
f 1265/781/857 1266/782/857 1267/783/858
f 1268/784/858 1267/783/858 1266/782/857
f 1267/783/858 1268/784/858 1269/785/859
f 1270/786/859 1269/785/859 1268/784/858
f 1269/785/859 1270/786/859 1271/787/853
f 1272/788/853 1271/787/853 1270/786/859
f 1275/789/861 1274/790/861 1273/791/861
f 1274/790/861 1276/792/861 1273/791/861
f 1277/793/861 1276/792/861 1274/790/861
f 1278/794/861 1277/793/861 1274/790/861
f 1279/795/861 1278/794/861 1274/790/861
f 1280/796/861 1277/793/861 1278/794/861
f 1281/797/861 1276/792/861 1277/793/861
f 1282/798/861 1281/797/861 1277/793/861
f 1283/799/861 1276/792/861 1281/797/861
f 1273/791/861 1276/792/861 1284/800/861
f 1287/797/4 1286/801/4 1285/802/4
f 1286/801/4 1288/800/4 1285/802/4
f 1289/795/4 1288/800/4 1286/801/4
f 1290/796/4 1289/795/4 1286/801/4
f 1291/803/4 1290/796/4 1286/801/4
f 1292/804/4 1289/795/4 1290/796/4
f 1293/805/4 1288/800/4 1289/795/4
f 1294/790/4 1293/805/4 1289/795/4
f 1295/791/4 1288/800/4 1293/805/4
f 1285/802/4 1288/800/4 1296/806/4
f 1299/807/862 1298/808/863 1297/809/864
f 1300/810/865 1297/809/864 1298/808/863
f 1297/809/864 1301/811/866 1299/807/862
f 1302/812/867 1299/807/862 1301/811/866
f 1301/811/866 1303/813/868 1302/812/867
f 1304/814/869 1302/812/867 1303/813/868
f 1303/813/868 1305/815/870 1304/814/869
f 1306/816/871 1304/814/869 1305/815/870
f 1305/815/870 1307/817/872 1306/816/871
f 1308/818/873 1306/816/871 1307/817/872
f 1307/817/872 1309/819/874 1308/818/873
f 1310/820/875 1308/818/873 1309/819/874
f 1309/819/874 1311/821/876 1310/820/875
f 1312/822/877 1310/820/875 1311/821/876
f 1311/821/876 1313/823/878 1312/822/877
f 1314/824/879 1312/822/877 1313/823/878
f 1313/823/878 1315/825/880 1314/824/879
f 1316/826/881 1314/824/879 1315/825/880
f 1315/825/880 1317/827/882 1316/826/881
f 1318/828/883 1316/826/881 1317/827/882
f 1317/827/882 1319/829/884 1318/828/883
f 1320/830/885 1318/828/883 1319/829/884
f 1319/829/884 1321/831/886 1320/830/885
f 1322/832/887 1320/830/885 1321/831/886
f 1321/831/886 1323/833/888 1322/832/887
f 1324/834/889 1322/832/887 1323/833/888
f 1311/821/876 1309/819/874 1325/835/890
f 1326/836/891 1325/835/890 1309/819/874
f 1309/819/874 1307/817/872 1326/836/891
f 1327/837/892 1326/836/891 1307/817/872
f 1307/817/872 1305/815/870 1327/837/892
f 1328/838/893 1327/837/892 1305/815/870
f 1305/815/870 1303/813/868 1328/838/893
f 1329/839/894 1328/838/893 1303/813/868
f 1303/813/868 1301/811/866 1329/839/894
f 1330/840/895 1329/839/894 1301/811/866
f 1301/811/866 1297/809/864 1330/840/895
f 1331/841/896 1330/840/895 1297/809/864
f 1297/809/864 1300/810/865 1331/841/896
f 1332/842/897 1331/841/896 1300/810/865
f 1332/842/897 1333/843/898 1331/841/896
f 1334/844/899 1331/841/896 1333/843/898
f 1331/841/896 1334/844/899 1330/840/895
f 1334/844/899 1333/843/898 1335/845/900
f 1334/844/899 1335/845/900 1336/846/901
f 1336/846/901 1330/840/895 1334/844/899
f 1330/840/895 1336/846/901 1329/839/894
f 1337/847/902 1336/846/901 1335/845/900
f 1336/846/901 1337/847/902 1338/848/903
f 1338/848/903 1329/839/894 1336/846/901
f 1329/839/894 1338/848/903 1328/838/893
f 1339/849/904 1338/848/903 1337/847/902
f 1338/848/903 1339/849/904 1340/850/905
f 1341/851/906 1340/850/905 1339/849/904
f 1340/850/905 1341/851/906 1342/852/907
f 1343/853/908 1342/852/907 1341/851/906
f 1342/852/907 1343/853/908 1344/854/909
f 1345/855/910 1344/854/909 1343/853/908
f 1344/854/909 1345/855/910 1346/856/911
f 1347/857/912 1346/856/911 1345/855/910
f 1346/856/911 1347/857/912 1348/858/913
f 1349/859/914 1348/858/913 1347/857/912
f 1348/858/913 1349/859/914 1350/860/915
f 1351/861/916 1350/860/915 1349/859/914
f 1350/860/915 1351/861/916 1352/862/917
f 1353/863/918 1352/862/917 1351/861/916
f 1352/862/917 1353/863/918 1354/864/919
f 1355/865/920 1354/864/919 1353/863/918
f 1354/864/919 1355/865/920 1356/866/921
f 1357/867/922 1356/866/921 1355/865/920
f 1356/866/921 1357/867/922 1358/868/923
f 1359/869/924 1358/868/923 1357/867/922
f 1346/856/911 1325/835/890 1344/854/909
f 1325/835/890 1346/856/911 1360/870/925
f 1348/858/913 1360/870/925 1346/856/911
f 1325/835/890 1360/870/925 1311/821/876
f 1313/823/878 1311/821/876 1360/870/925
f 1360/870/925 1361/871/926 1313/823/878
f 1315/825/880 1313/823/878 1361/871/926
f 1361/871/926 1362/872/927 1315/825/880
f 1317/827/882 1315/825/880 1362/872/927
f 1362/872/927 1363/873/928 1317/827/882
f 1319/829/884 1317/827/882 1363/873/928
f 1363/873/928 1364/874/929 1319/829/884
f 1321/831/886 1319/829/884 1364/874/929
f 1364/874/929 1365/875/930 1321/831/886
f 1323/833/888 1321/831/886 1365/875/930
f 1360/870/925 1348/858/913 1361/871/926
f 1350/860/915 1361/871/926 1348/858/913
f 1361/871/926 1350/860/915 1362/872/927
f 1352/862/917 1362/872/927 1350/860/915
f 1362/872/927 1352/862/917 1363/873/928
f 1354/864/919 1363/873/928 1352/862/917
f 1363/873/928 1354/864/919 1364/874/929
f 1356/866/921 1364/874/929 1354/864/919
f 1364/874/929 1356/866/921 1365/875/930
f 1358/868/923 1365/875/930 1356/866/921
f 1368/808/931 1367/876/932 1366/810/933
f 1369/877/934 1366/810/933 1367/876/932
f 1366/810/933 1369/877/934 1370/842/935
f 1370/842/935 1369/877/934 1371/878/936
f 1372/843/937 1370/842/935 1371/878/936
f 1371/878/936 1373/879/938 1372/843/937
f 1374/845/939 1372/843/937 1373/879/938
f 1373/879/938 1371/878/936 1375/880/940
f 1376/881/941 1375/880/940 1371/878/936
f 1375/880/940 1376/881/941 1377/882/942
f 1378/883/943 1377/882/942 1376/881/941
f 1377/882/942 1378/883/943 1379/884/944
f 1380/885/945 1379/884/944 1378/883/943
f 1379/884/944 1380/885/945 1381/886/946
f 1382/887/947 1381/886/946 1380/885/945
f 1374/845/939 1373/879/938 1383/888/948
f 1374/845/939 1383/888/948 1384/889/949
f 1385/890/950 1374/845/939 1384/889/949
f 1383/888/948 1386/891/951 1384/889/949
f 1387/892/952 1386/891/951 1383/888/948
f 1388/893/953 1387/892/952 1383/888/948
f 1389/894/954 1388/893/953 1383/888/948
f 1390/895/955 1388/893/953 1389/894/954
f 1389/894/954 1383/888/948 1391/896/956
f 1392/897/957 1389/894/954 1391/896/956
f 1392/897/957 1391/896/956 1393/898/958
f 1393/898/958 1391/896/956 1394/899/959
f 1395/900/960 1394/899/959 1391/896/956
f 1394/899/959 1395/900/960 1396/901/961
f 1397/902/962 1396/901/961 1395/900/960
f 1397/902/962 1398/903/963 1396/901/961
f 1399/904/964 1391/896/956 1383/888/948
f 1391/896/956 1399/904/964 1395/900/960
f 1400/905/965 1395/900/960 1399/904/964
f 1395/900/960 1400/905/965 1397/902/962
f 1399/904/964 1375/880/940 1400/905/965
f 1375/880/940 1399/904/964 1373/879/938
f 1383/888/948 1373/879/938 1399/904/964
f 1377/882/942 1400/905/965 1375/880/940
f 1401/906/966 1397/902/962 1400/905/965
f 1400/905/965 1377/882/942 1401/906/966
f 1397/902/962 1401/906/966 1398/903/963
f 1379/884/944 1401/906/966 1377/882/942
f 1402/907/967 1398/903/963 1401/906/966
f 1401/906/966 1379/884/944 1402/907/967
f 1381/886/946 1402/907/967 1379/884/944
f 1405/908/968 1404/833/888 1403/909/969
f 1406/875/930 1403/909/969 1404/833/888
f 1406/875/930 1407/868/923 1403/909/969
f 1408/887/970 1403/909/969 1407/868/923
f 1407/868/923 1409/869/924 1408/887/970
f 1410/886/971 1408/887/970 1409/869/924
f 1409/869/924 1411/910/972 1410/886/971
f 1412/907/973 1410/886/971 1411/910/972
f 1411/910/972 1413/911/974 1412/907/973
f 1414/903/975 1412/907/973 1413/911/974
f 1414/903/975 1413/911/974 1415/901/976
f 1405/908/968 1417/912/977 1416/833/977
f 1418/834/977 1416/833/977 1417/912/977
f 1340/850/905 1328/838/893 1338/848/903
f 1328/838/893 1340/850/905 1327/837/892
f 1342/852/907 1327/837/892 1340/850/905
f 1327/837/892 1342/852/907 1326/836/891
f 1344/854/909 1326/836/891 1342/852/907
f 1326/836/891 1344/854/909 1325/835/890
f 1420/890/978 1419/913/979 1335/845/900
f 1419/913/979 1420/890/978 1421/914/980
f 1422/915/981 1421/914/980 1420/890/978
f 1421/914/980 1422/915/981 1423/916/982
f 1424/917/983 1423/916/982 1422/915/981
f 1423/916/982 1424/917/983 1425/918/984
f 1426/919/985 1425/918/984 1424/917/983
f 1425/918/984 1426/919/985 1427/920/986
f 1428/921/987 1427/920/986 1426/919/985
f 1427/920/986 1428/921/987 1429/922/988
f 1430/897/989 1429/922/988 1428/921/987
f 1419/913/979 1431/923/990 1335/845/900
f 1431/923/990 1337/847/902 1335/845/900
f 1421/914/980 1432/924/991 1419/913/979
f 1431/923/990 1419/913/979 1432/924/991
f 1432/924/991 1339/849/904 1431/923/990
f 1337/847/902 1431/923/990 1339/849/904
f 1423/916/982 1433/925/992 1421/914/980
f 1432/924/991 1421/914/980 1433/925/992
f 1433/925/992 1341/851/906 1432/924/991
f 1339/849/904 1432/924/991 1341/851/906
f 1425/918/984 1434/926/993 1423/916/982
f 1433/925/992 1423/916/982 1434/926/993
f 1434/926/993 1343/853/908 1433/925/992
f 1341/851/906 1433/925/992 1343/853/908
f 1427/920/986 1435/927/994 1425/918/984
f 1434/926/993 1425/918/984 1435/927/994
f 1435/927/994 1345/855/910 1434/926/993
f 1343/853/908 1434/926/993 1345/855/910
f 1429/922/988 1436/928/995 1427/920/986
f 1435/927/994 1427/920/986 1436/928/995
f 1436/928/995 1347/857/912 1435/927/994
f 1345/855/910 1435/927/994 1347/857/912
f 1436/928/995 1429/922/988 1437/929/996
f 1438/930/997 1437/929/996 1429/922/988
f 1429/922/988 1439/897/989 1438/930/997
f 1440/898/998 1438/930/997 1439/897/989
f 1438/930/997 1440/898/998 1441/931/999
f 1442/899/1000 1441/931/999 1440/898/998
f 1441/931/999 1442/899/1000 1443/932/1001
f 1444/901/976 1443/932/1001 1442/899/1000
f 1445/933/1002 1443/932/1001 1444/901/976
f 1446/934/1003 1445/933/1002 1444/901/976
f 1447/911/974 1446/934/1003 1444/901/976
f 1437/929/996 1349/859/914 1436/928/995
f 1347/857/912 1436/928/995 1349/859/914
f 1441/931/999 1448/935/1004 1438/930/997
f 1437/929/996 1438/930/997 1448/935/1004
f 1448/935/1004 1351/861/916 1437/929/996
f 1349/859/914 1437/929/996 1351/861/916
f 1443/932/1001 1449/936/1005 1441/931/999
f 1448/935/1004 1441/931/999 1449/936/1005
f 1449/936/1005 1353/863/918 1448/935/1004
f 1351/861/916 1448/935/1004 1353/863/918
f 1445/933/1002 1450/937/1006 1443/932/1001
f 1449/936/1005 1443/932/1001 1450/937/1006
f 1450/937/1006 1355/865/920 1449/936/1005
f 1353/863/918 1449/936/1005 1355/865/920
f 1446/934/1003 1451/938/1007 1445/933/1002
f 1450/937/1006 1445/933/1002 1451/938/1007
f 1451/938/1007 1357/867/922 1450/937/1006
f 1355/865/920 1450/937/1006 1357/867/922
f 1447/911/974 1452/910/1008 1446/934/1003
f 1451/938/1007 1446/934/1003 1452/910/1008
f 1452/910/1008 1359/869/924 1451/938/1007
f 1357/867/922 1451/938/1007 1359/869/924
f 1389/894/954 1453/897/957 1390/895/955
f 1454/921/1009 1390/895/955 1453/897/957
f 1454/921/1009 1455/919/1010 1390/895/955
f 1388/893/953 1390/895/955 1455/919/1010
f 1455/919/1010 1456/917/1011 1388/893/953
f 1387/892/952 1388/893/953 1456/917/1011
f 1456/917/1011 1457/915/1012 1387/892/952
f 1386/891/951 1387/892/952 1457/915/1012
f 1386/891/951 1457/915/1012 1384/889/949
f 1385/890/950 1384/889/949 1457/915/1012
f 1460/939/1013 1459/940/1014 1458/941/1013
f 1461/942/1014 1458/941/1013 1459/940/1014
f 1458/941/1013 1462/883/1015 1460/939/1013
f 1463/881/1016 1460/939/1013 1462/883/1015
f 1466/941/1017 1465/942/1018 1464/943/1017
f 1467/944/1019 1464/943/1017 1465/942/1018
f 1464/943/1017 1468/885/1020 1466/941/1017
f 1469/883/1021 1466/941/1017 1468/885/1020
f 1472/877/1022 1471/876/1023 1470/939/1022
f 1473/940/1024 1470/939/1022 1471/876/1023
f 1470/939/1022 1474/881/1025 1472/877/1022
f 1371/878/1026 1472/877/1022 1474/881/1025
f 1477/943/1027 1476/944/1027 1475/908/1027
f 1478/912/1028 1475/908/1027 1476/944/1027
f 1475/908/1027 1479/909/1029 1477/943/1027
f 1477/943/1027 1479/909/1029 1480/885/1030
f 1479/909/1029 1382/887/947 1480/885/1030
f 1483/4/4 1482/2/1031 1481/3/3
f 1484/1/1032 1481/3/3 1482/2/1031
f 1482/2/1031 1485/5/1033 1484/1/1032
f 1486/6/1034 1484/1/1032 1485/5/1033
f 1487/7/1035 1486/6/1034 1485/5/1033
f 1488/8/1036 1487/7/1035 1485/5/1033
f 1489/9/1037 1487/7/1035 1488/8/1036
f 1490/10/1038 1489/9/1037 1488/8/1036
f 1491/11/1039 1490/10/1038 1488/8/1036
f 1492/12/1040 1490/10/1038 1491/11/1039
f 1493/13/1041 1492/12/1040 1491/11/1039
f 1494/14/1042 1493/13/1041 1491/11/1039
f 1495/15/1043 1493/13/1041 1494/14/1042
f 1495/15/1043 1494/14/1042 1496/16/1044
f 1497/17/1045 1496/16/1044 1494/14/1042
f 1496/16/1044 1497/17/1045 1498/18/1046
f 1499/19/1047 1498/18/1046 1497/17/1045
f 1498/18/1046 1499/19/1047 1500/20/1048
f 1501/21/1049 1500/20/1048 1499/19/1047
f 1500/20/1048 1501/21/1049 1502/22/1050
f 1503/23/1051 1502/22/1050 1501/21/1049
f 1502/22/1050 1503/23/1051 1504/24/1052
f 1505/25/1053 1504/24/1052 1503/23/1051
f 1504/24/1052 1505/25/1053 1506/26/1054
f 1507/27/1055 1506/26/1054 1505/25/1053
f 1506/26/1054 1507/27/1055 1508/28/1056
f 1509/29/1057 1508/28/1056 1507/27/1055
f 1508/28/1056 1509/29/1057 1510/30/1058
f 1511/31/1059 1510/30/1058 1509/29/1057
f 1510/30/1058 1511/31/1059 1512/32/1060
f 1513/33/1061 1512/32/1060 1511/31/1059
f 1512/32/1060 1513/33/1061 1514/34/1062
f 1515/35/1063 1514/34/1062 1513/33/1061
f 1514/34/1062 1515/35/1063 1516/36/36
f 1517/37/37 1516/36/36 1515/35/1063
f 1504/24/1052 1518/38/1064 1502/22/1050
f 1518/38/1064 1504/24/1052 1519/57/1065
f 1506/26/1054 1519/57/1065 1504/24/1052
f 1519/57/1065 1506/26/1054 1520/58/1066
f 1508/28/1056 1520/58/1066 1506/26/1054
f 1520/58/1066 1508/28/1056 1521/43/1067
f 1510/30/1058 1521/43/1067 1508/28/1056
f 1521/43/1067 1510/30/1058 1522/42/1068
f 1512/32/1060 1522/42/1068 1510/30/1058
f 1522/42/1068 1512/32/1060 1523/44/1069
f 1514/34/1062 1523/44/1069 1512/32/1060
f 1523/44/1069 1514/34/1062 1524/45/45
f 1516/36/36 1524/45/45 1514/34/1062
f 1519/57/1065 1525/56/1070 1518/38/1064
f 1526/55/1071 1518/38/1064 1525/56/1070
f 1518/38/1064 1526/55/1071 1527/39/1072
f 1527/39/1072 1502/22/1050 1518/38/1064
f 1502/22/1050 1527/39/1072 1500/20/1048
f 1528/40/1073 1500/20/1048 1527/39/1072
f 1500/20/1048 1528/40/1073 1498/18/1046
f 1529/41/1074 1498/18/1046 1528/40/1073
f 1528/40/1073 1530/46/1075 1529/41/1074
f 1531/47/1076 1529/41/1074 1530/46/1075
f 1529/41/1074 1531/47/1076 1532/48/1077
f 1533/49/1078 1529/41/1074 1532/48/1077
f 1532/48/1077 1531/47/1076 1534/50/1079
f 1534/50/1079 1531/47/1076 1535/51/1080
f 1531/47/1076 1536/52/1081 1535/51/1080
f 1535/51/1080 1536/52/1081 1537/53/1082
f 1530/46/1075 1528/40/1073 1538/54/1083
f 1527/39/1072 1538/54/1083 1528/40/1073
f 1538/54/1083 1527/39/1072 1526/55/1071
f 1536/52/1081 1539/70/1084 1537/53/1082
f 1537/53/1082 1539/70/1084 1540/71/1085
f 1540/71/1085 1539/70/1084 1541/72/1086
f 1539/70/1084 1542/73/1087 1541/72/1086
f 1541/72/1086 1542/73/1087 1543/74/1088
f 1543/74/1088 1542/73/1087 1544/75/1089
f 1542/73/1087 1545/76/1090 1544/75/1089
f 1544/75/1089 1545/76/1090 1546/77/1091
f 1547/78/1092 1546/77/1091 1545/76/1090
f 1539/70/1084 1536/52/1081 1548/69/1093
f 1531/47/1076 1548/69/1093 1536/52/1081
f 1548/69/1093 1531/47/1076 1549/68/1094
f 1530/46/1075 1549/68/1094 1531/47/1076
f 1549/68/1094 1530/46/1075 1550/67/1095
f 1538/54/1083 1550/67/1095 1530/46/1075
f 1550/67/1095 1538/54/1083 1551/66/1096
f 1526/55/1071 1551/66/1096 1538/54/1083
f 1551/66/1096 1526/55/1071 1552/65/1097
f 1525/56/1070 1552/65/1097 1526/55/1071
f 1552/65/1097 1525/56/1070 1553/64/1098
f 1554/59/1099 1553/64/1098 1525/56/1070
f 1525/56/1070 1519/57/1065 1554/59/1099
f 1520/58/1066 1554/59/1099 1519/57/1065
f 1554/59/1099 1520/58/1066 1555/60/1100
f 1521/43/1067 1555/60/1100 1520/58/1066
f 1555/60/1100 1521/43/1067 1556/61/1101
f 1522/42/1068 1556/61/1101 1521/43/1067
f 1556/61/1101 1522/42/1068 1557/62/1102
f 1523/44/1069 1557/62/1102 1522/42/1068
f 1557/62/1102 1523/44/1069 1558/63/63
f 1524/45/45 1558/63/63 1523/44/1069
f 1553/64/1098 1554/59/1099 1559/93/1103
f 1555/60/1100 1559/93/1103 1554/59/1099
f 1559/93/1103 1555/60/1100 1560/94/1104
f 1556/61/1101 1560/94/1104 1555/60/1100
f 1560/94/1104 1556/61/1101 1561/95/1105
f 1557/62/1102 1561/95/1105 1556/61/1101
f 1561/95/1105 1557/62/1102 1562/96/96
f 1558/63/63 1562/96/96 1557/62/1102
f 1559/93/1103 1563/92/1106 1553/64/1098
f 1563/92/1106 1559/93/1103 1564/97/1107
f 1560/94/1104 1564/97/1107 1559/93/1103
f 1564/97/1107 1560/94/1104 1565/98/1108
f 1561/95/1105 1565/98/1108 1560/94/1104
f 1565/98/1108 1561/95/1105 1566/99/99
f 1562/96/96 1566/99/99 1561/95/1105
f 1564/97/1107 1567/102/1109 1563/92/1106
f 1568/100/1110 1563/92/1106 1567/102/1109
f 1563/92/1106 1568/100/1110 1569/91/1111
f 1569/91/1111 1553/64/1098 1563/92/1106
f 1553/64/1098 1569/91/1111 1552/65/1097
f 1570/90/1112 1552/65/1097 1569/91/1111
f 1552/65/1097 1570/90/1112 1551/66/1096
f 1571/89/1113 1551/66/1096 1570/90/1112
f 1551/66/1096 1571/89/1113 1550/67/1095
f 1572/88/1114 1550/67/1095 1571/89/1113
f 1550/67/1095 1572/88/1114 1549/68/1094
f 1573/87/1115 1549/68/1094 1572/88/1114
f 1549/68/1094 1573/87/1115 1548/69/1093
f 1574/86/1116 1548/69/1093 1573/87/1115
f 1548/69/1093 1574/86/1116 1539/70/1084
f 1575/85/1117 1539/70/1084 1574/86/1116
f 1539/70/1084 1575/85/1117 1542/73/1087
f 1576/84/1118 1542/73/1087 1575/85/1117
f 1542/73/1087 1576/84/1118 1545/76/1090
f 1577/79/1119 1545/76/1090 1576/84/1118
f 1545/76/1090 1577/79/1119 1547/78/1092
f 1547/78/1092 1577/79/1119 1578/80/1120
f 1579/81/1121 1547/78/1092 1578/80/1120
f 1579/81/1121 1578/80/1120 1580/82/1122
f 1581/83/1123 1580/82/1122 1578/80/1120
f 1578/80/1120 1582/115/1124 1581/83/1123
f 1583/116/1125 1581/83/1123 1582/115/1124
f 1581/83/1123 1583/116/1125 1584/117/1126
f 1585/118/1127 1584/117/1126 1583/116/1125
f 1584/117/1126 1585/118/1127 1586/119/119
f 1586/119/119 1587/120/120 1584/117/1126
f 1588/121/1128 1584/117/1126 1587/120/120
f 1589/122/122 1586/119/119 1585/118/1127
f 1582/115/1124 1578/80/1120 1590/114/1129
f 1577/79/1119 1590/114/1129 1578/80/1120
f 1590/114/1129 1577/79/1119 1591/113/1130
f 1576/84/1118 1591/113/1130 1577/79/1119
f 1591/113/1130 1576/84/1118 1592/112/1131
f 1575/85/1117 1592/112/1131 1576/84/1118
f 1592/112/1131 1575/85/1117 1593/111/1132
f 1574/86/1116 1593/111/1132 1575/85/1117
f 1593/111/1132 1574/86/1116 1594/110/1133
f 1573/87/1115 1594/110/1133 1574/86/1116
f 1594/110/1133 1573/87/1115 1595/109/1134
f 1572/88/1114 1595/109/1134 1573/87/1115
f 1595/109/1134 1572/88/1114 1596/108/1135
f 1571/89/1113 1596/108/1135 1572/88/1114
f 1596/108/1135 1571/89/1113 1597/107/1136
f 1570/90/1112 1597/107/1136 1571/89/1113
f 1597/107/1136 1570/90/1112 1598/101/1137
f 1569/91/1111 1598/101/1137 1570/90/1112
f 1598/101/1137 1569/91/1111 1568/100/1110
f 1592/112/1131 1593/111/1132 1599/128/1138
f 1599/128/1138 1600/127/1139 1592/112/1131
f 1601/129/1140 1599/128/1138 1593/111/1132
f 1593/111/1132 1594/110/1133 1601/129/1140
f 1602/130/1141 1601/129/1140 1594/110/1133
f 1594/110/1133 1595/109/1134 1602/130/1141
f 1603/131/1142 1602/130/1141 1595/109/1134
f 1595/109/1134 1596/108/1135 1603/131/1142
f 1604/132/1143 1603/131/1142 1596/108/1135
f 1596/108/1135 1597/107/1136 1604/132/1143
f 1605/106/1144 1604/132/1143 1597/107/1136
f 1597/107/1136 1598/101/1137 1605/106/1144
f 1606/105/1145 1605/106/1144 1598/101/1137
f 1598/101/1137 1568/100/1110 1606/105/1145
f 1607/348/1146 1606/105/1145 1568/100/1110
f 1568/100/1110 1567/102/1109 1607/348/1146
f 1608/349/1147 1607/348/1146 1567/102/1109
f 1567/102/1109 1609/103/1148 1608/349/1147
f 1567/102/1109 1564/97/1107 1609/103/1148
f 1565/98/1108 1609/103/1148 1564/97/1107
f 1609/103/1148 1565/98/1108 1610/104/104
f 1566/99/99 1610/104/104 1565/98/1108
f 1611/350/1149 1608/349/1147 1609/103/1148
f 1609/103/1148 1610/104/104 1611/350/1149
f 1612/351/359 1611/350/1149 1610/104/104
f 1612/351/359 1614/352/361 1613/350/1150
f 1616/349/1151 1613/350/1150 1615/352/361
f 1618/352/361 1617/353/364 1616/349/1152
f 1619/348/1153 1616/349/1152 1617/353/364
f 1617/353/364 1620/354/366 1619/348/1153
f 1621/105/1154 1619/348/1153 1620/354/366
f 1620/354/366 1622/355/368 1621/105/1154
f 1623/106/1155 1621/105/1154 1622/355/368
f 1622/355/368 1624/356/370 1623/106/1155
f 1625/132/1156 1623/106/1155 1624/356/370
f 1624/356/370 1626/357/372 1625/132/1156
f 1627/131/1157 1625/132/1156 1626/357/372
f 1626/357/372 1628/358/374 1627/131/1157
f 1629/130/1158 1627/131/1157 1628/358/374
f 1628/358/374 1630/359/376 1629/130/1158
f 1631/129/1159 1629/130/1158 1630/359/376
f 1630/359/376 1632/360/378 1631/129/1159
f 1633/128/1160 1631/129/1159 1632/360/378
f 1632/360/378 1634/361/380 1633/128/1160
f 1635/127/1161 1633/128/1160 1634/361/380
f 1634/361/380 1636/362/382 1635/127/1161
f 1637/126/1162 1635/127/1161 1636/362/382
f 1636/362/382 1638/363/384 1637/126/1162
f 1639/125/1163 1637/126/1162 1638/363/384
f 1638/363/384 1640/364/386 1639/125/1163
f 1641/124/1164 1639/125/1163 1640/364/386
f 1641/124/1164 1640/364/386 1642/365/388
f 1644/134/1165 1643/133/1166 1496/16/1044
f 1495/15/1043 1496/16/1044 1643/133/1166
f 1644/134/1165 1496/16/1044 1645/135/1167
f 1645/135/1167 1496/16/1044 1646/136/1168
f 1496/16/1044 1498/18/1046 1646/136/1168
f 1498/18/1046 1529/41/1074 1646/136/1168
f 1529/41/1074 1533/49/1078 1646/136/1168
f 1580/82/1122 1581/83/1123 1647/123/1169
f 1581/83/1123 1584/117/1126 1647/123/1169
f 1647/123/1169 1584/117/1126 1588/121/1128
f 1650/138/140 1649/137/1170 1648/120/139
f 1651/121/1171 1648/120/139 1649/137/1170
f 1649/137/1170 1652/123/1172 1651/121/1171
f 1649/137/1170 1653/139/1173 1652/123/1172
f 1654/82/1174 1652/123/1172 1653/139/1173
f 1653/139/1173 1655/140/1175 1654/82/1174
f 1656/81/1176 1654/82/1174 1655/140/1175
f 1655/140/1175 1657/141/1177 1656/81/1176
f 1658/78/1178 1656/81/1176 1657/141/1177
f 1657/141/1177 1659/77/1179 1658/78/1178
f 1657/141/1177 1660/142/1180 1659/77/1179
f 1661/75/1181 1659/77/1179 1660/142/1180
f 1660/142/1180 1662/143/1182 1661/75/1181
f 1663/74/1183 1661/75/1181 1662/143/1182
f 1662/143/1182 1664/144/1184 1663/74/1183
f 1665/72/1185 1663/74/1183 1664/144/1184
f 1664/144/1184 1666/145/1186 1665/72/1185
f 1667/71/1187 1665/72/1185 1666/145/1186
f 1666/145/1186 1668/146/1188 1667/71/1187
f 1669/53/1189 1667/71/1187 1668/146/1188
f 1668/146/1188 1670/147/1190 1669/53/1189
f 1671/51/1191 1669/53/1189 1670/147/1190
f 1670/147/1190 1672/148/1192 1671/51/1191
f 1673/50/1193 1671/51/1191 1672/148/1192
f 1672/148/1192 1674/149/1194 1673/50/1193
f 1675/48/1195 1673/50/1193 1674/149/1194
f 1674/149/1194 1676/150/1196 1675/48/1195
f 1677/49/1197 1675/48/1195 1676/150/1196
f 1676/150/1196 1678/151/1198 1677/49/1197
f 1679/136/1199 1677/49/1197 1678/151/1198
f 1678/151/1198 1680/152/1200 1679/136/1199
f 1681/135/1201 1679/136/1199 1680/152/1200
f 1680/152/1200 1682/134/1202 1681/135/1201
f 1680/152/1200 1683/153/1203 1682/134/1202
f 1684/133/1204 1682/134/1202 1683/153/1203
f 1683/153/1203 1685/154/1205 1684/133/1204
f 1686/15/1206 1684/133/1204 1685/154/1205
f 1685/154/1205 1687/13/1207 1686/15/1206
f 1685/154/1205 1688/155/1208 1687/13/1207
f 1689/12/1209 1687/13/1207 1688/155/1208
f 1688/155/1208 1690/10/1210 1689/12/1209
f 1688/155/1208 1691/156/1211 1690/10/1210
f 1692/9/1212 1690/10/1210 1691/156/1211
f 1691/156/1211 1693/157/1213 1692/9/1212
f 1694/7/1214 1692/9/1212 1693/157/1213
f 1693/157/1213 1695/6/1215 1694/7/1214
f 1693/157/1213 1696/158/1216 1695/6/1215
f 1697/1/1217 1695/6/1215 1696/158/1216
f 1696/158/1216 1698/159/187 1697/1/1217
f 1699/3/188 1697/1/1217 1698/159/187
f 1702/163/191 1701/161/1218 1700/162/191
f 1703/160/1219 1700/162/191 1701/161/1218
f 1701/161/1218 1704/164/1220 1703/160/1219
f 1705/165/1221 1703/160/1219 1704/164/1220
f 1704/164/1220 1706/166/1222 1705/165/1221
f 1707/167/1223 1705/165/1221 1706/166/1222
f 1706/166/1222 1708/168/1224 1707/167/1223
f 1709/169/1225 1707/167/1223 1708/168/1224
f 1708/168/1224 1710/170/1226 1709/169/1225
f 1711/171/1227 1709/169/1225 1710/170/1226
f 1710/170/1226 1712/172/1228 1711/171/1227
f 1713/173/1229 1711/171/1227 1712/172/1228
f 1712/172/1228 1714/174/1230 1713/173/1229
f 1715/175/1231 1713/173/1229 1714/174/1230
f 1714/174/1230 1716/176/1232 1715/175/1231
f 1717/177/1233 1715/175/1231 1716/176/1232
f 1716/176/1232 1718/178/1234 1717/177/1233
f 1719/179/1235 1717/177/1233 1718/178/1234
f 1718/178/1234 1720/180/1236 1719/179/1235
f 1721/181/1237 1719/179/1235 1720/180/1236
f 1720/180/1236 1722/182/1238 1721/181/1237
f 1723/183/1239 1721/181/1237 1722/182/1238
f 1722/182/1238 1724/184/1240 1723/183/1239
f 1725/185/1241 1723/183/1239 1724/184/1240
f 1724/184/1240 1726/186/1242 1725/185/1241
f 1727/187/1243 1725/185/1241 1726/186/1242
f 1726/186/1242 1728/188/1244 1727/187/1243
f 1729/189/1245 1727/187/1243 1728/188/1244
f 1728/188/1244 1730/190/1246 1729/189/1245
f 1731/191/1247 1729/189/1245 1730/190/1246
f 1730/190/1246 1732/192/1248 1731/191/1247
f 1733/193/1249 1731/191/1247 1732/192/1248
f 1732/192/1248 1734/194/1250 1733/193/1249
f 1735/195/1251 1733/193/1249 1734/194/1250
f 1734/194/1250 1736/196/1252 1735/195/1251
f 1737/197/1253 1735/195/1251 1736/196/1252
f 1736/196/1252 1738/198/1254 1737/197/1253
f 1739/199/1255 1737/197/1253 1738/198/1254
f 1738/198/1254 1740/200/1256 1739/199/1255
f 1741/201/1257 1739/199/1255 1740/200/1256
f 1740/200/1256 1742/202/1258 1741/201/1257
f 1743/203/1259 1741/201/1257 1742/202/1258
f 1742/202/1258 1744/204/232 1743/203/1259
f 1745/205/232 1743/203/1259 1744/204/232
f 1748/226/4 1747/224/4 1746/211/4
f 1747/224/4 1749/220/4 1746/211/4
f 1750/225/4 1749/220/4 1747/224/4
f 1749/220/4 1751/212/4 1746/211/4
f 1752/221/4 1751/212/4 1749/220/4
f 1753/223/4 1752/221/4 1749/220/4
f 1754/222/4 1751/212/4 1752/221/4
f 1751/212/4 1755/209/4 1746/211/4
f 1756/213/4 1755/209/4 1751/212/4
f 1757/217/4 1756/213/4 1751/212/4
f 1758/219/4 1757/217/4 1751/212/4
f 1759/218/4 1756/213/4 1757/217/4
f 1760/214/4 1755/209/4 1756/213/4
f 1761/216/4 1760/214/4 1756/213/4
f 1762/215/4 1755/209/4 1760/214/4
f 1764/210/4 1763/207/4 1755/209/4
f 1763/207/4 1765/208/4 1755/209/4
f 1766/206/4 1765/208/4 1763/207/4
f 1755/209/4 1765/208/4 1746/211/4
f 1746/211/4 1765/208/4 1767/227/4
f 1767/227/4 1765/208/4 1768/228/4
f 1771/230/236 1770/229/1260 1769/4/235
f 1772/2/1261 1769/4/235 1770/229/1260
f 1770/229/1260 1773/231/1262 1772/2/1261
f 1774/5/1263 1772/2/1261 1773/231/1262
f 1773/231/1262 1775/232/1264 1774/5/1263
f 1776/8/1265 1774/5/1263 1775/232/1264
f 1775/232/1264 1777/233/1266 1776/8/1265
f 1778/11/1267 1776/8/1265 1777/233/1266
f 1777/233/1266 1779/234/1268 1778/11/1267
f 1780/14/1269 1778/11/1267 1779/234/1268
f 1779/234/1268 1781/235/1270 1780/14/1269
f 1782/17/1271 1780/14/1269 1781/235/1270
f 1781/235/1270 1783/236/1272 1782/17/1271
f 1784/19/1273 1782/17/1271 1783/236/1272
f 1783/236/1272 1785/237/1274 1784/19/1273
f 1786/21/1275 1784/19/1273 1785/237/1274
f 1785/237/1274 1787/238/1276 1786/21/1275
f 1788/23/1277 1786/21/1275 1787/238/1276
f 1787/238/1276 1789/239/1278 1788/23/1277
f 1790/25/1279 1788/23/1277 1789/239/1278
f 1789/239/1278 1791/240/1280 1790/25/1279
f 1792/27/1281 1790/25/1279 1791/240/1280
f 1791/240/1280 1793/241/1282 1792/27/1281
f 1794/29/1283 1792/27/1281 1793/241/1282
f 1793/241/1282 1795/242/1284 1794/29/1283
f 1796/31/1285 1794/29/1283 1795/242/1284
f 1795/242/1284 1797/243/1286 1796/31/1285
f 1798/33/1287 1796/31/1285 1797/243/1286
f 1797/243/1286 1799/244/1288 1798/33/1287
f 1800/35/1289 1798/33/1287 1799/244/1288
f 1799/244/1288 1801/245/265 1800/35/1289
f 1802/37/266 1800/35/1289 1801/245/265
f 1789/239/1278 1787/238/1276 1803/246/1290
f 1804/255/1291 1803/246/1290 1787/238/1276
f 1787/238/1276 1785/237/1274 1804/255/1291
f 1805/256/1292 1804/255/1291 1785/237/1274
f 1785/237/1274 1783/236/1272 1805/256/1292
f 1806/257/1293 1805/256/1292 1783/236/1272
f 1783/236/1272 1781/235/1270 1806/257/1293
f 1807/258/1294 1806/257/1293 1781/235/1270
f 1781/235/1270 1779/234/1268 1807/258/1294
f 1808/259/1295 1807/258/1294 1779/234/1268
f 1779/234/1268 1777/233/1266 1808/259/1295
f 1809/260/1296 1808/259/1295 1777/233/1266
f 1777/233/1266 1775/232/1264 1809/260/1296
f 1810/261/1297 1809/260/1296 1775/232/1264
f 1775/232/1264 1773/231/1262 1810/261/1297
f 1811/262/1298 1810/261/1297 1773/231/1262
f 1773/231/1262 1770/229/1260 1811/262/1298
f 1812/263/1299 1811/262/1298 1770/229/1260
f 1770/229/1260 1771/230/236 1812/263/1299
f 1813/264/285 1812/263/1299 1771/230/236
f 1813/264/285 1814/265/286 1812/263/1299
f 1815/266/1300 1812/263/1299 1814/265/286
f 1812/263/1299 1815/266/1300 1811/262/1298
f 1816/267/1301 1811/262/1298 1815/266/1300
f 1811/262/1298 1816/267/1301 1810/261/1297
f 1817/268/1302 1810/261/1297 1816/267/1301
f 1810/261/1297 1817/268/1302 1809/260/1296
f 1818/269/1303 1809/260/1296 1817/268/1302
f 1809/260/1296 1818/269/1303 1808/259/1295
f 1819/270/1304 1808/259/1295 1818/269/1303
f 1814/265/286 1820/271/292 1815/266/1300
f 1821/272/1305 1815/266/1300 1820/271/292
f 1815/266/1300 1821/272/1305 1816/267/1301
f 1822/273/1306 1816/267/1301 1821/272/1305
f 1816/267/1301 1822/273/1306 1817/268/1302
f 1823/274/1307 1817/268/1302 1822/273/1306
f 1817/268/1302 1823/274/1307 1818/269/1303
f 1824/275/1308 1818/269/1303 1823/274/1307
f 1818/269/1303 1824/275/1308 1819/270/1304
f 1825/276/1309 1819/270/1304 1824/275/1308
f 1819/270/1304 1825/276/1309 1826/277/1310
f 1826/277/1310 1807/258/1294 1819/270/1304
f 1808/259/1295 1819/270/1304 1807/258/1294
f 1807/258/1294 1826/277/1310 1806/257/1293
f 1827/278/1311 1806/257/1293 1826/277/1310
f 1806/257/1293 1827/278/1311 1805/256/1292
f 1828/279/1312 1805/256/1292 1827/278/1311
f 1805/256/1292 1828/279/1312 1804/255/1291
f 1829/254/1313 1804/255/1291 1828/279/1312
f 1804/255/1291 1829/254/1313 1803/246/1290
f 1830/253/1314 1803/246/1290 1829/254/1313
f 1803/246/1290 1830/253/1314 1831/247/1315
f 1803/246/1290 1831/247/1315 1789/239/1278
f 1791/240/1280 1789/239/1278 1831/247/1315
f 1831/247/1315 1832/248/1316 1791/240/1280
f 1793/241/1282 1791/240/1280 1832/248/1316
f 1832/248/1316 1833/249/1317 1793/241/1282
f 1795/242/1284 1793/241/1282 1833/249/1317
f 1833/249/1317 1834/250/1318 1795/242/1284
f 1797/243/1286 1795/242/1284 1834/250/1318
f 1834/250/1318 1835/251/1319 1797/243/1286
f 1799/244/1288 1797/243/1286 1835/251/1319
f 1835/251/1319 1836/252/273 1799/244/1288
f 1801/245/265 1799/244/1288 1836/252/273
f 1837/285/1320 1831/247/1315 1830/253/1314
f 1831/247/1315 1837/285/1320 1832/248/1316
f 1838/286/1321 1832/248/1316 1837/285/1320
f 1832/248/1316 1838/286/1321 1833/249/1317
f 1839/287/1322 1833/249/1317 1838/286/1321
f 1833/249/1317 1839/287/1322 1834/250/1318
f 1840/288/1323 1834/250/1318 1839/287/1322
f 1834/250/1318 1840/288/1323 1835/251/1319
f 1841/289/1324 1835/251/1319 1840/288/1323
f 1835/251/1319 1841/289/1324 1836/252/273
f 1842/290/311 1836/252/273 1841/289/1324
f 1837/285/1320 1843/291/1325 1838/286/1321
f 1843/291/1325 1837/285/1320 1844/284/1326
f 1830/253/1314 1844/284/1326 1837/285/1320
f 1844/284/1326 1830/253/1314 1845/283/1327
f 1829/254/1313 1845/283/1327 1830/253/1314
f 1845/283/1327 1829/254/1313 1846/282/1328
f 1828/279/1312 1846/282/1328 1829/254/1313
f 1846/282/1328 1828/279/1312 1847/281/1329
f 1827/278/1311 1847/281/1329 1828/279/1312
f 1847/281/1329 1827/278/1311 1848/280/1330
f 1826/277/1310 1848/280/1330 1827/278/1311
f 1848/280/1330 1826/277/1310 1825/276/1309
f 1839/287/1322 1849/293/1331 1840/288/1323
f 1849/293/1331 1839/287/1322 1850/292/1332
f 1850/292/1332 1838/286/1321 1843/291/1325
f 1838/286/1321 1850/292/1332 1839/287/1322
f 1851/294/1333 1840/288/1323 1849/293/1331
f 1840/288/1323 1851/294/1333 1841/289/1324
f 1852/295/1334 1841/289/1324 1851/294/1333
f 1841/289/1324 1852/295/1334 1842/290/311
f 1853/296/317 1842/290/311 1852/295/1334
f 1856/312/1335 1855/310/1336 1854/305/326
f 1855/310/1336 1857/306/1337 1854/305/326
f 1858/311/1338 1857/306/1337 1855/310/1336
f 1857/306/1337 1859/301/1339 1854/305/326
f 1860/307/1340 1859/301/1339 1857/306/1337
f 1861/309/1341 1860/307/1340 1857/306/1337
f 1862/308/1342 1859/301/1339 1860/307/1340
f 1854/305/326 1859/301/1339 1863/300/321
f 1859/301/1339 1864/298/1343 1863/300/321
f 1865/302/1344 1864/298/1343 1859/301/1339
f 1866/304/1345 1865/302/1344 1859/301/1339
f 1867/303/1346 1864/298/1343 1865/302/1344
f 1864/298/1343 1868/299/1347 1863/300/321
f 1869/297/1348 1868/299/1347 1864/298/1343
f 1863/300/321 1868/299/1347 1870/313/1349
f 1870/313/1349 1871/314/1350 1863/300/321
f 1872/315/336 1863/300/321 1871/314/1350
f 1871/314/1350 1873/316/1351 1872/315/336
f 1874/317/292 1872/315/336 1873/316/1351
f 1873/316/1351 1871/314/1350 1875/318/1306
f 1876/319/1352 1875/318/1306 1871/314/1350
f 1868/299/1347 1876/319/1352 1870/313/1349
f 1871/314/1350 1870/313/1349 1876/319/1352
f 1875/318/1306 1876/319/1352 1877/320/1307
f 1878/321/1353 1877/320/1307 1876/319/1352
f 1869/297/1348 1878/321/1353 1868/299/1347
f 1876/319/1352 1868/299/1347 1878/321/1353
f 1877/320/1307 1878/321/1353 1879/322/1308
f 1880/323/1354 1879/322/1308 1878/321/1353
f 1878/321/1353 1869/297/1348 1880/323/1354
f 1864/298/1343 1880/323/1354 1869/297/1348
f 1879/322/1308 1880/323/1354 1881/324/1309
f 1882/325/1355 1881/324/1309 1880/323/1354
f 1880/323/1354 1864/298/1343 1882/325/1355
f 1867/303/1346 1882/325/1355 1864/298/1343
f 1881/324/1309 1882/325/1355 1883/326/1330
f 1884/327/1356 1883/326/1330 1882/325/1355
f 1882/325/1355 1867/303/1346 1884/327/1356
f 1865/302/1344 1884/327/1356 1867/303/1346
f 1883/326/1330 1884/327/1356 1885/328/1329
f 1886/329/1357 1885/328/1329 1884/327/1356
f 1884/327/1356 1865/302/1344 1886/329/1357
f 1866/304/1345 1886/329/1357 1865/302/1344
f 1885/328/1329 1886/329/1357 1887/330/1328
f 1888/331/1358 1887/330/1328 1886/329/1357
f 1886/329/1357 1866/304/1345 1888/331/1358
f 1859/301/1339 1888/331/1358 1866/304/1345
f 1887/330/1328 1888/331/1358 1889/332/1327
f 1890/333/1359 1889/332/1327 1888/331/1358
f 1888/331/1358 1859/301/1339 1890/333/1359
f 1862/308/1342 1890/333/1359 1859/301/1339
f 1889/332/1327 1890/333/1359 1891/334/1360
f 1892/335/1361 1891/334/1360 1890/333/1359
f 1890/333/1359 1862/308/1342 1892/335/1361
f 1860/307/1340 1892/335/1361 1862/308/1342
f 1891/334/1360 1892/335/1361 1893/336/1362
f 1894/337/1363 1893/336/1362 1892/335/1361
f 1892/335/1361 1860/307/1340 1894/337/1363
f 1861/309/1341 1894/337/1363 1860/307/1340
f 1893/336/1362 1894/337/1363 1895/338/1332
f 1896/339/1364 1895/338/1332 1894/337/1363
f 1894/337/1363 1861/309/1341 1896/339/1364
f 1857/306/1337 1896/339/1364 1861/309/1341
f 1895/338/1332 1896/339/1364 1897/340/1331
f 1898/341/1365 1897/340/1331 1896/339/1364
f 1896/339/1364 1857/306/1337 1898/341/1365
f 1858/311/1338 1898/341/1365 1857/306/1337
f 1897/340/1331 1898/341/1365 1899/342/1333
f 1900/343/1366 1899/342/1333 1898/341/1365
f 1898/341/1365 1858/311/1338 1900/343/1366
f 1855/310/1336 1900/343/1366 1858/311/1338
f 1899/342/1333 1900/343/1366 1901/344/1334
f 1902/345/1367 1901/344/1334 1900/343/1366
f 1900/343/1366 1855/310/1336 1902/345/1367
f 1856/312/1335 1902/345/1367 1855/310/1336
f 1901/344/1334 1902/345/1367 1903/346/354
f 1904/347/355 1903/346/354 1902/345/1367
f 1902/345/1367 1856/312/1335 1904/347/355
f 1854/305/326 1904/347/355 1856/312/1335
f 1906/125/1368 1905/124/1369 1582/115/1124
f 1583/116/1125 1582/115/1124 1905/124/1369
f 1582/115/1124 1590/114/1129 1906/125/1368
f 1907/126/1370 1906/125/1368 1590/114/1129
f 1590/114/1129 1591/113/1130 1907/126/1370
f 1600/127/1139 1907/126/1370 1591/113/1130
f 1591/113/1130 1592/112/1131 1600/127/1139
f 1583/116/1125 1905/124/1369 1585/118/1127
f 1908/365/389 1585/118/1127 1905/124/1369
f 1911/122/1371 1910/118/1371 1909/365/1371
f 1914/369/419 1913/367/392 1912/368/429
f 1915/366/391 1912/368/429 1913/367/392
f 1912/368/429 1915/366/391 1916/370/431
f 1917/371/396 1916/370/431 1915/366/391
f 1916/370/431 1917/371/396 1918/372/433
f 1919/373/398 1918/372/433 1917/371/396
f 1918/372/433 1919/373/398 1920/374/435
f 1921/375/400 1920/374/435 1919/373/398
f 1920/374/435 1921/375/400 1922/376/437
f 1923/377/402 1922/376/437 1921/375/400
f 1922/376/437 1923/377/402 1924/378/439
f 1925/379/404 1924/378/439 1923/377/402
f 1924/378/439 1925/379/404 1926/380/441
f 1927/381/406 1926/380/441 1925/379/404
f 1926/380/441 1927/381/406 1928/382/443
f 1929/383/408 1928/382/443 1927/381/406
f 1928/382/443 1929/383/408 1930/384/445
f 1931/385/410 1930/384/445 1929/383/408
f 1918/372/433 1932/386/411 1916/370/431
f 1932/386/411 1918/372/433 1933/422/446
f 1920/374/435 1933/422/446 1918/372/433
f 1933/422/446 1920/374/435 1934/423/447
f 1922/376/437 1934/423/447 1920/374/435
f 1934/423/447 1922/376/437 1935/391/416
f 1924/378/439 1935/391/416 1922/376/437
f 1935/391/416 1924/378/439 1936/390/415
f 1926/380/441 1936/390/415 1924/378/439
f 1936/390/415 1926/380/441 1937/392/417
f 1928/382/443 1937/392/417 1926/380/441
f 1937/392/417 1928/382/443 1938/393/418
f 1930/384/445 1938/393/418 1928/382/443
f 1932/386/411 1933/422/446 1939/408/397
f 1939/408/397 1940/406/395 1932/386/411
f 1940/406/395 1939/408/397 1941/407/530
f 1941/407/530 1942/405/529 1940/406/395
f 1943/404/393 1940/406/395 1942/405/529
f 1942/405/529 1944/403/528 1943/404/393
f 1945/394/394 1943/404/393 1944/403/528
f 1944/403/528 1946/396/527 1945/394/394
f 1947/395/526 1945/394/394 1946/396/527
f 1946/396/527 1948/397/522 1947/395/526
f 1949/398/524 1947/395/526 1948/397/522
f 1949/398/524 1948/397/522 1950/399/523
f 1951/400/1372 1949/398/524 1950/399/523
f 1952/401/1373 1951/400/1372 1950/399/523
f 1953/402/1374 1952/401/1373 1950/399/523
f 1954/409/531 1941/407/530 1939/408/397
f 1939/408/397 1955/410/399 1954/409/531
f 1956/411/532 1954/409/531 1955/410/399
f 1955/410/399 1957/412/401 1956/411/532
f 1958/413/533 1956/411/532 1957/412/401
f 1957/412/401 1959/414/403 1958/413/533
f 1960/415/534 1958/413/533 1959/414/403
f 1959/414/403 1961/416/405 1960/415/534
f 1962/417/535 1960/415/534 1961/416/405
f 1961/416/405 1963/418/407 1962/417/535
f 1964/419/1375 1962/417/535 1963/418/407
f 1963/418/407 1965/420/409 1964/419/1375
f 1966/421/410 1964/419/1375 1965/420/409
f 1955/410/399 1939/408/397 1933/422/446
f 1957/412/401 1955/410/399 1934/423/447
f 1933/422/446 1934/423/447 1955/410/399
f 1959/414/403 1957/412/401 1935/391/416
f 1934/423/447 1935/391/416 1957/412/401
f 1961/416/405 1959/414/403 1936/390/415
f 1935/391/416 1936/390/415 1959/414/403
f 1963/418/407 1961/416/405 1937/392/417
f 1936/390/415 1937/392/417 1961/416/405
f 1965/420/409 1963/418/407 1938/393/418
f 1937/392/417 1938/393/418 1963/418/407
f 1966/421/410 1967/477/445 1964/419/1375
f 1968/515/443 1964/419/1375 1967/477/445
f 1964/419/1375 1968/515/443 1969/417/442
f 1970/514/441 1969/417/442 1968/515/443
f 1969/417/442 1970/514/441 1971/415/440
f 1972/513/439 1971/415/440 1970/514/441
f 1971/415/440 1972/513/439 1973/413/438
f 1974/512/437 1973/413/438 1972/513/439
f 1973/413/438 1974/512/437 1975/411/436
f 1976/511/435 1975/411/436 1974/512/437
f 1975/411/436 1976/511/435 1977/409/434
f 1978/510/433 1977/409/434 1976/511/435
f 1977/409/434 1978/510/433 1979/407/432
f 1980/509/431 1979/407/432 1978/510/433
f 1979/407/432 1980/509/431 1981/405/430
f 1982/508/429 1981/405/430 1980/509/431
f 1981/405/430 1982/508/429 1983/403/428
f 1984/507/419 1983/403/428 1982/508/429
f 1983/403/428 1984/507/419 1985/396/421
f 1986/506/420 1985/396/421 1984/507/419
f 1985/396/421 1986/506/420 1987/397/422
f 1988/504/423 1987/397/422 1986/506/420
f 1987/397/422 1988/504/423 1989/399/424
f 1990/505/541 1989/399/424 1988/504/423
f 1988/504/423 1991/521/536 1990/505/541
f 1992/522/537 1990/505/541 1991/521/536
f 1990/505/541 1992/522/537 1993/448/540
f 1994/446/539 1993/448/540 1992/522/537
f 1991/521/536 1988/504/423 1995/520/509
f 1986/506/420 1995/520/509 1988/504/423
f 1995/520/509 1986/506/420 1996/519/414
f 1984/507/419 1996/519/414 1986/506/420
f 1996/519/414 1984/507/419 1997/518/413
f 1982/508/429 1997/518/413 1984/507/419
f 1997/518/413 1982/508/429 1998/517/412
f 1980/509/431 1998/517/412 1982/508/429
f 1998/517/412 1980/509/431 1999/516/411
f 1978/510/433 1999/516/411 1980/509/431
f 1999/516/411 1978/510/433 2000/547/446
f 1976/511/435 2000/547/446 1978/510/433
f 2000/547/446 1976/511/435 2001/548/447
f 1974/512/437 2001/548/447 1976/511/435
f 2001/548/447 1974/512/437 2002/549/416
f 1972/513/439 2002/549/416 1974/512/437
f 2002/549/416 1972/513/439 2003/550/415
f 1970/514/441 2003/550/415 1972/513/439
f 2003/550/415 1970/514/441 2004/551/417
f 1968/515/443 2004/551/417 1970/514/441
f 2004/551/417 1968/515/443 2005/479/418
f 1967/477/445 2005/479/418 1968/515/443
f 1999/516/411 2000/547/446 2006/535/397
f 2006/535/397 2007/533/395 1999/516/411
f 2007/533/395 2006/535/397 2008/534/530
f 2008/534/530 2009/532/529 2007/533/395
f 2010/531/393 2007/533/395 2009/532/529
f 2009/532/529 2011/530/528 2010/531/393
f 2012/529/394 2010/531/393 2011/530/528
f 2011/530/528 2013/528/527 2012/529/394
f 2014/527/526 2012/529/394 2013/528/527
f 2013/528/527 2015/526/522 2014/527/526
f 2016/525/524 2014/527/526 2015/526/522
f 2015/526/522 2017/524/523 2016/525/524
f 2018/523/525 2016/525/524 2017/524/523
f 2017/524/523 2019/443/543 2018/523/525
f 2020/444/538 2018/523/525 2019/443/543
f 2021/536/531 2008/534/530 2006/535/397
f 2006/535/397 2022/537/399 2021/536/531
f 2023/538/532 2021/536/531 2022/537/399
f 2022/537/399 2024/539/401 2023/538/532
f 2025/540/533 2023/538/532 2024/539/401
f 2024/539/401 2026/541/403 2025/540/533
f 2027/542/534 2025/540/533 2026/541/403
f 2026/541/403 2028/543/405 2027/542/534
f 2029/544/535 2027/542/534 2028/543/405
f 2028/543/405 2030/545/407 2029/544/535
f 2031/546/1375 2029/544/535 2030/545/407
f 2030/545/407 2032/480/409 2031/546/1375
f 2033/482/1376 2031/546/1375 2032/480/409
f 2022/537/399 2006/535/397 2000/547/446
f 2024/539/401 2022/537/399 2001/548/447
f 2000/547/446 2001/548/447 2022/537/399
f 2026/541/403 2024/539/401 2002/549/416
f 2001/548/447 2002/549/416 2024/539/401
f 2028/543/405 2026/541/403 2003/550/415
f 2002/549/416 2003/550/415 2026/541/403
f 2030/545/407 2028/543/405 2004/551/417
f 2003/550/415 2004/551/417 2028/543/405
f 2032/480/409 2030/545/407 2005/479/418
f 2004/551/417 2005/479/418 2030/545/407
f 2031/546/1375 2035/563/443 2034/544/442
f 2036/562/441 2034/544/442 2035/563/443
f 2034/544/442 2036/562/441 2037/542/440
f 2038/561/439 2037/542/440 2036/562/441
f 2037/542/440 2038/561/439 2039/540/438
f 2040/560/437 2039/540/438 2038/561/439
f 2039/540/438 2040/560/437 2041/538/436
f 2042/559/435 2041/538/436 2040/560/437
f 2041/538/436 2042/559/435 2043/536/434
f 2044/558/433 2043/536/434 2042/559/435
f 2043/536/434 2044/558/433 2045/534/432
f 2046/557/431 2045/534/432 2044/558/433
f 2045/534/432 2046/557/431 2047/532/430
f 2048/556/429 2047/532/430 2046/557/431
f 2047/532/430 2048/556/429 2049/530/428
f 2050/555/419 2049/530/428 2048/556/429
f 2049/530/428 2050/555/419 2051/528/421
f 2052/554/420 2051/528/421 2050/555/419
f 2051/528/421 2052/554/420 2053/526/422
f 2054/553/423 2053/526/422 2052/554/420
f 2053/526/422 2054/553/423 2055/524/424
f 2056/552/541 2055/524/424 2054/553/423
f 2055/524/424 2056/552/541 2057/443/542
f 2058/441/540 2057/443/542 2056/552/541
f 2056/552/541 2059/570/537 2058/441/540
f 2060/439/539 2058/441/540 2059/570/537
f 2059/570/537 2056/552/541 2061/569/536
f 2054/553/423 2061/569/536 2056/552/541
f 2061/569/536 2054/553/423 2062/568/509
f 2052/554/420 2062/568/509 2054/553/423
f 2062/568/509 2052/554/420 2063/567/414
f 2050/555/419 2063/567/414 2052/554/420
f 2063/567/414 2050/555/419 2064/566/413
f 2048/556/429 2064/566/413 2050/555/419
f 2064/566/413 2048/556/429 2065/565/412
f 2046/557/431 2065/565/412 2048/556/429
f 2065/565/412 2046/557/431 2066/564/411
f 2044/558/433 2066/564/411 2046/557/431
f 2066/564/411 2044/558/433 2067/594/446
f 2042/559/435 2067/594/446 2044/558/433
f 2067/594/446 2042/559/435 2068/595/447
f 2040/560/437 2068/595/447 2042/559/435
f 2068/595/447 2040/560/437 2069/596/416
f 2038/561/439 2069/596/416 2040/560/437
f 2069/596/416 2038/561/439 2070/597/415
f 2036/562/441 2070/597/415 2038/561/439
f 2070/597/415 2036/562/441 2071/598/417
f 2035/563/443 2071/598/417 2036/562/441
f 2071/598/417 2035/563/443 2072/486/418
f 2073/484/445 2072/486/418 2035/563/443
f 2035/563/443 2031/546/1375 2073/484/445
f 2074/482/1377 2073/484/445 2031/546/1375
f 2066/564/411 2067/594/446 2075/582/1378
f 2075/582/1378 2076/580/1379 2066/564/411
f 2076/580/1379 2075/582/1378 2077/581/1380
f 2077/581/1380 2078/579/1381 2076/580/1379
f 2079/578/1382 2076/580/1379 2078/579/1381
f 2078/579/1381 2080/577/1383 2079/578/1382
f 2081/576/1384 2079/578/1382 2080/577/1383
f 2080/577/1383 2082/575/1385 2081/576/1384
f 2083/574/1386 2081/576/1384 2082/575/1385
f 2082/575/1385 2084/573/1387 2083/574/1386
f 2085/572/1388 2083/574/1386 2084/573/1387
f 2084/573/1387 2086/435/1389 2085/572/1388
f 2087/571/1390 2085/572/1388 2086/435/1389
f 2088/434/1391 2087/571/1390 2086/435/1389
f 2089/583/1392 2077/581/1380 2075/582/1378
f 2075/582/1378 2090/584/1393 2089/583/1392
f 2091/585/1394 2089/583/1392 2090/584/1393
f 2090/584/1393 2092/586/1395 2091/585/1394
f 2093/587/1396 2091/585/1394 2092/586/1395
f 2092/586/1395 2094/588/1397 2093/587/1396
f 2095/589/1398 2093/587/1396 2094/588/1397
f 2094/588/1397 2096/590/1399 2095/589/1398
f 2097/591/1400 2095/589/1398 2096/590/1399
f 2096/590/1399 2098/592/1401 2097/591/1400
f 2099/593/1402 2097/591/1400 2098/592/1401
f 2098/592/1401 2100/487/1403 2099/593/1402
f 2101/488/1404 2099/593/1402 2100/487/1403
f 2087/571/1390 2088/434/1391 2059/570/537
f 2059/570/537 2061/569/536 2087/571/1390
f 2085/572/1388 2087/571/1390 2061/569/536
f 2061/569/536 2062/568/509 2085/572/1388
f 2083/574/1386 2085/572/1388 2062/568/509
f 2062/568/509 2063/567/414 2083/574/1386
f 2081/576/1384 2083/574/1386 2063/567/414
f 2063/567/414 2064/566/413 2081/576/1384
f 2079/578/1382 2081/576/1384 2064/566/413
f 2064/566/413 2065/565/412 2079/578/1382
f 2076/580/1379 2079/578/1382 2065/565/412
f 2065/565/412 2066/564/411 2076/580/1379
f 2099/593/1402 2101/488/1404 2102/620/1405
f 2102/620/1405 2103/617/1406 2099/593/1402
f 2103/617/1406 2102/620/1405 2104/618/1407
f 2104/618/1407 2105/607/1408 2103/617/1406
f 2105/607/1408 2104/618/1407 2106/464/1409
f 2106/464/1409 2107/459/1410 2105/607/1408
f 2104/618/1407 2108/619/1411 2106/464/1409
f 2108/619/1411 2104/618/1407 2102/620/1405
f 2108/619/1411 2109/490/1412 2106/464/1409
f 2110/616/1413 2103/617/1406 2105/607/1408
f 2105/607/1408 2111/606/1414 2110/616/1413
f 2111/606/1414 2105/607/1408 2112/459/1415
f 2112/459/1415 2113/458/1416 2111/606/1414
f 2114/605/1417 2111/606/1414 2113/458/1416
f 2113/458/1416 2115/457/1418 2114/605/1417
f 2116/604/1419 2114/605/1417 2115/457/1418
f 2115/457/1418 2117/469/1420 2116/604/1419
f 2118/603/1421 2116/604/1419 2117/469/1420
f 2117/469/1420 2119/470/1422 2118/603/1421
f 2120/602/1423 2118/603/1421 2119/470/1422
f 2119/470/1422 2121/471/1424 2120/602/1423
f 2122/601/1425 2120/602/1423 2121/471/1424
f 2121/471/1424 2123/472/1426 2122/601/1425
f 2124/600/1427 2122/601/1425 2123/472/1426
f 2123/472/1426 2125/451/1428 2124/600/1427
f 2126/599/1429 2124/600/1427 2125/451/1428
f 2126/599/1429 2125/451/1428 2086/435/1389
f 2127/610/1430 2126/599/1429 2086/435/1389
f 2084/573/1387 2127/610/1430 2086/435/1389
f 2127/610/1430 2128/609/1431 2126/599/1429
f 2124/600/1427 2126/599/1429 2128/609/1431
f 2084/573/1387 2082/575/1385 2127/610/1430
f 2128/609/1431 2127/610/1430 2082/575/1385
f 2128/609/1431 2129/608/1432 2124/600/1427
f 2122/601/1425 2124/600/1427 2129/608/1432
f 2082/575/1385 2080/577/1383 2128/609/1431
f 2129/608/1432 2128/609/1431 2080/577/1383
f 2129/608/1432 2130/611/1433 2122/601/1425
f 2120/602/1423 2122/601/1425 2130/611/1433
f 2080/577/1383 2078/579/1381 2129/608/1432
f 2130/611/1433 2129/608/1432 2078/579/1381
f 2130/611/1433 2131/612/1434 2120/602/1423
f 2078/579/1381 2077/581/1380 2130/611/1433
f 2131/612/1434 2130/611/1433 2077/581/1380
f 2077/581/1380 2089/583/1392 2131/612/1434
f 2132/613/1435 2131/612/1434 2089/583/1392
f 2131/612/1434 2132/613/1435 2118/603/1421
f 2118/603/1421 2120/602/1423 2131/612/1434
f 2116/604/1419 2118/603/1421 2132/613/1435
f 2132/613/1435 2133/614/1436 2116/604/1419
f 2114/605/1417 2116/604/1419 2133/614/1436
f 2089/583/1392 2091/585/1394 2132/613/1435
f 2133/614/1436 2132/613/1435 2091/585/1394
f 2133/614/1436 2134/615/1437 2114/605/1417
f 2111/606/1414 2114/605/1417 2134/615/1437
f 2091/585/1394 2093/587/1396 2133/614/1436
f 2134/615/1437 2133/614/1436 2093/587/1396
f 2134/615/1437 2110/616/1413 2111/606/1414
f 2093/587/1396 2095/589/1398 2134/615/1437
f 2110/616/1413 2134/615/1437 2095/589/1398
f 2095/589/1398 2097/591/1400 2110/616/1413
f 2103/617/1406 2110/616/1413 2097/591/1400
f 2097/591/1400 2099/593/1402 2103/617/1406
f 2137/427/1438 2136/425/1439 2135/426/450
f 2138/424/448 2135/426/450 2136/425/1439
f 2136/425/1439 2139/428/1440 2138/424/448
f 2140/429/453 2138/424/448 2139/428/1440
f 2136/425/1439 2137/427/1438 2141/430/1441
f 2142/431/1442 2141/430/1441 2137/427/1438
f 2137/427/1438 2143/432/1443 2142/431/1442
f 2144/433/1444 2142/431/1442 2143/432/1443
f 2143/432/1443 2145/434/1445 2144/433/1444
f 2146/435/1446 2144/433/1444 2145/434/1445
f 2141/430/1441 2147/436/1447 2136/425/1439
f 2139/428/1440 2136/425/1439 2147/436/1447
f 2147/436/1447 2148/437/1448 2139/428/1440
f 2149/438/1449 2139/428/1440 2148/437/1448
f 2150/439/463 2145/434/1445 2143/432/1443
f 2151/440/464 2150/439/463 2143/432/1443
f 2143/432/1443 2137/427/1438 2151/440/464
f 2152/441/468 2150/439/463 2151/440/464
f 2151/440/464 2153/442/466 2152/441/468
f 2154/443/467 2152/441/468 2153/442/466
f 2154/443/467 2153/442/466 2155/444/465
f 2156/445/464 2155/444/465 2153/442/466
f 2157/446/463 2155/444/465 2156/445/464
f 2158/447/464 2157/446/463 2156/445/464
f 2159/448/468 2157/446/463 2158/447/464
f 2144/433/1444 2146/435/1446 2160/449/1450
f 2160/449/1450 2146/435/1446 2161/450/1451
f 2146/435/1446 2162/451/1452 2161/450/1451
f 2163/452/1453 2160/449/1450 2161/450/1451
f 2164/453/1454 2160/449/1450 2163/452/1453
f 2165/454/1455 2160/449/1450 2164/453/1454
f 2166/455/1456 2160/449/1450 2165/454/1455
f 2167/468/1457 2166/455/1456 2165/454/1455
f 2166/455/1456 2168/456/1458 2160/449/1450
f 2166/455/1456 2169/457/1459 2168/456/1458
f 2166/455/1456 2167/468/1457 2169/457/1459
f 2168/456/1458 2169/457/1459 2170/458/1460
f 2170/458/1460 2171/459/1461 2168/456/1458
f 2172/460/1462 2168/456/1458 2171/459/1461
f 2173/461/1463 2160/449/1450 2168/456/1458
f 2160/449/1450 2173/461/1463 2144/433/1444
f 2168/456/1458 2172/460/1462 2173/461/1463
f 2142/431/1442 2144/433/1444 2173/461/1463
f 2174/462/1464 2173/461/1463 2172/460/1462
f 2173/461/1463 2174/462/1464 2142/431/1442
f 2141/430/1441 2142/431/1442 2174/462/1464
f 2172/460/1462 2175/463/1465 2174/462/1464
f 2175/463/1465 2172/460/1462 2176/464/1466
f 2177/459/1467 2176/464/1466 2172/460/1462
f 2178/465/1468 2175/463/1465 2176/464/1466
f 2179/466/1469 2174/462/1464 2175/463/1465
f 2174/462/1464 2179/466/1469 2141/430/1441
f 2175/463/1465 2178/465/1468 2179/466/1469
f 2147/436/1447 2141/430/1441 2179/466/1469
f 2180/467/1470 2179/466/1469 2178/465/1468
f 2179/466/1469 2180/467/1470 2147/436/1447
f 2148/437/1448 2147/436/1447 2180/467/1470
f 2181/469/1471 2169/457/1459 2167/468/1457
f 2181/469/1471 2167/468/1457 2182/470/1472
f 2165/454/1455 2182/470/1472 2167/468/1457
f 2182/470/1472 2165/454/1455 2183/471/1473
f 2164/453/1454 2183/471/1473 2165/454/1455
f 2183/471/1473 2164/453/1454 2184/472/1474
f 2163/452/1453 2184/472/1474 2164/453/1454
f 2163/452/1453 2161/450/1451 2184/472/1474
f 2162/451/1452 2184/472/1474 2161/450/1451
f 2186/389/414 1914/369/419 2185/388/413
f 1912/368/429 2185/388/413 1914/369/419
f 2185/388/413 1912/368/429 2187/387/412
f 1916/370/431 2187/387/412 1912/368/429
f 2187/387/412 1916/370/431 1932/386/411
f 2186/389/414 2185/388/413 1945/394/394
f 1945/394/394 1947/395/526 2186/389/414
f 2188/491/509 2186/389/414 1947/395/526
f 2188/491/509 1947/395/526 1949/398/524
f 2189/492/1475 2188/491/509 1949/398/524
f 2190/493/1476 2188/491/509 2189/492/1475
f 2191/494/1477 2188/491/509 2190/493/1476
f 1943/404/393 1945/394/394 2185/388/413
f 2185/388/413 2187/387/412 1943/404/393
f 1940/406/395 1943/404/393 2187/387/412
f 2187/387/412 1932/386/411 1940/406/395
f 2189/492/1475 1949/398/524 2192/495/1478
f 1951/400/1372 2192/495/1478 1949/398/524
f 2188/491/509 2191/494/1477 2193/496/1479
f 2194/497/1480 2188/491/509 2193/496/1479
f 2195/498/1481 2188/491/509 2194/497/1480
f 2188/491/509 2195/498/1481 2186/389/414
f 2186/389/414 2195/498/1481 2196/499/1482
f 1914/369/419 2186/389/414 2196/499/1482
f 2197/500/1483 1914/369/419 2196/499/1482
f 2197/500/1483 2198/501/1484 1914/369/419
f 2198/501/1484 2199/502/1485 1914/369/419
f 2199/502/1485 2200/503/521 1914/369/419
f 2200/503/521 1913/367/392 1914/369/419
f 2203/393/497 2202/384/445 2201/474/496
f 2204/473/498 2201/474/496 2202/384/445
f 2203/393/497 2201/474/496 2205/420/409
f 2206/475/495 2205/420/409 2201/474/496
f 2207/421/410 2205/420/409 2206/475/495
f 2208/476/498 2207/421/410 2206/475/495
f 2209/477/445 2207/421/410 2208/476/498
f 2208/476/498 2210/478/496 2209/477/445
f 2211/479/497 2209/477/445 2210/478/496
f 2211/479/497 2210/478/496 2212/480/409
f 2213/481/495 2212/480/409 2210/478/496
f 2212/480/409 2213/481/495 2214/482/1376
f 2213/481/495 2215/483/498 2214/482/1376
f 2215/483/498 2216/484/445 2214/482/1376
f 2215/483/498 2217/485/496 2216/484/445
f 2218/486/497 2216/484/445 2217/485/496
f 2218/486/497 2217/485/496 2219/487/1403
f 2220/438/1486 2219/487/1403 2217/485/496
f 2219/487/1403 2220/438/1486 2221/488/1404
f 2222/437/1487 2221/488/1404 2220/438/1486
f 2221/488/1404 2222/437/1487 2223/489/1488
f 2224/467/1489 2223/489/1488 2222/437/1487
f 2223/489/1488 2224/467/1489 2225/490/1490
f 2226/465/1491 2225/490/1490 2224/467/1489
f 2225/490/1490 2226/465/1491 2227/464/1409
f 2018/523/525 2020/444/538 1992/522/537
f 1994/446/539 1992/522/537 2020/444/538
f 1992/522/537 1991/521/536 2018/523/525
f 2016/525/524 2018/523/525 1991/521/536
f 1991/521/536 1995/520/509 2016/525/524
f 2014/527/526 2016/525/524 1995/520/509
f 1995/520/509 1996/519/414 2014/527/526
f 2012/529/394 2014/527/526 1996/519/414
f 1996/519/414 1997/518/413 2012/529/394
f 2010/531/393 2012/529/394 1997/518/413
f 1997/518/413 1998/517/412 2010/531/393
f 2007/533/395 2010/531/393 1998/517/412
f 1998/517/412 1999/516/411 2007/533/395
f 2060/439/539 2059/570/537 2088/434/1391
f 2090/584/1393 2075/582/1378 2067/594/446
f 2067/594/446 2068/595/447 2090/584/1393
f 2092/586/1395 2090/584/1393 2068/595/447
f 2068/595/447 2069/596/416 2092/586/1395
f 2094/588/1397 2092/586/1395 2069/596/416
f 2069/596/416 2070/597/415 2094/588/1397
f 2096/590/1399 2094/588/1397 2070/597/415
f 2070/597/415 2071/598/417 2096/590/1399
f 2098/592/1401 2096/590/1399 2071/598/417
f 2071/598/417 2072/486/418 2098/592/1401
f 2100/487/1403 2098/592/1401 2072/486/418
f 2102/620/1405 2228/489/1488 2108/619/1411
f 2109/490/1412 2108/619/1411 2228/489/1488
f 2228/489/1488 2102/620/1405 2101/488/1404
f 2230/623/613 2159/448/468 2229/622/1492
f 2159/448/468 2231/621/466 2229/622/1492
f 2158/447/464 2231/621/466 2159/448/468
f 2231/621/466 2158/447/464 2135/426/450
f 2232/624/464 2231/621/466 2135/426/450
f 2233/625/464 2232/624/464 2135/426/450
f 2233/625/464 2234/626/1493 2232/624/464
f 2235/628/606 2234/626/1493 2233/625/464
f 2236/629/1494 2235/628/606 2233/625/464
f 2234/626/1493 2237/493/604 2232/624/464
f 2237/493/604 2238/627/1495 2232/624/464
f 2238/627/1495 2239/495/608 2232/624/464
f 2239/495/608 2240/400/1496 2232/624/464
f 2232/624/464 2240/400/1496 2231/621/466
f 2241/630/1497 2233/625/464 2135/426/450
f 2158/447/464 2156/445/464 2135/426/450
f 2156/445/464 2153/442/466 2135/426/450
f 2135/426/450 2153/442/466 2151/440/464
f 2137/427/1438 2135/426/450 2151/440/464
f 2236/629/1494 2233/625/464 2242/633/463
f 2241/630/1497 2243/631/1498 2233/625/464
f 2233/625/464 2243/631/1498 2242/633/463
f 2244/632/467 2243/631/1498 2241/630/1497
f 2240/400/1496 2245/634/1499 2231/621/466
f 2245/634/1499 2246/401/602 2231/621/466
f 2231/621/466 2246/401/602 2247/635/602
f 2229/622/1492 2231/621/466 2247/635/602
f 1989/399/424 1990/505/541 2248/637/617
f 1990/505/541 2249/636/1500 2248/637/617
f 1993/448/540 2249/636/1500 1990/505/541
f 2250/623/1501 2249/636/1500 1993/448/540
f 1953/402/1374 1950/399/523 2251/635/616
f 2252/637/616 2251/635/616 1950/399/523
f 2149/438/1449 2253/644/618 2139/428/1440
f 2253/644/618 2254/643/618 2139/428/1440
f 2254/643/618 2255/642/618 2139/428/1440
f 2255/642/618 2256/641/618 2139/428/1440
f 2256/641/618 2257/640/618 2139/428/1440
f 2257/640/618 2258/474/618 2139/428/1440
f 2258/474/618 2259/639/618 2139/428/1440
f 2259/639/618 2260/638/618 2139/428/1440
f 2260/638/618 2140/429/453 2139/428/1440
f 2263/645/619 2262/640/618 2261/641/618
f 2266/651/232 2265/649/1502 2264/650/232
f 2265/649/1502 2267/648/1502 2264/650/232
f 2268/647/1503 2267/648/1502 2265/649/1502
f 2269/646/1504 2267/648/1502 2268/647/1503
f 2268/647/1503 2270/652/1505 2269/646/1504
f 2270/652/1505 2271/653/1505 2269/646/1504
f 2272/654/1505 2271/653/1505 2270/652/1505
f 2273/655/1506 2271/653/1505 2272/654/1505
f 2274/656/1505 2273/655/1506 2272/654/1505
f 2275/657/1507 2273/655/1506 2274/656/1505
f 2275/657/1507 2276/658/1508 2273/655/1506
f 2276/658/1508 2277/659/1508 2273/655/1506
f 2278/660/1509 2277/659/1508 2276/658/1508
f 2279/661/1508 2278/660/1509 2276/658/1508
f 2280/662/1510 2278/660/1509 2279/661/1508
f 2280/662/1510 2281/663/1511 2278/660/1509
f 2281/663/1511 2282/664/1511 2278/660/1509
f 2283/665/1512 2282/664/1511 2281/663/1511
f 2284/666/1513 2283/665/1512 2281/663/1511
f 2284/666/1513 2285/667/1514 2283/665/1512
f 2285/667/1514 2286/668/1514 2283/665/1512
f 2287/669/1515 2286/668/1514 2285/667/1514
f 2288/670/1514 2286/668/1514 2287/669/1515
f 2289/671/1516 2288/670/1514 2287/669/1515
f 2287/669/1515 2290/672/1517 2289/671/1516
f 2290/672/1517 2291/673/1518 2289/671/1516
f 2292/674/1519 2291/673/1518 2290/672/1517
f 2292/674/1519 2293/675/1520 2291/673/1518
f 2291/673/1518 2293/675/1520 2294/676/1520
f 2294/676/1520 2293/675/1520 2295/677/1521
f 2296/678/1521 2294/676/1520 2295/677/1521
f 2298/680/642 2204/473/498 2297/679/641
f 2202/384/445 2297/679/641 2204/473/498
f 2301/399/1522 2300/505/1523 2299/681/1524
f 2302/448/1525 2299/681/1524 2300/505/1523
f 2300/505/1523 2301/399/1522 2303/504/1526
f 2304/397/1527 2303/504/1526 2301/399/1522
f 2303/504/1526 2304/397/1527 2305/506/1528
f 2306/396/1529 2305/506/1528 2304/397/1527
f 2305/506/1528 2306/396/1529 2307/507/1530
f 2308/403/1531 2307/507/1530 2306/396/1529
f 2307/507/1530 2308/403/1531 2309/508/1532
f 2310/405/1533 2309/508/1532 2308/403/1531
f 2309/508/1532 2310/405/1533 2311/509/1534
f 2312/407/1535 2311/509/1534 2310/405/1533
f 2311/509/1534 2312/407/1535 2313/510/1536
f 2314/409/1537 2313/510/1536 2312/407/1535
f 2313/510/1536 2314/409/1537 2315/511/1538
f 2316/411/1539 2315/511/1538 2314/409/1537
f 2315/511/1538 2316/411/1539 2317/512/1540
f 2318/413/1541 2317/512/1540 2316/411/1539
f 2317/512/1540 2318/413/1541 2319/513/1542
f 2320/415/1543 2319/513/1542 2318/413/1541
f 2319/513/1542 2320/415/1543 2321/514/1544
f 2322/417/1545 2321/514/1544 2320/415/1543
f 2321/514/1544 2322/417/1545 2323/515/1546
f 2324/419/1547 2323/515/1546 2322/417/1545
f 2323/515/1546 2324/419/1547 2325/477/705
f 2326/421/1548 2325/477/705 2324/419/1547
f 2313/510/1536 2327/516/671 2311/509/1534
f 2315/511/1538 2328/547/707 2313/510/1536
f 2327/516/671 2313/510/1536 2328/547/707
f 2317/512/1540 2329/548/708 2315/511/1538
f 2328/547/707 2315/511/1538 2329/548/708
f 2319/513/1542 2330/549/709 2317/512/1540
f 2329/548/708 2317/512/1540 2330/549/709
f 2321/514/1544 2331/550/415 2319/513/1542
f 2330/549/709 2319/513/1542 2331/550/415
f 2323/515/1546 2332/551/1549 2321/514/1544
f 2331/550/415 2321/514/1544 2332/551/1549
f 2325/477/705 2333/479/497 2323/515/1546
f 2332/551/1549 2323/515/1546 2333/479/497
f 2327/516/671 2328/547/707 2334/535/1550
f 2334/535/1550 2335/533/1551 2327/516/671
f 2335/533/1551 2334/535/1550 2336/534/1552
f 2336/534/1552 2337/532/1553 2335/533/1551
f 2338/531/1554 2335/533/1551 2337/532/1553
f 2337/532/1553 2339/530/1555 2338/531/1554
f 2340/529/1556 2338/531/1554 2339/530/1555
f 2339/530/1555 2341/528/1557 2340/529/1556
f 2342/527/1558 2340/529/1556 2341/528/1557
f 2341/528/1557 2343/526/1559 2342/527/1558
f 2344/525/1560 2342/527/1558 2343/526/1559
f 2343/526/1559 2345/524/1561 2344/525/1560
f 2346/523/1562 2344/525/1560 2345/524/1561
f 2345/524/1561 2347/443/1563 2346/523/1562
f 2348/444/1564 2346/523/1562 2347/443/1563
f 2349/536/1565 2336/534/1552 2334/535/1550
f 2334/535/1550 2350/537/1566 2349/536/1565
f 2351/538/1567 2349/536/1565 2350/537/1566
f 2350/537/1566 2352/539/1568 2351/538/1567
f 2353/540/1569 2351/538/1567 2352/539/1568
f 2352/539/1568 2354/541/1570 2353/540/1569
f 2355/542/1571 2353/540/1569 2354/541/1570
f 2354/541/1570 2356/543/1572 2355/542/1571
f 2357/544/1573 2355/542/1571 2356/543/1572
f 2356/543/1572 2358/545/1574 2357/544/1573
f 2359/546/1575 2357/544/1573 2358/545/1574
f 2358/545/1574 2360/480/669 2359/546/1575
f 2361/482/1576 2359/546/1575 2360/480/669
f 2350/537/1566 2334/535/1550 2328/547/707
f 2328/547/707 2329/548/708 2350/537/1566
f 2352/539/1568 2350/537/1566 2329/548/708
f 2329/548/708 2330/549/709 2352/539/1568
f 2354/541/1570 2352/539/1568 2330/549/709
f 2330/549/709 2331/550/415 2354/541/1570
f 2356/543/1572 2354/541/1570 2331/550/415
f 2331/550/415 2332/551/1549 2356/543/1572
f 2358/545/1574 2356/543/1572 2332/551/1549
f 2332/551/1549 2333/479/497 2358/545/1574
f 2360/480/669 2358/545/1574 2333/479/497
f 2361/482/1576 2362/484/705 2359/546/1575
f 2363/563/1577 2359/546/1575 2362/484/705
f 2359/546/1575 2363/563/1577 2364/544/1578
f 2365/562/1579 2364/544/1578 2363/563/1577
f 2364/544/1578 2365/562/1579 2366/542/1580
f 2367/561/1581 2366/542/1580 2365/562/1579
f 2366/542/1580 2367/561/1581 2368/540/1582
f 2369/560/1583 2368/540/1582 2367/561/1581
f 2368/540/1582 2369/560/1583 2370/538/1584
f 2371/559/1585 2370/538/1584 2369/560/1583
f 2370/538/1584 2371/559/1585 2372/536/1586
f 2373/558/1587 2372/536/1586 2371/559/1585
f 2372/536/1586 2373/558/1587 2374/534/1588
f 2375/557/1589 2374/534/1588 2373/558/1587
f 2374/534/1588 2375/557/1589 2376/532/1590
f 2377/556/1591 2376/532/1590 2375/557/1589
f 2376/532/1590 2377/556/1591 2378/530/1592
f 2379/555/1593 2378/530/1592 2377/556/1591
f 2378/530/1592 2379/555/1593 2380/528/1594
f 2381/554/1595 2380/528/1594 2379/555/1593
f 2380/528/1594 2381/554/1595 2382/526/1596
f 2383/553/1597 2382/526/1596 2381/554/1595
f 2382/526/1596 2383/553/1597 2384/524/1598
f 2385/552/1599 2384/524/1598 2383/553/1597
f 2384/524/1598 2385/552/1599 2386/443/1600
f 2387/441/1601 2386/443/1600 2385/552/1599
f 2385/552/1599 2388/570/787 2387/441/1601
f 2389/439/1602 2387/441/1601 2388/570/787
f 2383/553/1597 2390/569/676 2385/552/1599
f 2388/570/787 2385/552/1599 2390/569/676
f 2381/554/1595 2391/568/675 2383/553/1597
f 2390/569/676 2383/553/1597 2391/568/675
f 2379/555/1593 2392/567/674 2381/554/1595
f 2391/568/675 2381/554/1595 2392/567/674
f 2377/556/1591 2393/566/786 2379/555/1593
f 2392/567/674 2379/555/1593 2393/566/786
f 2393/566/786 2377/556/1591 2394/565/1603
f 2375/557/1589 2394/565/1603 2377/556/1591
f 2394/565/1603 2375/557/1589 2395/564/671
f 2373/558/1587 2395/564/671 2375/557/1589
f 2395/564/671 2373/558/1587 2396/594/707
f 2371/559/1585 2396/594/707 2373/558/1587
f 2396/594/707 2371/559/1585 2397/595/708
f 2369/560/1583 2397/595/708 2371/559/1585
f 2397/595/708 2369/560/1583 2398/596/709
f 2367/561/1581 2398/596/709 2369/560/1583
f 2398/596/709 2367/561/1581 2399/597/415
f 2365/562/1579 2399/597/415 2367/561/1581
f 2399/597/415 2365/562/1579 2400/598/1604
f 2363/563/1577 2400/598/1604 2365/562/1579
f 2400/598/1604 2363/563/1577 2401/486/497
f 2362/484/705 2401/486/497 2363/563/1577
f 2394/565/1603 2395/564/671 2402/580/1605
f 2402/580/1605 2403/578/1606 2394/565/1603
f 2403/578/1606 2402/580/1605 2404/579/1607
f 2404/579/1607 2405/577/1608 2403/578/1606
f 2406/576/1609 2403/578/1606 2405/577/1608
f 2405/577/1608 2407/575/1610 2406/576/1609
f 2408/574/1611 2406/576/1609 2407/575/1610
f 2407/575/1610 2409/573/1612 2408/574/1611
f 2410/572/1613 2408/574/1611 2409/573/1612
f 2409/573/1612 2411/435/1614 2410/572/1613
f 2412/571/1615 2410/572/1613 2411/435/1614
f 2413/434/538 2412/571/1615 2411/435/1614
f 2414/581/1616 2404/579/1607 2402/580/1605
f 2402/580/1605 2415/582/1617 2414/581/1616
f 2416/583/1618 2414/581/1616 2415/582/1617
f 2415/582/1617 2417/584/1619 2416/583/1618
f 2418/585/1620 2416/583/1618 2417/584/1619
f 2417/584/1619 2419/586/1621 2418/585/1620
f 2420/587/1622 2418/585/1620 2419/586/1621
f 2419/586/1621 2421/588/1623 2420/587/1622
f 2422/589/1624 2420/587/1622 2421/588/1623
f 2421/588/1623 2423/590/1625 2422/589/1624
f 2424/591/1626 2422/589/1624 2423/590/1625
f 2423/590/1625 2425/592/1627 2424/591/1626
f 2426/593/1628 2424/591/1626 2425/592/1627
f 2425/592/1627 2427/487/669 2426/593/1628
f 2428/488/1629 2426/593/1628 2427/487/669
f 2417/584/1619 2415/582/1617 2396/594/707
f 2395/564/671 2396/594/707 2415/582/1617
f 2415/582/1617 2402/580/1605 2395/564/671
f 2396/594/707 2397/595/708 2417/584/1619
f 2419/586/1621 2417/584/1619 2397/595/708
f 2397/595/708 2398/596/709 2419/586/1621
f 2421/588/1623 2419/586/1621 2398/596/709
f 2398/596/709 2399/597/415 2421/588/1623
f 2423/590/1625 2421/588/1623 2399/597/415
f 2399/597/415 2400/598/1604 2423/590/1625
f 2425/592/1627 2423/590/1625 2400/598/1604
f 2400/598/1604 2401/486/497 2425/592/1627
f 2427/487/669 2425/592/1627 2401/486/497
f 2430/489/1630 2429/620/1631 2428/488/1629
f 2429/620/1631 2430/489/1630 2431/619/1632
f 2431/619/1632 2432/618/1633 2429/620/1631
f 2432/618/1633 2431/619/1632 2433/464/1634
f 2434/607/1635 2432/618/1633 2433/464/1634
f 2433/464/1634 2435/459/1636 2434/607/1635
f 2431/619/1632 2436/490/1637 2433/464/1634
f 2436/490/1637 2431/619/1632 2430/489/1630
f 2432/618/1633 2434/607/1635 2437/617/1638
f 2437/617/1638 2429/620/1631 2432/618/1633
f 2438/616/1639 2437/617/1638 2434/607/1635
f 2434/607/1635 2439/606/1640 2438/616/1639
f 2439/606/1640 2434/607/1635 2440/459/1641
f 2440/459/1641 2441/458/1642 2439/606/1640
f 2442/605/1643 2439/606/1640 2441/458/1642
f 2441/458/1642 2443/457/1644 2442/605/1643
f 2444/604/1645 2442/605/1643 2443/457/1644
f 2443/457/1644 2445/469/1646 2444/604/1645
f 2446/603/1647 2444/604/1645 2445/469/1646
f 2445/469/1646 2447/470/1648 2446/603/1647
f 2448/602/1649 2446/603/1647 2447/470/1648
f 2447/470/1648 2449/471/1650 2448/602/1649
f 2450/601/1651 2448/602/1649 2449/471/1650
f 2449/471/1650 2451/472/1652 2450/601/1651
f 2452/600/1653 2450/601/1651 2451/472/1652
f 2451/472/1652 2453/451/1654 2452/600/1653
f 2454/599/1655 2452/600/1653 2453/451/1654
f 2454/599/1655 2453/451/1654 2411/435/1614
f 2455/610/1656 2454/599/1655 2411/435/1614
f 2409/573/1612 2455/610/1656 2411/435/1614
f 2452/600/1653 2454/599/1655 2456/609/1657
f 2455/610/1656 2456/609/1657 2454/599/1655
f 2456/609/1657 2455/610/1656 2407/575/1610
f 2409/573/1612 2407/575/1610 2455/610/1656
f 2450/601/1651 2452/600/1653 2457/608/1658
f 2456/609/1657 2457/608/1658 2452/600/1653
f 2457/608/1658 2456/609/1657 2405/577/1608
f 2407/575/1610 2405/577/1608 2456/609/1657
f 2448/602/1649 2450/601/1651 2458/611/1659
f 2457/608/1658 2458/611/1659 2450/601/1651
f 2458/611/1659 2457/608/1658 2404/579/1607
f 2405/577/1608 2404/579/1607 2457/608/1658
f 2458/611/1659 2459/612/1660 2448/602/1649
f 2459/612/1660 2458/611/1659 2414/581/1616
f 2404/579/1607 2414/581/1616 2458/611/1659
f 2414/581/1616 2416/583/1618 2459/612/1660
f 2460/613/1661 2459/612/1660 2416/583/1618
f 2459/612/1660 2460/613/1661 2446/603/1647
f 2446/603/1647 2448/602/1649 2459/612/1660
f 2444/604/1645 2446/603/1647 2460/613/1661
f 2460/613/1661 2461/614/1662 2444/604/1645
f 2442/605/1643 2444/604/1645 2461/614/1662
f 2461/614/1662 2460/613/1661 2418/585/1620
f 2416/583/1618 2418/585/1620 2460/613/1661
f 2461/614/1662 2462/615/1663 2442/605/1643
f 2439/606/1640 2442/605/1643 2462/615/1663
f 2462/615/1663 2461/614/1662 2420/587/1622
f 2418/585/1620 2420/587/1622 2461/614/1662
f 2462/615/1663 2438/616/1639 2439/606/1640
f 2438/616/1639 2462/615/1663 2422/589/1624
f 2420/587/1622 2422/589/1624 2462/615/1663
f 2422/589/1624 2424/591/1626 2438/616/1639
f 2437/617/1638 2438/616/1639 2424/591/1626
f 2424/591/1626 2426/593/1628 2437/617/1638
f 2429/620/1631 2437/617/1638 2426/593/1628
f 2426/593/1628 2428/488/1629 2429/620/1631
f 2465/681/1664 2464/448/717 2463/621/1665
f 2466/447/464 2463/621/1665 2464/448/717
f 2463/621/1665 2466/447/464 2467/682/714
f 2468/683/450 2467/682/714 2466/447/464
f 2467/682/714 2468/683/450 2469/684/715
f 2470/685/448 2469/684/715 2468/683/450
f 2469/684/715 2470/685/448 2471/686/716
f 2472/687/453 2471/686/716 2470/685/448
f 2471/686/716 2472/687/453 2473/688/618
f 2474/689/618 2473/688/618 2472/687/453
f 2464/448/717 2475/446/463 2466/447/464
f 2476/690/464 2466/447/464 2475/446/463
f 2466/447/464 2476/690/464 2468/683/450
f 2477/691/450 2468/683/450 2476/690/464
f 2468/683/450 2477/691/450 2470/685/448
f 2478/692/448 2470/685/448 2477/691/450
f 2470/685/448 2478/692/448 2472/687/453
f 2479/693/453 2472/687/453 2478/692/448
f 2472/687/453 2479/693/453 2474/689/618
f 2480/478/618 2474/689/618 2479/693/453
f 2476/690/464 2475/446/463 2481/445/464
f 2482/444/711 2481/445/464 2475/446/463
f 2481/445/464 2482/444/711 2483/442/466
f 2484/443/467 2483/442/466 2482/444/711
f 2483/442/466 2485/694/450 2481/445/464
f 2486/695/450 2481/445/464 2485/694/450
f 2477/691/450 2476/690/464 2486/695/450
f 2481/445/464 2486/695/450 2476/690/464
f 2485/694/450 2487/696/448 2486/695/450
f 2488/697/448 2486/695/450 2487/696/448
f 2478/692/448 2477/691/450 2488/697/448
f 2486/695/450 2488/697/448 2477/691/450
f 2487/696/448 2489/698/453 2488/697/448
f 2490/699/453 2488/697/448 2489/698/453
f 2479/693/453 2478/692/448 2490/699/453
f 2488/697/448 2490/699/453 2478/692/448
f 2489/698/453 2491/700/618 2490/699/453
f 2492/481/618 2490/699/453 2491/700/618
f 2480/478/618 2479/693/453 2492/481/618
f 2490/699/453 2492/481/618 2479/693/453
f 2484/443/467 2493/441/717 2483/442/466
f 2494/440/464 2483/442/466 2493/441/717
f 2483/442/466 2494/440/464 2485/694/450
f 2495/701/718 2485/694/450 2494/440/464
f 2485/694/450 2495/701/718 2487/696/448
f 2496/702/448 2487/696/448 2495/701/718
f 2487/696/448 2496/702/448 2489/698/453
f 2497/703/453 2489/698/453 2496/702/448
f 2489/698/453 2497/703/453 2491/700/618
f 2498/483/618 2491/700/618 2497/703/453
f 2493/441/717 2499/439/463 2494/440/464
f 2500/704/464 2494/440/464 2499/439/463
f 2494/440/464 2500/704/464 2495/701/718
f 2501/705/718 2495/701/718 2500/704/464
f 2495/701/718 2501/705/718 2496/702/448
f 2502/706/448 2496/702/448 2501/705/718
f 2496/702/448 2502/706/448 2497/703/453
f 2503/707/453 2497/703/453 2502/706/448
f 2497/703/453 2503/707/453 2498/483/618
f 2504/485/618 2498/483/618 2503/707/453
f 2500/704/464 2499/439/463 2505/432/1666
f 2506/434/1445 2505/432/1666 2499/439/463
f 2505/432/1666 2506/434/1445 2507/433/1667
f 2508/435/1668 2507/433/1667 2506/434/1445
f 2507/433/1667 2509/431/1669 2505/432/1666
f 2510/708/1670 2505/432/1666 2509/431/1669
f 2501/705/718 2500/704/464 2510/708/1670
f 2505/432/1666 2510/708/1670 2500/704/464
f 2509/431/1669 2511/430/1671 2510/708/1670
f 2512/709/1672 2510/708/1670 2511/430/1671
f 2502/706/448 2501/705/718 2512/709/1672
f 2510/708/1670 2512/709/1672 2501/705/718
f 2511/430/1671 2513/436/1673 2512/709/1672
f 2514/710/1440 2512/709/1672 2513/436/1673
f 2503/707/453 2502/706/448 2514/710/1440
f 2512/709/1672 2514/710/1440 2502/706/448
f 2513/436/1673 2515/437/1674 2514/710/1440
f 2516/438/1449 2514/710/1440 2515/437/1674
f 2504/485/618 2503/707/453 2516/438/1449
f 2514/710/1440 2516/438/1449 2503/707/453
f 2507/433/1667 2508/435/1668 2517/449/1675
f 2508/435/1668 2518/450/1676 2517/449/1675
f 2508/435/1668 2519/451/1677 2518/450/1676
f 2518/450/1676 2520/452/1678 2517/449/1675
f 2520/452/1678 2521/453/1679 2517/449/1675
f 2521/453/1679 2522/454/1680 2517/449/1675
f 2517/449/1675 2522/454/1680 2523/455/1681
f 2522/454/1680 2524/468/1682 2523/455/1681
f 2523/455/1681 2525/456/1683 2517/449/1675
f 2523/455/1681 2526/457/1684 2525/456/1683
f 2523/455/1681 2524/468/1682 2526/457/1684
f 2525/456/1683 2526/457/1684 2527/458/1685
f 2527/458/1685 2528/459/1686 2525/456/1683
f 2529/460/1687 2525/456/1683 2528/459/1686
f 2530/461/1688 2517/449/1675 2525/456/1683
f 2525/456/1683 2529/460/1687 2530/461/1688
f 2517/449/1675 2530/461/1688 2507/433/1667
f 2509/431/1669 2507/433/1667 2530/461/1688
f 2531/462/1689 2530/461/1688 2529/460/1687
f 2530/461/1688 2531/462/1689 2509/431/1669
f 2511/430/1671 2509/431/1669 2531/462/1689
f 2529/460/1687 2532/463/1690 2531/462/1689
f 2532/463/1690 2529/460/1687 2533/464/1691
f 2534/459/1686 2533/464/1691 2529/460/1687
f 2535/465/1692 2532/463/1690 2533/464/1691
f 2536/466/1693 2531/462/1689 2532/463/1690
f 2531/462/1689 2536/466/1693 2511/430/1671
f 2532/463/1690 2535/465/1692 2536/466/1693
f 2513/436/1673 2511/430/1671 2536/466/1693
f 2537/467/1694 2536/466/1693 2535/465/1692
f 2536/466/1693 2537/467/1694 2513/436/1673
f 2515/437/1674 2513/436/1673 2537/467/1694
f 2540/688/642 2539/689/752 2538/421/1695
f 2541/477/1696 2538/421/1695 2539/689/752
f 2539/689/752 2542/478/751 2541/477/1696
f 2543/479/497 2541/477/1696 2542/478/751
f 2543/479/497 2542/478/751 2544/480/669
f 2545/481/749 2544/480/669 2542/478/751
f 2544/480/669 2545/481/749 2546/482/1576
f 2547/700/642 2546/482/1576 2545/481/749
f 2547/700/642 2548/483/752 2546/482/1576
f 2549/484/705 2546/482/1576 2548/483/752
f 2548/483/752 2550/485/751 2549/484/705
f 2551/486/497 2549/484/705 2550/485/751
f 2551/486/497 2550/485/751 2552/487/669
f 2553/438/1697 2552/487/669 2550/485/751
f 2552/487/669 2553/438/1697 2554/488/1629
f 2555/437/1698 2554/488/1629 2553/438/1697
f 2554/488/1629 2555/437/1698 2556/489/1630
f 2557/467/1699 2556/489/1630 2555/437/1698
f 2556/489/1630 2557/467/1699 2558/490/1637
f 2559/465/1700 2558/490/1637 2557/467/1699
f 2558/490/1637 2559/465/1700 2560/464/1634
f 2300/505/1523 2561/522/1701 2302/448/1525
f 2562/446/1702 2302/448/1525 2561/522/1701
f 2561/522/1701 2300/505/1523 2563/521/676
f 2303/504/1526 2563/521/676 2300/505/1523
f 2563/521/676 2303/504/1526 2564/520/675
f 2305/506/1528 2564/520/675 2303/504/1526
f 2564/520/675 2305/506/1528 2565/519/674
f 2307/507/1530 2565/519/674 2305/506/1528
f 2565/519/674 2307/507/1530 2566/518/1703
f 2309/508/1532 2566/518/1703 2307/507/1530
f 2566/518/1703 2309/508/1532 2567/517/1603
f 2311/509/1534 2567/517/1603 2309/508/1532
f 2567/517/1603 2311/509/1534 2327/516/671
f 2562/446/1702 2561/522/1701 2348/444/1564
f 2346/523/1562 2348/444/1564 2561/522/1701
f 2561/522/1701 2563/521/676 2346/523/1562
f 2344/525/1560 2346/523/1562 2563/521/676
f 2563/521/676 2564/520/675 2344/525/1560
f 2342/527/1558 2344/525/1560 2564/520/675
f 2564/520/675 2565/519/674 2342/527/1558
f 2340/529/1556 2342/527/1558 2565/519/674
f 2565/519/674 2566/518/1703 2340/529/1556
f 2338/531/1554 2340/529/1556 2566/518/1703
f 2566/518/1703 2567/517/1603 2338/531/1554
f 2335/533/1551 2338/531/1554 2567/517/1603
f 2567/517/1603 2327/516/671 2335/533/1551
f 2389/439/1602 2388/570/787 2413/434/538
f 2412/571/1615 2413/434/538 2388/570/787
f 2388/570/787 2390/569/676 2412/571/1615
f 2410/572/1613 2412/571/1615 2390/569/676
f 2390/569/676 2391/568/675 2410/572/1613
f 2408/574/1611 2410/572/1613 2391/568/675
f 2391/568/675 2392/567/674 2408/574/1611
f 2406/576/1609 2408/574/1611 2392/567/674
f 2392/567/674 2393/566/786 2406/576/1609
f 2403/578/1606 2406/576/1609 2393/566/786
f 2393/566/786 2394/565/1603 2403/578/1606
f 2568/469/1704 2526/457/1684 2524/468/1682
f 2568/469/1704 2524/468/1682 2569/470/1705
f 2522/454/1680 2569/470/1705 2524/468/1682
f 2569/470/1705 2522/454/1680 2570/471/1706
f 2521/453/1679 2570/471/1706 2522/454/1680
f 2570/471/1706 2521/453/1679 2571/472/1707
f 2520/452/1678 2571/472/1707 2521/453/1679
f 2520/452/1678 2518/450/1676 2571/472/1707
f 2519/451/1677 2571/472/1707 2518/450/1676
f 2574/714/858 2573/712/859 2572/713/858
f 2575/711/859 2572/713/858 2573/712/859
f 2573/712/859 2576/715/853 2575/711/859
f 2577/716/853 2575/711/859 2576/715/853
f 2576/715/853 2578/717/232 2577/716/853
f 2579/718/232 2577/716/853 2578/717/232
f 2578/717/232 2580/719/852 2579/718/232
f 2581/720/852 2579/718/232 2580/719/852
f 2572/713/858 2582/721/857 2574/714/858
f 2583/722/857 2574/714/858 2582/721/857
f 2582/721/857 2584/723/856 2583/722/857
f 2585/724/856 2583/722/857 2584/723/856
f 2584/723/856 2586/725/191 2585/724/856
f 2587/726/191 2585/724/856 2586/725/191
f 2586/725/191 2588/727/855 2587/726/191
f 2589/728/855 2587/726/191 2588/727/855
f 2588/727/855 2590/729/854 2589/728/855
f 2591/730/854 2589/728/855 2590/729/854
f 2590/729/854 2592/731/851 2591/730/854
f 2593/732/851 2591/730/854 2592/731/851
f 2592/731/851 2594/733/850 2593/732/851
f 2595/734/850 2593/732/851 2594/733/850
f 2594/733/850 2596/735/852 2595/734/850
f 2597/736/1708 2595/734/850 2596/735/852
f 2600/740/858 2599/738/859 2598/739/858
f 2601/737/859 2598/739/858 2599/738/859
f 2599/738/859 2602/741/853 2601/737/859
f 2603/742/853 2601/737/859 2602/741/853
f 2602/741/853 2604/743/232 2603/742/853
f 2605/744/232 2603/742/853 2604/743/232
f 2604/743/232 2606/745/852 2605/744/232
f 2607/746/852 2605/744/232 2606/745/852
f 2598/739/858 2608/747/857 2600/740/858
f 2609/748/857 2600/740/858 2608/747/857
f 2608/747/857 2610/749/856 2609/748/857
f 2611/750/856 2609/748/857 2610/749/856
f 2610/749/856 2612/751/191 2611/750/856
f 2613/752/191 2611/750/856 2612/751/191
f 2612/751/191 2614/753/855 2613/752/191
f 2615/754/855 2613/752/191 2614/753/855
f 2614/753/855 2616/755/854 2615/754/855
f 2617/756/854 2615/754/855 2616/755/854
f 2616/755/854 2618/757/851 2617/756/854
f 2619/758/851 2617/756/854 2618/757/851
f 2618/757/851 2620/759/850 2619/758/851
f 2621/760/850 2619/758/851 2620/759/850
f 2620/759/850 2622/761/852 2621/760/850
f 2623/762/852 2621/760/850 2622/761/852
f 2626/766/858 2625/764/859 2624/765/858
f 2627/763/859 2624/765/858 2625/764/859
f 2625/764/859 2628/767/853 2627/763/859
f 2629/768/853 2627/763/859 2628/767/853
f 2628/767/853 2630/769/232 2629/768/853
f 2631/770/232 2629/768/853 2630/769/232
f 2630/769/232 2632/771/852 2631/770/232
f 2633/772/1709 2631/770/232 2632/771/852
f 2624/765/858 2634/773/857 2626/766/858
f 2635/774/857 2626/766/858 2634/773/857
f 2634/773/857 2636/775/856 2635/774/857
f 2637/776/856 2635/774/857 2636/775/856
f 2636/775/856 2638/777/191 2637/776/856
f 2639/778/191 2637/776/856 2638/777/191
f 2638/777/191 2640/779/855 2639/778/191
f 2641/780/855 2639/778/191 2640/779/855
f 2640/779/855 2642/781/854 2641/780/855
f 2643/782/854 2641/780/855 2642/781/854
f 2642/781/854 2644/783/851 2643/782/854
f 2645/784/851 2643/782/854 2644/783/851
f 2644/783/851 2646/785/850 2645/784/851
f 2647/786/850 2645/784/851 2646/785/850
f 2646/785/850 2648/787/852 2647/786/850
f 2649/788/852 2647/786/850 2648/787/852
f 2652/799/861 2651/797/861 2650/792/861
f 2651/797/861 2653/793/861 2650/792/861
f 2654/798/861 2653/793/861 2651/797/861
f 2653/793/861 2655/790/861 2650/792/861
f 2656/794/861 2655/790/861 2653/793/861
f 2657/796/861 2656/794/861 2653/793/861
f 2658/795/861 2655/790/861 2656/794/861
f 2655/790/861 2659/791/861 2650/792/861
f 2660/789/861 2659/791/861 2655/790/861
f 2650/792/861 2659/791/861 2661/800/861
f 2664/791/4 2663/805/4 2662/800/4
f 2663/805/4 2665/795/4 2662/800/4
f 2666/790/4 2665/795/4 2663/805/4
f 2665/795/4 2667/801/4 2662/800/4
f 2668/796/4 2667/801/4 2665/795/4
f 2669/804/4 2668/796/4 2665/795/4
f 2670/803/4 2667/801/4 2668/796/4
f 2667/801/4 2671/802/4 2662/800/4
f 2672/797/4 2671/802/4 2667/801/4
f 2662/800/4 2671/802/4 2673/806/4
f 2676/714/858 2675/712/859 2674/713/858
f 2677/711/859 2674/713/858 2675/712/859
f 2675/712/859 2678/715/853 2677/711/859
f 2679/716/853 2677/711/859 2678/715/853
f 2678/715/853 2680/717/232 2679/716/853
f 2681/718/232 2679/716/853 2680/717/232
f 2680/717/232 2682/719/852 2681/718/232
f 2683/720/852 2681/718/232 2682/719/852
f 2674/713/858 2684/721/857 2676/714/858
f 2685/722/857 2676/714/858 2684/721/857
f 2684/721/857 2686/723/856 2685/722/857
f 2687/724/856 2685/722/857 2686/723/856
f 2686/723/856 2688/725/191 2687/724/856
f 2689/726/191 2687/724/856 2688/725/191
f 2688/725/191 2690/727/855 2689/726/191
f 2691/728/855 2689/726/191 2690/727/855
f 2690/727/855 2692/729/854 2691/728/855
f 2693/730/854 2691/728/855 2692/729/854
f 2692/729/854 2694/731/851 2693/730/854
f 2695/732/851 2693/730/854 2694/731/851
f 2694/731/851 2696/733/850 2695/732/851
f 2697/734/850 2695/732/851 2696/733/850
f 2696/733/850 2698/735/852 2697/734/850
f 2699/736/852 2697/734/850 2698/735/852
f 2702/740/858 2701/738/859 2700/739/858
f 2703/737/859 2700/739/858 2701/738/859
f 2701/738/859 2704/741/853 2703/737/859
f 2705/742/853 2703/737/859 2704/741/853
f 2704/741/853 2706/743/232 2705/742/853
f 2707/744/232 2705/742/853 2706/743/232
f 2706/743/232 2708/745/852 2707/744/232
f 2709/746/852 2707/744/232 2708/745/852
f 2700/739/858 2710/747/857 2702/740/858
f 2711/748/857 2702/740/858 2710/747/857
f 2710/747/857 2712/749/856 2711/748/857
f 2713/750/856 2711/748/857 2712/749/856
f 2712/749/856 2714/751/191 2713/750/856
f 2715/752/191 2713/750/856 2714/751/191
f 2714/751/191 2716/753/855 2715/752/191
f 2717/754/855 2715/752/191 2716/753/855
f 2716/753/855 2718/755/854 2717/754/855
f 2719/756/854 2717/754/855 2718/755/854
f 2718/755/854 2720/757/851 2719/756/854
f 2721/758/851 2719/756/854 2720/757/851
f 2720/757/851 2722/759/850 2721/758/851
f 2723/760/850 2721/758/851 2722/759/850
f 2722/759/850 2724/761/852 2723/760/850
f 2725/762/852 2723/760/850 2724/761/852
f 2728/766/858 2727/764/859 2726/765/858
f 2729/763/859 2726/765/858 2727/764/859
f 2727/764/859 2730/767/853 2729/763/859
f 2731/768/853 2729/763/859 2730/767/853
f 2730/767/853 2732/769/232 2731/768/853
f 2733/770/232 2731/768/853 2732/769/232
f 2732/769/232 2734/771/852 2733/770/232
f 2735/772/852 2733/770/232 2734/771/852
f 2726/765/858 2736/773/857 2728/766/858
f 2737/774/857 2728/766/858 2736/773/857
f 2736/773/857 2738/775/856 2737/774/857
f 2739/776/856 2737/774/857 2738/775/856
f 2738/775/856 2740/777/191 2739/776/856
f 2741/778/191 2739/776/856 2740/777/191
f 2740/777/191 2742/779/855 2741/778/191
f 2743/780/855 2741/778/191 2742/779/855
f 2742/779/855 2744/781/854 2743/780/855
f 2745/782/854 2743/780/855 2744/781/854
f 2744/781/854 2746/783/851 2745/782/854
f 2747/784/851 2745/782/854 2746/783/851
f 2746/783/851 2748/785/850 2747/784/851
f 2749/786/850 2747/784/851 2748/785/850
f 2748/785/850 2750/787/852 2749/786/850
f 2751/788/852 2749/786/850 2750/787/852
f 2754/799/861 2753/797/861 2752/792/861
f 2753/797/861 2755/793/861 2752/792/861
f 2756/798/861 2755/793/861 2753/797/861
f 2755/793/861 2757/790/861 2752/792/861
f 2758/794/861 2757/790/861 2755/793/861
f 2759/796/861 2758/794/861 2755/793/861
f 2760/795/861 2757/790/861 2758/794/861
f 2757/790/861 2761/791/861 2752/792/861
f 2762/789/861 2761/791/861 2757/790/861
f 2752/792/861 2761/791/861 2763/800/861
f 2766/791/4 2765/805/4 2764/800/4
f 2765/805/4 2767/795/4 2764/800/4
f 2768/790/4 2767/795/4 2765/805/4
f 2767/795/4 2769/801/4 2764/800/4
f 2770/796/4 2769/801/4 2767/795/4
f 2771/804/4 2770/796/4 2767/795/4
f 2772/803/4 2769/801/4 2770/796/4
f 2769/801/4 2773/802/4 2764/800/4
f 2774/797/4 2773/802/4 2769/801/4
f 2764/800/4 2773/802/4 2775/806/4
f 2778/810/1710 2777/808/1711 2776/809/1712
f 2779/807/1713 2776/809/1712 2777/808/1711
f 2776/809/1712 2779/807/1713 2780/811/1714
f 2781/812/1715 2780/811/1714 2779/807/1713
f 2780/811/1714 2781/812/1715 2782/813/1716
f 2783/814/1717 2782/813/1716 2781/812/1715
f 2782/813/1716 2783/814/1717 2784/815/1718
f 2785/816/1719 2784/815/1718 2783/814/1717
f 2784/815/1718 2785/816/1719 2786/817/1720
f 2787/818/1721 2786/817/1720 2785/816/1719
f 2786/817/1720 2787/818/1721 2788/819/1722
f 2789/820/1723 2788/819/1722 2787/818/1721
f 2788/819/1722 2789/820/1723 2790/821/1724
f 2791/822/1725 2790/821/1724 2789/820/1723
f 2790/821/1724 2791/822/1725 2792/823/1726
f 2793/824/1727 2792/823/1726 2791/822/1725
f 2792/823/1726 2793/824/1727 2794/825/1728
f 2795/826/1729 2794/825/1728 2793/824/1727
f 2794/825/1728 2795/826/1729 2796/827/1730
f 2797/828/1731 2796/827/1730 2795/826/1729
f 2796/827/1730 2797/828/1731 2798/829/1732
f 2799/830/1733 2798/829/1732 2797/828/1731
f 2798/829/1732 2799/830/1733 2800/831/1734
f 2801/832/1735 2800/831/1734 2799/830/1733
f 2800/831/1734 2801/832/1735 2802/833/1736
f 2803/834/1737 2802/833/1736 2801/832/1735
f 2790/821/1724 2804/835/1738 2788/819/1722
f 2804/835/1738 2790/821/1724 2805/870/1739
f 2792/823/1726 2805/870/1739 2790/821/1724
f 2805/870/1739 2792/823/1726 2806/871/1740
f 2794/825/1728 2806/871/1740 2792/823/1726
f 2806/871/1740 2794/825/1728 2807/872/1741
f 2796/827/1730 2807/872/1741 2794/825/1728
f 2807/872/1741 2796/827/1730 2808/873/1742
f 2798/829/1732 2808/873/1742 2796/827/1730
f 2808/873/1742 2798/829/1732 2809/874/1743
f 2800/831/1734 2809/874/1743 2798/829/1732
f 2809/874/1743 2800/831/1734 2810/875/1744
f 2802/833/1736 2810/875/1744 2800/831/1734
f 2804/835/1738 2805/870/1739 2811/856/1745
f 2811/856/1745 2812/854/1746 2804/835/1738
f 2812/854/1746 2811/856/1745 2813/855/1747
f 2813/855/1747 2814/853/1748 2812/854/1746
f 2815/852/1749 2812/854/1746 2814/853/1748
f 2814/853/1748 2816/851/1750 2815/852/1749
f 2817/850/1751 2815/852/1749 2816/851/1750
f 2816/851/1750 2818/849/1752 2817/850/1751
f 2819/848/1753 2817/850/1751 2818/849/1752
f 2818/849/1752 2820/847/1754 2819/848/1753
f 2821/846/1755 2819/848/1753 2820/847/1754
f 2820/847/1754 2822/845/1756 2821/846/1755
f 2823/844/1757 2821/846/1755 2822/845/1756
f 2824/843/1758 2823/844/1757 2822/845/1756
f 2825/857/1759 2813/855/1747 2811/856/1745
f 2811/856/1745 2826/858/1760 2825/857/1759
f 2827/859/1761 2825/857/1759 2826/858/1760
f 2826/858/1760 2828/860/1762 2827/859/1761
f 2829/861/1763 2827/859/1761 2828/860/1762
f 2828/860/1762 2830/862/1764 2829/861/1763
f 2831/863/1765 2829/861/1763 2830/862/1764
f 2830/862/1764 2832/864/1766 2831/863/1765
f 2833/865/1767 2831/863/1765 2832/864/1766
f 2832/864/1766 2834/866/1768 2833/865/1767
f 2835/867/1769 2833/865/1767 2834/866/1768
f 2834/866/1768 2836/868/1770 2835/867/1769
f 2837/869/1771 2835/867/1769 2836/868/1770
f 2823/844/1757 2824/843/1758 2838/841/1772
f 2839/842/1773 2838/841/1772 2824/843/1758
f 2839/842/1773 2778/810/1710 2838/841/1772
f 2776/809/1712 2838/841/1772 2778/810/1710
f 2838/841/1772 2776/809/1712 2840/840/1774
f 2780/811/1714 2840/840/1774 2776/809/1712
f 2840/840/1774 2780/811/1714 2841/839/1775
f 2782/813/1716 2841/839/1775 2780/811/1714
f 2841/839/1775 2782/813/1716 2842/838/1776
f 2784/815/1718 2842/838/1776 2782/813/1716
f 2842/838/1776 2784/815/1718 2843/837/1777
f 2786/817/1720 2843/837/1777 2784/815/1718
f 2843/837/1777 2786/817/1720 2844/836/1778
f 2788/819/1722 2844/836/1778 2786/817/1720
f 2844/836/1778 2788/819/1722 2804/835/1738
f 2838/841/1772 2840/840/1774 2823/844/1757
f 2821/846/1755 2823/844/1757 2840/840/1774
f 2840/840/1774 2841/839/1775 2821/846/1755
f 2819/848/1753 2821/846/1755 2841/839/1775
f 2841/839/1775 2842/838/1776 2819/848/1753
f 2817/850/1751 2819/848/1753 2842/838/1776
f 2842/838/1776 2843/837/1777 2817/850/1751
f 2815/852/1749 2817/850/1751 2843/837/1777
f 2843/837/1777 2844/836/1778 2815/852/1749
f 2812/854/1746 2815/852/1749 2844/836/1778
f 2844/836/1778 2804/835/1738 2812/854/1746
f 2847/877/1779 2846/876/1780 2845/810/1781
f 2848/808/1782 2845/810/1781 2846/876/1780
f 2845/810/1781 2849/842/1783 2847/877/1779
f 2847/877/1779 2849/842/1783 2850/878/1784
f 2849/842/1783 2851/843/1785 2850/878/1784
f 2850/878/1784 2851/843/1785 2852/879/1786
f 2853/845/1787 2852/879/1786 2851/843/1785
f 2852/879/1786 2854/880/1788 2850/878/1784
f 2855/881/1789 2850/878/1784 2854/880/1788
f 2854/880/1788 2856/882/1790 2855/881/1789
f 2857/883/1791 2855/881/1789 2856/882/1790
f 2856/882/1790 2858/884/1792 2857/883/1791
f 2859/885/1793 2857/883/1791 2858/884/1792
f 2858/884/1792 2860/886/1794 2859/885/1793
f 2861/887/1795 2859/885/1793 2860/886/1794
f 2852/879/1786 2853/845/1787 2862/888/1796
f 2862/888/1796 2853/845/1787 2863/889/1797
f 2853/845/1787 2864/890/1798 2863/889/1797
f 2865/891/1799 2862/888/1796 2863/889/1797
f 2866/892/1800 2862/888/1796 2865/891/1799
f 2867/893/1801 2862/888/1796 2866/892/1800
f 2868/894/1802 2862/888/1796 2867/893/1801
f 2869/895/1803 2868/894/1802 2867/893/1801
f 2868/894/1802 2870/896/1804 2862/888/1796
f 2868/894/1802 2871/897/1805 2870/896/1804
f 2870/896/1804 2871/897/1805 2872/898/1806
f 2872/898/1806 2873/899/1807 2870/896/1804
f 2874/900/1808 2870/896/1804 2873/899/1807
f 2873/899/1807 2875/901/1809 2874/900/1808
f 2876/902/1810 2874/900/1808 2875/901/1809
f 2877/903/1811 2876/902/1810 2875/901/1809
f 2878/904/1812 2862/888/1796 2870/896/1804
f 2870/896/1804 2874/900/1808 2878/904/1812
f 2879/905/1813 2878/904/1812 2874/900/1808
f 2874/900/1808 2876/902/1810 2879/905/1813
f 2878/904/1812 2879/905/1813 2854/880/1788
f 2854/880/1788 2852/879/1786 2878/904/1812
f 2862/888/1796 2878/904/1812 2852/879/1786
f 2856/882/1790 2854/880/1788 2879/905/1813
f 2880/906/1814 2879/905/1813 2876/902/1810
f 2879/905/1813 2880/906/1814 2856/882/1790
f 2876/902/1810 2877/903/1811 2880/906/1814
f 2858/884/1792 2856/882/1790 2880/906/1814
f 2881/907/1815 2880/906/1814 2877/903/1811
f 2880/906/1814 2881/907/1815 2858/884/1792
f 2860/886/1794 2858/884/1792 2881/907/1815
f 2884/875/1744 2883/833/1736 2882/909/1816
f 2885/908/1817 2882/909/1816 2883/833/1736
f 2884/875/1744 2882/909/1816 2886/868/1770
f 2887/887/1818 2886/868/1770 2882/909/1816
f 2886/868/1770 2887/887/1818 2888/869/1771
f 2889/886/1819 2888/869/1771 2887/887/1818
f 2888/869/1771 2889/886/1819 2890/910/1820
f 2891/907/1821 2890/910/1820 2889/886/1819
f 2890/910/1820 2891/907/1821 2892/911/1822
f 2893/903/1823 2892/911/1822 2891/907/1821
f 2892/911/1822 2893/903/1823 2894/901/1824
f 2885/908/1817 2896/833/1825 2895/912/1825
f 2897/834/1825 2895/912/1825 2896/833/1825
f 2826/858/1760 2811/856/1745 2805/870/1739
f 2805/870/1739 2806/871/1740 2826/858/1760
f 2828/860/1762 2826/858/1760 2806/871/1740
f 2806/871/1740 2807/872/1741 2828/860/1762
f 2830/862/1764 2828/860/1762 2807/872/1741
f 2807/872/1741 2808/873/1742 2830/862/1764
f 2832/864/1766 2830/862/1764 2808/873/1742
f 2808/873/1742 2809/874/1743 2832/864/1766
f 2834/866/1768 2832/864/1766 2809/874/1743
f 2809/874/1743 2810/875/1744 2834/866/1768
f 2836/868/1770 2834/866/1768 2810/875/1744
f 2899/913/1826 2898/890/1827 2822/845/1756
f 2899/913/1826 2900/914/1828 2898/890/1827
f 2901/915/1829 2898/890/1827 2900/914/1828
f 2900/914/1828 2902/916/1830 2901/915/1829
f 2903/917/1831 2901/915/1829 2902/916/1830
f 2902/916/1830 2904/918/1832 2903/917/1831
f 2905/919/1833 2903/917/1831 2904/918/1832
f 2904/918/1832 2906/920/1834 2905/919/1833
f 2907/921/1835 2905/919/1833 2906/920/1834
f 2906/920/1834 2908/922/1836 2907/921/1835
f 2909/897/1837 2907/921/1835 2908/922/1836
f 2910/923/1838 2899/913/1826 2822/845/1756
f 2820/847/1754 2910/923/1838 2822/845/1756
f 2910/923/1838 2911/924/1839 2899/913/1826
f 2900/914/1828 2899/913/1826 2911/924/1839
f 2820/847/1754 2818/849/1752 2910/923/1838
f 2911/924/1839 2910/923/1838 2818/849/1752
f 2911/924/1839 2912/925/1840 2900/914/1828
f 2902/916/1830 2900/914/1828 2912/925/1840
f 2818/849/1752 2816/851/1750 2911/924/1839
f 2912/925/1840 2911/924/1839 2816/851/1750
f 2912/925/1840 2913/926/1841 2902/916/1830
f 2904/918/1832 2902/916/1830 2913/926/1841
f 2816/851/1750 2814/853/1748 2912/925/1840
f 2913/926/1841 2912/925/1840 2814/853/1748
f 2913/926/1841 2914/927/1842 2904/918/1832
f 2906/920/1834 2904/918/1832 2914/927/1842
f 2814/853/1748 2813/855/1747 2913/926/1841
f 2914/927/1842 2913/926/1841 2813/855/1747
f 2914/927/1842 2915/928/1843 2906/920/1834
f 2908/922/1836 2906/920/1834 2915/928/1843
f 2813/855/1747 2825/857/1759 2914/927/1842
f 2915/928/1843 2914/927/1842 2825/857/1759
f 2915/928/1843 2916/929/1844 2908/922/1836
f 2917/930/1845 2908/922/1836 2916/929/1844
f 2908/922/1836 2917/930/1845 2918/897/1837
f 2919/898/1846 2918/897/1837 2917/930/1845
f 2917/930/1845 2920/931/1847 2919/898/1846
f 2921/899/1848 2919/898/1846 2920/931/1847
f 2920/931/1847 2922/932/1849 2921/899/1848
f 2923/901/1824 2921/899/1848 2922/932/1849
f 2922/932/1849 2924/933/1850 2923/901/1824
f 2924/933/1850 2925/934/1851 2923/901/1824
f 2925/934/1851 2926/911/1822 2923/901/1824
f 2825/857/1759 2827/859/1761 2915/928/1843
f 2916/929/1844 2915/928/1843 2827/859/1761
f 2916/929/1844 2927/935/1852 2917/930/1845
f 2920/931/1847 2917/930/1845 2927/935/1852
f 2827/859/1761 2829/861/1763 2916/929/1844
f 2927/935/1852 2916/929/1844 2829/861/1763
f 2927/935/1852 2928/936/1853 2920/931/1847
f 2922/932/1849 2920/931/1847 2928/936/1853
f 2829/861/1763 2831/863/1765 2927/935/1852
f 2928/936/1853 2927/935/1852 2831/863/1765
f 2928/936/1853 2929/937/1854 2922/932/1849
f 2924/933/1850 2922/932/1849 2929/937/1854
f 2831/863/1765 2833/865/1767 2928/936/1853
f 2929/937/1854 2928/936/1853 2833/865/1767
f 2929/937/1854 2930/938/1855 2924/933/1850
f 2925/934/1851 2924/933/1850 2930/938/1855
f 2833/865/1767 2835/867/1769 2929/937/1854
f 2930/938/1855 2929/937/1854 2835/867/1769
f 2930/938/1855 2931/910/1856 2925/934/1851
f 2926/911/1822 2925/934/1851 2931/910/1856
f 2835/867/1769 2837/869/1771 2930/938/1855
f 2931/910/1856 2930/938/1855 2837/869/1771
f 2933/921/1857 2932/897/1858 2869/895/1803
f 2868/894/1802 2869/895/1803 2932/897/1858
f 2933/921/1857 2869/895/1803 2934/919/1859
f 2867/893/1801 2934/919/1859 2869/895/1803
f 2934/919/1859 2867/893/1801 2935/917/1860
f 2866/892/1800 2935/917/1860 2867/893/1801
f 2935/917/1860 2866/892/1800 2936/915/1861
f 2865/891/1799 2936/915/1861 2866/892/1800
f 2865/891/1799 2863/889/1797 2936/915/1861
f 2864/890/1798 2936/915/1861 2863/889/1797
f 2939/942/1862 2938/940/1862 2937/941/1862
f 2940/939/1863 2937/941/1862 2938/940/1862
f 2937/941/1862 2940/939/1863 2941/883/1864
f 2942/881/1865 2941/883/1864 2940/939/1863
f 2945/944/1866 2944/942/1867 2943/943/1866
f 2946/941/1868 2943/943/1866 2944/942/1867
f 2943/943/1866 2946/941/1868 2947/885/1869
f 2948/883/1870 2947/885/1869 2946/941/1868
f 2951/940/1871 2950/876/1871 2949/939/1871
f 2952/877/1872 2949/939/1871 2950/876/1871
f 2949/939/1871 2952/877/1872 2953/881/1873
f 2850/878/1874 2953/881/1873 2952/877/1872
f 2956/912/1875 2955/944/1876 2954/908/1877
f 2957/943/1878 2954/908/1877 2955/944/1876
f 2958/909/1879 2954/908/1877 2957/943/1878
f 2958/909/1879 2957/943/1878 2959/885/1880
f 2861/887/1795 2958/909/1879 2959/885/1880
f 2962/945/1881 2961/946/1882 2960/947/1883
f 2963/948/1884 2960/947/1883 2961/946/1882
f 2961/946/1882 2962/945/1881 2964/949/1885
f 2965/950/1886 2964/949/1885 2962/945/1881
f 2964/949/1885 2965/950/1886 2966/951/1887
f 2967/952/1888 2966/951/1887 2965/950/1886
f 2960/947/1883 2963/948/1884 2968/953/1889
f 2969/954/1890 2968/953/1889 2963/948/1884
f 2968/953/1889 2969/954/1890 2970/955/1891
f 2971/956/1892 2970/955/1891 2969/954/1890
f 2970/955/1891 2971/956/1892 2972/957/1893
f 2973/958/1894 2972/957/1893 2971/956/1892
f 2972/957/1893 2973/958/1894 2974/959/1895
f 2975/960/1895 2974/959/1895 2973/958/1894
f 2974/959/1895 2975/960/1895 2976/961/1896
f 2977/962/1897 2976/961/1896 2975/960/1895
f 2976/961/1896 2977/962/1897 2978/963/1898
f 2979/964/1899 2978/963/1898 2977/962/1897
f 2978/963/1898 2979/964/1899 2980/965/1900
f 2981/966/1901 2980/965/1900 2979/964/1899
f 2980/965/1900 2981/966/1901 2982/967/1902
f 2983/968/1903 2982/967/1902 2981/966/1901
f 2982/967/1902 2983/968/1903 2984/969/1904
f 2985/970/1905 2984/969/1904 2983/968/1903
f 2984/969/1904 2985/970/1905 2986/971/1906
f 2987/972/1907 2986/971/1906 2985/970/1905
f 2986/971/1906 2987/972/1907 2988/973/1908
f 2989/974/1909 2988/973/1908 2987/972/1907
f 2988/973/1908 2989/974/1909 2990/975/1910
f 2991/976/1910 2990/975/1910 2989/974/1909
f 2990/975/1910 2991/976/1910 2992/977/1888
f 2993/978/1887 2992/977/1888 2991/976/1910
f 2996/948/1911 2995/946/1911 2994/954/1911
f 2995/946/1911 2997/949/1911 2994/954/1911
f 2997/949/1911 2998/951/1911 2994/954/1911
f 2998/951/1911 2999/979/1911 2994/954/1911
f 2999/979/1911 3000/980/1911 2994/954/1911
f 3000/980/1911 3001/981/1911 2994/954/1911
f 3001/981/1911 3002/982/1911 2994/954/1911
f 3002/982/1911 3003/983/1911 2994/954/1911
f 3003/983/1911 3004/984/1911 2994/954/1911
f 3004/984/1911 3005/985/1911 2994/954/1911
f 3005/985/1911 3006/986/1911 2994/954/1911
f 3006/986/1911 3007/987/1911 2994/954/1911
f 3007/987/1911 3008/988/1911 2994/954/1911
f 3008/988/1911 3009/989/1911 2994/954/1911
f 3012/990/1912 3011/991/1913 3010/992/1914
f 3013/993/1915 3010/992/1914 3011/991/1913
f 3011/991/1913 3012/990/1912 3014/994/1916
f 3015/995/1917 3014/994/1916 3012/990/1912
f 3014/994/1916 3015/995/1917 3016/996/1918
f 3017/997/1919 3016/996/1918 3015/995/1917
f 3016/996/1918 3017/997/1919 3018/998/1920
f 3019/999/1921 3018/998/1920 3017/997/1919
f 3010/992/1914 3013/993/1915 3020/1000/1922
f 3021/1001/1923 3020/1000/1922 3013/993/1915
f 3020/1000/1922 3021/1001/1923 3022/1002/1924
f 3023/1003/1925 3022/1002/1924 3021/1001/1923
f 3022/1002/1924 3023/1003/1925 3024/1004/1926
f 3025/1005/1927 3024/1004/1926 3023/1003/1925
f 3024/1004/1926 3025/1005/1927 3026/1006/1928
f 3027/1007/1929 3026/1006/1928 3025/1005/1927
f 3026/1006/1928 3027/1007/1929 3028/1008/1930
f 3029/1009/1931 3028/1008/1930 3027/1007/1929
f 3028/1008/1930 3029/1009/1931 3030/1010/1932
f 3031/1011/1933 3030/1010/1932 3029/1009/1931
f 3030/1010/1932 3031/1011/1933 3032/1012/1934
f 3033/1013/1935 3032/1012/1934 3031/1011/1933
f 3032/1012/1934 3033/1013/1935 3034/1014/1936
f 3035/1015/1937 3034/1014/1936 3033/1013/1935
f 3034/1014/1936 3035/1015/1937 3036/1016/1938
f 3037/1017/1939 3036/1016/1938 3035/1015/1937
f 3036/1016/1938 3037/1017/1939 3038/1018/1940
f 3039/1019/1941 3038/1018/1940 3037/1017/1939
f 3038/1018/1940 3039/1019/1941 3040/1020/1942
f 3041/1021/1943 3040/1020/1942 3039/1019/1941
f 3040/1020/1942 3041/1021/1943 3042/1022/1921
f 3043/1023/1920 3042/1022/1921 3041/1021/1943
f 3041/1021/1943 3044/1024/1944 3043/1023/1920
f 3045/1025/1945 3043/1023/1920 3044/1024/1944
f 3039/1019/1941 3046/1026/1946 3041/1021/1943
f 3044/1024/1944 3041/1021/1943 3046/1026/1946
f 3037/1017/1939 3047/1027/1947 3039/1019/1941
f 3046/1026/1946 3039/1019/1941 3047/1027/1947
f 3035/1015/1937 3048/1028/1948 3037/1017/1939
f 3047/1027/1947 3037/1017/1939 3048/1028/1948
f 3033/1013/1935 3049/1029/1949 3035/1015/1937
f 3048/1028/1948 3035/1015/1937 3049/1029/1949
f 3049/1029/1949 3033/1013/1935 3050/1030/1950
f 3031/1011/1933 3050/1030/1950 3033/1013/1935
f 3050/1030/1950 3031/1011/1933 3051/1031/1951
f 3029/1009/1931 3051/1031/1951 3031/1011/1933
f 3051/1031/1951 3029/1009/1931 3052/1032/1952
f 3027/1007/1929 3052/1032/1952 3029/1009/1931
f 3052/1032/1952 3027/1007/1929 3053/1033/1953
f 3025/1005/1927 3053/1033/1953 3027/1007/1929
f 3053/1033/1953 3025/1005/1927 3054/1034/1954
f 3023/1003/1925 3054/1034/1954 3025/1005/1927
f 3054/1034/1954 3023/1003/1925 3055/1035/1955
f 3021/1001/1923 3055/1035/1955 3023/1003/1925
f 3055/1035/1955 3021/1001/1923 3056/1036/1956
f 3013/993/1915 3056/1036/1956 3021/1001/1923
f 3056/1036/1956 3013/993/1915 3057/1037/1957
f 3011/991/1913 3057/1037/1957 3013/993/1915
f 3057/1037/1957 3011/991/1913 3058/1038/1958
f 3014/994/1916 3058/1038/1958 3011/991/1913
f 3058/1038/1958 3014/994/1916 3059/1039/1959
f 3016/996/1918 3059/1039/1959 3014/994/1916
f 3059/1039/1959 3016/996/1918 3060/1040/1945
f 3018/998/1920 3060/1040/1945 3016/996/1918
f 3057/1037/1957 3061/1041/1960 3056/1036/1956
f 3062/1042/1961 3056/1036/1956 3061/1041/1960
f 3056/1036/1956 3062/1042/1961 3055/1035/1955
f 3058/1038/1958 3063/1043/1962 3057/1037/1957
f 3061/1041/1960 3057/1037/1957 3063/1043/1962
f 3059/1039/1959 3064/1044/1963 3058/1038/1958
f 3063/1043/1962 3058/1038/1958 3064/1044/1963
f 3060/1040/1945 3065/1045/1964 3059/1039/1959
f 3064/1044/1963 3059/1039/1959 3065/1045/1964
f 3061/1041/1960 3066/1046/1965 3062/1042/1961
f 3067/1047/1966 3062/1042/1961 3066/1046/1965
f 3063/1043/1962 3068/1048/1967 3061/1041/1960
f 3066/1046/1965 3061/1041/1960 3068/1048/1967
f 3064/1044/1963 3069/1049/1968 3063/1043/1962
f 3068/1048/1967 3063/1043/1962 3069/1049/1968
f 3065/1045/1964 3070/1050/1969 3064/1044/1963
f 3069/1049/1968 3064/1044/1963 3070/1050/1969
f 3062/1042/1961 3067/1047/1966 3071/1051/1970
f 3071/1051/1970 3055/1035/1955 3062/1042/1961
f 3055/1035/1955 3071/1051/1970 3054/1034/1954
f 3072/1052/1971 3054/1034/1954 3071/1051/1970
f 3054/1034/1954 3072/1052/1971 3053/1033/1953
f 3073/1053/1972 3053/1033/1953 3072/1052/1971
f 3053/1033/1953 3073/1053/1972 3052/1032/1952
f 3074/1054/1973 3052/1032/1952 3073/1053/1972
f 3052/1032/1952 3074/1054/1973 3051/1031/1951
f 3075/1055/1974 3051/1031/1951 3074/1054/1973
f 3051/1031/1951 3075/1055/1974 3050/1030/1950
f 3076/1056/1975 3050/1030/1950 3075/1055/1974
f 3050/1030/1950 3076/1056/1975 3049/1029/1949
f 3077/1057/1976 3049/1029/1949 3076/1056/1975
f 3049/1029/1949 3077/1057/1976 3048/1028/1948
f 3078/1058/1977 3048/1028/1948 3077/1057/1976
f 3048/1028/1948 3078/1058/1977 3047/1027/1947
f 3079/1059/1978 3047/1027/1947 3078/1058/1977
f 3047/1027/1947 3079/1059/1978 3046/1026/1946
f 3080/1060/1979 3046/1026/1946 3079/1059/1978
f 3046/1026/1946 3080/1060/1979 3044/1024/1944
f 3081/1061/1980 3044/1024/1944 3080/1060/1979
f 3044/1024/1944 3081/1061/1980 3045/1025/1945
f 3082/1062/1964 3045/1025/1945 3081/1061/1980
f 3081/1061/1980 3083/1063/1981 3082/1062/1964
f 3084/1064/1969 3082/1062/1964 3083/1063/1981
f 3080/1060/1979 3085/1065/1982 3081/1061/1980
f 3083/1063/1981 3081/1061/1980 3085/1065/1982
f 3079/1059/1978 3086/1066/1983 3080/1060/1979
f 3085/1065/1982 3080/1060/1979 3086/1066/1983
f 3078/1058/1977 3087/1067/1984 3079/1059/1978
f 3086/1066/1983 3079/1059/1978 3087/1067/1984
f 3077/1057/1976 3088/1068/1985 3078/1058/1977
f 3087/1067/1984 3078/1058/1977 3088/1068/1985
f 3088/1068/1985 3077/1057/1976 3089/1069/1986
f 3076/1056/1975 3089/1069/1986 3077/1057/1976
f 3089/1069/1986 3076/1056/1975 3090/1070/1987
f 3075/1055/1974 3090/1070/1987 3076/1056/1975
f 3090/1070/1987 3075/1055/1974 3091/1071/1988
f 3074/1054/1973 3091/1071/1988 3075/1055/1974
f 3091/1071/1988 3074/1054/1973 3092/1072/1989
f 3073/1053/1972 3092/1072/1989 3074/1054/1973
f 3092/1072/1989 3073/1053/1972 3093/1073/1990
f 3072/1052/1971 3093/1073/1990 3073/1053/1972
f 3093/1073/1990 3072/1052/1971 3094/1074/1991
f 3071/1051/1970 3094/1074/1991 3072/1052/1971
f 3094/1074/1991 3071/1051/1970 3067/1047/1966
f 3088/1068/1985 3095/1075/1992 3087/1067/1984
f 3089/1069/1986 3096/1076/1993 3088/1068/1985
f 3095/1075/1992 3088/1068/1985 3096/1076/1993
f 3090/1070/1987 3097/1077/1994 3089/1069/1986
f 3096/1076/1993 3089/1069/1986 3097/1077/1994
f 3091/1071/1988 3098/1078/1995 3090/1070/1987
f 3097/1077/1994 3090/1070/1987 3098/1078/1995
f 3092/1072/1989 3099/1079/1996 3091/1071/1988
f 3098/1078/1995 3091/1071/1988 3099/1079/1996
f 3093/1073/1990 3100/1080/1997 3092/1072/1989
f 3099/1079/1996 3092/1072/1989 3100/1080/1997
f 3094/1074/1991 3101/1081/1998 3093/1073/1990
f 3100/1080/1997 3093/1073/1990 3101/1081/1998
f 3067/1047/1966 3102/1082/1999 3094/1074/1991
f 3102/1082/1999 3067/1047/1966 3103/1083/2000
f 3066/1046/1965 3103/1083/2000 3067/1047/1966
f 3103/1083/2000 3066/1046/1965 3104/1084/2001
f 3068/1048/1967 3104/1084/2001 3066/1046/1965
f 3104/1084/2001 3068/1048/1967 3105/1085/2002
f 3069/1049/1968 3105/1085/2002 3068/1048/1967
f 3105/1085/2002 3069/1049/1968 3106/1086/2003
f 3070/1050/1969 3106/1086/2003 3069/1049/1968
f 3101/1081/1998 3094/1074/1991 3102/1082/1999
f 3083/1063/1981 3107/1087/2004 3084/1064/1969
f 3108/1088/2003 3084/1064/1969 3107/1087/2004
f 3107/1087/2004 3083/1063/1981 3109/1089/2005
f 3085/1065/1982 3109/1089/2005 3083/1063/1981
f 3109/1089/2005 3085/1065/1982 3110/1090/2006
f 3086/1066/1983 3110/1090/2006 3085/1065/1982
f 3110/1090/2006 3086/1066/1983 3111/1091/2007
f 3087/1067/1984 3111/1091/2007 3086/1066/1983
f 3111/1091/2007 3087/1067/1984 3095/1075/1992
f 3114/1092/2008 3113/1093/2008 3112/1094/2008
f 3113/1093/2008 3115/1095/2008 3112/1094/2008
f 3116/1096/2008 3115/1095/2008 3113/1093/2008
f 3117/1097/2008 3116/1096/2008 3113/1093/2008
f 3118/1098/2008 3117/1097/2008 3113/1093/2008
f 3119/1099/2008 3116/1096/2008 3117/1097/2008
f 3120/1100/2008 3115/1095/2008 3116/1096/2008
f 3121/1101/2008 3120/1100/2008 3116/1096/2008
f 3122/1102/2008 3121/1101/2008 3116/1096/2008
f 3123/1103/2008 3120/1100/2008 3121/1101/2008
f 3124/1104/2008 3115/1095/2008 3120/1100/2008
f 3125/1105/2008 3124/1104/2008 3120/1100/2008
f 3126/1106/2008 3115/1095/2008 3124/1104/2008
f 3112/1094/2008 3115/1095/2008 3127/1107/2008
f 3130/1104/1911 3129/1105/1911 3128/1106/1911
f 3129/1105/1911 3131/1107/1911 3128/1106/1911
f 3132/1102/1911 3131/1107/1911 3129/1105/1911
f 3133/1103/1911 3132/1102/1911 3129/1105/1911
f 3134/1100/1911 3133/1103/1911 3129/1105/1911
f 3135/1101/1911 3132/1102/1911 3133/1103/1911
f 3136/1098/1911 3131/1107/1911 3132/1102/1911
f 3137/1099/1911 3136/1098/1911 3132/1102/1911
f 3138/1096/1911 3137/1099/1911 3132/1102/1911
f 3139/1097/1911 3136/1098/1911 3137/1099/1911
f 3140/1092/1911 3131/1107/1911 3136/1098/1911
f 3141/1093/1911 3140/1092/1911 3136/1098/1911
f 3142/1094/1911 3131/1107/1911 3140/1092/1911
f 3128/1106/1911 3131/1107/1911 3143/1095/1911
f 3146/1108/2009 3145/1109/2010 3144/1110/2011
f 3147/1111/2012 3144/1110/2011 3145/1109/2010
f 3144/1110/2011 3147/1111/2012 3148/1112/2013
f 3149/1113/2014 3148/1112/2013 3147/1111/2012
f 3148/1112/2013 3149/1113/2014 3150/1114/2015
f 3151/1115/2016 3150/1114/2015 3149/1113/2014
f 3150/1114/2015 3151/1115/2016 3152/1116/2017
f 3153/1117/2018 3152/1116/2017 3151/1115/2016
f 3152/1116/2017 3153/1117/2018 3154/1118/2019
f 3155/1119/2020 3154/1118/2019 3153/1117/2018
f 3154/1118/2019 3155/1119/2020 3156/1120/2021
f 3157/1121/2022 3156/1120/2021 3155/1119/2020
f 3156/1120/2021 3157/1121/2022 3158/1122/2023
f 3159/1123/2024 3158/1122/2023 3157/1121/2022
f 3158/1122/2023 3159/1123/2024 3160/1124/2025
f 3161/1125/2026 3160/1124/2025 3159/1123/2024
f 3160/1124/2025 3161/1125/2026 3162/1126/2027
f 3163/1127/2028 3162/1126/2027 3161/1125/2026
f 3162/1126/2027 3163/1127/2028 3164/1128/2029
f 3165/1129/2030 3164/1128/2029 3163/1127/2028
f 3164/1128/2029 3165/1129/2030 3166/1130/2031
f 3167/1131/2032 3166/1130/2031 3165/1129/2030
f 3166/1130/2031 3167/1131/2032 3168/1132/2033
f 3169/1133/2034 3168/1132/2033 3167/1131/2032
f 3168/1132/2033 3169/1133/2034 3170/1134/2035
f 3171/1135/2036 3170/1134/2035 3169/1133/2034
f 3158/1122/2023 3172/1136/2037 3156/1120/2021
f 3172/1136/2037 3158/1122/2023 3173/1137/2038
f 3160/1124/2025 3173/1137/2038 3158/1122/2023
f 3173/1137/2038 3160/1124/2025 3174/1138/2039
f 3162/1126/2027 3174/1138/2039 3160/1124/2025
f 3174/1138/2039 3162/1126/2027 3175/1139/2040
f 3164/1128/2029 3175/1139/2040 3162/1126/2027
f 3175/1139/2040 3164/1128/2029 3176/1140/2041
f 3166/1130/2031 3176/1140/2041 3164/1128/2029
f 3176/1140/2041 3166/1130/2031 3177/1141/2042
f 3168/1132/2033 3177/1141/2042 3166/1130/2031
f 3177/1141/2042 3168/1132/2033 3178/1142/2043
f 3170/1134/2035 3178/1142/2043 3168/1132/2033
f 3172/1136/2037 3173/1137/2038 3179/1143/2044
f 3179/1143/2044 3180/1144/2045 3172/1136/2037
f 3180/1144/2045 3179/1143/2044 3181/1145/2046
f 3181/1145/2046 3182/1146/2047 3180/1144/2045
f 3183/1147/2048 3180/1144/2045 3182/1146/2047
f 3182/1146/2047 3184/1148/2049 3183/1147/2048
f 3185/1149/2050 3183/1147/2048 3184/1148/2049
f 3184/1148/2049 3186/1150/2051 3185/1149/2050
f 3187/1151/2052 3185/1149/2050 3186/1150/2051
f 3186/1150/2051 3188/1152/2053 3187/1151/2052
f 3189/1153/2054 3187/1151/2052 3188/1152/2053
f 3188/1152/2053 3190/1154/2055 3189/1153/2054
f 3191/1155/2056 3189/1153/2054 3190/1154/2055
f 3192/1156/2057 3191/1155/2056 3190/1154/2055
f 3193/1157/2058 3181/1145/2046 3179/1143/2044
f 3179/1143/2044 3194/1158/2059 3193/1157/2058
f 3195/1159/2060 3193/1157/2058 3194/1158/2059
f 3194/1158/2059 3196/1160/2061 3195/1159/2060
f 3197/1161/2062 3195/1159/2060 3196/1160/2061
f 3196/1160/2061 3198/1162/2063 3197/1161/2062
f 3199/1163/2064 3197/1161/2062 3198/1162/2063
f 3198/1162/2063 3200/1164/2065 3199/1163/2064
f 3201/1165/2066 3199/1163/2064 3200/1164/2065
f 3200/1164/2065 3202/1166/2067 3201/1165/2066
f 3203/1167/2068 3201/1165/2066 3202/1166/2067
f 3202/1166/2067 3204/1168/2069 3203/1167/2068
f 3205/1169/2070 3203/1167/2068 3204/1168/2069
f 3191/1155/2056 3192/1156/2057 3206/1170/2071
f 3207/1171/2072 3206/1170/2071 3192/1156/2057
f 3207/1171/2072 3146/1108/2009 3206/1170/2071
f 3144/1110/2011 3206/1170/2071 3146/1108/2009
f 3206/1170/2071 3144/1110/2011 3208/1172/2073
f 3148/1112/2013 3208/1172/2073 3144/1110/2011
f 3208/1172/2073 3148/1112/2013 3209/1173/2074
f 3150/1114/2015 3209/1173/2074 3148/1112/2013
f 3209/1173/2074 3150/1114/2015 3210/1174/2075
f 3152/1116/2017 3210/1174/2075 3150/1114/2015
f 3210/1174/2075 3152/1116/2017 3211/1175/2076
f 3154/1118/2019 3211/1175/2076 3152/1116/2017
f 3211/1175/2076 3154/1118/2019 3212/1176/2077
f 3156/1120/2021 3212/1176/2077 3154/1118/2019
f 3212/1176/2077 3156/1120/2021 3172/1136/2037
f 3206/1170/2071 3208/1172/2073 3191/1155/2056
f 3189/1153/2054 3191/1155/2056 3208/1172/2073
f 3208/1172/2073 3209/1173/2074 3189/1153/2054
f 3187/1151/2052 3189/1153/2054 3209/1173/2074
f 3209/1173/2074 3210/1174/2075 3187/1151/2052
f 3185/1149/2050 3187/1151/2052 3210/1174/2075
f 3210/1174/2075 3211/1175/2076 3185/1149/2050
f 3183/1147/2048 3185/1149/2050 3211/1175/2076
f 3211/1175/2076 3212/1176/2077 3183/1147/2048
f 3180/1144/2045 3183/1147/2048 3212/1176/2077
f 3212/1176/2077 3172/1136/2037 3180/1144/2045
f 3194/1158/2059 3179/1143/2044 3173/1137/2038
f 3173/1137/2038 3174/1138/2039 3194/1158/2059
f 3196/1160/2061 3194/1158/2059 3174/1138/2039
f 3174/1138/2039 3175/1139/2040 3196/1160/2061
f 3198/1162/2063 3196/1160/2061 3175/1139/2040
f 3175/1139/2040 3176/1140/2041 3198/1162/2063
f 3200/1164/2065 3198/1162/2063 3176/1140/2041
f 3176/1140/2041 3177/1141/2042 3200/1164/2065
f 3202/1166/2067 3200/1164/2065 3177/1141/2042
f 3177/1141/2042 3178/1142/2043 3202/1166/2067
f 3204/1168/2069 3202/1166/2067 3178/1142/2043
f 3214/1177/2078 3213/1178/2079 3190/1154/2055
f 3215/1179/2080 3214/1177/2078 3190/1154/2055
f 3188/1152/2053 3215/1179/2080 3190/1154/2055
f 3215/1179/2080 3216/1180/2081 3214/1177/2078
f 3217/1181/2082 3214/1177/2078 3216/1180/2081
f 3214/1177/2078 3217/1181/2082 3218/1178/2079
f 3219/1182/2083 3218/1178/2079 3217/1181/2082
f 3217/1181/2082 3220/1183/2084 3219/1182/2083
f 3221/1184/2085 3219/1182/2083 3220/1183/2084
f 3220/1183/2084 3222/1185/2086 3221/1184/2085
f 3223/1186/2087 3221/1184/2085 3222/1185/2086
f 3222/1185/2086 3224/1187/2088 3223/1186/2087
f 3225/1188/2089 3223/1186/2087 3224/1187/2088
f 3224/1187/2088 3226/1189/2090 3225/1188/2089
f 3227/1190/2091 3225/1188/2089 3226/1189/2090
f 3226/1189/2090 3228/1191/2092 3227/1190/2091
f 3188/1152/2053 3186/1150/2051 3215/1179/2080
f 3216/1180/2081 3215/1179/2080 3186/1150/2051
f 3216/1180/2081 3229/1192/2093 3217/1181/2082
f 3220/1183/2084 3217/1181/2082 3229/1192/2093
f 3186/1150/2051 3184/1148/2049 3216/1180/2081
f 3229/1192/2093 3216/1180/2081 3184/1148/2049
f 3229/1192/2093 3230/1193/2094 3220/1183/2084
f 3222/1185/2086 3220/1183/2084 3230/1193/2094
f 3184/1148/2049 3182/1146/2047 3229/1192/2093
f 3230/1193/2094 3229/1192/2093 3182/1146/2047
f 3230/1193/2094 3231/1194/2095 3222/1185/2086
f 3224/1187/2088 3222/1185/2086 3231/1194/2095
f 3182/1146/2047 3181/1145/2046 3230/1193/2094
f 3231/1194/2095 3230/1193/2094 3181/1145/2046
f 3231/1194/2095 3232/1195/2096 3224/1187/2088
f 3226/1189/2090 3224/1187/2088 3232/1195/2096
f 3181/1145/2046 3193/1157/2058 3231/1194/2095
f 3232/1195/2096 3231/1194/2095 3193/1157/2058
f 3232/1195/2096 3233/1196/2097 3226/1189/2090
f 3228/1191/2092 3226/1189/2090 3233/1196/2097
f 3193/1157/2058 3195/1159/2060 3232/1195/2096
f 3233/1196/2097 3232/1195/2096 3195/1159/2060
f 3233/1196/2097 3234/1197/2098 3228/1191/2092
f 3235/1198/2099 3228/1191/2092 3234/1197/2098
f 3228/1191/2092 3235/1198/2099 3236/1199/2100
f 3236/1199/2100 3237/1190/2091 3228/1191/2092
f 3238/1200/2101 3236/1199/2100 3235/1198/2099
f 3235/1198/2099 3239/1201/2102 3238/1200/2101
f 3240/1202/2103 3238/1200/2101 3239/1201/2102
f 3239/1201/2102 3241/1203/2104 3240/1202/2103
f 3241/1203/2104 3242/1204/2105 3240/1202/2103
f 3242/1204/2105 3243/1205/2106 3240/1202/2103
f 3195/1159/2060 3197/1161/2062 3233/1196/2097
f 3234/1197/2098 3233/1196/2097 3197/1161/2062
f 3234/1197/2098 3244/1206/2107 3235/1198/2099
f 3239/1201/2102 3235/1198/2099 3244/1206/2107
f 3197/1161/2062 3199/1163/2064 3234/1197/2098
f 3244/1206/2107 3234/1197/2098 3199/1163/2064
f 3244/1206/2107 3245/1207/2108 3239/1201/2102
f 3241/1203/2104 3239/1201/2102 3245/1207/2108
f 3199/1163/2064 3201/1165/2066 3244/1206/2107
f 3245/1207/2108 3244/1206/2107 3201/1165/2066
f 3245/1207/2108 3246/1208/2109 3241/1203/2104
f 3242/1204/2105 3241/1203/2104 3246/1208/2109
f 3201/1165/2066 3203/1167/2068 3245/1207/2108
f 3246/1208/2109 3245/1207/2108 3203/1167/2068
f 3246/1208/2109 3247/1209/2110 3242/1204/2105
f 3243/1205/2106 3242/1204/2105 3247/1209/2110
f 3203/1167/2068 3205/1169/2070 3246/1208/2109
f 3247/1209/2110 3246/1208/2109 3205/1169/2070
f 3250/1210/2111 3249/1109/2112 3248/1110/2113
f 3251/1108/2114 3248/1110/2113 3249/1109/2112
f 3248/1110/2113 3252/1211/2115 3250/1210/2111
f 3253/1113/2116 3250/1210/2111 3252/1211/2115
f 3252/1211/2115 3254/1114/2117 3253/1113/2116
f 3255/1115/2118 3253/1113/2116 3254/1114/2117
f 3254/1114/2117 3256/1116/2119 3255/1115/2118
f 3257/1117/2120 3255/1115/2118 3256/1116/2119
f 3256/1116/2119 3258/1118/2121 3257/1117/2120
f 3259/1212/2122 3257/1117/2120 3258/1118/2121
f 3258/1118/2121 3260/1120/2123 3259/1212/2122
f 3261/1213/2124 3259/1212/2122 3260/1120/2123
f 3260/1120/2123 3262/1122/2125 3261/1213/2124
f 3263/1123/2126 3261/1213/2124 3262/1122/2125
f 3262/1122/2125 3264/1214/2127 3263/1123/2126
f 3265/1215/2128 3263/1123/2126 3264/1214/2127
f 3264/1214/2127 3266/1216/2129 3265/1215/2128
f 3267/1217/2130 3265/1215/2128 3266/1216/2129
f 3266/1216/2129 3268/1218/2131 3267/1217/2130
f 3269/1219/2132 3267/1217/2130 3268/1218/2131
f 3268/1218/2131 3270/1130/2133 3269/1219/2132
f 3271/1220/2134 3269/1219/2132 3270/1130/2133
f 3270/1130/2133 3272/1221/2135 3271/1220/2134
f 3273/1222/2136 3271/1220/2134 3272/1221/2135
f 3272/1221/2135 3274/1134/2137 3273/1222/2136
f 3275/1135/2138 3273/1222/2136 3274/1134/2137
f 3262/1122/2125 3260/1120/2123 3276/1223/2139
f 3277/1176/2140 3276/1223/2139 3260/1120/2123
f 3260/1120/2123 3258/1118/2121 3277/1176/2140
f 3278/1175/2141 3277/1176/2140 3258/1118/2121
f 3258/1118/2121 3256/1116/2119 3278/1175/2141
f 3279/1174/2142 3278/1175/2141 3256/1116/2119
f 3256/1116/2119 3254/1114/2117 3279/1174/2142
f 3280/1224/2143 3279/1174/2142 3254/1114/2117
f 3254/1114/2117 3252/1211/2115 3280/1224/2143
f 3281/1172/2144 3280/1224/2143 3252/1211/2115
f 3252/1211/2115 3248/1110/2113 3281/1172/2144
f 3282/1170/2145 3281/1172/2144 3248/1110/2113
f 3248/1110/2113 3251/1108/2114 3282/1170/2145
f 3283/1171/2146 3282/1170/2145 3251/1108/2114
f 3283/1171/2146 3284/1156/2147 3282/1170/2145
f 3285/1225/2148 3282/1170/2145 3284/1156/2147
f 3282/1170/2145 3285/1225/2148 3281/1172/2144
f 3285/1225/2148 3284/1156/2147 3286/1154/2149
f 3285/1225/2148 3286/1154/2149 3287/1226/2150
f 3287/1226/2150 3281/1172/2144 3285/1225/2148
f 3281/1172/2144 3287/1226/2150 3280/1224/2143
f 3288/1152/2151 3287/1226/2150 3286/1154/2149
f 3287/1226/2150 3288/1152/2151 3289/1227/2152
f 3289/1227/2152 3280/1224/2143 3287/1226/2150
f 3280/1224/2143 3289/1227/2152 3279/1174/2142
f 3290/1228/2153 3289/1227/2152 3288/1152/2151
f 3289/1227/2152 3290/1228/2153 3291/1149/2154
f 3292/1229/2155 3291/1149/2154 3290/1228/2153
f 3291/1149/2154 3292/1229/2155 3293/1147/2156
f 3294/1230/2157 3293/1147/2156 3292/1229/2155
f 3293/1147/2156 3294/1230/2157 3295/1231/2158
f 3296/1145/2159 3295/1231/2158 3294/1230/2157
f 3295/1231/2158 3296/1145/2159 3297/1143/2160
f 3298/1157/2161 3297/1143/2160 3296/1145/2159
f 3297/1143/2160 3298/1157/2161 3299/1232/2162
f 3300/1233/2163 3299/1232/2162 3298/1157/2161
f 3299/1232/2162 3300/1233/2163 3301/1234/2164
f 3302/1235/2165 3301/1234/2164 3300/1233/2163
f 3301/1234/2164 3302/1235/2165 3303/1162/2166
f 3304/1236/2167 3303/1162/2166 3302/1235/2165
f 3303/1162/2166 3304/1236/2167 3305/1237/2168
f 3306/1238/2169 3305/1237/2168 3304/1236/2167
f 3305/1237/2168 3306/1238/2169 3307/1239/2170
f 3308/1167/2171 3307/1239/2170 3306/1238/2169
f 3307/1239/2170 3308/1167/2171 3309/1168/2172
f 3310/1169/2173 3309/1168/2172 3308/1167/2171
f 3297/1143/2160 3276/1223/2139 3295/1231/2158
f 3276/1223/2139 3297/1143/2160 3311/1240/2174
f 3299/1232/2162 3311/1240/2174 3297/1143/2160
f 3276/1223/2139 3311/1240/2174 3262/1122/2125
f 3264/1214/2127 3262/1122/2125 3311/1240/2174
f 3311/1240/2174 3312/1241/2175 3264/1214/2127
f 3266/1216/2129 3264/1214/2127 3312/1241/2175
f 3312/1241/2175 3313/1139/2176 3266/1216/2129
f 3268/1218/2131 3266/1216/2129 3313/1139/2176
f 3313/1139/2176 3314/1140/2177 3268/1218/2131
f 3270/1130/2133 3268/1218/2131 3314/1140/2177
f 3314/1140/2177 3315/1141/2178 3270/1130/2133
f 3272/1221/2135 3270/1130/2133 3315/1141/2178
f 3315/1141/2178 3316/1142/2179 3272/1221/2135
f 3274/1134/2137 3272/1221/2135 3316/1142/2179
f 3311/1240/2174 3299/1232/2162 3312/1241/2175
f 3301/1234/2164 3312/1241/2175 3299/1232/2162
f 3312/1241/2175 3301/1234/2164 3313/1139/2176
f 3303/1162/2166 3313/1139/2176 3301/1234/2164
f 3313/1139/2176 3303/1162/2166 3314/1140/2177
f 3305/1237/2168 3314/1140/2177 3303/1162/2166
f 3314/1140/2177 3305/1237/2168 3315/1141/2178
f 3307/1239/2170 3315/1141/2178 3305/1237/2168
f 3315/1141/2178 3307/1239/2170 3316/1142/2179
f 3309/1168/2172 3316/1142/2179 3307/1239/2170
f 3291/1149/2154 3279/1174/2142 3289/1227/2152
f 3279/1174/2142 3291/1149/2154 3278/1175/2141
f 3293/1147/2156 3278/1175/2141 3291/1149/2154
f 3278/1175/2141 3293/1147/2156 3277/1176/2140
f 3295/1231/2158 3277/1176/2140 3293/1147/2156
f 3277/1176/2140 3295/1231/2158 3276/1223/2139
f 3318/1178/2180 3317/1242/2181 3286/1154/2149
f 3317/1242/2181 3319/1179/2182 3286/1154/2149
f 3319/1179/2182 3288/1152/2151 3286/1154/2149
f 3319/1179/2182 3317/1242/2181 3320/1180/2183
f 3321/1181/2184 3320/1180/2183 3317/1242/2181
f 3317/1242/2181 3322/1178/2180 3321/1181/2184
f 3323/1182/2185 3321/1181/2184 3322/1178/2180
f 3321/1181/2184 3323/1182/2185 3324/1243/2186
f 3325/1184/2187 3324/1243/2186 3323/1182/2185
f 3324/1243/2186 3325/1184/2187 3326/1244/2188
f 3327/1186/2189 3326/1244/2188 3325/1184/2187
f 3326/1244/2188 3327/1186/2189 3328/1187/2190
f 3329/1188/2191 3328/1187/2190 3327/1186/2189
f 3328/1187/2190 3329/1188/2191 3330/1189/2192
f 3331/1190/2193 3330/1189/2192 3329/1188/2191
f 3330/1189/2192 3331/1190/2193 3332/1245/2194
f 3320/1180/2183 3290/1228/2153 3319/1179/2182
f 3288/1152/2151 3319/1179/2182 3290/1228/2153
f 3324/1243/2186 3333/1192/2195 3321/1181/2184
f 3320/1180/2183 3321/1181/2184 3333/1192/2195
f 3333/1192/2195 3292/1229/2155 3320/1180/2183
f 3290/1228/2153 3320/1180/2183 3292/1229/2155
f 3326/1244/2188 3334/1193/2196 3324/1243/2186
f 3333/1192/2195 3324/1243/2186 3334/1193/2196
f 3334/1193/2196 3294/1230/2157 3333/1192/2195
f 3292/1229/2155 3333/1192/2195 3294/1230/2157
f 3328/1187/2190 3335/1194/2197 3326/1244/2188
f 3334/1193/2196 3326/1244/2188 3335/1194/2197
f 3335/1194/2197 3296/1145/2159 3334/1193/2196
f 3294/1230/2157 3334/1193/2196 3296/1145/2159
f 3330/1189/2192 3336/1246/2198 3328/1187/2190
f 3335/1194/2197 3328/1187/2190 3336/1246/2198
f 3336/1246/2198 3298/1157/2161 3335/1194/2197
f 3296/1145/2159 3335/1194/2197 3298/1157/2161
f 3332/1245/2194 3337/1247/2199 3330/1189/2192
f 3336/1246/2198 3330/1189/2192 3337/1247/2199
f 3337/1247/2199 3300/1233/2163 3336/1246/2198
f 3298/1157/2161 3336/1246/2198 3300/1233/2163
f 3337/1247/2199 3332/1245/2194 3338/1248/2200
f 3339/1249/2201 3338/1248/2200 3332/1245/2194
f 3332/1245/2194 3340/1199/2202 3339/1249/2201
f 3340/1199/2202 3332/1245/2194 3341/1190/2193
f 3342/1200/2203 3339/1249/2201 3340/1199/2202
f 3339/1249/2201 3342/1200/2203 3343/1201/2204
f 3344/1202/2205 3343/1201/2204 3342/1200/2203
f 3345/1203/2206 3343/1201/2204 3344/1202/2205
f 3346/1250/2207 3345/1203/2206 3344/1202/2205
f 3347/1205/2208 3346/1250/2207 3344/1202/2205
f 3338/1248/2200 3302/1235/2165 3337/1247/2199
f 3300/1233/2163 3337/1247/2199 3302/1235/2165
f 3343/1201/2204 3348/1251/2209 3339/1249/2201
f 3338/1248/2200 3339/1249/2201 3348/1251/2209
f 3348/1251/2209 3304/1236/2167 3338/1248/2200
f 3302/1235/2165 3338/1248/2200 3304/1236/2167
f 3345/1203/2206 3349/1252/2210 3343/1201/2204
f 3348/1251/2209 3343/1201/2204 3349/1252/2210
f 3349/1252/2210 3306/1238/2169 3348/1251/2209
f 3304/1236/2167 3348/1251/2209 3306/1238/2169
f 3346/1250/2207 3350/1253/2211 3345/1203/2206
f 3349/1252/2210 3345/1203/2206 3350/1253/2211
f 3350/1253/2211 3308/1167/2171 3349/1252/2210
f 3306/1238/2169 3349/1252/2210 3308/1167/2171
f 3347/1205/2208 3351/1209/2212 3346/1250/2207
f 3350/1253/2211 3346/1250/2207 3351/1209/2212
f 3351/1209/2212 3310/1169/2173 3350/1253/2211
f 3308/1167/2171 3350/1253/2211 3310/1169/2173
o Propeller
v -0.000309 -0.096885 1.309258
v -0.008595 -0.071381 1.305766
v -0.000309 -0.070068 1.305766
v -0.016071 -0.075190 1.305766
v -0.022004 -0.081122 1.305766
v -0.025813 -0.088598 1.305766
v -0.027125 -0.096885 1.305766
v -0.025813 -0.105171 1.305766
v -0.022004 -0.112647 1.305766
v -0.016071 -0.118580 1.305766
v -0.008595 -0.122389 1.305766
v -0.000309 -0.123701 1.305766
v 0.007978 -0.122389 1.305766
v 0.015454 -0.118580 1.305766
v 0.021386 -0.112647 1.305766
v 0.025195 -0.105171 1.305766
v 0.026508 -0.096885 1.305766
v -0.016071 -0.048373 1.295632
v -0.030290 -0.055618 1.295632
v -0.041575 -0.066903 1.295632
v -0.048820 -0.081122 1.295632
v -0.051317 -0.096885 1.295632
v -0.048820 -0.112647 1.295632
v -0.041575 -0.126866 1.295632
v -0.030290 -0.138151 1.295632
v -0.016071 -0.145396 1.295632
v -0.000309 -0.147893 1.295632
v 0.015454 -0.145396 1.295632
v 0.029673 -0.138151 1.295632
v 0.040958 -0.126866 1.295632
v 0.048203 -0.112647 1.295632
v 0.050699 -0.096885 1.295632
v 0.048203 -0.081122 1.295632
v 0.025195 -0.088598 1.305766
v 0.021386 -0.081122 1.305766
v 0.015454 -0.075190 1.305766
v 0.007978 -0.071381 1.305766
v 0.040958 -0.066903 1.295632
v 0.029673 -0.055618 1.295632
v 0.015454 -0.048373 1.295632
v -0.000309 -0.045877 1.295632
v -0.022004 -0.030114 1.279848
v -0.000309 -0.026678 1.279848
v -0.041575 -0.040086 1.279848
v -0.057107 -0.055618 1.279848
v -0.067079 -0.075190 1.279848
v -0.070515 -0.096885 1.279848
v -0.067079 -0.118580 1.279848
v -0.057107 -0.138151 1.279848
v -0.041575 -0.153683 1.279848
v -0.022004 -0.163655 1.279848
v -0.000309 -0.167091 1.279848
v 0.021386 -0.163655 1.279848
v 0.040958 -0.153683 1.279848
v 0.056490 -0.138151 1.279848
v 0.066462 -0.118579 1.279848
v 0.069898 -0.096884 1.279848
v 0.066462 -0.075189 1.279848
v 0.056490 -0.055618 1.279848
v 0.040958 -0.040086 1.279848
v 0.021386 -0.030114 1.279848
v -0.025813 -0.018391 1.259959
v -0.000309 -0.026678 1.279848
v -0.022004 -0.030114 1.279848
v -0.000309 -0.014352 1.259959
v -0.048820 -0.030114 1.259959
v -0.041575 -0.040086 1.279848
v -0.067079 -0.048373 1.259959
v -0.057107 -0.055618 1.279848
v -0.078802 -0.071381 1.259959
v -0.067079 -0.075190 1.279848
v -0.082841 -0.096885 1.259959
v -0.070515 -0.096885 1.279848
v -0.078802 -0.122389 1.259959
v -0.067079 -0.118580 1.279848
v -0.067079 -0.145396 1.259959
v -0.057107 -0.138151 1.279848
v -0.048820 -0.163655 1.259959
v -0.041575 -0.153683 1.279848
v -0.025813 -0.175378 1.259959
v -0.022004 -0.163655 1.279848
v -0.000309 -0.179417 1.259959
v -0.000309 -0.167091 1.279848
v 0.025196 -0.175378 1.259959
v 0.021386 -0.163655 1.279848
v 0.048203 -0.163655 1.259959
v 0.040958 -0.153683 1.279848
v 0.066462 -0.145396 1.259959
v 0.056490 -0.138151 1.279848
v 0.078185 -0.122388 1.259959
v 0.066462 -0.118579 1.279848
v 0.082224 -0.096884 1.259959
v 0.069898 -0.096884 1.279848
v 0.078185 -0.071380 1.259959
v 0.066462 -0.075189 1.279848
v 0.066462 -0.048373 1.259959
v 0.056490 -0.055618 1.279848
v 0.048203 -0.030114 1.259959
v 0.040958 -0.040086 1.279848
v 0.025195 -0.018391 1.259959
v 0.021386 -0.030114 1.279848
v -0.000309 -0.014352 1.259959
v -0.000309 -0.026678 1.279848
v 0.082224 -0.123701 1.237912
v 0.069898 -0.147893 1.237912
v 0.050700 -0.167091 1.237912
v 0.026508 -0.179417 1.237912
v -0.000309 -0.183665 1.237912
v -0.027125 -0.179417 1.237912
v -0.051317 -0.167091 1.237912
v -0.070515 -0.147893 1.237912
v -0.082841 -0.123701 1.237912
v -0.087089 -0.096885 1.237912
v -0.082841 -0.070068 1.237912
v -0.070515 -0.045877 1.237912
v -0.051317 -0.026678 1.237912
v -0.027125 -0.014352 1.237912
v -0.000309 -0.010105 1.237912
v -0.000309 -0.010105 1.098721
v -0.027125 -0.014352 1.098721
v -0.051317 -0.026678 1.098721
v -0.070515 -0.045877 1.098721
v -0.082841 -0.070068 1.098721
v -0.087089 -0.096885 1.098721
v -0.082841 -0.123701 1.098721
v -0.070515 -0.147893 1.098721
v -0.051317 -0.167091 1.098721
v -0.027125 -0.179417 1.098721
v -0.000309 -0.183665 1.098721
v 0.026508 -0.179417 1.098721
v 0.050699 -0.167091 1.098721
v 0.069898 -0.147893 1.098721
v 0.082224 -0.123701 1.098721
v 0.086471 -0.096884 1.237912
v 0.082224 -0.070068 1.237912
v 0.069898 -0.045876 1.237912
v 0.050699 -0.026678 1.237912
v 0.026508 -0.014352 1.237912
v -0.000309 -0.010105 1.237912
v 0.086471 -0.096884 1.098721
v 0.082224 -0.070068 1.098721
v 0.069898 -0.045877 1.098721
v 0.050699 -0.026678 1.098721
v 0.026508 -0.014352 1.098721
v -0.000309 -0.010105 1.098721
v 0.062713 0.521127 1.294321
v 0.054059 0.538261 1.294434
v 0.063214 0.539256 1.292453
v 0.053585 0.521127 1.296040
v 0.052817 0.554973 1.291089
v 0.061895 0.556938 1.288753
v 0.049815 0.570852 1.286150
v 0.058704 0.573738 1.283382
v 0.045068 0.585506 1.279785
v 0.053653 0.589243 1.276526
v 0.038654 0.598575 1.272183
v 0.046824 0.603071 1.268388
v 0.030717 0.609737 1.263542
v 0.038370 0.614880 1.259181
v 0.021467 0.618717 1.254063
v 0.028515 0.624382 1.249119
v 0.011170 0.625294 1.243949
v 0.017543 0.631341 1.238416
v 0.000138 0.629306 1.233401
v 0.005791 0.635586 1.227281
v -0.011282 0.630655 1.222618
v -0.006367 0.637013 1.215919
v -0.022725 0.629306 1.211797
v -0.018539 0.635586 1.204535
v -0.033827 0.625294 1.201137
v -0.030332 0.631341 1.193335
v -0.044239 0.618717 1.190841
v -0.041371 0.624382 1.182524
v -0.053644 0.609737 1.181112
v -0.051318 0.614880 1.172316
v -0.061774 0.598575 1.172161
v -0.059885 0.603071 1.162926
v -0.068415 0.585506 1.164195
v -0.066847 0.589243 1.154575
v -0.073416 0.570851 1.157423
v -0.072047 0.573738 1.147480
v -0.076693 0.554973 1.152042
v -0.075399 0.556938 1.141850
v -0.078225 0.538261 1.148233
v -0.076889 0.539256 1.137878
v -0.078048 0.521127 1.146150
v -0.076562 0.521127 1.135729
v -0.035993 0.626380 1.173569
v -0.024756 0.633473 1.184520
v -0.012734 0.637801 1.195886
v -0.000308 0.639255 1.207458
v 0.012117 0.637801 1.219030
v 0.024139 0.633473 1.230396
v 0.035376 0.626380 1.241347
v 0.045480 0.616695 1.251668
v 0.054160 0.604656 1.261143
v 0.061185 0.590561 1.269551
v 0.066397 0.574756 1.276671
v 0.069715 0.557631 1.282292
v 0.071123 0.539606 1.286220
v 0.070676 0.521127 1.288288
v 0.071123 0.539606 1.286220
v 0.056563 0.473493 1.293541
v 0.047505 0.473493 1.294912
v 0.064563 0.473493 1.287785
v 0.043085 0.389052 1.287031
v 0.033981 0.389052 1.287556
v 0.051308 0.389052 1.281899
v 0.029773 0.294916 1.278382
v 0.020628 0.294916 1.277956
v 0.038264 0.294916 1.273931
v 0.018405 0.201983 1.268404
v 0.009229 0.201983 1.267032
v 0.027177 0.201983 1.264611
v 0.027177 0.201983 1.264611
v 0.008910 0.110254 1.257154
v -0.000286 0.110254 1.254839
v 0.017979 0.110254 1.253994
v 0.001618 -0.016699 1.245439
v -0.007588 -0.016699 1.242240
v 0.010980 -0.016699 1.242855
v 0.017979 0.110254 1.253994
v -0.046098 0.616695 1.163247
v -0.054777 0.604656 1.153772
v -0.061802 0.590561 1.145365
v -0.067015 0.574756 1.138245
v -0.070332 0.557631 1.132624
v -0.071740 0.539606 1.128695
v -0.071740 0.539606 1.128695
v -0.071293 0.521127 1.126628
v -0.065180 0.473493 1.127130
v -0.070859 0.473493 1.135762
v -0.072793 0.473493 1.145954
v -0.058192 0.389052 1.140970
v -0.060733 0.389052 1.150962
v -0.051925 0.389052 1.133016
v -0.045785 0.294916 1.148168
v -0.049011 0.294916 1.157944
v -0.038881 0.294916 1.140985
v -0.035309 0.201983 1.156713
v -0.039223 0.201983 1.166284
v -0.027794 0.201983 1.150305
v -0.027794 0.201983 1.150305
v -0.026696 0.110254 1.166550
v -0.031298 0.110254 1.175926
v -0.018597 0.110254 1.160922
v -0.020224 -0.016699 1.176950
v -0.025475 -0.016699 1.186154
v -0.011597 -0.016699 1.172061
v -0.018597 0.110254 1.160922
v 0.053585 0.521127 1.296040
v 0.052817 0.554973 1.291089
v 0.054059 0.538261 1.294434
v 0.049815 0.570852 1.286150
v 0.045068 0.585506 1.279785
v 0.038654 0.598575 1.272183
v 0.030717 0.609737 1.263542
v 0.021467 0.618717 1.254063
v 0.011170 0.625294 1.243949
v 0.000138 0.629306 1.233401
v -0.011282 0.630655 1.222618
v -0.022725 0.629306 1.211797
v -0.033827 0.625294 1.201137
v -0.044239 0.618717 1.190841
v -0.053644 0.609737 1.181112
v -0.061774 0.598575 1.172161
v -0.068415 0.585506 1.164195
v -0.073416 0.570851 1.157423
v -0.076693 0.554973 1.152042
v -0.078225 0.538261 1.148233
v -0.078048 0.521127 1.146150
v -0.072793 0.473493 1.145954
v 0.047505 0.473493 1.294912
v 0.033981 0.389052 1.287556
v -0.060733 0.389052 1.150962
v -0.049011 0.294916 1.157944
v 0.020628 0.294916 1.277956
v -0.039223 0.201983 1.166284
v 0.009229 0.201983 1.267032
v -0.031298 0.110254 1.175926
v -0.000286 0.110254 1.254839
v -0.025475 -0.016699 1.186154
v -0.007588 -0.016699 1.242240
v -0.063330 0.521127 1.120595
v -0.054676 0.538261 1.120482
v -0.063831 0.539256 1.122463
v -0.054202 0.521127 1.118875
v -0.053434 0.554973 1.123826
v -0.062512 0.556938 1.126162
v -0.050433 0.570852 1.128766
v -0.059321 0.573738 1.131533
v -0.045685 0.585506 1.135131
v -0.054270 0.589243 1.138389
v -0.039271 0.598575 1.142733
v -0.047441 0.603071 1.146527
v -0.031334 0.609737 1.151374
v -0.038987 0.614881 1.155734
v -0.022084 0.618717 1.160853
v -0.029132 0.624382 1.165796
v -0.011787 0.625294 1.170966
v -0.018160 0.631341 1.176499
v -0.000755 0.629306 1.181514
v -0.006408 0.635586 1.187635
v 0.010665 0.630655 1.192298
v 0.005750 0.637013 1.198996
v 0.022108 0.629306 1.203119
v 0.017922 0.635586 1.210380
v 0.033210 0.625294 1.213778
v 0.029715 0.631341 1.221581
v 0.043622 0.618717 1.224075
v 0.040754 0.624382 1.232392
v 0.053027 0.609737 1.233803
v 0.050701 0.614880 1.242600
v 0.061157 0.598575 1.242755
v 0.059268 0.603071 1.251989
v 0.067798 0.585506 1.250720
v 0.066230 0.589243 1.260340
v 0.072799 0.570852 1.257492
v 0.071430 0.573738 1.267436
v 0.076076 0.554973 1.262874
v 0.074782 0.556938 1.273066
v 0.077608 0.538261 1.266683
v 0.076272 0.539256 1.277038
v 0.077431 0.521127 1.268766
v 0.075945 0.521127 1.279186
v 0.035376 0.626380 1.241347
v 0.024139 0.633473 1.230396
v 0.012117 0.637801 1.219030
v -0.000308 0.639255 1.207458
v -0.012734 0.637801 1.195886
v -0.024756 0.633473 1.184520
v -0.035993 0.626380 1.173569
v -0.046098 0.616695 1.163247
v -0.054777 0.604656 1.153772
v -0.061802 0.590561 1.145365
v -0.067015 0.574756 1.138245
v -0.070332 0.557631 1.132624
v -0.071740 0.539606 1.128695
v -0.071293 0.521127 1.126628
v -0.071740 0.539606 1.128695
v -0.057180 0.473493 1.121374
v -0.048122 0.473493 1.120004
v -0.065180 0.473493 1.127130
v -0.043702 0.389052 1.127885
v -0.034598 0.389052 1.127360
v -0.051925 0.389052 1.133016
v -0.030390 0.294916 1.136534
v -0.021245 0.294916 1.136959
v -0.038881 0.294916 1.140985
v -0.019022 0.201983 1.146511
v -0.009846 0.201983 1.147884
v -0.027794 0.201983 1.150305
v -0.027794 0.201983 1.150305
v -0.009527 0.110254 1.157762
v -0.000331 0.110254 1.160077
v -0.018597 0.110254 1.160922
v -0.002235 -0.016699 1.169478
v 0.006971 -0.016699 1.172676
v -0.011597 -0.016699 1.172061
v -0.018597 0.110254 1.160922
v 0.045480 0.616695 1.251668
v 0.054160 0.604656 1.261143
v 0.061185 0.590561 1.269551
v 0.066397 0.574756 1.276671
v 0.069715 0.557631 1.282292
v 0.071123 0.539606 1.286220
v 0.071123 0.539606 1.286220
v 0.070676 0.521127 1.288288
v 0.064563 0.473493 1.287785
v 0.070241 0.473493 1.279154
v 0.072176 0.473493 1.268962
v 0.057575 0.389052 1.273945
v 0.060115 0.389052 1.263954
v 0.051308 0.389052 1.281899
v 0.045168 0.294916 1.266747
v 0.048394 0.294916 1.256972
v 0.038264 0.294916 1.273931
v 0.034692 0.201983 1.258202
v 0.038606 0.201983 1.248632
v 0.027177 0.201983 1.264611
v 0.027177 0.201983 1.264611
v 0.026079 0.110254 1.248366
v 0.030681 0.110254 1.238990
v 0.017979 0.110254 1.253994
v 0.019607 -0.016699 1.237966
v 0.024858 -0.016699 1.228763
v 0.010980 -0.016699 1.242855
v 0.017979 0.110254 1.253994
v -0.054202 0.521127 1.118875
v -0.053434 0.554973 1.123826
v -0.054676 0.538261 1.120482
v -0.050433 0.570852 1.128766
v -0.045685 0.585506 1.135131
v -0.039271 0.598575 1.142733
v -0.031334 0.609737 1.151374
v -0.022084 0.618717 1.160853
v -0.011787 0.625294 1.170966
v -0.000755 0.629306 1.181514
v 0.010665 0.630655 1.192298
v 0.022108 0.629306 1.203119
v 0.033210 0.625294 1.213778
v 0.043622 0.618717 1.224075
v 0.053027 0.609737 1.233803
v 0.061157 0.598575 1.242755
v 0.067798 0.585506 1.250720
v 0.072799 0.570852 1.257492
v 0.076076 0.554973 1.262874
v 0.077608 0.538261 1.266683
v 0.077431 0.521127 1.268766
v 0.072176 0.473493 1.268962
v -0.048122 0.473493 1.120004
v -0.034598 0.389052 1.127360
v 0.060115 0.389052 1.263954
v 0.048394 0.294916 1.256972
v -0.021245 0.294916 1.136959
v 0.038606 0.201983 1.248632
v -0.009846 0.201983 1.147884
v 0.030681 0.110254 1.238990
v -0.000331 0.110254 1.160077
v 0.024858 -0.016699 1.228763
v 0.006971 -0.016699 1.172676
v -0.063330 -0.714890 1.294321
v -0.054676 -0.732024 1.294434
v -0.063831 -0.733019 1.292453
v -0.054202 -0.714890 1.296041
v -0.053434 -0.748736 1.291090
v -0.062512 -0.750701 1.288753
v -0.050432 -0.764615 1.286150
v -0.059321 -0.767501 1.283383
v -0.045685 -0.779269 1.279785
v -0.054270 -0.783006 1.276526
v -0.039271 -0.792338 1.272183
v -0.047441 -0.796834 1.268389
v -0.031334 -0.803500 1.263542
v -0.038987 -0.808644 1.259181
v -0.022084 -0.812480 1.254063
v -0.029132 -0.818145 1.249120
v -0.011787 -0.819057 1.243950
v -0.018160 -0.825104 1.238416
v -0.000755 -0.823069 1.233402
v -0.006408 -0.829349 1.227281
v 0.010665 -0.824418 1.222618
v 0.005750 -0.830776 1.215919
v 0.022108 -0.823069 1.211797
v 0.017922 -0.829349 1.204536
v 0.033210 -0.819057 1.201138
v 0.029715 -0.825104 1.193335
v 0.043622 -0.812480 1.190841
v 0.040754 -0.818145 1.182524
v 0.053027 -0.803500 1.181113
v 0.050701 -0.808644 1.172316
v 0.061157 -0.792338 1.172161
v 0.059268 -0.796834 1.162926
v 0.067798 -0.779269 1.164195
v 0.066230 -0.783006 1.154575
v 0.072799 -0.764615 1.157423
v 0.071430 -0.767501 1.147480
v 0.076076 -0.748736 1.152042
v 0.074782 -0.750701 1.141850
v 0.077608 -0.732024 1.148233
v 0.076272 -0.733019 1.137878
v 0.077431 -0.714890 1.146150
v 0.075945 -0.714890 1.135730
v 0.035376 -0.820143 1.173569
v 0.024139 -0.827237 1.184520
v 0.012117 -0.831564 1.195886
v -0.000309 -0.833018 1.207458
v -0.012734 -0.831564 1.219030
v -0.024756 -0.827237 1.230396
v -0.035993 -0.820143 1.241347
v -0.046098 -0.810458 1.251669
v -0.054777 -0.798419 1.261144
v -0.061802 -0.784324 1.269551
v -0.067015 -0.768519 1.276671
v -0.070332 -0.751394 1.282292
v -0.071740 -0.733370 1.286221
v -0.071293 -0.714890 1.288288
v -0.071740 -0.733370 1.286221
v -0.057180 -0.667256 1.293541
v -0.048122 -0.667256 1.294912
v -0.065180 -0.667256 1.287786
v -0.043702 -0.582815 1.287031
v -0.034598 -0.582815 1.287556
v -0.051925 -0.582816 1.281900
v -0.030390 -0.488679 1.278382
v -0.021245 -0.488679 1.277957
v -0.038881 -0.488679 1.273932
v -0.019022 -0.395747 1.268404
v -0.009846 -0.395747 1.267032
v -0.027794 -0.395747 1.264611
v -0.027794 -0.395747 1.264611
v -0.009527 -0.304018 1.257154
v -0.000331 -0.304018 1.254839
v -0.018596 -0.304018 1.253994
v -0.002235 -0.177064 1.245439
v 0.006971 -0.177064 1.242240
v -0.011597 -0.177064 1.242855
v -0.018596 -0.304018 1.253994
v 0.045480 -0.810458 1.163247
v 0.054160 -0.798419 1.153773
v 0.061185 -0.784324 1.145365
v 0.066397 -0.768519 1.138245
v 0.069714 -0.751394 1.132624
v 0.071123 -0.733370 1.128695
v 0.071123 -0.733370 1.128695
v 0.070676 -0.714890 1.126628
v 0.064563 -0.667256 1.127131
v 0.070241 -0.667256 1.135762
v 0.072176 -0.667256 1.145954
v 0.057575 -0.582816 1.140971
v 0.060115 -0.582815 1.150962
v 0.051308 -0.582815 1.133017
v 0.045168 -0.488679 1.148169
v 0.048394 -0.488679 1.157944
v 0.038264 -0.488679 1.140985
v 0.034692 -0.395747 1.156713
v 0.038606 -0.395747 1.166284
v 0.027177 -0.395747 1.150305
v 0.027177 -0.395747 1.150305
v 0.026079 -0.304018 1.166550
v 0.030681 -0.304018 1.175926
v 0.017979 -0.304018 1.160922
v 0.019607 -0.177064 1.176950
v 0.024858 -0.177064 1.186154
v 0.010980 -0.177064 1.172061
v 0.017979 -0.304018 1.160922
v -0.054202 -0.714890 1.296041
v -0.053434 -0.748736 1.291090
v -0.054676 -0.732024 1.294434
v -0.050432 -0.764615 1.286150
v -0.045685 -0.779269 1.279785
v -0.039271 -0.792338 1.272183
v -0.031334 -0.803500 1.263542
v -0.022084 -0.812480 1.254063
v -0.011787 -0.819057 1.243950
v -0.000755 -0.823069 1.233402
v 0.010665 -0.824418 1.222618
v 0.022108 -0.823069 1.211797
v 0.033210 -0.819057 1.201138
v 0.043622 -0.812480 1.190841
v 0.053027 -0.803500 1.181113
v 0.061157 -0.792338 1.172161
v 0.067798 -0.779269 1.164195
v 0.072799 -0.764615 1.157423
v 0.076076 -0.748736 1.152042
v 0.077608 -0.732024 1.148233
v 0.077431 -0.714890 1.146150
v 0.072176 -0.667256 1.145954
v -0.048122 -0.667256 1.294912
v -0.034598 -0.582815 1.287556
v 0.060115 -0.582815 1.150962
v 0.048394 -0.488679 1.157944
v -0.021245 -0.488679 1.277957
v 0.038606 -0.395747 1.166284
v -0.009846 -0.395747 1.267032
v 0.030681 -0.304018 1.175926
v -0.000331 -0.304018 1.254839
v 0.024858 -0.177064 1.186154
v 0.006971 -0.177064 1.242240
v 0.062713 -0.714891 1.120595
v 0.054059 -0.732024 1.120482
v 0.063214 -0.733019 1.122463
v 0.053585 -0.714891 1.118876
v 0.052817 -0.748736 1.123827
v 0.061895 -0.750701 1.126163
v 0.049815 -0.764615 1.128766
v 0.058704 -0.767501 1.131534
v 0.045068 -0.779269 1.135131
v 0.053653 -0.783006 1.138390
v 0.038654 -0.792338 1.142733
v 0.046824 -0.796834 1.146528
v 0.030717 -0.803500 1.151374
v 0.038370 -0.808644 1.155735
v 0.021467 -0.812480 1.160853
v 0.028515 -0.818145 1.165796
v 0.011170 -0.819057 1.170967
v 0.017542 -0.825104 1.176499
v 0.000138 -0.823069 1.181515
v 0.005791 -0.829349 1.187635
v -0.011282 -0.824418 1.192298
v -0.006367 -0.830776 1.198997
v -0.022725 -0.823069 1.203119
v -0.018539 -0.829349 1.210380
v -0.033827 -0.819057 1.213778
v -0.030332 -0.825104 1.221581
v -0.044239 -0.812480 1.224075
v -0.041371 -0.818145 1.232392
v -0.053644 -0.803500 1.233803
v -0.051318 -0.808644 1.242600
v -0.061774 -0.792338 1.242755
v -0.059885 -0.796834 1.251990
v -0.068415 -0.779269 1.250721
v -0.066847 -0.783006 1.260341
v -0.073416 -0.764615 1.257493
v -0.072047 -0.767501 1.267436
v -0.076693 -0.748736 1.262874
v -0.075399 -0.750701 1.273066
v -0.078225 -0.732024 1.266683
v -0.076889 -0.733019 1.277038
v -0.078048 -0.714890 1.268766
v -0.076562 -0.714890 1.279186
v -0.035993 -0.820143 1.241347
v -0.024756 -0.827237 1.230396
v -0.012734 -0.831564 1.219030
v -0.000309 -0.833018 1.207458
v 0.012117 -0.831564 1.195886
v 0.024139 -0.827237 1.184520
v 0.035376 -0.820143 1.173569
v 0.045480 -0.810458 1.163247
v 0.054160 -0.798419 1.153773
v 0.061185 -0.784324 1.145365
v 0.066397 -0.768519 1.138245
v 0.069714 -0.751394 1.132624
v 0.071123 -0.733370 1.128695
v 0.070676 -0.714890 1.126628
v 0.071123 -0.733370 1.128695
v 0.056563 -0.667256 1.121375
v 0.047504 -0.667256 1.120004
v 0.064563 -0.667256 1.127131
v 0.043085 -0.582816 1.127885
v 0.033981 -0.582816 1.127360
v 0.051308 -0.582815 1.133017
v 0.029773 -0.488679 1.136534
v 0.020628 -0.488679 1.136960
v 0.038264 -0.488679 1.140985
v 0.018405 -0.395747 1.146511
v 0.009229 -0.395747 1.147884
v 0.027177 -0.395747 1.150305
v 0.027177 -0.395747 1.150305
v 0.008910 -0.304018 1.157762
v -0.000286 -0.304018 1.160077
v 0.017979 -0.304018 1.160922
v 0.001618 -0.177064 1.169478
v -0.007588 -0.177064 1.172676
v 0.010980 -0.177064 1.172061
v 0.017979 -0.304018 1.160922
v -0.046098 -0.810458 1.251669
v -0.054777 -0.798419 1.261144
v -0.061802 -0.784324 1.269551
v -0.067015 -0.768519 1.276671
v -0.070332 -0.751394 1.282292
v -0.071740 -0.733370 1.286221
v -0.071740 -0.733370 1.286221
v -0.071293 -0.714890 1.288288
v -0.065180 -0.667256 1.287786
v -0.070858 -0.667256 1.279154
v -0.072793 -0.667256 1.268962
v -0.058192 -0.582815 1.273945
v -0.060733 -0.582815 1.263954
v -0.051925 -0.582816 1.281900
v -0.045785 -0.488679 1.266747
v -0.049011 -0.488679 1.256972
v -0.038881 -0.488679 1.273932
v -0.035309 -0.395747 1.258203
v -0.039223 -0.395747 1.248632
v -0.027794 -0.395747 1.264611
v -0.027794 -0.395747 1.264611
v -0.026696 -0.304018 1.248366
v -0.031298 -0.304018 1.238990
v -0.018596 -0.304018 1.253994
v -0.020225 -0.177064 1.237966
v -0.025475 -0.177064 1.228763
v -0.011597 -0.177064 1.242855
v -0.018596 -0.304018 1.253994
v 0.053585 -0.714891 1.118876
v 0.052817 -0.748736 1.123827
v 0.054059 -0.732024 1.120482
v 0.049815 -0.764615 1.128766
v 0.045068 -0.779269 1.135131
v 0.038654 -0.792338 1.142733
v 0.030717 -0.803500 1.151374
v 0.021467 -0.812480 1.160853
v 0.011170 -0.819057 1.170967
v 0.000138 -0.823069 1.181515
v -0.011282 -0.824418 1.192298
v -0.022725 -0.823069 1.203119
v -0.033827 -0.819057 1.213778
v -0.044239 -0.812480 1.224075
v -0.053644 -0.803500 1.233803
v -0.061774 -0.792338 1.242755
v -0.068415 -0.779269 1.250721
v -0.073416 -0.764615 1.257493
v -0.076693 -0.748736 1.262874
v -0.078225 -0.732024 1.266683
v -0.078048 -0.714890 1.268766
v -0.072793 -0.667256 1.268962
v 0.047504 -0.667256 1.120004
v 0.033981 -0.582816 1.127360
v -0.060733 -0.582815 1.263954
v -0.049011 -0.488679 1.256972
v 0.020628 -0.488679 1.136960
v -0.039223 -0.395747 1.248632
v 0.009229 -0.395747 1.147884
v -0.031298 -0.304018 1.238990
v -0.000286 -0.304018 1.160077
v -0.025475 -0.177064 1.228763
v -0.007588 -0.177064 1.172676
vn -0.0000 0.2724 0.9622
vn -0.0842 0.2591 0.9622
vn -0.0000 -0.0000 1.0000
vn -0.1601 0.2204 0.9622
vn -0.2204 0.1601 0.9622
vn -0.2591 0.0842 0.9622
vn -0.2724 -0.0000 0.9622
vn -0.2591 -0.0842 0.9622
vn -0.2204 -0.1601 0.9622
vn -0.1601 -0.2204 0.9622
vn -0.0842 -0.2591 0.9622
vn -0.0000 -0.2724 0.9622
vn 0.0842 -0.2591 0.9622
vn 0.1601 -0.2204 0.9622
vn 0.2204 -0.1601 0.9622
vn 0.2591 -0.0842 0.9622
vn 0.2724 -0.0000 0.9622
vn -0.1628 0.5009 0.8501
vn -0.3096 0.4261 0.8501
vn -0.4261 0.3096 0.8501
vn -0.5009 0.1628 0.8501
vn -0.5267 -0.0000 0.8501
vn -0.5009 -0.1628 0.8501
vn -0.4261 -0.3096 0.8501
vn -0.3096 -0.4261 0.8501
vn -0.1628 -0.5009 0.8501
vn -0.0000 -0.5267 0.8501
vn 0.1628 -0.5009 0.8501
vn 0.3096 -0.4261 0.8501
vn 0.4261 -0.3096 0.8501
vn 0.5009 -0.1628 0.8501
vn 0.5267 -0.0000 0.8501
vn 0.5009 0.1628 0.8501
vn 0.2591 0.0842 0.9622
vn 0.2204 0.1601 0.9622
vn 0.1601 0.2204 0.9622
vn 0.0842 0.2591 0.9622
vn 0.4261 0.3096 0.8501
vn 0.3096 0.4261 0.8501
vn 0.1628 0.5009 0.8501
vn -0.0000 0.5267 0.8501
vn -0.2347 0.7223 0.6505
vn -0.0000 0.7595 0.6505
vn -0.4464 0.6145 0.6505
vn -0.6145 0.4464 0.6505
vn -0.7223 0.2347 0.6505
vn -0.7595 -0.0000 0.6505
vn -0.7223 -0.2347 0.6505
vn -0.6145 -0.4464 0.6505
vn -0.4464 -0.6145 0.6505
vn -0.2347 -0.7223 0.6505
vn -0.0000 -0.7595 0.6505
vn 0.2347 -0.7223 0.6505
vn 0.4464 -0.6145 0.6505
vn 0.6145 -0.4464 0.6505
vn 0.7223 -0.2347 0.6505
vn 0.7595 -0.0000 0.6505
vn 0.7223 0.2347 0.6505
vn 0.6145 0.4464 0.6505
vn 0.4464 0.6145 0.6505
vn 0.2347 0.7223 0.6505
vn -0.2347 0.7224 0.6505
vn -0.2885 0.8880 0.3580
vn -0.0000 0.9337 0.3580
vn -0.5488 0.7554 0.3580
vn -0.7554 0.5488 0.3580
vn -0.8880 0.2885 0.3580
vn -0.7224 0.2347 0.6505
vn -0.9337 -0.0000 0.3580
vn -0.8880 -0.2885 0.3580
vn -0.7224 -0.2347 0.6505
vn -0.7554 -0.5488 0.3580
vn -0.5488 -0.7554 0.3580
vn -0.2885 -0.8880 0.3580
vn -0.2347 -0.7224 0.6505
vn -0.0000 -0.9337 0.3580
vn 0.2885 -0.8880 0.3580
vn 0.2347 -0.7224 0.6505
vn 0.5488 -0.7554 0.3580
vn 0.7554 -0.5488 0.3580
vn 0.8880 -0.2885 0.3580
vn 0.7224 -0.2347 0.6505
vn 0.9337 -0.0000 0.3580
vn 0.8880 0.2885 0.3580
vn 0.7224 0.2347 0.6505
vn 0.7554 0.5488 0.3580
vn 0.5488 0.7554 0.3580
vn 0.2885 0.8880 0.3580
vn 0.2347 0.7224 0.6505
vn 0.9468 -0.3076 0.0941
vn 0.8054 -0.5852 0.0941
vn 0.5852 -0.8054 0.0941
vn 0.3076 -0.9468 0.0941
vn -0.0000 -0.9956 0.0941
vn -0.3076 -0.9468 0.0941
vn -0.5852 -0.8054 0.0941
vn -0.8054 -0.5852 0.0941
vn -0.9468 -0.3076 0.0941
vn -0.9956 -0.0000 0.0941
vn -0.9468 0.3076 0.0941
vn -0.8054 0.5852 0.0941
vn -0.5852 0.8054 0.0941
vn -0.3076 0.9468 0.0941
vn -0.0000 0.9956 0.0941
vn -0.0000 1.0000 -0.0000
vn -0.3090 0.9511 -0.0000
vn -0.5878 0.8090 -0.0000
vn -0.8090 0.5878 -0.0000
vn -0.9511 0.3090 -0.0000
vn -1.0000 -0.0000 -0.0000
vn -0.9511 -0.3090 -0.0000
vn -0.8090 -0.5878 -0.0000
vn -0.5878 -0.8090 -0.0000
vn -0.3090 -0.9511 -0.0000
vn -0.0000 -1.0000 -0.0000
vn 0.3090 -0.9511 -0.0000
vn 0.5878 -0.8090 -0.0000
vn 0.8090 -0.5878 -0.0000
vn 0.9511 -0.3090 -0.0000
vn 0.9956 -0.0000 0.0941
vn 0.9468 0.3076 0.0941
vn 0.8054 0.5852 0.0941
vn 0.5852 0.8054 0.0941
vn 0.3076 0.9468 0.0941
vn 1.0000 -0.0000 -0.0000
vn 0.9511 0.3090 -0.0000
vn 0.8090 0.5878 -0.0000
vn 0.5878 0.8090 -0.0000
vn 0.3090 0.9511 -0.0000
vn 0.4152 0.1489 0.8975
vn 0.1914 0.1456 0.9707
vn 0.4084 0.0041 0.9128
vn 0.1851 0.0165 0.9826
vn 0.1841 0.2628 0.9471
vn 0.4048 0.2819 0.8699
vn 0.1597 0.3755 0.9130
vn 0.3758 0.4106 0.8308
vn 0.1182 0.4809 0.8688
vn 0.3279 0.5321 0.7806
vn 0.0599 0.5760 0.8153
vn 0.2610 0.6429 0.7201
vn -0.0140 0.6576 0.7533
vn 0.1764 0.7392 0.6500
vn -0.1015 0.7224 0.6839
vn 0.0759 0.8169 0.5718
vn -0.1998 0.7679 0.6087
vn -0.0370 0.8726 0.4871
vn -0.3055 0.7917 0.5291
vn -0.1586 0.9037 0.3977
vn -0.4145 0.7928 0.4469
vn -0.2842 0.9087 0.3057
vn -0.5227 0.7709 0.3640
vn -0.4088 0.8874 0.2132
vn -0.6257 0.7273 0.2821
vn -0.5276 0.8406 0.1223
vn -0.7198 0.6638 0.2032
vn -0.6361 0.7708 0.0350
vn -0.8017 0.5836 0.1290
vn -0.7307 0.6812 -0.0464
vn -0.8693 0.4904 0.0614
vn -0.8085 0.5760 -0.1201
vn -0.9216 0.3882 0.0016
vn -0.8686 0.4599 -0.1846
vn -0.9586 0.2805 -0.0491
vn -0.9107 0.3371 -0.2385
vn -0.9813 0.1705 -0.0898
vn -0.9361 0.2113 -0.2812
vn -0.9910 0.0605 -0.1198
vn -0.9462 0.0851 -0.3121
vn -0.9884 -0.0552 -0.1416
vn -0.9421 -0.0487 -0.3318
vn -0.3948 0.8719 -0.2898
vn -0.2721 0.9419 -0.1972
vn -0.1388 0.9853 -0.0998
vn 0.1388 0.9853 0.0998
vn 0.2721 0.9418 0.1972
vn 0.3948 0.8719 0.2898
vn 0.5025 0.7788 0.3753
vn 0.5922 0.6672 0.4519
vn 0.6620 0.5418 0.5179
vn 0.7116 0.4073 0.5725
vn 0.7416 0.2679 0.6150
vn 0.7534 0.1265 0.6453
vn 0.7486 -0.0257 0.6626
vn 0.3751 -0.0937 0.9222
vn 0.1483 -0.0708 0.9864
vn 0.7162 -0.1264 0.6864
vn 0.2986 -0.1254 0.9461
vn 0.0542 -0.0976 0.9938
vn 0.6605 -0.1538 0.7349
vn 0.2126 -0.1251 0.9691
vn -0.0494 -0.0981 0.9939
vn 0.5949 -0.1492 0.7898
vn 0.1263 -0.1279 0.9837
vn -0.1503 -0.1018 0.9834
vn 0.5244 -0.1476 0.8386
vn 0.0410 -0.1126 0.9928
vn -0.2452 -0.0882 0.9654
vn 0.4512 -0.1257 0.8835
vn -0.0403 -0.0905 0.9951
vn -0.3273 -0.0747 0.9420
vn 0.3814 -0.0983 0.9192
vn -0.5025 0.7788 -0.3753
vn -0.5922 0.6672 -0.4519
vn -0.6620 0.5418 -0.5179
vn -0.7116 0.4073 -0.5725
vn -0.7416 0.2679 -0.6150
vn -0.7534 0.1265 -0.6453
vn -0.7486 -0.0257 -0.6626
vn -0.7162 -0.1264 -0.6864
vn -0.9174 -0.1350 -0.3744
vn -0.9735 -0.1318 -0.1871
vn -0.8852 -0.1558 -0.4384
vn -0.9579 -0.1479 -0.2460
vn -0.6605 -0.1538 -0.7349
vn -0.8463 -0.1473 -0.5119
vn -0.9399 -0.1371 -0.3127
vn -0.5949 -0.1492 -0.7898
vn -0.8009 -0.1415 -0.5819
vn -0.9171 -0.1282 -0.3776
vn -0.5244 -0.1476 -0.8386
vn -0.7531 -0.1161 -0.6476
vn -0.8924 -0.1015 -0.4398
vn -0.4512 -0.1257 -0.8835
vn -0.7070 -0.0910 -0.7014
vn -0.8658 -0.0795 -0.4940
vn -0.3814 -0.0983 -0.9192
vn -0.7194 0.0845 0.6895
vn -0.7015 0.0875 0.7072
vn -0.7416 0.0448 0.6694
vn -0.6861 0.0915 0.7217
vn -0.6741 0.0957 0.7324
vn -0.6662 0.0992 0.7391
vn -0.6627 0.1011 0.7420
vn -0.6636 0.1005 0.7413
vn -0.6684 0.0967 0.7375
vn -0.6765 0.0891 0.7311
vn -0.6869 0.0776 0.7226
vn -0.6987 0.0622 0.7127
vn -0.7106 0.0435 0.7022
vn -0.7218 0.0222 0.6918
vn -0.7313 -0.0004 0.6820
vn -0.7387 -0.0229 0.6736
vn -0.7439 -0.0439 0.6669
vn -0.7469 -0.0620 0.6621
vn -0.7482 -0.0759 0.6591
vn -0.7485 -0.0847 0.6577
vn -0.7486 -0.0865 0.6574
vn -0.7801 -0.0493 0.6238
vn -0.7756 0.0775 0.6264
vn -0.8170 0.0260 0.5761
vn -0.8196 -0.0726 0.5683
vn -0.8494 -0.0306 0.5269
vn -0.8735 0.0448 0.4847
vn -0.8893 -0.0184 0.4569
vn -0.9073 0.0353 0.4190
vn -0.9223 -0.0047 0.3863
vn -0.9335 0.0248 0.3578
vn -0.9450 0.0107 0.3269
vn -0.9524 0.0246 0.3038
vn -0.4152 0.1489 -0.8975
vn -0.1914 0.1456 -0.9707
vn -0.4084 0.0041 -0.9128
vn -0.1851 0.0165 -0.9826
vn -0.1841 0.2628 -0.9471
vn -0.4048 0.2819 -0.8699
vn -0.1597 0.3755 -0.9130
vn -0.3758 0.4106 -0.8308
vn -0.1182 0.4808 -0.8688
vn -0.3279 0.5321 -0.7806
vn -0.0599 0.5760 -0.8153
vn -0.2610 0.6429 -0.7201
vn 0.0140 0.6576 -0.7533
vn -0.1764 0.7392 -0.6500
vn 0.1015 0.7224 -0.6839
vn -0.0759 0.8169 -0.5718
vn 0.1998 0.7678 -0.6087
vn 0.0371 0.8726 -0.4871
vn 0.3055 0.7917 -0.5291
vn 0.1586 0.9037 -0.3977
vn 0.4145 0.7928 -0.4469
vn 0.2842 0.9087 -0.3058
vn 0.5227 0.7709 -0.3640
vn 0.4088 0.8874 -0.2132
vn 0.6257 0.7273 -0.2821
vn 0.5276 0.8406 -0.1222
vn 0.7198 0.6638 -0.2032
vn 0.6361 0.7708 -0.0350
vn 0.8017 0.5836 -0.1290
vn 0.7307 0.6812 0.0464
vn 0.8693 0.4904 -0.0613
vn 0.8085 0.5760 0.1201
vn 0.9216 0.3882 -0.0016
vn 0.8686 0.4599 0.1846
vn 0.9586 0.2805 0.0491
vn 0.9107 0.3371 0.2385
vn 0.9813 0.1705 0.0898
vn 0.9361 0.2113 0.2812
vn 0.9910 0.0605 0.1198
vn 0.9462 0.0851 0.3121
vn 0.9884 -0.0552 0.1416
vn 0.9421 -0.0487 0.3318
vn 0.2721 0.9419 0.1972
vn -0.2720 0.9419 -0.1972
vn -0.5025 0.7788 -0.3754
vn -0.3751 -0.0937 -0.9222
vn -0.1483 -0.0708 -0.9864
vn -0.2986 -0.1254 -0.9461
vn -0.0541 -0.0976 -0.9938
vn -0.2126 -0.1251 -0.9691
vn 0.0495 -0.0981 -0.9939
vn -0.1263 -0.1279 -0.9837
vn 0.1503 -0.1018 -0.9834
vn -0.0410 -0.1126 -0.9928
vn 0.2452 -0.0882 -0.9654
vn 0.0403 -0.0905 -0.9951
vn 0.3273 -0.0747 -0.9420
vn 0.5026 0.7788 0.3753
vn 0.9174 -0.1350 0.3744
vn 0.9735 -0.1318 0.1871
vn 0.8852 -0.1558 0.4384
vn 0.9579 -0.1479 0.2460
vn 0.8463 -0.1473 0.5119
vn 0.9399 -0.1371 0.3127
vn 0.8009 -0.1415 0.5819
vn 0.9171 -0.1282 0.3776
vn 0.7531 -0.1161 0.6476
vn 0.8924 -0.1015 0.4398
vn 0.7069 -0.0910 0.7014
vn 0.8658 -0.0795 0.4940
vn 0.7194 0.0845 -0.6895
vn 0.7016 0.0875 -0.7072
vn 0.7416 0.0448 -0.6694
vn 0.6861 0.0915 -0.7217
vn 0.6742 0.0957 -0.7324
vn 0.6662 0.0992 -0.7391
vn 0.6627 0.1011 -0.7420
vn 0.6636 0.1005 -0.7413
vn 0.6684 0.0966 -0.7375
vn 0.6765 0.0891 -0.7311
vn 0.6869 0.0776 -0.7226
vn 0.6987 0.0622 -0.7127
vn 0.7106 0.0435 -0.7022
vn 0.7218 0.0222 -0.6918
vn 0.7313 -0.0004 -0.6820
vn 0.7387 -0.0229 -0.6736
vn 0.7439 -0.0439 -0.6669
vn 0.7469 -0.0620 -0.6621
vn 0.7482 -0.0759 -0.6591
vn 0.7485 -0.0847 -0.6577
vn 0.7486 -0.0865 -0.6574
vn 0.7801 -0.0493 -0.6238
vn 0.7756 0.0775 -0.6264
vn 0.8170 0.0260 -0.5761
vn 0.8196 -0.0726 -0.5683
vn 0.8494 -0.0306 -0.5269
vn 0.8735 0.0448 -0.4847
vn 0.8893 -0.0184 -0.4569
vn 0.9073 0.0353 -0.4190
vn 0.9223 -0.0047 -0.3863
vn 0.9335 0.0248 -0.3578
vn 0.9450 0.0107 -0.3269
vn 0.9524 0.0246 -0.3038
vn -0.4152 -0.1489 0.8975
vn -0.1914 -0.1456 0.9707
vn -0.4084 -0.0041 0.9128
vn -0.1851 -0.0165 0.9826
vn -0.1841 -0.2628 0.9471
vn -0.4048 -0.2819 0.8699
vn -0.1597 -0.3755 0.9130
vn -0.3758 -0.4106 0.8308
vn -0.1182 -0.4809 0.8688
vn -0.3279 -0.5321 0.7806
vn -0.0599 -0.5760 0.8153
vn -0.2610 -0.6429 0.7201
vn 0.0140 -0.6576 0.7533
vn -0.1764 -0.7392 0.6500
vn 0.1015 -0.7225 0.6839
vn -0.0759 -0.8169 0.5718
vn 0.1998 -0.7679 0.6087
vn 0.0371 -0.8726 0.4871
vn 0.3055 -0.7917 0.5291
vn 0.1586 -0.9037 0.3977
vn 0.4145 -0.7928 0.4469
vn 0.2842 -0.9087 0.3057
vn 0.5227 -0.7709 0.3639
vn 0.4088 -0.8874 0.2132
vn 0.6257 -0.7273 0.2821
vn 0.5276 -0.8406 0.1223
vn 0.7198 -0.6638 0.2032
vn 0.6361 -0.7708 0.0350
vn 0.8017 -0.5836 0.1290
vn 0.7307 -0.6812 -0.0464
vn 0.8693 -0.4904 0.0613
vn 0.8085 -0.5760 -0.1202
vn 0.9216 -0.3882 0.0016
vn 0.8686 -0.4599 -0.1846
vn 0.9586 -0.2805 -0.0491
vn 0.9107 -0.3371 -0.2385
vn 0.9813 -0.1705 -0.0898
vn 0.9361 -0.2113 -0.2812
vn 0.9910 -0.0605 -0.1198
vn 0.9462 -0.0851 -0.3121
vn 0.9884 0.0552 -0.1416
vn 0.9421 0.0487 -0.3318
vn 0.3947 -0.8719 -0.2898
vn 0.2721 -0.9419 -0.1972
vn 0.1388 -0.9853 -0.0998
vn -0.1388 -0.9853 0.0998
vn -0.2721 -0.9419 0.1972
vn -0.3948 -0.8719 0.2898
vn -0.5025 -0.7788 0.3754
vn -0.5922 -0.6672 0.4519
vn -0.6620 -0.5418 0.5179
vn -0.7116 -0.4073 0.5725
vn -0.7416 -0.2679 0.6150
vn -0.7534 -0.1265 0.6453
vn -0.7486 0.0257 0.6626
vn -0.3751 0.0937 0.9222
vn -0.1483 0.0708 0.9864
vn -0.7162 0.1264 0.6864
vn -0.2986 0.1254 0.9461
vn -0.0542 0.0976 0.9938
vn -0.6605 0.1538 0.7349
vn -0.2126 0.1251 0.9691
vn 0.0494 0.0981 0.9939
vn -0.5949 0.1492 0.7898
vn -0.1263 0.1279 0.9837
vn 0.1503 0.1018 0.9834
vn -0.5244 0.1476 0.8386
vn -0.0410 0.1126 0.9928
vn 0.2452 0.0882 0.9654
vn -0.4512 0.1257 0.8835
vn 0.0403 0.0905 0.9951
vn 0.3273 0.0747 0.9420
vn -0.3814 0.0983 0.9192
vn 0.5025 -0.7788 -0.3753
vn 0.5922 -0.6672 -0.4519
vn 0.6620 -0.5418 -0.5179
vn 0.7116 -0.4073 -0.5725
vn 0.7416 -0.2679 -0.6150
vn 0.7534 -0.1265 -0.6453
vn 0.7486 0.0257 -0.6626
vn 0.7162 0.1264 -0.6864
vn 0.9174 0.1350 -0.3744
vn 0.9735 0.1318 -0.1871
vn 0.8852 0.1558 -0.4384
vn 0.9579 0.1479 -0.2460
vn 0.6605 0.1538 -0.7349
vn 0.8463 0.1473 -0.5119
vn 0.9399 0.1371 -0.3127
vn 0.5949 0.1492 -0.7898
vn 0.8009 0.1415 -0.5819
vn 0.9171 0.1282 -0.3776
vn 0.5244 0.1476 -0.8386
vn 0.7531 0.1161 -0.6476
vn 0.8924 0.1015 -0.4398
vn 0.4512 0.1257 -0.8835
vn 0.7070 0.0910 -0.7014
vn 0.8658 0.0795 -0.4940
vn 0.3814 0.0983 -0.9192
vn 0.7194 -0.0845 0.6894
vn 0.7015 -0.0875 0.7072
vn 0.7416 -0.0448 0.6694
vn 0.6861 -0.0915 0.7217
vn 0.6741 -0.0957 0.7324
vn 0.6662 -0.0992 0.7391
vn 0.6627 -0.1011 0.7420
vn 0.6636 -0.1005 0.7413
vn 0.6684 -0.0967 0.7375
vn 0.6765 -0.0891 0.7311
vn 0.6869 -0.0776 0.7226
vn 0.6987 -0.0622 0.7127
vn 0.7106 -0.0435 0.7022
vn 0.7218 -0.0222 0.6918
vn 0.7313 0.0004 0.6820
vn 0.7387 0.0229 0.6736
vn 0.7439 0.0439 0.6669
vn 0.7469 0.0620 0.6621
vn 0.7482 0.0759 0.6591
vn 0.7485 0.0847 0.6577
vn 0.7486 0.0865 0.6574
vn 0.7801 0.0493 0.6238
vn 0.7756 -0.0775 0.6264
vn 0.8170 -0.0260 0.5761
vn 0.8196 0.0726 0.5683
vn 0.8494 0.0306 0.5269
vn 0.8735 -0.0448 0.4847
vn 0.8893 0.0184 0.4569
vn 0.9073 -0.0353 0.4190
vn 0.9223 0.0047 0.3863
vn 0.9335 -0.0248 0.3578
vn 0.9450 -0.0107 0.3269
vn 0.9524 -0.0246 0.3038
vn 0.4152 -0.1489 -0.8975
vn 0.1914 -0.1456 -0.9707
vn 0.4084 -0.0041 -0.9128
vn 0.1851 -0.0165 -0.9826
vn 0.1841 -0.2628 -0.9471
vn 0.4048 -0.2819 -0.8699
vn 0.1597 -0.3755 -0.9130
vn 0.3758 -0.4106 -0.8308
vn 0.1182 -0.4809 -0.8688
vn 0.3279 -0.5321 -0.7806
vn 0.0599 -0.5760 -0.8153
vn 0.2611 -0.6429 -0.7201
vn -0.0140 -0.6576 -0.7533
vn 0.1764 -0.7392 -0.6500
vn -0.1015 -0.7224 -0.6839
vn 0.0759 -0.8169 -0.5718
vn -0.1998 -0.7678 -0.6087
vn -0.0371 -0.8726 -0.4871
vn -0.3055 -0.7917 -0.5291
vn -0.1586 -0.9037 -0.3977
vn -0.4145 -0.7928 -0.4469
vn -0.2842 -0.9087 -0.3057
vn -0.5227 -0.7710 -0.3640
vn -0.4088 -0.8874 -0.2132
vn -0.6257 -0.7273 -0.2821
vn -0.5276 -0.8406 -0.1223
vn -0.7198 -0.6638 -0.2032
vn -0.6361 -0.7708 -0.0350
vn -0.8017 -0.5836 -0.1290
vn -0.7307 -0.6812 0.0464
vn -0.8693 -0.4904 -0.0614
vn -0.8085 -0.5760 0.1202
vn -0.9216 -0.3882 -0.0016
vn -0.8686 -0.4599 0.1846
vn -0.9586 -0.2805 0.0491
vn -0.9107 -0.3371 0.2385
vn -0.9813 -0.1705 0.0898
vn -0.9361 -0.2113 0.2812
vn -0.9910 -0.0605 0.1198
vn -0.9462 -0.0851 0.3121
vn -0.9884 0.0552 0.1416
vn -0.9421 0.0487 0.3318
vn -0.3947 -0.8719 0.2898
vn 0.3948 -0.8719 -0.2898
vn 0.7416 -0.2679 -0.6151
vn 0.3751 0.0937 -0.9222
vn 0.1483 0.0708 -0.9864
vn 0.2986 0.1254 -0.9461
vn 0.0541 0.0976 -0.9938
vn 0.2126 0.1251 -0.9691
vn -0.0495 0.0981 -0.9939
vn 0.1263 0.1279 -0.9837
vn -0.1503 0.1018 -0.9834
vn 0.0410 0.1126 -0.9928
vn -0.2452 0.0882 -0.9654
vn -0.0403 0.0905 -0.9951
vn -0.3273 0.0747 -0.9420
vn -0.5025 -0.7788 0.3753
vn -0.9174 0.1350 0.3744
vn -0.9735 0.1318 0.1871
vn -0.8852 0.1558 0.4384
vn -0.9579 0.1479 0.2460
vn -0.8463 0.1473 0.5119
vn -0.9399 0.1371 0.3127
vn -0.8009 0.1415 0.5819
vn -0.9171 0.1282 0.3776
vn -0.7531 0.1161 0.6476
vn -0.8924 0.1015 0.4398
vn -0.7069 0.0910 0.7014
vn -0.8658 0.0795 0.4940
vn -0.7194 -0.0845 -0.6895
vn -0.7016 -0.0875 -0.7072
vn -0.7416 -0.0448 -0.6694
vn -0.6861 -0.0915 -0.7217
vn -0.6742 -0.0957 -0.7324
vn -0.6662 -0.0992 -0.7391
vn -0.6627 -0.1011 -0.7420
vn -0.6636 -0.1005 -0.7413
vn -0.6684 -0.0966 -0.7375
vn -0.6765 -0.0891 -0.7311
vn -0.6869 -0.0776 -0.7226
vn -0.6987 -0.0622 -0.7127
vn -0.7106 -0.0435 -0.7022
vn -0.7218 -0.0222 -0.6918
vn -0.7313 0.0004 -0.6820
vn -0.7387 0.0229 -0.6736
vn -0.7439 0.0439 -0.6669
vn -0.7469 0.0620 -0.6621
vn -0.7482 0.0759 -0.6591
vn -0.7485 0.0847 -0.6577
vn -0.7486 0.0865 -0.6574
vn -0.7801 0.0493 -0.6238
vn -0.7756 -0.0775 -0.6264
vn -0.8170 -0.0260 -0.5761
vn -0.8196 0.0726 -0.5683
vn -0.8494 0.0306 -0.5269
vn -0.8735 -0.0448 -0.4847
vn -0.8893 0.0184 -0.4569
vn -0.9073 -0.0353 -0.4190
vn -0.9223 0.0047 -0.3863
vn -0.9335 -0.0248 -0.3578
vn -0.9450 -0.0107 -0.3269
vn -0.9524 -0.0246 -0.3038
vt 0.755956 0.817908
vt 0.750460 0.817037
vt 0.755956 0.800122
vt 0.745501 0.814511
vt 0.741567 0.810576
vt 0.739040 0.805618
vt 0.738170 0.800122
vt 0.739040 0.794625
vt 0.741567 0.789667
vt 0.745501 0.785732
vt 0.750460 0.783206
vt 0.755956 0.782336
vt 0.761452 0.783206
vt 0.766410 0.785732
vt 0.770345 0.789667
vt 0.772871 0.794625
vt 0.773742 0.800122
vt 0.745501 0.832297
vt 0.736070 0.827492
vt 0.728586 0.820007
vt 0.723780 0.810576
vt 0.722125 0.800122
vt 0.723780 0.789667
vt 0.728586 0.780236
vt 0.736070 0.772752
vt 0.745501 0.767946
vt 0.755956 0.766290
vt 0.766410 0.767946
vt 0.775841 0.772752
vt 0.783326 0.780236
vt 0.788131 0.789667
vt 0.789787 0.800122
vt 0.788131 0.810576
vt 0.772871 0.805618
vt 0.770345 0.810576
vt 0.766410 0.814511
vt 0.761452 0.817037
vt 0.783326 0.820007
vt 0.775841 0.827492
vt 0.766410 0.832297
vt 0.755956 0.833953
vt 0.741566 0.844407
vt 0.755956 0.846686
vt 0.728586 0.837793
vt 0.718284 0.827492
vt 0.711670 0.814511
vt 0.709391 0.800122
vt 0.711670 0.785732
vt 0.718284 0.772752
vt 0.728586 0.762450
vt 0.741567 0.755836
vt 0.755956 0.753557
vt 0.770345 0.755836
vt 0.783326 0.762450
vt 0.793627 0.772752
vt 0.800241 0.785732
vt 0.802520 0.800122
vt 0.800241 0.814511
vt 0.793627 0.827492
vt 0.783326 0.837793
vt 0.770345 0.844407
vt 0.829292 0.826415
vt 0.821207 0.826415
vt 0.829292 0.818400
vt 0.821207 0.818400
vt 0.837377 0.818400
vt 0.837377 0.826415
vt 0.845462 0.818400
vt 0.845462 0.826415
vt 0.853546 0.818400
vt 0.853546 0.826415
vt 0.861631 0.818400
vt 0.861631 0.826415
vt 0.869716 0.818400
vt 0.869716 0.826415
vt 0.877801 0.818400
vt 0.877801 0.826415
vt 0.885885 0.818400
vt 0.885885 0.826415
vt 0.893970 0.818400
vt 0.893970 0.826415
vt 0.902055 0.818400
vt 0.902055 0.826415
vt 0.910140 0.818400
vt 0.910140 0.826415
vt 0.918225 0.818400
vt 0.918225 0.826415
vt 0.926309 0.818400
vt 0.926309 0.826415
vt 0.934394 0.818400
vt 0.934394 0.826415
vt 0.942479 0.818400
vt 0.942479 0.826415
vt 0.950564 0.818400
vt 0.950564 0.826415
vt 0.958648 0.818400
vt 0.958648 0.826415
vt 0.966733 0.818400
vt 0.966733 0.826415
vt 0.974818 0.818400
vt 0.974818 0.826415
vt 0.982903 0.818400
vt 0.982903 0.826415
vt 0.934394 0.810548
vt 0.926309 0.810546
vt 0.918225 0.810545
vt 0.910140 0.810547
vt 0.902055 0.810548
vt 0.893970 0.810546
vt 0.885885 0.810546
vt 0.877801 0.810546
vt 0.869716 0.810547
vt 0.861631 0.810549
vt 0.853546 0.810549
vt 0.845462 0.810549
vt 0.837377 0.810546
vt 0.829292 0.810549
vt 0.821207 0.810550
vt 0.821207 0.758228
vt 0.829292 0.758228
vt 0.837377 0.758228
vt 0.845462 0.758228
vt 0.853546 0.758228
vt 0.861631 0.758228
vt 0.869716 0.758228
vt 0.877801 0.758228
vt 0.885885 0.758228
vt 0.893970 0.758228
vt 0.902055 0.758228
vt 0.910140 0.758228
vt 0.918225 0.758228
vt 0.926309 0.758228
vt 0.934394 0.758228
vt 0.942479 0.810546
vt 0.950564 0.810543
vt 0.958648 0.810548
vt 0.966733 0.810552
vt 0.974818 0.810549
vt 0.982903 0.810545
vt 0.942479 0.758228
vt 0.950564 0.758228
vt 0.958648 0.758228
vt 0.966733 0.758228
vt 0.974818 0.758228
vt 0.982903 0.758228
vt 0.873515 0.858299
vt 0.872896 0.861494
vt 0.862238 0.857572
vt 0.862238 0.860808
vt 0.883292 0.863536
vt 0.884514 0.860459
vt 0.893170 0.866883
vt 0.894965 0.864000
vt 0.902286 0.871453
vt 0.904610 0.868836
vt 0.910415 0.877134
vt 0.913212 0.874846
vt 0.917359 0.883785
vt 0.920559 0.881883
vt 0.922945 0.891242
vt 0.926469 0.889773
vt 0.927037 0.899323
vt 0.930798 0.898323
vt 0.929533 0.907828
vt 0.933439 0.907321
vt 0.930371 0.916547
vt 0.934326 0.916547
vt 0.929533 0.925267
vt 0.933439 0.925773
vt 0.927037 0.933772
vt 0.930798 0.934771
vt 0.922945 0.941852
vt 0.926469 0.943321
vt 0.917359 0.949310
vt 0.920559 0.951212
vt 0.910415 0.955961
vt 0.913212 0.958249
vt 0.902286 0.961641
vt 0.904610 0.964259
vt 0.893170 0.966211
vt 0.894965 0.969094
vt 0.883292 0.969558
vt 0.884514 0.972636
vt 0.872896 0.971600
vt 0.873515 0.974796
vt 0.862238 0.972286
vt 0.862238 0.975522
vt 0.927712 0.943839
vt 0.932125 0.935124
vt 0.934817 0.925951
vt 0.935722 0.916547
vt 0.934817 0.907143
vt 0.932125 0.897970
vt 0.927712 0.889255
vt 0.921687 0.881212
vt 0.914199 0.874039
vt 0.905430 0.867912
vt 0.895599 0.862984
vt 0.884945 0.859374
vt 0.873733 0.857171
vt 0.862238 0.856431
vt 0.832606 0.859838
vt 0.832606 0.863008
vt 0.832606 0.858804
vt 0.780078 0.866990
vt 0.780078 0.870201
vt 0.780078 0.866032
vt 0.721518 0.874963
vt 0.721518 0.878220
vt 0.721518 0.874090
vt 0.663708 0.882833
vt 0.663708 0.886136
vt 0.663708 0.882044
vt 0.606645 0.890602
vt 0.606645 0.893950
vt 0.606645 0.889896
vt 0.553565 0.897829
vt 0.553565 0.901219
vt 0.553565 0.897199
vt 0.921687 0.951882
vt 0.914199 0.959056
vt 0.905430 0.965182
vt 0.895599 0.970111
vt 0.884945 0.973721
vt 0.873733 0.975923
vt 0.862238 0.976663
vt 0.832606 0.974290
vt 0.832606 0.973257
vt 0.832606 0.970086
vt 0.780078 0.966105
vt 0.780078 0.962893
vt 0.780078 0.967062
vt 0.721518 0.958132
vt 0.721518 0.954874
vt 0.721518 0.959005
vt 0.663707 0.950261
vt 0.663707 0.946958
vt 0.663707 0.951050
vt 0.606645 0.942492
vt 0.606645 0.939144
vt 0.606645 0.943199
vt 0.553565 0.935265
vt 0.553565 0.931875
vt 0.553565 0.935895
vt 0.873515 0.974796
vt 0.862238 0.975522
vt 0.862238 0.972286
vt 0.884514 0.972635
vt 0.893170 0.966211
vt 0.902286 0.961641
vt 0.926469 0.943321
vt 0.927037 0.933771
vt 0.934327 0.916547
vt 0.926469 0.889773
vt 0.902286 0.871453
vt 0.893170 0.866883
vt 0.873515 0.858299
s 1
usemtl Airplane4_01
f 3354/1254/2213 3353/1255/2214 3352/1256/2215
f 3353/1255/2214 3355/1257/2216 3352/1256/2215
f 3355/1257/2216 3356/1258/2217 3352/1256/2215
f 3356/1258/2217 3357/1259/2218 3352/1256/2215
f 3357/1259/2218 3358/1260/2219 3352/1256/2215
f 3358/1260/2219 3359/1261/2220 3352/1256/2215
f 3359/1261/2220 3360/1262/2221 3352/1256/2215
f 3360/1262/2221 3361/1263/2222 3352/1256/2215
f 3361/1263/2222 3362/1264/2223 3352/1256/2215
f 3362/1264/2223 3363/1265/2224 3352/1256/2215
f 3363/1265/2224 3364/1266/2225 3352/1256/2215
f 3364/1266/2225 3365/1267/2226 3352/1256/2215
f 3365/1267/2226 3366/1268/2227 3352/1256/2215
f 3366/1268/2227 3367/1269/2228 3352/1256/2215
f 3367/1269/2228 3368/1270/2229 3352/1256/2215
f 3353/1255/2214 3354/1254/2213 3369/1271/2230
f 3355/1257/2216 3353/1255/2214 3370/1272/2231
f 3369/1271/2230 3370/1272/2231 3353/1255/2214
f 3370/1272/2231 3371/1273/2232 3355/1257/2216
f 3356/1258/2217 3355/1257/2216 3371/1273/2232
f 3371/1273/2232 3372/1274/2233 3356/1258/2217
f 3357/1259/2218 3356/1258/2217 3372/1274/2233
f 3372/1274/2233 3373/1275/2234 3357/1259/2218
f 3358/1260/2219 3357/1259/2218 3373/1275/2234
f 3373/1275/2234 3374/1276/2235 3358/1260/2219
f 3359/1261/2220 3358/1260/2219 3374/1276/2235
f 3374/1276/2235 3375/1277/2236 3359/1261/2220
f 3360/1262/2221 3359/1261/2220 3375/1277/2236
f 3375/1277/2236 3376/1278/2237 3360/1262/2221
f 3361/1263/2222 3360/1262/2221 3376/1278/2237
f 3376/1278/2237 3377/1279/2238 3361/1263/2222
f 3362/1264/2223 3361/1263/2222 3377/1279/2238
f 3377/1279/2238 3378/1280/2239 3362/1264/2223
f 3363/1265/2224 3362/1264/2223 3378/1280/2239
f 3378/1280/2239 3379/1281/2240 3363/1265/2224
f 3364/1266/2225 3363/1265/2224 3379/1281/2240
f 3379/1281/2240 3380/1282/2241 3364/1266/2225
f 3365/1267/2226 3364/1266/2225 3380/1282/2241
f 3380/1282/2241 3381/1283/2242 3365/1267/2226
f 3366/1268/2227 3365/1267/2226 3381/1283/2242
f 3381/1283/2242 3382/1284/2243 3366/1268/2227
f 3367/1269/2228 3366/1268/2227 3382/1284/2243
f 3382/1284/2243 3383/1285/2244 3367/1269/2228
f 3368/1270/2229 3367/1269/2228 3383/1285/2244
f 3383/1285/2244 3384/1286/2245 3368/1270/2229
f 3385/1287/2246 3368/1270/2229 3384/1286/2245
f 3368/1270/2229 3385/1287/2246 3352/1256/2215
f 3385/1287/2246 3386/1288/2247 3352/1256/2215
f 3386/1288/2247 3387/1289/2248 3352/1256/2215
f 3387/1289/2248 3388/1290/2249 3352/1256/2215
f 3388/1290/2249 3354/1254/2213 3352/1256/2215
f 3386/1288/2247 3385/1287/2246 3389/1291/2250
f 3384/1286/2245 3389/1291/2250 3385/1287/2246
f 3387/1289/2248 3386/1288/2247 3390/1292/2251
f 3389/1291/2250 3390/1292/2251 3386/1288/2247
f 3388/1290/2249 3387/1289/2248 3391/1293/2252
f 3390/1292/2251 3391/1293/2252 3387/1289/2248
f 3354/1254/2213 3388/1290/2249 3392/1294/2253
f 3391/1293/2252 3392/1294/2253 3388/1290/2249
f 3392/1294/2253 3369/1271/2230 3354/1254/2213
f 3369/1271/2230 3392/1294/2253 3393/1295/2254
f 3394/1296/2255 3393/1295/2254 3392/1294/2253
f 3392/1294/2253 3391/1293/2252 3394/1296/2255
f 3393/1295/2254 3395/1297/2256 3369/1271/2230
f 3370/1272/2231 3369/1271/2230 3395/1297/2256
f 3395/1297/2256 3396/1298/2257 3370/1272/2231
f 3371/1273/2232 3370/1272/2231 3396/1298/2257
f 3396/1298/2257 3397/1299/2258 3371/1273/2232
f 3372/1274/2233 3371/1273/2232 3397/1299/2258
f 3397/1299/2258 3398/1300/2259 3372/1274/2233
f 3373/1275/2234 3372/1274/2233 3398/1300/2259
f 3398/1300/2259 3399/1301/2260 3373/1275/2234
f 3374/1276/2235 3373/1275/2234 3399/1301/2260
f 3399/1301/2260 3400/1302/2261 3374/1276/2235
f 3375/1277/2236 3374/1276/2235 3400/1302/2261
f 3400/1302/2261 3401/1303/2262 3375/1277/2236
f 3376/1278/2237 3375/1277/2236 3401/1303/2262
f 3401/1303/2262 3402/1304/2263 3376/1278/2237
f 3377/1279/2238 3376/1278/2237 3402/1304/2263
f 3402/1304/2263 3403/1305/2264 3377/1279/2238
f 3378/1280/2239 3377/1279/2238 3403/1305/2264
f 3403/1305/2264 3404/1306/2265 3378/1280/2239
f 3379/1281/2240 3378/1280/2239 3404/1306/2265
f 3404/1306/2265 3405/1307/2266 3379/1281/2240
f 3380/1282/2241 3379/1281/2240 3405/1307/2266
f 3405/1307/2266 3406/1308/2267 3380/1282/2241
f 3381/1283/2242 3380/1282/2241 3406/1308/2267
f 3406/1308/2267 3407/1309/2268 3381/1283/2242
f 3382/1284/2243 3381/1283/2242 3407/1309/2268
f 3407/1309/2268 3408/1310/2269 3382/1284/2243
f 3383/1285/2244 3382/1284/2243 3408/1310/2269
f 3408/1310/2269 3409/1311/2270 3383/1285/2244
f 3384/1286/2245 3383/1285/2244 3409/1311/2270
f 3409/1311/2270 3410/1312/2271 3384/1286/2245
f 3389/1291/2250 3384/1286/2245 3410/1312/2271
f 3410/1312/2271 3411/1313/2272 3389/1291/2250
f 3390/1292/2251 3389/1291/2250 3411/1313/2272
f 3411/1313/2272 3412/1314/2273 3390/1292/2251
f 3391/1293/2252 3390/1292/2251 3412/1314/2273
f 3412/1314/2273 3394/1296/2255 3391/1293/2252
f 3415/1315/2274 3414/1316/2255 3413/1317/2275
f 3416/1318/2276 3413/1317/2275 3414/1316/2255
f 3413/1317/2275 3417/1319/2277 3415/1315/2274
f 3418/1320/2256 3415/1315/2274 3417/1319/2277
f 3417/1319/2277 3419/1321/2278 3418/1320/2256
f 3420/1322/2257 3418/1320/2256 3419/1321/2278
f 3419/1321/2278 3421/1323/2279 3420/1322/2257
f 3422/1324/2280 3420/1322/2257 3421/1323/2279
f 3421/1323/2279 3423/1325/2281 3422/1324/2280
f 3424/1326/2259 3422/1324/2280 3423/1325/2281
f 3423/1325/2281 3425/1327/2282 3424/1326/2259
f 3426/1328/2283 3424/1326/2259 3425/1327/2282
f 3425/1327/2282 3427/1329/2284 3426/1328/2283
f 3428/1330/2261 3426/1328/2283 3427/1329/2284
f 3427/1329/2284 3429/1331/2285 3428/1330/2261
f 3430/1332/2262 3428/1330/2261 3429/1331/2285
f 3429/1331/2285 3431/1333/2286 3430/1332/2262
f 3432/1334/2287 3430/1332/2262 3431/1333/2286
f 3431/1333/2286 3433/1335/2288 3432/1334/2287
f 3434/1336/2264 3432/1334/2287 3433/1335/2288
f 3433/1335/2288 3435/1337/2289 3434/1336/2264
f 3436/1338/2290 3434/1336/2264 3435/1337/2289
f 3435/1337/2289 3437/1339/2291 3436/1338/2290
f 3438/1340/2266 3436/1338/2290 3437/1339/2291
f 3437/1339/2291 3439/1341/2292 3438/1340/2266
f 3440/1342/2267 3438/1340/2266 3439/1341/2292
f 3439/1341/2292 3441/1343/2293 3440/1342/2267
f 3442/1344/2294 3440/1342/2267 3441/1343/2293
f 3441/1343/2293 3443/1345/2295 3442/1344/2294
f 3444/1346/2269 3442/1344/2294 3443/1345/2295
f 3443/1345/2295 3445/1347/2296 3444/1346/2269
f 3446/1348/2297 3444/1346/2269 3445/1347/2296
f 3445/1347/2296 3447/1349/2298 3446/1348/2297
f 3448/1350/2271 3446/1348/2297 3447/1349/2298
f 3447/1349/2298 3449/1351/2299 3448/1350/2271
f 3450/1352/2272 3448/1350/2271 3449/1351/2299
f 3449/1351/2299 3451/1353/2300 3450/1352/2272
f 3452/1354/2301 3450/1352/2272 3451/1353/2300
f 3451/1353/2300 3453/1355/2276 3452/1354/2301
f 3454/1356/2255 3452/1354/2301 3453/1355/2276
f 3441/1343/2293 3439/1341/2292 3455/1357/2302
f 3456/1358/2303 3455/1357/2302 3439/1341/2292
f 3439/1341/2292 3437/1339/2291 3456/1358/2303
f 3457/1359/2304 3456/1358/2303 3437/1339/2291
f 3437/1339/2291 3435/1337/2289 3457/1359/2304
f 3458/1360/2305 3457/1359/2304 3435/1337/2289
f 3435/1337/2289 3433/1335/2288 3458/1360/2305
f 3459/1361/2306 3458/1360/2305 3433/1335/2288
f 3433/1335/2288 3431/1333/2286 3459/1361/2306
f 3460/1362/2307 3459/1361/2306 3431/1333/2286
f 3431/1333/2286 3429/1331/2285 3460/1362/2307
f 3461/1363/2308 3460/1362/2307 3429/1331/2285
f 3429/1331/2285 3427/1329/2284 3461/1363/2308
f 3462/1364/2309 3461/1363/2308 3427/1329/2284
f 3427/1329/2284 3425/1327/2282 3462/1364/2309
f 3463/1365/2310 3462/1364/2309 3425/1327/2282
f 3425/1327/2282 3423/1325/2281 3463/1365/2310
f 3464/1366/2311 3463/1365/2310 3423/1325/2281
f 3423/1325/2281 3421/1323/2279 3464/1366/2311
f 3465/1367/2312 3464/1366/2311 3421/1323/2279
f 3421/1323/2279 3419/1321/2278 3465/1367/2312
f 3466/1368/2313 3465/1367/2312 3419/1321/2278
f 3419/1321/2278 3417/1319/2277 3466/1368/2313
f 3467/1369/2314 3466/1368/2313 3417/1319/2277
f 3417/1319/2277 3413/1317/2275 3467/1369/2314
f 3468/1370/2315 3467/1369/2314 3413/1317/2275
f 3413/1317/2275 3416/1318/2276 3468/1370/2315
f 3469/1371/2316 3468/1370/2315 3416/1318/2276
f 3469/1371/2316 3470/1372/2317 3468/1370/2315
f 3471/1373/2318 3468/1370/2315 3470/1372/2317
f 3468/1370/2315 3471/1373/2318 3467/1369/2314
f 3472/1374/2319 3467/1369/2314 3471/1373/2318
f 3467/1369/2314 3472/1374/2319 3466/1368/2313
f 3473/1375/2320 3466/1368/2313 3472/1374/2319
f 3466/1368/2313 3473/1375/2320 3465/1367/2312
f 3474/1376/2321 3465/1367/2312 3473/1375/2320
f 3465/1367/2312 3474/1376/2321 3464/1366/2311
f 3475/1377/2322 3464/1366/2311 3474/1376/2321
f 3464/1366/2311 3475/1377/2322 3463/1365/2310
f 3476/1378/2323 3463/1365/2310 3475/1377/2322
f 3463/1365/2310 3476/1378/2323 3462/1364/2309
f 3477/1379/2324 3462/1364/2309 3476/1378/2323
f 3462/1364/2309 3477/1379/2324 3461/1363/2308
f 3478/1380/2325 3461/1363/2308 3477/1379/2324
f 3461/1363/2308 3478/1380/2325 3460/1362/2307
f 3479/1381/2326 3460/1362/2307 3478/1380/2325
f 3460/1362/2307 3479/1381/2326 3459/1361/2306
f 3480/1382/2327 3459/1361/2306 3479/1381/2326
f 3459/1361/2306 3480/1382/2327 3458/1360/2305
f 3481/1383/2328 3458/1360/2305 3480/1382/2327
f 3458/1360/2305 3481/1383/2328 3457/1359/2304
f 3482/1384/2329 3457/1359/2304 3481/1383/2328
f 3457/1359/2304 3482/1384/2329 3456/1358/2303
f 3483/1385/2330 3456/1358/2303 3482/1384/2329
f 3456/1358/2303 3483/1385/2330 3455/1357/2302
f 3484/1386/2331 3455/1357/2302 3483/1385/2330
f 3455/1357/2302 3484/1386/2331 3485/1387/2332
f 3455/1357/2302 3485/1387/2332 3441/1343/2293
f 3443/1345/2295 3441/1343/2293 3485/1387/2332
f 3485/1387/2332 3486/1388/2333 3443/1345/2295
f 3445/1347/2296 3443/1345/2295 3486/1388/2333
f 3486/1388/2333 3487/1389/2334 3445/1347/2296
f 3447/1349/2298 3445/1347/2296 3487/1389/2334
f 3487/1389/2334 3488/1390/2335 3447/1349/2298
f 3449/1351/2299 3447/1349/2298 3488/1390/2335
f 3488/1390/2335 3489/1391/2336 3449/1351/2299
f 3451/1353/2300 3449/1351/2299 3489/1391/2336
f 3489/1391/2336 3490/1392/2316 3451/1353/2300
f 3453/1355/2276 3451/1353/2300 3490/1392/2316
f 3491/1393/2337 3485/1387/2332 3484/1386/2331
f 3485/1387/2332 3491/1393/2337 3486/1388/2333
f 3492/1394/2338 3486/1388/2333 3491/1393/2337
f 3486/1388/2333 3492/1394/2338 3487/1389/2334
f 3493/1395/2339 3487/1389/2334 3492/1394/2338
f 3487/1389/2334 3493/1395/2339 3488/1390/2335
f 3494/1396/2340 3488/1390/2335 3493/1395/2339
f 3488/1390/2335 3494/1396/2340 3489/1391/2336
f 3495/1397/2341 3489/1391/2336 3494/1396/2340
f 3489/1391/2336 3495/1397/2341 3490/1392/2316
f 3496/1398/2317 3490/1392/2316 3495/1397/2341
f 3499/1399/2342 3498/1400/2343 3497/1401/2344
f 3500/1402/2345 3497/1401/2344 3498/1400/2343
f 3498/1400/2343 3499/1399/2342 3501/1403/2346
f 3502/1404/2347 3501/1403/2346 3499/1399/2342
f 3501/1403/2346 3502/1404/2347 3503/1405/2348
f 3504/1406/2349 3503/1405/2348 3502/1404/2347
f 3503/1405/2348 3504/1406/2349 3505/1407/2350
f 3506/1408/2351 3505/1407/2350 3504/1406/2349
f 3505/1407/2350 3506/1408/2351 3507/1409/2352
f 3508/1410/2353 3507/1409/2352 3506/1408/2351
f 3507/1409/2352 3508/1410/2353 3509/1411/2354
f 3510/1412/2355 3509/1411/2354 3508/1410/2353
f 3509/1411/2354 3510/1412/2355 3511/1413/2356
f 3512/1414/2357 3511/1413/2356 3510/1412/2355
f 3511/1413/2356 3512/1414/2357 3513/1415/2358
f 3514/1416/2359 3513/1415/2358 3512/1414/2357
f 3513/1415/2358 3514/1416/2359 3515/1417/2360
f 3516/1418/2361 3515/1417/2360 3514/1416/2359
f 3515/1417/2360 3516/1418/2361 3517/1419/2362
f 3518/1420/2363 3517/1419/2362 3516/1418/2361
f 3517/1419/2362 3518/1420/2363 3519/1421/2364
f 3520/1422/2365 3519/1421/2364 3518/1420/2363
f 3519/1421/2364 3520/1422/2365 3521/1423/2366
f 3522/1424/2367 3521/1423/2366 3520/1422/2365
f 3521/1423/2366 3522/1424/2367 3523/1425/2368
f 3524/1426/2369 3523/1425/2368 3522/1424/2367
f 3523/1425/2368 3524/1426/2369 3525/1427/2370
f 3526/1428/2371 3525/1427/2370 3524/1426/2369
f 3525/1427/2370 3526/1428/2371 3527/1429/2372
f 3528/1430/2373 3527/1429/2372 3526/1428/2371
f 3527/1429/2372 3528/1430/2373 3529/1431/2374
f 3530/1432/2375 3529/1431/2374 3528/1430/2373
f 3529/1431/2374 3530/1432/2375 3531/1433/2376
f 3532/1434/2377 3531/1433/2376 3530/1432/2375
f 3531/1433/2376 3532/1434/2377 3533/1435/2378
f 3534/1436/2379 3533/1435/2378 3532/1434/2377
f 3533/1435/2378 3534/1436/2379 3535/1437/2380
f 3536/1438/2381 3535/1437/2380 3534/1436/2379
f 3535/1437/2380 3536/1438/2381 3537/1439/2382
f 3538/1440/2383 3537/1439/2382 3536/1438/2381
f 3524/1426/2369 3539/1441/2384 3526/1428/2371
f 3539/1441/2384 3524/1426/2369 3540/1442/2385
f 3522/1424/2367 3540/1442/2385 3524/1426/2369
f 3540/1442/2385 3522/1424/2367 3541/1443/2386
f 3520/1422/2365 3541/1443/2386 3522/1424/2367
f 3541/1443/2386 3520/1422/2365 3542/1444/2317
f 3518/1420/2363 3542/1444/2317 3520/1422/2365
f 3542/1444/2317 3518/1420/2363 3543/1445/2387
f 3516/1418/2361 3543/1445/2387 3518/1420/2363
f 3543/1445/2387 3516/1418/2361 3544/1446/2388
f 3514/1416/2359 3544/1446/2388 3516/1418/2361
f 3544/1446/2388 3514/1416/2359 3545/1447/2389
f 3512/1414/2357 3545/1447/2389 3514/1416/2359
f 3545/1447/2389 3512/1414/2357 3546/1448/2390
f 3510/1412/2355 3546/1448/2390 3512/1414/2357
f 3546/1448/2390 3510/1412/2355 3547/1449/2391
f 3508/1410/2353 3547/1449/2391 3510/1412/2355
f 3547/1449/2391 3508/1410/2353 3548/1450/2392
f 3506/1408/2351 3548/1450/2392 3508/1410/2353
f 3548/1450/2392 3506/1408/2351 3549/1451/2393
f 3504/1406/2349 3549/1451/2393 3506/1408/2351
f 3549/1451/2393 3504/1406/2349 3550/1452/2394
f 3502/1404/2347 3550/1452/2394 3504/1406/2349
f 3550/1452/2394 3502/1404/2347 3551/1453/2395
f 3499/1399/2342 3551/1453/2395 3502/1404/2347
f 3497/1401/2344 3552/1454/2396 3499/1399/2342
f 3553/1453/2395 3499/1399/2342 3552/1454/2396
f 3497/1401/2344 3554/1455/2397 3552/1454/2396
f 3554/1455/2397 3497/1401/2344 3555/1456/2398
f 3500/1402/2345 3555/1456/2398 3497/1401/2344
f 3556/1457/2399 3552/1454/2396 3554/1455/2397
f 3554/1455/2397 3555/1456/2398 3557/1458/2400
f 3558/1459/2401 3557/1458/2400 3555/1456/2398
f 3557/1458/2400 3559/1460/2402 3554/1455/2397
f 3556/1457/2399 3554/1455/2397 3559/1460/2402
f 3557/1458/2400 3558/1459/2401 3560/1461/2403
f 3561/1462/2404 3560/1461/2403 3558/1459/2401
f 3560/1461/2403 3562/1463/2405 3557/1458/2400
f 3559/1460/2402 3557/1458/2400 3562/1463/2405
f 3560/1461/2403 3561/1462/2404 3563/1464/2406
f 3564/1465/2407 3563/1464/2406 3561/1462/2404
f 3563/1464/2406 3565/1466/2408 3560/1461/2403
f 3562/1463/2405 3560/1461/2403 3566/1466/2408
f 3563/1464/2406 3564/1465/2407 3567/1467/2409
f 3568/1468/2410 3567/1467/2409 3564/1465/2407
f 3567/1467/2409 3569/1469/2411 3563/1464/2406
f 3565/1466/2408 3563/1464/2406 3569/1469/2411
f 3567/1467/2409 3568/1468/2410 3570/1470/2412
f 3571/1471/2413 3570/1470/2412 3568/1468/2410
f 3572/1472/2414 3569/1469/2411 3570/1470/2412
f 3567/1467/2409 3570/1470/2412 3573/1469/2411
f 3574/1473/2415 3526/1428/2371 3539/1441/2384
f 3526/1428/2371 3574/1473/2415 3528/1430/2373
f 3575/1474/2416 3528/1430/2373 3574/1473/2415
f 3528/1430/2373 3575/1474/2416 3530/1432/2375
f 3576/1475/2417 3530/1432/2375 3575/1474/2416
f 3530/1432/2375 3576/1475/2417 3532/1434/2377
f 3577/1476/2418 3532/1434/2377 3576/1475/2417
f 3532/1434/2377 3577/1476/2418 3534/1436/2379
f 3578/1477/2419 3534/1436/2379 3577/1476/2418
f 3534/1436/2379 3578/1477/2419 3536/1438/2381
f 3579/1478/2420 3536/1438/2381 3578/1477/2419
f 3536/1438/2381 3580/1478/2420 3538/1440/2383
f 3581/1479/2421 3538/1440/2383 3580/1478/2420
f 3581/1479/2421 3582/1480/2422 3538/1440/2383
f 3583/1481/2423 3538/1440/2383 3582/1480/2422
f 3538/1440/2383 3583/1481/2423 3537/1439/2382
f 3584/1482/2424 3537/1439/2382 3583/1481/2423
f 3583/1481/2423 3585/1483/2425 3584/1482/2424
f 3586/1484/2426 3584/1482/2424 3585/1483/2425
f 3582/1480/2422 3587/1485/2427 3583/1481/2423
f 3585/1483/2425 3583/1481/2423 3587/1485/2427
f 3585/1483/2425 3588/1486/2428 3586/1484/2426
f 3589/1487/2429 3586/1484/2426 3588/1486/2428
f 3588/1486/2428 3585/1483/2425 3590/1488/2430
f 3587/1485/2427 3590/1488/2430 3585/1483/2425
f 3588/1486/2428 3591/1489/2431 3589/1487/2429
f 3592/1490/2432 3589/1487/2429 3591/1489/2431
f 3591/1489/2431 3588/1486/2428 3593/1491/2433
f 3590/1488/2430 3594/1491/2433 3588/1486/2428
f 3591/1489/2431 3595/1492/2434 3592/1490/2432
f 3596/1493/2435 3592/1490/2432 3595/1492/2434
f 3595/1492/2434 3591/1489/2431 3597/1494/2436
f 3593/1491/2433 3597/1494/2436 3591/1489/2431
f 3595/1492/2434 3598/1495/2437 3596/1493/2435
f 3599/1496/2438 3596/1493/2435 3598/1495/2437
f 3598/1495/2437 3595/1492/2434 3600/1497/2439
f 3601/1494/2436 3600/1497/2439 3595/1492/2434
f 3604/1400/2440 3603/1403/2441 3602/1402/2442
f 3603/1403/2441 3605/1405/2443 3602/1402/2442
f 3605/1405/2443 3606/1407/2444 3602/1402/2442
f 3606/1407/2444 3607/1409/2445 3602/1402/2442
f 3607/1409/2445 3608/1411/2446 3602/1402/2442
f 3608/1411/2446 3609/1413/2447 3602/1402/2442
f 3609/1413/2447 3610/1415/2448 3602/1402/2442
f 3610/1415/2448 3611/1417/2449 3602/1402/2442
f 3611/1417/2449 3612/1419/2450 3602/1402/2442
f 3612/1419/2450 3613/1421/2451 3602/1402/2442
f 3613/1421/2451 3614/1423/2452 3602/1402/2442
f 3614/1423/2452 3615/1425/2453 3602/1402/2442
f 3615/1425/2453 3616/1427/2454 3602/1402/2442
f 3616/1427/2454 3617/1429/2455 3602/1402/2442
f 3617/1429/2455 3618/1431/2456 3602/1402/2442
f 3618/1431/2456 3619/1433/2457 3602/1402/2442
f 3619/1433/2457 3620/1435/2458 3602/1402/2442
f 3620/1435/2458 3621/1437/2459 3602/1402/2442
f 3621/1437/2459 3622/1439/2460 3602/1402/2442
f 3622/1439/2460 3623/1482/2461 3602/1402/2442
f 3624/1456/2462 3602/1402/2442 3623/1482/2461
f 3624/1456/2462 3623/1482/2461 3625/1459/2463
f 3626/1484/2464 3625/1459/2463 3623/1482/2461
f 3626/1484/2464 3627/1487/2465 3625/1459/2463
f 3628/1462/2466 3625/1459/2463 3627/1487/2465
f 3627/1487/2465 3629/1490/2467 3628/1462/2466
f 3630/1465/2468 3628/1462/2466 3629/1490/2467
f 3629/1490/2467 3631/1493/2469 3630/1465/2468
f 3632/1468/2470 3630/1465/2468 3631/1493/2469
f 3631/1493/2469 3633/1496/2471 3632/1468/2470
f 3634/1471/2472 3632/1468/2470 3633/1496/2471
f 3637/1498/2473 3636/1437/2474 3635/1499/2475
f 3638/1500/2476 3635/1499/2475 3636/1437/2474
f 3636/1437/2474 3637/1498/2473 3639/1435/2477
f 3640/1501/2478 3639/1435/2477 3637/1498/2473
f 3639/1435/2477 3640/1501/2478 3641/1502/2479
f 3642/1434/2480 3641/1502/2479 3640/1501/2478
f 3641/1502/2479 3642/1434/2480 3643/1503/2481
f 3644/1432/2482 3643/1503/2481 3642/1434/2480
f 3643/1503/2481 3644/1432/2482 3645/1429/2483
f 3646/1430/2484 3645/1429/2483 3644/1432/2482
f 3645/1429/2483 3646/1430/2484 3647/1427/2485
f 3648/1428/2486 3647/1427/2485 3646/1430/2484
f 3647/1427/2485 3648/1428/2486 3649/1425/2487
f 3650/1504/2488 3649/1425/2487 3648/1428/2486
f 3649/1425/2487 3650/1504/2488 3651/1505/2489
f 3652/1424/2490 3651/1505/2489 3650/1504/2488
f 3651/1505/2489 3652/1424/2490 3653/1421/2491
f 3654/1422/2492 3653/1421/2491 3652/1424/2490
f 3653/1421/2491 3654/1422/2492 3655/1419/2493
f 3656/1506/2494 3655/1419/2493 3654/1422/2492
f 3655/1419/2493 3656/1506/2494 3657/1417/2495
f 3658/1418/2496 3657/1417/2495 3656/1506/2494
f 3657/1417/2495 3658/1418/2496 3659/1415/2497
f 3660/1416/2498 3659/1415/2497 3658/1418/2496
f 3659/1415/2497 3660/1416/2498 3661/1413/2499
f 3662/1507/2500 3661/1413/2499 3660/1416/2498
f 3661/1413/2499 3662/1507/2500 3663/1411/2501
f 3664/1412/2502 3663/1411/2501 3662/1507/2500
f 3663/1411/2501 3664/1412/2502 3665/1409/2503
f 3666/1410/2504 3665/1409/2503 3664/1412/2502
f 3665/1409/2503 3666/1410/2504 3667/1508/2505
f 3668/1408/2506 3667/1508/2505 3666/1410/2504
f 3667/1508/2505 3668/1408/2506 3669/1509/2507
f 3670/1406/2508 3669/1509/2507 3668/1408/2506
f 3669/1509/2507 3670/1406/2508 3671/1403/2509
f 3672/1404/2510 3671/1403/2509 3670/1406/2508
f 3671/1403/2509 3672/1404/2510 3673/1400/2511
f 3674/1510/2512 3673/1400/2511 3672/1404/2510
f 3673/1400/2511 3674/1510/2512 3675/1402/2513
f 3676/1401/2514 3675/1402/2513 3674/1510/2512
f 3662/1507/2500 3677/1447/2389 3664/1412/2502
f 3677/1447/2389 3662/1507/2500 3678/1446/2515
f 3660/1416/2498 3678/1446/2515 3662/1507/2500
f 3678/1446/2515 3660/1416/2498 3679/1445/2387
f 3658/1418/2496 3679/1445/2387 3660/1416/2498
f 3679/1445/2387 3658/1418/2496 3680/1444/2317
f 3656/1506/2494 3680/1444/2317 3658/1418/2496
f 3680/1444/2317 3656/1506/2494 3681/1443/2386
f 3654/1422/2492 3681/1443/2386 3656/1506/2494
f 3681/1443/2386 3654/1422/2492 3682/1442/2516
f 3652/1424/2490 3682/1442/2516 3654/1422/2492
f 3682/1442/2516 3652/1424/2490 3683/1441/2384
f 3650/1504/2488 3683/1441/2384 3652/1424/2490
f 3683/1441/2384 3650/1504/2488 3684/1473/2517
f 3648/1428/2486 3684/1473/2517 3650/1504/2488
f 3684/1473/2517 3648/1428/2486 3685/1474/2416
f 3646/1430/2484 3685/1474/2416 3648/1428/2486
f 3685/1474/2416 3646/1430/2484 3686/1475/2417
f 3644/1432/2482 3686/1475/2417 3646/1430/2484
f 3686/1475/2417 3644/1432/2482 3687/1476/2418
f 3642/1434/2480 3687/1476/2418 3644/1432/2482
f 3687/1476/2418 3642/1434/2480 3688/1477/2419
f 3640/1501/2478 3688/1477/2419 3642/1434/2480
f 3688/1477/2419 3640/1501/2478 3689/1478/2420
f 3637/1498/2473 3689/1478/2420 3640/1501/2478
f 3635/1499/2475 3690/1479/2421 3637/1498/2473
f 3691/1478/2420 3637/1498/2473 3690/1479/2421
f 3635/1499/2475 3692/1481/2518 3690/1479/2421
f 3692/1481/2518 3635/1499/2475 3693/1482/2519
f 3638/1500/2476 3693/1482/2519 3635/1499/2475
f 3694/1480/2422 3690/1479/2421 3692/1481/2518
f 3692/1481/2518 3693/1482/2519 3695/1483/2520
f 3696/1484/2521 3695/1483/2520 3693/1482/2519
f 3695/1483/2520 3697/1485/2427 3692/1481/2518
f 3694/1480/2422 3692/1481/2518 3697/1485/2427
f 3695/1483/2520 3696/1484/2521 3698/1486/2522
f 3699/1487/2523 3698/1486/2522 3696/1484/2521
f 3698/1486/2522 3700/1488/2430 3695/1483/2520
f 3697/1485/2427 3695/1483/2520 3700/1488/2430
f 3698/1486/2522 3699/1487/2523 3701/1489/2524
f 3702/1490/2525 3701/1489/2524 3699/1487/2523
f 3701/1489/2524 3703/1491/2433 3698/1486/2522
f 3700/1488/2430 3698/1486/2522 3704/1491/2433
f 3701/1489/2524 3702/1490/2525 3705/1492/2526
f 3706/1493/2527 3705/1492/2526 3702/1490/2525
f 3705/1492/2526 3707/1494/2436 3701/1489/2524
f 3703/1491/2433 3701/1489/2524 3707/1494/2436
f 3705/1492/2526 3706/1493/2527 3708/1495/2528
f 3709/1496/2529 3708/1495/2528 3706/1493/2527
f 3710/1497/2439 3707/1494/2436 3708/1495/2528
f 3705/1492/2526 3708/1495/2528 3711/1494/2436
f 3712/1448/2530 3664/1412/2502 3677/1447/2389
f 3664/1412/2502 3712/1448/2530 3666/1410/2504
f 3713/1449/2391 3666/1410/2504 3712/1448/2530
f 3666/1410/2504 3713/1449/2391 3668/1408/2506
f 3714/1450/2392 3668/1408/2506 3713/1449/2391
f 3668/1408/2506 3714/1450/2392 3670/1406/2508
f 3715/1451/2393 3670/1406/2508 3714/1450/2392
f 3670/1406/2508 3715/1451/2393 3672/1404/2510
f 3716/1452/2394 3672/1404/2510 3715/1451/2393
f 3672/1404/2510 3716/1452/2394 3674/1510/2512
f 3717/1453/2395 3674/1510/2512 3716/1452/2394
f 3674/1510/2512 3718/1453/2395 3676/1401/2514
f 3719/1454/2396 3676/1401/2514 3718/1453/2395
f 3719/1454/2396 3720/1457/2399 3676/1401/2514
f 3721/1455/2531 3676/1401/2514 3720/1457/2399
f 3676/1401/2514 3721/1455/2531 3675/1402/2513
f 3722/1456/2532 3675/1402/2513 3721/1455/2531
f 3721/1455/2531 3723/1458/2533 3722/1456/2532
f 3724/1459/2534 3722/1456/2532 3723/1458/2533
f 3720/1457/2399 3725/1460/2402 3721/1455/2531
f 3723/1458/2533 3721/1455/2531 3725/1460/2402
f 3723/1458/2533 3726/1461/2535 3724/1459/2534
f 3727/1462/2536 3724/1459/2534 3726/1461/2535
f 3726/1461/2535 3723/1458/2533 3728/1463/2405
f 3725/1460/2402 3728/1463/2405 3723/1458/2533
f 3726/1461/2535 3729/1464/2537 3727/1462/2536
f 3730/1465/2538 3727/1462/2536 3729/1464/2537
f 3729/1464/2537 3726/1461/2535 3731/1466/2408
f 3728/1463/2405 3732/1466/2408 3726/1461/2535
f 3729/1464/2537 3733/1467/2539 3730/1465/2538
f 3734/1468/2540 3730/1465/2538 3733/1467/2539
f 3733/1467/2539 3729/1464/2537 3735/1469/2411
f 3731/1466/2408 3735/1469/2411 3729/1464/2537
f 3733/1467/2539 3736/1470/2541 3734/1468/2540
f 3737/1471/2542 3734/1468/2540 3736/1470/2541
f 3736/1470/2541 3733/1467/2539 3738/1472/2414
f 3739/1469/2411 3738/1472/2414 3733/1467/2539
f 3742/1437/2543 3741/1435/2544 3740/1500/2545
f 3741/1435/2544 3743/1502/2546 3740/1500/2545
f 3743/1502/2546 3744/1503/2547 3740/1500/2545
f 3744/1503/2547 3745/1429/2548 3740/1500/2545
f 3745/1429/2548 3746/1427/2549 3740/1500/2545
f 3746/1427/2549 3747/1425/2550 3740/1500/2545
f 3747/1425/2550 3748/1505/2551 3740/1500/2545
f 3748/1505/2551 3749/1421/2552 3740/1500/2545
f 3749/1421/2552 3750/1419/2553 3740/1500/2545
f 3750/1419/2553 3751/1417/2554 3740/1500/2545
f 3751/1417/2554 3752/1415/2555 3740/1500/2545
f 3752/1415/2555 3753/1413/2556 3740/1500/2545
f 3753/1413/2556 3754/1411/2557 3740/1500/2545
f 3754/1411/2557 3755/1409/2558 3740/1500/2545
f 3755/1409/2558 3756/1508/2559 3740/1500/2545
f 3756/1508/2559 3757/1509/2560 3740/1500/2545
f 3757/1509/2560 3758/1403/2561 3740/1500/2545
f 3758/1403/2561 3759/1400/2562 3740/1500/2545
f 3759/1400/2562 3760/1402/2563 3740/1500/2545
f 3760/1402/2563 3761/1456/2564 3740/1500/2545
f 3762/1482/2565 3740/1500/2545 3761/1456/2564
f 3762/1482/2565 3761/1456/2564 3763/1484/2566
f 3764/1459/2567 3763/1484/2566 3761/1456/2564
f 3764/1459/2567 3765/1462/2568 3763/1484/2566
f 3766/1487/2569 3763/1484/2566 3765/1462/2568
f 3765/1462/2568 3767/1465/2570 3766/1487/2569
f 3768/1490/2571 3766/1487/2569 3767/1465/2570
f 3767/1465/2570 3769/1468/2572 3768/1490/2571
f 3770/1493/2573 3768/1490/2571 3769/1468/2572
f 3769/1468/2572 3771/1471/2574 3770/1493/2573
f 3772/1496/2575 3770/1493/2573 3771/1471/2574
f 3775/1399/2576 3774/1400/2577 3773/1401/2578
f 3776/1402/2579 3773/1401/2578 3774/1400/2577
f 3774/1400/2577 3775/1399/2576 3777/1403/2580
f 3778/1404/2581 3777/1403/2580 3775/1399/2576
f 3777/1403/2580 3778/1404/2581 3779/1405/2582
f 3780/1406/2583 3779/1405/2582 3778/1404/2581
f 3779/1405/2582 3780/1406/2583 3781/1407/2584
f 3782/1408/2585 3781/1407/2584 3780/1406/2583
f 3781/1407/2584 3782/1408/2585 3783/1409/2586
f 3784/1410/2587 3783/1409/2586 3782/1408/2585
f 3783/1409/2586 3784/1410/2587 3785/1411/2588
f 3786/1412/2589 3785/1411/2588 3784/1410/2587
f 3785/1411/2588 3786/1412/2589 3787/1413/2590
f 3788/1414/2591 3787/1413/2590 3786/1412/2589
f 3787/1413/2590 3788/1414/2591 3789/1415/2592
f 3790/1416/2593 3789/1415/2592 3788/1414/2591
f 3789/1415/2592 3790/1416/2593 3791/1417/2594
f 3792/1418/2595 3791/1417/2594 3790/1416/2593
f 3791/1417/2594 3792/1418/2595 3793/1419/2596
f 3794/1420/2597 3793/1419/2596 3792/1418/2595
f 3793/1419/2596 3794/1420/2597 3795/1421/2598
f 3796/1422/2599 3795/1421/2598 3794/1420/2597
f 3795/1421/2598 3796/1422/2599 3797/1423/2600
f 3798/1424/2601 3797/1423/2600 3796/1422/2599
f 3797/1423/2600 3798/1424/2601 3799/1425/2602
f 3800/1426/2603 3799/1425/2602 3798/1424/2601
f 3799/1425/2602 3800/1426/2603 3801/1427/2604
f 3802/1428/2605 3801/1427/2604 3800/1426/2603
f 3801/1427/2604 3802/1428/2605 3803/1429/2606
f 3804/1430/2607 3803/1429/2606 3802/1428/2605
f 3803/1429/2606 3804/1430/2607 3805/1431/2608
f 3806/1432/2609 3805/1431/2608 3804/1430/2607
f 3805/1431/2608 3806/1432/2609 3807/1433/2610
f 3808/1434/2611 3807/1433/2610 3806/1432/2609
f 3807/1433/2610 3808/1434/2611 3809/1435/2612
f 3810/1436/2613 3809/1435/2612 3808/1434/2611
f 3809/1435/2612 3810/1436/2613 3811/1437/2614
f 3812/1438/2615 3811/1437/2614 3810/1436/2613
f 3811/1437/2614 3812/1438/2615 3813/1439/2616
f 3814/1440/2617 3813/1439/2616 3812/1438/2615
f 3800/1426/2603 3815/1441/2618 3802/1428/2605
f 3815/1441/2618 3800/1426/2603 3816/1442/2619
f 3798/1424/2601 3816/1442/2619 3800/1426/2603
f 3816/1442/2619 3798/1424/2601 3817/1443/2620
f 3796/1422/2599 3817/1443/2620 3798/1424/2601
f 3817/1443/2620 3796/1422/2599 3818/1444/2327
f 3794/1420/2597 3818/1444/2327 3796/1422/2599
f 3818/1444/2327 3794/1420/2597 3819/1445/2621
f 3792/1418/2595 3819/1445/2621 3794/1420/2597
f 3819/1445/2621 3792/1418/2595 3820/1446/2622
f 3790/1416/2593 3820/1446/2622 3792/1418/2595
f 3820/1446/2622 3790/1416/2593 3821/1447/2623
f 3788/1414/2591 3821/1447/2623 3790/1416/2593
f 3821/1447/2623 3788/1414/2591 3822/1448/2624
f 3786/1412/2589 3822/1448/2624 3788/1414/2591
f 3822/1448/2624 3786/1412/2589 3823/1449/2625
f 3784/1410/2587 3823/1449/2625 3786/1412/2589
f 3823/1449/2625 3784/1410/2587 3824/1450/2626
f 3782/1408/2585 3824/1450/2626 3784/1410/2587
f 3824/1450/2626 3782/1408/2585 3825/1451/2627
f 3780/1406/2583 3825/1451/2627 3782/1408/2585
f 3825/1451/2627 3780/1406/2583 3826/1452/2628
f 3778/1404/2581 3826/1452/2628 3780/1406/2583
f 3826/1452/2628 3778/1404/2581 3827/1453/2629
f 3775/1399/2576 3827/1453/2629 3778/1404/2581
f 3773/1401/2578 3828/1454/2630 3775/1399/2576
f 3829/1453/2629 3775/1399/2576 3828/1454/2630
f 3773/1401/2578 3830/1455/2631 3828/1454/2630
f 3830/1455/2631 3773/1401/2578 3831/1456/2632
f 3776/1402/2579 3831/1456/2632 3773/1401/2578
f 3832/1457/2633 3828/1454/2630 3830/1455/2631
f 3830/1455/2631 3831/1456/2632 3833/1458/2634
f 3834/1459/2635 3833/1458/2634 3831/1456/2632
f 3833/1458/2634 3835/1460/2636 3830/1455/2631
f 3832/1457/2633 3830/1455/2631 3835/1460/2636
f 3833/1458/2634 3834/1459/2635 3836/1461/2637
f 3837/1462/2638 3836/1461/2637 3834/1459/2635
f 3836/1461/2637 3838/1463/2639 3833/1458/2634
f 3835/1460/2636 3833/1458/2634 3838/1463/2639
f 3836/1461/2637 3837/1462/2638 3839/1464/2640
f 3840/1465/2641 3839/1464/2640 3837/1462/2638
f 3839/1464/2640 3841/1466/2642 3836/1461/2637
f 3838/1463/2639 3836/1461/2637 3842/1466/2642
f 3839/1464/2640 3840/1465/2641 3843/1467/2643
f 3844/1468/2644 3843/1467/2643 3840/1465/2641
f 3843/1467/2643 3845/1469/2645 3839/1464/2640
f 3841/1466/2642 3839/1464/2640 3845/1469/2645
f 3843/1467/2643 3844/1468/2644 3846/1470/2646
f 3847/1471/2647 3846/1470/2646 3844/1468/2644
f 3848/1472/2648 3845/1469/2645 3846/1470/2646
f 3843/1467/2643 3846/1470/2646 3849/1469/2645
f 3850/1473/2649 3802/1428/2605 3815/1441/2618
f 3802/1428/2605 3850/1473/2649 3804/1430/2607
f 3851/1474/2650 3804/1430/2607 3850/1473/2649
f 3804/1430/2607 3851/1474/2650 3806/1432/2609
f 3852/1475/2651 3806/1432/2609 3851/1474/2650
f 3806/1432/2609 3852/1475/2651 3808/1434/2611
f 3853/1476/2652 3808/1434/2611 3852/1475/2651
f 3808/1434/2611 3853/1476/2652 3810/1436/2613
f 3854/1477/2653 3810/1436/2613 3853/1476/2652
f 3810/1436/2613 3854/1477/2653 3812/1438/2615
f 3855/1478/2654 3812/1438/2615 3854/1477/2653
f 3812/1438/2615 3856/1478/2654 3814/1440/2617
f 3857/1479/2655 3814/1440/2617 3856/1478/2654
f 3857/1479/2655 3858/1480/2656 3814/1440/2617
f 3859/1481/2657 3814/1440/2617 3858/1480/2656
f 3814/1440/2617 3859/1481/2657 3813/1439/2616
f 3860/1482/2658 3813/1439/2616 3859/1481/2657
f 3859/1481/2657 3861/1483/2659 3860/1482/2658
f 3862/1484/2660 3860/1482/2658 3861/1483/2659
f 3858/1480/2656 3863/1485/2661 3859/1481/2657
f 3861/1483/2659 3859/1481/2657 3863/1485/2661
f 3861/1483/2659 3864/1486/2662 3862/1484/2660
f 3865/1487/2663 3862/1484/2660 3864/1486/2662
f 3864/1486/2662 3861/1483/2659 3866/1488/2664
f 3863/1485/2661 3866/1488/2664 3861/1483/2659
f 3864/1486/2662 3867/1489/2665 3865/1487/2663
f 3868/1490/2666 3865/1487/2663 3867/1489/2665
f 3867/1489/2665 3864/1486/2662 3869/1491/2667
f 3866/1488/2664 3870/1491/2667 3864/1486/2662
f 3867/1489/2665 3871/1492/2668 3868/1490/2666
f 3872/1493/2669 3868/1490/2666 3871/1492/2668
f 3871/1492/2668 3867/1489/2665 3873/1494/2670
f 3869/1491/2667 3873/1494/2670 3867/1489/2665
f 3871/1492/2668 3874/1495/2671 3872/1493/2669
f 3875/1496/2672 3872/1493/2669 3874/1495/2671
f 3874/1495/2671 3871/1492/2668 3876/1497/2673
f 3877/1494/2670 3876/1497/2673 3871/1492/2668
f 3880/1400/2674 3879/1403/2675 3878/1402/2676
f 3879/1403/2675 3881/1405/2677 3878/1402/2676
f 3881/1405/2677 3882/1407/2678 3878/1402/2676
f 3882/1407/2678 3883/1409/2679 3878/1402/2676
f 3883/1409/2679 3884/1411/2680 3878/1402/2676
f 3884/1411/2680 3885/1413/2681 3878/1402/2676
f 3885/1413/2681 3886/1415/2682 3878/1402/2676
f 3886/1415/2682 3887/1417/2683 3878/1402/2676
f 3887/1417/2683 3888/1419/2684 3878/1402/2676
f 3888/1419/2684 3889/1421/2685 3878/1402/2676
f 3889/1421/2685 3890/1423/2686 3878/1402/2676
f 3890/1423/2686 3891/1425/2687 3878/1402/2676
f 3891/1425/2687 3892/1427/2688 3878/1402/2676
f 3892/1427/2688 3893/1429/2689 3878/1402/2676
f 3893/1429/2689 3894/1431/2690 3878/1402/2676
f 3894/1431/2690 3895/1433/2691 3878/1402/2676
f 3895/1433/2691 3896/1435/2692 3878/1402/2676
f 3896/1435/2692 3897/1437/2693 3878/1402/2676
f 3897/1437/2693 3898/1439/2694 3878/1402/2676
f 3898/1439/2694 3899/1482/2695 3878/1402/2676
f 3900/1456/2696 3878/1402/2676 3899/1482/2695
f 3900/1456/2696 3899/1482/2695 3901/1459/2697
f 3902/1484/2698 3901/1459/2697 3899/1482/2695
f 3902/1484/2698 3903/1487/2699 3901/1459/2697
f 3904/1462/2700 3901/1459/2697 3903/1487/2699
f 3903/1487/2699 3905/1490/2701 3904/1462/2700
f 3906/1465/2702 3904/1462/2700 3905/1490/2701
f 3905/1490/2701 3907/1493/2703 3906/1465/2702
f 3908/1468/2704 3906/1465/2702 3907/1493/2703
f 3907/1493/2703 3909/1496/2705 3908/1468/2704
f 3910/1471/2706 3908/1468/2704 3909/1496/2705
f 3913/1498/2707 3912/1437/2708 3911/1499/2709
f 3914/1500/2710 3911/1499/2709 3912/1437/2708
f 3912/1437/2708 3913/1498/2707 3915/1435/2711
f 3916/1501/2712 3915/1435/2711 3913/1498/2707
f 3915/1435/2711 3916/1501/2712 3917/1502/2713
f 3918/1434/2714 3917/1502/2713 3916/1501/2712
f 3917/1502/2713 3918/1434/2714 3919/1503/2715
f 3920/1432/2716 3919/1503/2715 3918/1434/2714
f 3919/1503/2715 3920/1432/2716 3921/1429/2717
f 3922/1430/2718 3921/1429/2717 3920/1432/2716
f 3921/1429/2717 3922/1430/2718 3923/1427/2719
f 3924/1428/2720 3923/1427/2719 3922/1430/2718
f 3923/1427/2719 3924/1428/2720 3925/1425/2721
f 3926/1504/2722 3925/1425/2721 3924/1428/2720
f 3925/1425/2721 3926/1504/2722 3927/1505/2723
f 3928/1424/2724 3927/1505/2723 3926/1504/2722
f 3927/1505/2723 3928/1424/2724 3929/1421/2725
f 3930/1422/2726 3929/1421/2725 3928/1424/2724
f 3929/1421/2725 3930/1422/2726 3931/1419/2727
f 3932/1506/2728 3931/1419/2727 3930/1422/2726
f 3931/1419/2727 3932/1506/2728 3933/1417/2729
f 3934/1418/2730 3933/1417/2729 3932/1506/2728
f 3933/1417/2729 3934/1418/2730 3935/1415/2731
f 3936/1416/2732 3935/1415/2731 3934/1418/2730
f 3935/1415/2731 3936/1416/2732 3937/1413/2733
f 3938/1507/2734 3937/1413/2733 3936/1416/2732
f 3937/1413/2733 3938/1507/2734 3939/1411/2735
f 3940/1412/2736 3939/1411/2735 3938/1507/2734
f 3939/1411/2735 3940/1412/2736 3941/1409/2737
f 3942/1410/2738 3941/1409/2737 3940/1412/2736
f 3941/1409/2737 3942/1410/2738 3943/1508/2739
f 3944/1408/2740 3943/1508/2739 3942/1410/2738
f 3943/1508/2739 3944/1408/2740 3945/1509/2741
f 3946/1406/2742 3945/1509/2741 3944/1408/2740
f 3945/1509/2741 3946/1406/2742 3947/1403/2743
f 3948/1404/2744 3947/1403/2743 3946/1406/2742
f 3947/1403/2743 3948/1404/2744 3949/1400/2745
f 3950/1510/2746 3949/1400/2745 3948/1404/2744
f 3949/1400/2745 3950/1510/2746 3951/1402/2747
f 3952/1401/2748 3951/1402/2747 3950/1510/2746
f 3938/1507/2734 3953/1447/2749 3940/1412/2736
f 3953/1447/2749 3938/1507/2734 3954/1446/2622
f 3936/1416/2732 3954/1446/2622 3938/1507/2734
f 3954/1446/2622 3936/1416/2732 3955/1445/2621
f 3934/1418/2730 3955/1445/2621 3936/1416/2732
f 3955/1445/2621 3934/1418/2730 3956/1444/2327
f 3932/1506/2728 3956/1444/2327 3934/1418/2730
f 3956/1444/2327 3932/1506/2728 3957/1443/2620
f 3930/1422/2726 3957/1443/2620 3932/1506/2728
f 3957/1443/2620 3930/1422/2726 3958/1442/2619
f 3928/1424/2724 3958/1442/2619 3930/1422/2726
f 3958/1442/2619 3928/1424/2724 3959/1441/2750
f 3926/1504/2722 3959/1441/2750 3928/1424/2724
f 3959/1441/2750 3926/1504/2722 3960/1473/2649
f 3924/1428/2720 3960/1473/2649 3926/1504/2722
f 3960/1473/2649 3924/1428/2720 3961/1474/2650
f 3922/1430/2718 3961/1474/2650 3924/1428/2720
f 3961/1474/2650 3922/1430/2718 3962/1475/2651
f 3920/1432/2716 3962/1475/2651 3922/1430/2718
f 3962/1475/2651 3920/1432/2716 3963/1476/2652
f 3918/1434/2714 3963/1476/2652 3920/1432/2716
f 3963/1476/2652 3918/1434/2714 3964/1477/2751
f 3916/1501/2712 3964/1477/2751 3918/1434/2714
f 3964/1477/2751 3916/1501/2712 3965/1478/2654
f 3913/1498/2707 3965/1478/2654 3916/1501/2712
f 3911/1499/2709 3966/1479/2655 3913/1498/2707
f 3967/1478/2654 3913/1498/2707 3966/1479/2655
f 3911/1499/2709 3968/1481/2752 3966/1479/2655
f 3968/1481/2752 3911/1499/2709 3969/1482/2753
f 3914/1500/2710 3969/1482/2753 3911/1499/2709
f 3970/1480/2656 3966/1479/2655 3968/1481/2752
f 3968/1481/2752 3969/1482/2753 3971/1483/2754
f 3972/1484/2755 3971/1483/2754 3969/1482/2753
f 3971/1483/2754 3973/1485/2661 3968/1481/2752
f 3970/1480/2656 3968/1481/2752 3973/1485/2661
f 3971/1483/2754 3972/1484/2755 3974/1486/2756
f 3975/1487/2757 3974/1486/2756 3972/1484/2755
f 3974/1486/2756 3976/1488/2664 3971/1483/2754
f 3973/1485/2661 3971/1483/2754 3976/1488/2664
f 3974/1486/2756 3975/1487/2757 3977/1489/2758
f 3978/1490/2759 3977/1489/2758 3975/1487/2757
f 3977/1489/2758 3979/1491/2667 3974/1486/2756
f 3976/1488/2664 3974/1486/2756 3980/1491/2667
f 3977/1489/2758 3978/1490/2759 3981/1492/2760
f 3982/1493/2761 3981/1492/2760 3978/1490/2759
f 3981/1492/2760 3983/1494/2670 3977/1489/2758
f 3979/1491/2667 3977/1489/2758 3983/1494/2670
f 3981/1492/2760 3982/1493/2761 3984/1495/2762
f 3985/1496/2763 3984/1495/2762 3982/1493/2761
f 3986/1497/2673 3983/1494/2670 3984/1495/2762
f 3981/1492/2760 3984/1495/2762 3987/1494/2670
f 3988/1448/2764 3940/1412/2736 3953/1447/2749
f 3940/1412/2736 3988/1448/2764 3942/1410/2738
f 3989/1449/2625 3942/1410/2738 3988/1448/2764
f 3942/1410/2738 3989/1449/2625 3944/1408/2740
f 3990/1450/2626 3944/1408/2740 3989/1449/2625
f 3944/1408/2740 3990/1450/2626 3946/1406/2742
f 3991/1451/2627 3946/1406/2742 3990/1450/2626
f 3946/1406/2742 3991/1451/2627 3948/1404/2744
f 3992/1452/2628 3948/1404/2744 3991/1451/2627
f 3948/1404/2744 3992/1452/2628 3950/1510/2746
f 3993/1453/2629 3950/1510/2746 3992/1452/2628
f 3950/1510/2746 3994/1453/2629 3952/1401/2748
f 3995/1454/2630 3952/1401/2748 3994/1453/2629
f 3995/1454/2630 3996/1457/2633 3952/1401/2748
f 3997/1455/2765 3952/1401/2748 3996/1457/2633
f 3952/1401/2748 3997/1455/2765 3951/1402/2747
f 3998/1456/2766 3951/1402/2747 3997/1455/2765
f 3997/1455/2765 3999/1458/2767 3998/1456/2766
f 4000/1459/2768 3998/1456/2766 3999/1458/2767
f 3996/1457/2633 4001/1460/2636 3997/1455/2765
f 3999/1458/2767 3997/1455/2765 4001/1460/2636
f 3999/1458/2767 4002/1461/2769 4000/1459/2768
f 4003/1462/2770 4000/1459/2768 4002/1461/2769
f 4002/1461/2769 3999/1458/2767 4004/1463/2639
f 4001/1460/2636 4004/1463/2639 3999/1458/2767
f 4002/1461/2769 4005/1464/2771 4003/1462/2770
f 4006/1465/2772 4003/1462/2770 4005/1464/2771
f 4005/1464/2771 4002/1461/2769 4007/1466/2642
f 4004/1463/2639 4008/1466/2642 4002/1461/2769
f 4005/1464/2771 4009/1467/2773 4006/1465/2772
f 4010/1468/2774 4006/1465/2772 4009/1467/2773
f 4009/1467/2773 4005/1464/2771 4011/1469/2645
f 4007/1466/2642 4011/1469/2645 4005/1464/2771
f 4009/1467/2773 4012/1470/2775 4010/1468/2774
f 4013/1471/2776 4010/1468/2774 4012/1470/2775
f 4012/1470/2775 4009/1467/2773 4014/1472/2648
f 4015/1469/2645 4014/1472/2648 4009/1467/2773
f 4018/1437/2777 4017/1435/2778 4016/1500/2779
f 4017/1435/2778 4019/1502/2780 4016/1500/2779
f 4019/1502/2780 4020/1503/2781 4016/1500/2779
f 4020/1503/2781 4021/1429/2782 4016/1500/2779
f 4021/1429/2782 4022/1427/2783 4016/1500/2779
f 4022/1427/2783 4023/1425/2784 4016/1500/2779
f 4023/1425/2784 4024/1505/2785 4016/1500/2779
f 4024/1505/2785 4025/1421/2786 4016/1500/2779
f 4025/1421/2786 4026/1419/2787 4016/1500/2779
f 4026/1419/2787 4027/1417/2788 4016/1500/2779
f 4027/1417/2788 4028/1415/2789 4016/1500/2779
f 4028/1415/2789 4029/1413/2790 4016/1500/2779
f 4029/1413/2790 4030/1411/2791 4016/1500/2779
f 4030/1411/2791 4031/1409/2792 4016/1500/2779
f 4031/1409/2792 4032/1508/2793 4016/1500/2779
f 4032/1508/2793 4033/1509/2794 4016/1500/2779
f 4033/1509/2794 4034/1403/2795 4016/1500/2779
f 4034/1403/2795 4035/1400/2796 4016/1500/2779
f 4035/1400/2796 4036/1402/2797 4016/1500/2779
f 4036/1402/2797 4037/1456/2798 4016/1500/2779
f 4038/1482/2799 4016/1500/2779 4037/1456/2798
f 4038/1482/2799 4037/1456/2798 4039/1484/2800
f 4040/1459/2801 4039/1484/2800 4037/1456/2798
f 4040/1459/2801 4041/1462/2802 4039/1484/2800
f 4042/1487/2803 4039/1484/2800 4041/1462/2802
f 4041/1462/2802 4043/1465/2804 4042/1487/2803
f 4044/1490/2805 4042/1487/2803 4043/1465/2804
f 4043/1465/2804 4045/1468/2806 4044/1490/2805
f 4046/1493/2807 4044/1490/2805 4045/1468/2806
f 4045/1468/2806 4047/1471/2808 4046/1493/2807
f 4048/1496/2809 4046/1493/2807 4047/1471/2808
