# Blender 3.6.14
# www.blender.org
mtllib Airplane9.mtl
o Airplane9
v -0.000308 -0.081360 1.254804
v -0.004013 -0.062499 1.249620
v -0.000308 -0.062129 1.249620
v -0.007576 -0.063593 1.249620
v -0.010860 -0.065370 1.249620
v -0.013738 -0.067762 1.249620
v -0.016099 -0.070676 1.249620
v -0.017855 -0.074001 1.249620
v -0.018935 -0.077608 1.249620
v -0.019300 -0.081360 1.249620
v -0.018935 -0.085111 1.249620
v -0.017855 -0.088719 1.249620
v -0.016099 -0.092044 1.249620
v -0.013738 -0.094958 1.249620
v -0.010860 -0.097349 1.249620
v -0.007576 -0.099126 1.249620
v -0.004013 -0.100221 1.249620
v -0.007588 -0.044304 1.236841
v -0.014587 -0.046454 1.236841
v -0.106877 0.179149 0.916224
v -0.054637 0.195195 0.916224
v -0.143058 0.267593 0.690430
v -0.073082 0.289086 0.690430
v -0.000308 0.200613 0.916224
v -0.000308 0.296344 0.690430
v -0.207549 0.232689 0.690430
v -0.155023 0.153092 0.916223
v -0.264076 0.185717 0.690430
v -0.197222 0.118025 0.916223
v -0.310466 0.128481 0.690430
v -0.231855 0.075296 0.916223
v -0.344937 0.063181 0.690430
v -0.257589 0.026546 0.916224
v -0.366165 -0.007673 0.690430
v -0.273436 -0.026350 0.916224
v -0.373332 -0.081360 0.690430
v -0.278787 -0.081360 0.916224
v -0.366164 -0.155046 0.690430
v -0.273436 -0.136370 0.916224
v -0.344937 -0.225901 0.690430
v -0.257589 -0.189266 0.916224
v -0.310466 -0.291201 0.690430
v -0.231855 -0.238015 0.916224
v -0.264076 -0.348436 0.690430
v -0.197222 -0.280744 0.916224
v -0.207549 -0.395409 0.690430
v -0.155023 -0.315811 0.916224
v -0.143058 -0.430312 0.690430
v -0.106877 -0.341868 0.916224
v -0.073081 -0.451806 0.690430
v -0.054636 -0.357914 0.916224
v -0.000308 -0.459063 0.690430
v -0.000308 -0.363332 0.916224
v -0.403928 -0.248545 0.494251
v -0.428789 -0.166590 0.494251
v -0.437183 -0.081360 0.494251
v -0.428789 0.003870 0.494251
v -0.403928 0.085825 0.494251
v -0.363556 0.161355 0.494251
v -0.309225 0.227558 0.494251
v -0.243023 0.281889 0.494251
v -0.167493 0.322260 0.494251
v -0.085538 0.347121 0.494251
v -0.000308 0.355515 0.494251
v -0.000308 0.363775 0.414129
v -0.087249 0.355721 0.409193
v -0.171428 0.331760 0.394510
v -0.178492 0.328236 0.392350
v -0.250574 0.293189 0.362418
v -0.306150 0.252223 0.327430
v -0.322370 0.240702 0.313940
v -0.374492 0.187302 0.251417
v -0.385960 0.176227 0.233344
v -0.428789 0.096123 0.233237
v -0.455181 0.009120 0.233237
v -0.464092 -0.081360 0.233237
v -0.455181 -0.171839 0.233237
v -0.428788 -0.258842 0.233237
v -0.385930 -0.339024 0.233237
v -0.363556 -0.324074 0.494251
v -0.309225 -0.390277 0.494251
v -0.243022 -0.444608 0.494251
v -0.167492 -0.484980 0.494251
v -0.085538 -0.509840 0.494251
v -0.000308 -0.518234 0.494251
v -0.328253 -0.409304 0.233237
v -0.257972 -0.466982 0.233237
v -0.177790 -0.509840 0.233237
v -0.090787 -0.536232 0.233237
v -0.000308 -0.545144 0.233237
v -0.263020 -0.474537 -0.061974
v -0.334678 -0.415729 -0.061974
v -0.393485 -0.344072 -0.061974
v -0.437183 -0.262319 -0.061974
v -0.464092 -0.173612 -0.061974
v -0.473178 -0.081360 -0.061974
v -0.464092 0.010893 -0.061974
v -0.181267 -0.518235 -0.061974
v -0.092560 -0.545144 -0.061974
v -0.000308 -0.554230 -0.061974
v -0.464092 -0.081360 -0.351530
v -0.455181 0.009120 -0.351530
v -0.445493 0.065638 -0.123024
v -0.446028 0.070443 -0.061974
v -0.439862 0.073481 -0.222679
v -0.429641 0.096667 -0.319257
v -0.428789 0.096123 -0.351530
v -0.421411 0.109927 -0.351530
v -0.090788 -0.536232 -0.351530
v -0.177790 -0.509840 -0.351530
v -0.000308 -0.545144 -0.351530
v -0.403928 0.085825 -0.578910
v -0.399864 0.135071 -0.412234
v -0.374557 0.168705 -0.467120
v -0.363557 0.161355 -0.578910
v -0.354672 0.187301 -0.497466
v -0.311841 0.230172 -0.547662
v -0.309226 0.227558 -0.578910
v -0.280181 0.252222 -0.573479
v -0.271423 0.258581 -0.578910
v -0.428789 0.003870 -0.578910
v -0.437183 -0.081360 -0.578910
v -0.428789 -0.166590 -0.578910
v -0.455181 -0.171840 -0.351530
v -0.428789 -0.258842 -0.351530
v -0.385930 -0.339024 -0.351530
v -0.328253 -0.409305 -0.351530
v -0.257972 -0.466982 -0.351530
v -0.403928 -0.248544 -0.578910
v -0.363556 -0.324074 -0.578910
v -0.309225 -0.390277 -0.578910
v -0.243023 -0.444608 -0.578910
v -0.167493 -0.484980 -0.578910
v -0.085538 -0.509840 -0.578910
v -0.000308 -0.518235 -0.578910
v -0.327223 -0.299797 -0.772233
v -0.363556 -0.231822 -0.772233
v -0.385931 -0.158065 -0.772233
v -0.393485 -0.081360 -0.772233
v -0.385931 -0.004655 -0.772233
v -0.363557 0.069103 -0.772233
v -0.327223 0.137078 -0.772233
v -0.278327 0.196658 -0.772233
v -0.218746 0.245555 -0.772233
v -0.240869 0.278665 -0.596063
v -0.163501 0.312622 -0.625065
v -0.150771 0.281889 -0.772233
v -0.186074 0.196658 -0.926514
v -0.128266 0.227557 -0.926514
v -0.077014 0.304263 -0.772233
v -0.065541 0.246585 -0.926514
v -0.000308 0.311817 -0.772233
v -0.000308 0.340385 -0.645846
v -0.082780 0.333251 -0.641474
v -0.000309 0.253010 -0.926514
v -0.236743 0.155075 -0.926514
v -0.278327 0.104406 -0.926514
v -0.309226 0.046598 -0.926514
v -0.328253 -0.016127 -0.926514
v -0.334678 -0.081360 -0.926514
v -0.328253 -0.146592 -0.926514
v -0.309225 -0.209317 -0.926514
v -0.278326 -0.267126 -0.926514
v -0.236743 -0.317795 -0.926514
v -0.278326 -0.359378 -0.772233
v -0.218746 -0.408275 -0.772233
v -0.150770 -0.444608 -0.772233
v -0.077013 -0.466982 -0.772233
v -0.000308 -0.474537 -0.772233
v -0.186074 -0.359378 -0.926514
v -0.128266 -0.390277 -0.926514
v -0.065540 -0.409304 -0.926514
v -0.000308 -0.415729 -0.926514
v -0.146263 -0.299797 -1.053129
v -0.186074 -0.267126 -1.053129
v -0.218746 -0.227315 -1.053129
v -0.243023 -0.181895 -1.053129
v -0.257973 -0.132612 -1.053129
v -0.263021 -0.081360 -1.053129
v -0.257973 -0.030107 -1.053129
v -0.243023 0.019176 -1.053129
v -0.218746 0.064596 -1.053129
v -0.186074 0.104406 -1.053129
v -0.146264 0.137078 -1.053129
v -0.100844 0.161355 -1.053129
v -0.051561 0.176305 -1.053129
v -0.000309 0.181353 -1.053129
v -0.069559 0.085825 -1.147212
v -0.035612 0.096123 -1.147212
v -0.000309 0.181353 -1.053129
v -0.000309 0.099600 -1.147212
v -0.100844 0.069103 -1.147212
v -0.128266 0.046598 -1.147212
v -0.150771 0.019176 -1.147212
v -0.167493 -0.012110 -1.147212
v -0.177791 -0.046056 -1.147212
v -0.181268 -0.081360 -1.147212
v -0.177791 -0.116663 -1.147212
v -0.167493 -0.150610 -1.147212
v -0.150771 -0.181895 -1.147212
v -0.128266 -0.209317 -1.147212
v -0.100844 -0.231822 -1.147212
v -0.069558 -0.248544 -1.147212
v -0.100844 -0.324074 -1.053129
v -0.051561 -0.339024 -1.053129
v -0.000308 -0.344072 -1.053129
v -0.035612 -0.258842 -1.147212
v -0.000308 -0.262319 -1.147212
v -0.065541 -0.146592 -1.205148
v -0.077013 -0.132612 -1.205148
v -0.085538 -0.116663 -1.205148
v -0.090788 -0.099357 -1.205148
v -0.092561 -0.081360 -1.205148
v -0.090788 -0.063362 -1.205148
v -0.085538 -0.046056 -1.205148
v -0.077013 -0.030107 -1.205148
v -0.065541 -0.016128 -1.205148
v -0.051561 -0.004655 -1.205148
v -0.035612 0.003870 -1.205148
v -0.018306 0.009120 -1.205148
v -0.000309 0.099600 -1.147212
v -0.000309 0.010893 -1.205148
v -0.000308 -0.100590 1.249620
v -0.000308 -0.119141 1.236841
v -0.007588 -0.118416 1.236841
v -0.000308 -0.363332 0.916224
v -0.014587 -0.116266 1.236841
v -0.021038 -0.112774 1.236841
v -0.026693 -0.108075 1.236841
v -0.031333 -0.102350 1.236841
v -0.034781 -0.095818 1.236841
v -0.036905 -0.088731 1.236841
v -0.037622 -0.081360 1.236841
v -0.036905 -0.073989 1.236841
v -0.034781 -0.066901 1.236841
v -0.031333 -0.060369 1.236841
v -0.026693 -0.054644 1.236841
v -0.021038 -0.049945 1.236841
v -0.000308 -0.081360 1.254804
v 0.003397 -0.100221 1.249620
v -0.000308 -0.100590 1.249620
v 0.006960 -0.099126 1.249620
v 0.010243 -0.097349 1.249620
v 0.013121 -0.094958 1.249620
v 0.015483 -0.092044 1.249620
v 0.017238 -0.088719 1.249620
v 0.018319 -0.085111 1.249620
v 0.018684 -0.081360 1.249620
v 0.018319 -0.077608 1.249620
v 0.017238 -0.074001 1.249620
v 0.015483 -0.070676 1.249620
v 0.013121 -0.067762 1.249620
v 0.010243 -0.065370 1.249620
v 0.006960 -0.063593 1.249620
v 0.003397 -0.062499 1.249620
v 0.006972 -0.118416 1.236841
v 0.013971 -0.116266 1.236841
v 0.106262 -0.341868 0.916224
v 0.054021 -0.357914 0.916224
v 0.142443 -0.430312 0.690430
v 0.072466 -0.451806 0.690430
v -0.000308 -0.363332 0.916224
v -0.000308 -0.459063 0.690430
v 0.206934 -0.395408 0.690430
v 0.154407 -0.315811 0.916224
v 0.263460 -0.348436 0.690430
v 0.196607 -0.280744 0.916224
v 0.309851 -0.291200 0.690430
v 0.231239 -0.238015 0.916224
v 0.344321 -0.225900 0.690430
v 0.256973 -0.189266 0.916224
v 0.365549 -0.155046 0.690430
v 0.272820 -0.136370 0.916224
v 0.372716 -0.081359 0.690430
v 0.278171 -0.081359 0.916224
v 0.365548 -0.007673 0.690430
v 0.272820 -0.026349 0.916224
v 0.344321 0.063182 0.690430
v 0.256973 0.026547 0.916224
v 0.309850 0.128481 0.690430
v 0.231239 0.075296 0.916224
v 0.263459 0.185717 0.690430
v 0.196606 0.118025 0.916224
v 0.206932 0.232689 0.690430
v 0.154406 0.153092 0.916224
v 0.142441 0.267593 0.690430
v 0.106261 0.179149 0.916224
v 0.072464 0.289086 0.690430
v 0.054020 0.195195 0.916224
v -0.000308 0.296344 0.690430
v -0.000308 0.200613 0.916224
v 0.403311 0.085826 0.494251
v 0.428172 0.003871 0.494251
v 0.436567 -0.081359 0.494251
v 0.428172 -0.166589 0.494251
v 0.403312 -0.248544 0.494251
v 0.362940 -0.324074 0.494251
v 0.308609 -0.390277 0.494251
v 0.242407 -0.444608 0.494251
v 0.166877 -0.484979 0.494251
v 0.084922 -0.509840 0.494251
v -0.000308 -0.518234 0.494251
v 0.090172 -0.536232 0.233237
v -0.000308 -0.545144 0.233237
v 0.177175 -0.509840 0.233237
v 0.257357 -0.466982 0.233237
v 0.327637 -0.409304 0.233237
v 0.385314 -0.339024 0.233237
v 0.428173 -0.258842 0.233237
v 0.454564 -0.171839 0.233237
v 0.463476 -0.081359 0.233237
v 0.454564 0.009121 0.233237
v 0.428172 0.096123 0.233237
v 0.362939 0.161356 0.494251
v 0.308608 0.227558 0.494251
v 0.242406 0.281889 0.494251
v 0.166876 0.322260 0.494251
v 0.084921 0.347121 0.494251
v -0.000308 0.355515 0.494251
v 0.385343 0.176227 0.233344
v 0.373876 0.187302 0.251417
v 0.321753 0.240702 0.313941
v 0.305533 0.252223 0.327430
v 0.249957 0.293190 0.362418
v 0.177875 0.328235 0.392350
v 0.170811 0.331760 0.394510
v 0.086632 0.355721 0.409193
v -0.000308 0.363775 0.414129
v 0.170042 0.333409 0.382446
v 0.242897 0.296493 0.353804
v 0.249957 0.293190 0.362418
v 0.304788 0.250187 0.312799
v 0.305533 0.252223 0.327430
v 0.321753 0.240702 0.313941
v 0.368893 0.185138 0.234518
v 0.373876 0.187302 0.251417
v 0.385343 0.176227 0.233344
v 0.398118 0.141241 0.161707
v 0.409682 0.135071 0.166185
v 0.420627 0.103161 0.071147
v 0.432626 0.097968 0.076610
v 0.433064 0.096817 0.073831
v 0.430743 0.079212 -0.025182
v 0.443254 0.073481 -0.023369
v 0.432839 0.075584 -0.062950
v 0.445411 0.070443 -0.061974
v 0.432319 0.071361 -0.123627
v 0.444877 0.065638 -0.123024
v 0.426847 0.078957 -0.221442
v 0.439245 0.073481 -0.222679
v 0.416914 0.101973 -0.316979
v 0.429024 0.096667 -0.319259
v 0.408916 0.114843 -0.349270
v 0.420794 0.109926 -0.351530
v 0.387978 0.139998 -0.408988
v 0.399247 0.135071 -0.412234
v 0.363383 0.173146 -0.463517
v 0.373939 0.168705 -0.467121
v 0.344060 0.191691 -0.492504
v 0.354055 0.187301 -0.497466
v 0.302436 0.234800 -0.542027
v 0.311223 0.230173 -0.547663
v 0.269445 0.257863 -0.567462
v 0.279564 0.252222 -0.573479
v 0.270806 0.258581 -0.578911
v 0.235294 0.281395 -0.586613
v 0.240251 0.278665 -0.596063
v 0.158852 0.313963 -0.614811
v 0.162883 0.312622 -0.625065
v 0.088913 0.327278 -0.628388
v 0.101083 0.328234 -0.638399
v 0.082162 0.333251 -0.641474
v -0.000308 0.336649 -0.634127
v -0.000308 0.340385 -0.645846
v -0.000308 -0.062129 1.249620
v 0.006971 -0.044304 1.236841
v 0.013971 -0.046454 1.236841
v 0.020422 -0.049945 1.236841
v 0.026077 -0.054644 1.236841
v 0.030717 -0.060369 1.236841
v 0.034165 -0.066901 1.236841
v 0.036289 -0.073989 1.236841
v 0.037006 -0.081360 1.236841
v 0.036289 -0.088731 1.236841
v 0.034165 -0.095818 1.236841
v 0.030717 -0.102350 1.236841
v 0.026077 -0.108075 1.236841
v 0.020422 -0.112774 1.236841
v -0.410299 0.135072 0.166185
v -0.433243 0.097968 0.076608
v -0.433680 0.096817 0.073831
v -0.443870 0.073481 -0.023369
v 0.091945 -0.545143 -0.061974
v -0.000308 -0.554230 -0.061974
v 0.180652 -0.518234 -0.061974
v 0.262405 -0.474536 -0.061974
v 0.334062 -0.415729 -0.061974
v 0.392869 -0.344072 -0.061974
v 0.436567 -0.262319 -0.061974
v 0.463476 -0.173612 -0.061974
v 0.472562 -0.081359 -0.061974
v 0.463475 0.010893 -0.061974
v 0.443254 0.073481 -0.023369
v 0.445411 0.070443 -0.061974
v 0.433064 0.096817 0.073831
v 0.432626 0.097968 0.076610
v 0.409682 0.135071 0.166185
v 0.454564 -0.171839 -0.351530
v 0.428172 -0.258842 -0.351530
v 0.463476 -0.081359 -0.351530
v 0.454564 0.009121 -0.351530
v 0.439245 0.073481 -0.222679
v 0.428172 0.096123 -0.351530
v 0.429024 0.096667 -0.319259
v 0.444877 0.065638 -0.123024
v 0.420794 0.109926 -0.351530
v 0.428172 -0.166589 -0.578911
v 0.403312 -0.248544 -0.578911
v 0.385314 -0.339024 -0.351530
v 0.327637 -0.409304 -0.351530
v 0.257357 -0.466982 -0.351530
v 0.177175 -0.509840 -0.351530
v 0.090172 -0.536232 -0.351530
v -0.000308 -0.545144 -0.351530
v 0.084922 -0.509840 -0.578910
v -0.000308 -0.518235 -0.578910
v 0.166877 -0.484979 -0.578910
v 0.242407 -0.444608 -0.578910
v 0.308609 -0.390277 -0.578911
v 0.362940 -0.324074 -0.578911
v 0.076397 -0.466982 -0.772233
v -0.000308 -0.474537 -0.772233
v 0.150154 -0.444608 -0.772233
v 0.218130 -0.408274 -0.772233
v 0.277710 -0.359378 -0.772233
v 0.326607 -0.299797 -0.772233
v 0.362940 -0.231822 -0.772233
v 0.385314 -0.158064 -0.772233
v 0.392869 -0.081359 -0.772233
v 0.436567 -0.081359 -0.578911
v 0.428172 0.003871 -0.578911
v 0.403311 0.085826 -0.578911
v 0.399247 0.135071 -0.412234
v 0.362939 0.161356 -0.578911
v 0.373939 0.168705 -0.467121
v 0.354055 0.187301 -0.497466
v 0.308608 0.227558 -0.578911
v 0.311223 0.230173 -0.547663
v 0.279564 0.252222 -0.573479
v 0.270806 0.258581 -0.578911
v 0.385314 -0.004654 -0.772233
v 0.362940 0.069103 -0.772233
v 0.326606 0.137078 -0.772233
v 0.277709 0.196659 -0.772233
v 0.218128 0.245555 -0.772233
v 0.240251 0.278665 -0.596063
v 0.327636 -0.016127 -0.926514
v 0.334061 -0.081359 -0.926514
v 0.327636 -0.146592 -0.926514
v 0.308609 -0.209317 -0.926514
v 0.277710 -0.267125 -0.926514
v 0.236127 -0.317794 -0.926514
v 0.185458 -0.359378 -0.926514
v 0.127650 -0.390277 -0.926514
v 0.064924 -0.409304 -0.926514
v -0.000308 -0.415729 -0.926514
v 0.050945 -0.339024 -1.053129
v -0.000308 -0.344072 -1.053129
v 0.100228 -0.324074 -1.053129
v 0.145647 -0.299797 -1.053129
v 0.185458 -0.267125 -1.053129
v 0.218129 -0.227315 -1.053129
v 0.242406 -0.181895 -1.053129
v 0.257356 -0.132612 -1.053129
v 0.262404 -0.081359 -1.053129
v 0.257356 -0.030107 -1.053129
v 0.242406 0.019176 -1.053129
v 0.308609 0.046598 -0.926514
v 0.277709 0.104406 -0.926514
v 0.236126 0.155076 -0.926514
v 0.185457 0.196659 -0.926514
v 0.127649 0.227558 -0.926514
v 0.150153 0.281889 -0.772233
v 0.064923 0.246585 -0.926514
v 0.076396 0.304263 -0.772233
v 0.101083 0.328234 -0.638399
v 0.162883 0.312622 -0.625065
v -0.000309 0.253010 -0.926514
v -0.000308 0.311817 -0.772233
v 0.185457 0.104406 -1.053129
v 0.218129 0.064596 -1.053129
v 0.100227 0.161355 -1.053129
v 0.145646 0.137078 -1.053129
v -0.000309 0.181353 -1.053129
v 0.050944 0.176305 -1.053129
v 0.150154 0.019176 -1.147212
v 0.166876 -0.012109 -1.147212
v 0.177174 -0.046056 -1.147212
v 0.180651 -0.081359 -1.147212
v 0.177174 -0.116663 -1.147212
v 0.166876 -0.150610 -1.147212
v 0.150154 -0.181895 -1.147212
v 0.127649 -0.209317 -1.147212
v 0.100227 -0.231822 -1.147212
v 0.068942 -0.248544 -1.147212
v 0.034995 -0.258842 -1.147212
v -0.000308 -0.262319 -1.147212
v 0.017689 -0.171839 -1.205148
v -0.000308 -0.173612 -1.205148
v 0.034995 -0.166590 -1.205148
v 0.050944 -0.158065 -1.205148
v 0.064924 -0.146592 -1.205148
v 0.076397 -0.132612 -1.205148
v 0.084922 -0.116663 -1.205148
v 0.090171 -0.099357 -1.205148
v 0.091944 -0.081360 -1.205148
v 0.090171 -0.063362 -1.205148
v 0.084921 -0.046056 -1.205148
v 0.076396 -0.030107 -1.205148
v 0.064924 -0.016127 -1.205148
v 0.127649 0.046598 -1.147212
v 0.100227 0.069103 -1.147212
v 0.068941 0.085825 -1.147212
v 0.034995 0.096123 -1.147212
v -0.000309 0.099600 -1.147212
v 0.050944 -0.004655 -1.205148
v 0.034995 0.003870 -1.205148
v 0.017689 0.009120 -1.205148
v -0.000309 0.010893 -1.205148
v -0.000309 0.099600 -1.147212
v -0.000309 0.181353 -1.053129
v 0.101083 0.328234 -0.638399
v 0.082162 0.333251 -0.641474
v -0.000308 0.340385 -0.645846
v -0.051561 -0.158065 -1.205148
v -0.035612 -0.166590 -1.205148
v -0.018306 -0.171839 -1.205148
v -0.000308 -0.173612 -1.205148
v -0.000308 -0.081360 -1.224711
v -0.000309 0.010893 -1.205148
v -0.018306 0.009120 -1.205148
v -0.000308 -0.081360 -1.224711
v -0.018306 0.009120 -1.205148
v -0.035612 0.003870 -1.205148
v -0.051561 -0.004655 -1.205148
v -0.065541 -0.016128 -1.205148
v -0.077013 -0.030107 -1.205148
v -0.085538 -0.046056 -1.205148
v -0.090788 -0.063362 -1.205148
v -0.092561 -0.081360 -1.205148
v -0.090788 -0.099357 -1.205148
v -0.085538 -0.116663 -1.205148
v -0.077013 -0.132612 -1.205148
v -0.065541 -0.146592 -1.205148
v -0.051561 -0.158065 -1.205148
v -0.035612 -0.166590 -1.205148
v -0.018306 -0.171839 -1.205148
v -0.000308 -0.173612 -1.205148
v 0.017689 -0.171839 -1.205148
v 0.034995 -0.166590 -1.205148
v 0.050944 -0.158065 -1.205148
v 0.064924 -0.146592 -1.205148
v 0.076397 -0.132612 -1.205148
v 0.084922 -0.116663 -1.205148
v 0.090171 -0.099357 -1.205148
v 0.091944 -0.081360 -1.205148
v 0.090171 -0.063362 -1.205148
v 0.084921 -0.046056 -1.205148
v 0.076396 -0.030107 -1.205148
v 0.064924 -0.016127 -1.205148
v 0.050944 -0.004655 -1.205148
v 0.034995 0.003870 -1.205148
v 0.017689 0.009120 -1.205148
v -0.000309 0.010893 -1.205148
v -0.101700 0.328234 -0.638399
v -0.101700 0.328234 -0.638399
v -0.000308 0.340385 -0.645846
v -0.089555 0.327278 -0.628388
v -0.082780 0.333251 -0.641474
v -0.000308 0.336649 -0.634127
v -0.101700 0.328234 -0.638399
v -0.161450 0.313962 -0.614156
v -0.163501 0.312622 -0.625065
v -0.235876 0.281395 -0.586630
v -0.240869 0.278665 -0.596063
v -0.268031 0.257863 -0.568786
v -0.271423 0.258581 -0.578910
v -0.280181 0.252222 -0.573479
v -0.303053 0.234800 -0.542026
v -0.311841 0.230172 -0.547662
v -0.344676 0.191691 -0.492504
v -0.354672 0.187301 -0.497466
v -0.364001 0.173146 -0.463516
v -0.374557 0.168705 -0.467120
v -0.388594 0.139998 -0.408988
v -0.399864 0.135071 -0.412234
v -0.409533 0.114844 -0.349270
v -0.421411 0.109927 -0.351530
v -0.417531 0.101973 -0.316978
v -0.429641 0.096667 -0.319257
v -0.427464 0.078957 -0.221442
v -0.439862 0.073481 -0.222679
v -0.432936 0.071361 -0.123627
v -0.445493 0.065638 -0.123024
v -0.433456 0.075585 -0.062950
v -0.446028 0.070443 -0.061974
v -0.431359 0.079212 -0.025182
v -0.443870 0.073481 -0.023369
v -0.421244 0.103161 0.071146
v -0.433680 0.096817 0.073831
v -0.433243 0.097968 0.076608
v -0.398735 0.141241 0.161707
v -0.410299 0.135072 0.166185
v -0.369510 0.185138 0.234518
v -0.385960 0.176227 0.233344
v -0.374492 0.187302 0.251417
v -0.305404 0.250187 0.312799
v -0.322370 0.240702 0.313940
v -0.306150 0.252223 0.327430
v -0.243515 0.296493 0.353803
v -0.250574 0.293189 0.362418
v -0.170627 0.333409 0.381120
v -0.171428 0.331760 0.394510
v -0.084797 0.351552 0.397028
v -0.087249 0.355721 0.409193
v -0.000308 0.359379 0.399806
v -0.000308 0.363775 0.414129
v -0.000308 0.363775 0.414129
v 0.084179 0.351552 0.397028
v 0.086632 0.355721 0.409193
v -0.000308 0.359379 0.399806
v -0.000308 0.336649 -0.634127
v -0.089555 -0.140049 -0.628388
v -0.089555 0.327278 -0.628388
v -0.000308 -0.140049 -0.634127
v -0.161450 -0.140049 -0.614157
v -0.161450 0.313962 -0.614156
v -0.235876 -0.140049 -0.586630
v -0.235876 0.281395 -0.586630
v -0.268031 -0.140049 -0.568786
v -0.268031 0.257863 -0.568786
v -0.303053 -0.140049 -0.542026
v -0.303053 0.234800 -0.542026
v -0.344676 -0.140049 -0.492504
v -0.344676 0.191691 -0.492504
v -0.364000 -0.140049 -0.463516
v -0.364001 0.173146 -0.463516
v -0.388594 -0.140049 -0.408988
v -0.388594 0.139998 -0.408988
v -0.409533 -0.140049 -0.349270
v -0.409533 0.114844 -0.349270
v -0.417531 -0.140049 -0.316978
v -0.417531 0.101973 -0.316978
v -0.427464 -0.140049 -0.221442
v -0.427464 0.078957 -0.221442
v -0.432936 -0.140049 -0.123627
v -0.432936 0.071361 -0.123627
v -0.433456 -0.140049 -0.062950
v -0.433456 0.075585 -0.062950
v -0.431359 -0.140049 -0.025182
v -0.431359 0.079212 -0.025182
v -0.421244 -0.140049 0.071146
v -0.421244 0.103161 0.071146
v -0.398735 -0.140049 0.161707
v -0.398735 0.141241 0.161707
v -0.369510 -0.140049 0.234518
v -0.369510 0.185138 0.234518
v -0.305404 -0.140049 0.312799
v -0.305404 0.250187 0.312799
v -0.243515 -0.140049 0.353804
v -0.243515 0.296493 0.353803
v -0.170627 -0.140049 0.381120
v -0.170627 0.333409 0.381120
v -0.084797 -0.140049 0.397028
v -0.084797 0.351552 0.397028
v -0.000308 -0.140049 0.399806
v -0.000308 0.359379 0.399806
v 0.088913 0.327278 -0.628388
v -0.000308 -0.140049 -0.634127
v -0.000308 0.336649 -0.634127
v 0.088913 -0.140049 -0.628388
v 0.158852 0.313963 -0.614811
v 0.158852 -0.140049 -0.614811
v 0.235294 0.281395 -0.586613
v 0.235294 -0.140049 -0.586613
v 0.269445 0.257863 -0.567462
v 0.269445 -0.140049 -0.567462
v 0.302436 0.234800 -0.542027
v 0.302436 -0.140049 -0.542027
v 0.344060 0.191691 -0.492504
v 0.344060 -0.140049 -0.492504
v 0.363383 0.173146 -0.463517
v 0.363383 -0.140049 -0.463517
v 0.387978 0.139998 -0.408988
v 0.387978 -0.140049 -0.408988
v 0.408916 0.114843 -0.349270
v 0.408916 -0.140049 -0.349270
v 0.416914 0.101973 -0.316979
v 0.416914 -0.140049 -0.316979
v 0.426847 0.078957 -0.221442
v 0.426847 -0.140049 -0.221442
v 0.432319 0.071361 -0.123627
v 0.432320 -0.140049 -0.123627
v 0.432839 0.075584 -0.062950
v 0.432839 -0.140049 -0.062950
v 0.430743 0.079212 -0.025182
v 0.430743 -0.140049 -0.025182
v 0.420627 0.103161 0.071147
v 0.420627 -0.140049 0.071147
v 0.398118 0.141241 0.161707
v 0.398118 -0.140049 0.161707
v 0.368893 0.185138 0.234518
v 0.368893 -0.140049 0.234518
v 0.304788 0.250187 0.312799
v 0.304788 -0.140049 0.312799
v 0.242897 0.296493 0.353804
v 0.242898 -0.140049 0.353804
v 0.170042 0.333409 0.382446
v 0.170042 -0.140049 0.382446
v 0.084179 0.351552 0.397028
v 0.084179 -0.140049 0.397028
v -0.000308 0.359379 0.399806
v -0.000308 -0.140049 0.399806
v -0.089555 -0.140049 -0.628388
v -0.235876 -0.140049 -0.586630
v -0.161450 -0.140049 -0.614157
v 0.088913 -0.140049 -0.628388
v -0.268031 -0.140049 -0.568786
v -0.303053 -0.140049 -0.542026
v -0.344676 -0.140049 -0.492504
v -0.364000 -0.140049 -0.463516
v -0.388594 -0.140049 -0.408988
v -0.398735 -0.140049 0.161707
v -0.409533 -0.140049 -0.349270
v -0.417531 -0.140049 -0.316978
v -0.427464 -0.140049 -0.221442
v -0.432936 -0.140049 -0.123627
v -0.433456 -0.140049 -0.062950
v -0.431359 -0.140049 -0.025182
v -0.421244 -0.140049 0.071146
v 0.408916 -0.140049 -0.349270
v 0.416914 -0.140049 -0.316979
v 0.426847 -0.140049 -0.221442
v 0.432320 -0.140049 -0.123627
v 0.432839 -0.140049 -0.062950
v 0.170042 -0.140049 0.382446
v -0.170627 -0.140049 0.381120
v -0.305404 -0.140049 0.312799
v -0.369510 -0.140049 0.234518
v -0.243515 -0.140049 0.353804
v -0.000308 -0.140049 0.399806
v -0.084797 -0.140049 0.397028
v 0.084179 -0.140049 0.397028
v 0.398118 -0.140049 0.161707
v 0.304788 -0.140049 0.312799
v 0.242898 -0.140049 0.353804
v 0.368893 -0.140049 0.234518
v 0.430743 -0.140049 -0.025182
v 0.420627 -0.140049 0.071147
v 0.235294 -0.140049 -0.586613
v 0.158852 -0.140049 -0.614811
v 0.269445 -0.140049 -0.567462
v 0.302436 -0.140049 -0.542027
v 0.344060 -0.140049 -0.492504
v 0.363383 -0.140049 -0.463517
v 0.387978 -0.140049 -0.408988
v -0.000308 -0.140049 -0.634127
v -0.049799 -0.000667 0.437193
v -0.046002 0.199905 0.172208
v -0.046002 0.014968 0.448140
v -0.049799 0.184270 0.161260
v -0.035191 0.213160 0.181489
v -0.035191 0.028223 0.457421
v -0.019009 0.222016 0.187690
v -0.019009 0.037079 0.463623
v -0.046002 -0.016302 0.426245
v -0.046002 0.168635 0.150312
v -0.035191 -0.029557 0.416964
v -0.035191 0.155380 0.141031
v -0.019009 -0.038413 0.410762
v -0.019010 0.146524 0.134830
v 0.000077 -0.041523 0.408585
v 0.000077 0.143414 0.132652
v 0.019164 -0.038413 0.410762
v 0.019164 0.146524 0.134830
v 0.035345 -0.029557 0.416964
v 0.035345 0.155380 0.141031
v 0.046157 -0.016302 0.426245
v 0.046157 0.168635 0.150312
v 0.049954 -0.000667 0.437193
v 0.049954 0.184270 0.161260
v 0.046157 0.014968 0.448140
v 0.046157 0.199905 0.172208
v 0.035345 0.028223 0.457421
v 0.035345 0.213160 0.181489
v 0.019164 0.037079 0.463623
v 0.019164 0.222016 0.187690
v 0.000077 0.040189 0.465800
v 0.000077 0.225126 0.189868
v -0.019009 0.037079 0.463623
v -0.019009 0.222016 0.187690
v -0.046002 0.168635 0.150312
v -0.046002 0.199905 0.172208
v -0.049799 0.184270 0.161260
v -0.035191 0.213160 0.181489
v -0.019009 0.222016 0.187690
v 0.000077 0.225126 0.189868
v 0.019164 0.222016 0.187690
v 0.035345 0.213160 0.181489
v 0.046157 0.199905 0.172208
v 0.049954 0.184270 0.161260
v 0.046157 0.168635 0.150312
v 0.035345 0.155380 0.141031
v 0.019164 0.146524 0.134830
v 0.000077 0.143414 0.132652
v -0.019010 0.146524 0.134830
v -0.035191 0.155380 0.141031
v -0.188410 0.178154 0.169976
v -0.183456 0.243739 0.208851
v -0.174062 0.237240 0.211348
v -0.198578 0.181465 0.165246
v -0.140393 0.296532 0.245817
v -0.133203 0.287330 0.246422
v -0.075945 0.331807 0.270517
v -0.072053 0.320800 0.269858
v 0.000077 0.344194 0.279190
v 0.000077 0.332553 0.278087
v -0.174062 0.119067 0.128603
v -0.183456 0.119192 0.121642
v -0.133203 0.068977 0.093529
v -0.140393 0.066399 0.084676
v -0.072054 0.035507 0.070093
v -0.075945 0.031123 0.059976
v 0.000077 0.023754 0.061864
v 0.000077 0.018736 0.051303
v 0.072208 0.035507 0.070093
v 0.076099 0.031123 0.059976
v 0.133358 0.068977 0.093529
v 0.140548 0.066398 0.084676
v 0.174217 0.119067 0.128603
v 0.183611 0.119191 0.121642
v 0.188564 0.178154 0.169976
v 0.198732 0.181465 0.165246
v 0.174217 0.237240 0.211348
v 0.183611 0.243739 0.208851
v 0.133358 0.287330 0.246422
v 0.140548 0.296532 0.245817
v 0.072208 0.320800 0.269858
v 0.076099 0.331807 0.270517
v 0.000077 0.332553 0.278087
v 0.000077 0.344194 0.279190
v 0.077679 0.340133 0.265272
v 0.000077 0.352777 0.274126
v 0.143466 0.304125 0.240059
v 0.187423 0.250236 0.202325
v 0.202859 0.186668 0.157815
v 0.187423 0.123101 0.113305
v 0.143466 0.069211 0.075571
v 0.077679 0.033204 0.050358
v 0.000077 0.020559 0.041504
v -0.077524 0.033204 0.050358
v -0.143311 0.069211 0.075571
v -0.187269 0.123101 0.113305
v -0.202704 0.186668 0.157815
v -0.187269 0.250236 0.202325
v -0.143311 0.304125 0.240059
v -0.077524 0.340133 0.265272
v 0.000077 0.352777 0.274126
v -0.187269 0.280886 0.158552
v -0.202704 0.217319 0.114042
v -0.143311 0.334776 0.196286
v -0.077524 0.370784 0.221499
v 0.000077 0.383428 0.230353
v -0.183456 0.284795 0.150215
v -0.198578 0.222522 0.106611
v -0.140393 0.337589 0.187181
v -0.075945 0.372864 0.211881
v 0.000077 0.385251 0.220555
v -0.187269 0.153752 0.069532
v -0.143311 0.099862 0.031798
v -0.077524 0.063854 0.006585
v 0.000077 0.051210 -0.002269
v 0.077679 0.063854 0.006585
v 0.143466 0.099862 0.031798
v 0.187423 0.153752 0.069532
v 0.202859 0.217319 0.114042
v 0.187423 0.280886 0.158552
v 0.143466 0.334776 0.196286
v 0.077679 0.370784 0.221499
v 0.000077 0.383428 0.230353
v 0.076099 0.372864 0.211881
v 0.000077 0.385251 0.220555
v 0.140548 0.337589 0.187181
v 0.183611 0.284795 0.150215
v 0.198732 0.222522 0.106611
v 0.183611 0.160248 0.063007
v 0.140548 0.107455 0.026041
v 0.076099 0.072180 0.001341
v 0.000077 0.059793 -0.007333
v -0.075945 0.072180 0.001341
v -0.140393 0.107455 0.026041
v -0.183456 0.160248 0.063007
v 0.174217 0.166747 0.060509
v 0.133358 0.116657 0.025435
v 0.072208 0.083187 0.002000
v 0.000077 0.071434 -0.006230
v -0.072054 0.083187 0.002000
v -0.133203 0.116657 0.025435
v -0.174062 0.166747 0.060509
v -0.188410 0.225833 0.101882
v -0.174062 0.284920 0.143254
v -0.133203 0.335010 0.178328
v -0.072053 0.368480 0.201764
v 0.000077 0.380233 0.209993
v 0.072208 0.368480 0.201764
v 0.000077 0.380233 0.209993
v 0.133358 0.335010 0.178328
v 0.174217 0.284920 0.143254
v 0.188564 0.225833 0.101882
v -0.133203 0.068977 0.093529
v 0.000077 0.023754 0.061864
v -0.072054 0.035507 0.070093
v -0.188410 0.178154 0.169976
v 0.188564 0.178154 0.169976
v 0.133358 0.068977 0.093529
v 0.072208 0.035507 0.070093
v 0.174217 0.119067 0.128603
v 0.000077 0.332553 0.278087
v 0.133358 0.287330 0.246422
v 0.174217 0.237240 0.211348
v 0.072208 0.320800 0.269858
v -0.133203 0.287330 0.246422
v -0.072053 0.320800 0.269858
v -0.174062 0.237240 0.211348
v -0.174062 0.119067 0.128603
v -0.174062 0.284920 0.143254
v -0.072053 0.368480 0.201764
v -0.133203 0.335010 0.178328
v -0.174062 0.166747 0.060509
v 0.174217 0.284920 0.143254
v 0.072208 0.368480 0.201764
v 0.000077 0.380233 0.209993
v 0.133358 0.335010 0.178328
v 0.072208 0.083187 0.002000
v 0.174217 0.166747 0.060509
v 0.188564 0.225833 0.101882
v 0.133358 0.116657 0.025435
v -0.072054 0.083187 0.002000
v 0.000077 0.071434 -0.006230
v -0.133203 0.116657 0.025435
v -0.188410 0.225833 0.101882
v -0.899884 -0.003608 -0.106040
v -0.432374 0.020237 -0.272378
v -0.898300 0.000853 -0.092972
v -0.431354 0.013702 -0.285500
v -1.183950 -0.005268 -0.098645
v -1.183950 -0.001070 -0.085360
v -0.900834 -0.016845 -0.113881
v -0.430741 -0.005996 -0.293373
v -0.901150 -0.038859 -0.116494
v -0.430537 -0.038859 -0.295998
v -1.183950 -0.017865 -0.106616
v -1.183950 -0.038859 -0.109273
v -0.899884 -0.074109 -0.106040
v -0.432374 -0.097955 -0.272378
v -0.431354 -0.091420 -0.285500
v -0.898300 -0.078571 -0.092972
v -1.183950 -0.072449 -0.098645
v -1.183950 -0.076648 -0.085360
v -0.900834 -0.060872 -0.113881
v -0.430741 -0.071721 -0.293373
v -0.901150 -0.038859 -0.116494
v -0.430537 -0.038859 -0.295998
v -1.183950 -0.059853 -0.106616
v -1.183950 -0.038859 -0.109273
v -1.183950 -0.001070 0.369476
v -0.446196 0.019759 0.225966
v -0.427277 0.020414 0.458165
v -0.898300 0.000853 -0.092972
v -0.448777 0.019669 -0.063440
v -0.432374 0.020237 -0.272378
v -1.183950 -0.001070 -0.085360
v -1.183950 -0.005268 0.377745
v -0.427277 0.020414 0.458165
v -0.426217 0.013861 0.471284
v -1.183950 -0.001070 0.369476
v -0.425581 -0.005897 0.479156
v -1.183950 -0.017865 0.382710
v -0.425369 -0.038859 0.481780
v -1.183950 -0.038859 0.384366
v -0.898300 -0.078571 -0.092972
v -0.450492 -0.097327 -0.063440
v -0.432374 -0.097955 -0.272378
v -1.183950 -0.076648 -0.085360
v -0.448189 -0.097407 0.225966
v -0.427277 -0.098131 0.458165
v -1.183950 -0.076648 0.369476
v -0.427277 -0.098131 0.458165
v -1.183950 -0.072449 0.377745
v -0.426217 -0.091578 0.471284
v -1.183950 -0.076648 0.369476
v -1.183950 -0.059853 0.382710
v -0.425581 -0.071821 0.479156
v -1.183950 -0.038859 0.384366
v -0.425369 -0.038859 0.481780
v -1.314686 -0.038887 0.497346
v -1.315987 0.010339 0.484238
v -1.306608 0.006926 0.497346
v -1.324667 -0.038887 0.484238
v -1.290994 0.053629 0.484238
v -1.283348 0.047213 0.497346
v -1.252702 0.085759 0.484238
v -1.247712 0.077115 0.497346
v -1.205731 0.102856 0.484238
v -1.203997 0.093026 0.497346
v -1.155744 0.102856 0.484238
v -1.157477 0.093026 0.497346
v -1.108773 0.085759 0.484238
v -1.113763 0.077115 0.497346
v -1.070481 0.053629 0.484238
v -1.078127 0.047213 0.497346
v -1.045488 0.010339 0.484238
v -1.054867 0.006926 0.497346
v -1.036808 -0.038887 0.484238
v -1.046789 -0.038887 0.497346
v -1.045488 -0.088114 0.484238
v -1.054867 -0.084701 0.497346
v -1.070481 -0.131404 0.484238
v -1.078127 -0.124988 0.497346
v -1.108772 -0.163534 0.484238
v -1.113763 -0.154890 0.497346
v -1.155744 -0.180631 0.484238
v -1.157477 -0.170801 0.497346
v -1.205730 -0.180631 0.484238
v -1.203997 -0.170801 0.497346
v -1.252702 -0.163534 0.484238
v -1.247712 -0.154890 0.497346
v -1.290994 -0.131404 0.484238
v -1.283348 -0.124988 0.497346
v -1.315987 -0.088114 0.484238
v -1.306608 -0.084701 0.497346
v -1.324667 -0.038887 0.484238
v -1.322530 0.012721 0.411639
v -1.315987 0.010339 0.484238
v -1.331630 -0.038887 0.411639
v -1.296328 0.058104 0.411639
v -1.290994 0.053629 0.484238
v -1.256184 0.091789 0.411639
v -1.252702 0.085759 0.484238
v -1.206940 0.109713 0.411639
v -1.205731 0.102856 0.484238
v -1.154535 0.109713 0.411639
v -1.155744 0.102856 0.484238
v -1.105291 0.091789 0.411639
v -1.108773 0.085759 0.484238
v -1.065147 0.058104 0.411639
v -1.070481 0.053629 0.484238
v -1.038945 0.012721 0.411639
v -1.045488 0.010339 0.484238
v -1.029845 -0.038887 0.411639
v -1.036808 -0.038887 0.484238
v -1.252702 0.085759 0.234180
v -1.205731 0.102856 0.234180
v -1.155744 0.102856 0.234180
v -1.108772 0.085759 0.234180
v -1.070481 0.053629 0.234180
v -1.045488 0.010339 0.234180
v -1.036807 -0.038887 0.234180
v -1.200863 0.075249 -0.025971
v -1.238686 0.061482 -0.025971
v -1.290994 0.053629 0.234180
v -1.315987 0.010339 0.234180
v -1.324667 -0.038888 0.234180
v -1.289645 0.000752 -0.025971
v -1.296634 -0.038888 -0.025971
v -1.269520 0.035610 -0.025971
v -1.122789 0.061482 -0.025971
v -1.091955 0.035610 -0.025971
v -1.064840 -0.038888 -0.025971
v -1.244929 -0.015524 -0.216217
v -1.249049 -0.038888 -0.216217
v -1.233067 0.005022 -0.216217
v -1.214893 0.020272 -0.216217
v -1.192599 0.028386 -0.216217
v -1.168875 0.028386 -0.216217
v -1.160612 0.075249 -0.025971
v -1.146582 0.020272 -0.216217
v -1.128408 0.005022 -0.216217
v -1.226698 -0.022159 -0.246078
v -1.229647 -0.038888 -0.246078
v -1.218205 -0.007449 -0.246078
v -1.205192 0.003470 -0.246078
v -1.172244 0.009279 -0.246078
v -1.189230 0.009279 -0.246078
v -1.143270 -0.007449 -0.246078
v -1.156282 0.003470 -0.246078
v -1.134777 -0.022159 -0.246078
v -1.116546 -0.015524 -0.216217
v -1.131827 -0.038888 -0.246078
v -1.112426 -0.038888 -0.216217
v -1.071830 0.000752 -0.025971
v -1.036808 -0.038887 0.484238
v -1.038945 -0.090496 0.411639
v -1.045488 -0.088114 0.484238
v -1.029845 -0.038887 0.411639
v -1.065147 -0.135879 0.411639
v -1.070481 -0.131404 0.484238
v -1.105291 -0.169564 0.411639
v -1.108772 -0.163534 0.484238
v -1.154535 -0.187488 0.411639
v -1.155744 -0.180631 0.484238
v -1.206939 -0.187488 0.411639
v -1.205730 -0.180631 0.484238
v -1.256184 -0.169564 0.411639
v -1.252702 -0.163534 0.484238
v -1.296328 -0.135879 0.411639
v -1.290994 -0.131404 0.484238
v -1.322530 -0.090496 0.411639
v -1.315987 -0.088114 0.484238
v -1.331630 -0.038887 0.411639
v -1.324667 -0.038887 0.484238
v -1.108772 -0.163534 0.234180
v -1.155744 -0.180631 0.234180
v -1.205730 -0.180631 0.234180
v -1.252702 -0.163535 0.234180
v -1.290994 -0.131404 0.234180
v -1.315987 -0.088115 0.234180
v -1.324667 -0.038888 0.234180
v -1.160612 -0.153024 -0.025971
v -1.122789 -0.139257 -0.025971
v -1.070481 -0.131404 0.234180
v -1.045488 -0.088114 0.234180
v -1.036807 -0.038887 0.234180
v -1.071830 -0.078527 -0.025971
v -1.064840 -0.038888 -0.025971
v -1.091955 -0.113385 -0.025971
v -1.238686 -0.139258 -0.025971
v -1.269520 -0.113385 -0.025971
v -1.296634 -0.038888 -0.025971
v -1.116546 -0.062251 -0.216217
v -1.112426 -0.038888 -0.216217
v -1.128408 -0.082797 -0.216217
v -1.146582 -0.098047 -0.216217
v -1.168875 -0.106161 -0.216217
v -1.192599 -0.106161 -0.216217
v -1.200863 -0.153024 -0.025971
v -1.214893 -0.098047 -0.216217
v -1.233067 -0.082797 -0.216217
v -1.134777 -0.055616 -0.246078
v -1.131827 -0.038888 -0.246078
v -1.143270 -0.070326 -0.246078
v -1.156282 -0.081245 -0.246078
v -1.189230 -0.087055 -0.246078
v -1.172244 -0.087055 -0.246078
v -1.218204 -0.070326 -0.246078
v -1.205192 -0.081245 -0.246078
v -1.226698 -0.055616 -0.246078
v -1.244929 -0.062252 -0.216217
v -1.229647 -0.038888 -0.246078
v -1.249049 -0.038888 -0.216217
v -1.289645 -0.078527 -0.025971
v -1.229647 -0.038888 -0.246078
v -1.180737 -0.038888 -0.265461
v -1.226698 -0.022159 -0.246078
v -1.218205 -0.007449 -0.246078
v -1.205192 0.003470 -0.246078
v -1.189230 0.009279 -0.246078
v -1.172244 0.009279 -0.246078
v -1.156282 0.003470 -0.246078
v -1.143270 -0.007449 -0.246078
v -1.134777 -0.022159 -0.246078
v -1.131827 -0.038888 -0.246078
v -1.134777 -0.055616 -0.246078
v -1.143270 -0.070326 -0.246078
v -1.156282 -0.081245 -0.246078
v -1.172244 -0.087055 -0.246078
v -1.189230 -0.087055 -0.246078
v -1.205192 -0.081245 -0.246078
v -1.218204 -0.070326 -0.246078
v -1.226698 -0.055616 -0.246078
v 0.899884 -0.003608 -0.106040
v 0.432374 0.020237 -0.272378
v 0.431354 0.013702 -0.285500
v 0.898300 0.000853 -0.092972
v 1.183950 -0.005268 -0.098645
v 1.183950 -0.001070 -0.085360
v 0.900834 -0.016845 -0.113881
v 0.430741 -0.005996 -0.293373
v 0.901150 -0.038859 -0.116494
v 0.430537 -0.038859 -0.295998
v 1.183950 -0.017865 -0.106616
v 1.183950 -0.038859 -0.109273
v 0.899884 -0.074109 -0.106040
v 0.432374 -0.097955 -0.272378
v 0.898300 -0.078571 -0.092972
v 0.431354 -0.091420 -0.285500
v 1.183950 -0.072449 -0.098645
v 1.183950 -0.076648 -0.085360
v 0.900834 -0.060872 -0.113881
v 0.430741 -0.071721 -0.293373
v 0.901150 -0.038859 -0.116494
v 0.430537 -0.038859 -0.295998
v 1.183950 -0.059853 -0.106616
v 1.183950 -0.038859 -0.109273
v 1.183950 -0.001070 0.369476
v 0.898300 0.000853 -0.092972
v 1.183950 -0.001070 -0.085360
v 0.446196 0.019759 0.225966
v 0.448777 0.019669 -0.063440
v 0.432374 0.020237 -0.272378
v 0.427277 0.020414 0.458165
v 1.183950 -0.005268 0.377745
v 0.427277 0.020414 0.458165
v 1.183950 -0.001070 0.369476
v 0.426217 0.013861 0.471284
v 0.425581 -0.005897 0.479156
v 1.183950 -0.017865 0.382710
v 0.425369 -0.038859 0.481780
v 1.183950 -0.038859 0.384366
v 1.183950 -0.076648 -0.085360
v 0.427277 -0.098131 0.458165
v 1.183950 -0.076648 0.369476
v 0.448189 -0.097407 0.225966
v 0.450492 -0.097327 -0.063440
v 0.898300 -0.078571 -0.092972
v 0.432374 -0.097955 -0.272378
v 0.427277 -0.098131 0.458165
v 1.183950 -0.072449 0.377745
v 1.183950 -0.076648 0.369476
v 0.426217 -0.091578 0.471284
v 1.183950 -0.059853 0.382710
v 0.425581 -0.071821 0.479156
v 1.183950 -0.038859 0.384366
v 0.425369 -0.038859 0.481780
v 1.314686 -0.038887 0.497346
v 1.315987 0.010339 0.484238
v 1.324667 -0.038887 0.484238
v 1.306608 0.006926 0.497346
v 1.290994 0.053629 0.484238
v 1.283348 0.047213 0.497346
v 1.252702 0.085759 0.484238
v 1.247712 0.077115 0.497346
v 1.205731 0.102856 0.484238
v 1.203997 0.093026 0.497346
v 1.155744 0.102856 0.484238
v 1.157477 0.093026 0.497346
v 1.108773 0.085759 0.484238
v 1.113763 0.077115 0.497346
v 1.070481 0.053629 0.484238
v 1.078127 0.047213 0.497346
v 1.045488 0.010339 0.484238
v 1.054867 0.006926 0.497346
v 1.036808 -0.038887 0.484238
v 1.046789 -0.038887 0.497346
v 1.045488 -0.088114 0.484238
v 1.054867 -0.084701 0.497346
v 1.070481 -0.131404 0.484238
v 1.078127 -0.124988 0.497346
v 1.108772 -0.163534 0.484238
v 1.113763 -0.154890 0.497346
v 1.155744 -0.180631 0.484238
v 1.157477 -0.170801 0.497346
v 1.205730 -0.180631 0.484238
v 1.203997 -0.170801 0.497346
v 1.252702 -0.163534 0.484238
v 1.247712 -0.154890 0.497346
v 1.290994 -0.131404 0.484238
v 1.283348 -0.124988 0.497346
v 1.315987 -0.088114 0.484238
v 1.306608 -0.084701 0.497346
v 1.324667 -0.038887 0.484238
v 1.322530 0.012721 0.411639
v 1.331630 -0.038887 0.411639
v 1.315987 0.010339 0.484238
v 1.296328 0.058104 0.411639
v 1.290994 0.053629 0.484238
v 1.256184 0.091789 0.411639
v 1.252702 0.085759 0.484238
v 1.206940 0.109713 0.411639
v 1.205731 0.102856 0.484238
v 1.154535 0.109713 0.411639
v 1.155744 0.102856 0.484238
v 1.105291 0.091789 0.411639
v 1.108773 0.085759 0.484238
v 1.065147 0.058104 0.411639
v 1.070481 0.053629 0.484238
v 1.038945 0.012721 0.411639
v 1.045488 0.010339 0.484238
v 1.029845 -0.038887 0.411639
v 1.036808 -0.038887 0.484238
v 1.252702 0.085759 0.234180
v 1.290994 0.053629 0.234180
v 1.315987 0.010339 0.234180
v 1.324667 -0.038888 0.234180
v 1.070481 0.053629 0.234180
v 1.108772 0.085759 0.234180
v 1.045488 0.010339 0.234180
v 1.036807 -0.038887 0.234180
v 1.289645 0.000752 -0.025971
v 1.296634 -0.038888 -0.025971
v 1.269520 0.035610 -0.025971
v 1.238686 0.061482 -0.025971
v 1.200863 0.075249 -0.025971
v 1.205731 0.102856 0.234180
v 1.160612 0.075249 -0.025971
v 1.155744 0.102856 0.234180
v 1.122789 0.061482 -0.025971
v 1.091955 0.035610 -0.025971
v 1.071830 0.000752 -0.025971
v 1.064840 -0.038888 -0.025971
v 1.146582 0.020272 -0.216217
v 1.168875 0.028386 -0.216217
v 1.128408 0.005022 -0.216217
v 1.116546 -0.015524 -0.216217
v 1.112426 -0.038888 -0.216217
v 1.156282 0.003470 -0.246078
v 1.172244 0.009279 -0.246078
v 1.192599 0.028386 -0.216217
v 1.214893 0.020272 -0.216217
v 1.233067 0.005022 -0.216217
v 1.244929 -0.015524 -0.216217
v 1.249049 -0.038888 -0.216217
v 1.226698 -0.022159 -0.246078
v 1.229647 -0.038888 -0.246078
v 1.218205 -0.007449 -0.246078
v 1.205192 0.003470 -0.246078
v 1.189230 0.009279 -0.246078
v 1.036808 -0.038887 0.484238
v 1.038945 -0.090496 0.411639
v 1.029845 -0.038887 0.411639
v 1.045488 -0.088114 0.484238
v 1.065147 -0.135879 0.411639
v 1.070481 -0.131404 0.484238
v 1.105291 -0.169564 0.411639
v 1.108772 -0.163534 0.484238
v 1.154535 -0.187488 0.411639
v 1.155744 -0.180631 0.484238
v 1.206939 -0.187488 0.411639
v 1.205730 -0.180631 0.484238
v 1.256184 -0.169564 0.411639
v 1.252702 -0.163534 0.484238
v 1.296328 -0.135879 0.411639
v 1.290994 -0.131404 0.484238
v 1.322530 -0.090496 0.411639
v 1.315987 -0.088114 0.484238
v 1.331630 -0.038887 0.411639
v 1.324667 -0.038887 0.484238
v 1.108772 -0.163534 0.234180
v 1.070481 -0.131404 0.234180
v 1.045488 -0.088114 0.234180
v 1.036807 -0.038887 0.234180
v 1.290994 -0.131404 0.234180
v 1.252702 -0.163535 0.234180
v 1.315987 -0.088115 0.234180
v 1.324667 -0.038888 0.234180
v 1.071830 -0.078527 -0.025971
v 1.064840 -0.038888 -0.025971
v 1.091955 -0.113385 -0.025971
v 1.122789 -0.139257 -0.025971
v 1.160612 -0.153024 -0.025971
v 1.155744 -0.180631 0.234180
v 1.200863 -0.153024 -0.025971
v 1.205730 -0.180631 0.234180
v 1.238686 -0.139258 -0.025971
v 1.269520 -0.113385 -0.025971
v 1.289645 -0.078527 -0.025971
v 1.296634 -0.038888 -0.025971
v 1.214893 -0.098047 -0.216217
v 1.192599 -0.106161 -0.216217
v 1.233067 -0.082797 -0.216217
v 1.244929 -0.062252 -0.216217
v 1.249049 -0.038888 -0.216217
v 1.205192 -0.081245 -0.246078
v 1.189230 -0.087055 -0.246078
v 1.168875 -0.106161 -0.216217
v 1.146582 -0.098047 -0.216217
v 1.128408 -0.082797 -0.216217
v 1.116546 -0.062251 -0.216217
v 1.112426 -0.038888 -0.216217
v 1.134777 -0.055616 -0.246078
v 1.131827 -0.038888 -0.246078
v 1.143270 -0.070326 -0.246078
v 1.156282 -0.081245 -0.246078
v 1.172244 -0.087055 -0.246078
v 1.143270 -0.007449 -0.246078
v 1.134777 -0.022159 -0.246078
v 1.131827 -0.038888 -0.246078
v 1.218204 -0.070326 -0.246078
v 1.226698 -0.055616 -0.246078
v 1.229647 -0.038888 -0.246078
v 1.229647 -0.038888 -0.246078
v 1.226698 -0.022159 -0.246078
v 1.180737 -0.038888 -0.265461
v 1.218205 -0.007449 -0.246078
v 1.205192 0.003470 -0.246078
v 1.189230 0.009279 -0.246078
v 1.172244 0.009279 -0.246078
v 1.156282 0.003470 -0.246078
v 1.143270 -0.007449 -0.246078
v 1.134777 -0.022159 -0.246078
v 1.131827 -0.038888 -0.246078
v 1.134777 -0.055616 -0.246078
v 1.143270 -0.070326 -0.246078
v 1.156282 -0.081245 -0.246078
v 1.172244 -0.087055 -0.246078
v 1.189230 -0.087055 -0.246078
v 1.205192 -0.081245 -0.246078
v 1.218204 -0.070326 -0.246078
v 1.226698 -0.055616 -0.246078
v -0.509866 0.047744 -1.694805
v -0.522985 0.047301 -1.692449
v -0.516528 0.047520 -1.693961
v -0.535346 0.046882 -1.686480
v -0.529253 0.047089 -1.690036
v -0.553234 0.046246 -1.622415
v -0.552332 0.046297 -1.661968
v -0.545950 0.046519 -1.676272
v -0.541066 0.046687 -1.681695
v -0.549723 0.046389 -1.669858
v -0.555123 0.046193 -1.643232
v -0.554051 0.046234 -1.652884
v -0.554940 0.046194 -1.633227
v -0.465579 0.049043 -1.327356
v -0.506573 0.047685 -1.370977
v -0.513926 0.047451 -1.395391
v -0.516379 0.047375 -1.408568
v -0.510866 0.047547 -1.382801
v -0.492001 0.048165 -1.349258
v -0.500352 0.047889 -1.359937
v -0.480897 0.048533 -1.338359
v -0.399327 0.051256 -1.292377
v -0.439646 0.049909 -1.312843
v -0.000000 0.064269 -1.601833
v -0.000000 0.062070 -1.140429
v -0.503436 0.047961 -1.695472
v -0.497335 0.048166 -1.694834
v -0.496797 0.044845 -1.698657
v -0.000000 0.064269 -1.601833
v -0.497335 0.048166 -1.694834
v -0.000000 0.059170 -1.609274
v -0.503436 0.047961 -1.695472
v -0.503349 0.044649 -1.699332
v -0.509866 0.047744 -1.694805
v -0.510220 0.044444 -1.698808
v -0.516528 0.047520 -1.693961
v -0.517196 0.044234 -1.697950
v -0.522985 0.047301 -1.692449
v -0.524086 0.044027 -1.696411
v -0.529253 0.047089 -1.690036
v -0.530898 0.043822 -1.693961
v -0.535346 0.046882 -1.686480
v -0.537639 0.043619 -1.690363
v -0.541066 0.046687 -1.681695
v -0.544224 0.043419 -1.685452
v -0.545950 0.046519 -1.676272
v -0.549961 0.043245 -1.679408
v -0.549723 0.046389 -1.669858
v -0.554339 0.043111 -1.672162
v -0.552332 0.046297 -1.661968
v -0.557478 0.043013 -1.663624
v -0.554051 0.046234 -1.652884
v -0.559645 0.042943 -1.654049
v -0.555123 0.046193 -1.643232
v -0.561091 0.042895 -1.643839
v -0.554940 0.046194 -1.633227
v -0.561265 0.042885 -1.633071
v -0.553234 0.046246 -1.622415
v -0.559904 0.042920 -1.621569
v -0.516379 0.047375 -1.408568
v -0.523985 0.043896 -1.407236
v -0.513926 0.047451 -1.395391
v -0.521479 0.043964 -1.393790
v -0.510866 0.047547 -1.382801
v -0.518322 0.044053 -1.380643
v -0.506573 0.047685 -1.370977
v -0.513854 0.044181 -1.367914
v -0.500352 0.047889 -1.359937
v -0.507385 0.044368 -1.355651
v -0.492001 0.048165 -1.349258
v -0.498443 0.044631 -1.343704
v -0.480897 0.048533 -1.338359
v -0.486371 0.044986 -1.331854
v -0.465579 0.049043 -1.327356
v -0.470136 0.045467 -1.320192
v -0.439646 0.049909 -1.312843
v -0.443636 0.046253 -1.305363
v -0.399327 0.051256 -1.292377
v -0.403046 0.047459 -1.284758
v -0.446030 0.035655 -1.300874
v -0.405277 0.036412 -1.280186
v -0.446828 0.018115 -1.299378
v -0.406021 0.018115 -1.278663
v -0.472870 0.035158 -1.315894
v -0.473781 0.018115 -1.314461
v -0.489655 0.034847 -1.327951
v -0.490749 0.018115 -1.326650
v -0.502309 0.034614 -1.340371
v -0.503597 0.018115 -1.339261
v -0.511605 0.034444 -1.353079
v -0.513012 0.018115 -1.352221
v -0.518223 0.034324 -1.366076
v -0.519680 0.018115 -1.365463
v -0.522796 0.034242 -1.379347
v -0.524287 0.018115 -1.378915
v -0.526011 0.034186 -1.392828
v -0.527521 0.018115 -1.392508
v -0.528548 0.034142 -1.406437
v -0.530069 0.018115 -1.406171
v -0.563905 0.033543 -1.621062
v -0.565239 0.018115 -1.620893
v -0.565060 0.033525 -1.632977
v -0.566325 0.018115 -1.632946
v -0.564672 0.033536 -1.644203
v -0.565866 0.018115 -1.644324
v -0.563001 0.033570 -1.654747
v -0.564120 0.018115 -1.654980
v -0.565866 0.018115 -1.644324
v -0.560566 0.033619 -1.664618
v -0.561596 0.018115 -1.664950
v -0.557109 0.033686 -1.673544
v -0.558032 0.018115 -1.674005
v -0.552368 0.033777 -1.681290
v -0.553170 0.018115 -1.681917
v -0.546119 0.033896 -1.687707
v -0.539015 0.034030 -1.692693
v -0.531884 0.034164 -1.696316
v -0.524746 0.034299 -1.698789
v -0.517597 0.034433 -1.700343
v -0.510432 0.034567 -1.701210
v -0.503298 0.034701 -1.701648
v -0.496474 0.034828 -1.700951
v -0.000000 0.043782 -1.613757
v -0.496366 0.018115 -1.701716
v -0.000000 0.043782 -1.613757
v -0.000000 0.018115 -1.615304
v -0.503280 0.018115 -1.702420
v -0.510502 0.018115 -1.702010
v -0.517731 0.018115 -1.701141
v -0.524966 0.018115 -1.699581
v -0.532213 0.018115 -1.697101
v -0.539474 0.018115 -1.693470
v -0.546750 0.018115 -1.688458
v 0.496366 0.018115 -1.701716
v 0.496474 0.034828 -1.700951
v -0.000000 0.059170 -1.609274
v 0.496797 0.044845 -1.698657
v -0.000000 0.064269 -1.601833
v 0.497335 0.048166 -1.694834
v 0.503436 0.047961 -1.695472
v 0.503349 0.044649 -1.699332
v 0.509866 0.047744 -1.694805
v 0.510220 0.044443 -1.698808
v 0.516528 0.047519 -1.693961
v 0.517196 0.044234 -1.697950
v 0.522985 0.047301 -1.692449
v 0.524086 0.044027 -1.696411
v 0.529253 0.047089 -1.690036
v 0.530898 0.043822 -1.693961
v 0.535346 0.046882 -1.686480
v 0.537639 0.043619 -1.690363
v 0.541066 0.046687 -1.681695
v 0.544224 0.043419 -1.685452
v 0.545950 0.046519 -1.676272
v 0.549961 0.043245 -1.679408
v 0.549723 0.046389 -1.669858
v 0.554339 0.043110 -1.672162
v 0.552332 0.046297 -1.661968
v 0.557478 0.043012 -1.663624
v 0.554051 0.046234 -1.652884
v 0.559645 0.042943 -1.654049
v 0.555123 0.046193 -1.643232
v 0.561091 0.042895 -1.643839
v 0.554940 0.046194 -1.633227
v 0.561265 0.042885 -1.633071
v 0.553234 0.046246 -1.622415
v 0.559904 0.042920 -1.621569
v 0.516379 0.047375 -1.408568
v 0.523985 0.043896 -1.407236
v 0.513926 0.047451 -1.395391
v 0.521479 0.043964 -1.393790
v 0.510866 0.047547 -1.382801
v 0.518322 0.044053 -1.380643
v 0.506573 0.047685 -1.370977
v 0.513854 0.044180 -1.367914
v 0.500352 0.047889 -1.359937
v 0.507385 0.044368 -1.355651
v 0.492001 0.048165 -1.349258
v 0.498443 0.044630 -1.343704
v 0.480897 0.048533 -1.338359
v 0.486371 0.044986 -1.331854
v 0.465579 0.049043 -1.327356
v 0.470136 0.045467 -1.320192
v 0.439646 0.049909 -1.312843
v 0.443636 0.046253 -1.305363
v 0.399327 0.051256 -1.292377
v 0.403046 0.047459 -1.284758
v 0.446030 0.035655 -1.300874
v 0.405277 0.036412 -1.280186
v 0.446828 0.018115 -1.299378
v 0.406021 0.018115 -1.278663
v 0.472870 0.035158 -1.315894
v 0.473781 0.018115 -1.314461
v 0.489655 0.034847 -1.327951
v 0.490749 0.018115 -1.326650
v 0.502309 0.034614 -1.340371
v 0.503597 0.018115 -1.339261
v 0.511605 0.034444 -1.353079
v 0.513012 0.018115 -1.352221
v 0.518223 0.034324 -1.366076
v 0.519680 0.018115 -1.365463
v 0.522796 0.034242 -1.379347
v 0.524287 0.018115 -1.378915
v 0.526011 0.034186 -1.392828
v 0.527521 0.018115 -1.392508
v 0.528548 0.034142 -1.406437
v 0.530069 0.018115 -1.406171
v 0.563905 0.033543 -1.621062
v 0.565239 0.018115 -1.620893
v 0.565060 0.033525 -1.632977
v 0.566325 0.018115 -1.632946
v 0.564672 0.033536 -1.644203
v 0.565866 0.018115 -1.644324
v 0.563001 0.033570 -1.654747
v 0.564120 0.018115 -1.654980
v 0.565866 0.018115 -1.644324
v 0.560566 0.033618 -1.664618
v 0.561596 0.018115 -1.664950
v 0.557109 0.033686 -1.673544
v 0.558032 0.018115 -1.674005
v 0.552368 0.033777 -1.681290
v 0.553170 0.018115 -1.681917
v 0.546119 0.033895 -1.687707
v 0.539015 0.034030 -1.692693
v 0.531884 0.034164 -1.696316
v 0.524746 0.034299 -1.698789
v 0.517597 0.034433 -1.700343
v 0.510432 0.034567 -1.701210
v 0.503298 0.034701 -1.701648
v 0.503280 0.018115 -1.702420
v 0.510502 0.018115 -1.702010
v 0.517731 0.018115 -1.701141
v 0.524966 0.018115 -1.699581
v 0.532213 0.018115 -1.697101
v 0.539474 0.018115 -1.693470
v 0.546750 0.018115 -1.688458
v -0.565866 0.018115 -1.644324
v -0.566325 0.018115 -1.632946
v -0.000000 -0.025795 -1.141059
v -0.439646 -0.013679 -1.312843
v -0.399327 -0.015026 -1.292377
v -0.480897 -0.012303 -1.338359
v -0.465579 -0.012813 -1.327356
v -0.529253 -0.010859 -1.690036
v -0.554940 -0.009964 -1.633227
v -0.510866 -0.011317 -1.382801
v -0.500352 -0.011659 -1.359937
v -0.492001 -0.011935 -1.349258
v -0.506573 -0.011455 -1.370977
v -0.516379 -0.011145 -1.408568
v -0.513926 -0.011220 -1.395391
v -0.553234 -0.010016 -1.622415
v -0.549723 -0.010159 -1.669858
v -0.554051 -0.010004 -1.652884
v -0.555123 -0.009963 -1.643232
v -0.552332 -0.010067 -1.661968
v -0.541066 -0.010456 -1.681695
v -0.545950 -0.010289 -1.676272
v -0.535346 -0.010652 -1.686480
v -0.516528 -0.011289 -1.693961
v -0.522985 -0.011071 -1.692449
v -0.503436 -0.011731 -1.695472
v -0.509866 -0.011514 -1.694805
v -0.000000 -0.027992 -1.602101
v -0.497335 -0.011936 -1.694834
v -0.000000 -0.027992 -1.602101
v -0.496797 -0.008615 -1.698657
v -0.497335 -0.011936 -1.694834
v -0.000000 -0.022902 -1.609503
v -0.503436 -0.011731 -1.695472
v -0.503349 -0.008419 -1.699332
v -0.509866 -0.011514 -1.694805
v -0.510220 -0.008213 -1.698808
v -0.516528 -0.011289 -1.693961
v -0.517196 -0.008004 -1.697950
v -0.522985 -0.011071 -1.692449
v -0.524086 -0.007797 -1.696411
v -0.529253 -0.010859 -1.690036
v -0.530898 -0.007592 -1.693961
v -0.535346 -0.010652 -1.686480
v -0.537639 -0.007388 -1.690363
v -0.541066 -0.010456 -1.681695
v -0.544224 -0.007189 -1.685452
v -0.545950 -0.010289 -1.676272
v -0.549961 -0.007015 -1.679408
v -0.549723 -0.010159 -1.669858
v -0.554339 -0.006880 -1.672162
v -0.552332 -0.010067 -1.661968
v -0.557478 -0.006782 -1.663624
v -0.554051 -0.010004 -1.652884
v -0.559645 -0.006713 -1.654049
v -0.555123 -0.009963 -1.643232
v -0.561091 -0.006665 -1.643839
v -0.554940 -0.009964 -1.633227
v -0.561265 -0.006655 -1.633071
v -0.553234 -0.010016 -1.622415
v -0.559904 -0.006690 -1.621569
v -0.516379 -0.011145 -1.408568
v -0.523985 -0.007665 -1.407236
v -0.513926 -0.011220 -1.395391
v -0.521479 -0.007734 -1.393790
v -0.510866 -0.011317 -1.382801
v -0.518322 -0.007822 -1.380643
v -0.506573 -0.011455 -1.370977
v -0.513854 -0.007950 -1.367914
v -0.500352 -0.011659 -1.359937
v -0.507385 -0.008138 -1.355651
v -0.492001 -0.011935 -1.349258
v -0.498443 -0.008400 -1.343704
v -0.480897 -0.012303 -1.338359
v -0.486371 -0.008756 -1.331854
v -0.465579 -0.012813 -1.327356
v -0.470136 -0.009237 -1.320192
v -0.439646 -0.013679 -1.312843
v -0.443636 -0.010023 -1.305363
v -0.399327 -0.015026 -1.292377
v -0.403046 -0.011228 -1.284758
v -0.446030 0.000575 -1.300874
v -0.405277 -0.000182 -1.280186
v -0.446828 0.018115 -1.299378
v -0.406021 0.018115 -1.278663
v -0.472870 0.001073 -1.315894
v -0.473781 0.018115 -1.314461
v -0.489655 0.001383 -1.327951
v -0.490749 0.018115 -1.326650
v -0.502309 0.001616 -1.340371
v -0.503597 0.018115 -1.339261
v -0.511605 0.001786 -1.353079
v -0.513012 0.018115 -1.352221
v -0.518223 0.001906 -1.366076
v -0.519680 0.018115 -1.365463
v -0.522796 0.001988 -1.379347
v -0.524287 0.018115 -1.378915
v -0.526011 0.002044 -1.392828
v -0.527521 0.018115 -1.392508
v -0.528548 0.002088 -1.406437
v -0.530069 0.018115 -1.406171
v -0.563905 0.002687 -1.621062
v -0.565239 0.018115 -1.620893
v -0.565060 0.002705 -1.632977
v -0.566325 0.018115 -1.632946
v -0.564672 0.002695 -1.644203
v -0.565866 0.018115 -1.644324
v -0.563001 0.002660 -1.654747
v -0.564120 0.018115 -1.654980
v -0.565866 0.018115 -1.644324
v -0.560566 0.002612 -1.664618
v -0.561596 0.018115 -1.664950
v -0.557109 0.002545 -1.673544
v -0.558032 0.018115 -1.674005
v -0.552368 0.002454 -1.681290
v -0.553170 0.018115 -1.681917
v -0.546119 0.002335 -1.687707
v -0.539015 0.002200 -1.692693
v -0.531884 0.002066 -1.696316
v -0.524746 0.001932 -1.698789
v -0.517597 0.001797 -1.700343
v -0.510432 0.001663 -1.701210
v -0.503298 0.001530 -1.701648
v -0.496474 0.001402 -1.700951
v -0.000000 -0.007537 -1.613897
v -0.496366 0.018115 -1.701716
v -0.000000 -0.007537 -1.613897
v -0.000000 0.018115 -1.615304
v -0.503280 0.018115 -1.702420
v -0.510502 0.018115 -1.702010
v -0.517731 0.018115 -1.701141
v -0.524966 0.018115 -1.699581
v -0.532213 0.018115 -1.697101
v -0.539474 0.018115 -1.693470
v -0.546750 0.018115 -1.688458
v 0.496366 0.018115 -1.701716
v 0.496474 0.001402 -1.700951
v -0.000000 -0.022902 -1.609503
v 0.496797 -0.008615 -1.698657
v -0.000000 -0.027992 -1.602101
v 0.497335 -0.011936 -1.694834
v 0.503436 -0.011731 -1.695472
v 0.503349 -0.008419 -1.699332
v 0.509866 -0.011514 -1.694805
v 0.510220 -0.008213 -1.698808
v 0.516528 -0.011289 -1.693961
v 0.517196 -0.008004 -1.697950
v 0.522985 -0.011071 -1.692449
v 0.524086 -0.007797 -1.696411
v 0.529253 -0.010859 -1.690036
v 0.530898 -0.007592 -1.693961
v 0.535346 -0.010652 -1.686480
v 0.537639 -0.007389 -1.690363
v 0.541066 -0.010457 -1.681695
v 0.544224 -0.007189 -1.685452
v 0.545950 -0.010289 -1.676272
v 0.549961 -0.007015 -1.679408
v 0.549723 -0.010159 -1.669858
v 0.554339 -0.006880 -1.672162
v 0.552332 -0.010067 -1.661968
v 0.557478 -0.006782 -1.663624
v 0.554051 -0.010004 -1.652884
v 0.559645 -0.006713 -1.654049
v 0.555123 -0.009963 -1.643232
v 0.561091 -0.006665 -1.643839
v 0.554940 -0.009964 -1.633227
v 0.561265 -0.006655 -1.633071
v 0.553234 -0.010016 -1.622415
v 0.559904 -0.006690 -1.621569
v 0.516379 -0.011145 -1.408568
v 0.523985 -0.007665 -1.407236
v 0.513926 -0.011220 -1.395391
v 0.521479 -0.007734 -1.393790
v 0.510866 -0.011317 -1.382801
v 0.518322 -0.007823 -1.380643
v 0.506573 -0.011455 -1.370977
v 0.513854 -0.007950 -1.367914
v 0.500352 -0.011659 -1.359937
v 0.507385 -0.008138 -1.355651
v 0.492001 -0.011935 -1.349258
v 0.498443 -0.008400 -1.343704
v 0.480897 -0.012303 -1.338359
v 0.486371 -0.008756 -1.331854
v 0.465579 -0.012813 -1.327356
v 0.470136 -0.009237 -1.320192
v 0.439646 -0.013679 -1.312843
v 0.443636 -0.010023 -1.305363
v 0.399327 -0.015026 -1.292377
v 0.403046 -0.011228 -1.284758
v 0.446030 0.000575 -1.300874
v 0.405277 -0.000182 -1.280186
v 0.446828 0.018115 -1.299378
v 0.406021 0.018115 -1.278663
v 0.472870 0.001073 -1.315894
v 0.473781 0.018115 -1.314461
v 0.489655 0.001383 -1.327951
v 0.490749 0.018115 -1.326650
v 0.502309 0.001616 -1.340371
v 0.503597 0.018115 -1.339261
v 0.511605 0.001786 -1.353079
v 0.513012 0.018115 -1.352221
v 0.518223 0.001906 -1.366076
v 0.519680 0.018115 -1.365463
v 0.522796 0.001988 -1.379347
v 0.524287 0.018115 -1.378915
v 0.526011 0.002044 -1.392828
v 0.527521 0.018115 -1.392508
v 0.528548 0.002088 -1.406437
v 0.530069 0.018115 -1.406171
v 0.563905 0.002687 -1.621062
v 0.565239 0.018115 -1.620893
v 0.565060 0.002705 -1.632977
v 0.566325 0.018115 -1.632946
v 0.564672 0.002694 -1.644203
v 0.565866 0.018115 -1.644324
v 0.563001 0.002660 -1.654747
v 0.564120 0.018115 -1.654980
v 0.565866 0.018115 -1.644324
v 0.560566 0.002612 -1.664618
v 0.561596 0.018115 -1.664950
v 0.557109 0.002544 -1.673544
v 0.558032 0.018115 -1.674005
v 0.552368 0.002453 -1.681290
v 0.553170 0.018115 -1.681917
v 0.546119 0.002335 -1.687707
v 0.539015 0.002200 -1.692693
v 0.531884 0.002066 -1.696316
v 0.524746 0.001932 -1.698789
v 0.517597 0.001797 -1.700343
v 0.510432 0.001663 -1.701210
v 0.503298 0.001529 -1.701648
v 0.503280 0.018115 -1.702420
v 0.510502 0.018115 -1.702010
v 0.517731 0.018115 -1.701141
v 0.524966 0.018115 -1.699581
v 0.532213 0.018115 -1.697101
v 0.539474 0.018115 -1.693470
v 0.546750 0.018115 -1.688458
v -0.565866 0.018115 -1.644324
v -0.566325 0.018115 -1.632946
v -0.000000 0.062070 -1.140429
v -0.000000 0.057148 -1.131768
v -0.000000 0.042492 -1.126656
v -0.000000 0.018115 -1.125092
v -0.000000 0.057148 -1.131768
v -0.000000 0.062070 -1.140429
v -0.000000 -0.025795 -1.141059
v -0.000000 -0.020882 -1.132327
v -0.000000 -0.006248 -1.127005
v -0.000000 0.018115 -1.125092
v -0.000000 -0.006248 -1.127005
v -0.000000 -0.020882 -1.132327
v -0.000000 -0.025795 -1.141059
v -0.000000 0.064269 -1.601833
v 0.399327 0.051256 -1.292377
v -0.000000 0.062070 -1.140429
v 0.465579 0.049043 -1.327356
v 0.439646 0.049909 -1.312843
v 0.509866 0.047744 -1.694805
v 0.553234 0.046246 -1.622415
v 0.506573 0.047685 -1.370977
v 0.492001 0.048165 -1.349258
v 0.480897 0.048533 -1.338359
v 0.500352 0.047889 -1.359937
v 0.513926 0.047451 -1.395391
v 0.510866 0.047547 -1.382801
v 0.516379 0.047375 -1.408568
v 0.535346 0.046882 -1.686480
v 0.552332 0.046297 -1.661968
v 0.555123 0.046193 -1.643232
v 0.554940 0.046194 -1.633227
v 0.554051 0.046234 -1.652884
v 0.545950 0.046519 -1.676272
v 0.549723 0.046389 -1.669858
v 0.541066 0.046687 -1.681695
v 0.522985 0.047301 -1.692449
v 0.529253 0.047089 -1.690036
v 0.516528 0.047519 -1.693961
v 0.503436 0.047961 -1.695472
v 0.497335 0.048166 -1.694834
v 0.565866 0.018115 -1.644324
v 0.566325 0.018115 -1.632946
v 0.503436 -0.011731 -1.695472
v 0.516528 -0.011289 -1.693961
v 0.509866 -0.011514 -1.694805
v 0.529253 -0.010859 -1.690036
v 0.522985 -0.011071 -1.692449
v -0.000000 -0.025795 -1.141059
v 0.480897 -0.012303 -1.338359
v 0.554940 -0.009964 -1.633227
v 0.549723 -0.010159 -1.669858
v 0.541066 -0.010457 -1.681695
v 0.535346 -0.010652 -1.686480
v 0.545950 -0.010289 -1.676272
v 0.554051 -0.010004 -1.652884
v 0.552332 -0.010067 -1.661968
v 0.555123 -0.009963 -1.643232
v 0.510866 -0.011317 -1.382801
v 0.516379 -0.011145 -1.408568
v 0.553234 -0.010016 -1.622415
v 0.513926 -0.011220 -1.395391
v 0.500352 -0.011659 -1.359937
v 0.506573 -0.011455 -1.370977
v 0.492001 -0.011935 -1.349258
v 0.439646 -0.013679 -1.312843
v 0.465579 -0.012813 -1.327356
v 0.399327 -0.015026 -1.292377
v -0.000000 -0.027992 -1.602101
v 0.497335 -0.011936 -1.694834
v 0.565866 0.018115 -1.644324
v 0.566325 0.018115 -1.632946
v 0.027657 0.348326 -1.775189
v 0.027737 0.362232 -1.777730
v 0.027692 0.355137 -1.776500
v 0.027966 0.376345 -1.778133
v 0.027824 0.369277 -1.778338
v 0.061413 -0.023837 -1.097259
v 0.049591 0.411728 -1.468088
v 0.031427 0.416703 -1.737804
v 0.029184 0.402413 -1.767112
v 0.028466 0.390586 -1.774553
v 0.028178 0.383509 -1.776915
v 0.028794 0.396954 -1.771412
v 0.030222 0.411011 -1.754088
v 0.029666 0.407028 -1.761232
v 0.030813 0.414463 -1.746277
v 0.046835 0.431930 -1.514216
v 0.045249 0.431374 -1.537507
v 0.032092 0.417564 -1.728208
v 0.046060 0.432036 -1.525703
v 0.048248 0.426608 -1.491913
v 0.047565 0.430360 -1.503016
v 0.048912 0.420565 -1.480493
v 0.051196 0.375263 -1.434602
v 0.050281 0.398558 -1.454367
v 0.052490 0.338537 -1.405636
v 0.031383 -0.023837 -1.627117
v 0.027702 0.342172 -1.772876
v 0.027702 0.342172 -1.772876
v 0.027546 -0.023837 -1.632929
v 0.031383 -0.023837 -1.627117
v 0.024416 0.340687 -1.775937
v 0.027657 0.348326 -1.775189
v 0.024373 0.347299 -1.778412
v 0.027692 0.355137 -1.776500
v 0.024396 0.354531 -1.779972
v 0.027737 0.362232 -1.777730
v 0.024437 0.361954 -1.781282
v 0.027824 0.369277 -1.778338
v 0.024515 0.369453 -1.781993
v 0.027966 0.376345 -1.778133
v 0.024643 0.377093 -1.781915
v 0.028178 0.383509 -1.776915
v 0.024833 0.384938 -1.780850
v 0.028466 0.390586 -1.774553
v 0.025096 0.392940 -1.778635
v 0.028794 0.396954 -1.771412
v 0.025420 0.400341 -1.775219
v 0.029184 0.402413 -1.767112
v 0.025812 0.406628 -1.770396
v 0.029666 0.407028 -1.761232
v 0.026275 0.411947 -1.764125
v 0.030222 0.411011 -1.754088
v 0.026795 0.416513 -1.756697
v 0.030813 0.414463 -1.746277
v 0.027351 0.420488 -1.748526
v 0.031427 0.416703 -1.737804
v 0.027938 0.423282 -1.739514
v 0.032092 0.417564 -1.728208
v 0.028567 0.424667 -1.729439
v 0.045249 0.431374 -1.537507
v 0.040288 0.439563 -1.538601
v 0.046060 0.432036 -1.525703
v 0.041023 0.440237 -1.526555
v 0.046835 0.431930 -1.514216
v 0.041743 0.440165 -1.514571
v 0.047565 0.430360 -1.503016
v 0.042441 0.438635 -1.502558
v 0.048248 0.426608 -1.491913
v 0.043115 0.434922 -1.490354
v 0.048912 0.420565 -1.480493
v 0.043775 0.428576 -1.477695
v 0.049591 0.411728 -1.468088
v 0.044431 0.418968 -1.464208
v 0.050281 0.398558 -1.454367
v 0.045081 0.405010 -1.449665
v 0.051196 0.375263 -1.434602
v 0.045912 0.381206 -1.429468
v 0.052490 0.338537 -1.405636
v 0.047071 0.344233 -1.400307
v 0.028847 0.384772 -1.426388
v 0.029574 0.347650 -1.397110
v -0.000000 0.385960 -1.425361
v -0.000000 0.348789 -1.396044
v 0.028321 0.408881 -1.446844
v -0.000000 0.410172 -1.445904
v 0.027901 0.423312 -1.461879
v -0.000000 0.424760 -1.461103
v 0.027471 0.433382 -1.476017
v -0.000000 0.434985 -1.475457
v 0.027032 0.439911 -1.489418
v -0.000000 0.441573 -1.489106
v 0.026586 0.443599 -1.502284
v -0.000000 0.445254 -1.502192
v 0.026131 0.445106 -1.514784
v -0.000000 0.446753 -1.514855
v 0.025670 0.445157 -1.527066
v -0.000000 0.446797 -1.527236
v -0.000000 0.446753 -1.514855
v 0.025205 0.444476 -1.539258
v -0.000000 0.446114 -1.539477
v 0.017869 0.428928 -1.730177
v -0.000000 0.430349 -1.730423
v -0.000000 0.446114 -1.539477
v 0.017463 0.427229 -1.740541
v -0.000000 0.428545 -1.740883
v 0.017080 0.424102 -1.749875
v -0.000000 0.425307 -1.750325
v 0.016721 0.419814 -1.758262
v -0.000000 0.420915 -1.758784
v 0.016386 0.414899 -1.765861
v -0.000000 0.415883 -1.766439
v 0.016084 0.409157 -1.772366
v -0.000000 0.409999 -1.773022
v 0.015822 0.402373 -1.777504
v -0.000000 0.403050 -1.778266
v 0.015607 0.394352 -1.781084
v 0.015441 0.385795 -1.783212
v 0.015321 0.377541 -1.784184
v 0.015240 0.369559 -1.784186
v 0.015191 0.361788 -1.783413
v 0.015165 0.354168 -1.782055
v 0.015154 0.346684 -1.780346
v 0.015182 0.339796 -1.777773
v 0.017086 -0.023837 -1.636394
v -0.000000 0.339499 -1.778385
v -0.000000 -0.023837 -1.637544
v -0.000000 0.346478 -1.780991
v -0.000000 0.354047 -1.782749
v -0.000000 0.361732 -1.784123
v -0.000000 0.369594 -1.784917
v -0.000000 0.377691 -1.784940
v -0.000000 0.386081 -1.783999
v -0.000000 0.394823 -1.781900
v -0.031383 -0.023837 -1.627117
v -0.052491 0.338537 -1.405636
v -0.061413 -0.023837 -1.097259
v -0.050281 0.398558 -1.454367
v -0.051197 0.375263 -1.434602
v -0.027692 0.355137 -1.776500
v -0.032092 0.417564 -1.728208
v -0.047565 0.430360 -1.503016
v -0.048912 0.420564 -1.480493
v -0.049591 0.411728 -1.468088
v -0.048249 0.426608 -1.491913
v -0.046060 0.432036 -1.525703
v -0.046836 0.431930 -1.514216
v -0.045249 0.431374 -1.537507
v -0.028178 0.383509 -1.776914
v -0.029666 0.407028 -1.761232
v -0.030813 0.414463 -1.746277
v -0.031427 0.416703 -1.737804
v -0.030222 0.411011 -1.754088
v -0.028794 0.396954 -1.771412
v -0.029185 0.402413 -1.767112
v -0.028466 0.390587 -1.774553
v -0.027824 0.369277 -1.778338
v -0.027966 0.376345 -1.778133
v -0.027737 0.362232 -1.777730
v -0.027657 0.348326 -1.775189
v -0.027702 0.342172 -1.772876
v -0.027702 0.342172 -1.772876
v -0.027547 -0.023837 -1.632929
v -0.024416 0.340687 -1.775937
v -0.031383 -0.023837 -1.627117
v -0.027657 0.348326 -1.775189
v -0.024374 0.347299 -1.778412
v -0.027692 0.355137 -1.776500
v -0.024396 0.354531 -1.779972
v -0.027737 0.362232 -1.777730
v -0.024437 0.361954 -1.781282
v -0.027824 0.369277 -1.778338
v -0.024515 0.369453 -1.781993
v -0.027966 0.376345 -1.778133
v -0.024643 0.377093 -1.781915
v -0.028178 0.383509 -1.776914
v -0.024834 0.384938 -1.780850
v -0.028466 0.390587 -1.774553
v -0.025096 0.392940 -1.778635
v -0.028794 0.396954 -1.771412
v -0.025421 0.400341 -1.775219
v -0.029185 0.402413 -1.767112
v -0.025812 0.406628 -1.770396
v -0.029666 0.407028 -1.761232
v -0.026275 0.411947 -1.764125
v -0.030222 0.411011 -1.754088
v -0.026796 0.416513 -1.756697
v -0.030813 0.414463 -1.746277
v -0.027351 0.420488 -1.748526
v -0.031427 0.416703 -1.737804
v -0.027939 0.423282 -1.739514
v -0.032092 0.417564 -1.728208
v -0.028567 0.424667 -1.729439
v -0.045249 0.431374 -1.537507
v -0.040288 0.439563 -1.538601
v -0.046060 0.432036 -1.525703
v -0.041024 0.440237 -1.526555
v -0.046836 0.431930 -1.514216
v -0.041743 0.440164 -1.514571
v -0.047565 0.430360 -1.503016
v -0.042441 0.438635 -1.502558
v -0.048249 0.426608 -1.491913
v -0.043116 0.434922 -1.490354
v -0.048912 0.420564 -1.480493
v -0.043775 0.428576 -1.477695
v -0.049591 0.411728 -1.468088
v -0.044432 0.418968 -1.464208
v -0.050281 0.398558 -1.454367
v -0.045081 0.405010 -1.449665
v -0.051197 0.375263 -1.434602
v -0.045913 0.381206 -1.429468
v -0.052491 0.338537 -1.405636
v -0.047071 0.344233 -1.400307
v -0.028847 0.384772 -1.426388
v -0.029574 0.347650 -1.397110
v -0.000000 0.385960 -1.425361
v -0.000000 0.348789 -1.396044
v -0.028321 0.408881 -1.446844
v -0.000000 0.410172 -1.445904
v -0.027901 0.423312 -1.461879
v -0.000000 0.424760 -1.461103
v -0.027471 0.433382 -1.476017
v -0.000000 0.434985 -1.475457
v -0.027033 0.439911 -1.489418
v -0.000000 0.441573 -1.489106
v -0.026586 0.443599 -1.502284
v -0.000000 0.445254 -1.502192
v -0.026132 0.445105 -1.514784
v -0.000000 0.446753 -1.514855
v -0.025670 0.445157 -1.527066
v -0.000000 0.446797 -1.527236
v -0.000000 0.446753 -1.514855
v -0.025205 0.444476 -1.539257
v -0.000000 0.446114 -1.539477
v -0.017870 0.428928 -1.730177
v -0.000000 0.430349 -1.730423
v -0.000000 0.446114 -1.539477
v -0.017463 0.427229 -1.740541
v -0.000000 0.428545 -1.740883
v -0.017080 0.424102 -1.749875
v -0.000000 0.425307 -1.750325
v -0.016722 0.419814 -1.758262
v -0.000000 0.420915 -1.758784
v -0.016387 0.414899 -1.765861
v -0.000000 0.415883 -1.766439
v -0.016084 0.409157 -1.772366
v -0.000000 0.409999 -1.773022
v -0.015823 0.402373 -1.777504
v -0.000000 0.403050 -1.778266
v -0.015607 0.394352 -1.781084
v -0.015441 0.385795 -1.783212
v -0.015321 0.377541 -1.784184
v -0.015241 0.369559 -1.784186
v -0.015192 0.361788 -1.783413
v -0.015166 0.354168 -1.782055
v -0.015155 0.346684 -1.780346
v -0.015182 0.339796 -1.777773
v -0.017086 -0.023837 -1.636394
v -0.000000 0.339499 -1.778385
v -0.000000 -0.023837 -1.637544
v -0.000000 0.346478 -1.780991
v -0.000000 0.354047 -1.782749
v -0.000000 0.361732 -1.784123
v -0.000000 0.369594 -1.784917
v -0.000000 0.377691 -1.784940
v -0.000000 0.386081 -1.783999
v -0.000000 0.394823 -1.781900
v 0.061413 -0.023837 -1.097259
v 0.055154 -0.023837 -1.087879
v 0.034683 -0.023837 -1.082252
v -0.000000 -0.023837 -1.080377
v -0.061413 -0.023837 -1.097259
v -0.055154 -0.023837 -1.087879
v -0.034683 -0.023837 -1.082252
v -0.000000 -0.023837 -1.080377
v -0.151207 -0.081366 -1.051313
v -0.135564 -0.032139 -1.228772
v -0.142107 -0.029758 -1.051313
v -0.144244 -0.081366 -1.228772
v -0.110571 0.011150 -1.228772
v -0.115905 0.015626 -1.051313
v -0.072279 0.043281 -1.228772
v -0.075761 0.049311 -1.051313
v -0.025307 0.060377 -1.228772
v -0.026516 0.067234 -1.051313
v 0.024679 0.060377 -1.228772
v 0.025888 0.067234 -1.051313
v 0.071651 0.043281 -1.228772
v 0.075132 0.049311 -1.051313
v 0.109942 0.011150 -1.228772
v 0.115276 0.015626 -1.051313
v 0.134936 -0.032139 -1.228772
v 0.141478 -0.029758 -1.051313
v 0.143616 -0.081366 -1.228772
v 0.150578 -0.081366 -1.051313
v -0.058263 0.019004 -1.488923
v -0.020440 0.032771 -1.488923
v 0.019811 0.032771 -1.488923
v 0.057634 0.019004 -1.488923
v 0.088468 -0.006869 -1.488923
v 0.108594 -0.041727 -1.488923
v 0.115583 -0.081366 -1.488923
v -0.012176 -0.014092 -1.679169
v -0.034470 -0.022207 -1.679169
v -0.089097 -0.006869 -1.488923
v -0.109222 -0.041727 -1.488923
v -0.116211 -0.081366 -1.488923
v -0.064506 -0.058002 -1.679169
v -0.068626 -0.081366 -1.679169
v -0.052644 -0.037456 -1.679169
v 0.033842 -0.022207 -1.679169
v 0.052015 -0.037456 -1.679169
v 0.067997 -0.081366 -1.679169
v -0.046275 -0.064638 -1.709030
v -0.049224 -0.081366 -1.709030
v -0.037781 -0.049927 -1.709030
v -0.024769 -0.039009 -1.709030
v -0.008807 -0.033199 -1.709030
v 0.008179 -0.033199 -1.709030
v 0.011548 -0.014092 -1.679169
v 0.024141 -0.039009 -1.709030
v 0.037153 -0.049927 -1.709030
v 0.063878 -0.058002 -1.679169
v 0.045646 -0.064638 -1.709030
v 0.048596 -0.081366 -1.709030
v 0.150578 -0.081366 -1.051313
v 0.134936 -0.130593 -1.228772
v 0.141478 -0.132974 -1.051313
v 0.143616 -0.081366 -1.228772
v 0.109943 -0.173882 -1.228772
v 0.115276 -0.178358 -1.051313
v 0.071651 -0.206013 -1.228772
v 0.075132 -0.212043 -1.051313
v 0.024679 -0.223109 -1.228772
v 0.025888 -0.229966 -1.051313
v -0.025307 -0.223109 -1.228772
v -0.026516 -0.229966 -1.051313
v -0.072279 -0.206013 -1.228772
v -0.075760 -0.212043 -1.051313
v -0.110571 -0.173882 -1.228772
v -0.115905 -0.178358 -1.051313
v -0.135564 -0.130593 -1.228772
v -0.142107 -0.132974 -1.051313
v -0.144244 -0.081366 -1.228772
v -0.151207 -0.081366 -1.051313
v 0.057634 -0.181736 -1.488923
v 0.019811 -0.195502 -1.488923
v -0.020439 -0.195503 -1.488923
v -0.058263 -0.181736 -1.488923
v -0.089097 -0.155863 -1.488923
v -0.109222 -0.121005 -1.488923
v -0.116211 -0.081366 -1.488923
v 0.011548 -0.148640 -1.679169
v 0.033842 -0.140525 -1.679169
v 0.088468 -0.155863 -1.488923
v 0.108594 -0.121005 -1.488923
v 0.115583 -0.081366 -1.488923
v 0.063878 -0.104730 -1.679169
v 0.067997 -0.081366 -1.679169
v 0.052015 -0.125276 -1.679169
v -0.034470 -0.140526 -1.679169
v -0.052644 -0.125276 -1.679169
v -0.068626 -0.081366 -1.679169
v 0.045646 -0.098094 -1.709030
v 0.048596 -0.081366 -1.709030
v 0.037153 -0.112805 -1.709030
v 0.024141 -0.123723 -1.709030
v 0.008179 -0.129533 -1.709030
v -0.008807 -0.129533 -1.709030
v -0.012176 -0.148640 -1.679169
v -0.024769 -0.123723 -1.709030
v -0.037781 -0.112805 -1.709030
v -0.064506 -0.104730 -1.679169
v -0.046275 -0.098094 -1.709030
v -0.049224 -0.081366 -1.709030
v -0.049224 -0.081366 -1.709030
v -0.000314 -0.081366 -1.728413
v -0.046275 -0.064638 -1.709030
v -0.037781 -0.049927 -1.709030
v -0.024769 -0.039009 -1.709030
v -0.008807 -0.033199 -1.709030
v 0.008179 -0.033199 -1.709030
v 0.024141 -0.039009 -1.709030
v 0.037153 -0.049927 -1.709030
v 0.045646 -0.064638 -1.709030
v 0.048596 -0.081366 -1.709030
v 0.045646 -0.098094 -1.709030
v 0.037153 -0.112805 -1.709030
v 0.024141 -0.123723 -1.709030
v 0.008179 -0.129533 -1.709030
v -0.008807 -0.129533 -1.709030
v -0.024769 -0.123723 -1.709030
v -0.037781 -0.112805 -1.709030
v -0.046275 -0.098094 -1.709030
v -0.000308 -0.043578 1.236841
v -0.000308 0.200613 0.916224
v -0.000308 -0.119141 1.236841
v -0.000308 -0.363332 0.916224
v -0.000308 -0.043578 1.236841
v -0.000308 0.200613 0.916224
vn -0.0000 0.4286 0.9035
vn -0.0847 0.4203 0.9034
vn -0.0000 -0.0000 1.0000
vn -0.1660 0.3957 0.9032
vn -0.2409 0.3559 0.9029
vn -0.3064 0.3025 0.9026
vn -0.3600 0.2375 0.9022
vn -0.3998 0.1635 0.9019
vn -0.4242 0.0833 0.9017
vn -0.4325 -0.0000 0.9017
vn -0.4242 -0.0833 0.9017
vn -0.3998 -0.1635 0.9019
vn -0.3600 -0.2375 0.9022
vn -0.3064 -0.3025 0.9026
vn -0.2409 -0.3559 0.9029
vn -0.1660 -0.3957 0.9032
vn -0.0847 -0.4203 0.9034
vn -0.1373 0.6817 0.7187
vn -0.2691 0.6417 0.7182
vn -0.3353 0.7997 0.4980
vn -0.1711 0.8498 0.4985
vn -0.3630 0.8673 0.3406
vn -0.1853 0.9222 0.3395
vn -0.0000 0.8668 0.4986
vn 0.0001 0.9408 0.3391
vn -0.5258 0.7788 0.3420
vn -0.4861 0.7186 0.4973
vn -0.6675 0.6606 0.3436
vn -0.6175 0.6101 0.4964
vn -0.7829 0.5176 0.3451
vn -0.7249 0.4785 0.4956
vn -0.8680 0.3557 0.3464
vn -0.8042 0.3291 0.4949
vn -0.9202 0.1811 0.3471
vn -0.8529 0.1676 0.4944
vn -0.9378 -0.0001 0.3472
vn -0.8693 -0.0000 0.4942
vn -0.9203 -0.1812 0.3468
vn -0.8529 -0.1676 0.4944
vn -0.8682 -0.3559 0.3458
vn -0.8042 -0.3291 0.4949
vn -0.7831 -0.5178 0.3443
vn -0.7249 -0.4785 0.4956
vn -0.6678 -0.6608 0.3427
vn -0.6175 -0.6101 0.4964
vn -0.5260 -0.7790 0.3412
vn -0.4861 -0.7186 0.4973
vn -0.3632 -0.8675 0.3400
vn -0.3353 -0.7997 0.4980
vn -0.1855 -0.9223 0.3392
vn -0.1711 -0.8498 0.4985
vn -0.0001 -0.9408 0.3391
vn -0.0000 -0.8668 0.4986
vn -0.9045 -0.3742 0.2046
vn -0.9599 -0.1907 0.2055
vn -0.9786 -0.0001 0.2058
vn -0.9600 0.1906 0.2052
vn -0.9046 0.3742 0.2040
vn -0.8146 0.5436 0.2023
vn -0.6932 0.6923 0.2003
vn -0.5450 0.8146 0.1983
vn -0.3756 0.9057 0.1967
vn -0.1915 0.9618 0.1957
vn -0.0000 0.9807 0.1955
vn -0.0000 0.9947 0.1025
vn -0.2007 0.9743 0.1025
vn -0.3929 0.9139 0.1025
vn -0.4689 0.8773 0.1021
vn -0.5734 0.8128 0.1025
vn -0.6311 0.7690 0.1021
vn -0.7308 0.6749 0.1025
vn -0.7694 0.6306 0.1020
vn -0.8581 0.5069 0.0813
vn -0.9218 0.3818 0.0665
vn -0.9786 0.1947 0.0666
vn -0.9978 -0.0000 0.0666
vn -0.9786 -0.1947 0.0666
vn -0.9218 -0.3818 0.0666
vn -0.8296 -0.5543 0.0666
vn -0.8145 -0.5435 0.2030
vn -0.6931 -0.6922 0.2011
vn -0.5450 -0.8145 0.1991
vn -0.3756 -0.9055 0.1973
vn -0.1916 -0.9617 0.1960
vn -0.0000 -0.9807 0.1955
vn -0.7055 -0.7055 0.0666
vn -0.5543 -0.8296 0.0666
vn -0.3818 -0.9218 0.0666
vn -0.1947 -0.9786 0.0666
vn -0.0000 -0.9978 0.0665
vn -0.5556 -0.8315 -0.0003
vn -0.7071 -0.7071 -0.0003
vn -0.8315 -0.5556 -0.0003
vn -0.9239 -0.3827 -0.0003
vn -0.9808 -0.1951 -0.0003
vn -1.0000 -0.0000 -0.0003
vn -0.9808 0.1951 -0.0003
vn -0.3827 -0.9239 -0.0003
vn -0.1951 -0.9808 -0.0003
vn -0.0000 -1.0000 -0.0003
vn -0.9972 -0.0000 -0.0743
vn -0.9781 0.1946 -0.0743
vn -0.9565 0.2901 -0.0312
vn -0.9569 0.2903 0.0013
vn -0.9564 0.2902 -0.0313
vn -0.9484 0.3156 -0.0310
vn -0.9214 0.3815 -0.0740
vn -0.8786 0.4696 -0.0868
vn -0.1946 -0.9781 -0.0743
vn -0.3816 -0.9213 -0.0743
vn -0.0000 -0.9972 -0.0743
vn -0.9106 0.3772 -0.1687
vn -0.8759 0.4682 -0.1170
vn -0.8546 0.5059 -0.1174
vn -0.8196 0.5476 -0.1687
vn -0.7677 0.6300 -0.1170
vn -0.7294 0.6740 -0.1174
vn -0.6970 0.6970 -0.1687
vn -0.6300 0.7677 -0.1170
vn -0.6210 0.7567 -0.2044
vn -0.9667 0.1923 -0.1687
vn -0.9857 -0.0000 -0.1687
vn -0.9667 -0.1923 -0.1687
vn -0.9781 -0.1946 -0.0743
vn -0.9213 -0.3816 -0.0743
vn -0.8292 -0.5540 -0.0743
vn -0.7052 -0.7052 -0.0743
vn -0.5540 -0.8292 -0.0743
vn -0.9106 -0.3772 -0.1687
vn -0.8196 -0.5476 -0.1687
vn -0.6970 -0.6970 -0.1687
vn -0.5476 -0.8196 -0.1687
vn -0.3772 -0.9106 -0.1687
vn -0.1923 -0.9667 -0.1687
vn -0.0000 -0.9857 -0.1687
vn -0.7963 -0.5321 -0.2878
vn -0.8848 -0.3665 -0.2878
vn -0.9393 -0.1868 -0.2878
vn -0.9577 -0.0000 -0.2878
vn -0.9393 0.1868 -0.2878
vn -0.8848 0.3665 -0.2878
vn -0.7963 0.5321 -0.2878
vn -0.6772 0.6772 -0.2878
vn -0.5321 0.7963 -0.2878
vn -0.5614 0.7977 -0.2204
vn -0.3884 0.8948 -0.2204
vn -0.3665 0.8848 -0.2878
vn -0.5032 0.7531 -0.4238
vn -0.3466 0.8368 -0.4238
vn -0.1868 0.9393 -0.2878
vn -0.1767 0.8884 -0.4238
vn -0.0000 0.9577 -0.2878
vn -0.0000 0.9754 -0.2205
vn -0.1966 0.9554 -0.2205
vn -0.0000 0.9058 -0.4238
vn -0.6405 0.6405 -0.4238
vn -0.7531 0.5032 -0.4238
vn -0.8368 0.3466 -0.4238
vn -0.8884 0.1767 -0.4238
vn -0.9058 -0.0000 -0.4238
vn -0.8884 -0.1767 -0.4238
vn -0.8368 -0.3466 -0.4238
vn -0.7531 -0.5032 -0.4238
vn -0.6405 -0.6405 -0.4238
vn -0.6772 -0.6772 -0.2878
vn -0.5321 -0.7963 -0.2878
vn -0.3665 -0.8848 -0.2878
vn -0.1868 -0.9393 -0.2878
vn -0.0000 -0.9577 -0.2878
vn -0.5032 -0.7531 -0.4238
vn -0.3466 -0.8368 -0.4238
vn -0.1767 -0.8884 -0.4238
vn -0.0000 -0.9058 -0.4238
vn -0.4549 -0.6807 -0.5742
vn -0.5789 -0.5789 -0.5742
vn -0.6807 -0.4549 -0.5742
vn -0.7564 -0.3133 -0.5742
vn -0.8030 -0.1597 -0.5742
vn -0.8187 -0.0000 -0.5742
vn -0.8030 0.1597 -0.5742
vn -0.7564 0.3133 -0.5742
vn -0.6807 0.4549 -0.5742
vn -0.5789 0.5789 -0.5742
vn -0.4549 0.6807 -0.5742
vn -0.3133 0.7564 -0.5742
vn -0.1597 0.8030 -0.5742
vn -0.0000 0.8187 -0.5742
vn -0.2533 0.6116 -0.7495
vn -0.1291 0.6493 -0.7495
vn -0.0000 0.6620 -0.7495
vn -0.1291 0.6492 -0.7495
vn -0.3678 0.5504 -0.7495
vn -0.4681 0.4681 -0.7495
vn -0.5504 0.3678 -0.7495
vn -0.6116 0.2533 -0.7495
vn -0.6492 0.1291 -0.7495
vn -0.6620 -0.0000 -0.7495
vn -0.6492 -0.1291 -0.7495
vn -0.6116 -0.2533 -0.7495
vn -0.5504 -0.3678 -0.7495
vn -0.4681 -0.4681 -0.7495
vn -0.3678 -0.5504 -0.7495
vn -0.2533 -0.6116 -0.7495
vn -0.3133 -0.7564 -0.5742
vn -0.1597 -0.8030 -0.5742
vn -0.0000 -0.8187 -0.5742
vn -0.1291 -0.6492 -0.7495
vn -0.0000 -0.6620 -0.7495
vn -0.2782 -0.2782 -0.9194
vn -0.3271 -0.2186 -0.9194
vn -0.3635 -0.1505 -0.9194
vn -0.3858 -0.0767 -0.9194
vn -0.3934 -0.0000 -0.9194
vn -0.3858 0.0767 -0.9194
vn -0.3634 0.1505 -0.9194
vn -0.3271 0.2185 -0.9194
vn -0.2782 0.2782 -0.9194
vn -0.2186 0.3271 -0.9194
vn -0.1505 0.3634 -0.9194
vn -0.0938 0.4387 -0.8937
vn 0.0064 0.4485 -0.8937
vn -0.0000 -0.4286 0.9035
vn -0.0000 -0.6952 0.7188
vn -0.1373 -0.6817 0.7187
vn -0.2691 -0.6417 0.7182
vn -0.3903 -0.5769 0.7176
vn -0.4961 -0.4900 0.7168
vn -0.5826 -0.3845 0.7161
vn -0.6467 -0.2646 0.7154
vn -0.6860 -0.1348 0.7150
vn -0.6993 -0.0000 0.7148
vn -0.6860 0.1348 0.7150
vn -0.6467 0.2646 0.7154
vn -0.5826 0.3845 0.7161
vn -0.4961 0.4900 0.7168
vn -0.3902 0.5769 0.7176
vn 0.0847 -0.4203 0.9034
vn 0.1660 -0.3957 0.9032
vn 0.2409 -0.3559 0.9029
vn 0.3064 -0.3025 0.9026
vn 0.3600 -0.2375 0.9022
vn 0.3998 -0.1635 0.9019
vn 0.4242 -0.0833 0.9017
vn 0.4325 -0.0000 0.9017
vn 0.4242 0.0833 0.9017
vn 0.3997 0.1635 0.9019
vn 0.3600 0.2375 0.9022
vn 0.3064 0.3025 0.9026
vn 0.2409 0.3559 0.9029
vn 0.1660 0.3957 0.9032
vn 0.0847 0.4203 0.9034
vn 0.1373 -0.6817 0.7187
vn 0.2691 -0.6417 0.7182
vn 0.3353 -0.7997 0.4980
vn 0.1711 -0.8498 0.4985
vn 0.3630 -0.8673 0.3406
vn 0.1853 -0.9222 0.3395
vn 0.5258 -0.7788 0.3420
vn 0.4861 -0.7186 0.4973
vn 0.6675 -0.6606 0.3436
vn 0.6175 -0.6101 0.4964
vn 0.7829 -0.5176 0.3451
vn 0.7249 -0.4785 0.4956
vn 0.8680 -0.3557 0.3464
vn 0.8042 -0.3291 0.4949
vn 0.9202 -0.1811 0.3471
vn 0.8529 -0.1676 0.4944
vn 0.9378 0.0001 0.3472
vn 0.8693 -0.0000 0.4942
vn 0.9203 0.1812 0.3468
vn 0.8529 0.1676 0.4944
vn 0.8682 0.3559 0.3458
vn 0.8042 0.3291 0.4949
vn 0.7831 0.5178 0.3443
vn 0.7249 0.4785 0.4956
vn 0.6677 0.6608 0.3427
vn 0.6175 0.6101 0.4964
vn 0.5260 0.7790 0.3412
vn 0.4861 0.7187 0.4973
vn 0.3632 0.8675 0.3400
vn 0.3353 0.7997 0.4980
vn 0.1855 0.9223 0.3392
vn 0.1711 0.8498 0.4985
vn 0.9045 0.3742 0.2046
vn 0.9599 0.1907 0.2055
vn 0.9786 0.0001 0.2058
vn 0.9600 -0.1906 0.2052
vn 0.9046 -0.3742 0.2040
vn 0.8146 -0.5436 0.2023
vn 0.6932 -0.6923 0.2003
vn 0.5450 -0.8146 0.1983
vn 0.3756 -0.9057 0.1967
vn 0.1915 -0.9618 0.1957
vn -0.0001 -0.9807 0.1955
vn 0.1947 -0.9786 0.0666
vn 0.3818 -0.9218 0.0666
vn 0.5543 -0.8296 0.0666
vn 0.7055 -0.7055 0.0666
vn 0.8296 -0.5543 0.0666
vn 0.9218 -0.3818 0.0666
vn 0.9786 -0.1947 0.0666
vn 0.9978 -0.0000 0.0666
vn 0.9786 0.1947 0.0666
vn 0.9218 0.3818 0.0665
vn 0.8145 0.5435 0.2030
vn 0.6931 0.6922 0.2011
vn 0.5450 0.8145 0.1991
vn 0.3756 0.9055 0.1973
vn 0.1916 0.9617 0.1960
vn 0.8581 0.5069 0.0813
vn 0.7694 0.6306 0.1020
vn 0.7308 0.6749 0.1025
vn 0.6311 0.7690 0.1021
vn 0.5734 0.8128 0.1025
vn 0.4689 0.8773 0.1021
vn 0.3929 0.9139 0.1025
vn 0.2007 0.9743 0.1025
vn 0.3861 0.9192 0.0776
vn 0.4808 0.8753 -0.0520
vn 0.4995 0.8626 -0.0801
vn 0.5012 0.8466 -0.1791
vn 0.5157 0.8446 -0.1438
vn 0.4864 0.8346 -0.2586
vn 0.4645 0.8420 -0.2744
vn 0.5015 0.8271 -0.2538
vn 0.4421 0.8431 -0.3060
vn 0.5247 0.8106 -0.2601
vn 0.5271 0.8117 -0.2515
vn 0.4776 0.8550 -0.2020
vn 0.4780 0.8422 -0.2494
vn 0.4781 0.8515 -0.2151
vn 0.4295 0.8956 -0.1160
vn 0.4228 0.8990 -0.1142
vn 0.3863 0.9204 -0.0608
vn 0.3843 0.9213 -0.0598
vn 0.4128 0.9108 -0.0104
vn 0.4151 0.9096 -0.0166
vn 0.4111 0.9046 0.1126
vn 0.4111 0.9050 0.1089
vn 0.4247 0.8811 0.2079
vn 0.4230 0.8828 0.2042
vn 0.4116 0.8796 0.2385
vn 0.4120 0.8783 0.2425
vn 0.4473 0.8545 0.2641
vn 0.4471 0.8598 0.2468
vn 0.4505 0.8503 0.2721
vn 0.4551 0.8455 0.2792
vn 0.4904 0.8316 0.2605
vn 0.4903 0.8387 0.2369
vn 0.5298 0.8352 0.1474
vn 0.5434 0.8221 0.1698
vn 0.5250 0.8444 0.1064
vn 0.5268 0.8448 0.0938
vn 0.5267 0.8430 0.1088
vn 0.4652 0.8852 -0.0048
vn 0.4782 0.8782 0.0010
vn 0.2882 0.9575 -0.0152
vn 0.3026 0.9530 0.0144
vn 0.1514 0.9347 0.3216
vn 0.1785 0.9351 0.3063
vn 0.1081 0.9259 0.3620
vn -0.0068 0.9514 0.3078
vn -0.0060 0.9513 0.3082
vn 0.1373 0.6817 0.7187
vn 0.2691 0.6417 0.7182
vn 0.3902 0.5769 0.7176
vn 0.4961 0.4900 0.7168
vn 0.5826 0.3845 0.7161
vn 0.6467 0.2646 0.7154
vn 0.6860 0.1348 0.7150
vn 0.6993 -0.0000 0.7148
vn 0.6860 -0.1348 0.7150
vn 0.6467 -0.2646 0.7154
vn 0.5826 -0.3845 0.7161
vn 0.4961 -0.4900 0.7168
vn 0.3902 -0.5769 0.7176
vn -0.8815 0.4712 0.0306
vn -0.9481 0.3165 0.0307
vn -0.9565 0.2901 0.0306
vn 0.1951 -0.9808 -0.0003
vn 0.3827 -0.9239 -0.0003
vn 0.5556 -0.8315 -0.0003
vn 0.7071 -0.7071 -0.0003
vn 0.8315 -0.5556 -0.0003
vn 0.9239 -0.3827 -0.0003
vn 0.9808 -0.1951 -0.0003
vn 1.0000 -0.0000 -0.0003
vn 0.9808 0.1951 -0.0003
vn 0.9565 0.2902 0.0306
vn 0.9569 0.2903 0.0013
vn 0.9565 0.2901 0.0306
vn 0.9481 0.3165 0.0307
vn 0.8815 0.4712 0.0306
vn 0.9781 -0.1945 -0.0743
vn 0.9213 -0.3816 -0.0743
vn 0.9972 -0.0000 -0.0743
vn 0.9781 0.1946 -0.0743
vn 0.9564 0.2902 -0.0312
vn 0.9213 0.3816 -0.0743
vn 0.9470 0.3198 -0.0304
vn 0.9565 0.2901 -0.0312
vn 0.8786 0.4696 -0.0868
vn 0.9667 -0.1923 -0.1687
vn 0.9106 -0.3772 -0.1687
vn 0.8292 -0.5540 -0.0743
vn 0.7052 -0.7052 -0.0743
vn 0.5540 -0.8292 -0.0743
vn 0.3816 -0.9213 -0.0743
vn 0.1946 -0.9781 -0.0743
vn 0.1923 -0.9667 -0.1687
vn 0.3772 -0.9106 -0.1687
vn 0.5476 -0.8196 -0.1687
vn 0.6970 -0.6970 -0.1687
vn 0.8196 -0.5476 -0.1687
vn 0.1868 -0.9393 -0.2878
vn 0.3665 -0.8848 -0.2878
vn 0.5321 -0.7963 -0.2878
vn 0.6772 -0.6772 -0.2878
vn 0.7963 -0.5321 -0.2878
vn 0.8848 -0.3665 -0.2878
vn 0.9393 -0.1868 -0.2878
vn 0.9577 -0.0000 -0.2878
vn 0.9857 -0.0000 -0.1687
vn 0.9667 0.1923 -0.1687
vn 0.9106 0.3772 -0.1687
vn 0.8759 0.4682 -0.1170
vn 0.8196 0.5476 -0.1687
vn 0.8546 0.5059 -0.1174
vn 0.7677 0.6300 -0.1170
vn 0.6970 0.6970 -0.1687
vn 0.7294 0.6740 -0.1174
vn 0.6300 0.7677 -0.1170
vn 0.6210 0.7567 -0.2044
vn 0.9393 0.1868 -0.2878
vn 0.8848 0.3665 -0.2878
vn 0.7963 0.5321 -0.2878
vn 0.6772 0.6772 -0.2878
vn 0.5321 0.7963 -0.2878
vn 0.5614 0.7977 -0.2204
vn 0.8884 0.1767 -0.4238
vn 0.9058 -0.0000 -0.4238
vn 0.8884 -0.1767 -0.4238
vn 0.8368 -0.3466 -0.4238
vn 0.7531 -0.5032 -0.4238
vn 0.6405 -0.6405 -0.4238
vn 0.5032 -0.7531 -0.4238
vn 0.3466 -0.8368 -0.4238
vn 0.1767 -0.8884 -0.4238
vn 0.1597 -0.8030 -0.5742
vn 0.3133 -0.7564 -0.5742
vn 0.4549 -0.6807 -0.5742
vn 0.5789 -0.5789 -0.5742
vn 0.6807 -0.4549 -0.5742
vn 0.7564 -0.3133 -0.5742
vn 0.8030 -0.1597 -0.5742
vn 0.8187 -0.0000 -0.5742
vn 0.8030 0.1597 -0.5742
vn 0.7564 0.3133 -0.5742
vn 0.8368 0.3466 -0.4238
vn 0.7531 0.5032 -0.4238
vn 0.6405 0.6405 -0.4238
vn 0.5032 0.7531 -0.4238
vn 0.3466 0.8368 -0.4238
vn 0.3665 0.8848 -0.2878
vn 0.1767 0.8884 -0.4238
vn 0.1868 0.9393 -0.2878
vn 0.2832 0.9336 -0.2195
vn 0.3884 0.8948 -0.2204
vn 0.5789 0.5789 -0.5742
vn 0.6807 0.4549 -0.5742
vn 0.3133 0.7564 -0.5742
vn 0.4549 0.6807 -0.5742
vn 0.1597 0.8030 -0.5742
vn 0.5504 0.3678 -0.7495
vn 0.6116 0.2533 -0.7495
vn 0.6492 0.1291 -0.7495
vn 0.6620 -0.0000 -0.7495
vn 0.6492 -0.1291 -0.7495
vn 0.6116 -0.2533 -0.7495
vn 0.5504 -0.3678 -0.7495
vn 0.4681 -0.4681 -0.7495
vn 0.3678 -0.5504 -0.7495
vn 0.2533 -0.6116 -0.7495
vn 0.1291 -0.6492 -0.7495
vn 0.0767 -0.3858 -0.9194
vn -0.0000 -0.3934 -0.9194
vn 0.1505 -0.3635 -0.9194
vn 0.2185 -0.3271 -0.9194
vn 0.2781 -0.2781 -0.9194
vn 0.3271 -0.2186 -0.9194
vn 0.3634 -0.1505 -0.9194
vn 0.3858 -0.0768 -0.9194
vn 0.3934 -0.0000 -0.9194
vn 0.3858 0.0767 -0.9194
vn 0.3635 0.1505 -0.9194
vn 0.3271 0.2186 -0.9194
vn 0.2782 0.2782 -0.9194
vn 0.4681 0.4681 -0.7495
vn 0.3678 0.5504 -0.7495
vn 0.2533 0.6116 -0.7495
vn 0.1291 0.6492 -0.7495
vn 0.2186 0.3271 -0.9194
vn 0.1506 0.3634 -0.9194
vn 0.0768 0.3858 -0.9194
vn 0.1966 0.9554 -0.2205
vn -0.2186 -0.3271 -0.9194
vn -0.1506 -0.3634 -0.9194
vn -0.0767 -0.3858 -0.9194
vn -0.0204 0.2074 -0.9780
vn 0.0007 -0.0068 -1.0000
vn -0.2185 0.3271 -0.9194
vn -0.3271 0.2186 -0.9194
vn -0.3634 -0.1505 -0.9194
vn -0.3271 -0.2185 -0.9194
vn -0.1505 -0.3634 -0.9194
vn -0.0768 -0.3858 -0.9194
vn 0.0768 -0.3858 -0.9194
vn 0.1505 -0.3634 -0.9194
vn 0.2186 -0.3271 -0.9194
vn 0.2782 -0.2782 -0.9194
vn 0.3271 -0.2185 -0.9194
vn 0.3858 -0.0767 -0.9194
vn 0.3634 0.1505 -0.9194
vn 0.2185 0.3271 -0.9194
vn 0.1505 0.3634 -0.9194
vn 0.0767 0.3858 -0.9194
vn 0.0064 0.4486 -0.8937
vn -0.2832 0.9336 -0.2195
vn -0.0992 0.9236 0.3702
vn -0.1346 0.9377 0.3203
vn -0.0067 0.9514 0.3078
vn -0.1552 0.9548 0.2533
vn -0.3317 0.9428 -0.0335
vn -0.3334 0.9413 -0.0534
vn -0.4855 0.8742 0.0044
vn -0.4927 0.8698 0.0271
vn -0.4724 0.8616 0.1856
vn -0.4632 0.8595 0.2161
vn -0.4719 0.8663 0.1638
vn -0.5286 0.8356 0.1497
vn -0.5420 0.8209 0.1797
vn -0.4950 0.8315 0.2523
vn -0.4849 0.8397 0.2445
vn -0.4528 0.8520 0.2627
vn -0.4514 0.8479 0.2778
vn -0.4495 0.8529 0.2654
vn -0.4454 0.8594 0.2512
vn -0.4114 0.8813 0.2325
vn -0.4119 0.8799 0.2369
vn -0.4235 0.8807 0.2120
vn -0.4246 0.8815 0.2066
vn -0.4112 0.9047 0.1115
vn -0.4109 0.9053 0.1080
vn -0.4148 0.9099 -0.0066
vn -0.4127 0.9108 -0.0127
vn -0.3847 0.9203 -0.0710
vn -0.3868 0.9195 -0.0693
vn -0.4230 0.8989 -0.1140
vn -0.4292 0.8964 -0.1105
vn -0.4744 0.8565 -0.2034
vn -0.4800 0.8514 -0.2114
vn -0.4811 0.8397 -0.2518
vn -0.5260 0.8149 -0.2435
vn -0.5214 0.8184 -0.2417
vn -0.4673 0.8400 -0.2757
vn -0.4324 0.8411 -0.3250
vn -0.4951 0.8307 -0.2546
vn -0.5029 0.8453 -0.1805
vn -0.4838 0.8331 -0.2682
vn -0.5183 0.8432 -0.1427
vn -0.4837 0.8730 -0.0630
vn -0.5040 0.8602 -0.0769
vn -0.3577 0.9295 0.0897
vn -0.3379 0.9383 0.0733
vn -0.1382 0.9352 -0.3262
vn -0.1381 0.9290 -0.3434
vn 0.0033 0.9554 -0.2955
vn 0.0030 0.9553 -0.2956
vn 0.1109 0.9402 -0.3220
vn 0.1024 0.9354 -0.3386
vn 0.1234 -0.0000 0.9924
vn 0.1295 -0.0000 0.9916
vn 0.2714 -0.0000 0.9625
vn 0.2565 -0.0000 0.9665
vn 0.4173 -0.0000 0.9088
vn 0.3947 -0.0000 0.9188
vn 0.5476 -0.0000 0.8367
vn 0.5276 -0.0000 0.8495
vn 0.6905 -0.0000 0.7234
vn 0.6619 -0.0000 0.7496
vn 0.8000 -0.0000 0.6000
vn 0.7888 -0.0000 0.6146
vn 0.8748 -0.0000 0.4845
vn 0.8618 -0.0000 0.5073
vn 0.9285 -0.0000 0.3714
vn 0.9241 -0.0000 0.3822
vn 0.9582 -0.0000 0.2860
vn 0.9550 -0.0000 0.2967
vn 0.9850 -0.0000 0.1723
vn 0.9827 -0.0000 0.1850
vn 0.9968 -0.0000 0.0797
vn 0.9966 -0.0000 0.0819
vn 0.9995 -0.0000 0.0322
vn 0.9995 -0.0000 0.0323
vn 0.9997 -0.0000 -0.0234
vn 0.9997 -0.0000 -0.0251
vn 0.9968 -0.0000 -0.0800
vn 0.9966 -0.0000 -0.0825
vn 0.9849 -0.0000 -0.1732
vn 0.9825 -0.0000 -0.1864
vn 0.9515 -0.0000 -0.3076
vn 0.9455 -0.0000 -0.3256
vn 0.8608 -0.0000 -0.5089
vn 0.8333 -0.0000 -0.5528
vn 0.6705 -0.0000 -0.7419
vn 0.6292 -0.0000 -0.7773
vn 0.4545 -0.0000 -0.8907
vn 0.4207 -0.0000 -0.9072
vn 0.2676 -0.0000 -0.9635
vn 0.2487 -0.0000 -0.9686
vn 0.1079 -0.0000 -0.9942
vn 0.1005 -0.0000 -0.9949
vn -0.0000 -0.0000 -1.0000
vn -0.1217 -0.0000 0.9926
vn -0.1276 -0.0000 0.9918
vn -0.2542 -0.0000 0.9671
vn -0.2692 -0.0000 0.9631
vn -0.3966 -0.0000 0.9180
vn -0.4189 -0.0000 0.9080
vn -0.5311 -0.0000 0.8473
vn -0.5513 -0.0000 0.8343
vn -0.6637 -0.0000 0.7480
vn -0.6920 -0.0000 0.7219
vn -0.7888 -0.0000 0.6146
vn -0.8000 -0.0000 0.6000
vn -0.8618 -0.0000 0.5073
vn -0.8748 -0.0000 0.4845
vn -0.9241 -0.0000 0.3822
vn -0.9285 -0.0000 0.3714
vn -0.9550 -0.0000 0.2967
vn -0.9582 -0.0000 0.2860
vn -0.9827 -0.0000 0.1850
vn -0.9850 -0.0000 0.1723
vn -0.9966 -0.0000 0.0819
vn -0.9968 -0.0000 0.0797
vn -0.9995 -0.0000 0.0323
vn -0.9995 -0.0000 0.0322
vn -0.9997 -0.0000 -0.0251
vn -0.9997 -0.0000 -0.0234
vn -0.9966 -0.0000 -0.0825
vn -0.9968 -0.0000 -0.0800
vn -0.9825 -0.0000 -0.1864
vn -0.9849 -0.0000 -0.1732
vn -0.9455 -0.0000 -0.3256
vn -0.9515 -0.0000 -0.3076
vn -0.8333 -0.0000 -0.5528
vn -0.8608 -0.0000 -0.5089
vn -0.6292 -0.0000 -0.7773
vn -0.6705 -0.0000 -0.7419
vn -0.4304 -0.0000 -0.9026
vn -0.4617 -0.0000 -0.8871
vn -0.2458 -0.0000 -0.9693
vn -0.2681 -0.0000 -0.9634
vn -0.0937 -0.0000 -0.9956
vn -0.1004 -0.0000 -0.9949
vn -0.0000 1.0000 -0.0000
vn -0.9230 0.3197 0.2143
vn -0.9247 0.3161 0.2119
vn -1.0000 0.0021 0.0014
vn -1.0000 -0.0021 -0.0014
vn -0.7083 0.5864 0.3930
vn -0.7058 0.5885 0.3944
vn -0.3835 0.7672 0.5142
vn -0.3817 0.7678 0.5146
vn -0.9247 -0.3161 -0.2119
vn -0.9230 -0.3197 -0.2143
vn -0.7083 -0.5864 -0.3930
vn -0.7058 -0.5885 -0.3944
vn -0.3835 -0.7672 -0.5142
vn -0.3817 -0.7678 -0.5146
vn -0.0000 -0.8307 -0.5567
vn 0.3835 -0.7672 -0.5142
vn 0.3817 -0.7678 -0.5146
vn 0.7083 -0.5864 -0.3930
vn 0.7058 -0.5885 -0.3944
vn 0.9247 -0.3161 -0.2119
vn 0.9230 -0.3197 -0.2143
vn 1.0000 0.0021 0.0014
vn 1.0000 -0.0021 -0.0014
vn 0.9230 0.3197 0.2143
vn 0.9247 0.3161 0.2119
vn 0.7058 0.5885 0.3944
vn 0.7083 0.5864 0.3930
vn 0.3817 0.7678 0.5146
vn 0.3835 0.7672 0.5142
vn -0.0000 0.8307 0.5567
vn -0.0000 0.5736 -0.8192
vn -0.0000 0.5736 -0.8191
vn -0.4562 -0.3440 0.8207
vn -0.6971 -0.1398 0.7032
vn -0.4938 -0.4988 0.7123
vn -0.7546 -0.3764 0.5375
vn -0.5336 0.0607 0.8436
vn -0.3491 -0.2128 0.9126
vn -0.2888 0.1947 0.9374
vn -0.1890 -0.1251 0.9740
vn -0.0000 0.2417 0.9703
vn -0.0000 -0.0943 0.9955
vn -0.4562 -0.6536 0.6040
vn -0.6971 -0.6129 0.3719
vn -0.3491 -0.7848 0.5121
vn -0.5336 -0.8135 0.2315
vn -0.1890 -0.8725 0.4507
vn -0.2888 -0.9475 0.1377
vn -0.0000 -0.9032 0.4291
vn -0.0000 -0.9945 0.1047
vn 0.1890 -0.8725 0.4507
vn 0.2888 -0.9475 0.1377
vn 0.3491 -0.7848 0.5121
vn 0.5336 -0.8135 0.2315
vn 0.4562 -0.6536 0.6040
vn 0.6971 -0.6129 0.3719
vn 0.4938 -0.4988 0.7123
vn 0.7546 -0.3764 0.5375
vn 0.4562 -0.3440 0.8207
vn 0.6971 -0.1398 0.7032
vn 0.3491 -0.2128 0.9126
vn 0.5336 0.0607 0.8436
vn 0.1890 -0.1251 0.9740
vn 0.2888 0.1947 0.9374
vn 0.3744 0.6220 0.6877
vn -0.0000 0.6830 0.7304
vn 0.6919 0.4482 0.5661
vn 0.9039 0.1882 0.3840
vn 0.9784 -0.1185 0.1692
vn 0.9039 -0.4252 -0.0455
vn 0.6919 -0.6852 -0.2276
vn 0.3744 -0.8590 -0.3493
vn -0.0000 -0.9200 -0.3920
vn -0.3744 -0.8590 -0.3493
vn -0.6919 -0.6852 -0.2276
vn -0.9039 -0.4252 -0.0455
vn -0.9784 -0.1185 0.1692
vn -0.9039 0.1882 0.3840
vn -0.6919 0.4482 0.5661
vn -0.3744 0.6220 0.6877
vn -0.9039 0.4252 0.0455
vn -0.9784 0.1185 -0.1692
vn -0.6919 0.6852 0.2276
vn -0.3744 0.8590 0.3493
vn -0.0000 0.9200 0.3920
vn -0.6971 0.6129 -0.3719
vn -0.7546 0.3764 -0.5375
vn -0.5336 0.8135 -0.2315
vn -0.2888 0.9475 -0.1377
vn -0.0000 0.9945 -0.1047
vn -0.9039 -0.1882 -0.3840
vn -0.6919 -0.4482 -0.5661
vn -0.3744 -0.6220 -0.6877
vn -0.0000 -0.6830 -0.7304
vn 0.3744 -0.6220 -0.6877
vn 0.6919 -0.4482 -0.5661
vn 0.9039 -0.1882 -0.3840
vn 0.9784 0.1185 -0.1692
vn 0.9039 0.4252 0.0455
vn 0.6919 0.6852 0.2276
vn 0.3744 0.8590 0.3492
vn 0.2888 0.9475 -0.1377
vn 0.5336 0.8135 -0.2315
vn 0.6971 0.6129 -0.3719
vn 0.7546 0.3764 -0.5375
vn 0.6971 0.1398 -0.7032
vn 0.5336 -0.0607 -0.8436
vn 0.2888 -0.1947 -0.9374
vn -0.0000 -0.2417 -0.9703
vn -0.2888 -0.1947 -0.9374
vn -0.5336 -0.0607 -0.8436
vn -0.6971 0.1398 -0.7032
vn 0.4562 0.3440 -0.8207
vn 0.3491 0.2128 -0.9126
vn 0.1890 0.1251 -0.9740
vn -0.0000 0.0943 -0.9955
vn -0.1890 0.1251 -0.9740
vn -0.3491 0.2128 -0.9126
vn -0.4562 0.3440 -0.8207
vn -0.4938 0.4988 -0.7123
vn -0.4562 0.6536 -0.6040
vn -0.3491 0.7848 -0.5121
vn -0.1890 0.8725 -0.4507
vn -0.0000 0.9032 -0.4291
vn 0.1890 0.8725 -0.4507
vn 0.3491 0.7848 -0.5121
vn 0.4562 0.6536 -0.6040
vn 0.4938 0.4988 -0.7123
vn -0.0000 -0.5736 0.8192
vn -0.0817 0.9463 -0.3128
vn -0.2035 0.8710 -0.4471
vn -0.1365 0.7932 -0.5934
vn -0.3033 0.5957 -0.7437
vn -0.0210 0.7941 -0.6074
vn -0.0144 0.9534 -0.3013
vn -0.1910 0.3264 -0.9257
vn -0.3525 0.2016 -0.9138
vn -0.1963 -0.0000 -0.9805
vn -0.3564 -0.0000 -0.9343
vn -0.0258 0.3382 -0.9407
vn -0.0255 -0.0000 -0.9997
vn -0.3033 -0.5957 -0.7437
vn -0.2035 -0.8710 -0.4471
vn -0.1365 -0.7932 -0.5934
vn -0.0817 -0.9463 -0.3128
vn -0.0210 -0.7941 -0.6074
vn -0.0144 -0.9534 -0.3013
vn -0.1910 -0.3264 -0.9257
vn -0.3525 -0.2016 -0.9138
vn -0.0258 -0.3382 -0.9407
vn -0.0283 0.9996 -0.0005
vn -0.0330 0.9994 -0.0040
vn -0.0226 0.9997 -0.0075
vn -0.0272 0.9996 -0.0066
vn -0.0418 0.9991 -0.0002
vn -0.0418 0.9991 -0.0006
vn -0.0067 1.0000 -0.0000
vn -0.1093 0.6491 0.7528
vn -0.0781 0.8893 0.4505
vn -0.1067 0.6801 0.7253
vn -0.0781 0.8889 0.4513
vn -0.1265 0.2204 0.9672
vn -0.1264 0.2245 0.9662
vn -0.1274 -0.0000 0.9919
vn -0.0418 -0.9991 -0.0006
vn -0.0348 -0.9994 -0.0045
vn -0.0191 -0.9496 -0.3130
vn -0.0279 -0.9995 -0.0135
vn -0.0280 -0.9996 -0.0004
vn -0.0281 -0.9996 -0.0004
vn -0.0284 -0.9996 -0.0000
vn -0.1093 -0.6491 0.7528
vn -0.1067 -0.6801 0.7253
vn -0.0781 -0.8893 0.4505
vn -0.0781 -0.8889 0.4513
vn -0.1264 -0.2245 0.9662
vn -0.1265 -0.2204 0.9672
vn -0.4528 0.1648 0.8763
vn -0.7476 0.2721 0.6058
vn -0.4818 -0.0000 0.8763
vn -0.7956 -0.0000 0.6058
vn -0.6095 0.5114 0.6058
vn -0.3691 0.3097 0.8763
vn -0.3978 0.6890 0.6058
vn -0.2409 0.4173 0.8763
vn -0.1382 0.7835 0.6058
vn -0.0837 0.4745 0.8763
vn 0.1382 0.7835 0.6058
vn 0.0837 0.4745 0.8763
vn 0.3978 0.6890 0.6058
vn 0.2409 0.4173 0.8763
vn 0.6095 0.5114 0.6058
vn 0.3691 0.3097 0.8763
vn 0.7476 0.2721 0.6058
vn 0.4528 0.1648 0.8763
vn 0.7956 -0.0000 0.6058
vn 0.4818 -0.0000 0.8763
vn 0.7476 -0.2721 0.6058
vn 0.4528 -0.1648 0.8763
vn 0.6095 -0.5114 0.6058
vn 0.3691 -0.3097 0.8763
vn 0.3978 -0.6890 0.6058
vn 0.2409 -0.4173 0.8763
vn 0.1382 -0.7835 0.6058
vn 0.0837 -0.4745 0.8763
vn -0.1382 -0.7835 0.6058
vn -0.0837 -0.4745 0.8763
vn -0.3978 -0.6890 0.6058
vn -0.2409 -0.4173 0.8763
vn -0.6095 -0.5114 0.6058
vn -0.3691 -0.3097 0.8763
vn -0.7476 -0.2721 0.6058
vn -0.4528 -0.1648 0.8763
vn -0.9354 0.3405 0.0955
vn -0.9393 0.3419 0.0280
vn -0.9954 -0.0000 0.0955
vn -0.9996 -0.0000 0.0280
vn -0.7657 0.6425 0.0280
vn -0.7625 0.6399 0.0955
vn -0.4998 0.8657 0.0280
vn -0.4977 0.8621 0.0955
vn -0.1736 0.9844 0.0280
vn -0.1729 0.9803 0.0955
vn 0.1736 0.9844 0.0280
vn 0.1729 0.9803 0.0955
vn 0.4998 0.8657 0.0280
vn 0.4977 0.8621 0.0955
vn 0.7657 0.6425 0.0280
vn 0.7625 0.6399 0.0955
vn 0.9393 0.3419 0.0280
vn 0.9354 0.3405 0.0955
vn 0.9996 -0.0000 0.0280
vn 0.9954 -0.0000 0.0955
vn -0.4987 0.8637 -0.0729
vn -0.1732 0.9822 -0.0729
vn 0.1732 0.9822 -0.0729
vn 0.4987 0.8637 -0.0729
vn 0.7640 0.6411 -0.0729
vn 0.9372 0.3411 -0.0729
vn 0.9973 -0.0000 -0.0729
vn -0.1710 0.9698 -0.1740
vn -0.4924 0.8528 -0.1740
vn -0.7640 0.6411 -0.0729
vn -0.9372 0.3411 -0.0729
vn -0.9973 -0.0000 -0.0729
vn -0.9254 0.3368 -0.1740
vn -0.9847 -0.0000 -0.1740
vn -0.7544 0.6330 -0.1740
vn 0.4924 0.8528 -0.1740
vn 0.7544 0.6330 -0.1740
vn 0.9847 -0.0000 -0.1740
vn -0.8642 0.3145 -0.3927
vn -0.9197 -0.0000 -0.3927
vn -0.7045 0.5912 -0.3927
vn -0.4598 0.7965 -0.3927
vn -0.1597 0.9057 -0.3927
vn 0.1597 0.9057 -0.3927
vn 0.1710 0.9698 -0.1740
vn 0.4598 0.7965 -0.3927
vn 0.7045 0.5912 -0.3927
vn -0.6134 0.2233 -0.7576
vn -0.6528 -0.0000 -0.7576
vn -0.5000 0.4196 -0.7576
vn -0.3264 0.5653 -0.7576
vn 0.1133 0.6428 -0.7576
vn -0.1134 0.6428 -0.7576
vn 0.5001 0.4196 -0.7576
vn 0.3264 0.5653 -0.7576
vn 0.6134 0.2232 -0.7576
vn 0.8642 0.3145 -0.3927
vn 0.6528 -0.0000 -0.7576
vn 0.9197 -0.0000 -0.3927
vn 0.9254 0.3368 -0.1740
vn 0.9354 -0.3405 0.0955
vn 0.9393 -0.3419 0.0280
vn 0.7657 -0.6425 0.0280
vn 0.7625 -0.6399 0.0955
vn 0.4998 -0.8657 0.0280
vn 0.4977 -0.8621 0.0955
vn 0.1736 -0.9844 0.0280
vn 0.1729 -0.9803 0.0955
vn -0.1736 -0.9844 0.0280
vn -0.1729 -0.9803 0.0955
vn -0.4998 -0.8657 0.0280
vn -0.4977 -0.8621 0.0955
vn -0.7657 -0.6425 0.0280
vn -0.7625 -0.6399 0.0955
vn -0.9393 -0.3419 0.0280
vn -0.9354 -0.3405 0.0955
vn 0.4987 -0.8637 -0.0729
vn 0.1732 -0.9822 -0.0729
vn -0.1732 -0.9822 -0.0729
vn -0.4987 -0.8637 -0.0729
vn -0.7640 -0.6411 -0.0729
vn -0.9372 -0.3411 -0.0729
vn 0.1710 -0.9698 -0.1740
vn 0.4924 -0.8528 -0.1740
vn 0.7640 -0.6411 -0.0729
vn 0.9372 -0.3411 -0.0729
vn 0.9254 -0.3368 -0.1740
vn 0.7544 -0.6330 -0.1740
vn -0.4924 -0.8528 -0.1740
vn -0.7544 -0.6330 -0.1740
vn 0.8642 -0.3145 -0.3927
vn 0.7045 -0.5912 -0.3927
vn 0.4598 -0.7965 -0.3927
vn 0.1597 -0.9057 -0.3927
vn -0.1597 -0.9057 -0.3927
vn -0.1710 -0.9698 -0.1740
vn -0.4598 -0.7965 -0.3927
vn -0.7045 -0.5912 -0.3927
vn 0.6134 -0.2232 -0.7576
vn 0.5000 -0.4196 -0.7576
vn 0.3264 -0.5653 -0.7576
vn -0.1134 -0.6428 -0.7576
vn 0.1134 -0.6428 -0.7576
vn -0.5000 -0.4196 -0.7576
vn -0.3264 -0.5653 -0.7576
vn -0.6134 -0.2233 -0.7576
vn -0.8642 -0.3146 -0.3927
vn -0.9254 -0.3368 -0.1740
vn -0.6527 -0.0000 -0.7576
vn 0.1134 0.6428 -0.7576
vn 0.5000 0.4196 -0.7576
vn 0.6527 -0.0000 -0.7576
vn -0.1133 -0.6428 -0.7576
vn -0.6134 -0.2232 -0.7576
vn 0.3033 0.5957 -0.7437
vn 0.2035 0.8710 -0.4471
vn 0.1365 0.7932 -0.5934
vn 0.0817 0.9463 -0.3128
vn 0.0210 0.7941 -0.6074
vn 0.0144 0.9534 -0.3013
vn 0.1910 0.3264 -0.9257
vn 0.3525 0.2016 -0.9138
vn 0.1963 -0.0000 -0.9805
vn 0.3564 -0.0000 -0.9343
vn 0.0258 0.3382 -0.9407
vn 0.0255 -0.0000 -0.9997
vn 0.0817 -0.9463 -0.3128
vn 0.2035 -0.8710 -0.4471
vn 0.1365 -0.7932 -0.5934
vn 0.3033 -0.5957 -0.7437
vn 0.0210 -0.7941 -0.6074
vn 0.0144 -0.9534 -0.3013
vn 0.1910 -0.3264 -0.9257
vn 0.3525 -0.2016 -0.9138
vn 0.0258 -0.3382 -0.9407
vn 0.0067 1.0000 -0.0000
vn 0.0272 0.9996 -0.0066
vn 0.0226 0.9997 -0.0075
vn 0.0330 0.9994 -0.0040
vn 0.0418 0.9991 -0.0002
vn 0.0418 0.9991 -0.0006
vn 0.0283 0.9996 -0.0005
vn 0.0781 0.8889 0.4513
vn 0.0781 0.8893 0.4505
vn 0.1067 0.6801 0.7253
vn 0.1093 0.6491 0.7528
vn 0.1265 0.2204 0.9672
vn 0.1264 0.2245 0.9662
vn 0.1274 -0.0000 0.9919
vn 0.0284 -0.9996 -0.0000
vn 0.0281 -0.9996 -0.0004
vn 0.0279 -0.9995 -0.0135
vn 0.0280 -0.9996 -0.0004
vn 0.0348 -0.9994 -0.0045
vn 0.0191 -0.9496 -0.3130
vn 0.0418 -0.9991 -0.0006
vn 0.0781 -0.8889 0.4513
vn 0.1067 -0.6801 0.7253
vn 0.0781 -0.8893 0.4505
vn 0.1093 -0.6491 0.7528
vn 0.1264 -0.2245 0.9662
vn 0.1265 -0.2204 0.9672
vn -0.1133 0.6428 -0.7576
vn 0.6134 0.2233 -0.7576
vn 0.8642 -0.3146 -0.3927
vn -0.8642 -0.3145 -0.3927
vn -0.5001 0.4196 -0.7576
vn -0.6134 0.2232 -0.7576
vn 0.6134 -0.2233 -0.7576
vn 0.1133 -0.6428 -0.7576
vn -0.0337 0.9994 0.0005
vn -0.0331 0.9995 0.0008
vn -0.0336 0.9994 0.0006
vn -0.0336 0.9994 0.0005
vn -0.0338 0.9994 0.0005
vn -0.0330 0.9995 0.0001
vn -0.0333 0.9994 0.0005
vn -0.0317 0.9995 0.0012
vn -0.0000 1.0000 0.0026
vn -0.0000 1.0000 0.0048
vn -0.0333 0.9994 0.0049
vn -0.0352 0.9993 0.0151
vn 0.0698 0.7579 -0.6486
vn -0.0000 0.8245 -0.5659
vn 0.1055 0.5146 -0.8509
vn -0.0000 0.6090 -0.7932
vn -0.0245 0.7581 -0.6517
vn -0.0060 0.5129 -0.8584
vn -0.0927 0.7687 -0.6328
vn -0.0986 0.5290 -0.8429
vn -0.1353 0.7749 -0.6174
vn -0.1601 0.5320 -0.8315
vn -0.2054 0.7801 -0.5909
vn -0.2509 0.5375 -0.8051
vn -0.2835 0.7895 -0.5443
vn -0.3544 0.5482 -0.7575
vn -0.3545 0.8047 -0.4763
vn -0.4552 0.5662 -0.6872
vn -0.3986 0.8265 -0.3975
vn -0.5452 0.5881 -0.5974
vn -0.4469 0.8384 -0.3121
vn -0.6434 0.5976 -0.4784
vn -0.4949 0.8425 -0.2128
vn -0.7218 0.6048 -0.3365
vn -0.5081 0.8517 -0.1283
vn -0.7534 0.6207 -0.2168
vn -0.4983 0.8638 -0.0750
vn -0.7573 0.6388 -0.1357
vn -0.4851 0.8741 -0.0243
vn -0.7572 0.6506 -0.0577
vn -0.4663 0.8839 0.0349
vn -0.7463 0.6645 0.0372
vn -0.4428 0.8944 0.0636
vn -0.7231 0.6837 0.0982
vn -0.4057 0.9115 0.0671
vn -0.6912 0.7129 0.1183
vn -0.4034 0.9115 0.0806
vn -0.6888 0.7108 0.1428
vn -0.3954 0.9118 0.1107
vn -0.6781 0.7088 0.1945
vn -0.3743 0.9137 0.1581
vn -0.6482 0.7101 0.2750
vn -0.3388 0.9186 0.2035
vn -0.5944 0.7181 0.3620
vn -0.3015 0.9228 0.2401
vn -0.5286 0.7246 0.4422
vn -0.2646 0.9229 0.2796
vn -0.4566 0.7232 0.5182
vn -0.2288 0.9216 0.3135
vn -0.3862 0.7217 0.5744
vn -0.2086 0.9183 0.3364
vn -0.3433 0.7189 0.6044
vn -0.1860 0.9130 0.3631
vn -0.3019 0.7052 0.6415
vn -0.4578 0.2676 0.8478
vn -0.3948 0.2572 0.8820
vn -0.4711 -0.0000 0.8821
vn -0.4043 -0.0003 0.9146
vn -0.5203 0.2733 0.8090
vn -0.5372 -0.0000 0.8435
vn -0.6219 0.2771 0.7324
vn -0.6442 -0.0000 0.7649
vn -0.7288 0.2797 0.6250
vn -0.7576 -0.0000 0.6527
vn -0.8200 0.2755 0.5017
vn -0.8536 -0.0000 0.5209
vn -0.8869 0.2684 0.3759
vn -0.9214 -0.0000 0.3886
vn -0.9260 0.2653 0.2684
vn -0.9605 -0.0000 0.2784
vn -0.9433 0.2652 0.1994
vn -0.9782 -0.0000 0.2075
vn -0.9496 0.2660 0.1656
vn -0.9850 -0.0000 0.1724
vn -0.9620 0.2428 0.1249
vn -0.9920 -0.0000 0.1261
vn -0.9723 0.2317 0.0320
vn -0.9997 -0.0000 0.0261
vn -0.9710 0.2208 -0.0913
vn -0.9950 -0.0000 -0.1000
vn -0.9585 0.2111 -0.1915
vn -0.9792 -0.0000 -0.2027
vn -0.9352 0.2003 -0.2921
vn -0.9523 -0.0000 -0.3053
vn -0.8813 0.1910 -0.4322
vn -0.8952 -0.0000 -0.4457
vn -0.7773 0.1861 -0.6010
vn -0.7881 -0.0000 -0.6156
vn -0.6402 0.1794 -0.7469
vn -0.5124 0.1670 -0.8424
vn -0.3905 0.1564 -0.9072
vn -0.2710 0.1497 -0.9508
vn -0.1680 0.1459 -0.9749
vn -0.0925 0.1434 -0.9853
vn 0.0160 0.1383 -0.9903
vn 0.1339 0.1365 -0.9816
vn -0.0000 0.1742 -0.9847
vn 0.1367 -0.0000 -0.9906
vn -0.0000 0.0027 -1.0000
vn 0.0217 -0.0000 -0.9998
vn -0.0882 -0.0000 -0.9961
vn -0.1656 -0.0000 -0.9862
vn -0.2684 -0.0000 -0.9633
vn -0.3874 -0.0000 -0.9219
vn -0.5098 -0.0000 -0.8603
vn -0.6440 -0.0000 -0.7650
vn -0.1367 -0.0000 -0.9906
vn -0.1339 0.1365 -0.9816
vn -0.1055 0.5146 -0.8509
vn -0.0698 0.7579 -0.6486
vn 0.0245 0.7581 -0.6517
vn 0.0060 0.5129 -0.8584
vn 0.0927 0.7687 -0.6328
vn 0.0986 0.5290 -0.8429
vn 0.1353 0.7749 -0.6174
vn 0.1601 0.5320 -0.8315
vn 0.2054 0.7801 -0.5909
vn 0.2509 0.5375 -0.8051
vn 0.2835 0.7895 -0.5443
vn 0.3544 0.5482 -0.7575
vn 0.3545 0.8046 -0.4763
vn 0.4552 0.5662 -0.6872
vn 0.3986 0.8265 -0.3975
vn 0.5452 0.5881 -0.5974
vn 0.4469 0.8384 -0.3121
vn 0.6434 0.5976 -0.4784
vn 0.4949 0.8425 -0.2128
vn 0.7218 0.6048 -0.3365
vn 0.5081 0.8517 -0.1283
vn 0.7534 0.6207 -0.2168
vn 0.4983 0.8638 -0.0750
vn 0.7573 0.6388 -0.1357
vn 0.4851 0.8741 -0.0243
vn 0.7572 0.6506 -0.0577
vn 0.4663 0.8839 0.0349
vn 0.7463 0.6645 0.0372
vn 0.4428 0.8944 0.0636
vn 0.7231 0.6837 0.0982
vn 0.4057 0.9115 0.0671
vn 0.6912 0.7129 0.1183
vn 0.4034 0.9115 0.0806
vn 0.6888 0.7108 0.1428
vn 0.3954 0.9118 0.1107
vn 0.6781 0.7088 0.1945
vn 0.3743 0.9137 0.1581
vn 0.6482 0.7101 0.2750
vn 0.3388 0.9186 0.2035
vn 0.5944 0.7181 0.3620
vn 0.3015 0.9228 0.2401
vn 0.5286 0.7246 0.4422
vn 0.2646 0.9229 0.2796
vn 0.4566 0.7232 0.5182
vn 0.2287 0.9216 0.3135
vn 0.3862 0.7217 0.5744
vn 0.2086 0.9183 0.3364
vn 0.3433 0.7189 0.6044
vn 0.1860 0.9130 0.3631
vn 0.3019 0.7052 0.6415
vn 0.4578 0.2676 0.8478
vn 0.3948 0.2572 0.8820
vn 0.4711 -0.0000 0.8821
vn 0.4043 -0.0003 0.9146
vn 0.5203 0.2733 0.8090
vn 0.5372 -0.0000 0.8435
vn 0.6219 0.2771 0.7324
vn 0.6442 -0.0000 0.7649
vn 0.7288 0.2797 0.6250
vn 0.7576 -0.0000 0.6527
vn 0.8200 0.2755 0.5017
vn 0.8536 -0.0000 0.5209
vn 0.8869 0.2684 0.3759
vn 0.9214 -0.0000 0.3886
vn 0.9260 0.2653 0.2684
vn 0.9605 -0.0000 0.2784
vn 0.9433 0.2652 0.1994
vn 0.9782 -0.0000 0.2075
vn 0.9496 0.2660 0.1656
vn 0.9850 -0.0000 0.1724
vn 0.9620 0.2428 0.1249
vn 0.9920 -0.0000 0.1261
vn 0.9723 0.2317 0.0320
vn 0.9997 -0.0000 0.0261
vn 0.9710 0.2208 -0.0913
vn 0.9950 -0.0000 -0.1000
vn 0.9585 0.2111 -0.1915
vn 0.9792 -0.0000 -0.2027
vn 0.9352 0.2003 -0.2921
vn 0.9523 -0.0000 -0.3053
vn 0.8813 0.1910 -0.4322
vn 0.8952 -0.0000 -0.4457
vn 0.7773 0.1861 -0.6010
vn 0.7881 -0.0000 -0.6156
vn 0.6402 0.1794 -0.7469
vn 0.5124 0.1670 -0.8424
vn 0.3905 0.1564 -0.9072
vn 0.2711 0.1497 -0.9508
vn 0.1680 0.1459 -0.9749
vn 0.0925 0.1434 -0.9853
vn -0.0159 0.1383 -0.9903
vn -0.0217 -0.0000 -0.9998
vn 0.0882 -0.0000 -0.9961
vn 0.1656 -0.0000 -0.9862
vn 0.2684 -0.0000 -0.9633
vn 0.3874 -0.0000 -0.9219
vn 0.5098 -0.0000 -0.8603
vn 0.6440 -0.0000 -0.7650
vn -0.0080 -0.9987 -0.0500
vn -0.0175 -0.9995 -0.0258
vn -0.0000 -1.0000 0.0021
vn -0.0288 -0.9996 -0.0015
vn -0.0337 -0.9994 0.0005
vn -0.0322 -0.9995 0.0017
vn -0.0338 -0.9994 0.0006
vn -0.0336 -0.9994 0.0005
vn -0.0336 -0.9994 0.0010
vn -0.0330 -0.9994 0.0047
vn -0.0000 -1.0000 0.0048
vn -0.0353 -0.9992 0.0164
vn 0.0697 -0.7579 -0.6486
vn 0.1053 -0.5146 -0.8509
vn -0.0000 -0.8236 -0.5672
vn -0.0000 -0.6064 -0.7952
vn -0.0245 -0.7581 -0.6517
vn -0.0060 -0.5129 -0.8584
vn -0.0927 -0.7687 -0.6328
vn -0.0986 -0.5290 -0.8429
vn -0.1353 -0.7749 -0.6174
vn -0.1601 -0.5320 -0.8315
vn -0.2054 -0.7801 -0.5909
vn -0.2509 -0.5375 -0.8051
vn -0.2835 -0.7895 -0.5443
vn -0.3544 -0.5482 -0.7575
vn -0.3545 -0.8047 -0.4763
vn -0.4552 -0.5662 -0.6872
vn -0.3986 -0.8265 -0.3975
vn -0.5452 -0.5881 -0.5974
vn -0.4469 -0.8384 -0.3121
vn -0.6434 -0.5976 -0.4784
vn -0.4949 -0.8425 -0.2128
vn -0.7218 -0.6048 -0.3365
vn -0.5081 -0.8517 -0.1283
vn -0.7534 -0.6207 -0.2168
vn -0.4983 -0.8638 -0.0750
vn -0.7573 -0.6388 -0.1357
vn -0.4851 -0.8741 -0.0243
vn -0.7572 -0.6506 -0.0577
vn -0.4663 -0.8839 0.0349
vn -0.7463 -0.6645 0.0372
vn -0.4428 -0.8943 0.0636
vn -0.7231 -0.6837 0.0982
vn -0.4057 -0.9115 0.0671
vn -0.6912 -0.7129 0.1183
vn -0.4034 -0.9115 0.0806
vn -0.6888 -0.7108 0.1428
vn -0.3954 -0.9118 0.1107
vn -0.6781 -0.7088 0.1945
vn -0.3743 -0.9137 0.1581
vn -0.6482 -0.7101 0.2750
vn -0.3388 -0.9186 0.2035
vn -0.5944 -0.7181 0.3620
vn -0.3015 -0.9228 0.2401
vn -0.5286 -0.7246 0.4422
vn -0.2646 -0.9229 0.2796
vn -0.4566 -0.7232 0.5182
vn -0.2288 -0.9216 0.3135
vn -0.3862 -0.7217 0.5744
vn -0.2086 -0.9183 0.3364
vn -0.3433 -0.7189 0.6044
vn -0.1857 -0.9130 0.3633
vn -0.3007 -0.7047 0.6426
vn -0.4578 -0.2676 0.8478
vn -0.3933 -0.2576 0.8826
vn -0.5203 -0.2733 0.8090
vn -0.6219 -0.2771 0.7324
vn -0.7288 -0.2797 0.6250
vn -0.8200 -0.2755 0.5017
vn -0.8869 -0.2684 0.3759
vn -0.9260 -0.2653 0.2684
vn -0.9433 -0.2652 0.1994
vn -0.9496 -0.2660 0.1656
vn -0.9620 -0.2428 0.1249
vn -0.9723 -0.2317 0.0320
vn -0.9710 -0.2208 -0.0913
vn -0.9585 -0.2111 -0.1915
vn -0.9352 -0.2003 -0.2921
vn -0.8813 -0.1910 -0.4322
vn -0.7773 -0.1861 -0.6010
vn -0.6402 -0.1794 -0.7469
vn -0.5124 -0.1670 -0.8424
vn -0.3905 -0.1564 -0.9072
vn -0.2711 -0.1497 -0.9508
vn -0.1680 -0.1459 -0.9749
vn -0.0925 -0.1434 -0.9853
vn 0.0159 -0.1383 -0.9903
vn 0.1337 -0.1364 -0.9816
vn -0.0000 -0.1691 -0.9856
vn -0.1337 -0.1364 -0.9816
vn -0.1053 -0.5146 -0.8509
vn -0.0697 -0.7579 -0.6486
vn 0.0245 -0.7581 -0.6517
vn 0.0060 -0.5129 -0.8584
vn 0.0927 -0.7687 -0.6328
vn 0.0986 -0.5290 -0.8429
vn 0.1353 -0.7749 -0.6174
vn 0.1601 -0.5320 -0.8315
vn 0.2054 -0.7801 -0.5909
vn 0.2509 -0.5375 -0.8051
vn 0.2835 -0.7895 -0.5443
vn 0.3544 -0.5482 -0.7575
vn 0.3545 -0.8046 -0.4763
vn 0.4552 -0.5662 -0.6872
vn 0.3986 -0.8265 -0.3975
vn 0.5452 -0.5881 -0.5974
vn 0.4469 -0.8384 -0.3121
vn 0.6434 -0.5976 -0.4784
vn 0.4949 -0.8425 -0.2128
vn 0.7218 -0.6048 -0.3365
vn 0.5081 -0.8517 -0.1283
vn 0.7534 -0.6207 -0.2168
vn 0.4983 -0.8638 -0.0750
vn 0.7573 -0.6388 -0.1357
vn 0.4851 -0.8741 -0.0243
vn 0.7572 -0.6506 -0.0577
vn 0.4663 -0.8839 0.0349
vn 0.7463 -0.6645 0.0372
vn 0.4428 -0.8943 0.0636
vn 0.7231 -0.6837 0.0982
vn 0.4057 -0.9115 0.0671
vn 0.6912 -0.7129 0.1183
vn 0.4034 -0.9115 0.0806
vn 0.6888 -0.7108 0.1428
vn 0.3954 -0.9118 0.1107
vn 0.6781 -0.7088 0.1945
vn 0.3743 -0.9137 0.1581
vn 0.6482 -0.7101 0.2750
vn 0.3388 -0.9186 0.2035
vn 0.5943 -0.7181 0.3620
vn 0.3015 -0.9228 0.2401
vn 0.5286 -0.7246 0.4422
vn 0.2646 -0.9229 0.2796
vn 0.4566 -0.7232 0.5182
vn 0.2288 -0.9216 0.3135
vn 0.3862 -0.7217 0.5744
vn 0.2086 -0.9183 0.3364
vn 0.3433 -0.7189 0.6044
vn 0.1857 -0.9130 0.3633
vn 0.3007 -0.7047 0.6426
vn 0.4578 -0.2676 0.8478
vn 0.3933 -0.2576 0.8826
vn 0.5203 -0.2733 0.8090
vn 0.6219 -0.2771 0.7324
vn 0.7288 -0.2797 0.6250
vn 0.8200 -0.2755 0.5017
vn 0.8869 -0.2684 0.3759
vn 0.9260 -0.2653 0.2684
vn 0.9433 -0.2652 0.1994
vn 0.9496 -0.2660 0.1656
vn 0.9620 -0.2428 0.1249
vn 0.9723 -0.2317 0.0320
vn 0.9710 -0.2208 -0.0913
vn 0.9585 -0.2111 -0.1915
vn 0.9352 -0.2003 -0.2921
vn 0.8813 -0.1910 -0.4322
vn 0.7773 -0.1861 -0.6010
vn 0.6402 -0.1794 -0.7470
vn 0.5124 -0.1670 -0.8424
vn 0.3905 -0.1564 -0.9072
vn 0.2711 -0.1497 -0.9508
vn 0.1680 -0.1459 -0.9749
vn 0.0925 -0.1434 -0.9853
vn -0.0159 -0.1383 -0.9903
vn -0.0000 0.6073 0.7945
vn -0.0000 0.8701 0.4929
vn -0.0000 0.1944 0.9809
vn -0.0000 -0.0073 1.0000
vn -0.0000 -0.6135 0.7897
vn -0.0000 -0.8722 0.4892
vn -0.0000 -0.2080 0.9781
vn 0.0317 0.9995 0.0012
vn 0.0330 0.9995 0.0001
vn 0.0336 0.9994 0.0005
vn 0.0331 0.9995 0.0008
vn 0.0337 0.9994 0.0005
vn 0.0333 0.9994 0.0004
vn 0.0336 0.9994 0.0006
vn 0.0333 0.9994 0.0049
vn 0.0352 0.9993 0.0151
vn 0.0337 -0.9994 0.0004
vn 0.0336 -0.9994 0.0005
vn 0.0330 -0.9994 0.0047
vn 0.0322 -0.9995 0.0017
vn 0.0337 -0.9994 0.0005
vn 0.0288 -0.9996 -0.0015
vn 0.0338 -0.9994 0.0005
vn 0.0175 -0.9995 -0.0258
vn 0.0080 -0.9987 -0.0500
vn 0.0353 -0.9992 0.0163
vn 0.9976 -0.0180 -0.0673
vn 0.9976 -0.0181 -0.0675
vn 0.9981 -0.0163 -0.0592
vn 0.9977 -0.0202 -0.0646
vn 0.9979 -0.0206 -0.0621
vn 0.9972 -0.0283 -0.0689
vn 0.9976 -0.0180 -0.0675
vn 0.9532 -0.1805 -0.2426
vn -0.9723 -0.1650 -0.1658
vn 0.9983 -0.0125 -0.0566
vn 0.9918 -0.0386 -0.1219
vn 0.8166 -0.2064 -0.5390
vn 0.6217 -0.2816 -0.7308
vn 0.7183 -0.2443 -0.6514
vn 0.4862 -0.3097 -0.8171
vn 0.7174 -0.1875 -0.6710
vn 0.4822 -0.2440 -0.8414
vn 0.7277 -0.1318 -0.6731
vn 0.4960 -0.1701 -0.8515
vn 0.7327 -0.0952 -0.6738
vn 0.4979 -0.1195 -0.8590
vn 0.7393 -0.0338 -0.6725
vn 0.5037 -0.0416 -0.8629
vn 0.7527 0.0413 -0.6571
vn 0.5166 0.0541 -0.8545
vn 0.7744 0.1202 -0.6212
vn 0.5384 0.1579 -0.8278
vn 0.8028 0.1843 -0.5671
vn 0.5652 0.2645 -0.7814
vn 0.8239 0.2590 -0.5042
vn 0.5832 0.3982 -0.7081
vn 0.8393 0.3444 -0.4208
vn 0.5999 0.5307 -0.5987
vn 0.8544 0.3957 -0.3367
vn 0.6206 0.6140 -0.4876
vn 0.8673 0.4135 -0.2770
vn 0.6388 0.6553 -0.4031
vn 0.8779 0.4269 -0.2167
vn 0.6488 0.6925 -0.3155
vn 0.8879 0.4379 -0.1408
vn 0.6609 0.7230 -0.2011
vn 0.8964 0.4316 -0.1006
vn 0.6766 0.7260 -0.1226
vn 0.8577 0.5063 -0.0897
vn 0.6226 0.7773 -0.0900
vn 0.8541 0.5157 -0.0672
vn 0.6156 0.7860 -0.0564
vn 0.8513 0.5245 -0.0130
vn 0.6088 0.7931 0.0179
vn 0.8495 0.5221 0.0763
vn 0.6047 0.7848 0.1358
vn 0.8513 0.4974 0.1670
vn 0.6061 0.7493 0.2669
vn 0.8521 0.4641 0.2420
vn 0.6047 0.6961 0.3871
vn 0.8447 0.4291 0.3199
vn 0.5944 0.6328 0.4963
vn 0.8358 0.3926 0.3838
vn 0.5857 0.5680 0.5783
vn 0.8278 0.3718 0.4201
vn 0.5795 0.5276 0.6211
vn 0.8203 0.3767 0.4304
vn 0.5751 0.5268 0.6258
vn 0.1586 0.6276 0.7622
vn 0.1554 0.6265 0.7637
vn -0.0000 0.6335 0.7737
vn 0.0001 0.6330 0.7741
vn 0.1633 0.6788 0.7160
vn -0.0000 0.6855 0.7280
vn 0.1694 0.7621 0.6249
vn -0.0000 0.7705 0.6374
vn 0.1766 0.8495 0.4972
vn -0.0000 0.8611 0.5085
vn 0.1799 0.9207 0.3464
vn -0.0000 0.9353 0.3538
vn 0.1806 0.9652 0.1891
vn -0.0000 0.9809 0.1947
vn 0.1825 0.9817 0.0540
vn -0.0000 0.9982 0.0604
vn 0.1857 0.9821 -0.0328
vn -0.0000 0.9997 -0.0264
vn 0.1894 0.9790 -0.0749
vn -0.0000 0.9976 -0.0694
vn 0.2280 0.9651 -0.1289
vn -0.0000 0.9919 -0.1272
vn 0.2224 0.9446 -0.2414
vn -0.0000 0.9690 -0.2471
vn 0.2150 0.8977 -0.3847
vn -0.0000 0.9196 -0.3929
vn 0.2078 0.8439 -0.4946
vn -0.0000 0.8631 -0.5050
vn 0.1986 0.7779 -0.5962
vn -0.0000 0.7935 -0.6086
vn 0.1884 0.6652 -0.7225
vn -0.0000 0.6781 -0.7350
vn 0.1799 0.4976 -0.8485
vn -0.0000 0.5073 -0.8617
vn 0.1699 0.3188 -0.9325
vn 0.1564 0.1774 -0.9716
vn 0.1458 0.0582 -0.9876
vn 0.1394 -0.0491 -0.9890
vn 0.1363 -0.1362 -0.9813
vn 0.1349 -0.1977 -0.9709
vn 0.1309 -0.2833 -0.9501
vn 0.1306 -0.3532 -0.9264
vn 0.1853 -0.3549 -0.9163
vn -0.0000 -0.3560 -0.9345
vn -0.0000 -0.3614 -0.9324
vn -0.0000 -0.2881 -0.9576
vn -0.0000 -0.2011 -0.9796
vn -0.0000 -0.1381 -0.9904
vn -0.0000 -0.0512 -0.9987
vn -0.0000 0.0554 -0.9985
vn -0.0000 0.1743 -0.9847
vn -0.0000 0.3211 -0.9471
vn -0.9981 -0.0236 -0.0566
vn -0.9978 -0.0198 -0.0627
vn -0.9979 -0.0205 -0.0618
vn -0.9976 -0.0174 -0.0673
vn -0.9976 -0.0181 -0.0675
vn -0.9975 -0.0177 -0.0679
vn -0.9976 -0.0182 -0.0675
vn -0.9976 -0.0181 -0.0674
vn -0.9971 -0.0193 -0.0737
vn -0.9918 -0.0385 -0.1218
vn -0.4862 -0.3097 -0.8171
vn -0.6217 -0.2816 -0.7309
vn -0.7183 -0.2443 -0.6514
vn -0.8166 -0.2064 -0.5390
vn -0.7174 -0.1875 -0.6710
vn -0.4822 -0.2440 -0.8414
vn -0.7277 -0.1318 -0.6731
vn -0.4960 -0.1701 -0.8515
vn -0.7327 -0.0952 -0.6738
vn -0.4978 -0.1195 -0.8590
vn -0.7393 -0.0338 -0.6725
vn -0.5037 -0.0416 -0.8629
vn -0.7527 0.0413 -0.6570
vn -0.5166 0.0541 -0.8545
vn -0.7744 0.1202 -0.6212
vn -0.5384 0.1579 -0.8278
vn -0.8028 0.1843 -0.5671
vn -0.5652 0.2645 -0.7814
vn -0.8239 0.2590 -0.5042
vn -0.5832 0.3982 -0.7081
vn -0.8393 0.3444 -0.4208
vn -0.5999 0.5307 -0.5986
vn -0.8544 0.3957 -0.3367
vn -0.6206 0.6140 -0.4876
vn -0.8673 0.4135 -0.2770
vn -0.6388 0.6553 -0.4031
vn -0.8779 0.4269 -0.2167
vn -0.6488 0.6925 -0.3154
vn -0.8879 0.4379 -0.1408
vn -0.6609 0.7230 -0.2011
vn -0.8964 0.4316 -0.1006
vn -0.6766 0.7261 -0.1226
vn -0.8577 0.5063 -0.0897
vn -0.6226 0.7773 -0.0900
vn -0.8541 0.5157 -0.0672
vn -0.6156 0.7860 -0.0564
vn -0.8513 0.5246 -0.0130
vn -0.6088 0.7931 0.0179
vn -0.8495 0.5221 0.0763
vn -0.6047 0.7848 0.1358
vn -0.8513 0.4974 0.1670
vn -0.6061 0.7493 0.2669
vn -0.8521 0.4641 0.2420
vn -0.6047 0.6961 0.3871
vn -0.8447 0.4291 0.3199
vn -0.5944 0.6328 0.4963
vn -0.8358 0.3926 0.3838
vn -0.5857 0.5680 0.5783
vn -0.8278 0.3718 0.4201
vn -0.5795 0.5276 0.6211
vn -0.8203 0.3767 0.4304
vn -0.5755 0.5272 0.6252
vn -0.1586 0.6276 0.7622
vn -0.1552 0.6271 0.7633
vn -0.1633 0.6788 0.7160
vn -0.1695 0.7621 0.6249
vn -0.1766 0.8495 0.4972
vn -0.1799 0.9207 0.3464
vn -0.1806 0.9652 0.1891
vn -0.1825 0.9817 0.0540
vn -0.1857 0.9821 -0.0328
vn -0.1894 0.9790 -0.0749
vn -0.2280 0.9651 -0.1289
vn -0.2224 0.9446 -0.2414
vn -0.2150 0.8977 -0.3847
vn -0.2078 0.8439 -0.4946
vn -0.1986 0.7779 -0.5962
vn -0.1884 0.6652 -0.7225
vn -0.1799 0.4976 -0.8485
vn -0.1699 0.3188 -0.9325
vn -0.1564 0.1774 -0.9716
vn -0.1458 0.0582 -0.9876
vn -0.1394 -0.0491 -0.9890
vn -0.1363 -0.1362 -0.9813
vn -0.1349 -0.1977 -0.9709
vn -0.1309 -0.2832 -0.9501
vn -0.1306 -0.3532 -0.9264
vn -0.1853 -0.3549 -0.9163
vn 0.7479 0.4391 0.4979
vn 0.4252 0.5911 0.6854
vn 0.1188 0.6436 0.7560
vn 0.0002 0.6466 0.7628
vn -0.7479 0.4391 0.4979
vn -0.4260 0.5899 0.6859
vn -0.1186 0.6427 0.7569
vn -0.9390 0.3418 -0.0392
vn -0.9992 -0.0000 -0.0392
vn -0.7655 0.6423 -0.0392
vn -0.4996 0.8654 -0.0392
vn -0.1735 0.9841 -0.0392
vn 0.1735 0.9841 -0.0392
vn 0.4996 0.8654 -0.0392
vn 0.7655 0.6423 -0.0392
vn 0.9390 0.3418 -0.0392
vn 0.9992 -0.0000 -0.0392
vn -0.1133 0.6429 -0.7576
vn 0.9390 -0.3418 -0.0392
vn 0.7655 -0.6423 -0.0392
vn 0.4996 -0.8654 -0.0392
vn 0.1735 -0.9841 -0.0392
vn -0.1735 -0.9841 -0.0392
vn -0.4996 -0.8654 -0.0392
vn -0.7655 -0.6423 -0.0392
vn -0.9390 -0.3418 -0.0392
vn 0.1133 -0.6429 -0.7576
vn -0.5001 -0.4196 -0.7576
vn -0.0000 0.6952 0.7188
vn -0.0000 0.8668 0.4987
vt 0.976640 0.251137
vt 0.976640 0.250145
vt 0.987863 0.242589
vt 0.976640 0.249132
vt 0.976640 0.248226
vt 0.976640 0.247241
vt 0.976640 0.246247
vt 0.976640 0.245110
vt 0.976640 0.243871
vt 0.976640 0.242589
vt 0.976640 0.241316
vt 0.976640 0.240075
vt 0.976640 0.238959
vt 0.976640 0.237944
vt 0.976640 0.236914
vt 0.976640 0.235827
vt 0.976640 0.234798
vt 0.965813 0.257434
vt 0.965813 0.255445
vt 0.823302 0.338534
vt 0.823302 0.353377
vt 0.722939 0.377847
vt 0.722939 0.395111
vt 0.823302 0.367923
vt 0.722939 0.410474
vt 0.722939 0.360619
vt 0.823302 0.325239
vt 0.722939 0.340883
vt 0.823302 0.310794
vt 0.722939 0.319868
vt 0.823302 0.296228
vt 0.722939 0.295841
vt 0.823302 0.279557
vt 0.722939 0.269695
vt 0.823302 0.261394
vt 0.722939 0.242589
vt 0.823302 0.242589
vt 0.722939 0.215628
vt 0.823302 0.223929
vt 0.722939 0.189443
vt 0.823302 0.205726
vt 0.722939 0.165727
vt 0.823302 0.189367
vt 0.722939 0.144388
vt 0.823302 0.174477
vt 0.722939 0.123992
vt 0.823302 0.159372
vt 0.722939 0.104134
vt 0.823302 0.143447
vt 0.722939 0.086617
vt 0.823302 0.128351
vt 0.722939 0.070842
vt 0.823302 0.113394
vt 0.635717 0.179378
vt 0.635717 0.210497
vt 0.635717 0.242589
vt 0.635717 0.274826
vt 0.635717 0.305906
vt 0.635717 0.334481
vt 0.635717 0.359480
vt 0.635717 0.382488
vt 0.635717 0.402146
vt 0.635717 0.420907
vt 0.635717 0.436776
vt 0.606702 0.439765
vt 0.604917 0.424083
vt 0.599604 0.405856
vt 0.598823 0.404524
vt 0.587992 0.386821
vt 0.575333 0.368715
vt 0.570453 0.364359
vt 0.547831 0.344172
vt 0.541292 0.339985
vt 0.541253 0.309702
vt 0.541253 0.276811
vt 0.541253 0.242606
vt 0.541253 0.208400
vt 0.541253 0.175509
vt 0.541253 0.145197
vt 0.635717 0.151115
vt 0.635717 0.125791
vt 0.635717 0.102124
vt 0.635717 0.079835
vt 0.635717 0.060821
vt 0.635717 0.044541
vt 0.541253 0.118628
vt 0.541253 0.093724
vt 0.541253 0.070040
vt 0.541253 0.050854
vt 0.541253 0.034018
vt 0.434442 0.090868
vt 0.434442 0.116199
vt 0.434442 0.143288
vt 0.434442 0.174195
vt 0.434442 0.207730
vt 0.434442 0.242606
vt 0.434442 0.277481
vt 0.434442 0.066867
vt 0.434442 0.047485
vt 0.434442 0.030583
vt 0.329676 0.242606
vt 0.329676 0.276811
vt 0.412353 0.298177
vt 0.434442 0.299994
vt 0.376296 0.301142
vt 0.341353 0.309908
vt 0.329676 0.309702
vt 0.329676 0.314920
vt 0.329676 0.050854
vt 0.329676 0.070040
vt 0.329676 0.034018
vt 0.247406 0.305809
vt 0.307712 0.324426
vt 0.287854 0.337141
vt 0.247406 0.334363
vt 0.276874 0.344171
vt 0.258713 0.360379
vt 0.247406 0.359390
vt 0.249372 0.368714
vt 0.247406 0.371118
vt 0.247406 0.274826
vt 0.247406 0.242606
vt 0.247406 0.210385
vt 0.329676 0.208400
vt 0.329676 0.175509
vt 0.329676 0.145197
vt 0.329676 0.118628
vt 0.329676 0.093724
vt 0.247406 0.179402
vt 0.247406 0.150849
vt 0.247407 0.125821
vt 0.247407 0.102183
vt 0.247407 0.079439
vt 0.247407 0.060832
vt 0.247407 0.044191
vt 0.177460 0.160026
vt 0.177460 0.185724
vt 0.177460 0.213608
vt 0.177460 0.242606
vt 0.177460 0.271603
vt 0.177460 0.299487
vt 0.177460 0.325184
vt 0.177460 0.347709
vt 0.177460 0.368813
vt 0.241200 0.381330
vt 0.230707 0.398621
vt 0.177460 0.387002
vt 0.121639 0.350328
vt 0.121639 0.366463
vt 0.177460 0.404629
vt 0.121639 0.382825
vt 0.177460 0.420123
vt 0.223188 0.430923
vt 0.224770 0.415588
vt 0.121639 0.397891
vt 0.121639 0.331988
vt 0.121639 0.312833
vt 0.121639 0.290979
vt 0.121639 0.267266
vt 0.121639 0.242606
vt 0.121639 0.217945
vt 0.121639 0.194232
vt 0.121639 0.172378
vt 0.121639 0.153223
vt 0.177460 0.137502
vt 0.177460 0.115918
vt 0.177460 0.094701
vt 0.177460 0.077034
vt 0.177460 0.060711
vt 0.121639 0.134403
vt 0.121639 0.115240
vt 0.121639 0.098839
vt 0.121639 0.082942
vt 0.075827 0.156927
vt 0.075827 0.172378
vt 0.075827 0.187428
vt 0.075827 0.204599
vt 0.075827 0.223230
vt 0.075827 0.242606
vt 0.075827 0.261981
vt 0.075827 0.280612
vt 0.075827 0.297783
vt 0.075827 0.312833
vt 0.075827 0.327804
vt 0.075827 0.341435
vt 0.075827 0.356256
vt 0.075827 0.370801
vt 0.041787 0.312882
vt 0.041787 0.325943
vt 0.041787 0.339895
vt 0.041787 0.302107
vt 0.041787 0.290979
vt 0.041787 0.280612
vt 0.041787 0.268785
vt 0.041787 0.255952
vt 0.041787 0.242606
vt 0.041787 0.229259
vt 0.041787 0.216426
vt 0.041787 0.204599
vt 0.041787 0.194232
vt 0.041787 0.182625
vt 0.041787 0.168822
vt 0.075828 0.140268
vt 0.075828 0.125408
vt 0.075828 0.110032
vt 0.041787 0.155720
vt 0.041787 0.140938
vt 0.020825 0.217945
vt 0.020825 0.223230
vt 0.020825 0.229259
vt 0.020825 0.235802
vt 0.020825 0.242606
vt 0.020825 0.249409
vt 0.020825 0.255952
vt 0.020825 0.261981
vt 0.020825 0.267266
vt 0.020825 0.274223
vt 0.020825 0.281899
vt 0.020825 0.293052
vt 0.020825 0.306360
vt 0.976640 0.233778
vt 0.965813 0.225278
vt 0.965813 0.227282
vt 0.965813 0.229305
vt 0.965813 0.231439
vt 0.965813 0.233463
vt 0.965813 0.235458
vt 0.965813 0.237650
vt 0.965813 0.240089
vt 0.965813 0.242589
vt 0.965813 0.245109
vt 0.965813 0.247542
vt 0.965813 0.249776
vt 0.965813 0.251728
vt 0.965813 0.253663
vt 0.976640 0.237944
vt 0.976640 0.238959
vt 0.976640 0.243871
vt 0.976640 0.246247
vt 0.976640 0.248226
vt 0.965813 0.229305
vt 0.823302 0.143447
vt 0.823302 0.128351
vt 0.722939 0.104134
vt 0.722939 0.086617
vt 0.722939 0.123992
vt 0.823302 0.159373
vt 0.722939 0.144388
vt 0.823302 0.174477
vt 0.722939 0.165727
vt 0.823302 0.189367
vt 0.722939 0.189443
vt 0.823302 0.205727
vt 0.722939 0.215628
vt 0.823302 0.223929
vt 0.722939 0.242589
vt 0.823302 0.242589
vt 0.722939 0.269695
vt 0.823302 0.261394
vt 0.722939 0.295841
vt 0.823302 0.279557
vt 0.722939 0.319868
vt 0.823302 0.296228
vt 0.722939 0.340883
vt 0.823302 0.310794
vt 0.722939 0.360619
vt 0.823302 0.325239
vt 0.722939 0.377847
vt 0.823302 0.338534
vt 0.722939 0.395111
vt 0.823302 0.353377
vt 0.635717 0.305906
vt 0.635717 0.274826
vt 0.635717 0.242589
vt 0.635717 0.210497
vt 0.635717 0.179378
vt 0.635717 0.151115
vt 0.635717 0.125791
vt 0.635717 0.102124
vt 0.635717 0.079835
vt 0.635717 0.060821
vt 0.541253 0.070040
vt 0.541253 0.093724
vt 0.541253 0.118628
vt 0.541253 0.145197
vt 0.541253 0.175510
vt 0.541253 0.208400
vt 0.541253 0.242606
vt 0.541253 0.276811
vt 0.541253 0.309702
vt 0.635717 0.334481
vt 0.635717 0.359480
vt 0.635717 0.382488
vt 0.635717 0.402146
vt 0.635717 0.420907
vt 0.541292 0.339985
vt 0.547831 0.344172
vt 0.570453 0.364359
vt 0.575333 0.368715
vt 0.587993 0.386821
vt 0.598823 0.404524
vt 0.599604 0.405856
vt 0.595239 0.406479
vt 0.584876 0.388070
vt 0.570040 0.367945
vt 0.541717 0.343354
vt 0.515373 0.326758
vt 0.516993 0.324426
vt 0.482607 0.312363
vt 0.484583 0.310399
vt 0.483578 0.309964
vt 0.447754 0.303309
vt 0.448409 0.301142
vt 0.434089 0.301937
vt 0.434442 0.299994
vt 0.412135 0.300341
vt 0.412353 0.298177
vt 0.376744 0.303212
vt 0.376296 0.301142
vt 0.342177 0.311914
vt 0.341352 0.309908
vt 0.330494 0.316779
vt 0.329676 0.314920
vt 0.308887 0.326289
vt 0.307713 0.324426
vt 0.289158 0.338820
vt 0.287854 0.337141
vt 0.278670 0.345831
vt 0.276874 0.344171
vt 0.260752 0.362128
vt 0.258712 0.360379
vt 0.251549 0.370847
vt 0.249372 0.368714
vt 0.247407 0.371118
vt 0.244620 0.382362
vt 0.241200 0.381331
vt 0.234417 0.399128
vt 0.230707 0.398621
vt 0.229505 0.413330
vt 0.225883 0.413692
vt 0.224770 0.415588
vt 0.227428 0.429510
vt 0.965813 0.253663
vt 0.965813 0.249776
vt 0.965813 0.247542
vt 0.965813 0.245109
vt 0.965813 0.242589
vt 0.965813 0.240089
vt 0.965813 0.237650
vt 0.965813 0.235458
vt 0.965813 0.233463
vt 0.965813 0.231439
vt 0.516993 0.324426
vt 0.484582 0.310399
vt 0.483578 0.309964
vt 0.448409 0.301142
vt 0.434442 0.047486
vt 0.434442 0.066867
vt 0.434442 0.090868
vt 0.434442 0.116199
vt 0.434442 0.143289
vt 0.434442 0.174195
vt 0.434442 0.207730
vt 0.434442 0.242606
vt 0.434442 0.277481
vt 0.329676 0.208400
vt 0.329676 0.175510
vt 0.329676 0.242606
vt 0.329676 0.276811
vt 0.329676 0.309702
vt 0.247407 0.210385
vt 0.247407 0.179403
vt 0.329676 0.145197
vt 0.329676 0.118628
vt 0.329676 0.093724
vt 0.329676 0.070040
vt 0.329676 0.050854
vt 0.247407 0.060832
vt 0.247407 0.079439
vt 0.247407 0.102183
vt 0.247407 0.125821
vt 0.247407 0.150849
vt 0.177460 0.077034
vt 0.177460 0.094701
vt 0.177460 0.115918
vt 0.177460 0.137502
vt 0.177460 0.160027
vt 0.177460 0.185724
vt 0.177460 0.213608
vt 0.177460 0.242606
vt 0.247407 0.242606
vt 0.247407 0.274827
vt 0.247407 0.305809
vt 0.247407 0.334363
vt 0.247407 0.359390
vt 0.177460 0.271604
vt 0.177460 0.299487
vt 0.177460 0.325185
vt 0.177460 0.347709
vt 0.177460 0.368814
vt 0.121639 0.267266
vt 0.121639 0.242606
vt 0.121639 0.217945
vt 0.121639 0.194232
vt 0.121639 0.172378
vt 0.121639 0.153223
vt 0.121639 0.134404
vt 0.121639 0.115240
vt 0.121639 0.098839
vt 0.075828 0.140268
vt 0.075828 0.156928
vt 0.075828 0.172378
vt 0.075828 0.187428
vt 0.075828 0.204599
vt 0.075828 0.223230
vt 0.075828 0.242606
vt 0.075828 0.261982
vt 0.075828 0.280613
vt 0.121639 0.290979
vt 0.121639 0.312833
vt 0.121639 0.331989
vt 0.121639 0.350328
vt 0.121639 0.366463
vt 0.177460 0.387002
vt 0.121639 0.382825
vt 0.177460 0.404629
vt 0.075828 0.312833
vt 0.075828 0.297783
vt 0.075828 0.341436
vt 0.075828 0.327804
vt 0.075828 0.356256
vt 0.041787 0.280613
vt 0.041787 0.268785
vt 0.041787 0.255952
vt 0.041787 0.242606
vt 0.041787 0.229259
vt 0.041787 0.216426
vt 0.041787 0.204599
vt 0.041787 0.182625
vt 0.041787 0.168822
vt 0.020825 0.188611
vt 0.020825 0.174474
vt 0.020825 0.199804
vt 0.020825 0.210509
vt 0.020825 0.217945
vt 0.020825 0.223230
vt 0.020825 0.229259
vt 0.020825 0.235802
vt 0.020825 0.242606
vt 0.020825 0.249410
vt 0.020825 0.255952
vt 0.020825 0.261981
vt 0.020825 0.267266
vt 0.041787 0.302107
vt 0.041787 0.312882
vt 0.041787 0.325943
vt 0.020825 0.274223
vt 0.020825 0.281899
vt 0.020825 0.210509
vt 0.020825 0.199804
vt 0.061374 0.097810
vt 0.053256 0.098610
vt 0.053256 0.056999
vt 0.069180 0.095442
vt 0.076374 0.091597
vt 0.082679 0.086422
vt 0.087854 0.080117
vt 0.091699 0.072923
vt 0.094067 0.065116
vt 0.094867 0.056999
vt 0.094067 0.048881
vt 0.091699 0.041075
vt 0.087854 0.033881
vt 0.082679 0.027575
vt 0.076373 0.022400
vt 0.069180 0.018555
vt 0.061374 0.016187
vt 0.053256 0.015388
vt 0.045138 0.016187
vt 0.037332 0.018555
vt 0.030138 0.022400
vt 0.023832 0.027575
vt 0.018658 0.033881
vt 0.014812 0.041075
vt 0.012444 0.048881
vt 0.011645 0.056999
vt 0.012444 0.065117
vt 0.014812 0.072923
vt 0.018658 0.080117
vt 0.023832 0.086422
vt 0.030138 0.091597
vt 0.037332 0.095442
vt 0.045138 0.097810
vt 0.225883 0.413692
vt 0.229505 0.413330
vt 0.234654 0.399128
vt 0.244613 0.382362
vt 0.251070 0.370847
vt 0.260752 0.362128
vt 0.278670 0.345831
vt 0.289158 0.338820
vt 0.308887 0.326289
vt 0.330494 0.316779
vt 0.342177 0.311913
vt 0.376744 0.303212
vt 0.412135 0.300341
vt 0.434088 0.301937
vt 0.447753 0.303309
vt 0.482606 0.312363
vt 0.515373 0.326758
vt 0.541717 0.343354
vt 0.570040 0.367945
vt 0.584876 0.388070
vt 0.594759 0.406479
vt 0.600515 0.422507
vt 0.601520 0.438103
vt 0.600515 0.422507
vt 0.300310 0.991691
vt 0.300310 0.904324
vt 0.318673 0.993443
vt 0.318673 0.904324
vt 0.285446 0.904324
vt 0.285446 0.989202
vt 0.269644 0.904324
vt 0.269644 0.983113
vt 0.262424 0.904324
vt 0.262424 0.978714
vt 0.253843 0.904324
vt 0.253843 0.974402
vt 0.241415 0.904324
vt 0.241415 0.966343
vt 0.234702 0.904324
vt 0.234702 0.962876
vt 0.223240 0.904324
vt 0.223240 0.956679
vt 0.210778 0.904324
vt 0.210778 0.951976
vt 0.204133 0.904324
vt 0.204133 0.949570
vt 0.184510 0.904324
vt 0.184510 0.945267
vt 0.163499 0.904324
vt 0.163499 0.943847
vt 0.150472 0.904324
vt 0.150472 0.944637
vt 0.142441 0.904324
vt 0.142441 0.945315
vt 0.122554 0.904324
vt 0.122554 0.949793
vt 0.104265 0.904324
vt 0.104265 0.956912
vt 0.089495 0.904324
vt 0.089495 0.965118
vt 0.070163 0.904324
vt 0.070163 0.977279
vt 0.055764 0.904324
vt 0.055764 0.985936
vt 0.040422 0.904324
vt 0.040422 0.992837
vt 0.022858 0.904324
vt 0.022858 0.996229
vt 0.005552 0.904324
vt 0.005552 0.997692
vt 0.318842 0.993443
vt 0.318842 0.904324
vt 0.300484 0.991691
vt 0.300484 0.904324
vt 0.286052 0.989202
vt 0.286052 0.904324
vt 0.269824 0.983114
vt 0.269824 0.904324
vt 0.262137 0.978714
vt 0.262137 0.904324
vt 0.254031 0.974403
vt 0.254031 0.904324
vt 0.241602 0.966343
vt 0.241602 0.904324
vt 0.234889 0.962876
vt 0.234889 0.904324
vt 0.223427 0.956679
vt 0.223427 0.904324
vt 0.210965 0.951976
vt 0.210965 0.904324
vt 0.204320 0.949570
vt 0.204320 0.904324
vt 0.184697 0.945268
vt 0.184697 0.904324
vt 0.163686 0.943847
vt 0.163686 0.904324
vt 0.150659 0.944637
vt 0.150659 0.904324
vt 0.142628 0.945315
vt 0.142628 0.904324
vt 0.122741 0.949793
vt 0.122741 0.904324
vt 0.104451 0.956912
vt 0.104451 0.904324
vt 0.089682 0.965118
vt 0.089681 0.904324
vt 0.070350 0.977279
vt 0.070349 0.904324
vt 0.055951 0.985936
vt 0.055951 0.904324
vt 0.040530 0.992837
vt 0.040530 0.904324
vt 0.023044 0.996229
vt 0.023044 0.904324
vt 0.005739 0.997692
vt 0.005739 0.904324
vt 0.511046 0.964692
vt 0.506186 0.972187
vt 0.513559 0.957451
vt 0.513559 0.939479
vt 0.503036 0.975425
vt 0.498312 0.978952
vt 0.489568 0.983144
vt 0.484450 0.985090
vt 0.474823 0.987567
vt 0.374066 0.988588
vt 0.464280 0.989675
vt 0.458579 0.990481
vt 0.441712 0.991481
vt 0.424442 0.992032
vt 0.413729 0.992084
vt 0.407062 0.991873
vt 0.390055 0.990855
vt 0.464280 0.907252
vt 0.458579 0.906447
vt 0.441712 0.905447
vt 0.424442 0.904895
vt 0.413729 0.904843
vt 0.335094 0.931308
vt 0.335328 0.965616
vt 0.347390 0.979189
vt 0.361211 0.985645
vt 0.340151 0.972956
vt 0.332029 0.948464
vt 0.332519 0.956972
vt 0.332519 0.939955
vt 0.374066 0.908340
vt 0.347390 0.917739
vt 0.340150 0.923971
vt 0.361211 0.911283
vt 0.407061 0.905054
vt 0.390054 0.906073
vt 0.511162 0.932435
vt 0.506183 0.924737
vt 0.502802 0.921298
vt 0.498312 0.917976
vt 0.489568 0.913784
vt 0.484450 0.911838
vt 0.474823 0.909361
vt 0.514572 0.948464
vt 0.285451 0.580213
vt 0.285451 0.508304
vt 0.290016 0.580213
vt 0.290016 0.508304
vt 0.280887 0.508304
vt 0.280887 0.580213
vt 0.276322 0.508304
vt 0.276322 0.580213
vt 0.294580 0.580213
vt 0.294580 0.508304
vt 0.299144 0.580213
vt 0.299144 0.508304
vt 0.303709 0.580213
vt 0.303709 0.508304
vt 0.308273 0.580213
vt 0.308273 0.508304
vt 0.312838 0.580213
vt 0.312838 0.508304
vt 0.317402 0.580213
vt 0.317402 0.508304
vt 0.321967 0.580213
vt 0.321967 0.508304
vt 0.326531 0.580213
vt 0.326531 0.508304
vt 0.331096 0.580213
vt 0.331096 0.508304
vt 0.335660 0.580213
vt 0.335660 0.508304
vt 0.340225 0.580213
vt 0.340225 0.508304
vt 0.344789 0.580213
vt 0.344789 0.508304
vt 0.349354 0.580213
vt 0.349354 0.508304
vt 0.276622 0.508304
vt 0.281740 0.508304
vt 0.290898 0.508304
vt 0.302701 0.508304
vt 0.315353 0.508304
vt 0.326926 0.508304
vt 0.335660 0.508304
vt 0.340225 0.508304
vt 0.339925 0.508304
vt 0.334806 0.508304
vt 0.325648 0.508304
vt 0.263850 0.607124
vt 0.262333 0.607124
vt 0.263850 0.597280
vt 0.262333 0.597280
vt 0.262333 0.616969
vt 0.263850 0.616969
vt 0.262333 0.626813
vt 0.263850 0.626813
vt 0.262333 0.636658
vt 0.263850 0.636658
vt 0.263850 0.587435
vt 0.262333 0.587435
vt 0.263850 0.577590
vt 0.262333 0.577590
vt 0.263850 0.567746
vt 0.262333 0.567746
vt 0.263850 0.557901
vt 0.262333 0.557901
vt 0.263850 0.548056
vt 0.262333 0.548056
vt 0.263850 0.538212
vt 0.262333 0.538212
vt 0.263850 0.528367
vt 0.262333 0.528367
vt 0.263850 0.518522
vt 0.262333 0.518522
vt 0.263850 0.508678
vt 0.262333 0.508678
vt 0.263850 0.498833
vt 0.262333 0.498833
vt 0.263850 0.488989
vt 0.262333 0.488989
vt 0.263850 0.479144
vt 0.262333 0.479144
vt 0.260291 0.488989
vt 0.260291 0.479144
vt 0.260291 0.498833
vt 0.260291 0.508678
vt 0.260291 0.518522
vt 0.260291 0.528367
vt 0.260291 0.538212
vt 0.260291 0.548056
vt 0.260291 0.557901
vt 0.260291 0.567746
vt 0.260291 0.577590
vt 0.260291 0.587435
vt 0.260291 0.597280
vt 0.260291 0.607124
vt 0.260291 0.616969
vt 0.260291 0.626813
vt 0.260291 0.636658
vt 0.244294 0.607124
vt 0.244294 0.597280
vt 0.244294 0.616969
vt 0.244294 0.626813
vt 0.244294 0.636658
vt 0.242447 0.607124
vt 0.242447 0.597280
vt 0.242447 0.616969
vt 0.242447 0.626813
vt 0.242447 0.636658
vt 0.244294 0.587435
vt 0.244294 0.577590
vt 0.244294 0.567746
vt 0.244294 0.557901
vt 0.244294 0.548056
vt 0.244294 0.538212
vt 0.244294 0.528367
vt 0.244294 0.518522
vt 0.244294 0.508678
vt 0.244294 0.498833
vt 0.244294 0.488989
vt 0.244294 0.479144
vt 0.242447 0.488989
vt 0.242447 0.479144
vt 0.242447 0.498833
vt 0.242447 0.508678
vt 0.242447 0.518522
vt 0.242447 0.528367
vt 0.242447 0.538212
vt 0.242447 0.548056
vt 0.242447 0.557901
vt 0.242447 0.567746
vt 0.242447 0.577590
vt 0.242447 0.587435
vt 0.240819 0.528367
vt 0.240819 0.538212
vt 0.240819 0.548056
vt 0.240819 0.557901
vt 0.240819 0.567746
vt 0.240819 0.577590
vt 0.240819 0.587435
vt 0.240819 0.597280
vt 0.240819 0.607124
vt 0.240819 0.616969
vt 0.240819 0.626813
vt 0.240819 0.636658
vt 0.240819 0.488989
vt 0.240819 0.479144
vt 0.240819 0.498833
vt 0.240819 0.508678
vt 0.240819 0.518522
vt 0.388241 0.461224
vt 0.392567 0.439471
vt 0.375919 0.479664
vt 0.341271 0.495203
vt 0.335727 0.382631
vt 0.375919 0.399279
vt 0.388241 0.417719
vt 0.357479 0.386958
vt 0.278886 0.439471
vt 0.295534 0.399279
vt 0.313975 0.386958
vt 0.283213 0.417719
vt 0.295534 0.479664
vt 0.283213 0.461224
vt 0.313975 0.491986
vt 0.357479 0.491986
vt 0.305545 0.708677
vt 0.237844 0.884499
vt 0.300613 0.708079
vt 0.232892 0.884884
vt 0.303404 0.600884
vt 0.308417 0.600884
vt 0.297654 0.707721
vt 0.229921 0.885115
vt 0.296668 0.707601
vt 0.228931 0.885192
vt 0.300396 0.600884
vt 0.299393 0.600884
vt 0.513522 0.886422
vt 0.425899 0.879283
vt 0.480054 0.600884
vt 0.316689 0.878309
vt 0.518473 0.886822
vt 0.483175 0.600884
vt 0.521443 0.887062
vt 0.485048 0.600884
vt 0.522433 0.887142
vt 0.485673 0.600884
vt 0.316689 0.877662
vt 0.425899 0.878531
vt 0.622906 0.653461
vt 0.614887 0.656379
vt 0.619484 0.634051
vt 0.610950 0.634051
vt 0.626223 0.676015
vt 0.632761 0.670529
vt 0.643592 0.690589
vt 0.647859 0.683198
vt 0.664898 0.698344
vt 0.666380 0.689939
vt 0.687571 0.698344
vt 0.686089 0.689939
vt 0.708877 0.690589
vt 0.704610 0.683198
vt 0.726245 0.676015
vt 0.719708 0.670529
vt 0.737582 0.656379
vt 0.729563 0.653461
vt 0.741519 0.634051
vt 0.732985 0.634051
vt 0.737582 0.611722
vt 0.729563 0.614641
vt 0.726245 0.592086
vt 0.719708 0.597572
vt 0.708877 0.577512
vt 0.704610 0.584903
vt 0.687571 0.569758
vt 0.686089 0.578162
vt 0.664898 0.569758
vt 0.666380 0.578162
vt 0.643592 0.577512
vt 0.647859 0.584903
vt 0.626223 0.592086
vt 0.632761 0.597572
vt 0.614887 0.611722
vt 0.622906 0.614641
vt 0.561982 0.712954
vt 0.559529 0.740174
vt 0.541814 0.712954
vt 0.538577 0.740174
vt 0.581241 0.740174
vt 0.583241 0.712954
vt 0.604218 0.740174
vt 0.605523 0.712954
vt 0.627210 0.740174
vt 0.627664 0.712954
vt 0.650255 0.740174
vt 0.649802 0.712954
vt 0.672115 0.740174
vt 0.670810 0.712954
vt 0.696790 0.740174
vt 0.694790 0.712954
vt 0.718502 0.740174
vt 0.716049 0.712954
vt 0.741719 0.740174
vt 0.738482 0.712954
vt 0.605524 0.806709
vt 0.627664 0.806709
vt 0.649802 0.806709
vt 0.670810 0.806709
vt 0.694790 0.806709
vt 0.716049 0.806709
vt 0.738482 0.806709
vt 0.629489 0.904249
vt 0.610779 0.904249
vt 0.583241 0.806709
vt 0.561982 0.806709
vt 0.541814 0.806709
vt 0.571859 0.904249
vt 0.554847 0.904249
vt 0.591293 0.904249
vt 0.665554 0.904249
vt 0.686739 0.904249
vt 0.725449 0.904249
vt 0.588625 0.975578
vt 0.576970 0.975578
vt 0.604960 0.975578
vt 0.619700 0.975578
vt 0.632587 0.975578
vt 0.644879 0.975578
vt 0.647977 0.904249
vt 0.656634 0.975578
vt 0.673071 0.975578
vt 0.595460 0.986774
vt 0.585990 0.986774
vt 0.610532 0.986774
vt 0.623337 0.986774
vt 0.643615 0.986774
vt 0.633850 0.986774
vt 0.667499 0.986774
vt 0.652997 0.986774
vt 0.682571 0.986774
vt 0.689407 0.975578
vt 0.694306 0.986774
vt 0.703326 0.975578
vt 0.706173 0.904249
vt 0.627210 0.740174
vt 0.627664 0.712954
vt 0.581242 0.740174
vt 0.583241 0.806709
vt 0.694790 0.806709
vt 0.610779 0.904249
vt 0.673072 0.975578
vt 0.633850 0.986774
vt 0.643615 0.986774
vt 0.623337 0.986774
vt 0.590167 0.666132
vt 0.563513 0.656431
vt 0.591877 0.656431
vt 0.585241 0.674663
vt 0.577695 0.680995
vt 0.568439 0.684364
vt 0.558588 0.684364
vt 0.549331 0.680995
vt 0.541785 0.674663
vt 0.536860 0.666132
vt 0.535149 0.656431
vt 0.536860 0.646730
vt 0.541785 0.638199
vt 0.549331 0.631867
vt 0.558588 0.628498
vt 0.568439 0.628498
vt 0.577695 0.631867
vt 0.585241 0.638199
vt 0.590167 0.646730
vt 0.017145 0.481375
vt 0.017723 0.478906
vt 0.016822 0.483923
vt 0.020006 0.474178
vt 0.018646 0.476508
vt 0.044509 0.467336
vt 0.029381 0.467681
vt 0.023910 0.470122
vt 0.021836 0.471990
vt 0.026363 0.468679
vt 0.036547 0.466613
vt 0.032855 0.467023
vt 0.040374 0.466683
vt 0.157361 0.500862
vt 0.140677 0.485183
vt 0.131339 0.482370
vt 0.126299 0.481432
vt 0.136155 0.483540
vt 0.148984 0.490756
vt 0.144899 0.487562
vt 0.153152 0.495003
vt 0.162911 0.510780
vt 0.170739 0.526201
vt 0.052381 0.678824
vt 0.228855 0.678824
vt 0.016567 0.486382
vt 0.016811 0.488716
vt 0.015349 0.488922
vt 0.049535 0.678824
vt 0.015091 0.486416
vt 0.015291 0.483788
vt 0.015619 0.481120
vt 0.016208 0.478485
vt 0.017145 0.475879
vt 0.018521 0.473301
vt 0.020399 0.470782
vt 0.022711 0.468588
vt 0.025482 0.466913
vt 0.028748 0.465713
vt 0.032410 0.464884
vt 0.036315 0.464331
vt 0.040433 0.464264
vt 0.044832 0.464785
vt 0.126809 0.478523
vt 0.131952 0.479481
vt 0.136980 0.480689
vt 0.141849 0.482398
vt 0.146539 0.484872
vt 0.151108 0.488292
vt 0.155640 0.492909
vt 0.160101 0.499119
vt 0.165773 0.509254
vt 0.173653 0.524779
vt 0.167489 0.508339
vt 0.175402 0.523925
vt 0.168062 0.508033
vt 0.175985 0.523641
vt 0.161745 0.498073
vt 0.162293 0.497724
vt 0.157133 0.491653
vt 0.157631 0.491235
vt 0.152383 0.486813
vt 0.152808 0.486321
vt 0.147523 0.483258
vt 0.147850 0.482720
vt 0.142551 0.480727
vt 0.142786 0.480170
vt 0.137476 0.478978
vt 0.137641 0.478407
vt 0.132320 0.477748
vt 0.132442 0.477170
vt 0.127114 0.476778
vt 0.127216 0.476196
vt 0.045026 0.463255
vt 0.045091 0.462744
vt 0.040469 0.462813
vt 0.040481 0.462329
vt 0.036176 0.462961
vt 0.036129 0.462505
vt 0.032143 0.463600
vt 0.032054 0.463172
vt 0.028367 0.464532
vt 0.028241 0.464138
vt 0.024954 0.465854
vt 0.024777 0.465501
vt 0.021991 0.467667
vt 0.021751 0.467360
vt 0.019537 0.470058
vt 0.017630 0.472774
vt 0.016244 0.475502
vt 0.015298 0.478232
vt 0.014704 0.480966
vt 0.014372 0.483707
vt 0.014205 0.486435
vt 0.014471 0.489045
vt 0.047821 0.678824
vt 0.014179 0.489086
vt 0.047229 0.678824
vt 0.013910 0.486442
vt 0.014066 0.483680
vt 0.014398 0.480915
vt 0.014995 0.478148
vt 0.015944 0.475376
vt 0.017333 0.472599
vt 0.019249 0.469816
vt 0.014179 0.488870
vt 0.014471 0.488829
vt 0.015349 0.488706
vt 0.016811 0.488500
vt 0.016567 0.486166
vt 0.015091 0.486200
vt 0.016822 0.483707
vt 0.015291 0.483572
vt 0.017145 0.481159
vt 0.015619 0.480904
vt 0.017723 0.478690
vt 0.016208 0.478268
vt 0.018646 0.476292
vt 0.017145 0.475663
vt 0.020006 0.473962
vt 0.018521 0.473085
vt 0.021836 0.471774
vt 0.020399 0.470566
vt 0.023910 0.469906
vt 0.022711 0.468372
vt 0.026363 0.468463
vt 0.025482 0.466697
vt 0.029381 0.467465
vt 0.028748 0.465497
vt 0.032855 0.466807
vt 0.032410 0.464668
vt 0.036547 0.466397
vt 0.036315 0.464115
vt 0.040374 0.466468
vt 0.040434 0.464048
vt 0.044509 0.467120
vt 0.044832 0.464569
vt 0.126300 0.481216
vt 0.126809 0.478307
vt 0.131339 0.482154
vt 0.131952 0.479265
vt 0.136155 0.483324
vt 0.136980 0.480473
vt 0.140677 0.484967
vt 0.141849 0.482182
vt 0.144900 0.487346
vt 0.146539 0.484656
vt 0.148984 0.490540
vt 0.151108 0.488076
vt 0.153152 0.494787
vt 0.155640 0.492693
vt 0.157361 0.500646
vt 0.160101 0.498903
vt 0.162911 0.510564
vt 0.165773 0.509038
vt 0.170739 0.525985
vt 0.173653 0.524563
vt 0.167489 0.508123
vt 0.175402 0.523709
vt 0.168062 0.507817
vt 0.175985 0.523425
vt 0.161745 0.497857
vt 0.162293 0.497508
vt 0.157133 0.491437
vt 0.157631 0.491019
vt 0.152383 0.486598
vt 0.152808 0.486105
vt 0.147523 0.483042
vt 0.147850 0.482504
vt 0.142552 0.480511
vt 0.142786 0.479954
vt 0.137476 0.478762
vt 0.137641 0.478191
vt 0.132320 0.477532
vt 0.132442 0.476954
vt 0.127115 0.476562
vt 0.127216 0.475980
vt 0.045027 0.463039
vt 0.045091 0.462528
vt 0.040469 0.462597
vt 0.040481 0.462113
vt 0.036176 0.462745
vt 0.036130 0.462289
vt 0.032143 0.463384
vt 0.032054 0.462956
vt 0.028367 0.464316
vt 0.028241 0.463922
vt 0.024954 0.465638
vt 0.024777 0.465285
vt 0.021991 0.467451
vt 0.021751 0.467144
vt 0.019537 0.469841
vt 0.017630 0.472558
vt 0.016244 0.475286
vt 0.015298 0.478016
vt 0.014704 0.480750
vt 0.014372 0.483491
vt 0.014205 0.486219
vt 0.013910 0.486226
vt 0.014066 0.483464
vt 0.014399 0.480699
vt 0.014995 0.477932
vt 0.015944 0.475160
vt 0.017333 0.472383
vt 0.019249 0.469600
vt 0.228614 0.678824
vt 0.020006 0.474178
vt 0.052278 0.678824
vt 0.049448 0.678824
vt 0.019537 0.470058
vt 0.016244 0.475502
vt 0.047767 0.678824
vt 0.020006 0.473962
vt 0.019537 0.469841
vt 0.016244 0.475286
vt 0.232167 0.678824
vt 0.234123 0.678824
vt 0.234721 0.678824
vt 0.231954 0.678824
vt 0.233989 0.678824
vt 0.013592 0.847089
vt 0.013121 0.849802
vt 0.014093 0.844484
vt 0.012967 0.855200
vt 0.012889 0.852497
vt 0.273382 0.702142
vt 0.131551 0.868733
vt 0.028392 0.870636
vt 0.017182 0.865171
vt 0.014337 0.860647
vt 0.013433 0.857940
vt 0.015538 0.863083
vt 0.022164 0.868459
vt 0.019431 0.866935
vt 0.025151 0.869780
vt 0.113908 0.876460
vt 0.105000 0.876247
vt 0.032062 0.870965
vt 0.109514 0.876501
vt 0.122438 0.874424
vt 0.118192 0.875860
vt 0.126806 0.872113
vt 0.136799 0.863696
vt 0.144358 0.854787
vt 0.155437 0.840740
vt 0.070727 0.702142
vt 0.014978 0.842130
vt 0.068503 0.702142
vt 0.013807 0.841562
vt 0.012860 0.844091
vt 0.012264 0.846857
vt 0.011763 0.849696
vt 0.011491 0.852564
vt 0.011521 0.855486
vt 0.011928 0.858487
vt 0.012775 0.861547
vt 0.014082 0.864378
vt 0.015927 0.866783
vt 0.018325 0.868817
vt 0.021166 0.870563
vt 0.024291 0.872084
vt 0.027738 0.873152
vt 0.031591 0.873682
vt 0.104581 0.879379
vt 0.109189 0.879637
vt 0.113772 0.879609
vt 0.118367 0.879024
vt 0.123035 0.877604
vt 0.127876 0.875177
vt 0.133035 0.871502
vt 0.138597 0.866164
vt 0.146322 0.857059
vt 0.157475 0.842918
vt 0.147500 0.858423
vt 0.158698 0.844225
vt 0.147893 0.858878
vt 0.159105 0.844661
vt 0.139676 0.867644
vt 0.140035 0.868138
vt 0.133925 0.873164
vt 0.134222 0.873718
vt 0.128518 0.877015
vt 0.128732 0.877628
vt 0.123392 0.879512
vt 0.123512 0.880148
vt 0.118472 0.880923
vt 0.118507 0.881556
vt 0.113691 0.881499
vt 0.113664 0.882129
vt 0.108993 0.881519
vt 0.108928 0.882146
vt 0.104330 0.881259
vt 0.104247 0.881885
vt 0.031309 0.875312
vt 0.031215 0.875855
vt 0.027345 0.874662
vt 0.027214 0.875165
vt 0.023775 0.873466
vt 0.023603 0.873927
vt 0.020567 0.871826
vt 0.020368 0.872247
vt 0.017661 0.869946
vt 0.017440 0.870323
vt 0.015173 0.867750
vt 0.014922 0.868072
vt 0.013208 0.865155
vt 0.012916 0.865414
vt 0.011839 0.862087
vt 0.011025 0.858815
vt 0.010653 0.855658
vt 0.010652 0.852605
vt 0.010948 0.849633
vt 0.011467 0.846718
vt 0.012121 0.843856
vt 0.013105 0.841221
vt 0.067178 0.702142
vt 0.012871 0.841108
vt 0.066738 0.702142
vt 0.011874 0.843777
vt 0.011202 0.846672
vt 0.010676 0.849611
vt 0.010372 0.852618
vt 0.010364 0.855715
vt 0.010724 0.858924
vt 0.011526 0.862267
vt 0.273382 0.702142
vt 0.118192 0.875860
vt 0.122438 0.874424
vt 0.109514 0.876501
vt 0.013433 0.857940
vt 0.025151 0.869779
vt 0.014337 0.860647
vt 0.012889 0.852497
vt 0.013121 0.849802
vt 0.014093 0.844484
vt 0.012860 0.844091
vt 0.011763 0.849696
vt 0.011491 0.852564
vt 0.024291 0.872084
vt 0.109189 0.879637
vt 0.158698 0.844225
vt 0.133925 0.873164
vt 0.123392 0.879512
vt 0.113691 0.881499
vt 0.104330 0.881259
vt 0.027345 0.874662
vt 0.011025 0.858815
vt 0.011467 0.846718
vt 0.276970 0.702142
vt 0.279122 0.702142
vt 0.279839 0.702142
vt 0.279122 0.702142
vt 0.798977 0.740010
vt 0.801430 0.806545
vt 0.778024 0.740010
vt 0.781261 0.806545
vt 0.822689 0.806545
vt 0.820689 0.740010
vt 0.844971 0.806545
vt 0.843666 0.740010
vt 0.867111 0.806545
vt 0.866658 0.740010
vt 0.889249 0.806545
vt 0.889703 0.740010
vt 0.910257 0.806545
vt 0.911562 0.740010
vt 0.934238 0.806545
vt 0.936238 0.740010
vt 0.955497 0.806545
vt 0.957950 0.740010
vt 0.977930 0.806545
vt 0.981166 0.740010
vt 0.850226 0.904085
vt 0.868936 0.904085
vt 0.887424 0.904085
vt 0.905002 0.904085
vt 0.926186 0.904085
vt 0.945620 0.904085
vt 0.964897 0.904085
vt 0.872034 0.975415
vt 0.859147 0.975415
vt 0.830740 0.904085
vt 0.811306 0.904085
vt 0.794294 0.904085
vt 0.828072 0.975415
vt 0.816418 0.975415
vt 0.844408 0.975415
vt 0.896081 0.975415
vt 0.912519 0.975415
vt 0.942773 0.975415
vt 0.834908 0.986611
vt 0.825438 0.986611
vt 0.849980 0.986611
vt 0.862784 0.986611
vt 0.873298 0.986611
vt 0.883063 0.986611
vt 0.884326 0.975415
vt 0.892444 0.986611
vt 0.906946 0.986611
vt 0.928854 0.975415
vt 0.922019 0.986611
vt 0.933753 0.986611
vt 0.822689 0.806545
vt 0.850226 0.904085
vt 0.883063 0.986611
vt 0.873298 0.986611
vt 0.862784 0.986611
vt 0.829614 0.665969
vt 0.802961 0.656268
vt 0.831325 0.656268
vt 0.824689 0.674500
vt 0.817143 0.680832
vt 0.807886 0.684201
vt 0.798035 0.684201
vt 0.788779 0.680832
vt 0.781232 0.674500
vt 0.776307 0.665969
vt 0.774596 0.656268
vt 0.776307 0.646566
vt 0.781232 0.638036
vt 0.788779 0.631704
vt 0.798035 0.628334
vt 0.807886 0.628334
vt 0.817143 0.631704
vt 0.824689 0.638036
vt 0.829614 0.646566
vt 0.965813 0.259383
s 1
usemtl Airplane9_01
f 3/1/1 2/2/2 1/3/3
f 2/2/2 4/4/4 1/3/3
f 4/4/4 5/5/5 1/3/3
f 5/5/5 6/6/6 1/3/3
f 6/6/6 7/7/7 1/3/3
f 7/7/7 8/8/8 1/3/3
f 8/8/8 9/9/9 1/3/3
f 9/9/9 10/10/10 1/3/3
f 10/10/10 11/11/11 1/3/3
f 11/11/11 12/12/12 1/3/3
f 12/12/12 13/13/13 1/3/3
f 13/13/13 14/14/14 1/3/3
f 14/14/14 15/15/15 1/3/3
f 15/15/15 16/16/16 1/3/3
f 16/16/16 17/17/17 1/3/3
f 2/2/2 3/1/1 18/18/18
f 18/18/18 19/19/19 2/2/2
f 19/19/19 18/18/18 20/20/20
f 21/21/21 20/20/20 18/18/18
f 20/20/20 21/21/21 22/22/22
f 23/23/23 22/22/22 21/21/21
f 21/21/21 24/24/24 23/23/23
f 25/25/25 23/23/23 24/24/24
f 22/22/22 26/26/26 20/20/20
f 27/27/27 20/20/20 26/26/26
f 20/20/20 27/27/27 19/19/19
f 26/26/26 28/28/28 27/27/27
f 29/29/29 27/27/27 28/28/28
f 28/28/28 30/30/30 29/29/29
f 31/31/31 29/29/29 30/30/30
f 30/30/30 32/32/32 31/31/31
f 33/33/33 31/31/31 32/32/32
f 32/32/32 34/34/34 33/33/33
f 35/35/35 33/33/33 34/34/34
f 34/34/34 36/36/36 35/35/35
f 37/37/37 35/35/35 36/36/36
f 36/36/36 38/38/38 37/37/37
f 39/39/39 37/37/37 38/38/38
f 38/38/38 40/40/40 39/39/39
f 41/41/41 39/39/39 40/40/40
f 40/40/40 42/42/42 41/41/41
f 43/43/43 41/41/41 42/42/42
f 42/42/42 44/44/44 43/43/43
f 45/45/45 43/43/43 44/44/44
f 44/44/44 46/46/46 45/45/45
f 47/47/47 45/45/45 46/46/46
f 46/46/46 48/48/48 47/47/47
f 49/49/49 47/47/47 48/48/48
f 48/48/48 50/50/50 49/49/49
f 51/51/51 49/49/49 50/50/50
f 50/50/50 52/52/52 51/51/51
f 53/53/53 51/51/51 52/52/52
f 40/40/40 38/38/38 54/54/54
f 55/55/55 54/54/54 38/38/38
f 38/38/38 36/36/36 55/55/55
f 56/56/56 55/55/55 36/36/36
f 36/36/36 34/34/34 56/56/56
f 57/57/57 56/56/56 34/34/34
f 34/34/34 32/32/32 57/57/57
f 58/58/58 57/57/57 32/32/32
f 32/32/32 30/30/30 58/58/58
f 59/59/59 58/58/58 30/30/30
f 30/30/30 28/28/28 59/59/59
f 60/60/60 59/59/59 28/28/28
f 28/28/28 26/26/26 60/60/60
f 61/61/61 60/60/60 26/26/26
f 26/26/26 22/22/22 61/61/61
f 62/62/62 61/61/61 22/22/22
f 22/22/22 23/23/23 62/62/62
f 63/63/63 62/62/62 23/23/23
f 23/23/23 25/25/25 63/63/63
f 64/64/64 63/63/63 25/25/25
f 64/64/64 65/65/65 63/63/63
f 66/66/66 63/63/63 65/65/65
f 63/63/63 66/66/66 62/62/62
f 67/67/67 62/62/62 66/66/66
f 67/67/67 68/68/68 62/62/62
f 68/68/68 61/61/61 62/62/62
f 69/69/69 61/61/61 68/68/68
f 69/69/69 70/70/70 61/61/61
f 70/70/70 60/60/60 61/61/61
f 71/71/71 60/60/60 70/70/70
f 71/71/71 72/72/72 60/60/60
f 73/73/73 59/59/59 72/72/72
f 72/72/72 59/59/59 60/60/60
f 73/73/73 74/74/74 59/59/59
f 58/58/58 59/59/59 74/74/74
f 74/74/74 75/75/75 58/58/58
f 57/57/57 58/58/58 75/75/75
f 75/75/75 76/76/76 57/57/57
f 56/56/56 57/57/57 76/76/76
f 76/76/76 77/77/77 56/56/56
f 55/55/55 56/56/56 77/77/77
f 77/77/77 78/78/78 55/55/55
f 54/54/54 55/55/55 78/78/78
f 78/78/78 79/79/79 54/54/54
f 80/80/80 54/54/54 79/79/79
f 54/54/54 80/80/80 40/40/40
f 42/42/42 40/40/40 80/80/80
f 80/80/80 81/81/81 42/42/42
f 44/44/44 42/42/42 81/81/81
f 81/81/81 82/82/82 44/44/44
f 46/46/46 44/44/44 82/82/82
f 82/82/82 83/83/83 46/46/46
f 48/48/48 46/46/46 83/83/83
f 83/83/83 84/84/84 48/48/48
f 50/50/50 48/48/48 84/84/84
f 84/84/84 85/85/85 50/50/50
f 52/52/52 50/50/50 85/85/85
f 81/81/81 80/80/80 86/86/86
f 79/79/79 86/86/86 80/80/80
f 82/82/82 81/81/81 87/87/87
f 86/86/86 87/87/87 81/81/81
f 83/83/83 82/82/82 88/88/88
f 87/87/87 88/88/88 82/82/82
f 84/84/84 83/83/83 89/89/89
f 88/88/88 89/89/89 83/83/83
f 85/85/85 84/84/84 90/90/90
f 89/89/89 90/90/90 84/84/84
f 87/87/87 86/86/86 91/91/91
f 92/92/92 91/91/91 86/86/86
f 86/86/86 79/79/79 92/92/92
f 93/93/93 92/92/92 79/79/79
f 79/79/79 78/78/78 93/93/93
f 94/94/94 93/93/93 78/78/78
f 78/78/78 77/77/77 94/94/94
f 95/95/95 94/94/94 77/77/77
f 77/77/77 76/76/76 95/95/95
f 96/96/96 95/95/95 76/76/76
f 76/76/76 75/75/75 96/96/96
f 97/97/97 96/96/96 75/75/75
f 88/88/88 87/87/87 98/98/98
f 91/91/91 98/98/98 87/87/87
f 98/98/98 99/99/99 88/88/88
f 89/89/89 88/88/88 99/99/99
f 99/99/99 100/100/100 89/89/89
f 90/90/90 89/89/89 100/100/100
f 96/96/96 97/97/97 101/101/101
f 102/102/102 101/101/101 97/97/97
f 97/97/97 103/103/103 102/102/102
f 104/104/104 103/103/103 97/97/97
f 103/103/103 105/105/105 102/102/102
f 102/102/102 105/105/105 106/106/106
f 107/107/107 102/102/102 106/106/106
f 107/107/107 106/106/106 108/108/108
f 99/99/99 98/98/98 109/109/109
f 110/110/110 109/109/109 98/98/98
f 100/100/100 99/99/99 111/111/111
f 109/109/109 111/111/111 99/99/99
f 107/107/107 108/108/108 112/112/112
f 108/108/108 113/113/113 112/112/112
f 112/112/112 113/113/113 114/114/114
f 115/115/115 112/112/112 114/114/114
f 114/114/114 116/116/116 115/115/115
f 115/115/115 116/116/116 117/117/117
f 118/118/118 115/115/115 117/117/117
f 117/117/117 119/119/119 118/118/118
f 120/120/120 118/118/118 119/119/119
f 112/112/112 121/121/121 107/107/107
f 102/102/102 107/107/107 121/121/121
f 121/121/121 122/122/122 102/102/102
f 101/101/101 102/102/102 122/122/122
f 122/122/122 123/123/123 101/101/101
f 124/124/124 101/101/101 123/123/123
f 101/101/101 124/124/124 96/96/96
f 95/95/95 96/96/96 124/124/124
f 124/124/124 125/125/125 95/95/95
f 94/94/94 95/95/95 125/125/125
f 125/125/125 126/126/126 94/94/94
f 93/93/93 94/94/94 126/126/126
f 126/126/126 127/127/127 93/93/93
f 92/92/92 93/93/93 127/127/127
f 127/127/127 128/128/128 92/92/92
f 91/91/91 92/92/92 128/128/128
f 128/128/128 110/110/110 91/91/91
f 98/98/98 91/91/91 110/110/110
f 125/125/125 124/124/124 129/129/129
f 123/123/123 129/129/129 124/124/124
f 126/126/126 125/125/125 130/130/130
f 129/129/129 130/130/130 125/125/125
f 127/127/127 126/126/126 131/131/131
f 130/130/130 131/131/131 126/126/126
f 128/128/128 127/127/127 132/132/132
f 131/131/131 132/132/132 127/127/127
f 110/110/110 128/128/128 133/133/133
f 132/132/132 133/133/133 128/128/128
f 133/133/133 134/134/134 110/110/110
f 109/109/109 110/110/110 134/134/134
f 134/134/134 135/135/135 109/109/109
f 111/111/111 109/109/109 135/135/135
f 130/130/130 129/129/129 136/136/136
f 137/137/137 136/136/136 129/129/129
f 129/129/129 123/123/123 137/137/137
f 138/138/138 137/137/137 123/123/123
f 123/123/123 122/122/122 138/138/138
f 139/139/139 138/138/138 122/122/122
f 122/122/122 121/121/121 139/139/139
f 140/140/140 139/139/139 121/121/121
f 121/121/121 112/112/112 140/140/140
f 141/141/141 140/140/140 112/112/112
f 112/112/112 115/115/115 141/141/141
f 142/142/142 141/141/141 115/115/115
f 115/115/115 118/118/118 142/142/142
f 143/143/143 142/142/142 118/118/118
f 118/118/118 120/120/120 143/143/143
f 143/143/143 120/120/120 144/144/144
f 120/120/120 145/145/145 144/144/144
f 145/145/145 146/146/146 144/144/144
f 147/147/147 144/144/144 146/146/146
f 144/144/144 147/147/147 148/148/148
f 149/149/149 148/148/148 147/147/147
f 147/147/147 150/150/150 149/149/149
f 151/151/151 149/149/149 150/150/150
f 150/150/150 152/152/152 151/151/151
f 152/152/152 150/150/150 153/153/153
f 154/154/154 153/153/153 150/150/150
f 155/155/155 151/151/151 152/152/152
f 143/143/143 144/144/144 156/156/156
f 148/148/148 156/156/156 144/144/144
f 156/156/156 157/157/157 143/143/143
f 142/142/142 143/143/143 157/157/157
f 157/157/157 158/158/158 142/142/142
f 141/141/141 142/142/142 158/158/158
f 158/158/158 159/159/159 141/141/141
f 140/140/140 141/141/141 159/159/159
f 159/159/159 160/160/160 140/140/140
f 139/139/139 140/140/140 160/160/160
f 160/160/160 161/161/161 139/139/139
f 138/138/138 139/139/139 161/161/161
f 161/161/161 162/162/162 138/138/138
f 137/137/137 138/138/138 162/162/162
f 162/162/162 163/163/163 137/137/137
f 136/136/136 137/137/137 163/163/163
f 163/163/163 164/164/164 136/136/136
f 165/165/165 136/136/136 164/164/164
f 136/136/136 165/165/165 130/130/130
f 131/131/131 130/130/130 165/165/165
f 165/165/165 166/166/166 131/131/131
f 132/132/132 131/131/131 166/166/166
f 166/166/166 167/167/167 132/132/132
f 133/133/133 132/132/132 167/167/167
f 167/167/167 168/168/168 133/133/133
f 134/134/134 133/133/133 168/168/168
f 168/168/168 169/169/169 134/134/134
f 135/135/135 134/134/134 169/169/169
f 166/166/166 165/165/165 170/170/170
f 164/164/164 170/170/170 165/165/165
f 167/167/167 166/166/166 171/171/171
f 170/170/170 171/171/171 166/166/166
f 168/168/168 167/167/167 172/172/172
f 171/171/171 172/172/172 167/167/167
f 169/169/169 168/168/168 173/173/173
f 172/172/172 173/173/173 168/168/168
f 170/170/170 164/164/164 174/174/174
f 175/175/175 174/174/174 164/164/164
f 164/164/164 163/163/163 175/175/175
f 176/176/176 175/175/175 163/163/163
f 163/163/163 162/162/162 176/176/176
f 177/177/177 176/176/176 162/162/162
f 162/162/162 161/161/161 177/177/177
f 178/178/178 177/177/177 161/161/161
f 161/161/161 160/160/160 178/178/178
f 179/179/179 178/178/178 160/160/160
f 160/160/160 159/159/159 179/179/179
f 180/180/180 179/179/179 159/159/159
f 159/159/159 158/158/158 180/180/180
f 181/181/181 180/180/180 158/158/158
f 158/158/158 157/157/157 181/181/181
f 182/182/182 181/181/181 157/157/157
f 157/157/157 156/156/156 182/182/182
f 183/183/183 182/182/182 156/156/156
f 156/156/156 148/148/148 183/183/183
f 184/184/184 183/183/183 148/148/148
f 148/148/148 149/149/149 184/184/184
f 185/185/185 184/184/184 149/149/149
f 149/149/149 151/151/151 185/185/185
f 186/186/186 185/185/185 151/151/151
f 151/151/151 155/155/155 186/186/186
f 187/187/187 186/186/186 155/155/155
f 185/185/185 186/186/186 188/188/188
f 189/189/189 188/188/188 186/186/186
f 186/186/186 190/187/187 189/189/189
f 191/190/190 189/189/191 187/187/187
f 184/184/184 185/185/185 192/191/192
f 188/188/188 192/191/192 185/185/185
f 183/183/183 184/184/184 193/192/193
f 192/191/192 193/192/193 184/184/184
f 193/192/193 194/193/194 183/183/183
f 182/182/182 183/183/183 194/193/194
f 194/193/194 195/194/195 182/182/182
f 181/181/181 182/182/182 195/194/195
f 195/194/195 196/195/196 181/181/181
f 180/180/180 181/181/181 196/195/196
f 196/195/196 197/196/197 180/180/180
f 179/179/179 180/180/180 197/196/197
f 197/196/197 198/197/198 179/179/179
f 178/178/178 179/179/179 198/197/198
f 198/197/198 199/198/199 178/178/178
f 177/177/177 178/178/178 199/198/199
f 199/198/199 200/199/200 177/177/177
f 176/176/176 177/177/177 200/199/200
f 200/199/200 201/200/201 176/176/176
f 175/175/175 176/176/176 201/200/201
f 201/200/201 202/201/202 175/175/175
f 174/174/174 175/175/175 202/201/202
f 202/201/202 203/202/203 174/174/174
f 204/203/204 174/174/174 203/202/203
f 174/174/174 204/203/204 170/170/170
f 171/171/171 170/170/170 204/203/204
f 204/203/204 205/204/205 171/171/171
f 172/172/172 171/171/171 205/204/205
f 205/204/205 206/205/206 172/172/172
f 173/173/173 172/172/172 206/205/206
f 205/204/205 204/203/204 207/206/207
f 203/202/203 207/206/207 204/203/204
f 206/205/206 205/204/205 208/207/208
f 207/206/207 208/207/208 205/204/205
f 201/200/201 200/199/200 209/208/209
f 210/209/210 209/208/209 200/199/200
f 200/199/200 199/198/199 210/209/210
f 211/210/211 210/209/210 199/198/199
f 199/198/199 198/197/198 211/210/211
f 212/211/212 211/210/211 198/197/198
f 198/197/198 197/196/197 212/211/212
f 213/212/213 212/211/212 197/196/197
f 197/196/197 196/195/196 213/212/213
f 214/213/214 213/212/213 196/195/196
f 196/195/196 195/194/195 214/213/214
f 215/214/215 214/213/214 195/194/195
f 195/194/195 194/193/194 215/214/215
f 216/215/216 215/214/215 194/193/194
f 194/193/194 193/192/193 216/215/216
f 217/216/217 216/215/216 193/192/193
f 193/192/193 192/191/192 217/216/217
f 218/217/218 217/216/217 192/191/192
f 192/191/192 188/188/188 218/217/218
f 219/218/219 218/217/218 188/188/188
f 188/188/188 189/189/189 219/218/219
f 220/219/220 219/218/219 189/189/189
f 189/189/189 221/190/190 220/219/220
f 222/220/221 220/219/220 191/190/190
f 17/17/17 223/221/222 1/3/3
f 223/221/222 17/17/17 224/222/223
f 225/223/224 224/222/223 17/17/17
f 224/222/223 225/223/224 226/53/53
f 51/51/51 226/53/53 225/223/224
f 225/223/224 227/224/225 51/51/51
f 49/49/49 51/51/51 227/224/225
f 227/224/225 228/225/226 49/49/49
f 47/47/47 49/49/49 228/225/226
f 228/225/226 229/226/227 47/47/47
f 45/45/45 47/47/47 229/226/227
f 229/226/227 230/227/228 45/45/45
f 43/43/43 45/45/45 230/227/228
f 230/227/228 231/228/229 43/43/43
f 41/41/41 43/43/43 231/228/229
f 231/228/229 232/229/230 41/41/41
f 39/39/39 41/41/41 232/229/230
f 232/229/230 233/230/231 39/39/39
f 37/37/37 39/39/39 233/230/231
f 233/230/231 234/231/232 37/37/37
f 35/35/35 37/37/37 234/231/232
f 234/231/232 235/232/233 35/35/35
f 33/33/33 35/35/35 235/232/233
f 235/232/233 236/233/234 33/33/33
f 31/31/31 33/33/33 236/233/234
f 236/233/234 237/234/235 31/31/31
f 29/29/29 31/31/31 237/234/235
f 237/234/235 238/235/236 29/29/29
f 27/27/27 29/29/29 238/235/236
f 238/235/236 19/19/19 27/27/27
f 19/19/19 238/235/236 4/4/4
f 4/4/4 2/2/2 19/19/19
f 5/5/5 4/4/4 238/235/236
f 238/235/236 237/234/235 5/5/5
f 6/6/6 5/5/5 237/234/235
f 237/234/235 236/233/234 6/6/6
f 7/7/7 6/6/6 236/233/234
f 236/233/234 235/232/233 7/7/7
f 8/8/8 7/7/7 235/232/233
f 235/232/233 234/231/232 8/8/8
f 9/9/9 8/8/8 234/231/232
f 234/231/232 233/230/231 9/9/9
f 10/10/10 9/9/9 233/230/231
f 233/230/231 232/229/230 10/10/10
f 11/11/11 10/10/10 232/229/230
f 232/229/230 231/228/229 11/11/11
f 12/12/12 11/11/11 231/228/229
f 231/228/229 230/227/228 12/12/12
f 13/13/13 12/12/12 230/227/228
f 230/227/228 229/226/227 13/13/13
f 14/14/14 13/13/13 229/226/227
f 229/226/227 228/225/226 14/14/14
f 15/15/15 14/14/14 228/225/226
f 228/225/226 227/224/225 15/15/15
f 16/16/16 15/15/15 227/224/225
f 227/224/225 225/223/224 16/16/16
f 17/17/17 16/16/16 225/223/224
f 241/221/222 240/17/237 239/3/3
f 240/17/237 242/16/238 239/3/3
f 242/16/238 243/15/239 239/3/3
f 243/15/239 244/236/240 239/3/3
f 244/236/240 245/237/241 239/3/3
f 245/237/241 246/12/242 239/3/3
f 246/12/242 247/11/243 239/3/3
f 247/11/243 248/10/244 239/3/3
f 248/10/244 249/238/245 239/3/3
f 249/238/245 250/8/246 239/3/3
f 250/8/246 251/239/247 239/3/3
f 251/239/247 252/6/248 239/3/3
f 252/6/248 253/240/249 239/3/3
f 253/240/249 254/4/250 239/3/3
f 254/4/250 255/2/251 239/3/3
f 240/17/237 241/221/222 256/223/252
f 256/223/252 257/241/253 240/17/237
f 257/241/253 256/223/252 258/242/254
f 259/243/255 258/242/254 256/223/252
f 258/242/254 259/243/255 260/244/256
f 261/245/257 260/244/256 259/243/255
f 259/243/255 262/53/53 261/245/257
f 263/52/52 261/245/257 262/53/53
f 260/244/256 264/246/258 258/242/254
f 265/247/259 258/242/254 264/246/258
f 258/242/254 265/247/259 257/241/253
f 264/246/258 266/248/260 265/247/259
f 267/249/261 265/247/259 266/248/260
f 266/248/260 268/250/262 267/249/261
f 269/251/263 267/249/261 268/250/262
f 268/250/262 270/252/264 269/251/263
f 271/253/265 269/251/263 270/252/264
f 270/252/264 272/254/266 271/253/265
f 273/255/267 271/253/265 272/254/266
f 272/254/266 274/256/268 273/255/267
f 275/257/269 273/255/267 274/256/268
f 274/256/268 276/258/270 275/257/269
f 277/259/271 275/257/269 276/258/270
f 276/258/270 278/260/272 277/259/271
f 279/261/273 277/259/271 278/260/272
f 278/260/272 280/262/274 279/261/273
f 281/263/275 279/261/273 280/262/274
f 280/262/274 282/264/276 281/263/275
f 283/265/277 281/263/275 282/264/276
f 282/264/276 284/266/278 283/265/277
f 285/267/279 283/265/277 284/266/278
f 284/266/278 286/268/280 285/267/279
f 287/269/281 285/267/279 286/268/280
f 286/268/280 288/270/282 287/269/281
f 289/271/283 287/269/281 288/270/282
f 288/270/282 290/25/25 289/271/283
f 291/24/24 289/271/283 290/25/25
f 278/260/272 276/258/270 292/272/284
f 293/273/285 292/272/284 276/258/270
f 276/258/270 274/256/268 293/273/285
f 294/274/286 293/273/285 274/256/268
f 274/256/268 272/254/266 294/274/286
f 295/275/287 294/274/286 272/254/266
f 272/254/266 270/252/264 295/275/287
f 296/276/288 295/275/287 270/252/264
f 270/252/264 268/250/262 296/276/288
f 297/277/289 296/276/288 268/250/262
f 268/250/262 266/248/260 297/277/289
f 298/278/290 297/277/289 266/248/260
f 266/248/260 264/246/258 298/278/290
f 299/279/291 298/278/290 264/246/258
f 264/246/258 260/244/256 299/279/291
f 300/280/292 299/279/291 260/244/256
f 260/244/256 261/245/257 300/280/292
f 301/281/293 300/280/292 261/245/257
f 261/245/257 263/52/52 301/281/293
f 302/85/294 301/281/293 263/52/52
f 301/281/293 302/85/294 303/89/295
f 304/90/90 303/89/295 302/85/294
f 300/280/292 301/281/293 305/282/296
f 303/89/295 305/282/296 301/281/293
f 299/279/291 300/280/292 306/283/297
f 305/282/296 306/283/297 300/280/292
f 298/278/290 299/279/291 307/284/298
f 306/283/297 307/284/298 299/279/291
f 297/277/289 298/278/290 308/285/299
f 307/284/298 308/285/299 298/278/290
f 308/285/299 309/286/300 297/277/289
f 296/276/288 297/277/289 309/286/300
f 309/286/300 310/287/301 296/276/288
f 295/275/287 296/276/288 310/287/301
f 310/287/301 311/288/302 295/275/287
f 294/274/286 295/275/287 311/288/302
f 311/288/302 312/289/303 294/274/286
f 293/273/285 294/274/286 312/289/303
f 312/289/303 313/290/304 293/273/285
f 292/272/284 293/273/285 313/290/304
f 292/272/284 313/290/304 314/291/305
f 292/272/284 314/291/305 278/260/272
f 280/262/274 278/260/272 314/291/305
f 314/291/305 315/292/306 280/262/274
f 282/264/276 280/262/274 315/292/306
f 315/292/306 316/293/307 282/264/276
f 284/266/278 282/264/276 316/293/307
f 316/293/307 317/294/308 284/266/278
f 286/268/280 284/266/278 317/294/308
f 317/294/308 318/295/309 286/268/280
f 288/270/282 286/268/280 318/295/309
f 318/295/309 319/64/64 288/270/282
f 290/25/25 288/270/282 319/64/64
f 320/296/310 314/291/305 313/290/304
f 320/296/310 321/297/311 314/291/305
f 321/297/311 315/292/306 314/291/305
f 322/298/312 315/292/306 321/297/311
f 322/298/312 323/299/313 315/292/306
f 323/299/313 316/293/307 315/292/306
f 324/300/314 316/293/307 323/299/313
f 324/300/314 325/301/315 316/293/307
f 325/301/315 317/294/308 316/293/307
f 326/302/316 317/294/308 325/301/315
f 326/302/316 327/66/317 317/294/308
f 318/295/309 317/294/308 327/66/317
f 319/64/64 318/295/309 328/65/65
f 327/66/317 328/65/65 318/295/309
f 325/301/315 329/303/318 326/302/316
f 329/303/318 325/301/315 330/304/319
f 331/300/320 330/304/319 325/301/315
f 330/304/319 331/300/320 332/305/321
f 333/299/322 332/305/321 331/300/320
f 334/298/323 332/305/321 333/299/322
f 332/305/321 334/298/323 335/306/324
f 336/297/325 335/306/324 334/298/323
f 337/296/326 335/306/324 336/297/325
f 335/306/324 337/296/326 338/307/327
f 339/308/328 338/307/327 337/296/326
f 338/307/327 339/308/328 340/309/329
f 341/310/330 340/309/329 339/308/328
f 342/311/331 340/309/329 341/310/330
f 340/309/329 342/311/331 343/312/332
f 344/313/333 343/312/332 342/311/331
f 343/312/332 344/313/333 345/314/334
f 346/315/335 345/314/334 344/313/333
f 345/314/334 346/315/335 347/316/336
f 348/317/337 347/316/336 346/315/335
f 347/316/336 348/317/337 349/318/338
f 350/319/339 349/318/338 348/317/337
f 349/318/338 350/319/339 351/320/340
f 352/321/341 351/320/340 350/319/339
f 351/320/340 352/321/341 353/322/342
f 354/323/343 353/322/342 352/321/341
f 353/322/342 354/323/343 355/324/344
f 356/325/345 355/324/344 354/323/343
f 355/324/344 356/325/345 357/326/346
f 358/327/347 357/326/346 356/325/345
f 357/326/346 358/327/347 359/328/348
f 360/329/349 359/328/348 358/327/347
f 359/328/348 360/329/349 361/330/350
f 362/331/351 361/330/350 360/329/349
f 361/330/350 362/331/351 363/332/352
f 364/333/353 363/332/352 362/331/351
f 365/334/354 363/332/352 364/333/353
f 363/332/352 365/334/354 366/335/355
f 367/336/356 366/335/355 365/334/354
f 366/335/355 367/336/356 368/337/357
f 369/338/358 368/337/357 367/336/356
f 368/337/357 369/338/358 370/339/359
f 371/340/360 370/339/359 369/338/358
f 372/341/361 370/339/359 371/340/360
f 370/339/359 372/341/361 373/342/362
f 374/153/363 373/342/362 372/341/361
f 255/2/251 375/1/1 239/3/3
f 255/2/251 376/18/364 375/1/1
f 255/2/251 254/4/250 376/18/364
f 377/19/365 376/18/364 254/4/250
f 376/18/364 377/19/365 289/271/283
f 287/269/281 289/271/283 377/19/365
f 377/19/365 378/343/366 287/269/281
f 285/267/279 287/269/281 378/343/366
f 378/343/366 379/234/367 285/267/279
f 283/265/277 285/267/279 379/234/367
f 379/234/367 380/344/368 283/265/277
f 281/263/275 283/265/277 380/344/368
f 380/344/368 381/345/369 281/263/275
f 279/261/273 281/263/275 381/345/369
f 381/345/369 382/346/370 279/261/273
f 277/259/271 279/261/273 382/346/370
f 382/346/370 383/347/371 277/259/271
f 275/257/269 277/259/271 383/347/371
f 383/347/371 384/348/372 275/257/269
f 273/255/267 275/257/269 384/348/372
f 384/348/372 385/349/373 273/255/267
f 271/253/265 273/255/267 385/349/373
f 385/349/373 386/350/374 271/253/265
f 269/251/263 271/253/265 386/350/374
f 386/350/374 387/351/375 269/251/263
f 267/249/261 269/251/263 387/351/375
f 387/351/375 388/352/376 267/249/261
f 265/247/259 267/249/261 388/352/376
f 388/352/376 257/241/253 265/247/259
f 257/241/253 388/352/376 242/16/238
f 242/16/238 240/17/237 257/241/253
f 243/15/239 242/16/238 388/352/376
f 388/352/376 387/351/375 243/15/239
f 244/236/240 243/15/239 387/351/375
f 387/351/375 386/350/374 244/236/240
f 245/237/241 244/236/240 386/350/374
f 386/350/374 385/349/373 245/237/241
f 246/12/242 245/237/241 385/349/373
f 385/349/373 384/348/372 246/12/242
f 247/11/243 246/12/242 384/348/372
f 384/348/372 383/347/371 247/11/243
f 248/10/244 247/11/243 383/347/371
f 383/347/371 382/346/370 248/10/244
f 249/238/245 248/10/244 382/346/370
f 382/346/370 381/345/369 249/238/245
f 250/8/246 249/238/245 381/345/369
f 381/345/369 380/344/368 250/8/246
f 251/239/247 250/8/246 380/344/368
f 380/344/368 379/234/367 251/239/247
f 252/6/248 251/239/247 379/234/367
f 379/234/367 378/343/366 252/6/248
f 253/240/249 252/6/248 378/343/366
f 378/343/366 377/19/365 253/240/249
f 254/4/250 253/240/249 377/19/365
f 73/73/73 389/353/377 74/74/74
f 390/354/378 74/74/74 389/353/377
f 390/354/378 391/355/379 74/74/74
f 74/74/74 391/355/379 392/356/379
f 75/75/75 74/74/74 392/356/379
f 97/97/97 75/75/75 392/356/379
f 104/104/104 97/97/97 392/356/379
f 303/89/295 304/90/90 393/357/380
f 394/100/100 393/357/380 304/90/90
f 393/357/380 395/358/381 303/89/295
f 305/282/296 303/89/295 395/358/381
f 395/358/381 396/359/382 305/282/296
f 306/283/297 305/282/296 396/359/382
f 396/359/382 397/360/383 306/283/297
f 307/284/298 306/283/297 397/360/383
f 397/360/383 398/361/384 307/284/298
f 308/285/299 307/284/298 398/361/384
f 398/361/384 399/362/385 308/285/299
f 309/286/300 308/285/299 399/362/385
f 399/362/385 400/363/386 309/286/300
f 310/287/301 309/286/300 400/363/386
f 400/363/386 401/364/387 310/287/301
f 311/288/302 310/287/301 401/364/387
f 401/364/387 402/365/388 311/288/302
f 312/289/303 311/288/302 402/365/388
f 402/365/388 403/313/389 312/289/303
f 404/315/390 403/313/389 402/365/388
f 403/313/389 313/290/304 312/289/303
f 405/311/391 313/290/304 403/313/389
f 406/310/392 313/290/304 405/311/391
f 406/310/392 407/308/393 313/290/304
f 320/296/310 313/290/304 407/308/393
f 400/363/386 399/362/385 408/366/394
f 409/367/395 408/366/394 399/362/385
f 401/364/387 400/363/386 410/368/396
f 408/366/394 410/368/396 400/363/386
f 402/365/388 401/364/387 411/369/397
f 410/368/396 411/369/397 401/364/387
f 411/369/397 412/319/398 402/365/388
f 413/370/399 412/319/398 411/369/397
f 414/321/400 412/319/398 413/370/399
f 412/319/398 415/317/401 402/365/388
f 415/317/401 404/315/390 402/365/388
f 413/370/399 416/323/402 414/321/400
f 408/366/394 409/367/395 417/371/403
f 418/372/404 417/371/403 409/367/395
f 409/367/395 419/373/405 418/372/404
f 419/373/405 409/367/395 398/361/384
f 398/361/384 397/360/383 419/373/405
f 420/374/406 419/373/405 397/360/383
f 397/360/383 396/359/382 420/374/406
f 421/375/407 420/374/406 396/359/382
f 396/359/382 395/358/381 421/375/407
f 422/376/408 421/375/407 395/358/381
f 395/358/381 393/357/380 422/376/408
f 423/377/409 422/376/408 393/357/380
f 393/357/380 394/100/100 423/377/409
f 424/111/111 423/377/409 394/100/100
f 423/377/409 424/111/111 425/378/410
f 426/135/135 425/378/410 424/111/111
f 422/376/408 423/377/409 427/379/411
f 425/378/410 427/379/411 423/377/409
f 421/375/407 422/376/408 428/380/412
f 427/379/411 428/380/412 422/376/408
f 420/374/406 421/375/407 429/381/413
f 428/380/412 429/381/413 421/375/407
f 429/381/413 430/382/414 420/374/406
f 419/373/405 420/374/406 430/382/414
f 430/382/414 418/372/404 419/373/405
f 425/378/410 426/135/135 431/383/415
f 432/169/169 431/383/415 426/135/135
f 427/379/411 425/378/410 433/384/416
f 431/383/415 433/384/416 425/378/410
f 428/380/412 427/379/411 434/385/417
f 433/384/416 434/385/417 427/379/411
f 429/381/413 428/380/412 435/386/418
f 434/385/417 435/386/418 428/380/412
f 430/382/414 429/381/413 436/387/419
f 435/386/418 436/387/419 429/381/413
f 418/372/404 430/382/414 437/388/420
f 436/387/419 437/388/420 430/382/414
f 437/388/420 438/389/421 418/372/404
f 417/371/403 418/372/404 438/389/421
f 438/389/421 439/390/422 417/371/403
f 440/391/423 417/371/403 439/390/422
f 417/371/403 440/391/423 408/366/394
f 410/368/396 408/366/394 440/391/423
f 440/391/423 441/392/424 410/368/396
f 411/369/397 410/368/396 441/392/424
f 441/392/424 442/393/425 411/369/397
f 413/370/399 411/369/397 442/393/425
f 442/393/425 443/325/426 413/370/399
f 444/394/427 443/325/426 442/393/425
f 445/327/428 443/325/426 444/394/427
f 443/325/426 416/323/402 413/370/399
f 445/327/428 444/394/427 446/329/429
f 444/394/427 447/395/430 446/329/429
f 447/395/430 448/331/431 446/329/429
f 448/331/431 447/395/430 449/333/432
f 450/334/433 449/333/432 447/395/430
f 441/392/424 440/391/423 451/396/434
f 439/390/422 451/396/434 440/391/423
f 442/393/425 441/392/424 452/397/435
f 451/396/434 452/397/435 441/392/424
f 444/394/427 442/393/425 453/398/436
f 452/397/435 453/398/436 442/393/425
f 447/395/430 444/394/427 454/399/437
f 453/398/436 454/399/437 444/394/427
f 450/334/433 447/395/430 455/400/438
f 447/395/430 454/399/437 455/400/438
f 456/336/439 450/334/433 455/400/438
f 451/396/434 439/390/422 457/401/440
f 458/402/441 457/401/440 439/390/422
f 439/390/422 438/389/421 458/402/441
f 459/403/442 458/402/441 438/389/421
f 438/389/421 437/388/420 459/403/442
f 460/404/443 459/403/442 437/388/420
f 437/388/420 436/387/419 460/404/443
f 461/405/444 460/404/443 436/387/419
f 436/387/419 435/386/418 461/405/444
f 462/406/445 461/405/444 435/386/418
f 435/386/418 434/385/417 462/406/445
f 463/407/446 462/406/445 434/385/417
f 434/385/417 433/384/416 463/407/446
f 464/408/447 463/407/446 433/384/416
f 433/384/416 431/383/415 464/408/447
f 465/409/448 464/408/447 431/383/415
f 431/383/415 432/169/169 465/409/448
f 466/173/173 465/409/448 432/169/169
f 465/409/448 466/173/173 467/204/449
f 468/205/206 467/204/449 466/173/173
f 464/408/447 465/409/448 469/410/450
f 467/204/449 469/410/450 465/409/448
f 463/407/446 464/408/447 470/411/451
f 469/410/450 470/411/451 464/408/447
f 462/406/445 463/407/446 471/412/452
f 470/411/451 471/412/452 463/407/446
f 461/405/444 462/406/445 472/413/453
f 471/412/452 472/413/453 462/406/445
f 472/413/453 473/414/454 461/405/444
f 460/404/443 461/405/444 473/414/454
f 473/414/454 474/415/455 460/404/443
f 459/403/442 460/404/443 474/415/455
f 474/415/455 475/416/456 459/403/442
f 458/402/441 459/403/442 475/416/456
f 475/416/456 476/417/457 458/402/441
f 457/401/440 458/402/441 476/417/457
f 476/417/457 477/418/458 457/401/440
f 478/419/459 457/401/440 477/418/458
f 457/401/440 478/419/459 451/396/434
f 452/397/435 451/396/434 478/419/459
f 478/419/459 479/420/460 452/397/435
f 453/398/436 452/397/435 479/420/460
f 479/420/460 480/421/461 453/398/436
f 454/399/437 453/398/436 480/421/461
f 480/421/461 481/422/462 454/399/437
f 455/400/438 454/399/437 481/422/462
f 481/422/462 482/423/463 455/400/438
f 483/424/464 455/400/438 482/423/463
f 482/423/463 484/425/465 483/424/464
f 485/426/466 483/424/464 484/425/465
f 483/424/464 485/426/466 486/340/467
f 487/338/468 483/424/464 486/340/467
f 484/425/465 488/155/155 485/426/466
f 489/152/152 485/426/466 488/155/155
f 480/421/461 479/420/460 490/427/469
f 491/428/470 490/427/469 479/420/460
f 479/420/460 478/419/459 491/428/470
f 477/418/458 491/428/470 478/419/459
f 482/423/463 481/422/462 492/429/471
f 493/430/472 492/429/471 481/422/462
f 490/427/469 493/430/472 480/421/461
f 481/422/462 480/421/461 493/430/472
f 488/155/155 484/425/465 494/187/187
f 495/431/473 494/187/187 484/425/465
f 492/429/471 495/431/473 482/423/463
f 484/425/465 482/423/463 495/431/473
f 491/428/470 477/418/458 496/432/474
f 497/433/475 496/432/474 477/418/458
f 477/418/458 476/417/457 497/433/475
f 498/434/476 497/433/475 476/417/457
f 476/417/457 475/416/456 498/434/476
f 499/435/477 498/434/476 475/416/456
f 475/416/456 474/415/455 499/435/477
f 500/436/478 499/435/477 474/415/455
f 474/415/455 473/414/454 500/436/478
f 501/437/479 500/436/478 473/414/454
f 473/414/454 472/413/453 501/437/479
f 502/438/480 501/437/479 472/413/453
f 472/413/453 471/412/452 502/438/480
f 503/200/481 502/438/480 471/412/452
f 471/412/452 470/411/451 503/200/481
f 504/439/482 503/200/481 470/411/451
f 470/411/451 469/410/450 504/439/482
f 505/440/483 504/439/482 469/410/450
f 469/410/450 467/204/449 505/440/483
f 506/206/484 505/440/483 467/204/449
f 467/204/449 468/205/206 506/206/484
f 507/207/208 506/206/484 468/205/206
f 506/206/484 507/207/208 508/441/485
f 509/442/486 508/441/485 507/207/208
f 505/440/483 506/206/484 510/443/487
f 508/441/485 510/443/487 506/206/484
f 504/439/482 505/440/483 511/444/488
f 510/443/487 511/444/488 505/440/483
f 503/200/481 504/439/482 512/445/489
f 511/444/488 512/445/489 504/439/482
f 502/438/480 503/200/481 513/446/490
f 512/445/489 513/446/490 503/200/481
f 513/446/490 514/447/491 502/438/480
f 501/437/479 502/438/480 514/447/491
f 514/447/491 515/448/492 501/437/479
f 500/436/478 501/437/479 515/448/492
f 515/448/492 516/449/493 500/436/478
f 499/435/477 500/436/478 516/449/493
f 516/449/493 517/450/494 499/435/477
f 498/434/476 499/435/477 517/450/494
f 517/450/494 518/451/495 498/434/476
f 497/433/475 498/434/476 518/451/495
f 518/451/495 519/452/496 497/433/475
f 496/432/474 497/433/475 519/452/496
f 519/452/496 520/453/497 496/432/474
f 521/192/498 496/432/474 520/453/497
f 496/432/474 521/192/498 491/428/470
f 490/427/469 491/428/470 521/192/498
f 521/192/498 522/454/499 490/427/469
f 493/430/472 490/427/469 522/454/499
f 522/454/499 523/455/500 493/430/472
f 492/429/471 493/430/472 523/455/500
f 523/455/500 524/456/501 492/429/471
f 495/431/473 492/429/471 524/456/501
f 524/456/501 525/190/190 495/431/473
f 522/454/499 521/192/498 526/457/502
f 520/453/497 526/457/502 521/192/498
f 523/455/500 522/454/499 527/458/503
f 526/457/502 527/458/503 522/454/499
f 524/456/501 523/455/500 528/219/504
f 527/458/503 528/219/504 523/455/500
f 525/190/190 524/456/501 529/220/221
f 528/219/504 529/220/221 524/456/501
f 531/187/187 495/431/473 530/190/190
f 399/362/385 398/361/384 409/367/395
f 485/426/466 533/341/505 532/340/467
f 533/341/505 485/426/466 534/153/153
f 489/152/152 534/153/153 485/426/466
f 202/201/202 201/200/201 535/459/506
f 209/208/209 535/459/506 201/200/201
f 535/459/506 536/460/507 202/201/202
f 203/202/203 202/201/202 536/460/507
f 536/460/507 537/441/508 203/202/203
f 207/206/207 203/202/203 537/441/508
f 537/441/508 538/442/486 207/206/207
f 208/207/208 207/206/207 538/442/486
f 541/461/509 540/462/509 539/463/509
f 544/464/219 543/461/220 542/463/510
f 545/465/511 544/464/219 542/463/510
f 546/466/217 545/465/511 542/463/510
f 547/467/512 546/466/217 542/463/510
f 548/468/215 547/467/512 542/463/510
f 549/469/214 548/468/215 542/463/510
f 550/470/213 549/469/214 542/463/510
f 551/471/212 550/470/213 542/463/510
f 552/472/513 551/471/212 542/463/510
f 553/473/514 552/472/513 542/463/510
f 554/474/209 553/473/514 542/463/510
f 555/475/506 554/474/209 542/463/510
f 556/476/515 555/475/506 542/463/510
f 557/477/516 556/476/515 542/463/510
f 558/478/486 557/477/516 542/463/510
f 559/479/517 558/478/486 542/463/510
f 560/480/518 559/479/517 542/463/510
f 561/481/519 560/480/518 542/463/510
f 562/482/520 561/481/519 542/463/510
f 563/483/521 562/482/520 542/463/510
f 564/484/491 563/483/521 542/463/510
f 565/485/522 564/484/491 542/463/510
f 566/486/493 565/485/522 542/463/510
f 567/487/494 566/486/493 542/463/510
f 568/488/523 567/487/494 542/463/510
f 569/489/496 568/488/523 542/463/510
f 570/490/497 569/489/496 542/463/510
f 571/491/524 570/490/497 542/463/510
f 572/492/525 571/491/524 542/463/510
f 573/493/526 572/492/525 542/463/510
f 574/462/527 573/493/526 542/463/510
f 146/146/146 575/494/528 147/147/147
f 147/147/147 575/494/528 150/150/150
f 150/150/150 576/494/528 154/154/154
f 455/400/438 483/424/464 456/336/439
f 487/338/468 456/336/439 483/424/464
f 579/154/529 578/495/530 577/153/363
f 580/342/531 577/153/363 578/495/530
f 581/494/532 578/495/530 579/154/529
f 578/495/530 581/494/532 582/496/533
f 583/146/534 582/496/533 581/494/532
f 582/496/533 583/146/534 584/497/535
f 585/145/536 584/497/535 583/146/534
f 584/497/535 585/145/536 586/498/537
f 587/120/538 586/498/537 585/145/536
f 588/119/539 586/498/537 587/120/538
f 586/498/537 588/119/539 589/499/540
f 590/117/541 589/499/540 588/119/539
f 589/499/540 590/117/541 591/500/542
f 592/116/543 591/500/542 590/117/541
f 591/500/542 592/116/543 593/501/544
f 594/114/545 593/501/544 592/116/543
f 593/501/544 594/114/545 595/502/546
f 596/113/547 595/502/546 594/114/545
f 595/502/546 596/113/547 597/503/548
f 598/108/549 597/503/548 596/113/547
f 597/503/548 598/108/549 599/504/550
f 600/106/551 599/504/550 598/108/549
f 599/504/550 600/106/551 601/505/552
f 602/105/553 601/505/552 600/106/551
f 601/505/552 602/105/553 603/506/554
f 604/103/555 603/506/554 602/105/553
f 603/506/554 604/103/555 605/507/556
f 606/104/557 605/507/556 604/103/555
f 605/507/556 606/104/557 607/508/558
f 608/356/559 607/508/558 606/104/557
f 607/508/558 608/356/559 609/509/560
f 610/355/561 609/509/560 608/356/559
f 611/354/562 609/509/560 610/355/561
f 609/509/560 611/354/562 612/510/563
f 613/353/564 612/510/563 611/354/562
f 612/510/563 613/353/564 614/511/565
f 615/73/566 614/511/565 613/353/564
f 616/72/567 614/511/565 615/73/566
f 614/511/565 616/72/567 617/512/568
f 618/71/569 617/512/568 616/72/567
f 619/70/570 617/512/568 618/71/569
f 617/512/568 619/70/570 620/513/571
f 621/69/572 620/513/571 619/70/570
f 620/513/571 621/69/572 622/514/573
f 68/68/68 622/514/573 621/69/572
f 623/67/574 622/514/573 68/68/68
f 622/514/573 623/67/574 624/515/575
f 625/66/576 624/515/575 623/67/574
f 624/515/575 625/66/576 626/516/577
f 627/65/578 626/516/577 625/66/576
f 630/66/579 629/517/580 628/65/578
f 631/516/577 628/65/578 629/517/580
f 629/517/580 630/66/579 329/303/318
f 326/302/316 329/303/318 630/66/579
f 634/518/581 633/519/582 632/520/3
f 635/521/3 632/520/3 633/519/582
f 633/519/582 634/518/581 636/522/583
f 637/523/584 636/522/583 634/518/581
f 636/522/583 637/523/584 638/524/585
f 639/525/586 638/524/585 637/523/584
f 638/524/585 639/525/586 640/526/587
f 641/527/588 640/526/587 639/525/586
f 640/526/587 641/527/588 642/528/589
f 643/529/590 642/528/589 641/527/588
f 642/528/589 643/529/590 644/530/591
f 645/531/592 644/530/591 643/529/590
f 644/530/591 645/531/592 646/532/593
f 647/533/594 646/532/593 645/531/592
f 646/532/593 647/533/594 648/534/595
f 649/535/596 648/534/595 647/533/594
f 648/534/595 649/535/596 650/536/597
f 651/537/598 650/536/597 649/535/596
f 650/536/597 651/537/598 652/538/599
f 653/539/600 652/538/599 651/537/598
f 652/538/599 653/539/600 654/540/601
f 655/541/602 654/540/601 653/539/600
f 654/540/601 655/541/602 656/542/603
f 657/543/604 656/542/603 655/541/602
f 656/542/603 657/543/604 658/544/605
f 659/545/606 658/544/605 657/543/604
f 658/544/605 659/545/606 660/546/607
f 661/547/608 660/546/607 659/545/606
f 660/546/607 661/547/608 662/548/609
f 663/549/610 662/548/609 661/547/608
f 662/548/609 663/549/610 664/550/611
f 665/551/612 664/550/611 663/549/610
f 664/550/611 665/551/612 666/552/613
f 667/553/614 666/552/613 665/551/612
f 666/552/613 667/553/614 668/554/615
f 669/555/616 668/554/615 667/553/614
f 668/554/615 669/555/616 670/556/617
f 671/557/618 670/556/617 669/555/616
f 670/556/617 671/557/618 672/558/619
f 673/559/620 672/558/619 671/557/618
f 672/558/619 673/559/620 674/560/621
f 675/561/622 674/560/621 673/559/620
f 674/560/621 675/561/622 676/562/623
f 677/563/623 676/562/623 675/561/622
f 680/564/3 679/565/3 678/566/624
f 681/567/625 678/566/624 679/565/3
f 678/566/624 681/567/625 682/568/626
f 683/569/627 682/568/626 681/567/625
f 682/568/626 683/569/627 684/570/628
f 685/571/629 684/570/628 683/569/627
f 684/570/628 685/571/629 686/572/630
f 687/573/631 686/572/630 685/571/629
f 686/572/630 687/573/631 688/574/632
f 689/575/633 688/574/632 687/573/631
f 688/574/632 689/575/633 690/576/634
f 691/577/635 690/576/634 689/575/633
f 690/576/634 691/577/635 692/578/636
f 693/579/637 692/578/636 691/577/635
f 692/578/636 693/579/637 694/580/638
f 695/581/639 694/580/638 693/579/637
f 694/580/638 695/581/639 696/582/640
f 697/583/641 696/582/640 695/581/639
f 696/582/640 697/583/641 698/584/642
f 699/585/643 698/584/642 697/583/641
f 698/584/642 699/585/643 700/586/644
f 701/587/645 700/586/644 699/585/643
f 700/586/644 701/587/645 702/588/646
f 703/589/647 702/588/646 701/587/645
f 702/588/646 703/589/647 704/590/648
f 705/591/649 704/590/648 703/589/647
f 704/590/648 705/591/649 706/592/650
f 707/593/651 706/592/650 705/591/649
f 706/592/650 707/593/651 708/594/652
f 709/595/653 708/594/652 707/593/651
f 708/594/652 709/595/653 710/596/654
f 711/597/655 710/596/654 709/595/653
f 710/596/654 711/597/655 712/598/656
f 713/599/657 712/598/656 711/597/655
f 712/598/656 713/599/657 714/600/658
f 715/601/659 714/600/658 713/599/657
f 714/600/658 715/601/659 716/602/660
f 717/603/661 716/602/660 715/601/659
f 716/602/660 717/603/661 718/604/662
f 719/605/663 718/604/662 717/603/661
f 718/604/662 719/605/663 720/606/664
f 721/607/665 720/606/664 719/605/663
f 720/606/664 721/607/665 722/608/623
f 723/609/623 722/608/623 721/607/665
f 726/610/666 725/611/666 724/612/666
f 725/611/666 727/613/666 724/612/666
f 728/614/666 727/613/666 725/611/666
f 729/615/666 727/613/666 728/614/666
f 730/616/666 727/613/666 729/615/666
f 731/617/666 727/613/666 730/616/666
f 732/618/666 727/613/666 731/617/666
f 733/619/666 727/613/666 732/618/666
f 734/620/666 733/619/666 732/618/666
f 735/621/666 733/619/666 734/620/666
f 736/622/666 733/619/666 735/621/666
f 737/623/666 733/619/666 736/622/666
f 738/624/666 733/619/666 737/623/666
f 739/625/666 733/619/666 738/624/666
f 740/626/666 733/619/666 739/625/666
f 741/627/666 727/613/666 733/619/666
f 742/628/666 741/627/666 733/619/666
f 743/629/666 742/628/666 733/619/666
f 744/630/666 743/629/666 733/619/666
f 745/631/666 744/630/666 733/619/666
f 746/632/666 745/631/666 733/619/666
f 747/633/666 746/632/666 733/619/666
f 748/634/666 747/633/666 733/619/666
f 749/635/666 748/634/666 733/619/666
f 750/636/666 747/633/666 748/634/666
f 751/637/666 746/632/666 747/633/666
f 752/638/666 751/637/666 747/633/666
f 753/639/666 746/632/666 751/637/666
f 754/640/666 745/631/666 746/632/666
f 755/641/666 754/640/666 746/632/666
f 756/642/666 755/641/666 746/632/666
f 757/643/666 754/640/666 755/641/666
f 758/644/666 745/631/666 754/640/666
f 759/645/666 758/644/666 754/640/666
f 761/646/666 727/613/666 760/647/666
f 760/647/666 727/613/666 762/648/666
f 762/648/666 727/613/666 763/649/666
f 763/649/666 727/613/666 764/650/666
f 764/650/666 727/613/666 765/651/666
f 765/651/666 727/613/666 766/652/666
f 766/652/666 727/613/666 741/627/666
f 727/613/666 767/653/666 724/612/666
f 770/654/667 769/655/668 768/656/669
f 771/657/670 768/656/669 769/655/668
f 769/655/668 770/654/667 772/658/671
f 773/659/672 772/658/671 770/654/667
f 772/658/671 773/659/672 774/660/673
f 775/661/674 774/660/673 773/659/672
f 768/656/669 771/657/670 776/662/675
f 777/663/676 776/662/675 771/657/670
f 776/662/675 777/663/676 778/664/677
f 779/665/678 778/664/677 777/663/676
f 778/664/677 779/665/678 780/666/679
f 781/667/680 780/666/679 779/665/678
f 780/666/679 781/667/680 782/668/681
f 783/669/681 782/668/681 781/667/680
f 782/668/681 783/669/681 784/670/682
f 785/671/683 784/670/682 783/669/681
f 784/670/682 785/671/683 786/672/684
f 787/673/685 786/672/684 785/671/683
f 786/672/684 787/673/685 788/674/686
f 789/675/687 788/674/686 787/673/685
f 788/674/686 789/675/687 790/676/688
f 791/677/689 790/676/688 789/675/687
f 790/676/688 791/677/689 792/678/690
f 793/679/691 792/678/690 791/677/689
f 792/678/690 793/679/691 794/680/692
f 795/681/693 794/680/692 793/679/691
f 794/680/692 795/681/693 796/682/694
f 797/683/695 796/682/694 795/681/693
f 796/682/694 797/683/695 798/684/696
f 799/685/696 798/684/696 797/683/695
f 798/684/696 799/685/696 800/686/674
f 801/687/673 800/686/674 799/685/696
f 804/657/697 803/655/697 802/663/697
f 803/655/697 805/658/697 802/663/697
f 805/658/697 806/660/697 802/663/697
f 806/660/697 807/688/697 802/663/697
f 807/688/697 808/689/697 802/663/697
f 808/689/697 809/690/697 802/663/697
f 809/690/697 810/691/697 802/663/697
f 810/691/697 811/692/697 802/663/697
f 811/692/697 812/693/697 802/663/697
f 812/693/697 813/694/697 802/663/697
f 813/694/697 814/695/697 802/663/697
f 814/695/697 815/696/697 802/663/697
f 815/696/697 816/697/698 802/663/697
f 816/697/698 817/698/697 802/663/697
f 820/699/699 819/700/700 818/701/701
f 821/702/702 818/701/701 819/700/700
f 819/700/700 820/699/699 822/703/703
f 823/704/704 822/703/703 820/699/699
f 822/703/703 823/704/704 824/705/705
f 825/706/706 824/705/705 823/704/704
f 824/705/705 825/706/706 826/707/707
f 827/708/708 826/707/707 825/706/706
f 818/701/701 821/702/702 828/709/709
f 829/710/710 828/709/709 821/702/702
f 828/709/709 829/710/710 830/711/711
f 831/712/712 830/711/711 829/710/710
f 830/711/711 831/712/712 832/713/713
f 833/714/714 832/713/713 831/712/712
f 832/713/713 833/714/714 834/715/715
f 835/716/716 834/715/715 833/714/714
f 834/715/715 835/716/716 836/717/717
f 837/718/718 836/717/717 835/716/716
f 836/717/717 837/718/718 838/719/719
f 839/720/720 838/719/719 837/718/718
f 838/719/719 839/720/720 840/721/721
f 841/722/722 840/721/721 839/720/720
f 840/721/721 841/722/722 842/723/723
f 843/724/724 842/723/723 841/722/722
f 842/723/723 843/724/724 844/725/725
f 845/726/726 844/725/725 843/724/724
f 844/725/725 845/726/726 846/727/727
f 847/728/728 846/727/727 845/726/726
f 846/727/727 847/728/728 848/729/729
f 849/730/730 848/729/729 847/728/728
f 848/729/729 849/730/730 850/731/708
f 851/732/707 850/731/708 849/730/730
f 849/730/730 852/733/731 851/732/707
f 853/734/732 851/732/707 852/733/731
f 847/728/728 854/735/733 849/730/730
f 852/733/731 849/730/730 854/735/733
f 845/726/726 855/736/734 847/728/728
f 854/735/733 847/728/728 855/736/734
f 843/724/724 856/737/735 845/726/726
f 855/736/734 845/726/726 856/737/735
f 841/722/722 857/738/736 843/724/724
f 856/737/735 843/724/724 857/738/736
f 857/738/736 841/722/722 858/739/737
f 839/720/720 858/739/737 841/722/722
f 858/739/737 839/720/720 859/740/738
f 837/718/718 859/740/738 839/720/720
f 859/740/738 837/718/718 860/741/739
f 835/716/716 860/741/739 837/718/718
f 860/741/739 835/716/716 861/742/740
f 833/714/714 861/742/740 835/716/716
f 861/742/740 833/714/714 862/743/741
f 831/712/712 862/743/741 833/714/714
f 862/743/741 831/712/712 863/744/742
f 829/710/710 863/744/742 831/712/712
f 863/744/742 829/710/710 864/745/743
f 821/702/702 864/745/743 829/710/710
f 864/745/743 821/702/702 865/746/744
f 819/700/700 865/746/744 821/702/702
f 865/746/744 819/700/700 866/747/745
f 822/703/703 866/747/745 819/700/700
f 866/747/745 822/703/703 867/748/746
f 824/705/705 867/748/746 822/703/703
f 867/748/746 824/705/705 868/749/732
f 826/707/707 868/749/732 824/705/705
f 865/746/744 869/750/747 864/745/743
f 870/751/748 864/745/743 869/750/747
f 864/745/743 870/751/748 863/744/742
f 866/747/745 871/752/749 865/746/744
f 869/750/747 865/746/744 871/752/749
f 867/748/746 872/753/750 866/747/745
f 871/752/749 866/747/745 872/753/750
f 868/749/732 873/754/751 867/748/746
f 872/753/750 867/748/746 873/754/751
f 869/750/747 874/755/752 870/751/748
f 875/756/753 870/751/748 874/755/752
f 871/752/749 876/757/754 869/750/747
f 874/755/752 869/750/747 876/757/754
f 872/753/750 877/758/755 871/752/749
f 876/757/754 871/752/749 877/758/755
f 873/754/751 878/759/756 872/753/750
f 877/758/755 872/753/750 878/759/756
f 870/751/748 875/756/753 879/760/757
f 879/760/757 863/744/742 870/751/748
f 863/744/742 879/760/757 862/743/741
f 880/761/758 862/743/741 879/760/757
f 862/743/741 880/761/758 861/742/740
f 881/762/759 861/742/740 880/761/758
f 861/742/740 881/762/759 860/741/739
f 882/763/760 860/741/739 881/762/759
f 860/741/739 882/763/760 859/740/738
f 883/764/761 859/740/738 882/763/760
f 859/740/738 883/764/761 858/739/737
f 884/765/762 858/739/737 883/764/761
f 858/739/737 884/765/762 857/738/736
f 885/766/763 857/738/736 884/765/762
f 857/738/736 885/766/763 856/737/735
f 886/767/764 856/737/735 885/766/763
f 856/737/735 886/767/764 855/736/734
f 887/768/765 855/736/734 886/767/764
f 855/736/734 887/768/765 854/735/733
f 888/769/766 854/735/733 887/768/765
f 854/735/733 888/769/766 852/733/731
f 889/770/767 852/733/731 888/769/766
f 852/733/731 889/770/767 853/734/732
f 890/771/751 853/734/732 889/770/767
f 889/770/767 891/772/768 890/771/751
f 892/773/756 890/771/751 891/772/768
f 888/769/766 893/774/769 889/770/767
f 891/772/768 889/770/767 893/774/769
f 887/768/765 894/775/770 888/769/766
f 893/774/769 888/769/766 894/775/770
f 886/767/764 895/776/771 887/768/765
f 894/775/770 887/768/765 895/776/771
f 885/766/763 896/777/772 886/767/764
f 895/776/771 886/767/764 896/777/772
f 896/777/772 885/766/763 897/778/773
f 884/765/762 897/778/773 885/766/763
f 897/778/773 884/765/762 898/779/774
f 883/764/761 898/779/774 884/765/762
f 898/779/774 883/764/761 899/780/775
f 882/763/760 899/780/775 883/764/761
f 899/780/775 882/763/760 900/781/776
f 881/762/759 900/781/776 882/763/760
f 900/781/776 881/762/759 901/782/777
f 880/761/758 901/782/777 881/762/759
f 901/782/777 880/761/758 902/783/778
f 879/760/757 902/783/778 880/761/758
f 902/783/778 879/760/757 875/756/753
f 896/777/772 903/784/779 895/776/771
f 897/778/773 904/785/780 896/777/772
f 903/784/779 896/777/772 904/785/780
f 898/779/774 905/786/781 897/778/773
f 904/785/780 897/778/773 905/786/781
f 899/780/775 906/787/782 898/779/774
f 905/786/781 898/779/774 906/787/782
f 900/781/776 907/788/783 899/780/775
f 906/787/782 899/780/775 907/788/783
f 901/782/777 908/789/784 900/781/776
f 907/788/783 900/781/776 908/789/784
f 902/783/778 909/790/785 901/782/777
f 908/789/784 901/782/777 909/790/785
f 875/756/753 910/791/786 902/783/778
f 910/791/786 875/756/753 911/792/787
f 874/755/752 911/792/787 875/756/753
f 911/792/787 874/755/752 912/793/788
f 876/757/754 912/793/788 874/755/752
f 912/793/788 876/757/754 913/794/789
f 877/758/755 913/794/789 876/757/754
f 913/794/789 877/758/755 914/795/790
f 878/759/756 914/795/790 877/758/755
f 909/790/785 902/783/778 910/791/786
f 891/772/768 915/796/791 892/773/756
f 916/797/790 892/773/756 915/796/791
f 915/796/791 891/772/768 917/798/792
f 893/774/769 917/798/792 891/772/768
f 917/798/792 893/774/769 918/799/793
f 894/775/770 918/799/793 893/774/769
f 918/799/793 894/775/770 919/800/794
f 895/776/771 919/800/794 894/775/770
f 919/800/794 895/776/771 903/784/779
f 922/801/795 921/802/795 920/803/795
f 921/802/795 923/804/795 920/803/795
f 924/805/795 923/804/795 921/802/795
f 925/806/795 924/805/795 921/802/795
f 926/807/795 925/806/795 921/802/795
f 927/808/795 924/805/795 925/806/795
f 928/809/795 923/804/795 924/805/795
f 929/810/795 928/809/795 924/805/795
f 930/811/795 929/810/795 924/805/795
f 931/812/795 928/809/795 929/810/795
f 932/813/795 923/804/795 928/809/795
f 933/814/795 932/813/795 928/809/795
f 934/815/795 923/804/795 932/813/795
f 920/803/795 923/804/795 935/816/795
f 938/813/697 937/814/697 936/815/697
f 937/814/697 939/816/697 936/815/697
f 940/811/697 939/816/697 937/814/697
f 941/812/697 940/811/697 937/814/697
f 942/809/697 941/812/697 937/814/697
f 943/810/697 940/811/697 941/812/697
f 944/807/697 939/816/697 940/811/697
f 945/808/697 944/807/697 940/811/697
f 946/805/697 945/808/697 940/811/697
f 947/806/697 944/807/697 945/808/697
f 948/801/697 939/816/697 944/807/697
f 949/802/697 948/801/697 944/807/697
f 950/803/697 939/816/697 948/801/697
f 936/815/697 939/816/697 951/804/697
f 954/817/796 953/818/797 952/819/798
f 955/820/799 952/819/798 953/818/797
f 952/819/798 956/821/800 954/817/796
f 957/822/801 954/817/796 956/821/800
f 952/819/798 955/820/799 958/823/802
f 959/824/803 958/823/802 955/820/799
f 958/823/802 959/824/803 960/825/804
f 961/826/805 960/825/804 959/824/803
f 958/823/802 962/827/806 952/819/798
f 956/821/800 952/819/798 962/827/806
f 958/823/802 960/825/804 962/827/806
f 963/828/807 962/827/806 960/825/804
f 966/820/808 965/818/809 964/819/810
f 967/817/811 964/819/810 965/818/809
f 964/819/810 967/817/811 968/821/812
f 969/822/813 968/821/812 967/817/811
f 964/819/810 970/823/814 966/820/808
f 971/824/815 966/820/808 970/823/814
f 970/823/814 972/825/804 971/824/815
f 973/826/805 971/824/815 972/825/804
f 968/821/812 974/827/816 964/819/810
f 970/823/814 964/819/810 974/827/816
f 970/823/814 974/827/816 972/825/804
f 975/828/807 972/825/804 974/827/816
f 978/829/817 977/830/818 976/831/819
f 977/830/818 979/817/820 976/831/819
f 980/832/821 979/817/820 977/830/818
f 981/818/822 979/817/820 980/832/821
f 979/817/820 982/822/823 976/831/819
f 985/833/824 984/829/825 983/834/826
f 986/831/827 983/834/826 984/829/825
f 985/833/824 983/834/826 987/835/828
f 988/836/829 987/835/828 983/834/826
f 987/835/828 988/836/829 989/837/830
f 990/838/830 989/837/830 988/836/829
f 993/818/831 992/839/832 991/817/833
f 991/817/833 992/839/832 994/822/834
f 992/839/832 995/840/835 994/822/834
f 995/840/835 996/829/836 994/822/834
f 996/829/836 997/831/837 994/822/834
f 1000/833/838 999/834/839 998/829/840
f 1001/831/841 998/829/840 999/834/839
f 999/834/839 1000/833/838 1002/836/842
f 1003/835/843 1002/836/842 1000/833/838
f 1002/836/842 1003/835/843 1004/838/830
f 1005/837/830 1004/838/830 1003/835/843
f 1008/841/844 1007/842/845 1006/843/846
f 1009/844/847 1006/843/846 1007/842/845
f 1007/842/845 1008/841/844 1010/845/848
f 1011/846/849 1010/845/848 1008/841/844
f 1008/841/844 1006/843/846 1011/846/849
f 1010/845/848 1011/846/849 1012/847/850
f 1013/848/851 1012/847/850 1011/846/849
f 1012/847/850 1013/848/851 1014/849/852
f 1015/850/853 1014/849/852 1013/848/851
f 1013/848/851 1011/846/849 1015/850/853
f 1014/849/852 1015/850/853 1016/851/854
f 1017/852/855 1016/851/854 1015/850/853
f 1016/851/854 1017/852/855 1018/853/856
f 1019/854/857 1018/853/856 1017/852/855
f 1017/852/855 1015/850/853 1019/854/857
f 1015/850/853 1011/846/849 1019/854/857
f 1018/853/856 1019/854/857 1020/855/858
f 1021/856/859 1020/855/858 1019/854/857
f 1020/855/858 1021/856/859 1022/857/860
f 1023/858/861 1022/857/860 1021/856/859
f 1021/856/859 1019/854/857 1023/858/861
f 1022/857/860 1023/858/861 1024/859/862
f 1025/860/863 1024/859/862 1023/858/861
f 1024/859/862 1025/860/863 1026/861/864
f 1027/862/865 1026/861/864 1025/860/863
f 1025/860/863 1023/858/861 1027/862/865
f 1023/858/861 1019/854/857 1027/862/865
f 1026/861/864 1027/862/865 1028/863/866
f 1029/864/867 1028/863/866 1027/862/865
f 1028/863/866 1029/864/867 1030/865/868
f 1031/866/869 1030/865/868 1029/864/867
f 1029/864/867 1027/862/865 1031/866/869
f 1030/865/868 1031/866/869 1032/867/870
f 1033/868/871 1032/867/870 1031/866/869
f 1032/867/870 1033/868/871 1034/869/872
f 1035/870/873 1034/869/872 1033/868/871
f 1033/868/871 1031/866/869 1035/870/873
f 1031/866/869 1027/862/865 1035/870/873
f 1034/869/872 1035/870/873 1036/871/874
f 1037/872/875 1036/871/874 1035/870/873
f 1036/871/874 1037/872/875 1038/873/876
f 1039/874/877 1038/873/876 1037/872/875
f 1037/872/875 1035/870/873 1039/874/877
f 1038/873/876 1039/874/877 1040/875/878
f 1041/876/879 1040/875/878 1039/874/877
f 1040/875/878 1041/876/879 1009/844/847
f 1006/843/846 1009/844/847 1041/876/879
f 1035/870/873 1006/843/846 1039/874/877
f 1039/874/877 1006/843/846 1041/876/879
f 1011/846/849 1006/843/846 1035/870/873
f 1027/862/865 1011/846/849 1035/870/873
f 1019/854/857 1011/846/849 1027/862/865
f 1044/877/880 1043/878/881 1042/879/882
f 1045/880/883 1042/879/882 1043/878/881
f 1043/878/881 1044/877/880 1046/881/884
f 1047/882/885 1046/881/884 1044/877/880
f 1046/881/884 1047/882/885 1048/883/886
f 1049/884/887 1048/883/886 1047/882/885
f 1048/883/886 1049/884/887 1050/885/888
f 1051/886/889 1050/885/888 1049/884/887
f 1050/885/888 1051/886/889 1052/887/890
f 1053/888/891 1052/887/890 1051/886/889
f 1052/887/890 1053/888/891 1054/889/892
f 1055/890/893 1054/889/892 1053/888/891
f 1054/889/892 1055/890/893 1056/891/894
f 1057/892/895 1056/891/894 1055/890/893
f 1056/891/894 1057/892/895 1058/893/896
f 1059/894/897 1058/893/896 1057/892/895
f 1058/893/896 1059/894/897 1060/895/898
f 1061/896/899 1060/895/898 1059/894/897
f 1048/883/886 1062/897/900 1046/881/884
f 1050/885/888 1063/898/901 1048/883/886
f 1062/897/900 1048/883/886 1063/898/901
f 1052/887/890 1064/899/902 1050/885/888
f 1063/898/901 1050/885/888 1064/899/902
f 1054/889/892 1065/900/903 1052/887/890
f 1064/899/902 1052/887/890 1065/900/903
f 1056/891/894 1066/901/904 1054/889/892
f 1065/900/903 1054/889/892 1066/901/904
f 1058/893/896 1067/902/905 1056/891/894
f 1066/901/904 1056/891/894 1067/902/905
f 1060/895/898 1068/903/906 1058/893/896
f 1067/902/905 1058/893/896 1068/903/906
f 1063/898/901 1069/904/907 1062/897/900
f 1070/905/908 1062/897/900 1069/904/907
f 1062/897/900 1070/905/908 1071/906/909
f 1071/906/909 1046/881/884 1062/897/900
f 1046/881/884 1071/906/909 1043/878/881
f 1072/907/910 1043/878/881 1071/906/909
f 1043/878/881 1072/907/910 1045/880/883
f 1073/908/911 1045/880/883 1072/907/910
f 1072/907/910 1074/909/912 1073/908/911
f 1075/910/913 1073/908/911 1074/909/912
f 1071/906/909 1076/911/914 1072/907/910
f 1074/909/912 1072/907/910 1076/911/914
f 1076/911/914 1071/906/909 1070/905/908
f 1065/900/903 1077/912/915 1064/899/902
f 1066/901/904 1078/913/916 1065/900/903
f 1077/912/915 1065/900/903 1078/913/916
f 1068/903/906 1079/914/917 1067/902/905
f 1074/909/912 1080/915/918 1075/910/913
f 1081/916/919 1075/910/913 1080/915/918
f 1076/911/914 1082/917/920 1074/909/912
f 1080/915/918 1074/909/912 1082/917/920
f 1082/917/920 1076/911/914 1083/918/921
f 1070/905/908 1083/918/921 1076/911/914
f 1083/918/921 1070/905/908 1084/919/922
f 1069/904/907 1084/919/922 1070/905/908
f 1084/919/922 1069/904/907 1085/920/923
f 1086/921/924 1085/920/923 1069/904/907
f 1069/904/907 1063/898/901 1086/921/924
f 1064/899/902 1086/921/924 1063/898/901
f 1086/921/924 1064/899/902 1077/912/915
f 1077/912/915 1087/922/925 1086/921/924
f 1085/920/923 1086/921/924 1087/922/925
f 1078/913/916 1088/923/926 1077/912/915
f 1087/922/925 1077/912/915 1088/923/926
f 1080/915/918 1089/924/927 1081/916/919
f 1090/925/928 1081/916/919 1089/924/927
f 1082/917/920 1091/926/929 1080/915/918
f 1089/924/927 1080/915/918 1091/926/929
f 1083/918/921 1092/927/930 1082/917/920
f 1091/926/929 1082/917/920 1092/927/930
f 1085/920/923 1093/928/931 1084/919/922
f 1094/929/932 1084/919/922 1093/928/931
f 1092/927/930 1083/918/921 1094/929/932
f 1084/919/922 1094/929/932 1083/918/921
f 1088/923/926 1095/930/933 1087/922/925
f 1096/931/934 1087/922/925 1095/930/933
f 1087/922/925 1096/931/934 1085/920/923
f 1093/928/931 1085/920/923 1096/931/934
f 1095/930/933 1088/923/926 1097/932/935
f 1098/933/936 1097/932/935 1088/923/926
f 1097/932/935 1098/933/936 1099/934/937
f 1100/935/938 1099/934/937 1098/933/936
f 1098/933/936 1101/936/939 1100/935/938
f 1101/936/939 1098/933/936 1078/913/916
f 1078/913/916 1066/901/904 1101/936/939
f 1067/902/905 1101/936/939 1066/901/904
f 1101/936/939 1067/902/905 1079/914/917
f 1079/914/917 1100/935/938 1101/936/939
f 1088/923/926 1078/913/916 1098/933/936
f 1104/894/940 1103/893/941 1102/896/899
f 1105/895/898 1102/896/899 1103/893/941
f 1103/893/941 1104/894/940 1106/891/942
f 1107/892/943 1106/891/942 1104/894/940
f 1106/891/942 1107/892/943 1108/889/944
f 1109/890/945 1108/889/944 1107/892/943
f 1108/889/944 1109/890/945 1110/887/946
f 1111/888/947 1110/887/946 1109/890/945
f 1110/887/946 1111/888/947 1112/937/948
f 1113/938/949 1112/937/948 1111/888/947
f 1112/937/948 1113/938/949 1114/883/950
f 1115/884/951 1114/883/950 1113/938/949
f 1114/883/950 1115/884/951 1116/939/952
f 1117/882/953 1116/939/952 1115/884/951
f 1116/939/952 1117/882/953 1118/878/954
f 1119/877/955 1118/878/954 1117/882/953
f 1118/878/954 1119/877/955 1120/880/883
f 1121/879/882 1120/880/883 1119/877/955
f 1108/889/944 1122/900/956 1106/891/942
f 1110/887/946 1123/899/957 1108/889/944
f 1122/900/956 1108/889/944 1123/899/957
f 1112/937/948 1124/898/958 1110/887/946
f 1123/899/957 1110/887/946 1124/898/958
f 1114/883/950 1125/897/959 1112/937/948
f 1124/898/958 1112/937/948 1125/897/959
f 1116/939/952 1126/940/960 1114/883/950
f 1125/897/959 1114/883/950 1126/940/960
f 1118/878/954 1127/907/961 1116/939/952
f 1126/940/960 1116/939/952 1127/907/961
f 1120/880/883 1128/908/911 1118/878/954
f 1127/907/961 1118/878/954 1128/908/911
f 1123/899/957 1129/921/962 1122/900/956
f 1130/912/963 1122/900/956 1129/921/962
f 1122/900/956 1130/912/963 1131/941/964
f 1131/941/964 1106/891/942 1122/900/956
f 1106/891/942 1131/941/964 1103/893/941
f 1132/902/965 1103/893/941 1131/941/964
f 1103/893/941 1132/902/965 1105/895/898
f 1133/903/906 1105/895/898 1132/902/965
f 1132/902/965 1134/936/966 1133/903/906
f 1135/914/917 1133/903/906 1134/936/966
f 1131/941/964 1136/913/967 1132/902/965
f 1134/936/966 1132/902/965 1136/913/967
f 1136/913/967 1131/941/964 1130/912/963
f 1125/897/959 1137/942/968 1124/898/958
f 1126/940/960 1138/911/969 1125/897/959
f 1137/942/968 1125/897/959 1138/911/969
f 1128/908/911 1139/910/913 1127/907/961
f 1134/936/966 1140/933/970 1135/914/917
f 1141/935/938 1135/914/917 1140/933/970
f 1136/913/967 1142/943/971 1134/936/966
f 1140/933/970 1134/936/966 1142/943/971
f 1142/943/971 1136/913/967 1143/922/972
f 1130/912/963 1143/922/972 1136/913/967
f 1143/922/972 1130/912/963 1144/920/973
f 1129/921/962 1144/920/973 1130/912/963
f 1144/920/973 1129/921/962 1145/919/974
f 1146/904/975 1145/919/974 1129/921/962
f 1129/921/962 1123/899/957 1146/904/975
f 1124/898/958 1146/904/975 1123/899/957
f 1146/904/975 1124/898/958 1137/942/968
f 1137/942/968 1147/918/976 1146/904/975
f 1145/919/974 1146/904/975 1147/918/976
f 1138/911/969 1148/917/977 1137/942/968
f 1147/918/976 1137/942/968 1148/917/977
f 1140/933/970 1149/932/978 1141/935/938
f 1150/934/937 1141/935/938 1149/932/978
f 1142/943/971 1151/930/979 1140/933/970
f 1149/932/978 1140/933/970 1151/930/979
f 1143/922/972 1152/931/980 1142/943/971
f 1151/930/979 1142/943/971 1152/931/980
f 1145/919/974 1153/944/981 1144/920/973
f 1154/945/982 1144/920/973 1153/944/981
f 1152/931/980 1143/922/972 1154/945/982
f 1144/920/973 1154/945/982 1143/922/972
f 1148/917/977 1155/926/983 1147/918/976
f 1156/946/984 1147/918/976 1155/926/983
f 1147/918/976 1156/946/984 1145/919/974
f 1153/944/981 1145/919/974 1156/946/984
f 1155/926/983 1148/917/977 1157/924/985
f 1158/915/986 1157/924/985 1148/917/977
f 1157/924/985 1158/915/986 1159/925/928
f 1160/916/919 1159/925/928 1158/915/986
f 1158/915/986 1161/909/987 1160/916/919
f 1161/909/987 1158/915/986 1138/911/969
f 1138/911/969 1126/940/960 1161/909/987
f 1127/907/961 1161/909/987 1126/940/960
f 1161/909/987 1127/907/961 1139/910/913
f 1139/910/913 1160/916/919 1161/909/987
f 1148/917/977 1138/911/969 1158/915/986
f 1164/947/927 1163/948/623 1162/949/988
f 1165/950/929 1163/948/623 1164/947/927
f 1166/951/930 1163/948/623 1165/950/929
f 1167/952/932 1163/948/623 1166/951/930
f 1168/953/989 1163/948/623 1167/952/932
f 1169/954/934 1163/948/623 1168/953/989
f 1170/955/990 1163/948/623 1169/954/934
f 1171/956/935 1163/948/623 1170/955/990
f 1172/957/991 1163/948/623 1171/956/935
f 1173/958/978 1163/948/623 1172/957/991
f 1174/959/979 1163/948/623 1173/958/978
f 1175/960/980 1163/948/623 1174/959/979
f 1176/961/982 1163/948/623 1175/960/980
f 1177/962/992 1163/948/623 1176/961/982
f 1178/963/984 1163/948/623 1177/962/992
f 1179/964/983 1163/948/623 1178/963/984
f 1180/965/993 1163/948/623 1179/964/983
f 1162/949/988 1163/948/623 1180/965/993
f 1183/820/994 1182/818/995 1181/819/996
f 1184/817/997 1181/819/996 1182/818/995
f 1181/819/996 1184/817/997 1185/821/998
f 1186/822/999 1185/821/998 1184/817/997
f 1181/819/996 1187/823/1000 1183/820/994
f 1188/824/1001 1183/820/994 1187/823/1000
f 1187/823/1000 1189/825/1002 1188/824/1001
f 1190/826/1003 1188/824/1001 1189/825/1002
f 1185/821/998 1191/827/1004 1181/819/996
f 1187/823/1000 1181/819/996 1191/827/1004
f 1187/823/1000 1191/827/1004 1189/825/1002
f 1192/828/1005 1189/825/1002 1191/827/1004
f 1195/817/1006 1194/818/1007 1193/819/1008
f 1196/820/1009 1193/819/1008 1194/818/1007
f 1193/819/1008 1197/821/1010 1195/817/1006
f 1198/822/1011 1195/817/1006 1197/821/1010
f 1193/819/1008 1196/820/1009 1199/823/1012
f 1200/824/1013 1199/823/1012 1196/820/1009
f 1199/823/1012 1200/824/1013 1201/825/1002
f 1202/826/1003 1201/825/1002 1200/824/1013
f 1199/823/1012 1203/827/1014 1193/819/1008
f 1197/821/1010 1193/819/1008 1203/827/1014
f 1199/823/1012 1201/825/1002 1203/827/1014
f 1204/828/1005 1203/827/1014 1201/825/1002
f 1207/822/1015 1206/817/1016 1205/831/1017
f 1206/817/1016 1208/830/1018 1205/831/1017
f 1209/832/1019 1208/830/1018 1206/817/1016
f 1210/818/1020 1209/832/1019 1206/817/1016
f 1208/830/1018 1211/829/1021 1205/831/1017
f 1214/831/1022 1213/829/1023 1212/834/1024
f 1215/833/1025 1212/834/1024 1213/829/1023
f 1215/833/1025 1216/835/1026 1212/834/1024
f 1217/836/1027 1212/834/1024 1216/835/1026
f 1216/835/1026 1218/837/1028 1217/836/1027
f 1219/838/1028 1217/836/1027 1218/837/1028
f 1222/831/1029 1221/829/1030 1220/822/1031
f 1221/829/1030 1223/840/1032 1220/822/1031
f 1223/840/1032 1224/839/1033 1220/822/1031
f 1224/839/1033 1225/817/1034 1220/822/1031
f 1226/818/1035 1225/817/1034 1224/839/1033
f 1229/831/1036 1228/834/1037 1227/829/1038
f 1230/833/1039 1227/829/1038 1228/834/1037
f 1228/834/1037 1231/836/1040 1230/833/1039
f 1232/835/1041 1230/833/1039 1231/836/1040
f 1231/836/1040 1233/838/1028 1232/835/1041
f 1234/837/1028 1232/835/1041 1233/838/1028
f 1237/844/862 1236/842/860 1235/843/863
f 1238/841/861 1235/843/863 1236/842/860
f 1236/842/860 1239/845/858 1238/841/861
f 1240/846/859 1238/841/861 1239/845/858
f 1238/841/861 1240/846/859 1235/843/863
f 1239/845/858 1241/847/856 1240/846/859
f 1242/848/857 1240/846/859 1241/847/856
f 1241/847/856 1243/849/854 1242/848/857
f 1244/850/855 1242/848/857 1243/849/854
f 1242/848/857 1244/850/855 1240/846/859
f 1243/849/854 1245/851/852 1244/850/855
f 1246/852/853 1244/850/855 1245/851/852
f 1245/851/852 1247/853/850 1246/852/853
f 1248/854/851 1246/852/853 1247/853/850
f 1246/852/853 1248/854/851 1244/850/855
f 1244/850/855 1248/854/851 1240/846/859
f 1247/853/850 1249/855/848 1248/854/851
f 1250/856/849 1248/854/851 1249/855/848
f 1249/855/848 1251/857/845 1250/856/849
f 1252/858/844 1250/856/849 1251/857/845
f 1250/856/849 1252/858/844 1248/854/851
f 1251/857/845 1253/859/847 1252/858/844
f 1254/860/846 1252/858/844 1253/859/847
f 1253/859/847 1255/861/878 1254/860/846
f 1256/862/879 1254/860/846 1255/861/878
f 1254/860/846 1256/862/879 1252/858/844
f 1252/858/844 1256/862/879 1248/854/851
f 1255/861/878 1257/863/876 1256/862/879
f 1258/864/877 1256/862/879 1257/863/876
f 1257/863/876 1259/865/874 1258/864/877
f 1260/866/875 1258/864/877 1259/865/874
f 1258/864/877 1260/866/875 1256/862/879
f 1259/865/874 1261/867/872 1260/866/875
f 1262/868/873 1260/866/875 1261/867/872
f 1261/867/872 1263/869/870 1262/868/873
f 1264/870/871 1262/868/873 1263/869/870
f 1262/868/873 1264/870/871 1260/866/875
f 1260/866/875 1264/870/871 1256/862/879
f 1263/869/870 1265/871/868 1264/870/871
f 1266/872/869 1264/870/871 1265/871/868
f 1265/871/868 1267/873/866 1266/872/869
f 1268/874/867 1266/872/869 1267/873/866
f 1266/872/869 1268/874/867 1264/870/871
f 1267/873/866 1269/875/864 1268/874/867
f 1270/876/865 1268/874/867 1269/875/864
f 1269/875/864 1237/844/862 1270/876/865
f 1235/843/863 1270/876/865 1237/844/862
f 1264/870/871 1268/874/867 1235/843/863
f 1235/843/863 1268/874/867 1270/876/865
f 1240/846/859 1264/870/871 1235/843/863
f 1256/862/879 1264/870/871 1240/846/859
f 1248/854/851 1256/862/879 1240/846/859
f 1273/880/898 1272/878/896 1271/879/899
f 1274/877/897 1271/879/899 1272/878/896
f 1272/878/896 1275/881/894 1274/877/897
f 1276/882/895 1274/877/897 1275/881/894
f 1275/881/894 1277/883/892 1276/882/895
f 1278/884/893 1276/882/895 1277/883/892
f 1277/883/892 1279/885/890 1278/884/893
f 1280/886/891 1278/884/893 1279/885/890
f 1279/885/890 1281/887/888 1280/886/891
f 1282/888/889 1280/886/891 1281/887/888
f 1281/887/888 1283/889/886 1282/888/889
f 1284/890/887 1282/888/889 1283/889/886
f 1283/889/886 1285/891/884 1284/890/887
f 1286/892/885 1284/890/887 1285/891/884
f 1285/891/884 1287/893/881 1286/892/885
f 1288/894/880 1286/892/885 1287/893/881
f 1287/893/881 1289/895/883 1288/894/880
f 1290/896/882 1288/894/880 1289/895/883
f 1277/883/892 1275/881/894 1291/897/903
f 1292/906/904 1291/897/903 1275/881/894
f 1275/881/894 1272/878/896 1292/906/904
f 1293/907/905 1292/906/904 1272/878/896
f 1272/878/896 1273/880/898 1293/907/905
f 1294/908/906 1293/907/905 1273/880/898
f 1285/891/884 1283/889/886 1295/901/909
f 1296/900/900 1295/901/909 1283/889/886
f 1295/901/909 1297/902/910 1285/891/884
f 1287/893/881 1285/891/884 1297/902/910
f 1297/902/910 1298/903/911 1287/893/881
f 1289/895/883 1287/893/881 1298/903/911
f 1293/907/905 1294/908/906 1299/909/939
f 1300/910/917 1299/909/939 1294/908/906
f 1299/909/939 1301/911/916 1293/907/905
f 1292/906/904 1293/907/905 1301/911/916
f 1301/911/916 1302/905/915 1292/906/904
f 1291/897/903 1292/906/904 1302/905/915
f 1302/905/915 1303/904/924 1291/897/903
f 1304/898/902 1291/897/903 1303/904/924
f 1303/904/924 1305/921/907 1304/898/902
f 1306/899/901 1304/898/902 1305/921/907
f 1304/898/902 1306/899/901 1279/885/890
f 1279/885/890 1277/883/892 1304/898/902
f 1291/897/903 1304/898/902 1277/883/892
f 1281/887/888 1279/885/890 1306/899/901
f 1306/899/901 1296/900/900 1281/887/888
f 1283/889/886 1281/887/888 1296/900/900
f 1305/921/907 1307/912/908 1306/899/901
f 1296/900/900 1306/899/901 1307/912/908
f 1307/912/908 1308/913/914 1296/900/900
f 1295/901/909 1296/900/900 1308/913/914
f 1308/913/914 1309/936/912 1295/901/909
f 1297/902/910 1295/901/909 1309/936/912
f 1309/936/912 1310/914/913 1297/902/910
f 1298/903/911 1297/902/910 1310/914/913
f 1307/912/908 1305/921/907 1311/922/921
f 1312/920/922 1311/922/921 1305/921/907
f 1311/922/921 1313/923/920 1307/912/908
f 1308/913/914 1307/912/908 1313/923/920
f 1313/923/920 1314/933/918 1308/913/914
f 1309/936/912 1308/913/914 1314/933/918
f 1314/933/918 1315/935/919 1309/936/912
f 1310/914/913 1309/936/912 1315/935/919
f 1311/922/921 1312/920/922 1316/931/930
f 1317/928/1042 1316/931/930 1312/920/922
f 1312/920/922 1318/919/923 1317/928/1042
f 1318/919/923 1312/920/922 1303/904/924
f 1303/904/924 1302/905/915 1318/919/923
f 1319/918/925 1318/919/923 1302/905/915
f 1302/905/915 1301/911/916 1319/918/925
f 1320/917/926 1319/918/925 1301/911/916
f 1301/911/916 1299/909/939 1320/917/926
f 1321/915/936 1320/917/926 1299/909/939
f 1299/909/939 1300/910/917 1321/915/936
f 1322/916/938 1321/915/936 1300/910/917
f 1305/921/907 1303/904/924 1312/920/922
f 1321/915/936 1322/916/938 1323/924/1043
f 1324/925/937 1323/924/1043 1322/916/938
f 1323/924/1043 1325/926/990 1321/915/936
f 1320/917/926 1321/915/936 1325/926/990
f 1325/926/990 1326/927/934 1320/917/926
f 1319/918/925 1320/917/926 1326/927/934
f 1326/927/934 1327/929/989 1319/918/925
f 1318/919/923 1319/918/925 1327/929/989
f 1327/929/989 1317/928/1042 1318/919/923
f 1330/895/883 1329/893/954 1328/896/882
f 1331/894/955 1328/896/882 1329/893/954
f 1329/893/954 1332/891/952 1331/894/955
f 1333/892/953 1331/894/955 1332/891/952
f 1332/891/952 1334/889/950 1333/892/953
f 1335/890/951 1333/892/953 1334/889/950
f 1334/889/950 1336/887/948 1335/890/951
f 1337/888/949 1335/890/951 1336/887/948
f 1336/887/948 1338/937/946 1337/888/949
f 1339/938/947 1337/888/949 1338/937/946
f 1338/937/946 1340/883/944 1339/938/947
f 1341/884/945 1339/938/947 1340/883/944
f 1340/883/944 1342/939/942 1341/884/945
f 1343/882/943 1341/884/945 1342/939/942
f 1342/939/942 1344/878/941 1343/882/943
f 1345/877/940 1343/882/943 1344/878/941
f 1344/878/941 1346/880/898 1345/877/940
f 1347/879/899 1345/877/940 1346/880/898
f 1334/889/950 1332/891/952 1348/900/959
f 1349/941/960 1348/900/959 1332/891/952
f 1332/891/952 1329/893/954 1349/941/960
f 1350/902/961 1349/941/960 1329/893/954
f 1329/893/954 1330/895/883 1350/902/961
f 1351/903/911 1350/902/961 1330/895/883
f 1342/939/942 1340/883/944 1352/940/964
f 1353/897/956 1352/940/964 1340/883/944
f 1352/940/964 1354/907/965 1342/939/942
f 1344/878/941 1342/939/942 1354/907/965
f 1354/907/965 1355/908/906 1344/878/941
f 1346/880/898 1344/878/941 1355/908/906
f 1350/902/961 1351/903/911 1356/936/987
f 1357/914/913 1356/936/987 1351/903/911
f 1356/936/987 1358/913/969 1350/902/961
f 1349/941/960 1350/902/961 1358/913/969
f 1358/913/969 1359/912/968 1349/941/960
f 1348/900/959 1349/941/960 1359/912/968
f 1359/912/968 1360/921/975 1348/900/959
f 1361/899/958 1348/900/959 1360/921/975
f 1360/921/975 1362/904/962 1361/899/958
f 1363/898/957 1361/899/958 1362/904/962
f 1361/899/958 1363/898/957 1336/887/948
f 1336/887/948 1334/889/950 1361/899/958
f 1348/900/959 1361/899/958 1334/889/950
f 1338/937/946 1336/887/948 1363/898/957
f 1363/898/957 1353/897/956 1338/937/946
f 1340/883/944 1338/937/946 1353/897/956
f 1362/904/962 1364/942/963 1363/898/957
f 1353/897/956 1363/898/957 1364/942/963
f 1364/942/963 1365/911/967 1353/897/956
f 1352/940/964 1353/897/956 1365/911/967
f 1365/911/967 1366/909/966 1352/940/964
f 1354/907/965 1352/940/964 1366/909/966
f 1366/909/966 1367/910/917 1354/907/965
f 1355/908/906 1354/907/965 1367/910/917
f 1364/942/963 1362/904/962 1368/918/972
f 1369/919/973 1368/918/972 1362/904/962
f 1368/918/972 1370/917/971 1364/942/963
f 1365/911/967 1364/942/963 1370/917/971
f 1370/917/971 1371/915/1044 1365/911/967
f 1366/909/966 1365/911/967 1371/915/1044
f 1371/915/1044 1372/916/938 1366/909/966
f 1367/910/917 1366/909/966 1372/916/938
f 1368/918/972 1369/919/973 1373/946/980
f 1374/944/982 1373/946/980 1369/919/973
f 1369/919/973 1375/920/974 1374/944/982
f 1375/920/974 1369/919/973 1360/921/975
f 1360/921/975 1359/912/968 1375/920/974
f 1376/922/976 1375/920/974 1359/912/968
f 1359/912/968 1358/913/969 1376/922/976
f 1377/943/977 1376/922/976 1358/913/969
f 1358/913/969 1356/936/987 1377/943/977
f 1378/933/1045 1377/943/977 1356/936/987
f 1356/936/987 1357/914/913 1378/933/1045
f 1379/935/919 1378/933/1045 1357/914/913
f 1362/904/962 1360/921/975 1369/919/973
f 1378/933/1045 1379/935/919 1380/932/993
f 1381/934/928 1380/932/993 1379/935/919
f 1380/932/993 1382/930/983 1378/933/1045
f 1377/943/977 1378/933/1045 1382/930/983
f 1382/930/983 1383/931/984 1377/943/977
f 1376/922/976 1377/943/977 1383/931/984
f 1383/931/984 1384/945/981 1376/922/976
f 1375/920/974 1376/922/976 1384/945/981
f 1384/945/981 1374/944/982 1375/920/974
f 1316/931/930 1385/930/1046 1311/922/921
f 1313/923/920 1311/922/921 1385/930/1046
f 1385/930/1046 1386/932/1047 1313/923/920
f 1314/933/918 1313/923/920 1386/932/1047
f 1386/932/1047 1387/934/928 1314/933/918
f 1315/935/919 1314/933/918 1387/934/928
f 1373/946/980 1388/926/979 1368/918/972
f 1370/917/971 1368/918/972 1388/926/979
f 1388/926/979 1389/924/1048 1370/917/971
f 1371/915/1044 1370/917/971 1389/924/1048
f 1389/924/1048 1390/925/937 1371/915/1044
f 1372/916/938 1371/915/1044 1390/925/937
f 1393/948/623 1392/947/1043 1391/949/991
f 1393/948/623 1394/950/990 1392/947/1043
f 1393/948/623 1395/951/934 1394/950/990
f 1393/948/623 1396/952/989 1395/951/934
f 1393/948/623 1397/953/932 1396/952/989
f 1393/948/623 1398/954/930 1397/953/932
f 1393/948/623 1399/955/929 1398/954/930
f 1393/948/623 1400/956/1047 1399/955/929
f 1393/948/623 1401/957/988 1400/956/1047
f 1393/948/623 1402/958/993 1401/957/988
f 1393/948/623 1403/959/983 1402/958/993
f 1393/948/623 1404/960/984 1403/959/983
f 1393/948/623 1405/961/981 1404/960/984
f 1393/948/623 1406/962/1049 1405/961/981
f 1393/948/623 1407/963/980 1406/962/1049
f 1393/948/623 1408/964/979 1407/963/980
f 1393/948/623 1409/965/978 1408/964/979
f 1393/948/623 1391/949/991 1409/965/978
f 1412/966/1050 1411/967/1050 1410/968/1051
f 1411/967/1050 1413/969/1050 1410/968/1051
f 1414/970/1052 1413/969/1050 1411/967/1050
f 1413/969/1050 1415/971/1050 1410/968/1051
f 1416/972/1050 1415/971/1050 1413/969/1050
f 1417/973/1050 1416/972/1050 1413/969/1050
f 1418/974/1052 1417/973/1050 1413/969/1050
f 1419/975/1053 1416/972/1050 1417/973/1050
f 1420/976/1053 1415/971/1050 1416/972/1050
f 1421/977/1054 1420/976/1053 1416/972/1050
f 1422/978/1053 1415/971/1050 1420/976/1053
f 1415/971/1050 1423/979/1055 1410/968/1051
f 1424/980/1050 1423/979/1055 1415/971/1050
f 1425/981/1050 1424/980/1050 1415/971/1050
f 1426/982/1056 1425/981/1050 1415/971/1050
f 1427/983/1053 1424/980/1050 1425/981/1050
f 1428/984/1050 1423/979/1055 1424/980/1050
f 1429/985/1053 1428/984/1050 1424/980/1050
f 1430/986/1050 1423/979/1055 1428/984/1050
f 1432/987/1050 1431/988/1057 1423/979/1055
f 1431/988/1057 1433/989/1058 1423/979/1055
f 1434/990/1059 1433/989/1058 1431/988/1057
f 1423/979/1055 1433/989/1058 1410/968/1051
f 1410/968/1051 1433/989/1058 1435/991/1060
f 1435/991/1060 1433/989/1058 1436/992/1061
f 1439/992/1062 1438/989/1063 1437/993/1064
f 1440/994/1065 1437/993/1064 1438/989/1063
f 1439/992/1062 1437/993/1064 1441/991/1066
f 1442/995/1067 1441/991/1066 1437/993/1064
f 1441/991/1066 1442/995/1067 1443/968/1068
f 1444/996/1069 1443/968/1068 1442/995/1067
f 1443/968/1068 1444/996/1069 1445/966/1070
f 1446/997/1071 1445/966/1070 1444/996/1069
f 1445/966/1070 1446/997/1071 1447/967/1072
f 1448/998/1073 1447/967/1072 1446/997/1071
f 1447/967/1072 1448/998/1073 1449/970/1074
f 1450/999/1075 1449/970/1074 1448/998/1073
f 1449/970/1074 1450/999/1075 1451/969/1076
f 1452/1000/1077 1451/969/1076 1450/999/1075
f 1451/969/1076 1452/1000/1077 1453/974/1078
f 1454/1001/1079 1453/974/1078 1452/1000/1077
f 1453/974/1078 1454/1001/1079 1455/973/1080
f 1456/1002/1081 1455/973/1080 1454/1001/1079
f 1455/973/1080 1456/1002/1081 1457/975/1082
f 1458/1003/1083 1457/975/1082 1456/1002/1081
f 1457/975/1082 1458/1003/1083 1459/972/1084
f 1460/1004/1085 1459/972/1084 1458/1003/1083
f 1459/972/1084 1460/1004/1085 1461/977/1086
f 1462/1005/1087 1461/977/1086 1460/1004/1085
f 1461/977/1086 1462/1005/1087 1463/976/1088
f 1464/1006/1089 1463/976/1088 1462/1005/1087
f 1463/976/1088 1464/1006/1089 1465/978/1090
f 1466/1007/1091 1465/978/1090 1464/1006/1089
f 1465/978/1090 1466/1007/1091 1467/971/1092
f 1468/1008/1093 1467/971/1092 1466/1007/1091
f 1467/971/1092 1468/1008/1093 1469/982/1094
f 1470/1009/1095 1469/982/1094 1468/1008/1093
f 1469/982/1094 1470/1009/1095 1471/981/1096
f 1472/1010/1097 1471/981/1096 1470/1009/1095
f 1471/981/1096 1472/1010/1097 1473/983/1098
f 1474/1011/1099 1473/983/1098 1472/1010/1097
f 1473/983/1098 1474/1011/1099 1475/980/1100
f 1476/1012/1101 1475/980/1100 1474/1011/1099
f 1475/980/1100 1476/1012/1101 1477/985/1102
f 1478/1013/1103 1477/985/1102 1476/1012/1101
f 1477/985/1102 1478/1013/1103 1479/984/1104
f 1480/1014/1105 1479/984/1104 1478/1013/1103
f 1479/984/1104 1480/1014/1105 1481/986/1106
f 1482/1015/1107 1481/986/1106 1480/1014/1105
f 1481/986/1106 1482/1015/1107 1483/979/1108
f 1484/1016/1109 1483/979/1108 1482/1015/1107
f 1483/979/1108 1484/1016/1109 1485/987/1110
f 1486/1017/1111 1485/987/1110 1484/1016/1109
f 1485/987/1110 1486/1017/1111 1487/988/1112
f 1488/1018/1113 1487/988/1112 1486/1017/1111
f 1486/1017/1111 1489/1019/1114 1488/1018/1113
f 1490/1020/1115 1488/1018/1113 1489/1019/1114
f 1489/1019/1114 1491/1021/1116 1490/1020/1115
f 1492/1022/1117 1490/1020/1115 1491/1021/1116
f 1489/1019/1114 1486/1017/1111 1493/1023/1118
f 1484/1016/1109 1493/1023/1118 1486/1017/1111
f 1491/1021/1116 1489/1019/1114 1494/1024/1119
f 1493/1023/1118 1494/1024/1119 1489/1019/1114
f 1493/1023/1118 1484/1016/1109 1495/1025/1120
f 1482/1015/1107 1495/1025/1120 1484/1016/1109
f 1494/1024/1119 1493/1023/1118 1496/1026/1121
f 1495/1025/1120 1496/1026/1121 1493/1023/1118
f 1495/1025/1120 1482/1015/1107 1497/1027/1122
f 1480/1014/1105 1497/1027/1122 1482/1015/1107
f 1496/1026/1121 1495/1025/1120 1498/1028/1123
f 1497/1027/1122 1498/1028/1123 1495/1025/1120
f 1497/1027/1122 1480/1014/1105 1499/1029/1124
f 1478/1013/1103 1499/1029/1124 1480/1014/1105
f 1498/1028/1123 1497/1027/1122 1500/1030/1125
f 1499/1029/1124 1500/1030/1125 1497/1027/1122
f 1499/1029/1124 1478/1013/1103 1501/1031/1126
f 1476/1012/1101 1501/1031/1126 1478/1013/1103
f 1500/1030/1125 1499/1029/1124 1502/1032/1127
f 1501/1031/1126 1502/1032/1127 1499/1029/1124
f 1501/1031/1126 1476/1012/1101 1503/1033/1128
f 1474/1011/1099 1503/1033/1128 1476/1012/1101
f 1502/1032/1127 1501/1031/1126 1504/1034/1129
f 1503/1033/1128 1504/1034/1129 1501/1031/1126
f 1503/1033/1128 1474/1011/1099 1505/1035/1130
f 1472/1010/1097 1505/1035/1130 1474/1011/1099
f 1504/1034/1129 1503/1033/1128 1506/1036/1131
f 1505/1035/1130 1506/1036/1131 1503/1033/1128
f 1505/1035/1130 1472/1010/1097 1507/1037/1132
f 1470/1009/1095 1507/1037/1132 1472/1010/1097
f 1506/1036/1131 1505/1035/1130 1508/1038/1133
f 1507/1037/1132 1508/1038/1133 1505/1035/1130
f 1507/1037/1132 1470/1009/1095 1509/1039/1134
f 1468/1008/1093 1509/1039/1134 1470/1009/1095
f 1508/1038/1133 1507/1037/1132 1510/1040/1135
f 1509/1039/1134 1510/1040/1135 1507/1037/1132
f 1509/1039/1134 1468/1008/1093 1511/1041/1136
f 1466/1007/1091 1511/1041/1136 1468/1008/1093
f 1510/1040/1135 1509/1039/1134 1512/1042/1137
f 1511/1041/1136 1512/1042/1137 1509/1039/1134
f 1511/1041/1136 1466/1007/1091 1513/1043/1138
f 1464/1006/1089 1513/1043/1138 1466/1007/1091
f 1513/1043/1138 1514/1044/1139 1511/1041/1136
f 1513/1043/1138 1464/1006/1089 1515/1045/1140
f 1462/1005/1087 1515/1045/1140 1464/1006/1089
f 1515/1045/1140 1516/1046/1141 1513/1043/1138
f 1517/1044/1139 1513/1043/1138 1516/1046/1141
f 1515/1045/1140 1462/1005/1087 1518/1047/1142
f 1460/1004/1085 1518/1047/1142 1462/1005/1087
f 1516/1046/1141 1515/1045/1140 1519/1048/1143
f 1518/1047/1142 1519/1048/1143 1515/1045/1140
f 1518/1047/1142 1460/1004/1085 1520/1049/1144
f 1458/1003/1083 1520/1049/1144 1460/1004/1085
f 1519/1048/1143 1518/1047/1142 1521/1050/1145
f 1520/1049/1144 1521/1050/1145 1518/1047/1142
f 1520/1049/1144 1458/1003/1083 1522/1051/1146
f 1456/1002/1081 1522/1051/1146 1458/1003/1083
f 1521/1050/1145 1520/1049/1144 1523/1052/1147
f 1522/1051/1146 1523/1052/1147 1520/1049/1144
f 1522/1051/1146 1456/1002/1081 1524/1053/1148
f 1454/1001/1079 1524/1053/1148 1456/1002/1081
f 1524/1053/1148 1454/1001/1079 1525/1054/1149
f 1452/1000/1077 1525/1054/1149 1454/1001/1079
f 1525/1054/1149 1452/1000/1077 1526/1055/1150
f 1450/999/1075 1526/1055/1150 1452/1000/1077
f 1526/1055/1150 1450/999/1075 1527/1056/1151
f 1448/998/1073 1527/1056/1151 1450/999/1075
f 1527/1056/1151 1448/998/1073 1528/1057/1152
f 1446/997/1071 1528/1057/1152 1448/998/1073
f 1528/1057/1152 1446/997/1071 1529/1058/1153
f 1444/996/1069 1529/1058/1153 1446/997/1071
f 1529/1058/1153 1444/996/1069 1530/1059/1154
f 1442/995/1067 1530/1059/1154 1444/996/1069
f 1530/1059/1154 1442/995/1067 1531/1060/1155
f 1437/993/1064 1531/1060/1155 1442/995/1067
f 1437/993/1064 1440/994/1065 1531/1060/1155
f 1532/1061/1156 1531/1060/1155 1440/994/1065
f 1531/1060/1155 1533/1062/1157 1530/1059/1154
f 1531/1060/1155 1534/1061/1156 1533/1062/1157
f 1535/1063/1158 1533/1062/1157 1534/1061/1156
f 1536/1064/1159 1530/1059/1154 1533/1062/1157
f 1530/1059/1154 1536/1064/1159 1529/1058/1153
f 1537/1065/1160 1529/1058/1153 1536/1064/1159
f 1529/1058/1153 1537/1065/1160 1528/1057/1152
f 1538/1066/1161 1528/1057/1152 1537/1065/1160
f 1528/1057/1152 1538/1066/1161 1527/1056/1151
f 1539/1067/1162 1527/1056/1151 1538/1066/1161
f 1527/1056/1151 1539/1067/1162 1526/1055/1150
f 1540/1068/1163 1526/1055/1150 1539/1067/1162
f 1526/1055/1150 1540/1068/1163 1525/1054/1149
f 1541/1069/1164 1525/1054/1149 1540/1068/1163
f 1525/1054/1149 1541/1069/1164 1524/1053/1148
f 1542/1070/1165 1524/1053/1148 1541/1069/1164
f 1524/1053/1148 1542/1070/1165 1522/1051/1146
f 1523/1052/1147 1522/1051/1146 1542/1070/1165
f 1535/1063/1158 1534/1061/1156 1543/1071/1166
f 1544/1072/1167 1543/1071/1166 1534/1061/1156
f 1534/1061/1156 1545/994/1065 1544/1072/1167
f 1546/1073/1168 1544/1072/1167 1545/994/1065
f 1545/994/1065 1547/989/1063 1546/1073/1168
f 1548/1074/1169 1546/1073/1168 1547/989/1063
f 1548/1074/1169 1549/1075/1170 1546/1073/1168
f 1550/1076/1171 1546/1073/1168 1549/1075/1170
f 1546/1073/1168 1550/1076/1171 1544/1072/1167
f 1549/1075/1170 1551/1077/1172 1550/1076/1171
f 1552/1078/1173 1550/1076/1171 1551/1077/1172
f 1551/1077/1172 1553/1079/1174 1552/1078/1173
f 1554/1080/1175 1552/1078/1173 1553/1079/1174
f 1553/1079/1174 1555/1081/1176 1554/1080/1175
f 1556/1082/1177 1554/1080/1175 1555/1081/1176
f 1555/1081/1176 1557/1083/1178 1556/1082/1177
f 1558/1084/1179 1556/1082/1177 1557/1083/1178
f 1557/1083/1178 1559/1085/1180 1558/1084/1179
f 1560/1086/1181 1558/1084/1179 1559/1085/1180
f 1559/1085/1180 1561/1087/1182 1560/1086/1181
f 1562/1088/1183 1560/1086/1181 1561/1087/1182
f 1561/1087/1182 1563/1089/1184 1562/1088/1183
f 1564/1090/1185 1562/1088/1183 1563/1089/1184
f 1563/1089/1184 1565/1091/1186 1564/1090/1185
f 1566/1092/1187 1564/1090/1185 1565/1091/1186
f 1565/1091/1186 1567/1093/1188 1566/1092/1187
f 1568/1094/1189 1566/1092/1187 1567/1093/1188
f 1567/1093/1188 1569/1095/1190 1568/1094/1189
f 1570/1096/1191 1568/1094/1189 1569/1095/1190
f 1569/1095/1190 1571/1097/1192 1570/1096/1191
f 1572/1098/1193 1570/1096/1191 1571/1097/1192
f 1571/1097/1192 1573/1099/1194 1572/1098/1193
f 1574/1100/1195 1572/1098/1193 1573/1099/1194
f 1573/1099/1194 1575/1101/1196 1574/1100/1195
f 1576/1102/1197 1574/1100/1195 1575/1101/1196
f 1575/1101/1196 1577/1103/1198 1576/1102/1197
f 1578/1104/1199 1576/1102/1197 1577/1103/1198
f 1577/1103/1198 1579/1105/1200 1578/1104/1199
f 1580/1106/1201 1578/1104/1199 1579/1105/1200
f 1579/1105/1200 1581/1107/1202 1580/1106/1201
f 1582/1108/1203 1580/1106/1201 1581/1107/1202
f 1581/1107/1202 1583/1109/1204 1582/1108/1203
f 1584/1110/1205 1582/1108/1203 1583/1109/1204
f 1583/1109/1204 1585/1111/1206 1584/1110/1205
f 1586/1112/1207 1584/1110/1205 1585/1111/1206
f 1585/1111/1206 1587/1113/1208 1586/1112/1207
f 1588/1114/1209 1586/1112/1207 1587/1113/1208
f 1587/1113/1208 1589/1115/1210 1588/1114/1209
f 1590/1116/1211 1588/1114/1209 1589/1115/1210
f 1589/1115/1210 1591/1117/1212 1590/1116/1211
f 1592/1118/1213 1590/1116/1211 1591/1117/1212
f 1591/1117/1212 1593/1119/1214 1592/1118/1213
f 1594/1120/1215 1592/1118/1213 1593/1119/1214
f 1593/1119/1214 1595/1121/1216 1594/1120/1215
f 1596/1122/1217 1594/1120/1215 1595/1121/1216
f 1594/1120/1215 1596/1122/1217 1597/1123/1218
f 1598/1124/1219 1597/1123/1218 1596/1122/1217
f 1597/1123/1218 1598/1124/1219 1599/1125/1220
f 1600/1126/1221 1599/1125/1220 1598/1124/1219
f 1592/1118/1213 1594/1120/1215 1601/1127/1222
f 1597/1123/1218 1601/1127/1222 1594/1120/1215
f 1601/1127/1222 1597/1123/1218 1602/1128/1223
f 1599/1125/1220 1602/1128/1223 1597/1123/1218
f 1590/1116/1211 1592/1118/1213 1603/1129/1224
f 1601/1127/1222 1603/1129/1224 1592/1118/1213
f 1603/1129/1224 1601/1127/1222 1604/1130/1225
f 1602/1128/1223 1604/1130/1225 1601/1127/1222
f 1603/1129/1224 1605/1131/1226 1590/1116/1211
f 1588/1114/1209 1590/1116/1211 1605/1131/1226
f 1605/1131/1226 1603/1129/1224 1606/1132/1227
f 1604/1130/1225 1606/1132/1227 1603/1129/1224
f 1605/1131/1226 1607/1133/1228 1588/1114/1209
f 1586/1112/1207 1588/1114/1209 1607/1133/1228
f 1607/1133/1228 1605/1131/1226 1608/1134/1229
f 1606/1132/1227 1608/1134/1229 1605/1131/1226
f 1607/1133/1228 1609/1135/1230 1586/1112/1207
f 1584/1110/1205 1586/1112/1207 1609/1135/1230
f 1609/1135/1230 1607/1133/1228 1610/1136/1231
f 1608/1134/1229 1610/1136/1231 1607/1133/1228
f 1609/1135/1230 1611/1137/1232 1584/1110/1205
f 1582/1108/1203 1584/1110/1205 1611/1137/1232
f 1611/1137/1232 1609/1135/1230 1612/1138/1233
f 1610/1136/1231 1612/1138/1233 1609/1135/1230
f 1611/1137/1232 1613/1139/1234 1582/1108/1203
f 1580/1106/1201 1582/1108/1203 1613/1139/1234
f 1613/1139/1234 1611/1137/1232 1614/1140/1235
f 1612/1138/1233 1614/1140/1235 1611/1137/1232
f 1613/1139/1234 1615/1141/1236 1580/1106/1201
f 1578/1104/1199 1580/1106/1201 1615/1141/1236
f 1615/1141/1236 1613/1139/1234 1616/1142/1237
f 1614/1140/1235 1616/1142/1237 1613/1139/1234
f 1615/1141/1236 1617/1143/1238 1578/1104/1199
f 1576/1102/1197 1578/1104/1199 1617/1143/1238
f 1617/1143/1238 1615/1141/1236 1618/1144/1239
f 1616/1142/1237 1618/1144/1239 1615/1141/1236
f 1617/1143/1238 1619/1145/1240 1576/1102/1197
f 1574/1100/1195 1576/1102/1197 1619/1145/1240
f 1619/1145/1240 1617/1143/1238 1620/1146/1241
f 1618/1144/1239 1620/1146/1241 1617/1143/1238
f 1619/1145/1240 1621/1147/1242 1574/1100/1195
f 1572/1098/1193 1574/1100/1195 1621/1147/1242
f 1621/1147/1242 1619/1145/1240 1622/1148/1243
f 1621/1147/1242 1623/1149/1244 1572/1098/1193
f 1570/1096/1191 1572/1098/1193 1623/1149/1244
f 1623/1149/1244 1621/1147/1242 1624/1150/1245
f 1625/1148/1243 1624/1150/1245 1621/1147/1242
f 1623/1149/1244 1626/1151/1246 1570/1096/1191
f 1568/1094/1189 1570/1096/1191 1626/1151/1246
f 1626/1151/1246 1623/1149/1244 1627/1152/1247
f 1624/1150/1245 1627/1152/1247 1623/1149/1244
f 1626/1151/1246 1628/1153/1248 1568/1094/1189
f 1566/1092/1187 1568/1094/1189 1628/1153/1248
f 1628/1153/1248 1626/1151/1246 1629/1154/1249
f 1627/1152/1247 1629/1154/1249 1626/1151/1246
f 1628/1153/1248 1630/1155/1250 1566/1092/1187
f 1564/1090/1185 1566/1092/1187 1630/1155/1250
f 1630/1155/1250 1628/1153/1248 1631/1156/1251
f 1629/1154/1249 1631/1156/1251 1628/1153/1248
f 1630/1155/1250 1632/1157/1252 1564/1090/1185
f 1562/1088/1183 1564/1090/1185 1632/1157/1252
f 1632/1157/1252 1633/1158/1253 1562/1088/1183
f 1560/1086/1181 1562/1088/1183 1633/1158/1253
f 1633/1158/1253 1634/1159/1254 1560/1086/1181
f 1558/1084/1179 1560/1086/1181 1634/1159/1254
f 1634/1159/1254 1635/1160/1255 1558/1084/1179
f 1556/1082/1177 1558/1084/1179 1635/1160/1255
f 1635/1160/1255 1636/1161/1256 1556/1082/1177
f 1554/1080/1175 1556/1082/1177 1636/1161/1256
f 1636/1161/1256 1637/1162/1257 1554/1080/1175
f 1552/1078/1173 1554/1080/1175 1637/1162/1257
f 1637/1162/1257 1638/1163/1258 1552/1078/1173
f 1550/1076/1171 1552/1078/1173 1638/1163/1258
f 1638/1163/1258 1544/1072/1167 1550/1076/1171
f 1544/1072/1167 1638/1163/1258 1543/1071/1166
f 1639/1164/1259 1543/1071/1166 1638/1163/1258
f 1638/1163/1258 1637/1162/1257 1639/1164/1259
f 1640/1165/1260 1639/1164/1259 1637/1162/1257
f 1637/1162/1257 1636/1161/1256 1640/1165/1260
f 1641/1166/1261 1640/1165/1260 1636/1161/1256
f 1636/1161/1256 1635/1160/1255 1641/1166/1261
f 1642/1167/1262 1641/1166/1261 1635/1160/1255
f 1635/1160/1255 1634/1159/1254 1642/1167/1262
f 1643/1168/1263 1642/1167/1262 1634/1159/1254
f 1634/1159/1254 1633/1158/1253 1643/1168/1263
f 1644/1169/1264 1643/1168/1263 1633/1158/1253
f 1633/1158/1253 1632/1157/1252 1644/1169/1264
f 1645/1170/1265 1644/1169/1264 1632/1157/1252
f 1632/1157/1252 1630/1155/1250 1645/1170/1265
f 1631/1156/1251 1645/1170/1265 1630/1155/1250
f 1647/1042/1137 1511/1041/1136 1646/1044/1139
f 1650/988/1266 1649/987/1267 1648/1171/1268
f 1649/987/1267 1651/986/1269 1648/1171/1268
f 1652/979/1270 1651/986/1269 1649/987/1267
f 1651/986/1269 1653/970/1271 1648/1171/1268
f 1654/978/1270 1653/970/1271 1651/986/1269
f 1655/983/1270 1654/978/1270 1651/986/1269
f 1656/985/1270 1655/983/1270 1651/986/1269
f 1657/984/1270 1656/985/1270 1651/986/1269
f 1658/980/1270 1655/983/1270 1656/985/1270
f 1659/982/1270 1654/978/1270 1655/983/1270
f 1660/981/1270 1659/982/1270 1655/983/1270
f 1661/971/1272 1654/978/1270 1659/982/1270
f 1662/975/1270 1653/970/1271 1654/978/1270
f 1663/977/1270 1662/975/1270 1654/978/1270
f 1664/976/1270 1663/977/1270 1654/978/1270
f 1665/972/1273 1662/975/1270 1663/977/1270
f 1666/974/1273 1653/970/1271 1662/975/1270
f 1667/973/1270 1666/974/1273 1662/975/1270
f 1668/1172/1270 1653/970/1271 1666/974/1273
f 1670/967/1273 1669/966/1270 1653/970/1271
f 1672/968/1274 1671/991/1275 1669/966/1270
f 1669/966/1270 1671/991/1275 1653/970/1271
f 1653/970/1271 1671/991/1275 1648/1171/1268
f 1648/1171/1268 1671/991/1275 1673/1173/1276
f 1673/1173/1276 1671/991/1275 1674/992/1277
f 1677/992/1278 1676/993/1279 1675/1173/1280
f 1678/1174/1281 1675/1173/1280 1676/993/1279
f 1677/992/1278 1679/991/1282 1676/993/1279
f 1680/995/1283 1676/993/1279 1679/991/1282
f 1679/991/1282 1681/968/1284 1680/995/1283
f 1682/996/1285 1680/995/1283 1681/968/1284
f 1681/968/1284 1683/966/1286 1682/996/1285
f 1684/997/1287 1682/996/1285 1683/966/1286
f 1683/966/1286 1685/967/1288 1684/997/1287
f 1686/998/1289 1684/997/1287 1685/967/1288
f 1685/967/1288 1687/970/1290 1686/998/1289
f 1688/999/1291 1686/998/1289 1687/970/1290
f 1687/970/1290 1689/1172/1292 1688/999/1291
f 1690/1000/1293 1688/999/1291 1689/1172/1292
f 1689/1172/1292 1691/974/1294 1690/1000/1293
f 1692/1001/1295 1690/1000/1293 1691/974/1294
f 1691/974/1294 1693/973/1296 1692/1001/1295
f 1694/1002/1297 1692/1001/1295 1693/973/1296
f 1693/973/1296 1695/975/1298 1694/1002/1297
f 1696/1003/1299 1694/1002/1297 1695/975/1298
f 1695/975/1298 1697/972/1300 1696/1003/1299
f 1698/1004/1301 1696/1003/1299 1697/972/1300
f 1697/972/1300 1699/977/1302 1698/1004/1301
f 1700/1005/1303 1698/1004/1301 1699/977/1302
f 1699/977/1302 1701/976/1304 1700/1005/1303
f 1702/1006/1305 1700/1005/1303 1701/976/1304
f 1701/976/1304 1703/978/1306 1702/1006/1305
f 1704/1007/1307 1702/1006/1305 1703/978/1306
f 1703/978/1306 1705/971/1308 1704/1007/1307
f 1706/1008/1309 1704/1007/1307 1705/971/1308
f 1705/971/1308 1707/982/1310 1706/1008/1309
f 1708/1009/1311 1706/1008/1309 1707/982/1310
f 1707/982/1310 1709/981/1312 1708/1009/1311
f 1710/1010/1313 1708/1009/1311 1709/981/1312
f 1709/981/1312 1711/983/1314 1710/1010/1313
f 1712/1011/1315 1710/1010/1313 1711/983/1314
f 1711/983/1314 1713/980/1316 1712/1011/1315
f 1714/1012/1317 1712/1011/1315 1713/980/1316
f 1713/980/1316 1715/985/1318 1714/1012/1317
f 1716/1013/1319 1714/1012/1317 1715/985/1318
f 1715/985/1318 1717/984/1320 1716/1013/1319
f 1718/1014/1321 1716/1013/1319 1717/984/1320
f 1717/984/1320 1719/986/1322 1718/1014/1321
f 1720/1015/1323 1718/1014/1321 1719/986/1322
f 1719/986/1322 1721/979/1324 1720/1015/1323
f 1722/1016/1325 1720/1015/1323 1721/979/1324
f 1721/979/1324 1723/987/1326 1722/1016/1325
f 1724/1017/1327 1722/1016/1325 1723/987/1326
f 1723/987/1326 1725/988/1328 1724/1017/1327
f 1726/1018/1329 1724/1017/1327 1725/988/1328
f 1724/1017/1327 1726/1018/1329 1727/1019/1330
f 1728/1020/1331 1727/1019/1330 1726/1018/1329
f 1727/1019/1330 1728/1020/1331 1729/1021/1116
f 1730/1022/1117 1729/1021/1116 1728/1020/1331
f 1722/1016/1325 1724/1017/1327 1731/1023/1332
f 1727/1019/1330 1731/1023/1332 1724/1017/1327
f 1731/1023/1332 1727/1019/1330 1732/1024/1119
f 1729/1021/1116 1732/1024/1119 1727/1019/1330
f 1720/1015/1323 1722/1016/1325 1733/1025/1333
f 1731/1023/1332 1733/1025/1333 1722/1016/1325
f 1733/1025/1333 1731/1023/1332 1734/1026/1121
f 1732/1024/1119 1734/1026/1121 1731/1023/1332
f 1733/1025/1333 1735/1027/1334 1720/1015/1323
f 1718/1014/1321 1720/1015/1323 1735/1027/1334
f 1735/1027/1334 1733/1025/1333 1736/1028/1123
f 1734/1026/1121 1736/1028/1123 1733/1025/1333
f 1735/1027/1334 1737/1029/1335 1718/1014/1321
f 1716/1013/1319 1718/1014/1321 1737/1029/1335
f 1737/1029/1335 1735/1027/1334 1738/1030/1125
f 1736/1028/1123 1738/1030/1125 1735/1027/1334
f 1737/1029/1335 1739/1031/1336 1716/1013/1319
f 1714/1012/1317 1716/1013/1319 1739/1031/1336
f 1739/1031/1336 1737/1029/1335 1740/1032/1127
f 1738/1030/1125 1740/1032/1127 1737/1029/1335
f 1739/1031/1336 1741/1033/1337 1714/1012/1317
f 1712/1011/1315 1714/1012/1317 1741/1033/1337
f 1741/1033/1337 1739/1031/1336 1742/1034/1129
f 1740/1032/1127 1742/1034/1129 1739/1031/1336
f 1741/1033/1337 1743/1035/1338 1712/1011/1315
f 1710/1010/1313 1712/1011/1315 1743/1035/1338
f 1743/1035/1338 1741/1033/1337 1744/1036/1131
f 1742/1034/1129 1744/1036/1131 1741/1033/1337
f 1743/1035/1338 1745/1037/1339 1710/1010/1313
f 1708/1009/1311 1710/1010/1313 1745/1037/1339
f 1745/1037/1339 1743/1035/1338 1746/1038/1133
f 1744/1036/1131 1746/1038/1133 1743/1035/1338
f 1745/1037/1339 1747/1039/1340 1708/1009/1311
f 1706/1008/1309 1708/1009/1311 1747/1039/1340
f 1747/1039/1340 1745/1037/1339 1748/1040/1135
f 1746/1038/1133 1748/1040/1135 1745/1037/1339
f 1747/1039/1340 1749/1041/1341 1706/1008/1309
f 1704/1007/1307 1706/1008/1309 1749/1041/1341
f 1749/1041/1341 1747/1039/1340 1750/1042/1137
f 1748/1040/1135 1750/1042/1137 1747/1039/1340
f 1749/1041/1341 1751/1043/1342 1704/1007/1307
f 1702/1006/1305 1704/1007/1307 1751/1043/1342
f 1751/1043/1342 1749/1041/1341 1752/1044/1139
f 1751/1043/1342 1753/1045/1343 1702/1006/1305
f 1700/1005/1303 1702/1006/1305 1753/1045/1343
f 1753/1045/1343 1751/1043/1342 1754/1046/1141
f 1755/1044/1139 1754/1046/1141 1751/1043/1342
f 1753/1045/1343 1756/1047/1344 1700/1005/1303
f 1698/1004/1301 1700/1005/1303 1756/1047/1344
f 1756/1047/1344 1753/1045/1343 1757/1048/1143
f 1754/1046/1141 1757/1048/1143 1753/1045/1343
f 1756/1047/1344 1758/1049/1345 1698/1004/1301
f 1696/1003/1299 1698/1004/1301 1758/1049/1345
f 1758/1049/1345 1756/1047/1344 1759/1050/1145
f 1757/1048/1143 1759/1050/1145 1756/1047/1344
f 1758/1049/1345 1760/1051/1346 1696/1003/1299
f 1694/1002/1297 1696/1003/1299 1760/1051/1346
f 1760/1051/1346 1758/1049/1345 1761/1052/1147
f 1759/1050/1145 1761/1052/1147 1758/1049/1345
f 1760/1051/1346 1762/1175/1347 1694/1002/1297
f 1692/1001/1295 1694/1002/1297 1762/1175/1347
f 1762/1175/1347 1763/1054/1348 1692/1001/1295
f 1690/1000/1293 1692/1001/1295 1763/1054/1348
f 1763/1054/1348 1764/1176/1349 1690/1000/1293
f 1688/999/1291 1690/1000/1293 1764/1176/1349
f 1764/1176/1349 1765/1056/1350 1688/999/1291
f 1686/998/1289 1688/999/1291 1765/1056/1350
f 1765/1056/1350 1766/1057/1351 1686/998/1289
f 1684/997/1287 1686/998/1289 1766/1057/1351
f 1766/1057/1351 1767/1058/1352 1684/997/1287
f 1682/996/1285 1684/997/1287 1767/1058/1352
f 1767/1058/1352 1768/1059/1353 1682/996/1285
f 1680/995/1283 1682/996/1285 1768/1059/1353
f 1768/1059/1353 1769/1060/1354 1680/995/1283
f 1676/993/1279 1680/995/1283 1769/1060/1354
f 1676/993/1279 1769/1060/1354 1678/1174/1281
f 1770/1177/1355 1678/1174/1281 1769/1060/1354
f 1769/1060/1354 1768/1059/1353 1771/1062/1157
f 1769/1060/1354 1771/1062/1157 1772/1177/1355
f 1773/1063/1158 1772/1177/1355 1771/1062/1157
f 1774/1064/1159 1771/1062/1157 1768/1059/1353
f 1768/1059/1353 1767/1058/1352 1774/1064/1159
f 1775/1065/1160 1774/1064/1159 1767/1058/1352
f 1767/1058/1352 1766/1057/1351 1775/1065/1160
f 1776/1066/1161 1775/1065/1160 1766/1057/1351
f 1766/1057/1351 1765/1056/1350 1776/1066/1161
f 1777/1067/1162 1776/1066/1161 1765/1056/1350
f 1765/1056/1350 1764/1176/1349 1777/1067/1162
f 1778/1068/1163 1777/1067/1162 1764/1176/1349
f 1764/1176/1349 1763/1054/1348 1778/1068/1163
f 1779/1069/1164 1778/1068/1163 1763/1054/1348
f 1763/1054/1348 1762/1175/1347 1779/1069/1164
f 1780/1070/1165 1779/1069/1164 1762/1175/1347
f 1762/1175/1347 1760/1051/1346 1780/1070/1165
f 1761/1052/1147 1780/1070/1165 1760/1051/1346
f 1773/1063/1158 1781/1071/1166 1772/1177/1355
f 1782/1072/1356 1772/1177/1355 1781/1071/1166
f 1772/1177/1355 1782/1072/1356 1783/1174/1281
f 1784/1073/1357 1783/1174/1281 1782/1072/1356
f 1783/1174/1281 1784/1073/1357 1785/1173/1280
f 1786/1074/1358 1785/1173/1280 1784/1073/1357
f 1786/1074/1358 1784/1073/1357 1787/1075/1359
f 1788/1076/1360 1787/1075/1359 1784/1073/1357
f 1784/1073/1357 1782/1072/1356 1788/1076/1360
f 1787/1075/1359 1788/1076/1360 1789/1077/1361
f 1790/1078/1362 1789/1077/1361 1788/1076/1360
f 1789/1077/1361 1790/1078/1362 1791/1079/1363
f 1792/1080/1364 1791/1079/1363 1790/1078/1362
f 1791/1079/1363 1792/1080/1364 1793/1081/1365
f 1794/1082/1366 1793/1081/1365 1792/1080/1364
f 1793/1081/1365 1794/1082/1366 1795/1083/1367
f 1796/1084/1368 1795/1083/1367 1794/1082/1366
f 1795/1083/1367 1796/1084/1368 1797/1178/1369
f 1798/1086/1370 1797/1178/1369 1796/1084/1368
f 1797/1178/1369 1798/1086/1370 1799/1087/1371
f 1800/1088/1372 1799/1087/1371 1798/1086/1370
f 1799/1087/1371 1800/1088/1372 1801/1089/1373
f 1802/1090/1374 1801/1089/1373 1800/1088/1372
f 1801/1089/1373 1802/1090/1374 1803/1091/1375
f 1804/1092/1376 1803/1091/1375 1802/1090/1374
f 1803/1091/1375 1804/1092/1376 1805/1093/1377
f 1806/1094/1378 1805/1093/1377 1804/1092/1376
f 1805/1093/1377 1806/1094/1378 1807/1095/1379
f 1808/1096/1380 1807/1095/1379 1806/1094/1378
f 1807/1095/1379 1808/1096/1380 1809/1097/1381
f 1810/1098/1382 1809/1097/1381 1808/1096/1380
f 1809/1097/1381 1810/1098/1382 1811/1099/1383
f 1812/1100/1384 1811/1099/1383 1810/1098/1382
f 1811/1099/1383 1812/1100/1384 1813/1101/1385
f 1814/1102/1386 1813/1101/1385 1812/1100/1384
f 1813/1101/1385 1814/1102/1386 1815/1103/1387
f 1816/1104/1388 1815/1103/1387 1814/1102/1386
f 1815/1103/1387 1816/1104/1388 1817/1105/1389
f 1818/1106/1390 1817/1105/1389 1816/1104/1388
f 1817/1105/1389 1818/1106/1390 1819/1107/1391
f 1820/1108/1392 1819/1107/1391 1818/1106/1390
f 1819/1107/1391 1820/1108/1392 1821/1109/1393
f 1822/1110/1394 1821/1109/1393 1820/1108/1392
f 1821/1109/1393 1822/1110/1394 1823/1111/1395
f 1824/1112/1396 1823/1111/1395 1822/1110/1394
f 1823/1111/1395 1824/1112/1396 1825/1113/1397
f 1826/1114/1398 1825/1113/1397 1824/1112/1396
f 1825/1113/1397 1826/1114/1398 1827/1115/1399
f 1828/1116/1400 1827/1115/1399 1826/1114/1398
f 1827/1115/1399 1828/1116/1400 1829/1117/1401
f 1830/1118/1402 1829/1117/1401 1828/1116/1400
f 1829/1117/1401 1830/1118/1402 1831/1119/1403
f 1832/1120/1404 1831/1119/1403 1830/1118/1402
f 1831/1119/1403 1832/1120/1404 1833/1121/1405
f 1834/1122/1406 1833/1121/1405 1832/1120/1404
f 1832/1120/1404 1835/1123/1407 1834/1122/1406
f 1836/1124/1408 1834/1122/1406 1835/1123/1407
f 1835/1123/1407 1837/1125/1220 1836/1124/1408
f 1838/1126/1221 1836/1124/1408 1837/1125/1220
f 1835/1123/1407 1832/1120/1404 1839/1127/1409
f 1830/1118/1402 1839/1127/1409 1832/1120/1404
f 1837/1125/1220 1835/1123/1407 1840/1128/1223
f 1839/1127/1409 1840/1128/1223 1835/1123/1407
f 1839/1127/1409 1830/1118/1402 1841/1129/1410
f 1828/1116/1400 1841/1129/1410 1830/1118/1402
f 1840/1128/1223 1839/1127/1409 1842/1130/1225
f 1841/1129/1410 1842/1130/1225 1839/1127/1409
f 1841/1129/1410 1828/1116/1400 1843/1131/1411
f 1826/1114/1398 1843/1131/1411 1828/1116/1400
f 1842/1130/1225 1841/1129/1410 1844/1132/1227
f 1843/1131/1411 1844/1132/1227 1841/1129/1410
f 1843/1131/1411 1826/1114/1398 1845/1133/1412
f 1824/1112/1396 1845/1133/1412 1826/1114/1398
f 1844/1132/1227 1843/1131/1411 1846/1134/1229
f 1845/1133/1412 1846/1134/1229 1843/1131/1411
f 1845/1133/1412 1824/1112/1396 1847/1135/1413
f 1822/1110/1394 1847/1135/1413 1824/1112/1396
f 1846/1134/1229 1845/1133/1412 1848/1136/1231
f 1847/1135/1413 1848/1136/1231 1845/1133/1412
f 1847/1135/1413 1822/1110/1394 1849/1137/1414
f 1820/1108/1392 1849/1137/1414 1822/1110/1394
f 1848/1136/1231 1847/1135/1413 1850/1138/1233
f 1849/1137/1414 1850/1138/1233 1847/1135/1413
f 1849/1137/1414 1820/1108/1392 1851/1139/1415
f 1818/1106/1390 1851/1139/1415 1820/1108/1392
f 1850/1138/1233 1849/1137/1414 1852/1140/1235
f 1851/1139/1415 1852/1140/1235 1849/1137/1414
f 1851/1139/1415 1818/1106/1390 1853/1141/1416
f 1816/1104/1388 1853/1141/1416 1818/1106/1390
f 1852/1140/1235 1851/1139/1415 1854/1142/1237
f 1853/1141/1416 1854/1142/1237 1851/1139/1415
f 1853/1141/1416 1816/1104/1388 1855/1143/1417
f 1814/1102/1386 1855/1143/1417 1816/1104/1388
f 1854/1142/1237 1853/1141/1416 1856/1144/1239
f 1855/1143/1417 1856/1144/1239 1853/1141/1416
f 1855/1143/1417 1814/1102/1386 1857/1145/1418
f 1812/1100/1384 1857/1145/1418 1814/1102/1386
f 1856/1144/1239 1855/1143/1417 1858/1146/1241
f 1857/1145/1418 1858/1146/1241 1855/1143/1417
f 1857/1145/1418 1812/1100/1384 1859/1147/1419
f 1810/1098/1382 1859/1147/1419 1812/1100/1384
f 1859/1147/1419 1860/1148/1243 1857/1145/1418
f 1859/1147/1419 1810/1098/1382 1861/1149/1420
f 1808/1096/1380 1861/1149/1420 1810/1098/1382
f 1861/1149/1420 1862/1150/1245 1859/1147/1419
f 1863/1148/1243 1859/1147/1419 1862/1150/1245
f 1861/1149/1420 1808/1096/1380 1864/1151/1421
f 1806/1094/1378 1864/1151/1421 1808/1096/1380
f 1862/1150/1245 1861/1149/1420 1865/1152/1247
f 1864/1151/1421 1865/1152/1247 1861/1149/1420
f 1864/1151/1421 1806/1094/1378 1866/1153/1422
f 1804/1092/1376 1866/1153/1422 1806/1094/1378
f 1865/1152/1247 1864/1151/1421 1867/1154/1249
f 1866/1153/1422 1867/1154/1249 1864/1151/1421
f 1866/1153/1422 1804/1092/1376 1868/1155/1423
f 1802/1090/1374 1868/1155/1423 1804/1092/1376
f 1867/1154/1249 1866/1153/1422 1869/1156/1251
f 1868/1155/1423 1869/1156/1251 1866/1153/1422
f 1868/1155/1423 1802/1090/1374 1870/1179/1424
f 1800/1088/1372 1870/1179/1424 1802/1090/1374
f 1870/1179/1424 1800/1088/1372 1871/1158/1425
f 1798/1086/1370 1871/1158/1425 1800/1088/1372
f 1871/1158/1425 1798/1086/1370 1872/1180/1426
f 1796/1084/1368 1872/1180/1426 1798/1086/1370
f 1872/1180/1426 1796/1084/1368 1873/1160/1427
f 1794/1082/1366 1873/1160/1427 1796/1084/1368
f 1873/1160/1427 1794/1082/1366 1874/1161/1428
f 1792/1080/1364 1874/1161/1428 1794/1082/1366
f 1874/1161/1428 1792/1080/1364 1875/1162/1429
f 1790/1078/1362 1875/1162/1429 1792/1080/1364
f 1875/1162/1429 1790/1078/1362 1876/1163/1430
f 1788/1076/1360 1876/1163/1430 1790/1078/1362
f 1876/1163/1430 1788/1076/1360 1782/1072/1356
f 1782/1072/1356 1781/1071/1166 1876/1163/1430
f 1877/1164/1259 1876/1163/1430 1781/1071/1166
f 1876/1163/1430 1877/1164/1259 1875/1162/1429
f 1878/1165/1260 1875/1162/1429 1877/1164/1259
f 1875/1162/1429 1878/1165/1260 1874/1161/1428
f 1879/1166/1261 1874/1161/1428 1878/1165/1260
f 1874/1161/1428 1879/1166/1261 1873/1160/1427
f 1880/1167/1262 1873/1160/1427 1879/1166/1261
f 1873/1160/1427 1880/1167/1262 1872/1180/1426
f 1881/1168/1263 1872/1180/1426 1880/1167/1262
f 1882/1169/1264 1871/1158/1425 1881/1168/1263
f 1872/1180/1426 1881/1168/1263 1871/1158/1425
f 1871/1158/1425 1882/1169/1264 1870/1179/1424
f 1883/1170/1265 1870/1179/1424 1882/1169/1264
f 1870/1179/1424 1883/1170/1265 1868/1155/1423
f 1869/1156/1251 1868/1155/1423 1883/1170/1265
f 1885/1042/1137 1884/1044/1139 1749/1041/1341
f 1887/1181/1431 1886/990/1432 1488/1018/1113
f 1487/988/1112 1488/1018/1113 1886/990/1432
f 1488/1018/1113 1490/1020/1115 1887/1181/1431
f 1888/1182/1433 1887/1181/1431 1490/1020/1115
f 1490/1020/1115 1492/1022/1117 1888/1182/1433
f 1889/1183/1434 1888/1182/1433 1492/1022/1117
f 1889/1183/1434 1600/1126/1221 1888/1182/1433
f 1598/1124/1219 1888/1182/1433 1600/1126/1221
f 1888/1182/1433 1598/1124/1219 1890/1181/1431
f 1596/1122/1217 1890/1181/1431 1598/1124/1219
f 1890/1181/1431 1596/1122/1217 1891/990/1432
f 1595/1121/1216 1891/990/1432 1596/1122/1217
f 1893/1184/1435 1726/1018/1329 1892/1171/1436
f 1725/988/1328 1892/1171/1436 1726/1018/1329
f 1893/1184/1435 1894/1185/1437 1726/1018/1329
f 1728/1020/1331 1726/1018/1329 1894/1185/1437
f 1896/1185/1437 1895/1183/1434 1728/1020/1331
f 1730/1022/1117 1728/1020/1331 1895/1183/1434
f 1896/1185/1437 1836/1124/1408 1895/1183/1434
f 1836/1124/1408 1896/1185/1437 1834/1122/1406
f 1897/1184/1435 1834/1122/1406 1896/1185/1437
f 1897/1184/1435 1898/1171/1436 1834/1122/1406
f 1833/1121/1405 1834/1122/1406 1898/1171/1436
f 1838/1126/1221 1895/1183/1434 1836/1124/1408
f 1901/990/1059 1900/1121/1438 1899/989/1058
f 1900/1121/1438 1902/1117/1439 1899/989/1058
f 1903/1119/1440 1902/1117/1439 1900/1121/1438
f 1902/1117/1439 1904/1077/1441 1899/989/1058
f 1905/1101/1442 1904/1077/1441 1902/1117/1439
f 1906/1109/1442 1905/1101/1442 1902/1117/1439
f 1907/1113/1442 1906/1109/1442 1902/1117/1439
f 1908/1115/1442 1907/1113/1442 1902/1117/1439
f 1909/1111/1440 1906/1109/1442 1907/1113/1442
f 1910/1105/1442 1905/1101/1442 1906/1109/1442
f 1911/1107/1440 1910/1105/1442 1906/1109/1442
f 1912/1103/1443 1905/1101/1442 1910/1105/1442
f 1913/1085/1442 1904/1077/1441 1905/1101/1442
f 1914/1093/1442 1913/1085/1442 1905/1101/1442
f 1915/1097/1440 1914/1093/1442 1905/1101/1442
f 1916/1099/1440 1915/1097/1440 1905/1101/1442
f 1917/1095/1442 1914/1093/1442 1915/1097/1440
f 1918/1089/1442 1913/1085/1442 1914/1093/1442
f 1919/1091/1442 1918/1089/1442 1914/1093/1442
f 1920/1087/1440 1913/1085/1442 1918/1089/1442
f 1922/1083/1442 1921/1081/1442 1913/1085/1442
f 1921/1081/1442 1904/1077/1441 1913/1085/1442
f 1923/1079/1444 1904/1077/1441 1921/1081/1442
f 1904/1077/1441 1924/1075/1445 1899/989/1058
f 1899/989/1058 1924/1075/1445 1925/1074/1446
f 1927/1146/1241 1926/1148/1243 1619/1145/1240
f 1930/1077/1447 1929/1079/1448 1928/1075/1449
f 1929/1079/1448 1931/1083/1450 1928/1075/1449
f 1932/1081/1451 1931/1083/1450 1929/1079/1448
f 1931/1083/1450 1933/1171/1268 1928/1075/1449
f 1934/1115/1452 1933/1171/1268 1931/1083/1450
f 1935/1099/1451 1934/1115/1452 1931/1083/1450
f 1936/1091/1451 1935/1099/1451 1931/1083/1450
f 1937/1087/1451 1936/1091/1451 1931/1083/1450
f 1938/1178/1451 1937/1087/1451 1931/1083/1450
f 1939/1089/1448 1936/1091/1451 1937/1087/1451
f 1940/1095/1451 1935/1099/1451 1936/1091/1451
f 1941/1093/1448 1940/1095/1451 1936/1091/1451
f 1942/1097/1451 1935/1099/1451 1940/1095/1451
f 1943/1107/1451 1934/1115/1452 1935/1099/1451
f 1944/1103/1451 1943/1107/1451 1935/1099/1451
f 1945/1101/1453 1944/1103/1451 1935/1099/1451
f 1946/1105/1451 1943/1107/1451 1944/1103/1451
f 1947/1111/1451 1934/1115/1452 1943/1107/1451
f 1948/1109/1451 1947/1111/1451 1943/1107/1451
f 1949/1113/1448 1934/1115/1452 1947/1111/1451
f 1951/1117/1451 1950/1119/1454 1934/1115/1452
f 1952/1121/1455 1933/1171/1268 1950/1119/1454
f 1950/1119/1454 1933/1171/1268 1934/1115/1452
f 1933/1171/1268 1953/1173/1276 1928/1075/1449
f 1928/1075/1449 1953/1173/1276 1954/1074/1456
f 1956/1146/1241 1857/1145/1418 1955/1148/1243
f 1959/1186/1457 1958/1187/1458 1957/1188/1459
f 1958/1187/1458 1960/1189/1460 1957/1188/1459
f 1961/1190/1458 1960/1189/1460 1958/1187/1458
f 1960/1189/1460 1962/1191/1461 1957/1188/1459
f 1963/1192/1462 1962/1191/1461 1960/1189/1460
f 1964/1193/1458 1963/1192/1462 1960/1189/1460
f 1965/1194/1458 1964/1193/1458 1960/1189/1460
f 1966/1195/1458 1965/1194/1458 1960/1189/1460
f 1967/1196/1458 1966/1195/1458 1960/1189/1460
f 1968/1197/1458 1965/1194/1458 1966/1195/1458
f 1969/1198/1458 1964/1193/1458 1965/1194/1458
f 1970/1199/1458 1969/1198/1458 1965/1194/1458
f 1971/1200/1458 1964/1193/1458 1969/1198/1458
f 1972/1201/1458 1963/1192/1462 1964/1193/1458
f 1973/1202/1458 1972/1201/1458 1964/1193/1458
f 1974/1203/1463 1973/1202/1458 1964/1193/1458
f 1975/1204/1458 1972/1201/1458 1973/1202/1458
f 1976/1205/1458 1963/1192/1462 1972/1201/1458
f 1977/1206/1458 1976/1205/1458 1972/1201/1458
f 1978/1207/1458 1963/1192/1462 1976/1205/1458
f 1980/1208/1458 1979/1209/1464 1963/1192/1462
f 1981/1210/1465 1962/1191/1461 1979/1209/1464
f 1979/1209/1464 1962/1191/1461 1963/1192/1462
f 1962/1191/1461 1982/1211/1466 1957/1188/1459
f 1957/1188/1459 1982/1211/1466 1983/1212/1467
f 1986/1211/1468 1985/1213/1469 1984/1212/1470
f 1987/1214/1471 1984/1212/1470 1985/1213/1469
f 1984/1212/1470 1987/1214/1471 1988/1188/1472
f 1989/1215/1473 1988/1188/1472 1987/1214/1471
f 1988/1188/1472 1989/1215/1473 1990/1186/1474
f 1991/1216/1475 1990/1186/1474 1989/1215/1473
f 1990/1186/1474 1991/1216/1475 1992/1187/1476
f 1993/1217/1477 1992/1187/1476 1991/1216/1475
f 1992/1187/1476 1993/1217/1477 1994/1190/1478
f 1995/1218/1479 1994/1190/1478 1993/1217/1477
f 1994/1190/1478 1995/1218/1479 1996/1189/1480
f 1997/1219/1481 1996/1189/1480 1995/1218/1479
f 1996/1189/1480 1997/1219/1481 1998/1196/1482
f 1999/1220/1483 1998/1196/1482 1997/1219/1481
f 1998/1196/1482 1999/1220/1483 2000/1195/1484
f 2001/1221/1485 2000/1195/1484 1999/1220/1483
f 2000/1195/1484 2001/1221/1485 2002/1197/1486
f 2003/1222/1487 2002/1197/1486 2001/1221/1485
f 2002/1197/1486 2003/1222/1487 2004/1194/1488
f 2005/1223/1489 2004/1194/1488 2003/1222/1487
f 2004/1194/1488 2005/1223/1489 2006/1199/1490
f 2007/1224/1491 2006/1199/1490 2005/1223/1489
f 2006/1199/1490 2007/1224/1491 2008/1198/1492
f 2009/1225/1493 2008/1198/1492 2007/1224/1491
f 2008/1198/1492 2009/1225/1493 2010/1200/1494
f 2011/1226/1495 2010/1200/1494 2009/1225/1493
f 2010/1200/1494 2011/1226/1495 2012/1193/1496
f 2013/1227/1497 2012/1193/1496 2011/1226/1495
f 2012/1193/1496 2013/1227/1497 2014/1203/1498
f 2015/1228/1499 2014/1203/1498 2013/1227/1497
f 2014/1203/1498 2015/1228/1499 2016/1202/1500
f 2017/1229/1501 2016/1202/1500 2015/1228/1499
f 2016/1202/1500 2017/1229/1501 2018/1204/1502
f 2019/1230/1503 2018/1204/1502 2017/1229/1501
f 2018/1204/1502 2019/1230/1503 2020/1201/1504
f 2021/1231/1505 2020/1201/1504 2019/1230/1503
f 2020/1201/1504 2021/1231/1505 2022/1206/1506
f 2023/1232/1507 2022/1206/1506 2021/1231/1505
f 2022/1206/1506 2023/1232/1507 2024/1205/1508
f 2025/1233/1509 2024/1205/1508 2023/1232/1507
f 2024/1205/1508 2025/1233/1509 2026/1207/1510
f 2027/1234/1511 2026/1207/1510 2025/1233/1509
f 2026/1207/1510 2027/1234/1511 2028/1192/1512
f 2029/1235/1513 2028/1192/1512 2027/1234/1511
f 2028/1192/1512 2029/1235/1513 2030/1208/1514
f 2031/1236/1515 2030/1208/1514 2029/1235/1513
f 2030/1208/1514 2031/1236/1515 2032/1209/1516
f 2033/1237/1517 2032/1209/1516 2031/1236/1515
f 2032/1209/1516 2033/1237/1517 2034/1210/1518
f 2035/1238/1519 2034/1210/1518 2033/1237/1517
f 2033/1237/1517 2036/1239/1520 2035/1238/1519
f 2037/1240/1521 2035/1238/1519 2036/1239/1520
f 2036/1239/1520 2038/1241/1522 2037/1240/1521
f 2039/1242/1523 2037/1240/1521 2038/1241/1522
f 2036/1239/1520 2033/1237/1517 2040/1243/1524
f 2031/1236/1515 2040/1243/1524 2033/1237/1517
f 2038/1241/1522 2036/1239/1520 2041/1244/1525
f 2040/1243/1524 2041/1244/1525 2036/1239/1520
f 2040/1243/1524 2031/1236/1515 2042/1245/1526
f 2029/1235/1513 2042/1245/1526 2031/1236/1515
f 2041/1244/1525 2040/1243/1524 2043/1246/1527
f 2042/1245/1526 2043/1246/1527 2040/1243/1524
f 2042/1245/1526 2029/1235/1513 2044/1247/1528
f 2027/1234/1511 2044/1247/1528 2029/1235/1513
f 2043/1246/1527 2042/1245/1526 2045/1248/1529
f 2044/1247/1528 2045/1248/1529 2042/1245/1526
f 2044/1247/1528 2027/1234/1511 2046/1249/1530
f 2025/1233/1509 2046/1249/1530 2027/1234/1511
f 2045/1248/1529 2044/1247/1528 2047/1250/1531
f 2046/1249/1530 2047/1250/1531 2044/1247/1528
f 2046/1249/1530 2025/1233/1509 2048/1251/1532
f 2023/1232/1507 2048/1251/1532 2025/1233/1509
f 2047/1250/1531 2046/1249/1530 2049/1252/1533
f 2048/1251/1532 2049/1252/1533 2046/1249/1530
f 2048/1251/1532 2023/1232/1507 2050/1253/1534
f 2021/1231/1505 2050/1253/1534 2023/1232/1507
f 2049/1252/1533 2048/1251/1532 2051/1254/1535
f 2050/1253/1534 2051/1254/1535 2048/1251/1532
f 2050/1253/1534 2021/1231/1505 2052/1255/1536
f 2019/1230/1503 2052/1255/1536 2021/1231/1505
f 2052/1255/1536 2053/1256/1537 2050/1253/1534
f 2054/1254/1535 2050/1253/1534 2053/1256/1537
f 2052/1255/1536 2019/1230/1503 2055/1257/1538
f 2017/1229/1501 2055/1257/1538 2019/1230/1503
f 2053/1256/1537 2052/1255/1536 2056/1258/1539
f 2055/1257/1538 2056/1258/1539 2052/1255/1536
f 2055/1257/1538 2017/1229/1501 2057/1259/1540
f 2015/1228/1499 2057/1259/1540 2017/1229/1501
f 2057/1259/1540 2058/1260/1541 2055/1257/1538
f 2059/1258/1539 2055/1257/1538 2058/1260/1541
f 2057/1259/1540 2015/1228/1499 2060/1261/1542
f 2013/1227/1497 2060/1261/1542 2015/1228/1499
f 2058/1260/1541 2057/1259/1540 2061/1262/1543
f 2060/1261/1542 2061/1262/1543 2057/1259/1540
f 2060/1261/1542 2013/1227/1497 2062/1263/1544
f 2011/1226/1495 2062/1263/1544 2013/1227/1497
f 2061/1262/1543 2060/1261/1542 2063/1264/1545
f 2062/1263/1544 2063/1264/1545 2060/1261/1542
f 2062/1263/1544 2011/1226/1495 2064/1265/1546
f 2009/1225/1493 2064/1265/1546 2011/1226/1495
f 2063/1264/1545 2062/1263/1544 2065/1266/1547
f 2064/1265/1546 2065/1266/1547 2062/1263/1544
f 2064/1265/1546 2009/1225/1493 2066/1267/1548
f 2007/1224/1491 2066/1267/1548 2009/1225/1493
f 2065/1266/1547 2064/1265/1546 2067/1268/1549
f 2066/1267/1548 2067/1268/1549 2064/1265/1546
f 2066/1267/1548 2007/1224/1491 2068/1269/1550
f 2005/1223/1489 2068/1269/1550 2007/1224/1491
f 2067/1268/1549 2066/1267/1548 2069/1270/1551
f 2068/1269/1550 2069/1270/1551 2066/1267/1548
f 2068/1269/1550 2005/1223/1489 2070/1271/1552
f 2003/1222/1487 2070/1271/1552 2005/1223/1489
f 2069/1270/1551 2068/1269/1550 2071/1272/1553
f 2070/1271/1552 2071/1272/1553 2068/1269/1550
f 2070/1271/1552 2003/1222/1487 2072/1273/1554
f 2001/1221/1485 2072/1273/1554 2003/1222/1487
f 2072/1273/1554 2001/1221/1485 2073/1274/1555
f 1999/1220/1483 2073/1274/1555 2001/1221/1485
f 2073/1274/1555 1999/1220/1483 2074/1275/1556
f 1997/1219/1481 2074/1275/1556 1999/1220/1483
f 2074/1275/1556 1997/1219/1481 2075/1276/1557
f 1995/1218/1479 2075/1276/1557 1997/1219/1481
f 2075/1276/1557 1995/1218/1479 2076/1277/1558
f 1993/1217/1477 2076/1277/1558 1995/1218/1479
f 2076/1277/1558 1993/1217/1477 2077/1278/1559
f 1991/1216/1475 2077/1278/1559 1993/1217/1477
f 2077/1278/1559 1991/1216/1475 2078/1279/1560
f 1989/1215/1473 2078/1279/1560 1991/1216/1475
f 2078/1279/1560 1989/1215/1473 2079/1280/1561
f 1987/1214/1471 2079/1280/1561 1989/1215/1473
f 1987/1214/1471 1985/1213/1469 2079/1280/1561
f 2080/1281/1562 2079/1280/1561 1985/1213/1469
f 2079/1280/1561 2080/1281/1562 2081/1282/1563
f 2079/1280/1561 2081/1282/1563 2078/1279/1560
f 2082/1283/1564 2081/1282/1563 2080/1281/1562
f 2083/1284/1565 2078/1279/1560 2081/1282/1563
f 2078/1279/1560 2083/1284/1565 2077/1278/1559
f 2084/1285/1566 2077/1278/1559 2083/1284/1565
f 2077/1278/1559 2084/1285/1566 2076/1277/1558
f 2085/1286/1567 2076/1277/1558 2084/1285/1566
f 2076/1277/1558 2085/1286/1567 2075/1276/1557
f 2086/1287/1568 2075/1276/1557 2085/1286/1567
f 2075/1276/1557 2086/1287/1568 2074/1275/1556
f 2087/1288/1569 2074/1275/1556 2086/1287/1568
f 2074/1275/1556 2087/1288/1569 2073/1274/1555
f 2088/1289/1570 2073/1274/1555 2087/1288/1569
f 2073/1274/1555 2088/1289/1570 2072/1273/1554
f 2089/1290/1571 2072/1273/1554 2088/1289/1570
f 2072/1273/1554 2089/1290/1571 2070/1271/1552
f 2071/1272/1553 2070/1271/1552 2089/1290/1571
f 2092/1291/1572 2091/1210/1573 2090/1211/1574
f 2091/1210/1573 2093/1208/1575 2090/1211/1574
f 2094/1209/1576 2093/1208/1575 2091/1210/1573
f 2093/1208/1575 2095/1186/1577 2090/1211/1574
f 2096/1203/1576 2095/1186/1577 2093/1208/1575
f 2097/1292/1576 2096/1203/1576 2093/1208/1575
f 2098/1207/1576 2097/1292/1576 2093/1208/1575
f 2099/1192/1576 2098/1207/1576 2093/1208/1575
f 2100/1293/1576 2097/1292/1576 2098/1207/1576
f 2101/1294/1576 2096/1203/1576 2097/1292/1576
f 2102/1201/1576 2101/1294/1576 2097/1292/1576
f 2103/1202/1578 2096/1203/1576 2101/1294/1576
f 2104/1295/1576 2095/1186/1577 2096/1203/1576
f 2105/1199/1576 2104/1295/1576 2096/1203/1576
f 2106/1296/1576 2105/1199/1576 2096/1203/1576
f 2107/1193/1576 2106/1296/1576 2096/1203/1576
f 2108/1198/1576 2105/1199/1576 2106/1296/1576
f 2109/1197/1576 2104/1295/1576 2105/1199/1576
f 2110/1194/1576 2109/1197/1576 2105/1199/1576
f 2111/1297/1576 2104/1295/1576 2109/1197/1576
f 2113/1189/1576 2112/1298/1576 2104/1295/1576
f 2112/1298/1576 2095/1186/1577 2104/1295/1576
f 2114/1299/1579 2095/1186/1577 2112/1298/1576
f 2095/1186/1577 2115/1300/1580 2090/1211/1574
f 2090/1211/1574 2115/1300/1580 2116/1212/1581
f 2119/1214/1582 2118/1213/1583 2117/1212/1584
f 2120/1211/1585 2117/1212/1584 2118/1213/1583
f 2117/1212/1584 2121/1300/1586 2119/1214/1582
f 2122/1301/1587 2119/1214/1582 2121/1300/1586
f 2121/1300/1586 2123/1186/1588 2122/1301/1587
f 2124/1216/1589 2122/1301/1587 2123/1186/1588
f 2123/1186/1588 2125/1299/1590 2124/1216/1589
f 2126/1302/1591 2124/1216/1589 2125/1299/1590
f 2125/1299/1590 2127/1298/1592 2126/1302/1591
f 2128/1303/1593 2126/1302/1591 2127/1298/1592
f 2127/1298/1592 2129/1189/1594 2128/1303/1593
f 2130/1219/1595 2128/1303/1593 2129/1189/1594
f 2129/1189/1594 2131/1295/1596 2130/1219/1595
f 2132/1220/1597 2130/1219/1595 2131/1295/1596
f 2131/1295/1596 2133/1297/1598 2132/1220/1597
f 2134/1221/1599 2132/1220/1597 2133/1297/1598
f 2133/1297/1598 2135/1197/1600 2134/1221/1599
f 2136/1222/1601 2134/1221/1599 2135/1197/1600
f 2135/1197/1600 2137/1194/1602 2136/1222/1601
f 2138/1223/1603 2136/1222/1601 2137/1194/1602
f 2137/1194/1602 2139/1199/1604 2138/1223/1603
f 2140/1224/1605 2138/1223/1603 2139/1199/1604
f 2139/1199/1604 2141/1198/1606 2140/1224/1605
f 2142/1225/1607 2140/1224/1605 2141/1198/1606
f 2141/1198/1606 2143/1296/1608 2142/1225/1607
f 2144/1304/1609 2142/1225/1607 2143/1296/1608
f 2143/1296/1608 2145/1193/1610 2144/1304/1609
f 2146/1227/1611 2144/1304/1609 2145/1193/1610
f 2145/1193/1610 2147/1203/1612 2146/1227/1611
f 2148/1228/1613 2146/1227/1611 2147/1203/1612
f 2147/1203/1612 2149/1202/1614 2148/1228/1613
f 2150/1229/1615 2148/1228/1613 2149/1202/1614
f 2149/1202/1614 2151/1294/1616 2150/1229/1615
f 2152/1305/1617 2150/1229/1615 2151/1294/1616
f 2151/1294/1616 2153/1201/1618 2152/1305/1617
f 2154/1231/1619 2152/1305/1617 2153/1201/1618
f 2153/1201/1618 2155/1292/1620 2154/1231/1619
f 2156/1232/1621 2154/1231/1619 2155/1292/1620
f 2155/1292/1620 2157/1293/1622 2156/1232/1621
f 2158/1233/1623 2156/1232/1621 2157/1293/1622
f 2157/1293/1622 2159/1207/1624 2158/1233/1623
f 2160/1234/1625 2158/1233/1623 2159/1207/1624
f 2159/1207/1624 2161/1192/1626 2160/1234/1625
f 2162/1235/1627 2160/1234/1625 2161/1192/1626
f 2161/1192/1626 2163/1208/1628 2162/1235/1627
f 2164/1236/1629 2162/1235/1627 2163/1208/1628
f 2163/1208/1628 2165/1209/1630 2164/1236/1629
f 2166/1237/1631 2164/1236/1629 2165/1209/1630
f 2165/1209/1630 2167/1210/1632 2166/1237/1631
f 2168/1238/1633 2166/1237/1631 2167/1210/1632
f 2166/1237/1631 2168/1238/1633 2169/1239/1634
f 2170/1306/1635 2169/1239/1634 2168/1238/1633
f 2169/1239/1634 2170/1306/1635 2171/1241/1522
f 2172/1242/1523 2171/1241/1522 2170/1306/1635
f 2164/1236/1629 2166/1237/1631 2173/1243/1636
f 2169/1239/1634 2173/1243/1636 2166/1237/1631
f 2173/1243/1636 2169/1239/1634 2174/1244/1525
f 2171/1241/1522 2174/1244/1525 2169/1239/1634
f 2162/1235/1627 2164/1236/1629 2175/1307/1637
f 2173/1243/1636 2175/1307/1637 2164/1236/1629
f 2175/1307/1637 2173/1243/1636 2176/1246/1527
f 2174/1244/1525 2176/1246/1527 2173/1243/1636
f 2175/1307/1637 2177/1247/1638 2162/1235/1627
f 2160/1234/1625 2162/1235/1627 2177/1247/1638
f 2177/1247/1638 2175/1307/1637 2178/1248/1529
f 2176/1246/1527 2178/1248/1529 2175/1307/1637
f 2177/1247/1638 2179/1308/1639 2160/1234/1625
f 2158/1233/1623 2160/1234/1625 2179/1308/1639
f 2179/1308/1639 2177/1247/1638 2180/1250/1531
f 2178/1248/1529 2180/1250/1531 2177/1247/1638
f 2179/1308/1639 2181/1251/1640 2158/1233/1623
f 2156/1232/1621 2158/1233/1623 2181/1251/1640
f 2181/1251/1640 2179/1308/1639 2182/1252/1533
f 2180/1250/1531 2182/1252/1533 2179/1308/1639
f 2181/1251/1640 2183/1309/1641 2156/1232/1621
f 2154/1231/1619 2156/1232/1621 2183/1309/1641
f 2183/1309/1641 2181/1251/1640 2184/1254/1535
f 2182/1252/1533 2184/1254/1535 2181/1251/1640
f 2183/1309/1641 2185/1255/1642 2154/1231/1619
f 2152/1305/1617 2154/1231/1619 2185/1255/1642
f 2185/1255/1642 2183/1309/1641 2186/1256/1537
f 2187/1254/1535 2186/1256/1537 2183/1309/1641
f 2185/1255/1642 2188/1310/1643 2152/1305/1617
f 2150/1229/1615 2152/1305/1617 2188/1310/1643
f 2188/1310/1643 2185/1255/1642 2189/1258/1539
f 2186/1256/1537 2189/1258/1539 2185/1255/1642
f 2188/1310/1643 2190/1259/1644 2150/1229/1615
f 2148/1228/1613 2150/1229/1615 2190/1259/1644
f 2190/1259/1644 2188/1310/1643 2191/1260/1541
f 2192/1258/1539 2191/1260/1541 2188/1310/1643
f 2190/1259/1644 2193/1311/1645 2148/1228/1613
f 2146/1227/1611 2148/1228/1613 2193/1311/1645
f 2193/1311/1645 2190/1259/1644 2194/1262/1543
f 2191/1260/1541 2194/1262/1543 2190/1259/1644
f 2193/1311/1645 2195/1263/1646 2146/1227/1611
f 2144/1304/1609 2146/1227/1611 2195/1263/1646
f 2195/1263/1646 2193/1311/1645 2196/1264/1545
f 2194/1262/1543 2196/1264/1545 2193/1311/1645
f 2195/1263/1646 2197/1265/1647 2144/1304/1609
f 2142/1225/1607 2144/1304/1609 2197/1265/1647
f 2197/1265/1647 2195/1263/1646 2198/1266/1547
f 2196/1264/1545 2198/1266/1547 2195/1263/1646
f 2197/1265/1647 2199/1267/1648 2142/1225/1607
f 2140/1224/1605 2142/1225/1607 2199/1267/1648
f 2199/1267/1648 2197/1265/1647 2200/1268/1549
f 2198/1266/1547 2200/1268/1549 2197/1265/1647
f 2199/1267/1648 2201/1269/1649 2140/1224/1605
f 2138/1223/1603 2140/1224/1605 2201/1269/1649
f 2201/1269/1649 2199/1267/1648 2202/1270/1551
f 2200/1268/1549 2202/1270/1551 2199/1267/1648
f 2201/1269/1649 2203/1271/1650 2138/1223/1603
f 2136/1222/1601 2138/1223/1603 2203/1271/1650
f 2203/1271/1650 2201/1269/1649 2204/1272/1553
f 2202/1270/1551 2204/1272/1553 2201/1269/1649
f 2203/1271/1650 2205/1273/1651 2136/1222/1601
f 2134/1221/1599 2136/1222/1601 2205/1273/1651
f 2205/1273/1651 2206/1312/1652 2134/1221/1599
f 2132/1220/1597 2134/1221/1599 2206/1312/1652
f 2206/1312/1652 2207/1275/1653 2132/1220/1597
f 2130/1219/1595 2132/1220/1597 2207/1275/1653
f 2207/1275/1653 2208/1276/1654 2130/1219/1595
f 2128/1303/1593 2130/1219/1595 2208/1276/1654
f 2208/1276/1654 2209/1277/1655 2128/1303/1593
f 2126/1302/1591 2128/1303/1593 2209/1277/1655
f 2209/1277/1655 2210/1313/1656 2126/1302/1591
f 2124/1216/1589 2126/1302/1591 2210/1313/1656
f 2210/1313/1656 2211/1279/1657 2124/1216/1589
f 2122/1301/1587 2124/1216/1589 2211/1279/1657
f 2211/1279/1657 2212/1280/1658 2122/1301/1587
f 2119/1214/1582 2122/1301/1587 2212/1280/1658
f 2119/1214/1582 2212/1280/1658 2118/1213/1583
f 2213/1281/1659 2118/1213/1583 2212/1280/1658
f 2212/1280/1658 2214/1282/1563 2213/1281/1659
f 2212/1280/1658 2211/1279/1657 2214/1282/1563
f 2215/1283/1564 2213/1281/1659 2214/1282/1563
f 2216/1284/1565 2214/1282/1563 2211/1279/1657
f 2211/1279/1657 2210/1313/1656 2216/1284/1565
f 2217/1285/1566 2216/1284/1565 2210/1313/1656
f 2210/1313/1656 2209/1277/1655 2217/1285/1566
f 2218/1286/1567 2217/1285/1566 2209/1277/1655
f 2209/1277/1655 2208/1276/1654 2218/1286/1567
f 2219/1287/1568 2218/1286/1567 2208/1276/1654
f 2208/1276/1654 2207/1275/1653 2219/1287/1568
f 2220/1288/1569 2219/1287/1568 2207/1275/1653
f 2207/1275/1653 2206/1312/1652 2220/1288/1569
f 2221/1289/1570 2220/1288/1569 2206/1312/1652
f 2206/1312/1652 2205/1273/1651 2221/1289/1570
f 2222/1290/1571 2221/1289/1570 2205/1273/1651
f 2205/1273/1651 2203/1271/1650 2222/1290/1571
f 2204/1272/1553 2222/1290/1571 2203/1271/1650
f 2034/1210/1518 2035/1238/1519 2223/1191/1660
f 2224/1314/1661 2223/1191/1660 2035/1238/1519
f 2224/1314/1661 2035/1238/1519 2225/1315/1662
f 2037/1240/1521 2225/1315/1662 2035/1238/1519
f 2225/1315/1662 2037/1240/1521 2226/1316/1663
f 2039/1242/1523 2226/1316/1663 2037/1240/1521
f 2167/1210/1632 2227/1291/1664 2168/1238/1633
f 2228/1314/1665 2168/1238/1633 2227/1291/1664
f 2168/1238/1633 2228/1314/1665 2170/1306/1635
f 2229/1317/1666 2170/1306/1635 2228/1314/1665
f 2170/1306/1635 2229/1317/1666 2172/1242/1523
f 2230/1316/1663 2172/1242/1523 2229/1317/1666
f 2233/1318/1667 2232/1319/910 2231/1320/1668
f 2234/1321/911 2231/1320/1668 2232/1319/910
f 2232/1319/910 2233/1318/1667 2235/1322/909
f 2236/1323/1669 2235/1322/909 2233/1318/1667
f 2235/1322/909 2236/1323/1669 2237/1324/900
f 2238/1325/1670 2237/1324/900 2236/1323/1669
f 2237/1324/900 2238/1325/1670 2239/1326/901
f 2240/1327/1671 2239/1326/901 2238/1325/1670
f 2239/1326/901 2240/1327/1671 2241/1328/902
f 2242/1329/1672 2241/1328/902 2240/1327/1671
f 2241/1328/902 2242/1329/1672 2243/1330/903
f 2244/1331/1673 2243/1330/903 2242/1329/1672
f 2243/1330/903 2244/1331/1673 2245/1332/904
f 2246/1333/1674 2245/1332/904 2244/1331/1673
f 2245/1332/904 2246/1333/1674 2247/1334/905
f 2248/1335/1675 2247/1334/905 2246/1333/1674
f 2247/1334/905 2248/1335/1675 2249/1336/906
f 2250/1337/1676 2249/1336/906 2248/1335/1675
f 2237/1324/900 2251/1338/908 2235/1322/909
f 2239/1326/901 2252/1339/907 2237/1324/900
f 2251/1338/908 2237/1324/900 2252/1339/907
f 2241/1328/902 2253/1340/924 2239/1326/901
f 2252/1339/907 2239/1326/901 2253/1340/924
f 2243/1330/903 2254/1341/915 2241/1328/902
f 2253/1340/924 2241/1328/902 2254/1341/915
f 2245/1332/904 2255/1342/916 2243/1330/903
f 2254/1341/915 2243/1330/903 2255/1342/916
f 2247/1334/905 2256/1343/939 2245/1332/904
f 2255/1342/916 2245/1332/904 2256/1343/939
f 2249/1336/906 2257/1344/917 2247/1334/905
f 2256/1343/939 2247/1334/905 2257/1344/917
f 2252/1339/907 2258/1345/922 2251/1338/908
f 2259/1346/921 2251/1338/908 2258/1345/922
f 2251/1338/908 2259/1346/921 2260/1347/914
f 2260/1347/914 2235/1322/909 2251/1338/908
f 2235/1322/909 2260/1347/914 2232/1319/910
f 2261/1348/912 2232/1319/910 2260/1347/914
f 2232/1319/910 2261/1348/912 2234/1321/911
f 2262/1349/913 2234/1321/911 2261/1348/912
f 2261/1348/912 2263/1350/918 2262/1349/913
f 2264/1351/919 2262/1349/913 2263/1350/918
f 2260/1347/914 2265/1352/920 2261/1348/912
f 2263/1350/918 2261/1348/912 2265/1352/920
f 2265/1352/920 2260/1347/914 2259/1346/921
f 2254/1341/915 2266/1353/925 2253/1340/924
f 2255/1342/916 2267/1354/926 2254/1341/915
f 2266/1353/925 2254/1341/915 2267/1354/926
f 2257/1344/917 2268/1355/938 2256/1343/939
f 2263/1350/918 2269/1356/1047 2264/1351/919
f 2270/1357/928 2264/1351/919 2269/1356/1047
f 2265/1352/920 2271/1358/929 2263/1350/918
f 2269/1356/1047 2263/1350/918 2271/1358/929
f 2271/1358/929 2265/1352/920 2272/1359/930
f 2259/1346/921 2272/1359/930 2265/1352/920
f 2272/1359/930 2259/1346/921 2273/1360/1677
f 2258/1345/922 2273/1360/1677 2259/1346/921
f 2273/1360/1677 2258/1345/922 2274/1361/989
f 2275/1362/923 2274/1361/989 2258/1345/922
f 2258/1345/922 2252/1339/907 2275/1362/923
f 2253/1340/924 2275/1362/923 2252/1339/907
f 2275/1362/923 2253/1340/924 2266/1353/925
f 2266/1353/925 2276/1363/934 2275/1362/923
f 2274/1361/989 2275/1362/923 2276/1363/934
f 2267/1354/926 2277/1364/990 2266/1353/925
f 2276/1363/934 2266/1353/925 2277/1364/990
f 2278/1365/936 2256/1343/939 2268/1355/938
f 2256/1343/939 2278/1365/936 2255/1342/916
f 2267/1354/926 2255/1342/916 2278/1365/936
f 2278/1365/936 2279/1366/1043 2267/1354/926
f 2277/1364/990 2267/1354/926 2279/1366/1043
f 2279/1366/1043 2278/1365/936 2280/1367/937
f 2268/1355/938 2280/1367/937 2278/1365/936
f 2283/1335/1678 2282/1334/965 2281/1337/1676
f 2284/1336/906 2281/1337/1676 2282/1334/965
f 2282/1334/965 2283/1335/1678 2285/1332/964
f 2286/1333/1679 2285/1332/964 2283/1335/1678
f 2285/1332/964 2286/1333/1679 2287/1330/956
f 2288/1331/1680 2287/1330/956 2286/1333/1679
f 2287/1330/956 2288/1331/1680 2289/1328/957
f 2290/1329/1681 2289/1328/957 2288/1331/1680
f 2289/1328/957 2290/1329/1681 2291/1326/958
f 2292/1327/1682 2291/1326/958 2290/1329/1681
f 2291/1326/958 2292/1327/1682 2293/1324/959
f 2294/1325/1683 2293/1324/959 2292/1327/1682
f 2293/1324/959 2294/1325/1683 2295/1368/960
f 2296/1323/1684 2295/1368/960 2294/1325/1683
f 2295/1368/960 2296/1323/1684 2297/1319/961
f 2298/1318/1685 2297/1319/961 2296/1323/1684
f 2297/1319/961 2298/1318/1685 2299/1321/911
f 2300/1320/1668 2299/1321/911 2298/1318/1685
f 2287/1330/956 2301/1341/963 2285/1332/964
f 2289/1328/957 2302/1340/962 2287/1330/956
f 2301/1341/963 2287/1330/956 2302/1340/962
f 2291/1326/958 2303/1339/975 2289/1328/957
f 2302/1340/962 2289/1328/957 2303/1339/975
f 2293/1324/959 2304/1369/968 2291/1326/958
f 2303/1339/975 2291/1326/958 2304/1369/968
f 2295/1368/960 2305/1347/969 2293/1324/959
f 2304/1369/968 2293/1324/959 2305/1347/969
f 2297/1319/961 2306/1348/987 2295/1368/960
f 2305/1347/969 2295/1368/960 2306/1348/987
f 2299/1321/911 2307/1349/913 2297/1319/961
f 2306/1348/987 2297/1319/961 2307/1349/913
f 2302/1340/962 2308/1362/973 2301/1341/963
f 2309/1353/972 2301/1341/963 2308/1362/973
f 2301/1341/963 2309/1353/972 2310/1342/967
f 2310/1342/967 2285/1332/964 2301/1341/963
f 2285/1332/964 2310/1342/967 2282/1334/965
f 2311/1343/966 2282/1334/965 2310/1342/967
f 2282/1334/965 2311/1343/966 2284/1336/906
f 2312/1344/917 2284/1336/906 2311/1343/966
f 2311/1343/966 2313/1365/970 2312/1344/917
f 2314/1355/938 2312/1344/917 2313/1365/970
f 2310/1342/967 2315/1354/971 2311/1343/966
f 2313/1365/970 2311/1343/966 2315/1354/971
f 2315/1354/971 2310/1342/967 2309/1353/972
f 2304/1369/968 2316/1346/976 2303/1339/975
f 2305/1347/969 2317/1352/977 2304/1369/968
f 2316/1346/976 2304/1369/968 2317/1352/977
f 2307/1349/913 2318/1351/919 2306/1348/987
f 2313/1365/970 2319/1366/1048 2314/1355/938
f 2320/1367/937 2314/1355/938 2319/1366/1048
f 2315/1354/971 2321/1364/979 2313/1365/970
f 2319/1366/1048 2313/1365/970 2321/1364/979
f 2321/1364/979 2315/1354/971 2322/1363/980
f 2309/1353/972 2322/1363/980 2315/1354/971
f 2322/1363/980 2309/1353/972 2323/1370/1686
f 2308/1362/973 2323/1370/1686 2309/1353/972
f 2323/1370/1686 2308/1362/973 2324/1371/992
f 2325/1345/974 2324/1371/992 2308/1362/973
f 2308/1362/973 2302/1340/962 2325/1345/974
f 2303/1339/975 2325/1345/974 2302/1340/962
f 2325/1345/974 2303/1339/975 2316/1346/976
f 2316/1346/976 2326/1372/984 2325/1345/974
f 2324/1371/992 2325/1345/974 2326/1372/984
f 2317/1352/977 2327/1358/1687 2316/1346/976
f 2326/1372/984 2316/1346/976 2327/1358/1687
f 2328/1350/1045 2306/1348/987 2318/1351/919
f 2306/1348/987 2328/1350/1045 2305/1347/969
f 2317/1352/977 2305/1347/969 2328/1350/1045
f 2328/1350/1045 2329/1356/993 2317/1352/977
f 2327/1358/1687 2317/1352/977 2329/1356/993
f 2329/1356/993 2328/1350/1045 2330/1357/928
f 2318/1351/919 2330/1357/928 2328/1350/1045
f 2333/1373/927 2332/1374/623 2331/1375/988
f 2334/1376/929 2332/1374/623 2333/1373/927
f 2335/1377/930 2332/1374/623 2334/1376/929
f 2336/1378/1042 2332/1374/623 2335/1377/930
f 2337/1379/931 2332/1374/623 2336/1378/1042
f 2338/1380/934 2332/1374/623 2337/1379/931
f 2339/1381/990 2332/1374/623 2338/1380/934
f 2340/1382/935 2332/1374/623 2339/1381/990
f 2341/1383/991 2332/1374/623 2340/1382/935
f 2342/1384/978 2332/1374/623 2341/1383/991
f 2343/1385/979 2332/1374/623 2342/1384/978
f 2344/1386/980 2332/1374/623 2343/1385/979
f 2345/1387/982 2332/1374/623 2344/1386/980
f 2346/1388/992 2332/1374/623 2345/1387/982
f 2347/1389/984 2332/1374/623 2346/1388/992
f 2348/1390/983 2332/1374/623 2347/1389/984
f 2349/1391/985 2332/1374/623 2348/1390/983
f 2331/1375/988 2332/1374/623 2349/1391/985
f 18/18/18 2350/1392/1688 21/21/21
f 2351/24/1689 21/21/21 2350/1392/1688
f 2350/1392/1688 18/18/18 3/1/1
f 2353/53/53 259/243/255 2352/222/223
f 256/223/252 2352/222/223 259/243/255
f 2352/222/223 256/223/252 241/221/222
f 376/18/364 289/271/283 2354/1392/1688
f 2355/24/24 2354/1392/1688 289/271/283
f 2354/1392/1688 375/1/1 376/18/364
o Propeller9_1
v -1.186337 -0.042719 0.582668
v -1.189764 -0.032173 0.581224
v -1.186337 -0.031631 0.581224
v -1.192855 -0.033748 0.581224
v -1.195308 -0.036201 0.581224
v -1.196883 -0.039292 0.581224
v -1.197426 -0.042719 0.581224
v -1.196883 -0.046145 0.581224
v -1.195308 -0.049237 0.581224
v -1.192855 -0.051690 0.581224
v -1.189764 -0.053265 0.581224
v -1.186337 -0.053807 0.581224
v -1.182911 -0.053265 0.581224
v -1.179820 -0.051690 0.581224
v -1.177366 -0.049237 0.581224
v -1.175792 -0.046145 0.581224
v -1.175249 -0.042719 0.581224
v -1.192855 -0.022660 0.577034
v -1.198734 -0.025656 0.577034
v -1.203400 -0.030322 0.577034
v -1.206396 -0.036201 0.577034
v -1.207429 -0.042719 0.577034
v -1.206396 -0.049237 0.577034
v -1.203400 -0.055116 0.577034
v -1.198734 -0.059782 0.577034
v -1.192855 -0.062778 0.577034
v -1.186337 -0.063810 0.577034
v -1.179820 -0.062778 0.577034
v -1.173940 -0.059782 0.577034
v -1.169274 -0.055116 0.577034
v -1.166278 -0.049236 0.577034
v -1.165246 -0.042719 0.577034
v -1.166278 -0.036201 0.577034
v -1.175792 -0.039292 0.581224
v -1.177366 -0.036201 0.581224
v -1.179820 -0.033748 0.581224
v -1.182911 -0.032173 0.581224
v -1.169274 -0.030322 0.577034
v -1.173940 -0.025656 0.577034
v -1.179820 -0.022660 0.577034
v -1.186337 -0.021628 0.577034
v -1.195308 -0.015110 0.570507
v -1.186337 -0.013689 0.570507
v -1.203400 -0.019233 0.570507
v -1.209823 -0.025656 0.570507
v -1.213946 -0.033748 0.570507
v -1.215367 -0.042719 0.570507
v -1.213946 -0.051690 0.570507
v -1.209823 -0.059782 0.570507
v -1.203400 -0.066205 0.570507
v -1.195308 -0.070328 0.570507
v -1.186337 -0.071749 0.570507
v -1.177366 -0.070328 0.570507
v -1.169274 -0.066204 0.570507
v -1.162852 -0.059782 0.570507
v -1.158728 -0.051690 0.570507
v -1.157308 -0.042719 0.570507
v -1.158728 -0.033748 0.570507
v -1.162852 -0.025656 0.570507
v -1.169274 -0.019233 0.570507
v -1.177367 -0.015110 0.570507
v -1.196883 -0.010263 0.562283
v -1.186337 -0.013689 0.570507
v -1.195308 -0.015110 0.570507
v -1.186337 -0.008592 0.562283
v -1.206396 -0.015110 0.562283
v -1.203400 -0.019233 0.570507
v -1.213946 -0.022660 0.562283
v -1.209823 -0.025656 0.570507
v -1.218794 -0.032173 0.562283
v -1.213946 -0.033748 0.570507
v -1.220464 -0.042719 0.562283
v -1.215367 -0.042719 0.570507
v -1.218794 -0.053265 0.562283
v -1.213946 -0.051690 0.570507
v -1.213946 -0.062778 0.562283
v -1.209823 -0.059782 0.570507
v -1.206396 -0.070328 0.562283
v -1.203400 -0.066205 0.570507
v -1.196883 -0.075175 0.562283
v -1.195308 -0.070328 0.570507
v -1.186337 -0.076845 0.562283
v -1.186337 -0.071749 0.570507
v -1.175792 -0.075175 0.562283
v -1.177366 -0.070328 0.570507
v -1.166278 -0.070328 0.562283
v -1.169274 -0.066204 0.570507
v -1.158728 -0.062778 0.562283
v -1.162852 -0.059782 0.570507
v -1.153881 -0.053265 0.562283
v -1.158728 -0.051690 0.570507
v -1.152211 -0.042719 0.562283
v -1.157308 -0.042719 0.570507
v -1.153881 -0.032173 0.562283
v -1.158728 -0.033748 0.570507
v -1.158728 -0.022660 0.562283
v -1.162852 -0.025656 0.570507
v -1.166278 -0.015110 0.562283
v -1.169274 -0.019233 0.570507
v -1.175792 -0.010263 0.562283
v -1.177367 -0.015110 0.570507
v -1.186337 -0.008592 0.562283
v -1.186337 -0.013689 0.570507
v -1.152211 -0.053807 0.553167
v -1.157307 -0.063810 0.553167
v -1.165246 -0.071749 0.553167
v -1.175249 -0.076845 0.553167
v -1.186337 -0.078602 0.553167
v -1.197426 -0.076845 0.553167
v -1.207429 -0.071749 0.553167
v -1.215367 -0.063810 0.553167
v -1.220464 -0.053807 0.553167
v -1.222220 -0.042719 0.553167
v -1.220464 -0.031631 0.553167
v -1.215367 -0.021628 0.553167
v -1.207429 -0.013689 0.553167
v -1.197426 -0.008592 0.553167
v -1.186337 -0.006836 0.553167
v -1.197426 -0.008592 0.553167
v -1.186337 -0.006836 0.495613
v -1.197426 -0.008592 0.495613
v -1.207429 -0.013689 0.553167
v -1.207429 -0.013689 0.495613
v -1.215367 -0.021628 0.553167
v -1.215367 -0.021628 0.495613
v -1.220464 -0.031631 0.553167
v -1.220464 -0.031631 0.495613
v -1.222220 -0.042719 0.553167
v -1.222220 -0.042719 0.495613
v -1.220464 -0.053807 0.553167
v -1.220464 -0.053807 0.495613
v -1.215367 -0.063810 0.553167
v -1.215367 -0.063810 0.495613
v -1.207429 -0.071749 0.553167
v -1.207428 -0.071749 0.495613
v -1.197426 -0.076845 0.553167
v -1.197425 -0.076845 0.495613
v -1.186337 -0.078602 0.553167
v -1.186337 -0.078602 0.495613
v -1.175249 -0.076845 0.553167
v -1.175249 -0.076845 0.495613
v -1.165246 -0.071749 0.553167
v -1.165246 -0.071749 0.495613
v -1.157307 -0.063810 0.553167
v -1.157307 -0.063810 0.495613
v -1.152211 -0.053807 0.553167
v -1.152211 -0.053807 0.495613
v -1.150455 -0.042719 0.553167
v -1.150454 -0.042719 0.495613
v -1.152211 -0.031630 0.553167
v -1.152211 -0.031631 0.495613
v -1.157308 -0.021628 0.553167
v -1.157308 -0.021628 0.495613
v -1.165246 -0.013689 0.553167
v -1.165246 -0.013689 0.495613
v -1.175249 -0.008592 0.553167
v -1.175249 -0.008592 0.495613
v -1.186337 -0.006836 0.553167
v -1.186337 -0.006836 0.495613
v -1.152211 -0.031630 0.553167
v -1.157308 -0.021628 0.553167
v -1.165246 -0.013689 0.553167
v -1.175249 -0.008592 0.553167
v -1.160278 0.212823 0.576491
v -1.163857 0.219908 0.576538
v -1.160071 0.220319 0.575719
v -1.164053 0.212823 0.577202
v -1.164370 0.226818 0.575155
v -1.160617 0.227631 0.574189
v -1.165611 0.233384 0.573113
v -1.161936 0.234578 0.571968
v -1.167574 0.239443 0.570481
v -1.164025 0.240989 0.569133
v -1.170227 0.244847 0.567338
v -1.166848 0.246706 0.565769
v -1.173508 0.249463 0.563765
v -1.170344 0.251590 0.561961
v -1.177333 0.253176 0.559845
v -1.174419 0.255518 0.557801
v -1.181591 0.255895 0.555663
v -1.178956 0.258396 0.553375
v -1.186153 0.257554 0.551302
v -1.183815 0.260151 0.548771
v -1.190875 0.258112 0.546843
v -1.188842 0.260741 0.544073
v -1.195606 0.257554 0.542368
v -1.193875 0.260151 0.539366
v -1.200197 0.255895 0.537961
v -1.198751 0.258396 0.534734
v -1.204502 0.253176 0.533703
v -1.203316 0.255518 0.530264
v -1.208391 0.249463 0.529681
v -1.207429 0.251590 0.526043
v -1.211753 0.244847 0.525979
v -1.210972 0.246706 0.522161
v -1.214499 0.239443 0.522686
v -1.213850 0.240989 0.518708
v -1.216567 0.233384 0.519885
v -1.216000 0.234578 0.515774
v -1.217922 0.226818 0.517660
v -1.217387 0.227631 0.513446
v -1.218555 0.219908 0.516085
v -1.218002 0.220319 0.511804
v -1.218482 0.212823 0.515224
v -1.217867 0.212823 0.510915
v -1.201092 0.256344 0.526562
v -1.196446 0.259278 0.531090
v -1.191475 0.261067 0.535789
v -1.211764 0.241534 0.514900
v -1.208859 0.247362 0.518376
v -1.205271 0.252340 0.522294
v -1.215874 0.220464 0.508007
v -1.215291 0.227917 0.509631
v -1.213920 0.234999 0.511955
v -1.186337 0.261668 0.540574
v -1.181199 0.261067 0.545359
v -1.176228 0.259278 0.550059
v -1.171582 0.256344 0.554587
v -1.167404 0.252340 0.558855
v -1.163815 0.247362 0.562773
v -1.160910 0.241534 0.566249
v -1.158755 0.234999 0.569193
v -1.157383 0.227917 0.571518
v -1.156801 0.220464 0.573142
v -1.156986 0.212823 0.573997
v -1.162821 0.193127 0.576169
v -1.166567 0.193127 0.576736
v -1.159513 0.193127 0.573789
v -1.168394 0.158212 0.573477
v -1.172159 0.158212 0.573694
v -1.164994 0.158212 0.571355
v -1.173899 0.119287 0.569901
v -1.177680 0.119287 0.569725
v -1.170388 0.119287 0.568061
v -1.178600 0.080860 0.565775
v -1.182394 0.080860 0.565208
v -1.174972 0.080860 0.564207
v -1.182526 0.042931 0.561123
v -1.186328 0.042931 0.560166
v -1.178775 0.042931 0.559817
v -1.185540 -0.009563 0.556279
v -1.189347 -0.009563 0.554956
v -1.181669 -0.009563 0.555211
v -1.181199 0.261067 0.545359
v -1.191475 0.261067 0.535789
v -1.215689 0.212823 0.507152
v -1.213161 0.193127 0.507360
v -1.215509 0.193127 0.510929
v -1.216309 0.193127 0.515143
v -1.210271 0.158212 0.513082
v -1.211322 0.158212 0.517214
v -1.207680 0.158212 0.509794
v -1.205141 0.119287 0.516059
v -1.206475 0.119287 0.520101
v -1.202286 0.119287 0.513088
v -1.200810 0.080860 0.519592
v -1.202428 0.080860 0.523549
v -1.197702 0.080860 0.516942
v -1.197248 0.042931 0.523659
v -1.199151 0.042931 0.527536
v -1.193899 0.042931 0.521332
v -1.194572 -0.009563 0.527960
v -1.196743 -0.009563 0.531765
v -1.191005 -0.009563 0.525938
v -1.164053 0.212823 0.577202
v -1.164370 0.226818 0.575155
v -1.163857 0.219908 0.576538
v -1.165611 0.233384 0.573113
v -1.167574 0.239443 0.570481
v -1.170227 0.244847 0.567338
v -1.173508 0.249463 0.563765
v -1.177333 0.253176 0.559845
v -1.181591 0.255895 0.555663
v -1.186153 0.257554 0.551302
v -1.190875 0.258112 0.546843
v -1.195606 0.257554 0.542368
v -1.200197 0.255895 0.537961
v -1.204502 0.253176 0.533703
v -1.208391 0.249463 0.529681
v -1.211753 0.244847 0.525979
v -1.214499 0.239443 0.522686
v -1.216567 0.233384 0.519885
v -1.217922 0.226818 0.517660
v -1.218555 0.219908 0.516085
v -1.218482 0.212823 0.515224
v -1.216309 0.193127 0.515143
v -1.166567 0.193127 0.576736
v -1.172159 0.158212 0.573694
v -1.211322 0.158212 0.517214
v -1.206475 0.119287 0.520101
v -1.177680 0.119287 0.569725
v -1.202428 0.080860 0.523549
v -1.182394 0.080860 0.565208
v -1.199151 0.042931 0.527536
v -1.186328 0.042931 0.560166
v -1.196743 -0.009563 0.531765
v -1.189347 -0.009563 0.554956
v -1.212396 0.212823 0.504657
v -1.208818 0.219908 0.504610
v -1.212603 0.220319 0.505430
v -1.208622 0.212823 0.503946
v -1.208304 0.226818 0.505993
v -1.212058 0.227631 0.506959
v -1.207063 0.233384 0.508036
v -1.210738 0.234578 0.509180
v -1.205100 0.239443 0.510668
v -1.208650 0.240989 0.512015
v -1.202448 0.244847 0.513811
v -1.205826 0.246706 0.515380
v -1.199166 0.249463 0.517384
v -1.202331 0.251590 0.519187
v -1.195341 0.253176 0.521304
v -1.198255 0.255518 0.523348
v -1.191083 0.255895 0.525485
v -1.193718 0.258396 0.527773
v -1.186522 0.257554 0.529847
v -1.188859 0.260151 0.532378
v -1.181800 0.258112 0.534306
v -1.183832 0.260741 0.537076
v -1.177068 0.257554 0.538780
v -1.178799 0.260151 0.541783
v -1.172478 0.255895 0.543188
v -1.173923 0.258396 0.546414
v -1.168172 0.253176 0.547445
v -1.169358 0.255518 0.550884
v -1.164283 0.249463 0.551468
v -1.165245 0.251590 0.555105
v -1.160922 0.244847 0.555169
v -1.161703 0.246706 0.558988
v -1.158176 0.239443 0.558463
v -1.158824 0.240989 0.562441
v -1.156108 0.233384 0.561263
v -1.156674 0.234578 0.565375
v -1.154753 0.226818 0.563488
v -1.155288 0.227631 0.567703
v -1.154120 0.219908 0.565063
v -1.154672 0.220319 0.569345
v -1.154193 0.212823 0.565925
v -1.154807 0.212823 0.570233
v -1.171582 0.256344 0.554587
v -1.176228 0.259278 0.550059
v -1.181199 0.261067 0.545359
v -1.160910 0.241534 0.566249
v -1.163815 0.247362 0.562773
v -1.167404 0.252340 0.558855
v -1.156801 0.220464 0.573142
v -1.157383 0.227917 0.571518
v -1.158755 0.234999 0.569193
v -1.186337 0.261668 0.540574
v -1.191475 0.261067 0.535789
v -1.196446 0.259278 0.531090
v -1.201092 0.256344 0.526562
v -1.205271 0.252340 0.522294
v -1.208859 0.247362 0.518376
v -1.211764 0.241534 0.514900
v -1.213920 0.234999 0.511955
v -1.215291 0.227917 0.509631
v -1.215874 0.220464 0.508007
v -1.215689 0.212823 0.507152
v -1.209853 0.193127 0.504980
v -1.206107 0.193127 0.504413
v -1.213161 0.193127 0.507360
v -1.204280 0.158212 0.507672
v -1.200516 0.158212 0.507454
v -1.207680 0.158212 0.509794
v -1.198776 0.119287 0.511248
v -1.194994 0.119287 0.511424
v -1.202286 0.119287 0.513088
v -1.194075 0.080860 0.515373
v -1.190281 0.080860 0.515941
v -1.197702 0.080860 0.516942
v -1.190149 0.042931 0.520025
v -1.186346 0.042931 0.520983
v -1.193899 0.042931 0.521332
v -1.187134 -0.009563 0.524870
v -1.183327 -0.009563 0.526192
v -1.191005 -0.009563 0.525938
v -1.191475 0.261067 0.535789
v -1.181199 0.261067 0.545359
v -1.156986 0.212823 0.573997
v -1.159513 0.193127 0.573789
v -1.157165 0.193127 0.570220
v -1.156366 0.193127 0.566006
v -1.162403 0.158212 0.568066
v -1.161352 0.158212 0.563935
v -1.164994 0.158212 0.571355
v -1.167533 0.119287 0.565090
v -1.166199 0.119287 0.561048
v -1.170388 0.119287 0.568061
v -1.171865 0.080860 0.561557
v -1.170247 0.080860 0.557599
v -1.174972 0.080860 0.564207
v -1.175426 0.042931 0.557490
v -1.173523 0.042931 0.553612
v -1.178775 0.042931 0.559817
v -1.178102 -0.009563 0.553189
v -1.175931 -0.009563 0.549384
v -1.181669 -0.009563 0.555211
v -1.208622 0.212823 0.503946
v -1.208304 0.226818 0.505993
v -1.208818 0.219908 0.504610
v -1.207063 0.233384 0.508036
v -1.205100 0.239443 0.510668
v -1.202448 0.244847 0.513811
v -1.199166 0.249463 0.517384
v -1.195341 0.253176 0.521304
v -1.191083 0.255895 0.525485
v -1.186522 0.257554 0.529847
v -1.181800 0.258112 0.534306
v -1.177068 0.257554 0.538780
v -1.172478 0.255895 0.543188
v -1.168172 0.253176 0.547445
v -1.164283 0.249463 0.551468
v -1.160922 0.244847 0.555169
v -1.158176 0.239443 0.558463
v -1.156108 0.233384 0.561263
v -1.154753 0.226818 0.563488
v -1.154120 0.219908 0.565063
v -1.154193 0.212823 0.565925
v -1.156366 0.193127 0.566006
v -1.206107 0.193127 0.504413
v -1.200516 0.158212 0.507454
v -1.161352 0.158212 0.563935
v -1.166199 0.119287 0.561048
v -1.194994 0.119287 0.511424
v -1.170247 0.080860 0.557599
v -1.190281 0.080860 0.515941
v -1.173523 0.042931 0.553612
v -1.186346 0.042931 0.520983
v -1.175931 -0.009563 0.549384
v -1.183327 -0.009563 0.526192
v -1.212396 -0.298259 0.576492
v -1.208818 -0.305343 0.576538
v -1.212603 -0.305755 0.575719
v -1.208622 -0.298259 0.577202
v -1.208304 -0.312254 0.575155
v -1.212058 -0.313066 0.574189
v -1.207063 -0.318819 0.573113
v -1.210738 -0.320013 0.571968
v -1.205100 -0.324879 0.570481
v -1.208650 -0.326424 0.569134
v -1.202448 -0.330283 0.567338
v -1.205826 -0.332142 0.565769
v -1.199166 -0.334898 0.563765
v -1.202331 -0.337025 0.561962
v -1.195341 -0.338611 0.559845
v -1.198255 -0.340954 0.557801
v -1.191083 -0.341331 0.555663
v -1.193718 -0.343831 0.553375
v -1.186522 -0.342990 0.551302
v -1.188859 -0.345586 0.548771
v -1.181800 -0.343547 0.546843
v -1.183832 -0.346176 0.544073
v -1.177068 -0.342990 0.542369
v -1.178799 -0.345586 0.539366
v -1.172477 -0.341331 0.537961
v -1.173923 -0.343831 0.534735
v -1.168172 -0.338611 0.533703
v -1.169358 -0.340954 0.530264
v -1.164283 -0.334898 0.529681
v -1.165245 -0.337025 0.526043
v -1.160922 -0.330283 0.525979
v -1.161703 -0.332142 0.522161
v -1.158176 -0.324879 0.522686
v -1.158824 -0.326424 0.518708
v -1.156108 -0.318819 0.519886
v -1.156674 -0.320013 0.515774
v -1.154753 -0.312254 0.517660
v -1.155288 -0.313066 0.513446
v -1.154119 -0.305343 0.516085
v -1.154672 -0.305755 0.511804
v -1.154192 -0.298259 0.515224
v -1.154807 -0.298259 0.510915
v -1.171582 -0.341780 0.526562
v -1.176228 -0.344713 0.531090
v -1.181199 -0.346502 0.535789
v -1.160910 -0.326969 0.514900
v -1.163815 -0.332797 0.518376
v -1.167404 -0.337775 0.522294
v -1.156801 -0.305900 0.508007
v -1.157383 -0.313353 0.509631
v -1.158755 -0.320434 0.511956
v -1.186337 -0.347104 0.540574
v -1.191475 -0.346502 0.545359
v -1.196446 -0.344713 0.550059
v -1.201092 -0.341780 0.554587
v -1.205271 -0.337775 0.558855
v -1.208859 -0.332797 0.562773
v -1.211764 -0.326969 0.566249
v -1.213920 -0.320434 0.569193
v -1.215291 -0.313353 0.571518
v -1.215874 -0.305900 0.573142
v -1.215689 -0.298259 0.573997
v -1.209853 -0.278562 0.576169
v -1.206107 -0.278562 0.576736
v -1.213161 -0.278562 0.573789
v -1.204280 -0.243647 0.573477
v -1.200516 -0.243647 0.573694
v -1.207680 -0.243647 0.571355
v -1.198776 -0.204722 0.569901
v -1.194994 -0.204722 0.569725
v -1.202286 -0.204722 0.568061
v -1.194075 -0.166296 0.565775
v -1.190281 -0.166296 0.565208
v -1.197702 -0.166296 0.564207
v -1.190149 -0.128367 0.561123
v -1.186346 -0.128367 0.560166
v -1.193899 -0.128367 0.559817
v -1.187134 -0.075872 0.556279
v -1.183327 -0.075872 0.554956
v -1.191005 -0.075872 0.555211
v -1.191475 -0.346502 0.545359
v -1.181199 -0.346502 0.535789
v -1.156986 -0.298259 0.507152
v -1.159513 -0.278562 0.507360
v -1.157165 -0.278562 0.510929
v -1.156366 -0.278562 0.515143
v -1.162403 -0.243647 0.513083
v -1.161352 -0.243647 0.517214
v -1.164994 -0.243647 0.509794
v -1.167533 -0.204722 0.516059
v -1.166199 -0.204722 0.520101
v -1.170388 -0.204722 0.513088
v -1.171865 -0.166296 0.519592
v -1.170246 -0.166296 0.523549
v -1.174972 -0.166296 0.516942
v -1.175426 -0.128367 0.523659
v -1.173523 -0.128367 0.527536
v -1.178775 -0.128367 0.521332
v -1.178102 -0.075872 0.527960
v -1.175931 -0.075872 0.531765
v -1.181669 -0.075872 0.525938
v -1.208622 -0.298259 0.577202
v -1.208304 -0.312254 0.575155
v -1.208818 -0.305343 0.576538
v -1.207063 -0.318819 0.573113
v -1.205100 -0.324879 0.570481
v -1.202448 -0.330283 0.567338
v -1.199166 -0.334898 0.563765
v -1.195341 -0.338611 0.559845
v -1.191083 -0.341331 0.555663
v -1.186522 -0.342990 0.551302
v -1.181800 -0.343547 0.546843
v -1.177068 -0.342990 0.542369
v -1.172477 -0.341331 0.537961
v -1.168172 -0.338611 0.533703
v -1.164283 -0.334898 0.529681
v -1.160922 -0.330283 0.525979
v -1.158176 -0.324879 0.522686
v -1.156108 -0.318819 0.519886
v -1.154753 -0.312254 0.517660
v -1.154119 -0.305343 0.516085
v -1.154192 -0.298259 0.515224
v -1.156366 -0.278562 0.515143
v -1.206107 -0.278562 0.576736
v -1.200516 -0.243647 0.573694
v -1.161352 -0.243647 0.517214
v -1.166199 -0.204722 0.520101
v -1.194994 -0.204722 0.569725
v -1.170246 -0.166296 0.523549
v -1.190281 -0.166296 0.565208
v -1.173523 -0.128367 0.527536
v -1.186346 -0.128367 0.560166
v -1.175931 -0.075872 0.531765
v -1.183327 -0.075872 0.554956
v -1.160278 -0.298259 0.504657
v -1.163857 -0.305343 0.504611
v -1.160071 -0.305755 0.505430
v -1.164052 -0.298259 0.503946
v -1.164370 -0.312254 0.505994
v -1.160617 -0.313066 0.506959
v -1.165611 -0.318819 0.508036
v -1.161936 -0.320013 0.509180
v -1.167574 -0.324879 0.510668
v -1.164024 -0.326424 0.512015
v -1.170227 -0.330283 0.513811
v -1.166848 -0.332142 0.515380
v -1.173508 -0.334898 0.517384
v -1.170344 -0.337025 0.519187
v -1.177333 -0.338611 0.521304
v -1.174419 -0.340954 0.523348
v -1.181591 -0.341331 0.525486
v -1.178956 -0.343831 0.527773
v -1.186153 -0.342990 0.529847
v -1.183815 -0.345586 0.532378
v -1.190875 -0.343547 0.534306
v -1.188842 -0.346176 0.537076
v -1.195606 -0.342990 0.538780
v -1.193875 -0.345586 0.541783
v -1.200197 -0.341331 0.543188
v -1.198751 -0.343831 0.546414
v -1.204502 -0.338611 0.547445
v -1.203316 -0.340954 0.550884
v -1.208391 -0.334898 0.551468
v -1.207429 -0.337025 0.555105
v -1.211753 -0.330283 0.555169
v -1.210972 -0.332142 0.558988
v -1.214499 -0.324879 0.558463
v -1.213850 -0.326424 0.562441
v -1.216567 -0.318819 0.561263
v -1.216000 -0.320013 0.565375
v -1.217922 -0.312254 0.563488
v -1.217386 -0.313066 0.567703
v -1.218555 -0.305343 0.565063
v -1.218002 -0.305755 0.569345
v -1.218482 -0.298259 0.565925
v -1.217867 -0.298259 0.570234
v -1.201092 -0.341780 0.554587
v -1.196446 -0.344713 0.550059
v -1.191475 -0.346502 0.545359
v -1.211764 -0.326969 0.566249
v -1.208859 -0.332797 0.562773
v -1.205271 -0.337775 0.558855
v -1.215874 -0.305900 0.573142
v -1.215291 -0.313353 0.571518
v -1.213920 -0.320434 0.569193
v -1.186337 -0.347104 0.540574
v -1.181199 -0.346502 0.535789
v -1.176228 -0.344713 0.531090
v -1.171582 -0.341780 0.526562
v -1.167404 -0.337775 0.522294
v -1.163815 -0.332797 0.518376
v -1.160910 -0.326969 0.514900
v -1.158755 -0.320434 0.511956
v -1.157383 -0.313353 0.509631
v -1.156801 -0.305900 0.508007
v -1.156986 -0.298259 0.507152
v -1.162821 -0.278562 0.504980
v -1.166567 -0.278562 0.504413
v -1.159513 -0.278562 0.507360
v -1.168394 -0.243647 0.507672
v -1.172159 -0.243647 0.507455
v -1.164994 -0.243647 0.509794
v -1.173899 -0.204722 0.511248
v -1.177680 -0.204722 0.511424
v -1.170388 -0.204722 0.513088
v -1.178599 -0.166296 0.515374
v -1.182394 -0.166296 0.515941
v -1.174972 -0.166296 0.516942
v -1.182525 -0.128367 0.520025
v -1.186328 -0.128367 0.520983
v -1.178775 -0.128367 0.521332
v -1.185540 -0.075872 0.524870
v -1.189347 -0.075872 0.526192
v -1.181669 -0.075872 0.525938
v -1.181199 -0.346502 0.535789
v -1.191475 -0.346502 0.545359
v -1.215689 -0.298259 0.573997
v -1.213161 -0.278562 0.573789
v -1.215509 -0.278562 0.570220
v -1.216309 -0.278562 0.566006
v -1.210271 -0.243647 0.568066
v -1.211322 -0.243647 0.563935
v -1.207680 -0.243647 0.571355
v -1.205141 -0.204722 0.565090
v -1.206475 -0.204722 0.561048
v -1.202286 -0.204722 0.568061
v -1.200810 -0.166296 0.561557
v -1.202428 -0.166296 0.557599
v -1.197702 -0.166296 0.564207
v -1.197248 -0.128367 0.557490
v -1.199151 -0.128367 0.553612
v -1.193899 -0.128367 0.559817
v -1.194572 -0.075872 0.553189
v -1.196743 -0.075872 0.549384
v -1.191005 -0.075872 0.555211
v -1.164052 -0.298259 0.503946
v -1.164370 -0.312254 0.505994
v -1.163857 -0.305343 0.504611
v -1.165611 -0.318819 0.508036
v -1.167574 -0.324879 0.510668
v -1.170227 -0.330283 0.513811
v -1.173508 -0.334898 0.517384
v -1.177333 -0.338611 0.521304
v -1.181591 -0.341331 0.525486
v -1.186153 -0.342990 0.529847
v -1.190875 -0.343547 0.534306
v -1.195606 -0.342990 0.538780
v -1.200197 -0.341331 0.543188
v -1.204502 -0.338611 0.547445
v -1.208391 -0.334898 0.551468
v -1.211753 -0.330283 0.555169
v -1.214499 -0.324879 0.558463
v -1.216567 -0.318819 0.561263
v -1.217922 -0.312254 0.563488
v -1.218555 -0.305343 0.565063
v -1.218482 -0.298259 0.565925
v -1.216309 -0.278562 0.566006
v -1.166567 -0.278562 0.504413
v -1.172159 -0.243647 0.507455
v -1.211322 -0.243647 0.563935
v -1.206475 -0.204722 0.561048
v -1.177680 -0.204722 0.511424
v -1.202428 -0.166296 0.557599
v -1.182394 -0.166296 0.515941
v -1.199151 -0.128367 0.553612
v -1.186328 -0.128367 0.520983
v -1.196743 -0.075872 0.549384
v -1.189347 -0.075872 0.526192
vn -0.0000 0.2724 0.9622
vn -0.0842 0.2591 0.9622
vn -0.0000 -0.0000 1.0000
vn -0.1601 0.2204 0.9622
vn -0.2204 0.1601 0.9622
vn -0.2591 0.0842 0.9622
vn -0.2724 -0.0000 0.9622
vn -0.2591 -0.0842 0.9622
vn -0.2204 -0.1601 0.9622
vn -0.1601 -0.2204 0.9622
vn -0.0842 -0.2591 0.9622
vn -0.0000 -0.2724 0.9622
vn 0.0842 -0.2591 0.9622
vn 0.1601 -0.2204 0.9622
vn 0.2204 -0.1601 0.9622
vn 0.2591 -0.0842 0.9622
vn 0.2724 -0.0000 0.9622
vn -0.1628 0.5009 0.8501
vn -0.3096 0.4261 0.8501
vn -0.4261 0.3096 0.8501
vn -0.5009 0.1628 0.8501
vn -0.5267 -0.0000 0.8501
vn -0.5009 -0.1628 0.8501
vn -0.4261 -0.3096 0.8501
vn -0.3096 -0.4261 0.8501
vn -0.1628 -0.5009 0.8501
vn -0.0000 -0.5267 0.8501
vn 0.1628 -0.5009 0.8501
vn 0.3096 -0.4261 0.8501
vn 0.4261 -0.3096 0.8501
vn 0.5009 -0.1628 0.8501
vn 0.5267 -0.0000 0.8501
vn 0.5009 0.1628 0.8501
vn 0.2591 0.0842 0.9622
vn 0.2204 0.1601 0.9622
vn 0.1601 0.2204 0.9622
vn 0.0842 0.2591 0.9622
vn 0.4261 0.3096 0.8501
vn 0.3096 0.4261 0.8501
vn 0.1628 0.5009 0.8501
vn -0.0000 0.5267 0.8501
vn -0.2347 0.7223 0.6505
vn -0.0000 0.7595 0.6505
vn -0.4464 0.6145 0.6505
vn -0.6145 0.4464 0.6505
vn -0.7223 0.2347 0.6505
vn -0.7595 -0.0000 0.6505
vn -0.7223 -0.2347 0.6505
vn -0.6145 -0.4464 0.6505
vn -0.4464 -0.6145 0.6505
vn -0.2347 -0.7223 0.6505
vn -0.0000 -0.7595 0.6505
vn 0.2347 -0.7223 0.6505
vn 0.4464 -0.6145 0.6505
vn 0.6145 -0.4464 0.6505
vn 0.7223 -0.2347 0.6505
vn 0.7595 -0.0000 0.6505
vn 0.7223 0.2347 0.6505
vn 0.6145 0.4464 0.6505
vn 0.4464 0.6145 0.6505
vn 0.2347 0.7223 0.6505
vn -0.2347 0.7224 0.6505
vn -0.2885 0.8880 0.3580
vn -0.0000 0.9337 0.3580
vn -0.5488 0.7554 0.3580
vn -0.7554 0.5488 0.3580
vn -0.8880 0.2885 0.3580
vn -0.7224 0.2347 0.6505
vn -0.9337 -0.0000 0.3580
vn -0.8880 -0.2885 0.3580
vn -0.7224 -0.2347 0.6505
vn -0.7554 -0.5488 0.3580
vn -0.5488 -0.7554 0.3580
vn -0.2885 -0.8880 0.3580
vn -0.2347 -0.7224 0.6505
vn -0.0000 -0.9337 0.3580
vn 0.2885 -0.8880 0.3580
vn 0.2347 -0.7224 0.6505
vn 0.5488 -0.7554 0.3580
vn 0.7554 -0.5488 0.3580
vn 0.8880 -0.2885 0.3580
vn 0.7224 -0.2347 0.6505
vn 0.9337 -0.0000 0.3580
vn 0.8880 0.2885 0.3580
vn 0.7224 0.2347 0.6505
vn 0.7554 0.5488 0.3580
vn 0.5488 0.7554 0.3580
vn 0.2885 0.8880 0.3580
vn 0.2347 0.7224 0.6505
vn 0.9468 -0.3076 0.0941
vn 0.8054 -0.5852 0.0941
vn 0.5852 -0.8054 0.0941
vn 0.3076 -0.9468 0.0941
vn -0.0000 -0.9956 0.0941
vn -0.3076 -0.9468 0.0941
vn -0.5852 -0.8054 0.0941
vn -0.8054 -0.5852 0.0941
vn -0.9468 -0.3076 0.0941
vn -0.9956 -0.0000 0.0941
vn -0.9468 0.3076 0.0941
vn -0.8054 0.5852 0.0941
vn -0.5852 0.8054 0.0941
vn -0.3076 0.9468 0.0941
vn -0.0000 0.9956 0.0941
vn -0.0000 1.0000 -0.0000
vn -0.3090 0.9511 -0.0000
vn -0.5878 0.8090 -0.0000
vn -0.8090 0.5878 -0.0000
vn -0.9511 0.3090 -0.0000
vn -1.0000 -0.0000 -0.0000
vn -0.9511 -0.3090 -0.0000
vn -0.8090 -0.5878 -0.0000
vn -0.5878 -0.8090 -0.0000
vn -0.3090 -0.9511 -0.0000
vn -0.0000 -1.0000 -0.0000
vn 0.3077 -0.9468 0.0941
vn 0.3090 -0.9511 -0.0000
vn 0.5878 -0.8090 -0.0000
vn 0.8090 -0.5878 -0.0000
vn 0.9511 -0.3090 -0.0000
vn 0.9956 -0.0000 0.0941
vn 1.0000 -0.0000 -0.0000
vn 0.9468 0.3077 0.0941
vn 0.9511 0.3090 -0.0000
vn 0.8054 0.5852 0.0941
vn 0.8090 0.5878 -0.0000
vn 0.5852 0.8054 0.0941
vn 0.5878 0.8090 -0.0000
vn 0.3076 0.9468 0.0941
vn 0.3090 0.9511 -0.0000
vn 0.4152 0.1489 0.8975
vn 0.1914 0.1456 0.9707
vn 0.4084 0.0041 0.9128
vn 0.1851 0.0165 0.9826
vn 0.1841 0.2628 0.9471
vn 0.4048 0.2819 0.8699
vn 0.1597 0.3755 0.9130
vn 0.3758 0.4106 0.8308
vn 0.1182 0.4809 0.8688
vn 0.3279 0.5321 0.7806
vn 0.0599 0.5760 0.8153
vn 0.2610 0.6429 0.7201
vn -0.0140 0.6576 0.7533
vn 0.1764 0.7392 0.6500
vn -0.1015 0.7224 0.6839
vn 0.0759 0.8169 0.5718
vn -0.1998 0.7679 0.6087
vn -0.0370 0.8726 0.4871
vn -0.3055 0.7917 0.5291
vn -0.1586 0.9037 0.3977
vn -0.4145 0.7928 0.4469
vn -0.2842 0.9087 0.3058
vn -0.5227 0.7709 0.3640
vn -0.4088 0.8874 0.2132
vn -0.6257 0.7273 0.2821
vn -0.5276 0.8406 0.1223
vn -0.7198 0.6638 0.2032
vn -0.6361 0.7708 0.0350
vn -0.8017 0.5836 0.1290
vn -0.7307 0.6812 -0.0464
vn -0.8693 0.4904 0.0614
vn -0.8085 0.5760 -0.1202
vn -0.9216 0.3882 0.0016
vn -0.8686 0.4599 -0.1846
vn -0.9586 0.2805 -0.0491
vn -0.9107 0.3371 -0.2385
vn -0.9813 0.1705 -0.0898
vn -0.9361 0.2113 -0.2812
vn -0.9910 0.0605 -0.1198
vn -0.9462 0.0851 -0.3121
vn -0.9884 -0.0552 -0.1416
vn -0.9421 -0.0487 -0.3318
vn -0.3948 0.8719 -0.2898
vn -0.2721 0.9419 -0.1972
vn -0.1388 0.9853 -0.0998
vn -0.6620 0.5418 -0.5179
vn -0.5922 0.6672 -0.4519
vn -0.5025 0.7788 -0.3753
vn -0.7534 0.1265 -0.6453
vn -0.7416 0.2679 -0.6150
vn -0.7116 0.4073 -0.5725
vn 0.1388 0.9853 0.0998
vn 0.2721 0.9419 0.1972
vn 0.3948 0.8719 0.2898
vn 0.5026 0.7788 0.3753
vn 0.5922 0.6672 0.4519
vn 0.6620 0.5418 0.5179
vn 0.7116 0.4073 0.5725
vn 0.7416 0.2679 0.6150
vn 0.7534 0.1265 0.6453
vn 0.7486 -0.0257 0.6626
vn 0.3751 -0.0937 0.9222
vn 0.1483 -0.0708 0.9864
vn 0.7162 -0.1264 0.6864
vn 0.2986 -0.1254 0.9461
vn 0.0542 -0.0976 0.9938
vn 0.6605 -0.1538 0.7349
vn 0.2126 -0.1251 0.9691
vn -0.0494 -0.0981 0.9939
vn 0.5949 -0.1492 0.7898
vn 0.1263 -0.1279 0.9837
vn -0.1503 -0.1018 0.9834
vn 0.5244 -0.1476 0.8386
vn 0.0410 -0.1126 0.9928
vn -0.2452 -0.0882 0.9654
vn 0.4512 -0.1257 0.8835
vn -0.0403 -0.0905 0.9951
vn -0.3273 -0.0747 0.9420
vn 0.3814 -0.0983 0.9192
vn -0.7486 -0.0257 -0.6626
vn -0.7162 -0.1264 -0.6864
vn -0.9174 -0.1350 -0.3744
vn -0.9735 -0.1318 -0.1871
vn -0.8852 -0.1558 -0.4384
vn -0.9579 -0.1479 -0.2460
vn -0.6605 -0.1538 -0.7349
vn -0.8463 -0.1473 -0.5119
vn -0.9399 -0.1371 -0.3127
vn -0.5949 -0.1492 -0.7898
vn -0.8009 -0.1415 -0.5819
vn -0.9171 -0.1282 -0.3776
vn -0.5244 -0.1476 -0.8386
vn -0.7531 -0.1161 -0.6476
vn -0.8924 -0.1015 -0.4398
vn -0.4512 -0.1257 -0.8835
vn -0.7070 -0.0910 -0.7014
vn -0.8658 -0.0795 -0.4940
vn -0.3814 -0.0983 -0.9192
vn -0.7194 0.0845 0.6895
vn -0.7015 0.0875 0.7072
vn -0.7416 0.0448 0.6694
vn -0.6861 0.0915 0.7217
vn -0.6741 0.0957 0.7324
vn -0.6662 0.0992 0.7391
vn -0.6627 0.1011 0.7420
vn -0.6636 0.1005 0.7413
vn -0.6684 0.0967 0.7375
vn -0.6765 0.0891 0.7311
vn -0.6869 0.0776 0.7226
vn -0.6987 0.0622 0.7127
vn -0.7106 0.0435 0.7022
vn -0.7218 0.0222 0.6918
vn -0.7313 -0.0004 0.6820
vn -0.7387 -0.0229 0.6736
vn -0.7439 -0.0439 0.6669
vn -0.7469 -0.0620 0.6621
vn -0.7482 -0.0759 0.6591
vn -0.7485 -0.0847 0.6577
vn -0.7486 -0.0865 0.6574
vn -0.7801 -0.0493 0.6238
vn -0.7756 0.0775 0.6264
vn -0.8170 0.0260 0.5761
vn -0.8196 -0.0726 0.5683
vn -0.8494 -0.0306 0.5269
vn -0.8735 0.0448 0.4847
vn -0.8893 -0.0184 0.4569
vn -0.9073 0.0353 0.4190
vn -0.9223 -0.0047 0.3863
vn -0.9335 0.0248 0.3578
vn -0.9450 0.0107 0.3269
vn -0.9524 0.0246 0.3038
vn -0.4152 0.1489 -0.8975
vn -0.1914 0.1456 -0.9707
vn -0.4084 0.0041 -0.9128
vn -0.1851 0.0165 -0.9826
vn -0.1841 0.2628 -0.9471
vn -0.4048 0.2819 -0.8699
vn -0.1597 0.3755 -0.9130
vn -0.3758 0.4106 -0.8308
vn -0.1182 0.4809 -0.8688
vn -0.3279 0.5321 -0.7806
vn -0.0599 0.5760 -0.8153
vn -0.2610 0.6429 -0.7201
vn 0.0140 0.6576 -0.7533
vn -0.1764 0.7392 -0.6500
vn 0.1015 0.7224 -0.6839
vn -0.0759 0.8169 -0.5718
vn 0.1998 0.7678 -0.6087
vn 0.0371 0.8726 -0.4871
vn 0.3055 0.7917 -0.5291
vn 0.1586 0.9037 -0.3977
vn 0.4145 0.7928 -0.4469
vn 0.2842 0.9087 -0.3058
vn 0.5227 0.7710 -0.3640
vn 0.4088 0.8874 -0.2132
vn 0.6257 0.7273 -0.2821
vn 0.5276 0.8406 -0.1223
vn 0.7198 0.6638 -0.2032
vn 0.6361 0.7708 -0.0350
vn 0.8017 0.5836 -0.1290
vn 0.7307 0.6812 0.0464
vn 0.8693 0.4904 -0.0613
vn 0.8085 0.5760 0.1202
vn 0.9216 0.3882 -0.0016
vn 0.8686 0.4599 0.1846
vn 0.9586 0.2805 0.0491
vn 0.9107 0.3371 0.2385
vn 0.9813 0.1705 0.0898
vn 0.9361 0.2113 0.2812
vn 0.9909 0.0605 0.1198
vn 0.9462 0.0851 0.3121
vn 0.9884 -0.0552 0.1416
vn 0.9421 -0.0487 0.3318
vn 0.5025 0.7788 0.3753
vn -0.2720 0.9419 -0.1972
vn -0.5025 0.7788 -0.3754
vn -0.3751 -0.0937 -0.9222
vn -0.1483 -0.0708 -0.9864
vn -0.2986 -0.1254 -0.9461
vn -0.0541 -0.0976 -0.9938
vn -0.2126 -0.1251 -0.9691
vn 0.0495 -0.0981 -0.9939
vn -0.1263 -0.1279 -0.9837
vn 0.1503 -0.1018 -0.9834
vn -0.0410 -0.1126 -0.9928
vn 0.2452 -0.0882 -0.9654
vn 0.0403 -0.0905 -0.9951
vn 0.3273 -0.0747 -0.9420
vn 0.9174 -0.1350 0.3744
vn 0.9735 -0.1318 0.1871
vn 0.8852 -0.1558 0.4384
vn 0.9579 -0.1479 0.2460
vn 0.8463 -0.1473 0.5119
vn 0.9399 -0.1371 0.3127
vn 0.8009 -0.1415 0.5819
vn 0.9171 -0.1282 0.3776
vn 0.7531 -0.1161 0.6476
vn 0.8924 -0.1015 0.4398
vn 0.7069 -0.0910 0.7014
vn 0.8658 -0.0795 0.4940
vn 0.7194 0.0845 -0.6895
vn 0.7016 0.0875 -0.7072
vn 0.7416 0.0448 -0.6694
vn 0.6861 0.0915 -0.7217
vn 0.6742 0.0957 -0.7324
vn 0.6662 0.0992 -0.7391
vn 0.6627 0.1011 -0.7420
vn 0.6636 0.1005 -0.7413
vn 0.6684 0.0966 -0.7375
vn 0.6765 0.0891 -0.7311
vn 0.6869 0.0776 -0.7226
vn 0.6987 0.0622 -0.7127
vn 0.7106 0.0435 -0.7022
vn 0.7218 0.0222 -0.6918
vn 0.7313 -0.0004 -0.6820
vn 0.7387 -0.0229 -0.6736
vn 0.7439 -0.0439 -0.6669
vn 0.7469 -0.0620 -0.6621
vn 0.7482 -0.0759 -0.6591
vn 0.7485 -0.0847 -0.6577
vn 0.7486 -0.0865 -0.6574
vn 0.7801 -0.0493 -0.6238
vn 0.7756 0.0775 -0.6264
vn 0.8170 0.0260 -0.5761
vn 0.8196 -0.0726 -0.5683
vn 0.8494 -0.0306 -0.5269
vn 0.8735 0.0448 -0.4847
vn 0.8893 -0.0184 -0.4569
vn 0.9073 0.0353 -0.4190
vn 0.9223 -0.0047 -0.3863
vn 0.9335 0.0248 -0.3578
vn 0.9450 0.0107 -0.3269
vn 0.9524 0.0246 -0.3038
vn -0.4152 -0.1489 0.8975
vn -0.1914 -0.1456 0.9707
vn -0.4084 -0.0041 0.9128
vn -0.1851 -0.0165 0.9826
vn -0.1841 -0.2628 0.9471
vn -0.4048 -0.2819 0.8699
vn -0.1598 -0.3755 0.9130
vn -0.3758 -0.4106 0.8308
vn -0.1182 -0.4809 0.8688
vn -0.3279 -0.5321 0.7806
vn -0.0599 -0.5760 0.8153
vn -0.2610 -0.6429 0.7201
vn 0.0140 -0.6576 0.7533
vn -0.1764 -0.7392 0.6500
vn 0.1015 -0.7225 0.6839
vn -0.0759 -0.8169 0.5718
vn 0.1998 -0.7679 0.6087
vn 0.0371 -0.8726 0.4871
vn 0.3055 -0.7917 0.5291
vn 0.1586 -0.9037 0.3977
vn 0.4145 -0.7928 0.4469
vn 0.2842 -0.9087 0.3057
vn 0.5227 -0.7709 0.3640
vn 0.4088 -0.8874 0.2132
vn 0.6257 -0.7273 0.2821
vn 0.5276 -0.8406 0.1223
vn 0.7198 -0.6638 0.2032
vn 0.6361 -0.7708 0.0350
vn 0.8017 -0.5836 0.1290
vn 0.7307 -0.6812 -0.0464
vn 0.8693 -0.4904 0.0613
vn 0.8085 -0.5760 -0.1202
vn 0.9216 -0.3882 0.0016
vn 0.8686 -0.4599 -0.1846
vn 0.9586 -0.2805 -0.0491
vn 0.9107 -0.3371 -0.2385
vn 0.9813 -0.1705 -0.0898
vn 0.9361 -0.2113 -0.2812
vn 0.9910 -0.0605 -0.1198
vn 0.9462 -0.0851 -0.3121
vn 0.9884 0.0552 -0.1416
vn 0.9421 0.0487 -0.3318
vn 0.3947 -0.8719 -0.2898
vn 0.2721 -0.9419 -0.1972
vn 0.1388 -0.9853 -0.0998
vn 0.6620 -0.5418 -0.5179
vn 0.5922 -0.6672 -0.4519
vn 0.5025 -0.7788 -0.3753
vn 0.7534 -0.1265 -0.6453
vn 0.7416 -0.2679 -0.6150
vn 0.7116 -0.4073 -0.5725
vn -0.1388 -0.9853 0.0998
vn -0.2720 -0.9419 0.1972
vn -0.3948 -0.8719 0.2898
vn -0.5025 -0.7788 0.3753
vn -0.5922 -0.6672 0.4519
vn -0.6620 -0.5418 0.5179
vn -0.7116 -0.4073 0.5725
vn -0.7416 -0.2679 0.6150
vn -0.7534 -0.1265 0.6453
vn -0.7486 0.0257 0.6626
vn -0.3751 0.0937 0.9222
vn -0.1483 0.0708 0.9864
vn -0.7162 0.1264 0.6864
vn -0.2986 0.1254 0.9461
vn -0.0542 0.0976 0.9938
vn -0.6605 0.1538 0.7349
vn -0.2126 0.1251 0.9691
vn 0.0494 0.0981 0.9939
vn -0.5949 0.1492 0.7898
vn -0.1263 0.1279 0.9837
vn 0.1503 0.1018 0.9834
vn -0.5244 0.1476 0.8386
vn -0.0410 0.1126 0.9928
vn 0.2452 0.0882 0.9654
vn -0.4512 0.1257 0.8835
vn 0.0403 0.0905 0.9951
vn 0.3273 0.0747 0.9420
vn -0.3814 0.0983 0.9192
vn 0.7486 0.0257 -0.6626
vn 0.7162 0.1264 -0.6864
vn 0.9174 0.1350 -0.3744
vn 0.9735 0.1318 -0.1871
vn 0.8852 0.1558 -0.4384
vn 0.9579 0.1479 -0.2460
vn 0.6605 0.1538 -0.7349
vn 0.8463 0.1473 -0.5119
vn 0.9399 0.1371 -0.3127
vn 0.5949 0.1492 -0.7898
vn 0.8009 0.1415 -0.5819
vn 0.9171 0.1282 -0.3776
vn 0.5244 0.1476 -0.8386
vn 0.7531 0.1161 -0.6476
vn 0.8924 0.1015 -0.4398
vn 0.4512 0.1257 -0.8835
vn 0.7070 0.0910 -0.7014
vn 0.8658 0.0795 -0.4940
vn 0.3814 0.0983 -0.9192
vn 0.7194 -0.0845 0.6895
vn 0.7015 -0.0875 0.7072
vn 0.7416 -0.0448 0.6694
vn 0.6861 -0.0915 0.7217
vn 0.6741 -0.0957 0.7324
vn 0.6662 -0.0992 0.7391
vn 0.6627 -0.1011 0.7420
vn 0.6636 -0.1005 0.7413
vn 0.6684 -0.0967 0.7375
vn 0.6765 -0.0891 0.7311
vn 0.6869 -0.0776 0.7226
vn 0.6987 -0.0622 0.7127
vn 0.7106 -0.0435 0.7022
vn 0.7218 -0.0222 0.6918
vn 0.7313 0.0004 0.6820
vn 0.7387 0.0229 0.6736
vn 0.7439 0.0439 0.6669
vn 0.7469 0.0620 0.6621
vn 0.7482 0.0759 0.6591
vn 0.7485 0.0847 0.6577
vn 0.7486 0.0865 0.6574
vn 0.7801 0.0493 0.6238
vn 0.7756 -0.0775 0.6264
vn 0.8170 -0.0260 0.5761
vn 0.8196 0.0726 0.5683
vn 0.8494 0.0306 0.5269
vn 0.8735 -0.0448 0.4847
vn 0.8893 0.0184 0.4569
vn 0.9073 -0.0353 0.4190
vn 0.9223 0.0047 0.3863
vn 0.9335 -0.0248 0.3578
vn 0.9450 -0.0107 0.3269
vn 0.9524 -0.0246 0.3038
vn 0.4152 -0.1489 -0.8975
vn 0.1914 -0.1456 -0.9707
vn 0.4084 -0.0041 -0.9128
vn 0.1851 -0.0165 -0.9826
vn 0.1841 -0.2628 -0.9471
vn 0.4048 -0.2819 -0.8699
vn 0.1597 -0.3755 -0.9130
vn 0.3758 -0.4106 -0.8308
vn 0.1182 -0.4809 -0.8688
vn 0.3279 -0.5321 -0.7806
vn 0.0599 -0.5760 -0.8153
vn 0.2611 -0.6429 -0.7201
vn -0.0140 -0.6576 -0.7533
vn 0.1764 -0.7392 -0.6500
vn -0.1015 -0.7224 -0.6839
vn 0.0759 -0.8169 -0.5718
vn -0.1998 -0.7678 -0.6087
vn -0.0371 -0.8726 -0.4871
vn -0.3055 -0.7917 -0.5291
vn -0.1586 -0.9037 -0.3977
vn -0.4145 -0.7928 -0.4469
vn -0.2842 -0.9087 -0.3057
vn -0.5227 -0.7710 -0.3640
vn -0.4088 -0.8874 -0.2132
vn -0.6257 -0.7273 -0.2821
vn -0.5276 -0.8406 -0.1222
vn -0.7198 -0.6638 -0.2032
vn -0.6361 -0.7708 -0.0350
vn -0.8017 -0.5836 -0.1290
vn -0.7307 -0.6812 0.0464
vn -0.8693 -0.4904 -0.0614
vn -0.8085 -0.5760 0.1202
vn -0.9216 -0.3882 -0.0016
vn -0.8686 -0.4599 0.1846
vn -0.9586 -0.2805 0.0491
vn -0.9107 -0.3371 0.2385
vn -0.9813 -0.1705 0.0898
vn -0.9361 -0.2113 0.2812
vn -0.9910 -0.0605 0.1198
vn -0.9462 -0.0851 0.3121
vn -0.9884 0.0552 0.1416
vn -0.9421 0.0487 0.3318
vn -0.3947 -0.8719 0.2898
vn -0.2721 -0.9419 0.1972
vn 0.2720 -0.9419 -0.1972
vn 0.3948 -0.8719 -0.2898
vn 0.3751 0.0937 -0.9222
vn 0.1483 0.0708 -0.9864
vn 0.2986 0.1254 -0.9461
vn 0.0541 0.0976 -0.9938
vn 0.2126 0.1251 -0.9691
vn -0.0495 0.0981 -0.9939
vn 0.1263 0.1279 -0.9837
vn -0.1503 0.1018 -0.9834
vn 0.0410 0.1126 -0.9928
vn -0.2452 0.0882 -0.9654
vn -0.0403 0.0905 -0.9951
vn -0.3273 0.0747 -0.9420
vn -0.7486 0.0258 0.6626
vn -0.9174 0.1350 0.3744
vn -0.9735 0.1318 0.1871
vn -0.8852 0.1558 0.4384
vn -0.9579 0.1479 0.2460
vn -0.8463 0.1473 0.5119
vn -0.9399 0.1371 0.3127
vn -0.8009 0.1415 0.5819
vn -0.9171 0.1282 0.3776
vn -0.7531 0.1161 0.6476
vn -0.8924 0.1015 0.4398
vn -0.7069 0.0910 0.7014
vn -0.8658 0.0795 0.4940
vn -0.7194 -0.0845 -0.6895
vn -0.7016 -0.0875 -0.7072
vn -0.7416 -0.0448 -0.6694
vn -0.6861 -0.0915 -0.7217
vn -0.6742 -0.0957 -0.7324
vn -0.6662 -0.0992 -0.7391
vn -0.6627 -0.1011 -0.7420
vn -0.6636 -0.1005 -0.7413
vn -0.6684 -0.0966 -0.7375
vn -0.6765 -0.0891 -0.7311
vn -0.6869 -0.0776 -0.7226
vn -0.6987 -0.0622 -0.7127
vn -0.7106 -0.0435 -0.7022
vn -0.7218 -0.0222 -0.6918
vn -0.7313 0.0004 -0.6820
vn -0.7387 0.0229 -0.6736
vn -0.7439 0.0439 -0.6669
vn -0.7469 0.0620 -0.6621
vn -0.7482 0.0759 -0.6591
vn -0.7485 0.0847 -0.6577
vn -0.7486 0.0865 -0.6574
vn -0.7801 0.0493 -0.6238
vn -0.7756 -0.0775 -0.6264
vn -0.8170 -0.0260 -0.5761
vn -0.8196 0.0726 -0.5683
vn -0.8494 0.0306 -0.5269
vn -0.8735 -0.0448 -0.4847
vn -0.8893 0.0184 -0.4569
vn -0.9073 -0.0353 -0.4190
vn -0.9223 0.0047 -0.3863
vn -0.9335 -0.0248 -0.3578
vn -0.9450 -0.0107 -0.3269
vn -0.9524 -0.0246 -0.3038
vt 0.931242 0.089239
vt 0.925746 0.088368
vt 0.931242 0.071453
vt 0.920788 0.085842
vt 0.916853 0.081907
vt 0.914327 0.076949
vt 0.913456 0.071453
vt 0.914327 0.065957
vt 0.916853 0.060998
vt 0.920788 0.057064
vt 0.925746 0.054537
vt 0.931242 0.053667
vt 0.936738 0.054537
vt 0.941697 0.057064
vt 0.945631 0.060998
vt 0.948158 0.065957
vt 0.949028 0.071453
vt 0.920788 0.103628
vt 0.911357 0.098823
vt 0.903872 0.091338
vt 0.899067 0.081907
vt 0.897411 0.071453
vt 0.899067 0.060998
vt 0.903872 0.051567
vt 0.911357 0.044083
vt 0.920788 0.039278
vt 0.931242 0.037622
vt 0.941697 0.039278
vt 0.951128 0.044083
vt 0.958612 0.051567
vt 0.963417 0.060998
vt 0.965073 0.071453
vt 0.963417 0.081907
vt 0.948158 0.076949
vt 0.945631 0.081907
vt 0.941696 0.085842
vt 0.936738 0.088368
vt 0.958612 0.091338
vt 0.951128 0.098823
vt 0.941696 0.103628
vt 0.931242 0.105284
vt 0.916853 0.115738
vt 0.931242 0.118017
vt 0.903872 0.109124
vt 0.893571 0.098823
vt 0.886957 0.085842
vt 0.884678 0.071453
vt 0.886957 0.057064
vt 0.893571 0.044083
vt 0.903872 0.033781
vt 0.916853 0.027167
vt 0.931242 0.024888
vt 0.945631 0.027167
vt 0.958612 0.033781
vt 0.968914 0.044083
vt 0.975528 0.057064
vt 0.977807 0.071453
vt 0.975528 0.085842
vt 0.968914 0.098823
vt 0.958612 0.109124
vt 0.945631 0.115738
vt 0.652449 0.529588
vt 0.642010 0.529588
vt 0.652449 0.516855
vt 0.642010 0.516855
vt 0.662888 0.516855
vt 0.662888 0.529588
vt 0.673327 0.516855
vt 0.673327 0.529588
vt 0.683765 0.516855
vt 0.683765 0.529588
vt 0.694204 0.516855
vt 0.694204 0.529588
vt 0.704643 0.516855
vt 0.704643 0.529588
vt 0.715082 0.516855
vt 0.715082 0.529588
vt 0.725521 0.516855
vt 0.725521 0.529588
vt 0.735959 0.516855
vt 0.735959 0.529588
vt 0.746398 0.516855
vt 0.746398 0.529588
vt 0.756837 0.516855
vt 0.756837 0.529588
vt 0.767276 0.516855
vt 0.767276 0.529588
vt 0.777715 0.516855
vt 0.777715 0.529588
vt 0.788153 0.516855
vt 0.788153 0.529588
vt 0.798592 0.516855
vt 0.798592 0.529588
vt 0.809031 0.516855
vt 0.809031 0.529588
vt 0.819470 0.516855
vt 0.819470 0.529588
vt 0.829909 0.516855
vt 0.829909 0.529588
vt 0.840348 0.516855
vt 0.840348 0.529588
vt 0.850786 0.516855
vt 0.850786 0.529588
vt 0.788153 0.465168
vt 0.777715 0.465168
vt 0.767276 0.465168
vt 0.756837 0.465168
vt 0.746398 0.465168
vt 0.735959 0.465168
vt 0.725521 0.465168
vt 0.715082 0.465168
vt 0.704643 0.465168
vt 0.694204 0.465168
vt 0.683765 0.465168
vt 0.673327 0.465168
vt 0.662888 0.465168
vt 0.652449 0.465168
vt 0.642010 0.465168
vt 0.798592 0.465168
vt 0.809031 0.465168
vt 0.819470 0.465168
vt 0.829909 0.465168
vt 0.840348 0.465168
vt 0.850786 0.465168
vt 0.980155 0.654262
vt 0.976960 0.653643
vt 0.980882 0.642985
vt 0.977646 0.642985
vt 0.974918 0.664039
vt 0.977995 0.665262
vt 0.971571 0.673917
vt 0.974454 0.675713
vt 0.967001 0.683033
vt 0.969618 0.685358
vt 0.961320 0.691163
vt 0.963608 0.693960
vt 0.954669 0.698106
vt 0.956571 0.701306
vt 0.947212 0.703693
vt 0.948681 0.707217
vt 0.939131 0.707784
vt 0.940131 0.711546
vt 0.930626 0.710280
vt 0.931132 0.714186
vt 0.921907 0.711119
vt 0.921907 0.715074
vt 0.913187 0.710280
vt 0.912681 0.714186
vt 0.904682 0.707784
vt 0.903683 0.711546
vt 0.896602 0.703693
vt 0.895133 0.707217
vt 0.889144 0.698106
vt 0.887242 0.701306
vt 0.882493 0.691163
vt 0.880205 0.693960
vt 0.876813 0.683033
vt 0.874195 0.685358
vt 0.872243 0.673917
vt 0.869360 0.675713
vt 0.868896 0.664039
vt 0.865818 0.665262
vt 0.866854 0.653643
vt 0.863658 0.654262
vt 0.866168 0.642985
vt 0.862932 0.642985
vt 0.894615 0.708460
vt 0.903330 0.712872
vt 0.912503 0.715564
vt 0.873272 0.686178
vt 0.879398 0.694946
vt 0.886571 0.702435
vt 0.862531 0.654480
vt 0.864733 0.665693
vt 0.868343 0.676346
vt 0.921907 0.716469
vt 0.931311 0.715564
vt 0.940484 0.712872
vt 0.949199 0.708460
vt 0.957242 0.702435
vt 0.964415 0.694946
vt 0.970542 0.686178
vt 0.975470 0.676346
vt 0.979080 0.665693
vt 0.981283 0.654480
vt 0.982023 0.642985
vt 0.978616 0.613353
vt 0.975446 0.613353
vt 0.979650 0.613353
vt 0.971464 0.560825
vt 0.968253 0.560825
vt 0.972422 0.560825
vt 0.963491 0.502265
vt 0.960234 0.502265
vt 0.964364 0.502265
vt 0.955621 0.444455
vt 0.952318 0.444455
vt 0.956410 0.444455
vt 0.947851 0.387393
vt 0.944504 0.387393
vt 0.948558 0.387393
vt 0.940625 0.334313
vt 0.937235 0.334313
vt 0.941255 0.334313
vt 0.861791 0.642985
vt 0.864164 0.613353
vt 0.865197 0.613353
vt 0.868368 0.613353
vt 0.872349 0.560825
vt 0.875561 0.560825
vt 0.871392 0.560825
vt 0.880322 0.502265
vt 0.883580 0.502265
vt 0.879449 0.502265
vt 0.888193 0.444455
vt 0.891496 0.444455
vt 0.887404 0.444455
vt 0.895962 0.387393
vt 0.899310 0.387393
vt 0.895255 0.387393
vt 0.903189 0.334313
vt 0.906579 0.334313
vt 0.902559 0.334313
vt 0.863658 0.654262
vt 0.862932 0.642985
vt 0.866168 0.642985
vt 0.865819 0.665262
vt 0.872243 0.673917
vt 0.876813 0.683033
vt 0.895133 0.707217
vt 0.904682 0.707784
vt 0.921907 0.715074
vt 0.948681 0.707217
vt 0.967001 0.683033
vt 0.971571 0.673917
vt 0.980155 0.654262
s 1
usemtl Airplane9_01
f 2358/1393/1690 2357/1394/1691 2356/1395/1692
f 2357/1394/1691 2359/1396/1693 2356/1395/1692
f 2359/1396/1693 2360/1397/1694 2356/1395/1692
f 2360/1397/1694 2361/1398/1695 2356/1395/1692
f 2361/1398/1695 2362/1399/1696 2356/1395/1692
f 2362/1399/1696 2363/1400/1697 2356/1395/1692
f 2363/1400/1697 2364/1401/1698 2356/1395/1692
f 2364/1401/1698 2365/1402/1699 2356/1395/1692
f 2365/1402/1699 2366/1403/1700 2356/1395/1692
f 2366/1403/1700 2367/1404/1701 2356/1395/1692
f 2367/1404/1701 2368/1405/1702 2356/1395/1692
f 2368/1405/1702 2369/1406/1703 2356/1395/1692
f 2369/1406/1703 2370/1407/1704 2356/1395/1692
f 2370/1407/1704 2371/1408/1705 2356/1395/1692
f 2371/1408/1705 2372/1409/1706 2356/1395/1692
f 2357/1394/1691 2358/1393/1690 2373/1410/1707
f 2359/1396/1693 2357/1394/1691 2374/1411/1708
f 2373/1410/1707 2374/1411/1708 2357/1394/1691
f 2374/1411/1708 2375/1412/1709 2359/1396/1693
f 2360/1397/1694 2359/1396/1693 2375/1412/1709
f 2375/1412/1709 2376/1413/1710 2360/1397/1694
f 2361/1398/1695 2360/1397/1694 2376/1413/1710
f 2376/1413/1710 2377/1414/1711 2361/1398/1695
f 2362/1399/1696 2361/1398/1695 2377/1414/1711
f 2377/1414/1711 2378/1415/1712 2362/1399/1696
f 2363/1400/1697 2362/1399/1696 2378/1415/1712
f 2378/1415/1712 2379/1416/1713 2363/1400/1697
f 2364/1401/1698 2363/1400/1697 2379/1416/1713
f 2379/1416/1713 2380/1417/1714 2364/1401/1698
f 2365/1402/1699 2364/1401/1698 2380/1417/1714
f 2380/1417/1714 2381/1418/1715 2365/1402/1699
f 2366/1403/1700 2365/1402/1699 2381/1418/1715
f 2381/1418/1715 2382/1419/1716 2366/1403/1700
f 2367/1404/1701 2366/1403/1700 2382/1419/1716
f 2382/1419/1716 2383/1420/1717 2367/1404/1701
f 2368/1405/1702 2367/1404/1701 2383/1420/1717
f 2383/1420/1717 2384/1421/1718 2368/1405/1702
f 2369/1406/1703 2368/1405/1702 2384/1421/1718
f 2384/1421/1718 2385/1422/1719 2369/1406/1703
f 2370/1407/1704 2369/1406/1703 2385/1422/1719
f 2385/1422/1719 2386/1423/1720 2370/1407/1704
f 2371/1408/1705 2370/1407/1704 2386/1423/1720
f 2386/1423/1720 2387/1424/1721 2371/1408/1705
f 2372/1409/1706 2371/1408/1705 2387/1424/1721
f 2387/1424/1721 2388/1425/1722 2372/1409/1706
f 2389/1426/1723 2372/1409/1706 2388/1425/1722
f 2372/1409/1706 2389/1426/1723 2356/1395/1692
f 2389/1426/1723 2390/1427/1724 2356/1395/1692
f 2390/1427/1724 2391/1428/1725 2356/1395/1692
f 2391/1428/1725 2392/1429/1726 2356/1395/1692
f 2392/1429/1726 2358/1393/1690 2356/1395/1692
f 2390/1427/1724 2389/1426/1723 2393/1430/1727
f 2388/1425/1722 2393/1430/1727 2389/1426/1723
f 2391/1428/1725 2390/1427/1724 2394/1431/1728
f 2393/1430/1727 2394/1431/1728 2390/1427/1724
f 2392/1429/1726 2391/1428/1725 2395/1432/1729
f 2394/1431/1728 2395/1432/1729 2391/1428/1725
f 2358/1393/1690 2392/1429/1726 2396/1433/1730
f 2395/1432/1729 2396/1433/1730 2392/1429/1726
f 2396/1433/1730 2373/1410/1707 2358/1393/1690
f 2373/1410/1707 2396/1433/1730 2397/1434/1731
f 2398/1435/1732 2397/1434/1731 2396/1433/1730
f 2396/1433/1730 2395/1432/1729 2398/1435/1732
f 2397/1434/1731 2399/1436/1733 2373/1410/1707
f 2374/1411/1708 2373/1410/1707 2399/1436/1733
f 2399/1436/1733 2400/1437/1734 2374/1411/1708
f 2375/1412/1709 2374/1411/1708 2400/1437/1734
f 2400/1437/1734 2401/1438/1735 2375/1412/1709
f 2376/1413/1710 2375/1412/1709 2401/1438/1735
f 2401/1438/1735 2402/1439/1736 2376/1413/1710
f 2377/1414/1711 2376/1413/1710 2402/1439/1736
f 2402/1439/1736 2403/1440/1737 2377/1414/1711
f 2378/1415/1712 2377/1414/1711 2403/1440/1737
f 2403/1440/1737 2404/1441/1738 2378/1415/1712
f 2379/1416/1713 2378/1415/1712 2404/1441/1738
f 2404/1441/1738 2405/1442/1739 2379/1416/1713
f 2380/1417/1714 2379/1416/1713 2405/1442/1739
f 2405/1442/1739 2406/1443/1740 2380/1417/1714
f 2381/1418/1715 2380/1417/1714 2406/1443/1740
f 2406/1443/1740 2407/1444/1741 2381/1418/1715
f 2382/1419/1716 2381/1418/1715 2407/1444/1741
f 2407/1444/1741 2408/1445/1742 2382/1419/1716
f 2383/1420/1717 2382/1419/1716 2408/1445/1742
f 2408/1445/1742 2409/1446/1743 2383/1420/1717
f 2384/1421/1718 2383/1420/1717 2409/1446/1743
f 2409/1446/1743 2410/1447/1744 2384/1421/1718
f 2385/1422/1719 2384/1421/1718 2410/1447/1744
f 2410/1447/1744 2411/1448/1745 2385/1422/1719
f 2386/1423/1720 2385/1422/1719 2411/1448/1745
f 2411/1448/1745 2412/1449/1746 2386/1423/1720
f 2387/1424/1721 2386/1423/1720 2412/1449/1746
f 2412/1449/1746 2413/1450/1747 2387/1424/1721
f 2388/1425/1722 2387/1424/1721 2413/1450/1747
f 2413/1450/1747 2414/1451/1748 2388/1425/1722
f 2393/1430/1727 2388/1425/1722 2414/1451/1748
f 2414/1451/1748 2415/1452/1749 2393/1430/1727
f 2394/1431/1728 2393/1430/1727 2415/1452/1749
f 2415/1452/1749 2416/1453/1750 2394/1431/1728
f 2395/1432/1729 2394/1431/1728 2416/1453/1750
f 2416/1453/1750 2398/1435/1732 2395/1432/1729
f 2419/1454/1751 2418/1455/1732 2417/1456/1752
f 2420/1457/1753 2417/1456/1752 2418/1455/1732
f 2417/1456/1752 2421/1458/1754 2419/1454/1751
f 2422/1459/1733 2419/1454/1751 2421/1458/1754
f 2421/1458/1754 2423/1460/1755 2422/1459/1733
f 2424/1461/1734 2422/1459/1733 2423/1460/1755
f 2423/1460/1755 2425/1462/1756 2424/1461/1734
f 2426/1463/1757 2424/1461/1734 2425/1462/1756
f 2425/1462/1756 2427/1464/1758 2426/1463/1757
f 2428/1465/1736 2426/1463/1757 2427/1464/1758
f 2427/1464/1758 2429/1466/1759 2428/1465/1736
f 2430/1467/1760 2428/1465/1736 2429/1466/1759
f 2429/1466/1759 2431/1468/1761 2430/1467/1760
f 2432/1469/1738 2430/1467/1760 2431/1468/1761
f 2431/1468/1761 2433/1470/1762 2432/1469/1738
f 2434/1471/1739 2432/1469/1738 2433/1470/1762
f 2433/1470/1762 2435/1472/1763 2434/1471/1739
f 2436/1473/1764 2434/1471/1739 2435/1472/1763
f 2435/1472/1763 2437/1474/1765 2436/1473/1764
f 2438/1475/1741 2436/1473/1764 2437/1474/1765
f 2437/1474/1765 2439/1476/1766 2438/1475/1741
f 2440/1477/1767 2438/1475/1741 2439/1476/1766
f 2439/1476/1766 2441/1478/1768 2440/1477/1767
f 2442/1479/1743 2440/1477/1767 2441/1478/1768
f 2441/1478/1768 2443/1480/1769 2442/1479/1743
f 2444/1481/1744 2442/1479/1743 2443/1480/1769
f 2443/1480/1769 2445/1482/1770 2444/1481/1744
f 2446/1483/1771 2444/1481/1744 2445/1482/1770
f 2445/1482/1770 2447/1484/1772 2446/1483/1771
f 2448/1485/1746 2446/1483/1771 2447/1484/1772
f 2447/1484/1772 2449/1486/1773 2448/1485/1746
f 2450/1487/1774 2448/1485/1746 2449/1486/1773
f 2449/1486/1773 2451/1488/1775 2450/1487/1774
f 2452/1489/1748 2450/1487/1774 2451/1488/1775
f 2451/1488/1775 2453/1490/1776 2452/1489/1748
f 2454/1491/1749 2452/1489/1748 2453/1490/1776
f 2453/1490/1776 2455/1492/1777 2454/1491/1749
f 2456/1493/1778 2454/1491/1749 2455/1492/1777
f 2455/1492/1777 2457/1494/1753 2456/1493/1778
f 2458/1495/1732 2456/1493/1778 2457/1494/1753
f 2445/1482/1770 2443/1480/1769 2459/1496/1779
f 2460/1497/1780 2459/1496/1779 2443/1480/1769
f 2443/1480/1769 2441/1478/1768 2460/1497/1780
f 2461/1498/1781 2460/1497/1780 2441/1478/1768
f 2441/1478/1768 2439/1476/1766 2461/1498/1781
f 2462/1499/1782 2461/1498/1781 2439/1476/1766
f 2439/1476/1766 2437/1474/1765 2462/1499/1782
f 2463/1500/1783 2462/1499/1782 2437/1474/1765
f 2437/1474/1765 2435/1472/1763 2463/1500/1783
f 2464/1501/1784 2463/1500/1783 2435/1472/1763
f 2435/1472/1763 2433/1470/1762 2464/1501/1784
f 2465/1502/1785 2464/1501/1784 2433/1470/1762
f 2433/1470/1762 2431/1468/1761 2465/1502/1785
f 2466/1503/1786 2465/1502/1785 2431/1468/1761
f 2431/1468/1761 2429/1466/1759 2466/1503/1786
f 2467/1504/1787 2466/1503/1786 2429/1466/1759
f 2429/1466/1759 2427/1464/1758 2467/1504/1787
f 2468/1505/1788 2467/1504/1787 2427/1464/1758
f 2427/1464/1758 2425/1462/1756 2468/1505/1788
f 2469/1506/1789 2468/1505/1788 2425/1462/1756
f 2425/1462/1756 2423/1460/1755 2469/1506/1789
f 2470/1507/1790 2469/1506/1789 2423/1460/1755
f 2423/1460/1755 2421/1458/1754 2470/1507/1790
f 2471/1508/1791 2470/1507/1790 2421/1458/1754
f 2421/1458/1754 2417/1456/1752 2471/1508/1791
f 2472/1509/1792 2471/1508/1791 2417/1456/1752
f 2417/1456/1752 2420/1457/1753 2472/1509/1792
f 2473/1510/1793 2472/1509/1792 2420/1457/1753
f 2473/1510/1793 2475/1510/1794 2474/1509/1792
f 2476/1509/1795 2474/1509/1792 2475/1510/1794
f 2474/1509/1792 2476/1509/1795 2477/1508/1791
f 2478/1508/1796 2477/1508/1791 2476/1509/1795
f 2477/1508/1791 2478/1508/1796 2479/1507/1790
f 2480/1507/1797 2479/1507/1790 2478/1508/1796
f 2479/1507/1790 2480/1507/1797 2481/1506/1789
f 2482/1506/1798 2481/1506/1789 2480/1507/1797
f 2481/1506/1789 2482/1506/1798 2483/1505/1788
f 2484/1505/1799 2483/1505/1788 2482/1506/1798
f 2483/1505/1788 2484/1505/1799 2485/1504/1787
f 2486/1504/1800 2485/1504/1787 2484/1505/1799
f 2485/1504/1787 2486/1504/1800 2487/1503/1786
f 2488/1503/1801 2487/1503/1786 2486/1504/1800
f 2487/1503/1786 2488/1503/1801 2489/1502/1785
f 2490/1502/1802 2489/1502/1785 2488/1503/1801
f 2489/1502/1785 2490/1502/1802 2491/1501/1784
f 2492/1501/1803 2491/1501/1784 2490/1502/1802
f 2491/1501/1784 2492/1501/1803 2493/1500/1783
f 2494/1500/1804 2493/1500/1783 2492/1501/1803
f 2493/1500/1783 2494/1500/1804 2495/1499/1805
f 2496/1499/1806 2495/1499/1805 2494/1500/1804
f 2495/1499/1805 2496/1499/1806 2497/1498/1781
f 2498/1498/1807 2497/1498/1781 2496/1499/1806
f 2497/1498/1781 2498/1498/1807 2499/1497/1780
f 2500/1497/1808 2499/1497/1780 2498/1498/1807
f 2499/1497/1780 2500/1497/1808 2501/1496/1779
f 2502/1496/1809 2501/1496/1779 2500/1497/1808
f 2501/1496/1779 2502/1496/1809 2503/1511/1810
f 2504/1511/1811 2503/1511/1810 2502/1496/1809
f 2503/1511/1810 2504/1511/1811 2505/1512/1812
f 2506/1512/1813 2505/1512/1812 2504/1511/1811
f 2505/1512/1812 2506/1512/1813 2507/1513/1814
f 2508/1513/1815 2507/1513/1814 2506/1512/1813
f 2507/1513/1814 2508/1513/1815 2509/1514/1816
f 2510/1514/1817 2509/1514/1816 2508/1513/1815
f 2509/1514/1816 2510/1514/1817 2511/1515/1818
f 2512/1515/1819 2511/1515/1818 2510/1514/1817
f 2511/1515/1818 2512/1515/1819 2513/1516/1793
f 2514/1516/1794 2513/1516/1793 2512/1515/1819
f 2447/1484/1772 2445/1482/1770 2503/1511/1810
f 2459/1496/1779 2503/1511/1810 2445/1482/1770
f 2503/1511/1810 2515/1512/1812 2447/1484/1772
f 2449/1486/1773 2447/1484/1772 2515/1512/1812
f 2515/1512/1812 2516/1513/1814 2449/1486/1773
f 2451/1488/1775 2449/1486/1773 2516/1513/1814
f 2516/1513/1814 2517/1514/1816 2451/1488/1775
f 2453/1490/1776 2451/1488/1775 2517/1514/1816
f 2517/1514/1816 2518/1515/1818 2453/1490/1776
f 2455/1492/1777 2453/1490/1776 2518/1515/1818
f 2518/1515/1818 2513/1516/1793 2455/1492/1777
f 2457/1494/1753 2455/1492/1777 2513/1516/1793
f 2521/1517/1820 2520/1518/1821 2519/1519/1822
f 2522/1520/1823 2519/1519/1822 2520/1518/1821
f 2520/1518/1821 2521/1517/1820 2523/1521/1824
f 2524/1522/1825 2523/1521/1824 2521/1517/1820
f 2523/1521/1824 2524/1522/1825 2525/1523/1826
f 2526/1524/1827 2525/1523/1826 2524/1522/1825
f 2525/1523/1826 2526/1524/1827 2527/1525/1828
f 2528/1526/1829 2527/1525/1828 2526/1524/1827
f 2527/1525/1828 2528/1526/1829 2529/1527/1830
f 2530/1528/1831 2529/1527/1830 2528/1526/1829
f 2529/1527/1830 2530/1528/1831 2531/1529/1832
f 2532/1530/1833 2531/1529/1832 2530/1528/1831
f 2531/1529/1832 2532/1530/1833 2533/1531/1834
f 2534/1532/1835 2533/1531/1834 2532/1530/1833
f 2533/1531/1834 2534/1532/1835 2535/1533/1836
f 2536/1534/1837 2535/1533/1836 2534/1532/1835
f 2535/1533/1836 2536/1534/1837 2537/1535/1838
f 2538/1536/1839 2537/1535/1838 2536/1534/1837
f 2537/1535/1838 2538/1536/1839 2539/1537/1840
f 2540/1538/1841 2539/1537/1840 2538/1536/1839
f 2539/1537/1840 2540/1538/1841 2541/1539/1842
f 2542/1540/1843 2541/1539/1842 2540/1538/1841
f 2541/1539/1842 2542/1540/1843 2543/1541/1844
f 2544/1542/1845 2543/1541/1844 2542/1540/1843
f 2543/1541/1844 2544/1542/1845 2545/1543/1846
f 2546/1544/1847 2545/1543/1846 2544/1542/1845
f 2545/1543/1846 2546/1544/1847 2547/1545/1848
f 2548/1546/1849 2547/1545/1848 2546/1544/1847
f 2547/1545/1848 2548/1546/1849 2549/1547/1850
f 2550/1548/1851 2549/1547/1850 2548/1546/1849
f 2549/1547/1850 2550/1548/1851 2551/1549/1852
f 2552/1550/1853 2551/1549/1852 2550/1548/1851
f 2551/1549/1852 2552/1550/1853 2553/1551/1854
f 2554/1552/1855 2553/1551/1854 2552/1550/1853
f 2553/1551/1854 2554/1552/1855 2555/1553/1856
f 2556/1554/1857 2555/1553/1856 2554/1552/1855
f 2555/1553/1856 2556/1554/1857 2557/1555/1858
f 2558/1556/1859 2557/1555/1858 2556/1554/1857
f 2557/1555/1858 2558/1556/1859 2559/1557/1860
f 2560/1558/1861 2559/1557/1860 2558/1556/1859
f 2546/1544/1847 2561/1559/1862 2548/1546/1849
f 2561/1559/1862 2546/1544/1847 2562/1560/1863
f 2544/1542/1845 2562/1560/1863 2546/1544/1847
f 2562/1560/1863 2544/1542/1845 2563/1561/1864
f 2542/1540/1843 2563/1561/1864 2544/1542/1845
f 2552/1550/1853 2564/1562/1865 2554/1552/1855
f 2564/1562/1865 2552/1550/1853 2565/1563/1866
f 2550/1548/1851 2565/1563/1866 2552/1550/1853
f 2565/1563/1866 2550/1548/1851 2566/1564/1867
f 2566/1564/1867 2548/1546/1849 2561/1559/1862
f 2548/1546/1849 2566/1564/1867 2550/1548/1851
f 2558/1556/1859 2567/1565/1868 2560/1558/1861
f 2567/1565/1868 2558/1556/1859 2568/1566/1869
f 2556/1554/1857 2568/1566/1869 2558/1556/1859
f 2568/1566/1869 2556/1554/1857 2569/1567/1870
f 2569/1567/1870 2554/1552/1855 2564/1562/1865
f 2554/1552/1855 2569/1567/1870 2556/1554/1857
f 2540/1538/1841 2570/1568/1794 2542/1540/1843
f 2570/1568/1794 2540/1538/1841 2571/1569/1871
f 2538/1536/1839 2571/1569/1871 2540/1538/1841
f 2536/1534/1837 2572/1570/1872 2538/1536/1839
f 2572/1570/1872 2536/1534/1837 2573/1571/1873
f 2534/1532/1835 2573/1571/1873 2536/1534/1837
f 2573/1571/1873 2534/1532/1835 2574/1572/1874
f 2532/1530/1833 2574/1572/1874 2534/1532/1835
f 2574/1572/1874 2532/1530/1833 2575/1573/1875
f 2530/1528/1831 2575/1573/1875 2532/1530/1833
f 2575/1573/1875 2530/1528/1831 2576/1574/1876
f 2528/1526/1829 2576/1574/1876 2530/1528/1831
f 2576/1574/1876 2528/1526/1829 2577/1575/1877
f 2526/1524/1827 2577/1575/1877 2528/1526/1829
f 2577/1575/1877 2526/1524/1827 2578/1576/1878
f 2524/1522/1825 2578/1576/1878 2526/1524/1827
f 2578/1576/1878 2524/1522/1825 2579/1577/1879
f 2521/1517/1820 2579/1577/1879 2524/1522/1825
f 2579/1577/1879 2521/1517/1820 2580/1578/1880
f 2519/1519/1822 2580/1578/1880 2521/1517/1820
f 2519/1519/1822 2581/1579/1881 2580/1578/1880
f 2581/1579/1881 2519/1519/1822 2582/1580/1882
f 2522/1520/1823 2582/1580/1882 2519/1519/1822
f 2583/1581/1883 2580/1578/1880 2581/1579/1881
f 2581/1579/1881 2582/1580/1882 2584/1582/1884
f 2585/1583/1885 2584/1582/1884 2582/1580/1882
f 2584/1582/1884 2586/1584/1886 2581/1579/1881
f 2583/1581/1883 2581/1579/1881 2586/1584/1886
f 2584/1582/1884 2585/1583/1885 2587/1585/1887
f 2588/1586/1888 2587/1585/1887 2585/1583/1885
f 2587/1585/1887 2589/1587/1889 2584/1582/1884
f 2586/1584/1886 2584/1582/1884 2589/1587/1889
f 2587/1585/1887 2588/1586/1888 2590/1588/1890
f 2591/1589/1891 2590/1588/1890 2588/1586/1888
f 2590/1588/1890 2592/1590/1892 2587/1585/1887
f 2589/1587/1889 2587/1585/1887 2592/1590/1892
f 2590/1588/1890 2591/1589/1891 2593/1591/1893
f 2594/1592/1894 2593/1591/1893 2591/1589/1891
f 2593/1591/1893 2595/1593/1895 2590/1588/1890
f 2592/1590/1892 2590/1588/1890 2595/1593/1895
f 2593/1591/1893 2594/1592/1894 2596/1594/1896
f 2593/1591/1893 2596/1594/1896 2595/1593/1895
f 2597/1595/1897 2596/1594/1896 2594/1592/1894
f 2598/1596/1898 2595/1593/1895 2596/1594/1896
f 2599/1569/1871 2538/1536/1839 2572/1570/1872
f 2600/1561/1864 2542/1540/1843 2570/1568/1794
f 2601/1597/1899 2560/1558/1861 2567/1565/1868
f 2601/1597/1899 2602/1598/1900 2560/1558/1861
f 2603/1599/1901 2560/1558/1861 2602/1598/1900
f 2560/1558/1861 2603/1599/1901 2559/1557/1860
f 2604/1600/1902 2559/1557/1860 2603/1599/1901
f 2603/1599/1901 2605/1601/1903 2604/1600/1902
f 2606/1602/1904 2604/1600/1902 2605/1601/1903
f 2602/1598/1900 2607/1603/1905 2603/1599/1901
f 2605/1601/1903 2603/1599/1901 2607/1603/1905
f 2605/1601/1903 2608/1604/1906 2606/1602/1904
f 2609/1605/1907 2606/1602/1904 2608/1604/1906
f 2608/1604/1906 2605/1601/1903 2610/1606/1908
f 2607/1603/1905 2610/1606/1908 2605/1601/1903
f 2608/1604/1906 2611/1607/1909 2609/1605/1907
f 2612/1608/1910 2609/1605/1907 2611/1607/1909
f 2611/1607/1909 2608/1604/1906 2613/1609/1911
f 2610/1606/1908 2613/1609/1911 2608/1604/1906
f 2611/1607/1909 2614/1610/1912 2612/1608/1910
f 2615/1611/1913 2612/1608/1910 2614/1610/1912
f 2614/1610/1912 2611/1607/1909 2616/1612/1914
f 2613/1609/1911 2616/1612/1914 2611/1607/1909
f 2614/1610/1912 2617/1613/1915 2615/1611/1913
f 2618/1614/1916 2615/1611/1913 2617/1613/1915
f 2617/1613/1915 2614/1610/1912 2619/1615/1917
f 2616/1612/1914 2619/1615/1917 2614/1610/1912
f 2622/1518/1918 2621/1521/1919 2620/1520/1920
f 2621/1521/1919 2623/1523/1921 2620/1520/1920
f 2623/1523/1921 2624/1525/1922 2620/1520/1920
f 2624/1525/1922 2625/1527/1923 2620/1520/1920
f 2625/1527/1923 2626/1529/1924 2620/1520/1920
f 2626/1529/1924 2627/1531/1925 2620/1520/1920
f 2627/1531/1925 2628/1533/1926 2620/1520/1920
f 2628/1533/1926 2629/1535/1927 2620/1520/1920
f 2629/1535/1927 2630/1537/1928 2620/1520/1920
f 2630/1537/1928 2631/1539/1929 2620/1520/1920
f 2631/1539/1929 2632/1541/1930 2620/1520/1920
f 2632/1541/1930 2633/1543/1931 2620/1520/1920
f 2633/1543/1931 2634/1545/1932 2620/1520/1920
f 2634/1545/1932 2635/1547/1933 2620/1520/1920
f 2635/1547/1933 2636/1549/1934 2620/1520/1920
f 2636/1549/1934 2637/1551/1935 2620/1520/1920
f 2637/1551/1935 2638/1553/1936 2620/1520/1920
f 2638/1553/1936 2639/1555/1937 2620/1520/1920
f 2639/1555/1937 2640/1557/1938 2620/1520/1920
f 2640/1557/1938 2641/1600/1939 2620/1520/1920
f 2642/1580/1940 2620/1520/1920 2641/1600/1939
f 2642/1580/1940 2641/1600/1939 2643/1583/1941
f 2644/1602/1942 2643/1583/1941 2641/1600/1939
f 2644/1602/1942 2645/1605/1943 2643/1583/1941
f 2646/1586/1944 2643/1583/1941 2645/1605/1943
f 2645/1605/1943 2647/1608/1945 2646/1586/1944
f 2648/1589/1946 2646/1586/1944 2647/1608/1945
f 2647/1608/1945 2649/1611/1947 2648/1589/1946
f 2650/1592/1948 2648/1589/1946 2649/1611/1947
f 2649/1611/1947 2651/1614/1949 2650/1592/1948
f 2652/1595/1950 2650/1592/1948 2651/1614/1949
f 2655/1616/1951 2654/1555/1952 2653/1617/1953
f 2656/1618/1954 2653/1617/1953 2654/1555/1952
f 2654/1555/1952 2655/1616/1951 2657/1553/1955
f 2658/1619/1956 2657/1553/1955 2655/1616/1951
f 2657/1553/1955 2658/1619/1956 2659/1620/1957
f 2660/1552/1958 2659/1620/1957 2658/1619/1956
f 2659/1620/1957 2660/1552/1958 2661/1621/1959
f 2662/1550/1960 2661/1621/1959 2660/1552/1958
f 2661/1621/1959 2662/1550/1960 2663/1547/1961
f 2664/1548/1962 2663/1547/1961 2662/1550/1960
f 2663/1547/1961 2664/1548/1962 2665/1545/1963
f 2666/1546/1964 2665/1545/1963 2664/1548/1962
f 2665/1545/1963 2666/1546/1964 2667/1543/1965
f 2668/1622/1966 2667/1543/1965 2666/1546/1964
f 2667/1543/1965 2668/1622/1966 2669/1623/1967
f 2670/1542/1968 2669/1623/1967 2668/1622/1966
f 2669/1623/1967 2670/1542/1968 2671/1539/1969
f 2672/1540/1970 2671/1539/1969 2670/1542/1968
f 2671/1539/1969 2672/1540/1970 2673/1537/1971
f 2674/1624/1972 2673/1537/1971 2672/1540/1970
f 2673/1537/1971 2674/1624/1972 2675/1535/1973
f 2676/1536/1974 2675/1535/1973 2674/1624/1972
f 2675/1535/1973 2676/1536/1974 2677/1533/1975
f 2678/1534/1976 2677/1533/1975 2676/1536/1974
f 2677/1533/1975 2678/1534/1976 2679/1531/1977
f 2680/1625/1978 2679/1531/1977 2678/1534/1976
f 2679/1531/1977 2680/1625/1978 2681/1529/1979
f 2682/1530/1980 2681/1529/1979 2680/1625/1978
f 2681/1529/1979 2682/1530/1980 2683/1527/1981
f 2684/1528/1982 2683/1527/1981 2682/1530/1980
f 2683/1527/1981 2684/1528/1982 2685/1626/1983
f 2686/1526/1984 2685/1626/1983 2684/1528/1982
f 2685/1626/1983 2686/1526/1984 2687/1627/1985
f 2688/1524/1986 2687/1627/1985 2686/1526/1984
f 2687/1627/1985 2688/1524/1986 2689/1521/1987
f 2690/1522/1988 2689/1521/1987 2688/1524/1986
f 2689/1521/1987 2690/1522/1988 2691/1518/1989
f 2692/1628/1990 2691/1518/1989 2690/1522/1988
f 2691/1518/1989 2692/1628/1990 2693/1520/1991
f 2694/1519/1992 2693/1520/1991 2692/1628/1990
f 2680/1625/1978 2695/1571/1873 2682/1530/1980
f 2695/1571/1873 2680/1625/1978 2696/1570/1872
f 2678/1534/1976 2696/1570/1872 2680/1625/1978
f 2696/1570/1872 2678/1534/1976 2697/1569/1871
f 2676/1536/1974 2697/1569/1871 2678/1534/1976
f 2686/1526/1984 2698/1574/1876 2688/1524/1986
f 2698/1574/1876 2686/1526/1984 2699/1573/1875
f 2684/1528/1982 2699/1573/1875 2686/1526/1984
f 2699/1573/1875 2684/1528/1982 2700/1572/1993
f 2700/1572/1993 2682/1530/1980 2695/1571/1873
f 2682/1530/1980 2700/1572/1993 2684/1528/1982
f 2692/1628/1990 2701/1577/1879 2694/1519/1992
f 2701/1577/1879 2692/1628/1990 2702/1576/1878
f 2690/1522/1988 2702/1576/1878 2692/1628/1990
f 2702/1576/1878 2690/1522/1988 2703/1575/1877
f 2703/1575/1877 2688/1524/1986 2698/1574/1876
f 2688/1524/1986 2703/1575/1877 2690/1522/1988
f 2674/1624/1972 2704/1568/1794 2676/1536/1974
f 2704/1568/1794 2674/1624/1972 2705/1561/1864
f 2672/1540/1970 2705/1561/1864 2674/1624/1972
f 2670/1542/1968 2706/1560/1994 2672/1540/1970
f 2706/1560/1994 2670/1542/1968 2707/1559/1862
f 2668/1622/1966 2707/1559/1862 2670/1542/1968
f 2707/1559/1862 2668/1622/1966 2708/1564/1995
f 2666/1546/1964 2708/1564/1995 2668/1622/1966
f 2708/1564/1995 2666/1546/1964 2709/1563/1866
f 2664/1548/1962 2709/1563/1866 2666/1546/1964
f 2709/1563/1866 2664/1548/1962 2710/1562/1865
f 2662/1550/1960 2710/1562/1865 2664/1548/1962
f 2710/1562/1865 2662/1550/1960 2711/1567/1870
f 2660/1552/1958 2711/1567/1870 2662/1550/1960
f 2711/1567/1870 2660/1552/1958 2712/1566/1869
f 2658/1619/1956 2712/1566/1869 2660/1552/1958
f 2712/1566/1869 2658/1619/1956 2713/1565/1868
f 2655/1616/1951 2713/1565/1868 2658/1619/1956
f 2713/1565/1868 2655/1616/1951 2714/1597/1899
f 2653/1617/1953 2714/1597/1899 2655/1616/1951
f 2653/1617/1953 2715/1599/1996 2714/1597/1899
f 2715/1599/1996 2653/1617/1953 2716/1600/1997
f 2656/1618/1954 2716/1600/1997 2653/1617/1953
f 2717/1598/1900 2714/1597/1899 2715/1599/1996
f 2715/1599/1996 2716/1600/1997 2718/1601/1998
f 2719/1602/1999 2718/1601/1998 2716/1600/1997
f 2718/1601/1998 2720/1603/1905 2715/1599/1996
f 2717/1598/1900 2715/1599/1996 2720/1603/1905
f 2718/1601/1998 2719/1602/1999 2721/1604/2000
f 2722/1605/2001 2721/1604/2000 2719/1602/1999
f 2721/1604/2000 2723/1606/1908 2718/1601/1998
f 2720/1603/1905 2718/1601/1998 2723/1606/1908
f 2721/1604/2000 2722/1605/2001 2724/1607/2002
f 2725/1608/2003 2724/1607/2002 2722/1605/2001
f 2724/1607/2002 2726/1609/1911 2721/1604/2000
f 2723/1606/1908 2721/1604/2000 2726/1609/1911
f 2724/1607/2002 2725/1608/2003 2727/1610/2004
f 2728/1611/2005 2727/1610/2004 2725/1608/2003
f 2727/1610/2004 2729/1612/1914 2724/1607/2002
f 2726/1609/1911 2724/1607/2002 2729/1612/1914
f 2727/1610/2004 2728/1611/2005 2730/1613/2006
f 2727/1610/2004 2730/1613/2006 2729/1612/1914
f 2731/1614/2007 2730/1613/2006 2728/1611/2005
f 2732/1615/1917 2729/1612/1914 2730/1613/2006
f 2733/1561/1864 2672/1540/1970 2706/1560/1994
f 2734/1569/1871 2676/1536/1974 2704/1568/1794
f 2735/1578/1880 2694/1519/1992 2701/1577/1879
f 2735/1578/1880 2736/1581/1883 2694/1519/1992
f 2737/1579/2008 2694/1519/1992 2736/1581/1883
f 2694/1519/1992 2737/1579/2008 2693/1520/1991
f 2738/1580/2009 2693/1520/1991 2737/1579/2008
f 2737/1579/2008 2739/1582/2010 2738/1580/2009
f 2740/1583/2011 2738/1580/2009 2739/1582/2010
f 2736/1581/1883 2741/1584/1886 2737/1579/2008
f 2739/1582/2010 2737/1579/2008 2741/1584/1886
f 2739/1582/2010 2742/1585/2012 2740/1583/2011
f 2743/1586/2013 2740/1583/2011 2742/1585/2012
f 2742/1585/2012 2739/1582/2010 2744/1587/1889
f 2741/1584/1886 2744/1587/1889 2739/1582/2010
f 2742/1585/2012 2745/1588/2014 2743/1586/2013
f 2746/1589/2015 2743/1586/2013 2745/1588/2014
f 2745/1588/2014 2742/1585/2012 2747/1590/1892
f 2744/1587/1889 2747/1590/1892 2742/1585/2012
f 2745/1588/2014 2748/1591/2016 2746/1589/2015
f 2749/1592/2017 2746/1589/2015 2748/1591/2016
f 2748/1591/2016 2745/1588/2014 2750/1593/1895
f 2747/1590/1892 2750/1593/1895 2745/1588/2014
f 2748/1591/2016 2751/1594/2018 2749/1592/2017
f 2752/1595/2019 2749/1592/2017 2751/1594/2018
f 2751/1594/2018 2748/1591/2016 2753/1596/1898
f 2750/1593/1895 2753/1596/1898 2748/1591/2016
f 2756/1555/2020 2755/1553/2021 2754/1618/2022
f 2755/1553/2021 2757/1620/2023 2754/1618/2022
f 2757/1620/2023 2758/1621/2024 2754/1618/2022
f 2758/1621/2024 2759/1547/2025 2754/1618/2022
f 2759/1547/2025 2760/1545/2026 2754/1618/2022
f 2760/1545/2026 2761/1543/2027 2754/1618/2022
f 2761/1543/2027 2762/1623/2028 2754/1618/2022
f 2762/1623/2028 2763/1539/2029 2754/1618/2022
f 2763/1539/2029 2764/1537/2030 2754/1618/2022
f 2764/1537/2030 2765/1535/2031 2754/1618/2022
f 2765/1535/2031 2766/1533/2032 2754/1618/2022
f 2766/1533/2032 2767/1531/2033 2754/1618/2022
f 2767/1531/2033 2768/1529/2034 2754/1618/2022
f 2768/1529/2034 2769/1527/2035 2754/1618/2022
f 2769/1527/2035 2770/1626/2036 2754/1618/2022
f 2770/1626/2036 2771/1627/2037 2754/1618/2022
f 2771/1627/2037 2772/1521/2038 2754/1618/2022
f 2772/1521/2038 2773/1518/2039 2754/1618/2022
f 2773/1518/2039 2774/1520/2040 2754/1618/2022
f 2774/1520/2040 2775/1580/2041 2754/1618/2022
f 2776/1600/2042 2754/1618/2022 2775/1580/2041
f 2776/1600/2042 2775/1580/2041 2777/1602/2043
f 2778/1583/2044 2777/1602/2043 2775/1580/2041
f 2778/1583/2044 2779/1586/2045 2777/1602/2043
f 2780/1605/2046 2777/1602/2043 2779/1586/2045
f 2779/1586/2045 2781/1589/2047 2780/1605/2046
f 2782/1608/2048 2780/1605/2046 2781/1589/2047
f 2781/1589/2047 2783/1592/2049 2782/1608/2048
f 2784/1611/2050 2782/1608/2048 2783/1592/2049
f 2783/1592/2049 2785/1595/2051 2784/1611/2050
f 2786/1614/2052 2784/1611/2050 2785/1595/2051
f 2789/1517/2053 2788/1518/2054 2787/1519/2055
f 2790/1520/2056 2787/1519/2055 2788/1518/2054
f 2788/1518/2054 2789/1517/2053 2791/1521/2057
f 2792/1522/2058 2791/1521/2057 2789/1517/2053
f 2791/1521/2057 2792/1522/2058 2793/1523/2059
f 2794/1524/2060 2793/1523/2059 2792/1522/2058
f 2793/1523/2059 2794/1524/2060 2795/1525/2061
f 2796/1526/2062 2795/1525/2061 2794/1524/2060
f 2795/1525/2061 2796/1526/2062 2797/1527/2063
f 2798/1528/2064 2797/1527/2063 2796/1526/2062
f 2797/1527/2063 2798/1528/2064 2799/1529/2065
f 2800/1530/2066 2799/1529/2065 2798/1528/2064
f 2799/1529/2065 2800/1530/2066 2801/1531/2067
f 2802/1532/2068 2801/1531/2067 2800/1530/2066
f 2801/1531/2067 2802/1532/2068 2803/1533/2069
f 2804/1534/2070 2803/1533/2069 2802/1532/2068
f 2803/1533/2069 2804/1534/2070 2805/1535/2071
f 2806/1536/2072 2805/1535/2071 2804/1534/2070
f 2805/1535/2071 2806/1536/2072 2807/1537/2073
f 2808/1538/2074 2807/1537/2073 2806/1536/2072
f 2807/1537/2073 2808/1538/2074 2809/1539/2075
f 2810/1540/2076 2809/1539/2075 2808/1538/2074
f 2809/1539/2075 2810/1540/2076 2811/1541/2077
f 2812/1542/2078 2811/1541/2077 2810/1540/2076
f 2811/1541/2077 2812/1542/2078 2813/1543/2079
f 2814/1544/2080 2813/1543/2079 2812/1542/2078
f 2813/1543/2079 2814/1544/2080 2815/1545/2081
f 2816/1546/2082 2815/1545/2081 2814/1544/2080
f 2815/1545/2081 2816/1546/2082 2817/1547/2083
f 2818/1548/2084 2817/1547/2083 2816/1546/2082
f 2817/1547/2083 2818/1548/2084 2819/1549/2085
f 2820/1550/2086 2819/1549/2085 2818/1548/2084
f 2819/1549/2085 2820/1550/2086 2821/1551/2087
f 2822/1552/2088 2821/1551/2087 2820/1550/2086
f 2821/1551/2087 2822/1552/2088 2823/1553/2089
f 2824/1554/2090 2823/1553/2089 2822/1552/2088
f 2823/1553/2089 2824/1554/2090 2825/1555/2091
f 2826/1556/2092 2825/1555/2091 2824/1554/2090
f 2825/1555/2091 2826/1556/2092 2827/1557/2093
f 2828/1558/2094 2827/1557/2093 2826/1556/2092
f 2814/1544/2080 2829/1559/2095 2816/1546/2082
f 2829/1559/2095 2814/1544/2080 2830/1560/2096
f 2812/1542/2078 2830/1560/2096 2814/1544/2080
f 2830/1560/2096 2812/1542/2078 2831/1561/2097
f 2810/1540/2076 2831/1561/2097 2812/1542/2078
f 2820/1550/2086 2832/1562/2098 2822/1552/2088
f 2832/1562/2098 2820/1550/2086 2833/1563/2099
f 2818/1548/2084 2833/1563/2099 2820/1550/2086
f 2833/1563/2099 2818/1548/2084 2834/1564/2100
f 2834/1564/2100 2816/1546/2082 2829/1559/2095
f 2816/1546/2082 2834/1564/2100 2818/1548/2084
f 2826/1556/2092 2835/1565/2101 2828/1558/2094
f 2835/1565/2101 2826/1556/2092 2836/1566/2102
f 2824/1554/2090 2836/1566/2102 2826/1556/2092
f 2836/1566/2102 2824/1554/2090 2837/1567/2103
f 2837/1567/2103 2822/1552/2088 2832/1562/2098
f 2822/1552/2088 2837/1567/2103 2824/1554/2090
f 2808/1538/2074 2838/1568/1804 2810/1540/2076
f 2838/1568/1804 2808/1538/2074 2839/1569/2104
f 2806/1536/2072 2839/1569/2104 2808/1538/2074
f 2804/1534/2070 2840/1570/2105 2806/1536/2072
f 2840/1570/2105 2804/1534/2070 2841/1571/2106
f 2802/1532/2068 2841/1571/2106 2804/1534/2070
f 2841/1571/2106 2802/1532/2068 2842/1572/2107
f 2800/1530/2066 2842/1572/2107 2802/1532/2068
f 2842/1572/2107 2800/1530/2066 2843/1573/2108
f 2798/1528/2064 2843/1573/2108 2800/1530/2066
f 2843/1573/2108 2798/1528/2064 2844/1574/2109
f 2796/1526/2062 2844/1574/2109 2798/1528/2064
f 2844/1574/2109 2796/1526/2062 2845/1575/2110
f 2794/1524/2060 2845/1575/2110 2796/1526/2062
f 2845/1575/2110 2794/1524/2060 2846/1576/2111
f 2792/1522/2058 2846/1576/2111 2794/1524/2060
f 2846/1576/2111 2792/1522/2058 2847/1577/2112
f 2789/1517/2053 2847/1577/2112 2792/1522/2058
f 2847/1577/2112 2789/1517/2053 2848/1578/2113
f 2787/1519/2055 2848/1578/2113 2789/1517/2053
f 2787/1519/2055 2849/1579/2114 2848/1578/2113
f 2849/1579/2114 2787/1519/2055 2850/1580/2115
f 2790/1520/2056 2850/1580/2115 2787/1519/2055
f 2851/1581/2116 2848/1578/2113 2849/1579/2114
f 2849/1579/2114 2850/1580/2115 2852/1582/2117
f 2853/1583/2118 2852/1582/2117 2850/1580/2115
f 2852/1582/2117 2854/1584/2119 2849/1579/2114
f 2851/1581/2116 2849/1579/2114 2854/1584/2119
f 2852/1582/2117 2853/1583/2118 2855/1585/2120
f 2856/1586/2121 2855/1585/2120 2853/1583/2118
f 2855/1585/2120 2857/1587/2122 2852/1582/2117
f 2854/1584/2119 2852/1582/2117 2857/1587/2122
f 2855/1585/2120 2856/1586/2121 2858/1588/2123
f 2859/1589/2124 2858/1588/2123 2856/1586/2121
f 2858/1588/2123 2860/1590/2125 2855/1585/2120
f 2857/1587/2122 2855/1585/2120 2860/1590/2125
f 2858/1588/2123 2859/1589/2124 2861/1591/2126
f 2862/1592/2127 2861/1591/2126 2859/1589/2124
f 2861/1591/2126 2863/1593/2128 2858/1588/2123
f 2860/1590/2125 2858/1588/2123 2863/1593/2128
f 2861/1591/2126 2862/1592/2127 2864/1594/2129
f 2861/1591/2126 2864/1594/2129 2863/1593/2128
f 2865/1595/2130 2864/1594/2129 2862/1592/2127
f 2866/1596/2131 2863/1593/2128 2864/1594/2129
f 2867/1569/2104 2806/1536/2072 2840/1570/2105
f 2868/1561/2097 2810/1540/2076 2838/1568/1804
f 2869/1597/2132 2828/1558/2094 2835/1565/2101
f 2869/1597/2132 2870/1598/2133 2828/1558/2094
f 2871/1599/2134 2828/1558/2094 2870/1598/2133
f 2828/1558/2094 2871/1599/2134 2827/1557/2093
f 2872/1600/2135 2827/1557/2093 2871/1599/2134
f 2871/1599/2134 2873/1601/2136 2872/1600/2135
f 2874/1602/2137 2872/1600/2135 2873/1601/2136
f 2870/1598/2133 2875/1603/2138 2871/1599/2134
f 2873/1601/2136 2871/1599/2134 2875/1603/2138
f 2873/1601/2136 2876/1604/2139 2874/1602/2137
f 2877/1605/2140 2874/1602/2137 2876/1604/2139
f 2876/1604/2139 2873/1601/2136 2878/1606/2141
f 2875/1603/2138 2878/1606/2141 2873/1601/2136
f 2876/1604/2139 2879/1607/2142 2877/1605/2140
f 2880/1608/2143 2877/1605/2140 2879/1607/2142
f 2879/1607/2142 2876/1604/2139 2881/1609/2144
f 2878/1606/2141 2881/1609/2144 2876/1604/2139
f 2879/1607/2142 2882/1610/2145 2880/1608/2143
f 2883/1611/2146 2880/1608/2143 2882/1610/2145
f 2882/1610/2145 2879/1607/2142 2884/1612/2147
f 2881/1609/2144 2884/1612/2147 2879/1607/2142
f 2882/1610/2145 2885/1613/2148 2883/1611/2146
f 2886/1614/2149 2883/1611/2146 2885/1613/2148
f 2885/1613/2148 2882/1610/2145 2887/1615/2150
f 2884/1612/2147 2887/1615/2150 2882/1610/2145
f 2890/1518/2151 2889/1521/2152 2888/1520/2153
f 2889/1521/2152 2891/1523/2154 2888/1520/2153
f 2891/1523/2154 2892/1525/2155 2888/1520/2153
f 2892/1525/2155 2893/1527/2156 2888/1520/2153
f 2893/1527/2156 2894/1529/2157 2888/1520/2153
f 2894/1529/2157 2895/1531/2158 2888/1520/2153
f 2895/1531/2158 2896/1533/2159 2888/1520/2153
f 2896/1533/2159 2897/1535/2160 2888/1520/2153
f 2897/1535/2160 2898/1537/2161 2888/1520/2153
f 2898/1537/2161 2899/1539/2162 2888/1520/2153
f 2899/1539/2162 2900/1541/2163 2888/1520/2153
f 2900/1541/2163 2901/1543/2164 2888/1520/2153
f 2901/1543/2164 2902/1545/2165 2888/1520/2153
f 2902/1545/2165 2903/1547/2166 2888/1520/2153
f 2903/1547/2166 2904/1549/2167 2888/1520/2153
f 2904/1549/2167 2905/1551/2168 2888/1520/2153
f 2905/1551/2168 2906/1553/2169 2888/1520/2153
f 2906/1553/2169 2907/1555/2170 2888/1520/2153
f 2907/1555/2170 2908/1557/2171 2888/1520/2153
f 2908/1557/2171 2909/1600/2172 2888/1520/2153
f 2910/1580/2173 2888/1520/2153 2909/1600/2172
f 2910/1580/2173 2909/1600/2172 2911/1583/2174
f 2912/1602/2175 2911/1583/2174 2909/1600/2172
f 2912/1602/2175 2913/1605/2176 2911/1583/2174
f 2914/1586/2177 2911/1583/2174 2913/1605/2176
f 2913/1605/2176 2915/1608/2178 2914/1586/2177
f 2916/1589/2179 2914/1586/2177 2915/1608/2178
f 2915/1608/2178 2917/1611/2180 2916/1589/2179
f 2918/1592/2181 2916/1589/2179 2917/1611/2180
f 2917/1611/2180 2919/1614/2182 2918/1592/2181
f 2920/1595/2183 2918/1592/2181 2919/1614/2182
f 2923/1616/2184 2922/1555/2185 2921/1617/2186
f 2924/1618/2187 2921/1617/2186 2922/1555/2185
f 2922/1555/2185 2923/1616/2184 2925/1553/2188
f 2926/1619/2189 2925/1553/2188 2923/1616/2184
f 2925/1553/2188 2926/1619/2189 2927/1620/2190
f 2928/1552/2191 2927/1620/2190 2926/1619/2189
f 2927/1620/2190 2928/1552/2191 2929/1621/2192
f 2930/1550/2193 2929/1621/2192 2928/1552/2191
f 2929/1621/2192 2930/1550/2193 2931/1547/2194
f 2932/1548/2195 2931/1547/2194 2930/1550/2193
f 2931/1547/2194 2932/1548/2195 2933/1545/2196
f 2934/1546/2197 2933/1545/2196 2932/1548/2195
f 2933/1545/2196 2934/1546/2197 2935/1543/2198
f 2936/1622/2199 2935/1543/2198 2934/1546/2197
f 2935/1543/2198 2936/1622/2199 2937/1623/2200
f 2938/1542/2201 2937/1623/2200 2936/1622/2199
f 2937/1623/2200 2938/1542/2201 2939/1539/2202
f 2940/1540/2203 2939/1539/2202 2938/1542/2201
f 2939/1539/2202 2940/1540/2203 2941/1537/2204
f 2942/1624/2205 2941/1537/2204 2940/1540/2203
f 2941/1537/2204 2942/1624/2205 2943/1535/2206
f 2944/1536/2207 2943/1535/2206 2942/1624/2205
f 2943/1535/2206 2944/1536/2207 2945/1533/2208
f 2946/1534/2209 2945/1533/2208 2944/1536/2207
f 2945/1533/2208 2946/1534/2209 2947/1531/2210
f 2948/1625/2211 2947/1531/2210 2946/1534/2209
f 2947/1531/2210 2948/1625/2211 2949/1529/2212
f 2950/1530/2213 2949/1529/2212 2948/1625/2211
f 2949/1529/2212 2950/1530/2213 2951/1527/2214
f 2952/1528/2215 2951/1527/2214 2950/1530/2213
f 2951/1527/2214 2952/1528/2215 2953/1626/2216
f 2954/1526/2217 2953/1626/2216 2952/1528/2215
f 2953/1626/2216 2954/1526/2217 2955/1627/2218
f 2956/1524/2219 2955/1627/2218 2954/1526/2217
f 2955/1627/2218 2956/1524/2219 2957/1521/2220
f 2958/1522/2221 2957/1521/2220 2956/1524/2219
f 2957/1521/2220 2958/1522/2221 2959/1518/2222
f 2960/1628/2223 2959/1518/2222 2958/1522/2221
f 2959/1518/2222 2960/1628/2223 2961/1520/2224
f 2962/1519/2225 2961/1520/2224 2960/1628/2223
f 2948/1625/2211 2963/1571/2226 2950/1530/2213
f 2963/1571/2226 2948/1625/2211 2964/1570/2227
f 2946/1534/2209 2964/1570/2227 2948/1625/2211
f 2964/1570/2227 2946/1534/2209 2965/1569/2104
f 2944/1536/2207 2965/1569/2104 2946/1534/2209
f 2954/1526/2217 2966/1574/2109 2956/1524/2219
f 2966/1574/2109 2954/1526/2217 2967/1573/2108
f 2952/1528/2215 2967/1573/2108 2954/1526/2217
f 2967/1573/2108 2952/1528/2215 2968/1572/2107
f 2968/1572/2107 2950/1530/2213 2963/1571/2226
f 2950/1530/2213 2968/1572/2107 2952/1528/2215
f 2960/1628/2223 2969/1577/2112 2962/1519/2225
f 2969/1577/2112 2960/1628/2223 2970/1576/2111
f 2958/1522/2221 2970/1576/2111 2960/1628/2223
f 2970/1576/2111 2958/1522/2221 2971/1575/2110
f 2971/1575/2110 2956/1524/2219 2966/1574/2109
f 2956/1524/2219 2971/1575/2110 2958/1522/2221
f 2942/1624/2205 2972/1568/1804 2944/1536/2207
f 2972/1568/1804 2942/1624/2205 2973/1561/2097
f 2940/1540/2203 2973/1561/2097 2942/1624/2205
f 2938/1542/2201 2974/1560/2228 2940/1540/2203
f 2974/1560/2228 2938/1542/2201 2975/1559/2229
f 2936/1622/2199 2975/1559/2229 2938/1542/2201
f 2975/1559/2229 2936/1622/2199 2976/1564/2100
f 2934/1546/2197 2976/1564/2100 2936/1622/2199
f 2976/1564/2100 2934/1546/2197 2977/1563/2099
f 2932/1548/2195 2977/1563/2099 2934/1546/2197
f 2977/1563/2099 2932/1548/2195 2978/1562/2098
f 2930/1550/2193 2978/1562/2098 2932/1548/2195
f 2978/1562/2098 2930/1550/2193 2979/1567/2103
f 2928/1552/2191 2979/1567/2103 2930/1550/2193
f 2979/1567/2103 2928/1552/2191 2980/1566/2102
f 2926/1619/2189 2980/1566/2102 2928/1552/2191
f 2980/1566/2102 2926/1619/2189 2981/1565/2101
f 2923/1616/2184 2981/1565/2101 2926/1619/2189
f 2981/1565/2101 2923/1616/2184 2982/1597/2132
f 2921/1617/2186 2982/1597/2132 2923/1616/2184
f 2921/1617/2186 2983/1599/2230 2982/1597/2132
f 2983/1599/2230 2921/1617/2186 2984/1600/2231
f 2924/1618/2187 2984/1600/2231 2921/1617/2186
f 2985/1598/2133 2982/1597/2132 2983/1599/2230
f 2983/1599/2230 2984/1600/2231 2986/1601/2232
f 2987/1602/2233 2986/1601/2232 2984/1600/2231
f 2986/1601/2232 2988/1603/2138 2983/1599/2230
f 2985/1598/2133 2983/1599/2230 2988/1603/2138
f 2986/1601/2232 2987/1602/2233 2989/1604/2234
f 2990/1605/2235 2989/1604/2234 2987/1602/2233
f 2989/1604/2234 2991/1606/2141 2986/1601/2232
f 2988/1603/2138 2986/1601/2232 2991/1606/2141
f 2989/1604/2234 2990/1605/2235 2992/1607/2236
f 2993/1608/2237 2992/1607/2236 2990/1605/2235
f 2992/1607/2236 2994/1609/2144 2989/1604/2234
f 2991/1606/2141 2989/1604/2234 2994/1609/2144
f 2992/1607/2236 2993/1608/2237 2995/1610/2238
f 2996/1611/2239 2995/1610/2238 2993/1608/2237
f 2995/1610/2238 2997/1612/2147 2992/1607/2236
f 2994/1609/2144 2992/1607/2236 2997/1612/2147
f 2995/1610/2238 2996/1611/2239 2998/1613/2240
f 2995/1610/2238 2998/1613/2240 2997/1612/2147
f 2999/1614/2241 2998/1613/2240 2996/1611/2239
f 3000/1615/2150 2997/1612/2147 2998/1613/2240
f 3001/1561/2097 2940/1540/2203 2974/1560/2228
f 3002/1569/2104 2944/1536/2207 2972/1568/1804
f 3003/1578/2242 2962/1519/2225 2969/1577/2112
f 3003/1578/2242 3004/1581/2116 2962/1519/2225
f 3005/1579/2243 2962/1519/2225 3004/1581/2116
f 2962/1519/2225 3005/1579/2243 2961/1520/2224
f 3006/1580/2244 2961/1520/2224 3005/1579/2243
f 3005/1579/2243 3007/1582/2245 3006/1580/2244
f 3008/1583/2246 3006/1580/2244 3007/1582/2245
f 3004/1581/2116 3009/1584/2119 3005/1579/2243
f 3007/1582/2245 3005/1579/2243 3009/1584/2119
f 3007/1582/2245 3010/1585/2247 3008/1583/2246
f 3011/1586/2248 3008/1583/2246 3010/1585/2247
f 3010/1585/2247 3007/1582/2245 3012/1587/2122
f 3009/1584/2119 3012/1587/2122 3007/1582/2245
f 3010/1585/2247 3013/1588/2249 3011/1586/2248
f 3014/1589/2250 3011/1586/2248 3013/1588/2249
f 3013/1588/2249 3010/1585/2247 3015/1590/2125
f 3012/1587/2122 3015/1590/2125 3010/1585/2247
f 3013/1588/2249 3016/1591/2251 3014/1589/2250
f 3017/1592/2252 3014/1589/2250 3016/1591/2251
f 3016/1591/2251 3013/1588/2249 3018/1593/2128
f 3015/1590/2125 3018/1593/2128 3013/1588/2249
f 3016/1591/2251 3019/1594/2253 3017/1592/2252
f 3020/1595/2254 3017/1592/2252 3019/1594/2253
f 3019/1594/2253 3016/1591/2251 3021/1596/2131
f 3018/1593/2128 3021/1596/2131 3016/1591/2251
f 3024/1555/2255 3023/1553/2256 3022/1618/2257
f 3023/1553/2256 3025/1620/2258 3022/1618/2257
f 3025/1620/2258 3026/1621/2259 3022/1618/2257
f 3026/1621/2259 3027/1547/2260 3022/1618/2257
f 3027/1547/2260 3028/1545/2261 3022/1618/2257
f 3028/1545/2261 3029/1543/2262 3022/1618/2257
f 3029/1543/2262 3030/1623/2263 3022/1618/2257
f 3030/1623/2263 3031/1539/2264 3022/1618/2257
f 3031/1539/2264 3032/1537/2265 3022/1618/2257
f 3032/1537/2265 3033/1535/2266 3022/1618/2257
f 3033/1535/2266 3034/1533/2267 3022/1618/2257
f 3034/1533/2267 3035/1531/2268 3022/1618/2257
f 3035/1531/2268 3036/1529/2269 3022/1618/2257
f 3036/1529/2269 3037/1527/2270 3022/1618/2257
f 3037/1527/2270 3038/1626/2271 3022/1618/2257
f 3038/1626/2271 3039/1627/2272 3022/1618/2257
f 3039/1627/2272 3040/1521/2273 3022/1618/2257
f 3040/1521/2273 3041/1518/2274 3022/1618/2257
f 3041/1518/2274 3042/1520/2275 3022/1618/2257
f 3042/1520/2275 3043/1580/2276 3022/1618/2257
f 3044/1600/2277 3022/1618/2257 3043/1580/2276
f 3044/1600/2277 3043/1580/2276 3045/1602/2278
f 3046/1583/2279 3045/1602/2278 3043/1580/2276
f 3046/1583/2279 3047/1586/2280 3045/1602/2278
f 3048/1605/2281 3045/1602/2278 3047/1586/2280
f 3047/1586/2280 3049/1589/2282 3048/1605/2281
f 3050/1608/2283 3048/1605/2281 3049/1589/2282
f 3049/1589/2282 3051/1592/2284 3050/1608/2283
f 3052/1611/2285 3050/1608/2283 3051/1592/2284
f 3051/1592/2284 3053/1595/2286 3052/1611/2285
f 3054/1614/2287 3052/1611/2285 3053/1595/2286
o Propeller9_2
v 1.176447 -0.042719 0.582668
v 1.173021 -0.032173 0.581224
v 1.176447 -0.031630 0.581224
v 1.169930 -0.033748 0.581224
v 1.167477 -0.036201 0.581224
v 1.165902 -0.039292 0.581224
v 1.165359 -0.042719 0.581224
v 1.165902 -0.046145 0.581224
v 1.167477 -0.049236 0.581224
v 1.169930 -0.051690 0.581224
v 1.173021 -0.053265 0.581224
v 1.176447 -0.053807 0.581224
v 1.179874 -0.053265 0.581224
v 1.182965 -0.051690 0.581224
v 1.185418 -0.049236 0.581224
v 1.186993 -0.046145 0.581224
v 1.187536 -0.042719 0.581224
v 1.169930 -0.022660 0.577034
v 1.164050 -0.025656 0.577034
v 1.159384 -0.030322 0.577034
v 1.156388 -0.036201 0.577034
v 1.155356 -0.042719 0.577034
v 1.156388 -0.049236 0.577034
v 1.159384 -0.055116 0.577034
v 1.164050 -0.059782 0.577034
v 1.169930 -0.062778 0.577034
v 1.176447 -0.063810 0.577034
v 1.182965 -0.062778 0.577034
v 1.188845 -0.059782 0.577034
v 1.193511 -0.055116 0.577034
v 1.196507 -0.049236 0.577034
v 1.197539 -0.042719 0.577034
v 1.196507 -0.036201 0.577034
v 1.186993 -0.039292 0.581224
v 1.185418 -0.036201 0.581224
v 1.182965 -0.033748 0.581224
v 1.179874 -0.032173 0.581224
v 1.193511 -0.030322 0.577034
v 1.188845 -0.025656 0.577034
v 1.182965 -0.022660 0.577034
v 1.176447 -0.021627 0.577034
v 1.167477 -0.015110 0.570507
v 1.176447 -0.013689 0.570507
v 1.159384 -0.019233 0.570507
v 1.152962 -0.025656 0.570507
v 1.148839 -0.033748 0.570507
v 1.147418 -0.042719 0.570507
v 1.148839 -0.051690 0.570507
v 1.152962 -0.059782 0.570507
v 1.159384 -0.066204 0.570507
v 1.167477 -0.070328 0.570507
v 1.176448 -0.071749 0.570507
v 1.185418 -0.070328 0.570507
v 1.193511 -0.066204 0.570507
v 1.199933 -0.059782 0.570507
v 1.204056 -0.051689 0.570507
v 1.205477 -0.042719 0.570507
v 1.204056 -0.033748 0.570507
v 1.199933 -0.025656 0.570507
v 1.193511 -0.019233 0.570507
v 1.185418 -0.015110 0.570507
v 1.165902 -0.010263 0.562283
v 1.176447 -0.013689 0.570507
v 1.167477 -0.015110 0.570507
v 1.176447 -0.008592 0.562283
v 1.156388 -0.015110 0.562283
v 1.159384 -0.019233 0.570507
v 1.148839 -0.022660 0.562283
v 1.152962 -0.025656 0.570507
v 1.143991 -0.032173 0.562283
v 1.148839 -0.033748 0.570507
v 1.142321 -0.042719 0.562283
v 1.147418 -0.042719 0.570507
v 1.143991 -0.053265 0.562283
v 1.148839 -0.051690 0.570507
v 1.148839 -0.062778 0.562283
v 1.152962 -0.059782 0.570507
v 1.156388 -0.070328 0.562283
v 1.159384 -0.066204 0.570507
v 1.165902 -0.075175 0.562283
v 1.167477 -0.070328 0.570507
v 1.176448 -0.076845 0.562283
v 1.176448 -0.071749 0.570507
v 1.186993 -0.075175 0.562283
v 1.185418 -0.070328 0.570507
v 1.196507 -0.070328 0.562283
v 1.193511 -0.066204 0.570507
v 1.204056 -0.062778 0.562283
v 1.199933 -0.059782 0.570507
v 1.208904 -0.053264 0.562283
v 1.204056 -0.051689 0.570507
v 1.210574 -0.042719 0.562283
v 1.205477 -0.042719 0.570507
v 1.208904 -0.032173 0.562283
v 1.204056 -0.033748 0.570507
v 1.204056 -0.022660 0.562283
v 1.199933 -0.025656 0.570507
v 1.196506 -0.015110 0.562283
v 1.193511 -0.019233 0.570507
v 1.186993 -0.010263 0.562283
v 1.185418 -0.015110 0.570507
v 1.176447 -0.008592 0.562283
v 1.176447 -0.013689 0.570507
v 1.210574 -0.053807 0.553167
v 1.205477 -0.063810 0.553167
v 1.197539 -0.071749 0.553167
v 1.187536 -0.076845 0.553167
v 1.176448 -0.078602 0.553167
v 1.165359 -0.076845 0.553167
v 1.155356 -0.071749 0.553167
v 1.147418 -0.063810 0.553167
v 1.142321 -0.053807 0.553167
v 1.140565 -0.042719 0.553167
v 1.142321 -0.031630 0.553167
v 1.147418 -0.021628 0.553167
v 1.155356 -0.013689 0.553167
v 1.165359 -0.008592 0.553167
v 1.176447 -0.006836 0.553167
v 1.176447 -0.006836 0.495613
v 1.165359 -0.008592 0.495613
v 1.155356 -0.013689 0.495613
v 1.147418 -0.021628 0.495613
v 1.142321 -0.031630 0.495613
v 1.140565 -0.042719 0.495613
v 1.142321 -0.053807 0.495613
v 1.147418 -0.063810 0.495613
v 1.155356 -0.071749 0.495613
v 1.165359 -0.076845 0.495613
v 1.176448 -0.078602 0.495613
v 1.187536 -0.076845 0.495613
v 1.197539 -0.071749 0.495613
v 1.205477 -0.063810 0.495613
v 1.210574 -0.053807 0.495613
v 1.212330 -0.042719 0.553167
v 1.210574 -0.031630 0.553167
v 1.205477 -0.021627 0.553167
v 1.197539 -0.013689 0.553167
v 1.187536 -0.008592 0.553167
v 1.176447 -0.006836 0.553167
v 1.212330 -0.042719 0.495613
v 1.210574 -0.031630 0.495613
v 1.205477 -0.021627 0.495613
v 1.197539 -0.013689 0.495613
v 1.187536 -0.008592 0.495613
v 1.176447 -0.006836 0.495613
v 1.202506 0.212824 0.576492
v 1.198928 0.219908 0.576538
v 1.202713 0.220319 0.575719
v 1.198732 0.212824 0.577203
v 1.198414 0.226818 0.575155
v 1.202168 0.227631 0.574189
v 1.197173 0.233384 0.573113
v 1.200848 0.234578 0.571969
v 1.195210 0.239443 0.570481
v 1.198760 0.240989 0.569134
v 1.192558 0.244847 0.567338
v 1.195936 0.246706 0.565769
v 1.189276 0.249463 0.563765
v 1.192441 0.251590 0.561962
v 1.185452 0.253176 0.559845
v 1.188365 0.255518 0.557801
v 1.181193 0.255896 0.555663
v 1.183829 0.258396 0.553376
v 1.176632 0.257555 0.551302
v 1.178969 0.260151 0.548771
v 1.171910 0.258112 0.546843
v 1.173942 0.260741 0.544073
v 1.167178 0.257555 0.542369
v 1.168909 0.260151 0.539366
v 1.162588 0.255896 0.537961
v 1.164033 0.258396 0.534735
v 1.158283 0.253176 0.533704
v 1.159469 0.255518 0.530265
v 1.154393 0.249463 0.529681
v 1.155355 0.251590 0.526044
v 1.151032 0.244847 0.525980
v 1.151813 0.246706 0.522161
v 1.148286 0.239443 0.522686
v 1.148934 0.240989 0.518708
v 1.146218 0.233384 0.519886
v 1.146784 0.234578 0.515774
v 1.144863 0.226818 0.517661
v 1.145398 0.227631 0.513446
v 1.144230 0.219908 0.516086
v 1.144782 0.220319 0.511804
v 1.144303 0.212823 0.515224
v 1.144917 0.212823 0.510915
v 1.161692 0.256345 0.526562
v 1.166338 0.259278 0.531090
v 1.171310 0.261067 0.535789
v 1.151021 0.241534 0.514900
v 1.153925 0.247362 0.518376
v 1.157514 0.252340 0.522294
v 1.146911 0.220464 0.508007
v 1.147493 0.227917 0.509631
v 1.148865 0.234999 0.511956
v 1.176447 0.261668 0.540575
v 1.181585 0.261067 0.545360
v 1.186556 0.259278 0.550059
v 1.191203 0.256345 0.554587
v 1.195381 0.252340 0.558855
v 1.198969 0.247362 0.562773
v 1.201874 0.241534 0.566249
v 1.204030 0.234999 0.569193
v 1.205401 0.227917 0.571518
v 1.205984 0.220464 0.573142
v 1.205799 0.212824 0.573997
v 1.199963 0.193127 0.576169
v 1.196218 0.193127 0.576736
v 1.203271 0.193127 0.573789
v 1.194390 0.158212 0.573477
v 1.190626 0.158212 0.573695
v 1.197791 0.158212 0.571355
v 1.188886 0.119287 0.569901
v 1.185104 0.119287 0.569725
v 1.192397 0.119287 0.568061
v 1.184185 0.080860 0.565775
v 1.180391 0.080860 0.565208
v 1.187812 0.080860 0.564207
v 1.180259 0.042931 0.561123
v 1.176457 0.042931 0.560166
v 1.184009 0.042931 0.559817
v 1.177244 -0.009563 0.556279
v 1.173438 -0.009563 0.554957
v 1.181115 -0.009563 0.555211
v 1.181585 0.261067 0.545360
v 1.171310 0.261067 0.535789
v 1.147096 0.212823 0.507152
v 1.149624 0.193127 0.507360
v 1.147276 0.193127 0.510929
v 1.146476 0.193127 0.515143
v 1.152513 0.158212 0.513083
v 1.151463 0.158212 0.517214
v 1.155104 0.158212 0.509794
v 1.157643 0.119287 0.516059
v 1.156309 0.119287 0.520101
v 1.160498 0.119287 0.513088
v 1.161975 0.080860 0.519592
v 1.160357 0.080860 0.523550
v 1.165082 0.080860 0.516942
v 1.165536 0.042931 0.523659
v 1.163634 0.042931 0.527537
v 1.168885 0.042931 0.521332
v 1.168212 -0.009563 0.527960
v 1.166041 -0.009563 0.531765
v 1.171780 -0.009563 0.525938
v 1.198732 0.212824 0.577203
v 1.198414 0.226818 0.575155
v 1.198928 0.219908 0.576538
v 1.197173 0.233384 0.573113
v 1.195210 0.239443 0.570481
v 1.192558 0.244847 0.567338
v 1.189276 0.249463 0.563765
v 1.185452 0.253176 0.559845
v 1.181193 0.255896 0.555663
v 1.176632 0.257555 0.551302
v 1.171910 0.258112 0.546843
v 1.167178 0.257555 0.542369
v 1.162588 0.255896 0.537961
v 1.158283 0.253176 0.533704
v 1.154393 0.249463 0.529681
v 1.151032 0.244847 0.525980
v 1.148286 0.239443 0.522686
v 1.146218 0.233384 0.519886
v 1.144863 0.226818 0.517661
v 1.144230 0.219908 0.516086
v 1.144303 0.212823 0.515224
v 1.146476 0.193127 0.515143
v 1.196218 0.193127 0.576736
v 1.190626 0.158212 0.573695
v 1.151463 0.158212 0.517214
v 1.156309 0.119287 0.520101
v 1.185104 0.119287 0.569725
v 1.160357 0.080860 0.523550
v 1.180391 0.080860 0.565208
v 1.163634 0.042931 0.527537
v 1.176457 0.042931 0.560166
v 1.166041 -0.009563 0.531765
v 1.173438 -0.009563 0.554957
v 1.150389 0.212824 0.504657
v 1.153967 0.219908 0.504611
v 1.150181 0.220319 0.505430
v 1.154163 0.212824 0.503946
v 1.154480 0.226818 0.505994
v 1.150727 0.227631 0.506960
v 1.155722 0.233384 0.508036
v 1.152046 0.234578 0.509180
v 1.157685 0.239443 0.510668
v 1.154135 0.240989 0.512015
v 1.160337 0.244847 0.513811
v 1.156958 0.246706 0.515380
v 1.163618 0.249463 0.517384
v 1.160454 0.251590 0.519187
v 1.167443 0.253176 0.521304
v 1.164529 0.255518 0.523348
v 1.171701 0.255896 0.525486
v 1.169066 0.258396 0.527773
v 1.176263 0.257555 0.529847
v 1.173925 0.260151 0.532378
v 1.180985 0.258112 0.534306
v 1.178953 0.260741 0.537076
v 1.185717 0.257555 0.538780
v 1.183985 0.260151 0.541783
v 1.190307 0.255896 0.543188
v 1.188862 0.258396 0.546414
v 1.194612 0.253176 0.547445
v 1.193426 0.255518 0.550884
v 1.198501 0.249463 0.551468
v 1.197539 0.251590 0.555106
v 1.201863 0.244847 0.555170
v 1.201082 0.246706 0.558988
v 1.204609 0.239443 0.558463
v 1.203960 0.240989 0.562441
v 1.206677 0.233384 0.561263
v 1.206110 0.234578 0.565375
v 1.208032 0.226818 0.563488
v 1.207497 0.227631 0.567703
v 1.208665 0.219908 0.565064
v 1.208112 0.220319 0.569345
v 1.208592 0.212824 0.565925
v 1.207977 0.212824 0.570234
v 1.191203 0.256345 0.554587
v 1.186556 0.259278 0.550059
v 1.181585 0.261067 0.545360
v 1.201874 0.241534 0.566249
v 1.198969 0.247362 0.562773
v 1.195381 0.252340 0.558855
v 1.205984 0.220464 0.573142
v 1.205401 0.227917 0.571518
v 1.204030 0.234999 0.569193
v 1.176447 0.261668 0.540575
v 1.171310 0.261067 0.535789
v 1.166338 0.259278 0.531090
v 1.161692 0.256345 0.526562
v 1.157514 0.252340 0.522294
v 1.153925 0.247362 0.518376
v 1.151021 0.241534 0.514900
v 1.148865 0.234999 0.511956
v 1.147493 0.227917 0.509631
v 1.146911 0.220464 0.508007
v 1.147096 0.212823 0.507152
v 1.152932 0.193127 0.504980
v 1.156677 0.193127 0.504413
v 1.149624 0.193127 0.507360
v 1.158505 0.158212 0.507672
v 1.162269 0.158212 0.507455
v 1.155104 0.158212 0.509794
v 1.164009 0.119287 0.511248
v 1.167790 0.119287 0.511424
v 1.160498 0.119287 0.513088
v 1.168710 0.080860 0.515374
v 1.172504 0.080860 0.515941
v 1.165082 0.080860 0.516942
v 1.172636 0.042931 0.520026
v 1.176438 0.042931 0.520983
v 1.168885 0.042931 0.521332
v 1.175651 -0.009563 0.524870
v 1.179457 -0.009563 0.526193
v 1.171780 -0.009563 0.525938
v 1.171310 0.261067 0.535789
v 1.181585 0.261067 0.545360
v 1.205799 0.212824 0.573997
v 1.203271 0.193127 0.573789
v 1.205619 0.193127 0.570220
v 1.206419 0.193127 0.566006
v 1.200382 0.158212 0.568066
v 1.201432 0.158212 0.563935
v 1.197791 0.158212 0.571355
v 1.195251 0.119287 0.565090
v 1.196586 0.119287 0.561048
v 1.192397 0.119287 0.568061
v 1.190920 0.080860 0.561557
v 1.192538 0.080860 0.557600
v 1.187812 0.080860 0.564207
v 1.187358 0.042931 0.557490
v 1.189261 0.042931 0.553613
v 1.184009 0.042931 0.559817
v 1.184682 -0.009563 0.553190
v 1.186854 -0.009563 0.549384
v 1.181115 -0.009563 0.555211
v 1.154163 0.212824 0.503946
v 1.154480 0.226818 0.505994
v 1.153967 0.219908 0.504611
v 1.155722 0.233384 0.508036
v 1.157685 0.239443 0.510668
v 1.160337 0.244847 0.513811
v 1.163618 0.249463 0.517384
v 1.167443 0.253176 0.521304
v 1.171701 0.255896 0.525486
v 1.176263 0.257555 0.529847
v 1.180985 0.258112 0.534306
v 1.185717 0.257555 0.538780
v 1.190307 0.255896 0.543188
v 1.194612 0.253176 0.547445
v 1.198501 0.249463 0.551468
v 1.201863 0.244847 0.555170
v 1.204609 0.239443 0.558463
v 1.206677 0.233384 0.561263
v 1.208032 0.226818 0.563488
v 1.208665 0.219908 0.565064
v 1.208592 0.212824 0.565925
v 1.206419 0.193127 0.566006
v 1.156677 0.193127 0.504413
v 1.162269 0.158212 0.507455
v 1.201432 0.158212 0.563935
v 1.196586 0.119287 0.561048
v 1.167790 0.119287 0.511424
v 1.192538 0.080860 0.557600
v 1.172504 0.080860 0.515941
v 1.189261 0.042931 0.553613
v 1.176438 0.042931 0.520983
v 1.186854 -0.009563 0.549384
v 1.179457 -0.009563 0.526193
v 1.150389 -0.298259 0.576492
v 1.153967 -0.305343 0.576538
v 1.150182 -0.305755 0.575719
v 1.154163 -0.298259 0.577203
v 1.154480 -0.312254 0.575155
v 1.150727 -0.313066 0.574190
v 1.155722 -0.318819 0.573113
v 1.152046 -0.320013 0.571969
v 1.157685 -0.324879 0.570481
v 1.154135 -0.326424 0.569134
v 1.160337 -0.330283 0.567338
v 1.156959 -0.332142 0.565769
v 1.163619 -0.334898 0.563765
v 1.160454 -0.337025 0.561962
v 1.167443 -0.338611 0.559845
v 1.164529 -0.340954 0.557801
v 1.171701 -0.341331 0.555664
v 1.169066 -0.343831 0.553376
v 1.176263 -0.342990 0.551302
v 1.173926 -0.345586 0.548771
v 1.180985 -0.343547 0.546843
v 1.178953 -0.346176 0.544073
v 1.185717 -0.342990 0.542369
v 1.183986 -0.345586 0.539366
v 1.190307 -0.341331 0.537961
v 1.188862 -0.343831 0.534735
v 1.194612 -0.338611 0.533704
v 1.193426 -0.340954 0.530265
v 1.198501 -0.334898 0.529681
v 1.197539 -0.337025 0.526044
v 1.201863 -0.330283 0.525980
v 1.201082 -0.332142 0.522161
v 1.204609 -0.324879 0.522686
v 1.203961 -0.326424 0.518708
v 1.206677 -0.318819 0.519886
v 1.206111 -0.320013 0.515774
v 1.208032 -0.312254 0.517661
v 1.207497 -0.313066 0.513446
v 1.208665 -0.305343 0.516086
v 1.208113 -0.305755 0.511804
v 1.208592 -0.298259 0.515224
v 1.207978 -0.298259 0.510916
v 1.191203 -0.341780 0.526562
v 1.186557 -0.344713 0.531090
v 1.181585 -0.346502 0.535790
v 1.201874 -0.326969 0.514900
v 1.198970 -0.332797 0.518376
v 1.195381 -0.337775 0.522294
v 1.205984 -0.305900 0.508007
v 1.205401 -0.313352 0.509631
v 1.204030 -0.320434 0.511956
v 1.176448 -0.347103 0.540575
v 1.171310 -0.346502 0.545360
v 1.166339 -0.344713 0.550059
v 1.161692 -0.341780 0.554587
v 1.157514 -0.337775 0.558855
v 1.153925 -0.332797 0.562773
v 1.151021 -0.326969 0.566249
v 1.148865 -0.320434 0.569193
v 1.147494 -0.313352 0.571518
v 1.146911 -0.305900 0.573142
v 1.147096 -0.298259 0.573997
v 1.152932 -0.278562 0.576169
v 1.156677 -0.278562 0.576736
v 1.149624 -0.278562 0.573789
v 1.158505 -0.243647 0.573477
v 1.162269 -0.243647 0.573695
v 1.155104 -0.243647 0.571356
v 1.164009 -0.204722 0.569901
v 1.167790 -0.204722 0.569725
v 1.160498 -0.204722 0.568061
v 1.168710 -0.166296 0.565775
v 1.172504 -0.166296 0.565208
v 1.165082 -0.166296 0.564207
v 1.172636 -0.128366 0.561123
v 1.176438 -0.128366 0.560166
v 1.168886 -0.128366 0.559817
v 1.175651 -0.075872 0.556279
v 1.179457 -0.075872 0.554957
v 1.171780 -0.075872 0.555211
v 1.171310 -0.346502 0.545360
v 1.181585 -0.346502 0.535790
v 1.205799 -0.298259 0.507152
v 1.203271 -0.278562 0.507360
v 1.205619 -0.278562 0.510929
v 1.206419 -0.278562 0.515143
v 1.200382 -0.243647 0.513083
v 1.201432 -0.243647 0.517214
v 1.197791 -0.243647 0.509794
v 1.195252 -0.204722 0.516059
v 1.196586 -0.204722 0.520101
v 1.192397 -0.204722 0.513088
v 1.190920 -0.166296 0.519592
v 1.192538 -0.166296 0.523550
v 1.187813 -0.166296 0.516942
v 1.187358 -0.128366 0.523659
v 1.189261 -0.128366 0.527537
v 1.184009 -0.128366 0.521332
v 1.184682 -0.075872 0.527960
v 1.186854 -0.075872 0.531765
v 1.181115 -0.075872 0.525938
v 1.154163 -0.298259 0.577203
v 1.154480 -0.312254 0.575155
v 1.153967 -0.305343 0.576538
v 1.155722 -0.318819 0.573113
v 1.157685 -0.324879 0.570481
v 1.160337 -0.330283 0.567338
v 1.163619 -0.334898 0.563765
v 1.167443 -0.338611 0.559845
v 1.171701 -0.341331 0.555664
v 1.176263 -0.342990 0.551302
v 1.180985 -0.343547 0.546843
v 1.185717 -0.342990 0.542369
v 1.190307 -0.341331 0.537961
v 1.194612 -0.338611 0.533704
v 1.198501 -0.334898 0.529681
v 1.201863 -0.330283 0.525980
v 1.204609 -0.324879 0.522686
v 1.206677 -0.318819 0.519886
v 1.208032 -0.312254 0.517661
v 1.208665 -0.305343 0.516086
v 1.208592 -0.298259 0.515224
v 1.206419 -0.278562 0.515143
v 1.156677 -0.278562 0.576736
v 1.162269 -0.243647 0.573695
v 1.201432 -0.243647 0.517214
v 1.196586 -0.204722 0.520101
v 1.167790 -0.204722 0.569725
v 1.192538 -0.166296 0.523550
v 1.172504 -0.166296 0.565208
v 1.189261 -0.128366 0.527537
v 1.176438 -0.128366 0.560166
v 1.186854 -0.075872 0.531765
v 1.179457 -0.075872 0.554957
v 1.202506 -0.298259 0.504658
v 1.198928 -0.305343 0.504611
v 1.202713 -0.305755 0.505430
v 1.198732 -0.298259 0.503947
v 1.198415 -0.312254 0.505994
v 1.202168 -0.313066 0.506960
v 1.197173 -0.318819 0.508036
v 1.200849 -0.320013 0.509180
v 1.195210 -0.324879 0.510668
v 1.198760 -0.326424 0.512015
v 1.192558 -0.330283 0.513811
v 1.195936 -0.332142 0.515380
v 1.189276 -0.334898 0.517384
v 1.192441 -0.337025 0.519187
v 1.185452 -0.338611 0.521304
v 1.188366 -0.340954 0.523348
v 1.181194 -0.341331 0.525486
v 1.183829 -0.343831 0.527774
v 1.176632 -0.342990 0.529847
v 1.178970 -0.345586 0.532378
v 1.171910 -0.343547 0.534306
v 1.173942 -0.346176 0.537076
v 1.167178 -0.342990 0.538780
v 1.168909 -0.345586 0.541783
v 1.162588 -0.341331 0.543188
v 1.164033 -0.343831 0.546414
v 1.158283 -0.338611 0.547446
v 1.159469 -0.340954 0.550884
v 1.154394 -0.334898 0.551468
v 1.155356 -0.337025 0.555106
v 1.151032 -0.330283 0.555170
v 1.151813 -0.332142 0.558988
v 1.148286 -0.324879 0.558463
v 1.148934 -0.326424 0.562441
v 1.146218 -0.318819 0.561264
v 1.146784 -0.320013 0.565375
v 1.144863 -0.312254 0.563489
v 1.145398 -0.313066 0.567703
v 1.144230 -0.305343 0.565064
v 1.144782 -0.305755 0.569345
v 1.144303 -0.298259 0.565925
v 1.144917 -0.298259 0.570234
v 1.161692 -0.341780 0.554587
v 1.166339 -0.344713 0.550059
v 1.171310 -0.346502 0.545360
v 1.151021 -0.326969 0.566249
v 1.153925 -0.332797 0.562773
v 1.157514 -0.337775 0.558855
v 1.146911 -0.305900 0.573142
v 1.147494 -0.313352 0.571518
v 1.148865 -0.320434 0.569193
v 1.176448 -0.347103 0.540575
v 1.181585 -0.346502 0.535790
v 1.186557 -0.344713 0.531090
v 1.191203 -0.341780 0.526562
v 1.195381 -0.337775 0.522294
v 1.198970 -0.332797 0.518376
v 1.201874 -0.326969 0.514900
v 1.204030 -0.320434 0.511956
v 1.205401 -0.313352 0.509631
v 1.205984 -0.305900 0.508007
v 1.205799 -0.298259 0.507152
v 1.199963 -0.278562 0.504980
v 1.196218 -0.278562 0.504413
v 1.203271 -0.278562 0.507360
v 1.194390 -0.243647 0.507672
v 1.190626 -0.243647 0.507455
v 1.197791 -0.243647 0.509794
v 1.188886 -0.204722 0.511248
v 1.185104 -0.204722 0.511424
v 1.192397 -0.204722 0.513088
v 1.184185 -0.166296 0.515374
v 1.180391 -0.166296 0.515941
v 1.187813 -0.166296 0.516942
v 1.180259 -0.128366 0.520026
v 1.176457 -0.128366 0.520983
v 1.184009 -0.128366 0.521332
v 1.177244 -0.075872 0.524870
v 1.173438 -0.075872 0.526193
v 1.181115 -0.075872 0.525938
v 1.181585 -0.346502 0.535790
v 1.171310 -0.346502 0.545360
v 1.147096 -0.298259 0.573997
v 1.149624 -0.278562 0.573789
v 1.147276 -0.278562 0.570220
v 1.146476 -0.278562 0.566006
v 1.152513 -0.243647 0.568067
v 1.151463 -0.243647 0.563935
v 1.155104 -0.243647 0.571356
v 1.157643 -0.204722 0.565090
v 1.156309 -0.204722 0.561048
v 1.160498 -0.204722 0.568061
v 1.161975 -0.166296 0.561557
v 1.160357 -0.166296 0.557600
v 1.165082 -0.166296 0.564207
v 1.165536 -0.128366 0.557490
v 1.163634 -0.128366 0.553613
v 1.168886 -0.128366 0.559817
v 1.168212 -0.075872 0.553190
v 1.166041 -0.075872 0.549384
v 1.171780 -0.075872 0.555211
v 1.198732 -0.298259 0.503947
v 1.198415 -0.312254 0.505994
v 1.198928 -0.305343 0.504611
v 1.197173 -0.318819 0.508036
v 1.195210 -0.324879 0.510668
v 1.192558 -0.330283 0.513811
v 1.189276 -0.334898 0.517384
v 1.185452 -0.338611 0.521304
v 1.181194 -0.341331 0.525486
v 1.176632 -0.342990 0.529847
v 1.171910 -0.343547 0.534306
v 1.167178 -0.342990 0.538780
v 1.162588 -0.341331 0.543188
v 1.158283 -0.338611 0.547446
v 1.154394 -0.334898 0.551468
v 1.151032 -0.330283 0.555170
v 1.148286 -0.324879 0.558463
v 1.146218 -0.318819 0.561264
v 1.144863 -0.312254 0.563489
v 1.144230 -0.305343 0.565064
v 1.144303 -0.298259 0.565925
v 1.146476 -0.278562 0.566006
v 1.196218 -0.278562 0.504413
v 1.190626 -0.243647 0.507455
v 1.151463 -0.243647 0.563935
v 1.156309 -0.204722 0.561048
v 1.185104 -0.204722 0.511424
v 1.160357 -0.166296 0.557600
v 1.180391 -0.166296 0.515941
v 1.163634 -0.128366 0.553613
v 1.176457 -0.128366 0.520983
v 1.166041 -0.075872 0.549384
v 1.173438 -0.075872 0.526193
vn -0.0000 0.2724 0.9622
vn -0.0842 0.2591 0.9622
vn -0.0000 -0.0000 1.0000
vn -0.1601 0.2204 0.9622
vn -0.2204 0.1601 0.9622
vn -0.2591 0.0842 0.9622
vn -0.2724 -0.0000 0.9622
vn -0.2591 -0.0842 0.9622
vn -0.2204 -0.1601 0.9622
vn -0.1601 -0.2204 0.9622
vn -0.0842 -0.2591 0.9622
vn -0.0000 -0.2724 0.9622
vn 0.0842 -0.2591 0.9622
vn 0.1601 -0.2204 0.9622
vn 0.2204 -0.1601 0.9622
vn 0.2591 -0.0842 0.9622
vn 0.2724 -0.0000 0.9622
vn -0.1628 0.5009 0.8501
vn -0.3096 0.4261 0.8501
vn -0.4261 0.3096 0.8501
vn -0.5009 0.1628 0.8501
vn -0.5267 -0.0000 0.8501
vn -0.5009 -0.1628 0.8501
vn -0.4261 -0.3096 0.8501
vn -0.3096 -0.4261 0.8501
vn -0.1628 -0.5009 0.8501
vn -0.0000 -0.5267 0.8501
vn 0.1628 -0.5009 0.8501
vn 0.3096 -0.4261 0.8501
vn 0.4261 -0.3096 0.8501
vn 0.5009 -0.1628 0.8501
vn 0.5267 -0.0000 0.8501
vn 0.5009 0.1628 0.8501
vn 0.2591 0.0842 0.9622
vn 0.2204 0.1601 0.9622
vn 0.1601 0.2204 0.9622
vn 0.0842 0.2591 0.9622
vn 0.4261 0.3096 0.8501
vn 0.3096 0.4261 0.8501
vn 0.1628 0.5009 0.8501
vn -0.0000 0.5267 0.8501
vn -0.2347 0.7223 0.6505
vn -0.0000 0.7595 0.6505
vn -0.4464 0.6145 0.6505
vn -0.6145 0.4464 0.6505
vn -0.7223 0.2347 0.6505
vn -0.7595 -0.0000 0.6505
vn -0.7223 -0.2347 0.6505
vn -0.6145 -0.4464 0.6505
vn -0.4464 -0.6145 0.6505
vn -0.2347 -0.7223 0.6505
vn -0.0000 -0.7595 0.6505
vn 0.2347 -0.7223 0.6505
vn 0.4464 -0.6145 0.6505
vn 0.6145 -0.4464 0.6505
vn 0.7223 -0.2347 0.6505
vn 0.7595 -0.0000 0.6505
vn 0.7223 0.2347 0.6505
vn 0.6145 0.4464 0.6505
vn 0.4464 0.6145 0.6505
vn 0.2347 0.7223 0.6505
vn -0.2347 0.7224 0.6505
vn -0.2885 0.8880 0.3580
vn -0.0000 0.9337 0.3580
vn -0.5488 0.7554 0.3580
vn -0.7554 0.5488 0.3580
vn -0.8880 0.2885 0.3580
vn -0.7224 0.2347 0.6505
vn -0.9337 -0.0000 0.3580
vn -0.8880 -0.2885 0.3580
vn -0.7224 -0.2347 0.6505
vn -0.7554 -0.5488 0.3580
vn -0.5488 -0.7554 0.3580
vn -0.2885 -0.8880 0.3580
vn -0.2347 -0.7224 0.6505
vn -0.0000 -0.9337 0.3580
vn 0.2885 -0.8880 0.3580
vn 0.2347 -0.7224 0.6505
vn 0.5488 -0.7554 0.3580
vn 0.7554 -0.5488 0.3580
vn 0.8880 -0.2885 0.3580
vn 0.7224 -0.2347 0.6505
vn 0.9337 -0.0000 0.3580
vn 0.8880 0.2885 0.3580
vn 0.7224 0.2347 0.6505
vn 0.7554 0.5488 0.3580
vn 0.5488 0.7554 0.3580
vn 0.2885 0.8880 0.3580
vn 0.2347 0.7224 0.6505
vn 0.9468 -0.3076 0.0941
vn 0.8054 -0.5852 0.0941
vn 0.5852 -0.8054 0.0941
vn 0.3076 -0.9468 0.0941
vn -0.0000 -0.9956 0.0941
vn -0.3076 -0.9468 0.0941
vn -0.5852 -0.8054 0.0941
vn -0.8054 -0.5852 0.0941
vn -0.9468 -0.3076 0.0941
vn -0.9956 -0.0000 0.0941
vn -0.9468 0.3076 0.0941
vn -0.8054 0.5852 0.0941
vn -0.5852 0.8054 0.0941
vn -0.3076 0.9468 0.0941
vn -0.0000 0.9956 0.0941
vn -0.0000 1.0000 -0.0000
vn -0.3090 0.9511 -0.0000
vn -0.5878 0.8090 -0.0000
vn -0.8090 0.5878 -0.0000
vn -0.9511 0.3090 -0.0000
vn -1.0000 -0.0000 -0.0000
vn -0.9511 -0.3090 -0.0000
vn -0.8090 -0.5878 -0.0000
vn -0.5878 -0.8090 -0.0000
vn -0.3090 -0.9511 -0.0000
vn -0.0000 -1.0000 -0.0000
vn 0.3090 -0.9511 -0.0000
vn 0.5878 -0.8090 -0.0000
vn 0.8090 -0.5878 -0.0000
vn 0.9511 -0.3090 -0.0000
vn 0.9956 -0.0000 0.0941
vn 0.9468 0.3076 0.0941
vn 0.8054 0.5852 0.0941
vn 0.5852 0.8054 0.0941
vn 0.3076 0.9468 0.0941
vn 1.0000 -0.0000 -0.0000
vn 0.9511 0.3090 -0.0000
vn 0.8090 0.5878 -0.0000
vn 0.5878 0.8090 -0.0000
vn 0.3090 0.9511 -0.0000
vn 0.4152 0.1489 0.8975
vn 0.1914 0.1456 0.9707
vn 0.4084 0.0041 0.9128
vn 0.1851 0.0165 0.9826
vn 0.1841 0.2628 0.9471
vn 0.4048 0.2819 0.8699
vn 0.1597 0.3755 0.9130
vn 0.3758 0.4106 0.8308
vn 0.1182 0.4809 0.8688
vn 0.3279 0.5321 0.7806
vn 0.0599 0.5760 0.8153
vn 0.2610 0.6429 0.7201
vn -0.0140 0.6576 0.7533
vn 0.1764 0.7392 0.6500
vn -0.1015 0.7224 0.6839
vn 0.0759 0.8169 0.5718
vn -0.1998 0.7679 0.6087
vn -0.0370 0.8726 0.4871
vn -0.3055 0.7917 0.5291
vn -0.1586 0.9037 0.3977
vn -0.4145 0.7928 0.4469
vn -0.2842 0.9087 0.3058
vn -0.5227 0.7709 0.3640
vn -0.4088 0.8874 0.2132
vn -0.6257 0.7273 0.2821
vn -0.5276 0.8406 0.1223
vn -0.7198 0.6638 0.2032
vn -0.6361 0.7708 0.0350
vn -0.8017 0.5836 0.1290
vn -0.7307 0.6812 -0.0464
vn -0.8693 0.4904 0.0614
vn -0.8085 0.5760 -0.1202
vn -0.9216 0.3882 0.0016
vn -0.8686 0.4599 -0.1846
vn -0.9586 0.2805 -0.0491
vn -0.9107 0.3371 -0.2385
vn -0.9813 0.1705 -0.0898
vn -0.9361 0.2113 -0.2812
vn -0.9910 0.0605 -0.1198
vn -0.9462 0.0851 -0.3121
vn -0.9884 -0.0552 -0.1416
vn -0.9421 -0.0487 -0.3318
vn -0.3948 0.8719 -0.2898
vn -0.2721 0.9419 -0.1972
vn -0.1388 0.9853 -0.0998
vn -0.6620 0.5418 -0.5179
vn -0.5922 0.6672 -0.4519
vn -0.5025 0.7788 -0.3753
vn -0.7534 0.1265 -0.6453
vn -0.7416 0.2679 -0.6150
vn -0.7116 0.4073 -0.5725
vn 0.1388 0.9853 0.0998
vn 0.2721 0.9419 0.1972
vn 0.3948 0.8719 0.2898
vn 0.5026 0.7788 0.3753
vn 0.5922 0.6672 0.4519
vn 0.6620 0.5418 0.5179
vn 0.7116 0.4073 0.5725
vn 0.7416 0.2679 0.6150
vn 0.7534 0.1265 0.6453
vn 0.7486 -0.0257 0.6626
vn 0.3751 -0.0937 0.9222
vn 0.1483 -0.0708 0.9864
vn 0.7162 -0.1264 0.6864
vn 0.2986 -0.1254 0.9461
vn 0.0542 -0.0976 0.9938
vn 0.6605 -0.1538 0.7349
vn 0.2126 -0.1251 0.9691
vn -0.0494 -0.0981 0.9939
vn 0.5949 -0.1492 0.7898
vn 0.1263 -0.1279 0.9837
vn -0.1503 -0.1018 0.9834
vn 0.5244 -0.1476 0.8386
vn 0.0410 -0.1126 0.9928
vn -0.2452 -0.0882 0.9654
vn 0.4512 -0.1257 0.8835
vn -0.0403 -0.0905 0.9951
vn -0.3273 -0.0747 0.9420
vn 0.3814 -0.0983 0.9192
vn -0.7486 -0.0257 -0.6626
vn -0.7162 -0.1264 -0.6864
vn -0.9174 -0.1350 -0.3744
vn -0.9735 -0.1318 -0.1871
vn -0.8852 -0.1558 -0.4384
vn -0.9579 -0.1479 -0.2460
vn -0.6605 -0.1538 -0.7349
vn -0.8463 -0.1473 -0.5119
vn -0.9399 -0.1371 -0.3127
vn -0.5949 -0.1492 -0.7898
vn -0.8009 -0.1415 -0.5819
vn -0.9171 -0.1282 -0.3776
vn -0.5244 -0.1476 -0.8386
vn -0.7531 -0.1161 -0.6476
vn -0.8924 -0.1015 -0.4398
vn -0.4512 -0.1257 -0.8835
vn -0.7070 -0.0910 -0.7014
vn -0.8658 -0.0795 -0.4940
vn -0.3814 -0.0983 -0.9192
vn -0.7194 0.0845 0.6895
vn -0.7015 0.0875 0.7072
vn -0.7416 0.0448 0.6694
vn -0.6861 0.0915 0.7217
vn -0.6741 0.0957 0.7324
vn -0.6662 0.0992 0.7391
vn -0.6627 0.1011 0.7420
vn -0.6636 0.1005 0.7413
vn -0.6684 0.0967 0.7375
vn -0.6765 0.0891 0.7311
vn -0.6869 0.0776 0.7226
vn -0.6987 0.0622 0.7127
vn -0.7106 0.0435 0.7022
vn -0.7218 0.0222 0.6918
vn -0.7313 -0.0004 0.6820
vn -0.7387 -0.0229 0.6736
vn -0.7439 -0.0439 0.6669
vn -0.7469 -0.0620 0.6621
vn -0.7482 -0.0759 0.6591
vn -0.7485 -0.0847 0.6577
vn -0.7486 -0.0865 0.6574
vn -0.7801 -0.0493 0.6238
vn -0.7756 0.0775 0.6264
vn -0.8170 0.0260 0.5761
vn -0.8196 -0.0726 0.5683
vn -0.8494 -0.0306 0.5269
vn -0.8735 0.0448 0.4847
vn -0.8893 -0.0184 0.4569
vn -0.9073 0.0353 0.4190
vn -0.9223 -0.0047 0.3863
vn -0.9335 0.0248 0.3578
vn -0.9450 0.0107 0.3269
vn -0.9524 0.0246 0.3038
vn -0.4152 0.1489 -0.8975
vn -0.1914 0.1456 -0.9707
vn -0.4084 0.0041 -0.9128
vn -0.1851 0.0165 -0.9826
vn -0.1841 0.2628 -0.9471
vn -0.4048 0.2819 -0.8699
vn -0.1597 0.3755 -0.9130
vn -0.3758 0.4106 -0.8308
vn -0.1182 0.4809 -0.8688
vn -0.3279 0.5321 -0.7806
vn -0.0599 0.5760 -0.8153
vn -0.2610 0.6429 -0.7201
vn 0.0140 0.6576 -0.7533
vn -0.1764 0.7392 -0.6500
vn 0.1015 0.7224 -0.6839
vn -0.0759 0.8169 -0.5718
vn 0.1998 0.7678 -0.6087
vn 0.0371 0.8726 -0.4871
vn 0.3055 0.7917 -0.5291
vn 0.1586 0.9037 -0.3977
vn 0.4145 0.7928 -0.4469
vn 0.2842 0.9087 -0.3058
vn 0.5227 0.7710 -0.3640
vn 0.4088 0.8874 -0.2132
vn 0.6257 0.7273 -0.2821
vn 0.5276 0.8406 -0.1223
vn 0.7198 0.6638 -0.2032
vn 0.6361 0.7708 -0.0350
vn 0.8017 0.5836 -0.1290
vn 0.7307 0.6812 0.0464
vn 0.8693 0.4904 -0.0613
vn 0.8085 0.5760 0.1202
vn 0.9216 0.3882 -0.0016
vn 0.8686 0.4599 0.1846
vn 0.9586 0.2805 0.0491
vn 0.9107 0.3371 0.2385
vn 0.9813 0.1705 0.0898
vn 0.9361 0.2113 0.2812
vn 0.9909 0.0605 0.1198
vn 0.9462 0.0851 0.3121
vn 0.9884 -0.0552 0.1416
vn 0.9421 -0.0487 0.3318
vn 0.5025 0.7788 0.3753
vn -0.2720 0.9419 -0.1972
vn -0.5025 0.7788 -0.3754
vn -0.3751 -0.0937 -0.9222
vn -0.1483 -0.0708 -0.9864
vn -0.2986 -0.1254 -0.9461
vn -0.0541 -0.0976 -0.9938
vn -0.2126 -0.1251 -0.9691
vn 0.0495 -0.0981 -0.9939
vn -0.1263 -0.1279 -0.9837
vn 0.1503 -0.1018 -0.9834
vn -0.0410 -0.1126 -0.9928
vn 0.2452 -0.0882 -0.9654
vn 0.0403 -0.0905 -0.9951
vn 0.3273 -0.0747 -0.9420
vn 0.9174 -0.1350 0.3744
vn 0.9735 -0.1318 0.1871
vn 0.8852 -0.1558 0.4384
vn 0.9579 -0.1479 0.2460
vn 0.8463 -0.1473 0.5119
vn 0.9399 -0.1371 0.3127
vn 0.8009 -0.1415 0.5819
vn 0.9171 -0.1282 0.3776
vn 0.7531 -0.1161 0.6476
vn 0.8924 -0.1015 0.4398
vn 0.7069 -0.0910 0.7014
vn 0.8658 -0.0795 0.4940
vn 0.7194 0.0845 -0.6895
vn 0.7016 0.0875 -0.7072
vn 0.7416 0.0448 -0.6694
vn 0.6861 0.0915 -0.7217
vn 0.6742 0.0957 -0.7324
vn 0.6662 0.0992 -0.7391
vn 0.6627 0.1011 -0.7420
vn 0.6636 0.1005 -0.7413
vn 0.6684 0.0966 -0.7375
vn 0.6765 0.0891 -0.7311
vn 0.6869 0.0776 -0.7226
vn 0.6987 0.0622 -0.7127
vn 0.7106 0.0435 -0.7022
vn 0.7218 0.0222 -0.6918
vn 0.7313 -0.0004 -0.6820
vn 0.7387 -0.0229 -0.6736
vn 0.7439 -0.0439 -0.6669
vn 0.7469 -0.0620 -0.6621
vn 0.7482 -0.0759 -0.6591
vn 0.7485 -0.0847 -0.6577
vn 0.7486 -0.0865 -0.6574
vn 0.7801 -0.0493 -0.6238
vn 0.7756 0.0775 -0.6264
vn 0.8170 0.0260 -0.5761
vn 0.8196 -0.0726 -0.5683
vn 0.8494 -0.0306 -0.5269
vn 0.8735 0.0448 -0.4847
vn 0.8893 -0.0184 -0.4569
vn 0.9073 0.0353 -0.4190
vn 0.9223 -0.0047 -0.3863
vn 0.9335 0.0248 -0.3578
vn 0.9450 0.0107 -0.3269
vn 0.9524 0.0246 -0.3038
vn -0.4152 -0.1489 0.8975
vn -0.1914 -0.1456 0.9707
vn -0.4084 -0.0041 0.9128
vn -0.1851 -0.0165 0.9826
vn -0.1841 -0.2628 0.9471
vn -0.4048 -0.2819 0.8699
vn -0.1598 -0.3755 0.9130
vn -0.3758 -0.4106 0.8308
vn -0.1182 -0.4809 0.8688
vn -0.3279 -0.5321 0.7806
vn -0.0599 -0.5760 0.8153
vn -0.2610 -0.6429 0.7201
vn 0.0140 -0.6576 0.7533
vn -0.1764 -0.7392 0.6500
vn 0.1015 -0.7225 0.6839
vn -0.0759 -0.8169 0.5718
vn 0.1998 -0.7679 0.6087
vn 0.0371 -0.8726 0.4871
vn 0.3055 -0.7917 0.5291
vn 0.1586 -0.9037 0.3977
vn 0.4145 -0.7928 0.4469
vn 0.2842 -0.9087 0.3057
vn 0.5227 -0.7709 0.3640
vn 0.4088 -0.8874 0.2132
vn 0.6257 -0.7273 0.2821
vn 0.5276 -0.8406 0.1223
vn 0.7198 -0.6638 0.2032
vn 0.6361 -0.7708 0.0350
vn 0.8017 -0.5836 0.1290
vn 0.7307 -0.6812 -0.0464
vn 0.8693 -0.4904 0.0613
vn 0.8085 -0.5760 -0.1202
vn 0.9216 -0.3882 0.0016
vn 0.8686 -0.4599 -0.1846
vn 0.9586 -0.2805 -0.0491
vn 0.9107 -0.3371 -0.2385
vn 0.9813 -0.1705 -0.0898
vn 0.9361 -0.2113 -0.2812
vn 0.9910 -0.0605 -0.1198
vn 0.9462 -0.0851 -0.3121
vn 0.9884 0.0552 -0.1416
vn 0.9421 0.0487 -0.3318
vn 0.3947 -0.8719 -0.2898
vn 0.2721 -0.9419 -0.1972
vn 0.1388 -0.9853 -0.0998
vn 0.6620 -0.5418 -0.5179
vn 0.5922 -0.6672 -0.4519
vn 0.5025 -0.7788 -0.3753
vn 0.7534 -0.1265 -0.6453
vn 0.7416 -0.2679 -0.6150
vn 0.7116 -0.4073 -0.5725
vn -0.1388 -0.9853 0.0998
vn -0.2720 -0.9419 0.1972
vn -0.3948 -0.8719 0.2898
vn -0.5025 -0.7788 0.3753
vn -0.5922 -0.6672 0.4519
vn -0.6620 -0.5418 0.5179
vn -0.7116 -0.4073 0.5725
vn -0.7416 -0.2679 0.6150
vn -0.7534 -0.1265 0.6453
vn -0.7486 0.0257 0.6626
vn -0.3751 0.0937 0.9222
vn -0.1483 0.0708 0.9864
vn -0.7162 0.1264 0.6864
vn -0.2986 0.1254 0.9461
vn -0.0542 0.0976 0.9938
vn -0.6605 0.1538 0.7349
vn -0.2126 0.1251 0.9691
vn 0.0494 0.0981 0.9939
vn -0.5949 0.1492 0.7898
vn -0.1263 0.1279 0.9837
vn 0.1503 0.1018 0.9834
vn -0.5244 0.1476 0.8386
vn -0.0410 0.1126 0.9928
vn 0.2452 0.0882 0.9654
vn -0.4512 0.1257 0.8835
vn 0.0403 0.0905 0.9951
vn 0.3273 0.0747 0.9420
vn -0.3814 0.0983 0.9192
vn 0.7486 0.0257 -0.6626
vn 0.7162 0.1264 -0.6864
vn 0.9174 0.1350 -0.3744
vn 0.9735 0.1318 -0.1871
vn 0.8852 0.1558 -0.4384
vn 0.9579 0.1479 -0.2460
vn 0.6605 0.1538 -0.7349
vn 0.8463 0.1473 -0.5119
vn 0.9399 0.1371 -0.3127
vn 0.5949 0.1492 -0.7898
vn 0.8009 0.1415 -0.5819
vn 0.9171 0.1282 -0.3776
vn 0.5244 0.1476 -0.8386
vn 0.7531 0.1161 -0.6476
vn 0.8924 0.1015 -0.4398
vn 0.4512 0.1257 -0.8835
vn 0.7070 0.0910 -0.7014
vn 0.8658 0.0795 -0.4940
vn 0.3814 0.0983 -0.9192
vn 0.7194 -0.0845 0.6895
vn 0.7015 -0.0875 0.7072
vn 0.7416 -0.0448 0.6694
vn 0.6861 -0.0915 0.7217
vn 0.6741 -0.0957 0.7324
vn 0.6662 -0.0992 0.7391
vn 0.6627 -0.1011 0.7420
vn 0.6636 -0.1005 0.7413
vn 0.6684 -0.0967 0.7375
vn 0.6765 -0.0891 0.7311
vn 0.6869 -0.0776 0.7226
vn 0.6987 -0.0622 0.7127
vn 0.7106 -0.0435 0.7022
vn 0.7218 -0.0222 0.6918
vn 0.7313 0.0004 0.6820
vn 0.7387 0.0229 0.6736
vn 0.7439 0.0439 0.6669
vn 0.7469 0.0620 0.6621
vn 0.7482 0.0759 0.6591
vn 0.7485 0.0847 0.6577
vn 0.7486 0.0865 0.6574
vn 0.7801 0.0493 0.6238
vn 0.7756 -0.0775 0.6264
vn 0.8170 -0.0260 0.5761
vn 0.8196 0.0726 0.5683
vn 0.8494 0.0306 0.5269
vn 0.8735 -0.0448 0.4847
vn 0.8893 0.0184 0.4569
vn 0.9073 -0.0353 0.4190
vn 0.9223 0.0047 0.3863
vn 0.9335 -0.0248 0.3578
vn 0.9450 -0.0107 0.3269
vn 0.9524 -0.0246 0.3038
vn 0.4152 -0.1489 -0.8975
vn 0.1914 -0.1456 -0.9707
vn 0.4084 -0.0041 -0.9128
vn 0.1851 -0.0165 -0.9826
vn 0.1841 -0.2628 -0.9471
vn 0.4048 -0.2819 -0.8699
vn 0.1597 -0.3755 -0.9130
vn 0.3758 -0.4106 -0.8308
vn 0.1182 -0.4809 -0.8688
vn 0.3279 -0.5321 -0.7806
vn 0.0599 -0.5760 -0.8153
vn 0.2611 -0.6429 -0.7201
vn -0.0140 -0.6576 -0.7533
vn 0.1764 -0.7392 -0.6500
vn -0.1015 -0.7224 -0.6839
vn 0.0759 -0.8169 -0.5718
vn -0.1998 -0.7678 -0.6087
vn -0.0371 -0.8726 -0.4871
vn -0.3055 -0.7917 -0.5291
vn -0.1586 -0.9037 -0.3977
vn -0.4145 -0.7928 -0.4469
vn -0.2842 -0.9087 -0.3057
vn -0.5227 -0.7710 -0.3640
vn -0.4088 -0.8874 -0.2132
vn -0.6257 -0.7273 -0.2821
vn -0.5276 -0.8406 -0.1222
vn -0.7198 -0.6638 -0.2032
vn -0.6361 -0.7708 -0.0350
vn -0.8017 -0.5836 -0.1290
vn -0.7307 -0.6812 0.0464
vn -0.8693 -0.4904 -0.0614
vn -0.8085 -0.5760 0.1202
vn -0.9216 -0.3882 -0.0016
vn -0.8686 -0.4599 0.1846
vn -0.9586 -0.2805 0.0491
vn -0.9107 -0.3371 0.2385
vn -0.9813 -0.1705 0.0898
vn -0.9361 -0.2113 0.2812
vn -0.9910 -0.0605 0.1198
vn -0.9462 -0.0851 0.3121
vn -0.9884 0.0552 0.1416
vn -0.9421 0.0487 0.3318
vn -0.3947 -0.8719 0.2898
vn -0.2721 -0.9419 0.1972
vn 0.2720 -0.9419 -0.1972
vn 0.3948 -0.8719 -0.2898
vn 0.3751 0.0937 -0.9222
vn 0.1483 0.0708 -0.9864
vn 0.2986 0.1254 -0.9461
vn 0.0541 0.0976 -0.9938
vn 0.2126 0.1251 -0.9691
vn -0.0495 0.0981 -0.9939
vn 0.1263 0.1279 -0.9837
vn -0.1503 0.1018 -0.9834
vn 0.0410 0.1126 -0.9928
vn -0.2452 0.0882 -0.9654
vn -0.0403 0.0905 -0.9951
vn -0.3273 0.0747 -0.9420
vn -0.7486 0.0258 0.6626
vn -0.9174 0.1350 0.3744
vn -0.9735 0.1318 0.1871
vn -0.8852 0.1558 0.4384
vn -0.9579 0.1479 0.2460
vn -0.8463 0.1473 0.5119
vn -0.9399 0.1371 0.3127
vn -0.8009 0.1415 0.5819
vn -0.9171 0.1282 0.3776
vn -0.7531 0.1161 0.6476
vn -0.8924 0.1015 0.4398
vn -0.7069 0.0910 0.7014
vn -0.8658 0.0795 0.4940
vn -0.7194 -0.0845 -0.6895
vn -0.7016 -0.0875 -0.7072
vn -0.7416 -0.0448 -0.6694
vn -0.6861 -0.0915 -0.7217
vn -0.6742 -0.0957 -0.7324
vn -0.6662 -0.0992 -0.7391
vn -0.6627 -0.1011 -0.7420
vn -0.6636 -0.1005 -0.7413
vn -0.6684 -0.0966 -0.7375
vn -0.6765 -0.0891 -0.7311
vn -0.6869 -0.0776 -0.7226
vn -0.6987 -0.0622 -0.7127
vn -0.7106 -0.0435 -0.7022
vn -0.7218 -0.0222 -0.6918
vn -0.7313 0.0004 -0.6820
vn -0.7387 0.0229 -0.6736
vn -0.7439 0.0439 -0.6669
vn -0.7469 0.0620 -0.6621
vn -0.7482 0.0759 -0.6591
vn -0.7485 0.0847 -0.6577
vn -0.7486 0.0865 -0.6574
vn -0.7801 0.0493 -0.6238
vn -0.7756 -0.0775 -0.6264
vn -0.8170 -0.0260 -0.5761
vn -0.8196 0.0726 -0.5683
vn -0.8494 0.0306 -0.5269
vn -0.8735 -0.0448 -0.4847
vn -0.8893 0.0184 -0.4569
vn -0.9073 -0.0353 -0.4190
vn -0.9223 0.0047 -0.3863
vn -0.9335 -0.0248 -0.3578
vn -0.9450 -0.0107 -0.3269
vn -0.9524 -0.0246 -0.3038
vt 0.931242 0.089239
vt 0.925746 0.088368
vt 0.931242 0.071453
vt 0.920788 0.085842
vt 0.916853 0.081907
vt 0.914327 0.076949
vt 0.913456 0.071453
vt 0.914327 0.065957
vt 0.916853 0.060998
vt 0.920788 0.057064
vt 0.925746 0.054537
vt 0.931242 0.053667
vt 0.936738 0.054537
vt 0.941697 0.057064
vt 0.945631 0.060998
vt 0.948158 0.065957
vt 0.949028 0.071453
vt 0.920788 0.103628
vt 0.911357 0.098823
vt 0.903872 0.091338
vt 0.899067 0.081907
vt 0.897411 0.071453
vt 0.899067 0.060998
vt 0.903872 0.051567
vt 0.911357 0.044083
vt 0.920788 0.039278
vt 0.931242 0.037622
vt 0.941697 0.039278
vt 0.951128 0.044083
vt 0.958612 0.051567
vt 0.963417 0.060998
vt 0.965073 0.071453
vt 0.963417 0.081907
vt 0.948158 0.076949
vt 0.945631 0.081907
vt 0.941696 0.085842
vt 0.936738 0.088368
vt 0.958612 0.091338
vt 0.951128 0.098823
vt 0.941696 0.103628
vt 0.931242 0.105284
vt 0.916853 0.115738
vt 0.931242 0.118017
vt 0.903872 0.109124
vt 0.893571 0.098823
vt 0.886957 0.085842
vt 0.884678 0.071453
vt 0.886957 0.057064
vt 0.893571 0.044083
vt 0.903872 0.033781
vt 0.916853 0.027167
vt 0.931242 0.024888
vt 0.945631 0.027167
vt 0.958612 0.033781
vt 0.968914 0.044083
vt 0.975528 0.057064
vt 0.977807 0.071453
vt 0.975528 0.085842
vt 0.968914 0.098823
vt 0.958612 0.109124
vt 0.945631 0.115738
vt 0.652449 0.529588
vt 0.642010 0.529588
vt 0.652449 0.516855
vt 0.642010 0.516855
vt 0.662888 0.516855
vt 0.662888 0.529588
vt 0.673327 0.516855
vt 0.673327 0.529588
vt 0.683765 0.516855
vt 0.683765 0.529588
vt 0.694204 0.516855
vt 0.694204 0.529588
vt 0.704643 0.516855
vt 0.704643 0.529588
vt 0.715082 0.516855
vt 0.715082 0.529588
vt 0.725521 0.516855
vt 0.725521 0.529588
vt 0.735959 0.516855
vt 0.735959 0.529588
vt 0.746398 0.516855
vt 0.746398 0.529588
vt 0.756837 0.516855
vt 0.756837 0.529588
vt 0.767276 0.516855
vt 0.767276 0.529588
vt 0.777715 0.516855
vt 0.777715 0.529588
vt 0.788153 0.516855
vt 0.788153 0.529588
vt 0.798592 0.516855
vt 0.798592 0.529588
vt 0.809031 0.516855
vt 0.809031 0.529588
vt 0.819470 0.516855
vt 0.819470 0.529588
vt 0.829909 0.516855
vt 0.829909 0.529588
vt 0.840348 0.516855
vt 0.840348 0.529588
vt 0.850786 0.516855
vt 0.850786 0.529588
vt 0.788153 0.503734
vt 0.777715 0.503734
vt 0.767276 0.503734
vt 0.756837 0.503734
vt 0.746398 0.503734
vt 0.735959 0.503734
vt 0.725521 0.503734
vt 0.715082 0.503734
vt 0.704643 0.503734
vt 0.694204 0.503734
vt 0.683765 0.503734
vt 0.673327 0.503734
vt 0.662888 0.503734
vt 0.652449 0.503734
vt 0.642010 0.503734
vt 0.642010 0.465168
vt 0.652449 0.465168
vt 0.662888 0.465168
vt 0.673327 0.465168
vt 0.683765 0.465168
vt 0.694204 0.465168
vt 0.704643 0.465168
vt 0.715082 0.465168
vt 0.725521 0.465168
vt 0.735959 0.465168
vt 0.746398 0.465168
vt 0.756837 0.465168
vt 0.767276 0.465168
vt 0.777715 0.465168
vt 0.788153 0.465168
vt 0.798592 0.503734
vt 0.809031 0.503734
vt 0.819470 0.503734
vt 0.829909 0.503734
vt 0.840348 0.503734
vt 0.850786 0.503734
vt 0.798592 0.465168
vt 0.809031 0.465168
vt 0.819470 0.465168
vt 0.829909 0.465168
vt 0.840348 0.465168
vt 0.850786 0.465168
vt 0.980155 0.654262
vt 0.976960 0.653643
vt 0.980882 0.642985
vt 0.977646 0.642985
vt 0.974918 0.664039
vt 0.977995 0.665262
vt 0.971571 0.673917
vt 0.974454 0.675713
vt 0.967001 0.683033
vt 0.969618 0.685358
vt 0.961320 0.691163
vt 0.963608 0.693960
vt 0.954669 0.698106
vt 0.956571 0.701306
vt 0.947212 0.703693
vt 0.948681 0.707217
vt 0.939131 0.707784
vt 0.940131 0.711546
vt 0.930626 0.710280
vt 0.931132 0.714186
vt 0.921907 0.711119
vt 0.921907 0.715074
vt 0.913187 0.710280
vt 0.912681 0.714186
vt 0.904682 0.707784
vt 0.903683 0.711546
vt 0.896602 0.703693
vt 0.895133 0.707217
vt 0.889144 0.698106
vt 0.887242 0.701306
vt 0.882493 0.691163
vt 0.880205 0.693960
vt 0.876813 0.683033
vt 0.874195 0.685358
vt 0.872243 0.673917
vt 0.869360 0.675713
vt 0.868896 0.664039
vt 0.865818 0.665262
vt 0.866854 0.653643
vt 0.863658 0.654262
vt 0.866168 0.642985
vt 0.862932 0.642985
vt 0.894615 0.708460
vt 0.903330 0.712872
vt 0.912503 0.715564
vt 0.873272 0.686178
vt 0.879398 0.694946
vt 0.886571 0.702435
vt 0.862531 0.654480
vt 0.864733 0.665693
vt 0.868343 0.676346
vt 0.921907 0.716469
vt 0.931311 0.715564
vt 0.940484 0.712872
vt 0.949199 0.708460
vt 0.957242 0.702435
vt 0.964415 0.694946
vt 0.970542 0.686178
vt 0.975470 0.676346
vt 0.979080 0.665693
vt 0.981283 0.654480
vt 0.982023 0.642985
vt 0.978616 0.613353
vt 0.975446 0.613353
vt 0.979650 0.613353
vt 0.971464 0.560825
vt 0.968253 0.560825
vt 0.972422 0.560825
vt 0.963491 0.502265
vt 0.960234 0.502265
vt 0.964364 0.502265
vt 0.955621 0.444455
vt 0.952318 0.444455
vt 0.956410 0.444455
vt 0.947851 0.387393
vt 0.944504 0.387393
vt 0.948558 0.387393
vt 0.940625 0.334313
vt 0.937235 0.334313
vt 0.941255 0.334313
vt 0.861791 0.642985
vt 0.864164 0.613353
vt 0.865197 0.613353
vt 0.868368 0.613353
vt 0.872349 0.560825
vt 0.875561 0.560825
vt 0.871392 0.560825
vt 0.880322 0.502265
vt 0.883580 0.502265
vt 0.879449 0.502265
vt 0.888193 0.444455
vt 0.891496 0.444455
vt 0.887404 0.444455
vt 0.895962 0.387393
vt 0.899310 0.387393
vt 0.895255 0.387393
vt 0.903189 0.334313
vt 0.906579 0.334313
vt 0.902559 0.334313
vt 0.863658 0.654262
vt 0.862932 0.642985
vt 0.866168 0.642985
vt 0.865819 0.665262
vt 0.872243 0.673917
vt 0.876813 0.683033
vt 0.895133 0.707217
vt 0.904682 0.707784
vt 0.921907 0.715074
vt 0.948681 0.707217
vt 0.967001 0.683033
vt 0.971571 0.673917
vt 0.980155 0.654262
s 1
usemtl Airplane9_01
f 3057/1629/2288 3056/1630/2289 3055/1631/2290
f 3056/1630/2289 3058/1632/2291 3055/1631/2290
f 3058/1632/2291 3059/1633/2292 3055/1631/2290
f 3059/1633/2292 3060/1634/2293 3055/1631/2290
f 3060/1634/2293 3061/1635/2294 3055/1631/2290
f 3061/1635/2294 3062/1636/2295 3055/1631/2290
f 3062/1636/2295 3063/1637/2296 3055/1631/2290
f 3063/1637/2296 3064/1638/2297 3055/1631/2290
f 3064/1638/2297 3065/1639/2298 3055/1631/2290
f 3065/1639/2298 3066/1640/2299 3055/1631/2290
f 3066/1640/2299 3067/1641/2300 3055/1631/2290
f 3067/1641/2300 3068/1642/2301 3055/1631/2290
f 3068/1642/2301 3069/1643/2302 3055/1631/2290
f 3069/1643/2302 3070/1644/2303 3055/1631/2290
f 3070/1644/2303 3071/1645/2304 3055/1631/2290
f 3056/1630/2289 3057/1629/2288 3072/1646/2305
f 3058/1632/2291 3056/1630/2289 3073/1647/2306
f 3072/1646/2305 3073/1647/2306 3056/1630/2289
f 3073/1647/2306 3074/1648/2307 3058/1632/2291
f 3059/1633/2292 3058/1632/2291 3074/1648/2307
f 3074/1648/2307 3075/1649/2308 3059/1633/2292
f 3060/1634/2293 3059/1633/2292 3075/1649/2308
f 3075/1649/2308 3076/1650/2309 3060/1634/2293
f 3061/1635/2294 3060/1634/2293 3076/1650/2309
f 3076/1650/2309 3077/1651/2310 3061/1635/2294
f 3062/1636/2295 3061/1635/2294 3077/1651/2310
f 3077/1651/2310 3078/1652/2311 3062/1636/2295
f 3063/1637/2296 3062/1636/2295 3078/1652/2311
f 3078/1652/2311 3079/1653/2312 3063/1637/2296
f 3064/1638/2297 3063/1637/2296 3079/1653/2312
f 3079/1653/2312 3080/1654/2313 3064/1638/2297
f 3065/1639/2298 3064/1638/2297 3080/1654/2313
f 3080/1654/2313 3081/1655/2314 3065/1639/2298
f 3066/1640/2299 3065/1639/2298 3081/1655/2314
f 3081/1655/2314 3082/1656/2315 3066/1640/2299
f 3067/1641/2300 3066/1640/2299 3082/1656/2315
f 3082/1656/2315 3083/1657/2316 3067/1641/2300
f 3068/1642/2301 3067/1641/2300 3083/1657/2316
f 3083/1657/2316 3084/1658/2317 3068/1642/2301
f 3069/1643/2302 3068/1642/2301 3084/1658/2317
f 3084/1658/2317 3085/1659/2318 3069/1643/2302
f 3070/1644/2303 3069/1643/2302 3085/1659/2318
f 3085/1659/2318 3086/1660/2319 3070/1644/2303
f 3071/1645/2304 3070/1644/2303 3086/1660/2319
f 3086/1660/2319 3087/1661/2320 3071/1645/2304
f 3088/1662/2321 3071/1645/2304 3087/1661/2320
f 3071/1645/2304 3088/1662/2321 3055/1631/2290
f 3088/1662/2321 3089/1663/2322 3055/1631/2290
f 3089/1663/2322 3090/1664/2323 3055/1631/2290
f 3090/1664/2323 3091/1665/2324 3055/1631/2290
f 3091/1665/2324 3057/1629/2288 3055/1631/2290
f 3089/1663/2322 3088/1662/2321 3092/1666/2325
f 3087/1661/2320 3092/1666/2325 3088/1662/2321
f 3090/1664/2323 3089/1663/2322 3093/1667/2326
f 3092/1666/2325 3093/1667/2326 3089/1663/2322
f 3091/1665/2324 3090/1664/2323 3094/1668/2327
f 3093/1667/2326 3094/1668/2327 3090/1664/2323
f 3057/1629/2288 3091/1665/2324 3095/1669/2328
f 3094/1668/2327 3095/1669/2328 3091/1665/2324
f 3095/1669/2328 3072/1646/2305 3057/1629/2288
f 3072/1646/2305 3095/1669/2328 3096/1670/2329
f 3097/1671/2330 3096/1670/2329 3095/1669/2328
f 3095/1669/2328 3094/1668/2327 3097/1671/2330
f 3096/1670/2329 3098/1672/2331 3072/1646/2305
f 3073/1647/2306 3072/1646/2305 3098/1672/2331
f 3098/1672/2331 3099/1673/2332 3073/1647/2306
f 3074/1648/2307 3073/1647/2306 3099/1673/2332
f 3099/1673/2332 3100/1674/2333 3074/1648/2307
f 3075/1649/2308 3074/1648/2307 3100/1674/2333
f 3100/1674/2333 3101/1675/2334 3075/1649/2308
f 3076/1650/2309 3075/1649/2308 3101/1675/2334
f 3101/1675/2334 3102/1676/2335 3076/1650/2309
f 3077/1651/2310 3076/1650/2309 3102/1676/2335
f 3102/1676/2335 3103/1677/2336 3077/1651/2310
f 3078/1652/2311 3077/1651/2310 3103/1677/2336
f 3103/1677/2336 3104/1678/2337 3078/1652/2311
f 3079/1653/2312 3078/1652/2311 3104/1678/2337
f 3104/1678/2337 3105/1679/2338 3079/1653/2312
f 3080/1654/2313 3079/1653/2312 3105/1679/2338
f 3105/1679/2338 3106/1680/2339 3080/1654/2313
f 3081/1655/2314 3080/1654/2313 3106/1680/2339
f 3106/1680/2339 3107/1681/2340 3081/1655/2314
f 3082/1656/2315 3081/1655/2314 3107/1681/2340
f 3107/1681/2340 3108/1682/2341 3082/1656/2315
f 3083/1657/2316 3082/1656/2315 3108/1682/2341
f 3108/1682/2341 3109/1683/2342 3083/1657/2316
f 3084/1658/2317 3083/1657/2316 3109/1683/2342
f 3109/1683/2342 3110/1684/2343 3084/1658/2317
f 3085/1659/2318 3084/1658/2317 3110/1684/2343
f 3110/1684/2343 3111/1685/2344 3085/1659/2318
f 3086/1660/2319 3085/1659/2318 3111/1685/2344
f 3111/1685/2344 3112/1686/2345 3086/1660/2319
f 3087/1661/2320 3086/1660/2319 3112/1686/2345
f 3112/1686/2345 3113/1687/2346 3087/1661/2320
f 3092/1666/2325 3087/1661/2320 3113/1687/2346
f 3113/1687/2346 3114/1688/2347 3092/1666/2325
f 3093/1667/2326 3092/1666/2325 3114/1688/2347
f 3114/1688/2347 3115/1689/2348 3093/1667/2326
f 3094/1668/2327 3093/1667/2326 3115/1689/2348
f 3115/1689/2348 3097/1671/2330 3094/1668/2327
f 3118/1690/2349 3117/1691/2330 3116/1692/2350
f 3119/1693/2351 3116/1692/2350 3117/1691/2330
f 3116/1692/2350 3120/1694/2352 3118/1690/2349
f 3121/1695/2331 3118/1690/2349 3120/1694/2352
f 3120/1694/2352 3122/1696/2353 3121/1695/2331
f 3123/1697/2332 3121/1695/2331 3122/1696/2353
f 3122/1696/2353 3124/1698/2354 3123/1697/2332
f 3125/1699/2355 3123/1697/2332 3124/1698/2354
f 3124/1698/2354 3126/1700/2356 3125/1699/2355
f 3127/1701/2334 3125/1699/2355 3126/1700/2356
f 3126/1700/2356 3128/1702/2357 3127/1701/2334
f 3129/1703/2358 3127/1701/2334 3128/1702/2357
f 3128/1702/2357 3130/1704/2359 3129/1703/2358
f 3131/1705/2336 3129/1703/2358 3130/1704/2359
f 3130/1704/2359 3132/1706/2360 3131/1705/2336
f 3133/1707/2337 3131/1705/2336 3132/1706/2360
f 3132/1706/2360 3134/1708/2361 3133/1707/2337
f 3135/1709/2362 3133/1707/2337 3134/1708/2361
f 3134/1708/2361 3136/1710/2363 3135/1709/2362
f 3137/1711/2339 3135/1709/2362 3136/1710/2363
f 3136/1710/2363 3138/1712/2364 3137/1711/2339
f 3139/1713/2365 3137/1711/2339 3138/1712/2364
f 3138/1712/2364 3140/1714/2366 3139/1713/2365
f 3141/1715/2341 3139/1713/2365 3140/1714/2366
f 3140/1714/2366 3142/1716/2367 3141/1715/2341
f 3143/1717/2342 3141/1715/2341 3142/1716/2367
f 3142/1716/2367 3144/1718/2368 3143/1717/2342
f 3145/1719/2369 3143/1717/2342 3144/1718/2368
f 3144/1718/2368 3146/1720/2370 3145/1719/2369
f 3147/1721/2344 3145/1719/2369 3146/1720/2370
f 3146/1720/2370 3148/1722/2371 3147/1721/2344
f 3149/1723/2372 3147/1721/2344 3148/1722/2371
f 3148/1722/2371 3150/1724/2373 3149/1723/2372
f 3151/1725/2346 3149/1723/2372 3150/1724/2373
f 3150/1724/2373 3152/1726/2374 3151/1725/2346
f 3153/1727/2347 3151/1725/2346 3152/1726/2374
f 3152/1726/2374 3154/1728/2375 3153/1727/2347
f 3155/1729/2376 3153/1727/2347 3154/1728/2375
f 3154/1728/2375 3156/1730/2351 3155/1729/2376
f 3157/1731/2330 3155/1729/2376 3156/1730/2351
f 3144/1718/2368 3142/1716/2367 3158/1732/2377
f 3159/1733/2378 3158/1732/2377 3142/1716/2367
f 3142/1716/2367 3140/1714/2366 3159/1733/2378
f 3160/1734/2379 3159/1733/2378 3140/1714/2366
f 3140/1714/2366 3138/1712/2364 3160/1734/2379
f 3161/1735/2380 3160/1734/2379 3138/1712/2364
f 3138/1712/2364 3136/1710/2363 3161/1735/2380
f 3162/1736/2381 3161/1735/2380 3136/1710/2363
f 3136/1710/2363 3134/1708/2361 3162/1736/2381
f 3163/1737/2382 3162/1736/2381 3134/1708/2361
f 3134/1708/2361 3132/1706/2360 3163/1737/2382
f 3164/1738/2383 3163/1737/2382 3132/1706/2360
f 3132/1706/2360 3130/1704/2359 3164/1738/2383
f 3165/1739/2384 3164/1738/2383 3130/1704/2359
f 3130/1704/2359 3128/1702/2357 3165/1739/2384
f 3166/1740/2385 3165/1739/2384 3128/1702/2357
f 3128/1702/2357 3126/1700/2356 3166/1740/2385
f 3167/1741/2386 3166/1740/2385 3126/1700/2356
f 3126/1700/2356 3124/1698/2354 3167/1741/2386
f 3168/1742/2387 3167/1741/2386 3124/1698/2354
f 3124/1698/2354 3122/1696/2353 3168/1742/2387
f 3169/1743/2388 3168/1742/2387 3122/1696/2353
f 3122/1696/2353 3120/1694/2352 3169/1743/2388
f 3170/1744/2389 3169/1743/2388 3120/1694/2352
f 3120/1694/2352 3116/1692/2350 3170/1744/2389
f 3171/1745/2390 3170/1744/2389 3116/1692/2350
f 3116/1692/2350 3119/1693/2351 3171/1745/2390
f 3172/1746/2391 3171/1745/2390 3119/1693/2351
f 3172/1746/2391 3173/1747/2392 3171/1745/2390
f 3174/1748/2393 3171/1745/2390 3173/1747/2392
f 3171/1745/2390 3174/1748/2393 3170/1744/2389
f 3175/1749/2394 3170/1744/2389 3174/1748/2393
f 3170/1744/2389 3175/1749/2394 3169/1743/2388
f 3176/1750/2395 3169/1743/2388 3175/1749/2394
f 3169/1743/2388 3176/1750/2395 3168/1742/2387
f 3177/1751/2396 3168/1742/2387 3176/1750/2395
f 3168/1742/2387 3177/1751/2396 3167/1741/2386
f 3178/1752/2397 3167/1741/2386 3177/1751/2396
f 3167/1741/2386 3178/1752/2397 3166/1740/2385
f 3179/1753/2398 3166/1740/2385 3178/1752/2397
f 3166/1740/2385 3179/1753/2398 3165/1739/2384
f 3180/1754/2399 3165/1739/2384 3179/1753/2398
f 3165/1739/2384 3180/1754/2399 3164/1738/2383
f 3181/1755/2400 3164/1738/2383 3180/1754/2399
f 3164/1738/2383 3181/1755/2400 3163/1737/2382
f 3182/1756/2401 3163/1737/2382 3181/1755/2400
f 3163/1737/2382 3182/1756/2401 3162/1736/2381
f 3183/1757/2402 3162/1736/2381 3182/1756/2401
f 3162/1736/2381 3183/1757/2402 3161/1735/2380
f 3184/1758/2403 3161/1735/2380 3183/1757/2402
f 3161/1735/2380 3184/1758/2403 3160/1734/2379
f 3185/1759/2404 3160/1734/2379 3184/1758/2403
f 3160/1734/2379 3185/1759/2404 3159/1733/2378
f 3186/1760/2405 3159/1733/2378 3185/1759/2404
f 3159/1733/2378 3186/1760/2405 3158/1732/2377
f 3187/1761/2406 3158/1732/2377 3186/1760/2405
f 3158/1732/2377 3187/1761/2406 3188/1762/2407
f 3158/1732/2377 3188/1762/2407 3144/1718/2368
f 3146/1720/2370 3144/1718/2368 3188/1762/2407
f 3188/1762/2407 3189/1763/2408 3146/1720/2370
f 3148/1722/2371 3146/1720/2370 3189/1763/2408
f 3189/1763/2408 3190/1764/2409 3148/1722/2371
f 3150/1724/2373 3148/1722/2371 3190/1764/2409
f 3190/1764/2409 3191/1765/2410 3150/1724/2373
f 3152/1726/2374 3150/1724/2373 3191/1765/2410
f 3191/1765/2410 3192/1766/2411 3152/1726/2374
f 3154/1728/2375 3152/1726/2374 3192/1766/2411
f 3192/1766/2411 3193/1767/2391 3154/1728/2375
f 3156/1730/2351 3154/1728/2375 3193/1767/2391
f 3194/1768/2412 3188/1762/2407 3187/1761/2406
f 3188/1762/2407 3194/1768/2412 3189/1763/2408
f 3195/1769/2413 3189/1763/2408 3194/1768/2412
f 3189/1763/2408 3195/1769/2413 3190/1764/2409
f 3196/1770/2414 3190/1764/2409 3195/1769/2413
f 3190/1764/2409 3196/1770/2414 3191/1765/2410
f 3197/1771/2415 3191/1765/2410 3196/1770/2414
f 3191/1765/2410 3197/1771/2415 3192/1766/2411
f 3198/1772/2416 3192/1766/2411 3197/1771/2415
f 3192/1766/2411 3198/1772/2416 3193/1767/2391
f 3199/1773/2392 3193/1767/2391 3198/1772/2416
f 3202/1774/2417 3201/1775/2418 3200/1776/2419
f 3203/1777/2420 3200/1776/2419 3201/1775/2418
f 3201/1775/2418 3202/1774/2417 3204/1778/2421
f 3205/1779/2422 3204/1778/2421 3202/1774/2417
f 3204/1778/2421 3205/1779/2422 3206/1780/2423
f 3207/1781/2424 3206/1780/2423 3205/1779/2422
f 3206/1780/2423 3207/1781/2424 3208/1782/2425
f 3209/1783/2426 3208/1782/2425 3207/1781/2424
f 3208/1782/2425 3209/1783/2426 3210/1784/2427
f 3211/1785/2428 3210/1784/2427 3209/1783/2426
f 3210/1784/2427 3211/1785/2428 3212/1786/2429
f 3213/1787/2430 3212/1786/2429 3211/1785/2428
f 3212/1786/2429 3213/1787/2430 3214/1788/2431
f 3215/1789/2432 3214/1788/2431 3213/1787/2430
f 3214/1788/2431 3215/1789/2432 3216/1790/2433
f 3217/1791/2434 3216/1790/2433 3215/1789/2432
f 3216/1790/2433 3217/1791/2434 3218/1792/2435
f 3219/1793/2436 3218/1792/2435 3217/1791/2434
f 3218/1792/2435 3219/1793/2436 3220/1794/2437
f 3221/1795/2438 3220/1794/2437 3219/1793/2436
f 3220/1794/2437 3221/1795/2438 3222/1796/2439
f 3223/1797/2440 3222/1796/2439 3221/1795/2438
f 3222/1796/2439 3223/1797/2440 3224/1798/2441
f 3225/1799/2442 3224/1798/2441 3223/1797/2440
f 3224/1798/2441 3225/1799/2442 3226/1800/2443
f 3227/1801/2444 3226/1800/2443 3225/1799/2442
f 3226/1800/2443 3227/1801/2444 3228/1802/2445
f 3229/1803/2446 3228/1802/2445 3227/1801/2444
f 3228/1802/2445 3229/1803/2446 3230/1804/2447
f 3231/1805/2448 3230/1804/2447 3229/1803/2446
f 3230/1804/2447 3231/1805/2448 3232/1806/2449
f 3233/1807/2450 3232/1806/2449 3231/1805/2448
f 3232/1806/2449 3233/1807/2450 3234/1808/2451
f 3235/1809/2452 3234/1808/2451 3233/1807/2450
f 3234/1808/2451 3235/1809/2452 3236/1810/2453
f 3237/1811/2454 3236/1810/2453 3235/1809/2452
f 3236/1810/2453 3237/1811/2454 3238/1812/2455
f 3239/1813/2456 3238/1812/2455 3237/1811/2454
f 3238/1812/2455 3239/1813/2456 3240/1814/2457
f 3241/1815/2458 3240/1814/2457 3239/1813/2456
f 3227/1801/2444 3242/1816/2459 3229/1803/2446
f 3242/1816/2459 3227/1801/2444 3243/1817/2460
f 3225/1799/2442 3243/1817/2460 3227/1801/2444
f 3243/1817/2460 3225/1799/2442 3244/1818/2461
f 3223/1797/2440 3244/1818/2461 3225/1799/2442
f 3233/1807/2450 3245/1819/2462 3235/1809/2452
f 3245/1819/2462 3233/1807/2450 3246/1820/2463
f 3231/1805/2448 3246/1820/2463 3233/1807/2450
f 3246/1820/2463 3231/1805/2448 3247/1821/2464
f 3247/1821/2464 3229/1803/2446 3242/1816/2459
f 3229/1803/2446 3247/1821/2464 3231/1805/2448
f 3239/1813/2456 3248/1822/2465 3241/1815/2458
f 3248/1822/2465 3239/1813/2456 3249/1823/2466
f 3237/1811/2454 3249/1823/2466 3239/1813/2456
f 3249/1823/2466 3237/1811/2454 3250/1824/2467
f 3250/1824/2467 3235/1809/2452 3245/1819/2462
f 3235/1809/2452 3250/1824/2467 3237/1811/2454
f 3221/1795/2438 3251/1825/2392 3223/1797/2440
f 3251/1825/2392 3221/1795/2438 3252/1826/2468
f 3219/1793/2436 3252/1826/2468 3221/1795/2438
f 3217/1791/2434 3253/1827/2469 3219/1793/2436
f 3253/1827/2469 3217/1791/2434 3254/1828/2470
f 3215/1789/2432 3254/1828/2470 3217/1791/2434
f 3254/1828/2470 3215/1789/2432 3255/1829/2471
f 3213/1787/2430 3255/1829/2471 3215/1789/2432
f 3255/1829/2471 3213/1787/2430 3256/1830/2472
f 3211/1785/2428 3256/1830/2472 3213/1787/2430
f 3256/1830/2472 3211/1785/2428 3257/1831/2473
f 3209/1783/2426 3257/1831/2473 3211/1785/2428
f 3257/1831/2473 3209/1783/2426 3258/1832/2474
f 3207/1781/2424 3258/1832/2474 3209/1783/2426
f 3258/1832/2474 3207/1781/2424 3259/1833/2475
f 3205/1779/2422 3259/1833/2475 3207/1781/2424
f 3259/1833/2475 3205/1779/2422 3260/1834/2476
f 3202/1774/2417 3260/1834/2476 3205/1779/2422
f 3260/1834/2476 3202/1774/2417 3261/1835/2477
f 3200/1776/2419 3261/1835/2477 3202/1774/2417
f 3200/1776/2419 3262/1836/2478 3261/1835/2477
f 3262/1836/2478 3200/1776/2419 3263/1837/2479
f 3203/1777/2420 3263/1837/2479 3200/1776/2419
f 3264/1838/2480 3261/1835/2477 3262/1836/2478
f 3262/1836/2478 3263/1837/2479 3265/1839/2481
f 3266/1840/2482 3265/1839/2481 3263/1837/2479
f 3265/1839/2481 3267/1841/2483 3262/1836/2478
f 3264/1838/2480 3262/1836/2478 3267/1841/2483
f 3265/1839/2481 3266/1840/2482 3268/1842/2484
f 3269/1843/2485 3268/1842/2484 3266/1840/2482
f 3268/1842/2484 3270/1844/2486 3265/1839/2481
f 3267/1841/2483 3265/1839/2481 3270/1844/2486
f 3268/1842/2484 3269/1843/2485 3271/1845/2487
f 3272/1846/2488 3271/1845/2487 3269/1843/2485
f 3271/1845/2487 3273/1847/2489 3268/1842/2484
f 3270/1844/2486 3268/1842/2484 3273/1847/2489
f 3271/1845/2487 3272/1846/2488 3274/1848/2490
f 3275/1849/2491 3274/1848/2490 3272/1846/2488
f 3274/1848/2490 3276/1850/2492 3271/1845/2487
f 3273/1847/2489 3271/1845/2487 3276/1850/2492
f 3274/1848/2490 3275/1849/2491 3277/1851/2493
f 3274/1848/2490 3277/1851/2493 3276/1850/2492
f 3278/1852/2494 3277/1851/2493 3275/1849/2491
f 3279/1853/2495 3276/1850/2492 3277/1851/2493
f 3280/1826/2468 3219/1793/2436 3253/1827/2469
f 3281/1818/2461 3223/1797/2440 3251/1825/2392
f 3282/1854/2496 3241/1815/2458 3248/1822/2465
f 3282/1854/2496 3283/1855/2497 3241/1815/2458
f 3284/1856/2498 3241/1815/2458 3283/1855/2497
f 3241/1815/2458 3284/1856/2498 3240/1814/2457
f 3285/1857/2499 3240/1814/2457 3284/1856/2498
f 3284/1856/2498 3286/1858/2500 3285/1857/2499
f 3287/1859/2501 3285/1857/2499 3286/1858/2500
f 3283/1855/2497 3288/1860/2502 3284/1856/2498
f 3286/1858/2500 3284/1856/2498 3288/1860/2502
f 3286/1858/2500 3289/1861/2503 3287/1859/2501
f 3290/1862/2504 3287/1859/2501 3289/1861/2503
f 3289/1861/2503 3286/1858/2500 3291/1863/2505
f 3288/1860/2502 3291/1863/2505 3286/1858/2500
f 3289/1861/2503 3292/1864/2506 3290/1862/2504
f 3293/1865/2507 3290/1862/2504 3292/1864/2506
f 3292/1864/2506 3289/1861/2503 3294/1866/2508
f 3291/1863/2505 3294/1866/2508 3289/1861/2503
f 3292/1864/2506 3295/1867/2509 3293/1865/2507
f 3296/1868/2510 3293/1865/2507 3295/1867/2509
f 3295/1867/2509 3292/1864/2506 3297/1869/2511
f 3294/1866/2508 3297/1869/2511 3292/1864/2506
f 3295/1867/2509 3298/1870/2512 3296/1868/2510
f 3299/1871/2513 3296/1868/2510 3298/1870/2512
f 3298/1870/2512 3295/1867/2509 3300/1872/2514
f 3297/1869/2511 3300/1872/2514 3295/1867/2509
f 3303/1775/2515 3302/1778/2516 3301/1777/2517
f 3302/1778/2516 3304/1780/2518 3301/1777/2517
f 3304/1780/2518 3305/1782/2519 3301/1777/2517
f 3305/1782/2519 3306/1784/2520 3301/1777/2517
f 3306/1784/2520 3307/1786/2521 3301/1777/2517
f 3307/1786/2521 3308/1788/2522 3301/1777/2517
f 3308/1788/2522 3309/1790/2523 3301/1777/2517
f 3309/1790/2523 3310/1792/2524 3301/1777/2517
f 3310/1792/2524 3311/1794/2525 3301/1777/2517
f 3311/1794/2525 3312/1796/2526 3301/1777/2517
f 3312/1796/2526 3313/1798/2527 3301/1777/2517
f 3313/1798/2527 3314/1800/2528 3301/1777/2517
f 3314/1800/2528 3315/1802/2529 3301/1777/2517
f 3315/1802/2529 3316/1804/2530 3301/1777/2517
f 3316/1804/2530 3317/1806/2531 3301/1777/2517
f 3317/1806/2531 3318/1808/2532 3301/1777/2517
f 3318/1808/2532 3319/1810/2533 3301/1777/2517
f 3319/1810/2533 3320/1812/2534 3301/1777/2517
f 3320/1812/2534 3321/1814/2535 3301/1777/2517
f 3321/1814/2535 3322/1857/2536 3301/1777/2517
f 3323/1837/2537 3301/1777/2517 3322/1857/2536
f 3323/1837/2537 3322/1857/2536 3324/1840/2538
f 3325/1859/2539 3324/1840/2538 3322/1857/2536
f 3325/1859/2539 3326/1862/2540 3324/1840/2538
f 3327/1843/2541 3324/1840/2538 3326/1862/2540
f 3326/1862/2540 3328/1865/2542 3327/1843/2541
f 3329/1846/2543 3327/1843/2541 3328/1865/2542
f 3328/1865/2542 3330/1868/2544 3329/1846/2543
f 3331/1849/2545 3329/1846/2543 3330/1868/2544
f 3330/1868/2544 3332/1871/2546 3331/1849/2545
f 3333/1852/2547 3331/1849/2545 3332/1871/2546
f 3336/1873/2548 3335/1812/2549 3334/1874/2550
f 3337/1875/2551 3334/1874/2550 3335/1812/2549
f 3335/1812/2549 3336/1873/2548 3338/1810/2552
f 3339/1876/2553 3338/1810/2552 3336/1873/2548
f 3338/1810/2552 3339/1876/2553 3340/1877/2554
f 3341/1809/2555 3340/1877/2554 3339/1876/2553
f 3340/1877/2554 3341/1809/2555 3342/1878/2556
f 3343/1807/2557 3342/1878/2556 3341/1809/2555
f 3342/1878/2556 3343/1807/2557 3344/1804/2558
f 3345/1805/2559 3344/1804/2558 3343/1807/2557
f 3344/1804/2558 3345/1805/2559 3346/1802/2560
f 3347/1803/2561 3346/1802/2560 3345/1805/2559
f 3346/1802/2560 3347/1803/2561 3348/1800/2562
f 3349/1879/2563 3348/1800/2562 3347/1803/2561
f 3348/1800/2562 3349/1879/2563 3350/1880/2564
f 3351/1799/2565 3350/1880/2564 3349/1879/2563
f 3350/1880/2564 3351/1799/2565 3352/1796/2566
f 3353/1797/2567 3352/1796/2566 3351/1799/2565
f 3352/1796/2566 3353/1797/2567 3354/1794/2568
f 3355/1881/2569 3354/1794/2568 3353/1797/2567
f 3354/1794/2568 3355/1881/2569 3356/1792/2570
f 3357/1793/2571 3356/1792/2570 3355/1881/2569
f 3356/1792/2570 3357/1793/2571 3358/1790/2572
f 3359/1791/2573 3358/1790/2572 3357/1793/2571
f 3358/1790/2572 3359/1791/2573 3360/1788/2574
f 3361/1882/2575 3360/1788/2574 3359/1791/2573
f 3360/1788/2574 3361/1882/2575 3362/1786/2576
f 3363/1787/2577 3362/1786/2576 3361/1882/2575
f 3362/1786/2576 3363/1787/2577 3364/1784/2578
f 3365/1785/2579 3364/1784/2578 3363/1787/2577
f 3364/1784/2578 3365/1785/2579 3366/1883/2580
f 3367/1783/2581 3366/1883/2580 3365/1785/2579
f 3366/1883/2580 3367/1783/2581 3368/1884/2582
f 3369/1781/2583 3368/1884/2582 3367/1783/2581
f 3368/1884/2582 3369/1781/2583 3370/1778/2584
f 3371/1779/2585 3370/1778/2584 3369/1781/2583
f 3370/1778/2584 3371/1779/2585 3372/1775/2586
f 3373/1885/2587 3372/1775/2586 3371/1779/2585
f 3372/1775/2586 3373/1885/2587 3374/1777/2588
f 3375/1776/2589 3374/1777/2588 3373/1885/2587
f 3361/1882/2575 3376/1828/2470 3363/1787/2577
f 3376/1828/2470 3361/1882/2575 3377/1827/2469
f 3359/1791/2573 3377/1827/2469 3361/1882/2575
f 3377/1827/2469 3359/1791/2573 3378/1826/2468
f 3357/1793/2571 3378/1826/2468 3359/1791/2573
f 3367/1783/2581 3379/1831/2473 3369/1781/2583
f 3379/1831/2473 3367/1783/2581 3380/1830/2472
f 3365/1785/2579 3380/1830/2472 3367/1783/2581
f 3380/1830/2472 3365/1785/2579 3381/1829/2590
f 3381/1829/2590 3363/1787/2577 3376/1828/2470
f 3363/1787/2577 3381/1829/2590 3365/1785/2579
f 3373/1885/2587 3382/1834/2476 3375/1776/2589
f 3382/1834/2476 3373/1885/2587 3383/1833/2475
f 3371/1779/2585 3383/1833/2475 3373/1885/2587
f 3383/1833/2475 3371/1779/2585 3384/1832/2474
f 3384/1832/2474 3369/1781/2583 3379/1831/2473
f 3369/1781/2583 3384/1832/2474 3371/1779/2585
f 3355/1881/2569 3385/1825/2392 3357/1793/2571
f 3385/1825/2392 3355/1881/2569 3386/1818/2461
f 3353/1797/2567 3386/1818/2461 3355/1881/2569
f 3351/1799/2565 3387/1817/2591 3353/1797/2567
f 3387/1817/2591 3351/1799/2565 3388/1816/2459
f 3349/1879/2563 3388/1816/2459 3351/1799/2565
f 3388/1816/2459 3349/1879/2563 3389/1821/2592
f 3347/1803/2561 3389/1821/2592 3349/1879/2563
f 3389/1821/2592 3347/1803/2561 3390/1820/2463
f 3345/1805/2559 3390/1820/2463 3347/1803/2561
f 3390/1820/2463 3345/1805/2559 3391/1819/2462
f 3343/1807/2557 3391/1819/2462 3345/1805/2559
f 3391/1819/2462 3343/1807/2557 3392/1824/2467
f 3341/1809/2555 3392/1824/2467 3343/1807/2557
f 3392/1824/2467 3341/1809/2555 3393/1823/2466
f 3339/1876/2553 3393/1823/2466 3341/1809/2555
f 3393/1823/2466 3339/1876/2553 3394/1822/2465
f 3336/1873/2548 3394/1822/2465 3339/1876/2553
f 3394/1822/2465 3336/1873/2548 3395/1854/2496
f 3334/1874/2550 3395/1854/2496 3336/1873/2548
f 3334/1874/2550 3396/1856/2593 3395/1854/2496
f 3396/1856/2593 3334/1874/2550 3397/1857/2594
f 3337/1875/2551 3397/1857/2594 3334/1874/2550
f 3398/1855/2497 3395/1854/2496 3396/1856/2593
f 3396/1856/2593 3397/1857/2594 3399/1858/2595
f 3400/1859/2596 3399/1858/2595 3397/1857/2594
f 3399/1858/2595 3401/1860/2502 3396/1856/2593
f 3398/1855/2497 3396/1856/2593 3401/1860/2502
f 3399/1858/2595 3400/1859/2596 3402/1861/2597
f 3403/1862/2598 3402/1861/2597 3400/1859/2596
f 3402/1861/2597 3404/1863/2505 3399/1858/2595
f 3401/1860/2502 3399/1858/2595 3404/1863/2505
f 3402/1861/2597 3403/1862/2598 3405/1864/2599
f 3406/1865/2600 3405/1864/2599 3403/1862/2598
f 3405/1864/2599 3407/1866/2508 3402/1861/2597
f 3404/1863/2505 3402/1861/2597 3407/1866/2508
f 3405/1864/2599 3406/1865/2600 3408/1867/2601
f 3409/1868/2602 3408/1867/2601 3406/1865/2600
f 3408/1867/2601 3410/1869/2511 3405/1864/2599
f 3407/1866/2508 3405/1864/2599 3410/1869/2511
f 3408/1867/2601 3409/1868/2602 3411/1870/2603
f 3408/1867/2601 3411/1870/2603 3410/1869/2511
f 3412/1871/2604 3411/1870/2603 3409/1868/2602
f 3413/1872/2514 3410/1869/2511 3411/1870/2603
f 3414/1818/2461 3353/1797/2567 3387/1817/2591
f 3415/1826/2468 3357/1793/2571 3385/1825/2392
f 3416/1835/2477 3375/1776/2589 3382/1834/2476
f 3416/1835/2477 3417/1838/2480 3375/1776/2589
f 3418/1836/2605 3375/1776/2589 3417/1838/2480
f 3375/1776/2589 3418/1836/2605 3374/1777/2588
f 3419/1837/2606 3374/1777/2588 3418/1836/2605
f 3418/1836/2605 3420/1839/2607 3419/1837/2606
f 3421/1840/2608 3419/1837/2606 3420/1839/2607
f 3417/1838/2480 3422/1841/2483 3418/1836/2605
f 3420/1839/2607 3418/1836/2605 3422/1841/2483
f 3420/1839/2607 3423/1842/2609 3421/1840/2608
f 3424/1843/2610 3421/1840/2608 3423/1842/2609
f 3423/1842/2609 3420/1839/2607 3425/1844/2486
f 3422/1841/2483 3425/1844/2486 3420/1839/2607
f 3423/1842/2609 3426/1845/2611 3424/1843/2610
f 3427/1846/2612 3424/1843/2610 3426/1845/2611
f 3426/1845/2611 3423/1842/2609 3428/1847/2489
f 3425/1844/2486 3428/1847/2489 3423/1842/2609
f 3426/1845/2611 3429/1848/2613 3427/1846/2612
f 3430/1849/2614 3427/1846/2612 3429/1848/2613
f 3429/1848/2613 3426/1845/2611 3431/1850/2492
f 3428/1847/2489 3431/1850/2492 3426/1845/2611
f 3429/1848/2613 3432/1851/2615 3430/1849/2614
f 3433/1852/2616 3430/1849/2614 3432/1851/2615
f 3432/1851/2615 3429/1848/2613 3434/1853/2495
f 3431/1850/2492 3434/1853/2495 3429/1848/2613
f 3437/1812/2617 3436/1810/2618 3435/1875/2619
f 3436/1810/2618 3438/1877/2620 3435/1875/2619
f 3438/1877/2620 3439/1878/2621 3435/1875/2619
f 3439/1878/2621 3440/1804/2622 3435/1875/2619
f 3440/1804/2622 3441/1802/2623 3435/1875/2619
f 3441/1802/2623 3442/1800/2624 3435/1875/2619
f 3442/1800/2624 3443/1880/2625 3435/1875/2619
f 3443/1880/2625 3444/1796/2626 3435/1875/2619
f 3444/1796/2626 3445/1794/2627 3435/1875/2619
f 3445/1794/2627 3446/1792/2628 3435/1875/2619
f 3446/1792/2628 3447/1790/2629 3435/1875/2619
f 3447/1790/2629 3448/1788/2630 3435/1875/2619
f 3448/1788/2630 3449/1786/2631 3435/1875/2619
f 3449/1786/2631 3450/1784/2632 3435/1875/2619
f 3450/1784/2632 3451/1883/2633 3435/1875/2619
f 3451/1883/2633 3452/1884/2634 3435/1875/2619
f 3452/1884/2634 3453/1778/2635 3435/1875/2619
f 3453/1778/2635 3454/1775/2636 3435/1875/2619
f 3454/1775/2636 3455/1777/2637 3435/1875/2619
f 3455/1777/2637 3456/1837/2638 3435/1875/2619
f 3457/1857/2639 3435/1875/2619 3456/1837/2638
f 3457/1857/2639 3456/1837/2638 3458/1859/2640
f 3459/1840/2641 3458/1859/2640 3456/1837/2638
f 3459/1840/2641 3460/1843/2642 3458/1859/2640
f 3461/1862/2643 3458/1859/2640 3460/1843/2642
f 3460/1843/2642 3462/1846/2644 3461/1862/2643
f 3463/1865/2645 3461/1862/2643 3462/1846/2644
f 3462/1846/2644 3464/1849/2646 3463/1865/2645
f 3465/1868/2647 3463/1865/2645 3464/1849/2646
f 3464/1849/2646 3466/1852/2648 3465/1868/2647
f 3467/1871/2649 3465/1868/2647 3466/1852/2648
f 3470/1774/2650 3469/1775/2651 3468/1776/2652
f 3471/1777/2653 3468/1776/2652 3469/1775/2651
f 3469/1775/2651 3470/1774/2650 3472/1778/2654
f 3473/1779/2655 3472/1778/2654 3470/1774/2650
f 3472/1778/2654 3473/1779/2655 3474/1780/2656
f 3475/1781/2657 3474/1780/2656 3473/1779/2655
f 3474/1780/2656 3475/1781/2657 3476/1782/2658
f 3477/1783/2659 3476/1782/2658 3475/1781/2657
f 3476/1782/2658 3477/1783/2659 3478/1784/2660
f 3479/1785/2661 3478/1784/2660 3477/1783/2659
f 3478/1784/2660 3479/1785/2661 3480/1786/2662
f 3481/1787/2663 3480/1786/2662 3479/1785/2661
f 3480/1786/2662 3481/1787/2663 3482/1788/2664
f 3483/1789/2665 3482/1788/2664 3481/1787/2663
f 3482/1788/2664 3483/1789/2665 3484/1790/2666
f 3485/1791/2667 3484/1790/2666 3483/1789/2665
f 3484/1790/2666 3485/1791/2667 3486/1792/2668
f 3487/1793/2669 3486/1792/2668 3485/1791/2667
f 3486/1792/2668 3487/1793/2669 3488/1794/2670
f 3489/1795/2671 3488/1794/2670 3487/1793/2669
f 3488/1794/2670 3489/1795/2671 3490/1796/2672
f 3491/1797/2673 3490/1796/2672 3489/1795/2671
f 3490/1796/2672 3491/1797/2673 3492/1798/2674
f 3493/1799/2675 3492/1798/2674 3491/1797/2673
f 3492/1798/2674 3493/1799/2675 3494/1800/2676
f 3495/1801/2677 3494/1800/2676 3493/1799/2675
f 3494/1800/2676 3495/1801/2677 3496/1802/2678
f 3497/1803/2679 3496/1802/2678 3495/1801/2677
f 3496/1802/2678 3497/1803/2679 3498/1804/2680
f 3499/1805/2681 3498/1804/2680 3497/1803/2679
f 3498/1804/2680 3499/1805/2681 3500/1806/2682
f 3501/1807/2683 3500/1806/2682 3499/1805/2681
f 3500/1806/2682 3501/1807/2683 3502/1808/2684
f 3503/1809/2685 3502/1808/2684 3501/1807/2683
f 3502/1808/2684 3503/1809/2685 3504/1810/2686
f 3505/1811/2687 3504/1810/2686 3503/1809/2685
f 3504/1810/2686 3505/1811/2687 3506/1812/2688
f 3507/1813/2689 3506/1812/2688 3505/1811/2687
f 3506/1812/2688 3507/1813/2689 3508/1814/2690
f 3509/1815/2691 3508/1814/2690 3507/1813/2689
f 3495/1801/2677 3510/1816/2692 3497/1803/2679
f 3510/1816/2692 3495/1801/2677 3511/1817/2693
f 3493/1799/2675 3511/1817/2693 3495/1801/2677
f 3511/1817/2693 3493/1799/2675 3512/1818/2694
f 3491/1797/2673 3512/1818/2694 3493/1799/2675
f 3501/1807/2683 3513/1819/2695 3503/1809/2685
f 3513/1819/2695 3501/1807/2683 3514/1820/2696
f 3499/1805/2681 3514/1820/2696 3501/1807/2683
f 3514/1820/2696 3499/1805/2681 3515/1821/2697
f 3515/1821/2697 3497/1803/2679 3510/1816/2692
f 3497/1803/2679 3515/1821/2697 3499/1805/2681
f 3507/1813/2689 3516/1822/2698 3509/1815/2691
f 3516/1822/2698 3507/1813/2689 3517/1823/2699
f 3505/1811/2687 3517/1823/2699 3507/1813/2689
f 3517/1823/2699 3505/1811/2687 3518/1824/2700
f 3518/1824/2700 3503/1809/2685 3513/1819/2695
f 3503/1809/2685 3518/1824/2700 3505/1811/2687
f 3489/1795/2671 3519/1825/2402 3491/1797/2673
f 3519/1825/2402 3489/1795/2671 3520/1826/2701
f 3487/1793/2669 3520/1826/2701 3489/1795/2671
f 3485/1791/2667 3521/1827/2702 3487/1793/2669
f 3521/1827/2702 3485/1791/2667 3522/1828/2703
f 3483/1789/2665 3522/1828/2703 3485/1791/2667
f 3522/1828/2703 3483/1789/2665 3523/1829/2704
f 3481/1787/2663 3523/1829/2704 3483/1789/2665
f 3523/1829/2704 3481/1787/2663 3524/1830/2705
f 3479/1785/2661 3524/1830/2705 3481/1787/2663
f 3524/1830/2705 3479/1785/2661 3525/1831/2706
f 3477/1783/2659 3525/1831/2706 3479/1785/2661
f 3525/1831/2706 3477/1783/2659 3526/1832/2707
f 3475/1781/2657 3526/1832/2707 3477/1783/2659
f 3526/1832/2707 3475/1781/2657 3527/1833/2708
f 3473/1779/2655 3527/1833/2708 3475/1781/2657
f 3527/1833/2708 3473/1779/2655 3528/1834/2709
f 3470/1774/2650 3528/1834/2709 3473/1779/2655
f 3528/1834/2709 3470/1774/2650 3529/1835/2710
f 3468/1776/2652 3529/1835/2710 3470/1774/2650
f 3468/1776/2652 3530/1836/2711 3529/1835/2710
f 3530/1836/2711 3468/1776/2652 3531/1837/2712
f 3471/1777/2653 3531/1837/2712 3468/1776/2652
f 3532/1838/2713 3529/1835/2710 3530/1836/2711
f 3530/1836/2711 3531/1837/2712 3533/1839/2714
f 3534/1840/2715 3533/1839/2714 3531/1837/2712
f 3533/1839/2714 3535/1841/2716 3530/1836/2711
f 3532/1838/2713 3530/1836/2711 3535/1841/2716
f 3533/1839/2714 3534/1840/2715 3536/1842/2717
f 3537/1843/2718 3536/1842/2717 3534/1840/2715
f 3536/1842/2717 3538/1844/2719 3533/1839/2714
f 3535/1841/2716 3533/1839/2714 3538/1844/2719
f 3536/1842/2717 3537/1843/2718 3539/1845/2720
f 3540/1846/2721 3539/1845/2720 3537/1843/2718
f 3539/1845/2720 3541/1847/2722 3536/1842/2717
f 3538/1844/2719 3536/1842/2717 3541/1847/2722
f 3539/1845/2720 3540/1846/2721 3542/1848/2723
f 3543/1849/2724 3542/1848/2723 3540/1846/2721
f 3542/1848/2723 3544/1850/2725 3539/1845/2720
f 3541/1847/2722 3539/1845/2720 3544/1850/2725
f 3542/1848/2723 3543/1849/2724 3545/1851/2726
f 3542/1848/2723 3545/1851/2726 3544/1850/2725
f 3546/1852/2727 3545/1851/2726 3543/1849/2724
f 3547/1853/2728 3544/1850/2725 3545/1851/2726
f 3548/1826/2701 3487/1793/2669 3521/1827/2702
f 3549/1818/2694 3491/1797/2673 3519/1825/2402
f 3550/1854/2729 3509/1815/2691 3516/1822/2698
f 3550/1854/2729 3551/1855/2730 3509/1815/2691
f 3552/1856/2731 3509/1815/2691 3551/1855/2730
f 3509/1815/2691 3552/1856/2731 3508/1814/2690
f 3553/1857/2732 3508/1814/2690 3552/1856/2731
f 3552/1856/2731 3554/1858/2733 3553/1857/2732
f 3555/1859/2734 3553/1857/2732 3554/1858/2733
f 3551/1855/2730 3556/1860/2735 3552/1856/2731
f 3554/1858/2733 3552/1856/2731 3556/1860/2735
f 3554/1858/2733 3557/1861/2736 3555/1859/2734
f 3558/1862/2737 3555/1859/2734 3557/1861/2736
f 3557/1861/2736 3554/1858/2733 3559/1863/2738
f 3556/1860/2735 3559/1863/2738 3554/1858/2733
f 3557/1861/2736 3560/1864/2739 3558/1862/2737
f 3561/1865/2740 3558/1862/2737 3560/1864/2739
f 3560/1864/2739 3557/1861/2736 3562/1866/2741
f 3559/1863/2738 3562/1866/2741 3557/1861/2736
f 3560/1864/2739 3563/1867/2742 3561/1865/2740
f 3564/1868/2743 3561/1865/2740 3563/1867/2742
f 3563/1867/2742 3560/1864/2739 3565/1869/2744
f 3562/1866/2741 3565/1869/2744 3560/1864/2739
f 3563/1867/2742 3566/1870/2745 3564/1868/2743
f 3567/1871/2746 3564/1868/2743 3566/1870/2745
f 3566/1870/2745 3563/1867/2742 3568/1872/2747
f 3565/1869/2744 3568/1872/2747 3563/1867/2742
f 3571/1775/2748 3570/1778/2749 3569/1777/2750
f 3570/1778/2749 3572/1780/2751 3569/1777/2750
f 3572/1780/2751 3573/1782/2752 3569/1777/2750
f 3573/1782/2752 3574/1784/2753 3569/1777/2750
f 3574/1784/2753 3575/1786/2754 3569/1777/2750
f 3575/1786/2754 3576/1788/2755 3569/1777/2750
f 3576/1788/2755 3577/1790/2756 3569/1777/2750
f 3577/1790/2756 3578/1792/2757 3569/1777/2750
f 3578/1792/2757 3579/1794/2758 3569/1777/2750
f 3579/1794/2758 3580/1796/2759 3569/1777/2750
f 3580/1796/2759 3581/1798/2760 3569/1777/2750
f 3581/1798/2760 3582/1800/2761 3569/1777/2750
f 3582/1800/2761 3583/1802/2762 3569/1777/2750
f 3583/1802/2762 3584/1804/2763 3569/1777/2750
f 3584/1804/2763 3585/1806/2764 3569/1777/2750
f 3585/1806/2764 3586/1808/2765 3569/1777/2750
f 3586/1808/2765 3587/1810/2766 3569/1777/2750
f 3587/1810/2766 3588/1812/2767 3569/1777/2750
f 3588/1812/2767 3589/1814/2768 3569/1777/2750
f 3589/1814/2768 3590/1857/2769 3569/1777/2750
f 3591/1837/2770 3569/1777/2750 3590/1857/2769
f 3591/1837/2770 3590/1857/2769 3592/1840/2771
f 3593/1859/2772 3592/1840/2771 3590/1857/2769
f 3593/1859/2772 3594/1862/2773 3592/1840/2771
f 3595/1843/2774 3592/1840/2771 3594/1862/2773
f 3594/1862/2773 3596/1865/2775 3595/1843/2774
f 3597/1846/2776 3595/1843/2774 3596/1865/2775
f 3596/1865/2775 3598/1868/2777 3597/1846/2776
f 3599/1849/2778 3597/1846/2776 3598/1868/2777
f 3598/1868/2777 3600/1871/2779 3599/1849/2778
f 3601/1852/2780 3599/1849/2778 3600/1871/2779
f 3604/1873/2781 3603/1812/2782 3602/1874/2783
f 3605/1875/2784 3602/1874/2783 3603/1812/2782
f 3603/1812/2782 3604/1873/2781 3606/1810/2785
f 3607/1876/2786 3606/1810/2785 3604/1873/2781
f 3606/1810/2785 3607/1876/2786 3608/1877/2787
f 3609/1809/2788 3608/1877/2787 3607/1876/2786
f 3608/1877/2787 3609/1809/2788 3610/1878/2789
f 3611/1807/2790 3610/1878/2789 3609/1809/2788
f 3610/1878/2789 3611/1807/2790 3612/1804/2791
f 3613/1805/2792 3612/1804/2791 3611/1807/2790
f 3612/1804/2791 3613/1805/2792 3614/1802/2793
f 3615/1803/2794 3614/1802/2793 3613/1805/2792
f 3614/1802/2793 3615/1803/2794 3616/1800/2795
f 3617/1879/2796 3616/1800/2795 3615/1803/2794
f 3616/1800/2795 3617/1879/2796 3618/1880/2797
f 3619/1799/2798 3618/1880/2797 3617/1879/2796
f 3618/1880/2797 3619/1799/2798 3620/1796/2799
f 3621/1797/2800 3620/1796/2799 3619/1799/2798
f 3620/1796/2799 3621/1797/2800 3622/1794/2801
f 3623/1881/2802 3622/1794/2801 3621/1797/2800
f 3622/1794/2801 3623/1881/2802 3624/1792/2803
f 3625/1793/2804 3624/1792/2803 3623/1881/2802
f 3624/1792/2803 3625/1793/2804 3626/1790/2805
f 3627/1791/2806 3626/1790/2805 3625/1793/2804
f 3626/1790/2805 3627/1791/2806 3628/1788/2807
f 3629/1882/2808 3628/1788/2807 3627/1791/2806
f 3628/1788/2807 3629/1882/2808 3630/1786/2809
f 3631/1787/2810 3630/1786/2809 3629/1882/2808
f 3630/1786/2809 3631/1787/2810 3632/1784/2811
f 3633/1785/2812 3632/1784/2811 3631/1787/2810
f 3632/1784/2811 3633/1785/2812 3634/1883/2813
f 3635/1783/2814 3634/1883/2813 3633/1785/2812
f 3634/1883/2813 3635/1783/2814 3636/1884/2815
f 3637/1781/2816 3636/1884/2815 3635/1783/2814
f 3636/1884/2815 3637/1781/2816 3638/1778/2817
f 3639/1779/2818 3638/1778/2817 3637/1781/2816
f 3638/1778/2817 3639/1779/2818 3640/1775/2819
f 3641/1885/2820 3640/1775/2819 3639/1779/2818
f 3640/1775/2819 3641/1885/2820 3642/1777/2821
f 3643/1776/2822 3642/1777/2821 3641/1885/2820
f 3629/1882/2808 3644/1828/2823 3631/1787/2810
f 3644/1828/2823 3629/1882/2808 3645/1827/2824
f 3627/1791/2806 3645/1827/2824 3629/1882/2808
f 3645/1827/2824 3627/1791/2806 3646/1826/2701
f 3625/1793/2804 3646/1826/2701 3627/1791/2806
f 3635/1783/2814 3647/1831/2706 3637/1781/2816
f 3647/1831/2706 3635/1783/2814 3648/1830/2705
f 3633/1785/2812 3648/1830/2705 3635/1783/2814
f 3648/1830/2705 3633/1785/2812 3649/1829/2704
f 3649/1829/2704 3631/1787/2810 3644/1828/2823
f 3631/1787/2810 3649/1829/2704 3633/1785/2812
f 3641/1885/2820 3650/1834/2709 3643/1776/2822
f 3650/1834/2709 3641/1885/2820 3651/1833/2708
f 3639/1779/2818 3651/1833/2708 3641/1885/2820
f 3651/1833/2708 3639/1779/2818 3652/1832/2707
f 3652/1832/2707 3637/1781/2816 3647/1831/2706
f 3637/1781/2816 3652/1832/2707 3639/1779/2818
f 3623/1881/2802 3653/1825/2402 3625/1793/2804
f 3653/1825/2402 3623/1881/2802 3654/1818/2694
f 3621/1797/2800 3654/1818/2694 3623/1881/2802
f 3619/1799/2798 3655/1817/2825 3621/1797/2800
f 3655/1817/2825 3619/1799/2798 3656/1816/2826
f 3617/1879/2796 3656/1816/2826 3619/1799/2798
f 3656/1816/2826 3617/1879/2796 3657/1821/2697
f 3615/1803/2794 3657/1821/2697 3617/1879/2796
f 3657/1821/2697 3615/1803/2794 3658/1820/2696
f 3613/1805/2792 3658/1820/2696 3615/1803/2794
f 3658/1820/2696 3613/1805/2792 3659/1819/2695
f 3611/1807/2790 3659/1819/2695 3613/1805/2792
f 3659/1819/2695 3611/1807/2790 3660/1824/2700
f 3609/1809/2788 3660/1824/2700 3611/1807/2790
f 3660/1824/2700 3609/1809/2788 3661/1823/2699
f 3607/1876/2786 3661/1823/2699 3609/1809/2788
f 3661/1823/2699 3607/1876/2786 3662/1822/2698
f 3604/1873/2781 3662/1822/2698 3607/1876/2786
f 3662/1822/2698 3604/1873/2781 3663/1854/2729
f 3602/1874/2783 3663/1854/2729 3604/1873/2781
f 3602/1874/2783 3664/1856/2827 3663/1854/2729
f 3664/1856/2827 3602/1874/2783 3665/1857/2828
f 3605/1875/2784 3665/1857/2828 3602/1874/2783
f 3666/1855/2730 3663/1854/2729 3664/1856/2827
f 3664/1856/2827 3665/1857/2828 3667/1858/2829
f 3668/1859/2830 3667/1858/2829 3665/1857/2828
f 3667/1858/2829 3669/1860/2735 3664/1856/2827
f 3666/1855/2730 3664/1856/2827 3669/1860/2735
f 3667/1858/2829 3668/1859/2830 3670/1861/2831
f 3671/1862/2832 3670/1861/2831 3668/1859/2830
f 3670/1861/2831 3672/1863/2738 3667/1858/2829
f 3669/1860/2735 3667/1858/2829 3672/1863/2738
f 3670/1861/2831 3671/1862/2832 3673/1864/2833
f 3674/1865/2834 3673/1864/2833 3671/1862/2832
f 3673/1864/2833 3675/1866/2741 3670/1861/2831
f 3672/1863/2738 3670/1861/2831 3675/1866/2741
f 3673/1864/2833 3674/1865/2834 3676/1867/2835
f 3677/1868/2836 3676/1867/2835 3674/1865/2834
f 3676/1867/2835 3678/1869/2744 3673/1864/2833
f 3675/1866/2741 3673/1864/2833 3678/1869/2744
f 3676/1867/2835 3677/1868/2836 3679/1870/2837
f 3676/1867/2835 3679/1870/2837 3678/1869/2744
f 3680/1871/2838 3679/1870/2837 3677/1868/2836
f 3681/1872/2747 3678/1869/2744 3679/1870/2837
f 3682/1818/2694 3621/1797/2800 3655/1817/2825
f 3683/1826/2701 3625/1793/2804 3653/1825/2402
f 3684/1835/2839 3643/1776/2822 3650/1834/2709
f 3684/1835/2839 3685/1838/2713 3643/1776/2822
f 3686/1836/2840 3643/1776/2822 3685/1838/2713
f 3643/1776/2822 3686/1836/2840 3642/1777/2821
f 3687/1837/2841 3642/1777/2821 3686/1836/2840
f 3686/1836/2840 3688/1839/2842 3687/1837/2841
f 3689/1840/2843 3687/1837/2841 3688/1839/2842
f 3685/1838/2713 3690/1841/2716 3686/1836/2840
f 3688/1839/2842 3686/1836/2840 3690/1841/2716
f 3688/1839/2842 3691/1842/2844 3689/1840/2843
f 3692/1843/2845 3689/1840/2843 3691/1842/2844
f 3691/1842/2844 3688/1839/2842 3693/1844/2719
f 3690/1841/2716 3693/1844/2719 3688/1839/2842
f 3691/1842/2844 3694/1845/2846 3692/1843/2845
f 3695/1846/2847 3692/1843/2845 3694/1845/2846
f 3694/1845/2846 3691/1842/2844 3696/1847/2722
f 3693/1844/2719 3696/1847/2722 3691/1842/2844
f 3694/1845/2846 3697/1848/2848 3695/1846/2847
f 3698/1849/2849 3695/1846/2847 3697/1848/2848
f 3697/1848/2848 3694/1845/2846 3699/1850/2725
f 3696/1847/2722 3699/1850/2725 3694/1845/2846
f 3697/1848/2848 3700/1851/2850 3698/1849/2849
f 3701/1852/2851 3698/1849/2849 3700/1851/2850
f 3700/1851/2850 3697/1848/2848 3702/1853/2728
f 3699/1850/2725 3702/1853/2728 3697/1848/2848
f 3705/1812/2852 3704/1810/2853 3703/1875/2854
f 3704/1810/2853 3706/1877/2855 3703/1875/2854
f 3706/1877/2855 3707/1878/2856 3703/1875/2854
f 3707/1878/2856 3708/1804/2857 3703/1875/2854
f 3708/1804/2857 3709/1802/2858 3703/1875/2854
f 3709/1802/2858 3710/1800/2859 3703/1875/2854
f 3710/1800/2859 3711/1880/2860 3703/1875/2854
f 3711/1880/2860 3712/1796/2861 3703/1875/2854
f 3712/1796/2861 3713/1794/2862 3703/1875/2854
f 3713/1794/2862 3714/1792/2863 3703/1875/2854
f 3714/1792/2863 3715/1790/2864 3703/1875/2854
f 3715/1790/2864 3716/1788/2865 3703/1875/2854
f 3716/1788/2865 3717/1786/2866 3703/1875/2854
f 3717/1786/2866 3718/1784/2867 3703/1875/2854
f 3718/1784/2867 3719/1883/2868 3703/1875/2854
f 3719/1883/2868 3720/1884/2869 3703/1875/2854
f 3720/1884/2869 3721/1778/2870 3703/1875/2854
f 3721/1778/2870 3722/1775/2871 3703/1875/2854
f 3722/1775/2871 3723/1777/2872 3703/1875/2854
f 3723/1777/2872 3724/1837/2873 3703/1875/2854
f 3725/1857/2874 3703/1875/2854 3724/1837/2873
f 3725/1857/2874 3724/1837/2873 3726/1859/2875
f 3727/1840/2876 3726/1859/2875 3724/1837/2873
f 3727/1840/2876 3728/1843/2877 3726/1859/2875
f 3729/1862/2878 3726/1859/2875 3728/1843/2877
f 3728/1843/2877 3730/1846/2879 3729/1862/2878
f 3731/1865/2880 3729/1862/2878 3730/1846/2879
f 3730/1846/2879 3732/1849/2881 3731/1865/2880
f 3733/1868/2882 3731/1865/2880 3732/1849/2881
f 3732/1849/2881 3734/1852/2883 3733/1868/2882
f 3735/1871/2884 3733/1868/2882 3734/1852/2883
