# Blender 3.6.14
# www.blender.org
mtllib Airplane6.mtl
o Airplane6
v -0.000308 -0.081360 0.719766
v -0.054637 0.195195 0.674541
v -0.000308 0.200613 0.674541
v -0.106877 0.179149 0.674541
v -0.155023 0.153092 0.674540
v -0.197222 0.118025 0.674540
v -0.231855 0.075296 0.674540
v -0.257589 0.026546 0.674541
v -0.273436 -0.026350 0.674541
v -0.278787 -0.081360 0.674541
v -0.273436 -0.136370 0.674541
v -0.257589 -0.189266 0.674541
v -0.231855 -0.238015 0.674541
v -0.197222 -0.280744 0.674541
v -0.155022 -0.315811 0.674541
v -0.106877 -0.341868 0.674541
v -0.054636 -0.357914 0.674541
v -0.073082 0.289086 0.605918
v -0.143058 0.267593 0.605918
v -0.207549 0.232689 0.605918
v -0.264076 0.185717 0.605918
v -0.310466 0.128481 0.605918
v -0.344937 0.063181 0.605918
v -0.366165 -0.007673 0.605918
v -0.373332 -0.081360 0.605918
v -0.366164 -0.155046 0.605918
v -0.344937 -0.225901 0.605918
v -0.310466 -0.291201 0.605918
v -0.264076 -0.348436 0.605918
v -0.207549 -0.395409 0.605918
v -0.143058 -0.430312 0.605918
v -0.073081 -0.451806 0.605918
v -0.000308 -0.459063 0.605918
v -0.000308 -0.363332 0.674541
v 0.054021 -0.357914 0.674541
v 0.106262 -0.341868 0.674541
v 0.154407 -0.315811 0.674541
v 0.196607 -0.280744 0.674541
v 0.231239 -0.238015 0.674541
v 0.256973 -0.189266 0.674541
v 0.272820 -0.136370 0.674541
v 0.278171 -0.081359 0.674541
v 0.272820 -0.026349 0.674541
v 0.256973 0.026547 0.674541
v 0.231239 0.075296 0.674541
v 0.196606 0.118025 0.674541
v 0.154406 0.153092 0.674541
v 0.106261 0.179149 0.674541
v 0.054020 0.195195 0.674541
v 0.142443 -0.430312 0.605918
v 0.072466 -0.451806 0.605918
v 0.206934 -0.395408 0.605918
v 0.263460 -0.348436 0.605918
v 0.309850 -0.291200 0.605918
v 0.344321 -0.225900 0.605918
v 0.365549 -0.155046 0.605918
v 0.372716 -0.081359 0.605918
v 0.365548 -0.007673 0.605918
v 0.344321 0.063182 0.605918
v 0.309850 0.128481 0.605918
v 0.263459 0.185717 0.605918
v 0.206932 0.232689 0.605918
v 0.142441 0.267593 0.605918
v 0.072464 0.289086 0.605918
v -0.000308 0.296344 0.605918
v -0.085538 0.347121 0.497221
v -0.000308 0.355515 0.497221
v -0.167493 0.322260 0.497221
v -0.243023 0.281889 0.497221
v -0.309225 0.227558 0.497221
v -0.363556 0.161355 0.497221
v -0.403928 0.085825 0.497221
v -0.428789 0.003870 0.497221
v -0.437183 -0.081360 0.497221
v -0.428789 -0.166590 0.497221
v -0.403928 -0.248545 0.497221
v -0.363556 -0.324074 0.497221
v -0.309225 -0.390277 0.497221
v -0.243022 -0.444608 0.497221
v -0.167492 -0.484980 0.497221
v -0.085538 -0.509840 0.497221
v -0.000308 -0.518234 0.497221
v 0.084922 -0.509840 0.497221
v 0.166877 -0.484979 0.497221
v 0.242407 -0.444608 0.497221
v 0.308609 -0.390277 0.497221
v 0.362940 -0.324074 0.497221
v 0.403312 -0.248544 0.497221
v 0.428172 -0.166589 0.497221
v 0.436567 -0.081359 0.497221
v 0.428172 0.003871 0.497221
v 0.403311 0.085826 0.497221
v 0.362939 0.161356 0.497221
v 0.308608 0.227558 0.497221
v 0.242406 0.281889 0.497221
v 0.166876 0.322260 0.497221
v 0.084921 0.347121 0.497221
v -0.000308 0.363775 0.417099
v -0.085538 0.347121 0.497221
v -0.087249 0.355721 0.412163
v -0.000308 0.355515 0.497221
v -0.167493 0.322260 0.497221
v -0.171428 0.331760 0.397480
v -0.178492 0.328236 0.395320
v -0.243023 0.281889 0.497221
v -0.250574 0.293189 0.365388
v -0.306150 0.252223 0.330400
v -0.309225 0.227558 0.497221
v -0.322370 0.240702 0.316910
v -0.374492 0.187302 0.254387
v -0.363556 0.161355 0.497221
v -0.385960 0.176227 0.236314
v -0.428789 0.096123 0.236207
v -0.403928 0.085825 0.497221
v -0.455181 0.009120 0.236207
v -0.428789 0.003870 0.497221
v -0.464092 -0.081360 0.236207
v -0.437183 -0.081360 0.497221
v -0.455181 -0.171839 0.236207
v -0.428789 -0.166590 0.497221
v -0.428788 -0.258842 0.236207
v -0.403928 -0.248545 0.497221
v -0.385930 -0.339024 0.236207
v -0.363556 -0.324074 0.497221
v -0.328253 -0.409304 0.236207
v -0.309225 -0.390277 0.497221
v -0.257972 -0.466982 0.236207
v -0.243022 -0.444608 0.497221
v -0.177790 -0.509840 0.236207
v -0.167492 -0.484980 0.497221
v -0.090787 -0.536232 0.236207
v -0.085538 -0.509840 0.497221
v -0.000308 -0.545144 0.236207
v -0.000308 -0.518234 0.497221
v -0.437183 -0.262319 -0.059004
v -0.464092 -0.173612 -0.059004
v -0.473178 -0.081360 -0.059004
v -0.464092 0.010893 -0.059004
v -0.181267 -0.518235 -0.059004
v -0.263020 -0.474537 -0.059004
v -0.092560 -0.545144 -0.059004
v -0.000308 -0.554230 -0.059004
v -0.464092 -0.081360 -0.348560
v -0.455181 0.009120 -0.348560
v -0.445493 0.065638 -0.120054
v -0.446028 0.070443 -0.059004
v -0.439862 0.073481 -0.219709
v -0.429641 0.096667 -0.316287
v -0.428789 0.096123 -0.348560
v -0.421411 0.109927 -0.348560
v -0.455181 -0.171840 -0.348560
v -0.428789 -0.258842 -0.348560
v -0.385930 -0.339024 -0.348560
v -0.393485 -0.344072 -0.059004
v -0.334678 -0.415729 -0.059004
v -0.328253 -0.409305 -0.348560
v -0.257972 -0.466982 -0.348560
v -0.177790 -0.509840 -0.348560
v -0.090788 -0.536232 -0.348560
v -0.000308 -0.545144 -0.348560
v -0.309225 -0.390277 -0.575940
v -0.363556 -0.324074 -0.575940
v -0.403928 -0.248544 -0.575940
v -0.428789 -0.166590 -0.575940
v -0.437183 -0.081360 -0.575940
v -0.428789 0.003870 -0.575940
v -0.403928 0.085825 -0.575940
v -0.399864 0.135071 -0.409264
v -0.374557 0.168705 -0.464150
v -0.363557 0.161355 -0.575940
v -0.354672 0.187301 -0.494496
v -0.311841 0.230172 -0.544692
v -0.309226 0.227558 -0.575940
v -0.280181 0.252222 -0.570509
v -0.271423 0.258581 -0.575940
v -0.278327 0.196658 -0.769263
v -0.218746 0.245555 -0.769263
v -0.240869 0.278665 -0.593093
v -0.163501 0.312622 -0.622095
v -0.150771 0.281889 -0.769263
v -0.327223 0.137078 -0.769263
v -0.363557 0.069103 -0.769263
v -0.385931 -0.004655 -0.769263
v -0.393485 -0.081360 -0.769263
v -0.385931 -0.158065 -0.769263
v -0.363556 -0.231822 -0.769263
v -0.327223 -0.299797 -0.769263
v -0.278326 -0.359378 -0.769263
v -0.218746 -0.408275 -0.769263
v -0.243023 -0.444608 -0.575940
v -0.167493 -0.484980 -0.575940
v -0.085538 -0.509840 -0.575940
v -0.000308 -0.518235 -0.575940
v -0.150770 -0.444608 -0.769263
v -0.077013 -0.466982 -0.769263
v -0.000308 -0.474537 -0.769263
v -0.186074 -0.359378 -0.923544
v -0.236743 -0.317795 -0.923544
v -0.128266 -0.390277 -0.923544
v -0.065540 -0.409304 -0.923544
v -0.000308 -0.415729 -0.923544
v -0.146263 -0.299797 -1.050159
v -0.186074 -0.267126 -1.050159
v -0.278326 -0.267126 -0.923544
v -0.309225 -0.209317 -0.923544
v -0.328253 -0.146592 -0.923544
v -0.334678 -0.081360 -0.923544
v -0.328253 -0.016127 -0.923544
v -0.309226 0.046598 -0.923544
v -0.278327 0.104406 -0.923544
v -0.236743 0.155075 -0.923544
v -0.186074 0.196658 -0.923544
v -0.128266 0.227557 -0.923544
v -0.077014 0.304263 -0.769263
v -0.065541 0.246585 -0.923544
v -0.000308 0.311817 -0.769263
v -0.000308 0.340385 -0.642876
v -0.082780 0.333251 -0.638504
v -0.000309 0.253010 -0.923544
v -0.051561 0.176305 -1.050159
v -0.000309 0.181353 -1.050159
v -0.100844 0.161355 -1.050159
v -0.146264 0.137078 -1.050159
v -0.186074 0.104406 -1.050159
v -0.218746 0.064596 -1.050159
v -0.069559 0.085825 -1.144242
v -0.035612 0.096123 -1.144242
v -0.000309 0.181353 -1.050159
v -0.000309 0.099600 -1.144242
v -0.100844 0.069103 -1.144242
v -0.128266 0.046598 -1.144242
v -0.150771 0.019176 -1.144242
v -0.167493 -0.012110 -1.144242
v -0.243023 0.019176 -1.050159
v -0.257973 -0.030107 -1.050159
v -0.263021 -0.081360 -1.050159
v -0.257973 -0.132612 -1.050159
v -0.243023 -0.181895 -1.050159
v -0.218746 -0.227315 -1.050159
v -0.177791 -0.046056 -1.144242
v -0.181268 -0.081360 -1.144242
v -0.177791 -0.116663 -1.144242
v -0.167493 -0.150610 -1.144242
v -0.150771 -0.181895 -1.144242
v -0.128266 -0.209317 -1.144242
v -0.100844 -0.231822 -1.144242
v -0.069558 -0.248544 -1.144242
v -0.100844 -0.324074 -1.050159
v -0.051561 -0.339024 -1.050159
v -0.000308 -0.344072 -1.050159
v -0.035612 -0.258842 -1.144242
v -0.000308 -0.262319 -1.144242
v -0.085538 -0.116663 -1.202178
v -0.090788 -0.099357 -1.202178
v -0.092561 -0.081360 -1.202178
v -0.090788 -0.063362 -1.202178
v -0.085538 -0.046056 -1.202178
v -0.077013 -0.030107 -1.202178
v -0.065541 -0.016128 -1.202178
v -0.051561 -0.004655 -1.202178
v -0.035612 0.003870 -1.202178
v -0.018306 0.009120 -1.202178
v -0.000309 0.099600 -1.144242
v -0.000309 0.010893 -1.202178
v 0.090172 -0.536232 0.236207
v -0.000308 -0.518234 0.497221
v 0.084922 -0.509840 0.497221
v -0.000308 -0.545144 0.236207
v 0.177175 -0.509840 0.236207
v 0.166877 -0.484979 0.497221
v 0.257357 -0.466982 0.236207
v 0.242407 -0.444608 0.497221
v 0.327637 -0.409304 0.236207
v 0.308609 -0.390277 0.497221
v 0.385314 -0.339024 0.236207
v 0.362940 -0.324074 0.497221
v 0.428173 -0.258842 0.236207
v 0.403312 -0.248544 0.497221
v 0.454564 -0.171839 0.236207
v 0.428172 -0.166589 0.497221
v 0.463476 -0.081359 0.236207
v 0.436567 -0.081359 0.497221
v 0.454564 0.009121 0.236207
v 0.428172 0.003871 0.497221
v 0.428172 0.096123 0.236207
v 0.403311 0.085826 0.497221
v 0.362939 0.161356 0.497221
v 0.385343 0.176227 0.236314
v 0.373876 0.187302 0.254387
v 0.308608 0.227558 0.497221
v 0.321753 0.240702 0.316911
v 0.305533 0.252223 0.330400
v 0.242406 0.281889 0.497221
v 0.249957 0.293190 0.365388
v 0.177875 0.328235 0.395320
v 0.166876 0.322260 0.497221
v 0.170811 0.331760 0.397480
v 0.086632 0.355721 0.412163
v 0.084921 0.347121 0.497221
v -0.000308 0.363775 0.417099
v -0.000308 0.355515 0.497221
v 0.170042 0.333409 0.385416
v 0.242897 0.296493 0.356774
v 0.249957 0.293190 0.365388
v 0.304788 0.250187 0.315769
v 0.305533 0.252223 0.330400
v 0.321753 0.240702 0.316911
v 0.368893 0.185138 0.237488
v 0.373876 0.187302 0.254387
v 0.385343 0.176227 0.236314
v 0.398118 0.141241 0.164677
v 0.409682 0.135071 0.169155
v 0.420627 0.103161 0.074117
v 0.432626 0.097968 0.079580
v 0.433064 0.096817 0.076801
v 0.430743 0.079212 -0.022212
v 0.443254 0.073481 -0.020399
v 0.432839 0.075584 -0.059980
v 0.445411 0.070443 -0.059004
v 0.432319 0.071361 -0.120657
v 0.444877 0.065638 -0.120054
v 0.426847 0.078957 -0.218472
v 0.439245 0.073481 -0.219709
v 0.416914 0.101973 -0.314009
v 0.429024 0.096667 -0.316289
v 0.408916 0.114843 -0.346300
v 0.420794 0.109926 -0.348560
v 0.387978 0.139998 -0.406018
v 0.399247 0.135071 -0.409264
v 0.363383 0.173146 -0.460547
v 0.373939 0.168705 -0.464151
v 0.344060 0.191691 -0.489534
v 0.354055 0.187301 -0.494496
v 0.302436 0.234800 -0.539057
v 0.311223 0.230173 -0.544693
v 0.269445 0.257863 -0.564492
v 0.279564 0.252222 -0.570509
v 0.270806 0.258581 -0.575940
v 0.235294 0.281395 -0.583643
v 0.240251 0.278665 -0.593093
v 0.158852 0.313963 -0.611841
v 0.162883 0.312622 -0.622095
v 0.088913 0.327278 -0.625418
v 0.101083 0.328234 -0.635429
v 0.082162 0.333251 -0.638504
v -0.000308 0.336649 -0.631157
v -0.000308 0.340385 -0.642876
v -0.410299 0.135072 0.169155
v -0.433243 0.097968 0.079578
v -0.433680 0.096817 0.076801
v -0.443870 0.073481 -0.020399
v 0.091945 -0.545143 -0.059004
v -0.000308 -0.554230 -0.059004
v 0.180652 -0.518234 -0.059004
v 0.262405 -0.474536 -0.059004
v 0.334062 -0.415729 -0.059004
v 0.392869 -0.344072 -0.059004
v 0.436567 -0.262319 -0.059004
v 0.463476 -0.173612 -0.059004
v 0.472562 -0.081359 -0.059004
v 0.463475 0.010893 -0.059004
v 0.443254 0.073481 -0.020399
v 0.445411 0.070443 -0.059004
v 0.433064 0.096817 0.076801
v 0.432626 0.097968 0.079580
v 0.409682 0.135071 0.169155
v 0.454564 -0.171839 -0.348560
v 0.428172 -0.258842 -0.348560
v 0.463476 -0.081359 -0.348560
v 0.454564 0.009121 -0.348560
v 0.439245 0.073481 -0.219709
v 0.428172 0.096123 -0.348560
v 0.429024 0.096667 -0.316289
v 0.444877 0.065638 -0.120054
v 0.420794 0.109926 -0.348560
v 0.428172 -0.166589 -0.575940
v 0.403312 -0.248544 -0.575940
v 0.385314 -0.339024 -0.348560
v 0.327637 -0.409304 -0.348560
v 0.257357 -0.466982 -0.348560
v 0.177175 -0.509840 -0.348560
v 0.090172 -0.536232 -0.348560
v -0.000308 -0.545144 -0.348560
v 0.084922 -0.509840 -0.575940
v -0.000308 -0.518235 -0.575940
v 0.166877 -0.484979 -0.575940
v 0.242407 -0.444608 -0.575940
v 0.308609 -0.390277 -0.575940
v 0.362940 -0.324074 -0.575940
v 0.076397 -0.466982 -0.769263
v -0.000308 -0.474537 -0.769263
v 0.150154 -0.444608 -0.769263
v 0.218130 -0.408274 -0.769263
v 0.277710 -0.359378 -0.769263
v 0.326607 -0.299797 -0.769263
v 0.362940 -0.231822 -0.769263
v 0.385314 -0.158064 -0.769263
v 0.392869 -0.081359 -0.769263
v 0.436567 -0.081359 -0.575940
v 0.428172 0.003871 -0.575940
v 0.403311 0.085826 -0.575940
v 0.399247 0.135071 -0.409264
v 0.362939 0.161356 -0.575940
v 0.373939 0.168705 -0.464151
v 0.354055 0.187301 -0.494496
v 0.308608 0.227558 -0.575940
v 0.311223 0.230173 -0.544693
v 0.279564 0.252222 -0.570509
v 0.270806 0.258581 -0.575940
v 0.385314 -0.004654 -0.769263
v 0.362940 0.069103 -0.769263
v 0.326606 0.137078 -0.769263
v 0.277709 0.196659 -0.769263
v 0.218128 0.245555 -0.769263
v 0.240251 0.278665 -0.593093
v 0.327636 -0.016127 -0.923544
v 0.334061 -0.081359 -0.923544
v 0.327636 -0.146592 -0.923544
v 0.308609 -0.209317 -0.923544
v 0.277710 -0.267125 -0.923544
v 0.236127 -0.317794 -0.923544
v 0.185458 -0.359378 -0.923544
v 0.127650 -0.390277 -0.923544
v 0.064924 -0.409304 -0.923544
v -0.000308 -0.415729 -0.923544
v 0.050945 -0.339024 -1.050159
v -0.000308 -0.344072 -1.050159
v 0.100228 -0.324074 -1.050159
v 0.145647 -0.299797 -1.050159
v 0.185458 -0.267125 -1.050159
v 0.218129 -0.227315 -1.050159
v 0.242406 -0.181895 -1.050159
v 0.257356 -0.132612 -1.050159
v 0.262404 -0.081359 -1.050159
v 0.257356 -0.030107 -1.050159
v 0.242406 0.019176 -1.050159
v 0.308609 0.046598 -0.923544
v 0.277709 0.104406 -0.923544
v 0.236126 0.155076 -0.923544
v 0.185457 0.196659 -0.923544
v 0.127649 0.227558 -0.923544
v 0.150153 0.281889 -0.769263
v 0.064923 0.246585 -0.923544
v 0.076396 0.304263 -0.769263
v 0.101083 0.328234 -0.635429
v 0.162883 0.312622 -0.622095
v -0.000309 0.253010 -0.923544
v -0.000308 0.311817 -0.769263
v 0.185457 0.104406 -1.050159
v 0.218129 0.064596 -1.050159
v 0.100227 0.161355 -1.050159
v 0.145646 0.137078 -1.050159
v -0.000309 0.181353 -1.050159
v 0.050944 0.176305 -1.050159
v 0.150154 0.019176 -1.144242
v 0.166876 -0.012109 -1.144242
v 0.177174 -0.046056 -1.144242
v 0.180651 -0.081359 -1.144242
v 0.177174 -0.116663 -1.144242
v 0.166876 -0.150610 -1.144242
v 0.150154 -0.181895 -1.144242
v 0.127649 -0.209317 -1.144242
v 0.100227 -0.231822 -1.144242
v 0.068942 -0.248544 -1.144242
v 0.034995 -0.258842 -1.144242
v -0.000308 -0.262319 -1.144242
v 0.017689 -0.171839 -1.202178
v -0.000308 -0.173612 -1.202178
v 0.034995 -0.166590 -1.202178
v 0.050944 -0.158065 -1.202178
v 0.064924 -0.146592 -1.202178
v 0.076397 -0.132612 -1.202178
v 0.084922 -0.116663 -1.202178
v 0.090171 -0.099357 -1.202178
v 0.091944 -0.081360 -1.202178
v 0.090171 -0.063362 -1.202178
v 0.084921 -0.046056 -1.202178
v 0.076396 -0.030107 -1.202178
v 0.064924 -0.016127 -1.202178
v 0.127649 0.046598 -1.144242
v 0.100227 0.069103 -1.144242
v 0.068941 0.085825 -1.144242
v 0.034995 0.096123 -1.144242
v -0.000309 0.099600 -1.144242
v 0.050944 -0.004655 -1.202178
v 0.034995 0.003870 -1.202178
v 0.017689 0.009120 -1.202178
v -0.000309 0.010893 -1.202178
v -0.000309 0.099600 -1.144242
v -0.000309 0.181353 -1.050159
v 0.101083 0.328234 -0.635429
v 0.082162 0.333251 -0.638504
v -0.000308 0.340385 -0.642876
v -0.077013 -0.132612 -1.202178
v -0.065541 -0.146592 -1.202178
v -0.051561 -0.158065 -1.202178
v -0.035612 -0.166590 -1.202178
v -0.018306 -0.171839 -1.202178
v -0.000308 -0.173612 -1.202178
v -0.000308 -0.081360 -1.221741
v -0.000309 0.010893 -1.202178
v -0.018306 0.009120 -1.202178
v -0.000308 -0.081360 -1.221741
v -0.018306 0.009120 -1.202178
v -0.035612 0.003870 -1.202178
v -0.051561 -0.004655 -1.202178
v -0.065541 -0.016128 -1.202178
v -0.077013 -0.030107 -1.202178
v -0.085538 -0.046056 -1.202178
v -0.090788 -0.063362 -1.202178
v -0.092561 -0.081360 -1.202178
v -0.090788 -0.099357 -1.202178
v -0.085538 -0.116663 -1.202178
v -0.077013 -0.132612 -1.202178
v -0.065541 -0.146592 -1.202178
v -0.051561 -0.158065 -1.202178
v -0.035612 -0.166590 -1.202178
v -0.018306 -0.171839 -1.202178
v -0.000308 -0.173612 -1.202178
v 0.017689 -0.171839 -1.202178
v 0.034995 -0.166590 -1.202178
v 0.050944 -0.158065 -1.202178
v 0.064924 -0.146592 -1.202178
v 0.076397 -0.132612 -1.202178
v 0.084922 -0.116663 -1.202178
v 0.090171 -0.099357 -1.202178
v 0.091944 -0.081360 -1.202178
v 0.090171 -0.063362 -1.202178
v 0.084921 -0.046056 -1.202178
v 0.076396 -0.030107 -1.202178
v 0.064924 -0.016127 -1.202178
v 0.050944 -0.004655 -1.202178
v 0.034995 0.003870 -1.202178
v 0.017689 0.009120 -1.202178
v -0.000309 0.010893 -1.202178
v -0.101700 0.328234 -0.635429
v -0.101700 0.328234 -0.635429
v -0.000308 0.340385 -0.642876
v -0.089555 0.327278 -0.625418
v -0.082780 0.333251 -0.638504
v -0.000308 0.336649 -0.631157
v -0.101700 0.328234 -0.635429
v -0.161450 0.313962 -0.611186
v -0.163501 0.312622 -0.622095
v -0.235876 0.281395 -0.583660
v -0.240869 0.278665 -0.593093
v -0.268031 0.257863 -0.565816
v -0.271423 0.258581 -0.575940
v -0.280181 0.252222 -0.570509
v -0.303053 0.234800 -0.539056
v -0.311841 0.230172 -0.544692
v -0.344676 0.191691 -0.489534
v -0.354672 0.187301 -0.494496
v -0.364001 0.173146 -0.460546
v -0.374557 0.168705 -0.464150
v -0.388594 0.139998 -0.406018
v -0.399864 0.135071 -0.409264
v -0.409533 0.114844 -0.346300
v -0.421411 0.109927 -0.348560
v -0.417531 0.101973 -0.314008
v -0.429641 0.096667 -0.316287
v -0.427464 0.078957 -0.218472
v -0.439862 0.073481 -0.219709
v -0.432936 0.071361 -0.120657
v -0.445493 0.065638 -0.120054
v -0.433456 0.075585 -0.059980
v -0.446028 0.070443 -0.059004
v -0.431359 0.079212 -0.022212
v -0.443870 0.073481 -0.020399
v -0.421244 0.103161 0.074116
v -0.433680 0.096817 0.076801
v -0.433243 0.097968 0.079578
v -0.398735 0.141241 0.164677
v -0.410299 0.135072 0.169155
v -0.369510 0.185138 0.237488
v -0.385960 0.176227 0.236314
v -0.374492 0.187302 0.254387
v -0.305404 0.250187 0.315769
v -0.322370 0.240702 0.316910
v -0.306150 0.252223 0.330400
v -0.243515 0.296493 0.356773
v -0.250574 0.293189 0.365388
v -0.170627 0.333409 0.384090
v -0.171428 0.331760 0.397480
v -0.084797 0.351552 0.399998
v -0.087249 0.355721 0.412163
v -0.000308 0.359379 0.402776
v -0.000308 0.363775 0.417099
v -0.000308 0.363775 0.417099
v 0.084179 0.351552 0.399998
v 0.086632 0.355721 0.412163
v -0.000308 0.359379 0.402776
v -0.000308 0.336649 -0.631157
v -0.089555 -0.140049 -0.625418
v -0.089555 0.327278 -0.625418
v -0.000308 -0.140049 -0.631157
v -0.161450 -0.140049 -0.611187
v -0.161450 0.313962 -0.611186
v -0.235876 -0.140049 -0.583660
v -0.235876 0.281395 -0.583660
v -0.268031 -0.140049 -0.565816
v -0.268031 0.257863 -0.565816
v -0.303053 -0.140049 -0.539056
v -0.303053 0.234800 -0.539056
v -0.344676 -0.140049 -0.489534
v -0.344676 0.191691 -0.489534
v -0.364000 -0.140049 -0.460546
v -0.364001 0.173146 -0.460546
v -0.388594 -0.140049 -0.406018
v -0.388594 0.139998 -0.406018
v -0.409533 -0.140049 -0.346300
v -0.409533 0.114844 -0.346300
v -0.417531 -0.140049 -0.314008
v -0.417531 0.101973 -0.314008
v -0.427464 -0.140049 -0.218472
v -0.427464 0.078957 -0.218472
v -0.432936 -0.140049 -0.120657
v -0.432936 0.071361 -0.120657
v -0.433456 -0.140049 -0.059980
v -0.433456 0.075585 -0.059980
v -0.431359 -0.140049 -0.022212
v -0.431359 0.079212 -0.022212
v -0.421244 -0.140049 0.074116
v -0.421244 0.103161 0.074116
v -0.398735 -0.140049 0.164677
v -0.398735 0.141241 0.164677
v -0.369510 -0.140049 0.237488
v -0.369510 0.185138 0.237488
v -0.305404 -0.140049 0.315769
v -0.305404 0.250187 0.315769
v -0.243515 -0.140049 0.356774
v -0.243515 0.296493 0.356773
v -0.170627 -0.140049 0.384090
v -0.170627 0.333409 0.384090
v -0.084797 -0.140049 0.399998
v -0.084797 0.351552 0.399998
v -0.000308 -0.140049 0.402776
v -0.000308 0.359379 0.402776
v 0.088913 0.327278 -0.625418
v -0.000308 -0.140049 -0.631157
v -0.000308 0.336649 -0.631157
v 0.088913 -0.140049 -0.625418
v 0.158852 0.313963 -0.611841
v 0.158852 -0.140049 -0.611841
v 0.235294 0.281395 -0.583643
v 0.235294 -0.140049 -0.583643
v 0.269445 0.257863 -0.564492
v 0.269445 -0.140049 -0.564492
v 0.302436 0.234800 -0.539057
v 0.302436 -0.140049 -0.539057
v 0.344060 0.191691 -0.489534
v 0.344060 -0.140049 -0.489534
v 0.363383 0.173146 -0.460547
v 0.363383 -0.140049 -0.460547
v 0.387978 0.139998 -0.406018
v 0.387978 -0.140049 -0.406018
v 0.408916 0.114843 -0.346300
v 0.408916 -0.140049 -0.346300
v 0.416914 0.101973 -0.314009
v 0.416914 -0.140049 -0.314009
v 0.426847 0.078957 -0.218472
v 0.426847 -0.140049 -0.218472
v 0.432319 0.071361 -0.120657
v 0.432320 -0.140049 -0.120657
v 0.432839 0.075584 -0.059980
v 0.432839 -0.140049 -0.059980
v 0.430743 0.079212 -0.022212
v 0.430743 -0.140049 -0.022212
v 0.420627 0.103161 0.074117
v 0.420627 -0.140049 0.074117
v 0.398118 0.141241 0.164677
v 0.398118 -0.140049 0.164677
v 0.368893 0.185138 0.237488
v 0.368893 -0.140049 0.237488
v 0.304788 0.250187 0.315769
v 0.304788 -0.140049 0.315769
v 0.242897 0.296493 0.356774
v 0.242898 -0.140049 0.356774
v 0.170042 0.333409 0.385416
v 0.170042 -0.140049 0.385416
v 0.084179 0.351552 0.399998
v 0.084179 -0.140049 0.399998
v -0.000308 0.359379 0.402776
v -0.000308 -0.140049 0.402776
v -0.089555 -0.140049 -0.625418
v -0.235876 -0.140049 -0.583660
v -0.161450 -0.140049 -0.611187
v 0.088913 -0.140049 -0.625418
v -0.268031 -0.140049 -0.565816
v -0.303053 -0.140049 -0.539056
v -0.344676 -0.140049 -0.489534
v -0.364000 -0.140049 -0.460546
v -0.388594 -0.140049 -0.406018
v -0.398735 -0.140049 0.164677
v -0.409533 -0.140049 -0.346300
v -0.417531 -0.140049 -0.314008
v -0.427464 -0.140049 -0.218472
v -0.432936 -0.140049 -0.120657
v -0.433456 -0.140049 -0.059980
v -0.431359 -0.140049 -0.022212
v -0.421244 -0.140049 0.074116
v 0.408916 -0.140049 -0.346300
v 0.416914 -0.140049 -0.314009
v 0.426847 -0.140049 -0.218472
v 0.432320 -0.140049 -0.120657
v 0.432839 -0.140049 -0.059980
v 0.170042 -0.140049 0.385416
v -0.170627 -0.140049 0.384090
v -0.305404 -0.140049 0.315769
v -0.369510 -0.140049 0.237488
v -0.243515 -0.140049 0.356774
v -0.000308 -0.140049 0.402776
v -0.084797 -0.140049 0.399998
v 0.084179 -0.140049 0.399998
v 0.398118 -0.140049 0.164677
v 0.304788 -0.140049 0.315769
v 0.242898 -0.140049 0.356774
v 0.368893 -0.140049 0.237488
v 0.430743 -0.140049 -0.022212
v 0.420627 -0.140049 0.074117
v 0.235294 -0.140049 -0.583643
v 0.158852 -0.140049 -0.611841
v 0.269445 -0.140049 -0.564492
v 0.302436 -0.140049 -0.539057
v 0.344060 -0.140049 -0.489534
v 0.363383 -0.140049 -0.460547
v 0.387978 -0.140049 -0.406018
v -0.000308 -0.140049 -0.631157
v -0.049799 -0.000667 0.440163
v -0.046002 0.199905 0.175178
v -0.046002 0.014968 0.451110
v -0.049799 0.184270 0.164230
v -0.035191 0.213160 0.184459
v -0.035191 0.028223 0.460391
v -0.019009 0.222016 0.190661
v -0.019009 0.037079 0.466593
v -0.046002 -0.016302 0.429215
v -0.046002 0.168635 0.153282
v -0.035191 -0.029557 0.419934
v -0.035191 0.155380 0.144001
v -0.019009 -0.038413 0.413732
v -0.019010 0.146524 0.137800
v 0.000077 -0.041523 0.411555
v 0.000077 0.143414 0.135622
v 0.019164 -0.038413 0.413732
v 0.019164 0.146524 0.137800
v 0.035345 -0.029557 0.419934
v 0.035345 0.155380 0.144001
v 0.046157 -0.016302 0.429215
v 0.046157 0.168635 0.153282
v 0.049954 -0.000667 0.440163
v 0.049954 0.184270 0.164230
v 0.046157 0.014968 0.451110
v 0.046157 0.199905 0.175178
v 0.035345 0.028223 0.460391
v 0.035345 0.213160 0.184459
v 0.019164 0.037079 0.466593
v 0.019164 0.222016 0.190661
v 0.000077 0.040189 0.468770
v 0.000077 0.225126 0.192838
v -0.019009 0.037079 0.466593
v -0.019009 0.222016 0.190661
v -0.046002 0.168635 0.153282
v -0.046002 0.199905 0.175178
v -0.049799 0.184270 0.164230
v -0.035191 0.213160 0.184459
v -0.019009 0.222016 0.190661
v 0.000077 0.225126 0.192838
v 0.019164 0.222016 0.190661
v 0.035345 0.213160 0.184459
v 0.046157 0.199905 0.175178
v 0.049954 0.184270 0.164230
v 0.046157 0.168635 0.153282
v 0.035345 0.155380 0.144001
v 0.019164 0.146524 0.137800
v 0.000077 0.143414 0.135622
v -0.019010 0.146524 0.137800
v -0.035191 0.155380 0.144001
v -0.188410 0.178154 0.172946
v -0.183456 0.243739 0.211821
v -0.174062 0.237240 0.214318
v -0.198578 0.181465 0.168216
v -0.140393 0.296532 0.248787
v -0.133203 0.287330 0.249392
v -0.075945 0.331807 0.273487
v -0.072053 0.320800 0.272828
v 0.000077 0.344194 0.282160
v 0.000077 0.332553 0.281057
v -0.174062 0.119067 0.131573
v -0.183456 0.119192 0.124612
v -0.133203 0.068977 0.096499
v -0.140393 0.066399 0.087646
v -0.072054 0.035507 0.073063
v -0.075945 0.031123 0.062946
v 0.000077 0.023754 0.064834
v 0.000077 0.018736 0.054273
v 0.072208 0.035507 0.073063
v 0.076099 0.031123 0.062946
v 0.133358 0.068977 0.096499
v 0.140548 0.066398 0.087646
v 0.174217 0.119067 0.131573
v 0.183611 0.119191 0.124612
v 0.188564 0.178154 0.172946
v 0.198732 0.181465 0.168216
v 0.174217 0.237240 0.214318
v 0.183611 0.243739 0.211821
v 0.133358 0.287330 0.249392
v 0.140548 0.296532 0.248787
v 0.072208 0.320800 0.272828
v 0.076099 0.331807 0.273487
v 0.000077 0.332553 0.281057
v 0.000077 0.344194 0.282160
v 0.077679 0.340133 0.268242
v 0.000077 0.352777 0.277096
v 0.143466 0.304125 0.243029
v 0.187423 0.250236 0.205295
v 0.202859 0.186668 0.160785
v 0.187423 0.123101 0.116275
v 0.143466 0.069211 0.078541
v 0.077679 0.033204 0.053328
v 0.000077 0.020559 0.044474
v -0.077524 0.033204 0.053328
v -0.143311 0.069211 0.078541
v -0.187269 0.123101 0.116275
v -0.202704 0.186668 0.160785
v -0.187269 0.250236 0.205295
v -0.143311 0.304125 0.243029
v -0.077524 0.340133 0.268242
v 0.000077 0.352777 0.277096
v -0.187269 0.280886 0.161522
v -0.202704 0.217319 0.117012
v -0.143311 0.334776 0.199256
v -0.077524 0.370784 0.224469
v 0.000077 0.383428 0.233323
v -0.183456 0.284795 0.153185
v -0.198578 0.222522 0.109581
v -0.140393 0.337589 0.190151
v -0.075945 0.372864 0.214851
v 0.000077 0.385251 0.223525
v -0.187269 0.153752 0.072502
v -0.143311 0.099862 0.034768
v -0.077524 0.063854 0.009555
v 0.000077 0.051210 0.000701
v 0.077679 0.063854 0.009555
v 0.143466 0.099862 0.034768
v 0.187423 0.153752 0.072502
v 0.202859 0.217319 0.117012
v 0.187423 0.280886 0.161522
v 0.143466 0.334776 0.199256
v 0.077679 0.370784 0.224469
v 0.000077 0.383428 0.233323
v 0.076099 0.372864 0.214851
v 0.000077 0.385251 0.223525
v 0.140548 0.337589 0.190151
v 0.183611 0.284795 0.153185
v 0.198732 0.222522 0.109581
v 0.183611 0.160248 0.065977
v 0.140548 0.107455 0.029011
v 0.076099 0.072180 0.004311
v 0.000077 0.059793 -0.004363
v -0.075945 0.072180 0.004311
v -0.140393 0.107455 0.029011
v -0.183456 0.160248 0.065977
v 0.174217 0.166747 0.063479
v 0.133358 0.116657 0.028405
v 0.072208 0.083187 0.004970
v 0.000077 0.071434 -0.003260
v -0.072054 0.083187 0.004970
v -0.133203 0.116657 0.028405
v -0.174062 0.166747 0.063479
v -0.188410 0.225833 0.104852
v -0.174062 0.284920 0.146224
v -0.133203 0.335010 0.181298
v -0.072053 0.368480 0.204734
v 0.000077 0.380233 0.212963
v 0.072208 0.368480 0.204734
v 0.000077 0.380233 0.212963
v 0.133358 0.335010 0.181298
v 0.174217 0.284920 0.146224
v 0.188564 0.225833 0.104852
v -0.133203 0.068977 0.096499
v 0.000077 0.023754 0.064834
v -0.072054 0.035507 0.073063
v -0.188410 0.178154 0.172946
v 0.188564 0.178154 0.172946
v 0.133358 0.068977 0.096499
v 0.072208 0.035507 0.073063
v 0.174217 0.119067 0.131573
v 0.000077 0.332553 0.281057
v 0.133358 0.287330 0.249392
v 0.174217 0.237240 0.214318
v 0.072208 0.320800 0.272828
v -0.133203 0.287330 0.249392
v -0.072053 0.320800 0.272828
v -0.174062 0.237240 0.214318
v -0.174062 0.119067 0.131573
v -0.174062 0.284920 0.146224
v -0.072053 0.368480 0.204734
v -0.133203 0.335010 0.181298
v -0.174062 0.166747 0.063479
v 0.174217 0.284920 0.146224
v 0.072208 0.368480 0.204734
v 0.000077 0.380233 0.212963
v 0.133358 0.335010 0.181298
v 0.072208 0.083187 0.004970
v 0.174217 0.166747 0.063479
v 0.188564 0.225833 0.104852
v 0.133358 0.116657 0.028405
v -0.072054 0.083187 0.004970
v 0.000077 0.071434 -0.003260
v -0.133203 0.116657 0.028405
v -0.188410 0.225833 0.104852
v -0.871019 -0.167946 0.371969
v -0.931641 -0.149618 0.337677
v -0.871019 -0.149618 0.354816
v -0.935160 -0.167946 0.353438
v -0.990770 -0.149618 0.314157
v -0.997721 -0.167946 0.328195
v -1.046950 -0.149618 0.285262
v -1.057163 -0.167946 0.297338
v -1.098799 -0.149618 0.252042
v -1.112021 -0.167946 0.262008
v -1.145038 -0.149618 0.215532
v -1.160945 -0.167946 0.223316
v -1.184531 -0.149618 0.176706
v -1.202730 -0.167946 0.182299
v -1.216304 -0.149618 0.136446
v -1.236347 -0.167945 0.139884
v -1.239574 -0.149618 0.095525
v -1.260969 -0.167945 0.096872
v -1.253770 -0.149618 0.054613
v -1.275989 -0.167945 0.053942
v -1.258541 -0.149618 0.014290
v -1.281037 -0.167945 0.011674
v -1.253770 -0.149618 -0.024924
v -1.275989 -0.167946 -0.029419
v -1.239574 -0.149618 -0.062536
v -1.260969 -0.167945 -0.068857
v -1.216304 -0.149618 -0.098046
v -1.236347 -0.167945 -0.106145
v -1.184531 -0.149618 -0.130919
v -1.202730 -0.167946 -0.140743
v -1.145038 -0.149618 -0.160562
v -1.160945 -0.167946 -0.172045
v -1.098798 -0.149618 -0.186320
v -1.112021 -0.167946 -0.199361
v -1.046950 -0.149618 -0.207485
v -1.057163 -0.167946 -0.221937
v -0.990769 -0.149618 -0.223318
v -0.997721 -0.167946 -0.238972
v -0.931640 -0.149618 -0.233090
v -0.935159 -0.167946 -0.249669
v -0.871018 -0.149618 -0.236134
v -0.871018 -0.167946 -0.253286
v -1.243416 -0.190795 -0.108974
v -1.268514 -0.190795 -0.071066
v -1.209148 -0.190795 -0.144177
v -1.166555 -0.190795 -0.176061
v -1.116684 -0.190795 -0.203928
v -1.060765 -0.190795 -0.227006
v -1.000173 -0.190795 -0.244474
v -0.936400 -0.190795 -0.255506
v -0.871018 -0.190795 -0.259336
v -0.417486 -0.167947 -0.252298
v -0.417486 -0.149618 -0.232343
v -0.417486 -0.190795 -0.259336
v -1.283825 -0.190795 -0.030994
v -1.288970 -0.190795 0.010752
v -1.283825 -0.190795 -0.030994
v -1.283825 -0.190795 0.053695
v -1.268514 -0.190795 0.097327
v -1.283825 -0.190795 0.053695
v -1.243416 -0.190795 0.141070
v -1.209149 -0.190795 0.184240
v -1.166555 -0.190795 0.226028
v -1.116684 -0.190795 0.265491
v -1.060765 -0.190795 0.301571
v -1.000173 -0.190795 0.333126
v -0.936401 -0.190795 0.358986
v -0.871018 -0.190795 0.378018
v -0.417487 -0.167946 0.475123
v -0.417486 -0.149618 0.455168
v -0.417486 -0.190795 0.482161
v -0.871019 -0.149618 0.354816
v -0.931640 -0.149618 -0.233090
v -0.871018 -0.149618 -0.236134
v -0.990769 -0.149618 -0.223318
v -1.046950 -0.149618 -0.207485
v -1.098798 -0.149618 -0.186320
v -1.145038 -0.149618 -0.160562
v -1.184531 -0.149618 -0.130919
v -1.216304 -0.149618 -0.098046
v -1.239574 -0.149618 -0.062536
v -1.253770 -0.149618 -0.024924
v -1.258541 -0.149618 0.014290
v -1.253770 -0.149618 0.054613
v -1.239574 -0.149618 0.095525
v -1.216304 -0.149618 0.136446
v -1.184531 -0.149618 0.176706
v -1.145038 -0.149618 0.215532
v -1.098799 -0.149618 0.252042
v -1.046950 -0.149618 0.285262
v -0.990770 -0.149618 0.314157
v -0.931641 -0.149618 0.337677
v -0.417486 -0.149618 -0.232343
v -0.417486 -0.149618 0.455168
v -0.871018 -0.213644 -0.253286
v -0.931640 -0.231972 -0.233090
v -0.871018 -0.231972 -0.236134
v -0.935159 -0.213644 -0.249669
v -0.990769 -0.231972 -0.223318
v -0.997721 -0.213644 -0.238972
v -1.046950 -0.231972 -0.207485
v -1.057162 -0.213644 -0.221937
v -1.098798 -0.231972 -0.186320
v -1.112021 -0.213644 -0.199361
v -1.145038 -0.231972 -0.160562
v -1.160945 -0.213644 -0.172045
v -1.184531 -0.231972 -0.130919
v -1.202730 -0.213644 -0.140743
v -1.216303 -0.231971 -0.098046
v -1.236347 -0.213644 -0.106145
v -1.239574 -0.231971 -0.062536
v -1.260969 -0.213644 -0.068857
v -1.253770 -0.231972 -0.024924
v -1.275988 -0.213644 -0.029419
v -1.258541 -0.231972 0.014290
v -1.281036 -0.213644 0.011674
v -1.253770 -0.231971 0.054613
v -1.275988 -0.213643 0.053942
v -1.239574 -0.231971 0.095525
v -1.260969 -0.213643 0.096872
v -1.216303 -0.231971 0.136446
v -1.236347 -0.213643 0.139884
v -1.184530 -0.231972 0.176706
v -1.202730 -0.213644 0.182299
v -1.145038 -0.231972 0.215532
v -1.160945 -0.213644 0.223316
v -1.098798 -0.231972 0.252042
v -1.112021 -0.213644 0.262008
v -1.046950 -0.231972 0.285262
v -1.057162 -0.213644 0.297339
v -0.990769 -0.231972 0.314157
v -0.997721 -0.213644 0.328195
v -0.931640 -0.231972 0.337677
v -0.935159 -0.213644 0.353438
v -0.871018 -0.231972 0.354816
v -0.871018 -0.213644 0.371969
v -1.243416 -0.190795 0.141070
v -1.268514 -0.190795 0.097327
v -1.209149 -0.190795 0.184240
v -1.166555 -0.190795 0.226028
v -1.116684 -0.190795 0.265491
v -1.060765 -0.190795 0.301571
v -1.000173 -0.190795 0.333126
v -0.936401 -0.190795 0.358986
v -0.871018 -0.190795 0.378018
v -0.417486 -0.213644 0.475123
v -0.417486 -0.231972 0.455168
v -0.417486 -0.190795 0.482161
v -1.283825 -0.190795 0.053695
v -1.288970 -0.190795 0.010752
v -1.283825 -0.190795 0.053695
v -1.283825 -0.190795 -0.030994
v -1.268514 -0.190795 -0.071066
v -1.283825 -0.190795 -0.030994
v -1.243416 -0.190795 -0.108974
v -1.209148 -0.190795 -0.144177
v -1.166555 -0.190795 -0.176061
v -1.116684 -0.190795 -0.203928
v -1.060765 -0.190795 -0.227006
v -1.000173 -0.190795 -0.244474
v -0.936400 -0.190795 -0.255506
v -0.871018 -0.190795 -0.259336
v -0.417486 -0.213644 -0.252298
v -0.417486 -0.231972 -0.232343
v -0.417486 -0.190795 -0.259336
v -0.871018 -0.231972 -0.236134
v -0.931640 -0.231972 0.337677
v -0.871018 -0.231972 0.354816
v -0.990769 -0.231972 0.314157
v -1.046950 -0.231972 0.285262
v -1.098798 -0.231972 0.252042
v -1.145038 -0.231972 0.215532
v -1.184530 -0.231972 0.176706
v -1.216303 -0.231971 0.136446
v -1.239574 -0.231971 0.095525
v -1.253770 -0.231971 0.054613
v -1.258541 -0.231972 0.014290
v -1.253770 -0.231972 -0.024924
v -1.239574 -0.231971 -0.062536
v -1.216303 -0.231971 -0.098046
v -1.184531 -0.231972 -0.130919
v -1.145038 -0.231972 -0.160562
v -1.098798 -0.231972 -0.186320
v -1.046950 -0.231972 -0.207485
v -0.990769 -0.231972 -0.223318
v -0.931640 -0.231972 -0.233090
v -0.417486 -0.231972 0.455168
v -0.417486 -0.231972 -0.232343
v 0.871019 -0.167946 0.371969
v 0.931641 -0.149618 0.337677
v 0.935160 -0.167946 0.353438
v 0.871019 -0.149618 0.354816
v 0.990770 -0.149618 0.314157
v 0.997721 -0.167946 0.328195
v 1.046950 -0.149618 0.285262
v 1.057163 -0.167946 0.297338
v 1.098799 -0.149618 0.252042
v 1.112022 -0.167946 0.262008
v 1.145038 -0.149618 0.215532
v 1.160946 -0.167946 0.223316
v 1.184531 -0.149618 0.176706
v 1.202730 -0.167946 0.182299
v 1.216304 -0.149618 0.136446
v 1.236347 -0.167945 0.139884
v 1.239575 -0.149618 0.095525
v 1.260969 -0.167945 0.096872
v 1.253770 -0.149618 0.054613
v 1.275989 -0.167945 0.053942
v 1.258541 -0.149618 0.014290
v 1.281037 -0.167945 0.011674
v 1.253770 -0.149618 -0.024924
v 1.275989 -0.167946 -0.029419
v 1.239574 -0.149618 -0.062536
v 1.260969 -0.167945 -0.068857
v 1.216303 -0.149618 -0.098046
v 1.236347 -0.167945 -0.106145
v 1.184531 -0.149618 -0.130919
v 1.202730 -0.167946 -0.140743
v 1.145038 -0.149618 -0.160562
v 1.160945 -0.167946 -0.172044
v 1.098798 -0.149618 -0.186320
v 1.112021 -0.167946 -0.199361
v 1.046950 -0.149618 -0.207485
v 1.057162 -0.167946 -0.221937
v 0.990769 -0.149618 -0.223318
v 0.997720 -0.167946 -0.238972
v 0.931640 -0.149618 -0.233090
v 0.935159 -0.167946 -0.249669
v 0.871018 -0.149618 -0.236134
v 0.871018 -0.167946 -0.253286
v 1.243416 -0.190795 -0.108974
v 1.268514 -0.190795 -0.071066
v 1.283825 -0.190795 -0.030994
v 1.116684 -0.190795 -0.203928
v 1.166555 -0.190795 -0.176061
v 1.209148 -0.190795 -0.144176
v 0.936400 -0.190795 -0.255506
v 1.000172 -0.190795 -0.244474
v 1.060764 -0.190795 -0.227006
v 1.288970 -0.190795 0.010752
v 1.283825 -0.190795 0.053695
v 1.268514 -0.190795 0.097327
v 1.243416 -0.190795 0.141070
v 1.209149 -0.190795 0.184240
v 1.166555 -0.190795 0.226028
v 1.116685 -0.190795 0.265491
v 1.060765 -0.190795 0.301571
v 1.000173 -0.190795 0.333126
v 0.936401 -0.190795 0.358986
v 0.871019 -0.190795 0.378018
v 0.417487 -0.167946 0.475123
v 0.417487 -0.149618 0.455168
v 0.417486 -0.190795 0.482161
v 1.283825 -0.190795 0.053695
v 1.283825 -0.190795 -0.030994
v 0.871018 -0.190795 -0.259336
v 0.417486 -0.190795 -0.259336
v 0.417486 -0.167947 -0.252298
v 0.417486 -0.149618 -0.232343
v 0.871019 -0.149618 0.354816
v 0.990770 -0.149618 0.314157
v 0.931641 -0.149618 0.337677
v 1.046950 -0.149618 0.285262
v 1.098799 -0.149618 0.252042
v 1.145038 -0.149618 0.215532
v 1.184531 -0.149618 0.176706
v 1.216304 -0.149618 0.136446
v 1.239575 -0.149618 0.095525
v 1.253770 -0.149618 0.054613
v 1.258541 -0.149618 0.014290
v 1.253770 -0.149618 -0.024924
v 1.239574 -0.149618 -0.062536
v 1.216303 -0.149618 -0.098046
v 1.184531 -0.149618 -0.130919
v 1.145038 -0.149618 -0.160562
v 1.098798 -0.149618 -0.186320
v 1.046950 -0.149618 -0.207485
v 0.990769 -0.149618 -0.223318
v 0.931640 -0.149618 -0.233090
v 0.871018 -0.149618 -0.236134
v 0.417486 -0.149618 -0.232343
v 0.417487 -0.149618 0.455168
v 0.871018 -0.213644 -0.253286
v 0.931640 -0.231972 -0.233090
v 0.935159 -0.213644 -0.249669
v 0.871018 -0.231972 -0.236134
v 0.990769 -0.231972 -0.223318
v 0.997721 -0.213644 -0.238972
v 1.046949 -0.231972 -0.207485
v 1.057162 -0.213644 -0.221937
v 1.098798 -0.231972 -0.186320
v 1.112020 -0.213644 -0.199361
v 1.145038 -0.231972 -0.160562
v 1.160944 -0.213644 -0.172045
v 1.184530 -0.231972 -0.130919
v 1.202729 -0.213644 -0.140743
v 1.216303 -0.231971 -0.098046
v 1.236347 -0.213644 -0.106145
v 1.239574 -0.231971 -0.062536
v 1.260968 -0.213644 -0.068857
v 1.253770 -0.231972 -0.024924
v 1.275988 -0.213644 -0.029419
v 1.258541 -0.231972 0.014290
v 1.281036 -0.213644 0.011674
v 1.253770 -0.231971 0.054613
v 1.275988 -0.213643 0.053942
v 1.239574 -0.231971 0.095525
v 1.260969 -0.213643 0.096872
v 1.216303 -0.231971 0.136446
v 1.236347 -0.213643 0.139884
v 1.184530 -0.231972 0.176706
v 1.202730 -0.213644 0.182299
v 1.145038 -0.231972 0.215532
v 1.160945 -0.213644 0.223316
v 1.098798 -0.231972 0.252042
v 1.112021 -0.213644 0.262008
v 1.046950 -0.231972 0.285262
v 1.057162 -0.213644 0.297339
v 0.990769 -0.231972 0.314157
v 0.997721 -0.213644 0.328195
v 0.931640 -0.231972 0.337677
v 0.935159 -0.213644 0.353438
v 0.871018 -0.231972 0.354816
v 0.871019 -0.213644 0.371969
v 1.243416 -0.190795 0.141070
v 1.268514 -0.190795 0.097327
v 1.283825 -0.190795 0.053695
v 1.116685 -0.190795 0.265491
v 1.166555 -0.190795 0.226028
v 1.209149 -0.190795 0.184240
v 0.936401 -0.190795 0.358986
v 1.000173 -0.190795 0.333126
v 1.060765 -0.190795 0.301571
v 1.288970 -0.190795 0.010752
v 1.283825 -0.190795 -0.030994
v 1.268514 -0.190795 -0.071066
v 1.243416 -0.190795 -0.108974
v 1.209148 -0.190795 -0.144176
v 1.166555 -0.190795 -0.176061
v 1.116684 -0.190795 -0.203928
v 1.060764 -0.190795 -0.227006
v 1.000172 -0.190795 -0.244474
v 0.936400 -0.190795 -0.255506
v 0.871018 -0.190795 -0.259336
v 0.417486 -0.213644 -0.252298
v 0.417486 -0.231972 -0.232343
v 0.417486 -0.190795 -0.259336
v 1.283825 -0.190795 -0.030994
v 1.283825 -0.190795 0.053695
v 0.871019 -0.190795 0.378018
v 0.417486 -0.190795 0.482161
v 0.417486 -0.213644 0.475123
v 0.417486 -0.231972 0.455168
v 0.871018 -0.231972 -0.236134
v 0.990769 -0.231972 -0.223318
v 0.931640 -0.231972 -0.233090
v 1.046949 -0.231972 -0.207485
v 1.098798 -0.231972 -0.186320
v 1.145038 -0.231972 -0.160562
v 1.184530 -0.231972 -0.130919
v 1.216303 -0.231971 -0.098046
v 1.239574 -0.231971 -0.062536
v 1.253770 -0.231972 -0.024924
v 1.258541 -0.231972 0.014290
v 1.253770 -0.231971 0.054613
v 1.239574 -0.231971 0.095525
v 1.216303 -0.231971 0.136446
v 1.184530 -0.231972 0.176706
v 1.145038 -0.231972 0.215532
v 1.098798 -0.231972 0.252042
v 1.046950 -0.231972 0.285262
v 0.990769 -0.231972 0.314157
v 0.931640 -0.231972 0.337677
v 0.871018 -0.231972 0.354816
v 0.417486 -0.231972 0.455168
v 0.417486 -0.231972 -0.232343
v -0.485990 -0.074231 -1.684762
v -0.486980 -0.036814 -1.674798
v -0.493577 -0.074231 -1.674798
v -0.479850 -0.039409 -1.684762
v -0.467983 -0.003911 -1.674798
v -0.462171 -0.008787 -1.684762
v -0.438878 0.020511 -1.674799
v -0.435085 0.013941 -1.684762
v -0.403176 0.033506 -1.674798
v -0.401858 0.026034 -1.684762
v -0.365182 0.033506 -1.674798
v -0.366499 0.026034 -1.684762
v -0.329480 0.020511 -1.674799
v -0.333273 0.013941 -1.684762
v -0.300375 -0.003911 -1.674799
v -0.306187 -0.008787 -1.684762
v -0.281378 -0.036814 -1.674799
v -0.288507 -0.039409 -1.684762
v -0.274781 -0.074231 -1.674799
v -0.282367 -0.074231 -1.684762
v -0.281378 -0.111647 -1.674799
v -0.288507 -0.109052 -1.684762
v -0.300375 -0.144551 -1.674799
v -0.306187 -0.139674 -1.684762
v -0.329480 -0.168972 -1.674799
v -0.333273 -0.162402 -1.684762
v -0.365182 -0.181967 -1.674799
v -0.366499 -0.174496 -1.684762
v -0.403176 -0.181967 -1.674799
v -0.401858 -0.174496 -1.684762
v -0.438878 -0.168972 -1.674799
v -0.435085 -0.162402 -1.684762
v -0.467983 -0.144551 -1.674798
v -0.462171 -0.139674 -1.684762
v -0.486979 -0.111647 -1.674798
v -0.479850 -0.109052 -1.684762
v -0.493577 -0.074231 -1.674798
v -0.491953 -0.035004 -1.619618
v -0.498869 -0.074231 -1.619618
v -0.486980 -0.036814 -1.674798
v -0.472037 -0.000509 -1.619618
v -0.467983 -0.003911 -1.674798
v -0.441524 0.025094 -1.619618
v -0.438878 0.020511 -1.674799
v -0.404094 0.038717 -1.619618
v -0.403176 0.033506 -1.674798
v -0.364263 0.038717 -1.619618
v -0.365182 0.033506 -1.674798
v -0.326834 0.025094 -1.619618
v -0.329480 0.020511 -1.674799
v -0.296321 -0.000509 -1.619618
v -0.300375 -0.003911 -1.674799
v -0.276405 -0.035004 -1.619618
v -0.281378 -0.036814 -1.674799
v -0.269488 -0.074231 -1.619618
v -0.274781 -0.074231 -1.674799
v -0.438878 0.020511 -1.484735
v -0.467983 -0.003911 -1.484735
v -0.486980 -0.036814 -1.484735
v -0.493577 -0.074231 -1.484735
v -0.300375 -0.003911 -1.484735
v -0.329480 0.020511 -1.484735
v -0.281378 -0.036814 -1.484735
v -0.274781 -0.074231 -1.484735
v -0.466958 -0.044102 -1.286999
v -0.472270 -0.074231 -1.286999
v -0.451661 -0.017607 -1.286999
v -0.428224 0.002059 -1.286999
v -0.399476 0.012522 -1.286999
v -0.403176 0.033506 -1.484735
v -0.368882 0.012522 -1.286999
v -0.365182 0.033506 -1.484735
v -0.340133 0.002059 -1.286999
v -0.316697 -0.017607 -1.286999
v -0.301400 -0.044102 -1.286999
v -0.296088 -0.074231 -1.286999
v -0.358218 -0.029264 -1.142397
v -0.375163 -0.023097 -1.142397
v -0.344404 -0.040856 -1.142397
v -0.335388 -0.056472 -1.142397
v -0.332257 -0.074230 -1.142397
v -0.365591 -0.042035 -1.119700
v -0.377723 -0.037620 -1.119700
v -0.393195 -0.023097 -1.142397
v -0.410140 -0.029264 -1.142397
v -0.423954 -0.040856 -1.142397
v -0.432970 -0.056472 -1.142397
v -0.436101 -0.074230 -1.142397
v -0.419112 -0.061516 -1.119700
v -0.421354 -0.074230 -1.119700
v -0.412657 -0.050334 -1.119700
v -0.402767 -0.042035 -1.119700
v -0.390634 -0.037620 -1.119700
v -0.274781 -0.074231 -1.674799
v -0.276405 -0.113457 -1.619618
v -0.269488 -0.074231 -1.619618
v -0.281378 -0.111647 -1.674799
v -0.296321 -0.147952 -1.619618
v -0.300375 -0.144551 -1.674799
v -0.326834 -0.173555 -1.619618
v -0.329480 -0.168972 -1.674799
v -0.364263 -0.187179 -1.619618
v -0.365182 -0.181967 -1.674799
v -0.404094 -0.187179 -1.619618
v -0.403176 -0.181967 -1.674799
v -0.441524 -0.173556 -1.619618
v -0.438878 -0.168972 -1.674799
v -0.472037 -0.147952 -1.619618
v -0.467983 -0.144551 -1.674798
v -0.491953 -0.113457 -1.619618
v -0.486979 -0.111647 -1.674798
v -0.498869 -0.074231 -1.619618
v -0.493577 -0.074231 -1.674798
v -0.329480 -0.168972 -1.484735
v -0.300375 -0.144550 -1.484735
v -0.281378 -0.111647 -1.484735
v -0.274781 -0.074231 -1.484735
v -0.467983 -0.144551 -1.484735
v -0.438878 -0.168972 -1.484735
v -0.486980 -0.111647 -1.484735
v -0.493577 -0.074231 -1.484735
v -0.301400 -0.104360 -1.286999
v -0.296088 -0.074231 -1.286999
v -0.316697 -0.130855 -1.286999
v -0.340133 -0.150520 -1.286999
v -0.368882 -0.160984 -1.286999
v -0.365182 -0.181967 -1.484735
v -0.399476 -0.160984 -1.286999
v -0.403176 -0.181967 -1.484735
v -0.428224 -0.150520 -1.286999
v -0.451661 -0.130855 -1.286999
v -0.466958 -0.104360 -1.286999
v -0.472270 -0.074231 -1.286999
v -0.410140 -0.119196 -1.142397
v -0.393195 -0.125364 -1.142397
v -0.423954 -0.107605 -1.142397
v -0.432970 -0.091989 -1.142397
v -0.436101 -0.074230 -1.142397
v -0.402767 -0.106425 -1.119700
v -0.390634 -0.110841 -1.119700
v -0.375163 -0.125364 -1.142397
v -0.358218 -0.119196 -1.142397
v -0.344404 -0.107605 -1.142397
v -0.335388 -0.091989 -1.142397
v -0.332257 -0.074230 -1.142397
v -0.349245 -0.086945 -1.119700
v -0.347003 -0.074230 -1.119700
v -0.355701 -0.098126 -1.119700
v -0.365591 -0.106425 -1.119700
v -0.377723 -0.110841 -1.119700
v -0.355701 -0.050334 -1.119700
v -0.349245 -0.061516 -1.119700
v -0.347003 -0.074230 -1.119700
v -0.412657 -0.098127 -1.119700
v -0.419112 -0.086945 -1.119700
v -0.421354 -0.074230 -1.119700
v -0.421354 -0.074230 -1.119700
v -0.419112 -0.061516 -1.119700
v -0.384179 -0.074230 -1.104968
v -0.412657 -0.050334 -1.119700
v -0.402767 -0.042035 -1.119700
v -0.390634 -0.037620 -1.119700
v -0.377723 -0.037620 -1.119700
v -0.365591 -0.042035 -1.119700
v -0.355701 -0.050334 -1.119700
v -0.349245 -0.061516 -1.119700
v -0.347003 -0.074230 -1.119700
v -0.349245 -0.086945 -1.119700
v -0.355701 -0.098126 -1.119700
v -0.365591 -0.106425 -1.119700
v -0.377723 -0.110841 -1.119700
v -0.390634 -0.110841 -1.119700
v -0.402767 -0.106425 -1.119700
v -0.412657 -0.098127 -1.119700
v -0.419112 -0.086945 -1.119700
v 0.282083 -0.074231 -1.684762
v 0.281094 -0.036814 -1.674798
v 0.274496 -0.074231 -1.674798
v 0.288223 -0.039409 -1.684762
v 0.300091 -0.003911 -1.674798
v 0.305902 -0.008787 -1.684762
v 0.329195 0.020511 -1.674799
v 0.332989 0.013941 -1.684762
v 0.364898 0.033506 -1.674798
v 0.366215 0.026034 -1.684762
v 0.402891 0.033506 -1.674798
v 0.401574 0.026034 -1.684762
v 0.438594 0.020511 -1.674799
v 0.434800 0.013941 -1.684762
v 0.467698 -0.003911 -1.674799
v 0.461887 -0.008787 -1.684762
v 0.486695 -0.036814 -1.674799
v 0.479566 -0.039409 -1.684762
v 0.493293 -0.074231 -1.674799
v 0.485706 -0.074231 -1.684762
v 0.486695 -0.111647 -1.674799
v 0.479566 -0.109052 -1.684762
v 0.467698 -0.144551 -1.674799
v 0.461887 -0.139674 -1.684762
v 0.438594 -0.168972 -1.674799
v 0.434800 -0.162402 -1.684762
v 0.402891 -0.181967 -1.674799
v 0.401574 -0.174496 -1.684762
v 0.364898 -0.181967 -1.674799
v 0.366215 -0.174496 -1.684762
v 0.329195 -0.168972 -1.674799
v 0.332989 -0.162402 -1.684762
v 0.300091 -0.144551 -1.674798
v 0.305902 -0.139674 -1.684762
v 0.281094 -0.111647 -1.674798
v 0.288223 -0.109052 -1.684762
v 0.274496 -0.074231 -1.674798
v 0.276121 -0.035004 -1.619618
v 0.269204 -0.074231 -1.619618
v 0.281094 -0.036814 -1.674798
v 0.296036 -0.000509 -1.619618
v 0.300091 -0.003911 -1.674798
v 0.326549 0.025094 -1.619618
v 0.329195 0.020511 -1.674799
v 0.363979 0.038717 -1.619618
v 0.364898 0.033506 -1.674798
v 0.403810 0.038717 -1.619618
v 0.402891 0.033506 -1.674798
v 0.441240 0.025094 -1.619618
v 0.438594 0.020511 -1.674799
v 0.471752 -0.000509 -1.619618
v 0.467698 -0.003911 -1.674799
v 0.491668 -0.035004 -1.619618
v 0.486695 -0.036814 -1.674799
v 0.498585 -0.074231 -1.619618
v 0.493293 -0.074231 -1.674799
v 0.329195 0.020511 -1.484735
v 0.300090 -0.003911 -1.484735
v 0.281094 -0.036814 -1.484735
v 0.274496 -0.074231 -1.484735
v 0.467698 -0.003911 -1.484735
v 0.438594 0.020511 -1.484735
v 0.486695 -0.036814 -1.484735
v 0.493293 -0.074231 -1.484735
v 0.301116 -0.044102 -1.286999
v 0.295803 -0.074231 -1.286999
v 0.316413 -0.017607 -1.286999
v 0.339849 0.002059 -1.286999
v 0.368597 0.012522 -1.286999
v 0.364898 0.033506 -1.484735
v 0.399191 0.012522 -1.286999
v 0.402891 0.033506 -1.484735
v 0.427940 0.002059 -1.286999
v 0.451376 -0.017607 -1.286999
v 0.466673 -0.044102 -1.286999
v 0.471986 -0.074231 -1.286999
v 0.409856 -0.029264 -1.142397
v 0.392911 -0.023097 -1.142397
v 0.423669 -0.040856 -1.142397
v 0.432685 -0.056472 -1.142397
v 0.435817 -0.074230 -1.142397
v 0.402482 -0.042035 -1.119700
v 0.390350 -0.037620 -1.119700
v 0.374878 -0.023097 -1.142397
v 0.357933 -0.029264 -1.142397
v 0.344120 -0.040856 -1.142397
v 0.335103 -0.056472 -1.142397
v 0.331972 -0.074230 -1.142397
v 0.348961 -0.061516 -1.119700
v 0.346719 -0.074230 -1.119700
v 0.355416 -0.050334 -1.119700
v 0.365307 -0.042035 -1.119700
v 0.377439 -0.037620 -1.119700
v 0.493293 -0.074231 -1.674799
v 0.491668 -0.113457 -1.619618
v 0.498585 -0.074231 -1.619618
v 0.486695 -0.111647 -1.674799
v 0.471752 -0.147952 -1.619618
v 0.467698 -0.144551 -1.674799
v 0.441240 -0.173555 -1.619618
v 0.438594 -0.168972 -1.674799
v 0.403810 -0.187179 -1.619618
v 0.402891 -0.181967 -1.674799
v 0.363979 -0.187179 -1.619618
v 0.364898 -0.181967 -1.674799
v 0.326549 -0.173556 -1.619618
v 0.329195 -0.168972 -1.674799
v 0.296037 -0.147952 -1.619618
v 0.300091 -0.144551 -1.674798
v 0.276121 -0.113457 -1.619618
v 0.281094 -0.111647 -1.674798
v 0.269204 -0.074231 -1.619618
v 0.274496 -0.074231 -1.674798
v 0.438594 -0.168972 -1.484735
v 0.467698 -0.144550 -1.484735
v 0.486695 -0.111647 -1.484735
v 0.493293 -0.074231 -1.484735
v 0.300090 -0.144551 -1.484735
v 0.329195 -0.168972 -1.484735
v 0.281094 -0.111647 -1.484735
v 0.274496 -0.074231 -1.484735
v 0.466673 -0.104360 -1.286999
v 0.471986 -0.074231 -1.286999
v 0.451376 -0.130855 -1.286999
v 0.427940 -0.150520 -1.286999
v 0.399191 -0.160984 -1.286999
v 0.402891 -0.181967 -1.484735
v 0.368598 -0.160984 -1.286999
v 0.364898 -0.181967 -1.484735
v 0.339849 -0.150520 -1.286999
v 0.316413 -0.130855 -1.286999
v 0.301116 -0.104360 -1.286999
v 0.295803 -0.074231 -1.286999
v 0.357933 -0.119196 -1.142397
v 0.374878 -0.125364 -1.142397
v 0.344120 -0.107605 -1.142397
v 0.335103 -0.091989 -1.142397
v 0.331972 -0.074230 -1.142397
v 0.365307 -0.106425 -1.119700
v 0.377439 -0.110841 -1.119700
v 0.392911 -0.125364 -1.142397
v 0.409856 -0.119196 -1.142397
v 0.423669 -0.107605 -1.142397
v 0.432685 -0.091989 -1.142397
v 0.435817 -0.074230 -1.142397
v 0.418828 -0.086945 -1.119700
v 0.421070 -0.074230 -1.119700
v 0.412373 -0.098126 -1.119700
v 0.402482 -0.106425 -1.119700
v 0.390350 -0.110841 -1.119700
v 0.412373 -0.050334 -1.119700
v 0.418828 -0.061516 -1.119700
v 0.421070 -0.074230 -1.119700
v 0.355416 -0.098127 -1.119700
v 0.348961 -0.086945 -1.119700
v 0.346719 -0.074230 -1.119700
v 0.346719 -0.074230 -1.119700
v 0.348961 -0.061516 -1.119700
v 0.383894 -0.074230 -1.104968
v 0.355416 -0.050334 -1.119700
v 0.365307 -0.042035 -1.119700
v 0.377439 -0.037620 -1.119700
v 0.390350 -0.037620 -1.119700
v 0.402482 -0.042035 -1.119700
v 0.412373 -0.050334 -1.119700
v 0.418828 -0.061516 -1.119700
v 0.421070 -0.074230 -1.119700
v 0.418828 -0.086945 -1.119700
v 0.412373 -0.098126 -1.119700
v 0.402482 -0.106425 -1.119700
v 0.390350 -0.110841 -1.119700
v 0.377439 -0.110841 -1.119700
v 0.365307 -0.106425 -1.119700
v 0.355416 -0.098127 -1.119700
v 0.348961 -0.086945 -1.119700
v 0.020652 0.300114 -1.617054
v 0.037465 0.324648 -1.602521
v 0.020652 0.325947 -1.614445
v 0.037465 0.300114 -1.604738
v 0.037465 0.348705 -1.595451
v 0.020652 0.351299 -1.606725
v 0.037465 0.371794 -1.583984
v 0.020652 0.375657 -1.594403
v 0.037465 0.393402 -1.568628
v 0.020652 0.398480 -1.578035
v 0.037465 0.413008 -1.549908
v 0.020652 0.419214 -1.558186
v 0.037465 0.430104 -1.528334
v 0.020652 0.437314 -1.535402
v 0.037465 0.444220 -1.504387
v 0.020652 0.452275 -1.510186
v 0.037465 0.454949 -1.478511
v 0.020652 0.463658 -1.482997
v 0.037465 0.461964 -1.451119
v 0.020652 0.471117 -1.454254
v 0.037465 0.465040 -1.422601
v 0.020652 0.474407 -1.424344
v 0.037465 0.464052 -1.393343
v 0.020652 0.473397 -1.393652
v 0.037465 0.458980 -1.363751
v 0.020652 0.468068 -1.362580
v 0.037465 0.449908 -1.334269
v 0.020652 0.458508 -1.331576
v 0.037465 0.437012 -1.305398
v 0.020652 0.444904 -1.301150
v 0.037465 0.420561 -1.277703
v 0.020652 0.427538 -1.271890
v 0.037465 0.400907 -1.251817
v 0.020652 0.406779 -1.244459
v 0.037465 0.378486 -1.228427
v 0.020652 0.383080 -1.219590
v 0.037465 0.353809 -1.208253
v 0.020652 0.356979 -1.198056
v 0.037465 0.327465 -1.192019
v 0.020652 0.329092 -1.180641
v 0.037465 0.300113 -1.180407
v 0.020652 0.300113 -1.168091
v -0.000308 0.461537 -1.330645
v -0.000308 0.471269 -1.362181
v -0.000308 0.476688 -1.393768
v -0.000308 0.408848 -1.241886
v -0.000308 0.429996 -1.269863
v -0.000308 0.447684 -1.299674
v -0.000308 0.329667 -1.176634
v -0.000308 0.358097 -1.194473
v -0.000308 0.384700 -1.216491
v -0.000308 0.477705 -1.424959
v -0.000308 0.474339 -1.455352
v -0.000308 0.466724 -1.484566
v -0.000308 0.455108 -1.512213
v -0.000308 0.439849 -1.537873
v -0.000308 0.421395 -1.561084
v -0.000308 0.400263 -1.581332
v -0.000308 0.377011 -1.598060
v -0.000308 0.352207 -1.610688
v -0.000308 0.326402 -1.618643
v -0.000308 0.300113 -1.621398
v 0.020562 -0.059774 -1.618270
v 0.036974 -0.042420 -1.604658
v -0.000309 -0.081684 -1.623062
v -0.000308 0.474339 -1.455352
v -0.000308 0.476688 -1.393768
v -0.000308 0.300114 -1.163747
v -0.000309 -0.081683 -1.088388
v 0.017283 -0.059774 -1.093786
v 0.031384 -0.042420 -1.109035
v 0.037465 0.300114 -1.604738
v 0.037465 0.348705 -1.595451
v 0.037465 0.324648 -1.602521
v 0.037465 0.371794 -1.583984
v 0.037465 0.393402 -1.568628
v 0.037465 0.413008 -1.549908
v 0.037465 0.430104 -1.528334
v 0.037465 0.444220 -1.504387
v 0.037465 0.454949 -1.478511
v 0.037465 0.461964 -1.451119
v 0.037465 0.465040 -1.422601
v 0.037465 0.464052 -1.393343
v 0.037465 0.458980 -1.363751
v 0.037465 0.449908 -1.334269
v 0.037465 0.437012 -1.305398
v 0.037465 0.420561 -1.277703
v 0.037465 0.400907 -1.251817
v 0.037465 0.378486 -1.228427
v 0.037465 0.353809 -1.208253
v 0.037465 0.327465 -1.192019
v 0.037465 0.300113 -1.180407
v 0.031384 -0.042420 -1.109035
v 0.036974 -0.042420 -1.604658
v 0.239571 -0.103572 -1.618580
v 0.273934 -0.120828 -1.603595
v 0.278717 -0.103538 -1.615909
v 0.237273 -0.120898 -1.605840
v 0.308320 -0.120650 -1.596430
v 0.315376 -0.103436 -1.608052
v 0.339277 -0.120358 -1.584911
v 0.348287 -0.103263 -1.595659
v 0.365891 -0.119963 -1.569652
v 0.376466 -0.103024 -1.579430
v 0.387542 -0.119491 -1.551223
v 0.399259 -0.102734 -1.560002
v 0.403908 -0.118987 -1.530074
v 0.416349 -0.102421 -1.537864
v 0.414943 -0.118504 -1.506497
v 0.427727 -0.102119 -1.513310
v 0.420813 -0.118103 -1.480637
v 0.433621 -0.101867 -1.486448
v 0.421826 -0.117838 -1.452542
v 0.434405 -0.101700 -1.457266
v 0.418348 -0.117745 -1.422255
v 0.430507 -0.101641 -1.425733
v 0.410742 -0.117838 -1.389913
v 0.422339 -0.101700 -1.391926
v 0.399322 -0.118103 -1.355844
v 0.410238 -0.101867 -1.356138
v 0.384341 -0.118504 -1.320628
v 0.394463 -0.102119 -1.318953
v 0.366007 -0.118986 -1.285119
v 0.375206 -0.102420 -1.281277
v 0.344517 -0.119491 -1.250422
v 0.352641 -0.102734 -1.244302
v 0.320109 -0.119963 -1.217814
v 0.326984 -0.103023 -1.209433
v 0.293107 -0.120358 -1.188657
v 0.298551 -0.103263 -1.178164
v 0.263957 -0.120650 -1.164269
v 0.267793 -0.103436 -1.151953
v 0.233237 -0.120828 -1.145816
v 0.235319 -0.103537 -1.132087
v 0.201649 -0.120897 -1.134209
v 0.201879 -0.103571 -1.119570
v 0.398035 -0.081688 -1.318411
v 0.414086 -0.081688 -1.356287
v 0.426426 -0.081688 -1.392674
v 0.434796 -0.081688 -1.426983
v 0.300492 -0.081688 -1.174477
v 0.329427 -0.081688 -1.206503
v 0.355519 -0.081688 -1.242182
v 0.378457 -0.081688 -1.279967
v 0.438847 -0.081688 -1.458939
v 0.438153 -0.081688 -1.488487
v 0.432261 -0.081688 -1.515687
v 0.434796 -0.081688 -1.426983
v 0.420771 -0.081688 -1.540573
v 0.403432 -0.081688 -1.563053
v 0.380241 -0.081688 -1.582833
v 0.351509 -0.081688 -1.599410
v 0.317903 -0.081688 -1.612119
v 0.280433 -0.081688 -1.620229
v 0.240398 -0.081688 -1.623061
v 0.432261 -0.081688 -1.515687
v -0.000308 -0.103580 -1.618270
v -0.000309 -0.120956 -1.604651
v -0.000309 -0.081684 -1.623062
v 0.269168 -0.081688 -1.147612
v 0.236074 -0.081688 -1.127238
v 0.201976 -0.081688 -1.114395
v -0.000309 -0.081683 -1.088388
v -0.000309 -0.103580 -1.093745
v -0.000309 -0.120956 -1.108905
v 0.237273 -0.120898 -1.605840
v 0.308320 -0.120650 -1.596430
v 0.273934 -0.120828 -1.603595
v 0.339277 -0.120358 -1.584911
v 0.365891 -0.119963 -1.569652
v 0.387542 -0.119491 -1.551223
v 0.403908 -0.118987 -1.530074
v 0.414943 -0.118504 -1.506497
v 0.420813 -0.118103 -1.480637
v 0.421826 -0.117838 -1.452542
v 0.418348 -0.117745 -1.422255
v 0.410742 -0.117838 -1.389913
v 0.399322 -0.118103 -1.355844
v 0.384341 -0.118504 -1.320628
v 0.366007 -0.118986 -1.285119
v 0.344517 -0.119491 -1.250422
v 0.320109 -0.119963 -1.217814
v 0.293107 -0.120358 -1.188657
v 0.263957 -0.120650 -1.164269
v 0.233237 -0.120828 -1.145816
v 0.201649 -0.120897 -1.134209
v -0.000309 -0.120956 -1.108905
v -0.000309 -0.120956 -1.604651
v 0.201879 -0.059804 -1.119570
v 0.233237 -0.042547 -1.145816
v 0.235319 -0.059838 -1.132087
v 0.201649 -0.042478 -1.134208
v 0.263956 -0.042726 -1.164269
v 0.267793 -0.059940 -1.151953
v 0.293107 -0.043017 -1.188657
v 0.298551 -0.060113 -1.178164
v 0.320109 -0.043412 -1.217814
v 0.326984 -0.060352 -1.209433
v 0.344517 -0.043884 -1.250421
v 0.352641 -0.060642 -1.244302
v 0.366007 -0.044389 -1.285119
v 0.375205 -0.060955 -1.281277
v 0.384341 -0.044872 -1.320628
v 0.394463 -0.061257 -1.318953
v 0.399322 -0.045272 -1.355844
v 0.410238 -0.061508 -1.356138
v 0.410742 -0.045538 -1.389913
v 0.422338 -0.061676 -1.391926
v 0.418348 -0.045631 -1.422255
v 0.430507 -0.061734 -1.425733
v 0.421826 -0.045538 -1.452542
v 0.434404 -0.061676 -1.457266
v 0.420813 -0.045273 -1.480637
v 0.433621 -0.061509 -1.486448
v 0.414943 -0.044872 -1.506497
v 0.427727 -0.061257 -1.513310
v 0.403908 -0.044389 -1.530073
v 0.416349 -0.060955 -1.537864
v 0.387542 -0.043884 -1.551223
v 0.399258 -0.060642 -1.560002
v 0.365891 -0.043413 -1.569651
v 0.376466 -0.060352 -1.579430
v 0.339276 -0.043018 -1.584910
v 0.348287 -0.060113 -1.595659
v 0.308320 -0.042726 -1.596430
v 0.315376 -0.059940 -1.608052
v 0.273933 -0.042548 -1.603595
v 0.278717 -0.059839 -1.615909
v 0.237273 -0.042478 -1.605840
v 0.239570 -0.059805 -1.618580
v 0.432261 -0.081688 -1.515687
v 0.420771 -0.081688 -1.540573
v 0.403432 -0.081688 -1.563053
v 0.380241 -0.081688 -1.582833
v 0.351509 -0.081688 -1.599410
v 0.317903 -0.081688 -1.612119
v 0.280433 -0.081688 -1.620229
v 0.240398 -0.081688 -1.623061
v 0.020562 -0.059774 -1.618270
v 0.036974 -0.042420 -1.604658
v -0.000309 -0.081684 -1.623062
v 0.201976 -0.081688 -1.114395
v 0.236074 -0.081688 -1.127238
v 0.269168 -0.081688 -1.147612
v 0.300492 -0.081688 -1.174477
v 0.329427 -0.081688 -1.206503
v 0.355519 -0.081688 -1.242182
v 0.378457 -0.081688 -1.279967
v 0.398035 -0.081688 -1.318411
v 0.414086 -0.081688 -1.356287
v 0.426426 -0.081688 -1.392674
v 0.434796 -0.081688 -1.426983
v 0.434796 -0.081688 -1.426983
v 0.438847 -0.081688 -1.458939
v 0.438153 -0.081688 -1.488487
v 0.432261 -0.081688 -1.515687
v 0.201649 -0.042478 -1.134208
v 0.263956 -0.042726 -1.164269
v 0.233237 -0.042547 -1.145816
v 0.293107 -0.043017 -1.188657
v 0.320109 -0.043412 -1.217814
v 0.344517 -0.043884 -1.250421
v 0.366007 -0.044389 -1.285119
v 0.384341 -0.044872 -1.320628
v 0.399322 -0.045272 -1.355844
v 0.410742 -0.045538 -1.389913
v 0.418348 -0.045631 -1.422255
v 0.421826 -0.045538 -1.452542
v 0.420813 -0.045273 -1.480637
v 0.414943 -0.044872 -1.506497
v 0.403908 -0.044389 -1.530073
v 0.387542 -0.043884 -1.551223
v 0.365891 -0.043413 -1.569651
v 0.339276 -0.043018 -1.584910
v 0.308320 -0.042726 -1.596430
v 0.273933 -0.042548 -1.603595
v 0.237273 -0.042478 -1.605840
v 0.036974 -0.042420 -1.604658
v 0.031384 -0.042420 -1.109035
v 0.031384 -0.042420 -1.109035
v 0.017283 -0.059774 -1.093786
v -0.000309 -0.081683 -1.088388
v -0.021269 0.300114 -1.168091
v -0.038082 0.327466 -1.192019
v -0.021269 0.329093 -1.180641
v -0.038082 0.300114 -1.180407
v -0.038082 0.353809 -1.208253
v -0.021269 0.356979 -1.198056
v -0.038082 0.378486 -1.228427
v -0.021269 0.383081 -1.219590
v -0.038082 0.400907 -1.251817
v -0.021269 0.406779 -1.244460
v -0.038082 0.420561 -1.277704
v -0.021269 0.427538 -1.271890
v -0.038082 0.437012 -1.305398
v -0.021269 0.444905 -1.301151
v -0.038082 0.449908 -1.334269
v -0.021269 0.458508 -1.331576
v -0.038082 0.458980 -1.363751
v -0.021269 0.468069 -1.362581
v -0.038082 0.464052 -1.393343
v -0.021269 0.473397 -1.393652
v -0.038082 0.465040 -1.422601
v -0.021269 0.474407 -1.424344
v -0.038081 0.461964 -1.451119
v -0.021269 0.471117 -1.454254
v -0.038081 0.454949 -1.478511
v -0.021269 0.463658 -1.482998
v -0.038081 0.444220 -1.504387
v -0.021269 0.452275 -1.510186
v -0.038082 0.430104 -1.528334
v -0.021269 0.437314 -1.535402
v -0.038082 0.413008 -1.549908
v -0.021269 0.419214 -1.558187
v -0.038082 0.393402 -1.568628
v -0.021269 0.398480 -1.578035
v -0.038082 0.371794 -1.583984
v -0.021269 0.375657 -1.594403
v -0.038081 0.348705 -1.595451
v -0.021269 0.351299 -1.606725
v -0.038081 0.324648 -1.602521
v -0.021269 0.325947 -1.614445
v -0.038081 0.300113 -1.604738
v -0.021269 0.300113 -1.617054
v -0.000308 0.455108 -1.512213
v -0.000308 0.466724 -1.484566
v -0.000308 0.474339 -1.455352
v -0.000308 0.400263 -1.581332
v -0.000308 0.421395 -1.561084
v -0.000308 0.439849 -1.537873
v -0.000308 0.326402 -1.618643
v -0.000308 0.352207 -1.610688
v -0.000308 0.377011 -1.598060
v -0.000308 0.477705 -1.424959
v -0.000308 0.476688 -1.393768
v -0.000308 0.471269 -1.362181
v -0.000308 0.461537 -1.330645
v -0.000308 0.447684 -1.299674
v -0.000308 0.429996 -1.269863
v -0.000308 0.408848 -1.241886
v -0.000308 0.384700 -1.216491
v -0.000308 0.358097 -1.194473
v -0.000308 0.329667 -1.176634
v -0.000308 0.300114 -1.163747
v -0.017900 -0.059774 -1.093786
v -0.032001 -0.042420 -1.109035
v -0.000309 -0.081683 -1.088388
v -0.000308 0.476688 -1.393768
v -0.000308 0.474339 -1.455352
v -0.000308 0.300113 -1.621398
v -0.000309 -0.081684 -1.623062
v -0.021179 -0.059774 -1.618270
v -0.037591 -0.042420 -1.604658
v -0.038082 0.300114 -1.180407
v -0.038082 0.353809 -1.208253
v -0.038082 0.327466 -1.192019
v -0.038082 0.378486 -1.228427
v -0.038082 0.400907 -1.251817
v -0.038082 0.420561 -1.277704
v -0.038082 0.437012 -1.305398
v -0.038082 0.449908 -1.334269
v -0.038082 0.458980 -1.363751
v -0.038082 0.464052 -1.393343
v -0.038082 0.465040 -1.422601
v -0.038081 0.461964 -1.451119
v -0.038081 0.454949 -1.478511
v -0.038081 0.444220 -1.504387
v -0.038082 0.430104 -1.528334
v -0.038082 0.413008 -1.549908
v -0.038082 0.393402 -1.568628
v -0.038082 0.371794 -1.583984
v -0.038081 0.348705 -1.595451
v -0.038081 0.324648 -1.602521
v -0.038081 0.300113 -1.604738
v -0.037591 -0.042420 -1.604658
v -0.032001 -0.042420 -1.109035
v -0.202496 -0.103572 -1.119570
v -0.233854 -0.120829 -1.145815
v -0.235936 -0.103538 -1.132087
v -0.202266 -0.120898 -1.134208
v -0.264574 -0.120650 -1.164269
v -0.268410 -0.103436 -1.151953
v -0.293724 -0.120358 -1.188657
v -0.299168 -0.103263 -1.178164
v -0.320726 -0.119963 -1.217814
v -0.327601 -0.103024 -1.209433
v -0.345134 -0.119492 -1.250421
v -0.353258 -0.102734 -1.244302
v -0.366624 -0.118987 -1.285119
v -0.375823 -0.102421 -1.281277
v -0.384958 -0.118504 -1.320628
v -0.395080 -0.102119 -1.318953
v -0.399939 -0.118104 -1.355844
v -0.410855 -0.101868 -1.356138
v -0.411359 -0.117838 -1.389913
v -0.422956 -0.101700 -1.391926
v -0.418965 -0.117745 -1.422255
v -0.431124 -0.101642 -1.425733
v -0.422443 -0.117838 -1.452542
v -0.435022 -0.101700 -1.457266
v -0.421430 -0.118104 -1.480637
v -0.434238 -0.101868 -1.486449
v -0.415560 -0.118504 -1.506497
v -0.428344 -0.102119 -1.513310
v -0.404525 -0.118987 -1.530073
v -0.416966 -0.102421 -1.537864
v -0.388159 -0.119492 -1.551222
v -0.399875 -0.102734 -1.560002
v -0.366508 -0.119963 -1.569651
v -0.377083 -0.103024 -1.579430
v -0.339894 -0.120358 -1.584910
v -0.348904 -0.103263 -1.595659
v -0.308937 -0.120650 -1.596430
v -0.315993 -0.103436 -1.608052
v -0.274551 -0.120829 -1.603595
v -0.279334 -0.103538 -1.615909
v -0.237890 -0.120898 -1.605840
v -0.240187 -0.103572 -1.618580
v -0.432878 -0.081688 -1.515687
v -0.421388 -0.081688 -1.540573
v -0.404049 -0.081688 -1.563053
v -0.380858 -0.081688 -1.582833
v -0.352126 -0.081688 -1.599410
v -0.318520 -0.081688 -1.612119
v -0.281050 -0.081688 -1.620229
v -0.241015 -0.081688 -1.623061
v -0.000308 -0.103580 -1.618270
v -0.000309 -0.120956 -1.604651
v -0.000309 -0.081684 -1.623062
v -0.202593 -0.081688 -1.114395
v -0.236691 -0.081688 -1.127238
v -0.269785 -0.081688 -1.147611
v -0.301109 -0.081688 -1.174477
v -0.330044 -0.081688 -1.206503
v -0.356136 -0.081688 -1.242181
v -0.379074 -0.081688 -1.279967
v -0.398652 -0.081688 -1.318411
v -0.414704 -0.081688 -1.356287
v -0.427043 -0.081688 -1.392673
v -0.435413 -0.081688 -1.426983
v -0.435413 -0.081688 -1.426983
v -0.439464 -0.081688 -1.458939
v -0.438770 -0.081688 -1.488487
v -0.432878 -0.081688 -1.515687
v -0.202266 -0.120898 -1.134208
v -0.264574 -0.120650 -1.164269
v -0.233854 -0.120829 -1.145815
v -0.293724 -0.120358 -1.188657
v -0.320726 -0.119963 -1.217814
v -0.345134 -0.119492 -1.250421
v -0.366624 -0.118987 -1.285119
v -0.384958 -0.118504 -1.320628
v -0.399939 -0.118104 -1.355844
v -0.411359 -0.117838 -1.389913
v -0.418965 -0.117745 -1.422255
v -0.422443 -0.117838 -1.452542
v -0.421430 -0.118104 -1.480637
v -0.415560 -0.118504 -1.506497
v -0.404525 -0.118987 -1.530073
v -0.388159 -0.119492 -1.551222
v -0.366508 -0.119963 -1.569651
v -0.339894 -0.120358 -1.584910
v -0.308937 -0.120650 -1.596430
v -0.274551 -0.120829 -1.603595
v -0.237890 -0.120898 -1.605840
v -0.000309 -0.120956 -1.604651
v -0.000309 -0.120956 -1.108905
v -0.000309 -0.120956 -1.108905
v -0.000309 -0.103580 -1.093745
v -0.000309 -0.081683 -1.088388
v -0.240187 -0.059804 -1.618580
v -0.274551 -0.042548 -1.603595
v -0.279334 -0.059838 -1.615909
v -0.237890 -0.042478 -1.605840
v -0.308937 -0.042726 -1.596430
v -0.315993 -0.059940 -1.608052
v -0.339894 -0.043018 -1.584911
v -0.348904 -0.060113 -1.595659
v -0.366508 -0.043413 -1.569652
v -0.377083 -0.060352 -1.579430
v -0.388159 -0.043885 -1.551223
v -0.399875 -0.060642 -1.560001
v -0.404525 -0.044389 -1.530074
v -0.416966 -0.060956 -1.537864
v -0.415560 -0.044872 -1.506497
v -0.428344 -0.061257 -1.513310
v -0.421430 -0.045273 -1.480637
v -0.434238 -0.061509 -1.486448
v -0.422443 -0.045538 -1.452542
v -0.435021 -0.061676 -1.457266
v -0.418965 -0.045631 -1.422254
v -0.431124 -0.061735 -1.425733
v -0.411359 -0.045538 -1.389913
v -0.422955 -0.061676 -1.391926
v -0.399939 -0.045273 -1.355844
v -0.410855 -0.061509 -1.356138
v -0.384958 -0.044872 -1.320628
v -0.395080 -0.061257 -1.318953
v -0.366624 -0.044390 -1.285119
v -0.375822 -0.060956 -1.281276
v -0.345134 -0.043885 -1.250421
v -0.353257 -0.060642 -1.244302
v -0.320726 -0.043413 -1.217814
v -0.327601 -0.060353 -1.209432
v -0.293724 -0.043018 -1.188657
v -0.299168 -0.060113 -1.178164
v -0.264573 -0.042726 -1.164269
v -0.268410 -0.059940 -1.151953
v -0.233854 -0.042548 -1.145815
v -0.235936 -0.059839 -1.132087
v -0.202266 -0.042478 -1.134208
v -0.202495 -0.059805 -1.119570
v -0.398652 -0.081688 -1.318411
v -0.414704 -0.081688 -1.356287
v -0.427043 -0.081688 -1.392673
v -0.435413 -0.081688 -1.426983
v -0.301109 -0.081688 -1.174477
v -0.330044 -0.081688 -1.206503
v -0.356136 -0.081688 -1.242181
v -0.379074 -0.081688 -1.279967
v -0.439464 -0.081688 -1.458939
v -0.438770 -0.081688 -1.488487
v -0.432878 -0.081688 -1.515687
v -0.435413 -0.081688 -1.426983
v -0.421388 -0.081688 -1.540573
v -0.404049 -0.081688 -1.563053
v -0.380858 -0.081688 -1.582833
v -0.352126 -0.081688 -1.599410
v -0.318520 -0.081688 -1.612119
v -0.281050 -0.081688 -1.620229
v -0.241015 -0.081688 -1.623061
v -0.432878 -0.081688 -1.515687
v -0.021179 -0.059774 -1.618270
v -0.037591 -0.042420 -1.604658
v -0.000309 -0.081684 -1.623062
v -0.269785 -0.081688 -1.147611
v -0.236691 -0.081688 -1.127238
v -0.202593 -0.081688 -1.114395
v -0.000309 -0.081683 -1.088388
v -0.017900 -0.059774 -1.093786
v -0.032001 -0.042420 -1.109035
v -0.237890 -0.042478 -1.605840
v -0.308937 -0.042726 -1.596430
v -0.274551 -0.042548 -1.603595
v -0.339894 -0.043018 -1.584911
v -0.366508 -0.043413 -1.569652
v -0.388159 -0.043885 -1.551223
v -0.404525 -0.044389 -1.530074
v -0.415560 -0.044872 -1.506497
v -0.421430 -0.045273 -1.480637
v -0.422443 -0.045538 -1.452542
v -0.418965 -0.045631 -1.422254
v -0.411359 -0.045538 -1.389913
v -0.399939 -0.045273 -1.355844
v -0.384958 -0.044872 -1.320628
v -0.366624 -0.044390 -1.285119
v -0.345134 -0.043885 -1.250421
v -0.320726 -0.043413 -1.217814
v -0.293724 -0.043018 -1.188657
v -0.264573 -0.042726 -1.164269
v -0.233854 -0.042548 -1.145815
v -0.202266 -0.042478 -1.134208
v -0.032001 -0.042420 -1.109035
v -0.037591 -0.042420 -1.604658
vn -0.0000 0.3929 0.9196
vn -0.0776 0.3853 0.9195
vn -0.0000 -0.0000 1.0000
vn -0.1522 0.3628 0.9194
vn -0.2209 0.3262 0.9191
vn -0.2808 0.2772 0.9188
vn -0.3300 0.2176 0.9186
vn -0.3664 0.1498 0.9183
vn -0.3888 0.0763 0.9182
vn -0.3963 -0.0000 0.9181
vn -0.3888 -0.0763 0.9182
vn -0.3664 -0.1498 0.9183
vn -0.3300 -0.2176 0.9186
vn -0.2808 -0.2772 0.9188
vn -0.2208 -0.3262 0.9191
vn -0.1522 -0.3628 0.9194
vn -0.0776 -0.3853 0.9195
vn -0.1484 0.7401 0.6559
vn -0.2906 0.6954 0.6572
vn -0.4204 0.6236 0.6590
vn -0.5329 0.5282 0.6611
vn -0.6242 0.4133 0.6630
vn -0.6912 0.2837 0.6646
vn -0.7323 0.1442 0.6656
vn -0.7461 -0.0001 0.6658
vn -0.7325 -0.1445 0.6652
vn -0.6917 -0.2840 0.6640
vn -0.6247 -0.4137 0.6622
vn -0.5335 -0.5287 0.6602
vn -0.4209 -0.6242 0.6582
vn -0.2909 -0.6959 0.6566
vn -0.1487 -0.7404 0.6556
vn -0.0001 -0.7554 0.6553
vn -0.0000 -0.3929 0.9196
vn 0.0776 -0.3853 0.9195
vn 0.1522 -0.3628 0.9194
vn 0.2209 -0.3262 0.9191
vn 0.2809 -0.2772 0.9188
vn 0.3300 -0.2176 0.9186
vn 0.3664 -0.1498 0.9183
vn 0.3888 -0.0763 0.9182
vn 0.3963 -0.0000 0.9181
vn 0.3888 0.0763 0.9182
vn 0.3664 0.1498 0.9183
vn 0.3300 0.2176 0.9186
vn 0.2808 0.2772 0.9188
vn 0.2209 0.3262 0.9191
vn 0.1522 0.3628 0.9194
vn 0.0776 0.3853 0.9195
vn 0.2906 -0.6954 0.6572
vn 0.1484 -0.7401 0.6559
vn 0.4204 -0.6236 0.6590
vn 0.5329 -0.5282 0.6611
vn 0.6242 -0.4133 0.6630
vn 0.6913 -0.2837 0.6646
vn 0.7323 -0.1442 0.6656
vn 0.7461 0.0001 0.6658
vn 0.7325 0.1445 0.6652
vn 0.6917 0.2840 0.6640
vn 0.6247 0.4137 0.6622
vn 0.5335 0.5287 0.6602
vn 0.4209 0.6242 0.6582
vn 0.2909 0.6959 0.6566
vn 0.1487 0.7404 0.6556
vn 0.0001 0.7554 0.6553
vn -0.1868 0.9376 0.2932
vn 0.0001 0.9562 0.2928
vn -0.3662 0.8826 0.2947
vn -0.5312 0.7935 0.2970
vn -0.6752 0.6739 0.2999
vn -0.7929 0.5288 0.3028
vn -0.8801 0.3638 0.3052
vn -0.9335 0.1853 0.3070
vn -0.9515 -0.0001 0.3077
vn -0.9334 -0.1854 0.3073
vn -0.8798 -0.3638 0.3059
vn -0.7927 -0.5287 0.3036
vn -0.6750 -0.6737 0.3008
vn -0.5311 -0.7932 0.2979
vn -0.3663 -0.8824 0.2954
vn -0.1869 -0.9375 0.2936
vn -0.0001 -0.9562 0.2928
vn 0.1868 -0.9376 0.2932
vn 0.3662 -0.8826 0.2947
vn 0.5312 -0.7935 0.2970
vn 0.6752 -0.6739 0.2999
vn 0.7929 -0.5288 0.3028
vn 0.8801 -0.3638 0.3052
vn 0.9335 -0.1853 0.3070
vn 0.9515 0.0001 0.3077
vn 0.9334 0.1854 0.3073
vn 0.8798 0.3638 0.3059
vn 0.7927 0.5287 0.3036
vn 0.6750 0.6737 0.3008
vn 0.5311 0.7932 0.2979
vn 0.3663 0.8824 0.2954
vn 0.1869 0.9375 0.2936
vn -0.2007 0.9743 0.1025
vn -0.0000 0.9947 0.1025
vn -0.3928 0.9139 0.1025
vn -0.4689 0.8773 0.1021
vn -0.5734 0.8128 0.1025
vn -0.6311 0.7690 0.1021
vn -0.7308 0.6749 0.1025
vn -0.7694 0.6306 0.1020
vn -0.8581 0.5070 0.0813
vn -0.9218 0.3818 0.0665
vn -0.9786 0.1947 0.0666
vn -0.9978 -0.0000 0.0666
vn -0.9786 -0.1947 0.0666
vn -0.9218 -0.3818 0.0666
vn -0.8296 -0.5543 0.0666
vn -0.7055 -0.7055 0.0666
vn -0.5543 -0.8296 0.0666
vn -0.3818 -0.9218 0.0666
vn -0.1947 -0.9786 0.0666
vn -0.0000 -0.9978 0.0665
vn -0.9239 -0.3827 -0.0003
vn -0.9808 -0.1951 -0.0003
vn -1.0000 -0.0000 -0.0003
vn -0.9808 0.1951 -0.0003
vn -0.3827 -0.9239 -0.0003
vn -0.5556 -0.8315 -0.0003
vn -0.1951 -0.9808 -0.0003
vn -0.0000 -1.0000 -0.0003
vn -0.9972 -0.0000 -0.0743
vn -0.9781 0.1946 -0.0743
vn -0.9565 0.2901 -0.0312
vn -0.9569 0.2903 0.0013
vn -0.9564 0.2902 -0.0313
vn -0.9484 0.3156 -0.0310
vn -0.9214 0.3815 -0.0740
vn -0.8786 0.4696 -0.0868
vn -0.9781 -0.1945 -0.0743
vn -0.9213 -0.3816 -0.0743
vn -0.8292 -0.5540 -0.0743
vn -0.8315 -0.5556 -0.0003
vn -0.7071 -0.7071 -0.0003
vn -0.7052 -0.7052 -0.0743
vn -0.5540 -0.8292 -0.0743
vn -0.3816 -0.9213 -0.0743
vn -0.1946 -0.9781 -0.0743
vn -0.0000 -0.9972 -0.0743
vn -0.6970 -0.6970 -0.1687
vn -0.8196 -0.5476 -0.1687
vn -0.9106 -0.3772 -0.1687
vn -0.9667 -0.1923 -0.1687
vn -0.9857 -0.0000 -0.1687
vn -0.9667 0.1923 -0.1687
vn -0.9106 0.3772 -0.1687
vn -0.8759 0.4682 -0.1170
vn -0.8546 0.5059 -0.1174
vn -0.8196 0.5476 -0.1687
vn -0.7677 0.6300 -0.1170
vn -0.7294 0.6740 -0.1174
vn -0.6970 0.6970 -0.1687
vn -0.6300 0.7677 -0.1171
vn -0.6210 0.7567 -0.2044
vn -0.6772 0.6772 -0.2878
vn -0.5321 0.7963 -0.2878
vn -0.5614 0.7977 -0.2204
vn -0.3884 0.8948 -0.2204
vn -0.3665 0.8848 -0.2878
vn -0.7963 0.5321 -0.2878
vn -0.8848 0.3665 -0.2878
vn -0.9393 0.1868 -0.2878
vn -0.9577 -0.0000 -0.2878
vn -0.9393 -0.1868 -0.2878
vn -0.8848 -0.3665 -0.2878
vn -0.7963 -0.5321 -0.2878
vn -0.6772 -0.6772 -0.2878
vn -0.5321 -0.7963 -0.2878
vn -0.5476 -0.8196 -0.1687
vn -0.3772 -0.9106 -0.1687
vn -0.1923 -0.9667 -0.1687
vn -0.0000 -0.9857 -0.1687
vn -0.3665 -0.8848 -0.2878
vn -0.1868 -0.9393 -0.2878
vn -0.0000 -0.9577 -0.2878
vn -0.5032 -0.7531 -0.4238
vn -0.6405 -0.6405 -0.4238
vn -0.3466 -0.8368 -0.4238
vn -0.1767 -0.8884 -0.4238
vn -0.0000 -0.9058 -0.4238
vn -0.4549 -0.6807 -0.5742
vn -0.5789 -0.5789 -0.5742
vn -0.7531 -0.5032 -0.4238
vn -0.8368 -0.3466 -0.4238
vn -0.8884 -0.1767 -0.4238
vn -0.9058 -0.0000 -0.4238
vn -0.8884 0.1767 -0.4238
vn -0.8368 0.3466 -0.4238
vn -0.7531 0.5032 -0.4238
vn -0.6405 0.6405 -0.4238
vn -0.5032 0.7531 -0.4238
vn -0.3466 0.8368 -0.4238
vn -0.1868 0.9393 -0.2878
vn -0.1767 0.8884 -0.4238
vn -0.0000 0.9577 -0.2878
vn -0.0000 0.9754 -0.2205
vn -0.1966 0.9554 -0.2205
vn -0.0000 0.9058 -0.4238
vn -0.1597 0.8030 -0.5742
vn -0.0000 0.8187 -0.5742
vn -0.3133 0.7564 -0.5742
vn -0.4549 0.6807 -0.5742
vn -0.5789 0.5789 -0.5742
vn -0.6807 0.4549 -0.5742
vn -0.2533 0.6116 -0.7495
vn -0.1291 0.6493 -0.7495
vn -0.0000 0.6620 -0.7495
vn -0.1291 0.6492 -0.7495
vn -0.3678 0.5504 -0.7495
vn -0.4681 0.4681 -0.7495
vn -0.5504 0.3678 -0.7495
vn -0.6116 0.2533 -0.7495
vn -0.7564 0.3133 -0.5742
vn -0.8030 0.1597 -0.5742
vn -0.8187 -0.0000 -0.5742
vn -0.8030 -0.1597 -0.5742
vn -0.7564 -0.3133 -0.5742
vn -0.6807 -0.4549 -0.5742
vn -0.6492 0.1291 -0.7495
vn -0.6620 -0.0000 -0.7495
vn -0.6492 -0.1291 -0.7495
vn -0.6116 -0.2533 -0.7495
vn -0.5504 -0.3678 -0.7495
vn -0.4681 -0.4681 -0.7495
vn -0.3678 -0.5504 -0.7495
vn -0.2533 -0.6116 -0.7495
vn -0.3133 -0.7564 -0.5742
vn -0.1597 -0.8030 -0.5742
vn -0.0000 -0.8187 -0.5742
vn -0.1291 -0.6492 -0.7495
vn -0.0000 -0.6620 -0.7495
vn -0.3635 -0.1505 -0.9194
vn -0.3858 -0.0767 -0.9194
vn -0.3934 -0.0000 -0.9194
vn -0.3858 0.0767 -0.9194
vn -0.3634 0.1505 -0.9194
vn -0.3271 0.2185 -0.9194
vn -0.2782 0.2782 -0.9194
vn -0.2186 0.3271 -0.9194
vn -0.1505 0.3634 -0.9194
vn -0.0938 0.4387 -0.8937
vn 0.0064 0.4485 -0.8937
vn 0.1947 -0.9786 0.0666
vn 0.3818 -0.9218 0.0666
vn 0.5543 -0.8296 0.0666
vn 0.7055 -0.7055 0.0666
vn 0.8296 -0.5543 0.0666
vn 0.9218 -0.3818 0.0666
vn 0.9786 -0.1947 0.0666
vn 0.9978 -0.0000 0.0666
vn 0.9786 0.1947 0.0666
vn 0.9218 0.3819 0.0665
vn 0.8581 0.5069 0.0813
vn 0.7694 0.6306 0.1020
vn 0.7308 0.6749 0.1025
vn 0.6311 0.7690 0.1021
vn 0.5734 0.8128 0.1025
vn 0.4689 0.8773 0.1021
vn 0.3929 0.9138 0.1025
vn 0.2007 0.9743 0.1025
vn 0.3861 0.9192 0.0776
vn 0.4807 0.8753 -0.0521
vn 0.4994 0.8626 -0.0802
vn 0.5013 0.8466 -0.1791
vn 0.5157 0.8446 -0.1438
vn 0.4864 0.8346 -0.2586
vn 0.4645 0.8420 -0.2744
vn 0.5014 0.8271 -0.2538
vn 0.4421 0.8431 -0.3060
vn 0.5247 0.8106 -0.2600
vn 0.5272 0.8117 -0.2514
vn 0.4776 0.8550 -0.2020
vn 0.4780 0.8422 -0.2494
vn 0.4781 0.8516 -0.2151
vn 0.4295 0.8956 -0.1160
vn 0.4229 0.8990 -0.1142
vn 0.3863 0.9204 -0.0608
vn 0.3843 0.9213 -0.0598
vn 0.4128 0.9108 -0.0104
vn 0.4151 0.9096 -0.0166
vn 0.4110 0.9046 0.1126
vn 0.4111 0.9051 0.1089
vn 0.4247 0.8811 0.2079
vn 0.4230 0.8828 0.2042
vn 0.4116 0.8796 0.2385
vn 0.4120 0.8783 0.2425
vn 0.4474 0.8545 0.2641
vn 0.4471 0.8598 0.2468
vn 0.4505 0.8503 0.2721
vn 0.4551 0.8455 0.2792
vn 0.4904 0.8316 0.2605
vn 0.4903 0.8387 0.2369
vn 0.5298 0.8352 0.1474
vn 0.5434 0.8221 0.1698
vn 0.5250 0.8444 0.1064
vn 0.5268 0.8448 0.0939
vn 0.5267 0.8431 0.1088
vn 0.4652 0.8852 -0.0048
vn 0.4783 0.8782 0.0010
vn 0.2882 0.9575 -0.0152
vn 0.3026 0.9530 0.0144
vn 0.1514 0.9347 0.3216
vn 0.1785 0.9351 0.3063
vn 0.1081 0.9259 0.3620
vn -0.0068 0.9514 0.3078
vn -0.0060 0.9513 0.3082
vn -0.8815 0.4712 0.0306
vn -0.9481 0.3163 0.0307
vn -0.9565 0.2900 0.0306
vn -0.9565 0.2902 0.0306
vn 0.1951 -0.9808 -0.0003
vn 0.3827 -0.9239 -0.0003
vn 0.5556 -0.8315 -0.0003
vn 0.7071 -0.7071 -0.0003
vn 0.8315 -0.5556 -0.0003
vn 0.9239 -0.3827 -0.0003
vn 0.9808 -0.1951 -0.0003
vn 1.0000 -0.0000 -0.0003
vn 0.9808 0.1951 -0.0003
vn 0.9565 0.2901 0.0306
vn 0.9569 0.2903 0.0013
vn 0.9481 0.3165 0.0307
vn 0.8815 0.4712 0.0306
vn 0.9781 -0.1946 -0.0743
vn 0.9213 -0.3816 -0.0743
vn 0.9972 -0.0000 -0.0743
vn 0.9781 0.1946 -0.0743
vn 0.9564 0.2902 -0.0312
vn 0.9213 0.3816 -0.0743
vn 0.9470 0.3198 -0.0304
vn 0.9565 0.2901 -0.0312
vn 0.8786 0.4696 -0.0868
vn 0.9667 -0.1923 -0.1687
vn 0.9106 -0.3772 -0.1687
vn 0.8292 -0.5540 -0.0743
vn 0.7052 -0.7051 -0.0743
vn 0.5540 -0.8292 -0.0743
vn 0.3816 -0.9213 -0.0743
vn 0.1946 -0.9781 -0.0743
vn 0.1923 -0.9667 -0.1687
vn 0.3772 -0.9106 -0.1687
vn 0.5476 -0.8196 -0.1687
vn 0.6970 -0.6970 -0.1687
vn 0.8196 -0.5476 -0.1687
vn 0.1868 -0.9393 -0.2878
vn 0.3665 -0.8848 -0.2878
vn 0.5321 -0.7963 -0.2878
vn 0.6772 -0.6772 -0.2878
vn 0.7963 -0.5321 -0.2878
vn 0.8848 -0.3665 -0.2878
vn 0.9393 -0.1868 -0.2878
vn 0.9577 -0.0000 -0.2878
vn 0.9857 -0.0000 -0.1687
vn 0.9667 0.1923 -0.1687
vn 0.9106 0.3772 -0.1687
vn 0.8759 0.4682 -0.1170
vn 0.8196 0.5476 -0.1687
vn 0.8546 0.5059 -0.1173
vn 0.7677 0.6300 -0.1170
vn 0.6970 0.6970 -0.1687
vn 0.7294 0.6739 -0.1174
vn 0.6300 0.7677 -0.1171
vn 0.6210 0.7567 -0.2044
vn 0.9393 0.1868 -0.2878
vn 0.8848 0.3665 -0.2878
vn 0.7963 0.5321 -0.2878
vn 0.6772 0.6772 -0.2878
vn 0.5321 0.7963 -0.2878
vn 0.5614 0.7977 -0.2204
vn 0.8884 0.1767 -0.4238
vn 0.9058 -0.0000 -0.4238
vn 0.8884 -0.1767 -0.4238
vn 0.8368 -0.3466 -0.4238
vn 0.7531 -0.5032 -0.4238
vn 0.6405 -0.6405 -0.4238
vn 0.5032 -0.7531 -0.4238
vn 0.3466 -0.8368 -0.4238
vn 0.1767 -0.8884 -0.4238
vn 0.1597 -0.8030 -0.5742
vn 0.3133 -0.7564 -0.5742
vn 0.4549 -0.6807 -0.5742
vn 0.5789 -0.5789 -0.5742
vn 0.6807 -0.4549 -0.5742
vn 0.7564 -0.3133 -0.5742
vn 0.8030 -0.1597 -0.5742
vn 0.8187 -0.0000 -0.5742
vn 0.8030 0.1597 -0.5742
vn 0.7564 0.3133 -0.5742
vn 0.8368 0.3466 -0.4238
vn 0.7531 0.5032 -0.4238
vn 0.6405 0.6405 -0.4238
vn 0.5032 0.7531 -0.4238
vn 0.3466 0.8368 -0.4238
vn 0.3665 0.8848 -0.2878
vn 0.1767 0.8884 -0.4238
vn 0.1868 0.9393 -0.2878
vn 0.2832 0.9336 -0.2195
vn 0.3884 0.8948 -0.2204
vn 0.5789 0.5789 -0.5742
vn 0.6807 0.4549 -0.5742
vn 0.3133 0.7564 -0.5742
vn 0.4549 0.6807 -0.5742
vn 0.1597 0.8030 -0.5742
vn 0.5504 0.3678 -0.7495
vn 0.6116 0.2533 -0.7495
vn 0.6492 0.1291 -0.7495
vn 0.6620 -0.0000 -0.7495
vn 0.6492 -0.1291 -0.7495
vn 0.6116 -0.2533 -0.7495
vn 0.5504 -0.3678 -0.7495
vn 0.4681 -0.4681 -0.7495
vn 0.3678 -0.5504 -0.7495
vn 0.2533 -0.6116 -0.7495
vn 0.1291 -0.6492 -0.7495
vn 0.0767 -0.3858 -0.9194
vn -0.0000 -0.3934 -0.9194
vn 0.1505 -0.3635 -0.9194
vn 0.2185 -0.3271 -0.9194
vn 0.2781 -0.2781 -0.9194
vn 0.3271 -0.2186 -0.9194
vn 0.3634 -0.1505 -0.9194
vn 0.3858 -0.0768 -0.9194
vn 0.3934 -0.0000 -0.9194
vn 0.3858 0.0767 -0.9194
vn 0.3635 0.1505 -0.9194
vn 0.3271 0.2186 -0.9194
vn 0.2782 0.2782 -0.9194
vn 0.4681 0.4681 -0.7495
vn 0.3678 0.5504 -0.7495
vn 0.2533 0.6116 -0.7495
vn 0.1291 0.6492 -0.7495
vn 0.2186 0.3271 -0.9194
vn 0.1506 0.3634 -0.9194
vn 0.0768 0.3858 -0.9194
vn 0.1966 0.9554 -0.2205
vn -0.3271 -0.2186 -0.9194
vn -0.2782 -0.2782 -0.9194
vn -0.2186 -0.3271 -0.9194
vn -0.1506 -0.3634 -0.9194
vn -0.0767 -0.3858 -0.9194
vn -0.0204 0.2074 -0.9780
vn 0.0007 -0.0068 -1.0000
vn -0.2185 0.3271 -0.9194
vn -0.3271 0.2186 -0.9194
vn -0.3634 -0.1505 -0.9194
vn -0.3271 -0.2185 -0.9194
vn -0.1505 -0.3634 -0.9194
vn -0.0768 -0.3858 -0.9194
vn 0.0768 -0.3858 -0.9194
vn 0.1505 -0.3634 -0.9194
vn 0.2186 -0.3271 -0.9194
vn 0.2782 -0.2782 -0.9194
vn 0.3271 -0.2185 -0.9194
vn 0.3858 -0.0767 -0.9194
vn 0.3634 0.1505 -0.9194
vn 0.2185 0.3271 -0.9194
vn 0.1505 0.3634 -0.9194
vn 0.0767 0.3858 -0.9194
vn 0.0064 0.4486 -0.8937
vn -0.2832 0.9336 -0.2195
vn -0.0992 0.9236 0.3702
vn -0.1346 0.9377 0.3203
vn -0.0067 0.9514 0.3078
vn -0.1552 0.9548 0.2533
vn -0.3317 0.9428 -0.0335
vn -0.3334 0.9413 -0.0533
vn -0.4855 0.8742 0.0044
vn -0.4927 0.8698 0.0271
vn -0.4724 0.8616 0.1856
vn -0.4632 0.8595 0.2161
vn -0.4718 0.8663 0.1638
vn -0.5286 0.8356 0.1497
vn -0.5420 0.8209 0.1797
vn -0.4950 0.8315 0.2523
vn -0.4849 0.8397 0.2445
vn -0.4528 0.8520 0.2627
vn -0.4514 0.8479 0.2778
vn -0.4495 0.8530 0.2654
vn -0.4454 0.8594 0.2512
vn -0.4114 0.8813 0.2325
vn -0.4119 0.8799 0.2369
vn -0.4235 0.8807 0.2120
vn -0.4246 0.8815 0.2066
vn -0.4112 0.9047 0.1115
vn -0.4109 0.9053 0.1080
vn -0.4148 0.9099 -0.0066
vn -0.4127 0.9108 -0.0127
vn -0.3847 0.9203 -0.0710
vn -0.3869 0.9195 -0.0693
vn -0.4230 0.8989 -0.1140
vn -0.4292 0.8964 -0.1104
vn -0.4744 0.8565 -0.2035
vn -0.4800 0.8514 -0.2115
vn -0.4811 0.8397 -0.2519
vn -0.5261 0.8149 -0.2435
vn -0.5214 0.8184 -0.2417
vn -0.4673 0.8400 -0.2757
vn -0.4324 0.8411 -0.3250
vn -0.4951 0.8307 -0.2546
vn -0.5029 0.8453 -0.1805
vn -0.4838 0.8331 -0.2682
vn -0.5183 0.8432 -0.1427
vn -0.4837 0.8730 -0.0629
vn -0.5041 0.8602 -0.0769
vn -0.3577 0.9295 0.0897
vn -0.3379 0.9383 0.0733
vn -0.1382 0.9352 -0.3262
vn -0.1381 0.9290 -0.3434
vn 0.0033 0.9553 -0.2955
vn 0.0030 0.9553 -0.2956
vn 0.1109 0.9402 -0.3221
vn 0.1024 0.9354 -0.3386
vn 0.1234 -0.0000 0.9924
vn 0.1295 -0.0000 0.9916
vn 0.2714 -0.0000 0.9625
vn 0.2565 -0.0000 0.9665
vn 0.4173 -0.0000 0.9088
vn 0.3947 -0.0000 0.9188
vn 0.5476 -0.0000 0.8367
vn 0.5276 -0.0000 0.8495
vn 0.6905 -0.0000 0.7234
vn 0.6619 -0.0000 0.7496
vn 0.8000 -0.0000 0.6000
vn 0.7888 -0.0000 0.6146
vn 0.8748 -0.0000 0.4845
vn 0.8618 -0.0000 0.5073
vn 0.9285 -0.0000 0.3714
vn 0.9241 -0.0000 0.3822
vn 0.9582 -0.0000 0.2860
vn 0.9550 -0.0000 0.2967
vn 0.9850 -0.0000 0.1723
vn 0.9827 -0.0000 0.1850
vn 0.9968 -0.0000 0.0797
vn 0.9966 -0.0000 0.0819
vn 0.9995 -0.0000 0.0322
vn 0.9995 -0.0000 0.0323
vn 0.9997 -0.0000 -0.0234
vn 0.9997 -0.0000 -0.0251
vn 0.9968 -0.0000 -0.0800
vn 0.9966 -0.0000 -0.0825
vn 0.9849 -0.0000 -0.1732
vn 0.9825 -0.0000 -0.1864
vn 0.9515 -0.0000 -0.3076
vn 0.9455 -0.0000 -0.3256
vn 0.8608 -0.0000 -0.5089
vn 0.8333 -0.0000 -0.5528
vn 0.6705 -0.0000 -0.7419
vn 0.6292 -0.0000 -0.7773
vn 0.4545 -0.0000 -0.8907
vn 0.4207 -0.0000 -0.9072
vn 0.2676 -0.0000 -0.9635
vn 0.2487 -0.0000 -0.9686
vn 0.1079 -0.0000 -0.9942
vn 0.1005 -0.0000 -0.9949
vn -0.0000 -0.0000 -1.0000
vn -0.1217 -0.0000 0.9926
vn -0.1276 -0.0000 0.9918
vn -0.2542 -0.0000 0.9671
vn -0.2692 -0.0000 0.9631
vn -0.3966 -0.0000 0.9180
vn -0.4189 -0.0000 0.9080
vn -0.5311 -0.0000 0.8473
vn -0.5513 -0.0000 0.8343
vn -0.6637 -0.0000 0.7480
vn -0.6920 -0.0000 0.7219
vn -0.7888 -0.0000 0.6146
vn -0.8000 -0.0000 0.6000
vn -0.8618 -0.0000 0.5073
vn -0.8748 -0.0000 0.4845
vn -0.9241 -0.0000 0.3822
vn -0.9285 -0.0000 0.3714
vn -0.9550 -0.0000 0.2967
vn -0.9582 -0.0000 0.2860
vn -0.9827 -0.0000 0.1850
vn -0.9850 -0.0000 0.1723
vn -0.9966 -0.0000 0.0819
vn -0.9968 -0.0000 0.0797
vn -0.9995 -0.0000 0.0323
vn -0.9995 -0.0000 0.0322
vn -0.9997 -0.0000 -0.0251
vn -0.9997 -0.0000 -0.0234
vn -0.9966 -0.0000 -0.0825
vn -0.9968 -0.0000 -0.0800
vn -0.9825 -0.0000 -0.1864
vn -0.9849 -0.0000 -0.1732
vn -0.9455 -0.0000 -0.3256
vn -0.9515 -0.0000 -0.3076
vn -0.8333 -0.0000 -0.5528
vn -0.8608 -0.0000 -0.5089
vn -0.6292 -0.0000 -0.7773
vn -0.6705 -0.0000 -0.7419
vn -0.4305 -0.0000 -0.9026
vn -0.4617 -0.0000 -0.8871
vn -0.2458 -0.0000 -0.9693
vn -0.2681 -0.0000 -0.9634
vn -0.0937 -0.0000 -0.9956
vn -0.1004 -0.0000 -0.9949
vn -0.0000 1.0000 -0.0000
vn -0.9230 0.3197 0.2143
vn -0.9248 0.3161 0.2119
vn -1.0000 0.0021 0.0014
vn -1.0000 -0.0021 -0.0014
vn -0.7083 0.5864 0.3930
vn -0.7058 0.5885 0.3944
vn -0.3835 0.7672 0.5142
vn -0.3817 0.7678 0.5146
vn -0.9248 -0.3161 -0.2119
vn -0.9230 -0.3197 -0.2143
vn -0.7083 -0.5864 -0.3930
vn -0.7058 -0.5885 -0.3944
vn -0.3835 -0.7672 -0.5142
vn -0.3817 -0.7678 -0.5146
vn -0.0000 -0.8307 -0.5567
vn 0.3835 -0.7672 -0.5142
vn 0.3817 -0.7678 -0.5146
vn 0.7083 -0.5864 -0.3930
vn 0.7058 -0.5885 -0.3944
vn 0.9247 -0.3162 -0.2119
vn 0.9229 -0.3197 -0.2143
vn 1.0000 0.0021 0.0014
vn 1.0000 -0.0021 -0.0014
vn 0.9230 0.3197 0.2143
vn 0.9247 0.3162 0.2119
vn 0.7058 0.5885 0.3944
vn 0.7083 0.5864 0.3930
vn 0.3817 0.7678 0.5146
vn 0.3835 0.7672 0.5142
vn -0.0000 0.8307 0.5567
vn -0.0000 0.5736 -0.8191
vn -0.0000 0.5736 -0.8192
vn -0.4562 -0.3440 0.8207
vn -0.6971 -0.1398 0.7032
vn -0.4938 -0.4988 0.7123
vn -0.7546 -0.3764 0.5375
vn -0.5336 0.0607 0.8436
vn -0.3491 -0.2128 0.9126
vn -0.2888 0.1947 0.9374
vn -0.1889 -0.1251 0.9740
vn -0.0000 0.2417 0.9703
vn -0.0000 -0.0943 0.9955
vn -0.4562 -0.6536 0.6039
vn -0.6971 -0.6129 0.3719
vn -0.3491 -0.7848 0.5121
vn -0.5336 -0.8135 0.2315
vn -0.1889 -0.8724 0.4507
vn -0.2888 -0.9475 0.1376
vn -0.0000 -0.9032 0.4292
vn -0.0000 -0.9945 0.1047
vn 0.1889 -0.8724 0.4507
vn 0.2888 -0.9475 0.1377
vn 0.3491 -0.7848 0.5121
vn 0.5336 -0.8135 0.2315
vn 0.4562 -0.6536 0.6040
vn 0.6972 -0.6129 0.3719
vn 0.4938 -0.4988 0.7123
vn 0.7546 -0.3764 0.5375
vn 0.4562 -0.3440 0.8207
vn 0.6972 -0.1398 0.7031
vn 0.3491 -0.2128 0.9126
vn 0.5336 0.0607 0.8436
vn 0.1889 -0.1251 0.9740
vn 0.2888 0.1947 0.9374
vn 0.3744 0.6220 0.6877
vn -0.0000 0.6830 0.7304
vn 0.6919 0.4483 0.5660
vn 0.9040 0.1882 0.3840
vn 0.9784 -0.1185 0.1692
vn 0.9040 -0.4252 -0.0456
vn 0.6919 -0.6852 -0.2276
vn 0.3744 -0.8590 -0.3493
vn -0.0000 -0.9200 -0.3920
vn -0.3744 -0.8590 -0.3493
vn -0.6918 -0.6852 -0.2276
vn -0.9039 -0.4252 -0.0455
vn -0.9784 -0.1185 0.1692
vn -0.9040 0.1882 0.3840
vn -0.6919 0.4483 0.5660
vn -0.3744 0.6220 0.6877
vn -0.9039 0.4252 0.0455
vn -0.9784 0.1185 -0.1692
vn -0.6919 0.6852 0.2276
vn -0.3744 0.8590 0.3493
vn -0.0000 0.9200 0.3920
vn -0.6971 0.6129 -0.3719
vn -0.7546 0.3764 -0.5375
vn -0.5336 0.8135 -0.2315
vn -0.2888 0.9474 -0.1377
vn -0.0000 0.9945 -0.1047
vn -0.9039 -0.1882 -0.3840
vn -0.6919 -0.4482 -0.5661
vn -0.3744 -0.6220 -0.6877
vn -0.0000 -0.6830 -0.7304
vn 0.3744 -0.6220 -0.6877
vn 0.6919 -0.4482 -0.5661
vn 0.9040 -0.1882 -0.3840
vn 0.9784 0.1185 -0.1692
vn 0.9039 0.4252 0.0455
vn 0.6919 0.6852 0.2276
vn 0.3744 0.8590 0.3492
vn 0.2888 0.9475 -0.1377
vn 0.5336 0.8135 -0.2315
vn 0.6972 0.6129 -0.3719
vn 0.7546 0.3764 -0.5375
vn 0.6972 0.1398 -0.7031
vn 0.5336 -0.0607 -0.8436
vn 0.2888 -0.1947 -0.9374
vn -0.0000 -0.2418 -0.9703
vn -0.2888 -0.1947 -0.9374
vn -0.5336 -0.0607 -0.8436
vn -0.6971 0.1398 -0.7032
vn 0.4562 0.3440 -0.8207
vn 0.3492 0.2127 -0.9126
vn 0.1890 0.1251 -0.9740
vn -0.0000 0.0943 -0.9955
vn -0.1890 0.1251 -0.9740
vn -0.3492 0.2127 -0.9126
vn -0.4562 0.3440 -0.8207
vn -0.4937 0.4988 -0.7124
vn -0.4562 0.6536 -0.6039
vn -0.3491 0.7848 -0.5121
vn -0.1889 0.8724 -0.4507
vn -0.0000 0.9032 -0.4291
vn 0.1889 0.8724 -0.4507
vn 0.3491 0.7848 -0.5121
vn 0.4562 0.6536 -0.6039
vn 0.4937 0.4988 -0.7123
vn -0.0000 -0.5736 0.8191
vn -0.0000 -0.5736 0.8192
vn -0.0000 0.5735 -0.8192
vn -0.1831 0.6718 0.7178
vn -0.2447 0.6597 0.7106
vn -0.2178 0.4725 0.8540
vn -0.2892 0.4592 0.8400
vn -0.3154 0.6504 0.6910
vn -0.3728 0.4514 0.8107
vn -0.3788 0.6478 0.6610
vn -0.4485 0.4497 0.7724
vn -0.4364 0.6525 0.6196
vn -0.5190 0.4545 0.7239
vn -0.4890 0.6646 0.5650
vn -0.5865 0.4659 0.6625
vn -0.5369 0.6837 0.4943
vn -0.6524 0.4833 0.5838
vn -0.5790 0.7082 0.4040
vn -0.7158 0.5053 0.4819
vn -0.6122 0.7352 0.2910
vn -0.7726 0.5292 0.3508
vn -0.6317 0.7594 0.1556
vn -0.8136 0.5504 0.1875
vn -0.6320 0.7749 0.0039
vn -0.8259 0.5638 -0.0017
vn -0.6103 0.7775 -0.1520
vn -0.8004 0.5658 -0.1981
vn -0.5685 0.7670 -0.2975
vn -0.7399 0.5563 -0.3784
vn -0.5123 0.7478 -0.4223
vn -0.6571 0.5391 -0.5268
vn -0.4478 0.7255 -0.5226
vn -0.5655 0.5193 -0.6408
vn -0.3790 0.7049 -0.5996
vn -0.4726 0.5011 -0.7250
vn -0.3078 0.6888 -0.6563
vn -0.3808 0.4869 -0.7861
vn -0.2344 0.6787 -0.6961
vn -0.2893 0.4779 -0.8294
vn -0.1581 0.6746 -0.7211
vn -0.1961 0.4742 -0.8583
vn -0.0783 0.6761 -0.7326
vn -0.0990 0.4754 -0.8742
vn -0.0194 0.6832 -0.7300
vn -0.0246 0.4823 -0.8757
vn -0.7822 -0.0003 -0.6230
vn -0.8914 -0.0003 -0.4532
vn -0.6640 -0.0002 -0.7477
vn -0.5484 -0.0000 -0.8362
vn -0.4383 0.0002 -0.8988
vn -0.3317 0.0004 -0.9434
vn -0.2250 0.0005 -0.9744
vn -0.1147 0.0006 -0.9934
vn -0.0282 -0.0000 -0.9996
vn 0.0039 0.5330 -0.8461
vn 0.0057 0.7365 -0.6765
vn 0.0011 -0.0007 -1.0000
vn -0.9708 -0.0002 -0.2401
vn -0.9707 -0.0002 -0.2401
vn -1.0000 -0.0000 -0.0045
vn -0.9753 0.0002 0.2207
vn -0.9753 0.0001 0.2207
vn -0.9121 0.0003 0.4100
vn -0.8311 0.0003 0.5561
vn -0.7465 0.0001 0.6654
vn -0.6639 -0.0000 0.7478
vn -0.5837 -0.0002 0.8120
vn -0.5033 -0.0003 0.8641
vn -0.4190 -0.0005 0.9080
vn -0.3265 -0.0005 0.9452
vn -0.2497 0.0001 0.9683
vn -0.1921 0.5078 0.8398
vn -0.1523 0.7263 0.6703
vn -0.2228 0.0006 0.9749
vn -0.0155 -0.6832 -0.7301
vn -0.0785 -0.6780 -0.7308
vn -0.0217 -0.4823 -0.8757
vn -0.0992 -0.4748 -0.8745
vn -0.1584 -0.6763 -0.7194
vn -0.1963 -0.4737 -0.8585
vn -0.2347 -0.6800 -0.6947
vn -0.2896 -0.4776 -0.8295
vn -0.3081 -0.6896 -0.6554
vn -0.3811 -0.4868 -0.7860
vn -0.3794 -0.7050 -0.5992
vn -0.4729 -0.5011 -0.7247
vn -0.4483 -0.7251 -0.5228
vn -0.5656 -0.5195 -0.6404
vn -0.5130 -0.7470 -0.4229
vn -0.6571 -0.5394 -0.5266
vn -0.5692 -0.7662 -0.2982
vn -0.7397 -0.5565 -0.3784
vn -0.6108 -0.7770 -0.1525
vn -0.8003 -0.5659 -0.1984
vn -0.6320 -0.7749 0.0034
vn -0.8259 -0.5638 -0.0020
vn -0.6313 -0.7599 0.1550
vn -0.8137 -0.5503 0.1873
vn -0.6116 -0.7360 0.2903
vn -0.7727 -0.5290 0.3508
vn -0.5784 -0.7090 0.4034
vn -0.7158 -0.5050 0.4822
vn -0.5365 -0.6841 0.4942
vn -0.6523 -0.4830 0.5841
vn -0.4887 -0.6645 0.5654
vn -0.5863 -0.4658 0.6628
vn -0.4362 -0.6518 0.6204
vn -0.5187 -0.4547 0.7240
vn -0.3788 -0.6466 0.6621
vn -0.4482 -0.4501 0.7724
vn -0.3156 -0.6489 0.6924
vn -0.3725 -0.4519 0.8106
vn -0.2451 -0.6579 0.7121
vn -0.2889 -0.4598 0.8397
vn -0.1869 -0.6713 0.7173
vn -0.2205 -0.4721 0.8535
vn -0.8311 0.0003 0.5562
vn -0.9121 0.0002 0.4100
vn -0.4190 -0.0004 0.9080
vn -0.3265 -0.0006 0.9452
vn -0.1893 -0.5075 0.8406
vn -0.1480 -0.7284 0.6690
vn -0.7822 -0.0003 -0.6231
vn -0.2251 0.0005 -0.9743
vn 0.0008 -0.5336 -0.8457
vn 0.0016 -0.7347 -0.6784
vn 0.0010 -0.0007 -1.0000
vn -0.0000 -1.0000 -0.0000
vn 0.2892 0.4592 0.8399
vn 0.2447 0.6597 0.7106
vn 0.2178 0.4725 0.8540
vn 0.1831 0.6718 0.7178
vn 0.3154 0.6504 0.6910
vn 0.3728 0.4514 0.8107
vn 0.3788 0.6478 0.6610
vn 0.4485 0.4497 0.7724
vn 0.4364 0.6525 0.6196
vn 0.5190 0.4545 0.7239
vn 0.4889 0.6646 0.5650
vn 0.5865 0.4659 0.6625
vn 0.5369 0.6837 0.4943
vn 0.6524 0.4833 0.5838
vn 0.5790 0.7082 0.4040
vn 0.7158 0.5053 0.4819
vn 0.6123 0.7352 0.2910
vn 0.7726 0.5292 0.3508
vn 0.6317 0.7594 0.1556
vn 0.8136 0.5504 0.1875
vn 0.6320 0.7749 0.0039
vn 0.8259 0.5638 -0.0017
vn 0.6103 0.7775 -0.1520
vn 0.8004 0.5658 -0.1981
vn 0.5685 0.7670 -0.2975
vn 0.7398 0.5563 -0.3784
vn 0.5123 0.7478 -0.4223
vn 0.6571 0.5391 -0.5268
vn 0.4478 0.7255 -0.5226
vn 0.5655 0.5193 -0.6408
vn 0.3790 0.7049 -0.5996
vn 0.4726 0.5011 -0.7250
vn 0.3078 0.6888 -0.6563
vn 0.3808 0.4869 -0.7861
vn 0.2344 0.6787 -0.6961
vn 0.2893 0.4779 -0.8294
vn 0.1581 0.6746 -0.7211
vn 0.1961 0.4742 -0.8583
vn 0.0783 0.6761 -0.7326
vn 0.0990 0.4754 -0.8742
vn 0.0194 0.6832 -0.7300
vn 0.0246 0.4823 -0.8757
vn 0.7822 -0.0003 -0.6230
vn 0.8914 -0.0003 -0.4532
vn 0.9708 -0.0002 -0.2401
vn 0.4383 0.0002 -0.8988
vn 0.5484 -0.0000 -0.8362
vn 0.6640 -0.0002 -0.7477
vn 0.1147 0.0006 -0.9934
vn 0.2250 0.0005 -0.9744
vn 0.3317 0.0004 -0.9434
vn 1.0000 -0.0000 -0.0045
vn 0.9753 0.0002 0.2207
vn 0.9121 0.0003 0.4100
vn 0.8311 0.0003 0.5561
vn 0.7465 0.0001 0.6654
vn 0.6639 -0.0000 0.7478
vn 0.5837 -0.0002 0.8120
vn 0.5033 -0.0003 0.8641
vn 0.4190 -0.0005 0.9080
vn 0.3265 -0.0005 0.9452
vn 0.2497 0.0001 0.9683
vn 0.1921 0.5078 0.8398
vn 0.1523 0.7263 0.6703
vn 0.2228 0.0006 0.9749
vn 0.9753 0.0001 0.2207
vn 0.9707 -0.0002 -0.2401
vn 0.0282 -0.0000 -0.9996
vn -0.0011 -0.0007 -1.0000
vn -0.0039 0.5330 -0.8461
vn -0.0057 0.7365 -0.6765
vn 0.0992 -0.4748 -0.8745
vn 0.0785 -0.6780 -0.7308
vn 0.0217 -0.4823 -0.8757
vn 0.0155 -0.6832 -0.7301
vn 0.1584 -0.6763 -0.7194
vn 0.1963 -0.4737 -0.8585
vn 0.2347 -0.6800 -0.6947
vn 0.2896 -0.4776 -0.8295
vn 0.3081 -0.6896 -0.6554
vn 0.3811 -0.4868 -0.7860
vn 0.3794 -0.7050 -0.5992
vn 0.4729 -0.5011 -0.7247
vn 0.4483 -0.7251 -0.5228
vn 0.5656 -0.5195 -0.6404
vn 0.5130 -0.7470 -0.4229
vn 0.6571 -0.5394 -0.5266
vn 0.5692 -0.7662 -0.2982
vn 0.7397 -0.5565 -0.3784
vn 0.6108 -0.7770 -0.1525
vn 0.8003 -0.5659 -0.1984
vn 0.6320 -0.7749 0.0034
vn 0.8259 -0.5638 -0.0020
vn 0.6313 -0.7599 0.1550
vn 0.8137 -0.5503 0.1873
vn 0.6116 -0.7360 0.2903
vn 0.7727 -0.5290 0.3508
vn 0.5784 -0.7090 0.4034
vn 0.7158 -0.5050 0.4822
vn 0.5365 -0.6841 0.4942
vn 0.6523 -0.4830 0.5841
vn 0.4887 -0.6645 0.5654
vn 0.5863 -0.4658 0.6628
vn 0.4362 -0.6518 0.6204
vn 0.5187 -0.4547 0.7240
vn 0.3788 -0.6466 0.6621
vn 0.4482 -0.4501 0.7724
vn 0.3156 -0.6489 0.6924
vn 0.3725 -0.4519 0.8106
vn 0.2451 -0.6579 0.7121
vn 0.2889 -0.4598 0.8397
vn 0.1869 -0.6713 0.7173
vn 0.2205 -0.4721 0.8535
vn 0.3265 -0.0006 0.9452
vn 0.7822 -0.0003 -0.6231
vn 0.2251 0.0005 -0.9743
vn -0.0008 -0.5336 -0.8457
vn -0.0016 -0.7347 -0.6784
vn -0.0010 -0.0007 -1.0000
vn 0.1893 -0.5075 0.8406
vn 0.1480 -0.7284 0.6690
vn -0.7956 -0.0000 -0.6058
vn -0.7476 0.2721 -0.6058
vn -0.4818 -0.0000 -0.8763
vn -0.4527 0.1648 -0.8763
vn -0.6095 0.5114 -0.6058
vn -0.3691 0.3097 -0.8763
vn -0.3978 0.6890 -0.6058
vn -0.2409 0.4173 -0.8763
vn -0.1382 0.7835 -0.6058
vn -0.0837 0.4745 -0.8763
vn 0.1381 0.7835 -0.6058
vn 0.0837 0.4745 -0.8763
vn 0.3978 0.6890 -0.6058
vn 0.2409 0.4173 -0.8763
vn 0.6095 0.5114 -0.6058
vn 0.3691 0.3097 -0.8763
vn 0.7476 0.2721 -0.6058
vn 0.4528 0.1648 -0.8763
vn 0.7956 -0.0000 -0.6058
vn 0.4818 -0.0000 -0.8763
vn 0.7476 -0.2721 -0.6058
vn 0.4528 -0.1648 -0.8763
vn 0.6094 -0.5114 -0.6059
vn 0.3691 -0.3097 -0.8763
vn 0.3978 -0.6890 -0.6058
vn 0.2409 -0.4173 -0.8763
vn 0.1382 -0.7835 -0.6058
vn 0.0837 -0.4745 -0.8763
vn -0.1382 -0.7835 -0.6058
vn -0.0837 -0.4745 -0.8763
vn -0.3978 -0.6890 -0.6058
vn -0.2409 -0.4173 -0.8763
vn -0.6095 -0.5114 -0.6058
vn -0.3691 -0.3097 -0.8763
vn -0.7476 -0.2721 -0.6058
vn -0.4528 -0.1648 -0.8763
vn -0.9996 -0.0000 -0.0280
vn -0.9393 0.3419 -0.0280
vn -0.9954 -0.0000 -0.0955
vn -0.9354 0.3405 -0.0955
vn -0.7657 0.6425 -0.0280
vn -0.7625 0.6399 -0.0955
vn -0.4998 0.8657 -0.0280
vn -0.4977 0.8621 -0.0955
vn -0.1736 0.9844 -0.0280
vn -0.1729 0.9803 -0.0955
vn 0.1736 0.9844 -0.0280
vn 0.1729 0.9803 -0.0955
vn 0.4998 0.8657 -0.0280
vn 0.4977 0.8621 -0.0955
vn 0.7657 0.6425 -0.0280
vn 0.7625 0.6399 -0.0955
vn 0.9393 0.3419 -0.0280
vn 0.9354 0.3405 -0.0955
vn 0.9996 -0.0000 -0.0280
vn 0.9954 -0.0000 -0.0955
vn -0.4987 0.8637 0.0729
vn -0.7640 0.6411 0.0729
vn -0.9372 0.3411 0.0729
vn -0.9973 -0.0000 0.0729
vn 0.7640 0.6411 0.0729
vn 0.4987 0.8637 0.0729
vn 0.9372 0.3411 0.0729
vn 0.9973 -0.0000 0.0729
vn -0.9254 0.3368 0.1740
vn -0.9847 -0.0000 0.1740
vn -0.7544 0.6330 0.1740
vn -0.4924 0.8528 0.1740
vn -0.1710 0.9698 0.1740
vn -0.1732 0.9822 0.0729
vn 0.1710 0.9698 0.1740
vn 0.1732 0.9822 0.0729
vn 0.4924 0.8528 0.1740
vn 0.7544 0.6330 0.1740
vn 0.9254 0.3368 0.1740
vn 0.9847 -0.0000 0.1740
vn 0.4598 0.7965 0.3927
vn 0.1597 0.9057 0.3927
vn 0.7045 0.5911 0.3927
vn 0.8642 0.3145 0.3927
vn 0.9197 -0.0000 0.3927
vn 0.3264 0.5653 0.7576
vn 0.1133 0.6428 0.7576
vn -0.1597 0.9057 0.3927
vn -0.4598 0.7965 0.3927
vn -0.7045 0.5911 0.3927
vn -0.8642 0.3145 0.3927
vn -0.9197 -0.0000 0.3927
vn -0.6134 0.2233 0.7576
vn -0.6527 -0.0000 0.7576
vn -0.5000 0.4196 0.7576
vn -0.3264 0.5653 0.7576
vn -0.1133 0.6428 0.7576
vn 0.9393 -0.3419 -0.0280
vn 0.9354 -0.3405 -0.0955
vn 0.7657 -0.6425 -0.0280
vn 0.7625 -0.6399 -0.0955
vn 0.4998 -0.8657 -0.0280
vn 0.4977 -0.8621 -0.0955
vn 0.1736 -0.9844 -0.0280
vn 0.1729 -0.9803 -0.0955
vn -0.1736 -0.9844 -0.0280
vn -0.1729 -0.9803 -0.0955
vn -0.4998 -0.8657 -0.0280
vn -0.4977 -0.8621 -0.0955
vn -0.7657 -0.6425 -0.0280
vn -0.7625 -0.6399 -0.0955
vn -0.9393 -0.3419 -0.0280
vn -0.9354 -0.3404 -0.0955
vn 0.4987 -0.8637 0.0729
vn 0.7640 -0.6411 0.0729
vn 0.9372 -0.3411 0.0729
vn -0.7640 -0.6411 0.0729
vn -0.4987 -0.8637 0.0729
vn -0.9372 -0.3411 0.0729
vn 0.9254 -0.3368 0.1740
vn 0.7544 -0.6330 0.1740
vn 0.4924 -0.8528 0.1740
vn 0.1710 -0.9698 0.1740
vn 0.1732 -0.9822 0.0729
vn -0.1710 -0.9698 0.1740
vn -0.1732 -0.9822 0.0729
vn -0.4924 -0.8528 0.1740
vn -0.7543 -0.6330 0.1740
vn -0.9254 -0.3368 0.1740
vn -0.4598 -0.7965 0.3927
vn -0.1597 -0.9057 0.3927
vn -0.7045 -0.5912 0.3927
vn -0.8642 -0.3145 0.3927
vn -0.3264 -0.5653 0.7576
vn -0.1133 -0.6428 0.7576
vn 0.1597 -0.9057 0.3927
vn 0.4598 -0.7965 0.3927
vn 0.7045 -0.5912 0.3927
vn 0.8642 -0.3145 0.3927
vn 0.6134 -0.2233 0.7576
vn 0.6528 -0.0000 0.7576
vn 0.5001 -0.4196 0.7576
vn 0.3264 -0.5653 0.7576
vn 0.1134 -0.6428 0.7576
vn 0.5000 0.4196 0.7576
vn 0.6134 0.2233 0.7576
vn -0.5000 -0.4196 0.7576
vn -0.6134 -0.2233 0.7576
vn -0.6134 0.2232 0.7576
vn 0.6134 0.2232 0.7576
vn 0.6527 -0.0000 0.7576
vn 0.6134 -0.2232 0.7576
vn 0.5000 -0.4196 0.7576
vn -0.1134 -0.6428 0.7576
vn -0.4528 0.1648 -0.8763
vn -0.6095 0.5114 -0.6057
vn -0.1381 0.7835 -0.6058
vn 0.6095 -0.5114 -0.6058
vn -0.2409 -0.4172 -0.8763
vn 0.7625 0.6398 -0.0955
vn 0.4599 0.7965 0.3927
vn 0.8642 0.3146 0.3927
vn 0.1134 0.6428 0.7576
vn -0.4599 0.7965 0.3927
vn -0.7045 0.5912 0.3927
vn -0.8642 0.3146 0.3927
vn -0.6528 -0.0000 0.7575
vn -0.1134 0.6428 0.7576
vn 0.7625 -0.6398 -0.0955
vn -0.7658 -0.6425 -0.0280
vn -0.9354 -0.3405 -0.0955
vn -0.7544 -0.6330 0.1740
vn -0.4599 -0.7965 0.3927
vn -0.8642 -0.3146 0.3927
vn 0.4599 -0.7965 0.3927
vn 0.8642 -0.3146 0.3927
vn 0.1133 -0.6428 0.7576
vn -0.5001 -0.4196 0.7576
vn -0.6134 -0.2232 0.7576
vn 0.3917 0.1800 -0.9023
vn 0.5812 0.1569 -0.7985
vn 0.4030 0.0453 -0.9141
vn 0.5905 0.0365 -0.8062
vn 0.5639 0.3071 -0.7666
vn 0.3791 0.3437 -0.8592
vn 0.5456 0.4357 -0.7158
vn 0.3661 0.4815 -0.7963
vn 0.5296 0.5440 -0.6508
vn 0.3548 0.5964 -0.7200
vn 0.5172 0.6352 -0.5736
vn 0.3463 0.6927 -0.6327
vn 0.5086 0.7117 -0.4845
vn 0.3403 0.7739 -0.5341
vn 0.5027 0.7746 -0.3838
vn 0.3362 0.8411 -0.4237
vn 0.4981 0.8233 -0.2722
vn 0.3330 0.8933 -0.3019
vn 0.4937 0.8561 -0.1527
vn 0.3296 0.9284 -0.1714
vn 0.4884 0.8721 -0.0298
vn 0.3255 0.9448 -0.0371
vn 0.4823 0.8712 0.0913
vn 0.3209 0.9423 0.0951
vn 0.4764 0.8548 0.2058
vn 0.3164 0.9228 0.2198
vn 0.4720 0.8249 0.3110
vn 0.3132 0.8890 0.3341
vn 0.4704 0.7836 0.4058
vn 0.3122 0.8434 0.4372
vn 0.4732 0.7317 0.4907
vn 0.3145 0.7875 0.5301
vn 0.4811 0.6689 0.5666
vn 0.3207 0.7208 0.6145
vn 0.4948 0.5939 0.6344
vn 0.3313 0.6416 0.6919
vn 0.5145 0.5037 0.6940
vn 0.3463 0.5462 0.7627
vn 0.5395 0.3951 0.7435
vn 0.3655 0.4303 0.8254
vn 0.5709 0.2541 0.7807
vn 0.3870 0.2726 0.8808
vn -0.0001 0.9360 0.3519
vn -0.0001 0.9728 0.2318
vn -0.0000 0.9950 0.1002
vn 0.0002 0.7616 0.6481
vn 0.0001 0.8298 0.5580
vn -0.0000 0.8879 0.4601
vn 0.0006 0.4636 0.8860
vn 0.0005 0.5835 0.8121
vn 0.0004 0.6808 0.7324
vn 0.0001 0.9992 -0.0397
vn 0.0003 0.9832 -0.1824
vn 0.0003 0.9470 -0.3213
vn 0.0003 0.8925 -0.4510
vn 0.0002 0.8225 -0.5688
vn -0.0000 0.7381 -0.6747
vn -0.0003 0.6381 -0.7700
vn -0.0005 0.5184 -0.8551
vn -0.0008 0.3732 -0.9277
vn -0.0009 0.1983 -0.9801
vn -0.0003 0.0533 -0.9986
vn 0.3401 0.0038 -0.9404
vn 0.6356 0.0024 -0.7720
vn 0.0002 0.0039 -1.0000
vn 0.0015 0.2958 0.9552
vn 0.0009 0.1974 0.9803
vn 0.1881 0.1961 0.9624
vn 0.6378 0.1462 0.7562
vn 1.0000 -0.0000 -0.0000
vn 1.0000 -0.0040 0.0036
vn 0.9999 -0.0107 -0.0000
vn 0.9999 -0.0105 0.0050
vn 0.9999 -0.0014 0.0113
vn 0.1291 -0.4059 -0.9047
vn 0.1050 -0.5973 -0.7951
vn 0.0296 -0.4056 -0.9136
vn 0.0216 -0.5941 -0.8041
vn 0.2190 -0.6068 -0.7641
vn 0.2596 -0.4142 -0.8724
vn 0.3321 -0.6214 -0.7096
vn 0.3904 -0.4264 -0.8159
vn 0.4438 -0.6390 -0.6283
vn 0.5217 -0.4408 -0.7304
vn 0.5505 -0.6548 -0.5179
vn 0.6492 -0.4534 -0.6107
vn 0.6451 -0.6622 -0.3812
vn 0.7617 -0.4593 -0.4570
vn 0.7189 -0.6559 -0.2302
vn 0.8450 -0.4546 -0.2817
vn 0.7675 -0.6357 -0.0829
vn 0.8920 -0.4389 -0.1082
vn 0.7936 -0.6067 0.0456
vn 0.9083 -0.4162 0.0425
vn 0.8034 -0.5761 0.1503
vn 0.9054 -0.3923 0.1624
vn 0.8024 -0.5492 0.2337
vn 0.8927 -0.3715 0.2552
vn 0.7930 -0.5289 0.3022
vn 0.8744 -0.3562 0.3295
vn 0.7758 -0.5167 0.3622
vn 0.8509 -0.3471 0.3942
vn 0.7493 -0.5129 0.4188
vn 0.8204 -0.3443 0.4565
vn 0.7112 -0.5175 0.4758
vn 0.7794 -0.3478 0.5212
vn 0.6578 -0.5301 0.5350
vn 0.7230 -0.3574 0.5912
vn 0.5843 -0.5502 0.5965
vn 0.6452 -0.3729 0.6669
vn 0.4851 -0.5764 0.6576
vn 0.5388 -0.3929 0.7452
vn 0.3556 -0.6059 0.7117
vn 0.3970 -0.4153 0.8185
vn 0.1938 -0.6341 0.7486
vn 0.2151 -0.4357 0.8740
vn 0.9070 0.0001 0.4212
vn 0.9353 0.0004 0.3539
vn 0.9611 0.0006 0.2762
vn 0.9841 0.0007 0.1774
vn 0.6958 -0.0007 0.7182
vn 0.7745 -0.0006 0.6326
vn 0.8314 -0.0004 0.5557
vn 0.8737 -0.0002 0.4865
vn 0.9989 0.0006 0.0462
vn 0.9924 0.0003 -0.1227
vn 0.9475 -0.0001 -0.3197
vn 0.9841 0.0008 0.1774
vn 0.8555 -0.0005 -0.5178
vn 0.7261 -0.0006 -0.6876
vn 0.5795 -0.0004 -0.8150
vn 0.4309 -0.0001 -0.9024
vn 0.2857 0.0003 -0.9583
vn 0.1430 0.0005 -0.9897
vn 0.0353 0.0001 -0.9994
vn 0.0009 -0.4256 -0.9049
vn 0.0013 -0.6162 -0.7876
vn 0.0002 -0.0683 -0.9977
vn 0.5862 -0.0006 0.8101
vn 0.4363 -0.0005 0.8998
vn 0.2403 -0.0020 0.9707
vn -0.0020 -0.1003 0.9950
vn -0.0006 -0.4526 0.8917
vn -0.0008 -0.6570 0.7539
vn 0.0005 -0.9998 0.0222
vn 0.0002 -0.9997 0.0247
vn 0.0054 -1.0000 0.0040
vn -0.0000 -0.9997 0.0259
vn 0.0001 -0.9997 0.0255
vn 0.0009 -0.9997 0.0234
vn 0.0024 -0.9998 0.0198
vn 0.0049 -0.9999 0.0153
vn 0.0081 -0.9999 0.0104
vn 0.0117 -0.9999 0.0058
vn 0.0153 -0.9999 0.0020
vn 0.0184 -0.9998 -0.0006
vn 0.0205 -0.9998 -0.0021
vn 0.0212 -0.9998 -0.0025
vn 0.0204 -0.9998 -0.0022
vn 0.0183 -0.9998 -0.0016
vn 0.0150 -0.9999 -0.0008
vn 0.0112 -0.9999 -0.0002
vn 0.0072 -1.0000 0.0001
vn 0.0035 -1.0000 0.0002
vn 0.0011 -1.0000 0.0001
vn 0.0003 -1.0000 -0.0000
vn 0.0002 -1.0000 -0.0000
vn 0.3970 0.4147 0.8188
vn 0.3541 0.6081 0.7105
vn 0.2209 0.4342 0.8733
vn 0.1995 0.6339 0.7472
vn 0.4835 0.5791 0.6564
vn 0.5390 0.3921 0.7454
vn 0.5828 0.5529 0.5955
vn 0.6456 0.3720 0.6670
vn 0.6567 0.5325 0.5340
vn 0.7234 0.3566 0.5912
vn 0.7106 0.5194 0.4747
vn 0.7798 0.3471 0.5210
vn 0.7492 0.5140 0.4178
vn 0.8208 0.3439 0.4561
vn 0.7761 0.5168 0.3614
vn 0.8512 0.3472 0.3937
vn 0.7939 0.5278 0.3020
vn 0.8744 0.3567 0.3288
vn 0.8038 0.5469 0.2342
vn 0.8925 0.3724 0.2544
vn 0.8054 0.5731 0.1513
vn 0.9050 0.3933 0.1619
vn 0.7957 0.6039 0.0469
vn 0.9079 0.4170 0.0426
vn 0.7690 0.6340 -0.0818
vn 0.8919 0.4392 -0.1076
vn 0.7193 0.6559 -0.2291
vn 0.8452 0.4545 -0.2810
vn 0.6445 0.6635 -0.3800
vn 0.7620 0.4591 -0.4567
vn 0.5496 0.6564 -0.5168
vn 0.6493 0.4530 -0.6110
vn 0.4429 0.6402 -0.6277
vn 0.5215 0.4404 -0.7309
vn 0.3313 0.6216 -0.7098
vn 0.3899 0.4263 -0.8162
vn 0.2182 0.6058 -0.7651
vn 0.2590 0.4144 -0.8725
vn 0.1042 0.5952 -0.7968
vn 0.1287 0.4064 -0.9046
vn 0.0246 0.5941 -0.8040
vn 0.0318 0.4059 -0.9134
vn 0.0353 0.0002 -0.9994
vn -0.0022 0.3370 -0.9415
vn -0.0045 0.6198 -0.7848
vn 0.2403 -0.0021 0.9707
vn 0.4363 -0.0006 0.8998
vn 0.5862 -0.0007 0.8101
vn -0.0036 0.9999 -0.0156
vn -0.0042 0.9998 -0.0169
vn 0.0029 1.0000 -0.0020
vn -0.0048 0.9998 -0.0180
vn -0.0049 0.9998 -0.0182
vn -0.0041 0.9998 -0.0171
vn -0.0019 0.9999 -0.0147
vn 0.0023 0.9999 -0.0106
vn 0.0080 1.0000 -0.0055
vn 0.0148 0.9999 0.0001
vn 0.0211 0.9998 0.0049
vn 0.0255 0.9996 0.0080
vn 0.0272 0.9996 0.0091
vn 0.0262 0.9996 0.0086
vn 0.0234 0.9997 0.0071
vn 0.0195 0.9998 0.0053
vn 0.0151 0.9999 0.0036
vn 0.0108 0.9999 0.0021
vn 0.0069 1.0000 0.0011
vn 0.0035 1.0000 0.0004
vn 0.0011 1.0000 0.0001
vn 0.0003 1.0000 -0.0000
vn 0.1105 0.6063 0.7876
vn 0.1252 0.2870 0.9497
vn -0.3646 0.4307 0.8256
vn -0.5422 0.3941 0.7421
vn -0.3883 0.2721 0.8805
vn -0.5721 0.2503 0.7810
vn -0.5166 0.5030 0.6929
vn -0.3456 0.5467 0.7627
vn -0.4964 0.5934 0.6336
vn -0.3307 0.6420 0.6917
vn -0.4821 0.6688 0.5660
vn -0.3203 0.7211 0.6143
vn -0.4736 0.7317 0.4903
vn -0.3143 0.7877 0.5299
vn -0.4705 0.7837 0.4056
vn -0.3122 0.8435 0.4371
vn -0.4717 0.8251 0.3110
vn -0.3132 0.8890 0.3341
vn -0.4763 0.8548 0.2060
vn -0.3165 0.9228 0.2199
vn -0.4825 0.8711 0.0915
vn -0.3208 0.9423 0.0952
vn -0.4890 0.8718 -0.0295
vn -0.3253 0.9449 -0.0368
vn -0.4948 0.8555 -0.1524
vn -0.3292 0.9286 -0.1712
vn -0.4996 0.8225 -0.2720
vn -0.3325 0.8935 -0.3019
vn -0.5041 0.7738 -0.3836
vn -0.3358 0.8412 -0.4239
vn -0.5095 0.7110 -0.4847
vn -0.3401 0.7738 -0.5344
vn -0.5173 0.6347 -0.5740
vn -0.3463 0.6924 -0.6330
vn -0.5286 0.5439 -0.6517
vn -0.3552 0.5958 -0.7203
vn -0.5435 0.4360 -0.7173
vn -0.3668 0.4809 -0.7964
vn -0.5608 0.3076 -0.7687
vn -0.3801 0.3431 -0.8590
vn -0.5776 0.1575 -0.8010
vn -0.3928 0.1797 -0.9019
vn -0.5895 0.0408 -0.8067
vn -0.4031 0.0481 -0.9139
vn 0.0002 0.9832 -0.1824
vn -0.0003 0.6381 -0.7699
vn -0.0006 0.5184 -0.8551
vn -0.0000 0.9728 0.2318
vn -0.0000 0.9360 0.3519
vn 0.0005 0.5834 0.8122
vn 0.0015 0.2958 0.9553
vn -0.1991 0.1901 0.9614
vn -0.6333 0.1507 0.7591
vn 0.0001 0.9950 0.1002
vn -0.0003 0.0532 -0.9986
vn 0.0001 0.0039 -1.0000
vn -0.3409 0.0022 -0.9401
vn -0.6391 -0.0011 -0.7691
vn -1.0000 -0.0000 -0.0000
vn -1.0000 -0.0061 0.0042
vn -1.0000 -0.0007 -0.0000
vn -1.0000 -0.0075 0.0049
vn -0.9998 -0.0154 0.0113
vn -0.3970 -0.4146 0.8188
vn -0.3541 -0.6081 0.7105
vn -0.2137 -0.4357 0.8744
vn -0.1915 -0.6349 0.7485
vn -0.4835 -0.5791 0.6564
vn -0.5390 -0.3921 0.7454
vn -0.5828 -0.5530 0.5955
vn -0.6456 -0.3720 0.6670
vn -0.6567 -0.5325 0.5340
vn -0.7234 -0.3566 0.5912
vn -0.7106 -0.5194 0.4747
vn -0.7798 -0.3471 0.5210
vn -0.7492 -0.5140 0.4178
vn -0.8208 -0.3439 0.4561
vn -0.7761 -0.5168 0.3614
vn -0.8512 -0.3472 0.3937
vn -0.7939 -0.5278 0.3020
vn -0.8744 -0.3568 0.3288
vn -0.8038 -0.5469 0.2342
vn -0.8925 -0.3724 0.2544
vn -0.8054 -0.5731 0.1513
vn -0.9050 -0.3933 0.1619
vn -0.7957 -0.6039 0.0469
vn -0.9079 -0.4170 0.0426
vn -0.7690 -0.6340 -0.0818
vn -0.8919 -0.4392 -0.1076
vn -0.7193 -0.6559 -0.2291
vn -0.8452 -0.4545 -0.2810
vn -0.6445 -0.6635 -0.3800
vn -0.7620 -0.4591 -0.4567
vn -0.5496 -0.6564 -0.5168
vn -0.6493 -0.4530 -0.6110
vn -0.4429 -0.6402 -0.6277
vn -0.5215 -0.4404 -0.7309
vn -0.3313 -0.6216 -0.7098
vn -0.3899 -0.4263 -0.8162
vn -0.2182 -0.6058 -0.7651
vn -0.2590 -0.4144 -0.8725
vn -0.1042 -0.5952 -0.7968
vn -0.1287 -0.4064 -0.9046
vn -0.0247 -0.5939 -0.8041
vn -0.0319 -0.4059 -0.9134
vn -0.9475 0.0001 -0.3197
vn -0.8555 0.0005 -0.5179
vn -0.7261 0.0006 -0.6876
vn -0.5795 0.0004 -0.8150
vn -0.4309 0.0001 -0.9024
vn -0.2857 -0.0002 -0.9583
vn -0.1430 -0.0005 -0.9897
vn -0.0352 -0.0001 -0.9994
vn 0.0011 -0.4255 -0.9050
vn -0.2376 0.0001 0.9714
vn -0.4363 0.0006 0.8998
vn -0.5862 0.0007 0.8101
vn -0.6958 0.0007 0.7182
vn -0.7745 0.0006 0.6326
vn -0.8314 0.0004 0.5557
vn -0.8737 0.0002 0.4865
vn -0.9070 -0.0001 0.4212
vn -0.9353 -0.0003 0.3539
vn -0.9611 -0.0006 0.2762
vn -0.9841 -0.0007 0.1774
vn -0.9989 -0.0006 0.0462
vn -0.9924 -0.0003 -0.1227
vn -0.9475 0.0002 -0.3197
vn 0.0036 -0.9999 -0.0156
vn 0.0042 -0.9998 -0.0170
vn -0.0029 -1.0000 -0.0020
vn 0.0048 -0.9998 -0.0180
vn 0.0049 -0.9998 -0.0181
vn 0.0041 -0.9998 -0.0171
vn 0.0019 -0.9999 -0.0147
vn -0.0023 -0.9999 -0.0106
vn -0.0080 -1.0000 -0.0055
vn -0.0148 -0.9999 0.0001
vn -0.0211 -0.9998 0.0049
vn -0.0255 -0.9996 0.0080
vn -0.0271 -0.9996 0.0091
vn -0.0262 -0.9996 0.0086
vn -0.0234 -0.9997 0.0071
vn -0.0195 -0.9998 0.0053
vn -0.0151 -0.9999 0.0036
vn -0.0108 -0.9999 0.0021
vn -0.0069 -1.0000 0.0011
vn -0.0035 -1.0000 0.0004
vn -0.0011 -1.0000 0.0001
vn 0.0001 -1.0000 -0.0000
vn -0.0003 -1.0000 -0.0000
vn -0.0005 -0.4526 0.8917
vn -0.1291 0.4059 -0.9047
vn -0.1050 0.5973 -0.7951
vn -0.0295 0.4057 -0.9135
vn -0.0213 0.5941 -0.8041
vn -0.2190 0.6068 -0.7641
vn -0.2596 0.4142 -0.8724
vn -0.3321 0.6214 -0.7096
vn -0.3904 0.4264 -0.8159
vn -0.4438 0.6390 -0.6283
vn -0.5218 0.4408 -0.7304
vn -0.5505 0.6547 -0.5179
vn -0.6492 0.4534 -0.6107
vn -0.6451 0.6622 -0.3812
vn -0.7617 0.4593 -0.4570
vn -0.7189 0.6559 -0.2302
vn -0.8450 0.4546 -0.2817
vn -0.7675 0.6357 -0.0829
vn -0.8920 0.4389 -0.1082
vn -0.7936 0.6067 0.0457
vn -0.9083 0.4162 0.0425
vn -0.8035 0.5761 0.1503
vn -0.9054 0.3923 0.1624
vn -0.8024 0.5491 0.2337
vn -0.8927 0.3715 0.2552
vn -0.7930 0.5289 0.3022
vn -0.8744 0.3562 0.3295
vn -0.7758 0.5167 0.3622
vn -0.8509 0.3471 0.3942
vn -0.7493 0.5129 0.4188
vn -0.8204 0.3443 0.4565
vn -0.7112 0.5175 0.4758
vn -0.7794 0.3478 0.5212
vn -0.6578 0.5301 0.5350
vn -0.7230 0.3574 0.5912
vn -0.5843 0.5502 0.5965
vn -0.6452 0.3729 0.6669
vn -0.4851 0.5764 0.6576
vn -0.5388 0.3930 0.7452
vn -0.3556 0.6058 0.7117
vn -0.3970 0.4153 0.8185
vn -0.1988 0.6316 0.7493
vn -0.2178 0.4341 0.8742
vn -0.9353 -0.0004 0.3539
vn -0.9841 -0.0008 0.1774
vn -0.8555 0.0005 -0.5178
vn -0.2857 -0.0003 -0.9583
vn -0.0353 -0.0001 -0.9994
vn 0.0003 0.3360 -0.9419
vn 0.0012 0.6166 -0.7873
vn -0.5862 0.0006 0.8101
vn -0.4363 0.0005 0.8998
vn -0.1346 0.2782 0.9511
vn -0.1172 0.6001 0.7913
vn -0.0005 0.9998 0.0222
vn -0.0002 0.9997 0.0247
vn -0.0054 1.0000 0.0040
vn -0.0000 0.9997 0.0259
vn -0.0001 0.9997 0.0255
vn -0.0009 0.9997 0.0234
vn -0.0024 0.9998 0.0198
vn -0.0049 0.9999 0.0153
vn -0.0081 0.9999 0.0104
vn -0.0117 0.9999 0.0058
vn -0.0153 0.9999 0.0020
vn -0.0184 0.9998 -0.0006
vn -0.0205 0.9998 -0.0021
vn -0.0212 0.9998 -0.0025
vn -0.0204 0.9998 -0.0022
vn -0.0183 0.9998 -0.0016
vn -0.0150 0.9999 -0.0008
vn -0.0112 0.9999 -0.0002
vn -0.0072 1.0000 0.0001
vn -0.0035 1.0000 0.0002
vn -0.0011 1.0000 0.0001
vn -0.0003 1.0000 -0.0000
vt 0.513187 0.533965
vt 0.502578 0.532907
vt 0.513188 0.478900
vt 0.492376 0.529774
vt 0.482974 0.524685
vt 0.474733 0.517837
vt 0.467970 0.509493
vt 0.462944 0.499972
vt 0.459850 0.489643
vt 0.458805 0.478900
vt 0.459850 0.468157
vt 0.462944 0.457828
vt 0.467970 0.448308
vt 0.474733 0.439963
vt 0.482974 0.433115
vt 0.492376 0.428027
vt 0.502578 0.424893
vt 0.497839 0.557030
vt 0.483080 0.552497
vt 0.469479 0.545135
vt 0.457557 0.535229
vt 0.447773 0.523157
vt 0.440502 0.509385
vt 0.436025 0.494441
vt 0.434514 0.478900
vt 0.436025 0.463359
vt 0.440502 0.448415
vt 0.447773 0.434643
vt 0.457557 0.422571
vt 0.469479 0.412665
vt 0.483080 0.405303
vt 0.497839 0.400770
vt 0.513188 0.399239
vt 0.513188 0.423835
vt 0.523797 0.424893
vt 0.533999 0.428027
vt 0.543401 0.433115
vt 0.551642 0.439963
vt 0.558405 0.448308
vt 0.563431 0.457828
vt 0.566526 0.468157
vt 0.567570 0.478900
vt 0.566525 0.489643
vt 0.563431 0.499973
vt 0.558405 0.509493
vt 0.551642 0.517837
vt 0.543401 0.524685
vt 0.533999 0.529774
vt 0.523797 0.532907
vt 0.543295 0.405303
vt 0.528536 0.400770
vt 0.556896 0.412665
vt 0.568818 0.422571
vt 0.578603 0.434643
vt 0.585873 0.448415
vt 0.590350 0.463359
vt 0.591861 0.478900
vt 0.590350 0.494441
vt 0.585873 0.509385
vt 0.578602 0.523157
vt 0.568818 0.535229
vt 0.556896 0.545135
vt 0.543294 0.552497
vt 0.528536 0.557030
vt 0.513187 0.558561
vt 0.492087 0.584981
vt 0.513187 0.587059
vt 0.471797 0.578826
vt 0.453098 0.568831
vt 0.436708 0.555380
vt 0.423257 0.538990
vt 0.413262 0.520291
vt 0.407107 0.500001
vt 0.405029 0.478900
vt 0.407107 0.457799
vt 0.413262 0.437509
vt 0.423257 0.418810
vt 0.436708 0.402420
vt 0.453098 0.388969
vt 0.471797 0.378974
vt 0.492087 0.372819
vt 0.513188 0.370741
vt 0.534288 0.372819
vt 0.554578 0.378974
vt 0.573277 0.388969
vt 0.589667 0.402420
vt 0.603118 0.418810
vt 0.613113 0.437510
vt 0.619268 0.457799
vt 0.621346 0.478900
vt 0.619268 0.500001
vt 0.613113 0.520291
vt 0.603118 0.538990
vt 0.589667 0.555380
vt 0.573277 0.568831
vt 0.554578 0.578826
vt 0.534288 0.584981
vt 0.674454 0.461302
vt 0.709073 0.457644
vt 0.676463 0.478942
vt 0.709073 0.475430
vt 0.709073 0.436759
vt 0.668478 0.440798
vt 0.667599 0.439300
vt 0.709073 0.414581
vt 0.655416 0.419387
vt 0.641176 0.399019
vt 0.709073 0.388529
vt 0.635686 0.394119
vt 0.610239 0.371411
vt 0.709072 0.360376
vt 0.602884 0.366701
vt 0.602840 0.332636
vt 0.709073 0.328257
vt 0.602840 0.295637
vt 0.709073 0.293405
vt 0.602840 0.257160
vt 0.709072 0.257160
vt 0.602840 0.218683
vt 0.709073 0.220916
vt 0.602840 0.181685
vt 0.709073 0.186064
vt 0.602840 0.147587
vt 0.709073 0.153944
vt 0.602840 0.117700
vt 0.709073 0.125791
vt 0.602840 0.089686
vt 0.709073 0.099201
vt 0.602840 0.063044
vt 0.709073 0.073616
vt 0.602840 0.041463
vt 0.709073 0.052686
vt 0.602840 0.022524
vt 0.709073 0.033967
vt 0.482689 0.180206
vt 0.482689 0.217930
vt 0.482689 0.257160
vt 0.482689 0.296391
vt 0.482689 0.059474
vt 0.482689 0.086473
vt 0.482690 0.037673
vt 0.482690 0.018660
vt 0.364840 0.257160
vt 0.364840 0.295637
vt 0.457842 0.319672
vt 0.482689 0.321716
vt 0.417282 0.323007
vt 0.377975 0.332868
vt 0.364840 0.332636
vt 0.364840 0.338506
vt 0.364840 0.218683
vt 0.364840 0.181685
vt 0.364840 0.147587
vt 0.482689 0.145440
vt 0.482689 0.114968
vt 0.364840 0.117700
vt 0.364840 0.089686
vt 0.364840 0.063044
vt 0.364840 0.041462
vt 0.364840 0.022524
vt 0.272296 0.125791
vt 0.272296 0.153944
vt 0.272296 0.186064
vt 0.272296 0.220916
vt 0.272296 0.257160
vt 0.272296 0.293405
vt 0.272296 0.328257
vt 0.340134 0.349199
vt 0.317795 0.363502
vt 0.272296 0.360376
vt 0.305444 0.371410
vt 0.285014 0.389641
vt 0.272296 0.388529
vt 0.274507 0.399018
vt 0.272296 0.401723
vt 0.193614 0.375389
vt 0.193614 0.399130
vt 0.265315 0.413210
vt 0.253511 0.432660
vt 0.193614 0.419590
vt 0.193614 0.350052
vt 0.193614 0.321145
vt 0.193614 0.289780
vt 0.193614 0.257160
vt 0.193614 0.224541
vt 0.193614 0.193175
vt 0.193614 0.164268
vt 0.193614 0.138931
vt 0.193614 0.114652
vt 0.272296 0.099201
vt 0.272296 0.073616
vt 0.272296 0.052686
vt 0.272297 0.033967
vt 0.193614 0.090785
vt 0.193614 0.070912
vt 0.193614 0.052550
vt 0.130822 0.135445
vt 0.130822 0.156615
vt 0.130822 0.113889
vt 0.130822 0.095439
vt 0.130822 0.077558
vt 0.079290 0.160782
vt 0.079290 0.178162
vt 0.130822 0.178162
vt 0.130822 0.202746
vt 0.130822 0.229420
vt 0.130822 0.257160
vt 0.130822 0.284901
vt 0.130822 0.311575
vt 0.130822 0.336159
vt 0.130822 0.357706
vt 0.130822 0.378336
vt 0.130822 0.396486
vt 0.193614 0.439418
vt 0.130822 0.414891
vt 0.193614 0.456847
vt 0.245054 0.468995
vt 0.246833 0.451746
vt 0.130822 0.431838
vt 0.079290 0.385004
vt 0.079290 0.401366
vt 0.079290 0.368333
vt 0.079290 0.352999
vt 0.079290 0.336159
vt 0.079290 0.319229
vt 0.040998 0.336213
vt 0.040998 0.350906
vt 0.040998 0.366600
vt 0.040998 0.324092
vt 0.040998 0.311575
vt 0.040998 0.299914
vt 0.040998 0.286609
vt 0.079290 0.299914
vt 0.079290 0.278956
vt 0.079290 0.257160
vt 0.079290 0.235365
vt 0.079290 0.214407
vt 0.079290 0.195092
vt 0.040998 0.272173
vt 0.040998 0.257160
vt 0.040998 0.242147
vt 0.040998 0.227711
vt 0.040998 0.214407
vt 0.040998 0.202746
vt 0.040998 0.189689
vt 0.040998 0.174162
vt 0.079290 0.142042
vt 0.079290 0.125326
vt 0.079290 0.108031
vt 0.040998 0.159424
vt 0.040998 0.142797
vt 0.017418 0.242147
vt 0.017418 0.249507
vt 0.017418 0.257160
vt 0.017418 0.264814
vt 0.017418 0.272173
vt 0.017418 0.278956
vt 0.017418 0.284901
vt 0.017418 0.292726
vt 0.017418 0.301361
vt 0.017418 0.313907
vt 0.017418 0.328876
vt 0.709073 0.125792
vt 0.709073 0.153945
vt 0.602840 0.218684
vt 0.602840 0.257161
vt 0.709073 0.257161
vt 0.602840 0.295638
vt 0.709073 0.360377
vt 0.610240 0.371411
vt 0.709073 0.388530
vt 0.635687 0.394120
vt 0.655417 0.419387
vt 0.668478 0.440799
vt 0.663568 0.441500
vt 0.651911 0.420792
vt 0.635222 0.398153
vt 0.603362 0.370490
vt 0.573728 0.351823
vt 0.575550 0.349199
vt 0.536870 0.335629
vt 0.539093 0.333421
vt 0.537962 0.332931
vt 0.497664 0.325445
vt 0.498402 0.323008
vt 0.482292 0.323902
vt 0.482690 0.321716
vt 0.457597 0.322106
vt 0.417786 0.325336
vt 0.417283 0.323007
vt 0.378903 0.335124
vt 0.365760 0.340597
vt 0.341455 0.351294
vt 0.319262 0.365391
vt 0.307464 0.373277
vt 0.287308 0.391610
vt 0.285014 0.389642
vt 0.276956 0.401417
vt 0.272297 0.401723
vt 0.269162 0.414371
vt 0.257685 0.433230
vt 0.253512 0.432660
vt 0.252159 0.449206
vt 0.248085 0.449613
vt 0.249823 0.467406
vt 0.539092 0.333420
vt 0.498401 0.323007
vt 0.482690 0.059475
vt 0.482690 0.086474
vt 0.482690 0.114968
vt 0.482690 0.145441
vt 0.482690 0.180207
vt 0.482690 0.217930
vt 0.482690 0.257161
vt 0.482690 0.296392
vt 0.364840 0.218684
vt 0.364840 0.257161
vt 0.364840 0.295638
vt 0.272297 0.220916
vt 0.272297 0.186064
vt 0.364840 0.041463
vt 0.272297 0.052686
vt 0.272297 0.073616
vt 0.272297 0.099201
vt 0.272297 0.125792
vt 0.272297 0.153945
vt 0.193614 0.138932
vt 0.193614 0.164269
vt 0.193614 0.193176
vt 0.193614 0.257161
vt 0.272297 0.257161
vt 0.272297 0.293405
vt 0.272297 0.328257
vt 0.272297 0.360377
vt 0.272297 0.388530
vt 0.193614 0.321146
vt 0.193614 0.350053
vt 0.193614 0.375390
vt 0.130822 0.257161
vt 0.130822 0.178163
vt 0.130822 0.135446
vt 0.079290 0.160783
vt 0.079290 0.257161
vt 0.130822 0.311576
vt 0.193614 0.439419
vt 0.040998 0.286610
vt 0.040998 0.272174
vt 0.040998 0.257161
vt 0.040998 0.242148
vt 0.040998 0.227712
vt 0.040998 0.189690
vt 0.017418 0.196423
vt 0.017418 0.180520
vt 0.017418 0.209014
vt 0.017418 0.221055
vt 0.017418 0.229420
vt 0.017418 0.235365
vt 0.017418 0.242148
vt 0.017418 0.272174
vt 0.017418 0.292727
vt 0.061374 0.097810
vt 0.053256 0.098610
vt 0.053256 0.056999
vt 0.069180 0.095442
vt 0.076374 0.091597
vt 0.082679 0.086422
vt 0.087854 0.080117
vt 0.091699 0.072923
vt 0.094067 0.065116
vt 0.094867 0.056999
vt 0.094067 0.048881
vt 0.091699 0.041075
vt 0.087854 0.033881
vt 0.082679 0.027575
vt 0.076373 0.022400
vt 0.069180 0.018555
vt 0.061374 0.016187
vt 0.053256 0.015388
vt 0.045138 0.016187
vt 0.037332 0.018555
vt 0.030138 0.022400
vt 0.023832 0.027575
vt 0.018658 0.033881
vt 0.014812 0.041075
vt 0.012444 0.048881
vt 0.011645 0.056999
vt 0.012444 0.065117
vt 0.014812 0.072923
vt 0.018658 0.080117
vt 0.023832 0.086422
vt 0.030138 0.091597
vt 0.037332 0.095442
vt 0.045138 0.097810
vt 0.257951 0.433230
vt 0.269155 0.414371
vt 0.276417 0.401417
vt 0.287308 0.391609
vt 0.319262 0.365390
vt 0.497663 0.325445
vt 0.536869 0.335629
vt 0.573727 0.351823
vt 0.603361 0.370490
vt 0.651910 0.420791
vt 0.663028 0.441500
vt 0.669503 0.459529
vt 0.670633 0.477073
vt 0.300310 0.991691
vt 0.300310 0.904324
vt 0.318673 0.993443
vt 0.318673 0.904324
vt 0.285446 0.904324
vt 0.285446 0.989202
vt 0.269644 0.904324
vt 0.269644 0.983113
vt 0.262424 0.904324
vt 0.262424 0.978714
vt 0.253843 0.904324
vt 0.253843 0.974402
vt 0.241415 0.904324
vt 0.241415 0.966343
vt 0.234702 0.904324
vt 0.234702 0.962876
vt 0.223240 0.904324
vt 0.223240 0.956679
vt 0.210778 0.904324
vt 0.210778 0.951976
vt 0.204133 0.904324
vt 0.204133 0.949570
vt 0.184510 0.904324
vt 0.184510 0.945267
vt 0.163499 0.904324
vt 0.163499 0.943847
vt 0.150472 0.904324
vt 0.150472 0.944637
vt 0.142441 0.904324
vt 0.142441 0.945315
vt 0.122554 0.904324
vt 0.122554 0.949793
vt 0.104265 0.904324
vt 0.104265 0.956912
vt 0.089495 0.904324
vt 0.089495 0.965118
vt 0.070163 0.904324
vt 0.070163 0.977279
vt 0.055764 0.904324
vt 0.055764 0.985936
vt 0.040422 0.904324
vt 0.040422 0.992837
vt 0.022858 0.904324
vt 0.022858 0.996229
vt 0.005552 0.904324
vt 0.005552 0.997692
vt 0.318842 0.993443
vt 0.318842 0.904324
vt 0.300484 0.991691
vt 0.300484 0.904324
vt 0.286052 0.989202
vt 0.286052 0.904324
vt 0.269824 0.983114
vt 0.269824 0.904324
vt 0.262137 0.978714
vt 0.262137 0.904324
vt 0.254031 0.974403
vt 0.254031 0.904324
vt 0.241602 0.966343
vt 0.241602 0.904324
vt 0.234889 0.962876
vt 0.234889 0.904324
vt 0.223427 0.956679
vt 0.223427 0.904324
vt 0.210965 0.951976
vt 0.210965 0.904324
vt 0.204320 0.949570
vt 0.204320 0.904324
vt 0.184697 0.945268
vt 0.184697 0.904324
vt 0.163686 0.943847
vt 0.163686 0.904324
vt 0.150659 0.944637
vt 0.150659 0.904324
vt 0.142628 0.945315
vt 0.142628 0.904324
vt 0.122741 0.949793
vt 0.122741 0.904324
vt 0.104451 0.956912
vt 0.104451 0.904324
vt 0.089682 0.965118
vt 0.089681 0.904324
vt 0.070350 0.977279
vt 0.070349 0.904324
vt 0.055951 0.985936
vt 0.055951 0.904324
vt 0.040530 0.992837
vt 0.040530 0.904324
vt 0.023044 0.996229
vt 0.023044 0.904324
vt 0.005739 0.997692
vt 0.005739 0.904324
vt 0.511046 0.964692
vt 0.506186 0.972187
vt 0.513559 0.957451
vt 0.513559 0.939479
vt 0.503036 0.975425
vt 0.498312 0.978952
vt 0.489568 0.983144
vt 0.484450 0.985090
vt 0.474823 0.987567
vt 0.374066 0.988588
vt 0.464280 0.989675
vt 0.458579 0.990481
vt 0.441712 0.991481
vt 0.424442 0.992032
vt 0.413729 0.992084
vt 0.407062 0.991873
vt 0.390055 0.990855
vt 0.464280 0.907252
vt 0.458579 0.906447
vt 0.441712 0.905447
vt 0.424442 0.904895
vt 0.413729 0.904843
vt 0.335094 0.931308
vt 0.335328 0.965616
vt 0.347390 0.979189
vt 0.361211 0.985645
vt 0.340151 0.972956
vt 0.332029 0.948464
vt 0.332519 0.956972
vt 0.332519 0.939955
vt 0.374066 0.908340
vt 0.347390 0.917739
vt 0.340150 0.923971
vt 0.361211 0.911283
vt 0.407061 0.905054
vt 0.390054 0.906073
vt 0.511162 0.932435
vt 0.506183 0.924737
vt 0.502802 0.921298
vt 0.498312 0.917976
vt 0.489568 0.913784
vt 0.484450 0.911838
vt 0.474823 0.909361
vt 0.514572 0.948464
vt 0.285451 0.580213
vt 0.285451 0.508304
vt 0.290016 0.580213
vt 0.290016 0.508304
vt 0.280887 0.508304
vt 0.280887 0.580213
vt 0.276322 0.508304
vt 0.276322 0.580213
vt 0.294580 0.580213
vt 0.294580 0.508304
vt 0.299144 0.580213
vt 0.299144 0.508304
vt 0.303709 0.580213
vt 0.303709 0.508304
vt 0.308273 0.580213
vt 0.308273 0.508304
vt 0.312838 0.580213
vt 0.312838 0.508304
vt 0.317402 0.580213
vt 0.317402 0.508304
vt 0.321967 0.580213
vt 0.321967 0.508304
vt 0.326531 0.580213
vt 0.326531 0.508304
vt 0.331096 0.580213
vt 0.331096 0.508304
vt 0.335660 0.580213
vt 0.335660 0.508304
vt 0.340225 0.580213
vt 0.340225 0.508304
vt 0.344789 0.580213
vt 0.344789 0.508304
vt 0.349354 0.580213
vt 0.349354 0.508304
vt 0.276622 0.508304
vt 0.281740 0.508304
vt 0.290898 0.508304
vt 0.302701 0.508304
vt 0.315353 0.508304
vt 0.326926 0.508304
vt 0.339925 0.508304
vt 0.334806 0.508304
vt 0.325648 0.508304
vt 0.263850 0.607124
vt 0.262333 0.607124
vt 0.263850 0.597280
vt 0.262333 0.597280
vt 0.262333 0.616969
vt 0.263850 0.616969
vt 0.262333 0.626813
vt 0.263850 0.626813
vt 0.262333 0.636658
vt 0.263850 0.636658
vt 0.263850 0.587435
vt 0.262333 0.587435
vt 0.263850 0.577590
vt 0.262333 0.577590
vt 0.263850 0.567746
vt 0.262333 0.567746
vt 0.263850 0.557901
vt 0.262333 0.557901
vt 0.263850 0.548056
vt 0.262333 0.548056
vt 0.263850 0.538212
vt 0.262333 0.538212
vt 0.263850 0.528367
vt 0.262333 0.528367
vt 0.263850 0.518522
vt 0.262333 0.518522
vt 0.263850 0.508678
vt 0.262333 0.508678
vt 0.263850 0.498833
vt 0.262333 0.498833
vt 0.263850 0.488989
vt 0.262333 0.488989
vt 0.263850 0.479144
vt 0.262333 0.479144
vt 0.260291 0.488989
vt 0.260291 0.479144
vt 0.260291 0.498833
vt 0.260291 0.508678
vt 0.260291 0.518522
vt 0.260291 0.528367
vt 0.260291 0.538212
vt 0.260291 0.548056
vt 0.260291 0.557901
vt 0.260291 0.567746
vt 0.260291 0.577590
vt 0.260291 0.587435
vt 0.260291 0.597280
vt 0.260291 0.607124
vt 0.260291 0.616969
vt 0.260291 0.626813
vt 0.260291 0.636658
vt 0.244294 0.607124
vt 0.244294 0.597280
vt 0.244294 0.616969
vt 0.244294 0.626813
vt 0.244294 0.636658
vt 0.242447 0.607124
vt 0.242447 0.597280
vt 0.242447 0.616969
vt 0.242447 0.626813
vt 0.242447 0.636658
vt 0.244294 0.587435
vt 0.244294 0.577590
vt 0.244294 0.567746
vt 0.244294 0.557901
vt 0.244294 0.548056
vt 0.244294 0.538212
vt 0.244294 0.528367
vt 0.244294 0.518522
vt 0.244294 0.508678
vt 0.244294 0.498833
vt 0.244294 0.488989
vt 0.244294 0.479144
vt 0.242447 0.488989
vt 0.242447 0.479144
vt 0.242447 0.498833
vt 0.242447 0.508678
vt 0.242447 0.518522
vt 0.242447 0.528367
vt 0.242447 0.538212
vt 0.242447 0.548056
vt 0.242447 0.557901
vt 0.242447 0.567746
vt 0.242447 0.577590
vt 0.242447 0.587435
vt 0.240819 0.528367
vt 0.240819 0.538212
vt 0.240819 0.548056
vt 0.240819 0.557901
vt 0.240819 0.567746
vt 0.240819 0.577590
vt 0.240819 0.587435
vt 0.240819 0.597280
vt 0.240819 0.607124
vt 0.240819 0.616969
vt 0.240819 0.626813
vt 0.240819 0.636658
vt 0.240819 0.488989
vt 0.240819 0.479144
vt 0.240819 0.498833
vt 0.240819 0.508678
vt 0.240819 0.518522
vt 0.388241 0.461224
vt 0.392567 0.439471
vt 0.375919 0.479664
vt 0.341271 0.495203
vt 0.335727 0.382631
vt 0.375919 0.399279
vt 0.388241 0.417719
vt 0.357479 0.386958
vt 0.278886 0.439471
vt 0.295534 0.399279
vt 0.313975 0.386958
vt 0.283213 0.417719
vt 0.295534 0.479664
vt 0.283213 0.461224
vt 0.313975 0.491986
vt 0.357479 0.491986
vt 0.299045 0.735061
vt 0.305173 0.714086
vt 0.292913 0.735061
vt 0.299538 0.712869
vt 0.313583 0.693628
vt 0.308564 0.691222
vt 0.323914 0.674189
vt 0.319596 0.670656
vt 0.335792 0.656250
vt 0.332228 0.651675
vt 0.348846 0.640251
vt 0.346063 0.634747
vt 0.362728 0.626586
vt 0.360728 0.620290
vt 0.377122 0.615593
vt 0.375893 0.608658
vt 0.391754 0.607541
vt 0.391272 0.600139
vt 0.406382 0.602630
vt 0.406621 0.594942
vt 0.420799 0.600979
vt 0.421734 0.593195
vt 0.434820 0.602630
vt 0.436427 0.594942
vt 0.448268 0.607541
vt 0.450528 0.600139
vt 0.460964 0.615593
vt 0.463860 0.608658
vt 0.472718 0.626586
vt 0.476230 0.620290
vt 0.483316 0.640251
vt 0.487422 0.634747
vt 0.492526 0.656250
vt 0.497189 0.651675
vt 0.500094 0.674189
vt 0.505261 0.670656
vt 0.505754 0.693628
vt 0.511352 0.691222
vt 0.509248 0.714086
vt 0.515176 0.712869
vt 0.510337 0.735062
vt 0.516470 0.735062
vt 0.464871 0.606212
vt 0.451318 0.597528
vt 0.477458 0.618069
vt 0.488858 0.632806
vt 0.498822 0.650061
vt 0.507073 0.669409
vt 0.513319 0.690374
vt 0.517263 0.712439
vt 0.518633 0.735062
vt 0.516116 0.890037
vt 0.508981 0.890037
vt 0.518633 0.890037
vt 0.436990 0.592231
vt 0.422064 0.590450
vt 0.406710 0.592231
vt 0.391109 0.597528
vt 0.375469 0.606212
vt 0.360034 0.618069
vt 0.345093 0.632806
vt 0.330983 0.650061
vt 0.318083 0.669409
vt 0.306800 0.690374
vt 0.297554 0.712439
vt 0.290750 0.735062
vt 0.256030 0.890037
vt 0.263165 0.890037
vt 0.253514 0.890037
vt 0.448268 0.607542
vt 0.421734 0.593196
vt 0.391754 0.607542
vt 0.362728 0.626587
vt 0.308564 0.691223
vt 0.305173 0.714087
vt 0.299045 0.735062
vt 0.292912 0.735062
vt 0.610950 0.634051
vt 0.614887 0.656379
vt 0.619484 0.634051
vt 0.622906 0.653461
vt 0.626223 0.676015
vt 0.632761 0.670529
vt 0.643592 0.690589
vt 0.647859 0.683198
vt 0.664898 0.698344
vt 0.666380 0.689939
vt 0.687571 0.698344
vt 0.686089 0.689939
vt 0.708877 0.690589
vt 0.704610 0.683198
vt 0.726245 0.676015
vt 0.719708 0.670529
vt 0.737582 0.656379
vt 0.729563 0.653461
vt 0.741519 0.634051
vt 0.732985 0.634051
vt 0.737582 0.611722
vt 0.729563 0.614641
vt 0.726245 0.592086
vt 0.719708 0.597572
vt 0.708877 0.577512
vt 0.704610 0.584903
vt 0.687571 0.569758
vt 0.686089 0.578162
vt 0.664898 0.569758
vt 0.666380 0.578162
vt 0.643592 0.577512
vt 0.647859 0.584903
vt 0.626223 0.592086
vt 0.632761 0.597572
vt 0.614887 0.611722
vt 0.622906 0.614641
vt 0.538577 0.740174
vt 0.559529 0.740174
vt 0.541814 0.712954
vt 0.561982 0.712954
vt 0.581241 0.740174
vt 0.583241 0.712954
vt 0.604218 0.740174
vt 0.605523 0.712954
vt 0.627210 0.740174
vt 0.627664 0.712954
vt 0.650255 0.740174
vt 0.649802 0.712954
vt 0.672115 0.740174
vt 0.670810 0.712954
vt 0.696790 0.740174
vt 0.694790 0.712954
vt 0.718502 0.740174
vt 0.716049 0.712954
vt 0.741719 0.740174
vt 0.738482 0.712954
vt 0.605524 0.806709
vt 0.583241 0.806709
vt 0.561982 0.806709
vt 0.541814 0.806709
vt 0.694790 0.806709
vt 0.670810 0.806709
vt 0.716049 0.806709
vt 0.738482 0.806709
vt 0.571859 0.904249
vt 0.554847 0.904249
vt 0.591293 0.904249
vt 0.610779 0.904249
vt 0.629489 0.904249
vt 0.627664 0.806709
vt 0.647977 0.904249
vt 0.649802 0.806709
vt 0.665554 0.904249
vt 0.686739 0.904249
vt 0.706173 0.904249
vt 0.725449 0.904249
vt 0.656634 0.975578
vt 0.644879 0.975578
vt 0.673071 0.975578
vt 0.689407 0.975578
vt 0.703326 0.975578
vt 0.652997 0.986774
vt 0.643615 0.986774
vt 0.632587 0.975578
vt 0.619700 0.975578
vt 0.604960 0.975578
vt 0.588625 0.975578
vt 0.576970 0.975578
vt 0.595460 0.986774
vt 0.585990 0.986774
vt 0.610532 0.986774
vt 0.623337 0.986774
vt 0.633850 0.986774
vt 0.581242 0.740174
vt 0.673072 0.975578
vt 0.682571 0.986774
vt 0.694306 0.986774
vt 0.667499 0.986774
vt 0.563513 0.656431
vt 0.590167 0.666132
vt 0.591877 0.656431
vt 0.585241 0.674663
vt 0.577695 0.680995
vt 0.568439 0.684364
vt 0.558588 0.684364
vt 0.549331 0.680995
vt 0.541785 0.674663
vt 0.536860 0.666132
vt 0.535149 0.656431
vt 0.536860 0.646730
vt 0.541785 0.638199
vt 0.549331 0.631867
vt 0.558588 0.628498
vt 0.568439 0.628498
vt 0.577695 0.631867
vt 0.585241 0.638199
vt 0.590167 0.646730
vt 0.021942 0.833928
vt 0.026514 0.833429
vt 0.020941 0.824021
vt 0.025664 0.824021
vt 0.029226 0.842655
vt 0.024902 0.843650
vt 0.033623 0.851509
vt 0.029627 0.852991
vt 0.039512 0.859796
vt 0.035904 0.861743
vt 0.046691 0.867314
vt 0.043516 0.869694
vt 0.054964 0.873871
vt 0.052254 0.876635
vt 0.064148 0.879284
vt 0.061924 0.882373
vt 0.074071 0.883398
vt 0.072350 0.886738
vt 0.084575 0.886089
vt 0.083373 0.889598
vt 0.095512 0.887268
vt 0.094843 0.890860
vt 0.106732 0.886889
vt 0.106613 0.890473
vt 0.118080 0.884944
vt 0.118529 0.888429
vt 0.129386 0.881465
vt 0.130418 0.884763
vt 0.140458 0.876520
vt 0.142086 0.879546
vt 0.151078 0.870211
vt 0.153307 0.872886
vt 0.161005 0.862674
vt 0.163827 0.864926
vt 0.169975 0.854075
vt 0.173364 0.855837
vt 0.177712 0.844612
vt 0.181622 0.845828
vt 0.183937 0.834510
vt 0.188301 0.835134
vt 0.188390 0.824021
vt 0.193113 0.824021
vt 0.130776 0.885925
vt 0.118682 0.889657
vt 0.106569 0.891735
vt 0.164814 0.865719
vt 0.154085 0.873829
vt 0.142653 0.880612
vt 0.189837 0.835354
vt 0.182996 0.846257
vt 0.174552 0.856459
vt 0.094607 0.892125
vt 0.082952 0.890834
vt 0.071749 0.887914
vt 0.061146 0.883460
vt 0.051306 0.877608
vt 0.042405 0.870530
vt 0.034640 0.862427
vt 0.028225 0.853510
vt 0.023382 0.843998
vt 0.020332 0.834102
vt 0.019275 0.824021
vt 0.020475 0.681393
vt 0.025695 0.684300
vt 0.018637 0.677723
vt 0.194779 0.824021
vt 0.223678 0.677723
vt 0.221608 0.681393
vt 0.215760 0.684300
vt 0.021336 0.553412
vt 0.026056 0.555246
vt 0.020311 0.568419
vt 0.025195 0.569300
vt 0.028803 0.542063
vt 0.024347 0.539359
vt 0.033219 0.530196
vt 0.029098 0.526742
vt 0.039068 0.519993
vt 0.035320 0.515939
vt 0.046133 0.511693
vt 0.042768 0.507202
vt 0.054241 0.505419
vt 0.051254 0.500650
vt 0.063279 0.501189
vt 0.060667 0.496288
vt 0.073193 0.498939
vt 0.070965 0.494029
vt 0.083963 0.498551
vt 0.082152 0.493728
vt 0.095574 0.499884
vt 0.094240 0.495222
vt 0.107972 0.502800
vt 0.107200 0.498354
vt 0.121032 0.507178
vt 0.120920 0.502993
vt 0.134532 0.512920
vt 0.135175 0.509040
vt 0.148145 0.519949
vt 0.149618 0.516423
vt 0.161446 0.528187
vt 0.163792 0.525073
vt 0.173947 0.537544
vt 0.177160 0.534908
vt 0.185124 0.547896
vt 0.189147 0.545809
vt 0.194473 0.559070
vt 0.199195 0.557600
vt 0.201548 0.570847
vt 0.206811 0.570049
vt 0.205997 0.582956
vt 0.211609 0.582868
vt 0.135383 0.507671
vt 0.120862 0.501518
vt 0.106914 0.496787
vt 0.093761 0.493579
vt 0.190560 0.545064
vt 0.178283 0.533972
vt 0.164605 0.523970
vt 0.150120 0.515176
vt 0.081511 0.492025
vt 0.070183 0.492291
vt 0.059756 0.494550
vt 0.050216 0.498955
vt 0.041598 0.505602
vt 0.034015 0.514492
vt 0.027660 0.525507
vt 0.022788 0.538390
vt 0.019679 0.552754
vt 0.018594 0.568102
vt 0.020430 0.660377
vt 0.025651 0.660377
vt 0.018593 0.660378
vt 0.200859 0.557073
vt 0.208669 0.569759
vt 0.213593 0.582831
vt 0.223563 0.660378
vt 0.221509 0.660378
vt 0.215697 0.660378
vt 0.161447 0.528187
vt 0.134533 0.512920
vt 0.094240 0.495223
vt 0.082152 0.493729
vt 0.046133 0.511694
vt 0.039068 0.519994
vt 0.028803 0.542064
vt 0.020430 0.656721
vt 0.025649 0.653845
vt 0.215647 0.654825
vt 0.221493 0.657295
vt 0.153307 0.872887
vt 0.206811 0.570057
vt 0.201548 0.570855
vt 0.211609 0.582877
vt 0.205997 0.582965
vt 0.194473 0.559079
vt 0.199195 0.557608
vt 0.185124 0.547904
vt 0.189147 0.545817
vt 0.173947 0.537553
vt 0.177160 0.534917
vt 0.161447 0.528196
vt 0.163792 0.525082
vt 0.148145 0.519958
vt 0.149618 0.516431
vt 0.134532 0.512929
vt 0.135175 0.509049
vt 0.121032 0.507186
vt 0.120920 0.503001
vt 0.107972 0.502808
vt 0.107200 0.498363
vt 0.095573 0.499893
vt 0.094240 0.495231
vt 0.083963 0.498559
vt 0.082152 0.493737
vt 0.073192 0.498947
vt 0.070964 0.494037
vt 0.063279 0.501198
vt 0.060667 0.496297
vt 0.054241 0.505428
vt 0.051254 0.500659
vt 0.046133 0.511702
vt 0.042768 0.507211
vt 0.039068 0.520002
vt 0.035320 0.515948
vt 0.033219 0.530205
vt 0.029098 0.526751
vt 0.028803 0.542072
vt 0.024347 0.539367
vt 0.026056 0.555254
vt 0.021335 0.553421
vt 0.025195 0.569308
vt 0.020311 0.568428
vt 0.059756 0.494559
vt 0.050216 0.498964
vt 0.041598 0.505611
vt 0.034015 0.514501
vt 0.027660 0.525515
vt 0.022788 0.538399
vt 0.019679 0.552763
vt 0.018594 0.568111
vt 0.020430 0.660386
vt 0.025651 0.660386
vt 0.018593 0.660386
vt 0.213593 0.582839
vt 0.208669 0.569768
vt 0.200859 0.557081
vt 0.190560 0.545073
vt 0.178283 0.533981
vt 0.164605 0.523978
vt 0.150120 0.515185
vt 0.135383 0.507680
vt 0.120862 0.501526
vt 0.106914 0.496796
vt 0.093761 0.493587
vt 0.081510 0.492034
vt 0.070183 0.492300
vt 0.215697 0.660386
vt 0.221509 0.660386
vt 0.223563 0.660386
vt 0.073192 0.498948
vt 0.070965 0.494038
vt 0.095574 0.499893
vt 0.134533 0.512929
vt 0.201548 0.570856
vt 0.020430 0.656730
vt 0.025649 0.653854
vt 0.221493 0.657304
vt 0.215647 0.654833
s 1
usemtl Airplane6_01
f 3/1/1 2/2/2 1/3/3
f 2/2/2 4/4/4 1/3/3
f 4/4/4 5/5/5 1/3/3
f 5/5/5 6/6/6 1/3/3
f 6/6/6 7/7/7 1/3/3
f 7/7/7 8/8/8 1/3/3
f 8/8/8 9/9/9 1/3/3
f 9/9/9 10/10/10 1/3/3
f 10/10/10 11/11/11 1/3/3
f 11/11/11 12/12/12 1/3/3
f 12/12/12 13/13/13 1/3/3
f 13/13/13 14/14/14 1/3/3
f 14/14/14 15/15/15 1/3/3
f 15/15/15 16/16/16 1/3/3
f 16/16/16 17/17/17 1/3/3
f 2/2/2 3/1/1 18/18/18
f 4/4/4 2/2/2 19/19/19
f 18/18/18 19/19/19 2/2/2
f 19/19/19 20/20/20 4/4/4
f 5/5/5 4/4/4 20/20/20
f 20/20/20 21/21/21 5/5/5
f 6/6/6 5/5/5 21/21/21
f 21/21/21 22/22/22 6/6/6
f 7/7/7 6/6/6 22/22/22
f 22/22/22 23/23/23 7/7/7
f 8/8/8 7/7/7 23/23/23
f 23/23/23 24/24/24 8/8/8
f 9/9/9 8/8/8 24/24/24
f 24/24/24 25/25/25 9/9/9
f 10/10/10 9/9/9 25/25/25
f 25/25/25 26/26/26 10/10/10
f 11/11/11 10/10/10 26/26/26
f 26/26/26 27/27/27 11/11/11
f 12/12/12 11/11/11 27/27/27
f 27/27/27 28/28/28 12/12/12
f 13/13/13 12/12/12 28/28/28
f 28/28/28 29/29/29 13/13/13
f 14/14/14 13/13/13 29/29/29
f 29/29/29 30/30/30 14/14/14
f 15/15/15 14/14/14 30/30/30
f 30/30/30 31/31/31 15/15/15
f 16/16/16 15/15/15 31/31/31
f 31/31/31 32/32/32 16/16/16
f 17/17/17 16/16/16 32/32/32
f 32/32/32 33/33/33 17/17/17
f 34/34/34 17/17/17 33/33/33
f 17/17/17 34/34/34 1/3/3
f 34/34/34 35/35/35 1/3/3
f 35/35/35 36/36/36 1/3/3
f 36/36/36 37/37/37 1/3/3
f 37/37/37 38/38/38 1/3/3
f 38/38/38 39/39/39 1/3/3
f 39/39/39 40/40/40 1/3/3
f 40/40/40 41/41/41 1/3/3
f 41/41/41 42/42/42 1/3/3
f 42/42/42 43/43/43 1/3/3
f 43/43/43 44/44/44 1/3/3
f 44/44/44 45/45/45 1/3/3
f 45/45/45 46/46/46 1/3/3
f 46/46/46 47/47/47 1/3/3
f 47/47/47 48/48/48 1/3/3
f 48/48/48 49/49/49 1/3/3
f 49/49/49 3/1/1 1/3/3
f 36/36/36 35/35/35 50/50/50
f 51/51/51 50/50/50 35/35/35
f 35/35/35 34/34/34 51/51/51
f 33/33/33 51/51/51 34/34/34
f 50/50/50 52/52/52 36/36/36
f 37/37/37 36/36/36 52/52/52
f 52/52/52 53/53/53 37/37/37
f 38/38/38 37/37/37 53/53/53
f 53/53/53 54/54/54 38/38/38
f 39/39/39 38/38/38 54/54/54
f 54/54/54 55/55/55 39/39/39
f 40/40/40 39/39/39 55/55/55
f 55/55/55 56/56/56 40/40/40
f 41/41/41 40/40/40 56/56/56
f 56/56/56 57/57/57 41/41/41
f 42/42/42 41/41/41 57/57/57
f 57/57/57 58/58/58 42/42/42
f 43/43/43 42/42/42 58/58/58
f 58/58/58 59/59/59 43/43/43
f 44/44/44 43/43/43 59/59/59
f 59/59/59 60/60/60 44/44/44
f 45/45/45 44/44/44 60/60/60
f 60/60/60 61/61/61 45/45/45
f 46/46/46 45/45/45 61/61/61
f 61/61/61 62/62/62 46/46/46
f 47/47/47 46/46/46 62/62/62
f 62/62/62 63/63/63 47/47/47
f 48/48/48 47/47/47 63/63/63
f 63/63/63 64/64/64 48/48/48
f 49/49/49 48/48/48 64/64/64
f 64/64/64 65/65/65 49/49/49
f 3/1/1 49/49/49 65/65/65
f 65/65/65 18/18/18 3/1/1
f 18/18/18 65/65/65 66/66/66
f 67/67/67 66/66/66 65/65/65
f 65/65/65 64/64/64 67/67/67
f 66/66/66 68/68/68 18/18/18
f 19/19/19 18/18/18 68/68/68
f 68/68/68 69/69/69 19/19/19
f 20/20/20 19/19/19 69/69/69
f 69/69/69 70/70/70 20/20/20
f 21/21/21 20/20/20 70/70/70
f 70/70/70 71/71/71 21/21/21
f 22/22/22 21/21/21 71/71/71
f 71/71/71 72/72/72 22/22/22
f 23/23/23 22/22/22 72/72/72
f 72/72/72 73/73/73 23/23/23
f 24/24/24 23/23/23 73/73/73
f 73/73/73 74/74/74 24/24/24
f 25/25/25 24/24/24 74/74/74
f 74/74/74 75/75/75 25/25/25
f 26/26/26 25/25/25 75/75/75
f 75/75/75 76/76/76 26/26/26
f 27/27/27 26/26/26 76/76/76
f 76/76/76 77/77/77 27/27/27
f 28/28/28 27/27/27 77/77/77
f 77/77/77 78/78/78 28/28/28
f 29/29/29 28/28/28 78/78/78
f 78/78/78 79/79/79 29/29/29
f 30/30/30 29/29/29 79/79/79
f 79/79/79 80/80/80 30/30/30
f 31/31/31 30/30/30 80/80/80
f 80/80/80 81/81/81 31/31/31
f 32/32/32 31/31/31 81/81/81
f 81/81/81 82/82/82 32/32/32
f 33/33/33 32/32/32 82/82/82
f 82/82/82 83/83/83 33/33/33
f 51/51/51 33/33/33 83/83/83
f 83/83/83 84/84/84 51/51/51
f 50/50/50 51/51/51 84/84/84
f 84/84/84 85/85/85 50/50/50
f 52/52/52 50/50/50 85/85/85
f 85/85/85 86/86/86 52/52/52
f 53/53/53 52/52/52 86/86/86
f 86/86/86 87/87/87 53/53/53
f 54/54/54 53/53/53 87/87/87
f 87/87/87 88/88/88 54/54/54
f 55/55/55 54/54/54 88/88/88
f 88/88/88 89/89/89 55/55/55
f 56/56/56 55/55/55 89/89/89
f 89/89/89 90/90/90 56/56/56
f 57/57/57 56/56/56 90/90/90
f 90/90/90 91/91/91 57/57/57
f 58/58/58 57/57/57 91/91/91
f 91/91/91 92/92/92 58/58/58
f 59/59/59 58/58/58 92/92/92
f 92/92/92 93/93/93 59/59/59
f 60/60/60 59/59/59 93/93/93
f 93/93/93 94/94/94 60/60/60
f 61/61/61 60/60/60 94/94/94
f 94/94/94 95/95/95 61/61/61
f 62/62/62 61/61/61 95/95/95
f 95/95/95 96/96/96 62/62/62
f 63/63/63 62/62/62 96/96/96
f 96/96/96 97/97/97 63/63/63
f 64/64/64 63/63/63 97/97/97
f 97/97/97 67/67/67 64/64/64
f 100/98/98 99/99/66 98/100/99
f 101/101/67 98/100/99 99/99/66
f 99/99/66 100/98/98 102/102/68
f 103/103/100 102/102/68 100/98/98
f 103/103/100 104/104/101 102/102/68
f 104/104/101 105/105/69 102/102/68
f 106/106/102 105/105/69 104/104/101
f 106/106/102 107/107/103 105/105/69
f 107/107/103 108/108/70 105/105/69
f 109/109/104 108/108/70 107/107/103
f 109/109/104 110/110/105 108/108/70
f 110/110/105 111/111/71 108/108/70
f 112/112/106 111/111/71 110/110/105
f 112/112/106 113/113/107 111/111/71
f 114/114/72 111/111/71 113/113/107
f 113/113/107 115/115/108 114/114/72
f 116/116/73 114/114/72 115/115/108
f 115/115/108 117/117/109 116/116/73
f 118/118/74 116/116/73 117/117/109
f 117/117/109 119/119/110 118/118/74
f 120/120/75 118/118/74 119/119/110
f 119/119/110 121/121/111 120/120/75
f 122/122/76 120/120/75 121/121/111
f 121/121/111 123/123/112 122/122/76
f 124/124/77 122/122/76 123/123/112
f 123/123/112 125/125/113 124/124/77
f 126/126/78 124/124/77 125/125/113
f 125/125/113 127/127/114 126/126/78
f 128/128/79 126/126/78 127/127/114
f 127/127/114 129/129/115 128/128/79
f 130/130/80 128/128/79 129/129/115
f 129/129/115 131/131/116 130/130/80
f 132/132/81 130/130/80 131/131/116
f 131/131/116 133/133/117 132/132/81
f 134/134/82 132/132/81 133/133/117
f 121/121/111 119/119/110 135/135/118
f 136/136/119 135/135/118 119/119/110
f 119/119/110 117/117/109 136/136/119
f 137/137/120 136/136/119 117/117/109
f 117/117/109 115/115/108 137/137/120
f 138/138/121 137/137/120 115/115/108
f 129/129/115 127/127/114 139/139/122
f 140/140/123 139/139/122 127/127/114
f 131/131/116 129/129/115 141/141/124
f 139/139/122 141/141/124 129/129/115
f 133/133/117 131/131/116 142/142/125
f 141/141/124 142/142/125 131/131/116
f 137/137/120 138/138/121 143/143/126
f 144/144/127 143/143/126 138/138/121
f 138/138/121 145/145/128 144/144/127
f 146/146/129 145/145/128 138/138/121
f 145/145/128 147/147/130 144/144/127
f 144/144/127 147/147/130 148/148/131
f 149/149/132 144/144/127 148/148/131
f 149/149/132 148/148/131 150/150/133
f 143/143/126 151/151/134 137/137/120
f 136/136/119 137/137/120 151/151/134
f 151/151/134 152/152/135 136/136/119
f 135/135/118 136/136/119 152/152/135
f 152/152/135 153/153/136 135/135/118
f 154/154/137 135/135/118 153/153/136
f 135/135/118 154/154/137 121/121/111
f 123/123/112 121/121/111 154/154/137
f 154/154/137 155/155/138 123/123/112
f 125/125/113 123/123/112 155/155/138
f 155/155/138 140/140/123 125/125/113
f 127/127/114 125/125/113 140/140/123
f 155/155/138 154/154/137 156/156/139
f 153/153/136 156/156/139 154/154/137
f 140/140/123 155/155/138 157/157/140
f 156/156/139 157/157/140 155/155/138
f 157/157/140 158/158/141 140/140/123
f 139/139/122 140/140/123 158/158/141
f 158/158/141 159/159/142 139/139/122
f 141/141/124 139/139/122 159/159/142
f 159/159/142 160/160/143 141/141/124
f 142/142/125 141/141/124 160/160/143
f 156/156/139 153/153/136 161/161/144
f 162/162/145 161/161/144 153/153/136
f 153/153/136 152/152/135 162/162/145
f 163/163/146 162/162/145 152/152/135
f 152/152/135 151/151/134 163/163/146
f 164/164/147 163/163/146 151/151/134
f 151/151/134 143/143/126 164/164/147
f 165/165/148 164/164/147 143/143/126
f 143/143/126 144/144/127 165/165/148
f 166/166/149 165/165/148 144/144/127
f 144/144/127 149/149/132 166/166/149
f 167/167/150 166/166/149 149/149/132
f 149/149/132 150/150/133 167/167/150
f 150/150/133 168/168/151 167/167/150
f 167/167/150 168/168/151 169/169/152
f 170/170/153 167/167/150 169/169/152
f 169/169/152 171/171/154 170/170/153
f 170/170/153 171/171/154 172/172/155
f 173/173/156 170/170/153 172/172/155
f 172/172/155 174/174/157 173/173/156
f 175/175/158 173/173/156 174/174/157
f 173/173/156 175/175/158 176/176/159
f 176/176/159 175/175/158 177/177/160
f 175/175/158 178/178/161 177/177/160
f 178/178/161 179/179/162 177/177/160
f 180/180/163 177/177/160 179/179/162
f 170/170/153 173/173/156 181/181/164
f 176/176/159 181/181/164 173/173/156
f 167/167/150 170/170/153 182/182/165
f 181/181/164 182/182/165 170/170/153
f 182/182/165 183/183/166 167/167/150
f 166/166/149 167/167/150 183/183/166
f 183/183/166 184/184/167 166/166/149
f 165/165/148 166/166/149 184/184/167
f 184/184/167 185/185/168 165/165/148
f 164/164/147 165/165/148 185/185/168
f 185/185/168 186/186/169 164/164/147
f 163/163/146 164/164/147 186/186/169
f 186/186/169 187/187/170 163/163/146
f 162/162/145 163/163/146 187/187/170
f 187/187/170 188/188/171 162/162/145
f 161/161/144 162/162/145 188/188/171
f 188/188/171 189/189/172 161/161/144
f 190/190/173 161/161/144 189/189/172
f 161/161/144 190/190/173 156/156/139
f 157/157/140 156/156/139 190/190/173
f 190/190/173 191/191/174 157/157/140
f 158/158/141 157/157/140 191/191/174
f 191/191/174 192/192/175 158/158/141
f 159/159/142 158/158/141 192/192/175
f 192/192/175 193/193/176 159/159/142
f 160/160/143 159/159/142 193/193/176
f 191/191/174 190/190/173 194/194/177
f 189/189/172 194/194/177 190/190/173
f 192/192/175 191/191/174 195/195/178
f 194/194/177 195/195/178 191/191/174
f 193/193/176 192/192/175 196/196/179
f 195/195/178 196/196/179 192/192/175
f 189/189/172 188/188/171 197/197/180
f 198/198/181 197/197/180 188/188/171
f 194/194/177 189/189/172 199/199/182
f 197/197/180 199/199/182 189/189/172
f 195/195/178 194/194/177 200/200/183
f 199/199/182 200/200/183 194/194/177
f 196/196/179 195/195/178 201/201/184
f 200/200/183 201/201/184 195/195/178
f 197/197/180 198/198/181 202/202/185
f 203/203/186 202/202/185 198/198/181
f 198/198/181 204/204/187 203/203/186
f 204/204/187 198/198/181 187/187/170
f 187/187/170 186/186/169 204/204/187
f 205/205/188 204/204/187 186/186/169
f 186/186/169 185/185/168 205/205/188
f 206/206/189 205/205/188 185/185/168
f 185/185/168 184/184/167 206/206/189
f 207/207/190 206/206/189 184/184/167
f 184/184/167 183/183/166 207/207/190
f 208/208/191 207/207/190 183/183/166
f 183/183/166 182/182/165 208/208/191
f 209/209/192 208/208/191 182/182/165
f 182/182/165 181/181/164 209/209/192
f 210/210/193 209/209/192 181/181/164
f 181/181/164 176/176/159 210/210/193
f 211/211/194 210/210/193 176/176/159
f 176/176/159 177/177/160 211/211/194
f 212/212/195 211/211/194 177/177/160
f 177/177/160 180/180/163 212/212/195
f 213/213/196 212/212/195 180/180/163
f 180/180/163 214/214/197 213/213/196
f 215/215/198 213/213/196 214/214/197
f 214/214/197 216/216/199 215/215/198
f 216/216/199 214/214/197 217/217/200
f 218/218/201 217/217/200 214/214/197
f 219/219/202 215/215/198 216/216/199
f 215/215/198 219/219/202 220/220/203
f 221/221/204 220/220/203 219/219/202
f 213/213/196 215/215/198 222/222/205
f 220/220/203 222/222/205 215/215/198
f 212/212/195 213/213/196 223/223/206
f 222/222/205 223/223/206 213/213/196
f 211/211/194 212/212/195 224/224/207
f 223/223/206 224/224/207 212/212/195
f 224/224/207 225/225/208 211/211/194
f 222/222/205 220/220/203 226/226/209
f 227/227/210 226/226/209 220/220/203
f 220/220/203 228/221/204 227/227/210
f 229/228/211 227/227/212 221/221/204
f 223/223/206 222/222/205 230/229/213
f 226/226/209 230/229/213 222/222/205
f 224/224/207 223/223/206 231/230/214
f 230/229/213 231/230/214 223/223/206
f 225/225/208 224/224/207 232/231/215
f 231/230/214 232/231/215 224/224/207
f 232/231/215 233/232/216 225/225/208
f 234/233/217 225/225/208 233/232/216
f 225/225/208 234/233/217 210/210/193
f 210/210/193 211/211/194 225/225/208
f 209/209/192 210/210/193 234/233/217
f 234/233/217 235/234/218 209/209/192
f 208/208/191 209/209/192 235/234/218
f 235/234/218 236/235/219 208/208/191
f 207/207/190 208/208/191 236/235/219
f 236/235/219 237/236/220 207/207/190
f 206/206/189 207/207/190 237/236/220
f 237/236/220 238/237/221 206/206/189
f 205/205/188 206/206/189 238/237/221
f 238/237/221 239/238/222 205/205/188
f 204/204/187 205/205/188 239/238/222
f 239/238/222 203/203/186 204/204/187
f 235/234/218 234/233/217 240/239/223
f 233/232/216 240/239/223 234/233/217
f 236/235/219 235/234/218 241/240/224
f 240/239/223 241/240/224 235/234/218
f 237/236/220 236/235/219 242/241/225
f 241/240/224 242/241/225 236/235/219
f 238/237/221 237/236/220 243/242/226
f 242/241/225 243/242/226 237/236/220
f 239/238/222 238/237/221 244/243/227
f 243/242/226 244/243/227 238/237/221
f 203/203/186 239/238/222 245/244/228
f 244/243/227 245/244/228 239/238/222
f 245/244/228 246/245/229 203/203/186
f 202/202/185 203/203/186 246/245/229
f 246/245/229 247/246/230 202/202/185
f 248/247/231 202/202/185 247/246/230
f 202/202/185 248/247/231 197/197/180
f 199/199/182 197/197/180 248/247/231
f 248/247/231 249/248/232 199/199/182
f 200/200/183 199/199/182 249/248/232
f 249/248/232 250/249/233 200/200/183
f 201/201/184 200/200/183 250/249/233
f 249/248/232 248/247/231 251/250/234
f 247/246/230 251/250/234 248/247/231
f 250/249/233 249/248/232 252/251/235
f 251/250/234 252/251/235 249/248/232
f 243/242/226 242/241/225 253/252/236
f 254/253/237 253/252/236 242/241/225
f 242/241/225 241/240/224 254/253/237
f 255/254/238 254/253/237 241/240/224
f 241/240/224 240/239/223 255/254/238
f 256/255/239 255/254/238 240/239/223
f 240/239/223 233/232/216 256/255/239
f 257/256/240 256/255/239 233/232/216
f 233/232/216 232/231/215 257/256/240
f 258/257/241 257/256/240 232/231/215
f 232/231/215 231/230/214 258/257/241
f 259/258/242 258/257/241 231/230/214
f 231/230/214 230/229/213 259/258/242
f 260/259/243 259/258/242 230/229/213
f 230/229/213 226/226/209 260/259/243
f 261/260/244 260/259/243 226/226/209
f 226/226/209 227/227/210 261/260/244
f 262/261/245 261/260/244 227/227/210
f 227/227/210 263/228/211 262/261/245
f 264/262/246 262/261/245 229/228/211
f 267/132/83 266/134/82 265/131/247
f 268/133/117 265/131/247 266/134/82
f 265/131/247 269/129/248 267/132/83
f 270/130/84 267/132/83 269/129/248
f 269/129/248 271/127/249 270/130/84
f 272/128/85 270/130/84 271/127/249
f 271/127/249 273/125/250 272/128/85
f 274/263/86 272/128/85 273/125/250
f 273/125/250 275/123/251 274/263/86
f 276/264/87 274/263/86 275/123/251
f 275/123/251 277/121/252 276/264/87
f 278/122/88 276/264/87 277/121/252
f 277/121/252 279/265/253 278/122/88
f 280/120/89 278/122/88 279/265/253
f 279/265/253 281/266/254 280/120/89
f 282/267/90 280/120/89 281/266/254
f 281/266/254 283/268/255 282/267/90
f 284/116/91 282/267/90 283/268/255
f 283/268/255 285/113/256 284/116/91
f 286/114/92 284/116/91 285/113/256
f 286/114/92 285/113/256 287/269/93
f 288/112/257 287/269/93 285/113/256
f 288/112/257 289/270/258 287/269/93
f 289/270/258 290/271/94 287/269/93
f 291/272/259 290/271/94 289/270/258
f 291/272/259 292/107/260 290/271/94
f 292/107/260 293/105/95 290/271/94
f 294/273/261 293/105/95 292/107/260
f 294/273/261 295/104/262 293/105/95
f 295/104/262 296/102/96 293/105/95
f 297/274/263 296/102/96 295/104/262
f 297/274/263 298/98/264 296/102/96
f 299/99/97 296/102/96 298/98/264
f 298/98/264 300/100/99 299/99/97
f 301/101/67 299/99/97 300/100/99
f 295/104/262 302/275/265 297/274/263
f 302/275/265 295/104/262 303/276/266
f 304/273/267 303/276/266 295/104/262
f 303/276/266 304/273/267 305/277/268
f 306/107/269 305/277/268 304/273/267
f 307/272/270 305/277/268 306/107/269
f 305/277/268 307/272/270 308/278/271
f 309/270/272 308/278/271 307/272/270
f 310/112/273 308/278/271 309/270/272
f 308/278/271 310/112/273 311/279/274
f 312/280/275 311/279/274 310/112/273
f 311/279/274 312/280/275 313/281/276
f 314/282/277 313/281/276 312/280/275
f 315/283/278 313/281/276 314/282/277
f 313/281/276 315/283/278 316/284/279
f 317/285/280 316/284/279 315/283/278
f 316/284/279 317/285/280 318/286/281
f 319/287/282 318/286/281 317/285/280
f 318/286/281 319/287/282 320/288/283
f 321/145/284 320/288/283 319/287/282
f 320/288/283 321/145/284 322/289/285
f 323/290/286 322/289/285 321/145/284
f 322/289/285 323/290/286 324/291/287
f 325/148/288 324/291/287 323/290/286
f 324/291/287 325/148/288 326/292/289
f 327/150/290 326/292/289 325/148/288
f 326/292/289 327/150/290 328/293/291
f 329/168/292 328/293/291 327/150/290
f 328/293/291 329/168/292 330/294/293
f 331/169/294 330/294/293 329/168/292
f 330/294/293 331/169/294 332/295/295
f 333/171/296 332/295/295 331/169/294
f 332/295/295 333/171/296 334/296/297
f 335/297/298 334/296/297 333/171/296
f 334/296/297 335/297/298 336/298/299
f 337/174/300 336/298/299 335/297/298
f 338/299/301 336/298/299 337/174/300
f 336/298/299 338/299/301 339/300/302
f 340/178/303 339/300/302 338/299/301
f 339/300/302 340/178/303 341/301/304
f 342/302/305 341/301/304 340/178/303
f 341/301/304 342/302/305 343/303/306
f 344/304/307 343/303/306 342/302/305
f 345/218/308 343/303/306 344/304/307
f 343/303/306 345/218/308 346/305/309
f 347/217/310 346/305/309 345/218/308
f 112/112/106 348/280/311 113/113/107
f 349/306/312 113/113/107 348/280/311
f 349/306/312 350/283/313 113/113/107
f 113/113/107 350/283/313 351/307/314
f 115/115/108 113/113/107 351/307/314
f 138/138/121 115/115/108 351/307/314
f 146/146/129 138/138/121 351/307/314
f 265/131/247 268/133/117 352/141/315
f 353/142/125 352/141/315 268/133/117
f 352/141/315 354/308/316 265/131/247
f 269/129/248 265/131/247 354/308/316
f 354/308/316 355/309/317 269/129/248
f 271/127/249 269/129/248 355/309/317
f 355/309/317 356/310/318 271/127/249
f 273/125/250 271/127/249 356/310/318
f 356/310/318 357/311/319 273/125/250
f 275/123/251 273/125/250 357/311/319
f 357/311/319 358/312/320 275/123/251
f 277/121/252 275/123/251 358/312/320
f 358/312/320 359/313/321 277/121/252
f 279/265/253 277/121/252 359/313/321
f 359/313/321 360/314/322 279/265/253
f 281/266/254 279/265/253 360/314/322
f 360/314/322 361/315/323 281/266/254
f 283/268/255 281/266/254 361/315/323
f 361/315/323 362/285/324 283/268/255
f 363/287/325 362/285/324 361/315/323
f 362/285/324 285/113/256 283/268/255
f 364/283/324 285/113/256 362/285/324
f 365/282/326 285/113/256 364/283/324
f 365/282/326 366/280/327 285/113/256
f 288/112/257 285/113/256 366/280/327
f 359/313/321 358/312/320 367/316/328
f 368/152/329 367/316/328 358/312/320
f 360/314/322 359/313/321 369/317/330
f 367/316/328 369/317/330 359/313/321
f 361/315/323 360/314/322 370/318/331
f 369/317/330 370/318/331 360/314/322
f 370/318/331 371/290/332 361/315/323
f 372/149/333 371/290/332 370/318/331
f 373/148/334 371/290/332 372/149/333
f 371/290/332 374/145/335 361/315/323
f 374/145/335 363/287/325 361/315/323
f 372/149/333 375/150/336 373/148/334
f 367/316/328 368/152/329 376/319/337
f 377/320/338 376/319/337 368/152/329
f 368/152/329 378/153/339 377/320/338
f 378/153/339 368/152/329 357/311/319
f 357/311/319 356/310/318 378/153/339
f 379/156/340 378/153/339 356/310/318
f 356/310/318 355/309/317 379/156/340
f 380/157/341 379/156/340 355/309/317
f 355/309/317 354/308/316 380/157/341
f 381/158/342 380/157/341 354/308/316
f 354/308/316 352/141/315 381/158/342
f 382/321/343 381/158/342 352/141/315
f 352/141/315 353/142/125 382/321/343
f 383/160/143 382/321/343 353/142/125
f 382/321/343 383/160/143 384/322/344
f 385/193/176 384/322/344 383/160/143
f 381/158/342 382/321/343 386/323/345
f 384/322/344 386/323/345 382/321/343
f 380/157/341 381/158/342 387/324/346
f 386/323/345 387/324/346 381/158/342
f 379/156/340 380/157/341 388/325/347
f 387/324/346 388/325/347 380/157/341
f 388/325/347 389/326/348 379/156/340
f 378/153/339 379/156/340 389/326/348
f 389/326/348 377/320/338 378/153/339
f 384/322/344 385/193/176 390/195/349
f 391/196/179 390/195/349 385/193/176
f 386/323/345 384/322/344 392/194/350
f 390/195/349 392/194/350 384/322/344
f 387/324/346 386/323/345 393/189/351
f 392/194/350 393/189/351 386/323/345
f 388/325/347 387/324/346 394/327/352
f 393/189/351 394/327/352 387/324/346
f 389/326/348 388/325/347 395/328/353
f 394/327/352 395/328/353 388/325/347
f 377/320/338 389/326/348 396/329/354
f 395/328/353 396/329/354 389/326/348
f 396/329/354 397/185/355 377/320/338
f 376/319/337 377/320/338 397/185/355
f 397/185/355 398/330/356 376/319/337
f 399/331/357 376/319/337 398/330/356
f 376/319/337 399/331/357 367/316/328
f 369/317/330 367/316/328 399/331/357
f 399/331/357 400/332/358 369/317/330
f 370/318/331 369/317/330 400/332/358
f 400/332/358 401/333/359 370/318/331
f 372/149/333 370/318/331 401/333/359
f 401/333/359 402/168/360 372/149/333
f 403/334/361 402/168/360 401/333/359
f 404/169/362 402/168/360 403/334/361
f 402/168/360 375/150/336 372/149/333
f 404/169/362 403/334/361 405/171/363
f 403/334/361 406/335/364 405/171/363
f 406/335/364 407/297/365 405/171/363
f 407/297/365 406/335/364 408/174/366
f 409/299/367 408/174/366 406/335/364
f 400/332/358 399/331/357 410/183/368
f 398/330/356 410/183/368 399/331/357
f 401/333/359 400/332/358 411/336/369
f 410/183/368 411/336/369 400/332/358
f 403/334/361 401/333/359 412/337/370
f 411/336/369 412/337/370 401/333/359
f 406/335/364 403/334/361 413/338/371
f 412/337/370 413/338/371 403/334/361
f 409/299/367 406/335/364 414/177/372
f 406/335/364 413/338/371 414/177/372
f 415/178/373 409/299/367 414/177/372
f 410/183/368 398/330/356 416/208/374
f 417/339/375 416/208/374 398/330/356
f 398/330/356 397/185/355 417/339/375
f 418/206/376 417/339/375 397/185/355
f 397/185/355 396/329/354 418/206/376
f 419/205/377 418/206/376 396/329/354
f 396/329/354 395/328/353 419/205/377
f 420/340/378 419/205/377 395/328/353
f 395/328/353 394/327/352 420/340/378
f 421/198/379 420/340/378 394/327/352
f 394/327/352 393/189/351 421/198/379
f 422/341/380 421/198/379 393/189/351
f 393/189/351 392/194/350 422/341/380
f 423/199/381 422/341/380 392/194/350
f 392/194/350 390/195/349 423/199/381
f 424/200/382 423/199/381 390/195/349
f 390/195/349 391/196/179 424/200/382
f 425/201/184 424/200/382 391/196/179
f 424/200/382 425/201/184 426/248/383
f 427/249/233 426/248/383 425/201/184
f 423/199/381 424/200/382 428/247/384
f 426/248/383 428/247/384 424/200/382
f 422/341/380 423/199/381 429/342/385
f 428/247/384 429/342/385 423/199/381
f 421/198/379 422/341/380 430/203/386
f 429/342/385 430/203/386 422/341/380
f 420/340/378 421/198/379 431/238/387
f 430/203/386 431/238/387 421/198/379
f 431/238/387 432/237/388 420/340/378
f 419/205/377 420/340/378 432/237/388
f 432/237/388 433/236/389 419/205/377
f 418/206/376 419/205/377 433/236/389
f 433/236/389 434/343/390 418/206/376
f 417/339/375 418/206/376 434/343/390
f 434/343/390 435/234/391 417/339/375
f 416/208/374 417/339/375 435/234/391
f 435/234/391 436/233/392 416/208/374
f 437/344/393 416/208/374 436/233/392
f 416/208/374 437/344/393 410/183/368
f 411/336/369 410/183/368 437/344/393
f 437/344/393 438/210/394 411/336/369
f 412/337/370 411/336/369 438/210/394
f 438/210/394 439/211/395 412/337/370
f 413/338/371 412/337/370 439/211/395
f 439/211/395 440/212/396 413/338/371
f 414/177/372 413/338/371 440/212/396
f 440/212/396 441/213/397 414/177/372
f 442/180/398 414/177/372 441/213/397
f 441/213/397 443/215/399 442/180/398
f 444/345/400 442/180/398 443/215/399
f 442/180/398 444/345/400 445/304/401
f 446/302/402 442/180/398 445/304/401
f 443/215/399 447/219/202 444/345/400
f 448/216/199 444/345/400 447/219/202
f 439/211/395 438/210/394 449/224/403
f 450/225/404 449/224/403 438/210/394
f 438/210/394 437/344/393 450/225/404
f 436/233/392 450/225/404 437/344/393
f 441/213/397 440/212/396 451/222/405
f 452/223/406 451/222/405 440/212/396
f 449/224/403 452/223/406 439/211/395
f 440/212/396 439/211/395 452/223/406
f 447/219/202 443/215/399 453/221/204
f 454/220/407 453/221/204 443/215/399
f 451/222/405 454/220/407 441/213/397
f 443/215/399 441/213/397 454/220/407
f 450/225/404 436/233/392 455/231/408
f 456/346/409 455/231/408 436/233/392
f 436/233/392 435/234/391 456/346/409
f 457/347/410 456/346/409 435/234/391
f 435/234/391 434/343/390 457/347/410
f 458/348/411 457/347/410 434/343/390
f 434/343/390 433/236/389 458/348/411
f 459/349/412 458/348/411 433/236/389
f 433/236/389 432/237/388 459/349/412
f 460/350/413 459/349/412 432/237/388
f 432/237/388 431/238/387 460/350/413
f 461/243/414 460/350/413 431/238/387
f 431/238/387 430/203/386 461/243/414
f 462/244/415 461/243/414 430/203/386
f 430/203/386 429/342/385 462/244/415
f 463/351/416 462/244/415 429/342/385
f 429/342/385 428/247/384 463/351/416
f 464/246/417 463/351/416 428/247/384
f 428/247/384 426/248/383 464/246/417
f 465/250/418 464/246/417 426/248/383
f 426/248/383 427/249/233 465/250/418
f 466/251/235 465/250/418 427/249/233
f 465/250/418 466/251/235 467/352/419
f 468/353/420 467/352/419 466/251/235
f 464/246/417 465/250/418 469/354/421
f 467/352/419 469/354/421 465/250/418
f 463/351/416 464/246/417 470/355/422
f 469/354/421 470/355/422 464/246/417
f 462/244/415 463/351/416 471/356/423
f 470/355/422 471/356/423 463/351/416
f 461/243/414 462/244/415 472/357/424
f 471/356/423 472/357/424 462/244/415
f 472/357/424 473/358/425 461/243/414
f 460/350/413 461/243/414 473/358/425
f 473/358/425 474/253/426 460/350/413
f 459/349/412 460/350/413 474/253/426
f 474/253/426 475/254/427 459/349/412
f 458/348/411 459/349/412 475/254/427
f 475/254/427 476/255/428 458/348/411
f 457/347/410 458/348/411 476/255/428
f 476/255/428 477/359/429 457/347/410
f 456/346/409 457/347/410 477/359/429
f 477/359/429 478/257/430 456/346/409
f 455/231/408 456/346/409 478/257/430
f 478/257/430 479/258/431 455/231/408
f 480/230/432 455/231/408 479/258/431
f 455/231/408 480/230/432 450/225/404
f 449/224/403 450/225/404 480/230/432
f 480/230/432 481/229/433 449/224/403
f 452/223/406 449/224/403 481/229/433
f 481/229/433 482/226/434 452/223/406
f 451/222/405 452/223/406 482/226/434
f 482/226/434 483/227/435 451/222/405
f 454/220/407 451/222/405 483/227/435
f 483/227/435 484/228/211 454/220/407
f 481/229/433 480/230/432 485/360/436
f 479/258/431 485/360/436 480/230/432
f 482/226/434 481/229/433 486/260/437
f 485/360/436 486/260/437 481/229/433
f 483/227/435 482/226/434 487/261/438
f 486/260/437 487/261/438 482/226/434
f 484/228/211 483/227/435 488/262/246
f 487/261/438 488/262/246 483/227/435
f 490/221/204 454/220/407 489/228/211
f 358/312/320 357/311/319 368/152/329
f 444/345/400 492/218/439 491/304/401
f 492/218/439 444/345/400 493/217/200
f 448/216/199 493/217/200 444/345/400
f 188/188/171 187/187/170 198/198/181
f 244/243/227 243/242/226 494/357/440
f 253/252/236 494/357/440 243/242/226
f 494/357/440 495/356/441 244/243/227
f 245/244/228 244/243/227 495/356/441
f 495/356/441 496/355/442 245/244/228
f 246/245/229 245/244/228 496/355/442
f 496/355/442 497/354/443 246/245/229
f 247/246/230 246/245/229 497/354/443
f 497/354/443 498/352/444 247/246/230
f 251/250/234 247/246/230 498/352/444
f 498/352/444 499/353/420 251/250/234
f 252/251/235 251/250/234 499/353/420
f 502/361/445 501/362/445 500/363/445
f 505/364/244 504/361/245 503/363/446
f 506/365/447 505/364/244 503/363/446
f 507/366/242 506/365/447 503/363/446
f 508/367/448 507/366/242 503/363/446
f 509/368/240 508/367/448 503/363/446
f 510/369/239 509/368/240 503/363/446
f 511/370/238 510/369/239 503/363/446
f 512/371/237 511/370/238 503/363/446
f 513/372/449 512/371/237 503/363/446
f 514/373/450 513/372/449 503/363/446
f 515/374/441 514/373/450 503/363/446
f 516/375/442 515/374/441 503/363/446
f 517/376/451 516/375/442 503/363/446
f 518/377/452 517/376/451 503/363/446
f 519/378/420 518/377/452 503/363/446
f 520/379/453 519/378/420 503/363/446
f 521/380/454 520/379/453 503/363/446
f 522/381/455 521/380/454 503/363/446
f 523/382/456 522/381/455 503/363/446
f 524/383/457 523/382/456 503/363/446
f 525/384/425 524/383/457 503/363/446
f 526/385/458 525/384/425 503/363/446
f 527/386/427 526/385/458 503/363/446
f 528/387/428 527/386/427 503/363/446
f 529/388/459 528/387/428 503/363/446
f 530/389/430 529/388/459 503/363/446
f 531/390/431 530/389/430 503/363/446
f 532/391/460 531/390/431 503/363/446
f 533/392/461 532/391/460 503/363/446
f 534/393/462 533/392/461 503/363/446
f 535/362/463 534/393/462 503/363/446
f 179/179/162 536/304/464 180/180/163
f 180/180/163 536/304/464 214/214/197
f 214/214/197 537/304/464 218/218/201
f 414/177/372 442/180/398 415/178/373
f 446/302/402 415/178/373 442/180/398
f 540/218/465 539/303/466 538/217/310
f 541/305/467 538/217/310 539/303/466
f 542/304/468 539/303/466 540/218/465
f 539/303/466 542/304/468 543/394/469
f 544/179/470 543/394/469 542/304/468
f 543/394/469 544/179/470 545/395/471
f 546/178/472 545/395/471 544/179/470
f 545/395/471 546/178/472 547/396/473
f 548/175/474 547/396/473 546/178/472
f 549/174/475 547/396/473 548/175/474
f 547/396/473 549/174/475 550/397/476
f 551/172/477 550/397/476 549/174/475
f 550/397/476 551/172/477 552/295/478
f 553/171/479 552/295/478 551/172/477
f 552/295/478 553/171/479 554/398/480
f 555/169/481 554/398/480 553/171/479
f 554/398/480 555/169/481 556/293/482
f 557/168/483 556/293/482 555/169/481
f 556/293/482 557/168/483 558/292/484
f 559/150/485 558/292/484 557/168/483
f 558/292/484 559/150/485 560/291/486
f 561/148/487 560/291/486 559/150/485
f 560/291/486 561/148/487 562/289/488
f 563/147/489 562/289/488 561/148/487
f 562/289/488 563/147/489 564/288/490
f 565/145/491 564/288/490 563/147/489
f 564/288/490 565/145/491 566/286/492
f 567/146/493 566/286/492 565/145/491
f 566/286/492 567/146/493 568/399/494
f 569/307/495 568/399/494 567/146/493
f 568/399/494 569/307/495 570/400/496
f 571/283/497 570/400/496 569/307/495
f 572/306/498 570/400/496 571/283/497
f 570/400/496 572/306/498 573/401/499
f 574/280/500 573/401/499 572/306/498
f 573/401/499 574/280/500 575/402/501
f 576/112/502 575/402/501 574/280/500
f 577/110/503 575/402/501 576/112/502
f 575/402/501 577/110/503 578/277/504
f 579/109/505 578/277/504 577/110/503
f 580/107/506 578/277/504 579/109/505
f 578/277/504 580/107/506 581/403/507
f 582/106/508 581/403/507 580/107/506
f 581/403/507 582/106/508 583/404/509
f 104/104/101 583/404/509 582/106/508
f 584/103/510 583/404/509 104/104/101
f 583/404/509 584/103/510 585/405/511
f 586/98/512 585/405/511 584/103/510
f 585/405/511 586/98/512 587/406/513
f 588/100/514 587/406/513 586/98/512
f 591/98/515 590/405/516 589/100/514
f 592/406/513 589/100/514 590/405/516
f 590/405/516 591/98/515 302/275/265
f 297/274/263 302/275/265 591/98/515
f 595/407/517 594/408/518 593/409/3
f 596/410/3 593/409/3 594/408/518
f 594/408/518 595/407/517 597/411/519
f 598/412/520 597/411/519 595/407/517
f 597/411/519 598/412/520 599/413/521
f 600/414/522 599/413/521 598/412/520
f 599/413/521 600/414/522 601/415/523
f 602/416/524 601/415/523 600/414/522
f 601/415/523 602/416/524 603/417/525
f 604/418/526 603/417/525 602/416/524
f 603/417/525 604/418/526 605/419/527
f 606/420/528 605/419/527 604/418/526
f 605/419/527 606/420/528 607/421/529
f 608/422/530 607/421/529 606/420/528
f 607/421/529 608/422/530 609/423/531
f 610/424/532 609/423/531 608/422/530
f 609/423/531 610/424/532 611/425/533
f 612/426/534 611/425/533 610/424/532
f 611/425/533 612/426/534 613/427/535
f 614/428/536 613/427/535 612/426/534
f 613/427/535 614/428/536 615/429/537
f 616/430/538 615/429/537 614/428/536
f 615/429/537 616/430/538 617/431/539
f 618/432/540 617/431/539 616/430/538
f 617/431/539 618/432/540 619/433/541
f 620/434/542 619/433/541 618/432/540
f 619/433/541 620/434/542 621/435/543
f 622/436/544 621/435/543 620/434/542
f 621/435/543 622/436/544 623/437/545
f 624/438/546 623/437/545 622/436/544
f 623/437/545 624/438/546 625/439/547
f 626/440/548 625/439/547 624/438/546
f 625/439/547 626/440/548 627/441/549
f 628/442/550 627/441/549 626/440/548
f 627/441/549 628/442/550 629/443/551
f 630/444/552 629/443/551 628/442/550
f 629/443/551 630/444/552 631/445/553
f 632/446/554 631/445/553 630/444/552
f 631/445/553 632/446/554 633/447/555
f 634/448/556 633/447/555 632/446/554
f 633/447/555 634/448/556 635/449/557
f 636/450/558 635/449/557 634/448/556
f 635/449/557 636/450/558 637/451/559
f 638/452/559 637/451/559 636/450/558
f 641/453/3 640/454/3 639/455/560
f 642/456/561 639/455/560 640/454/3
f 639/455/560 642/456/561 643/457/562
f 644/458/563 643/457/562 642/456/561
f 643/457/562 644/458/563 645/459/564
f 646/460/565 645/459/564 644/458/563
f 645/459/564 646/460/565 647/461/566
f 648/462/567 647/461/566 646/460/565
f 647/461/566 648/462/567 649/463/568
f 650/464/569 649/463/568 648/462/567
f 649/463/568 650/464/569 651/465/570
f 652/466/571 651/465/570 650/464/569
f 651/465/570 652/466/571 653/467/572
f 654/468/573 653/467/572 652/466/571
f 653/467/572 654/468/573 655/469/574
f 656/470/575 655/469/574 654/468/573
f 655/469/574 656/470/575 657/471/576
f 658/472/577 657/471/576 656/470/575
f 657/471/576 658/472/577 659/473/578
f 660/474/579 659/473/578 658/472/577
f 659/473/578 660/474/579 661/475/580
f 662/476/581 661/475/580 660/474/579
f 661/475/580 662/476/581 663/477/582
f 664/478/583 663/477/582 662/476/581
f 663/477/582 664/478/583 665/479/584
f 666/480/585 665/479/584 664/478/583
f 665/479/584 666/480/585 667/481/586
f 668/482/587 667/481/586 666/480/585
f 667/481/586 668/482/587 669/483/588
f 670/484/589 669/483/588 668/482/587
f 669/483/588 670/484/589 671/485/590
f 672/486/591 671/485/590 670/484/589
f 671/485/590 672/486/591 673/487/592
f 674/488/593 673/487/592 672/486/591
f 673/487/592 674/488/593 675/489/594
f 676/490/595 675/489/594 674/488/593
f 675/489/594 676/490/595 677/491/596
f 678/492/597 677/491/596 676/490/595
f 677/491/596 678/492/597 679/493/598
f 680/494/599 679/493/598 678/492/597
f 679/493/598 680/494/599 681/495/600
f 682/496/601 681/495/600 680/494/599
f 681/495/600 682/496/601 683/497/559
f 684/498/559 683/497/559 682/496/601
f 687/499/602 686/500/602 685/501/602
f 686/500/602 688/502/602 685/501/602
f 689/503/602 688/502/602 686/500/602
f 690/504/602 688/502/602 689/503/602
f 691/505/602 688/502/602 690/504/602
f 692/506/602 688/502/602 691/505/602
f 693/507/602 688/502/602 692/506/602
f 694/508/602 688/502/602 693/507/602
f 695/509/602 694/508/602 693/507/602
f 696/510/602 694/508/602 695/509/602
f 697/511/602 694/508/602 696/510/602
f 698/512/602 694/508/602 697/511/602
f 699/513/602 694/508/602 698/512/602
f 700/514/602 694/508/602 699/513/602
f 701/515/602 694/508/602 700/514/602
f 702/516/602 688/502/602 694/508/602
f 703/517/602 702/516/602 694/508/602
f 704/518/602 703/517/602 694/508/602
f 705/519/602 704/518/602 694/508/602
f 706/520/602 705/519/602 694/508/602
f 707/521/602 706/520/602 694/508/602
f 708/522/602 707/521/602 694/508/602
f 709/523/602 708/522/602 694/508/602
f 710/524/602 709/523/602 694/508/602
f 711/525/602 708/522/602 709/523/602
f 712/526/602 707/521/602 708/522/602
f 713/527/602 712/526/602 708/522/602
f 714/528/602 707/521/602 712/526/602
f 715/529/602 706/520/602 707/521/602
f 716/530/602 715/529/602 707/521/602
f 717/531/602 716/530/602 707/521/602
f 718/532/602 715/529/602 716/530/602
f 719/533/602 706/520/602 715/529/602
f 720/534/602 719/533/602 715/529/602
f 722/535/602 688/502/602 721/536/602
f 721/536/602 688/502/602 723/537/602
f 723/537/602 688/502/602 724/538/602
f 724/538/602 688/502/602 725/539/602
f 725/539/602 688/502/602 726/540/602
f 726/540/602 688/502/602 727/541/602
f 727/541/602 688/502/602 702/516/602
f 688/502/602 728/542/602 685/501/602
f 731/543/603 730/544/604 729/545/605
f 732/546/606 729/545/605 730/544/604
f 730/544/604 731/543/603 733/547/607
f 734/548/608 733/547/607 731/543/603
f 733/547/607 734/548/608 735/549/609
f 736/550/610 735/549/609 734/548/608
f 729/545/605 732/546/606 737/551/611
f 738/552/612 737/551/611 732/546/606
f 737/551/611 738/552/612 739/553/613
f 740/554/614 739/553/613 738/552/612
f 739/553/613 740/554/614 741/555/615
f 742/556/616 741/555/615 740/554/614
f 741/555/615 742/556/616 743/557/617
f 744/558/617 743/557/617 742/556/616
f 743/557/617 744/558/617 745/559/618
f 746/560/619 745/559/618 744/558/617
f 745/559/618 746/560/619 747/561/620
f 748/562/621 747/561/620 746/560/619
f 747/561/620 748/562/621 749/563/622
f 750/564/623 749/563/622 748/562/621
f 749/563/622 750/564/623 751/565/624
f 752/566/625 751/565/624 750/564/623
f 751/565/624 752/566/625 753/567/626
f 754/568/627 753/567/626 752/566/625
f 753/567/626 754/568/627 755/569/628
f 756/570/629 755/569/628 754/568/627
f 755/569/628 756/570/629 757/571/630
f 758/572/631 757/571/630 756/570/629
f 757/571/630 758/572/631 759/573/632
f 760/574/632 759/573/632 758/572/631
f 759/573/632 760/574/632 761/575/610
f 762/576/609 761/575/610 760/574/632
f 765/546/633 764/544/633 763/552/634
f 764/544/633 766/547/634 763/552/634
f 766/547/634 767/549/633 763/552/634
f 767/549/633 768/577/634 763/552/634
f 768/577/634 769/578/633 763/552/634
f 769/578/633 770/579/633 763/552/634
f 770/579/633 771/580/634 763/552/634
f 771/580/634 772/581/633 763/552/634
f 772/581/633 773/582/634 763/552/634
f 773/582/634 774/570/634 763/552/634
f 774/570/634 775/572/634 763/552/634
f 775/572/634 776/583/633 763/552/634
f 776/583/633 777/584/634 763/552/634
f 777/584/634 778/585/634 763/552/634
f 781/586/635 780/587/636 779/588/637
f 782/589/638 779/588/637 780/587/636
f 780/587/636 781/586/635 783/590/639
f 784/591/640 783/590/639 781/586/635
f 783/590/639 784/591/640 785/592/641
f 786/593/642 785/592/641 784/591/640
f 785/592/641 786/593/642 787/594/643
f 788/595/644 787/594/643 786/593/642
f 779/588/637 782/589/638 789/596/645
f 790/597/646 789/596/645 782/589/638
f 789/596/645 790/597/646 791/598/647
f 792/599/648 791/598/647 790/597/646
f 791/598/647 792/599/648 793/600/649
f 794/601/650 793/600/649 792/599/648
f 793/600/649 794/601/650 795/602/651
f 796/603/652 795/602/651 794/601/650
f 795/602/651 796/603/652 797/604/653
f 798/605/654 797/604/653 796/603/652
f 797/604/653 798/605/654 799/606/655
f 800/607/656 799/606/655 798/605/654
f 799/606/655 800/607/656 801/608/657
f 802/609/658 801/608/657 800/607/656
f 801/608/657 802/609/658 803/610/659
f 804/611/660 803/610/659 802/609/658
f 803/610/659 804/611/660 805/612/661
f 806/613/662 805/612/661 804/611/660
f 805/612/661 806/613/662 807/614/663
f 808/615/664 807/614/663 806/613/662
f 807/614/663 808/615/664 809/616/665
f 810/617/666 809/616/665 808/615/664
f 809/616/665 810/617/666 811/618/644
f 812/619/643 811/618/644 810/617/666
f 810/617/666 813/620/667 812/619/643
f 814/621/668 812/619/643 813/620/667
f 808/615/664 815/622/669 810/617/666
f 813/620/667 810/617/666 815/622/669
f 806/613/662 816/623/670 808/615/664
f 815/622/669 808/615/664 816/623/670
f 804/611/660 817/624/671 806/613/662
f 816/623/670 806/613/662 817/624/671
f 802/609/658 818/625/672 804/611/660
f 817/624/671 804/611/660 818/625/672
f 818/625/672 802/609/658 819/626/673
f 800/607/656 819/626/673 802/609/658
f 819/626/673 800/607/656 820/627/674
f 798/605/654 820/627/674 800/607/656
f 820/627/674 798/605/654 821/628/675
f 796/603/652 821/628/675 798/605/654
f 821/628/675 796/603/652 822/629/676
f 794/601/650 822/629/676 796/603/652
f 822/629/676 794/601/650 823/630/677
f 792/599/648 823/630/677 794/601/650
f 823/630/677 792/599/648 824/631/678
f 790/597/646 824/631/678 792/599/648
f 824/631/678 790/597/646 825/632/679
f 782/589/638 825/632/679 790/597/646
f 825/632/679 782/589/638 826/633/680
f 780/587/636 826/633/680 782/589/638
f 826/633/680 780/587/636 827/634/681
f 783/590/639 827/634/681 780/587/636
f 827/634/681 783/590/639 828/635/682
f 785/592/641 828/635/682 783/590/639
f 828/635/682 785/592/641 829/636/668
f 787/594/643 829/636/668 785/592/641
f 826/633/680 830/637/683 825/632/679
f 831/638/684 825/632/679 830/637/683
f 825/632/679 831/638/684 824/631/678
f 827/634/681 832/639/685 826/633/680
f 830/637/683 826/633/680 832/639/685
f 828/635/682 833/640/686 827/634/681
f 832/639/685 827/634/681 833/640/686
f 829/636/668 834/641/687 828/635/682
f 833/640/686 828/635/682 834/641/687
f 830/637/683 835/642/688 831/638/684
f 836/643/689 831/638/684 835/642/688
f 832/639/685 837/644/690 830/637/683
f 835/642/688 830/637/683 837/644/690
f 833/640/686 838/645/691 832/639/685
f 837/644/690 832/639/685 838/645/691
f 834/641/687 839/646/692 833/640/686
f 838/645/691 833/640/686 839/646/692
f 831/638/684 836/643/689 840/647/693
f 840/647/693 824/631/678 831/638/684
f 824/631/678 840/647/693 823/630/677
f 841/648/694 823/630/677 840/647/693
f 823/630/677 841/648/694 822/629/676
f 842/649/695 822/629/676 841/648/694
f 822/629/676 842/649/695 821/628/675
f 843/650/696 821/628/675 842/649/695
f 821/628/675 843/650/696 820/627/674
f 844/651/697 820/627/674 843/650/696
f 820/627/674 844/651/697 819/626/673
f 845/652/698 819/626/673 844/651/697
f 819/626/673 845/652/698 818/625/672
f 846/653/699 818/625/672 845/652/698
f 818/625/672 846/653/699 817/624/671
f 847/654/700 817/624/671 846/653/699
f 817/624/671 847/654/700 816/623/670
f 848/655/701 816/623/670 847/654/700
f 816/623/670 848/655/701 815/622/669
f 849/656/702 815/622/669 848/655/701
f 815/622/669 849/656/702 813/620/667
f 850/657/703 813/620/667 849/656/702
f 813/620/667 850/657/703 814/621/668
f 851/658/687 814/621/668 850/657/703
f 850/657/703 852/659/704 851/658/687
f 853/660/692 851/658/687 852/659/704
f 849/656/702 854/661/705 850/657/703
f 852/659/704 850/657/703 854/661/705
f 848/655/701 855/662/706 849/656/702
f 854/661/705 849/656/702 855/662/706
f 847/654/700 856/663/707 848/655/701
f 855/662/706 848/655/701 856/663/707
f 846/653/699 857/664/708 847/654/700
f 856/663/707 847/654/700 857/664/708
f 857/664/708 846/653/699 858/665/709
f 845/652/698 858/665/709 846/653/699
f 858/665/709 845/652/698 859/666/710
f 844/651/697 859/666/710 845/652/698
f 859/666/710 844/651/697 860/667/711
f 843/650/696 860/667/711 844/651/697
f 860/667/711 843/650/696 861/668/712
f 842/649/695 861/668/712 843/650/696
f 861/668/712 842/649/695 862/669/713
f 841/648/694 862/669/713 842/649/695
f 862/669/713 841/648/694 863/670/714
f 840/647/693 863/670/714 841/648/694
f 863/670/714 840/647/693 836/643/689
f 857/664/708 864/671/715 856/663/707
f 858/665/709 865/672/716 857/664/708
f 864/671/715 857/664/708 865/672/716
f 859/666/710 866/673/717 858/665/709
f 865/672/716 858/665/709 866/673/717
f 860/667/711 867/674/718 859/666/710
f 866/673/717 859/666/710 867/674/718
f 861/668/712 868/675/719 860/667/711
f 867/674/718 860/667/711 868/675/719
f 862/669/713 869/676/720 861/668/712
f 868/675/719 861/668/712 869/676/720
f 863/670/714 870/677/721 862/669/713
f 869/676/720 862/669/713 870/677/721
f 836/643/689 871/678/722 863/670/714
f 871/678/722 836/643/689 872/679/723
f 835/642/688 872/679/723 836/643/689
f 872/679/723 835/642/688 873/680/724
f 837/644/690 873/680/724 835/642/688
f 873/680/724 837/644/690 874/681/725
f 838/645/691 874/681/725 837/644/690
f 874/681/725 838/645/691 875/682/726
f 839/646/692 875/682/726 838/645/691
f 870/677/721 863/670/714 871/678/722
f 852/659/704 876/683/727 853/660/692
f 877/684/726 853/660/692 876/683/727
f 876/683/727 852/659/704 878/685/728
f 854/661/705 878/685/728 852/659/704
f 878/685/728 854/661/705 879/686/729
f 855/662/706 879/686/729 854/661/705
f 879/686/729 855/662/706 880/687/730
f 856/663/707 880/687/730 855/662/706
f 880/687/730 856/663/707 864/671/715
f 883/688/731 882/689/732 881/690/731
f 882/689/732 884/691/732 881/690/731
f 885/692/732 884/691/732 882/689/732
f 886/693/731 885/692/732 882/689/732
f 887/694/731 886/693/731 882/689/732
f 888/695/732 885/692/732 886/693/731
f 889/696/732 884/691/732 885/692/732
f 890/697/732 889/696/732 885/692/732
f 891/698/732 890/697/732 885/692/732
f 892/699/731 889/696/732 890/697/732
f 893/700/732 884/691/732 889/696/732
f 894/701/731 893/700/732 889/696/732
f 895/702/732 884/691/732 893/700/732
f 881/690/731 884/691/732 896/703/732
f 899/700/633 898/701/634 897/702/634
f 898/701/634 900/703/634 897/702/634
f 901/698/634 900/703/634 898/701/634
f 902/699/634 901/698/634 898/701/634
f 903/696/733 902/699/634 898/701/634
f 904/697/633 901/698/634 902/699/634
f 905/694/634 900/703/634 901/698/634
f 906/695/634 905/694/634 901/698/634
f 907/692/634 906/695/634 901/698/634
f 908/693/633 905/694/634 906/695/634
f 909/688/634 900/703/634 905/694/634
f 910/689/633 909/688/634 905/694/634
f 911/690/633 900/703/634 909/688/634
f 897/702/634 900/703/634 912/691/634
f 915/704/734 914/705/735 913/706/736
f 916/707/737 913/706/736 914/705/735
f 914/705/735 917/708/738 916/707/737
f 918/709/739 916/707/737 917/708/738
f 917/708/738 919/710/740 918/709/739
f 920/711/741 918/709/739 919/710/740
f 919/710/740 921/712/742 920/711/741
f 922/713/743 920/711/741 921/712/742
f 921/712/742 923/714/744 922/713/743
f 924/715/745 922/713/743 923/714/744
f 923/714/744 925/716/746 924/715/745
f 926/717/747 924/715/745 925/716/746
f 925/716/746 927/718/748 926/717/747
f 928/719/749 926/717/747 927/718/748
f 927/718/748 929/720/750 928/719/749
f 930/721/751 928/719/749 929/720/750
f 929/720/750 931/722/752 930/721/751
f 932/723/753 930/721/751 931/722/752
f 931/722/752 933/724/754 932/723/753
f 934/725/755 932/723/753 933/724/754
f 933/724/754 935/726/756 934/725/755
f 936/727/757 934/725/755 935/726/756
f 935/726/756 937/728/758 936/727/757
f 938/729/759 936/727/757 937/728/758
f 937/728/758 939/730/760 938/729/759
f 940/731/761 938/729/759 939/730/760
f 939/730/760 941/732/762 940/731/761
f 942/733/763 940/731/761 941/732/762
f 941/732/762 943/734/764 942/733/763
f 944/735/765 942/733/763 943/734/764
f 943/734/764 945/736/766 944/735/765
f 946/737/767 944/735/765 945/736/766
f 945/736/766 947/738/768 946/737/767
f 948/739/769 946/737/767 947/738/768
f 947/738/768 949/740/770 948/739/769
f 950/741/771 948/739/769 949/740/770
f 949/740/770 951/742/772 950/741/771
f 952/743/773 950/741/771 951/742/772
f 951/742/772 953/744/774 952/743/773
f 954/745/775 952/743/773 953/744/774
f 940/731/761 942/733/763 955/746/776
f 955/746/776 956/747/777 940/731/761
f 957/748/778 955/746/776 942/733/763
f 942/733/763 944/735/765 957/748/778
f 958/749/779 957/748/778 944/735/765
f 944/735/765 946/737/767 958/749/779
f 959/750/780 958/749/779 946/737/767
f 946/737/767 948/739/769 959/750/780
f 960/751/781 959/750/780 948/739/769
f 948/739/769 950/741/771 960/751/781
f 961/752/782 960/751/781 950/741/771
f 950/741/771 952/743/773 961/752/782
f 962/753/783 961/752/782 952/743/773
f 952/743/773 954/745/775 962/753/783
f 963/754/784 962/753/783 954/745/775
f 954/745/775 953/744/774 964/755/785
f 965/756/786 964/755/785 953/744/774
f 964/755/785 966/757/787 954/745/775
f 963/754/784 954/745/775 966/757/787
f 956/747/777 967/758/788 938/729/759
f 936/727/757 938/729/759 967/758/788
f 938/729/759 940/731/761 956/747/777
f 969/758/789 968/759/790 936/727/757
f 934/725/755 936/727/757 968/759/790
f 968/759/790 970/760/791 934/725/755
f 932/723/753 934/725/755 970/760/791
f 972/760/792 971/761/793 932/723/753
f 930/721/751 932/723/753 971/761/793
f 971/761/793 973/762/794 930/721/751
f 928/719/749 930/721/751 973/762/794
f 973/762/794 974/763/795 928/719/749
f 926/717/747 928/719/749 974/763/795
f 974/763/795 975/764/796 926/717/747
f 924/715/745 926/717/747 975/764/796
f 975/764/796 976/765/797 924/715/745
f 922/713/743 924/715/745 976/765/797
f 976/765/797 977/766/798 922/713/743
f 920/711/741 922/713/743 977/766/798
f 977/766/798 978/767/799 920/711/741
f 918/709/739 920/711/741 978/767/799
f 978/767/799 979/768/800 918/709/739
f 916/707/737 918/709/739 979/768/800
f 979/768/800 980/769/801 916/707/737
f 913/706/736 916/707/737 980/769/801
f 913/706/736 980/769/801 981/770/802
f 981/770/802 982/771/803 913/706/736
f 915/704/734 913/706/736 982/771/803
f 983/772/804 981/770/802 980/769/801
f 986/744/602 985/742/602 984/704/602
f 985/742/602 987/740/602 984/704/602
f 987/740/602 988/738/602 984/704/602
f 988/738/602 989/736/602 984/704/602
f 989/736/602 990/734/602 984/704/602
f 990/734/602 991/732/602 984/704/602
f 991/732/602 992/730/602 984/704/602
f 992/730/602 993/728/602 984/704/602
f 993/728/602 994/726/602 984/704/602
f 994/726/602 995/724/602 984/704/602
f 995/724/602 996/722/602 984/704/602
f 996/722/602 997/720/602 984/704/602
f 997/720/602 998/718/602 984/704/602
f 998/718/602 999/716/602 984/704/602
f 999/716/602 1000/714/602 984/704/602
f 1000/714/602 1001/712/602 984/704/602
f 1001/712/602 1002/710/602 984/704/602
f 1002/710/602 1003/708/602 984/704/602
f 1003/708/602 1004/705/602 984/704/602
f 1006/771/602 1005/756/602 984/704/602
f 986/744/602 984/704/602 1005/756/602
f 1009/744/805 1008/742/806 1007/745/807
f 1010/743/808 1007/745/807 1008/742/806
f 1008/742/806 1011/740/809 1010/743/808
f 1012/741/810 1010/743/808 1011/740/809
f 1011/740/809 1013/738/811 1012/741/810
f 1014/739/812 1012/741/810 1013/738/811
f 1013/738/811 1015/736/813 1014/739/812
f 1016/737/814 1014/739/812 1015/736/813
f 1015/736/813 1017/734/815 1016/737/814
f 1018/735/816 1016/737/814 1017/734/815
f 1017/734/815 1019/732/817 1018/735/816
f 1020/733/818 1018/735/816 1019/732/817
f 1019/732/817 1021/730/819 1020/733/818
f 1022/731/820 1020/733/818 1021/730/819
f 1021/730/819 1023/773/821 1022/731/820
f 1024/729/822 1022/731/820 1023/773/821
f 1023/773/821 1025/726/823 1024/729/822
f 1026/727/824 1024/729/822 1025/726/823
f 1025/726/823 1027/724/825 1026/727/824
f 1028/774/826 1026/727/824 1027/724/825
f 1027/724/825 1029/722/827 1028/774/826
f 1030/723/828 1028/774/826 1029/722/827
f 1029/722/827 1031/775/829 1030/723/828
f 1032/721/830 1030/723/828 1031/775/829
f 1031/775/829 1033/718/831 1032/721/830
f 1034/719/832 1032/721/830 1033/718/831
f 1033/718/831 1035/776/833 1034/719/832
f 1036/717/834 1034/719/832 1035/776/833
f 1035/776/833 1037/714/835 1036/717/834
f 1038/715/836 1036/717/834 1037/714/835
f 1037/714/835 1039/712/837 1038/715/836
f 1040/713/838 1038/715/836 1039/712/837
f 1039/712/837 1041/710/839 1040/713/838
f 1042/711/840 1040/713/838 1041/710/839
f 1041/710/839 1043/708/841 1042/711/840
f 1044/777/842 1042/711/840 1043/708/841
f 1043/708/841 1045/778/843 1044/777/842
f 1046/707/844 1044/777/842 1045/778/843
f 1045/778/843 1047/779/845 1046/707/844
f 1048/780/846 1046/707/844 1047/779/845
f 1034/719/832 1036/717/834 1049/762/847
f 1049/762/847 1050/761/848 1034/719/832
f 1051/763/795 1049/762/847 1036/717/834
f 1036/717/834 1038/715/836 1051/763/795
f 1052/764/796 1051/763/795 1038/715/836
f 1038/715/836 1040/713/838 1052/764/796
f 1053/765/797 1052/764/796 1040/713/838
f 1040/713/838 1042/711/840 1053/765/797
f 1054/766/798 1053/765/797 1042/711/840
f 1042/711/840 1044/777/842 1054/766/798
f 1055/767/849 1054/766/798 1044/777/842
f 1044/777/842 1046/707/844 1055/767/849
f 1056/768/850 1055/767/849 1046/707/844
f 1046/707/844 1048/780/846 1056/768/850
f 1057/769/801 1056/768/850 1048/780/846
f 1048/780/846 1047/779/845 1058/770/851
f 1059/771/852 1058/770/851 1047/779/845
f 1058/770/851 1060/772/804 1048/780/846
f 1057/769/801 1048/780/846 1060/772/804
f 1050/761/848 1061/760/792 1032/721/830
f 1030/723/828 1032/721/830 1061/760/792
f 1032/721/830 1034/719/832 1050/761/848
f 1063/760/791 1062/759/790 1030/723/828
f 1028/774/826 1030/723/828 1062/759/790
f 1062/759/790 1064/758/788 1028/774/826
f 1026/727/824 1028/774/826 1064/758/788
f 1066/758/789 1065/747/777 1026/727/824
f 1024/729/822 1026/727/824 1065/747/777
f 1065/747/777 1067/746/853 1024/729/822
f 1022/731/820 1024/729/822 1067/746/853
f 1067/746/853 1068/748/778 1022/731/820
f 1020/733/818 1022/731/820 1068/748/778
f 1068/748/778 1069/749/779 1020/733/818
f 1018/735/816 1020/733/818 1069/749/779
f 1069/749/779 1070/750/780 1018/735/816
f 1016/737/814 1018/735/816 1070/750/780
f 1070/750/780 1071/751/781 1016/737/814
f 1014/739/812 1016/737/814 1071/751/781
f 1071/751/781 1072/752/854 1014/739/812
f 1012/741/810 1014/739/812 1072/752/854
f 1072/752/854 1073/753/783 1012/741/810
f 1010/743/808 1012/741/810 1073/753/783
f 1073/753/783 1074/754/784 1010/743/808
f 1007/745/807 1010/743/808 1074/754/784
f 1007/745/807 1074/754/784 1075/755/855
f 1075/755/855 1076/756/856 1007/745/807
f 1009/744/805 1007/745/807 1076/756/856
f 1077/757/857 1075/755/855 1074/754/784
f 1080/779/858 1079/778/858 1078/744/858
f 1079/778/858 1081/708/858 1078/744/858
f 1081/708/858 1082/710/858 1078/744/858
f 1082/710/858 1083/712/858 1078/744/858
f 1083/712/858 1084/714/858 1078/744/858
f 1084/714/858 1085/776/858 1078/744/858
f 1085/776/858 1086/718/858 1078/744/858
f 1086/718/858 1087/775/858 1078/744/858
f 1087/775/858 1088/722/858 1078/744/858
f 1088/722/858 1089/724/858 1078/744/858
f 1089/724/858 1090/726/858 1078/744/858
f 1090/726/858 1091/773/858 1078/744/858
f 1091/773/858 1092/730/858 1078/744/858
f 1092/730/858 1093/732/858 1078/744/858
f 1093/732/858 1094/734/858 1078/744/858
f 1094/734/858 1095/736/858 1078/744/858
f 1095/736/858 1096/738/858 1078/744/858
f 1096/738/858 1097/740/858 1078/744/858
f 1097/740/858 1098/742/858 1078/744/858
f 1100/756/858 1099/771/858 1078/744/858
f 1080/779/858 1078/744/858 1099/771/858
f 1103/707/859 1102/705/860 1101/706/861
f 1104/704/862 1101/706/861 1102/705/860
f 1102/705/860 1103/707/859 1105/708/863
f 1106/709/864 1105/708/863 1103/707/859
f 1105/708/863 1106/709/864 1107/710/865
f 1108/711/866 1107/710/865 1106/709/864
f 1107/710/865 1108/711/866 1109/712/867
f 1110/713/868 1109/712/867 1108/711/866
f 1109/712/867 1110/713/868 1111/714/869
f 1112/715/870 1111/714/869 1110/713/868
f 1111/714/869 1112/715/870 1113/716/871
f 1114/717/872 1113/716/871 1112/715/870
f 1113/716/871 1114/717/872 1115/718/873
f 1116/719/874 1115/718/873 1114/717/872
f 1115/718/873 1116/719/874 1117/720/875
f 1118/721/876 1117/720/875 1116/719/874
f 1117/720/875 1118/721/876 1119/722/877
f 1120/723/878 1119/722/877 1118/721/876
f 1119/722/877 1120/723/878 1121/724/879
f 1122/725/880 1121/724/879 1120/723/878
f 1121/724/879 1122/725/880 1123/726/881
f 1124/727/882 1123/726/881 1122/725/880
f 1123/726/881 1124/727/882 1125/728/883
f 1126/729/884 1125/728/883 1124/727/882
f 1125/728/883 1126/729/884 1127/730/885
f 1128/731/886 1127/730/885 1126/729/884
f 1127/730/885 1128/731/886 1129/732/887
f 1130/733/888 1129/732/887 1128/731/886
f 1129/732/887 1130/733/888 1131/734/889
f 1132/735/890 1131/734/889 1130/733/888
f 1131/734/889 1132/735/890 1133/736/891
f 1134/737/892 1133/736/891 1132/735/890
f 1133/736/891 1134/737/892 1135/738/893
f 1136/739/894 1135/738/893 1134/737/892
f 1135/738/893 1136/739/894 1137/740/895
f 1138/741/896 1137/740/895 1136/739/894
f 1137/740/895 1138/741/896 1139/742/897
f 1140/743/898 1139/742/897 1138/741/896
f 1139/742/897 1140/743/898 1141/744/899
f 1142/745/900 1141/744/899 1140/743/898
f 1128/731/886 1143/746/901 1130/733/888
f 1143/746/901 1128/731/886 1144/747/902
f 1126/729/884 1144/747/902 1128/731/886
f 1144/747/902 1126/729/884 1145/758/903
f 1124/727/882 1145/758/903 1126/729/884
f 1134/737/892 1146/750/904 1136/739/894
f 1146/750/904 1134/737/892 1147/749/905
f 1132/735/890 1147/749/905 1134/737/892
f 1147/749/905 1132/735/890 1148/748/906
f 1148/748/906 1130/733/888 1143/746/901
f 1130/733/888 1148/748/906 1132/735/890
f 1140/743/898 1149/753/907 1142/745/900
f 1149/753/907 1140/743/898 1150/752/908
f 1138/741/896 1150/752/908 1140/743/898
f 1150/752/908 1138/741/896 1151/751/909
f 1151/751/909 1136/739/894 1146/750/904
f 1136/739/894 1151/751/909 1138/741/896
f 1122/725/880 1152/759/910 1124/727/882
f 1152/759/910 1122/725/880 1153/760/911
f 1120/723/878 1153/760/911 1122/725/880
f 1118/721/876 1154/761/912 1120/723/878
f 1154/761/912 1118/721/876 1155/762/913
f 1116/719/874 1155/762/913 1118/721/876
f 1155/762/913 1116/719/874 1156/763/914
f 1114/717/872 1156/763/914 1116/719/874
f 1156/763/914 1114/717/872 1157/764/915
f 1112/715/870 1157/764/915 1114/717/872
f 1157/764/915 1112/715/870 1158/765/916
f 1110/713/868 1158/765/916 1112/715/870
f 1158/765/916 1110/713/868 1159/766/917
f 1108/711/866 1159/766/917 1110/713/868
f 1159/766/917 1108/711/866 1160/767/918
f 1106/709/864 1160/767/918 1108/711/866
f 1160/767/918 1106/709/864 1161/768/919
f 1103/707/859 1161/768/919 1106/709/864
f 1161/768/919 1103/707/859 1162/769/920
f 1101/706/861 1162/769/920 1103/707/859
f 1101/706/861 1163/770/921 1162/769/920
f 1163/770/921 1101/706/861 1164/771/922
f 1104/704/862 1164/771/922 1101/706/861
f 1165/772/923 1162/769/920 1163/770/921
f 1166/760/924 1120/723/878 1154/761/912
f 1167/758/925 1124/727/882 1152/759/910
f 1168/754/926 1142/745/900 1149/753/907
f 1168/754/926 1169/757/927 1142/745/900
f 1170/755/928 1142/745/900 1169/757/927
f 1142/745/900 1170/755/928 1141/744/899
f 1171/756/929 1141/744/899 1170/755/928
f 1174/705/602 1173/708/602 1172/704/602
f 1173/708/602 1175/710/602 1172/704/602
f 1175/710/602 1176/712/602 1172/704/602
f 1176/712/602 1177/714/602 1172/704/602
f 1177/714/602 1178/716/602 1172/704/602
f 1178/716/602 1179/718/602 1172/704/602
f 1179/718/602 1180/720/602 1172/704/602
f 1180/720/602 1181/722/602 1172/704/602
f 1181/722/602 1182/724/602 1172/704/602
f 1182/724/602 1183/726/602 1172/704/602
f 1183/726/602 1184/728/602 1172/704/602
f 1184/728/602 1185/730/602 1172/704/602
f 1185/730/602 1186/732/602 1172/704/602
f 1186/732/602 1187/734/602 1172/704/602
f 1187/734/602 1188/736/602 1172/704/602
f 1188/736/602 1189/738/602 1172/704/602
f 1189/738/602 1190/740/602 1172/704/602
f 1190/740/602 1191/742/602 1172/704/602
f 1191/742/602 1192/744/602 1172/704/602
f 1192/744/602 1193/756/602 1172/704/602
f 1194/771/602 1172/704/602 1193/756/602
f 1197/743/930 1196/742/931 1195/745/932
f 1198/744/933 1195/745/932 1196/742/931
f 1196/742/931 1197/743/930 1199/740/934
f 1200/741/935 1199/740/934 1197/743/930
f 1199/740/934 1200/741/935 1201/738/936
f 1202/739/937 1201/738/936 1200/741/935
f 1201/738/936 1202/739/937 1203/736/938
f 1204/737/939 1203/736/938 1202/739/937
f 1203/736/938 1204/737/939 1205/734/940
f 1206/735/941 1205/734/940 1204/737/939
f 1205/734/940 1206/735/941 1207/732/942
f 1208/733/943 1207/732/942 1206/735/941
f 1207/732/942 1208/733/943 1209/730/944
f 1210/731/945 1209/730/944 1208/733/943
f 1209/730/944 1210/731/945 1211/773/946
f 1212/729/947 1211/773/946 1210/731/945
f 1211/773/946 1212/729/947 1213/726/948
f 1214/727/949 1213/726/948 1212/729/947
f 1213/726/948 1214/727/949 1215/724/950
f 1216/774/951 1215/724/950 1214/727/949
f 1215/724/950 1216/774/951 1217/722/952
f 1218/723/953 1217/722/952 1216/774/951
f 1217/722/952 1218/723/953 1219/775/954
f 1220/721/955 1219/775/954 1218/723/953
f 1219/775/954 1220/721/955 1221/718/956
f 1222/719/957 1221/718/956 1220/721/955
f 1221/718/956 1222/719/957 1223/776/958
f 1224/717/959 1223/776/958 1222/719/957
f 1223/776/958 1224/717/959 1225/714/960
f 1226/715/961 1225/714/960 1224/717/959
f 1225/714/960 1226/715/961 1227/712/962
f 1228/713/963 1227/712/962 1226/715/961
f 1227/712/962 1228/713/963 1229/710/964
f 1230/711/965 1229/710/964 1228/713/963
f 1229/710/964 1230/711/965 1231/708/966
f 1232/777/967 1231/708/966 1230/711/965
f 1231/708/966 1232/777/967 1233/778/968
f 1234/707/969 1233/778/968 1232/777/967
f 1233/778/968 1234/707/969 1235/779/970
f 1236/780/971 1235/779/970 1234/707/969
f 1222/719/957 1237/762/913 1224/717/959
f 1237/762/913 1222/719/957 1238/761/912
f 1220/721/955 1238/761/912 1222/719/957
f 1238/761/912 1220/721/955 1239/760/924
f 1218/723/953 1239/760/924 1220/721/955
f 1228/713/963 1240/765/916 1230/711/965
f 1240/765/916 1228/713/963 1241/764/915
f 1226/715/961 1241/764/915 1228/713/963
f 1241/764/915 1226/715/961 1242/763/914
f 1242/763/914 1224/717/959 1237/762/913
f 1224/717/959 1242/763/914 1226/715/961
f 1234/707/969 1243/768/972 1236/780/971
f 1243/768/972 1234/707/969 1244/767/918
f 1232/777/967 1244/767/918 1234/707/969
f 1244/767/918 1232/777/967 1245/766/917
f 1245/766/917 1230/711/965 1240/765/916
f 1230/711/965 1245/766/917 1232/777/967
f 1216/774/951 1246/759/910 1218/723/953
f 1246/759/910 1216/774/951 1247/758/903
f 1214/727/949 1247/758/903 1216/774/951
f 1212/729/947 1248/747/902 1214/727/949
f 1248/747/902 1212/729/947 1249/746/973
f 1210/731/945 1249/746/973 1212/729/947
f 1249/746/973 1210/731/945 1250/748/906
f 1208/733/943 1250/748/906 1210/731/945
f 1250/748/906 1208/733/943 1251/749/905
f 1206/735/941 1251/749/905 1208/733/943
f 1251/749/905 1206/735/941 1252/750/904
f 1204/737/939 1252/750/904 1206/735/941
f 1252/750/904 1204/737/939 1253/751/909
f 1202/739/937 1253/751/909 1204/737/939
f 1253/751/909 1202/739/937 1254/752/974
f 1200/741/935 1254/752/974 1202/739/937
f 1254/752/974 1200/741/935 1255/753/907
f 1197/743/930 1255/753/907 1200/741/935
f 1255/753/907 1197/743/930 1256/754/926
f 1195/745/932 1256/754/926 1197/743/930
f 1195/745/932 1257/755/975 1256/754/926
f 1257/755/975 1195/745/932 1258/756/976
f 1198/744/933 1258/756/976 1195/745/932
f 1259/757/977 1256/754/926 1257/755/975
f 1260/758/925 1214/727/949 1248/747/902
f 1261/760/924 1218/723/953 1246/759/910
f 1262/769/920 1236/780/971 1243/768/972
f 1262/769/920 1263/772/923 1236/780/971
f 1264/770/978 1236/780/971 1263/772/923
f 1236/780/971 1264/770/978 1235/779/970
f 1265/771/979 1235/779/970 1264/770/978
f 1268/742/858 1267/740/858 1266/744/858
f 1267/740/858 1269/738/858 1266/744/858
f 1269/738/858 1270/736/858 1266/744/858
f 1270/736/858 1271/734/858 1266/744/858
f 1271/734/858 1272/732/858 1266/744/858
f 1272/732/858 1273/730/858 1266/744/858
f 1273/730/858 1274/773/858 1266/744/858
f 1274/773/858 1275/726/858 1266/744/858
f 1275/726/858 1276/724/858 1266/744/858
f 1276/724/858 1277/722/858 1266/744/858
f 1277/722/858 1278/775/858 1266/744/858
f 1278/775/858 1279/718/858 1266/744/858
f 1279/718/858 1280/776/858 1266/744/858
f 1280/776/858 1281/714/858 1266/744/858
f 1281/714/858 1282/712/858 1266/744/858
f 1282/712/858 1283/710/858 1266/744/858
f 1283/710/858 1284/708/858 1266/744/858
f 1284/708/858 1285/778/858 1266/744/858
f 1285/778/858 1286/779/858 1266/744/858
f 1286/779/858 1287/771/858 1266/744/858
f 1288/756/858 1266/744/858 1287/771/858
f 1291/781/980 1290/782/981 1289/783/982
f 1292/784/983 1289/783/982 1290/782/981
f 1290/782/981 1293/785/984 1292/784/983
f 1294/786/985 1292/784/983 1293/785/984
f 1292/784/983 1294/786/985 1289/783/982
f 1293/785/984 1295/787/986 1294/786/985
f 1296/788/987 1294/786/985 1295/787/986
f 1295/787/986 1297/789/988 1296/788/987
f 1298/790/989 1296/788/987 1297/789/988
f 1296/788/987 1298/790/989 1294/786/985
f 1297/789/988 1299/791/990 1298/790/989
f 1300/792/991 1298/790/989 1299/791/990
f 1299/791/990 1301/793/992 1300/792/991
f 1302/794/993 1300/792/991 1301/793/992
f 1300/792/991 1302/794/993 1298/790/989
f 1298/790/989 1302/794/993 1294/786/985
f 1301/793/992 1303/795/994 1302/794/993
f 1304/796/995 1302/794/993 1303/795/994
f 1303/795/994 1305/797/996 1304/796/995
f 1306/798/997 1304/796/995 1305/797/996
f 1304/796/995 1306/798/997 1302/794/993
f 1305/797/996 1307/799/998 1306/798/997
f 1308/800/999 1306/798/997 1307/799/998
f 1307/799/998 1309/801/1000 1308/800/999
f 1310/802/1001 1308/800/999 1309/801/1000
f 1308/800/999 1310/802/1001 1306/798/997
f 1306/798/997 1310/802/1001 1302/794/993
f 1309/801/1000 1311/803/1002 1310/802/1001
f 1312/804/1003 1310/802/1001 1311/803/1002
f 1311/803/1002 1313/805/1004 1312/804/1003
f 1314/806/1005 1312/804/1003 1313/805/1004
f 1312/804/1003 1314/806/1005 1310/802/1001
f 1313/805/1004 1315/807/1006 1314/806/1005
f 1316/808/1007 1314/806/1005 1315/807/1006
f 1315/807/1006 1317/809/1008 1316/808/1007
f 1318/810/1009 1316/808/1007 1317/809/1008
f 1316/808/1007 1318/810/1009 1314/806/1005
f 1314/806/1005 1318/810/1009 1310/802/1001
f 1317/809/1008 1319/811/1010 1318/810/1009
f 1320/812/1011 1318/810/1009 1319/811/1010
f 1319/811/1010 1321/813/1012 1320/812/1011
f 1322/814/1013 1320/812/1011 1321/813/1012
f 1320/812/1011 1322/814/1013 1318/810/1009
f 1321/813/1012 1323/815/1014 1322/814/1013
f 1324/816/1015 1322/814/1013 1323/815/1014
f 1323/815/1014 1291/781/980 1324/816/1015
f 1289/783/982 1324/816/1015 1291/781/980
f 1318/810/1009 1322/814/1013 1289/783/982
f 1289/783/982 1322/814/1013 1324/816/1015
f 1294/786/985 1318/810/1009 1289/783/982
f 1310/802/1001 1318/810/1009 1294/786/985
f 1302/794/993 1310/802/1001 1294/786/985
f 1327/817/1016 1326/818/1017 1325/819/1018
f 1328/820/1019 1325/819/1018 1326/818/1017
f 1326/818/1017 1329/821/1020 1328/820/1019
f 1330/822/1021 1328/820/1019 1329/821/1020
f 1329/821/1020 1331/823/1022 1330/822/1021
f 1332/824/1023 1330/822/1021 1331/823/1022
f 1331/823/1022 1333/825/1024 1332/824/1023
f 1334/826/1025 1332/824/1023 1333/825/1024
f 1333/825/1024 1335/827/1026 1334/826/1025
f 1336/828/1027 1334/826/1025 1335/827/1026
f 1335/827/1026 1337/829/1028 1336/828/1027
f 1338/830/1029 1336/828/1027 1337/829/1028
f 1337/829/1028 1339/831/1030 1338/830/1029
f 1340/832/1031 1338/830/1029 1339/831/1030
f 1339/831/1030 1341/833/1032 1340/832/1031
f 1342/834/1033 1340/832/1031 1341/833/1032
f 1341/833/1032 1343/835/1034 1342/834/1033
f 1344/836/1035 1342/834/1033 1343/835/1034
f 1331/823/1022 1329/821/1020 1345/837/1036
f 1346/838/1037 1345/837/1036 1329/821/1020
f 1329/821/1020 1326/818/1017 1346/838/1037
f 1347/839/1038 1346/838/1037 1326/818/1017
f 1326/818/1017 1327/817/1016 1347/839/1038
f 1348/840/1039 1347/839/1038 1327/817/1016
f 1339/831/1030 1337/829/1028 1349/841/1040
f 1350/842/1041 1349/841/1040 1337/829/1028
f 1349/841/1040 1351/843/1042 1339/831/1030
f 1341/833/1032 1339/831/1030 1351/843/1042
f 1351/843/1042 1352/844/1043 1341/833/1032
f 1343/835/1034 1341/833/1032 1352/844/1043
f 1347/839/1038 1348/840/1039 1353/845/1044
f 1354/846/1045 1353/845/1044 1348/840/1039
f 1353/845/1044 1355/847/1046 1347/839/1038
f 1346/838/1037 1347/839/1038 1355/847/1046
f 1355/847/1046 1356/848/1047 1346/838/1037
f 1345/837/1036 1346/838/1037 1356/848/1047
f 1356/848/1047 1357/849/1048 1345/837/1036
f 1358/850/1049 1345/837/1036 1357/849/1048
f 1357/849/1048 1359/851/1050 1358/850/1049
f 1360/852/1051 1358/850/1049 1359/851/1050
f 1358/850/1049 1360/852/1051 1333/825/1024
f 1333/825/1024 1331/823/1022 1358/850/1049
f 1345/837/1036 1358/850/1049 1331/823/1022
f 1335/827/1026 1333/825/1024 1360/852/1051
f 1360/852/1051 1350/842/1041 1335/827/1026
f 1337/829/1028 1335/827/1026 1350/842/1041
f 1359/851/1050 1361/853/1052 1360/852/1051
f 1350/842/1041 1360/852/1051 1361/853/1052
f 1361/853/1052 1362/854/1053 1350/842/1041
f 1349/841/1040 1350/842/1041 1362/854/1053
f 1362/854/1053 1363/855/1054 1349/841/1040
f 1351/843/1042 1349/841/1040 1363/855/1054
f 1363/855/1054 1364/856/1055 1351/843/1042
f 1352/844/1043 1351/843/1042 1364/856/1055
f 1361/853/1052 1359/851/1050 1365/857/1056
f 1366/858/1057 1365/857/1056 1359/851/1050
f 1365/857/1056 1367/859/1058 1361/853/1052
f 1362/854/1053 1361/853/1052 1367/859/1058
f 1367/859/1058 1368/860/1059 1362/854/1053
f 1363/855/1054 1362/854/1053 1368/860/1059
f 1368/860/1059 1369/861/1060 1363/855/1054
f 1364/856/1055 1363/855/1054 1369/861/1060
f 1365/857/1056 1366/858/1057 1370/862/1061
f 1371/863/1062 1370/862/1061 1366/858/1057
f 1366/858/1057 1372/864/1063 1371/863/1062
f 1372/864/1063 1366/858/1057 1357/849/1048
f 1357/849/1048 1356/848/1047 1372/864/1063
f 1373/865/1064 1372/864/1063 1356/848/1047
f 1356/848/1047 1355/847/1046 1373/865/1064
f 1374/866/1065 1373/865/1064 1355/847/1046
f 1355/847/1046 1353/845/1044 1374/866/1065
f 1375/867/1066 1374/866/1065 1353/845/1044
f 1353/845/1044 1354/846/1045 1375/867/1066
f 1376/868/1067 1375/867/1066 1354/846/1045
f 1359/851/1050 1357/849/1048 1366/858/1057
f 1375/867/1066 1376/868/1067 1377/869/1068
f 1378/870/1069 1377/869/1068 1376/868/1067
f 1377/869/1068 1379/871/1070 1375/867/1066
f 1374/866/1065 1375/867/1066 1379/871/1070
f 1379/871/1070 1380/872/1071 1374/866/1065
f 1373/865/1064 1374/866/1065 1380/872/1071
f 1380/872/1071 1381/873/1072 1373/865/1064
f 1372/864/1063 1373/865/1064 1381/873/1072
f 1381/873/1072 1371/863/1062 1372/864/1063
f 1384/835/1034 1383/833/1073 1382/836/1035
f 1385/834/1074 1382/836/1035 1383/833/1073
f 1383/833/1073 1386/831/1075 1385/834/1074
f 1387/832/1076 1385/834/1074 1386/831/1075
f 1386/831/1075 1388/829/1077 1387/832/1076
f 1389/830/1078 1387/832/1076 1388/829/1077
f 1388/829/1077 1390/827/1079 1389/830/1078
f 1391/828/1080 1389/830/1078 1390/827/1079
f 1390/827/1079 1392/825/1081 1391/828/1080
f 1393/826/1082 1391/828/1080 1392/825/1081
f 1392/825/1081 1394/823/1083 1393/826/1082
f 1395/824/1084 1393/826/1082 1394/823/1083
f 1394/823/1083 1396/874/1085 1395/824/1084
f 1397/822/1086 1395/824/1084 1396/874/1085
f 1396/874/1085 1398/818/1087 1397/822/1086
f 1399/820/1088 1397/822/1086 1398/818/1087
f 1398/818/1087 1400/817/1016 1399/820/1088
f 1401/819/1018 1399/820/1088 1400/817/1016
f 1388/829/1077 1386/831/1075 1402/842/1089
f 1403/841/1090 1402/842/1089 1386/831/1075
f 1386/831/1075 1383/833/1073 1403/841/1090
f 1404/843/1091 1403/841/1090 1383/833/1073
f 1383/833/1073 1384/835/1034 1404/843/1091
f 1405/844/1043 1404/843/1091 1384/835/1034
f 1396/874/1085 1394/823/1083 1406/838/1092
f 1407/837/1093 1406/838/1092 1394/823/1083
f 1406/838/1092 1408/839/1094 1396/874/1085
f 1398/818/1087 1396/874/1085 1408/839/1094
f 1408/839/1094 1409/840/1039 1398/818/1087
f 1400/817/1016 1398/818/1087 1409/840/1039
f 1404/843/1091 1405/844/1043 1410/855/1095
f 1411/856/1055 1410/855/1095 1405/844/1043
f 1410/855/1095 1412/854/1096 1404/843/1091
f 1403/841/1090 1404/843/1091 1412/854/1096
f 1412/854/1096 1413/853/1097 1403/841/1090
f 1402/842/1089 1403/841/1090 1413/853/1097
f 1413/853/1097 1414/851/1098 1402/842/1089
f 1415/852/1099 1402/842/1089 1414/851/1098
f 1414/851/1098 1416/849/1100 1415/852/1099
f 1417/850/1101 1415/852/1099 1416/849/1100
f 1415/852/1099 1417/850/1101 1390/827/1079
f 1390/827/1079 1388/829/1077 1415/852/1099
f 1402/842/1089 1415/852/1099 1388/829/1077
f 1392/825/1081 1390/827/1079 1417/850/1101
f 1417/850/1101 1407/837/1093 1392/825/1081
f 1394/823/1083 1392/825/1081 1407/837/1093
f 1416/849/1100 1418/848/1102 1417/850/1101
f 1407/837/1093 1417/850/1101 1418/848/1102
f 1418/848/1102 1419/847/1103 1407/837/1093
f 1406/838/1092 1407/837/1093 1419/847/1103
f 1419/847/1103 1420/845/1104 1406/838/1092
f 1408/839/1094 1406/838/1092 1420/845/1104
f 1420/845/1104 1421/846/1045 1408/839/1094
f 1409/840/1039 1408/839/1094 1421/846/1045
f 1418/848/1102 1416/849/1100 1422/865/1105
f 1423/864/1106 1422/865/1105 1416/849/1100
f 1422/865/1105 1424/866/1107 1418/848/1102
f 1419/847/1103 1418/848/1102 1424/866/1107
f 1424/866/1107 1425/867/1108 1419/847/1103
f 1420/845/1104 1419/847/1103 1425/867/1108
f 1425/867/1108 1426/868/1067 1420/845/1104
f 1421/846/1045 1420/845/1104 1426/868/1067
f 1422/865/1105 1423/864/1106 1427/872/1109
f 1428/873/1110 1427/872/1109 1423/864/1106
f 1423/864/1106 1429/858/1111 1428/873/1110
f 1429/858/1111 1423/864/1106 1414/851/1098
f 1414/851/1098 1413/853/1097 1429/858/1111
f 1430/857/1112 1429/858/1111 1413/853/1097
f 1413/853/1097 1412/854/1096 1430/857/1112
f 1431/875/1113 1430/857/1112 1412/854/1096
f 1412/854/1096 1410/855/1095 1431/875/1113
f 1432/860/1114 1431/875/1113 1410/855/1095
f 1410/855/1095 1411/856/1055 1432/860/1114
f 1433/861/1060 1432/860/1114 1411/856/1055
f 1416/849/1100 1414/851/1098 1423/864/1106
f 1432/860/1114 1433/861/1060 1434/876/1115
f 1435/877/1116 1434/876/1115 1433/861/1060
f 1434/876/1115 1436/878/1117 1432/860/1114
f 1431/875/1113 1432/860/1114 1436/878/1117
f 1436/878/1117 1437/862/1118 1431/875/1113
f 1430/857/1112 1431/875/1113 1437/862/1118
f 1437/862/1118 1438/863/1119 1430/857/1112
f 1429/858/1111 1430/857/1112 1438/863/1119
f 1438/863/1119 1428/873/1110 1429/858/1111
f 1370/862/1061 1439/878/1120 1365/857/1056
f 1367/859/1058 1365/857/1056 1439/878/1120
f 1439/878/1120 1440/876/1121 1367/859/1058
f 1368/860/1059 1367/859/1058 1440/876/1121
f 1440/876/1121 1441/877/1116 1368/860/1059
f 1369/861/1060 1368/860/1059 1441/877/1116
f 1427/872/1109 1442/871/1122 1422/865/1105
f 1424/866/1107 1422/865/1105 1442/871/1122
f 1442/871/1122 1443/869/1123 1424/866/1107
f 1425/867/1108 1424/866/1107 1443/869/1123
f 1443/869/1123 1444/870/1069 1425/867/1108
f 1426/868/1067 1425/867/1108 1444/870/1069
f 1447/879/3 1446/880/1124 1445/881/1069
f 1447/879/3 1448/882/1070 1446/880/1124
f 1447/879/3 1449/883/1071 1448/882/1070
f 1447/879/3 1450/884/1072 1449/883/1071
f 1447/879/3 1451/885/1062 1450/884/1072
f 1447/879/3 1452/886/1061 1451/885/1062
f 1447/879/3 1453/887/1120 1452/886/1061
f 1447/879/3 1454/888/1125 1453/887/1120
f 1447/879/3 1455/889/1126 1454/888/1125
f 1447/879/3 1456/890/1127 1455/889/1126
f 1447/879/3 1457/891/1128 1456/890/1127
f 1447/879/3 1458/892/1118 1457/891/1128
f 1447/879/3 1459/893/1119 1458/892/1118
f 1447/879/3 1460/894/1129 1459/893/1119
f 1447/879/3 1461/895/1109 1460/894/1129
f 1447/879/3 1462/896/1122 1461/895/1109
f 1447/879/3 1463/897/1123 1462/896/1122
f 1447/879/3 1445/881/1069 1463/897/1123
f 1466/781/980 1465/782/981 1464/783/982
f 1467/784/1130 1464/783/982 1465/782/981
f 1465/782/981 1468/785/1131 1467/784/1130
f 1469/786/985 1467/784/1130 1468/785/1131
f 1467/784/1130 1469/786/985 1464/783/982
f 1468/785/1131 1470/787/986 1469/786/985
f 1471/788/987 1469/786/985 1470/787/986
f 1470/787/986 1472/789/1132 1471/788/987
f 1473/790/989 1471/788/987 1472/789/1132
f 1471/788/987 1473/790/989 1469/786/985
f 1472/789/1132 1474/791/990 1473/790/989
f 1475/792/991 1473/790/989 1474/791/990
f 1474/791/990 1476/793/992 1475/792/991
f 1477/794/993 1475/792/991 1476/793/992
f 1475/792/991 1477/794/993 1473/790/989
f 1473/790/989 1477/794/993 1469/786/985
f 1476/793/992 1478/795/994 1477/794/993
f 1479/796/995 1477/794/993 1478/795/994
f 1478/795/994 1480/797/996 1479/796/995
f 1481/798/997 1479/796/995 1480/797/996
f 1479/796/995 1481/798/997 1477/794/993
f 1480/797/996 1482/799/998 1481/798/997
f 1483/800/999 1481/798/997 1482/799/998
f 1482/799/998 1484/801/1000 1483/800/999
f 1485/802/1001 1483/800/999 1484/801/1000
f 1483/800/999 1485/802/1001 1481/798/997
f 1481/798/997 1485/802/1001 1477/794/993
f 1484/801/1000 1486/803/1133 1485/802/1001
f 1487/804/1003 1485/802/1001 1486/803/1133
f 1486/803/1133 1488/805/1004 1487/804/1003
f 1489/806/1005 1487/804/1003 1488/805/1004
f 1487/804/1003 1489/806/1005 1485/802/1001
f 1488/805/1004 1490/807/1006 1489/806/1005
f 1491/808/1007 1489/806/1005 1490/807/1006
f 1490/807/1006 1492/809/1008 1491/808/1007
f 1493/810/1009 1491/808/1007 1492/809/1008
f 1491/808/1007 1493/810/1009 1489/806/1005
f 1489/806/1005 1493/810/1009 1485/802/1001
f 1492/809/1008 1494/811/1010 1493/810/1009
f 1495/812/1134 1493/810/1009 1494/811/1010
f 1494/811/1010 1496/813/1012 1495/812/1134
f 1497/814/1013 1495/812/1134 1496/813/1012
f 1495/812/1134 1497/814/1013 1493/810/1009
f 1496/813/1012 1498/815/1014 1497/814/1013
f 1499/816/1015 1497/814/1013 1498/815/1014
f 1498/815/1014 1466/781/980 1499/816/1015
f 1464/783/982 1499/816/1015 1466/781/980
f 1493/810/1009 1497/814/1013 1464/783/982
f 1464/783/982 1497/814/1013 1499/816/1015
f 1469/786/985 1493/810/1009 1464/783/982
f 1485/802/1001 1493/810/1009 1469/786/985
f 1477/794/993 1485/802/1001 1469/786/985
f 1502/817/1016 1501/818/1017 1500/819/1018
f 1503/820/1019 1500/819/1018 1501/818/1017
f 1501/818/1017 1504/821/1020 1503/820/1019
f 1505/822/1021 1503/820/1019 1504/821/1020
f 1504/821/1020 1506/823/1022 1505/822/1021
f 1507/824/1023 1505/822/1021 1506/823/1022
f 1506/823/1022 1508/825/1024 1507/824/1023
f 1509/826/1025 1507/824/1023 1508/825/1024
f 1508/825/1024 1510/827/1026 1509/826/1025
f 1511/828/1027 1509/826/1025 1510/827/1026
f 1510/827/1026 1512/829/1028 1511/828/1027
f 1513/830/1029 1511/828/1027 1512/829/1028
f 1512/829/1028 1514/831/1030 1513/830/1029
f 1515/832/1135 1513/830/1029 1514/831/1030
f 1514/831/1030 1516/833/1032 1515/832/1135
f 1517/834/1033 1515/832/1135 1516/833/1032
f 1516/833/1032 1518/835/1034 1517/834/1033
f 1519/836/1035 1517/834/1033 1518/835/1034
f 1506/823/1022 1504/821/1020 1520/837/1036
f 1521/838/1037 1520/837/1036 1504/821/1020
f 1504/821/1020 1501/818/1017 1521/838/1037
f 1522/839/1038 1521/838/1037 1501/818/1017
f 1501/818/1017 1502/817/1016 1522/839/1038
f 1523/840/1039 1522/839/1038 1502/817/1016
f 1514/831/1030 1512/829/1028 1524/841/1040
f 1525/842/1041 1524/841/1040 1512/829/1028
f 1524/841/1040 1526/843/1042 1514/831/1030
f 1516/833/1032 1514/831/1030 1526/843/1042
f 1526/843/1042 1527/844/1043 1516/833/1032
f 1518/835/1034 1516/833/1032 1527/844/1043
f 1522/839/1038 1523/840/1039 1528/845/1044
f 1529/846/1045 1528/845/1044 1523/840/1039
f 1528/845/1044 1530/847/1046 1522/839/1038
f 1521/838/1037 1522/839/1038 1530/847/1046
f 1530/847/1046 1531/848/1047 1521/838/1037
f 1520/837/1036 1521/838/1037 1531/848/1047
f 1531/848/1047 1532/849/1048 1520/837/1036
f 1533/850/1049 1520/837/1036 1532/849/1048
f 1532/849/1048 1534/851/1050 1533/850/1049
f 1535/852/1051 1533/850/1049 1534/851/1050
f 1533/850/1049 1535/852/1051 1508/825/1024
f 1508/825/1024 1506/823/1022 1533/850/1049
f 1520/837/1036 1533/850/1049 1506/823/1022
f 1510/827/1026 1508/825/1024 1535/852/1051
f 1535/852/1051 1525/842/1041 1510/827/1026
f 1512/829/1028 1510/827/1026 1525/842/1041
f 1534/851/1050 1536/853/1052 1535/852/1051
f 1525/842/1041 1535/852/1051 1536/853/1052
f 1536/853/1052 1537/854/1053 1525/842/1041
f 1524/841/1040 1525/842/1041 1537/854/1053
f 1537/854/1053 1538/855/1054 1524/841/1040
f 1526/843/1042 1524/841/1040 1538/855/1054
f 1538/855/1054 1539/856/1055 1526/843/1042
f 1527/844/1043 1526/843/1042 1539/856/1055
f 1536/853/1052 1534/851/1050 1540/857/1136
f 1541/858/1057 1540/857/1136 1534/851/1050
f 1540/857/1136 1542/859/1058 1536/853/1052
f 1537/854/1053 1536/853/1052 1542/859/1058
f 1542/859/1058 1543/860/1137 1537/854/1053
f 1538/855/1054 1537/854/1053 1543/860/1137
f 1543/860/1137 1544/861/1060 1538/855/1054
f 1539/856/1055 1538/855/1054 1544/861/1060
f 1540/857/1136 1541/858/1057 1545/862/1061
f 1546/863/1138 1545/862/1061 1541/858/1057
f 1541/858/1057 1547/864/1063 1546/863/1138
f 1547/864/1063 1541/858/1057 1532/849/1048
f 1532/849/1048 1531/848/1047 1547/864/1063
f 1548/865/1139 1547/864/1063 1531/848/1047
f 1531/848/1047 1530/847/1046 1548/865/1139
f 1549/866/1140 1548/865/1139 1530/847/1046
f 1530/847/1046 1528/845/1044 1549/866/1140
f 1550/867/1141 1549/866/1140 1528/845/1044
f 1528/845/1044 1529/846/1045 1550/867/1141
f 1551/868/1067 1550/867/1141 1529/846/1045
f 1534/851/1050 1532/849/1048 1541/858/1057
f 1550/867/1141 1551/868/1067 1552/869/1124
f 1553/870/1142 1552/869/1124 1551/868/1067
f 1552/869/1124 1554/871/1070 1550/867/1141
f 1549/866/1140 1550/867/1141 1554/871/1070
f 1554/871/1070 1555/872/1071 1549/866/1140
f 1548/865/1139 1549/866/1140 1555/872/1071
f 1555/872/1071 1556/873/1143 1548/865/1139
f 1547/864/1063 1548/865/1139 1556/873/1143
f 1556/873/1143 1546/863/1138 1547/864/1063
f 1559/835/1034 1558/833/1073 1557/836/1035
f 1560/834/1074 1557/836/1035 1558/833/1073
f 1558/833/1073 1561/831/1075 1560/834/1074
f 1562/832/1144 1560/834/1074 1561/831/1075
f 1561/831/1075 1563/829/1077 1562/832/1144
f 1564/830/1078 1562/832/1144 1563/829/1077
f 1563/829/1077 1565/827/1079 1564/830/1078
f 1566/828/1080 1564/830/1078 1565/827/1079
f 1565/827/1079 1567/825/1081 1566/828/1080
f 1568/826/1082 1566/828/1080 1567/825/1081
f 1567/825/1081 1569/823/1083 1568/826/1082
f 1570/824/1084 1568/826/1082 1569/823/1083
f 1569/823/1083 1571/874/1145 1570/824/1084
f 1572/822/1086 1570/824/1084 1571/874/1145
f 1571/874/1145 1573/818/1087 1572/822/1086
f 1574/820/1146 1572/822/1086 1573/818/1087
f 1573/818/1087 1575/817/1016 1574/820/1146
f 1576/819/1018 1574/820/1146 1575/817/1016
f 1563/829/1077 1561/831/1075 1577/842/1089
f 1578/841/1090 1577/842/1089 1561/831/1075
f 1561/831/1075 1558/833/1073 1578/841/1090
f 1579/843/1091 1578/841/1090 1558/833/1073
f 1558/833/1073 1559/835/1034 1579/843/1091
f 1580/844/1043 1579/843/1091 1559/835/1034
f 1571/874/1145 1569/823/1083 1581/838/1092
f 1582/837/1093 1581/838/1092 1569/823/1083
f 1581/838/1092 1583/839/1094 1571/874/1145
f 1573/818/1087 1571/874/1145 1583/839/1094
f 1583/839/1094 1584/840/1039 1573/818/1087
f 1575/817/1016 1573/818/1087 1584/840/1039
f 1579/843/1091 1580/844/1043 1585/855/1095
f 1586/856/1055 1585/855/1095 1580/844/1043
f 1585/855/1095 1587/854/1096 1579/843/1091
f 1578/841/1090 1579/843/1091 1587/854/1096
f 1587/854/1096 1588/853/1097 1578/841/1090
f 1577/842/1089 1578/841/1090 1588/853/1097
f 1588/853/1097 1589/851/1098 1577/842/1089
f 1590/852/1099 1577/842/1089 1589/851/1098
f 1589/851/1098 1591/849/1100 1590/852/1099
f 1592/850/1101 1590/852/1099 1591/849/1100
f 1590/852/1099 1592/850/1101 1565/827/1079
f 1565/827/1079 1563/829/1077 1590/852/1099
f 1577/842/1089 1590/852/1099 1563/829/1077
f 1567/825/1081 1565/827/1079 1592/850/1101
f 1592/850/1101 1582/837/1093 1567/825/1081
f 1569/823/1083 1567/825/1081 1582/837/1093
f 1591/849/1100 1593/848/1102 1592/850/1101
f 1582/837/1093 1592/850/1101 1593/848/1102
f 1593/848/1102 1594/847/1147 1582/837/1093
f 1581/838/1092 1582/837/1093 1594/847/1147
f 1594/847/1147 1595/845/1104 1581/838/1092
f 1583/839/1094 1581/838/1092 1595/845/1104
f 1595/845/1104 1596/846/1045 1583/839/1094
f 1584/840/1039 1583/839/1094 1596/846/1045
f 1593/848/1102 1591/849/1100 1597/865/1148
f 1598/864/1106 1597/865/1148 1591/849/1100
f 1597/865/1148 1599/866/1107 1593/848/1102
f 1594/847/1147 1593/848/1102 1599/866/1107
f 1599/866/1107 1600/867/1149 1594/847/1147
f 1595/845/1104 1594/847/1147 1600/867/1149
f 1600/867/1149 1601/868/1067 1595/845/1104
f 1596/846/1045 1595/845/1104 1601/868/1067
f 1597/865/1148 1598/864/1106 1602/872/1109
f 1603/873/1129 1602/872/1109 1598/864/1106
f 1598/864/1106 1604/858/1111 1603/873/1129
f 1604/858/1111 1598/864/1106 1589/851/1098
f 1589/851/1098 1588/853/1097 1604/858/1111
f 1605/857/1150 1604/858/1111 1588/853/1097
f 1588/853/1097 1587/854/1096 1605/857/1150
f 1606/875/1113 1605/857/1150 1587/854/1096
f 1587/854/1096 1585/855/1095 1606/875/1113
f 1607/860/1151 1606/875/1113 1585/855/1095
f 1585/855/1095 1586/856/1055 1607/860/1151
f 1608/861/1060 1607/860/1151 1586/856/1055
f 1591/849/1100 1589/851/1098 1598/864/1106
f 1607/860/1151 1608/861/1060 1609/876/1115
f 1610/877/1116 1609/876/1115 1608/861/1060
f 1609/876/1115 1611/878/1128 1607/860/1151
f 1606/875/1113 1607/860/1151 1611/878/1128
f 1611/878/1128 1612/862/1118 1606/875/1113
f 1605/857/1150 1606/875/1113 1612/862/1118
f 1612/862/1118 1613/863/1152 1605/857/1150
f 1604/858/1111 1605/857/1150 1613/863/1152
f 1613/863/1152 1603/873/1129 1604/858/1111
f 1545/862/1061 1614/878/1120 1540/857/1136
f 1542/859/1058 1540/857/1136 1614/878/1120
f 1614/878/1120 1615/876/1121 1542/859/1058
f 1543/860/1137 1542/859/1058 1615/876/1121
f 1615/876/1121 1616/877/1116 1543/860/1137
f 1544/861/1060 1543/860/1137 1616/877/1116
f 1602/872/1109 1617/871/1153 1597/865/1148
f 1599/866/1107 1597/865/1148 1617/871/1153
f 1617/871/1153 1618/869/1123 1599/866/1107
f 1600/867/1149 1599/866/1107 1618/869/1123
f 1618/869/1123 1619/870/1069 1600/867/1149
f 1601/868/1067 1600/867/1149 1619/870/1069
f 1622/879/3 1621/880/1124 1620/881/1069
f 1622/879/3 1623/882/1070 1621/880/1124
f 1622/879/3 1624/883/1071 1623/882/1070
f 1622/879/3 1625/884/1143 1624/883/1071
f 1622/879/3 1626/885/1138 1625/884/1143
f 1622/879/3 1627/886/1061 1626/885/1138
f 1622/879/3 1628/887/1120 1627/886/1061
f 1622/879/3 1629/888/1121 1628/887/1120
f 1622/879/3 1630/889/1126 1629/888/1121
f 1622/879/3 1631/890/1115 1630/889/1126
f 1622/879/3 1632/891/1128 1631/890/1115
f 1622/879/3 1633/892/1118 1632/891/1128
f 1622/879/3 1634/893/1119 1633/892/1118
f 1622/879/3 1635/894/1129 1634/893/1119
f 1622/879/3 1636/895/1109 1635/894/1129
f 1622/879/3 1637/896/1122 1636/895/1109
f 1622/879/3 1638/897/1154 1637/896/1122
f 1622/879/3 1620/881/1069 1638/897/1154
f 1641/898/1155 1640/899/1156 1639/900/1157
f 1642/901/1158 1639/900/1157 1640/899/1156
f 1640/899/1156 1641/898/1155 1643/902/1159
f 1644/903/1160 1643/902/1159 1641/898/1155
f 1643/902/1159 1644/903/1160 1645/904/1161
f 1646/905/1162 1645/904/1161 1644/903/1160
f 1645/904/1161 1646/905/1162 1647/906/1163
f 1648/907/1164 1647/906/1163 1646/905/1162
f 1647/906/1163 1648/907/1164 1649/908/1165
f 1650/909/1166 1649/908/1165 1648/907/1164
f 1649/908/1165 1650/909/1166 1651/910/1167
f 1652/911/1168 1651/910/1167 1650/909/1166
f 1651/910/1167 1652/911/1168 1653/912/1169
f 1654/913/1170 1653/912/1169 1652/911/1168
f 1653/912/1169 1654/913/1170 1655/914/1171
f 1656/915/1172 1655/914/1171 1654/913/1170
f 1655/914/1171 1656/915/1172 1657/916/1173
f 1658/917/1174 1657/916/1173 1656/915/1172
f 1657/916/1173 1658/917/1174 1659/918/1175
f 1660/919/1176 1659/918/1175 1658/917/1174
f 1659/918/1175 1660/919/1176 1661/920/1177
f 1662/921/1178 1661/920/1177 1660/919/1176
f 1661/920/1177 1662/921/1178 1663/922/1179
f 1664/923/1180 1663/922/1179 1662/921/1178
f 1663/922/1179 1664/923/1180 1665/924/1181
f 1666/925/1182 1665/924/1181 1664/923/1180
f 1665/924/1181 1666/925/1182 1667/926/1183
f 1668/927/1184 1667/926/1183 1666/925/1182
f 1667/926/1183 1668/927/1184 1669/928/1185
f 1670/929/1186 1669/928/1185 1668/927/1184
f 1669/928/1185 1670/929/1186 1671/930/1187
f 1672/931/1188 1671/930/1187 1670/929/1186
f 1671/930/1187 1672/931/1188 1673/932/1189
f 1674/933/1190 1673/932/1189 1672/931/1188
f 1673/932/1189 1674/933/1190 1675/934/1191
f 1676/935/1192 1675/934/1191 1674/933/1190
f 1675/934/1191 1676/935/1192 1677/936/1193
f 1678/937/1194 1677/936/1193 1676/935/1192
f 1677/936/1193 1678/937/1194 1679/938/1195
f 1680/939/1196 1679/938/1195 1678/937/1194
f 1666/925/1182 1681/940/1197 1668/927/1184
f 1681/940/1197 1666/925/1182 1682/941/1198
f 1664/923/1180 1682/941/1198 1666/925/1182
f 1682/941/1198 1664/923/1180 1683/942/1199
f 1662/921/1178 1683/942/1199 1664/923/1180
f 1672/931/1188 1684/943/1200 1674/933/1190
f 1684/943/1200 1672/931/1188 1685/944/1201
f 1670/929/1186 1685/944/1201 1672/931/1188
f 1685/944/1201 1670/929/1186 1686/945/1202
f 1686/945/1202 1668/927/1184 1681/940/1197
f 1668/927/1184 1686/945/1202 1670/929/1186
f 1678/937/1194 1687/946/1203 1680/939/1196
f 1687/946/1203 1678/937/1194 1688/947/1204
f 1676/935/1192 1688/947/1204 1678/937/1194
f 1688/947/1204 1676/935/1192 1689/948/1205
f 1689/948/1205 1674/933/1190 1684/943/1200
f 1674/933/1190 1689/948/1205 1676/935/1192
f 1660/919/1176 1690/949/1206 1662/921/1178
f 1690/949/1206 1660/919/1176 1691/950/1207
f 1658/917/1174 1691/950/1207 1660/919/1176
f 1656/915/1172 1692/951/1208 1658/917/1174
f 1692/951/1208 1656/915/1172 1693/952/1209
f 1654/913/1170 1693/952/1209 1656/915/1172
f 1693/952/1209 1654/913/1170 1694/953/1210
f 1652/911/1168 1694/953/1210 1654/913/1170
f 1694/953/1210 1652/911/1168 1695/954/1211
f 1650/909/1166 1695/954/1211 1652/911/1168
f 1695/954/1211 1650/909/1166 1696/955/1212
f 1648/907/1164 1696/955/1212 1650/909/1166
f 1696/955/1212 1648/907/1164 1697/956/1213
f 1646/905/1162 1697/956/1213 1648/907/1164
f 1697/956/1213 1646/905/1162 1698/957/1214
f 1644/903/1160 1698/957/1214 1646/905/1162
f 1698/957/1214 1644/903/1160 1699/958/1215
f 1641/898/1155 1699/958/1215 1644/903/1160
f 1699/958/1215 1641/898/1155 1700/959/1216
f 1639/900/1157 1700/959/1216 1641/898/1155
f 1639/900/1157 1701/960/1217 1700/959/1216
f 1701/960/1217 1639/900/1157 1702/961/1218
f 1642/901/1158 1702/961/1218 1639/900/1157
f 1703/962/1219 1700/959/1216 1701/960/1217
f 1704/950/1207 1658/917/1174 1692/951/1208
f 1705/942/1199 1662/921/1178 1690/949/1206
f 1706/963/1220 1680/939/1196 1687/946/1203
f 1706/963/1220 1707/964/1221 1680/939/1196
f 1708/965/1222 1680/939/1196 1707/964/1221
f 1680/939/1196 1708/965/1222 1679/938/1195
f 1709/966/1223 1679/938/1195 1708/965/1222
f 1712/899/1224 1711/902/1224 1710/901/1225
f 1711/902/1224 1713/904/1224 1710/901/1225
f 1713/904/1224 1714/906/1224 1710/901/1225
f 1714/906/1224 1715/908/1224 1710/901/1225
f 1715/908/1224 1716/910/1224 1710/901/1225
f 1716/910/1224 1717/912/1224 1710/901/1225
f 1717/912/1224 1718/914/1224 1710/901/1225
f 1718/914/1224 1719/916/1224 1710/901/1225
f 1719/916/1224 1720/918/1224 1710/901/1225
f 1720/918/1224 1721/920/1224 1710/901/1225
f 1721/920/1224 1722/922/1224 1710/901/1225
f 1722/922/1224 1723/924/1224 1710/901/1225
f 1723/924/1224 1724/926/1224 1710/901/1225
f 1724/926/1224 1725/928/1224 1710/901/1225
f 1725/928/1224 1726/930/1224 1710/901/1225
f 1726/930/1224 1727/932/1224 1710/901/1225
f 1727/932/1224 1728/934/1224 1710/901/1225
f 1728/934/1224 1729/936/1224 1710/901/1225
f 1729/936/1224 1730/938/1226 1710/901/1225
f 1730/938/1226 1731/966/1227 1710/901/1225
f 1732/961/1228 1710/901/1225 1731/966/1227
f 1735/967/1229 1734/968/1230 1733/969/1231
f 1736/970/1232 1733/969/1231 1734/968/1230
f 1734/968/1230 1735/967/1229 1737/971/1233
f 1738/972/1234 1737/971/1233 1735/967/1229
f 1737/971/1233 1738/972/1234 1739/973/1235
f 1740/974/1236 1739/973/1235 1738/972/1234
f 1739/973/1235 1740/974/1236 1741/975/1237
f 1742/976/1238 1741/975/1237 1740/974/1236
f 1741/975/1237 1742/976/1238 1743/977/1239
f 1744/978/1240 1743/977/1239 1742/976/1238
f 1743/977/1239 1744/978/1240 1745/979/1241
f 1746/980/1242 1745/979/1241 1744/978/1240
f 1745/979/1241 1746/980/1242 1747/981/1243
f 1748/982/1244 1747/981/1243 1746/980/1242
f 1747/981/1243 1748/982/1244 1749/983/1245
f 1750/984/1246 1749/983/1245 1748/982/1244
f 1749/983/1245 1750/984/1246 1751/985/1247
f 1752/986/1248 1751/985/1247 1750/984/1246
f 1751/985/1247 1752/986/1248 1753/987/1249
f 1754/988/1250 1753/987/1249 1752/986/1248
f 1753/987/1249 1754/988/1250 1755/989/1251
f 1756/990/1252 1755/989/1251 1754/988/1250
f 1755/989/1251 1756/990/1252 1757/991/1253
f 1758/992/1254 1757/991/1253 1756/990/1252
f 1757/991/1253 1758/992/1254 1759/993/1255
f 1760/994/1256 1759/993/1255 1758/992/1254
f 1759/993/1255 1760/994/1256 1761/995/1257
f 1762/996/1258 1761/995/1257 1760/994/1256
f 1761/995/1257 1762/996/1258 1763/997/1259
f 1764/998/1260 1763/997/1259 1762/996/1258
f 1763/997/1259 1764/998/1260 1765/999/1261
f 1766/1000/1262 1765/999/1261 1764/998/1260
f 1765/999/1261 1766/1000/1262 1767/1001/1263
f 1768/1002/1264 1767/1001/1263 1766/1000/1262
f 1767/1001/1263 1768/1002/1264 1769/1003/1265
f 1770/1004/1266 1769/1003/1265 1768/1002/1264
f 1769/1003/1265 1770/1004/1266 1771/1005/1267
f 1772/1006/1268 1771/1005/1267 1770/1004/1266
f 1771/1005/1267 1772/1006/1268 1773/1007/1269
f 1774/1008/1270 1773/1007/1269 1772/1006/1268
f 1760/994/1256 1775/1009/1271 1762/996/1258
f 1775/1009/1271 1760/994/1256 1776/1010/1272
f 1758/992/1254 1776/1010/1272 1760/994/1256
f 1776/1010/1272 1758/992/1254 1777/1011/1273
f 1756/990/1252 1777/1011/1273 1758/992/1254
f 1777/1011/1273 1756/990/1252 1778/1012/1274
f 1754/988/1250 1778/1012/1274 1756/990/1252
f 1768/1002/1264 1779/1013/1275 1770/1004/1266
f 1779/1013/1275 1768/1002/1264 1780/1014/1276
f 1766/1000/1262 1780/1014/1276 1768/1002/1264
f 1780/1014/1276 1766/1000/1262 1781/1015/1277
f 1764/998/1260 1781/1015/1277 1766/1000/1262
f 1781/1015/1277 1764/998/1260 1782/1016/1278
f 1782/1016/1278 1762/996/1258 1775/1009/1271
f 1762/996/1258 1782/1016/1278 1764/998/1260
f 1752/986/1248 1783/1017/1279 1754/988/1250
f 1783/1017/1279 1752/986/1248 1784/1018/1280
f 1750/984/1246 1784/1018/1280 1752/986/1248
f 1784/1018/1280 1750/984/1246 1785/1019/1281
f 1748/982/1244 1785/1019/1281 1750/984/1246
f 1786/1012/1282 1754/988/1250 1783/1017/1279
f 1746/980/1242 1787/1020/1283 1748/982/1244
f 1787/1020/1283 1746/980/1242 1788/1021/1284
f 1744/978/1240 1788/1021/1284 1746/980/1242
f 1788/1021/1284 1744/978/1240 1789/1022/1285
f 1742/976/1238 1789/1022/1285 1744/978/1240
f 1789/1022/1285 1742/976/1238 1790/1023/1286
f 1740/974/1236 1790/1023/1286 1742/976/1238
f 1790/1023/1286 1740/974/1236 1791/1024/1287
f 1738/972/1234 1791/1024/1287 1740/974/1236
f 1791/1024/1287 1738/972/1234 1792/1025/1288
f 1735/967/1229 1792/1025/1288 1738/972/1234
f 1792/1025/1288 1735/967/1229 1793/1026/1289
f 1733/969/1231 1793/1026/1289 1735/967/1229
f 1794/1019/1281 1748/982/1244 1787/1020/1283
f 1733/969/1231 1795/1027/1290 1793/1026/1289
f 1795/1027/1290 1733/969/1231 1796/1028/1291
f 1736/970/1232 1796/1028/1291 1733/969/1231
f 1797/1029/1292 1793/1026/1289 1795/1027/1290
f 1798/1030/1293 1770/1004/1266 1779/1013/1275
f 1770/1004/1266 1798/1030/1293 1772/1006/1268
f 1799/1031/1294 1772/1006/1268 1798/1030/1293
f 1772/1006/1268 1799/1031/1294 1774/1008/1270
f 1800/1032/1295 1774/1008/1270 1799/1031/1294
f 1800/1032/1295 1801/1033/1296 1774/1008/1270
f 1802/1034/1297 1774/1008/1270 1801/1033/1296
f 1774/1008/1270 1802/1034/1297 1773/1007/1269
f 1803/1035/1298 1773/1007/1269 1802/1034/1297
f 1806/968/1299 1805/971/1300 1804/970/1301
f 1805/971/1300 1807/973/1302 1804/970/1301
f 1807/973/1302 1808/975/1303 1804/970/1301
f 1808/975/1303 1809/977/1304 1804/970/1301
f 1809/977/1304 1810/979/1305 1804/970/1301
f 1810/979/1305 1811/981/1306 1804/970/1301
f 1811/981/1306 1812/983/1307 1804/970/1301
f 1812/983/1307 1813/985/1308 1804/970/1301
f 1813/985/1308 1814/987/1309 1804/970/1301
f 1814/987/1309 1815/989/1310 1804/970/1301
f 1815/989/1310 1816/991/1311 1804/970/1301
f 1816/991/1311 1817/993/1312 1804/970/1301
f 1817/993/1312 1818/995/1313 1804/970/1301
f 1818/995/1313 1819/997/1314 1804/970/1301
f 1819/997/1314 1820/999/1315 1804/970/1301
f 1820/999/1315 1821/1001/1316 1804/970/1301
f 1821/1001/1316 1822/1003/1317 1804/970/1301
f 1822/1003/1317 1823/1005/1318 1804/970/1301
f 1823/1005/1318 1824/1007/1319 1804/970/1301
f 1824/1007/1319 1825/1035/1320 1804/970/1301
f 1826/1028/1321 1804/970/1301 1825/1035/1320
f 1829/1006/1322 1828/1005/1323 1827/1008/1324
f 1830/1007/1325 1827/1008/1324 1828/1005/1323
f 1828/1005/1323 1829/1006/1322 1831/1003/1326
f 1832/1004/1327 1831/1003/1326 1829/1006/1322
f 1831/1003/1326 1832/1004/1327 1833/1001/1328
f 1834/1002/1329 1833/1001/1328 1832/1004/1327
f 1833/1001/1328 1834/1002/1329 1835/999/1330
f 1836/1000/1331 1835/999/1330 1834/1002/1329
f 1835/999/1330 1836/1000/1331 1837/1036/1332
f 1838/998/1333 1837/1036/1332 1836/1000/1331
f 1837/1036/1332 1838/998/1333 1839/995/1334
f 1840/996/1335 1839/995/1334 1838/998/1333
f 1839/995/1334 1840/996/1335 1841/1037/1336
f 1842/994/1337 1841/1037/1336 1840/996/1335
f 1841/1037/1336 1842/994/1337 1843/991/1338
f 1844/992/1339 1843/991/1338 1842/994/1337
f 1843/991/1338 1844/992/1339 1845/989/1340
f 1846/990/1341 1845/989/1340 1844/992/1339
f 1845/989/1340 1846/990/1341 1847/987/1342
f 1848/1038/1343 1847/987/1342 1846/990/1341
f 1847/987/1342 1848/1038/1343 1849/985/1344
f 1850/1039/1345 1849/985/1344 1848/1038/1343
f 1849/985/1344 1850/1039/1345 1851/983/1346
f 1852/984/1347 1851/983/1346 1850/1039/1345
f 1851/983/1346 1852/984/1347 1853/981/1348
f 1854/982/1349 1853/981/1348 1852/984/1347
f 1853/981/1348 1854/982/1349 1855/979/1350
f 1856/980/1351 1855/979/1350 1854/982/1349
f 1855/979/1350 1856/980/1351 1857/1040/1352
f 1858/978/1353 1857/1040/1352 1856/980/1351
f 1857/1040/1352 1858/978/1353 1859/1041/1354
f 1860/976/1355 1859/1041/1354 1858/978/1353
f 1859/1041/1354 1860/976/1355 1861/973/1356
f 1862/974/1357 1861/973/1356 1860/976/1355
f 1861/973/1356 1862/974/1357 1863/1042/1358
f 1864/972/1359 1863/1042/1358 1862/974/1357
f 1863/1042/1358 1864/972/1359 1865/968/1360
f 1866/967/1361 1865/968/1360 1864/972/1359
f 1865/968/1360 1866/967/1361 1867/970/1362
f 1868/969/1363 1867/970/1362 1866/967/1361
f 1854/982/1349 1869/1019/1281 1856/980/1351
f 1870/1020/1283 1856/980/1351 1869/1019/1281
f 1856/980/1351 1870/1020/1283 1858/978/1353
f 1871/1021/1284 1858/978/1353 1870/1020/1283
f 1858/978/1353 1871/1021/1284 1860/976/1355
f 1872/1022/1285 1860/976/1355 1871/1021/1284
f 1860/976/1355 1872/1022/1285 1862/974/1357
f 1873/1023/1286 1862/974/1357 1872/1022/1285
f 1862/974/1357 1873/1023/1286 1864/972/1359
f 1874/1024/1287 1864/972/1359 1873/1023/1286
f 1864/972/1359 1874/1024/1287 1866/967/1361
f 1875/1025/1288 1866/967/1361 1874/1024/1287
f 1866/967/1361 1875/1025/1288 1868/969/1363
f 1876/1026/1364 1868/969/1363 1875/1025/1288
f 1868/969/1363 1877/1043/1365 1867/970/1362
f 1878/1044/1366 1867/970/1362 1877/1043/1365
f 1876/1026/1364 1879/1029/1292 1868/969/1363
f 1877/1043/1365 1868/969/1363 1879/1029/1292
f 1827/1008/1324 1880/1032/1367 1829/1006/1322
f 1881/1031/1368 1829/1006/1322 1880/1032/1367
f 1829/1006/1322 1881/1031/1368 1832/1004/1327
f 1882/1030/1369 1832/1004/1327 1881/1031/1368
f 1832/1004/1327 1882/1030/1369 1834/1002/1329
f 1883/1013/1275 1834/1002/1329 1882/1030/1369
f 1834/1002/1329 1883/1013/1275 1836/1000/1331
f 1884/1014/1276 1836/1000/1331 1883/1013/1275
f 1836/1000/1331 1884/1014/1276 1838/998/1333
f 1885/1015/1277 1838/998/1333 1884/1014/1276
f 1838/998/1333 1885/1015/1277 1840/996/1335
f 1886/1016/1278 1840/996/1335 1885/1015/1277
f 1840/996/1335 1886/1016/1278 1842/994/1337
f 1887/1009/1271 1842/994/1337 1886/1016/1278
f 1842/994/1337 1887/1009/1271 1844/992/1339
f 1888/1010/1272 1844/992/1339 1887/1009/1271
f 1844/992/1339 1888/1010/1272 1846/990/1341
f 1889/1011/1273 1846/990/1341 1888/1010/1272
f 1846/990/1341 1889/1011/1273 1848/1038/1343
f 1890/1012/1282 1848/1038/1343 1889/1011/1273
f 1848/1038/1343 1891/1012/1274 1850/1039/1345
f 1892/1017/1279 1850/1039/1345 1891/1012/1274
f 1850/1039/1345 1892/1017/1279 1852/984/1347
f 1893/1018/1280 1852/984/1347 1892/1017/1279
f 1852/984/1347 1893/1018/1280 1854/982/1349
f 1894/1019/1281 1854/982/1349 1893/1018/1280
f 1897/1005/1370 1896/1003/1371 1895/1007/1372
f 1896/1003/1371 1898/1001/1373 1895/1007/1372
f 1898/1001/1373 1899/999/1374 1895/1007/1372
f 1899/999/1374 1900/1036/1375 1895/1007/1372
f 1900/1036/1375 1901/995/1376 1895/1007/1372
f 1901/995/1376 1902/1037/1377 1895/1007/1372
f 1902/1037/1377 1903/991/1378 1895/1007/1372
f 1903/991/1378 1904/989/1379 1895/1007/1372
f 1904/989/1379 1905/987/1380 1895/1007/1372
f 1905/987/1380 1906/985/1381 1895/1007/1372
f 1906/985/1381 1907/983/1382 1895/1007/1372
f 1907/983/1382 1908/981/1383 1895/1007/1372
f 1908/981/1383 1909/979/1384 1895/1007/1372
f 1909/979/1384 1910/1040/1385 1895/1007/1372
f 1910/1040/1385 1911/1041/1386 1895/1007/1372
f 1911/1041/1386 1912/973/1387 1895/1007/1372
f 1912/973/1387 1913/1042/1388 1895/1007/1372
f 1913/1042/1388 1914/968/1389 1895/1007/1372
f 1914/968/1389 1915/970/1390 1895/1007/1372
f 1915/970/1390 1916/1044/1391 1895/1007/1372
f 1917/1045/1391 1895/1007/1372 1916/1044/1391
f 1830/1007/1325 1918/1045/1392 1827/1008/1324
f 1919/1046/1393 1827/1008/1324 1918/1045/1392
f 1827/1008/1324 1919/1046/1393 1880/1032/1367
f 1920/1033/1296 1880/1032/1367 1919/1046/1393
f 1923/937/1394 1922/936/1395 1921/939/1396
f 1924/938/1397 1921/939/1396 1922/936/1395
f 1922/936/1395 1923/937/1394 1925/934/1398
f 1926/935/1399 1925/934/1398 1923/937/1394
f 1925/934/1398 1926/935/1399 1927/932/1400
f 1928/933/1401 1927/932/1400 1926/935/1399
f 1927/932/1400 1928/933/1401 1929/930/1402
f 1930/931/1403 1929/930/1402 1928/933/1401
f 1929/930/1402 1930/931/1403 1931/928/1404
f 1932/1047/1405 1931/928/1404 1930/931/1403
f 1931/928/1404 1932/1047/1405 1933/926/1406
f 1934/927/1407 1933/926/1406 1932/1047/1405
f 1933/926/1406 1934/927/1407 1935/924/1408
f 1936/925/1409 1935/924/1408 1934/927/1407
f 1935/924/1408 1936/925/1409 1937/922/1410
f 1938/923/1411 1937/922/1410 1936/925/1409
f 1937/922/1410 1938/923/1411 1939/920/1412
f 1940/921/1413 1939/920/1412 1938/923/1411
f 1939/920/1412 1940/921/1413 1941/918/1414
f 1942/919/1415 1941/918/1414 1940/921/1413
f 1941/918/1414 1942/919/1415 1943/916/1416
f 1944/917/1417 1943/916/1416 1942/919/1415
f 1943/916/1416 1944/917/1417 1945/914/1418
f 1946/915/1419 1945/914/1418 1944/917/1417
f 1945/914/1418 1946/915/1419 1947/912/1420
f 1948/913/1421 1947/912/1420 1946/915/1419
f 1947/912/1420 1948/913/1421 1949/910/1422
f 1950/911/1423 1949/910/1422 1948/913/1421
f 1949/910/1422 1950/911/1423 1951/908/1424
f 1952/909/1425 1951/908/1424 1950/911/1423
f 1951/908/1424 1952/909/1425 1953/906/1426
f 1954/907/1427 1953/906/1426 1952/909/1425
f 1953/906/1426 1954/907/1427 1955/904/1428
f 1956/905/1429 1955/904/1428 1954/907/1427
f 1955/904/1428 1956/905/1429 1957/902/1430
f 1958/903/1431 1957/902/1430 1956/905/1429
f 1957/902/1430 1958/903/1431 1959/899/1432
f 1960/898/1433 1959/899/1432 1958/903/1431
f 1959/899/1432 1960/898/1433 1961/901/1434
f 1962/900/1435 1961/901/1434 1960/898/1433
f 1948/913/1421 1963/952/1209 1950/911/1423
f 1963/952/1209 1948/913/1421 1964/951/1208
f 1946/915/1419 1964/951/1208 1948/913/1421
f 1964/951/1208 1946/915/1419 1965/950/1436
f 1944/917/1417 1965/950/1436 1946/915/1419
f 1954/907/1427 1966/955/1437 1956/905/1429
f 1966/955/1437 1954/907/1427 1967/954/1211
f 1952/909/1425 1967/954/1211 1954/907/1427
f 1967/954/1211 1952/909/1425 1968/953/1210
f 1968/953/1210 1950/911/1423 1963/952/1209
f 1950/911/1423 1968/953/1210 1952/909/1425
f 1960/898/1433 1969/958/1215 1962/900/1435
f 1969/958/1215 1960/898/1433 1970/957/1214
f 1958/903/1431 1970/957/1214 1960/898/1433
f 1970/957/1214 1958/903/1431 1971/956/1438
f 1971/956/1438 1956/905/1429 1966/955/1437
f 1956/905/1429 1971/956/1438 1958/903/1431
f 1942/919/1415 1972/949/1206 1944/917/1417
f 1972/949/1206 1942/919/1415 1973/942/1199
f 1940/921/1413 1973/942/1199 1942/919/1415
f 1938/923/1411 1974/941/1439 1940/921/1413
f 1974/941/1439 1938/923/1411 1975/940/1440
f 1936/925/1409 1975/940/1440 1938/923/1411
f 1975/940/1440 1936/925/1409 1976/945/1202
f 1934/927/1407 1976/945/1202 1936/925/1409
f 1976/945/1202 1934/927/1407 1977/944/1201
f 1932/1047/1405 1977/944/1201 1934/927/1407
f 1977/944/1201 1932/1047/1405 1978/943/1200
f 1930/931/1403 1978/943/1200 1932/1047/1405
f 1978/943/1200 1930/931/1403 1979/948/1205
f 1928/933/1401 1979/948/1205 1930/931/1403
f 1979/948/1205 1928/933/1401 1980/947/1441
f 1926/935/1399 1980/947/1441 1928/933/1401
f 1980/947/1441 1926/935/1399 1981/946/1203
f 1923/937/1394 1981/946/1203 1926/935/1399
f 1981/946/1203 1923/937/1394 1982/963/1442
f 1921/939/1396 1982/963/1442 1923/937/1394
f 1921/939/1396 1983/965/1443 1982/963/1442
f 1983/965/1443 1921/939/1396 1984/966/1444
f 1924/938/1397 1984/966/1444 1921/939/1396
f 1985/964/1221 1982/963/1442 1983/965/1443
f 1986/942/1445 1940/921/1413 1974/941/1439
f 1987/950/1207 1944/917/1417 1972/949/1206
f 1988/959/1446 1962/900/1435 1969/958/1215
f 1988/959/1446 1989/962/1447 1962/900/1435
f 1990/960/1448 1962/900/1435 1989/962/1447
f 1962/900/1435 1990/960/1448 1961/901/1434
f 1991/961/1449 1961/901/1434 1990/960/1448
f 1994/936/1450 1993/934/1450 1992/938/1451
f 1993/934/1450 1995/932/1450 1992/938/1451
f 1995/932/1450 1996/930/1450 1992/938/1451
f 1996/930/1450 1997/928/1450 1992/938/1451
f 1997/928/1450 1998/926/1450 1992/938/1451
f 1998/926/1450 1999/924/1450 1992/938/1451
f 1999/924/1450 2000/922/1450 1992/938/1451
f 2000/922/1450 2001/920/1450 1992/938/1451
f 2001/920/1450 2002/918/1450 1992/938/1451
f 2002/918/1450 2003/916/1450 1992/938/1451
f 2003/916/1450 2004/914/1450 1992/938/1451
f 2004/914/1450 2005/912/1450 1992/938/1451
f 2005/912/1450 2006/910/1450 1992/938/1451
f 2006/910/1450 2007/908/1450 1992/938/1451
f 2007/908/1450 2008/906/1450 1992/938/1451
f 2008/906/1450 2009/904/1450 1992/938/1451
f 2009/904/1450 2010/902/1450 1992/938/1451
f 2010/902/1450 2011/899/1450 1992/938/1451
f 2011/899/1450 2012/901/1452 1992/938/1451
f 2012/901/1452 2013/961/1453 1992/938/1451
f 2014/966/1454 1992/938/1451 2013/961/1453
f 2017/1048/1455 2016/1049/1456 2015/1050/1457
f 2018/1051/1458 2015/1050/1457 2016/1049/1456
f 2016/1049/1456 2017/1048/1455 2019/1052/1459
f 2020/1053/1460 2019/1052/1459 2017/1048/1455
f 2019/1052/1459 2020/1053/1460 2021/1054/1461
f 2022/1055/1462 2021/1054/1461 2020/1053/1460
f 2021/1054/1461 2022/1055/1462 2023/1056/1463
f 2024/1057/1464 2023/1056/1463 2022/1055/1462
f 2023/1056/1463 2024/1057/1464 2025/1058/1465
f 2026/1059/1466 2025/1058/1465 2024/1057/1464
f 2025/1058/1465 2026/1059/1466 2027/1060/1467
f 2028/1061/1468 2027/1060/1467 2026/1059/1466
f 2027/1060/1467 2028/1061/1468 2029/1062/1469
f 2030/1063/1470 2029/1062/1469 2028/1061/1468
f 2029/1062/1469 2030/1063/1470 2031/1064/1471
f 2032/1065/1472 2031/1064/1471 2030/1063/1470
f 2031/1064/1471 2032/1065/1472 2033/1066/1473
f 2034/1067/1474 2033/1066/1473 2032/1065/1472
f 2033/1066/1473 2034/1067/1474 2035/1068/1475
f 2036/1069/1476 2035/1068/1475 2034/1067/1474
f 2035/1068/1475 2036/1069/1476 2037/1070/1477
f 2038/1071/1478 2037/1070/1477 2036/1069/1476
f 2037/1070/1477 2038/1071/1478 2039/1072/1479
f 2040/1073/1480 2039/1072/1479 2038/1071/1478
f 2039/1072/1479 2040/1073/1480 2041/1074/1481
f 2042/1075/1482 2041/1074/1481 2040/1073/1480
f 2041/1074/1481 2042/1075/1482 2043/1076/1483
f 2044/1077/1484 2043/1076/1483 2042/1075/1482
f 2043/1076/1483 2044/1077/1484 2045/1078/1485
f 2046/1079/1486 2045/1078/1485 2044/1077/1484
f 2045/1078/1485 2046/1079/1486 2047/1080/1487
f 2048/1081/1488 2047/1080/1487 2046/1079/1486
f 2047/1080/1487 2048/1081/1488 2049/1082/1489
f 2050/1083/1490 2049/1082/1489 2048/1081/1488
f 2049/1082/1489 2050/1083/1490 2051/1084/1491
f 2052/1085/1492 2051/1084/1491 2050/1083/1490
f 2051/1084/1491 2052/1085/1492 2053/1086/1493
f 2054/1087/1494 2053/1086/1493 2052/1085/1492
f 2053/1086/1493 2054/1087/1494 2055/1088/1495
f 2056/1089/1496 2055/1088/1495 2054/1087/1494
f 2042/1075/1482 2057/1090/1497 2044/1077/1484
f 2058/1091/1498 2044/1077/1484 2057/1090/1497
f 2044/1077/1484 2058/1091/1498 2046/1079/1486
f 2059/1092/1499 2046/1079/1486 2058/1091/1498
f 2046/1079/1486 2059/1092/1499 2048/1081/1488
f 2060/1093/1500 2048/1081/1488 2059/1092/1499
f 2048/1081/1488 2060/1093/1500 2050/1083/1490
f 2061/1094/1501 2050/1083/1490 2060/1093/1500
f 2050/1083/1490 2061/1094/1501 2052/1085/1492
f 2062/1095/1502 2052/1085/1492 2061/1094/1501
f 2052/1085/1492 2062/1095/1502 2054/1087/1494
f 2063/1096/1503 2054/1087/1494 2062/1095/1502
f 2054/1087/1494 2063/1096/1503 2056/1089/1496
f 2064/1097/1504 2056/1089/1496 2063/1096/1503
f 2056/1089/1496 2065/1098/1505 2055/1088/1495
f 2066/1099/1291 2055/1088/1495 2065/1098/1505
f 2064/1097/1504 2067/1100/1292 2056/1089/1496
f 2065/1098/1505 2056/1089/1496 2067/1100/1292
f 2015/1050/1457 2068/1101/1506 2017/1048/1455
f 2069/1102/1507 2017/1048/1455 2068/1101/1506
f 2017/1048/1455 2069/1102/1507 2020/1053/1460
f 2070/1103/1508 2020/1053/1460 2069/1102/1507
f 2020/1053/1460 2070/1103/1508 2022/1055/1462
f 2071/1104/1509 2022/1055/1462 2070/1103/1508
f 2022/1055/1462 2071/1104/1509 2024/1057/1464
f 2072/1105/1510 2024/1057/1464 2071/1104/1509
f 2024/1057/1464 2072/1105/1510 2026/1059/1466
f 2073/1106/1511 2026/1059/1466 2072/1105/1510
f 2026/1059/1466 2073/1106/1511 2028/1061/1468
f 2074/1107/1512 2028/1061/1468 2073/1106/1511
f 2028/1061/1468 2074/1107/1512 2030/1063/1470
f 2075/1108/1513 2030/1063/1470 2074/1107/1512
f 2030/1063/1470 2075/1108/1513 2032/1065/1472
f 2076/1109/1514 2032/1065/1472 2075/1108/1513
f 2032/1065/1472 2076/1109/1514 2034/1067/1474
f 2077/1110/1515 2034/1067/1474 2076/1109/1514
f 2034/1067/1474 2077/1110/1515 2036/1069/1476
f 2078/1111/1516 2036/1069/1476 2077/1110/1515
f 2036/1069/1476 2079/1111/1516 2038/1071/1478
f 2080/1112/1517 2038/1071/1478 2079/1111/1516
f 2038/1071/1478 2080/1112/1517 2040/1073/1480
f 2081/1113/1518 2040/1073/1480 2080/1112/1517
f 2040/1073/1480 2081/1113/1518 2042/1075/1482
f 2082/1090/1519 2042/1075/1482 2081/1113/1518
f 2085/1049/1520 2084/1052/1521 2083/1051/1522
f 2084/1052/1521 2086/1054/1523 2083/1051/1522
f 2086/1054/1523 2087/1056/1524 2083/1051/1522
f 2087/1056/1524 2088/1058/1525 2083/1051/1522
f 2088/1058/1525 2089/1060/1526 2083/1051/1522
f 2089/1060/1526 2090/1062/1527 2083/1051/1522
f 2090/1062/1527 2091/1064/1528 2083/1051/1522
f 2091/1064/1528 2092/1066/1529 2083/1051/1522
f 2092/1066/1529 2093/1068/1530 2083/1051/1522
f 2093/1068/1530 2094/1070/1531 2083/1051/1522
f 2094/1070/1531 2095/1072/1532 2083/1051/1522
f 2095/1072/1532 2096/1074/1533 2083/1051/1522
f 2096/1074/1533 2097/1076/1534 2083/1051/1522
f 2097/1076/1534 2098/1078/1535 2083/1051/1522
f 2098/1078/1535 2099/1080/1536 2083/1051/1522
f 2099/1080/1536 2100/1082/1537 2083/1051/1522
f 2100/1082/1537 2101/1084/1538 2083/1051/1522
f 2101/1084/1538 2102/1086/1539 2083/1051/1522
f 2102/1086/1539 2103/1088/1540 2083/1051/1522
f 2103/1088/1540 2104/1099/1541 2083/1051/1522
f 2105/1114/1542 2083/1051/1522 2104/1099/1541
f 2018/1051/1458 2106/1114/1298 2015/1050/1457
f 2107/1115/1543 2015/1050/1457 2106/1114/1298
f 2015/1050/1457 2107/1115/1543 2068/1101/1506
f 2108/1116/1296 2068/1101/1506 2107/1115/1543
f 2111/1087/1544 2110/1086/1545 2109/1089/1546
f 2112/1088/1547 2109/1089/1546 2110/1086/1545
f 2110/1086/1545 2111/1087/1544 2113/1084/1548
f 2114/1085/1549 2113/1084/1548 2111/1087/1544
f 2113/1084/1548 2114/1085/1549 2115/1082/1550
f 2116/1083/1551 2115/1082/1550 2114/1085/1549
f 2115/1082/1550 2116/1083/1551 2117/1080/1552
f 2118/1081/1553 2117/1080/1552 2116/1083/1551
f 2117/1080/1552 2118/1081/1553 2119/1078/1554
f 2120/1079/1555 2119/1078/1554 2118/1081/1553
f 2119/1078/1554 2120/1079/1555 2121/1076/1556
f 2122/1077/1557 2121/1076/1556 2120/1079/1555
f 2121/1076/1556 2122/1077/1557 2123/1074/1558
f 2124/1075/1559 2123/1074/1558 2122/1077/1557
f 2123/1074/1558 2124/1075/1559 2125/1117/1560
f 2126/1118/1561 2125/1117/1560 2124/1075/1559
f 2125/1117/1560 2126/1118/1561 2127/1070/1562
f 2128/1071/1563 2127/1070/1562 2126/1118/1561
f 2127/1070/1562 2128/1071/1563 2129/1119/1564
f 2130/1069/1565 2129/1119/1564 2128/1071/1563
f 2129/1119/1564 2130/1069/1565 2131/1066/1566
f 2132/1067/1567 2131/1066/1566 2130/1069/1565
f 2131/1066/1566 2132/1067/1567 2133/1064/1568
f 2134/1065/1569 2133/1064/1568 2132/1067/1567
f 2133/1064/1568 2134/1065/1569 2135/1120/1570
f 2136/1063/1571 2135/1120/1570 2134/1065/1569
f 2135/1120/1570 2136/1063/1571 2137/1060/1572
f 2138/1061/1573 2137/1060/1572 2136/1063/1571
f 2137/1060/1572 2138/1061/1573 2139/1058/1574
f 2140/1059/1575 2139/1058/1574 2138/1061/1573
f 2139/1058/1574 2140/1059/1575 2141/1056/1576
f 2142/1057/1577 2141/1056/1576 2140/1059/1575
f 2141/1056/1576 2142/1057/1577 2143/1054/1578
f 2144/1055/1579 2143/1054/1578 2142/1057/1577
f 2143/1054/1578 2144/1055/1579 2145/1052/1580
f 2146/1053/1581 2145/1052/1580 2144/1055/1579
f 2145/1052/1580 2146/1053/1581 2147/1121/1582
f 2148/1048/1583 2147/1121/1582 2146/1053/1581
f 2147/1121/1582 2148/1048/1583 2149/1051/1584
f 2150/1050/1585 2149/1051/1584 2148/1048/1583
f 2136/1063/1571 2151/1108/1513 2138/1061/1573
f 2151/1108/1513 2136/1063/1571 2152/1109/1586
f 2134/1065/1569 2152/1109/1586 2136/1063/1571
f 2152/1109/1586 2134/1065/1569 2153/1110/1515
f 2132/1067/1567 2153/1110/1515 2134/1065/1569
f 2153/1110/1515 2132/1067/1567 2154/1111/1516
f 2130/1069/1565 2154/1111/1516 2132/1067/1567
f 2144/1055/1579 2155/1104/1509 2146/1053/1581
f 2155/1104/1509 2144/1055/1579 2156/1105/1510
f 2142/1057/1577 2156/1105/1510 2144/1055/1579
f 2156/1105/1510 2142/1057/1577 2157/1106/1511
f 2140/1059/1575 2157/1106/1511 2142/1057/1577
f 2157/1106/1511 2140/1059/1575 2158/1107/1512
f 2158/1107/1512 2138/1061/1573 2151/1108/1513
f 2138/1061/1573 2158/1107/1512 2140/1059/1575
f 2128/1071/1563 2159/1112/1517 2130/1069/1565
f 2159/1112/1517 2128/1071/1563 2160/1113/1518
f 2126/1118/1561 2160/1113/1518 2128/1071/1563
f 2160/1113/1518 2126/1118/1561 2161/1090/1497
f 2124/1075/1559 2161/1090/1497 2126/1118/1561
f 2162/1111/1587 2130/1069/1565 2159/1112/1517
f 2122/1077/1557 2163/1091/1588 2124/1075/1559
f 2163/1091/1588 2122/1077/1557 2164/1092/1499
f 2120/1079/1555 2164/1092/1499 2122/1077/1557
f 2164/1092/1499 2120/1079/1555 2165/1093/1500
f 2118/1081/1553 2165/1093/1500 2120/1079/1555
f 2165/1093/1500 2118/1081/1553 2166/1094/1501
f 2116/1083/1551 2166/1094/1501 2118/1081/1553
f 2166/1094/1501 2116/1083/1551 2167/1095/1589
f 2114/1085/1549 2167/1095/1589 2116/1083/1551
f 2167/1095/1589 2114/1085/1549 2168/1096/1503
f 2111/1087/1544 2168/1096/1503 2114/1085/1549
f 2168/1096/1503 2111/1087/1544 2169/1097/1590
f 2109/1089/1546 2169/1097/1590 2111/1087/1544
f 2170/1090/1497 2124/1075/1559 2163/1091/1588
f 2109/1089/1546 2171/1122/1591 2169/1097/1590
f 2171/1122/1591 2109/1089/1546 2172/1123/1592
f 2112/1088/1547 2172/1123/1592 2109/1089/1546
f 2173/1100/1292 2169/1097/1590 2171/1122/1591
f 2174/1103/1593 2146/1053/1581 2155/1104/1509
f 2146/1053/1581 2174/1103/1593 2148/1048/1583
f 2175/1102/1594 2148/1048/1583 2174/1103/1593
f 2148/1048/1583 2175/1102/1594 2150/1050/1585
f 2176/1101/1506 2150/1050/1585 2175/1102/1594
f 2176/1101/1506 2177/1116/1296 2150/1050/1585
f 2178/1124/1595 2150/1050/1585 2177/1116/1296
f 2150/1050/1585 2178/1124/1595 2149/1051/1584
f 2179/1125/1596 2149/1051/1584 2178/1124/1595
f 2182/1086/1597 2181/1084/1598 2180/1088/1599
f 2181/1084/1598 2183/1082/1600 2180/1088/1599
f 2183/1082/1600 2184/1080/1601 2180/1088/1599
f 2184/1080/1601 2185/1078/1602 2180/1088/1599
f 2185/1078/1602 2186/1076/1603 2180/1088/1599
f 2186/1076/1603 2187/1074/1604 2180/1088/1599
f 2187/1074/1604 2188/1117/1605 2180/1088/1599
f 2188/1117/1605 2189/1070/1606 2180/1088/1599
f 2189/1070/1606 2190/1119/1607 2180/1088/1599
f 2190/1119/1607 2191/1066/1608 2180/1088/1599
f 2191/1066/1608 2192/1064/1609 2180/1088/1599
f 2192/1064/1609 2193/1120/1610 2180/1088/1599
f 2193/1120/1610 2194/1060/1611 2180/1088/1599
f 2194/1060/1611 2195/1058/1612 2180/1088/1599
f 2195/1058/1612 2196/1056/1613 2180/1088/1599
f 2196/1056/1613 2197/1054/1614 2180/1088/1599
f 2197/1054/1614 2198/1052/1615 2180/1088/1599
f 2198/1052/1615 2199/1121/1616 2180/1088/1599
f 2199/1121/1616 2200/1051/1617 2180/1088/1599
f 2200/1051/1617 2201/1125/1618 2180/1088/1599
f 2202/1123/1618 2180/1088/1599 2201/1125/1618
o Propeller
v -0.000312 -0.076000 0.948081
v -0.011477 -0.041635 0.942358
v -0.000312 -0.039867 0.942358
v -0.021550 -0.046767 0.942358
v -0.029544 -0.054761 0.942358
v -0.034676 -0.064834 0.942358
v -0.036445 -0.076000 0.942358
v -0.034676 -0.087166 0.942358
v -0.029544 -0.097239 0.942358
v -0.021550 -0.105232 0.942358
v -0.011477 -0.110365 0.942358
v -0.000312 -0.112133 0.942358
v 0.010854 -0.110365 0.942358
v 0.020927 -0.105232 0.942358
v 0.028921 -0.097239 0.942358
v 0.034053 -0.087166 0.942358
v 0.035822 -0.076000 0.942358
v -0.021550 -0.010634 0.925750
v -0.040710 -0.020396 0.925750
v -0.055915 -0.035602 0.925750
v -0.065677 -0.054761 0.925750
v -0.069041 -0.076000 0.925750
v -0.065677 -0.097239 0.925750
v -0.055915 -0.116398 0.925750
v -0.040710 -0.131604 0.925750
v -0.021550 -0.141366 0.925750
v -0.000312 -0.144730 0.925750
v 0.020927 -0.141366 0.925750
v 0.040087 -0.131603 0.925750
v 0.055292 -0.116398 0.925750
v 0.065054 -0.097239 0.925750
v 0.068418 -0.076000 0.925750
v 0.065054 -0.054761 0.925750
v 0.034053 -0.064834 0.942358
v 0.028921 -0.054761 0.942358
v 0.020927 -0.046767 0.942358
v 0.010854 -0.041635 0.942358
v 0.055292 -0.035602 0.925750
v 0.040087 -0.020396 0.925750
v 0.020927 -0.010634 0.925750
v -0.000312 -0.007270 0.925750
v -0.029544 0.013968 0.899881
v -0.000312 0.018598 0.899881
v -0.055915 0.000532 0.899881
v -0.076843 -0.020396 0.899881
v -0.090280 -0.046767 0.899881
v -0.094910 -0.076000 0.899881
v -0.090280 -0.105232 0.899881
v -0.076843 -0.131604 0.899881
v -0.055915 -0.152532 0.899881
v -0.029544 -0.165968 0.899881
v -0.000311 -0.170598 0.899881
v 0.028921 -0.165968 0.899881
v 0.055292 -0.152532 0.899881
v 0.076220 -0.131603 0.899881
v 0.089657 -0.105232 0.899881
v 0.094287 -0.076000 0.899881
v 0.089657 -0.046767 0.899881
v 0.076220 -0.020396 0.899881
v 0.055292 0.000532 0.899881
v 0.028921 0.013969 0.899881
v -0.034676 0.029764 0.867285
v -0.000312 0.018598 0.899881
v -0.029544 0.013968 0.899881
v -0.000312 0.035207 0.867285
v -0.065677 0.013968 0.867285
v -0.055915 0.000532 0.899881
v -0.090280 -0.010634 0.867285
v -0.076843 -0.020396 0.899881
v -0.106076 -0.041635 0.867285
v -0.090280 -0.046767 0.899881
v -0.111519 -0.076000 0.867285
v -0.094910 -0.076000 0.899881
v -0.106076 -0.110365 0.867285
v -0.090280 -0.105232 0.899881
v -0.090280 -0.141366 0.867285
v -0.076843 -0.131604 0.899881
v -0.065677 -0.165968 0.867285
v -0.055915 -0.152532 0.899881
v -0.034676 -0.181764 0.867285
v -0.029544 -0.165968 0.899881
v -0.000311 -0.187207 0.867285
v -0.000311 -0.170598 0.899881
v 0.034053 -0.181764 0.867285
v 0.028921 -0.165968 0.899881
v 0.065054 -0.165968 0.867285
v 0.055292 -0.152532 0.899881
v 0.089657 -0.141366 0.867285
v 0.076220 -0.131603 0.899881
v 0.105453 -0.110365 0.867285
v 0.089657 -0.105232 0.899881
v 0.110895 -0.076000 0.867285
v 0.094287 -0.076000 0.899881
v 0.105453 -0.041635 0.867285
v 0.089657 -0.046767 0.899881
v 0.089657 -0.010634 0.867285
v 0.076220 -0.020396 0.899881
v 0.065054 0.013969 0.867285
v 0.055292 0.000532 0.899881
v 0.034053 0.029764 0.867285
v 0.028921 0.013969 0.899881
v -0.000312 0.035207 0.867285
v -0.000312 0.018598 0.899881
v 0.110896 -0.112133 0.831151
v 0.094287 -0.144730 0.831151
v 0.068418 -0.170598 0.831151
v 0.035822 -0.187207 0.831151
v -0.000311 -0.192930 0.831151
v -0.036445 -0.187207 0.831151
v -0.069041 -0.170598 0.831151
v -0.094910 -0.144730 0.831151
v -0.111519 -0.112133 0.831151
v -0.117242 -0.076000 0.831151
v -0.111519 -0.039867 0.831151
v -0.094910 -0.007270 0.831151
v -0.069041 0.018598 0.831151
v -0.036445 0.035207 0.831151
v -0.000312 0.040930 0.831151
v -0.094910 -0.007270 0.695571
v -0.069041 0.018598 0.695571
v -0.069041 0.018598 0.831151
v -0.036445 0.035207 0.695571
v -0.036445 0.035207 0.831151
v -0.000312 0.040930 0.695571
v -0.000312 0.040930 0.831151
v -0.111519 -0.039867 0.695571
v -0.117242 -0.076000 0.831151
v -0.117242 -0.076000 0.695571
v -0.111519 -0.112133 0.695571
v -0.094910 -0.144730 0.695571
v -0.069041 -0.170598 0.695571
v -0.036445 -0.187207 0.695571
v -0.000311 -0.192930 0.831151
v -0.000311 -0.192930 0.695571
v 0.035822 -0.187207 0.695571
v 0.068418 -0.170598 0.695571
v 0.094287 -0.144730 0.831151
v 0.094287 -0.144730 0.695571
v 0.110896 -0.112133 0.831151
v 0.110896 -0.112133 0.695571
v 0.116618 -0.076000 0.831151
v 0.116618 -0.076000 0.695571
v 0.110895 -0.039866 0.831151
v 0.110895 -0.039866 0.695571
v 0.094287 -0.007270 0.831151
v 0.094287 -0.007270 0.695571
v 0.068418 0.018599 0.831151
v 0.068418 0.018599 0.695571
v 0.035822 0.035207 0.831151
v 0.035822 0.035207 0.695571
v -0.000312 0.040930 0.831151
v -0.000312 0.040930 0.695571
v 0.116618 -0.076000 0.831151
v 0.110895 -0.039866 0.831151
v 0.094287 -0.007270 0.831151
v 0.068418 0.018599 0.831151
v 0.035822 0.035207 0.831151
v -0.000312 0.040930 0.831151
v 0.063704 0.469005 0.877200
v 0.054914 0.484115 0.877315
v 0.064213 0.484992 0.875302
v 0.054433 0.469005 0.878946
v 0.053653 0.498852 0.873917
v 0.062873 0.500585 0.871544
v 0.050603 0.512855 0.868900
v 0.059632 0.515401 0.866089
v 0.045781 0.525778 0.862435
v 0.054502 0.529074 0.859124
v 0.039266 0.537303 0.854713
v 0.047565 0.541268 0.850858
v 0.031204 0.547147 0.845935
v 0.038978 0.551683 0.841506
v 0.021808 0.555066 0.836307
v 0.028967 0.560062 0.831285
v 0.011348 0.560866 0.826033
v 0.017821 0.566198 0.820413
v 0.000142 0.564404 0.815319
v 0.005884 0.569942 0.809102
v -0.011458 0.565593 0.804366
v -0.006466 0.571200 0.797561
v -0.023082 0.564404 0.793374
v -0.018829 0.569942 0.785998
v -0.034359 0.560866 0.782546
v -0.030808 0.566199 0.774620
v -0.044935 0.555066 0.772087
v -0.042021 0.560062 0.763639
v -0.054489 0.547147 0.762205
v -0.052125 0.551683 0.753270
v -0.062747 0.537303 0.753112
v -0.060828 0.541268 0.743732
v -0.069493 0.525778 0.745021
v -0.067900 0.529074 0.735249
v -0.074573 0.512855 0.738142
v -0.073182 0.515401 0.728042
v -0.077901 0.498852 0.732676
v -0.076587 0.500585 0.722323
v -0.079457 0.484114 0.728807
v -0.078100 0.484992 0.718288
v -0.079278 0.469005 0.726691
v -0.077768 0.469005 0.716106
v -0.036559 0.561824 0.754543
v -0.025145 0.568079 0.765666
v -0.012933 0.571895 0.777211
v -0.062775 0.530236 0.725894
v -0.055639 0.542666 0.734434
v -0.046823 0.553283 0.744058
v -0.072870 0.485301 0.708961
v -0.071439 0.501196 0.712951
v -0.068070 0.516298 0.718661
v -0.000311 0.573178 0.788966
v 0.012310 0.571895 0.800721
v 0.024522 0.568079 0.812266
v 0.035936 0.561824 0.823390
v 0.046200 0.553283 0.833874
v 0.055016 0.542666 0.843499
v 0.062152 0.530236 0.852039
v 0.067447 0.516298 0.859271
v 0.070816 0.501196 0.864981
v 0.072247 0.485301 0.868971
v 0.071793 0.469005 0.871072
v 0.057457 0.426998 0.876408
v 0.048256 0.426998 0.877800
v 0.065584 0.426998 0.870561
v 0.043767 0.352532 0.869795
v 0.034519 0.352532 0.870328
v 0.052120 0.352532 0.864582
v 0.030245 0.269516 0.861009
v 0.020955 0.269516 0.860577
v 0.038869 0.269516 0.856488
v 0.018697 0.187562 0.850874
v 0.009376 0.187562 0.849481
v 0.027608 0.187562 0.847021
v 0.009052 0.106669 0.839446
v -0.000289 0.106669 0.837095
v 0.018265 0.106669 0.836237
v 0.001646 0.031421 0.827546
v -0.007705 0.031421 0.824297
v 0.011155 0.031421 0.824921
v 0.012310 0.571895 0.800721
v -0.012933 0.571895 0.777211
v -0.072416 0.469005 0.706861
v -0.066207 0.426998 0.707371
v -0.071974 0.426998 0.716139
v -0.073939 0.426998 0.726492
v -0.059108 0.352532 0.721430
v -0.061689 0.352532 0.731579
v -0.052743 0.352532 0.713350
v -0.046505 0.269516 0.728741
v -0.049783 0.269516 0.738671
v -0.039492 0.269516 0.721444
v -0.035864 0.187562 0.737421
v -0.039840 0.187562 0.747143
v -0.028231 0.187562 0.730912
v -0.027115 0.106669 0.747413
v -0.031790 0.106669 0.756937
v -0.018888 0.106669 0.741696
v -0.020542 0.031421 0.757977
v -0.025875 0.031421 0.767326
v -0.011778 0.031421 0.753011
v 0.054433 0.469005 0.878946
v 0.053653 0.498852 0.873917
v 0.054914 0.484115 0.877315
v 0.050603 0.512855 0.868900
v 0.045781 0.525778 0.862435
v 0.039266 0.537303 0.854713
v 0.031204 0.547147 0.845935
v 0.021808 0.555066 0.836307
v 0.011348 0.560866 0.826033
v 0.000142 0.564404 0.815319
v -0.011458 0.565593 0.804366
v -0.023082 0.564404 0.793374
v -0.034359 0.560866 0.782546
v -0.044935 0.555066 0.772087
v -0.054489 0.547147 0.762205
v -0.062747 0.537303 0.753112
v -0.069493 0.525778 0.745021
v -0.074573 0.512855 0.738142
v -0.077901 0.498852 0.732676
v -0.079457 0.484114 0.728807
v -0.079278 0.469005 0.726691
v -0.073939 0.426998 0.726492
v 0.048256 0.426998 0.877800
v 0.034519 0.352532 0.870328
v -0.061689 0.352532 0.731579
v -0.049783 0.269516 0.738671
v 0.020955 0.269516 0.860577
v -0.039840 0.187562 0.747143
v 0.009376 0.187562 0.849481
v -0.031790 0.106669 0.756937
v -0.000289 0.106669 0.837095
v -0.025875 0.031421 0.767326
v -0.007705 0.031421 0.824297
v -0.064327 0.469005 0.700733
v -0.055537 0.484114 0.700618
v -0.064836 0.484992 0.702631
v -0.055056 0.469005 0.698986
v -0.054275 0.498852 0.704015
v -0.063496 0.500585 0.706388
v -0.051226 0.512855 0.709033
v -0.060255 0.515401 0.711844
v -0.046404 0.525778 0.715498
v -0.055124 0.529074 0.718808
v -0.039888 0.537303 0.723220
v -0.048188 0.541268 0.727074
v -0.031827 0.547147 0.731997
v -0.039601 0.551683 0.736427
v -0.022431 0.555066 0.741626
v -0.029589 0.560062 0.746647
v -0.011971 0.560866 0.751899
v -0.018444 0.566199 0.757519
v -0.000765 0.564404 0.762613
v -0.006507 0.569942 0.768830
v 0.010836 0.565593 0.773567
v 0.005843 0.571200 0.780371
v 0.022459 0.564404 0.784559
v 0.018207 0.569942 0.791935
v 0.033736 0.560866 0.795386
v 0.030185 0.566199 0.803312
v 0.044312 0.555066 0.805845
v 0.041399 0.560062 0.814293
v 0.053866 0.547147 0.815727
v 0.051503 0.551683 0.824663
v 0.062124 0.537303 0.824820
v 0.060205 0.541268 0.834200
v 0.068870 0.525778 0.832911
v 0.067277 0.529074 0.842683
v 0.073950 0.512855 0.839790
v 0.072559 0.515401 0.849890
v 0.077279 0.498852 0.845256
v 0.075964 0.500585 0.855609
v 0.078834 0.484114 0.849126
v 0.077477 0.484992 0.859644
v 0.078655 0.469005 0.851241
v 0.077145 0.469005 0.861826
v 0.035936 0.561824 0.823390
v 0.024522 0.568079 0.812266
v 0.012310 0.571895 0.800721
v 0.062152 0.530236 0.852039
v 0.055016 0.542666 0.843499
v 0.046200 0.553283 0.833874
v 0.072247 0.485301 0.868971
v 0.070816 0.501196 0.864981
v 0.067447 0.516298 0.859271
v -0.000311 0.573178 0.788966
v -0.012933 0.571895 0.777211
v -0.025145 0.568079 0.765666
v -0.036559 0.561824 0.754543
v -0.046823 0.553283 0.744058
v -0.055639 0.542666 0.734434
v -0.062775 0.530236 0.725894
v -0.068070 0.516298 0.718661
v -0.071439 0.501196 0.712951
v -0.072870 0.485301 0.708961
v -0.072416 0.469005 0.706861
v -0.058080 0.426998 0.701525
v -0.048879 0.426998 0.700132
v -0.066207 0.426998 0.707371
v -0.044389 0.352532 0.708138
v -0.035142 0.352532 0.707604
v -0.052743 0.352532 0.713350
v -0.030868 0.269516 0.716923
v -0.021578 0.269516 0.717355
v -0.039492 0.269516 0.721444
v -0.019320 0.187562 0.727058
v -0.009999 0.187562 0.728452
v -0.028231 0.187562 0.730912
v -0.009675 0.106669 0.738486
v -0.000334 0.106669 0.740837
v -0.018888 0.106669 0.741696
v -0.002269 0.031421 0.750387
v 0.007083 0.031421 0.753636
v -0.011778 0.031421 0.753011
v -0.012933 0.571895 0.777211
v 0.012310 0.571895 0.800721
v 0.071793 0.469005 0.871072
v 0.065584 0.426998 0.870561
v 0.071352 0.426998 0.861793
v 0.073316 0.426998 0.851441
v 0.058485 0.352532 0.856503
v 0.061066 0.352532 0.846354
v 0.052120 0.352532 0.864582
v 0.045882 0.269516 0.849191
v 0.049160 0.269516 0.839261
v 0.038869 0.269516 0.856488
v 0.035241 0.187562 0.840511
v 0.039217 0.187562 0.830790
v 0.027608 0.187562 0.847021
v 0.026492 0.106669 0.830520
v 0.031167 0.106669 0.820995
v 0.018265 0.106669 0.836237
v 0.019919 0.031421 0.819956
v 0.025252 0.031421 0.810607
v 0.011155 0.031421 0.824921
v -0.055056 0.469005 0.698986
v -0.054275 0.498852 0.704015
v -0.055537 0.484114 0.700618
v -0.051226 0.512855 0.709033
v -0.046404 0.525778 0.715498
v -0.039888 0.537303 0.723220
v -0.031827 0.547147 0.731997
v -0.022431 0.555066 0.741626
v -0.011971 0.560866 0.751899
v -0.000765 0.564404 0.762613
v 0.010836 0.565593 0.773567
v 0.022459 0.564404 0.784559
v 0.033736 0.560866 0.795386
v 0.044312 0.555066 0.805845
v 0.053866 0.547147 0.815727
v 0.062124 0.537303 0.824820
v 0.068870 0.525778 0.832911
v 0.073950 0.512855 0.839790
v 0.077279 0.498852 0.845256
v 0.078834 0.484114 0.849126
v 0.078655 0.469005 0.851241
v 0.073316 0.426998 0.851441
v -0.048879 0.426998 0.700132
v -0.035142 0.352532 0.707604
v 0.061066 0.352532 0.846354
v 0.049160 0.269516 0.839261
v -0.021578 0.269516 0.717355
v 0.039217 0.187562 0.830790
v -0.009999 0.187562 0.728452
v 0.031167 0.106669 0.820995
v -0.000334 0.106669 0.740837
v 0.025252 0.031421 0.810607
v 0.007083 0.031421 0.753636
v 0.439668 -0.403942 0.877200
v 0.457149 -0.403884 0.877315
v 0.453259 -0.412376 0.875302
v 0.444304 -0.395912 0.878946
v 0.470543 -0.410160 0.873917
v 0.467433 -0.419012 0.871544
v 0.484194 -0.414521 0.868900
v 0.481885 -0.423613 0.866089
v 0.497797 -0.416806 0.862435
v 0.496291 -0.426006 0.859124
v 0.511036 -0.416926 0.854713
v 0.510320 -0.426096 0.850858
v 0.523591 -0.414866 0.845935
v 0.523633 -0.423867 0.841506
v 0.535148 -0.410689 0.836307
v 0.535895 -0.419386 0.831285
v 0.545401 -0.404530 0.826034
v 0.546782 -0.412803 0.820413
v 0.554068 -0.396595 0.815319
v 0.555993 -0.404337 0.809102
v 0.560898 -0.387143 0.804366
v 0.563257 -0.394270 0.797561
v 0.565680 -0.376482 0.793374
v 0.568350 -0.382934 0.785998
v 0.568254 -0.364947 0.782546
v 0.571097 -0.370688 0.774620
v 0.568519 -0.352888 0.772087
v 0.571389 -0.357909 0.763639
v 0.566438 -0.340654 0.762205
v 0.569184 -0.344969 0.753270
v 0.562042 -0.328581 0.753112
v 0.564516 -0.332225 0.743732
v 0.555434 -0.316976 0.745021
v 0.557492 -0.320004 0.735249
v 0.546782 -0.306115 0.738142
v 0.548291 -0.308593 0.728042
v 0.536320 -0.296231 0.732676
v 0.537163 -0.298236 0.722323
v 0.524334 -0.287515 0.728807
v 0.524415 -0.289129 0.718288
v 0.511159 -0.280116 0.726691
v 0.510404 -0.281423 0.716106
v 0.570184 -0.363521 0.754543
v 0.569894 -0.376533 0.765666
v 0.567093 -0.389017 0.777211
v 0.555936 -0.325023 0.725894
v 0.563133 -0.337418 0.734434
v 0.567919 -0.350361 0.744058
v 0.522069 -0.293813 0.708961
v 0.535119 -0.303000 0.712951
v 0.546513 -0.313469 0.718661
v 0.561893 -0.400589 0.788966
v 0.554471 -0.410878 0.800721
v 0.545060 -0.419546 0.812266
v 0.533936 -0.426303 0.823390
v 0.521407 -0.430921 0.833874
v 0.507805 -0.433248 0.843499
v 0.493472 -0.433213 0.852039
v 0.478755 -0.430830 0.859271
v 0.463991 -0.426197 0.864981
v 0.449510 -0.419488 0.868972
v 0.435624 -0.410947 0.871072
v 0.406413 -0.377528 0.876408
v 0.411013 -0.369559 0.877800
v 0.402349 -0.384566 0.870561
v 0.348769 -0.328439 0.869795
v 0.353393 -0.320430 0.870328
v 0.344592 -0.335673 0.864582
v 0.283636 -0.275221 0.861009
v 0.288281 -0.267176 0.860577
v 0.279324 -0.282690 0.856488
v 0.218436 -0.224243 0.850874
v 0.223096 -0.216171 0.849481
v 0.213980 -0.231960 0.847021
v 0.153203 -0.175444 0.839446
v 0.157873 -0.167354 0.837095
v 0.148596 -0.183422 0.836237
v 0.091739 -0.131406 0.827546
v 0.096415 -0.123307 0.824297
v 0.086984 -0.139641 0.824921
v 0.554471 -0.410878 0.800721
v 0.567093 -0.389017 0.777211
v 0.507729 -0.286058 0.706861
v 0.468245 -0.270432 0.707372
v 0.471129 -0.265437 0.716139
v 0.472111 -0.263735 0.726492
v 0.400206 -0.239347 0.721430
v 0.401497 -0.237112 0.731579
v 0.397024 -0.244859 0.713350
v 0.322011 -0.208753 0.728741
v 0.323650 -0.205915 0.738671
v 0.318504 -0.214827 0.721444
v 0.245716 -0.176991 0.737421
v 0.247704 -0.173549 0.747143
v 0.241900 -0.183602 0.730912
v 0.171287 -0.144122 0.747413
v 0.173624 -0.140074 0.756937
v 0.167173 -0.151247 0.741696
v 0.102833 -0.112191 0.757977
v 0.105500 -0.107572 0.767326
v 0.098451 -0.119780 0.753011
v 0.444304 -0.395912 0.878946
v 0.470543 -0.410160 0.873917
v 0.457149 -0.403884 0.877315
v 0.484194 -0.414521 0.868900
v 0.497797 -0.416806 0.862435
v 0.511036 -0.416926 0.854713
v 0.523591 -0.414866 0.845935
v 0.535148 -0.410689 0.836307
v 0.545401 -0.404530 0.826034
v 0.554068 -0.396595 0.815319
v 0.560898 -0.387143 0.804366
v 0.565680 -0.376482 0.793374
v 0.568254 -0.364947 0.782546
v 0.568519 -0.352888 0.772087
v 0.566438 -0.340654 0.762205
v 0.562042 -0.328581 0.753112
v 0.555434 -0.316976 0.745021
v 0.546782 -0.306115 0.738142
v 0.536320 -0.296231 0.732676
v 0.524334 -0.287515 0.728807
v 0.511159 -0.280116 0.726691
v 0.472111 -0.263735 0.726492
v 0.411013 -0.369559 0.877800
v 0.353393 -0.320430 0.870328
v 0.401497 -0.237112 0.731579
v 0.323650 -0.205915 0.738671
v 0.288281 -0.267176 0.860577
v 0.247704 -0.173549 0.747143
v 0.223096 -0.216171 0.849481
v 0.173624 -0.140074 0.756937
v 0.157873 -0.167354 0.837095
v 0.105500 -0.107572 0.767326
v 0.096415 -0.123307 0.824297
v 0.503684 -0.293063 0.700733
v 0.512374 -0.308231 0.700618
v 0.517784 -0.300616 0.702631
v 0.499048 -0.301093 0.698986
v 0.524507 -0.316692 0.704015
v 0.530618 -0.309573 0.706388
v 0.535109 -0.326334 0.709033
v 0.541828 -0.319788 0.711844
v 0.543890 -0.336972 0.715498
v 0.551104 -0.331068 0.718808
v 0.550613 -0.348377 0.723220
v 0.558196 -0.343172 0.727075
v 0.555107 -0.360280 0.731998
v 0.562922 -0.355816 0.736427
v 0.557267 -0.372377 0.741626
v 0.565173 -0.368676 0.746647
v 0.557060 -0.384336 0.751899
v 0.564915 -0.381396 0.757519
v 0.554521 -0.395810 0.762614
v 0.562188 -0.393606 0.768831
v 0.549751 -0.406450 0.773567
v 0.557103 -0.404930 0.780371
v 0.542909 -0.415922 0.784559
v 0.549832 -0.415008 0.791935
v 0.534207 -0.423919 0.795386
v 0.540600 -0.423510 0.803312
v 0.523896 -0.430178 0.805845
v 0.529679 -0.430153 0.814294
v 0.512260 -0.434492 0.815727
v 0.517370 -0.434714 0.824663
v 0.499607 -0.436722 0.824820
v 0.504000 -0.437043 0.834200
v 0.486253 -0.436802 0.832911
v 0.489903 -0.437070 0.842683
v 0.472521 -0.434740 0.839790
v 0.475421 -0.434808 0.849891
v 0.458730 -0.430621 0.845256
v 0.460888 -0.430349 0.855610
v 0.445189 -0.424599 0.849126
v 0.446627 -0.423862 0.859644
v 0.432193 -0.416889 0.851241
v 0.432948 -0.415582 0.861826
v 0.533936 -0.426303 0.823390
v 0.545060 -0.419546 0.812266
v 0.554471 -0.410878 0.800721
v 0.493472 -0.433213 0.852039
v 0.507805 -0.433248 0.843499
v 0.521407 -0.430921 0.833874
v 0.449510 -0.419488 0.868972
v 0.463991 -0.426197 0.864981
v 0.478755 -0.430830 0.859271
v 0.561893 -0.400589 0.788966
v 0.567093 -0.389017 0.777211
v 0.569894 -0.376533 0.765666
v 0.570184 -0.363521 0.754543
v 0.567919 -0.350361 0.744058
v 0.563133 -0.337418 0.734434
v 0.555936 -0.325023 0.725894
v 0.546513 -0.313469 0.718661
v 0.535119 -0.303000 0.712951
v 0.522069 -0.293813 0.708961
v 0.507729 -0.286058 0.706861
v 0.464181 -0.277470 0.701525
v 0.459581 -0.285438 0.700133
v 0.468245 -0.270432 0.707372
v 0.392847 -0.252093 0.708138
v 0.388223 -0.260102 0.707604
v 0.397024 -0.244859 0.713350
v 0.314192 -0.222295 0.716923
v 0.309547 -0.230341 0.717355
v 0.318504 -0.214827 0.721444
v 0.237444 -0.191319 0.727058
v 0.232784 -0.199391 0.728452
v 0.241900 -0.183602 0.730912
v 0.162567 -0.159225 0.738486
v 0.157896 -0.167315 0.740837
v 0.167173 -0.151247 0.741696
v 0.093697 -0.128016 0.750387
v 0.089021 -0.136114 0.753636
v 0.098451 -0.119780 0.753011
v 0.567093 -0.389017 0.777211
v 0.554471 -0.410878 0.800721
v 0.435624 -0.410947 0.871072
v 0.402349 -0.384566 0.870561
v 0.399466 -0.389561 0.861793
v 0.398483 -0.391263 0.851441
v 0.341410 -0.341186 0.856503
v 0.340119 -0.343420 0.846354
v 0.344592 -0.335673 0.864582
v 0.275817 -0.288763 0.849191
v 0.274178 -0.291601 0.839262
v 0.279324 -0.282690 0.856488
v 0.210163 -0.238571 0.840511
v 0.208176 -0.242013 0.830790
v 0.213980 -0.231960 0.847021
v 0.144483 -0.190548 0.830520
v 0.142146 -0.194596 0.820995
v 0.148596 -0.183422 0.836237
v 0.082603 -0.147230 0.819956
v 0.079936 -0.151849 0.810607
v 0.086984 -0.139641 0.824921
v 0.499048 -0.301093 0.698986
v 0.524507 -0.316692 0.704015
v 0.512374 -0.308231 0.700618
v 0.535109 -0.326334 0.709033
v 0.543890 -0.336972 0.715498
v 0.550613 -0.348377 0.723220
v 0.555107 -0.360280 0.731998
v 0.557267 -0.372377 0.741626
v 0.557060 -0.384336 0.751899
v 0.554521 -0.395810 0.762614
v 0.549751 -0.406450 0.773567
v 0.542909 -0.415922 0.784559
v 0.534207 -0.423919 0.795386
v 0.523896 -0.430178 0.805845
v 0.512260 -0.434492 0.815727
v 0.499607 -0.436722 0.824820
v 0.486253 -0.436802 0.832911
v 0.472521 -0.434740 0.839790
v 0.458730 -0.430621 0.845256
v 0.445189 -0.424599 0.849126
v 0.432193 -0.416889 0.851241
v 0.398483 -0.391263 0.851441
v 0.459581 -0.285438 0.700133
v 0.388223 -0.260102 0.707604
v 0.340119 -0.343420 0.846354
v 0.274178 -0.291601 0.839262
v 0.309547 -0.230341 0.717355
v 0.208176 -0.242013 0.830790
v 0.232784 -0.199391 0.728452
v 0.142146 -0.194596 0.820995
v 0.157896 -0.167315 0.740837
v 0.079936 -0.151849 0.810607
v 0.089021 -0.136114 0.753636
v -0.504307 -0.293063 0.877200
v -0.512998 -0.308231 0.877315
v -0.518407 -0.300616 0.875302
v -0.499672 -0.301092 0.878946
v -0.525130 -0.316692 0.873917
v -0.531241 -0.309573 0.871544
v -0.535732 -0.326334 0.868900
v -0.542451 -0.319788 0.866089
v -0.544513 -0.336972 0.862435
v -0.551727 -0.331067 0.859124
v -0.551236 -0.348377 0.854713
v -0.558819 -0.343172 0.850858
v -0.555730 -0.360280 0.845935
v -0.563545 -0.355816 0.841506
v -0.557890 -0.372377 0.836307
v -0.565796 -0.368675 0.831285
v -0.557683 -0.384336 0.826033
v -0.565538 -0.381396 0.820413
v -0.555144 -0.395810 0.815319
v -0.562812 -0.393605 0.809102
v -0.550374 -0.406450 0.804366
v -0.557726 -0.404930 0.797561
v -0.543533 -0.415922 0.793374
v -0.550455 -0.415008 0.785998
v -0.534830 -0.423919 0.782546
v -0.541223 -0.423510 0.774620
v -0.524519 -0.430178 0.772087
v -0.530302 -0.430153 0.763639
v -0.512884 -0.434492 0.762205
v -0.517994 -0.434713 0.753270
v -0.500230 -0.436722 0.753112
v -0.504623 -0.437043 0.743732
v -0.486876 -0.436802 0.745021
v -0.490527 -0.437070 0.735249
v -0.473144 -0.434740 0.738142
v -0.476044 -0.434808 0.728042
v -0.459353 -0.430621 0.732676
v -0.461511 -0.430349 0.722323
v -0.445812 -0.424599 0.728807
v -0.447250 -0.423862 0.718288
v -0.432816 -0.416889 0.726691
v -0.433571 -0.415581 0.716106
v -0.534559 -0.426303 0.754543
v -0.545684 -0.419546 0.765666
v -0.555095 -0.410878 0.777211
v -0.494096 -0.433213 0.725894
v -0.508428 -0.433248 0.734434
v -0.522030 -0.430921 0.744058
v -0.450133 -0.419488 0.708961
v -0.464614 -0.426196 0.712951
v -0.479378 -0.430830 0.718661
v -0.562516 -0.400589 0.788966
v -0.567716 -0.389017 0.800721
v -0.570517 -0.376533 0.812266
v -0.570807 -0.363520 0.823390
v -0.568542 -0.350361 0.833874
v -0.563756 -0.337418 0.843499
v -0.556559 -0.325023 0.852039
v -0.547136 -0.313468 0.859271
v -0.535742 -0.302999 0.864981
v -0.522692 -0.293813 0.868971
v -0.508352 -0.286057 0.871072
v -0.464805 -0.277470 0.876408
v -0.460204 -0.285438 0.877800
v -0.468868 -0.270432 0.870561
v -0.393470 -0.252093 0.869795
v -0.388846 -0.260102 0.870328
v -0.397647 -0.244859 0.864582
v -0.314815 -0.222295 0.861009
v -0.310171 -0.230340 0.860577
v -0.319128 -0.214826 0.856488
v -0.238067 -0.191319 0.850874
v -0.233407 -0.199391 0.849480
v -0.242523 -0.183602 0.847021
v -0.163190 -0.159225 0.839446
v -0.158519 -0.167315 0.837095
v -0.167796 -0.151247 0.836237
v -0.094320 -0.128015 0.827546
v -0.089644 -0.136114 0.824297
v -0.099075 -0.119780 0.824921
v -0.567716 -0.389017 0.800721
v -0.555095 -0.410878 0.777211
v -0.436247 -0.410947 0.706861
v -0.402973 -0.384566 0.707371
v -0.400089 -0.389561 0.716139
v -0.399106 -0.391262 0.726492
v -0.342033 -0.341185 0.721430
v -0.340743 -0.343420 0.731579
v -0.345216 -0.335673 0.713350
v -0.276440 -0.288763 0.728741
v -0.274802 -0.291601 0.738671
v -0.279947 -0.282689 0.721444
v -0.210787 -0.238571 0.737421
v -0.208799 -0.242013 0.747143
v -0.214603 -0.231960 0.730912
v -0.145106 -0.190547 0.747413
v -0.142769 -0.194595 0.756937
v -0.149220 -0.183422 0.741696
v -0.083226 -0.147230 0.757977
v -0.080559 -0.151849 0.767326
v -0.087608 -0.139641 0.753011
v -0.499672 -0.301092 0.878946
v -0.525130 -0.316692 0.873917
v -0.512998 -0.308231 0.877315
v -0.535732 -0.326334 0.868900
v -0.544513 -0.336972 0.862435
v -0.551236 -0.348377 0.854713
v -0.555730 -0.360280 0.845935
v -0.557890 -0.372377 0.836307
v -0.557683 -0.384336 0.826033
v -0.555144 -0.395810 0.815319
v -0.550374 -0.406450 0.804366
v -0.543533 -0.415922 0.793374
v -0.534830 -0.423919 0.782546
v -0.524519 -0.430178 0.772087
v -0.512884 -0.434492 0.762205
v -0.500230 -0.436722 0.753112
v -0.486876 -0.436802 0.745021
v -0.473144 -0.434740 0.738142
v -0.459353 -0.430621 0.732676
v -0.445812 -0.424599 0.728807
v -0.432816 -0.416889 0.726691
v -0.399106 -0.391262 0.726492
v -0.460204 -0.285438 0.877800
v -0.388846 -0.260102 0.870328
v -0.340743 -0.343420 0.731579
v -0.274802 -0.291601 0.738671
v -0.310171 -0.230340 0.860577
v -0.208799 -0.242013 0.747143
v -0.233407 -0.199391 0.849480
v -0.142769 -0.194595 0.756937
v -0.158519 -0.167315 0.837095
v -0.080559 -0.151849 0.767326
v -0.089644 -0.136114 0.824297
v -0.440292 -0.403941 0.700733
v -0.457772 -0.403884 0.700618
v -0.453882 -0.412376 0.702631
v -0.444927 -0.395912 0.698986
v -0.471166 -0.410160 0.704015
v -0.468057 -0.419012 0.706388
v -0.484818 -0.414521 0.709033
v -0.482508 -0.423613 0.711844
v -0.498420 -0.416806 0.715498
v -0.496914 -0.426006 0.718808
v -0.511659 -0.416926 0.723220
v -0.510943 -0.426096 0.727074
v -0.524215 -0.414866 0.731998
v -0.524256 -0.423867 0.736427
v -0.535771 -0.410689 0.741626
v -0.536518 -0.419386 0.746647
v -0.546024 -0.404530 0.751899
v -0.547405 -0.412802 0.757519
v -0.554691 -0.396594 0.762613
v -0.556616 -0.404336 0.768830
v -0.561521 -0.387143 0.773567
v -0.563881 -0.394270 0.780371
v -0.566303 -0.376482 0.784559
v -0.568973 -0.382934 0.791935
v -0.568877 -0.364947 0.795386
v -0.571720 -0.370688 0.803312
v -0.569142 -0.352888 0.805845
v -0.572012 -0.357909 0.814293
v -0.567061 -0.340654 0.815727
v -0.569808 -0.344969 0.824663
v -0.562665 -0.328581 0.824820
v -0.565140 -0.332225 0.834200
v -0.556057 -0.316976 0.832911
v -0.558115 -0.320003 0.842683
v -0.547406 -0.306115 0.839790
v -0.548915 -0.308593 0.849890
v -0.536943 -0.296231 0.845256
v -0.537786 -0.298236 0.855609
v -0.524958 -0.287515 0.849126
v -0.525039 -0.289129 0.859644
v -0.511783 -0.280116 0.851241
v -0.511028 -0.281423 0.861826
v -0.570807 -0.363520 0.823390
v -0.570517 -0.376533 0.812266
v -0.567716 -0.389017 0.800721
v -0.556559 -0.325023 0.852039
v -0.563756 -0.337418 0.843499
v -0.568542 -0.350361 0.833874
v -0.522692 -0.293813 0.868971
v -0.535742 -0.302999 0.864981
v -0.547136 -0.313468 0.859271
v -0.562516 -0.400589 0.788966
v -0.555095 -0.410878 0.777211
v -0.545684 -0.419546 0.765666
v -0.534559 -0.426303 0.754543
v -0.522030 -0.430921 0.744058
v -0.508428 -0.433248 0.734434
v -0.494096 -0.433213 0.725894
v -0.479378 -0.430830 0.718661
v -0.464614 -0.426196 0.712951
v -0.450133 -0.419488 0.708961
v -0.436247 -0.410947 0.706861
v -0.407036 -0.377528 0.701525
v -0.411637 -0.369559 0.700132
v -0.402973 -0.384566 0.707371
v -0.349392 -0.328439 0.708138
v -0.354016 -0.320430 0.707604
v -0.345216 -0.335673 0.713350
v -0.284259 -0.275220 0.716923
v -0.288904 -0.267175 0.717355
v -0.279947 -0.282689 0.721444
v -0.219059 -0.224243 0.727058
v -0.223719 -0.216171 0.728452
v -0.214603 -0.231960 0.730912
v -0.153826 -0.175444 0.738486
v -0.158496 -0.167354 0.740837
v -0.149220 -0.183422 0.741696
v -0.092363 -0.131406 0.750387
v -0.097038 -0.123307 0.753636
v -0.087608 -0.139641 0.753011
v -0.555095 -0.410878 0.777211
v -0.567716 -0.389017 0.800721
v -0.508352 -0.286057 0.871072
v -0.468868 -0.270432 0.870561
v -0.471752 -0.265437 0.861793
v -0.472734 -0.263735 0.851440
v -0.400830 -0.239346 0.856503
v -0.402120 -0.237112 0.846354
v -0.397647 -0.244859 0.864582
v -0.322634 -0.208753 0.849191
v -0.324273 -0.205915 0.839261
v -0.319128 -0.214826 0.856488
v -0.246340 -0.176991 0.840511
v -0.248327 -0.173549 0.830790
v -0.242523 -0.183602 0.847021
v -0.171910 -0.144122 0.830520
v -0.174247 -0.140074 0.820995
v -0.167796 -0.151247 0.836237
v -0.103456 -0.112191 0.819956
v -0.106123 -0.107572 0.810607
v -0.099075 -0.119780 0.824921
v -0.444927 -0.395912 0.698986
v -0.471166 -0.410160 0.704015
v -0.457772 -0.403884 0.700618
v -0.484818 -0.414521 0.709033
v -0.498420 -0.416806 0.715498
v -0.511659 -0.416926 0.723220
v -0.524215 -0.414866 0.731998
v -0.535771 -0.410689 0.741626
v -0.546024 -0.404530 0.751899
v -0.554691 -0.396594 0.762613
v -0.561521 -0.387143 0.773567
v -0.566303 -0.376482 0.784559
v -0.568877 -0.364947 0.795386
v -0.569142 -0.352888 0.805845
v -0.567061 -0.340654 0.815727
v -0.562665 -0.328581 0.824820
v -0.556057 -0.316976 0.832911
v -0.547406 -0.306115 0.839790
v -0.536943 -0.296231 0.845256
v -0.524958 -0.287515 0.849126
v -0.511783 -0.280116 0.851241
v -0.472734 -0.263735 0.851440
v -0.411637 -0.369559 0.700132
v -0.354016 -0.320430 0.707604
v -0.402120 -0.237112 0.846354
v -0.324273 -0.205915 0.839261
v -0.288904 -0.267175 0.717355
v -0.248327 -0.173549 0.830790
v -0.223719 -0.216171 0.728452
v -0.174247 -0.140074 0.820995
v -0.158496 -0.167354 0.740837
v -0.106123 -0.107572 0.810607
v -0.097038 -0.123307 0.753636
vn -0.0000 0.3230 0.9464
vn -0.0998 0.3072 0.9464
vn -0.0000 -0.0000 1.0000
vn -0.1899 0.2613 0.9464
vn -0.2613 0.1899 0.9464
vn -0.3072 0.0998 0.9464
vn -0.3230 -0.0000 0.9464
vn -0.3072 -0.0998 0.9464
vn -0.2613 -0.1899 0.9464
vn -0.1899 -0.2613 0.9464
vn -0.0998 -0.3072 0.9464
vn -0.0000 -0.3230 0.9464
vn 0.0998 -0.3072 0.9464
vn 0.1899 -0.2613 0.9464
vn 0.2613 -0.1899 0.9464
vn 0.3072 -0.0998 0.9464
vn 0.3230 -0.0000 0.9464
vn -0.1847 0.5686 0.8016
vn -0.3514 0.4836 0.8016
vn -0.4837 0.3514 0.8016
vn -0.5686 0.1847 0.8016
vn -0.5978 -0.0000 0.8016
vn -0.5686 -0.1847 0.8016
vn -0.4837 -0.3514 0.8016
vn -0.3514 -0.4836 0.8016
vn -0.1847 -0.5686 0.8016
vn -0.0000 -0.5978 0.8016
vn 0.1847 -0.5686 0.8016
vn 0.3514 -0.4836 0.8016
vn 0.4836 -0.3514 0.8016
vn 0.5686 -0.1847 0.8016
vn 0.5978 -0.0000 0.8016
vn 0.5686 0.1847 0.8016
vn 0.3072 0.0998 0.9464
vn 0.2613 0.1899 0.9464
vn 0.1899 0.2613 0.9464
vn 0.0998 0.3072 0.9464
vn 0.4837 0.3514 0.8016
vn 0.3514 0.4836 0.8016
vn 0.1847 0.5686 0.8016
vn -0.0000 0.5978 0.8016
vn -0.2516 0.7744 0.5805
vn -0.0000 0.8143 0.5805
vn -0.4786 0.6588 0.5805
vn -0.6588 0.4786 0.5805
vn -0.7744 0.2516 0.5805
vn -0.8143 -0.0000 0.5805
vn -0.7744 -0.2516 0.5805
vn -0.6588 -0.4786 0.5805
vn -0.4786 -0.6588 0.5805
vn -0.2516 -0.7744 0.5805
vn -0.0000 -0.8143 0.5805
vn 0.2516 -0.7744 0.5805
vn 0.4786 -0.6588 0.5805
vn 0.6588 -0.4786 0.5805
vn 0.7744 -0.2516 0.5805
vn 0.8143 -0.0000 0.5805
vn 0.7744 0.2516 0.5805
vn 0.6588 0.4786 0.5805
vn 0.4786 0.6588 0.5805
vn 0.2516 0.7744 0.5805
vn -0.2943 0.9059 0.3045
vn -0.0000 0.9525 0.3045
vn -0.5599 0.7706 0.3045
vn -0.7706 0.5599 0.3045
vn -0.9059 0.2943 0.3045
vn -0.9525 -0.0000 0.3045
vn -0.9059 -0.2943 0.3045
vn -0.7706 -0.5599 0.3045
vn -0.5599 -0.7706 0.3045
vn -0.2943 -0.9059 0.3045
vn -0.0000 -0.9525 0.3045
vn 0.2943 -0.9059 0.3045
vn 0.5599 -0.7706 0.3045
vn 0.7706 -0.5599 0.3045
vn 0.9059 -0.2943 0.3045
vn 0.9525 -0.0000 0.3045
vn 0.9059 0.2943 0.3045
vn 0.7706 0.5599 0.3045
vn 0.5599 0.7706 0.3045
vn 0.2943 0.9059 0.3045
vn 0.9482 -0.3081 0.0778
vn 0.8066 -0.5860 0.0778
vn 0.5860 -0.8066 0.0779
vn 0.3081 -0.9482 0.0779
vn -0.0000 -0.9970 0.0778
vn -0.3081 -0.9482 0.0779
vn -0.5860 -0.8066 0.0779
vn -0.8066 -0.5860 0.0779
vn -0.9482 -0.3081 0.0779
vn -0.9970 -0.0000 0.0778
vn -0.9482 0.3081 0.0779
vn -0.8066 0.5860 0.0779
vn -0.5860 0.8066 0.0778
vn -0.3081 0.9482 0.0778
vn -0.0000 0.9970 0.0778
vn -0.8090 0.5878 -0.0000
vn -0.5878 0.8090 -0.0000
vn -0.5860 0.8066 0.0779
vn -0.3090 0.9511 -0.0000
vn -0.3081 0.9482 0.0779
vn -0.0000 1.0000 -0.0000
vn -0.0000 0.9970 0.0779
vn -0.9511 0.3090 -0.0000
vn -0.9970 -0.0000 0.0779
vn -1.0000 -0.0000 -0.0000
vn -0.9511 -0.3090 -0.0000
vn -0.8090 -0.5878 -0.0000
vn -0.5878 -0.8090 -0.0000
vn -0.3090 -0.9511 -0.0000
vn -0.0000 -0.9970 0.0779
vn -0.0000 -1.0000 -0.0000
vn 0.3090 -0.9511 -0.0000
vn 0.5878 -0.8090 -0.0000
vn 0.8066 -0.5860 0.0779
vn 0.8090 -0.5878 -0.0000
vn 0.9482 -0.3081 0.0779
vn 0.9511 -0.3090 -0.0000
vn 0.9970 -0.0000 0.0779
vn 1.0000 -0.0000 -0.0000
vn 0.9482 0.3081 0.0779
vn 0.9511 0.3090 -0.0000
vn 0.8066 0.5860 0.0779
vn 0.8090 0.5878 -0.0000
vn 0.5860 0.8066 0.0779
vn 0.5878 0.8090 -0.0000
vn 0.3081 0.9482 0.0779
vn 0.3090 0.9511 -0.0000
vn 0.9970 -0.0000 0.0778
vn 0.9482 0.3081 0.0778
vn 0.8066 0.5860 0.0778
vn 0.5860 0.8066 0.0778
vn 0.3081 0.9482 0.0778
vn 0.4144 0.1703 0.8940
vn 0.1904 0.1673 0.9673
vn 0.4089 0.0048 0.9126
vn 0.1851 0.0184 0.9826
vn 0.1815 0.3003 0.9364
vn 0.4003 0.3194 0.8589
vn 0.1554 0.4242 0.8921
vn 0.3665 0.4591 0.8093
vn 0.1129 0.5357 0.8368
vn 0.3139 0.5850 0.7479
vn 0.0556 0.6317 0.7732
vn 0.2446 0.6937 0.6775
vn -0.0145 0.7102 0.7039
vn 0.1613 0.7828 0.6010
vn -0.0952 0.7699 0.6310
vn 0.0669 0.8510 0.5208
vn -0.1840 0.8102 0.5565
vn -0.0358 0.8978 0.4390
vn -0.2788 0.8308 0.4816
vn -0.1441 0.9230 0.3568
vn -0.3774 0.8317 0.4072
vn -0.2558 0.9269 0.2748
vn -0.4775 0.8128 0.3337
vn -0.3683 0.9093 0.1935
vn -0.5764 0.7742 0.2616
vn -0.4793 0.8703 0.1133
vn -0.6712 0.7162 0.1913
vn -0.5856 0.8099 0.0347
vn -0.7586 0.6397 0.1238
vn -0.6837 0.7286 -0.0411
vn -0.8353 0.5464 0.0605
vn -0.7701 0.6279 -0.1125
vn -0.8984 0.4392 0.0028
vn -0.8414 0.5104 -0.1775
vn -0.9457 0.3216 -0.0475
vn -0.8950 0.3799 -0.2337
vn -0.9763 0.1976 -0.0887
vn -0.9296 0.2408 -0.2792
vn -0.9903 0.0711 -0.1193
vn -0.9450 0.0976 -0.3121
vn -0.9879 -0.0628 -0.1416
vn -0.9415 -0.0556 -0.3325
vn -0.3552 0.8980 -0.2598
vn -0.2410 0.9548 -0.1740
vn -0.1217 0.9887 -0.0871
vn -0.6341 0.5942 -0.4948
vn -0.5554 0.7163 -0.4225
vn -0.4612 0.8182 -0.3432
vn -0.7516 0.1447 -0.6436
vn -0.7336 0.3038 -0.6079
vn -0.6942 0.4553 -0.5575
vn 0.1217 0.9887 0.0872
vn 0.2410 0.9548 0.1740
vn 0.3552 0.8980 0.2598
vn 0.4612 0.8182 0.3433
vn 0.5554 0.7163 0.4225
vn 0.6341 0.5942 0.4948
vn 0.6942 0.4553 0.5576
vn 0.7336 0.3038 0.6079
vn 0.7516 0.1447 0.6436
vn 0.7484 -0.0294 0.6626
vn 0.3743 -0.1077 0.9210
vn 0.1480 -0.0820 0.9856
vn 0.7143 -0.1452 0.6846
vn 0.2974 -0.1440 0.9438
vn 0.0535 -0.1123 0.9922
vn 0.6581 -0.1766 0.7320
vn 0.2117 -0.1436 0.9667
vn -0.0498 -0.1129 0.9924
vn 0.5929 -0.1713 0.7868
vn 0.1255 -0.1468 0.9812
vn -0.1504 -0.1171 0.9817
vn 0.5227 -0.1694 0.8355
vn 0.0425 -0.1550 0.9870
vn -0.2457 -0.1238 0.9614
vn 0.4479 -0.1727 0.8772
vn -0.0457 -0.1535 0.9871
vn -0.3256 -0.1273 0.9369
vn 0.3784 -0.1672 0.9104
vn -0.7484 -0.0294 -0.6626
vn -0.7143 -0.1452 -0.6846
vn -0.9145 -0.1550 -0.3737
vn -0.9706 -0.1514 -0.1869
vn -0.8816 -0.1787 -0.4369
vn -0.9544 -0.1697 -0.2455
vn -0.6580 -0.1766 -0.7320
vn -0.8432 -0.1691 -0.5104
vn -0.9369 -0.1575 -0.3122
vn -0.5929 -0.1713 -0.7868
vn -0.7981 -0.1624 -0.5802
vn -0.9144 -0.1473 -0.3770
vn -0.5227 -0.1694 -0.8355
vn -0.7475 -0.1591 -0.6450
vn -0.8876 -0.1399 -0.4388
vn -0.4480 -0.1727 -0.8772
vn -0.7041 -0.1546 -0.6931
vn -0.8606 -0.1354 -0.4909
vn -0.3784 -0.1672 -0.9104
vn -0.7186 0.0973 0.6886
vn -0.7005 0.1007 0.7065
vn -0.7401 0.0569 0.6701
vn -0.6854 0.1052 0.7206
vn -0.6733 0.1100 0.7311
vn -0.6652 0.1141 0.7379
vn -0.6616 0.1163 0.7408
vn -0.6625 0.1155 0.7401
vn -0.6674 0.1111 0.7364
vn -0.6757 0.1024 0.7300
vn -0.6865 0.0889 0.7217
vn -0.6986 0.0710 0.7120
vn -0.7108 0.0492 0.7016
vn -0.7222 0.0245 0.6913
vn -0.7317 -0.0016 0.6816
vn -0.7389 -0.0274 0.6732
vn -0.7438 -0.0515 0.6664
vn -0.7465 -0.0720 0.6615
vn -0.7475 -0.0877 0.6584
vn -0.7476 -0.0975 0.6569
vn -0.7477 -0.0995 0.6566
vn -0.7797 -0.0615 0.6231
vn -0.7749 0.0893 0.6258
vn -0.8162 0.0357 0.5766
vn -0.8189 -0.0837 0.5678
vn -0.8481 -0.0383 0.5285
vn -0.8736 0.0542 0.4835
vn -0.8883 -0.0239 0.4587
vn -0.9075 0.0428 0.4179
vn -0.9214 -0.0108 0.3886
vn -0.9346 0.0331 0.3541
vn -0.9413 0.0071 0.3375
vn -0.9519 0.0422 0.3036
vn -0.4143 0.1702 -0.8941
vn -0.1904 0.1672 -0.9674
vn -0.4089 0.0048 -0.9126
vn -0.1851 0.0184 -0.9825
vn -0.1815 0.3002 -0.9364
vn -0.4003 0.3194 -0.8589
vn -0.1554 0.4242 -0.8921
vn -0.3664 0.4591 -0.8093
vn -0.1129 0.5357 -0.8369
vn -0.3138 0.5849 -0.7479
vn -0.0556 0.6316 -0.7733
vn -0.2446 0.6937 -0.6775
vn 0.0145 0.7102 -0.7038
vn -0.1613 0.7828 -0.6010
vn 0.0952 0.7699 -0.6310
vn -0.0669 0.8510 -0.5209
vn 0.1841 0.8102 -0.5565
vn 0.0358 0.8978 -0.4390
vn 0.2789 0.8308 -0.4816
vn 0.1441 0.9230 -0.3567
vn 0.3774 0.8317 -0.4072
vn 0.2558 0.9269 -0.2748
vn 0.4775 0.8128 -0.3337
vn 0.3683 0.9093 -0.1935
vn 0.5764 0.7742 -0.2616
vn 0.4793 0.8703 -0.1133
vn 0.6712 0.7162 -0.1914
vn 0.5856 0.8099 -0.0347
vn 0.7586 0.6397 -0.1239
vn 0.6838 0.7286 0.0411
vn 0.8353 0.5464 -0.0605
vn 0.7702 0.6279 0.1125
vn 0.8984 0.4392 -0.0028
vn 0.8414 0.5104 0.1774
vn 0.9457 0.3216 0.0475
vn 0.8950 0.3799 0.2337
vn 0.9763 0.1976 0.0887
vn 0.9295 0.2408 0.2792
vn 0.9903 0.0711 0.1193
vn 0.9450 0.0976 0.3121
vn 0.9879 -0.0628 0.1416
vn 0.9415 -0.0556 0.3325
vn 0.1217 0.9887 0.0871
vn 0.4612 0.8182 0.3432
vn 0.6942 0.4553 0.5575
vn -0.1217 0.9887 -0.0872
vn -0.4612 0.8182 -0.3433
vn -0.6340 0.5942 -0.4948
vn -0.6942 0.4553 -0.5576
vn -0.3743 -0.1077 -0.9210
vn -0.1480 -0.0820 -0.9856
vn -0.2974 -0.1439 -0.9438
vn -0.0537 -0.1123 -0.9922
vn -0.6581 -0.1766 -0.7320
vn -0.2117 -0.1436 -0.9667
vn 0.0498 -0.1129 -0.9924
vn -0.1255 -0.1468 -0.9812
vn 0.1505 -0.1171 -0.9817
vn -0.0425 -0.1550 -0.9870
vn 0.2457 -0.1238 -0.9614
vn -0.4479 -0.1727 -0.8772
vn 0.0457 -0.1535 -0.9871
vn 0.3255 -0.1273 -0.9369
vn 0.9145 -0.1550 0.3737
vn 0.9707 -0.1514 0.1868
vn 0.8816 -0.1787 0.4369
vn 0.9544 -0.1698 0.2455
vn 0.8432 -0.1691 0.5104
vn 0.9369 -0.1575 0.3122
vn 0.7981 -0.1624 0.5802
vn 0.9144 -0.1473 0.3770
vn 0.7475 -0.1591 0.6450
vn 0.8877 -0.1399 0.4387
vn 0.4480 -0.1727 0.8772
vn 0.7041 -0.1546 0.6931
vn 0.8606 -0.1354 0.4909
vn 0.7183 0.0973 -0.6889
vn 0.7008 0.1006 -0.7062
vn 0.7401 0.0570 -0.6701
vn 0.6853 0.1052 -0.7206
vn 0.6732 0.1101 -0.7312
vn 0.6652 0.1141 -0.7379
vn 0.6617 0.1162 -0.7407
vn 0.6625 0.1156 -0.7401
vn 0.6674 0.1111 -0.7364
vn 0.6757 0.1024 -0.7300
vn 0.6865 0.0889 -0.7217
vn 0.6986 0.0710 -0.7120
vn 0.7108 0.0492 -0.7016
vn 0.7222 0.0245 -0.6913
vn 0.7317 -0.0016 -0.6816
vn 0.7389 -0.0274 -0.6732
vn 0.7438 -0.0515 -0.6664
vn 0.7465 -0.0720 -0.6615
vn 0.7475 -0.0877 -0.6584
vn 0.7476 -0.0975 -0.6569
vn 0.7477 -0.0995 -0.6566
vn 0.7797 -0.0615 -0.6231
vn 0.7749 0.0893 -0.6258
vn 0.8162 0.0357 -0.5766
vn 0.8189 -0.0837 -0.5678
vn 0.8481 -0.0383 -0.5285
vn 0.8736 0.0542 -0.4835
vn 0.8883 -0.0239 -0.4587
vn 0.9075 0.0428 -0.4179
vn 0.9214 -0.0108 -0.3886
vn 0.9346 0.0331 -0.3541
vn 0.9413 0.0071 -0.3375
vn 0.9519 0.0422 -0.3036
vn -0.0597 -0.4440 0.8940
vn 0.0496 -0.2485 0.9674
vn -0.2003 -0.3565 0.9126
vn -0.0766 -0.1694 0.9826
vn 0.1693 -0.3073 0.9364
vn 0.0765 -0.5064 0.8589
vn 0.2897 -0.3467 0.8921
vn 0.2144 -0.5469 0.8093
vn 0.4074 -0.3657 0.8368
vn 0.3497 -0.5643 0.7479
vn 0.5193 -0.3640 0.7732
vn 0.4784 -0.5587 0.6775
vn 0.6223 -0.3425 0.7039
vn 0.5973 -0.5311 0.6010
vn 0.7144 -0.3026 0.6310
vn 0.7036 -0.4835 0.5208
vn 0.7937 -0.2458 0.5565
vn 0.7954 -0.4179 0.4390
vn 0.8589 -0.1739 0.4816
vn 0.8714 -0.3367 0.3567
vn 0.9090 -0.0890 0.4071
vn 0.9306 -0.2420 0.2748
vn 0.9426 0.0071 0.3337
vn 0.9717 -0.1357 0.1935
vn 0.9587 0.1121 0.2616
vn 0.9934 -0.0201 0.1133
vn 0.9558 0.2232 0.1914
vn 0.9942 0.1022 0.0347
vn 0.9333 0.3371 0.1238
vn 0.9728 0.2279 -0.0411
vn 0.8909 0.4502 0.0605
vn 0.9288 0.3530 -0.1125
vn 0.8296 0.5584 0.0028
vn 0.8627 0.4735 -0.1775
vn 0.7514 0.6582 -0.0475
vn 0.7765 0.5851 -0.2337
vn 0.6593 0.7467 -0.0887
vn 0.6733 0.6846 -0.2792
vn 0.5567 0.8221 -0.1193
vn 0.5571 0.7696 -0.3121
vn 0.4396 0.8870 -0.1416
vn 0.4225 0.8432 -0.3325
vn 0.9553 -0.1414 -0.2598
vn 0.9474 -0.2687 -0.1740
vn 0.9171 -0.3890 -0.0871
vn 0.8317 0.2520 -0.4948
vn 0.8980 0.1228 -0.4225
vn 0.9392 -0.0097 -0.3432
vn 0.5011 0.5785 -0.6436
vn 0.6299 0.4834 -0.6079
vn 0.7414 0.3735 -0.5575
vn 0.8660 -0.5000 -0.0000
vn 0.7954 -0.5997 0.0872
vn 0.7064 -0.6861 0.1740
vn 0.6001 -0.7566 0.2598
vn 0.4780 -0.8085 0.3433
vn 0.3427 -0.8391 0.4225
vn 0.1976 -0.8462 0.4949
vn 0.0472 -0.8288 0.5576
vn -0.1037 -0.7872 0.6079
vn -0.2505 -0.7232 0.6436
vn -0.3996 -0.6334 0.6626
vn -0.2804 -0.2703 0.9210
vn -0.1450 -0.0871 0.9856
vn -0.4829 -0.5460 0.6846
vn -0.2734 -0.1856 0.9438
vn -0.1240 0.0098 0.9922
vn -0.4819 -0.4816 0.7320
vn -0.2302 -0.1115 0.9667
vn -0.0728 0.0996 0.9924
vn -0.4448 -0.4278 0.7868
vn -0.1899 -0.0353 0.9812
vn -0.0262 0.1888 0.9817
vn -0.4081 -0.3680 0.8355
vn -0.1555 0.0407 0.9870
vn 0.0156 0.2747 0.9614
vn -0.3735 -0.3016 0.8772
vn -0.1101 0.1163 0.9871
vn 0.0525 0.3455 0.9369
vn -0.3340 -0.2441 0.9104
vn 0.7954 -0.5998 0.0871
vn 0.3487 0.6628 -0.6626
vn 0.2314 0.6912 -0.6846
vn 0.3230 0.8695 -0.3737
vn 0.3542 0.9163 -0.1869
vn 0.2860 0.8528 -0.4368
vn 0.3302 0.9114 -0.2455
vn 0.1761 0.6582 -0.7320
vn 0.2751 0.8148 -0.5104
vn 0.3321 0.8901 -0.3121
vn 0.1481 0.5991 -0.7868
vn 0.2584 0.7724 -0.5802
vn 0.3297 0.8656 -0.3769
vn 0.1147 0.5374 -0.8355
vn 0.2360 0.7269 -0.6450
vn 0.3227 0.8387 -0.4387
vn 0.0744 0.4743 -0.8772
vn 0.2182 0.6871 -0.6931
vn 0.3130 0.8130 -0.4910
vn 0.0444 0.4113 -0.9104
vn 0.4435 0.5738 0.6885
vn 0.4376 0.5565 0.7063
vn 0.4194 0.6125 0.6701
vn 0.4338 0.5408 0.7206
vn 0.4319 0.5280 0.7312
vn 0.4314 0.5191 0.7378
vn 0.4315 0.5149 0.7408
vn 0.4313 0.5159 0.7401
vn 0.4299 0.5225 0.7363
vn 0.4265 0.5340 0.7300
vn 0.4203 0.5501 0.7217
vn 0.4108 0.5695 0.7120
vn 0.3980 0.5910 0.7016
vn 0.3823 0.6131 0.6913
vn 0.3645 0.6344 0.6816
vn 0.3457 0.6537 0.6732
vn 0.3273 0.6699 0.6664
vn 0.3109 0.6825 0.6615
vn 0.2978 0.6912 0.6584
vn 0.2894 0.6962 0.6569
vn 0.2877 0.6972 0.6566
vn 0.3366 0.7060 0.6231
vn 0.4648 0.6264 0.6258
vn 0.4391 0.6890 0.5766
vn 0.3370 0.7510 0.5678
vn 0.3909 0.7536 0.5285
vn 0.4838 0.7295 0.4835
vn 0.4234 0.7812 0.4587
vn 0.4908 0.7645 0.4179
vn 0.4513 0.8033 0.3885
vn 0.4960 0.7929 0.3540
vn 0.4768 0.8116 0.3375
vn 0.5125 0.8033 0.3036
vn 0.3546 0.2737 -0.8941
vn 0.2400 0.0813 -0.9674
vn 0.2086 0.3517 -0.9126
vn 0.1085 0.1511 -0.9825
vn 0.3508 0.0071 -0.9364
vn 0.4768 0.1869 -0.8589
vn 0.4451 -0.0775 -0.8921
vn 0.5808 0.0878 -0.8093
vn 0.5204 -0.1700 -0.8368
vn 0.6635 -0.0207 -0.7479
vn 0.5749 -0.2677 -0.7732
vn 0.7230 -0.1350 -0.6775
vn 0.6078 -0.3677 -0.7039
vn 0.7586 -0.2517 -0.6010
vn 0.6192 -0.4674 -0.6310
vn 0.7704 -0.3676 -0.5209
vn 0.6096 -0.5645 -0.5565
vn 0.7596 -0.4799 -0.4390
vn 0.5801 -0.6569 -0.4816
vn 0.7273 -0.5863 -0.3568
vn 0.5315 -0.7427 -0.4072
vn 0.6748 -0.6849 -0.2748
vn 0.4652 -0.8199 -0.3337
vn 0.6033 -0.7737 -0.1935
vn 0.3823 -0.8862 -0.2615
vn 0.5141 -0.8502 -0.1133
vn 0.2846 -0.9393 -0.1913
vn 0.4086 -0.9121 -0.0347
vn 0.1746 -0.9768 -0.1239
vn 0.2891 -0.9564 0.0411
vn 0.0556 -0.9966 -0.0605
vn 0.1587 -0.9809 0.1125
vn -0.0688 -0.9976 -0.0028
vn 0.0213 -0.9839 0.1775
vn -0.1943 -0.9798 0.0475
vn -0.1185 -0.9651 0.2337
vn -0.3170 -0.9443 0.0887
vn -0.2562 -0.9254 0.2792
vn -0.4336 -0.8932 0.1193
vn -0.3880 -0.8672 0.3121
vn -0.5484 -0.8242 0.1416
vn -0.5189 -0.7875 0.3325
vn 0.6000 -0.7566 0.2598
vn 0.1976 -0.8462 0.4948
vn 0.4780 -0.8085 0.3432
vn 0.0472 -0.8288 0.5575
vn 0.9171 -0.3890 -0.0872
vn 0.9553 -0.1413 -0.2598
vn 0.8316 0.2520 -0.4948
vn 0.7413 0.3735 -0.5576
vn 0.0939 0.3780 -0.9210
vn 0.0029 0.1691 -0.9856
vn 0.0240 0.3295 -0.9438
vn -0.0704 0.1026 -0.9922
vn -0.0185 0.2551 -0.9667
vn -0.1227 0.0133 -0.9924
vn -0.0644 0.1821 -0.9812
vn -0.1767 -0.0718 -0.9817
vn 0.1146 0.5374 -0.8355
vn -0.1130 0.1143 -0.9870
vn -0.2301 -0.1509 -0.9614
vn -0.1558 0.0371 -0.9871
vn -0.2730 -0.2183 -0.9369
vn -0.5915 -0.7145 0.3737
vn -0.6164 -0.7649 0.1869
vn -0.5956 -0.6741 0.4369
vn -0.6242 -0.7417 0.2455
vn -0.5680 -0.6457 0.5103
vn -0.6048 -0.7327 0.3121
vn -0.5397 -0.6100 0.5801
vn -0.5848 -0.7183 0.3769
vn -0.5115 -0.5678 0.6450
vn -0.5650 -0.6988 0.4387
vn -0.4859 -0.5324 0.6931
vn -0.5476 -0.6776 0.4910
vn -0.2750 -0.6708 -0.6887
vn -0.2632 -0.6572 -0.7063
vn -0.3207 -0.6694 -0.6701
vn -0.2514 -0.6461 -0.7206
vn -0.2413 -0.6381 -0.7312
vn -0.2338 -0.6332 -0.7378
vn -0.2301 -0.6311 -0.7408
vn -0.2311 -0.6315 -0.7401
vn -0.2375 -0.6336 -0.7363
vn -0.2492 -0.6364 -0.7300
vn -0.2662 -0.6390 -0.7217
vn -0.2878 -0.6405 -0.7120
vn -0.3128 -0.6402 -0.7016
vn -0.3398 -0.6377 -0.6913
vn -0.3672 -0.6329 -0.6816
vn -0.3932 -0.6262 -0.6732
vn -0.4164 -0.6184 -0.6664
vn -0.4356 -0.6105 -0.6615
vn -0.4497 -0.6035 -0.6584
vn -0.4582 -0.5987 -0.6569
vn -0.4599 -0.5978 -0.6566
vn -0.4431 -0.6445 -0.6231
vn -0.3101 -0.7157 -0.6258
vn -0.3772 -0.7247 -0.5766
vn -0.4819 -0.6673 -0.5678
vn -0.4572 -0.7153 -0.5285
vn -0.3899 -0.7837 -0.4835
vn -0.4648 -0.7573 -0.4587
vn -0.4167 -0.8073 -0.4179
vn -0.4700 -0.7925 -0.3886
vn -0.4387 -0.8260 -0.3541
vn -0.4645 -0.8187 -0.3375
vn -0.4394 -0.8454 -0.3036
vn -0.3546 0.2737 0.8940
vn -0.2401 0.0813 0.9673
vn -0.2086 0.3517 0.9126
vn -0.1085 0.1510 0.9826
vn -0.3508 0.0071 0.9364
vn -0.4768 0.1869 0.8589
vn -0.4451 -0.0775 0.8921
vn -0.5808 0.0878 0.8093
vn -0.5204 -0.1700 0.8368
vn -0.6635 -0.0207 0.7479
vn -0.5749 -0.2677 0.7732
vn -0.7230 -0.1350 0.6775
vn -0.6078 -0.3677 0.7039
vn -0.7586 -0.2517 0.6010
vn -0.6192 -0.4674 0.6310
vn -0.7705 -0.3676 0.5209
vn -0.6097 -0.5645 0.5565
vn -0.7596 -0.4799 0.4390
vn -0.5801 -0.6569 0.4816
vn -0.7273 -0.5863 0.3567
vn -0.5316 -0.7427 0.4072
vn -0.6748 -0.6849 0.2748
vn -0.4652 -0.8199 0.3337
vn -0.6033 -0.7737 0.1935
vn -0.3823 -0.8863 0.2615
vn -0.5141 -0.8502 0.1133
vn -0.2846 -0.9393 0.1913
vn -0.4086 -0.9121 0.0347
vn -0.1747 -0.9768 0.1239
vn -0.2891 -0.9564 -0.0411
vn -0.0556 -0.9966 0.0605
vn -0.1587 -0.9809 -0.1125
vn 0.0688 -0.9976 0.0028
vn -0.0213 -0.9839 -0.1775
vn 0.1943 -0.9798 -0.0475
vn 0.1185 -0.9651 -0.2337
vn 0.3170 -0.9443 -0.0887
vn 0.2562 -0.9254 -0.2792
vn 0.4336 -0.8932 -0.1193
vn 0.3880 -0.8672 -0.3121
vn 0.5484 -0.8242 -0.1417
vn 0.5189 -0.7875 -0.3325
vn -0.6001 -0.7566 -0.2598
vn -0.7064 -0.6861 -0.1740
vn -0.7955 -0.5997 -0.0871
vn -0.1976 -0.8462 -0.4948
vn -0.3427 -0.8391 -0.4225
vn -0.4780 -0.8085 -0.3432
vn 0.2505 -0.7232 -0.6436
vn 0.1037 -0.7872 -0.6079
vn -0.0472 -0.8288 -0.5575
vn -0.8660 -0.5000 -0.0000
vn -0.9171 -0.3890 0.0872
vn -0.9474 -0.2687 0.1740
vn -0.9553 -0.1414 0.2598
vn -0.9392 -0.0097 0.3433
vn -0.8980 0.1228 0.4225
vn -0.8316 0.2520 0.4948
vn -0.7413 0.3735 0.5576
vn -0.6299 0.4834 0.6079
vn -0.5011 0.5785 0.6436
vn -0.3487 0.6628 0.6626
vn -0.0939 0.3780 0.9210
vn -0.0029 0.1691 0.9856
vn -0.2314 0.6912 0.6846
vn -0.0240 0.3295 0.9438
vn 0.0703 0.1028 0.9922
vn -0.1761 0.6582 0.7320
vn 0.0186 0.2551 0.9667
vn 0.1227 0.0133 0.9924
vn -0.1481 0.5991 0.7868
vn 0.0644 0.1821 0.9812
vn 0.1767 -0.0718 0.9817
vn -0.1146 0.5374 0.8355
vn 0.1130 0.1143 0.9870
vn 0.2300 -0.1509 0.9614
vn -0.0744 0.4743 0.8772
vn 0.1558 0.0372 0.9871
vn 0.2730 -0.2183 0.9369
vn -0.0444 0.4113 0.9104
vn -0.9171 -0.3890 0.0871
vn -0.7954 -0.5997 -0.0871
vn 0.3997 -0.6334 -0.6626
vn 0.4829 -0.5460 -0.6846
vn 0.5915 -0.7145 -0.3737
vn 0.6164 -0.7649 -0.1869
vn 0.5956 -0.6741 -0.4368
vn 0.6242 -0.7417 -0.2455
vn 0.4819 -0.4816 -0.7320
vn 0.5680 -0.6457 -0.5103
vn 0.6048 -0.7327 -0.3121
vn 0.4448 -0.4278 -0.7868
vn 0.5397 -0.6100 -0.5802
vn 0.5848 -0.7183 -0.3769
vn 0.4081 -0.3680 -0.8355
vn 0.5115 -0.5678 -0.6450
vn 0.5650 -0.6988 -0.4387
vn 0.3735 -0.3016 -0.8772
vn 0.4859 -0.5325 -0.6931
vn 0.5476 -0.6776 -0.4910
vn 0.3340 -0.2441 -0.9104
vn 0.2749 -0.6709 0.6887
vn 0.2632 -0.6572 0.7063
vn 0.3207 -0.6694 0.6701
vn 0.2515 -0.6461 0.7206
vn 0.2414 -0.6381 0.7312
vn 0.2339 -0.6332 0.7378
vn 0.2301 -0.6311 0.7408
vn 0.2312 -0.6315 0.7401
vn 0.2374 -0.6335 0.7364
vn 0.2492 -0.6364 0.7300
vn 0.2663 -0.6390 0.7217
vn 0.2878 -0.6405 0.7120
vn 0.3128 -0.6402 0.7016
vn 0.3398 -0.6377 0.6913
vn 0.3672 -0.6329 0.6816
vn 0.3932 -0.6262 0.6732
vn 0.4164 -0.6184 0.6664
vn 0.4356 -0.6105 0.6615
vn 0.4497 -0.6035 0.6584
vn 0.4582 -0.5987 0.6569
vn 0.4600 -0.5978 0.6566
vn 0.4431 -0.6445 0.6231
vn 0.3101 -0.7157 0.6258
vn 0.3772 -0.7247 0.5766
vn 0.4819 -0.6673 0.5678
vn 0.4572 -0.7153 0.5285
vn 0.3899 -0.7837 0.4835
vn 0.4648 -0.7573 0.4587
vn 0.4167 -0.8073 0.4179
vn 0.4700 -0.7925 0.3885
vn 0.4387 -0.8260 0.3540
vn 0.4645 -0.8187 0.3375
vn 0.4394 -0.8454 0.3036
vn 0.0597 -0.4440 -0.8941
vn -0.0496 -0.2485 -0.9673
vn 0.2003 -0.3565 -0.9126
vn 0.0766 -0.1696 -0.9825
vn -0.1693 -0.3073 -0.9364
vn -0.0765 -0.5064 -0.8589
vn -0.2897 -0.3467 -0.8921
vn -0.2144 -0.5469 -0.8093
vn -0.4075 -0.3656 -0.8368
vn -0.3497 -0.5643 -0.7479
vn -0.5193 -0.3639 -0.7733
vn -0.4784 -0.5587 -0.6775
vn -0.6223 -0.3425 -0.7039
vn -0.5973 -0.5311 -0.6010
vn -0.7144 -0.3026 -0.6310
vn -0.7036 -0.4835 -0.5209
vn -0.7937 -0.2458 -0.5565
vn -0.7954 -0.4179 -0.4390
vn -0.8589 -0.1739 -0.4816
vn -0.8714 -0.3367 -0.3568
vn -0.9090 -0.0890 -0.4072
vn -0.9306 -0.2419 -0.2748
vn -0.9426 0.0071 -0.3337
vn -0.9717 -0.1357 -0.1935
vn -0.9587 0.1121 -0.2616
vn -0.9934 -0.0201 -0.1133
vn -0.9558 0.2232 -0.1914
vn -0.9942 0.1022 -0.0347
vn -0.9333 0.3371 -0.1239
vn -0.9728 0.2279 0.0411
vn -0.8909 0.4502 -0.0606
vn -0.9288 0.3530 0.1125
vn -0.8296 0.5584 -0.0028
vn -0.8627 0.4735 0.1774
vn -0.7514 0.6582 0.0475
vn -0.7765 0.5851 0.2337
vn -0.6593 0.7467 0.0887
vn -0.6734 0.6846 0.2792
vn -0.5567 0.8221 0.1193
vn -0.5571 0.7696 0.3121
vn -0.4395 0.8870 0.1416
vn -0.4226 0.8432 0.3324
vn -0.8317 0.2520 0.4948
vn -0.9392 -0.0097 0.3432
vn -0.7414 0.3735 0.5575
vn -0.7954 -0.5997 -0.0872
vn -0.0472 -0.8288 -0.5576
vn 0.3996 -0.6334 -0.6626
vn 0.2805 -0.2703 -0.9210
vn 0.1451 -0.0872 -0.9856
vn 0.2734 -0.1856 -0.9438
vn 0.1240 0.0097 -0.9922
vn 0.2302 -0.1115 -0.9667
vn 0.0728 0.0996 -0.9924
vn 0.1899 -0.0353 -0.9812
vn 0.0261 0.1889 -0.9817
vn 0.1555 0.0407 -0.9870
vn -0.0156 0.2747 -0.9614
vn 0.1101 0.1164 -0.9871
vn -0.0525 0.3455 -0.9369
vn -0.3230 0.8695 0.3737
vn -0.3542 0.9163 0.1869
vn -0.2860 0.8528 0.4369
vn -0.3302 0.9115 0.2454
vn -0.2751 0.8148 0.5103
vn -0.3321 0.8901 0.3121
vn -0.2584 0.7724 0.5801
vn -0.3297 0.8656 0.3769
vn -0.1147 0.5374 0.8355
vn -0.2360 0.7269 0.6450
vn -0.3227 0.8387 0.4387
vn -0.2181 0.6870 0.6931
vn -0.3130 0.8130 0.4910
vn -0.4434 0.5734 -0.6889
vn -0.4376 0.5566 -0.7062
vn -0.4194 0.6125 -0.6701
vn -0.4338 0.5409 -0.7206
vn -0.4319 0.5280 -0.7312
vn -0.4314 0.5191 -0.7379
vn -0.4315 0.5149 -0.7407
vn -0.4313 0.5159 -0.7401
vn -0.4299 0.5224 -0.7364
vn -0.4265 0.5340 -0.7300
vn -0.4203 0.5501 -0.7217
vn -0.4108 0.5695 -0.7120
vn -0.3980 0.5910 -0.7016
vn -0.3823 0.6131 -0.6913
vn -0.3645 0.6344 -0.6816
vn -0.3457 0.6537 -0.6732
vn -0.3273 0.6699 -0.6664
vn -0.3109 0.6825 -0.6615
vn -0.2978 0.6912 -0.6584
vn -0.2894 0.6962 -0.6569
vn -0.2877 0.6972 -0.6566
vn -0.3366 0.7060 -0.6231
vn -0.4648 0.6264 -0.6258
vn -0.4391 0.6890 -0.5766
vn -0.3370 0.7510 -0.5678
vn -0.3909 0.7536 -0.5285
vn -0.4838 0.7295 -0.4835
vn -0.4234 0.7812 -0.4587
vn -0.4908 0.7645 -0.4179
vn -0.4513 0.8033 -0.3885
vn -0.4960 0.7929 -0.3540
vn -0.4768 0.8116 -0.3375
vn -0.5125 0.8033 -0.3036
vt 0.943381 0.317624
vt 0.937885 0.316753
vt 0.943381 0.299838
vt 0.932927 0.314227
vt 0.928992 0.310292
vt 0.926466 0.305334
vt 0.925595 0.299838
vt 0.926466 0.294341
vt 0.928992 0.289383
vt 0.932927 0.285448
vt 0.937885 0.282922
vt 0.943381 0.282052
vt 0.948878 0.282922
vt 0.953836 0.285448
vt 0.957771 0.289383
vt 0.960297 0.294342
vt 0.961168 0.299838
vt 0.932927 0.332013
vt 0.923496 0.327208
vt 0.916012 0.319723
vt 0.911206 0.310292
vt 0.909550 0.299838
vt 0.911206 0.289383
vt 0.916012 0.279952
vt 0.923496 0.272468
vt 0.932927 0.267662
vt 0.943381 0.266007
vt 0.953836 0.267662
vt 0.963267 0.272468
vt 0.970751 0.279952
vt 0.975557 0.289383
vt 0.977213 0.299838
vt 0.975557 0.310292
vt 0.960297 0.305334
vt 0.957771 0.310292
vt 0.953836 0.314227
vt 0.948878 0.316753
vt 0.970751 0.319723
vt 0.963267 0.327208
vt 0.953836 0.332013
vt 0.943381 0.333669
vt 0.928992 0.344123
vt 0.943381 0.346402
vt 0.916012 0.337509
vt 0.905710 0.327208
vt 0.899096 0.314227
vt 0.896817 0.299838
vt 0.899096 0.285448
vt 0.905710 0.272468
vt 0.916012 0.262166
vt 0.928992 0.255552
vt 0.943382 0.253273
vt 0.957771 0.255552
vt 0.970751 0.262166
vt 0.981053 0.272468
vt 0.987667 0.285449
vt 0.989946 0.299838
vt 0.987667 0.314227
vt 0.981053 0.327208
vt 0.970751 0.337509
vt 0.957771 0.344123
vt 0.975928 0.221227
vt 0.975928 0.231665
vt 0.963196 0.221227
vt 0.963196 0.231665
vt 0.963196 0.210788
vt 0.975928 0.210788
vt 0.963196 0.200349
vt 0.975928 0.200349
vt 0.963196 0.189910
vt 0.975928 0.189910
vt 0.963196 0.179471
vt 0.975928 0.179471
vt 0.963196 0.169033
vt 0.975928 0.169033
vt 0.963196 0.158594
vt 0.975928 0.158594
vt 0.963196 0.148155
vt 0.975928 0.148155
vt 0.963196 0.137716
vt 0.975928 0.137716
vt 0.963196 0.127277
vt 0.975928 0.127277
vt 0.963196 0.116839
vt 0.975928 0.116839
vt 0.963196 0.106400
vt 0.975928 0.106400
vt 0.963196 0.095961
vt 0.975928 0.095961
vt 0.963196 0.085522
vt 0.975928 0.085522
vt 0.963196 0.075083
vt 0.975928 0.075083
vt 0.963196 0.064644
vt 0.975928 0.064644
vt 0.963196 0.054206
vt 0.975928 0.054206
vt 0.963196 0.043767
vt 0.975928 0.043767
vt 0.963196 0.033328
vt 0.975928 0.033328
vt 0.963196 0.022889
vt 0.975928 0.022889
vt 0.911508 0.085522
vt 0.911508 0.095961
vt 0.911508 0.106400
vt 0.911508 0.116839
vt 0.911508 0.127277
vt 0.911508 0.137716
vt 0.911508 0.148155
vt 0.911508 0.158594
vt 0.911508 0.169033
vt 0.911508 0.179471
vt 0.911508 0.189910
vt 0.911508 0.200349
vt 0.911508 0.210788
vt 0.911508 0.221227
vt 0.911508 0.231665
vt 0.911508 0.075083
vt 0.911508 0.064644
vt 0.911508 0.054206
vt 0.911508 0.043767
vt 0.911508 0.033328
vt 0.911508 0.022889
vt 0.865394 0.616865
vt 0.868590 0.616389
vt 0.864668 0.608188
vt 0.867903 0.608188
vt 0.870631 0.624387
vt 0.867554 0.625327
vt 0.873979 0.631987
vt 0.871096 0.633368
vt 0.878549 0.639000
vt 0.875931 0.640789
vt 0.884229 0.645255
vt 0.881941 0.647407
vt 0.890880 0.650597
vt 0.888978 0.653059
vt 0.898337 0.654895
vt 0.896869 0.657607
vt 0.906418 0.658043
vt 0.905418 0.660937
vt 0.914923 0.659963
vt 0.914417 0.662969
vt 0.923643 0.660609
vt 0.923643 0.663652
vt 0.932362 0.659963
vt 0.932868 0.662969
vt 0.940867 0.658043
vt 0.941867 0.660937
vt 0.948948 0.654895
vt 0.950417 0.657607
vt 0.956405 0.650597
vt 0.958307 0.653059
vt 0.963056 0.645255
vt 0.965344 0.647407
vt 0.968736 0.639000
vt 0.971354 0.640789
vt 0.973306 0.631987
vt 0.976189 0.633368
vt 0.976653 0.624387
vt 0.979731 0.625327
vt 0.978695 0.616389
vt 0.981891 0.616865
vt 0.979382 0.608188
vt 0.982617 0.608188
vt 0.950935 0.658563
vt 0.942219 0.661958
vt 0.933047 0.664029
vt 0.972277 0.641420
vt 0.966151 0.648166
vt 0.958978 0.653927
vt 0.983018 0.617033
vt 0.980816 0.625659
vt 0.977206 0.633855
vt 0.923643 0.664725
vt 0.914238 0.664029
vt 0.905066 0.661958
vt 0.896351 0.658563
vt 0.888307 0.653927
vt 0.881134 0.648166
vt 0.875008 0.641420
vt 0.870079 0.633856
vt 0.866469 0.625659
vt 0.864267 0.617033
vt 0.863527 0.608188
vt 0.866933 0.585391
vt 0.870104 0.585390
vt 0.865900 0.585390
vt 0.874085 0.544977
vt 0.877297 0.544977
vt 0.873127 0.544977
vt 0.882058 0.499923
vt 0.885316 0.499923
vt 0.881185 0.499923
vt 0.889929 0.455445
vt 0.893232 0.455445
vt 0.889139 0.455445
vt 0.897698 0.411543
vt 0.901046 0.411543
vt 0.896991 0.411543
vt 0.904925 0.370705
vt 0.908314 0.370705
vt 0.904295 0.370705
vt 0.983758 0.608188
vt 0.981385 0.585390
vt 0.980352 0.585390
vt 0.977181 0.585390
vt 0.973200 0.544977
vt 0.969988 0.544977
vt 0.974158 0.544977
vt 0.965227 0.499923
vt 0.961970 0.499923
vt 0.966100 0.499923
vt 0.957356 0.455445
vt 0.954053 0.455445
vt 0.958145 0.455445
vt 0.949587 0.411543
vt 0.946239 0.411543
vt 0.950294 0.411543
vt 0.942360 0.370705
vt 0.938971 0.370705
vt 0.942990 0.370705
vt 0.982617 0.608189
vt 0.979382 0.608189
vt 0.950416 0.657607
vt 0.896868 0.657607
s 1
usemtl Airplane6_01
f 2205/1126/1619 2204/1127/1620 2203/1128/1621
f 2204/1127/1620 2206/1129/1622 2203/1128/1621
f 2206/1129/1622 2207/1130/1623 2203/1128/1621
f 2207/1130/1623 2208/1131/1624 2203/1128/1621
f 2208/1131/1624 2209/1132/1625 2203/1128/1621
f 2209/1132/1625 2210/1133/1626 2203/1128/1621
f 2210/1133/1626 2211/1134/1627 2203/1128/1621
f 2211/1134/1627 2212/1135/1628 2203/1128/1621
f 2212/1135/1628 2213/1136/1629 2203/1128/1621
f 2213/1136/1629 2214/1137/1630 2203/1128/1621
f 2214/1137/1630 2215/1138/1631 2203/1128/1621
f 2215/1138/1631 2216/1139/1632 2203/1128/1621
f 2216/1139/1632 2217/1140/1633 2203/1128/1621
f 2217/1140/1633 2218/1141/1634 2203/1128/1621
f 2218/1141/1634 2219/1142/1635 2203/1128/1621
f 2204/1127/1620 2205/1126/1619 2220/1143/1636
f 2206/1129/1622 2204/1127/1620 2221/1144/1637
f 2220/1143/1636 2221/1144/1637 2204/1127/1620
f 2221/1144/1637 2222/1145/1638 2206/1129/1622
f 2207/1130/1623 2206/1129/1622 2222/1145/1638
f 2222/1145/1638 2223/1146/1639 2207/1130/1623
f 2208/1131/1624 2207/1130/1623 2223/1146/1639
f 2223/1146/1639 2224/1147/1640 2208/1131/1624
f 2209/1132/1625 2208/1131/1624 2224/1147/1640
f 2224/1147/1640 2225/1148/1641 2209/1132/1625
f 2210/1133/1626 2209/1132/1625 2225/1148/1641
f 2225/1148/1641 2226/1149/1642 2210/1133/1626
f 2211/1134/1627 2210/1133/1626 2226/1149/1642
f 2226/1149/1642 2227/1150/1643 2211/1134/1627
f 2212/1135/1628 2211/1134/1627 2227/1150/1643
f 2227/1150/1643 2228/1151/1644 2212/1135/1628
f 2213/1136/1629 2212/1135/1628 2228/1151/1644
f 2228/1151/1644 2229/1152/1645 2213/1136/1629
f 2214/1137/1630 2213/1136/1629 2229/1152/1645
f 2229/1152/1645 2230/1153/1646 2214/1137/1630
f 2215/1138/1631 2214/1137/1630 2230/1153/1646
f 2230/1153/1646 2231/1154/1647 2215/1138/1631
f 2216/1139/1632 2215/1138/1631 2231/1154/1647
f 2231/1154/1647 2232/1155/1648 2216/1139/1632
f 2217/1140/1633 2216/1139/1632 2232/1155/1648
f 2232/1155/1648 2233/1156/1649 2217/1140/1633
f 2218/1141/1634 2217/1140/1633 2233/1156/1649
f 2233/1156/1649 2234/1157/1650 2218/1141/1634
f 2219/1142/1635 2218/1141/1634 2234/1157/1650
f 2234/1157/1650 2235/1158/1651 2219/1142/1635
f 2236/1159/1652 2219/1142/1635 2235/1158/1651
f 2219/1142/1635 2236/1159/1652 2203/1128/1621
f 2236/1159/1652 2237/1160/1653 2203/1128/1621
f 2237/1160/1653 2238/1161/1654 2203/1128/1621
f 2238/1161/1654 2239/1162/1655 2203/1128/1621
f 2239/1162/1655 2205/1126/1619 2203/1128/1621
f 2237/1160/1653 2236/1159/1652 2240/1163/1656
f 2235/1158/1651 2240/1163/1656 2236/1159/1652
f 2238/1161/1654 2237/1160/1653 2241/1164/1657
f 2240/1163/1656 2241/1164/1657 2237/1160/1653
f 2239/1162/1655 2238/1161/1654 2242/1165/1658
f 2241/1164/1657 2242/1165/1658 2238/1161/1654
f 2205/1126/1619 2239/1162/1655 2243/1166/1659
f 2242/1165/1658 2243/1166/1659 2239/1162/1655
f 2243/1166/1659 2220/1143/1636 2205/1126/1619
f 2220/1143/1636 2243/1166/1659 2244/1167/1660
f 2245/1168/1661 2244/1167/1660 2243/1166/1659
f 2243/1166/1659 2242/1165/1658 2245/1168/1661
f 2244/1167/1660 2246/1169/1662 2220/1143/1636
f 2221/1144/1637 2220/1143/1636 2246/1169/1662
f 2246/1169/1662 2247/1170/1663 2221/1144/1637
f 2222/1145/1638 2221/1144/1637 2247/1170/1663
f 2247/1170/1663 2248/1171/1664 2222/1145/1638
f 2223/1146/1639 2222/1145/1638 2248/1171/1664
f 2248/1171/1664 2249/1172/1665 2223/1146/1639
f 2224/1147/1640 2223/1146/1639 2249/1172/1665
f 2249/1172/1665 2250/1173/1666 2224/1147/1640
f 2225/1148/1641 2224/1147/1640 2250/1173/1666
f 2250/1173/1666 2251/1174/1667 2225/1148/1641
f 2226/1149/1642 2225/1148/1641 2251/1174/1667
f 2251/1174/1667 2252/1175/1668 2226/1149/1642
f 2227/1150/1643 2226/1149/1642 2252/1175/1668
f 2252/1175/1668 2253/1176/1669 2227/1150/1643
f 2228/1151/1644 2227/1150/1643 2253/1176/1669
f 2253/1176/1669 2254/1177/1670 2228/1151/1644
f 2229/1152/1645 2228/1151/1644 2254/1177/1670
f 2254/1177/1670 2255/1178/1671 2229/1152/1645
f 2230/1153/1646 2229/1152/1645 2255/1178/1671
f 2255/1178/1671 2256/1179/1672 2230/1153/1646
f 2231/1154/1647 2230/1153/1646 2256/1179/1672
f 2256/1179/1672 2257/1180/1673 2231/1154/1647
f 2232/1155/1648 2231/1154/1647 2257/1180/1673
f 2257/1180/1673 2258/1181/1674 2232/1155/1648
f 2233/1156/1649 2232/1155/1648 2258/1181/1674
f 2258/1181/1674 2259/1182/1675 2233/1156/1649
f 2234/1157/1650 2233/1156/1649 2259/1182/1675
f 2259/1182/1675 2260/1183/1676 2234/1157/1650
f 2235/1158/1651 2234/1157/1650 2260/1183/1676
f 2260/1183/1676 2261/1184/1677 2235/1158/1651
f 2240/1163/1656 2235/1158/1651 2261/1184/1677
f 2261/1184/1677 2262/1185/1678 2240/1163/1656
f 2241/1164/1657 2240/1163/1656 2262/1185/1678
f 2262/1185/1678 2263/1186/1679 2241/1164/1657
f 2242/1165/1658 2241/1164/1657 2263/1186/1679
f 2263/1186/1679 2245/1168/1661 2242/1165/1658
f 2266/1187/1660 2265/1188/1661 2264/1189/1680
f 2267/1190/1681 2264/1189/1680 2265/1188/1661
f 2264/1189/1680 2268/1191/1682 2266/1187/1660
f 2269/1192/1662 2266/1187/1660 2268/1191/1682
f 2268/1191/1682 2270/1193/1683 2269/1192/1662
f 2271/1194/1663 2269/1192/1662 2270/1193/1683
f 2270/1193/1683 2272/1195/1684 2271/1194/1663
f 2273/1196/1664 2271/1194/1663 2272/1195/1684
f 2272/1195/1684 2274/1197/1685 2273/1196/1664
f 2275/1198/1665 2273/1196/1664 2274/1197/1685
f 2274/1197/1685 2276/1199/1686 2275/1198/1665
f 2277/1200/1666 2275/1198/1665 2276/1199/1686
f 2276/1199/1686 2278/1201/1687 2277/1200/1666
f 2279/1202/1667 2277/1200/1666 2278/1201/1687
f 2278/1201/1687 2280/1203/1688 2279/1202/1667
f 2281/1204/1668 2279/1202/1667 2280/1203/1688
f 2280/1203/1688 2282/1205/1689 2281/1204/1668
f 2283/1206/1669 2281/1204/1668 2282/1205/1689
f 2282/1205/1689 2284/1207/1690 2283/1206/1669
f 2285/1208/1670 2283/1206/1669 2284/1207/1690
f 2284/1207/1690 2286/1209/1691 2285/1208/1670
f 2287/1210/1671 2285/1208/1670 2286/1209/1691
f 2286/1209/1691 2288/1211/1692 2287/1210/1671
f 2289/1212/1672 2287/1210/1671 2288/1211/1692
f 2288/1211/1692 2290/1213/1693 2289/1212/1672
f 2291/1214/1673 2289/1212/1672 2290/1213/1693
f 2290/1213/1693 2292/1215/1694 2291/1214/1673
f 2293/1216/1674 2291/1214/1673 2292/1215/1694
f 2292/1215/1694 2294/1217/1695 2293/1216/1674
f 2295/1218/1675 2293/1216/1674 2294/1217/1695
f 2294/1217/1695 2296/1219/1696 2295/1218/1675
f 2297/1220/1676 2295/1218/1675 2296/1219/1696
f 2296/1219/1696 2298/1221/1697 2297/1220/1676
f 2299/1222/1677 2297/1220/1676 2298/1221/1697
f 2298/1221/1697 2300/1223/1698 2299/1222/1677
f 2301/1224/1678 2299/1222/1677 2300/1223/1698
f 2300/1223/1698 2302/1225/1699 2301/1224/1678
f 2303/1226/1679 2301/1224/1678 2302/1225/1699
f 2302/1225/1699 2304/1227/1681 2303/1226/1679
f 2305/1228/1661 2303/1226/1679 2304/1227/1681
f 2292/1215/1694 2290/1213/1693 2306/1229/1700
f 2307/1230/1701 2306/1229/1700 2290/1213/1693
f 2290/1213/1693 2288/1211/1692 2307/1230/1701
f 2308/1231/1702 2307/1230/1701 2288/1211/1692
f 2288/1211/1692 2286/1209/1691 2308/1231/1702
f 2309/1232/1703 2308/1231/1702 2286/1209/1691
f 2286/1209/1691 2284/1207/1690 2309/1232/1703
f 2310/1233/1704 2309/1232/1703 2284/1207/1690
f 2284/1207/1690 2282/1205/1689 2310/1233/1704
f 2311/1234/1705 2310/1233/1704 2282/1205/1689
f 2282/1205/1689 2280/1203/1688 2311/1234/1705
f 2312/1235/1706 2311/1234/1705 2280/1203/1688
f 2280/1203/1688 2278/1201/1687 2312/1235/1706
f 2313/1236/1707 2312/1235/1706 2278/1201/1687
f 2278/1201/1687 2276/1199/1686 2313/1236/1707
f 2314/1237/1708 2313/1236/1707 2276/1199/1686
f 2276/1199/1686 2274/1197/1685 2314/1237/1708
f 2315/1238/1709 2314/1237/1708 2274/1197/1685
f 2274/1197/1685 2272/1195/1684 2315/1238/1709
f 2316/1239/1710 2315/1238/1709 2272/1195/1684
f 2272/1195/1684 2270/1193/1683 2316/1239/1710
f 2317/1240/1711 2316/1239/1710 2270/1193/1683
f 2270/1193/1683 2268/1191/1682 2317/1240/1711
f 2318/1241/1712 2317/1240/1711 2268/1191/1682
f 2268/1191/1682 2264/1189/1680 2318/1241/1712
f 2319/1242/1713 2318/1241/1712 2264/1189/1680
f 2264/1189/1680 2267/1190/1681 2319/1242/1713
f 2320/1243/1714 2319/1242/1713 2267/1190/1681
f 2317/1240/1711 2321/1240/1715 2316/1239/1710
f 2321/1240/1715 2317/1240/1711 2322/1241/1716
f 2323/1241/1717 2322/1241/1716 2317/1240/1711
f 2322/1241/1716 2323/1241/1717 2324/1242/1718
f 2325/1242/1719 2324/1242/1718 2323/1241/1717
f 2324/1242/1718 2325/1242/1719 2326/1243/1720
f 2327/1243/1721 2326/1243/1720 2325/1242/1719
f 2328/1239/1722 2316/1239/1710 2321/1240/1715
f 2316/1239/1710 2328/1239/1722 2329/1238/1723
f 2330/1238/1724 2329/1238/1723 2328/1239/1722
f 2329/1238/1723 2330/1238/1724 2314/1237/1708
f 2331/1237/1725 2314/1237/1708 2330/1238/1724
f 2314/1237/1708 2331/1237/1725 2313/1236/1707
f 2332/1236/1726 2313/1236/1707 2331/1237/1725
f 2313/1236/1707 2332/1236/1726 2312/1235/1706
f 2333/1235/1727 2312/1235/1706 2332/1236/1726
f 2312/1235/1706 2333/1235/1727 2311/1234/1705
f 2334/1234/1728 2311/1234/1705 2333/1235/1727
f 2311/1234/1705 2334/1234/1728 2335/1233/1729
f 2336/1233/1730 2335/1233/1729 2334/1234/1728
f 2335/1233/1729 2336/1233/1730 2309/1232/1703
f 2337/1232/1731 2309/1232/1703 2336/1233/1730
f 2309/1232/1703 2337/1232/1731 2308/1231/1702
f 2338/1231/1732 2308/1231/1702 2337/1232/1731
f 2308/1231/1702 2338/1231/1732 2339/1230/1733
f 2340/1230/1734 2339/1230/1733 2338/1231/1732
f 2339/1230/1733 2340/1230/1734 2341/1229/1735
f 2342/1229/1736 2341/1229/1735 2340/1230/1734
f 2341/1229/1735 2342/1229/1736 2343/1244/1737
f 2344/1244/1738 2343/1244/1737 2342/1229/1736
f 2343/1244/1737 2344/1244/1738 2345/1245/1739
f 2346/1245/1740 2345/1245/1739 2344/1244/1738
f 2345/1245/1739 2346/1245/1740 2347/1246/1741
f 2348/1246/1742 2347/1246/1741 2346/1245/1740
f 2347/1246/1741 2348/1246/1742 2349/1247/1743
f 2350/1247/1744 2349/1247/1743 2348/1246/1742
f 2349/1247/1743 2350/1247/1744 2351/1248/1745
f 2352/1248/1746 2351/1248/1745 2350/1247/1744
f 2351/1248/1745 2352/1248/1746 2353/1249/1721
f 2354/1249/1720 2353/1249/1721 2352/1248/1746
f 2294/1217/1695 2292/1215/1694 2355/1244/1747
f 2306/1229/1700 2355/1244/1747 2292/1215/1694
f 2355/1244/1747 2356/1245/1748 2294/1217/1695
f 2296/1219/1696 2294/1217/1695 2356/1245/1748
f 2356/1245/1748 2357/1246/1749 2296/1219/1696
f 2298/1221/1697 2296/1219/1696 2357/1246/1749
f 2357/1246/1749 2358/1247/1750 2298/1221/1697
f 2300/1223/1698 2298/1221/1697 2358/1247/1750
f 2358/1247/1750 2359/1248/1751 2300/1223/1698
f 2302/1225/1699 2300/1223/1698 2359/1248/1751
f 2359/1248/1751 2360/1249/1714 2302/1225/1699
f 2304/1227/1681 2302/1225/1699 2360/1249/1714
f 2363/1250/1752 2362/1251/1753 2361/1252/1754
f 2364/1253/1755 2361/1252/1754 2362/1251/1753
f 2362/1251/1753 2363/1250/1752 2365/1254/1756
f 2366/1255/1757 2365/1254/1756 2363/1250/1752
f 2365/1254/1756 2366/1255/1757 2367/1256/1758
f 2368/1257/1759 2367/1256/1758 2366/1255/1757
f 2367/1256/1758 2368/1257/1759 2369/1258/1760
f 2370/1259/1761 2369/1258/1760 2368/1257/1759
f 2369/1258/1760 2370/1259/1761 2371/1260/1762
f 2372/1261/1763 2371/1260/1762 2370/1259/1761
f 2371/1260/1762 2372/1261/1763 2373/1262/1764
f 2374/1263/1765 2373/1262/1764 2372/1261/1763
f 2373/1262/1764 2374/1263/1765 2375/1264/1766
f 2376/1265/1767 2375/1264/1766 2374/1263/1765
f 2375/1264/1766 2376/1265/1767 2377/1266/1768
f 2378/1267/1769 2377/1266/1768 2376/1265/1767
f 2377/1266/1768 2378/1267/1769 2379/1268/1770
f 2380/1269/1771 2379/1268/1770 2378/1267/1769
f 2379/1268/1770 2380/1269/1771 2381/1270/1772
f 2382/1271/1773 2381/1270/1772 2380/1269/1771
f 2381/1270/1772 2382/1271/1773 2383/1272/1774
f 2384/1273/1775 2383/1272/1774 2382/1271/1773
f 2383/1272/1774 2384/1273/1775 2385/1274/1776
f 2386/1275/1777 2385/1274/1776 2384/1273/1775
f 2385/1274/1776 2386/1275/1777 2387/1276/1778
f 2388/1277/1779 2387/1276/1778 2386/1275/1777
f 2387/1276/1778 2388/1277/1779 2389/1278/1780
f 2390/1279/1781 2389/1278/1780 2388/1277/1779
f 2389/1278/1780 2390/1279/1781 2391/1280/1782
f 2392/1281/1783 2391/1280/1782 2390/1279/1781
f 2391/1280/1782 2392/1281/1783 2393/1282/1784
f 2394/1283/1785 2393/1282/1784 2392/1281/1783
f 2393/1282/1784 2394/1283/1785 2395/1284/1786
f 2396/1285/1787 2395/1284/1786 2394/1283/1785
f 2395/1284/1786 2396/1285/1787 2397/1286/1788
f 2398/1287/1789 2397/1286/1788 2396/1285/1787
f 2397/1286/1788 2398/1287/1789 2399/1288/1790
f 2400/1289/1791 2399/1288/1790 2398/1287/1789
f 2399/1288/1790 2400/1289/1791 2401/1290/1792
f 2402/1291/1793 2401/1290/1792 2400/1289/1791
f 2388/1277/1779 2403/1292/1794 2390/1279/1781
f 2403/1292/1794 2388/1277/1779 2404/1293/1795
f 2386/1275/1777 2404/1293/1795 2388/1277/1779
f 2404/1293/1795 2386/1275/1777 2405/1294/1796
f 2384/1273/1775 2405/1294/1796 2386/1275/1777
f 2394/1283/1785 2406/1295/1797 2396/1285/1787
f 2406/1295/1797 2394/1283/1785 2407/1296/1798
f 2392/1281/1783 2407/1296/1798 2394/1283/1785
f 2407/1296/1798 2392/1281/1783 2408/1297/1799
f 2408/1297/1799 2390/1279/1781 2403/1292/1794
f 2390/1279/1781 2408/1297/1799 2392/1281/1783
f 2400/1289/1791 2409/1298/1800 2402/1291/1793
f 2409/1298/1800 2400/1289/1791 2410/1299/1801
f 2398/1287/1789 2410/1299/1801 2400/1289/1791
f 2410/1299/1801 2398/1287/1789 2411/1300/1802
f 2411/1300/1802 2396/1285/1787 2406/1295/1797
f 2396/1285/1787 2411/1300/1802 2398/1287/1789
f 2382/1271/1773 2412/1301/1720 2384/1273/1775
f 2412/1301/1720 2382/1271/1773 2413/1302/1803
f 2380/1269/1771 2413/1302/1803 2382/1271/1773
f 2378/1267/1769 2414/1303/1804 2380/1269/1771
f 2414/1303/1804 2378/1267/1769 2415/1304/1805
f 2376/1265/1767 2415/1304/1805 2378/1267/1769
f 2415/1304/1805 2376/1265/1767 2416/1305/1806
f 2374/1263/1765 2416/1305/1806 2376/1265/1767
f 2416/1305/1806 2374/1263/1765 2417/1306/1807
f 2372/1261/1763 2417/1306/1807 2374/1263/1765
f 2417/1306/1807 2372/1261/1763 2418/1307/1808
f 2370/1259/1761 2418/1307/1808 2372/1261/1763
f 2418/1307/1808 2370/1259/1761 2419/1308/1809
f 2368/1257/1759 2419/1308/1809 2370/1259/1761
f 2419/1308/1809 2368/1257/1759 2420/1309/1810
f 2366/1255/1757 2420/1309/1810 2368/1257/1759
f 2420/1309/1810 2366/1255/1757 2421/1310/1811
f 2363/1250/1752 2421/1310/1811 2366/1255/1757
f 2421/1310/1811 2363/1250/1752 2422/1311/1812
f 2361/1252/1754 2422/1311/1812 2363/1250/1752
f 2361/1252/1754 2423/1312/1813 2422/1311/1812
f 2423/1312/1813 2361/1252/1754 2424/1313/1814
f 2364/1253/1755 2424/1313/1814 2361/1252/1754
f 2425/1314/1815 2422/1311/1812 2423/1312/1813
f 2423/1312/1813 2424/1313/1814 2426/1315/1816
f 2427/1316/1817 2426/1315/1816 2424/1313/1814
f 2426/1315/1816 2428/1317/1818 2423/1312/1813
f 2425/1314/1815 2423/1312/1813 2428/1317/1818
f 2426/1315/1816 2427/1316/1817 2429/1318/1819
f 2430/1319/1820 2429/1318/1819 2427/1316/1817
f 2429/1318/1819 2431/1320/1821 2426/1315/1816
f 2428/1317/1818 2426/1315/1816 2431/1320/1821
f 2429/1318/1819 2430/1319/1820 2432/1321/1822
f 2433/1322/1823 2432/1321/1822 2430/1319/1820
f 2432/1321/1822 2434/1323/1824 2429/1318/1819
f 2431/1320/1821 2429/1318/1819 2434/1323/1824
f 2432/1321/1822 2433/1322/1823 2435/1324/1825
f 2436/1325/1826 2435/1324/1825 2433/1322/1823
f 2435/1324/1825 2437/1326/1827 2432/1321/1822
f 2434/1323/1824 2432/1321/1822 2437/1326/1827
f 2435/1324/1825 2436/1325/1826 2438/1327/1828
f 2435/1324/1825 2438/1327/1828 2437/1326/1827
f 2439/1328/1829 2438/1327/1828 2436/1325/1826
f 2440/1329/1830 2437/1326/1827 2438/1327/1828
f 2441/1302/1803 2380/1269/1771 2414/1303/1804
f 2442/1294/1796 2384/1273/1775 2412/1301/1720
f 2443/1330/1831 2402/1291/1793 2409/1298/1800
f 2443/1330/1831 2444/1331/1832 2402/1291/1793
f 2445/1332/1833 2402/1291/1793 2444/1331/1832
f 2402/1291/1793 2445/1332/1833 2401/1290/1792
f 2446/1333/1834 2401/1290/1792 2445/1332/1833
f 2445/1332/1833 2447/1334/1835 2446/1333/1834
f 2448/1335/1836 2446/1333/1834 2447/1334/1835
f 2444/1331/1832 2449/1336/1837 2445/1332/1833
f 2447/1334/1835 2445/1332/1833 2449/1336/1837
f 2447/1334/1835 2450/1337/1838 2448/1335/1836
f 2451/1338/1839 2448/1335/1836 2450/1337/1838
f 2450/1337/1838 2447/1334/1835 2452/1339/1840
f 2449/1336/1837 2452/1339/1840 2447/1334/1835
f 2450/1337/1838 2453/1340/1841 2451/1338/1839
f 2454/1341/1842 2451/1338/1839 2453/1340/1841
f 2453/1340/1841 2450/1337/1838 2455/1342/1843
f 2452/1339/1840 2455/1342/1843 2450/1337/1838
f 2453/1340/1841 2456/1343/1844 2454/1341/1842
f 2457/1344/1845 2454/1341/1842 2456/1343/1844
f 2456/1343/1844 2453/1340/1841 2458/1345/1846
f 2455/1342/1843 2458/1345/1846 2453/1340/1841
f 2456/1343/1844 2459/1346/1847 2457/1344/1845
f 2460/1347/1848 2457/1344/1845 2459/1346/1847
f 2459/1346/1847 2456/1343/1844 2461/1348/1849
f 2458/1345/1846 2461/1348/1849 2456/1343/1844
f 2464/1251/1850 2463/1254/1851 2462/1253/1852
f 2463/1254/1851 2465/1256/1853 2462/1253/1852
f 2465/1256/1853 2466/1258/1854 2462/1253/1852
f 2466/1258/1854 2467/1260/1855 2462/1253/1852
f 2467/1260/1855 2468/1262/1856 2462/1253/1852
f 2468/1262/1856 2469/1264/1857 2462/1253/1852
f 2469/1264/1857 2470/1266/1858 2462/1253/1852
f 2470/1266/1858 2471/1268/1859 2462/1253/1852
f 2471/1268/1859 2472/1270/1860 2462/1253/1852
f 2472/1270/1860 2473/1272/1861 2462/1253/1852
f 2473/1272/1861 2474/1274/1862 2462/1253/1852
f 2474/1274/1862 2475/1276/1863 2462/1253/1852
f 2475/1276/1863 2476/1278/1864 2462/1253/1852
f 2476/1278/1864 2477/1280/1865 2462/1253/1852
f 2477/1280/1865 2478/1282/1866 2462/1253/1852
f 2478/1282/1866 2479/1284/1867 2462/1253/1852
f 2479/1284/1867 2480/1286/1868 2462/1253/1852
f 2480/1286/1868 2481/1288/1869 2462/1253/1852
f 2481/1288/1869 2482/1290/1870 2462/1253/1852
f 2482/1290/1870 2483/1333/1871 2462/1253/1852
f 2484/1313/1872 2462/1253/1852 2483/1333/1871
f 2484/1313/1872 2483/1333/1871 2485/1316/1873
f 2486/1335/1874 2485/1316/1873 2483/1333/1871
f 2486/1335/1874 2487/1338/1875 2485/1316/1873
f 2488/1319/1876 2485/1316/1873 2487/1338/1875
f 2487/1338/1875 2489/1341/1877 2488/1319/1876
f 2490/1322/1878 2488/1319/1876 2489/1341/1877
f 2489/1341/1877 2491/1344/1879 2490/1322/1878
f 2492/1325/1880 2490/1322/1878 2491/1344/1879
f 2491/1344/1879 2493/1347/1881 2492/1325/1880
f 2494/1328/1882 2492/1325/1880 2493/1347/1881
f 2497/1289/1883 2496/1288/1884 2495/1349/1885
f 2498/1350/1886 2495/1349/1885 2496/1288/1884
f 2496/1288/1884 2497/1289/1883 2499/1286/1887
f 2500/1287/1888 2499/1286/1887 2497/1289/1883
f 2499/1286/1887 2500/1287/1888 2501/1284/1889
f 2502/1285/1890 2501/1284/1889 2500/1287/1888
f 2501/1284/1889 2502/1285/1890 2503/1282/1891
f 2504/1283/1892 2503/1282/1891 2502/1285/1890
f 2503/1282/1891 2504/1283/1892 2505/1280/1893
f 2506/1281/1894 2505/1280/1893 2504/1283/1892
f 2505/1280/1893 2506/1281/1894 2507/1278/1895
f 2508/1279/1896 2507/1278/1895 2506/1281/1894
f 2507/1278/1895 2508/1279/1896 2509/1276/1897
f 2510/1351/1898 2509/1276/1897 2508/1279/1896
f 2509/1276/1897 2510/1351/1898 2511/1274/1899
f 2512/1275/1900 2511/1274/1899 2510/1351/1898
f 2511/1274/1899 2512/1275/1900 2513/1272/1901
f 2514/1273/1902 2513/1272/1901 2512/1275/1900
f 2513/1272/1901 2514/1273/1902 2515/1270/1903
f 2516/1271/1904 2515/1270/1903 2514/1273/1902
f 2515/1270/1903 2516/1271/1904 2517/1268/1905
f 2518/1269/1906 2517/1268/1905 2516/1271/1904
f 2517/1268/1905 2518/1269/1906 2519/1266/1907
f 2520/1267/1908 2519/1266/1907 2518/1269/1906
f 2519/1266/1907 2520/1267/1908 2521/1264/1909
f 2522/1352/1910 2521/1264/1909 2520/1267/1908
f 2521/1264/1909 2522/1352/1910 2523/1262/1911
f 2524/1263/1912 2523/1262/1911 2522/1352/1910
f 2523/1262/1911 2524/1263/1912 2525/1260/1913
f 2526/1261/1914 2525/1260/1913 2524/1263/1912
f 2525/1260/1913 2526/1261/1914 2527/1258/1915
f 2528/1259/1916 2527/1258/1915 2526/1261/1914
f 2527/1258/1915 2528/1259/1916 2529/1256/1917
f 2530/1257/1918 2529/1256/1917 2528/1259/1916
f 2529/1256/1917 2530/1257/1918 2531/1254/1919
f 2532/1255/1920 2531/1254/1919 2530/1257/1918
f 2531/1254/1919 2532/1255/1920 2533/1251/1921
f 2534/1250/1922 2533/1251/1921 2532/1255/1920
f 2533/1251/1921 2534/1250/1922 2535/1253/1923
f 2536/1252/1924 2535/1253/1923 2534/1250/1922
f 2522/1352/1910 2537/1304/1805 2524/1263/1912
f 2537/1304/1805 2522/1352/1910 2538/1303/1804
f 2520/1267/1908 2538/1303/1804 2522/1352/1910
f 2538/1303/1804 2520/1267/1908 2539/1302/1925
f 2518/1269/1906 2539/1302/1925 2520/1267/1908
f 2528/1259/1916 2540/1307/1808 2530/1257/1918
f 2540/1307/1808 2528/1259/1916 2541/1306/1807
f 2526/1261/1914 2541/1306/1807 2528/1259/1916
f 2541/1306/1807 2526/1261/1914 2542/1305/1926
f 2542/1305/1926 2524/1263/1912 2537/1304/1805
f 2524/1263/1912 2542/1305/1926 2526/1261/1914
f 2534/1250/1922 2543/1310/1811 2536/1252/1924
f 2543/1310/1811 2534/1250/1922 2544/1309/1810
f 2532/1255/1920 2544/1309/1810 2534/1250/1922
f 2544/1309/1810 2532/1255/1920 2545/1308/1927
f 2545/1308/1927 2530/1257/1918 2540/1307/1808
f 2530/1257/1918 2545/1308/1927 2532/1255/1920
f 2516/1271/1904 2546/1301/1720 2518/1269/1906
f 2546/1301/1720 2516/1271/1904 2547/1294/1928
f 2514/1273/1902 2547/1294/1928 2516/1271/1904
f 2512/1275/1900 2548/1293/1795 2514/1273/1902
f 2548/1293/1795 2512/1275/1900 2549/1292/1794
f 2510/1351/1898 2549/1292/1794 2512/1275/1900
f 2549/1292/1794 2510/1351/1898 2550/1297/1929
f 2508/1279/1896 2550/1297/1929 2510/1351/1898
f 2550/1297/1929 2508/1279/1896 2551/1296/1798
f 2506/1281/1894 2551/1296/1798 2508/1279/1896
f 2551/1296/1798 2506/1281/1894 2552/1295/1930
f 2504/1283/1892 2552/1295/1930 2506/1281/1894
f 2552/1295/1930 2504/1283/1892 2553/1300/1931
f 2502/1285/1890 2553/1300/1931 2504/1283/1892
f 2553/1300/1931 2502/1285/1890 2554/1299/1801
f 2500/1287/1888 2554/1299/1801 2502/1285/1890
f 2554/1299/1801 2500/1287/1888 2555/1298/1800
f 2497/1289/1883 2555/1298/1800 2500/1287/1888
f 2555/1298/1800 2497/1289/1883 2556/1330/1831
f 2495/1349/1885 2556/1330/1831 2497/1289/1883
f 2495/1349/1885 2557/1332/1932 2556/1330/1831
f 2557/1332/1932 2495/1349/1885 2558/1333/1933
f 2498/1350/1886 2558/1333/1933 2495/1349/1885
f 2559/1331/1832 2556/1330/1831 2557/1332/1932
f 2557/1332/1932 2558/1333/1933 2560/1334/1934
f 2561/1335/1935 2560/1334/1934 2558/1333/1933
f 2560/1334/1934 2562/1336/1936 2557/1332/1932
f 2559/1331/1832 2557/1332/1932 2562/1336/1936
f 2560/1334/1934 2561/1335/1935 2563/1337/1937
f 2564/1338/1938 2563/1337/1937 2561/1335/1935
f 2563/1337/1937 2565/1339/1840 2560/1334/1934
f 2562/1336/1936 2560/1334/1934 2565/1339/1840
f 2563/1337/1937 2564/1338/1938 2566/1340/1939
f 2567/1341/1940 2566/1340/1939 2564/1338/1938
f 2566/1340/1939 2568/1342/1843 2563/1337/1937
f 2565/1339/1840 2563/1337/1937 2568/1342/1843
f 2566/1340/1939 2567/1341/1940 2569/1343/1941
f 2570/1344/1942 2569/1343/1941 2567/1341/1940
f 2569/1343/1941 2571/1345/1943 2566/1340/1939
f 2568/1342/1843 2566/1340/1939 2571/1345/1943
f 2569/1343/1941 2570/1344/1942 2572/1346/1944
f 2569/1343/1941 2572/1346/1944 2571/1345/1943
f 2573/1347/1945 2572/1346/1944 2570/1344/1942
f 2574/1348/1849 2571/1345/1943 2572/1346/1944
f 2575/1294/1796 2514/1273/1902 2548/1293/1795
f 2576/1302/1925 2518/1269/1906 2546/1301/1720
f 2577/1311/1812 2536/1252/1924 2543/1310/1811
f 2577/1311/1812 2578/1314/1815 2536/1252/1924
f 2579/1312/1946 2536/1252/1924 2578/1314/1815
f 2536/1252/1924 2579/1312/1946 2535/1253/1923
f 2580/1313/1947 2535/1253/1923 2579/1312/1946
f 2579/1312/1946 2581/1315/1948 2580/1313/1947
f 2582/1316/1949 2580/1313/1947 2581/1315/1948
f 2578/1314/1815 2583/1317/1818 2579/1312/1946
f 2581/1315/1948 2579/1312/1946 2583/1317/1818
f 2581/1315/1948 2584/1318/1950 2582/1316/1949
f 2585/1319/1951 2582/1316/1949 2584/1318/1950
f 2584/1318/1950 2581/1315/1948 2586/1320/1821
f 2583/1317/1818 2586/1320/1821 2581/1315/1948
f 2584/1318/1950 2587/1321/1952 2585/1319/1951
f 2588/1322/1953 2585/1319/1951 2587/1321/1952
f 2587/1321/1952 2584/1318/1950 2589/1323/1824
f 2586/1320/1821 2589/1323/1824 2584/1318/1950
f 2587/1321/1952 2590/1324/1954 2588/1322/1953
f 2591/1325/1955 2588/1322/1953 2590/1324/1954
f 2590/1324/1954 2587/1321/1952 2592/1326/1956
f 2589/1323/1824 2592/1326/1956 2587/1321/1952
f 2590/1324/1954 2593/1327/1957 2591/1325/1955
f 2594/1328/1958 2591/1325/1955 2593/1327/1957
f 2593/1327/1957 2590/1324/1954 2595/1329/1830
f 2592/1326/1956 2595/1329/1830 2590/1324/1954
f 2598/1288/1959 2597/1286/1960 2596/1350/1961
f 2597/1286/1960 2599/1284/1962 2596/1350/1961
f 2599/1284/1962 2600/1282/1963 2596/1350/1961
f 2600/1282/1963 2601/1280/1964 2596/1350/1961
f 2601/1280/1964 2602/1278/1965 2596/1350/1961
f 2602/1278/1965 2603/1276/1966 2596/1350/1961
f 2603/1276/1966 2604/1274/1967 2596/1350/1961
f 2604/1274/1967 2605/1272/1968 2596/1350/1961
f 2605/1272/1968 2606/1270/1969 2596/1350/1961
f 2606/1270/1969 2607/1268/1970 2596/1350/1961
f 2607/1268/1970 2608/1266/1971 2596/1350/1961
f 2608/1266/1971 2609/1264/1972 2596/1350/1961
f 2609/1264/1972 2610/1262/1973 2596/1350/1961
f 2610/1262/1973 2611/1260/1974 2596/1350/1961
f 2611/1260/1974 2612/1258/1975 2596/1350/1961
f 2612/1258/1975 2613/1256/1976 2596/1350/1961
f 2613/1256/1976 2614/1254/1977 2596/1350/1961
f 2614/1254/1977 2615/1251/1978 2596/1350/1961
f 2615/1251/1978 2616/1253/1979 2596/1350/1961
f 2616/1253/1979 2617/1313/1980 2596/1350/1961
f 2618/1333/1981 2596/1350/1961 2617/1313/1980
f 2618/1333/1981 2617/1313/1980 2619/1335/1982
f 2620/1316/1983 2619/1335/1982 2617/1313/1980
f 2620/1316/1983 2621/1319/1984 2619/1335/1982
f 2622/1338/1985 2619/1335/1982 2621/1319/1984
f 2621/1319/1984 2623/1322/1986 2622/1338/1985
f 2624/1341/1987 2622/1338/1985 2623/1322/1986
f 2623/1322/1986 2625/1325/1988 2624/1341/1987
f 2626/1344/1989 2624/1341/1987 2625/1325/1988
f 2625/1325/1988 2627/1328/1990 2626/1344/1989
f 2628/1347/1991 2626/1344/1989 2627/1328/1990
f 2631/1250/1992 2630/1251/1993 2629/1252/1994
f 2632/1253/1995 2629/1252/1994 2630/1251/1993
f 2630/1251/1993 2631/1250/1992 2633/1254/1996
f 2634/1255/1997 2633/1254/1996 2631/1250/1992
f 2633/1254/1996 2634/1255/1997 2635/1256/1998
f 2636/1257/1999 2635/1256/1998 2634/1255/1997
f 2635/1256/1998 2636/1257/1999 2637/1258/2000
f 2638/1259/2001 2637/1258/2000 2636/1257/1999
f 2637/1258/2000 2638/1259/2001 2639/1260/2002
f 2640/1261/2003 2639/1260/2002 2638/1259/2001
f 2639/1260/2002 2640/1261/2003 2641/1262/2004
f 2642/1263/2005 2641/1262/2004 2640/1261/2003
f 2641/1262/2004 2642/1263/2005 2643/1264/2006
f 2644/1265/2007 2643/1264/2006 2642/1263/2005
f 2643/1264/2006 2644/1265/2007 2645/1266/2008
f 2646/1267/2009 2645/1266/2008 2644/1265/2007
f 2645/1266/2008 2646/1267/2009 2647/1268/2010
f 2648/1269/2011 2647/1268/2010 2646/1267/2009
f 2647/1268/2010 2648/1269/2011 2649/1270/2012
f 2650/1271/2013 2649/1270/2012 2648/1269/2011
f 2649/1270/2012 2650/1271/2013 2651/1272/2014
f 2652/1273/2015 2651/1272/2014 2650/1271/2013
f 2651/1272/2014 2652/1273/2015 2653/1274/2016
f 2654/1275/2017 2653/1274/2016 2652/1273/2015
f 2653/1274/2016 2654/1275/2017 2655/1276/2018
f 2656/1277/2019 2655/1276/2018 2654/1275/2017
f 2655/1276/2018 2656/1277/2019 2657/1278/2020
f 2658/1279/2021 2657/1278/2020 2656/1277/2019
f 2657/1278/2020 2658/1279/2021 2659/1280/2022
f 2660/1281/2023 2659/1280/2022 2658/1279/2021
f 2659/1280/2022 2660/1281/2023 2661/1282/2024
f 2662/1283/2025 2661/1282/2024 2660/1281/2023
f 2661/1282/2024 2662/1283/2025 2663/1284/2026
f 2664/1285/2027 2663/1284/2026 2662/1283/2025
f 2663/1284/2026 2664/1285/2027 2665/1286/2028
f 2666/1287/2029 2665/1286/2028 2664/1285/2027
f 2665/1286/2028 2666/1287/2029 2667/1288/2030
f 2668/1289/2031 2667/1288/2030 2666/1287/2029
f 2667/1288/2030 2668/1289/2031 2669/1290/2032
f 2670/1291/2033 2669/1290/2032 2668/1289/2031
f 2656/1277/2019 2671/1292/2034 2658/1279/2021
f 2671/1292/2034 2656/1277/2019 2672/1293/2035
f 2654/1275/2017 2672/1293/2035 2656/1277/2019
f 2672/1293/2035 2654/1275/2017 2673/1294/2036
f 2652/1273/2015 2673/1294/2036 2654/1275/2017
f 2662/1283/2025 2674/1295/2037 2664/1285/2027
f 2674/1295/2037 2662/1283/2025 2675/1296/2038
f 2660/1281/2023 2675/1296/2038 2662/1283/2025
f 2675/1296/2038 2660/1281/2023 2676/1297/2039
f 2676/1297/2039 2658/1279/2021 2671/1292/2034
f 2658/1279/2021 2676/1297/2039 2660/1281/2023
f 2668/1289/2031 2677/1298/2040 2670/1291/2033
f 2677/1298/2040 2668/1289/2031 2678/1299/2041
f 2666/1287/2029 2678/1299/2041 2668/1289/2031
f 2678/1299/2041 2666/1287/2029 2679/1300/2042
f 2679/1300/2042 2664/1285/2027 2674/1295/2037
f 2664/1285/2027 2679/1300/2042 2666/1287/2029
f 2650/1271/2013 2680/1301/2043 2652/1273/2015
f 2680/1301/2043 2650/1271/2013 2681/1302/2044
f 2648/1269/2011 2681/1302/2044 2650/1271/2013
f 2646/1267/2009 2682/1303/2045 2648/1269/2011
f 2682/1303/2045 2646/1267/2009 2683/1304/2046
f 2644/1265/2007 2683/1304/2046 2646/1267/2009
f 2683/1304/2046 2644/1265/2007 2684/1305/2047
f 2642/1263/2005 2684/1305/2047 2644/1265/2007
f 2684/1305/2047 2642/1263/2005 2685/1306/2048
f 2640/1261/2003 2685/1306/2048 2642/1263/2005
f 2685/1306/2048 2640/1261/2003 2686/1307/2049
f 2638/1259/2001 2686/1307/2049 2640/1261/2003
f 2686/1307/2049 2638/1259/2001 2687/1308/2050
f 2636/1257/1999 2687/1308/2050 2638/1259/2001
f 2687/1308/2050 2636/1257/1999 2688/1309/2051
f 2634/1255/1997 2688/1309/2051 2636/1257/1999
f 2688/1309/2051 2634/1255/1997 2689/1310/2052
f 2631/1250/1992 2689/1310/2052 2634/1255/1997
f 2689/1310/2052 2631/1250/1992 2690/1311/2053
f 2629/1252/1994 2690/1311/2053 2631/1250/1992
f 2629/1252/1994 2691/1312/2054 2690/1311/2053
f 2691/1312/2054 2629/1252/1994 2692/1313/2055
f 2632/1253/1995 2692/1313/2055 2629/1252/1994
f 2693/1314/2056 2690/1311/2053 2691/1312/2054
f 2691/1312/2054 2692/1313/2055 2694/1315/2057
f 2695/1316/2058 2694/1315/2057 2692/1313/2055
f 2694/1315/2057 2696/1317/2059 2691/1312/2054
f 2693/1314/2056 2691/1312/2054 2696/1317/2059
f 2694/1315/2057 2695/1316/2058 2697/1318/2060
f 2698/1319/2061 2697/1318/2060 2695/1316/2058
f 2697/1318/2060 2699/1320/2062 2694/1315/2057
f 2696/1317/2059 2694/1315/2057 2699/1320/2062
f 2697/1318/2060 2698/1319/2061 2700/1321/2063
f 2701/1322/2064 2700/1321/2063 2698/1319/2061
f 2700/1321/2063 2702/1323/2065 2697/1318/2060
f 2699/1320/2062 2697/1318/2060 2702/1323/2065
f 2700/1321/2063 2701/1322/2064 2703/1324/2066
f 2704/1325/2067 2703/1324/2066 2701/1322/2064
f 2703/1324/2066 2705/1326/2068 2700/1321/2063
f 2702/1323/2065 2700/1321/2063 2705/1326/2068
f 2703/1324/2066 2704/1325/2067 2706/1327/2069
f 2703/1324/2066 2706/1327/2069 2705/1326/2068
f 2707/1328/2070 2706/1327/2069 2704/1325/2067
f 2708/1329/2071 2705/1326/2068 2706/1327/2069
f 2709/1302/2072 2648/1269/2011 2682/1303/2045
f 2710/1294/2036 2652/1273/2015 2680/1301/2043
f 2711/1330/2073 2670/1291/2033 2677/1298/2040
f 2711/1330/2073 2712/1331/2074 2670/1291/2033
f 2713/1332/2075 2670/1291/2033 2712/1331/2074
f 2670/1291/2033 2713/1332/2075 2669/1290/2032
f 2714/1333/2076 2669/1290/2032 2713/1332/2075
f 2713/1332/2075 2715/1334/2077 2714/1333/2076
f 2716/1335/2078 2714/1333/2076 2715/1334/2077
f 2712/1331/2074 2717/1336/2079 2713/1332/2075
f 2715/1334/2077 2713/1332/2075 2717/1336/2079
f 2715/1334/2077 2718/1337/2080 2716/1335/2078
f 2719/1338/2081 2716/1335/2078 2718/1337/2080
f 2718/1337/2080 2715/1334/2077 2720/1339/2082
f 2717/1336/2079 2720/1339/2082 2715/1334/2077
f 2718/1337/2080 2721/1340/2083 2719/1338/2081
f 2722/1341/2084 2719/1338/2081 2721/1340/2083
f 2721/1340/2083 2718/1337/2080 2723/1342/2085
f 2720/1339/2082 2723/1342/2085 2718/1337/2080
f 2721/1340/2083 2724/1343/2086 2722/1341/2084
f 2725/1344/2087 2722/1341/2084 2724/1343/2086
f 2724/1343/2086 2721/1340/2083 2726/1345/2088
f 2723/1342/2085 2726/1345/2088 2721/1340/2083
f 2724/1343/2086 2727/1346/2089 2725/1344/2087
f 2728/1347/2090 2725/1344/2087 2727/1346/2089
f 2727/1346/2089 2724/1343/2086 2729/1348/2091
f 2726/1345/2088 2729/1348/2091 2724/1343/2086
f 2732/1251/2092 2731/1254/2093 2730/1253/2094
f 2731/1254/2093 2733/1256/2095 2730/1253/2094
f 2733/1256/2095 2734/1258/2096 2730/1253/2094
f 2734/1258/2096 2735/1260/2097 2730/1253/2094
f 2735/1260/2097 2736/1262/2098 2730/1253/2094
f 2736/1262/2098 2737/1264/2099 2730/1253/2094
f 2737/1264/2099 2738/1266/2100 2730/1253/2094
f 2738/1266/2100 2739/1268/2101 2730/1253/2094
f 2739/1268/2101 2740/1270/2102 2730/1253/2094
f 2740/1270/2102 2741/1272/2103 2730/1253/2094
f 2741/1272/2103 2742/1274/2104 2730/1253/2094
f 2742/1274/2104 2743/1276/2105 2730/1253/2094
f 2743/1276/2105 2744/1278/2106 2730/1253/2094
f 2744/1278/2106 2745/1280/2107 2730/1253/2094
f 2745/1280/2107 2746/1282/2108 2730/1253/2094
f 2746/1282/2108 2747/1284/2109 2730/1253/2094
f 2747/1284/2109 2748/1286/2110 2730/1253/2094
f 2748/1286/2110 2749/1288/2111 2730/1253/2094
f 2749/1288/2111 2750/1290/2112 2730/1253/2094
f 2750/1290/2112 2751/1333/2113 2730/1253/2094
f 2752/1313/2114 2730/1253/2094 2751/1333/2113
f 2752/1313/2114 2751/1333/2113 2753/1316/2115
f 2754/1335/2116 2753/1316/2115 2751/1333/2113
f 2754/1335/2116 2755/1338/2117 2753/1316/2115
f 2756/1319/2118 2753/1316/2115 2755/1338/2117
f 2755/1338/2117 2757/1341/2119 2756/1319/2118
f 2758/1322/2120 2756/1319/2118 2757/1341/2119
f 2757/1341/2119 2759/1344/2121 2758/1322/2120
f 2760/1325/2122 2758/1322/2120 2759/1344/2121
f 2759/1344/2121 2761/1347/2123 2760/1325/2122
f 2762/1328/2124 2760/1325/2122 2761/1347/2123
f 2765/1289/2125 2764/1288/2126 2763/1349/2127
f 2766/1350/2128 2763/1349/2127 2764/1288/2126
f 2764/1288/2126 2765/1289/2125 2767/1286/2129
f 2768/1287/2130 2767/1286/2129 2765/1289/2125
f 2767/1286/2129 2768/1287/2130 2769/1284/2131
f 2770/1285/2132 2769/1284/2131 2768/1287/2130
f 2769/1284/2131 2770/1285/2132 2771/1282/2133
f 2772/1283/2134 2771/1282/2133 2770/1285/2132
f 2771/1282/2133 2772/1283/2134 2773/1280/2135
f 2774/1281/2136 2773/1280/2135 2772/1283/2134
f 2773/1280/2135 2774/1281/2136 2775/1278/2137
f 2776/1279/2138 2775/1278/2137 2774/1281/2136
f 2775/1278/2137 2776/1279/2138 2777/1276/2139
f 2778/1351/2140 2777/1276/2139 2776/1279/2138
f 2777/1276/2139 2778/1351/2140 2779/1274/2141
f 2780/1275/2142 2779/1274/2141 2778/1351/2140
f 2779/1274/2141 2780/1275/2142 2781/1272/2143
f 2782/1273/2144 2781/1272/2143 2780/1275/2142
f 2781/1272/2143 2782/1273/2144 2783/1270/2145
f 2784/1271/2146 2783/1270/2145 2782/1273/2144
f 2783/1270/2145 2784/1271/2146 2785/1268/2147
f 2786/1269/2148 2785/1268/2147 2784/1271/2146
f 2785/1268/2147 2786/1269/2148 2787/1266/2149
f 2788/1267/2150 2787/1266/2149 2786/1269/2148
f 2787/1266/2149 2788/1267/2150 2789/1264/2151
f 2790/1352/2152 2789/1264/2151 2788/1267/2150
f 2789/1264/2151 2790/1352/2152 2791/1262/2153
f 2792/1263/2154 2791/1262/2153 2790/1352/2152
f 2791/1262/2153 2792/1263/2154 2793/1260/2155
f 2794/1261/2156 2793/1260/2155 2792/1263/2154
f 2793/1260/2155 2794/1261/2156 2795/1258/2157
f 2796/1259/2158 2795/1258/2157 2794/1261/2156
f 2795/1258/2157 2796/1259/2158 2797/1256/2159
f 2798/1257/2160 2797/1256/2159 2796/1259/2158
f 2797/1256/2159 2798/1257/2160 2799/1254/2161
f 2800/1255/2162 2799/1254/2161 2798/1257/2160
f 2799/1254/2161 2800/1255/2162 2801/1251/2163
f 2802/1250/2164 2801/1251/2163 2800/1255/2162
f 2801/1251/2163 2802/1250/2164 2803/1253/2165
f 2804/1252/2166 2803/1253/2165 2802/1250/2164
f 2790/1352/2152 2805/1304/2167 2792/1263/2154
f 2805/1304/2167 2790/1352/2152 2806/1303/2045
f 2788/1267/2150 2806/1303/2045 2790/1352/2152
f 2806/1303/2045 2788/1267/2150 2807/1302/2044
f 2786/1269/2148 2807/1302/2044 2788/1267/2150
f 2796/1259/2158 2808/1307/2168 2798/1257/2160
f 2808/1307/2168 2796/1259/2158 2809/1306/2048
f 2794/1261/2156 2809/1306/2048 2796/1259/2158
f 2809/1306/2048 2794/1261/2156 2810/1305/2169
f 2810/1305/2169 2792/1263/2154 2805/1304/2167
f 2792/1263/2154 2810/1305/2169 2794/1261/2156
f 2802/1250/2164 2811/1310/2052 2804/1252/2166
f 2811/1310/2052 2802/1250/2164 2812/1309/2051
f 2800/1255/2162 2812/1309/2051 2802/1250/2164
f 2812/1309/2051 2800/1255/2162 2813/1308/2170
f 2813/1308/2170 2798/1257/2160 2808/1307/2168
f 2798/1257/2160 2813/1308/2170 2800/1255/2162
f 2784/1271/2146 2814/1301/2043 2786/1269/2148
f 2814/1301/2043 2784/1271/2146 2815/1294/2171
f 2782/1273/2144 2815/1294/2171 2784/1271/2146
f 2780/1275/2142 2816/1293/2035 2782/1273/2144
f 2816/1293/2035 2780/1275/2142 2817/1292/2172
f 2778/1351/2140 2817/1292/2172 2780/1275/2142
f 2817/1292/2172 2778/1351/2140 2818/1297/2039
f 2776/1279/2138 2818/1297/2039 2778/1351/2140
f 2818/1297/2039 2776/1279/2138 2819/1296/2038
f 2774/1281/2136 2819/1296/2038 2776/1279/2138
f 2819/1296/2038 2774/1281/2136 2820/1295/2173
f 2772/1283/2134 2820/1295/2173 2774/1281/2136
f 2820/1295/2173 2772/1283/2134 2821/1300/2174
f 2770/1285/2132 2821/1300/2174 2772/1283/2134
f 2821/1300/2174 2770/1285/2132 2822/1299/2041
f 2768/1287/2130 2822/1299/2041 2770/1285/2132
f 2822/1299/2041 2768/1287/2130 2823/1298/2040
f 2765/1289/2125 2823/1298/2040 2768/1287/2130
f 2823/1298/2040 2765/1289/2125 2824/1330/2073
f 2763/1349/2127 2824/1330/2073 2765/1289/2125
f 2763/1349/2127 2825/1332/2175 2824/1330/2073
f 2825/1332/2175 2763/1349/2127 2826/1333/2176
f 2766/1350/2128 2826/1333/2176 2763/1349/2127
f 2827/1331/2074 2824/1330/2073 2825/1332/2175
f 2825/1332/2175 2826/1333/2176 2828/1334/2177
f 2829/1335/2178 2828/1334/2177 2826/1333/2176
f 2828/1334/2177 2830/1336/2079 2825/1332/2175
f 2827/1331/2074 2825/1332/2175 2830/1336/2079
f 2828/1334/2177 2829/1335/2178 2831/1337/2179
f 2832/1338/2180 2831/1337/2179 2829/1335/2178
f 2831/1337/2179 2833/1339/2082 2828/1334/2177
f 2830/1336/2079 2828/1334/2177 2833/1339/2082
f 2831/1337/2179 2832/1338/2180 2834/1340/2181
f 2835/1341/2182 2834/1340/2181 2832/1338/2180
f 2834/1340/2181 2836/1342/2183 2831/1337/2179
f 2833/1339/2082 2831/1337/2179 2836/1342/2183
f 2834/1340/2181 2835/1341/2182 2837/1343/2184
f 2838/1344/2185 2837/1343/2184 2835/1341/2182
f 2837/1343/2184 2839/1345/2088 2834/1340/2181
f 2836/1342/2183 2834/1340/2181 2839/1345/2088
f 2837/1343/2184 2838/1344/2185 2840/1346/2186
f 2837/1343/2184 2840/1346/2186 2839/1345/2088
f 2841/1347/2187 2840/1346/2186 2838/1344/2185
f 2842/1348/2091 2839/1345/2088 2840/1346/2186
f 2843/1294/2036 2782/1273/2144 2816/1293/2035
f 2844/1302/2044 2786/1269/2148 2814/1301/2043
f 2845/1311/2053 2804/1252/2166 2811/1310/2052
f 2845/1311/2053 2846/1314/2056 2804/1252/2166
f 2847/1312/2188 2804/1252/2166 2846/1314/2056
f 2804/1252/2166 2847/1312/2188 2803/1253/2165
f 2848/1313/2189 2803/1253/2165 2847/1312/2188
f 2847/1312/2188 2849/1315/2190 2848/1313/2189
f 2850/1316/2191 2848/1313/2189 2849/1315/2190
f 2846/1314/2056 2851/1317/2059 2847/1312/2188
f 2849/1315/2190 2847/1312/2188 2851/1317/2059
f 2849/1315/2190 2852/1318/2192 2850/1316/2191
f 2853/1319/2193 2850/1316/2191 2852/1318/2192
f 2852/1318/2192 2849/1315/2190 2854/1320/2062
f 2851/1317/2059 2854/1320/2062 2849/1315/2190
f 2852/1318/2192 2855/1321/2194 2853/1319/2193
f 2856/1322/2195 2853/1319/2193 2855/1321/2194
f 2855/1321/2194 2852/1318/2192 2857/1323/2065
f 2854/1320/2062 2857/1323/2065 2852/1318/2192
f 2855/1321/2194 2858/1324/2196 2856/1322/2195
f 2859/1325/2197 2856/1322/2195 2858/1324/2196
f 2858/1324/2196 2855/1321/2194 2860/1326/2068
f 2857/1323/2065 2860/1326/2068 2855/1321/2194
f 2858/1324/2196 2861/1327/2198 2859/1325/2197
f 2862/1328/2199 2859/1325/2197 2861/1327/2198
f 2861/1327/2198 2858/1324/2196 2863/1329/2071
f 2860/1326/2068 2863/1329/2071 2858/1324/2196
f 2866/1288/2200 2865/1286/2201 2864/1350/2202
f 2865/1286/2201 2867/1284/2203 2864/1350/2202
f 2867/1284/2203 2868/1282/2204 2864/1350/2202
f 2868/1282/2204 2869/1280/2205 2864/1350/2202
f 2869/1280/2205 2870/1278/2206 2864/1350/2202
f 2870/1278/2206 2871/1276/2207 2864/1350/2202
f 2871/1276/2207 2872/1274/2208 2864/1350/2202
f 2872/1274/2208 2873/1272/2209 2864/1350/2202
f 2873/1272/2209 2874/1270/2210 2864/1350/2202
f 2874/1270/2210 2875/1268/2211 2864/1350/2202
f 2875/1268/2211 2876/1266/2212 2864/1350/2202
f 2876/1266/2212 2877/1264/2213 2864/1350/2202
f 2877/1264/2213 2878/1262/2214 2864/1350/2202
f 2878/1262/2214 2879/1260/2215 2864/1350/2202
f 2879/1260/2215 2880/1258/2216 2864/1350/2202
f 2880/1258/2216 2881/1256/2217 2864/1350/2202
f 2881/1256/2217 2882/1254/2218 2864/1350/2202
f 2882/1254/2218 2883/1251/2219 2864/1350/2202
f 2883/1251/2219 2884/1253/2220 2864/1350/2202
f 2884/1253/2220 2885/1313/2221 2864/1350/2202
f 2886/1333/2222 2864/1350/2202 2885/1313/2221
f 2886/1333/2222 2885/1313/2221 2887/1335/2223
f 2888/1316/2224 2887/1335/2223 2885/1313/2221
f 2888/1316/2224 2889/1319/2225 2887/1335/2223
f 2890/1338/2226 2887/1335/2223 2889/1319/2225
f 2889/1319/2225 2891/1322/2227 2890/1338/2226
f 2892/1341/2228 2890/1338/2226 2891/1322/2227
f 2891/1322/2227 2893/1325/2229 2892/1341/2228
f 2894/1344/2230 2892/1341/2228 2893/1325/2229
f 2893/1325/2229 2895/1328/2231 2894/1344/2230
f 2896/1347/2232 2894/1344/2230 2895/1328/2231
f 2899/1250/2233 2898/1251/2234 2897/1252/2235
f 2900/1253/2236 2897/1252/2235 2898/1251/2234
f 2898/1251/2234 2899/1250/2233 2901/1254/2237
f 2902/1255/2238 2901/1254/2237 2899/1250/2233
f 2901/1254/2237 2902/1255/2238 2903/1256/2239
f 2904/1257/2240 2903/1256/2239 2902/1255/2238
f 2903/1256/2239 2904/1257/2240 2905/1258/2241
f 2906/1259/2242 2905/1258/2241 2904/1257/2240
f 2905/1258/2241 2906/1259/2242 2907/1260/2243
f 2908/1261/2244 2907/1260/2243 2906/1259/2242
f 2907/1260/2243 2908/1261/2244 2909/1262/2245
f 2910/1263/2246 2909/1262/2245 2908/1261/2244
f 2909/1262/2245 2910/1263/2246 2911/1264/2247
f 2912/1265/2248 2911/1264/2247 2910/1263/2246
f 2911/1264/2247 2912/1265/2248 2913/1266/2249
f 2914/1267/2250 2913/1266/2249 2912/1265/2248
f 2913/1266/2249 2914/1267/2250 2915/1268/2251
f 2916/1269/2252 2915/1268/2251 2914/1267/2250
f 2915/1268/2251 2916/1269/2252 2917/1270/2253
f 2918/1271/2254 2917/1270/2253 2916/1269/2252
f 2917/1270/2253 2918/1271/2254 2919/1272/2255
f 2920/1273/2256 2919/1272/2255 2918/1271/2254
f 2919/1272/2255 2920/1273/2256 2921/1274/2257
f 2922/1275/2258 2921/1274/2257 2920/1273/2256
f 2921/1274/2257 2922/1275/2258 2923/1276/2259
f 2924/1277/2260 2923/1276/2259 2922/1275/2258
f 2923/1276/2259 2924/1277/2260 2925/1278/2261
f 2926/1279/2262 2925/1278/2261 2924/1277/2260
f 2925/1278/2261 2926/1279/2262 2927/1280/2263
f 2928/1281/2264 2927/1280/2263 2926/1279/2262
f 2927/1280/2263 2928/1281/2264 2929/1282/2265
f 2930/1283/2266 2929/1282/2265 2928/1281/2264
f 2929/1282/2265 2930/1283/2266 2931/1284/2267
f 2932/1285/2268 2931/1284/2267 2930/1283/2266
f 2931/1284/2267 2932/1285/2268 2933/1286/2269
f 2934/1287/2270 2933/1286/2269 2932/1285/2268
f 2933/1286/2269 2934/1287/2270 2935/1288/2271
f 2936/1289/2272 2935/1288/2271 2934/1287/2270
f 2935/1288/2271 2936/1289/2272 2937/1290/2273
f 2938/1291/2274 2937/1290/2273 2936/1289/2272
f 2924/1277/2260 2939/1292/2275 2926/1279/2262
f 2939/1292/2275 2924/1277/2260 2940/1293/2276
f 2922/1275/2258 2940/1293/2276 2924/1277/2260
f 2940/1293/2276 2922/1275/2258 2941/1294/2277
f 2920/1273/2256 2941/1294/2277 2922/1275/2258
f 2930/1283/2266 2942/1295/2278 2932/1285/2268
f 2942/1295/2278 2930/1283/2266 2943/1296/2279
f 2928/1281/2264 2943/1296/2279 2930/1283/2266
f 2943/1296/2279 2928/1281/2264 2944/1297/2280
f 2944/1297/2280 2926/1279/2262 2939/1292/2275
f 2926/1279/2262 2944/1297/2280 2928/1281/2264
f 2936/1289/2272 2945/1298/2281 2938/1291/2274
f 2945/1298/2281 2936/1289/2272 2946/1299/2282
f 2934/1287/2270 2946/1299/2282 2936/1289/2272
f 2946/1299/2282 2934/1287/2270 2947/1300/2283
f 2947/1300/2283 2932/1285/2268 2942/1295/2278
f 2932/1285/2268 2947/1300/2283 2934/1287/2270
f 2918/1271/2254 2948/1301/2284 2920/1273/2256
f 2948/1301/2284 2918/1271/2254 2949/1302/2285
f 2916/1269/2252 2949/1302/2285 2918/1271/2254
f 2914/1267/2250 2950/1303/2286 2916/1269/2252
f 2950/1303/2286 2914/1267/2250 2951/1304/2287
f 2912/1265/2248 2951/1304/2287 2914/1267/2250
f 2951/1304/2287 2912/1265/2248 2952/1305/2288
f 2910/1263/2246 2952/1305/2288 2912/1265/2248
f 2952/1305/2288 2910/1263/2246 2953/1306/2289
f 2908/1261/2244 2953/1306/2289 2910/1263/2246
f 2953/1306/2289 2908/1261/2244 2954/1307/2290
f 2906/1259/2242 2954/1307/2290 2908/1261/2244
f 2954/1307/2290 2906/1259/2242 2955/1308/2291
f 2904/1257/2240 2955/1308/2291 2906/1259/2242
f 2955/1308/2291 2904/1257/2240 2956/1309/2292
f 2902/1255/2238 2956/1309/2292 2904/1257/2240
f 2956/1309/2292 2902/1255/2238 2957/1310/2293
f 2899/1250/2233 2957/1310/2293 2902/1255/2238
f 2957/1310/2293 2899/1250/2233 2958/1311/2294
f 2897/1252/2235 2958/1311/2294 2899/1250/2233
f 2897/1252/2235 2959/1312/2295 2958/1311/2294
f 2959/1312/2295 2897/1252/2235 2960/1313/2296
f 2900/1253/2236 2960/1313/2296 2897/1252/2235
f 2961/1314/2297 2958/1311/2294 2959/1312/2295
f 2959/1312/2295 2960/1313/2296 2962/1315/2298
f 2963/1316/2299 2962/1315/2298 2960/1313/2296
f 2962/1315/2298 2964/1317/2300 2959/1312/2295
f 2961/1314/2297 2959/1312/2295 2964/1317/2300
f 2962/1315/2298 2963/1316/2299 2965/1318/2301
f 2966/1319/2302 2965/1318/2301 2963/1316/2299
f 2965/1318/2301 2967/1320/2303 2962/1315/2298
f 2964/1317/2300 2962/1315/2298 2967/1320/2303
f 2965/1318/2301 2966/1319/2302 2968/1321/2304
f 2969/1322/2305 2968/1321/2304 2966/1319/2302
f 2968/1321/2304 2970/1323/2306 2965/1318/2301
f 2967/1320/2303 2965/1318/2301 2970/1323/2306
f 2968/1321/2304 2969/1322/2305 2971/1324/2307
f 2972/1325/2308 2971/1324/2307 2969/1322/2305
f 2971/1324/2307 2973/1326/2309 2968/1321/2304
f 2970/1323/2306 2968/1321/2304 2973/1326/2309
f 2971/1324/2307 2972/1325/2308 2974/1327/2310
f 2971/1324/2307 2974/1327/2310 2973/1326/2309
f 2975/1328/2311 2974/1327/2310 2972/1325/2308
f 2976/1329/2312 2973/1326/2309 2974/1327/2310
f 2977/1302/2313 2916/1269/2252 2950/1303/2286
f 2978/1294/2314 2920/1273/2256 2948/1301/2284
f 2979/1330/2315 2938/1291/2274 2945/1298/2281
f 2979/1330/2315 2980/1331/2316 2938/1291/2274
f 2981/1332/2317 2938/1291/2274 2980/1331/2316
f 2938/1291/2274 2981/1332/2317 2937/1290/2273
f 2982/1333/2318 2937/1290/2273 2981/1332/2317
f 2981/1332/2317 2983/1334/2319 2982/1333/2318
f 2984/1335/2320 2982/1333/2318 2983/1334/2319
f 2980/1331/2316 2985/1336/2321 2981/1332/2317
f 2983/1334/2319 2981/1332/2317 2985/1336/2321
f 2983/1334/2319 2986/1337/2322 2984/1335/2320
f 2987/1338/2323 2984/1335/2320 2986/1337/2322
f 2986/1337/2322 2983/1334/2319 2988/1339/2324
f 2985/1336/2321 2988/1339/2324 2983/1334/2319
f 2986/1337/2322 2989/1340/2325 2987/1338/2323
f 2990/1341/2326 2987/1338/2323 2989/1340/2325
f 2989/1340/2325 2986/1337/2322 2991/1342/2327
f 2988/1339/2324 2991/1342/2327 2986/1337/2322
f 2989/1340/2325 2992/1343/2328 2990/1341/2326
f 2993/1344/2329 2990/1341/2326 2992/1343/2328
f 2992/1343/2328 2989/1340/2325 2994/1345/2330
f 2991/1342/2327 2994/1345/2330 2989/1340/2325
f 2992/1343/2328 2995/1346/2331 2993/1344/2329
f 2996/1347/2332 2993/1344/2329 2995/1346/2331
f 2995/1346/2331 2992/1343/2328 2997/1348/2333
f 2994/1345/2330 2997/1348/2333 2992/1343/2328
f 3000/1251/2334 2999/1254/2335 2998/1253/2336
f 2999/1254/2335 3001/1256/2337 2998/1253/2336
f 3001/1256/2337 3002/1258/2338 2998/1253/2336
f 3002/1258/2338 3003/1260/2339 2998/1253/2336
f 3003/1260/2339 3004/1262/2340 2998/1253/2336
f 3004/1262/2340 3005/1264/2341 2998/1253/2336
f 3005/1264/2341 3006/1266/2342 2998/1253/2336
f 3006/1266/2342 3007/1268/2343 2998/1253/2336
f 3007/1268/2343 3008/1270/2344 2998/1253/2336
f 3008/1270/2344 3009/1272/2345 2998/1253/2336
f 3009/1272/2345 3010/1274/2346 2998/1253/2336
f 3010/1274/2346 3011/1276/2347 2998/1253/2336
f 3011/1276/2347 3012/1278/2348 2998/1253/2336
f 3012/1278/2348 3013/1280/2349 2998/1253/2336
f 3013/1280/2349 3014/1282/2350 2998/1253/2336
f 3014/1282/2350 3015/1284/2351 2998/1253/2336
f 3015/1284/2351 3016/1286/2352 2998/1253/2336
f 3016/1286/2352 3017/1288/2353 2998/1253/2336
f 3017/1288/2353 3018/1290/2354 2998/1253/2336
f 3018/1290/2354 3019/1333/2355 2998/1253/2336
f 3020/1313/2356 2998/1253/2336 3019/1333/2355
f 3020/1313/2356 3019/1333/2355 3021/1316/2357
f 3022/1335/2358 3021/1316/2357 3019/1333/2355
f 3022/1335/2358 3023/1338/2359 3021/1316/2357
f 3024/1319/2360 3021/1316/2357 3023/1338/2359
f 3023/1338/2359 3025/1341/2361 3024/1319/2360
f 3026/1322/2362 3024/1319/2360 3025/1341/2361
f 3025/1341/2361 3027/1344/2363 3026/1322/2362
f 3028/1325/2364 3026/1322/2362 3027/1344/2363
f 3027/1344/2363 3029/1347/2365 3028/1325/2364
f 3030/1328/2366 3028/1325/2364 3029/1347/2365
f 3033/1289/2367 3032/1288/2368 3031/1349/2369
f 3034/1350/2370 3031/1349/2369 3032/1288/2368
f 3032/1288/2368 3033/1289/2367 3035/1286/2371
f 3036/1287/2372 3035/1286/2371 3033/1289/2367
f 3035/1286/2371 3036/1287/2372 3037/1284/2373
f 3038/1285/2374 3037/1284/2373 3036/1287/2372
f 3037/1284/2373 3038/1285/2374 3039/1282/2375
f 3040/1283/2376 3039/1282/2375 3038/1285/2374
f 3039/1282/2375 3040/1283/2376 3041/1280/2377
f 3042/1281/2378 3041/1280/2377 3040/1283/2376
f 3041/1280/2377 3042/1281/2378 3043/1278/2379
f 3044/1279/2380 3043/1278/2379 3042/1281/2378
f 3043/1278/2379 3044/1279/2380 3045/1276/2381
f 3046/1351/2382 3045/1276/2381 3044/1279/2380
f 3045/1276/2381 3046/1351/2382 3047/1274/2383
f 3048/1275/2384 3047/1274/2383 3046/1351/2382
f 3047/1274/2383 3048/1275/2384 3049/1272/2385
f 3050/1273/2386 3049/1272/2385 3048/1275/2384
f 3049/1272/2385 3050/1273/2386 3051/1270/2387
f 3052/1271/2388 3051/1270/2387 3050/1273/2386
f 3051/1270/2387 3052/1271/2388 3053/1268/2389
f 3054/1269/2390 3053/1268/2389 3052/1271/2388
f 3053/1268/2389 3054/1269/2390 3055/1266/2391
f 3056/1267/2392 3055/1266/2391 3054/1269/2390
f 3055/1266/2391 3056/1267/2392 3057/1264/2393
f 3058/1352/2394 3057/1264/2393 3056/1267/2392
f 3057/1264/2393 3058/1352/2394 3059/1262/2395
f 3060/1263/2396 3059/1262/2395 3058/1352/2394
f 3059/1262/2395 3060/1263/2396 3061/1260/2397
f 3062/1261/2398 3061/1260/2397 3060/1263/2396
f 3061/1260/2397 3062/1261/2398 3063/1258/2399
f 3064/1259/2400 3063/1258/2399 3062/1261/2398
f 3063/1258/2399 3064/1259/2400 3065/1256/2401
f 3066/1257/2402 3065/1256/2401 3064/1259/2400
f 3065/1256/2401 3066/1257/2402 3067/1254/2403
f 3068/1255/2404 3067/1254/2403 3066/1257/2402
f 3067/1254/2403 3068/1255/2404 3069/1251/2405
f 3070/1250/2406 3069/1251/2405 3068/1255/2404
f 3069/1251/2405 3070/1250/2406 3071/1253/2407
f 3072/1252/2408 3071/1253/2407 3070/1250/2406
f 3058/1352/2394 3073/1304/2287 3060/1263/2396
f 3073/1304/2287 3058/1352/2394 3074/1303/2286
f 3056/1267/2392 3074/1303/2286 3058/1352/2394
f 3074/1303/2286 3056/1267/2392 3075/1302/2285
f 3054/1269/2390 3075/1302/2285 3056/1267/2392
f 3064/1259/2400 3076/1307/2409 3066/1257/2402
f 3076/1307/2409 3064/1259/2400 3077/1306/2289
f 3062/1261/2398 3077/1306/2289 3064/1259/2400
f 3077/1306/2289 3062/1261/2398 3078/1305/2410
f 3078/1305/2410 3060/1263/2396 3073/1304/2287
f 3060/1263/2396 3078/1305/2410 3062/1261/2398
f 3070/1250/2406 3079/1310/2293 3072/1252/2408
f 3079/1310/2293 3070/1250/2406 3080/1309/2292
f 3068/1255/2404 3080/1309/2292 3070/1250/2406
f 3080/1309/2292 3068/1255/2404 3081/1308/2411
f 3081/1308/2411 3066/1257/2402 3076/1307/2409
f 3066/1257/2402 3081/1308/2411 3068/1255/2404
f 3052/1271/2388 3082/1301/2284 3054/1269/2390
f 3082/1301/2284 3052/1271/2388 3083/1294/2412
f 3050/1273/2386 3083/1294/2412 3052/1271/2388
f 3048/1275/2384 3084/1293/2276 3050/1273/2386
f 3084/1293/2276 3048/1275/2384 3085/1292/2275
f 3046/1351/2382 3085/1292/2275 3048/1275/2384
f 3085/1292/2275 3046/1351/2382 3086/1297/2280
f 3044/1279/2380 3086/1297/2280 3046/1351/2382
f 3086/1297/2280 3044/1279/2380 3087/1296/2279
f 3042/1281/2378 3087/1296/2279 3044/1279/2380
f 3087/1296/2279 3042/1281/2378 3088/1295/2278
f 3040/1283/2376 3088/1295/2278 3042/1281/2378
f 3088/1295/2278 3040/1283/2376 3089/1300/2413
f 3038/1285/2374 3089/1300/2413 3040/1283/2376
f 3089/1300/2413 3038/1285/2374 3090/1299/2282
f 3036/1287/2372 3090/1299/2282 3038/1285/2374
f 3090/1299/2282 3036/1287/2372 3091/1298/2281
f 3033/1289/2367 3091/1298/2281 3036/1287/2372
f 3091/1298/2281 3033/1289/2367 3092/1330/2414
f 3031/1349/2369 3092/1330/2414 3033/1289/2367
f 3031/1349/2369 3093/1332/2415 3092/1330/2414
f 3093/1332/2415 3031/1349/2369 3094/1333/2416
f 3034/1350/2370 3094/1333/2416 3031/1349/2369
f 3095/1331/2316 3092/1330/2414 3093/1332/2415
f 3093/1332/2415 3094/1333/2416 3096/1334/2417
f 3097/1335/2418 3096/1334/2417 3094/1333/2416
f 3096/1334/2417 3098/1336/2321 3093/1332/2415
f 3095/1331/2316 3093/1332/2415 3098/1336/2321
f 3096/1334/2417 3097/1335/2418 3099/1337/2419
f 3100/1338/2420 3099/1337/2419 3097/1335/2418
f 3099/1337/2419 3101/1339/2324 3096/1334/2417
f 3098/1336/2321 3096/1334/2417 3101/1339/2324
f 3099/1337/2419 3100/1338/2420 3102/1340/2421
f 3103/1341/2422 3102/1340/2421 3100/1338/2420
f 3102/1340/2421 3104/1342/2327 3099/1337/2419
f 3101/1339/2324 3099/1337/2419 3104/1342/2327
f 3102/1340/2421 3103/1341/2422 3105/1343/2423
f 3106/1344/2424 3105/1343/2423 3103/1341/2422
f 3105/1343/2423 3107/1345/2330 3102/1340/2421
f 3104/1342/2327 3102/1340/2421 3107/1345/2330
f 3105/1343/2423 3106/1344/2424 3108/1346/2425
f 3105/1343/2423 3108/1346/2425 3107/1345/2330
f 3109/1347/2426 3108/1346/2425 3106/1344/2424
f 3110/1348/2333 3107/1345/2330 3108/1346/2425
f 3111/1294/2314 3050/1273/2386 3084/1293/2276
f 3112/1302/2313 3054/1269/2390 3082/1301/2284
f 3113/1311/2294 3072/1252/2408 3079/1310/2293
f 3113/1311/2294 3114/1314/2297 3072/1252/2408
f 3115/1312/2427 3072/1252/2408 3114/1314/2297
f 3072/1252/2408 3115/1312/2427 3071/1253/2407
f 3116/1313/2428 3071/1253/2407 3115/1312/2427
f 3115/1312/2427 3117/1315/2429 3116/1313/2428
f 3118/1316/2430 3116/1313/2428 3117/1315/2429
f 3114/1314/2297 3119/1317/2300 3115/1312/2427
f 3117/1315/2429 3115/1312/2427 3119/1317/2300
f 3117/1315/2429 3120/1318/2431 3118/1316/2430
f 3121/1319/2432 3118/1316/2430 3120/1318/2431
f 3120/1318/2431 3117/1315/2429 3122/1320/2303
f 3119/1317/2300 3122/1320/2303 3117/1315/2429
f 3120/1318/2431 3123/1321/2433 3121/1319/2432
f 3124/1322/2434 3121/1319/2432 3123/1321/2433
f 3123/1321/2433 3120/1318/2431 3125/1323/2435
f 3122/1320/2303 3125/1323/2435 3120/1318/2431
f 3123/1321/2433 3126/1324/2436 3124/1322/2434
f 3127/1325/2437 3124/1322/2434 3126/1324/2436
f 3126/1324/2436 3123/1321/2433 3128/1326/2309
f 3125/1323/2435 3128/1326/2309 3123/1321/2433
f 3126/1324/2436 3129/1327/2438 3127/1325/2437
f 3130/1328/2439 3127/1325/2437 3129/1327/2438
f 3129/1327/2438 3126/1324/2436 3131/1329/2312
f 3128/1326/2309 3131/1329/2312 3126/1324/2436
f 3134/1288/2440 3133/1286/2441 3132/1350/2442
f 3133/1286/2441 3135/1284/2443 3132/1350/2442
f 3135/1284/2443 3136/1282/2444 3132/1350/2442
f 3136/1282/2444 3137/1280/2445 3132/1350/2442
f 3137/1280/2445 3138/1278/2446 3132/1350/2442
f 3138/1278/2446 3139/1276/2447 3132/1350/2442
f 3139/1276/2447 3140/1274/2448 3132/1350/2442
f 3140/1274/2448 3141/1272/2449 3132/1350/2442
f 3141/1272/2449 3142/1270/2450 3132/1350/2442
f 3142/1270/2450 3143/1268/2451 3132/1350/2442
f 3143/1268/2451 3144/1266/2452 3132/1350/2442
f 3144/1266/2452 3145/1264/2453 3132/1350/2442
f 3145/1264/2453 3146/1262/2454 3132/1350/2442
f 3146/1262/2454 3147/1260/2455 3132/1350/2442
f 3147/1260/2455 3148/1258/2456 3132/1350/2442
f 3148/1258/2456 3149/1256/2457 3132/1350/2442
f 3149/1256/2457 3150/1254/2458 3132/1350/2442
f 3150/1254/2458 3151/1251/2459 3132/1350/2442
f 3151/1251/2459 3152/1253/2460 3132/1350/2442
f 3152/1253/2460 3153/1313/2461 3132/1350/2442
f 3154/1333/2462 3132/1350/2442 3153/1313/2461
f 3154/1333/2462 3153/1313/2461 3155/1335/2463
f 3156/1316/2464 3155/1335/2463 3153/1313/2461
f 3156/1316/2464 3157/1319/2465 3155/1335/2463
f 3158/1338/2466 3155/1335/2463 3157/1319/2465
f 3157/1319/2465 3159/1322/2467 3158/1338/2466
f 3160/1341/2468 3158/1338/2466 3159/1322/2467
f 3159/1322/2467 3161/1325/2469 3160/1341/2468
f 3162/1344/2470 3160/1341/2468 3161/1325/2469
f 3161/1325/2469 3163/1328/2471 3162/1344/2470
f 3164/1347/2472 3162/1344/2470 3163/1328/2471
