# Blender 3.6.14
# www.blender.org
mtllib Airplane10.mtl
o Airplane10
v -0.073082 0.289086 0.693400
v -0.000308 0.200613 0.919194
v -0.054637 0.195195 0.919194
v -0.000308 0.296344 0.693400
v -0.143058 0.267593 0.693400
v -0.106877 0.179149 0.919194
v -0.207549 0.232689 0.693400
v -0.155023 0.153092 0.919193
v -0.264076 0.185717 0.693400
v -0.197222 0.118025 0.919193
v -0.310466 0.128481 0.693400
v -0.231855 0.075296 0.919193
v -0.344937 0.063181 0.693400
v -0.257589 0.026546 0.919194
v -0.366165 -0.007673 0.693400
v -0.273436 -0.026350 0.919194
v -0.373332 -0.081360 0.693400
v -0.278787 -0.081360 0.919194
v -0.366164 -0.155046 0.693400
v -0.273436 -0.136370 0.919194
v -0.344937 -0.225901 0.693400
v -0.257589 -0.189266 0.919194
v -0.310466 -0.291201 0.693400
v -0.231855 -0.238015 0.919194
v -0.264076 -0.348436 0.693400
v -0.197222 -0.280744 0.919194
v -0.207549 -0.395409 0.693400
v -0.155023 -0.315811 0.919194
v -0.143058 -0.430312 0.693400
v -0.106877 -0.341868 0.919194
v -0.073081 -0.451806 0.693400
v -0.054636 -0.357914 0.919194
v -0.000308 -0.459063 0.693400
v -0.000308 -0.363332 0.919194
v -0.403928 -0.248545 0.497221
v -0.428789 -0.166590 0.497221
v -0.437183 -0.081360 0.497221
v -0.428789 0.003870 0.497221
v -0.403928 0.085825 0.497221
v -0.363556 0.161355 0.497221
v -0.309225 0.227558 0.497221
v -0.243023 0.281889 0.497221
v -0.167493 0.322260 0.497221
v -0.085538 0.347121 0.497221
v -0.000308 0.355515 0.497221
v -0.000308 0.363775 0.417099
v -0.087249 0.355721 0.412163
v -0.171428 0.331760 0.397480
v -0.178492 0.328236 0.395320
v -0.250574 0.293189 0.365388
v -0.306150 0.252223 0.330400
v -0.322370 0.240702 0.316910
v -0.374492 0.187302 0.254387
v -0.385960 0.176227 0.236314
v -0.428789 0.096123 0.236207
v -0.455181 0.009120 0.236207
v -0.464092 -0.081360 0.236207
v -0.455181 -0.171839 0.236207
v -0.428788 -0.258842 0.236207
v -0.385930 -0.339024 0.236207
v -0.363556 -0.324074 0.497221
v -0.309225 -0.390277 0.497221
v -0.243022 -0.444608 0.497221
v -0.167492 -0.484980 0.497221
v -0.085538 -0.509840 0.497221
v -0.000308 -0.518234 0.497221
v -0.328253 -0.409304 0.236207
v -0.257972 -0.466982 0.236207
v -0.177790 -0.509840 0.236207
v -0.090787 -0.536232 0.236207
v -0.000308 -0.545144 0.236207
v -0.263020 -0.474537 -0.059004
v -0.334678 -0.415729 -0.059004
v -0.393485 -0.344072 -0.059004
v -0.437183 -0.262319 -0.059004
v -0.464092 -0.173612 -0.059004
v -0.473178 -0.081360 -0.059004
v -0.464092 0.010893 -0.059004
v -0.181267 -0.518235 -0.059004
v -0.092560 -0.545144 -0.059004
v -0.000308 -0.554230 -0.059004
v -0.464092 -0.081360 -0.348560
v -0.455181 0.009120 -0.348560
v -0.445493 0.065638 -0.120054
v -0.446028 0.070443 -0.059004
v -0.439862 0.073481 -0.219709
v -0.429641 0.096667 -0.316287
v -0.428789 0.096123 -0.348560
v -0.421411 0.109927 -0.348560
v -0.090788 -0.536232 -0.348560
v -0.177790 -0.509840 -0.348560
v -0.000308 -0.545144 -0.348560
v -0.403928 0.085825 -0.575940
v -0.399864 0.135071 -0.409264
v -0.374557 0.168705 -0.464150
v -0.363557 0.161355 -0.575940
v -0.354672 0.187301 -0.494496
v -0.311841 0.230172 -0.544692
v -0.309226 0.227558 -0.575940
v -0.280181 0.252222 -0.570509
v -0.271423 0.258581 -0.575940
v -0.428789 0.003870 -0.575940
v -0.437183 -0.081360 -0.575940
v -0.428789 -0.166590 -0.575940
v -0.455181 -0.171840 -0.348560
v -0.428789 -0.258842 -0.348560
v -0.385930 -0.339024 -0.348560
v -0.328253 -0.409305 -0.348560
v -0.257972 -0.466982 -0.348560
v -0.403928 -0.248544 -0.575940
v -0.363556 -0.324074 -0.575940
v -0.309225 -0.390277 -0.575940
v -0.243023 -0.444608 -0.575940
v -0.167493 -0.484980 -0.575940
v -0.085538 -0.509840 -0.575940
v -0.000308 -0.518235 -0.575940
v -0.327223 -0.299797 -0.769263
v -0.363556 -0.231822 -0.769263
v -0.385931 -0.158065 -0.769263
v -0.393485 -0.081360 -0.769263
v -0.385931 -0.004655 -0.769263
v -0.363557 0.069103 -0.769263
v -0.327223 0.137078 -0.769263
v -0.278327 0.196658 -0.769263
v -0.218746 0.245555 -0.769263
v -0.240869 0.278665 -0.593093
v -0.163501 0.312622 -0.622095
v -0.150771 0.281889 -0.769263
v -0.186074 0.196658 -0.923544
v -0.128266 0.227557 -0.923544
v -0.077014 0.304263 -0.769263
v -0.065541 0.246585 -0.923544
v -0.000308 0.311817 -0.769263
v -0.000308 0.340385 -0.642876
v -0.082780 0.333251 -0.638504
v -0.000309 0.253010 -0.923544
v -0.236743 0.155075 -0.923544
v -0.278327 0.104406 -0.923544
v -0.309226 0.046598 -0.923544
v -0.328253 -0.016127 -0.923544
v -0.334678 -0.081360 -0.923544
v -0.328253 -0.146592 -0.923544
v -0.309225 -0.209317 -0.923544
v -0.278326 -0.267126 -0.923544
v -0.236743 -0.317795 -0.923544
v -0.278326 -0.359378 -0.769263
v -0.218746 -0.408275 -0.769263
v -0.150770 -0.444608 -0.769263
v -0.077013 -0.466982 -0.769263
v -0.000308 -0.474537 -0.769263
v -0.186074 -0.359378 -0.923544
v -0.128266 -0.390277 -0.923544
v -0.065540 -0.409304 -0.923544
v -0.000308 -0.415729 -0.923544
v -0.146263 -0.299797 -1.050159
v -0.186074 -0.267126 -1.050159
v -0.218746 -0.227315 -1.050159
v -0.243023 -0.181895 -1.050159
v -0.257973 -0.132612 -1.050159
v -0.263021 -0.081360 -1.050159
v -0.257973 -0.030107 -1.050159
v -0.243023 0.019176 -1.050159
v -0.218746 0.064596 -1.050159
v -0.186074 0.104406 -1.050159
v -0.146264 0.137078 -1.050159
v -0.100844 0.161355 -1.050159
v -0.051561 0.176305 -1.050159
v -0.000309 0.181353 -1.050159
v -0.069559 0.085825 -1.144242
v -0.035612 0.096123 -1.144242
v -0.000309 0.181353 -1.050159
v -0.000309 0.099600 -1.144242
v -0.100844 0.069103 -1.144242
v -0.128266 0.046598 -1.144242
v -0.150771 0.019176 -1.144242
v -0.167493 -0.012110 -1.144242
v -0.177791 -0.046056 -1.144242
v -0.181268 -0.081360 -1.144242
v -0.177791 -0.116663 -1.144242
v -0.167493 -0.150610 -1.144242
v -0.150771 -0.181895 -1.144242
v -0.128266 -0.209317 -1.144242
v -0.100844 -0.231822 -1.144242
v -0.069558 -0.248544 -1.144242
v -0.100844 -0.324074 -1.050159
v -0.051561 -0.339024 -1.050159
v -0.000308 -0.344072 -1.050159
v -0.035612 -0.258842 -1.144242
v -0.000308 -0.262319 -1.144242
v -0.065541 -0.146592 -1.202178
v -0.077013 -0.132612 -1.202178
v -0.085538 -0.116663 -1.202178
v -0.090788 -0.099357 -1.202178
v -0.092561 -0.081360 -1.202178
v -0.090788 -0.063362 -1.202178
v -0.085538 -0.046056 -1.202178
v -0.077013 -0.030107 -1.202178
v -0.065541 -0.016128 -1.202178
v -0.051561 -0.004655 -1.202178
v -0.035612 0.003870 -1.202178
v -0.018306 0.009120 -1.202178
v -0.000309 0.099600 -1.144242
v -0.000309 0.010893 -1.202178
v 0.072466 -0.451806 0.693400
v -0.000308 -0.363332 0.919194
v 0.054021 -0.357914 0.919194
v -0.000308 -0.459063 0.693400
v 0.142443 -0.430312 0.693400
v 0.106262 -0.341868 0.919194
v 0.206934 -0.395408 0.693400
v 0.154407 -0.315811 0.919194
v 0.263460 -0.348436 0.693400
v 0.196607 -0.280744 0.919194
v 0.309851 -0.291200 0.693400
v 0.231239 -0.238015 0.919194
v 0.344321 -0.225900 0.693400
v 0.256973 -0.189266 0.919194
v 0.365549 -0.155046 0.693400
v 0.272820 -0.136370 0.919194
v 0.372716 -0.081359 0.693400
v 0.278171 -0.081359 0.919194
v 0.365548 -0.007673 0.693400
v 0.272820 -0.026349 0.919194
v 0.344321 0.063182 0.693400
v 0.256973 0.026547 0.919194
v 0.309850 0.128481 0.693400
v 0.231239 0.075296 0.919194
v 0.263459 0.185717 0.693400
v 0.196606 0.118025 0.919194
v 0.206932 0.232689 0.693400
v 0.154406 0.153092 0.919194
v 0.142441 0.267593 0.693400
v 0.106261 0.179149 0.919194
v 0.072464 0.289086 0.693400
v 0.054020 0.195195 0.919194
v -0.000308 0.296344 0.693400
v -0.000308 0.200613 0.919194
v 0.403311 0.085826 0.497221
v 0.428172 0.003871 0.497221
v 0.436567 -0.081359 0.497221
v 0.428172 -0.166589 0.497221
v 0.403312 -0.248544 0.497221
v 0.362940 -0.324074 0.497221
v 0.308609 -0.390277 0.497221
v 0.242407 -0.444608 0.497221
v 0.166877 -0.484979 0.497221
v 0.084922 -0.509840 0.497221
v -0.000308 -0.518234 0.497221
v 0.090172 -0.536232 0.236207
v -0.000308 -0.545144 0.236207
v 0.177175 -0.509840 0.236207
v 0.257357 -0.466982 0.236207
v 0.327637 -0.409304 0.236207
v 0.385314 -0.339024 0.236207
v 0.428173 -0.258842 0.236207
v 0.454564 -0.171839 0.236207
v 0.463476 -0.081359 0.236207
v 0.454564 0.009121 0.236207
v 0.428172 0.096123 0.236207
v 0.362939 0.161356 0.497221
v 0.308608 0.227558 0.497221
v 0.242406 0.281889 0.497221
v 0.166876 0.322260 0.497221
v 0.084921 0.347121 0.497221
v -0.000308 0.355515 0.497221
v 0.385343 0.176227 0.236314
v 0.373876 0.187302 0.254387
v 0.321753 0.240702 0.316911
v 0.305533 0.252223 0.330400
v 0.249957 0.293190 0.365388
v 0.177875 0.328235 0.395320
v 0.170811 0.331760 0.397480
v 0.086632 0.355721 0.412163
v -0.000308 0.363775 0.417099
v 0.170042 0.333409 0.385416
v 0.242897 0.296493 0.356774
v 0.249957 0.293190 0.365388
v 0.304788 0.250187 0.315769
v 0.305533 0.252223 0.330400
v 0.321753 0.240702 0.316911
v 0.368893 0.185138 0.237488
v 0.373876 0.187302 0.254387
v 0.385343 0.176227 0.236314
v 0.398118 0.141241 0.164677
v 0.409682 0.135071 0.169155
v 0.420627 0.103161 0.074117
v 0.432626 0.097968 0.079580
v 0.433064 0.096817 0.076801
v 0.430743 0.079212 -0.022212
v 0.443254 0.073481 -0.020399
v 0.432839 0.075584 -0.059980
v 0.445411 0.070443 -0.059004
v 0.432319 0.071361 -0.120657
v 0.444877 0.065638 -0.120054
v 0.426847 0.078957 -0.218472
v 0.439245 0.073481 -0.219709
v 0.416914 0.101973 -0.314009
v 0.429024 0.096667 -0.316289
v 0.408916 0.114843 -0.346300
v 0.420794 0.109926 -0.348560
v 0.387978 0.139998 -0.406018
v 0.399247 0.135071 -0.409264
v 0.363383 0.173146 -0.460547
v 0.373939 0.168705 -0.464151
v 0.344060 0.191691 -0.489534
v 0.354055 0.187301 -0.494496
v 0.302436 0.234800 -0.539057
v 0.311223 0.230173 -0.544693
v 0.269445 0.257863 -0.564492
v 0.279564 0.252222 -0.570509
v 0.270806 0.258581 -0.575940
v 0.235294 0.281395 -0.583643
v 0.240251 0.278665 -0.593093
v 0.158852 0.313963 -0.611841
v 0.162883 0.312622 -0.622095
v 0.088913 0.327278 -0.625418
v 0.101083 0.328234 -0.635429
v 0.082162 0.333251 -0.638504
v -0.000308 0.336649 -0.631157
v -0.000308 0.340385 -0.642876
v -0.410299 0.135072 0.169155
v -0.433243 0.097968 0.079578
v -0.433680 0.096817 0.076801
v -0.443870 0.073481 -0.020399
v 0.091945 -0.545143 -0.059004
v -0.000308 -0.554230 -0.059004
v 0.180652 -0.518234 -0.059004
v 0.262405 -0.474536 -0.059004
v 0.334062 -0.415729 -0.059004
v 0.392869 -0.344072 -0.059004
v 0.436567 -0.262319 -0.059004
v 0.463476 -0.173612 -0.059004
v 0.472562 -0.081359 -0.059004
v 0.463475 0.010893 -0.059004
v 0.443254 0.073481 -0.020399
v 0.445411 0.070443 -0.059004
v 0.433064 0.096817 0.076801
v 0.432626 0.097968 0.079580
v 0.409682 0.135071 0.169155
v 0.454564 -0.171839 -0.348560
v 0.428172 -0.258842 -0.348560
v 0.463476 -0.081359 -0.348560
v 0.454564 0.009121 -0.348560
v 0.439245 0.073481 -0.219709
v 0.428172 0.096123 -0.348560
v 0.429024 0.096667 -0.316289
v 0.444877 0.065638 -0.120054
v 0.420794 0.109926 -0.348560
v 0.428172 -0.166589 -0.575940
v 0.403312 -0.248544 -0.575940
v 0.385314 -0.339024 -0.348560
v 0.327637 -0.409304 -0.348560
v 0.257357 -0.466982 -0.348560
v 0.177175 -0.509840 -0.348560
v 0.090172 -0.536232 -0.348560
v -0.000308 -0.545144 -0.348560
v 0.084922 -0.509840 -0.575940
v -0.000308 -0.518235 -0.575940
v 0.166877 -0.484979 -0.575940
v 0.242407 -0.444608 -0.575940
v 0.308609 -0.390277 -0.575940
v 0.362940 -0.324074 -0.575940
v 0.076397 -0.466982 -0.769263
v -0.000308 -0.474537 -0.769263
v 0.150154 -0.444608 -0.769263
v 0.218130 -0.408274 -0.769263
v 0.277710 -0.359378 -0.769263
v 0.326607 -0.299797 -0.769263
v 0.362940 -0.231822 -0.769263
v 0.385314 -0.158064 -0.769263
v 0.392869 -0.081359 -0.769263
v 0.436567 -0.081359 -0.575940
v 0.428172 0.003871 -0.575940
v 0.403311 0.085826 -0.575940
v 0.399247 0.135071 -0.409264
v 0.362939 0.161356 -0.575940
v 0.373939 0.168705 -0.464151
v 0.354055 0.187301 -0.494496
v 0.308608 0.227558 -0.575940
v 0.311223 0.230173 -0.544693
v 0.279564 0.252222 -0.570509
v 0.270806 0.258581 -0.575940
v 0.385314 -0.004654 -0.769263
v 0.362940 0.069103 -0.769263
v 0.326606 0.137078 -0.769263
v 0.277709 0.196659 -0.769263
v 0.218128 0.245555 -0.769263
v 0.240251 0.278665 -0.593093
v 0.327636 -0.016127 -0.923544
v 0.334061 -0.081359 -0.923544
v 0.327636 -0.146592 -0.923544
v 0.308609 -0.209317 -0.923544
v 0.277710 -0.267125 -0.923544
v 0.236127 -0.317794 -0.923544
v 0.185458 -0.359378 -0.923544
v 0.127650 -0.390277 -0.923544
v 0.064924 -0.409304 -0.923544
v -0.000308 -0.415729 -0.923544
v 0.050945 -0.339024 -1.050159
v -0.000308 -0.344072 -1.050159
v 0.100228 -0.324074 -1.050159
v 0.145647 -0.299797 -1.050159
v 0.185458 -0.267125 -1.050159
v 0.218129 -0.227315 -1.050159
v 0.242406 -0.181895 -1.050159
v 0.257356 -0.132612 -1.050159
v 0.262404 -0.081359 -1.050159
v 0.257356 -0.030107 -1.050159
v 0.242406 0.019176 -1.050159
v 0.308609 0.046598 -0.923544
v 0.277709 0.104406 -0.923544
v 0.236126 0.155076 -0.923544
v 0.185457 0.196659 -0.923544
v 0.127649 0.227558 -0.923544
v 0.150153 0.281889 -0.769263
v 0.064923 0.246585 -0.923544
v 0.076396 0.304263 -0.769263
v 0.101083 0.328234 -0.635429
v 0.162883 0.312622 -0.622095
v -0.000309 0.253010 -0.923544
v -0.000308 0.311817 -0.769263
v 0.185457 0.104406 -1.050159
v 0.218129 0.064596 -1.050159
v 0.100227 0.161355 -1.050159
v 0.145646 0.137078 -1.050159
v -0.000309 0.181353 -1.050159
v 0.050944 0.176305 -1.050159
v 0.150154 0.019176 -1.144242
v 0.166876 -0.012109 -1.144242
v 0.177174 -0.046056 -1.144242
v 0.180651 -0.081359 -1.144242
v 0.177174 -0.116663 -1.144242
v 0.166876 -0.150610 -1.144242
v 0.150154 -0.181895 -1.144242
v 0.127649 -0.209317 -1.144242
v 0.100227 -0.231822 -1.144242
v 0.068942 -0.248544 -1.144242
v 0.034995 -0.258842 -1.144242
v -0.000308 -0.262319 -1.144242
v 0.017689 -0.171839 -1.202178
v -0.000308 -0.173612 -1.202178
v 0.034995 -0.166590 -1.202178
v 0.050944 -0.158065 -1.202178
v 0.064924 -0.146592 -1.202178
v 0.076397 -0.132612 -1.202178
v 0.084922 -0.116663 -1.202178
v 0.090171 -0.099357 -1.202178
v 0.091944 -0.081360 -1.202178
v 0.090171 -0.063362 -1.202178
v 0.084921 -0.046056 -1.202178
v 0.076396 -0.030107 -1.202178
v 0.064924 -0.016127 -1.202178
v 0.127649 0.046598 -1.144242
v 0.100227 0.069103 -1.144242
v 0.068941 0.085825 -1.144242
v 0.034995 0.096123 -1.144242
v -0.000309 0.099600 -1.144242
v 0.050944 -0.004655 -1.202178
v 0.034995 0.003870 -1.202178
v 0.017689 0.009120 -1.202178
v -0.000309 0.010893 -1.202178
v -0.000309 0.099600 -1.144242
v -0.000309 0.181353 -1.050159
v 0.101083 0.328234 -0.635429
v 0.082162 0.333251 -0.638504
v -0.000308 0.340385 -0.642876
v -0.051561 -0.158065 -1.202178
v -0.035612 -0.166590 -1.202178
v -0.018306 -0.171839 -1.202178
v -0.000308 -0.173612 -1.202178
v -0.000308 -0.081360 -1.221741
v -0.000309 0.010893 -1.202178
v -0.018306 0.009120 -1.202178
v -0.000308 -0.081360 -1.221741
v -0.018306 0.009120 -1.202178
v -0.035612 0.003870 -1.202178
v -0.051561 -0.004655 -1.202178
v -0.065541 -0.016128 -1.202178
v -0.077013 -0.030107 -1.202178
v -0.085538 -0.046056 -1.202178
v -0.090788 -0.063362 -1.202178
v -0.092561 -0.081360 -1.202178
v -0.090788 -0.099357 -1.202178
v -0.085538 -0.116663 -1.202178
v -0.077013 -0.132612 -1.202178
v -0.065541 -0.146592 -1.202178
v -0.051561 -0.158065 -1.202178
v -0.035612 -0.166590 -1.202178
v -0.018306 -0.171839 -1.202178
v -0.000308 -0.173612 -1.202178
v 0.017689 -0.171839 -1.202178
v 0.034995 -0.166590 -1.202178
v 0.050944 -0.158065 -1.202178
v 0.064924 -0.146592 -1.202178
v 0.076397 -0.132612 -1.202178
v 0.084922 -0.116663 -1.202178
v 0.090171 -0.099357 -1.202178
v 0.091944 -0.081360 -1.202178
v 0.090171 -0.063362 -1.202178
v 0.084921 -0.046056 -1.202178
v 0.076396 -0.030107 -1.202178
v 0.064924 -0.016127 -1.202178
v 0.050944 -0.004655 -1.202178
v 0.034995 0.003870 -1.202178
v 0.017689 0.009120 -1.202178
v -0.000309 0.010893 -1.202178
v -0.101700 0.328234 -0.635429
v -0.101700 0.328234 -0.635429
v -0.000308 0.340385 -0.642876
v -0.089555 0.327278 -0.625418
v -0.082780 0.333251 -0.638504
v -0.000308 0.336649 -0.631157
v -0.101700 0.328234 -0.635429
v -0.161450 0.313962 -0.611186
v -0.163501 0.312622 -0.622095
v -0.235876 0.281395 -0.583660
v -0.240869 0.278665 -0.593093
v -0.268031 0.257863 -0.565816
v -0.271423 0.258581 -0.575940
v -0.280181 0.252222 -0.570509
v -0.303053 0.234800 -0.539056
v -0.311841 0.230172 -0.544692
v -0.344676 0.191691 -0.489534
v -0.354672 0.187301 -0.494496
v -0.364001 0.173146 -0.460546
v -0.374557 0.168705 -0.464150
v -0.388594 0.139998 -0.406018
v -0.399864 0.135071 -0.409264
v -0.409533 0.114844 -0.346300
v -0.421411 0.109927 -0.348560
v -0.417531 0.101973 -0.314008
v -0.429641 0.096667 -0.316287
v -0.427464 0.078957 -0.218472
v -0.439862 0.073481 -0.219709
v -0.432936 0.071361 -0.120657
v -0.445493 0.065638 -0.120054
v -0.433456 0.075585 -0.059980
v -0.446028 0.070443 -0.059004
v -0.431359 0.079212 -0.022212
v -0.443870 0.073481 -0.020399
v -0.421244 0.103161 0.074116
v -0.433680 0.096817 0.076801
v -0.433243 0.097968 0.079578
v -0.398735 0.141241 0.164677
v -0.410299 0.135072 0.169155
v -0.369510 0.185138 0.237488
v -0.385960 0.176227 0.236314
v -0.374492 0.187302 0.254387
v -0.305404 0.250187 0.315769
v -0.322370 0.240702 0.316910
v -0.306150 0.252223 0.330400
v -0.243515 0.296493 0.356773
v -0.250574 0.293189 0.365388
v -0.170627 0.333409 0.384090
v -0.171428 0.331760 0.397480
v -0.084797 0.351552 0.399998
v -0.087249 0.355721 0.412163
v -0.000308 0.359379 0.402776
v -0.000308 0.363775 0.417099
v -0.000308 0.363775 0.417099
v 0.084179 0.351552 0.399998
v 0.086632 0.355721 0.412163
v -0.000308 0.359379 0.402776
v -0.000308 0.336649 -0.631157
v -0.089555 -0.140049 -0.625418
v -0.089555 0.327278 -0.625418
v -0.000308 -0.140049 -0.631157
v -0.161450 -0.140049 -0.611187
v -0.161450 0.313962 -0.611186
v -0.235876 -0.140049 -0.583660
v -0.235876 0.281395 -0.583660
v -0.268031 -0.140049 -0.565816
v -0.268031 0.257863 -0.565816
v -0.303053 -0.140049 -0.539056
v -0.303053 0.234800 -0.539056
v -0.344676 -0.140049 -0.489534
v -0.344676 0.191691 -0.489534
v -0.364000 -0.140049 -0.460546
v -0.364001 0.173146 -0.460546
v -0.388594 -0.140049 -0.406018
v -0.388594 0.139998 -0.406018
v -0.409533 -0.140049 -0.346300
v -0.409533 0.114844 -0.346300
v -0.417531 -0.140049 -0.314008
v -0.417531 0.101973 -0.314008
v -0.427464 -0.140049 -0.218472
v -0.427464 0.078957 -0.218472
v -0.432936 -0.140049 -0.120657
v -0.432936 0.071361 -0.120657
v -0.433456 -0.140049 -0.059980
v -0.433456 0.075585 -0.059980
v -0.431359 -0.140049 -0.022212
v -0.431359 0.079212 -0.022212
v -0.421244 -0.140049 0.074116
v -0.421244 0.103161 0.074116
v -0.398735 -0.140049 0.164677
v -0.398735 0.141241 0.164677
v -0.369510 -0.140049 0.237488
v -0.369510 0.185138 0.237488
v -0.305404 -0.140049 0.315769
v -0.305404 0.250187 0.315769
v -0.243515 -0.140049 0.356774
v -0.243515 0.296493 0.356773
v -0.170627 -0.140049 0.384090
v -0.170627 0.333409 0.384090
v -0.084797 -0.140049 0.399998
v -0.084797 0.351552 0.399998
v -0.000308 -0.140049 0.402776
v -0.000308 0.359379 0.402776
v 0.088913 0.327278 -0.625418
v -0.000308 -0.140049 -0.631157
v -0.000308 0.336649 -0.631157
v 0.088913 -0.140049 -0.625418
v 0.158852 0.313963 -0.611841
v 0.158852 -0.140049 -0.611841
v 0.235294 0.281395 -0.583643
v 0.235294 -0.140049 -0.583643
v 0.269445 0.257863 -0.564492
v 0.269445 -0.140049 -0.564492
v 0.302436 0.234800 -0.539057
v 0.302436 -0.140049 -0.539057
v 0.344060 0.191691 -0.489534
v 0.344060 -0.140049 -0.489534
v 0.363383 0.173146 -0.460547
v 0.363383 -0.140049 -0.460547
v 0.387978 0.139998 -0.406018
v 0.387978 -0.140049 -0.406018
v 0.408916 0.114843 -0.346300
v 0.408916 -0.140049 -0.346300
v 0.416914 0.101973 -0.314009
v 0.416914 -0.140049 -0.314009
v 0.426847 0.078957 -0.218472
v 0.426847 -0.140049 -0.218472
v 0.432319 0.071361 -0.120657
v 0.432320 -0.140049 -0.120657
v 0.432839 0.075584 -0.059980
v 0.432839 -0.140049 -0.059980
v 0.430743 0.079212 -0.022212
v 0.430743 -0.140049 -0.022212
v 0.420627 0.103161 0.074117
v 0.420627 -0.140049 0.074117
v 0.398118 0.141241 0.164677
v 0.398118 -0.140049 0.164677
v 0.368893 0.185138 0.237488
v 0.368893 -0.140049 0.237488
v 0.304788 0.250187 0.315769
v 0.304788 -0.140049 0.315769
v 0.242897 0.296493 0.356774
v 0.242898 -0.140049 0.356774
v 0.170042 0.333409 0.385416
v 0.170042 -0.140049 0.385416
v 0.084179 0.351552 0.399998
v 0.084179 -0.140049 0.399998
v -0.000308 0.359379 0.402776
v -0.000308 -0.140049 0.402776
v -0.089555 -0.140049 -0.625418
v -0.235876 -0.140049 -0.583660
v -0.161450 -0.140049 -0.611187
v 0.088913 -0.140049 -0.625418
v -0.268031 -0.140049 -0.565816
v -0.303053 -0.140049 -0.539056
v -0.344676 -0.140049 -0.489534
v -0.364000 -0.140049 -0.460546
v -0.388594 -0.140049 -0.406018
v -0.398735 -0.140049 0.164677
v -0.409533 -0.140049 -0.346300
v -0.417531 -0.140049 -0.314008
v -0.427464 -0.140049 -0.218472
v -0.432936 -0.140049 -0.120657
v -0.433456 -0.140049 -0.059980
v -0.431359 -0.140049 -0.022212
v -0.421244 -0.140049 0.074116
v 0.408916 -0.140049 -0.346300
v 0.416914 -0.140049 -0.314009
v 0.426847 -0.140049 -0.218472
v 0.432320 -0.140049 -0.120657
v 0.432839 -0.140049 -0.059980
v 0.170042 -0.140049 0.385416
v -0.170627 -0.140049 0.384090
v -0.305404 -0.140049 0.315769
v -0.369510 -0.140049 0.237488
v -0.243515 -0.140049 0.356774
v -0.000308 -0.140049 0.402776
v -0.084797 -0.140049 0.399998
v 0.084179 -0.140049 0.399998
v 0.398118 -0.140049 0.164677
v 0.304788 -0.140049 0.315769
v 0.242898 -0.140049 0.356774
v 0.368893 -0.140049 0.237488
v 0.430743 -0.140049 -0.022212
v 0.420627 -0.140049 0.074117
v 0.235294 -0.140049 -0.583643
v 0.158852 -0.140049 -0.611841
v 0.269445 -0.140049 -0.564492
v 0.302436 -0.140049 -0.539057
v 0.344060 -0.140049 -0.489534
v 0.363383 -0.140049 -0.460547
v 0.387978 -0.140049 -0.406018
v -0.000308 -0.140049 -0.631157
v -0.049799 -0.000667 0.440163
v -0.046002 0.199905 0.175178
v -0.046002 0.014968 0.451110
v -0.049799 0.184270 0.164230
v -0.035191 0.213160 0.184459
v -0.035191 0.028223 0.460391
v -0.019009 0.222016 0.190661
v -0.019009 0.037079 0.466593
v -0.046002 -0.016302 0.429215
v -0.046002 0.168635 0.153282
v -0.035191 -0.029557 0.419934
v -0.035191 0.155380 0.144001
v -0.019009 -0.038413 0.413732
v -0.019010 0.146524 0.137800
v 0.000077 -0.041523 0.411555
v 0.000077 0.143414 0.135622
v 0.019164 -0.038413 0.413732
v 0.019164 0.146524 0.137800
v 0.035345 -0.029557 0.419934
v 0.035345 0.155380 0.144001
v 0.046157 -0.016302 0.429215
v 0.046157 0.168635 0.153282
v 0.049954 -0.000667 0.440163
v 0.049954 0.184270 0.164230
v 0.046157 0.014968 0.451110
v 0.046157 0.199905 0.175178
v 0.035345 0.028223 0.460391
v 0.035345 0.213160 0.184459
v 0.019164 0.037079 0.466593
v 0.019164 0.222016 0.190661
v 0.000077 0.040189 0.468770
v 0.000077 0.225126 0.192838
v -0.019009 0.037079 0.466593
v -0.019009 0.222016 0.190661
v -0.046002 0.168635 0.153282
v -0.046002 0.199905 0.175178
v -0.049799 0.184270 0.164230
v -0.035191 0.213160 0.184459
v -0.019009 0.222016 0.190661
v 0.000077 0.225126 0.192838
v 0.019164 0.222016 0.190661
v 0.035345 0.213160 0.184459
v 0.046157 0.199905 0.175178
v 0.049954 0.184270 0.164230
v 0.046157 0.168635 0.153282
v 0.035345 0.155380 0.144001
v 0.019164 0.146524 0.137800
v 0.000077 0.143414 0.135622
v -0.019010 0.146524 0.137800
v -0.035191 0.155380 0.144001
v -0.188410 0.178154 0.172946
v -0.183456 0.243739 0.211821
v -0.174062 0.237240 0.214318
v -0.198578 0.181465 0.168216
v -0.140393 0.296532 0.248787
v -0.133203 0.287330 0.249392
v -0.075945 0.331807 0.273487
v -0.072053 0.320800 0.272828
v 0.000077 0.344194 0.282160
v 0.000077 0.332553 0.281057
v -0.174062 0.119067 0.131573
v -0.183456 0.119192 0.124612
v -0.133203 0.068977 0.096499
v -0.140393 0.066399 0.087646
v -0.072054 0.035507 0.073063
v -0.075945 0.031123 0.062946
v 0.000077 0.023754 0.064834
v 0.000077 0.018736 0.054273
v 0.072208 0.035507 0.073063
v 0.076099 0.031123 0.062946
v 0.133358 0.068977 0.096499
v 0.140548 0.066398 0.087646
v 0.174217 0.119067 0.131573
v 0.183611 0.119191 0.124612
v 0.188564 0.178154 0.172946
v 0.198732 0.181465 0.168216
v 0.174217 0.237240 0.214318
v 0.183611 0.243739 0.211821
v 0.133358 0.287330 0.249392
v 0.140548 0.296532 0.248787
v 0.072208 0.320800 0.272828
v 0.076099 0.331807 0.273487
v 0.000077 0.332553 0.281057
v 0.000077 0.344194 0.282160
v 0.077679 0.340133 0.268242
v 0.000077 0.352777 0.277096
v 0.143466 0.304125 0.243029
v 0.187423 0.250236 0.205295
v 0.202859 0.186668 0.160785
v 0.187423 0.123101 0.116275
v 0.143466 0.069211 0.078541
v 0.077679 0.033204 0.053328
v 0.000077 0.020559 0.044474
v -0.077524 0.033204 0.053328
v -0.143311 0.069211 0.078541
v -0.187269 0.123101 0.116275
v -0.202704 0.186668 0.160785
v -0.187269 0.250236 0.205295
v -0.143311 0.304125 0.243029
v -0.077524 0.340133 0.268242
v 0.000077 0.352777 0.277096
v -0.187269 0.280886 0.161522
v -0.202704 0.217319 0.117012
v -0.143311 0.334776 0.199256
v -0.077524 0.370784 0.224469
v 0.000077 0.383428 0.233323
v -0.183456 0.284795 0.153185
v -0.198578 0.222522 0.109581
v -0.140393 0.337589 0.190151
v -0.075945 0.372864 0.214851
v 0.000077 0.385251 0.223525
v -0.187269 0.153752 0.072502
v -0.143311 0.099862 0.034768
v -0.077524 0.063854 0.009555
v 0.000077 0.051210 0.000701
v 0.077679 0.063854 0.009555
v 0.143466 0.099862 0.034768
v 0.187423 0.153752 0.072502
v 0.202859 0.217319 0.117012
v 0.187423 0.280886 0.161522
v 0.143466 0.334776 0.199256
v 0.077679 0.370784 0.224469
v 0.000077 0.383428 0.233323
v 0.076099 0.372864 0.214851
v 0.000077 0.385251 0.223525
v 0.140548 0.337589 0.190151
v 0.183611 0.284795 0.153185
v 0.198732 0.222522 0.109581
v 0.183611 0.160248 0.065977
v 0.140548 0.107455 0.029011
v 0.076099 0.072180 0.004311
v 0.000077 0.059793 -0.004363
v -0.075945 0.072180 0.004311
v -0.140393 0.107455 0.029011
v -0.183456 0.160248 0.065977
v 0.174217 0.166747 0.063479
v 0.133358 0.116657 0.028405
v 0.072208 0.083187 0.004970
v 0.000077 0.071434 -0.003260
v -0.072054 0.083187 0.004970
v -0.133203 0.116657 0.028405
v -0.174062 0.166747 0.063479
v -0.188410 0.225833 0.104852
v -0.174062 0.284920 0.146224
v -0.133203 0.335010 0.181298
v -0.072053 0.368480 0.204734
v 0.000077 0.380233 0.212963
v 0.072208 0.368480 0.204734
v 0.000077 0.380233 0.212963
v 0.133358 0.335010 0.181298
v 0.174217 0.284920 0.146224
v 0.188564 0.225833 0.104852
v -0.133203 0.068977 0.096499
v 0.000077 0.023754 0.064834
v -0.072054 0.035507 0.073063
v -0.188410 0.178154 0.172946
v 0.188564 0.178154 0.172946
v 0.133358 0.068977 0.096499
v 0.072208 0.035507 0.073063
v 0.174217 0.119067 0.131573
v 0.000077 0.332553 0.281057
v 0.133358 0.287330 0.249392
v 0.174217 0.237240 0.214318
v 0.072208 0.320800 0.272828
v -0.133203 0.287330 0.249392
v -0.072053 0.320800 0.272828
v -0.174062 0.237240 0.214318
v -0.174062 0.119067 0.131573
v -0.174062 0.284920 0.146224
v -0.072053 0.368480 0.204734
v -0.133203 0.335010 0.181298
v -0.174062 0.166747 0.063479
v 0.174217 0.284920 0.146224
v 0.072208 0.368480 0.204734
v 0.000077 0.380233 0.212963
v 0.133358 0.335010 0.181298
v 0.072208 0.083187 0.004970
v 0.174217 0.166747 0.063479
v 0.188564 0.225833 0.104852
v 0.133358 0.116657 0.028405
v -0.072054 0.083187 0.004970
v 0.000077 0.071434 -0.003260
v -0.133203 0.116657 0.028405
v -0.188410 0.225833 0.104852
v -0.509866 0.047744 -1.723366
v -0.522985 0.047301 -1.720890
v -0.516528 0.047520 -1.722479
v -0.535346 0.046882 -1.714614
v -0.529253 0.047089 -1.718353
v -0.553234 0.046246 -1.647262
v -0.552332 0.046297 -1.688844
v -0.545950 0.046519 -1.703883
v -0.541066 0.046687 -1.709583
v -0.549723 0.046389 -1.697139
v -0.555123 0.046193 -1.669147
v -0.554051 0.046234 -1.679295
v -0.554940 0.046194 -1.658629
v -0.465579 0.049043 -1.337060
v -0.506573 0.047685 -1.382921
v -0.513926 0.047451 -1.408587
v -0.516379 0.047375 -1.422440
v -0.510866 0.047547 -1.395351
v -0.492001 0.048165 -1.360086
v -0.500352 0.047889 -1.371314
v -0.480897 0.048533 -1.348629
v -0.399327 0.051256 -1.300286
v -0.439646 0.049909 -1.321803
v -0.000000 0.064269 -1.625623
v -0.000000 0.062070 -1.140541
v -0.503436 0.047961 -1.724067
v -0.497335 0.048166 -1.723397
v -0.496797 0.044845 -1.727416
v -0.000000 0.064269 -1.625623
v -0.497335 0.048166 -1.723397
v -0.000000 0.059170 -1.633446
v -0.503436 0.047961 -1.724067
v -0.503349 0.044649 -1.728125
v -0.509866 0.047744 -1.723366
v -0.510220 0.044444 -1.727575
v -0.516528 0.047520 -1.722479
v -0.517196 0.044234 -1.726673
v -0.522985 0.047301 -1.720890
v -0.524086 0.044027 -1.725055
v -0.529253 0.047089 -1.718353
v -0.530898 0.043822 -1.722479
v -0.535346 0.046882 -1.714614
v -0.537639 0.043619 -1.718697
v -0.541066 0.046687 -1.709583
v -0.544224 0.043419 -1.713534
v -0.545950 0.046519 -1.703883
v -0.549961 0.043245 -1.707180
v -0.549723 0.046389 -1.697139
v -0.554339 0.043111 -1.699561
v -0.552332 0.046297 -1.688844
v -0.557478 0.043013 -1.690586
v -0.554051 0.046234 -1.679295
v -0.559645 0.042943 -1.680519
v -0.555123 0.046193 -1.669147
v -0.561091 0.042895 -1.669785
v -0.554940 0.046194 -1.658629
v -0.561265 0.042885 -1.658464
v -0.553234 0.046246 -1.647262
v -0.559904 0.042920 -1.646373
v -0.516379 0.047375 -1.422440
v -0.523985 0.043896 -1.421040
v -0.513926 0.047451 -1.408587
v -0.521479 0.043964 -1.406903
v -0.510866 0.047547 -1.395351
v -0.518322 0.044053 -1.393082
v -0.506573 0.047685 -1.382921
v -0.513854 0.044181 -1.379700
v -0.500352 0.047889 -1.371314
v -0.507385 0.044368 -1.366807
v -0.492001 0.048165 -1.360086
v -0.498443 0.044631 -1.354247
v -0.480897 0.048533 -1.348629
v -0.486371 0.044986 -1.341790
v -0.465579 0.049043 -1.337060
v -0.470136 0.045467 -1.329529
v -0.439646 0.049909 -1.321803
v -0.443636 0.046253 -1.313938
v -0.399327 0.051256 -1.300286
v -0.403046 0.047459 -1.292276
v -0.446030 0.035655 -1.309219
v -0.405277 0.036412 -1.287470
v -0.446828 0.018115 -1.307646
v -0.406021 0.018115 -1.285868
v -0.472870 0.035158 -1.325010
v -0.473781 0.018115 -1.323504
v -0.489655 0.034847 -1.337686
v -0.490749 0.018115 -1.336319
v -0.502309 0.034614 -1.350744
v -0.503597 0.018115 -1.349576
v -0.511605 0.034444 -1.364103
v -0.513012 0.018115 -1.363202
v -0.518223 0.034324 -1.377767
v -0.519680 0.018115 -1.377123
v -0.522796 0.034242 -1.391720
v -0.524287 0.018115 -1.391266
v -0.526011 0.034186 -1.405893
v -0.527521 0.018115 -1.405556
v -0.528548 0.034142 -1.420200
v -0.530069 0.018115 -1.419921
v -0.563905 0.033543 -1.645839
v -0.565239 0.018115 -1.645662
v -0.565060 0.033525 -1.658366
v -0.566325 0.018115 -1.658332
v -0.564672 0.033536 -1.670167
v -0.565866 0.018115 -1.670295
v -0.566325 0.018115 -1.658332
v -0.563001 0.033570 -1.681253
v -0.564120 0.018115 -1.681497
v -0.565866 0.018115 -1.670295
v -0.560566 0.033619 -1.691631
v -0.561596 0.018115 -1.691979
v -0.557109 0.033686 -1.701015
v -0.558032 0.018115 -1.701499
v -0.552368 0.033777 -1.709158
v -0.553170 0.018115 -1.709818
v -0.546119 0.033896 -1.715904
v -0.539015 0.034030 -1.721146
v -0.531884 0.034164 -1.724955
v -0.524746 0.034299 -1.727555
v -0.517597 0.034433 -1.729189
v -0.510432 0.034567 -1.730100
v -0.503298 0.034701 -1.730560
v -0.496474 0.034828 -1.729828
v -0.000000 0.043782 -1.638159
v -0.496366 0.018115 -1.730632
v -0.000000 0.043782 -1.638159
v 0.000000 0.018115 -1.639786
v -0.503280 0.018115 -1.731372
v -0.510503 0.018115 -1.730942
v -0.517731 0.018115 -1.730028
v -0.524966 0.018115 -1.728388
v -0.532213 0.018115 -1.725780
v -0.539474 0.018115 -1.721963
v -0.546750 0.018115 -1.716694
v 0.496366 0.018115 -1.730632
v 0.496474 0.034828 -1.729828
v -0.000000 0.059170 -1.633446
v 0.496797 0.044845 -1.727416
v -0.000000 0.064269 -1.625623
v 0.497335 0.048166 -1.723397
v 0.503436 0.047961 -1.724067
v 0.503349 0.044649 -1.728125
v 0.509866 0.047744 -1.723366
v 0.510220 0.044443 -1.727575
v 0.516527 0.047519 -1.722479
v 0.517196 0.044234 -1.726673
v 0.522985 0.047301 -1.720890
v 0.524086 0.044027 -1.725055
v 0.529253 0.047089 -1.718353
v 0.530898 0.043822 -1.722479
v 0.535346 0.046882 -1.714614
v 0.537639 0.043619 -1.718697
v 0.541066 0.046687 -1.709583
v 0.544224 0.043419 -1.713534
v 0.545950 0.046519 -1.703883
v 0.549961 0.043245 -1.707180
v 0.549723 0.046389 -1.697139
v 0.554339 0.043110 -1.699561
v 0.552332 0.046297 -1.688844
v 0.557478 0.043012 -1.690586
v 0.554051 0.046234 -1.679295
v 0.559645 0.042943 -1.680519
v 0.555123 0.046193 -1.669147
v 0.561091 0.042895 -1.669785
v 0.554940 0.046194 -1.658629
v 0.561265 0.042885 -1.658464
v 0.553234 0.046246 -1.647262
v 0.559904 0.042920 -1.646373
v 0.516379 0.047375 -1.422440
v 0.523985 0.043896 -1.421040
v 0.513926 0.047451 -1.408587
v 0.521479 0.043964 -1.406903
v 0.510866 0.047547 -1.395351
v 0.518322 0.044053 -1.393082
v 0.506573 0.047685 -1.382921
v 0.513854 0.044180 -1.379700
v 0.500352 0.047889 -1.371314
v 0.507385 0.044368 -1.366807
v 0.492001 0.048165 -1.360086
v 0.498443 0.044630 -1.354247
v 0.480897 0.048533 -1.348629
v 0.486371 0.044986 -1.341790
v 0.465579 0.049043 -1.337060
v 0.470136 0.045467 -1.329529
v 0.439646 0.049909 -1.321803
v 0.443636 0.046253 -1.313938
v 0.399327 0.051256 -1.300286
v 0.403046 0.047459 -1.292276
v 0.446030 0.035655 -1.309219
v 0.405277 0.036412 -1.287470
v 0.446828 0.018115 -1.307646
v 0.406021 0.018115 -1.285868
v 0.472870 0.035158 -1.325010
v 0.473781 0.018115 -1.323504
v 0.489655 0.034847 -1.337686
v 0.490749 0.018115 -1.336319
v 0.502309 0.034614 -1.350744
v 0.503597 0.018115 -1.349576
v 0.511605 0.034444 -1.364103
v 0.513012 0.018115 -1.363202
v 0.518223 0.034324 -1.377767
v 0.519680 0.018115 -1.377123
v 0.522796 0.034242 -1.391720
v 0.524287 0.018115 -1.391266
v 0.526011 0.034186 -1.405893
v 0.527521 0.018115 -1.405556
v 0.528548 0.034142 -1.420200
v 0.530069 0.018115 -1.419921
v 0.563905 0.033543 -1.645839
v 0.565239 0.018115 -1.645662
v 0.565060 0.033525 -1.658366
v 0.566325 0.018115 -1.658332
v 0.564672 0.033536 -1.670167
v 0.565866 0.018115 -1.670295
v 0.566325 0.018115 -1.658332
v 0.563001 0.033570 -1.681253
v 0.564120 0.018115 -1.681497
v 0.565866 0.018115 -1.670295
v 0.560566 0.033618 -1.691631
v 0.561596 0.018115 -1.691979
v 0.557109 0.033686 -1.701015
v 0.558032 0.018115 -1.701499
v 0.552368 0.033777 -1.709158
v 0.553170 0.018115 -1.709818
v 0.546119 0.033895 -1.715904
v 0.539015 0.034030 -1.721146
v 0.531884 0.034164 -1.724955
v 0.524746 0.034299 -1.727555
v 0.517597 0.034433 -1.729189
v 0.510432 0.034567 -1.730100
v 0.503298 0.034701 -1.730560
v 0.503280 0.018115 -1.731372
v 0.510502 0.018115 -1.730942
v 0.517730 0.018115 -1.730028
v 0.524966 0.018115 -1.728388
v 0.532213 0.018115 -1.725780
v 0.539474 0.018115 -1.721963
v 0.546750 0.018115 -1.716694
v -0.566325 0.018115 -1.658332
v -0.565239 0.018115 -1.645662
v -0.000000 -0.025795 -1.141203
v -0.439646 -0.013679 -1.321803
v -0.399327 -0.015026 -1.300286
v -0.480897 -0.012303 -1.348629
v -0.465579 -0.012813 -1.337060
v -0.529253 -0.010859 -1.718353
v -0.554940 -0.009964 -1.658629
v -0.510866 -0.011317 -1.395351
v -0.500352 -0.011659 -1.371314
v -0.492001 -0.011935 -1.360086
v -0.506573 -0.011455 -1.382921
v -0.516379 -0.011145 -1.422440
v -0.513926 -0.011220 -1.408587
v -0.553234 -0.010016 -1.647262
v -0.549723 -0.010159 -1.697139
v -0.554051 -0.010004 -1.679295
v -0.555123 -0.009963 -1.669147
v -0.552332 -0.010067 -1.688844
v -0.541066 -0.010456 -1.709583
v -0.545950 -0.010289 -1.703883
v -0.535346 -0.010652 -1.714614
v -0.516528 -0.011289 -1.722479
v -0.522985 -0.011071 -1.720890
v -0.503436 -0.011731 -1.724067
v -0.509866 -0.011514 -1.723366
v -0.000000 -0.027992 -1.625906
v -0.497335 -0.011936 -1.723397
v -0.000000 -0.027992 -1.625906
v -0.496797 -0.008615 -1.727416
v -0.497335 -0.011936 -1.723397
v -0.000000 -0.022902 -1.633687
v -0.503436 -0.011731 -1.724067
v -0.503349 -0.008419 -1.728125
v -0.509866 -0.011514 -1.723366
v -0.510220 -0.008213 -1.727575
v -0.516528 -0.011289 -1.722479
v -0.517196 -0.008004 -1.726673
v -0.522985 -0.011071 -1.720890
v -0.524086 -0.007797 -1.725055
v -0.529253 -0.010859 -1.718353
v -0.530898 -0.007592 -1.722479
v -0.535346 -0.010652 -1.714614
v -0.537639 -0.007388 -1.718697
v -0.541066 -0.010456 -1.709583
v -0.544224 -0.007189 -1.713534
v -0.545950 -0.010289 -1.703883
v -0.549961 -0.007015 -1.707180
v -0.549723 -0.010159 -1.697139
v -0.554339 -0.006880 -1.699561
v -0.552332 -0.010067 -1.688844
v -0.557478 -0.006782 -1.690586
v -0.554051 -0.010004 -1.679295
v -0.559645 -0.006713 -1.680519
v -0.555123 -0.009963 -1.669147
v -0.561091 -0.006665 -1.669785
v -0.554940 -0.009964 -1.658629
v -0.561265 -0.006655 -1.658464
v -0.553234 -0.010016 -1.647262
v -0.559904 -0.006690 -1.646373
v -0.516379 -0.011145 -1.422440
v -0.523985 -0.007665 -1.421040
v -0.513926 -0.011220 -1.408587
v -0.521479 -0.007734 -1.406903
v -0.510866 -0.011317 -1.395351
v -0.518322 -0.007822 -1.393082
v -0.506573 -0.011455 -1.382921
v -0.513854 -0.007950 -1.379700
v -0.500352 -0.011659 -1.371314
v -0.507385 -0.008138 -1.366807
v -0.492001 -0.011935 -1.360086
v -0.498443 -0.008400 -1.354247
v -0.480897 -0.012303 -1.348629
v -0.486371 -0.008756 -1.341790
v -0.465579 -0.012813 -1.337060
v -0.470136 -0.009237 -1.329529
v -0.439646 -0.013679 -1.321803
v -0.443636 -0.010023 -1.313938
v -0.399327 -0.015026 -1.300286
v -0.403046 -0.011228 -1.292276
v -0.446030 0.000575 -1.309219
v -0.405277 -0.000182 -1.287470
v -0.446828 0.018115 -1.307646
v -0.406021 0.018115 -1.285868
v -0.472870 0.001073 -1.325010
v -0.473781 0.018115 -1.323504
v -0.489655 0.001383 -1.337686
v -0.490749 0.018115 -1.336319
v -0.502309 0.001616 -1.350744
v -0.503597 0.018115 -1.349576
v -0.511605 0.001786 -1.364103
v -0.513012 0.018115 -1.363202
v -0.518223 0.001906 -1.377767
v -0.519680 0.018115 -1.377123
v -0.522796 0.001988 -1.391720
v -0.524287 0.018115 -1.391266
v -0.526011 0.002044 -1.405893
v -0.527521 0.018115 -1.405556
v -0.528548 0.002088 -1.420200
v -0.530069 0.018115 -1.419921
v -0.563905 0.002687 -1.645839
v -0.565239 0.018115 -1.645662
v -0.565060 0.002705 -1.658366
v -0.566325 0.018115 -1.658332
v -0.564672 0.002695 -1.670167
v -0.565866 0.018115 -1.670295
v -0.566325 0.018115 -1.658332
v -0.563001 0.002660 -1.681253
v -0.564120 0.018115 -1.681497
v -0.565866 0.018115 -1.670295
v -0.560566 0.002612 -1.691631
v -0.561596 0.018115 -1.691979
v -0.557109 0.002545 -1.701015
v -0.558032 0.018115 -1.701499
v -0.552368 0.002454 -1.709158
v -0.553170 0.018115 -1.709818
v -0.546119 0.002335 -1.715904
v -0.539015 0.002200 -1.721146
v -0.531884 0.002066 -1.724955
v -0.524746 0.001932 -1.727555
v -0.517597 0.001797 -1.729189
v -0.510432 0.001663 -1.730100
v -0.503298 0.001530 -1.730560
v -0.496474 0.001402 -1.729828
v -0.000000 -0.007537 -1.638306
v -0.496366 0.018115 -1.730632
v -0.000000 -0.007537 -1.638306
v 0.000000 0.018115 -1.639786
v -0.503280 0.018115 -1.731372
v -0.510503 0.018115 -1.730942
v -0.517731 0.018115 -1.730028
v -0.524966 0.018115 -1.728388
v -0.532213 0.018115 -1.725780
v -0.539474 0.018115 -1.721963
v -0.546750 0.018115 -1.716694
v 0.496366 0.018115 -1.730632
v 0.496474 0.001402 -1.729828
v -0.000000 -0.022902 -1.633687
v 0.496797 -0.008615 -1.727416
v -0.000000 -0.027992 -1.625906
v 0.497335 -0.011936 -1.723397
v 0.503436 -0.011731 -1.724067
v 0.503349 -0.008419 -1.728125
v 0.509866 -0.011514 -1.723366
v 0.510220 -0.008213 -1.727575
v 0.516527 -0.011289 -1.722479
v 0.517196 -0.008004 -1.726673
v 0.522985 -0.011071 -1.720890
v 0.524086 -0.007797 -1.725055
v 0.529253 -0.010859 -1.718353
v 0.530898 -0.007592 -1.722479
v 0.535346 -0.010652 -1.714614
v 0.537639 -0.007389 -1.718697
v 0.541066 -0.010457 -1.709583
v 0.544224 -0.007189 -1.713534
v 0.545950 -0.010289 -1.703883
v 0.549961 -0.007015 -1.707180
v 0.549723 -0.010159 -1.697139
v 0.554339 -0.006880 -1.699561
v 0.552332 -0.010067 -1.688844
v 0.557478 -0.006782 -1.690586
v 0.554051 -0.010004 -1.679295
v 0.559645 -0.006713 -1.680519
v 0.555123 -0.009963 -1.669147
v 0.561091 -0.006665 -1.669785
v 0.554940 -0.009964 -1.658629
v 0.561265 -0.006655 -1.658464
v 0.553234 -0.010016 -1.647262
v 0.559904 -0.006690 -1.646373
v 0.516379 -0.011145 -1.422440
v 0.523985 -0.007665 -1.421040
v 0.513926 -0.011220 -1.408587
v 0.521479 -0.007734 -1.406903
v 0.510866 -0.011317 -1.395351
v 0.518322 -0.007823 -1.393082
v 0.506573 -0.011455 -1.382921
v 0.513854 -0.007950 -1.379700
v 0.500352 -0.011659 -1.371314
v 0.507385 -0.008138 -1.366807
v 0.492001 -0.011935 -1.360086
v 0.498443 -0.008400 -1.354247
v 0.480897 -0.012303 -1.348629
v 0.486371 -0.008756 -1.341790
v 0.465579 -0.012813 -1.337060
v 0.470136 -0.009237 -1.329529
v 0.439646 -0.013679 -1.321803
v 0.443636 -0.010023 -1.313938
v 0.399327 -0.015026 -1.300286
v 0.403046 -0.011228 -1.292276
v 0.446030 0.000575 -1.309219
v 0.405277 -0.000182 -1.287470
v 0.446828 0.018115 -1.307646
v 0.406021 0.018115 -1.285868
v 0.472870 0.001073 -1.325010
v 0.473781 0.018115 -1.323504
v 0.489655 0.001383 -1.337686
v 0.490749 0.018115 -1.336319
v 0.502309 0.001616 -1.350744
v 0.503597 0.018115 -1.349576
v 0.511605 0.001786 -1.364103
v 0.513012 0.018115 -1.363202
v 0.518223 0.001906 -1.377767
v 0.519680 0.018115 -1.377123
v 0.522796 0.001988 -1.391720
v 0.524287 0.018115 -1.391266
v 0.526011 0.002044 -1.405893
v 0.527521 0.018115 -1.405556
v 0.528548 0.002088 -1.420200
v 0.530069 0.018115 -1.419921
v 0.563905 0.002687 -1.645839
v 0.565239 0.018115 -1.645662
v 0.565060 0.002705 -1.658366
v 0.566325 0.018115 -1.658332
v 0.564672 0.002694 -1.670167
v 0.565866 0.018115 -1.670295
v 0.566325 0.018115 -1.658332
v 0.563001 0.002660 -1.681253
v 0.564120 0.018115 -1.681497
v 0.565866 0.018115 -1.670295
v 0.560566 0.002612 -1.691631
v 0.561596 0.018115 -1.691979
v 0.557109 0.002544 -1.701015
v 0.558032 0.018115 -1.701499
v 0.552368 0.002453 -1.709158
v 0.553170 0.018115 -1.709818
v 0.546119 0.002335 -1.715904
v 0.539015 0.002200 -1.721146
v 0.531884 0.002066 -1.724955
v 0.524746 0.001932 -1.727555
v 0.517597 0.001797 -1.729189
v 0.510432 0.001663 -1.730100
v 0.503298 0.001529 -1.730560
v 0.503280 0.018115 -1.731372
v 0.510502 0.018115 -1.730942
v 0.517730 0.018115 -1.730028
v 0.524966 0.018115 -1.728388
v 0.532213 0.018115 -1.725780
v 0.539474 0.018115 -1.721963
v 0.546750 0.018115 -1.716694
v -0.566325 0.018115 -1.658332
v -0.565239 0.018115 -1.645662
v -0.000000 0.062070 -1.140541
v -0.000000 0.057148 -1.131436
v -0.000000 0.042492 -1.126061
v 0.000000 0.018115 -1.124417
v -0.000000 0.057148 -1.131436
v -0.000000 0.062070 -1.140541
v -0.000000 -0.025795 -1.141203
v -0.000000 -0.020882 -1.132023
v -0.000000 -0.006248 -1.126428
v 0.000000 0.018115 -1.124417
v -0.000000 -0.006248 -1.126428
v -0.000000 -0.020882 -1.132023
v -0.000000 -0.025795 -1.141203
v -0.000000 0.064269 -1.625623
v 0.399327 0.051256 -1.300286
v -0.000000 0.062070 -1.140541
v 0.465579 0.049043 -1.337060
v 0.439646 0.049909 -1.321803
v 0.509866 0.047744 -1.723366
v 0.553234 0.046246 -1.647262
v 0.506573 0.047685 -1.382921
v 0.492001 0.048165 -1.360086
v 0.480897 0.048533 -1.348629
v 0.500352 0.047889 -1.371314
v 0.513926 0.047451 -1.408587
v 0.510866 0.047547 -1.395351
v 0.516379 0.047375 -1.422440
v 0.535346 0.046882 -1.714614
v 0.552332 0.046297 -1.688844
v 0.555123 0.046193 -1.669147
v 0.554940 0.046194 -1.658629
v 0.554051 0.046234 -1.679295
v 0.545950 0.046519 -1.703883
v 0.549723 0.046389 -1.697139
v 0.541066 0.046687 -1.709583
v 0.522985 0.047301 -1.720890
v 0.529253 0.047089 -1.718353
v 0.516527 0.047519 -1.722479
v 0.503436 0.047961 -1.724067
v 0.497335 0.048166 -1.723397
v 0.566325 0.018115 -1.658332
v 0.565239 0.018115 -1.645662
v 0.503436 -0.011731 -1.724067
v 0.516527 -0.011289 -1.722479
v 0.509866 -0.011514 -1.723366
v 0.529253 -0.010859 -1.718353
v 0.522985 -0.011071 -1.720890
v -0.000000 -0.025795 -1.141203
v 0.480897 -0.012303 -1.348629
v 0.554940 -0.009964 -1.658629
v 0.549723 -0.010159 -1.697139
v 0.541066 -0.010457 -1.709583
v 0.535346 -0.010652 -1.714614
v 0.545950 -0.010289 -1.703883
v 0.554051 -0.010004 -1.679295
v 0.552332 -0.010067 -1.688844
v 0.555123 -0.009963 -1.669147
v 0.510866 -0.011317 -1.395351
v 0.516379 -0.011145 -1.422440
v 0.553234 -0.010016 -1.647262
v 0.513926 -0.011220 -1.408587
v 0.500352 -0.011659 -1.371314
v 0.506573 -0.011455 -1.382921
v 0.492001 -0.011935 -1.360086
v 0.439646 -0.013679 -1.321803
v 0.465579 -0.012813 -1.337060
v 0.399327 -0.015026 -1.300286
v -0.000000 -0.027992 -1.625906
v 0.497335 -0.011936 -1.723397
v 0.566325 0.018115 -1.658332
v 0.565239 0.018115 -1.645662
v 0.027657 0.348326 -1.807876
v 0.027737 0.362232 -1.810547
v 0.027691 0.355137 -1.809254
v 0.027966 0.376345 -1.810971
v 0.027824 0.369277 -1.811187
v 0.061413 -0.023837 -1.095155
v 0.049591 0.411728 -1.485015
v 0.031427 0.416703 -1.768572
v 0.029184 0.402413 -1.799385
v 0.028466 0.390586 -1.807207
v 0.028178 0.383509 -1.809690
v 0.028794 0.396954 -1.803905
v 0.030222 0.411011 -1.785692
v 0.029666 0.407028 -1.793203
v 0.030813 0.414463 -1.777480
v 0.046835 0.431930 -1.533510
v 0.045249 0.431374 -1.557996
v 0.032092 0.417564 -1.758484
v 0.046060 0.432037 -1.545587
v 0.048248 0.426608 -1.510062
v 0.047565 0.430360 -1.521735
v 0.048912 0.420565 -1.498057
v 0.051196 0.375263 -1.449810
v 0.050281 0.398558 -1.470589
v 0.052490 0.338537 -1.419358
v 0.031383 -0.023837 -1.652204
v 0.027702 0.342172 -1.805444
v 0.027702 0.342172 -1.805444
v 0.027546 -0.023837 -1.658316
v 0.031383 -0.023837 -1.652204
v 0.024416 0.340687 -1.808662
v 0.027657 0.348326 -1.807876
v 0.024373 0.347299 -1.811265
v 0.027691 0.355137 -1.809254
v 0.024396 0.354531 -1.812904
v 0.027737 0.362232 -1.810547
v 0.024437 0.361954 -1.814281
v 0.027824 0.369277 -1.811187
v 0.024515 0.369453 -1.815029
v 0.027966 0.376345 -1.810971
v 0.024643 0.377093 -1.814947
v 0.028178 0.383509 -1.809690
v 0.024833 0.384938 -1.813827
v 0.028466 0.390586 -1.807207
v 0.025096 0.392940 -1.811499
v 0.028794 0.396954 -1.803905
v 0.025420 0.400341 -1.807907
v 0.029184 0.402413 -1.799385
v 0.025812 0.406628 -1.802836
v 0.029666 0.407028 -1.793203
v 0.026275 0.411947 -1.796244
v 0.030222 0.411011 -1.785692
v 0.026795 0.416513 -1.788435
v 0.030813 0.414463 -1.777480
v 0.027351 0.420488 -1.779844
v 0.031427 0.416703 -1.768572
v 0.027938 0.423282 -1.770370
v 0.032092 0.417564 -1.758484
v 0.028567 0.424667 -1.759778
v 0.045249 0.431374 -1.557996
v 0.040288 0.439563 -1.559146
v 0.046060 0.432037 -1.545587
v 0.041023 0.440237 -1.546482
v 0.046835 0.431930 -1.533510
v 0.041743 0.440165 -1.533884
v 0.047565 0.430360 -1.521735
v 0.042441 0.438635 -1.521253
v 0.048248 0.426608 -1.510062
v 0.043115 0.434922 -1.508423
v 0.048912 0.420565 -1.498057
v 0.043775 0.428576 -1.495115
v 0.049591 0.411728 -1.485015
v 0.044431 0.418968 -1.480935
v 0.050281 0.398558 -1.470589
v 0.045081 0.405010 -1.465647
v 0.051196 0.375263 -1.449810
v 0.045912 0.381206 -1.444413
v 0.052490 0.338537 -1.419358
v 0.047071 0.344233 -1.413755
v 0.028847 0.384772 -1.441174
v 0.029574 0.347650 -1.410394
v -0.000000 0.385960 -1.440095
v -0.000000 0.348789 -1.409274
v 0.028321 0.408881 -1.462681
v -0.000000 0.410172 -1.461692
v 0.027901 0.423312 -1.478488
v -0.000000 0.424760 -1.477672
v 0.027471 0.433382 -1.493350
v -0.000000 0.434985 -1.492762
v 0.027032 0.439911 -1.507439
v -0.000000 0.441573 -1.507112
v 0.026586 0.443599 -1.520965
v -0.000000 0.445254 -1.520869
v 0.026131 0.445106 -1.534107
v -0.000000 0.446753 -1.534182
v 0.025670 0.445157 -1.547019
v -0.000000 0.446797 -1.547198
v -0.000000 0.446753 -1.534182
v 0.025204 0.444476 -1.559837
v -0.000000 0.446114 -1.560067
v 0.017869 0.428928 -1.760554
v -0.000000 0.430349 -1.760813
v -0.000000 0.446114 -1.560067
v 0.017463 0.427229 -1.771449
v -0.000000 0.428545 -1.771809
v 0.017080 0.424102 -1.781263
v -0.000000 0.425307 -1.781735
v 0.016721 0.419814 -1.790080
v -0.000000 0.420915 -1.790629
v 0.016386 0.414899 -1.798069
v -0.000000 0.415883 -1.798677
v 0.016084 0.409157 -1.804908
v -0.000000 0.409999 -1.805598
v 0.015822 0.402373 -1.810310
v -0.000000 0.403050 -1.811110
v 0.015607 0.394352 -1.814073
v 0.015441 0.385795 -1.816310
v 0.015321 0.377541 -1.817332
v 0.015240 0.369559 -1.817335
v 0.015191 0.361788 -1.816521
v 0.015165 0.354168 -1.815094
v 0.015154 0.346684 -1.813298
v 0.015182 0.339796 -1.810592
v 0.017086 -0.023837 -1.661958
v -0.000000 0.339499 -1.811236
v -0.000000 -0.023837 -1.663167
v -0.000000 0.346478 -1.813975
v -0.000000 0.354047 -1.815824
v -0.000000 0.361732 -1.817268
v -0.000000 0.369594 -1.818103
v -0.000000 0.377691 -1.818128
v -0.000000 0.386081 -1.817138
v -0.000000 0.394823 -1.814931
v -0.031383 -0.023837 -1.652204
v -0.052491 0.338537 -1.419358
v -0.061413 -0.023837 -1.095155
v -0.050281 0.398558 -1.470589
v -0.051197 0.375263 -1.449810
v -0.027692 0.355137 -1.809254
v -0.032092 0.417564 -1.758484
v -0.047565 0.430360 -1.521735
v -0.048912 0.420564 -1.498057
v -0.049592 0.411728 -1.485015
v -0.048249 0.426608 -1.510062
v -0.046060 0.432037 -1.545587
v -0.046836 0.431930 -1.533510
v -0.045250 0.431374 -1.557996
v -0.028178 0.383509 -1.809690
v -0.029666 0.407028 -1.793203
v -0.030813 0.414463 -1.777480
v -0.031427 0.416703 -1.768572
v -0.030222 0.411011 -1.785692
v -0.028795 0.396954 -1.803905
v -0.029185 0.402413 -1.799385
v -0.028466 0.390587 -1.807207
v -0.027824 0.369277 -1.811186
v -0.027966 0.376345 -1.810971
v -0.027737 0.362232 -1.810547
v -0.027657 0.348326 -1.807876
v -0.027702 0.342172 -1.805444
v -0.027702 0.342172 -1.805444
v -0.027547 -0.023837 -1.658316
v -0.024416 0.340687 -1.808662
v -0.031383 -0.023837 -1.652204
v -0.027657 0.348326 -1.807876
v -0.024374 0.347299 -1.811265
v -0.027692 0.355137 -1.809254
v -0.024396 0.354531 -1.812904
v -0.027737 0.362232 -1.810547
v -0.024437 0.361954 -1.814281
v -0.027824 0.369277 -1.811186
v -0.024515 0.369453 -1.815029
v -0.027966 0.376345 -1.810971
v -0.024643 0.377093 -1.814947
v -0.028178 0.383509 -1.809690
v -0.024834 0.384938 -1.813827
v -0.028466 0.390587 -1.807207
v -0.025096 0.392940 -1.811499
v -0.028795 0.396954 -1.803905
v -0.025421 0.400341 -1.807907
v -0.029185 0.402413 -1.799385
v -0.025812 0.406628 -1.802836
v -0.029666 0.407028 -1.793203
v -0.026275 0.411947 -1.796244
v -0.030222 0.411011 -1.785692
v -0.026796 0.416513 -1.788435
v -0.030813 0.414463 -1.777480
v -0.027351 0.420488 -1.779844
v -0.031427 0.416703 -1.768572
v -0.027938 0.423282 -1.770370
v -0.032092 0.417564 -1.758484
v -0.028567 0.424667 -1.759778
v -0.045250 0.431374 -1.557996
v -0.040288 0.439563 -1.559146
v -0.046060 0.432037 -1.545587
v -0.041024 0.440237 -1.546482
v -0.046836 0.431930 -1.533510
v -0.041743 0.440164 -1.533884
v -0.047565 0.430360 -1.521735
v -0.042441 0.438635 -1.521254
v -0.048249 0.426608 -1.510062
v -0.043116 0.434922 -1.508423
v -0.048912 0.420564 -1.498057
v -0.043775 0.428576 -1.495115
v -0.049592 0.411728 -1.485015
v -0.044432 0.418968 -1.480935
v -0.050281 0.398558 -1.470589
v -0.045081 0.405010 -1.465647
v -0.051197 0.375263 -1.449810
v -0.045913 0.381206 -1.444413
v -0.052491 0.338537 -1.419358
v -0.047071 0.344233 -1.413755
v -0.028847 0.384772 -1.441174
v -0.029574 0.347650 -1.410394
v -0.000000 0.385960 -1.440095
v -0.000000 0.348789 -1.409274
v -0.028321 0.408881 -1.462681
v -0.000000 0.410172 -1.461692
v -0.027901 0.423312 -1.478488
v -0.000000 0.424760 -1.477672
v -0.027471 0.433382 -1.493350
v -0.000000 0.434985 -1.492762
v -0.027033 0.439911 -1.507439
v -0.000000 0.441573 -1.507112
v -0.026586 0.443599 -1.520965
v -0.000000 0.445254 -1.520869
v -0.026132 0.445105 -1.534107
v -0.000000 0.446753 -1.534182
v -0.025670 0.445157 -1.547019
v -0.000000 0.446797 -1.547198
v -0.000000 0.446753 -1.534182
v -0.025205 0.444476 -1.559837
v -0.000000 0.446114 -1.560067
v -0.017870 0.428928 -1.760554
v -0.000000 0.430349 -1.760813
v -0.000000 0.446114 -1.560067
v -0.017463 0.427229 -1.771449
v -0.000000 0.428545 -1.771809
v -0.017080 0.424102 -1.781263
v -0.000000 0.425307 -1.781735
v -0.016722 0.419814 -1.790080
v -0.000000 0.420915 -1.790629
v -0.016387 0.414899 -1.798069
v -0.000000 0.415883 -1.798677
v -0.016084 0.409157 -1.804908
v -0.000000 0.409999 -1.805598
v -0.015823 0.402373 -1.810310
v -0.000000 0.403050 -1.811110
v -0.015607 0.394352 -1.814073
v -0.015441 0.385795 -1.816310
v -0.015321 0.377541 -1.817332
v -0.015241 0.369559 -1.817335
v -0.015192 0.361788 -1.816521
v -0.015166 0.354168 -1.815094
v -0.015155 0.346684 -1.813298
v -0.015182 0.339796 -1.810592
v -0.017086 -0.023837 -1.661958
v -0.000000 0.339499 -1.811236
v -0.000000 -0.023837 -1.663167
v -0.000000 0.346478 -1.813975
v -0.000000 0.354047 -1.815824
v -0.000000 0.361732 -1.817268
v -0.000000 0.369594 -1.818103
v -0.000000 0.377691 -1.818128
v -0.000000 0.386081 -1.817138
v -0.000000 0.394823 -1.814931
v 0.061413 -0.023837 -1.095155
v 0.055154 -0.023837 -1.085294
v 0.034683 -0.023837 -1.079378
v -0.000000 -0.023837 -1.077407
v -0.061413 -0.023837 -1.095155
v -0.055154 -0.023837 -1.085294
v -0.034683 -0.023837 -1.079378
v -0.000000 -0.023837 -1.077407
v -0.151207 -0.081366 -1.048343
v -0.135564 -0.032139 -1.225802
v -0.142107 -0.029758 -1.048343
v -0.144244 -0.081366 -1.225802
v -0.110571 0.011150 -1.225802
v -0.115905 0.015626 -1.048343
v -0.072279 0.043281 -1.225802
v -0.075761 0.049311 -1.048343
v -0.025307 0.060377 -1.225802
v -0.026516 0.067234 -1.048343
v 0.024679 0.060377 -1.225802
v 0.025888 0.067234 -1.048343
v 0.071651 0.043281 -1.225802
v 0.075132 0.049311 -1.048343
v 0.109942 0.011150 -1.225802
v 0.115276 0.015626 -1.048343
v 0.134936 -0.032139 -1.225802
v 0.141478 -0.029758 -1.048343
v 0.143616 -0.081366 -1.225802
v 0.150578 -0.081366 -1.048343
v -0.058263 0.019004 -1.485953
v -0.020440 0.032771 -1.485953
v 0.019811 0.032771 -1.485953
v 0.057634 0.019004 -1.485953
v 0.088468 -0.006869 -1.485953
v 0.108594 -0.041727 -1.485953
v 0.115583 -0.081366 -1.485953
v -0.012176 -0.014092 -1.676199
v -0.034470 -0.022207 -1.676199
v -0.089097 -0.006869 -1.485953
v -0.109222 -0.041727 -1.485953
v -0.116211 -0.081366 -1.485953
v -0.064506 -0.058002 -1.676199
v -0.068626 -0.081366 -1.676199
v -0.052644 -0.037456 -1.676199
v 0.033842 -0.022207 -1.676199
v 0.052015 -0.037456 -1.676199
v 0.067997 -0.081366 -1.676199
v -0.046275 -0.064638 -1.706060
v -0.049224 -0.081366 -1.706060
v -0.037781 -0.049927 -1.706060
v -0.024769 -0.039009 -1.706060
v -0.008807 -0.033199 -1.706060
v 0.008179 -0.033199 -1.706060
v 0.011548 -0.014092 -1.676199
v 0.024141 -0.039009 -1.706060
v 0.037153 -0.049927 -1.706060
v 0.063878 -0.058002 -1.676199
v 0.045646 -0.064638 -1.706060
v 0.048596 -0.081366 -1.706060
v 0.150578 -0.081366 -1.048343
v 0.134936 -0.130593 -1.225802
v 0.141478 -0.132974 -1.048343
v 0.143616 -0.081366 -1.225802
v 0.109943 -0.173882 -1.225802
v 0.115276 -0.178358 -1.048343
v 0.071651 -0.206013 -1.225802
v 0.075132 -0.212043 -1.048343
v 0.024679 -0.223109 -1.225802
v 0.025888 -0.229966 -1.048343
v -0.025307 -0.223109 -1.225802
v -0.026516 -0.229966 -1.048343
v -0.072279 -0.206013 -1.225802
v -0.075760 -0.212043 -1.048343
v -0.110571 -0.173882 -1.225802
v -0.115905 -0.178358 -1.048343
v -0.135564 -0.130593 -1.225802
v -0.142107 -0.132974 -1.048343
v -0.144244 -0.081366 -1.225802
v -0.151207 -0.081366 -1.048343
v 0.057634 -0.181736 -1.485953
v 0.019811 -0.195502 -1.485953
v -0.020439 -0.195503 -1.485953
v -0.058263 -0.181736 -1.485953
v -0.089097 -0.155863 -1.485953
v -0.109222 -0.121005 -1.485953
v -0.116211 -0.081366 -1.485953
v 0.011548 -0.148640 -1.676199
v 0.033842 -0.140525 -1.676199
v 0.088468 -0.155863 -1.485953
v 0.108594 -0.121005 -1.485953
v 0.115583 -0.081366 -1.485953
v 0.063878 -0.104730 -1.676199
v 0.067997 -0.081366 -1.676199
v 0.052015 -0.125276 -1.676199
v -0.034470 -0.140526 -1.676199
v -0.052644 -0.125276 -1.676199
v -0.068626 -0.081366 -1.676199
v 0.045646 -0.098094 -1.706060
v 0.048596 -0.081366 -1.706060
v 0.037153 -0.112805 -1.706060
v 0.024141 -0.123723 -1.706060
v 0.008179 -0.129533 -1.706060
v -0.008807 -0.129533 -1.706060
v -0.012176 -0.148640 -1.676199
v -0.024769 -0.123723 -1.706060
v -0.037781 -0.112805 -1.706060
v -0.064506 -0.104730 -1.676199
v -0.046275 -0.098094 -1.706060
v -0.049224 -0.081366 -1.706060
v -0.049224 -0.081366 -1.706060
v -0.000314 -0.081366 -1.725443
v -0.046275 -0.064638 -1.706060
v -0.037781 -0.049927 -1.706060
v -0.024769 -0.039009 -1.706060
v -0.008807 -0.033199 -1.706060
v 0.008179 -0.033199 -1.706060
v 0.024141 -0.039009 -1.706060
v 0.037153 -0.049927 -1.706060
v 0.045646 -0.064638 -1.706060
v 0.048596 -0.081366 -1.706060
v 0.045646 -0.098094 -1.706060
v 0.037153 -0.112805 -1.706060
v 0.024141 -0.123723 -1.706060
v 0.008179 -0.129533 -1.706060
v -0.008807 -0.129533 -1.706060
v -0.024769 -0.123723 -1.706060
v -0.037781 -0.112805 -1.706060
v -0.046275 -0.098094 -1.706060
v -0.106877 0.179149 0.919194
v -0.197222 0.118025 0.919193
v -0.155023 0.153092 0.919193
v -0.000308 0.200613 0.919194
v -0.278787 -0.081360 0.919194
v -0.257589 0.026546 0.919194
v -0.231855 0.075296 0.919193
v -0.273436 -0.026350 0.919194
v 0.278171 -0.081359 0.919194
v -0.000308 -0.363332 0.919194
v -0.197222 -0.280744 0.919194
v -0.257589 -0.189266 0.919194
v -0.273436 -0.136370 0.919194
v -0.231855 -0.238015 0.919194
v -0.106877 -0.341868 0.919194
v -0.155023 -0.315811 0.919194
v -0.054636 -0.357914 0.919194
v 0.196607 -0.280744 0.919194
v 0.106262 -0.341868 0.919194
v 0.054021 -0.357914 0.919194
v 0.154407 -0.315811 0.919194
v 0.256973 -0.189266 0.919194
v 0.231239 -0.238015 0.919194
v 0.272820 -0.136370 0.919194
v 0.256973 0.026547 0.919194
v 0.272820 -0.026349 0.919194
v 0.196606 0.118025 0.919194
v 0.231239 0.075296 0.919194
v 0.106261 0.179149 0.919194
v 0.154406 0.153092 0.919194
v 0.054020 0.195195 0.919194
v -0.054637 0.195195 0.919194
v -0.899884 -0.165086 0.128890
v -0.432374 -0.188931 0.295227
v -0.898300 -0.169547 0.115822
v -0.431354 -0.182396 0.308350
v -1.183950 -0.163425 0.121494
v -1.183950 -0.167624 0.108209
v -0.900834 -0.151848 0.136730
v -0.430741 -0.162698 0.316223
v -0.901150 -0.129835 0.139344
v -0.430537 -0.129835 0.318847
v -1.183950 -0.150829 0.129465
v -1.183950 -0.129835 0.132122
v -0.899884 -0.094584 0.128890
v -0.432374 -0.070739 0.295227
v -0.431354 -0.077274 0.308350
v -0.898300 -0.090123 0.115822
v -1.183950 -0.096245 0.121494
v -1.183950 -0.092046 0.108209
v -0.900834 -0.107822 0.136730
v -0.430741 -0.096972 0.316223
v -0.901150 -0.129835 0.139344
v -0.430537 -0.129835 0.318847
v -1.183950 -0.108841 0.129465
v -1.183950 -0.129835 0.132122
v -1.183950 -0.167624 -0.346626
v -0.446196 -0.188452 -0.203116
v -0.427277 -0.189108 -0.435316
v -0.898300 -0.169547 0.115822
v -0.448777 -0.188363 0.086289
v -0.432374 -0.188931 0.295227
v -1.183950 -0.167624 0.108209
v -1.183950 -0.163425 -0.354896
v -0.427277 -0.189108 -0.435316
v -0.426217 -0.182554 -0.448435
v -1.183950 -0.167624 -0.346626
v -0.425581 -0.162797 -0.456306
v -1.183950 -0.150829 -0.359861
v -0.425369 -0.129835 -0.458930
v -1.183950 -0.129835 -0.361516
v -0.898300 -0.090123 0.115822
v -0.450492 -0.071366 0.086289
v -0.432374 -0.070739 0.295227
v -1.183950 -0.092046 0.108209
v -0.448189 -0.071287 -0.203116
v -0.427277 -0.070563 -0.435316
v -1.183950 -0.092046 -0.346626
v -0.427277 -0.070563 -0.435316
v -1.183950 -0.096245 -0.354896
v -0.426217 -0.077116 -0.448435
v -1.183950 -0.092046 -0.346626
v -1.183950 -0.108841 -0.359861
v -0.425581 -0.096873 -0.456306
v -1.183950 -0.129835 -0.361516
v -0.425369 -0.129835 -0.458930
v 0.899884 -0.165086 0.128890
v 0.432374 -0.188931 0.295227
v 0.431354 -0.182396 0.308350
v 0.898300 -0.169547 0.115822
v 1.183950 -0.163425 0.121494
v 1.183950 -0.167624 0.108209
v 0.900834 -0.151848 0.136730
v 0.430741 -0.162698 0.316223
v 0.901150 -0.129835 0.139344
v 0.430537 -0.129835 0.318847
v 1.183950 -0.150829 0.129465
v 1.183950 -0.129835 0.132122
v 0.899884 -0.094584 0.128890
v 0.432374 -0.070739 0.295227
v 0.898300 -0.090123 0.115822
v 0.431354 -0.077274 0.308350
v 1.183950 -0.096245 0.121494
v 1.183950 -0.092046 0.108209
v 0.900834 -0.107822 0.136730
v 0.430741 -0.096972 0.316223
v 0.901150 -0.129835 0.139344
v 0.430537 -0.129835 0.318847
v 1.183950 -0.108841 0.129465
v 1.183950 -0.129835 0.132122
v 1.183950 -0.167624 -0.346626
v 0.898300 -0.169547 0.115822
v 1.183950 -0.167624 0.108209
v 0.446196 -0.188452 -0.203116
v 0.448777 -0.188363 0.086289
v 0.432374 -0.188931 0.295227
v 0.427277 -0.189108 -0.435316
v 1.183950 -0.163425 -0.354896
v 0.427277 -0.189108 -0.435316
v 1.183950 -0.167624 -0.346626
v 0.426217 -0.182554 -0.448435
v 0.425581 -0.162797 -0.456306
v 1.183950 -0.150829 -0.359861
v 0.425369 -0.129835 -0.458930
v 1.183950 -0.129835 -0.361516
v 1.183950 -0.092046 0.108209
v 0.427277 -0.070563 -0.435316
v 1.183950 -0.092046 -0.346626
v 0.448189 -0.071287 -0.203116
v 0.450492 -0.071366 0.086289
v 0.898300 -0.090123 0.115822
v 0.432374 -0.070739 0.295227
v 0.427277 -0.070563 -0.435316
v 1.183950 -0.096245 -0.354896
v 1.183950 -0.092046 -0.346626
v 0.426217 -0.077116 -0.448435
v 1.183950 -0.108841 -0.359861
v 0.425581 -0.096873 -0.456306
v 1.183950 -0.129835 -0.361516
v 0.425369 -0.129835 -0.458930
v -1.358964 -0.129867 -0.117151
v -1.331820 -0.099145 -0.318780
v -1.352237 -0.091714 -0.117151
v -1.337237 -0.129867 -0.318780
v -1.316222 -0.072128 -0.318780
v -1.332866 -0.058163 -0.117151
v -1.292325 -0.052076 -0.318780
v -1.303188 -0.033260 -0.117151
v -1.263010 -0.041406 -0.318780
v -1.266783 -0.020010 -0.117151
v -1.231814 -0.041406 -0.318780
v -1.228041 -0.020010 -0.117151
v -1.202500 -0.052076 -0.318780
v -1.191636 -0.033260 -0.117151
v -1.178602 -0.072128 -0.318780
v -1.161959 -0.058163 -0.117151
v -1.163004 -0.099145 -0.318780
v -1.142588 -0.091714 -0.117151
v -1.157587 -0.129867 -0.318780
v -1.135860 -0.129867 -0.117151
v -1.273884 -0.084016 -0.466228
v -1.256606 -0.077727 -0.466228
v -1.238219 -0.077727 -0.466228
v -1.220940 -0.084016 -0.466228
v -1.206854 -0.095835 -0.466228
v -1.197661 -0.111759 -0.466228
v -1.194468 -0.129867 -0.466228
v -1.253995 -0.092535 -0.489372
v -1.266366 -0.097038 -0.489372
v -1.287970 -0.095835 -0.466228
v -1.297163 -0.111759 -0.466228
v -1.300357 -0.129867 -0.466228
v -1.283034 -0.116902 -0.489372
v -1.285320 -0.129867 -0.489372
v -1.276451 -0.105500 -0.489372
v -1.228458 -0.097038 -0.489372
v -1.218373 -0.105500 -0.489372
v -1.209505 -0.129867 -0.489372
v -1.240830 -0.092535 -0.489372
v -1.211791 -0.116902 -0.489372
v -1.135860 -0.129867 -0.117151
v -1.163004 -0.160589 -0.318780
v -1.142588 -0.168020 -0.117151
v -1.157587 -0.129867 -0.318780
v -1.178602 -0.187605 -0.318780
v -1.161958 -0.201571 -0.117151
v -1.202499 -0.207658 -0.318780
v -1.191636 -0.226474 -0.117151
v -1.231814 -0.218328 -0.318780
v -1.228041 -0.239724 -0.117151
v -1.263010 -0.218328 -0.318780
v -1.266783 -0.239724 -0.117151
v -1.292325 -0.207658 -0.318780
v -1.303188 -0.226474 -0.117151
v -1.316222 -0.187606 -0.318780
v -1.332866 -0.201571 -0.117151
v -1.331820 -0.160589 -0.318780
v -1.352237 -0.168020 -0.117151
v -1.337237 -0.129867 -0.318780
v -1.358964 -0.129867 -0.117151
v -1.220940 -0.175718 -0.466228
v -1.238218 -0.182007 -0.466228
v -1.256606 -0.182007 -0.466228
v -1.273884 -0.175718 -0.466228
v -1.287970 -0.163899 -0.466228
v -1.297163 -0.147975 -0.466228
v -1.300357 -0.129867 -0.466228
v -1.240830 -0.167198 -0.489372
v -1.228458 -0.162696 -0.489372
v -1.206854 -0.163899 -0.466228
v -1.197661 -0.147975 -0.466228
v -1.194468 -0.129867 -0.466228
v -1.211791 -0.142832 -0.489372
v -1.209505 -0.129867 -0.489372
v -1.218373 -0.154233 -0.489372
v -1.266366 -0.162696 -0.489372
v -1.276451 -0.154233 -0.489372
v -1.285320 -0.129867 -0.489372
v -1.253995 -0.167198 -0.489372
v -1.283034 -0.142832 -0.489372
v -1.285320 -0.129867 -0.489372
v -1.247412 -0.129867 -0.504394
v -1.283034 -0.116902 -0.489372
v -1.276451 -0.105500 -0.489372
v -1.266366 -0.097038 -0.489372
v -1.253995 -0.092535 -0.489372
v -1.240830 -0.092535 -0.489372
v -1.228458 -0.097038 -0.489372
v -1.218373 -0.105500 -0.489372
v -1.211791 -0.116902 -0.489372
v -1.209505 -0.129867 -0.489372
v -1.211791 -0.142832 -0.489372
v -1.218373 -0.154233 -0.489372
v -1.228458 -0.162696 -0.489372
v -1.240830 -0.167198 -0.489372
v -1.253995 -0.167198 -0.489372
v -1.266366 -0.162696 -0.489372
v -1.276451 -0.154233 -0.489372
v -1.283034 -0.142832 -0.489372
v -1.358964 -0.129867 -0.117151
v -1.331820 -0.099145 0.084478
v -1.337237 -0.129867 0.084478
v -1.352237 -0.091714 -0.117151
v -1.316222 -0.072128 0.084478
v -1.332866 -0.058163 -0.117151
v -1.292325 -0.052076 0.084478
v -1.303188 -0.033260 -0.117151
v -1.263010 -0.041406 0.084478
v -1.266783 -0.020010 -0.117151
v -1.231814 -0.041406 0.084478
v -1.228041 -0.020010 -0.117151
v -1.202500 -0.052076 0.084478
v -1.191636 -0.033260 -0.117151
v -1.178602 -0.072128 0.084478
v -1.161959 -0.058163 -0.117151
v -1.163004 -0.099145 0.084478
v -1.142588 -0.091714 -0.117151
v -1.157587 -0.129867 0.084478
v -1.135860 -0.129867 -0.117151
v -1.273884 -0.084016 0.231927
v -1.287970 -0.095835 0.231927
v -1.297163 -0.111759 0.231927
v -1.300357 -0.129867 0.231927
v -1.206854 -0.095835 0.231927
v -1.220940 -0.084016 0.231927
v -1.197661 -0.111759 0.231927
v -1.194468 -0.129867 0.231927
v -1.283034 -0.116902 0.255071
v -1.285320 -0.129867 0.255071
v -1.276451 -0.105500 0.255071
v -1.266366 -0.097038 0.255071
v -1.253995 -0.092535 0.255071
v -1.256606 -0.077727 0.231927
v -1.240830 -0.092535 0.255071
v -1.238219 -0.077727 0.231927
v -1.228458 -0.097038 0.255071
v -1.218373 -0.105500 0.255071
v -1.211791 -0.116902 0.255071
v -1.209505 -0.129867 0.255071
v -1.135860 -0.129867 -0.117151
v -1.163004 -0.160589 0.084478
v -1.157587 -0.129867 0.084478
v -1.142588 -0.168020 -0.117151
v -1.178602 -0.187605 0.084478
v -1.161958 -0.201571 -0.117151
v -1.202499 -0.207658 0.084478
v -1.191636 -0.226474 -0.117151
v -1.231814 -0.218328 0.084478
v -1.228041 -0.239724 -0.117151
v -1.263010 -0.218328 0.084478
v -1.266783 -0.239724 -0.117151
v -1.292325 -0.207658 0.084478
v -1.303188 -0.226474 -0.117151
v -1.316222 -0.187606 0.084478
v -1.332866 -0.201571 -0.117151
v -1.331820 -0.160589 0.084478
v -1.352237 -0.168020 -0.117151
v -1.337237 -0.129867 0.084478
v -1.358964 -0.129867 -0.117151
v -1.220940 -0.175718 0.231927
v -1.206854 -0.163899 0.231927
v -1.197661 -0.147975 0.231927
v -1.194468 -0.129867 0.231927
v -1.287970 -0.163899 0.231927
v -1.273884 -0.175718 0.231927
v -1.297163 -0.147975 0.231927
v -1.300357 -0.129867 0.231927
v -1.211791 -0.142832 0.255071
v -1.209505 -0.129867 0.255071
v -1.218373 -0.154233 0.255071
v -1.228458 -0.162696 0.255071
v -1.240830 -0.167198 0.255071
v -1.238218 -0.182007 0.231927
v -1.253995 -0.167198 0.255071
v -1.256606 -0.182007 0.231927
v -1.266366 -0.162696 0.255071
v -1.276451 -0.154233 0.255071
v -1.283034 -0.142832 0.255071
v -1.285320 -0.129867 0.255071
v -1.285320 -0.129867 0.255071
v -1.283034 -0.116902 0.255071
v -1.247412 -0.129867 0.270093
v -1.276451 -0.105500 0.255071
v -1.266366 -0.097038 0.255071
v -1.253995 -0.092535 0.255071
v -1.240830 -0.092535 0.255071
v -1.228458 -0.097038 0.255071
v -1.218373 -0.105500 0.255071
v -1.211791 -0.116902 0.255071
v -1.209505 -0.129867 0.255071
v -1.211791 -0.142832 0.255071
v -1.218373 -0.154233 0.255071
v -1.228458 -0.162696 0.255071
v -1.240830 -0.167198 0.255071
v -1.253995 -0.167198 0.255071
v -1.266366 -0.162696 0.255071
v -1.276451 -0.154233 0.255071
v -1.283034 -0.142832 0.255071
v 1.358964 -0.129867 -0.117151
v 1.331820 -0.099145 -0.318780
v 1.337237 -0.129867 -0.318780
v 1.352237 -0.091714 -0.117151
v 1.316222 -0.072128 -0.318780
v 1.332866 -0.058163 -0.117151
v 1.292325 -0.052076 -0.318780
v 1.303188 -0.033260 -0.117151
v 1.263010 -0.041406 -0.318780
v 1.266783 -0.020010 -0.117151
v 1.231814 -0.041406 -0.318780
v 1.228042 -0.020010 -0.117151
v 1.202500 -0.052076 -0.318780
v 1.191636 -0.033260 -0.117151
v 1.178602 -0.072128 -0.318780
v 1.161959 -0.058163 -0.117151
v 1.163004 -0.099145 -0.318780
v 1.142588 -0.091714 -0.117151
v 1.157587 -0.129867 -0.318780
v 1.135860 -0.129867 -0.117151
v 1.273885 -0.084016 -0.466228
v 1.287970 -0.095835 -0.466228
v 1.297163 -0.111759 -0.466228
v 1.300357 -0.129867 -0.466228
v 1.206855 -0.095835 -0.466228
v 1.220940 -0.084016 -0.466228
v 1.197661 -0.111759 -0.466228
v 1.194468 -0.129867 -0.466228
v 1.283034 -0.116902 -0.489372
v 1.285320 -0.129867 -0.489372
v 1.276451 -0.105500 -0.489372
v 1.266366 -0.097038 -0.489372
v 1.253995 -0.092535 -0.489372
v 1.256606 -0.077727 -0.466228
v 1.240830 -0.092535 -0.489372
v 1.238219 -0.077727 -0.466228
v 1.228458 -0.097038 -0.489372
v 1.218373 -0.105500 -0.489372
v 1.211791 -0.116902 -0.489372
v 1.209505 -0.129867 -0.489372
v 1.135860 -0.129867 -0.117151
v 1.163004 -0.160589 -0.318780
v 1.157587 -0.129867 -0.318780
v 1.142588 -0.168020 -0.117151
v 1.178602 -0.187605 -0.318780
v 1.161959 -0.201571 -0.117151
v 1.202500 -0.207658 -0.318780
v 1.191636 -0.226474 -0.117151
v 1.231814 -0.218328 -0.318780
v 1.228041 -0.239724 -0.117151
v 1.263010 -0.218328 -0.318780
v 1.266783 -0.239724 -0.117151
v 1.292325 -0.207658 -0.318780
v 1.303188 -0.226474 -0.117151
v 1.316222 -0.187606 -0.318780
v 1.332866 -0.201571 -0.117151
v 1.331820 -0.160589 -0.318780
v 1.352237 -0.168020 -0.117151
v 1.337237 -0.129867 -0.318780
v 1.358964 -0.129867 -0.117151
v 1.220940 -0.175718 -0.466228
v 1.206855 -0.163899 -0.466228
v 1.197661 -0.147975 -0.466228
v 1.194468 -0.129867 -0.466228
v 1.287970 -0.163899 -0.466228
v 1.273884 -0.175718 -0.466228
v 1.297163 -0.147975 -0.466228
v 1.300357 -0.129867 -0.466228
v 1.211791 -0.142832 -0.489372
v 1.209505 -0.129867 -0.489372
v 1.218373 -0.154233 -0.489372
v 1.228458 -0.162696 -0.489372
v 1.240830 -0.167198 -0.489372
v 1.238219 -0.182007 -0.466228
v 1.253995 -0.167198 -0.489372
v 1.256606 -0.182007 -0.466228
v 1.266366 -0.162696 -0.489372
v 1.276451 -0.154233 -0.489372
v 1.283034 -0.142832 -0.489372
v 1.285320 -0.129867 -0.489372
v 1.285320 -0.129867 -0.489372
v 1.283034 -0.116902 -0.489372
v 1.247412 -0.129867 -0.504394
v 1.276451 -0.105500 -0.489372
v 1.266366 -0.097038 -0.489372
v 1.253995 -0.092535 -0.489372
v 1.240830 -0.092535 -0.489372
v 1.228458 -0.097038 -0.489372
v 1.218373 -0.105500 -0.489372
v 1.211791 -0.116902 -0.489372
v 1.209505 -0.129867 -0.489372
v 1.211791 -0.142832 -0.489372
v 1.218373 -0.154233 -0.489372
v 1.228458 -0.162696 -0.489372
v 1.240830 -0.167198 -0.489372
v 1.253995 -0.167198 -0.489372
v 1.266366 -0.162696 -0.489372
v 1.276451 -0.154233 -0.489372
v 1.283034 -0.142832 -0.489372
v 1.358964 -0.129867 -0.117151
v 1.331820 -0.099145 0.084478
v 1.352237 -0.091714 -0.117151
v 1.337237 -0.129867 0.084478
v 1.316222 -0.072128 0.084478
v 1.332866 -0.058163 -0.117151
v 1.292325 -0.052076 0.084478
v 1.303188 -0.033260 -0.117151
v 1.263010 -0.041406 0.084478
v 1.266783 -0.020010 -0.117151
v 1.231814 -0.041406 0.084478
v 1.228042 -0.020010 -0.117151
v 1.202500 -0.052076 0.084478
v 1.191636 -0.033260 -0.117151
v 1.178602 -0.072128 0.084478
v 1.161959 -0.058163 -0.117151
v 1.163004 -0.099145 0.084478
v 1.142588 -0.091714 -0.117151
v 1.157587 -0.129867 0.084478
v 1.135860 -0.129867 -0.117151
v 1.273885 -0.084016 0.231927
v 1.256606 -0.077727 0.231927
v 1.238219 -0.077727 0.231927
v 1.220940 -0.084016 0.231927
v 1.206855 -0.095835 0.231927
v 1.197661 -0.111759 0.231927
v 1.194468 -0.129867 0.231927
v 1.253995 -0.092535 0.255071
v 1.266366 -0.097038 0.255071
v 1.287970 -0.095835 0.231927
v 1.297163 -0.111759 0.231927
v 1.300357 -0.129867 0.231927
v 1.283034 -0.116902 0.255071
v 1.285320 -0.129867 0.255071
v 1.276451 -0.105500 0.255071
v 1.228458 -0.097038 0.255071
v 1.218373 -0.105500 0.255071
v 1.209505 -0.129867 0.255071
v 1.240830 -0.092535 0.255071
v 1.211791 -0.116902 0.255071
v 1.135860 -0.129867 -0.117151
v 1.163004 -0.160589 0.084478
v 1.142588 -0.168020 -0.117151
v 1.157587 -0.129867 0.084478
v 1.178602 -0.187605 0.084478
v 1.161959 -0.201571 -0.117151
v 1.202500 -0.207658 0.084478
v 1.191636 -0.226474 -0.117151
v 1.231814 -0.218328 0.084478
v 1.228041 -0.239724 -0.117151
v 1.263010 -0.218328 0.084478
v 1.266783 -0.239724 -0.117151
v 1.292325 -0.207658 0.084478
v 1.303188 -0.226474 -0.117151
v 1.316222 -0.187606 0.084478
v 1.332866 -0.201571 -0.117151
v 1.331820 -0.160589 0.084478
v 1.352237 -0.168020 -0.117151
v 1.337237 -0.129867 0.084478
v 1.358964 -0.129867 -0.117151
v 1.220940 -0.175718 0.231927
v 1.238219 -0.182007 0.231927
v 1.256606 -0.182007 0.231927
v 1.273884 -0.175718 0.231927
v 1.287970 -0.163899 0.231927
v 1.297163 -0.147975 0.231927
v 1.300357 -0.129867 0.231927
v 1.240830 -0.167198 0.255071
v 1.228458 -0.162696 0.255071
v 1.206855 -0.163899 0.231927
v 1.197661 -0.147975 0.231927
v 1.194468 -0.129867 0.231927
v 1.211791 -0.142832 0.255071
v 1.209505 -0.129867 0.255071
v 1.218373 -0.154233 0.255071
v 1.266366 -0.162696 0.255071
v 1.276451 -0.154233 0.255071
v 1.285320 -0.129867 0.255071
v 1.253995 -0.167198 0.255071
v 1.283034 -0.142832 0.255071
v 1.285320 -0.129867 0.255071
v 1.247412 -0.129867 0.270093
v 1.283034 -0.116902 0.255071
v 1.276451 -0.105500 0.255071
v 1.266366 -0.097038 0.255071
v 1.253995 -0.092535 0.255071
v 1.240830 -0.092535 0.255071
v 1.228458 -0.097038 0.255071
v 1.218373 -0.105500 0.255071
v 1.211791 -0.116902 0.255071
v 1.209505 -0.129867 0.255071
v 1.211791 -0.142832 0.255071
v 1.218373 -0.154233 0.255071
v 1.228458 -0.162696 0.255071
v 1.240830 -0.167198 0.255071
v 1.253995 -0.167198 0.255071
v 1.266366 -0.162696 0.255071
v 1.276451 -0.154233 0.255071
v 1.283034 -0.142832 0.255071
vn -0.1819 0.9026 0.3902
vn -0.0000 0.9207 0.3903
vn -0.1853 0.9222 0.3395
vn 0.0001 0.9408 0.3391
vn -0.3630 0.8673 0.3406
vn -0.3563 0.8492 0.3897
vn -0.5258 0.7788 0.3420
vn -0.5163 0.7629 0.3891
vn -0.6675 0.6606 0.3436
vn -0.6558 0.6474 0.3883
vn -0.7829 0.5176 0.3451
vn -0.7695 0.5076 0.3875
vn -0.8680 0.3557 0.3464
vn -0.8535 0.3490 0.3868
vn -0.9202 0.1811 0.3471
vn -0.9051 0.1777 0.3864
vn -0.9378 -0.0001 0.3472
vn -0.9224 -0.0000 0.3862
vn -0.9203 -0.1812 0.3468
vn -0.9051 -0.1777 0.3864
vn -0.8682 -0.3559 0.3458
vn -0.8535 -0.3490 0.3868
vn -0.7831 -0.5178 0.3443
vn -0.7695 -0.5076 0.3875
vn -0.6678 -0.6608 0.3427
vn -0.6558 -0.6474 0.3883
vn -0.5260 -0.7790 0.3412
vn -0.5163 -0.7629 0.3891
vn -0.3632 -0.8675 0.3400
vn -0.3563 -0.8492 0.3897
vn -0.1855 -0.9223 0.3392
vn -0.1819 -0.9026 0.3902
vn -0.0001 -0.9408 0.3391
vn -0.0000 -0.9207 0.3903
vn -0.9045 -0.3742 0.2046
vn -0.9599 -0.1907 0.2055
vn -0.9786 -0.0001 0.2058
vn -0.9600 0.1906 0.2052
vn -0.9046 0.3742 0.2040
vn -0.8146 0.5436 0.2023
vn -0.6932 0.6923 0.2003
vn -0.5450 0.8146 0.1983
vn -0.3756 0.9057 0.1967
vn -0.1915 0.9618 0.1957
vn -0.0000 0.9807 0.1955
vn -0.0000 0.9947 0.1025
vn -0.2007 0.9743 0.1025
vn -0.3929 0.9139 0.1025
vn -0.4689 0.8773 0.1021
vn -0.5734 0.8128 0.1025
vn -0.6311 0.7690 0.1021
vn -0.7308 0.6749 0.1025
vn -0.7694 0.6306 0.1020
vn -0.8581 0.5069 0.0813
vn -0.9218 0.3818 0.0665
vn -0.9786 0.1947 0.0666
vn -0.9978 -0.0000 0.0666
vn -0.9786 -0.1947 0.0666
vn -0.9218 -0.3818 0.0666
vn -0.8296 -0.5543 0.0666
vn -0.8145 -0.5435 0.2030
vn -0.6931 -0.6922 0.2011
vn -0.5450 -0.8145 0.1991
vn -0.3756 -0.9055 0.1973
vn -0.1916 -0.9617 0.1960
vn -0.0000 -0.9807 0.1955
vn -0.7055 -0.7055 0.0666
vn -0.5543 -0.8296 0.0666
vn -0.3818 -0.9218 0.0666
vn -0.1947 -0.9786 0.0666
vn -0.0000 -0.9978 0.0665
vn -0.5556 -0.8315 -0.0003
vn -0.7071 -0.7071 -0.0003
vn -0.8315 -0.5556 -0.0003
vn -0.9239 -0.3827 -0.0003
vn -0.9808 -0.1951 -0.0003
vn -1.0000 -0.0000 -0.0003
vn -0.9808 0.1951 -0.0003
vn -0.3827 -0.9239 -0.0003
vn -0.1951 -0.9808 -0.0003
vn -0.0000 -1.0000 -0.0003
vn -0.9972 -0.0000 -0.0743
vn -0.9781 0.1946 -0.0743
vn -0.9565 0.2901 -0.0312
vn -0.9569 0.2903 0.0013
vn -0.9564 0.2902 -0.0313
vn -0.9484 0.3156 -0.0310
vn -0.9214 0.3815 -0.0740
vn -0.8786 0.4696 -0.0868
vn -0.1946 -0.9781 -0.0743
vn -0.3816 -0.9213 -0.0743
vn -0.0000 -0.9972 -0.0743
vn -0.9106 0.3772 -0.1687
vn -0.8759 0.4682 -0.1170
vn -0.8546 0.5059 -0.1174
vn -0.8196 0.5476 -0.1687
vn -0.7677 0.6300 -0.1170
vn -0.7294 0.6740 -0.1174
vn -0.6970 0.6970 -0.1687
vn -0.6300 0.7677 -0.1170
vn -0.6210 0.7567 -0.2044
vn -0.9667 0.1923 -0.1687
vn -0.9857 -0.0000 -0.1687
vn -0.9667 -0.1923 -0.1687
vn -0.9781 -0.1946 -0.0743
vn -0.9213 -0.3816 -0.0743
vn -0.8292 -0.5540 -0.0743
vn -0.7052 -0.7052 -0.0743
vn -0.5540 -0.8292 -0.0743
vn -0.9106 -0.3772 -0.1687
vn -0.8196 -0.5476 -0.1687
vn -0.6970 -0.6970 -0.1687
vn -0.5476 -0.8196 -0.1687
vn -0.3772 -0.9106 -0.1687
vn -0.1923 -0.9667 -0.1687
vn -0.0000 -0.9857 -0.1687
vn -0.7963 -0.5321 -0.2878
vn -0.8848 -0.3665 -0.2878
vn -0.9393 -0.1868 -0.2878
vn -0.9577 -0.0000 -0.2878
vn -0.9393 0.1868 -0.2878
vn -0.8848 0.3665 -0.2878
vn -0.7963 0.5321 -0.2878
vn -0.6772 0.6772 -0.2878
vn -0.5321 0.7963 -0.2878
vn -0.5614 0.7977 -0.2204
vn -0.3884 0.8948 -0.2204
vn -0.3665 0.8848 -0.2878
vn -0.5032 0.7531 -0.4238
vn -0.3466 0.8368 -0.4238
vn -0.1868 0.9393 -0.2878
vn -0.1767 0.8884 -0.4238
vn -0.0000 0.9577 -0.2878
vn -0.0000 0.9754 -0.2205
vn -0.1966 0.9554 -0.2205
vn -0.0000 0.9058 -0.4238
vn -0.6405 0.6405 -0.4238
vn -0.7531 0.5032 -0.4238
vn -0.8368 0.3466 -0.4238
vn -0.8884 0.1767 -0.4238
vn -0.9058 -0.0000 -0.4238
vn -0.8884 -0.1767 -0.4238
vn -0.8368 -0.3466 -0.4238
vn -0.7531 -0.5032 -0.4238
vn -0.6405 -0.6405 -0.4238
vn -0.6772 -0.6772 -0.2878
vn -0.5321 -0.7963 -0.2878
vn -0.3665 -0.8848 -0.2878
vn -0.1868 -0.9393 -0.2878
vn -0.0000 -0.9577 -0.2878
vn -0.5032 -0.7531 -0.4238
vn -0.3466 -0.8368 -0.4238
vn -0.1767 -0.8884 -0.4238
vn -0.0000 -0.9058 -0.4238
vn -0.4549 -0.6807 -0.5742
vn -0.5789 -0.5789 -0.5742
vn -0.6807 -0.4549 -0.5742
vn -0.7564 -0.3133 -0.5742
vn -0.8030 -0.1597 -0.5742
vn -0.8187 -0.0000 -0.5742
vn -0.8030 0.1597 -0.5742
vn -0.7564 0.3133 -0.5742
vn -0.6807 0.4549 -0.5742
vn -0.5789 0.5789 -0.5742
vn -0.4549 0.6807 -0.5742
vn -0.3133 0.7564 -0.5742
vn -0.1597 0.8030 -0.5742
vn -0.0000 0.8187 -0.5742
vn -0.2533 0.6116 -0.7495
vn -0.1291 0.6493 -0.7495
vn -0.0000 0.6620 -0.7495
vn -0.1291 0.6492 -0.7495
vn -0.3678 0.5504 -0.7495
vn -0.4681 0.4681 -0.7495
vn -0.5504 0.3678 -0.7495
vn -0.6116 0.2533 -0.7495
vn -0.6492 0.1291 -0.7495
vn -0.6620 -0.0000 -0.7495
vn -0.6492 -0.1291 -0.7495
vn -0.6116 -0.2533 -0.7495
vn -0.5504 -0.3678 -0.7495
vn -0.4681 -0.4681 -0.7495
vn -0.3678 -0.5504 -0.7495
vn -0.2533 -0.6116 -0.7495
vn -0.3133 -0.7564 -0.5742
vn -0.1597 -0.8030 -0.5742
vn -0.0000 -0.8187 -0.5742
vn -0.1291 -0.6492 -0.7495
vn -0.0000 -0.6620 -0.7495
vn -0.2782 -0.2782 -0.9194
vn -0.3271 -0.2186 -0.9194
vn -0.3635 -0.1505 -0.9194
vn -0.3858 -0.0767 -0.9194
vn -0.3934 -0.0000 -0.9194
vn -0.3858 0.0767 -0.9194
vn -0.3634 0.1505 -0.9194
vn -0.3271 0.2185 -0.9194
vn -0.2782 0.2782 -0.9194
vn -0.2186 0.3271 -0.9194
vn -0.1505 0.3634 -0.9194
vn -0.0938 0.4387 -0.8937
vn 0.0064 0.4485 -0.8937
vn 0.1819 -0.9026 0.3902
vn 0.1853 -0.9222 0.3395
vn 0.3630 -0.8673 0.3406
vn 0.3563 -0.8492 0.3897
vn 0.5258 -0.7788 0.3420
vn 0.5163 -0.7629 0.3891
vn 0.6675 -0.6606 0.3436
vn 0.6558 -0.6474 0.3883
vn 0.7829 -0.5176 0.3451
vn 0.7695 -0.5076 0.3875
vn 0.8680 -0.3557 0.3464
vn 0.8535 -0.3490 0.3868
vn 0.9202 -0.1811 0.3471
vn 0.9051 -0.1777 0.3864
vn 0.9378 0.0001 0.3472
vn 0.9224 -0.0000 0.3862
vn 0.9203 0.1812 0.3468
vn 0.9051 0.1777 0.3864
vn 0.8682 0.3559 0.3458
vn 0.8535 0.3490 0.3868
vn 0.7831 0.5178 0.3443
vn 0.7695 0.5076 0.3875
vn 0.6677 0.6608 0.3427
vn 0.6558 0.6474 0.3883
vn 0.5260 0.7790 0.3412
vn 0.5163 0.7629 0.3891
vn 0.3632 0.8675 0.3400
vn 0.3563 0.8492 0.3897
vn 0.1855 0.9223 0.3392
vn 0.1819 0.9026 0.3902
vn 0.9045 0.3742 0.2046
vn 0.9599 0.1907 0.2055
vn 0.9786 0.0001 0.2058
vn 0.9600 -0.1906 0.2052
vn 0.9046 -0.3742 0.2040
vn 0.8146 -0.5436 0.2023
vn 0.6932 -0.6923 0.2003
vn 0.5450 -0.8146 0.1983
vn 0.3756 -0.9057 0.1967
vn 0.1915 -0.9618 0.1957
vn -0.0001 -0.9807 0.1955
vn 0.1947 -0.9786 0.0666
vn 0.3818 -0.9218 0.0666
vn 0.5543 -0.8296 0.0666
vn 0.7055 -0.7055 0.0666
vn 0.8296 -0.5543 0.0666
vn 0.9218 -0.3818 0.0666
vn 0.9786 -0.1947 0.0666
vn 0.9978 -0.0000 0.0666
vn 0.9786 0.1947 0.0666
vn 0.9218 0.3818 0.0665
vn 0.8145 0.5435 0.2030
vn 0.6931 0.6922 0.2011
vn 0.5450 0.8145 0.1991
vn 0.3756 0.9055 0.1973
vn 0.1916 0.9617 0.1960
vn 0.8581 0.5069 0.0813
vn 0.7694 0.6306 0.1020
vn 0.7308 0.6749 0.1025
vn 0.6311 0.7690 0.1021
vn 0.5734 0.8128 0.1025
vn 0.4689 0.8773 0.1021
vn 0.3929 0.9139 0.1025
vn 0.2007 0.9743 0.1025
vn 0.3861 0.9192 0.0776
vn 0.4808 0.8753 -0.0520
vn 0.4995 0.8626 -0.0801
vn 0.5012 0.8466 -0.1791
vn 0.5157 0.8446 -0.1438
vn 0.4864 0.8346 -0.2586
vn 0.4645 0.8420 -0.2744
vn 0.5015 0.8271 -0.2538
vn 0.4421 0.8431 -0.3060
vn 0.5247 0.8106 -0.2601
vn 0.5271 0.8117 -0.2515
vn 0.4776 0.8550 -0.2020
vn 0.4780 0.8422 -0.2494
vn 0.4781 0.8515 -0.2151
vn 0.4295 0.8956 -0.1160
vn 0.4228 0.8990 -0.1142
vn 0.3863 0.9204 -0.0608
vn 0.3843 0.9213 -0.0598
vn 0.4128 0.9108 -0.0104
vn 0.4151 0.9096 -0.0166
vn 0.4111 0.9046 0.1126
vn 0.4111 0.9050 0.1089
vn 0.4247 0.8811 0.2079
vn 0.4230 0.8828 0.2042
vn 0.4116 0.8796 0.2385
vn 0.4120 0.8783 0.2425
vn 0.4473 0.8545 0.2641
vn 0.4471 0.8598 0.2468
vn 0.4505 0.8503 0.2721
vn 0.4551 0.8455 0.2792
vn 0.4904 0.8316 0.2605
vn 0.4903 0.8387 0.2369
vn 0.5298 0.8352 0.1474
vn 0.5434 0.8221 0.1698
vn 0.5250 0.8444 0.1064
vn 0.5268 0.8448 0.0938
vn 0.5267 0.8430 0.1088
vn 0.4652 0.8852 -0.0048
vn 0.4782 0.8782 0.0010
vn 0.2882 0.9575 -0.0152
vn 0.3026 0.9530 0.0144
vn 0.1514 0.9347 0.3216
vn 0.1785 0.9351 0.3063
vn 0.1081 0.9259 0.3620
vn -0.0068 0.9514 0.3078
vn -0.0060 0.9513 0.3082
vn -0.8815 0.4712 0.0306
vn -0.9481 0.3165 0.0307
vn -0.9565 0.2901 0.0306
vn 0.1951 -0.9808 -0.0003
vn 0.3827 -0.9239 -0.0003
vn 0.5556 -0.8315 -0.0003
vn 0.7071 -0.7071 -0.0003
vn 0.8315 -0.5556 -0.0003
vn 0.9239 -0.3827 -0.0003
vn 0.9808 -0.1951 -0.0003
vn 1.0000 -0.0000 -0.0003
vn 0.9808 0.1951 -0.0003
vn 0.9565 0.2902 0.0306
vn 0.9569 0.2903 0.0013
vn 0.9565 0.2901 0.0306
vn 0.9481 0.3165 0.0307
vn 0.8815 0.4712 0.0306
vn 0.9781 -0.1945 -0.0743
vn 0.9213 -0.3816 -0.0743
vn 0.9972 -0.0000 -0.0743
vn 0.9781 0.1946 -0.0743
vn 0.9564 0.2902 -0.0312
vn 0.9213 0.3816 -0.0743
vn 0.9470 0.3198 -0.0304
vn 0.9565 0.2901 -0.0312
vn 0.8786 0.4696 -0.0868
vn 0.9667 -0.1923 -0.1687
vn 0.9106 -0.3772 -0.1687
vn 0.8292 -0.5540 -0.0743
vn 0.7052 -0.7052 -0.0743
vn 0.5540 -0.8292 -0.0743
vn 0.3816 -0.9213 -0.0743
vn 0.1946 -0.9781 -0.0743
vn 0.1923 -0.9667 -0.1687
vn 0.3772 -0.9106 -0.1687
vn 0.5476 -0.8196 -0.1687
vn 0.6970 -0.6970 -0.1687
vn 0.8196 -0.5476 -0.1687
vn 0.1868 -0.9393 -0.2878
vn 0.3665 -0.8848 -0.2878
vn 0.5321 -0.7963 -0.2878
vn 0.6772 -0.6772 -0.2878
vn 0.7963 -0.5321 -0.2878
vn 0.8848 -0.3665 -0.2878
vn 0.9393 -0.1868 -0.2878
vn 0.9577 -0.0000 -0.2878
vn 0.9857 -0.0000 -0.1687
vn 0.9667 0.1923 -0.1687
vn 0.9106 0.3772 -0.1687
vn 0.8759 0.4682 -0.1170
vn 0.8196 0.5476 -0.1687
vn 0.8546 0.5059 -0.1174
vn 0.7677 0.6300 -0.1170
vn 0.6970 0.6970 -0.1687
vn 0.7294 0.6740 -0.1174
vn 0.6300 0.7677 -0.1170
vn 0.6210 0.7567 -0.2044
vn 0.9393 0.1868 -0.2878
vn 0.8848 0.3665 -0.2878
vn 0.7963 0.5321 -0.2878
vn 0.6772 0.6772 -0.2878
vn 0.5321 0.7963 -0.2878
vn 0.5614 0.7977 -0.2204
vn 0.8884 0.1767 -0.4238
vn 0.9058 -0.0000 -0.4238
vn 0.8884 -0.1767 -0.4238
vn 0.8368 -0.3466 -0.4238
vn 0.7531 -0.5032 -0.4238
vn 0.6405 -0.6405 -0.4238
vn 0.5032 -0.7531 -0.4238
vn 0.3466 -0.8368 -0.4238
vn 0.1767 -0.8884 -0.4238
vn 0.1597 -0.8030 -0.5742
vn 0.3133 -0.7564 -0.5742
vn 0.4549 -0.6807 -0.5742
vn 0.5789 -0.5789 -0.5742
vn 0.6807 -0.4549 -0.5742
vn 0.7564 -0.3133 -0.5742
vn 0.8030 -0.1597 -0.5742
vn 0.8187 -0.0000 -0.5742
vn 0.8030 0.1597 -0.5742
vn 0.7564 0.3133 -0.5742
vn 0.8368 0.3466 -0.4238
vn 0.7531 0.5032 -0.4238
vn 0.6405 0.6405 -0.4238
vn 0.5032 0.7531 -0.4238
vn 0.3466 0.8368 -0.4238
vn 0.3665 0.8848 -0.2878
vn 0.1767 0.8884 -0.4238
vn 0.1868 0.9393 -0.2878
vn 0.2832 0.9336 -0.2195
vn 0.3884 0.8948 -0.2204
vn 0.5789 0.5789 -0.5742
vn 0.6807 0.4549 -0.5742
vn 0.3133 0.7564 -0.5742
vn 0.4549 0.6807 -0.5742
vn 0.1597 0.8030 -0.5742
vn 0.5504 0.3678 -0.7495
vn 0.6116 0.2533 -0.7495
vn 0.6492 0.1291 -0.7495
vn 0.6620 -0.0000 -0.7495
vn 0.6492 -0.1291 -0.7495
vn 0.6116 -0.2533 -0.7495
vn 0.5504 -0.3678 -0.7495
vn 0.4681 -0.4681 -0.7495
vn 0.3678 -0.5504 -0.7495
vn 0.2533 -0.6116 -0.7495
vn 0.1291 -0.6492 -0.7495
vn 0.0767 -0.3858 -0.9194
vn -0.0000 -0.3934 -0.9194
vn 0.1505 -0.3635 -0.9194
vn 0.2185 -0.3271 -0.9194
vn 0.2781 -0.2781 -0.9194
vn 0.3271 -0.2186 -0.9194
vn 0.3634 -0.1505 -0.9194
vn 0.3858 -0.0768 -0.9194
vn 0.3934 -0.0000 -0.9194
vn 0.3858 0.0767 -0.9194
vn 0.3635 0.1505 -0.9194
vn 0.3271 0.2186 -0.9194
vn 0.2782 0.2782 -0.9194
vn 0.4681 0.4681 -0.7495
vn 0.3678 0.5504 -0.7495
vn 0.2533 0.6116 -0.7495
vn 0.1291 0.6492 -0.7495
vn 0.2186 0.3271 -0.9194
vn 0.1506 0.3634 -0.9194
vn 0.0768 0.3858 -0.9194
vn 0.1966 0.9554 -0.2205
vn -0.2186 -0.3271 -0.9194
vn -0.1506 -0.3634 -0.9194
vn -0.0767 -0.3858 -0.9194
vn -0.0204 0.2074 -0.9780
vn 0.0007 -0.0068 -1.0000
vn -0.2185 0.3271 -0.9194
vn -0.3271 0.2186 -0.9194
vn -0.3634 -0.1505 -0.9194
vn -0.3271 -0.2185 -0.9194
vn -0.1505 -0.3634 -0.9194
vn -0.0768 -0.3858 -0.9194
vn 0.0768 -0.3858 -0.9194
vn 0.1505 -0.3634 -0.9194
vn 0.2186 -0.3271 -0.9194
vn 0.2782 -0.2782 -0.9194
vn 0.3271 -0.2185 -0.9194
vn 0.3858 -0.0767 -0.9194
vn 0.3634 0.1505 -0.9194
vn 0.2185 0.3271 -0.9194
vn 0.1505 0.3634 -0.9194
vn 0.0767 0.3858 -0.9194
vn 0.0064 0.4486 -0.8937
vn -0.2832 0.9336 -0.2195
vn -0.0992 0.9236 0.3702
vn -0.1346 0.9377 0.3203
vn -0.0067 0.9514 0.3078
vn -0.1552 0.9548 0.2533
vn -0.3317 0.9428 -0.0335
vn -0.3334 0.9413 -0.0534
vn -0.4855 0.8742 0.0044
vn -0.4927 0.8698 0.0271
vn -0.4724 0.8616 0.1856
vn -0.4632 0.8595 0.2161
vn -0.4719 0.8663 0.1638
vn -0.5286 0.8356 0.1497
vn -0.5420 0.8209 0.1797
vn -0.4950 0.8315 0.2523
vn -0.4849 0.8397 0.2445
vn -0.4528 0.8520 0.2627
vn -0.4514 0.8479 0.2778
vn -0.4495 0.8529 0.2654
vn -0.4454 0.8594 0.2512
vn -0.4114 0.8813 0.2325
vn -0.4119 0.8799 0.2369
vn -0.4235 0.8807 0.2120
vn -0.4246 0.8815 0.2066
vn -0.4112 0.9047 0.1115
vn -0.4109 0.9053 0.1080
vn -0.4148 0.9099 -0.0066
vn -0.4127 0.9108 -0.0127
vn -0.3847 0.9203 -0.0710
vn -0.3868 0.9195 -0.0693
vn -0.4230 0.8989 -0.1140
vn -0.4292 0.8964 -0.1105
vn -0.4744 0.8565 -0.2034
vn -0.4800 0.8514 -0.2114
vn -0.4811 0.8397 -0.2518
vn -0.5260 0.8149 -0.2435
vn -0.5214 0.8184 -0.2417
vn -0.4673 0.8400 -0.2757
vn -0.4324 0.8411 -0.3250
vn -0.4951 0.8307 -0.2546
vn -0.5029 0.8453 -0.1805
vn -0.4838 0.8331 -0.2682
vn -0.5183 0.8432 -0.1427
vn -0.4837 0.8730 -0.0630
vn -0.5040 0.8602 -0.0769
vn -0.3577 0.9295 0.0897
vn -0.3379 0.9383 0.0733
vn -0.1382 0.9352 -0.3262
vn -0.1381 0.9290 -0.3434
vn 0.0033 0.9554 -0.2955
vn 0.0030 0.9553 -0.2956
vn 0.1109 0.9402 -0.3220
vn 0.1024 0.9354 -0.3386
vn 0.1234 -0.0000 0.9924
vn 0.1295 -0.0000 0.9916
vn -0.0000 -0.0000 1.0000
vn 0.2714 -0.0000 0.9625
vn 0.2565 -0.0000 0.9665
vn 0.4173 -0.0000 0.9088
vn 0.3947 -0.0000 0.9188
vn 0.5476 -0.0000 0.8367
vn 0.5276 -0.0000 0.8495
vn 0.6905 -0.0000 0.7234
vn 0.6619 -0.0000 0.7496
vn 0.8000 -0.0000 0.6000
vn 0.7888 -0.0000 0.6146
vn 0.8748 -0.0000 0.4845
vn 0.8618 -0.0000 0.5073
vn 0.9285 -0.0000 0.3714
vn 0.9241 -0.0000 0.3822
vn 0.9582 -0.0000 0.2860
vn 0.9550 -0.0000 0.2967
vn 0.9850 -0.0000 0.1723
vn 0.9827 -0.0000 0.1850
vn 0.9968 -0.0000 0.0797
vn 0.9966 -0.0000 0.0819
vn 0.9995 -0.0000 0.0322
vn 0.9995 -0.0000 0.0323
vn 0.9997 -0.0000 -0.0234
vn 0.9997 -0.0000 -0.0251
vn 0.9968 -0.0000 -0.0800
vn 0.9966 -0.0000 -0.0825
vn 0.9849 -0.0000 -0.1732
vn 0.9825 -0.0000 -0.1864
vn 0.9515 -0.0000 -0.3076
vn 0.9455 -0.0000 -0.3256
vn 0.8608 -0.0000 -0.5089
vn 0.8333 -0.0000 -0.5528
vn 0.6705 -0.0000 -0.7419
vn 0.6292 -0.0000 -0.7773
vn 0.4545 -0.0000 -0.8907
vn 0.4207 -0.0000 -0.9072
vn 0.2676 -0.0000 -0.9635
vn 0.2487 -0.0000 -0.9686
vn 0.1079 -0.0000 -0.9942
vn 0.1005 -0.0000 -0.9949
vn -0.0000 -0.0000 -1.0000
vn -0.1217 -0.0000 0.9926
vn -0.1276 -0.0000 0.9918
vn -0.2542 -0.0000 0.9671
vn -0.2692 -0.0000 0.9631
vn -0.3966 -0.0000 0.9180
vn -0.4189 -0.0000 0.9080
vn -0.5311 -0.0000 0.8473
vn -0.5513 -0.0000 0.8343
vn -0.6637 -0.0000 0.7480
vn -0.6920 -0.0000 0.7219
vn -0.7888 -0.0000 0.6146
vn -0.8000 -0.0000 0.6000
vn -0.8618 -0.0000 0.5073
vn -0.8748 -0.0000 0.4845
vn -0.9241 -0.0000 0.3822
vn -0.9285 -0.0000 0.3714
vn -0.9550 -0.0000 0.2967
vn -0.9582 -0.0000 0.2860
vn -0.9827 -0.0000 0.1850
vn -0.9850 -0.0000 0.1723
vn -0.9966 -0.0000 0.0819
vn -0.9968 -0.0000 0.0797
vn -0.9995 -0.0000 0.0323
vn -0.9995 -0.0000 0.0322
vn -0.9997 -0.0000 -0.0251
vn -0.9997 -0.0000 -0.0234
vn -0.9966 -0.0000 -0.0825
vn -0.9968 -0.0000 -0.0800
vn -0.9825 -0.0000 -0.1864
vn -0.9849 -0.0000 -0.1732
vn -0.9455 -0.0000 -0.3256
vn -0.9515 -0.0000 -0.3076
vn -0.8333 -0.0000 -0.5528
vn -0.8608 -0.0000 -0.5089
vn -0.6292 -0.0000 -0.7773
vn -0.6705 -0.0000 -0.7419
vn -0.4304 -0.0000 -0.9026
vn -0.4617 -0.0000 -0.8871
vn -0.2458 -0.0000 -0.9693
vn -0.2681 -0.0000 -0.9634
vn -0.0937 -0.0000 -0.9956
vn -0.1004 -0.0000 -0.9949
vn -0.0000 1.0000 -0.0000
vn -0.9230 0.3197 0.2143
vn -0.9247 0.3161 0.2119
vn -1.0000 0.0021 0.0014
vn -1.0000 -0.0021 -0.0014
vn -0.7083 0.5864 0.3930
vn -0.7058 0.5885 0.3944
vn -0.3835 0.7672 0.5142
vn -0.3817 0.7678 0.5146
vn -0.9247 -0.3161 -0.2119
vn -0.9230 -0.3197 -0.2143
vn -0.7083 -0.5864 -0.3930
vn -0.7058 -0.5885 -0.3944
vn -0.3835 -0.7672 -0.5142
vn -0.3817 -0.7678 -0.5146
vn -0.0000 -0.8307 -0.5567
vn 0.3835 -0.7672 -0.5142
vn 0.3817 -0.7678 -0.5146
vn 0.7083 -0.5864 -0.3930
vn 0.7058 -0.5885 -0.3944
vn 0.9247 -0.3161 -0.2119
vn 0.9230 -0.3197 -0.2143
vn 1.0000 0.0021 0.0014
vn 1.0000 -0.0021 -0.0014
vn 0.9230 0.3197 0.2143
vn 0.9247 0.3161 0.2119
vn 0.7058 0.5885 0.3944
vn 0.7083 0.5864 0.3930
vn 0.3817 0.7678 0.5146
vn 0.3835 0.7672 0.5142
vn -0.0000 0.8307 0.5567
vn -0.0000 0.5736 -0.8192
vn -0.0000 0.5736 -0.8191
vn -0.4562 -0.3440 0.8207
vn -0.6971 -0.1398 0.7032
vn -0.4938 -0.4988 0.7123
vn -0.7546 -0.3764 0.5375
vn -0.5336 0.0607 0.8436
vn -0.3491 -0.2128 0.9126
vn -0.2888 0.1947 0.9374
vn -0.1890 -0.1251 0.9740
vn -0.0000 0.2417 0.9703
vn -0.0000 -0.0943 0.9955
vn -0.4562 -0.6536 0.6040
vn -0.6971 -0.6129 0.3719
vn -0.3491 -0.7848 0.5121
vn -0.5336 -0.8135 0.2315
vn -0.1890 -0.8725 0.4507
vn -0.2888 -0.9475 0.1377
vn -0.0000 -0.9032 0.4291
vn -0.0000 -0.9945 0.1047
vn 0.1890 -0.8725 0.4507
vn 0.2888 -0.9475 0.1377
vn 0.3491 -0.7848 0.5121
vn 0.5336 -0.8135 0.2315
vn 0.4562 -0.6536 0.6040
vn 0.6971 -0.6129 0.3719
vn 0.4938 -0.4988 0.7123
vn 0.7546 -0.3764 0.5375
vn 0.4562 -0.3440 0.8207
vn 0.6971 -0.1398 0.7032
vn 0.3491 -0.2128 0.9126
vn 0.5336 0.0607 0.8436
vn 0.1890 -0.1251 0.9740
vn 0.2888 0.1947 0.9374
vn 0.3744 0.6220 0.6877
vn -0.0000 0.6830 0.7304
vn 0.6919 0.4482 0.5661
vn 0.9039 0.1882 0.3840
vn 0.9784 -0.1185 0.1692
vn 0.9039 -0.4252 -0.0455
vn 0.6919 -0.6852 -0.2276
vn 0.3744 -0.8590 -0.3493
vn -0.0000 -0.9200 -0.3920
vn -0.3744 -0.8590 -0.3493
vn -0.6919 -0.6852 -0.2276
vn -0.9039 -0.4252 -0.0455
vn -0.9784 -0.1185 0.1692
vn -0.9039 0.1882 0.3840
vn -0.6919 0.4482 0.5661
vn -0.3744 0.6220 0.6877
vn -0.9039 0.4252 0.0455
vn -0.9784 0.1185 -0.1692
vn -0.6919 0.6852 0.2276
vn -0.3744 0.8590 0.3493
vn -0.0000 0.9200 0.3920
vn -0.6971 0.6129 -0.3719
vn -0.7546 0.3764 -0.5375
vn -0.5336 0.8135 -0.2315
vn -0.2888 0.9475 -0.1377
vn -0.0000 0.9945 -0.1047
vn -0.9039 -0.1882 -0.3840
vn -0.6919 -0.4482 -0.5661
vn -0.3744 -0.6220 -0.6877
vn -0.0000 -0.6830 -0.7304
vn 0.3744 -0.6220 -0.6877
vn 0.6919 -0.4482 -0.5661
vn 0.9039 -0.1882 -0.3840
vn 0.9784 0.1185 -0.1692
vn 0.9039 0.4252 0.0455
vn 0.6919 0.6852 0.2276
vn 0.3744 0.8590 0.3492
vn 0.2888 0.9475 -0.1377
vn 0.5336 0.8135 -0.2315
vn 0.6971 0.6129 -0.3719
vn 0.7546 0.3764 -0.5375
vn 0.6971 0.1398 -0.7032
vn 0.5336 -0.0607 -0.8436
vn 0.2888 -0.1947 -0.9374
vn -0.0000 -0.2417 -0.9703
vn -0.2888 -0.1947 -0.9374
vn -0.5336 -0.0607 -0.8436
vn -0.6971 0.1398 -0.7032
vn 0.4562 0.3440 -0.8207
vn 0.3491 0.2128 -0.9126
vn 0.1890 0.1251 -0.9740
vn -0.0000 0.0943 -0.9955
vn -0.1890 0.1251 -0.9740
vn -0.3491 0.2128 -0.9126
vn -0.4562 0.3440 -0.8207
vn -0.4938 0.4988 -0.7123
vn -0.4562 0.6536 -0.6040
vn -0.3491 0.7848 -0.5121
vn -0.1890 0.8725 -0.4507
vn -0.0000 0.9032 -0.4291
vn 0.1890 0.8725 -0.4507
vn 0.3491 0.7848 -0.5121
vn 0.4562 0.6536 -0.6040
vn 0.4938 0.4988 -0.7123
vn -0.0000 -0.5736 0.8192
vn -0.0337 0.9994 0.0004
vn -0.0337 0.9994 0.0005
vn -0.0331 0.9995 0.0008
vn -0.0336 0.9994 0.0005
vn -0.0338 0.9994 0.0005
vn -0.0330 0.9995 0.0001
vn -0.0333 0.9994 0.0004
vn -0.0316 0.9995 0.0012
vn -0.0000 1.0000 0.0024
vn -0.0000 1.0000 0.0045
vn -0.0333 0.9994 0.0047
vn -0.0352 0.9993 0.0143
vn 0.0714 0.7736 -0.6297
vn -0.0000 0.8373 -0.5467
vn 0.1097 0.5294 -0.8413
vn -0.0000 0.6252 -0.7805
vn -0.0250 0.7739 -0.6328
vn -0.0060 0.5275 -0.8496
vn -0.0947 0.7837 -0.6138
vn -0.1022 0.5438 -0.8330
vn -0.1382 0.7894 -0.5981
vn -0.1659 0.5462 -0.8211
vn -0.2095 0.7934 -0.5715
vn -0.2594 0.5507 -0.7934
vn -0.2885 0.8009 -0.5248
vn -0.3650 0.5599 -0.7438
vn -0.3595 0.8134 -0.4573
vn -0.4665 0.5759 -0.6714
vn -0.4024 0.8328 -0.3801
vn -0.5556 0.5957 -0.5800
vn -0.4497 0.8423 -0.2972
vn -0.6511 0.6027 -0.4613
vn -0.4964 0.8443 -0.2019
vn -0.7260 0.6075 -0.3224
vn -0.5085 0.8524 -0.1217
vn -0.7552 0.6220 -0.2069
vn -0.4983 0.8641 -0.0712
vn -0.7579 0.6394 -0.1293
vn -0.4850 0.8742 -0.0230
vn -0.7571 0.6510 -0.0549
vn -0.4662 0.8841 0.0330
vn -0.7461 0.6649 0.0354
vn -0.4428 0.8946 0.0603
vn -0.7234 0.6841 0.0934
vn -0.4058 0.9117 0.0638
vn -0.6918 0.7133 0.1126
vn -0.4036 0.9117 0.0766
vn -0.6895 0.7114 0.1360
vn -0.3957 0.9124 0.1051
vn -0.6794 0.7099 0.1854
vn -0.3750 0.9148 0.1499
vn -0.6509 0.7123 0.2627
vn -0.3399 0.9204 0.1933
vn -0.5989 0.7217 0.3470
vn -0.3028 0.9253 0.2285
vn -0.5350 0.7297 0.4257
vn -0.2661 0.9264 0.2665
vn -0.4643 0.7301 0.5014
vn -0.2302 0.9259 0.2993
vn -0.3942 0.7303 0.5580
vn -0.2099 0.9233 0.3216
vn -0.3511 0.7285 0.5883
vn -0.1876 0.9188 0.3474
vn -0.3095 0.7156 0.6262
vn -0.4744 0.2766 0.8358
vn -0.4101 0.2665 0.8722
vn -0.4896 -0.0000 0.8720
vn -0.4212 -0.0003 0.9070
vn -0.5371 0.2815 0.7951
vn -0.5561 -0.0000 0.8311
vn -0.6381 0.2838 0.7157
vn -0.6625 -0.0000 0.7491
vn -0.7424 0.2846 0.6065
vn -0.7731 -0.0000 0.6343
vn -0.8297 0.2786 0.4836
vn -0.8646 -0.0000 0.5024
vn -0.8928 0.2702 0.3603
vn -0.9280 -0.0000 0.3726
vn -0.9292 0.2662 0.2564
vn -0.9640 -0.0000 0.2659
vn -0.9451 0.2657 0.1901
vn -0.9802 -0.0000 0.1978
vn -0.9509 0.2663 0.1578
vn -0.9864 -0.0000 0.1642
vn -0.9627 0.2430 0.1189
vn -0.9928 -0.0000 0.1200
vn -0.9723 0.2317 0.0305
vn -0.9997 -0.0000 0.0249
vn -0.9714 0.2209 -0.0869
vn -0.9955 -0.0000 -0.0952
vn -0.9602 0.2114 -0.1826
vn -0.9812 -0.0000 -0.1932
vn -0.9390 0.2010 -0.2792
vn -0.9565 -0.0000 -0.2918
vn -0.8891 0.1926 -0.4153
vn -0.9036 -0.0000 -0.4284
vn -0.7905 0.1892 -0.5825
vn -0.8022 -0.0000 -0.5971
vn -0.6574 0.1841 -0.7307
vn -0.5302 0.1726 -0.8301
vn -0.4064 0.1626 -0.8991
vn -0.2833 0.1564 -0.9462
vn -0.1760 0.1528 -0.9725
vn -0.0971 0.1504 -0.9839
vn 0.0167 0.1450 -0.9893
vn 0.1404 0.1431 -0.9797
vn -0.0000 0.1829 -0.9831
vn 0.1435 0.0001 -0.9896
vn -0.0000 0.0029 -1.0000
vn 0.0228 -0.0000 -0.9997
vn -0.0927 -0.0000 -0.9957
vn -0.1738 -0.0000 -0.9848
vn -0.2809 -0.0000 -0.9597
vn -0.4039 -0.0000 -0.9148
vn -0.5285 -0.0000 -0.8489
vn -0.6622 -0.0000 -0.7493
vn -0.1435 0.0001 -0.9896
vn -0.1404 0.1431 -0.9797
vn -0.0000 0.6251 -0.7805
vn -0.1097 0.5294 -0.8413
vn -0.0714 0.7736 -0.6297
vn 0.0250 0.7739 -0.6328
vn 0.0059 0.5275 -0.8496
vn 0.0947 0.7838 -0.6138
vn 0.1022 0.5438 -0.8330
vn 0.1382 0.7894 -0.5981
vn 0.1659 0.5462 -0.8211
vn 0.2095 0.7934 -0.5715
vn 0.2594 0.5507 -0.7934
vn 0.2885 0.8008 -0.5248
vn 0.3650 0.5599 -0.7438
vn 0.3595 0.8134 -0.4573
vn 0.4665 0.5759 -0.6714
vn 0.4025 0.8328 -0.3801
vn 0.5556 0.5957 -0.5800
vn 0.4497 0.8423 -0.2972
vn 0.6511 0.6027 -0.4613
vn 0.4964 0.8443 -0.2019
vn 0.7260 0.6075 -0.3224
vn 0.5085 0.8524 -0.1217
vn 0.7552 0.6220 -0.2069
vn 0.4983 0.8641 -0.0712
vn 0.7579 0.6394 -0.1293
vn 0.4850 0.8742 -0.0230
vn 0.7571 0.6510 -0.0549
vn 0.4662 0.8841 0.0330
vn 0.7461 0.6649 0.0354
vn 0.4428 0.8946 0.0603
vn 0.7234 0.6841 0.0934
vn 0.4058 0.9117 0.0638
vn 0.6918 0.7133 0.1126
vn 0.4035 0.9117 0.0766
vn 0.6895 0.7114 0.1360
vn 0.3957 0.9124 0.1051
vn 0.6794 0.7099 0.1854
vn 0.3750 0.9148 0.1499
vn 0.6509 0.7123 0.2627
vn 0.3399 0.9204 0.1933
vn 0.5989 0.7217 0.3470
vn 0.3028 0.9253 0.2285
vn 0.5350 0.7297 0.4257
vn 0.2661 0.9264 0.2665
vn 0.4643 0.7301 0.5014
vn 0.2302 0.9260 0.2993
vn 0.3942 0.7303 0.5580
vn 0.2099 0.9233 0.3216
vn 0.3511 0.7285 0.5883
vn 0.1876 0.9188 0.3473
vn 0.3095 0.7156 0.6262
vn 0.4744 0.2766 0.8358
vn 0.4101 0.2665 0.8722
vn 0.4896 -0.0000 0.8720
vn 0.4212 -0.0003 0.9070
vn 0.5371 0.2816 0.7951
vn 0.5561 -0.0000 0.8311
vn 0.6381 0.2838 0.7157
vn 0.6625 -0.0000 0.7491
vn 0.7424 0.2846 0.6065
vn 0.7731 -0.0000 0.6343
vn 0.8297 0.2786 0.4836
vn 0.8646 -0.0000 0.5024
vn 0.8928 0.2702 0.3603
vn 0.9280 -0.0000 0.3726
vn 0.9292 0.2662 0.2564
vn 0.9640 -0.0000 0.2659
vn 0.9451 0.2657 0.1901
vn 0.9802 -0.0000 0.1978
vn 0.9509 0.2663 0.1578
vn 0.9864 -0.0000 0.1642
vn 0.9627 0.2430 0.1189
vn 0.9928 -0.0000 0.1200
vn 0.9723 0.2317 0.0305
vn 0.9997 -0.0000 0.0249
vn 0.9714 0.2209 -0.0869
vn 0.9955 -0.0000 -0.0952
vn 0.9602 0.2114 -0.1826
vn 0.9812 -0.0000 -0.1932
vn 0.9390 0.2010 -0.2792
vn 0.9565 -0.0000 -0.2918
vn 0.8891 0.1926 -0.4153
vn 0.9036 -0.0000 -0.4284
vn 0.7905 0.1892 -0.5825
vn 0.8022 -0.0000 -0.5971
vn 0.6574 0.1841 -0.7307
vn 0.5302 0.1726 -0.8301
vn 0.4064 0.1626 -0.8991
vn 0.2833 0.1564 -0.9462
vn 0.1761 0.1528 -0.9724
vn 0.0971 0.1504 -0.9839
vn -0.0167 0.1450 -0.9893
vn -0.0228 -0.0000 -0.9997
vn 0.0927 -0.0000 -0.9957
vn 0.1738 -0.0000 -0.9848
vn 0.2809 -0.0000 -0.9597
vn 0.4039 -0.0000 -0.9148
vn 0.5285 -0.0000 -0.8489
vn 0.6622 -0.0000 -0.7493
vn -0.0080 -0.9988 -0.0475
vn -0.0175 -0.9995 -0.0246
vn -0.0000 -1.0000 0.0019
vn -0.0287 -0.9996 -0.0014
vn -0.0337 -0.9994 0.0005
vn -0.0322 -0.9995 0.0017
vn -0.0336 -0.9994 0.0005
vn -0.0338 -0.9994 0.0005
vn -0.0337 -0.9994 0.0009
vn -0.0330 -0.9994 0.0045
vn -0.0000 -1.0000 0.0045
vn -0.0353 -0.9993 0.0156
vn 0.0713 -0.7736 -0.6297
vn 0.1096 -0.5294 -0.8413
vn -0.0000 -0.8365 -0.5480
vn -0.0000 -0.6225 -0.7826
vn -0.0250 -0.7739 -0.6328
vn -0.0060 -0.5275 -0.8496
vn -0.0947 -0.7838 -0.6138
vn -0.1022 -0.5438 -0.8330
vn -0.1382 -0.7894 -0.5982
vn -0.1659 -0.5462 -0.8211
vn -0.2095 -0.7934 -0.5715
vn -0.2594 -0.5507 -0.7934
vn -0.2885 -0.8008 -0.5248
vn -0.3650 -0.5599 -0.7438
vn -0.3595 -0.8134 -0.4573
vn -0.4665 -0.5759 -0.6714
vn -0.4024 -0.8328 -0.3801
vn -0.5556 -0.5957 -0.5800
vn -0.4497 -0.8423 -0.2972
vn -0.6511 -0.6027 -0.4613
vn -0.4964 -0.8443 -0.2019
vn -0.7260 -0.6075 -0.3224
vn -0.5085 -0.8524 -0.1217
vn -0.7552 -0.6220 -0.2069
vn -0.4983 -0.8641 -0.0712
vn -0.7579 -0.6394 -0.1293
vn -0.4850 -0.8742 -0.0230
vn -0.7571 -0.6510 -0.0549
vn -0.4662 -0.8841 0.0330
vn -0.7461 -0.6649 0.0354
vn -0.4428 -0.8946 0.0603
vn -0.7234 -0.6841 0.0934
vn -0.4058 -0.9117 0.0638
vn -0.6918 -0.7133 0.1126
vn -0.4036 -0.9117 0.0766
vn -0.6895 -0.7114 0.1360
vn -0.3957 -0.9123 0.1051
vn -0.6794 -0.7099 0.1854
vn -0.3750 -0.9148 0.1499
vn -0.6509 -0.7123 0.2627
vn -0.3399 -0.9204 0.1933
vn -0.5989 -0.7217 0.3470
vn -0.3028 -0.9253 0.2285
vn -0.5350 -0.7297 0.4257
vn -0.2661 -0.9264 0.2665
vn -0.4643 -0.7301 0.5014
vn -0.2302 -0.9259 0.2993
vn -0.3942 -0.7303 0.5580
vn -0.2099 -0.9233 0.3216
vn -0.3511 -0.7285 0.5883
vn -0.1873 -0.9188 0.3475
vn -0.3083 -0.7151 0.6273
vn -0.4744 -0.2766 0.8358
vn -0.4085 -0.2670 0.8728
vn -0.5371 -0.2816 0.7951
vn -0.6381 -0.2838 0.7157
vn -0.7424 -0.2846 0.6065
vn -0.8297 -0.2786 0.4836
vn -0.8928 -0.2702 0.3603
vn -0.9292 -0.2662 0.2564
vn -0.9451 -0.2657 0.1901
vn -0.9509 -0.2663 0.1578
vn -0.9627 -0.2430 0.1189
vn -0.9723 -0.2317 0.0305
vn -0.9714 -0.2209 -0.0869
vn -0.9602 -0.2114 -0.1826
vn -0.9390 -0.2010 -0.2792
vn -0.8891 -0.1926 -0.4153
vn -0.7905 -0.1892 -0.5825
vn -0.6574 -0.1841 -0.7307
vn -0.5302 -0.1726 -0.8301
vn -0.4064 -0.1626 -0.8991
vn -0.2834 -0.1564 -0.9462
vn -0.1760 -0.1528 -0.9725
vn -0.0970 -0.1504 -0.9839
vn 0.0167 -0.1450 -0.9893
vn 0.1403 -0.1430 -0.9797
vn -0.0000 -0.1775 -0.9841
vn 0.1435 -0.0000 -0.9896
vn -0.1435 -0.0000 -0.9896
vn -0.1403 -0.1430 -0.9797
vn -0.1095 -0.5294 -0.8413
vn -0.0713 -0.7736 -0.6297
vn 0.0250 -0.7739 -0.6328
vn 0.0059 -0.5275 -0.8496
vn 0.0947 -0.7838 -0.6138
vn 0.1022 -0.5438 -0.8330
vn 0.1382 -0.7894 -0.5981
vn 0.1659 -0.5462 -0.8211
vn 0.2095 -0.7934 -0.5715
vn 0.2594 -0.5507 -0.7934
vn 0.2885 -0.8008 -0.5248
vn 0.3650 -0.5599 -0.7438
vn 0.3595 -0.8134 -0.4573
vn 0.4665 -0.5759 -0.6714
vn 0.4024 -0.8328 -0.3801
vn 0.5556 -0.5957 -0.5800
vn 0.4497 -0.8423 -0.2972
vn 0.6511 -0.6027 -0.4613
vn 0.4964 -0.8443 -0.2019
vn 0.7260 -0.6075 -0.3224
vn 0.5085 -0.8524 -0.1217
vn 0.7552 -0.6220 -0.2069
vn 0.4983 -0.8641 -0.0712
vn 0.7579 -0.6394 -0.1293
vn 0.4849 -0.8742 -0.0230
vn 0.7571 -0.6510 -0.0549
vn 0.4662 -0.8841 0.0330
vn 0.7461 -0.6649 0.0354
vn 0.4428 -0.8946 0.0603
vn 0.7234 -0.6841 0.0934
vn 0.4058 -0.9117 0.0638
vn 0.6918 -0.7133 0.1126
vn 0.4036 -0.9117 0.0766
vn 0.6895 -0.7114 0.1360
vn 0.3957 -0.9123 0.1051
vn 0.6794 -0.7099 0.1854
vn 0.3750 -0.9148 0.1499
vn 0.6509 -0.7123 0.2627
vn 0.3399 -0.9204 0.1933
vn 0.5989 -0.7217 0.3470
vn 0.3028 -0.9253 0.2285
vn 0.5350 -0.7297 0.4257
vn 0.2661 -0.9264 0.2665
vn 0.4643 -0.7301 0.5014
vn 0.2302 -0.9259 0.2993
vn 0.3942 -0.7303 0.5580
vn 0.2099 -0.9233 0.3216
vn 0.3511 -0.7285 0.5883
vn 0.1873 -0.9188 0.3475
vn 0.3083 -0.7151 0.6273
vn 0.4744 -0.2766 0.8358
vn 0.4085 -0.2670 0.8728
vn 0.5371 -0.2816 0.7951
vn 0.6381 -0.2838 0.7157
vn 0.7424 -0.2846 0.6065
vn 0.8297 -0.2786 0.4836
vn 0.8928 -0.2702 0.3603
vn 0.9292 -0.2662 0.2564
vn 0.9451 -0.2657 0.1901
vn 0.9509 -0.2663 0.1578
vn 0.9627 -0.2430 0.1189
vn 0.9723 -0.2317 0.0305
vn 0.9714 -0.2209 -0.0869
vn 0.9602 -0.2114 -0.1826
vn 0.9390 -0.2010 -0.2792
vn 0.8891 -0.1926 -0.4153
vn 0.7905 -0.1892 -0.5825
vn 0.6574 -0.1841 -0.7307
vn 0.5302 -0.1726 -0.8301
vn 0.4064 -0.1626 -0.8991
vn 0.2834 -0.1564 -0.9462
vn 0.1761 -0.1528 -0.9724
vn 0.0971 -0.1504 -0.9839
vn -0.0167 -0.1450 -0.9893
vn -0.0000 0.6192 0.7852
vn -0.0000 0.8804 0.4743
vn -0.0000 0.2030 0.9792
vn -0.0000 -0.0077 1.0000
vn -0.0000 -0.6255 0.7802
vn -0.0000 -0.8823 0.4707
vn -0.0000 -0.2172 0.9761
vn -0.0000 -0.0076 1.0000
vn 0.0316 0.9995 0.0012
vn 0.0330 0.9995 0.0001
vn 0.0336 0.9994 0.0005
vn 0.0331 0.9995 0.0008
vn 0.0337 0.9994 0.0005
vn 0.0332 0.9994 0.0004
vn 0.0336 0.9994 0.0006
vn 0.0333 0.9994 0.0047
vn 0.0352 0.9993 0.0144
vn 0.0337 -0.9994 0.0005
vn 0.0336 -0.9994 0.0005
vn 0.0330 -0.9994 0.0045
vn 0.0322 -0.9995 0.0017
vn 0.0287 -0.9996 -0.0014
vn 0.0338 -0.9994 0.0005
vn 0.0175 -0.9995 -0.0246
vn 0.0080 -0.9988 -0.0475
vn 0.0353 -0.9993 0.0155
vn 0.9978 -0.0182 -0.0645
vn 0.9978 -0.0181 -0.0642
vn 0.9983 -0.0163 -0.0563
vn 0.9979 -0.0201 -0.0614
vn 0.9978 -0.0181 -0.0641
vn 0.9980 -0.0208 -0.0592
vn 0.9974 -0.0284 -0.0655
vn 0.9978 -0.0181 -0.0643
vn 0.9978 -0.0180 -0.0643
vn 0.9978 -0.0178 -0.0642
vn 0.9978 -0.0180 -0.0642
vn 0.9978 -0.0179 -0.0641
vn 0.9559 -0.1810 -0.2314
vn -0.9735 -0.1653 -0.1579
vn 0.9985 -0.0125 -0.0538
vn 0.9925 -0.0385 -0.1157
vn 0.8282 -0.2093 -0.5199
vn 0.6372 -0.2894 -0.7144
vn 0.7333 -0.2495 -0.6325
vn 0.4997 -0.3206 -0.8047
vn 0.7333 -0.1922 -0.6522
vn 0.4960 -0.2530 -0.8306
vn 0.7439 -0.1348 -0.6546
vn 0.5107 -0.1767 -0.8414
vn 0.7491 -0.0975 -0.6553
vn 0.5128 -0.1242 -0.8495
vn 0.7558 -0.0345 -0.6539
vn 0.5188 -0.0433 -0.8538
vn 0.7687 0.0425 -0.6382
vn 0.5315 0.0561 -0.8452
vn 0.7890 0.1232 -0.6020
vn 0.5526 0.1636 -0.8172
vn 0.8154 0.1880 -0.5475
vn 0.5782 0.2733 -0.7687
vn 0.8341 0.2631 -0.4847
vn 0.5941 0.4090 -0.6927
vn 0.8465 0.3482 -0.4027
vn 0.6080 0.5410 -0.5811
vn 0.8592 0.3982 -0.3212
vn 0.6263 0.6219 -0.4701
vn 0.8706 0.4151 -0.2640
vn 0.6429 0.6611 -0.3869
vn 0.8800 0.4280 -0.2060
vn 0.6516 0.6959 -0.3018
vn 0.8888 0.4383 -0.1337
vn 0.6623 0.7242 -0.1918
vn 0.8969 0.4317 -0.0958
vn 0.6773 0.7264 -0.1168
vn 0.8580 0.5066 -0.0853
vn 0.6230 0.7775 -0.0857
vn 0.8543 0.5159 -0.0639
vn 0.6159 0.7860 -0.0537
vn 0.8513 0.5246 -0.0124
vn 0.6091 0.7929 0.0170
vn 0.8497 0.5222 0.0722
vn 0.6053 0.7854 0.1294
vn 0.8525 0.4982 0.1584
vn 0.6077 0.7521 0.2551
vn 0.8545 0.4657 0.2301
vn 0.6078 0.7017 0.3716
vn 0.8489 0.4317 0.3050
vn 0.5994 0.6412 0.4790
vn 0.8418 0.3958 0.3671
vn 0.5926 0.5784 0.5607
vn 0.8349 0.3751 0.4028
vn 0.5876 0.5388 0.6036
vn 0.8276 0.3799 0.4132
vn 0.5835 0.5382 0.6082
vn 0.1631 0.6457 0.7460
vn 0.1598 0.6447 0.7475
vn -0.0000 0.6524 0.7579
vn 0.0001 0.6519 0.7583
vn 0.1673 0.6958 0.6985
vn -0.0000 0.7034 0.7108
vn 0.1725 0.7764 0.6062
vn -0.0000 0.7856 0.6187
vn 0.1786 0.8594 0.4790
vn -0.0000 0.8717 0.4901
vn 0.1809 0.9258 0.3318
vn -0.0000 0.9408 0.3389
vn 0.1809 0.9668 0.1803
vn -0.0000 0.9826 0.1857
vn 0.1825 0.9819 0.0514
vn -0.0000 0.9983 0.0575
vn 0.1857 0.9821 -0.0312
vn -0.0000 0.9997 -0.0252
vn 0.1894 0.9793 -0.0713
vn -0.0000 0.9978 -0.0660
vn 0.2283 0.9658 -0.1228
vn -0.0000 0.9926 -0.1212
vn 0.2230 0.9472 -0.2305
vn -0.0000 0.9718 -0.2359
vn 0.2164 0.9039 -0.3689
vn -0.0000 0.9263 -0.3767
vn 0.2102 0.8538 -0.4763
vn -0.0000 0.8737 -0.4865
vn 0.2019 0.7911 -0.5774
vn -0.0000 0.8076 -0.5897
vn 0.1930 0.6819 -0.7056
vn -0.0000 0.6958 -0.7183
vn 0.1861 0.5149 -0.8368
vn -0.0000 0.5256 -0.8507
vn 0.1771 0.3324 -0.9263
vn 0.1637 0.1858 -0.9689
vn 0.1528 0.0610 -0.9864
vn 0.1462 -0.0515 -0.9879
vn 0.1429 -0.1429 -0.9794
vn 0.1413 -0.2072 -0.9681
vn 0.1368 -0.2961 -0.9453
vn 0.1362 -0.3686 -0.9196
vn 0.1934 -0.3700 -0.9087
vn -0.0000 -0.3718 -0.9283
vn -0.0000 -0.3774 -0.9261
vn -0.0000 -0.3014 -0.9535
vn -0.0000 -0.2110 -0.9775
vn -0.0000 -0.1450 -0.9894
vn -0.0000 -0.0538 -0.9986
vn -0.0000 0.0582 -0.9983
vn -0.0000 0.3354 -0.9421
vn -0.9983 -0.0236 -0.0538
vn -0.9980 -0.0199 -0.0595
vn -0.9981 -0.0204 -0.0589
vn -0.9978 -0.0174 -0.0640
vn -0.9978 -0.0181 -0.0642
vn -0.9978 -0.0177 -0.0646
vn -0.9978 -0.0180 -0.0642
vn -0.9978 -0.0182 -0.0642
vn -0.9978 -0.0186 -0.0642
vn -0.9978 -0.0180 -0.0643
vn -0.9978 -0.0181 -0.0640
vn -0.9973 -0.0194 -0.0702
vn -0.9925 -0.0387 -0.1162
vn -0.4997 -0.3206 -0.8047
vn -0.6372 -0.2894 -0.7144
vn -0.7333 -0.2495 -0.6325
vn -0.8282 -0.2093 -0.5199
vn -0.7333 -0.1922 -0.6521
vn -0.4960 -0.2530 -0.8306
vn -0.7438 -0.1348 -0.6546
vn -0.5107 -0.1767 -0.8414
vn -0.7491 -0.0975 -0.6553
vn -0.5128 -0.1242 -0.8495
vn -0.7558 -0.0345 -0.6539
vn -0.5188 -0.0433 -0.8538
vn -0.7687 0.0425 -0.6382
vn -0.5315 0.0561 -0.8452
vn -0.7890 0.1232 -0.6019
vn -0.5526 0.1636 -0.8172
vn -0.8154 0.1880 -0.5475
vn -0.5782 0.2733 -0.7687
vn -0.8341 0.2631 -0.4847
vn -0.5941 0.4090 -0.6927
vn -0.8465 0.3482 -0.4027
vn -0.6080 0.5410 -0.5811
vn -0.8592 0.3982 -0.3212
vn -0.6263 0.6219 -0.4701
vn -0.8706 0.4151 -0.2640
vn -0.6429 0.6611 -0.3869
vn -0.8800 0.4280 -0.2060
vn -0.6516 0.6959 -0.3018
vn -0.8888 0.4383 -0.1337
vn -0.6623 0.7242 -0.1918
vn -0.8969 0.4317 -0.0958
vn -0.6773 0.7264 -0.1168
vn -0.8580 0.5066 -0.0853
vn -0.6230 0.7776 -0.0857
vn -0.8543 0.5159 -0.0639
vn -0.6159 0.7860 -0.0537
vn -0.8513 0.5246 -0.0124
vn -0.6091 0.7929 0.0170
vn -0.8497 0.5222 0.0722
vn -0.6053 0.7854 0.1294
vn -0.8525 0.4982 0.1584
vn -0.6077 0.7521 0.2551
vn -0.8545 0.4657 0.2301
vn -0.6078 0.7018 0.3716
vn -0.8489 0.4317 0.3050
vn -0.5994 0.6412 0.4790
vn -0.8418 0.3958 0.3671
vn -0.5926 0.5784 0.5607
vn -0.8349 0.3751 0.4028
vn -0.5876 0.5388 0.6036
vn -0.8276 0.3799 0.4132
vn -0.5838 0.5385 0.6076
vn -0.1631 0.6457 0.7460
vn -0.1596 0.6453 0.7471
vn -0.1673 0.6958 0.6985
vn -0.1725 0.7764 0.6062
vn -0.1786 0.8594 0.4790
vn -0.1809 0.9258 0.3318
vn -0.1809 0.9668 0.1803
vn -0.1825 0.9819 0.0514
vn -0.1857 0.9821 -0.0312
vn -0.1894 0.9793 -0.0713
vn -0.2283 0.9658 -0.1228
vn -0.2230 0.9472 -0.2305
vn -0.2164 0.9039 -0.3689
vn -0.2102 0.8538 -0.4763
vn -0.2019 0.7911 -0.5774
vn -0.1930 0.6819 -0.7056
vn -0.1862 0.5149 -0.8368
vn -0.1771 0.3324 -0.9263
vn -0.1637 0.1858 -0.9689
vn -0.1528 0.0611 -0.9864
vn -0.1462 -0.0515 -0.9879
vn -0.1429 -0.1429 -0.9794
vn -0.1413 -0.2072 -0.9681
vn -0.1368 -0.2961 -0.9453
vn -0.1362 -0.3686 -0.9196
vn -0.1934 -0.3700 -0.9087
vn 0.7568 0.4444 0.4793
vn 0.4277 0.6070 0.6697
vn 0.1217 0.6619 0.7396
vn 0.0002 0.6653 0.7465
vn -0.7568 0.4444 0.4793
vn -0.4286 0.6058 0.6703
vn -0.1214 0.6610 0.7405
vn 0.0002 0.6653 0.7466
vn -0.9390 0.3418 -0.0392
vn -0.9372 0.3411 -0.0729
vn -0.9992 -0.0000 -0.0392
vn -0.9973 -0.0000 -0.0729
vn -0.7640 0.6411 -0.0729
vn -0.7655 0.6423 -0.0392
vn -0.4987 0.8637 -0.0729
vn -0.4996 0.8654 -0.0392
vn -0.1732 0.9822 -0.0729
vn -0.1735 0.9841 -0.0392
vn 0.1732 0.9822 -0.0729
vn 0.1735 0.9841 -0.0392
vn 0.4987 0.8637 -0.0729
vn 0.4996 0.8654 -0.0392
vn 0.7640 0.6411 -0.0729
vn 0.7655 0.6423 -0.0392
vn 0.9372 0.3411 -0.0729
vn 0.9390 0.3418 -0.0392
vn 0.9973 -0.0000 -0.0729
vn 0.9992 -0.0000 -0.0392
vn -0.4924 0.8528 -0.1740
vn -0.1710 0.9698 -0.1740
vn 0.1710 0.9698 -0.1740
vn 0.4924 0.8528 -0.1740
vn 0.7544 0.6330 -0.1740
vn 0.9254 0.3368 -0.1740
vn 0.9847 -0.0000 -0.1740
vn -0.1597 0.9057 -0.3927
vn -0.4598 0.7965 -0.3927
vn -0.7544 0.6330 -0.1740
vn -0.9254 0.3368 -0.1740
vn -0.9847 -0.0000 -0.1740
vn -0.8642 0.3145 -0.3927
vn -0.9197 -0.0000 -0.3927
vn -0.7045 0.5912 -0.3927
vn 0.4598 0.7965 -0.3927
vn 0.7045 0.5912 -0.3927
vn 0.9197 -0.0000 -0.3927
vn -0.6134 0.2232 -0.7576
vn -0.6528 -0.0000 -0.7576
vn -0.5000 0.4196 -0.7576
vn -0.3264 0.5653 -0.7576
vn -0.1133 0.6429 -0.7576
vn 0.1134 0.6428 -0.7576
vn 0.1597 0.9057 -0.3927
vn 0.3264 0.5653 -0.7576
vn 0.5000 0.4196 -0.7576
vn 0.8642 0.3145 -0.3927
vn 0.6134 0.2233 -0.7576
vn 0.6528 -0.0000 -0.7576
vn 0.9390 -0.3418 -0.0392
vn 0.9372 -0.3411 -0.0729
vn 0.7640 -0.6411 -0.0729
vn 0.7655 -0.6423 -0.0392
vn 0.4987 -0.8637 -0.0729
vn 0.4996 -0.8654 -0.0392
vn 0.1732 -0.9822 -0.0729
vn 0.1735 -0.9841 -0.0392
vn -0.1732 -0.9822 -0.0729
vn -0.1735 -0.9841 -0.0392
vn -0.4987 -0.8637 -0.0729
vn -0.4996 -0.8654 -0.0392
vn -0.7640 -0.6411 -0.0729
vn -0.7655 -0.6423 -0.0392
vn -0.9372 -0.3411 -0.0729
vn -0.9390 -0.3418 -0.0392
vn 0.4924 -0.8528 -0.1740
vn 0.1710 -0.9698 -0.1740
vn -0.1710 -0.9698 -0.1740
vn -0.4924 -0.8528 -0.1740
vn -0.7544 -0.6330 -0.1740
vn -0.9254 -0.3368 -0.1740
vn 0.1597 -0.9057 -0.3927
vn 0.4598 -0.7965 -0.3927
vn 0.7544 -0.6330 -0.1740
vn 0.9254 -0.3368 -0.1740
vn 0.8642 -0.3145 -0.3927
vn 0.7045 -0.5912 -0.3927
vn -0.4598 -0.7965 -0.3927
vn -0.7045 -0.5912 -0.3927
vn 0.6134 -0.2233 -0.7576
vn 0.5000 -0.4196 -0.7576
vn 0.3264 -0.5653 -0.7576
vn 0.1133 -0.6429 -0.7576
vn -0.1133 -0.6428 -0.7576
vn -0.1597 -0.9057 -0.3927
vn -0.3264 -0.5653 -0.7576
vn -0.5001 -0.4196 -0.7576
vn -0.8642 -0.3145 -0.3927
vn -0.6134 -0.2232 -0.7576
vn -0.6134 0.2233 -0.7576
vn -0.6527 -0.0000 -0.7576
vn -0.1133 0.6428 -0.7576
vn 0.1133 0.6428 -0.7576
vn 0.6134 0.2232 -0.7576
vn 0.6527 -0.0000 -0.7576
vn 0.6134 -0.2232 -0.7576
vn 0.1134 -0.6428 -0.7576
vn -0.5000 -0.4196 -0.7576
vn -0.6134 -0.2233 -0.7576
vn -0.0000 0.0001 1.0000
vn -0.0001 -0.0000 1.0000
vn -0.0817 -0.9463 0.3128
vn -0.2035 -0.8710 0.4471
vn -0.1365 -0.7932 0.5934
vn -0.3033 -0.5957 0.7437
vn -0.0210 -0.7941 0.6074
vn -0.0144 -0.9534 0.3013
vn -0.1910 -0.3264 0.9257
vn -0.3525 -0.2016 0.9138
vn -0.1963 -0.0000 0.9805
vn -0.3564 -0.0000 0.9343
vn -0.0258 -0.3382 0.9407
vn -0.0255 -0.0000 0.9997
vn -0.3033 0.5957 0.7437
vn -0.2035 0.8710 0.4471
vn -0.1365 0.7932 0.5934
vn -0.0817 0.9463 0.3128
vn -0.0210 0.7941 0.6074
vn -0.0144 0.9534 0.3013
vn -0.1910 0.3264 0.9257
vn -0.3525 0.2016 0.9138
vn -0.0258 0.3382 0.9407
vn -0.0283 -0.9996 0.0005
vn -0.0330 -0.9994 0.0040
vn -0.0226 -0.9997 0.0075
vn -0.0272 -0.9996 0.0066
vn -0.0418 -0.9991 0.0002
vn -0.0418 -0.9991 0.0006
vn -0.0067 -1.0000 -0.0000
vn -0.1093 -0.6491 -0.7528
vn -0.0781 -0.8893 -0.4505
vn -0.1067 -0.6801 -0.7253
vn -0.0781 -0.8889 -0.4513
vn -0.1265 -0.2204 -0.9672
vn -0.1264 -0.2245 -0.9662
vn -0.1274 -0.0000 -0.9919
vn -0.0418 0.9991 0.0006
vn -0.0348 0.9994 0.0045
vn -0.0191 0.9496 0.3130
vn -0.0279 0.9995 0.0135
vn -0.0280 0.9996 0.0004
vn -0.0281 0.9996 0.0004
vn -0.0284 0.9996 -0.0000
vn -0.1093 0.6491 -0.7528
vn -0.1067 0.6801 -0.7253
vn -0.0781 0.8893 -0.4505
vn -0.0781 0.8889 -0.4513
vn -0.1264 0.2245 -0.9662
vn -0.1265 0.2204 -0.9672
vn 0.3033 -0.5957 0.7437
vn 0.2035 -0.8710 0.4471
vn 0.1365 -0.7932 0.5934
vn 0.0817 -0.9463 0.3128
vn 0.0210 -0.7941 0.6074
vn 0.0144 -0.9534 0.3013
vn 0.1910 -0.3264 0.9257
vn 0.3525 -0.2016 0.9138
vn 0.1963 -0.0000 0.9805
vn 0.3564 -0.0000 0.9343
vn 0.0258 -0.3382 0.9407
vn 0.0255 -0.0000 0.9997
vn 0.0817 0.9463 0.3128
vn 0.2035 0.8710 0.4471
vn 0.1365 0.7932 0.5934
vn 0.3033 0.5957 0.7437
vn 0.0210 0.7941 0.6074
vn 0.0144 0.9534 0.3013
vn 0.1910 0.3264 0.9257
vn 0.3525 0.2016 0.9138
vn 0.0258 0.3382 0.9407
vn 0.0067 -1.0000 -0.0000
vn 0.0272 -0.9996 0.0066
vn 0.0226 -0.9997 0.0075
vn 0.0330 -0.9994 0.0040
vn 0.0418 -0.9991 0.0002
vn 0.0418 -0.9991 0.0006
vn 0.0283 -0.9996 0.0005
vn 0.0781 -0.8889 -0.4513
vn 0.0781 -0.8893 -0.4505
vn 0.1067 -0.6801 -0.7253
vn 0.1093 -0.6491 -0.7528
vn 0.1265 -0.2204 -0.9672
vn 0.1264 -0.2245 -0.9662
vn 0.1274 -0.0000 -0.9919
vn 0.0284 0.9996 -0.0000
vn 0.0281 0.9996 0.0004
vn 0.0279 0.9995 0.0135
vn 0.0280 0.9996 0.0004
vn 0.0348 0.9994 0.0045
vn 0.0191 0.9496 0.3130
vn 0.0418 0.9991 0.0006
vn 0.0781 0.8889 -0.4513
vn 0.1067 0.6801 -0.7253
vn 0.0781 0.8893 -0.4505
vn 0.1093 0.6491 -0.7528
vn 0.1264 0.2245 -0.9662
vn 0.1265 0.2204 -0.9672
vn -0.9397 0.3420 -0.0000
vn -1.0000 -0.0000 -0.0000
vn -0.7660 0.6428 -0.0000
vn -0.5000 0.8660 -0.0000
vn -0.1736 0.9848 -0.0000
vn 0.1737 0.9848 -0.0000
vn 0.5000 0.8660 -0.0000
vn 0.7660 0.6428 -0.0000
vn 0.9397 0.3420 -0.0000
vn 1.0000 -0.0000 -0.0000
vn 0.8642 0.3146 -0.3927
vn -0.8642 0.3146 -0.3927
vn -0.5001 0.4196 -0.7576
vn 0.1133 0.6429 -0.7576
vn 0.9397 -0.3420 -0.0000
vn 0.7660 -0.6428 -0.0000
vn 0.5000 -0.8660 -0.0000
vn 0.1736 -0.9848 -0.0000
vn -0.1737 -0.9848 -0.0000
vn -0.5000 -0.8660 -0.0000
vn -0.7660 -0.6428 -0.0000
vn -0.9397 -0.3420 -0.0000
vn -0.1134 -0.6428 -0.7576
vn -0.9847 -0.0000 0.1740
vn -0.9254 0.3368 0.1740
vn -0.7544 0.6330 0.1740
vn -0.4924 0.8528 0.1740
vn -0.1710 0.9698 0.1740
vn -0.1737 0.9848 -0.0000
vn 0.1710 0.9698 0.1740
vn 0.4924 0.8528 0.1740
vn 0.7544 0.6330 0.1740
vn 0.9254 0.3368 0.1740
vn 0.9847 -0.0000 0.1740
vn -0.4598 0.7965 0.3927
vn -0.7045 0.5912 0.3927
vn -0.8642 0.3146 0.3927
vn -0.9197 -0.0000 0.3927
vn 0.7045 0.5912 0.3927
vn 0.4598 0.7965 0.3927
vn 0.8642 0.3146 0.3927
vn 0.9197 -0.0000 0.3927
vn -0.6134 0.2233 0.7576
vn -0.6528 -0.0000 0.7576
vn -0.5001 0.4196 0.7576
vn -0.3264 0.5653 0.7576
vn -0.1134 0.6428 0.7576
vn -0.1597 0.9057 0.3927
vn 0.1134 0.6428 0.7576
vn 0.1597 0.9057 0.3927
vn 0.3264 0.5653 0.7576
vn 0.5000 0.4196 0.7576
vn 0.6134 0.2233 0.7576
vn 0.6528 -0.0000 0.7576
vn 0.9254 -0.3368 0.1740
vn 0.7544 -0.6330 0.1740
vn 0.4924 -0.8528 0.1740
vn 0.1710 -0.9698 0.1740
vn -0.1710 -0.9698 0.1740
vn -0.4924 -0.8528 0.1740
vn -0.7544 -0.6330 0.1740
vn -0.9254 -0.3368 0.1740
vn 0.4598 -0.7965 0.3927
vn 0.7045 -0.5912 0.3927
vn 0.8642 -0.3145 0.3927
vn -0.7045 -0.5912 0.3927
vn -0.4598 -0.7965 0.3927
vn -0.8642 -0.3145 0.3927
vn 0.6134 -0.2232 0.7576
vn 0.5000 -0.4196 0.7576
vn 0.3264 -0.5653 0.7576
vn 0.1134 -0.6428 0.7576
vn 0.1597 -0.9057 0.3927
vn -0.1133 -0.6428 0.7576
vn -0.1597 -0.9057 0.3927
vn -0.3264 -0.5653 0.7576
vn -0.5000 -0.4196 0.7576
vn -0.6134 -0.2233 0.7576
vn -0.6134 0.2232 0.7576
vn -0.6527 -0.0000 0.7576
vn -0.5000 0.4196 0.7576
vn 0.1133 0.6428 0.7576
vn 0.6527 -0.0000 0.7576
vn 0.1133 -0.6428 0.7576
vn -0.1134 -0.6428 0.7576
vn -0.6134 -0.2232 0.7576
vn 0.1736 0.9848 -0.0000
vn 0.5001 0.4196 -0.7576
vn -0.1134 0.6428 -0.7576
vn -0.1736 -0.9848 -0.0000
vn 0.1737 -0.9848 -0.0000
vn 0.1133 -0.6428 -0.7576
vn 0.5001 -0.4196 -0.7576
vn -0.8642 -0.3146 0.3927
vn 0.5001 -0.4196 0.7576
vn 0.6134 -0.2233 0.7576
vn 0.6134 0.2232 0.7576
vt 0.819016 0.353377
vt 0.819016 0.367923
vt 0.722939 0.395111
vt 0.722939 0.410474
vt 0.722939 0.377847
vt 0.819016 0.338534
vt 0.722939 0.360619
vt 0.819016 0.325239
vt 0.722939 0.340883
vt 0.819016 0.310794
vt 0.722939 0.319868
vt 0.819016 0.296228
vt 0.722939 0.295841
vt 0.819016 0.279557
vt 0.722939 0.269695
vt 0.819016 0.261394
vt 0.722939 0.242589
vt 0.819016 0.242589
vt 0.722939 0.215628
vt 0.819016 0.223929
vt 0.722939 0.189443
vt 0.819016 0.205726
vt 0.722939 0.165727
vt 0.819016 0.189367
vt 0.722939 0.144388
vt 0.819016 0.174477
vt 0.722939 0.123992
vt 0.819016 0.159372
vt 0.722939 0.104134
vt 0.819016 0.143447
vt 0.722939 0.086617
vt 0.819016 0.128351
vt 0.722939 0.070842
vt 0.819016 0.113394
vt 0.635717 0.179378
vt 0.635717 0.210497
vt 0.635717 0.242589
vt 0.635717 0.274826
vt 0.635717 0.305906
vt 0.635717 0.334481
vt 0.635717 0.359480
vt 0.635717 0.382488
vt 0.635717 0.402146
vt 0.635717 0.420907
vt 0.635717 0.436776
vt 0.606702 0.439765
vt 0.604917 0.424083
vt 0.599604 0.405856
vt 0.598823 0.404524
vt 0.587992 0.386821
vt 0.575333 0.368715
vt 0.570453 0.364359
vt 0.547831 0.344172
vt 0.541292 0.339985
vt 0.541253 0.309702
vt 0.541253 0.276811
vt 0.541253 0.242606
vt 0.541253 0.208400
vt 0.541253 0.175509
vt 0.541253 0.145197
vt 0.635717 0.151115
vt 0.635717 0.125791
vt 0.635717 0.102124
vt 0.635717 0.079835
vt 0.635717 0.060821
vt 0.635717 0.044541
vt 0.541253 0.118628
vt 0.541253 0.093724
vt 0.541253 0.070040
vt 0.541253 0.050854
vt 0.541253 0.034018
vt 0.434442 0.090868
vt 0.434442 0.116199
vt 0.434442 0.143288
vt 0.434442 0.174195
vt 0.434442 0.207730
vt 0.434442 0.242606
vt 0.434442 0.277481
vt 0.434442 0.066867
vt 0.434442 0.047485
vt 0.434442 0.030583
vt 0.329676 0.242606
vt 0.329676 0.276811
vt 0.412353 0.298177
vt 0.434442 0.299994
vt 0.376296 0.301142
vt 0.341353 0.309908
vt 0.329676 0.309702
vt 0.329676 0.314920
vt 0.329676 0.050854
vt 0.329676 0.070040
vt 0.329676 0.034018
vt 0.247406 0.305809
vt 0.307712 0.324426
vt 0.287854 0.337141
vt 0.247406 0.334363
vt 0.276874 0.344171
vt 0.258713 0.360379
vt 0.247406 0.359390
vt 0.249372 0.368714
vt 0.247406 0.371118
vt 0.247406 0.274826
vt 0.247406 0.242606
vt 0.247406 0.210385
vt 0.329676 0.208400
vt 0.329676 0.175509
vt 0.329676 0.145197
vt 0.329676 0.118628
vt 0.329676 0.093724
vt 0.247406 0.179402
vt 0.247406 0.150849
vt 0.247407 0.125821
vt 0.247407 0.102183
vt 0.247407 0.079439
vt 0.247407 0.060832
vt 0.247407 0.044191
vt 0.177460 0.160026
vt 0.177460 0.185724
vt 0.177460 0.213608
vt 0.177460 0.242606
vt 0.177460 0.271603
vt 0.177460 0.299487
vt 0.177460 0.325184
vt 0.177460 0.347709
vt 0.177460 0.368813
vt 0.241200 0.381330
vt 0.230707 0.398621
vt 0.177460 0.387002
vt 0.121639 0.350328
vt 0.121639 0.366463
vt 0.177460 0.404629
vt 0.121639 0.382825
vt 0.177460 0.420123
vt 0.223188 0.430923
vt 0.224770 0.415588
vt 0.121639 0.397891
vt 0.121639 0.331988
vt 0.121639 0.312833
vt 0.121639 0.290979
vt 0.121639 0.267266
vt 0.121639 0.242606
vt 0.121639 0.217945
vt 0.121639 0.194232
vt 0.121639 0.172378
vt 0.121639 0.153223
vt 0.177460 0.137502
vt 0.177460 0.115918
vt 0.177460 0.094701
vt 0.177460 0.077034
vt 0.177460 0.060711
vt 0.121639 0.134403
vt 0.121639 0.115240
vt 0.121639 0.098839
vt 0.121639 0.082942
vt 0.075827 0.156927
vt 0.075827 0.172378
vt 0.075827 0.187428
vt 0.075827 0.204599
vt 0.075827 0.223230
vt 0.075827 0.242606
vt 0.075827 0.261981
vt 0.075827 0.280612
vt 0.075827 0.297783
vt 0.075827 0.312833
vt 0.075827 0.327804
vt 0.075827 0.341435
vt 0.075827 0.356256
vt 0.075827 0.370801
vt 0.041787 0.312882
vt 0.041787 0.325943
vt 0.041787 0.339895
vt 0.041787 0.302107
vt 0.041787 0.290979
vt 0.041787 0.280612
vt 0.041787 0.268785
vt 0.041787 0.255952
vt 0.041787 0.242606
vt 0.041787 0.229259
vt 0.041787 0.216426
vt 0.041787 0.204599
vt 0.041787 0.194232
vt 0.041787 0.182625
vt 0.041787 0.168822
vt 0.075828 0.140268
vt 0.075828 0.125408
vt 0.075828 0.110032
vt 0.041787 0.155720
vt 0.041787 0.140938
vt 0.020825 0.217945
vt 0.020825 0.223230
vt 0.020825 0.229259
vt 0.020825 0.235802
vt 0.020825 0.242606
vt 0.020825 0.249409
vt 0.020825 0.255952
vt 0.020825 0.261981
vt 0.020825 0.267266
vt 0.020825 0.274223
vt 0.020825 0.281899
vt 0.020825 0.293052
vt 0.020825 0.306360
vt 0.819016 0.128351
vt 0.722939 0.086617
vt 0.722939 0.104134
vt 0.819016 0.143447
vt 0.722939 0.123992
vt 0.819016 0.159373
vt 0.722939 0.144388
vt 0.819016 0.174477
vt 0.722939 0.165727
vt 0.819016 0.189367
vt 0.722939 0.189443
vt 0.819016 0.205727
vt 0.722939 0.215628
vt 0.819016 0.223929
vt 0.722939 0.242589
vt 0.819016 0.242589
vt 0.722939 0.269695
vt 0.819016 0.261394
vt 0.722939 0.295841
vt 0.819016 0.279557
vt 0.722939 0.319868
vt 0.819016 0.296228
vt 0.722939 0.340883
vt 0.819016 0.310794
vt 0.722939 0.360619
vt 0.819016 0.325239
vt 0.722939 0.377847
vt 0.819016 0.338534
vt 0.722939 0.395111
vt 0.819016 0.353377
vt 0.635717 0.305906
vt 0.635717 0.274826
vt 0.635717 0.242589
vt 0.635717 0.210497
vt 0.635717 0.179378
vt 0.635717 0.151115
vt 0.635717 0.125791
vt 0.635717 0.102124
vt 0.635717 0.079835
vt 0.635717 0.060821
vt 0.541253 0.070040
vt 0.541253 0.093724
vt 0.541253 0.118628
vt 0.541253 0.145197
vt 0.541253 0.175510
vt 0.541253 0.208400
vt 0.541253 0.242606
vt 0.541253 0.276811
vt 0.541253 0.309702
vt 0.635717 0.334481
vt 0.635717 0.359480
vt 0.635717 0.382488
vt 0.635717 0.402146
vt 0.635717 0.420907
vt 0.541292 0.339985
vt 0.547831 0.344172
vt 0.570453 0.364359
vt 0.575333 0.368715
vt 0.587993 0.386821
vt 0.598823 0.404524
vt 0.599604 0.405856
vt 0.595239 0.406479
vt 0.584876 0.388070
vt 0.570040 0.367945
vt 0.541717 0.343354
vt 0.515373 0.326758
vt 0.516993 0.324426
vt 0.482607 0.312363
vt 0.484583 0.310399
vt 0.483578 0.309964
vt 0.447754 0.303309
vt 0.448409 0.301142
vt 0.434089 0.301937
vt 0.434442 0.299994
vt 0.412135 0.300341
vt 0.412353 0.298177
vt 0.376744 0.303212
vt 0.376296 0.301142
vt 0.342177 0.311914
vt 0.341352 0.309908
vt 0.330494 0.316779
vt 0.329676 0.314920
vt 0.308887 0.326289
vt 0.307713 0.324426
vt 0.289158 0.338820
vt 0.287854 0.337141
vt 0.278670 0.345831
vt 0.276874 0.344171
vt 0.260752 0.362128
vt 0.258712 0.360379
vt 0.251549 0.370847
vt 0.249372 0.368714
vt 0.247407 0.371118
vt 0.244620 0.382362
vt 0.241200 0.381331
vt 0.234417 0.399128
vt 0.230707 0.398621
vt 0.229505 0.413330
vt 0.225883 0.413692
vt 0.224770 0.415588
vt 0.227428 0.429510
vt 0.516993 0.324426
vt 0.484582 0.310399
vt 0.483578 0.309964
vt 0.448409 0.301142
vt 0.434442 0.047486
vt 0.434442 0.066867
vt 0.434442 0.090868
vt 0.434442 0.116199
vt 0.434442 0.143289
vt 0.434442 0.174195
vt 0.434442 0.207730
vt 0.434442 0.242606
vt 0.434442 0.277481
vt 0.329676 0.208400
vt 0.329676 0.175510
vt 0.329676 0.242606
vt 0.329676 0.276811
vt 0.329676 0.309702
vt 0.247407 0.210385
vt 0.247407 0.179403
vt 0.329676 0.145197
vt 0.329676 0.118628
vt 0.329676 0.093724
vt 0.329676 0.070040
vt 0.329676 0.050854
vt 0.247407 0.060832
vt 0.247407 0.079439
vt 0.247407 0.102183
vt 0.247407 0.125821
vt 0.247407 0.150849
vt 0.177460 0.077034
vt 0.177460 0.094701
vt 0.177460 0.115918
vt 0.177460 0.137502
vt 0.177460 0.160027
vt 0.177460 0.185724
vt 0.177460 0.213608
vt 0.177460 0.242606
vt 0.247407 0.242606
vt 0.247407 0.274827
vt 0.247407 0.305809
vt 0.247407 0.334363
vt 0.247407 0.359390
vt 0.177460 0.271604
vt 0.177460 0.299487
vt 0.177460 0.325185
vt 0.177460 0.347709
vt 0.177460 0.368814
vt 0.121639 0.267266
vt 0.121639 0.242606
vt 0.121639 0.217945
vt 0.121639 0.194232
vt 0.121639 0.172378
vt 0.121639 0.153223
vt 0.121639 0.134404
vt 0.121639 0.115240
vt 0.121639 0.098839
vt 0.075828 0.140268
vt 0.075828 0.156928
vt 0.075828 0.172378
vt 0.075828 0.187428
vt 0.075828 0.204599
vt 0.075828 0.223230
vt 0.075828 0.242606
vt 0.075828 0.261982
vt 0.075828 0.280613
vt 0.121639 0.290979
vt 0.121639 0.312833
vt 0.121639 0.331989
vt 0.121639 0.350328
vt 0.121639 0.366463
vt 0.177460 0.387002
vt 0.121639 0.382825
vt 0.177460 0.404629
vt 0.075828 0.312833
vt 0.075828 0.297783
vt 0.075828 0.341436
vt 0.075828 0.327804
vt 0.075828 0.356256
vt 0.041787 0.280613
vt 0.041787 0.268785
vt 0.041787 0.255952
vt 0.041787 0.242606
vt 0.041787 0.229259
vt 0.041787 0.216426
vt 0.041787 0.204599
vt 0.041787 0.182625
vt 0.041787 0.168822
vt 0.020825 0.188611
vt 0.020825 0.174474
vt 0.020825 0.199804
vt 0.020825 0.210509
vt 0.020825 0.217945
vt 0.020825 0.223230
vt 0.020825 0.229259
vt 0.020825 0.235802
vt 0.020825 0.242606
vt 0.020825 0.249410
vt 0.020825 0.255952
vt 0.020825 0.261981
vt 0.020825 0.267266
vt 0.041787 0.302107
vt 0.041787 0.312882
vt 0.041787 0.325943
vt 0.020825 0.274223
vt 0.020825 0.281899
vt 0.020825 0.210509
vt 0.020825 0.199804
vt 0.061374 0.097810
vt 0.053256 0.098610
vt 0.053256 0.056999
vt 0.069180 0.095442
vt 0.076374 0.091597
vt 0.082679 0.086422
vt 0.087854 0.080117
vt 0.091699 0.072923
vt 0.094067 0.065116
vt 0.094867 0.056999
vt 0.094067 0.048881
vt 0.091699 0.041075
vt 0.087854 0.033881
vt 0.082679 0.027575
vt 0.076373 0.022400
vt 0.069180 0.018555
vt 0.061374 0.016187
vt 0.053256 0.015388
vt 0.045138 0.016187
vt 0.037332 0.018555
vt 0.030138 0.022400
vt 0.023832 0.027575
vt 0.018658 0.033881
vt 0.014812 0.041075
vt 0.012444 0.048881
vt 0.011645 0.056999
vt 0.012444 0.065117
vt 0.014812 0.072923
vt 0.018658 0.080117
vt 0.023832 0.086422
vt 0.030138 0.091597
vt 0.037332 0.095442
vt 0.045138 0.097810
vt 0.225883 0.413692
vt 0.229505 0.413330
vt 0.234654 0.399128
vt 0.244613 0.382362
vt 0.251070 0.370847
vt 0.260752 0.362128
vt 0.278670 0.345831
vt 0.289158 0.338820
vt 0.308887 0.326289
vt 0.330494 0.316779
vt 0.342177 0.311913
vt 0.376744 0.303212
vt 0.412135 0.300341
vt 0.434088 0.301937
vt 0.447753 0.303309
vt 0.482606 0.312363
vt 0.515373 0.326758
vt 0.541717 0.343354
vt 0.570040 0.367945
vt 0.584876 0.388070
vt 0.594759 0.406479
vt 0.600515 0.422507
vt 0.601520 0.438103
vt 0.600515 0.422507
vt 0.300310 0.991691
vt 0.300310 0.904324
vt 0.318673 0.993443
vt 0.318673 0.904324
vt 0.285446 0.904324
vt 0.285446 0.989202
vt 0.269644 0.904324
vt 0.269644 0.983113
vt 0.262424 0.904324
vt 0.262424 0.978714
vt 0.253843 0.904324
vt 0.253843 0.974402
vt 0.241415 0.904324
vt 0.241415 0.966343
vt 0.234702 0.904324
vt 0.234702 0.962876
vt 0.223240 0.904324
vt 0.223240 0.956679
vt 0.210778 0.904324
vt 0.210778 0.951976
vt 0.204133 0.904324
vt 0.204133 0.949570
vt 0.184510 0.904324
vt 0.184510 0.945267
vt 0.163499 0.904324
vt 0.163499 0.943847
vt 0.150472 0.904324
vt 0.150472 0.944637
vt 0.142441 0.904324
vt 0.142441 0.945315
vt 0.122554 0.904324
vt 0.122554 0.949793
vt 0.104265 0.904324
vt 0.104265 0.956912
vt 0.089495 0.904324
vt 0.089495 0.965118
vt 0.070163 0.904324
vt 0.070163 0.977279
vt 0.055764 0.904324
vt 0.055764 0.985936
vt 0.040422 0.904324
vt 0.040422 0.992837
vt 0.022858 0.904324
vt 0.022858 0.996229
vt 0.005552 0.904324
vt 0.005552 0.997692
vt 0.318842 0.993443
vt 0.318842 0.904324
vt 0.300484 0.991691
vt 0.300484 0.904324
vt 0.286052 0.989202
vt 0.286052 0.904324
vt 0.269824 0.983114
vt 0.269824 0.904324
vt 0.262137 0.978714
vt 0.262137 0.904324
vt 0.254031 0.974403
vt 0.254031 0.904324
vt 0.241602 0.966343
vt 0.241602 0.904324
vt 0.234889 0.962876
vt 0.234889 0.904324
vt 0.223427 0.956679
vt 0.223427 0.904324
vt 0.210965 0.951976
vt 0.210965 0.904324
vt 0.204320 0.949570
vt 0.204320 0.904324
vt 0.184697 0.945268
vt 0.184697 0.904324
vt 0.163686 0.943847
vt 0.163686 0.904324
vt 0.150659 0.944637
vt 0.150659 0.904324
vt 0.142628 0.945315
vt 0.142628 0.904324
vt 0.122741 0.949793
vt 0.122741 0.904324
vt 0.104451 0.956912
vt 0.104451 0.904324
vt 0.089682 0.965118
vt 0.089681 0.904324
vt 0.070350 0.977279
vt 0.070349 0.904324
vt 0.055951 0.985936
vt 0.055951 0.904324
vt 0.040530 0.992837
vt 0.040530 0.904324
vt 0.023044 0.996229
vt 0.023044 0.904324
vt 0.005739 0.997692
vt 0.005739 0.904324
vt 0.511046 0.964692
vt 0.506186 0.972187
vt 0.513559 0.957451
vt 0.513559 0.939479
vt 0.503036 0.975425
vt 0.498312 0.978952
vt 0.489568 0.983144
vt 0.484450 0.985090
vt 0.474823 0.987567
vt 0.374066 0.988588
vt 0.464280 0.989675
vt 0.458579 0.990481
vt 0.441712 0.991481
vt 0.424442 0.992032
vt 0.413729 0.992084
vt 0.407062 0.991873
vt 0.390055 0.990855
vt 0.464280 0.907252
vt 0.458579 0.906447
vt 0.441712 0.905447
vt 0.424442 0.904895
vt 0.413729 0.904843
vt 0.335094 0.931308
vt 0.335328 0.965616
vt 0.347390 0.979189
vt 0.361211 0.985645
vt 0.340151 0.972956
vt 0.332029 0.948464
vt 0.332519 0.956972
vt 0.332519 0.939955
vt 0.374066 0.908340
vt 0.347390 0.917739
vt 0.340150 0.923971
vt 0.361211 0.911283
vt 0.407061 0.905054
vt 0.390054 0.906073
vt 0.511162 0.932435
vt 0.506183 0.924737
vt 0.502802 0.921298
vt 0.498312 0.917976
vt 0.489568 0.913784
vt 0.484450 0.911838
vt 0.474823 0.909361
vt 0.514572 0.948464
vt 0.285451 0.580213
vt 0.285451 0.508304
vt 0.290016 0.580213
vt 0.290016 0.508304
vt 0.280887 0.508304
vt 0.280887 0.580213
vt 0.276322 0.508304
vt 0.276322 0.580213
vt 0.294580 0.580213
vt 0.294580 0.508304
vt 0.299144 0.580213
vt 0.299144 0.508304
vt 0.303709 0.580213
vt 0.303709 0.508304
vt 0.308273 0.580213
vt 0.308273 0.508304
vt 0.312838 0.580213
vt 0.312838 0.508304
vt 0.317402 0.580213
vt 0.317402 0.508304
vt 0.321967 0.580213
vt 0.321967 0.508304
vt 0.326531 0.580213
vt 0.326531 0.508304
vt 0.331096 0.580213
vt 0.331096 0.508304
vt 0.335660 0.580213
vt 0.335660 0.508304
vt 0.340225 0.580213
vt 0.340225 0.508304
vt 0.344789 0.580213
vt 0.344789 0.508304
vt 0.349354 0.580213
vt 0.349354 0.508304
vt 0.276622 0.508304
vt 0.281740 0.508304
vt 0.290898 0.508304
vt 0.302701 0.508304
vt 0.315353 0.508304
vt 0.326926 0.508304
vt 0.335660 0.508304
vt 0.340225 0.508304
vt 0.339925 0.508304
vt 0.334806 0.508304
vt 0.325648 0.508304
vt 0.263850 0.607124
vt 0.262333 0.607124
vt 0.263850 0.597280
vt 0.262333 0.597280
vt 0.262333 0.616969
vt 0.263850 0.616969
vt 0.262333 0.626813
vt 0.263850 0.626813
vt 0.262333 0.636658
vt 0.263850 0.636658
vt 0.263850 0.587435
vt 0.262333 0.587435
vt 0.263850 0.577590
vt 0.262333 0.577590
vt 0.263850 0.567746
vt 0.262333 0.567746
vt 0.263850 0.557901
vt 0.262333 0.557901
vt 0.263850 0.548056
vt 0.262333 0.548056
vt 0.263850 0.538212
vt 0.262333 0.538212
vt 0.263850 0.528367
vt 0.262333 0.528367
vt 0.263850 0.518522
vt 0.262333 0.518522
vt 0.263850 0.508678
vt 0.262333 0.508678
vt 0.263850 0.498833
vt 0.262333 0.498833
vt 0.263850 0.488989
vt 0.262333 0.488989
vt 0.263850 0.479144
vt 0.262333 0.479144
vt 0.260291 0.488989
vt 0.260291 0.479144
vt 0.260291 0.498833
vt 0.260291 0.508678
vt 0.260291 0.518522
vt 0.260291 0.528367
vt 0.260291 0.538212
vt 0.260291 0.548056
vt 0.260291 0.557901
vt 0.260291 0.567746
vt 0.260291 0.577590
vt 0.260291 0.587435
vt 0.260291 0.597280
vt 0.260291 0.607124
vt 0.260291 0.616969
vt 0.260291 0.626813
vt 0.260291 0.636658
vt 0.244294 0.607124
vt 0.244294 0.597280
vt 0.244294 0.616969
vt 0.244294 0.626813
vt 0.244294 0.636658
vt 0.242447 0.607124
vt 0.242447 0.597280
vt 0.242447 0.616969
vt 0.242447 0.626813
vt 0.242447 0.636658
vt 0.244294 0.587435
vt 0.244294 0.577590
vt 0.244294 0.567746
vt 0.244294 0.557901
vt 0.244294 0.548056
vt 0.244294 0.538212
vt 0.244294 0.528367
vt 0.244294 0.518522
vt 0.244294 0.508678
vt 0.244294 0.498833
vt 0.244294 0.488989
vt 0.244294 0.479144
vt 0.242447 0.488989
vt 0.242447 0.479144
vt 0.242447 0.498833
vt 0.242447 0.508678
vt 0.242447 0.518522
vt 0.242447 0.528367
vt 0.242447 0.538212
vt 0.242447 0.548056
vt 0.242447 0.557901
vt 0.242447 0.567746
vt 0.242447 0.577590
vt 0.242447 0.587435
vt 0.240819 0.528367
vt 0.240819 0.538212
vt 0.240819 0.548056
vt 0.240819 0.557901
vt 0.240819 0.567746
vt 0.240819 0.577590
vt 0.240819 0.587435
vt 0.240819 0.597280
vt 0.240819 0.607124
vt 0.240819 0.616969
vt 0.240819 0.626813
vt 0.240819 0.636658
vt 0.240819 0.488989
vt 0.240819 0.479144
vt 0.240819 0.498833
vt 0.240819 0.508678
vt 0.240819 0.518522
vt 0.388241 0.461224
vt 0.392567 0.439471
vt 0.375919 0.479664
vt 0.341271 0.495203
vt 0.335727 0.382631
vt 0.375919 0.399279
vt 0.388241 0.417719
vt 0.357479 0.386958
vt 0.278886 0.439471
vt 0.295534 0.399279
vt 0.313975 0.386958
vt 0.283213 0.417719
vt 0.295534 0.479664
vt 0.283213 0.461224
vt 0.313975 0.491986
vt 0.357479 0.491986
vt 0.017145 0.481375
vt 0.017723 0.478906
vt 0.016822 0.483923
vt 0.020006 0.474178
vt 0.018646 0.476508
vt 0.044509 0.467336
vt 0.029381 0.467681
vt 0.023910 0.470122
vt 0.021836 0.471990
vt 0.026363 0.468679
vt 0.036547 0.466613
vt 0.032855 0.467023
vt 0.040374 0.466683
vt 0.157361 0.500862
vt 0.140677 0.485183
vt 0.131339 0.482370
vt 0.126299 0.481432
vt 0.136155 0.483540
vt 0.148984 0.490756
vt 0.144899 0.487562
vt 0.153152 0.495003
vt 0.162911 0.510780
vt 0.170739 0.526201
vt 0.052381 0.678824
vt 0.228855 0.678824
vt 0.016567 0.486382
vt 0.016811 0.488716
vt 0.015349 0.488922
vt 0.049535 0.678824
vt 0.015091 0.486416
vt 0.015291 0.483788
vt 0.015619 0.481120
vt 0.016208 0.478485
vt 0.017145 0.475879
vt 0.018521 0.473301
vt 0.020399 0.470782
vt 0.022711 0.468588
vt 0.025482 0.466913
vt 0.028748 0.465713
vt 0.032410 0.464884
vt 0.036315 0.464331
vt 0.040433 0.464264
vt 0.044832 0.464785
vt 0.126809 0.478523
vt 0.131952 0.479481
vt 0.136980 0.480689
vt 0.141849 0.482398
vt 0.146539 0.484872
vt 0.151108 0.488292
vt 0.155640 0.492909
vt 0.160101 0.499119
vt 0.165773 0.509254
vt 0.173653 0.524779
vt 0.167489 0.508339
vt 0.175402 0.523925
vt 0.168062 0.508033
vt 0.175985 0.523641
vt 0.161745 0.498073
vt 0.162293 0.497724
vt 0.157133 0.491653
vt 0.157631 0.491235
vt 0.152383 0.486813
vt 0.152808 0.486321
vt 0.147523 0.483258
vt 0.147850 0.482720
vt 0.142551 0.480727
vt 0.142786 0.480170
vt 0.137476 0.478978
vt 0.137641 0.478407
vt 0.132320 0.477748
vt 0.132442 0.477170
vt 0.127114 0.476778
vt 0.127216 0.476196
vt 0.045026 0.463255
vt 0.045091 0.462744
vt 0.040469 0.462813
vt 0.040481 0.462329
vt 0.036176 0.462961
vt 0.036129 0.462505
vt 0.032143 0.463600
vt 0.032054 0.463172
vt 0.028367 0.464532
vt 0.028241 0.464138
vt 0.024954 0.465854
vt 0.024777 0.465501
vt 0.021991 0.467667
vt 0.021751 0.467360
vt 0.019537 0.470058
vt 0.017630 0.472774
vt 0.016244 0.475502
vt 0.015298 0.478232
vt 0.014704 0.480966
vt 0.014372 0.483707
vt 0.014205 0.486435
vt 0.014471 0.489045
vt 0.047821 0.678824
vt 0.014179 0.489086
vt 0.047229 0.678824
vt 0.013910 0.486442
vt 0.014066 0.483680
vt 0.014398 0.480915
vt 0.014995 0.478148
vt 0.015944 0.475376
vt 0.017333 0.472599
vt 0.019249 0.469816
vt 0.014179 0.488870
vt 0.014471 0.488829
vt 0.015349 0.488706
vt 0.016811 0.488500
vt 0.016567 0.486166
vt 0.015091 0.486200
vt 0.016822 0.483707
vt 0.015291 0.483572
vt 0.017145 0.481159
vt 0.015619 0.480904
vt 0.017723 0.478690
vt 0.016208 0.478268
vt 0.018646 0.476292
vt 0.017145 0.475663
vt 0.020006 0.473962
vt 0.018521 0.473085
vt 0.021836 0.471774
vt 0.020399 0.470566
vt 0.023910 0.469906
vt 0.022711 0.468372
vt 0.026363 0.468463
vt 0.025482 0.466697
vt 0.029381 0.467465
vt 0.028748 0.465497
vt 0.032855 0.466807
vt 0.032410 0.464668
vt 0.036547 0.466397
vt 0.036315 0.464115
vt 0.040374 0.466468
vt 0.040434 0.464048
vt 0.044509 0.467120
vt 0.044832 0.464569
vt 0.126300 0.481216
vt 0.126809 0.478307
vt 0.131339 0.482154
vt 0.131952 0.479265
vt 0.136155 0.483324
vt 0.136980 0.480473
vt 0.140677 0.484967
vt 0.141849 0.482182
vt 0.144900 0.487346
vt 0.146539 0.484656
vt 0.148984 0.490540
vt 0.151108 0.488076
vt 0.153152 0.494787
vt 0.155640 0.492693
vt 0.157361 0.500646
vt 0.160101 0.498903
vt 0.162911 0.510564
vt 0.165773 0.509038
vt 0.170739 0.525985
vt 0.173653 0.524563
vt 0.167489 0.508123
vt 0.175402 0.523709
vt 0.168062 0.507817
vt 0.175985 0.523425
vt 0.161745 0.497857
vt 0.162293 0.497508
vt 0.157133 0.491437
vt 0.157631 0.491019
vt 0.152383 0.486598
vt 0.152808 0.486105
vt 0.147523 0.483042
vt 0.147850 0.482504
vt 0.142552 0.480511
vt 0.142786 0.479954
vt 0.137476 0.478762
vt 0.137641 0.478191
vt 0.132320 0.477532
vt 0.132442 0.476954
vt 0.127115 0.476562
vt 0.127216 0.475980
vt 0.045027 0.463039
vt 0.045091 0.462528
vt 0.040469 0.462597
vt 0.040481 0.462113
vt 0.036176 0.462745
vt 0.036130 0.462289
vt 0.032143 0.463384
vt 0.032054 0.462956
vt 0.028367 0.464316
vt 0.028241 0.463922
vt 0.024954 0.465638
vt 0.024777 0.465285
vt 0.021991 0.467451
vt 0.021751 0.467144
vt 0.019537 0.469841
vt 0.017630 0.472558
vt 0.016244 0.475286
vt 0.015298 0.478016
vt 0.014704 0.480750
vt 0.014372 0.483491
vt 0.014205 0.486219
vt 0.013910 0.486226
vt 0.014066 0.483464
vt 0.014399 0.480699
vt 0.014995 0.477932
vt 0.015944 0.475160
vt 0.017333 0.472383
vt 0.019249 0.469600
vt 0.228614 0.678824
vt 0.020006 0.474178
vt 0.052278 0.678824
vt 0.049448 0.678824
vt 0.019537 0.470058
vt 0.016244 0.475502
vt 0.047767 0.678824
vt 0.020006 0.473962
vt 0.019537 0.469841
vt 0.016244 0.475286
vt 0.232167 0.678824
vt 0.234123 0.678824
vt 0.234721 0.678824
vt 0.231954 0.678824
vt 0.233989 0.678824
vt 0.013592 0.847089
vt 0.013121 0.849802
vt 0.014093 0.844484
vt 0.012967 0.855200
vt 0.012889 0.852497
vt 0.273382 0.702142
vt 0.131551 0.868733
vt 0.028392 0.870636
vt 0.017182 0.865171
vt 0.014337 0.860647
vt 0.013433 0.857940
vt 0.015538 0.863083
vt 0.022164 0.868459
vt 0.019431 0.866935
vt 0.025151 0.869780
vt 0.113908 0.876460
vt 0.105000 0.876247
vt 0.032062 0.870965
vt 0.109514 0.876501
vt 0.122438 0.874424
vt 0.118192 0.875860
vt 0.126806 0.872113
vt 0.136799 0.863696
vt 0.144358 0.854787
vt 0.155437 0.840740
vt 0.070727 0.702142
vt 0.014978 0.842130
vt 0.068503 0.702142
vt 0.013807 0.841562
vt 0.012860 0.844091
vt 0.012264 0.846857
vt 0.011763 0.849696
vt 0.011491 0.852564
vt 0.011521 0.855486
vt 0.011928 0.858487
vt 0.012775 0.861547
vt 0.014082 0.864378
vt 0.015927 0.866783
vt 0.018325 0.868817
vt 0.021166 0.870563
vt 0.024291 0.872084
vt 0.027738 0.873152
vt 0.031591 0.873682
vt 0.104581 0.879379
vt 0.109189 0.879637
vt 0.113772 0.879609
vt 0.118367 0.879024
vt 0.123035 0.877604
vt 0.127876 0.875177
vt 0.133035 0.871502
vt 0.138597 0.866164
vt 0.146322 0.857059
vt 0.157475 0.842918
vt 0.147500 0.858423
vt 0.158698 0.844225
vt 0.147893 0.858878
vt 0.159105 0.844661
vt 0.139676 0.867644
vt 0.140035 0.868138
vt 0.133925 0.873164
vt 0.134222 0.873718
vt 0.128518 0.877015
vt 0.128732 0.877628
vt 0.123392 0.879512
vt 0.123512 0.880148
vt 0.118472 0.880923
vt 0.118507 0.881556
vt 0.113691 0.881499
vt 0.113664 0.882129
vt 0.108993 0.881519
vt 0.108928 0.882146
vt 0.104330 0.881259
vt 0.104247 0.881885
vt 0.031309 0.875312
vt 0.031215 0.875855
vt 0.027345 0.874662
vt 0.027214 0.875165
vt 0.023775 0.873466
vt 0.023603 0.873927
vt 0.020567 0.871826
vt 0.020368 0.872247
vt 0.017661 0.869946
vt 0.017440 0.870323
vt 0.015173 0.867750
vt 0.014922 0.868072
vt 0.013208 0.865155
vt 0.012916 0.865414
vt 0.011839 0.862087
vt 0.011025 0.858815
vt 0.010653 0.855658
vt 0.010652 0.852605
vt 0.010948 0.849633
vt 0.011467 0.846718
vt 0.012121 0.843856
vt 0.013105 0.841221
vt 0.067178 0.702142
vt 0.012871 0.841108
vt 0.066738 0.702142
vt 0.011874 0.843777
vt 0.011202 0.846672
vt 0.010676 0.849611
vt 0.010372 0.852618
vt 0.010364 0.855715
vt 0.010724 0.858924
vt 0.011526 0.862267
vt 0.273382 0.702142
vt 0.118192 0.875860
vt 0.122438 0.874424
vt 0.109514 0.876501
vt 0.013433 0.857940
vt 0.025151 0.869779
vt 0.014337 0.860647
vt 0.012889 0.852497
vt 0.013121 0.849802
vt 0.014093 0.844484
vt 0.012860 0.844091
vt 0.011763 0.849696
vt 0.011491 0.852564
vt 0.024291 0.872084
vt 0.109189 0.879637
vt 0.158698 0.844225
vt 0.133925 0.873164
vt 0.123392 0.879512
vt 0.113691 0.881499
vt 0.104330 0.881259
vt 0.027345 0.874662
vt 0.011025 0.858815
vt 0.011467 0.846718
vt 0.276970 0.702142
vt 0.279122 0.702142
vt 0.279839 0.702142
vt 0.279122 0.702142
vt 0.798977 0.740010
vt 0.801430 0.806545
vt 0.778024 0.740010
vt 0.781261 0.806545
vt 0.822689 0.806545
vt 0.820689 0.740010
vt 0.844971 0.806545
vt 0.843666 0.740010
vt 0.867111 0.806545
vt 0.866658 0.740010
vt 0.889249 0.806545
vt 0.889703 0.740010
vt 0.910257 0.806545
vt 0.911562 0.740010
vt 0.934238 0.806545
vt 0.936238 0.740010
vt 0.955497 0.806545
vt 0.957950 0.740010
vt 0.977930 0.806545
vt 0.981166 0.740010
vt 0.850226 0.904085
vt 0.868936 0.904085
vt 0.887424 0.904085
vt 0.905002 0.904085
vt 0.926186 0.904085
vt 0.945620 0.904085
vt 0.964897 0.904085
vt 0.872034 0.975415
vt 0.859147 0.975415
vt 0.830740 0.904085
vt 0.811306 0.904085
vt 0.794294 0.904085
vt 0.828072 0.975415
vt 0.816418 0.975415
vt 0.844408 0.975415
vt 0.896081 0.975415
vt 0.912519 0.975415
vt 0.942773 0.975415
vt 0.834908 0.986611
vt 0.825438 0.986611
vt 0.849980 0.986611
vt 0.862784 0.986611
vt 0.873298 0.986611
vt 0.883063 0.986611
vt 0.884326 0.975415
vt 0.892444 0.986611
vt 0.906946 0.986611
vt 0.928854 0.975415
vt 0.922019 0.986611
vt 0.933753 0.986611
vt 0.822689 0.806545
vt 0.850226 0.904085
vt 0.883063 0.986611
vt 0.873298 0.986611
vt 0.862784 0.986611
vt 0.828276 0.663151
vt 0.806304 0.655153
vt 0.829686 0.655153
vt 0.824216 0.670183
vt 0.817995 0.675403
vt 0.810364 0.678180
vt 0.802243 0.678180
vt 0.794612 0.675403
vt 0.788392 0.670183
vt 0.784331 0.663151
vt 0.782921 0.655153
vt 0.784331 0.647156
vt 0.788392 0.640123
vt 0.794612 0.634903
vt 0.802243 0.632126
vt 0.810364 0.632126
vt 0.817995 0.634903
vt 0.824216 0.640123
vt 0.828276 0.647156
vt 0.624831 0.647963
vt 0.608827 0.634664
vt 0.643090 0.657845
vt 0.683506 0.665985
vt 0.577894 0.559047
vt 0.585933 0.599971
vt 0.595692 0.618459
vt 0.579923 0.579910
vt 0.789119 0.559048
vt 0.683506 0.452110
vt 0.608827 0.483431
vt 0.585933 0.518124
vt 0.579923 0.538185
vt 0.595693 0.499636
vt 0.643090 0.460250
vt 0.624831 0.470132
vt 0.662902 0.454165
vt 0.758186 0.483431
vt 0.723922 0.460250
vt 0.704110 0.454165
vt 0.742181 0.470132
vt 0.781079 0.518124
vt 0.771320 0.499636
vt 0.787089 0.538185
vt 0.787089 0.579910
vt 0.781079 0.599971
vt 0.771320 0.618459
vt 0.758185 0.634664
vt 0.723922 0.657845
vt 0.742181 0.647963
vt 0.704110 0.663930
vt 0.662902 0.663930
vt 0.305545 0.708677
vt 0.237844 0.884499
vt 0.300613 0.708079
vt 0.232892 0.884884
vt 0.303404 0.600884
vt 0.308417 0.600884
vt 0.297654 0.707721
vt 0.229921 0.885115
vt 0.296668 0.707601
vt 0.228931 0.885192
vt 0.300396 0.600884
vt 0.299393 0.600884
vt 0.513522 0.886422
vt 0.425899 0.879283
vt 0.480054 0.600884
vt 0.316689 0.878309
vt 0.518473 0.886822
vt 0.483175 0.600884
vt 0.521443 0.887062
vt 0.485048 0.600884
vt 0.522433 0.887142
vt 0.485673 0.600884
vt 0.316689 0.877662
vt 0.425899 0.878531
vt 0.561982 0.806709
vt 0.571859 0.904249
vt 0.541814 0.806709
vt 0.554847 0.904249
vt 0.591293 0.904249
vt 0.583241 0.806709
vt 0.610779 0.904249
vt 0.605524 0.806709
vt 0.629489 0.904249
vt 0.627664 0.806709
vt 0.647977 0.904249
vt 0.649802 0.806709
vt 0.665554 0.904249
vt 0.670810 0.806709
vt 0.686739 0.904249
vt 0.694790 0.806709
vt 0.706173 0.904249
vt 0.716049 0.806709
vt 0.725449 0.904249
vt 0.738482 0.806709
vt 0.619700 0.975578
vt 0.632587 0.975578
vt 0.644879 0.975578
vt 0.656634 0.975578
vt 0.673071 0.975578
vt 0.689407 0.975578
vt 0.703326 0.975578
vt 0.633850 0.986774
vt 0.623337 0.986774
vt 0.604960 0.975578
vt 0.588625 0.975578
vt 0.576970 0.975578
vt 0.595460 0.986774
vt 0.585990 0.986774
vt 0.610532 0.986774
vt 0.652997 0.986774
vt 0.667499 0.986774
vt 0.694306 0.986774
vt 0.643615 0.986774
vt 0.682571 0.986774
vt 0.694790 0.806709
vt 0.610779 0.904249
vt 0.583241 0.806709
vt 0.643615 0.986774
vt 0.673072 0.975578
vt 0.623337 0.986774
vt 0.633850 0.986774
vt 0.590167 0.666132
vt 0.563513 0.656431
vt 0.591877 0.656431
vt 0.585241 0.674663
vt 0.577695 0.680995
vt 0.568439 0.684364
vt 0.558588 0.684364
vt 0.549331 0.680995
vt 0.541785 0.674663
vt 0.536860 0.666132
vt 0.535149 0.656431
vt 0.536860 0.646730
vt 0.541785 0.638199
vt 0.549331 0.631867
vt 0.558588 0.628498
vt 0.568439 0.628498
vt 0.577695 0.631867
vt 0.585241 0.638199
vt 0.590167 0.646730
s 1
usemtl Airplane10_01
f 3/1/1 2/2/2 1/3/3
f 4/4/4 1/3/3 2/2/2
f 1/3/3 5/5/5 3/1/1
f 6/6/6 3/1/1 5/5/5
f 5/5/5 7/7/7 6/6/6
f 8/8/8 6/6/6 7/7/7
f 7/7/7 9/9/9 8/8/8
f 10/10/10 8/8/8 9/9/9
f 9/9/9 11/11/11 10/10/10
f 12/12/12 10/10/10 11/11/11
f 11/11/11 13/13/13 12/12/12
f 14/14/14 12/12/12 13/13/13
f 13/13/13 15/15/15 14/14/14
f 16/16/16 14/14/14 15/15/15
f 15/15/15 17/17/17 16/16/16
f 18/18/18 16/16/16 17/17/17
f 17/17/17 19/19/19 18/18/18
f 20/20/20 18/18/18 19/19/19
f 19/19/19 21/21/21 20/20/20
f 22/22/22 20/20/20 21/21/21
f 21/21/21 23/23/23 22/22/22
f 24/24/24 22/22/22 23/23/23
f 23/23/23 25/25/25 24/24/24
f 26/26/26 24/24/24 25/25/25
f 25/25/25 27/27/27 26/26/26
f 28/28/28 26/26/26 27/27/27
f 27/27/27 29/29/29 28/28/28
f 30/30/30 28/28/28 29/29/29
f 29/29/29 31/31/31 30/30/30
f 32/32/32 30/30/30 31/31/31
f 31/31/31 33/33/33 32/32/32
f 34/34/34 32/32/32 33/33/33
f 21/21/21 19/19/19 35/35/35
f 36/36/36 35/35/35 19/19/19
f 19/19/19 17/17/17 36/36/36
f 37/37/37 36/36/36 17/17/17
f 17/17/17 15/15/15 37/37/37
f 38/38/38 37/37/37 15/15/15
f 15/15/15 13/13/13 38/38/38
f 39/39/39 38/38/38 13/13/13
f 13/13/13 11/11/11 39/39/39
f 40/40/40 39/39/39 11/11/11
f 11/11/11 9/9/9 40/40/40
f 41/41/41 40/40/40 9/9/9
f 9/9/9 7/7/7 41/41/41
f 42/42/42 41/41/41 7/7/7
f 7/7/7 5/5/5 42/42/42
f 43/43/43 42/42/42 5/5/5
f 5/5/5 1/3/3 43/43/43
f 44/44/44 43/43/43 1/3/3
f 1/3/3 4/4/4 44/44/44
f 45/45/45 44/44/44 4/4/4
f 45/45/45 46/46/46 44/44/44
f 47/47/47 44/44/44 46/46/46
f 44/44/44 47/47/47 43/43/43
f 48/48/48 43/43/43 47/47/47
f 48/48/48 49/49/49 43/43/43
f 49/49/49 42/42/42 43/43/43
f 50/50/50 42/42/42 49/49/49
f 50/50/50 51/51/51 42/42/42
f 51/51/51 41/41/41 42/42/42
f 52/52/52 41/41/41 51/51/51
f 52/52/52 53/53/53 41/41/41
f 54/54/54 40/40/40 53/53/53
f 53/53/53 40/40/40 41/41/41
f 54/54/54 55/55/55 40/40/40
f 39/39/39 40/40/40 55/55/55
f 55/55/55 56/56/56 39/39/39
f 38/38/38 39/39/39 56/56/56
f 56/56/56 57/57/57 38/38/38
f 37/37/37 38/38/38 57/57/57
f 57/57/57 58/58/58 37/37/37
f 36/36/36 37/37/37 58/58/58
f 58/58/58 59/59/59 36/36/36
f 35/35/35 36/36/36 59/59/59
f 59/59/59 60/60/60 35/35/35
f 61/61/61 35/35/35 60/60/60
f 35/35/35 61/61/61 21/21/21
f 23/23/23 21/21/21 61/61/61
f 61/61/61 62/62/62 23/23/23
f 25/25/25 23/23/23 62/62/62
f 62/62/62 63/63/63 25/25/25
f 27/27/27 25/25/25 63/63/63
f 63/63/63 64/64/64 27/27/27
f 29/29/29 27/27/27 64/64/64
f 64/64/64 65/65/65 29/29/29
f 31/31/31 29/29/29 65/65/65
f 65/65/65 66/66/66 31/31/31
f 33/33/33 31/31/31 66/66/66
f 62/62/62 61/61/61 67/67/67
f 60/60/60 67/67/67 61/61/61
f 63/63/63 62/62/62 68/68/68
f 67/67/67 68/68/68 62/62/62
f 64/64/64 63/63/63 69/69/69
f 68/68/68 69/69/69 63/63/63
f 65/65/65 64/64/64 70/70/70
f 69/69/69 70/70/70 64/64/64
f 66/66/66 65/65/65 71/71/71
f 70/70/70 71/71/71 65/65/65
f 68/68/68 67/67/67 72/72/72
f 73/73/73 72/72/72 67/67/67
f 67/67/67 60/60/60 73/73/73
f 74/74/74 73/73/73 60/60/60
f 60/60/60 59/59/59 74/74/74
f 75/75/75 74/74/74 59/59/59
f 59/59/59 58/58/58 75/75/75
f 76/76/76 75/75/75 58/58/58
f 58/58/58 57/57/57 76/76/76
f 77/77/77 76/76/76 57/57/57
f 57/57/57 56/56/56 77/77/77
f 78/78/78 77/77/77 56/56/56
f 69/69/69 68/68/68 79/79/79
f 72/72/72 79/79/79 68/68/68
f 79/79/79 80/80/80 69/69/69
f 70/70/70 69/69/69 80/80/80
f 80/80/80 81/81/81 70/70/70
f 71/71/71 70/70/70 81/81/81
f 77/77/77 78/78/78 82/82/82
f 83/83/83 82/82/82 78/78/78
f 78/78/78 84/84/84 83/83/83
f 85/85/85 84/84/84 78/78/78
f 84/84/84 86/86/86 83/83/83
f 83/83/83 86/86/86 87/87/87
f 88/88/88 83/83/83 87/87/87
f 88/88/88 87/87/87 89/89/89
f 80/80/80 79/79/79 90/90/90
f 91/91/91 90/90/90 79/79/79
f 81/81/81 80/80/80 92/92/92
f 90/90/90 92/92/92 80/80/80
f 88/88/88 89/89/89 93/93/93
f 89/89/89 94/94/94 93/93/93
f 93/93/93 94/94/94 95/95/95
f 96/96/96 93/93/93 95/95/95
f 95/95/95 97/97/97 96/96/96
f 96/96/96 97/97/97 98/98/98
f 99/99/99 96/96/96 98/98/98
f 98/98/98 100/100/100 99/99/99
f 101/101/101 99/99/99 100/100/100
f 93/93/93 102/102/102 88/88/88
f 83/83/83 88/88/88 102/102/102
f 102/102/102 103/103/103 83/83/83
f 82/82/82 83/83/83 103/103/103
f 103/103/103 104/104/104 82/82/82
f 105/105/105 82/82/82 104/104/104
f 82/82/82 105/105/105 77/77/77
f 76/76/76 77/77/77 105/105/105
f 105/105/105 106/106/106 76/76/76
f 75/75/75 76/76/76 106/106/106
f 106/106/106 107/107/107 75/75/75
f 74/74/74 75/75/75 107/107/107
f 107/107/107 108/108/108 74/74/74
f 73/73/73 74/74/74 108/108/108
f 108/108/108 109/109/109 73/73/73
f 72/72/72 73/73/73 109/109/109
f 109/109/109 91/91/91 72/72/72
f 79/79/79 72/72/72 91/91/91
f 106/106/106 105/105/105 110/110/110
f 104/104/104 110/110/110 105/105/105
f 107/107/107 106/106/106 111/111/111
f 110/110/110 111/111/111 106/106/106
f 108/108/108 107/107/107 112/112/112
f 111/111/111 112/112/112 107/107/107
f 109/109/109 108/108/108 113/113/113
f 112/112/112 113/113/113 108/108/108
f 91/91/91 109/109/109 114/114/114
f 113/113/113 114/114/114 109/109/109
f 114/114/114 115/115/115 91/91/91
f 90/90/90 91/91/91 115/115/115
f 115/115/115 116/116/116 90/90/90
f 92/92/92 90/90/90 116/116/116
f 111/111/111 110/110/110 117/117/117
f 118/118/118 117/117/117 110/110/110
f 110/110/110 104/104/104 118/118/118
f 119/119/119 118/118/118 104/104/104
f 104/104/104 103/103/103 119/119/119
f 120/120/120 119/119/119 103/103/103
f 103/103/103 102/102/102 120/120/120
f 121/121/121 120/120/120 102/102/102
f 102/102/102 93/93/93 121/121/121
f 122/122/122 121/121/121 93/93/93
f 93/93/93 96/96/96 122/122/122
f 123/123/123 122/122/122 96/96/96
f 96/96/96 99/99/99 123/123/123
f 124/124/124 123/123/123 99/99/99
f 99/99/99 101/101/101 124/124/124
f 124/124/124 101/101/101 125/125/125
f 101/101/101 126/126/126 125/125/125
f 126/126/126 127/127/127 125/125/125
f 128/128/128 125/125/125 127/127/127
f 125/125/125 128/128/128 129/129/129
f 130/130/130 129/129/129 128/128/128
f 128/128/128 131/131/131 130/130/130
f 132/132/132 130/130/130 131/131/131
f 131/131/131 133/133/133 132/132/132
f 133/133/133 131/131/131 134/134/134
f 135/135/135 134/134/134 131/131/131
f 136/136/136 132/132/132 133/133/133
f 124/124/124 125/125/125 137/137/137
f 129/129/129 137/137/137 125/125/125
f 137/137/137 138/138/138 124/124/124
f 123/123/123 124/124/124 138/138/138
f 138/138/138 139/139/139 123/123/123
f 122/122/122 123/123/123 139/139/139
f 139/139/139 140/140/140 122/122/122
f 121/121/121 122/122/122 140/140/140
f 140/140/140 141/141/141 121/121/121
f 120/120/120 121/121/121 141/141/141
f 141/141/141 142/142/142 120/120/120
f 119/119/119 120/120/120 142/142/142
f 142/142/142 143/143/143 119/119/119
f 118/118/118 119/119/119 143/143/143
f 143/143/143 144/144/144 118/118/118
f 117/117/117 118/118/118 144/144/144
f 144/144/144 145/145/145 117/117/117
f 146/146/146 117/117/117 145/145/145
f 117/117/117 146/146/146 111/111/111
f 112/112/112 111/111/111 146/146/146
f 146/146/146 147/147/147 112/112/112
f 113/113/113 112/112/112 147/147/147
f 147/147/147 148/148/148 113/113/113
f 114/114/114 113/113/113 148/148/148
f 148/148/148 149/149/149 114/114/114
f 115/115/115 114/114/114 149/149/149
f 149/149/149 150/150/150 115/115/115
f 116/116/116 115/115/115 150/150/150
f 147/147/147 146/146/146 151/151/151
f 145/145/145 151/151/151 146/146/146
f 148/148/148 147/147/147 152/152/152
f 151/151/151 152/152/152 147/147/147
f 149/149/149 148/148/148 153/153/153
f 152/152/152 153/153/153 148/148/148
f 150/150/150 149/149/149 154/154/154
f 153/153/153 154/154/154 149/149/149
f 151/151/151 145/145/145 155/155/155
f 156/156/156 155/155/155 145/145/145
f 145/145/145 144/144/144 156/156/156
f 157/157/157 156/156/156 144/144/144
f 144/144/144 143/143/143 157/157/157
f 158/158/158 157/157/157 143/143/143
f 143/143/143 142/142/142 158/158/158
f 159/159/159 158/158/158 142/142/142
f 142/142/142 141/141/141 159/159/159
f 160/160/160 159/159/159 141/141/141
f 141/141/141 140/140/140 160/160/160
f 161/161/161 160/160/160 140/140/140
f 140/140/140 139/139/139 161/161/161
f 162/162/162 161/161/161 139/139/139
f 139/139/139 138/138/138 162/162/162
f 163/163/163 162/162/162 138/138/138
f 138/138/138 137/137/137 163/163/163
f 164/164/164 163/163/163 137/137/137
f 137/137/137 129/129/129 164/164/164
f 165/165/165 164/164/164 129/129/129
f 129/129/129 130/130/130 165/165/165
f 166/166/166 165/165/165 130/130/130
f 130/130/130 132/132/132 166/166/166
f 167/167/167 166/166/166 132/132/132
f 132/132/132 136/136/136 167/167/167
f 168/168/168 167/167/167 136/136/136
f 166/166/166 167/167/167 169/169/169
f 170/170/170 169/169/169 167/167/167
f 167/167/167 171/168/168 170/170/170
f 172/171/171 170/170/172 168/168/168
f 165/165/165 166/166/166 173/172/173
f 169/169/169 173/172/173 166/166/166
f 164/164/164 165/165/165 174/173/174
f 173/172/173 174/173/174 165/165/165
f 174/173/174 175/174/175 164/164/164
f 163/163/163 164/164/164 175/174/175
f 175/174/175 176/175/176 163/163/163
f 162/162/162 163/163/163 176/175/176
f 176/175/176 177/176/177 162/162/162
f 161/161/161 162/162/162 177/176/177
f 177/176/177 178/177/178 161/161/161
f 160/160/160 161/161/161 178/177/178
f 178/177/178 179/178/179 160/160/160
f 159/159/159 160/160/160 179/178/179
f 179/178/179 180/179/180 159/159/159
f 158/158/158 159/159/159 180/179/180
f 180/179/180 181/180/181 158/158/158
f 157/157/157 158/158/158 181/180/181
f 181/180/181 182/181/182 157/157/157
f 156/156/156 157/157/157 182/181/182
f 182/181/182 183/182/183 156/156/156
f 155/155/155 156/156/156 183/182/183
f 183/182/183 184/183/184 155/155/155
f 185/184/185 155/155/155 184/183/184
f 155/155/155 185/184/185 151/151/151
f 152/152/152 151/151/151 185/184/185
f 185/184/185 186/185/186 152/152/152
f 153/153/153 152/152/152 186/185/186
f 186/185/186 187/186/187 153/153/153
f 154/154/154 153/153/153 187/186/187
f 186/185/186 185/184/185 188/187/188
f 184/183/184 188/187/188 185/184/185
f 187/186/187 186/185/186 189/188/189
f 188/187/188 189/188/189 186/185/186
f 182/181/182 181/180/181 190/189/190
f 191/190/191 190/189/190 181/180/181
f 181/180/181 180/179/180 191/190/191
f 192/191/192 191/190/191 180/179/180
f 180/179/180 179/178/179 192/191/192
f 193/192/193 192/191/192 179/178/179
f 179/178/179 178/177/178 193/192/193
f 194/193/194 193/192/193 178/177/178
f 178/177/178 177/176/177 194/193/194
f 195/194/195 194/193/194 177/176/177
f 177/176/177 176/175/176 195/194/195
f 196/195/196 195/194/195 176/175/176
f 176/175/176 175/174/175 196/195/196
f 197/196/197 196/195/196 175/174/175
f 175/174/175 174/173/174 197/196/197
f 198/197/198 197/196/197 174/173/174
f 174/173/174 173/172/173 198/197/198
f 199/198/199 198/197/198 173/172/173
f 173/172/173 169/169/169 199/198/199
f 200/199/200 199/198/199 169/169/169
f 169/169/169 170/170/170 200/199/200
f 201/200/201 200/199/200 170/170/170
f 170/170/170 202/171/171 201/200/201
f 203/201/202 201/200/201 172/171/171
f 206/202/203 205/34/34 204/203/204
f 207/33/33 204/203/204 205/34/34
f 204/203/204 208/204/205 206/202/203
f 209/205/206 206/202/203 208/204/205
f 208/204/205 210/206/207 209/205/206
f 211/207/208 209/205/206 210/206/207
f 210/206/207 212/208/209 211/207/208
f 213/209/210 211/207/208 212/208/209
f 212/208/209 214/210/211 213/209/210
f 215/211/212 213/209/210 214/210/211
f 214/210/211 216/212/213 215/211/212
f 217/213/214 215/211/212 216/212/213
f 216/212/213 218/214/215 217/213/214
f 219/215/216 217/213/214 218/214/215
f 218/214/215 220/216/217 219/215/216
f 221/217/218 219/215/216 220/216/217
f 220/216/217 222/218/219 221/217/218
f 223/219/220 221/217/218 222/218/219
f 222/218/219 224/220/221 223/219/220
f 225/221/222 223/219/220 224/220/221
f 224/220/221 226/222/223 225/221/222
f 227/223/224 225/221/222 226/222/223
f 226/222/223 228/224/225 227/223/224
f 229/225/226 227/223/224 228/224/225
f 228/224/225 230/226/227 229/225/226
f 231/227/228 229/225/226 230/226/227
f 230/226/227 232/228/229 231/227/228
f 233/229/230 231/227/228 232/228/229
f 232/228/229 234/230/231 233/229/230
f 235/231/232 233/229/230 234/230/231
f 234/230/231 236/4/4 235/231/232
f 237/2/2 235/231/232 236/4/4
f 224/220/221 222/218/219 238/232/233
f 239/233/234 238/232/233 222/218/219
f 222/218/219 220/216/217 239/233/234
f 240/234/235 239/233/234 220/216/217
f 220/216/217 218/214/215 240/234/235
f 241/235/236 240/234/235 218/214/215
f 218/214/215 216/212/213 241/235/236
f 242/236/237 241/235/236 216/212/213
f 216/212/213 214/210/211 242/236/237
f 243/237/238 242/236/237 214/210/211
f 214/210/211 212/208/209 243/237/238
f 244/238/239 243/237/238 212/208/209
f 212/208/209 210/206/207 244/238/239
f 245/239/240 244/238/239 210/206/207
f 210/206/207 208/204/205 245/239/240
f 246/240/241 245/239/240 208/204/205
f 208/204/205 204/203/204 246/240/241
f 247/241/242 246/240/241 204/203/204
f 204/203/204 207/33/33 247/241/242
f 248/66/243 247/241/242 207/33/33
f 247/241/242 248/66/243 249/70/244
f 250/71/71 249/70/244 248/66/243
f 246/240/241 247/241/242 251/242/245
f 249/70/244 251/242/245 247/241/242
f 245/239/240 246/240/241 252/243/246
f 251/242/245 252/243/246 246/240/241
f 244/238/239 245/239/240 253/244/247
f 252/243/246 253/244/247 245/239/240
f 243/237/238 244/238/239 254/245/248
f 253/244/247 254/245/248 244/238/239
f 254/245/248 255/246/249 243/237/238
f 242/236/237 243/237/238 255/246/249
f 255/246/249 256/247/250 242/236/237
f 241/235/236 242/236/237 256/247/250
f 256/247/250 257/248/251 241/235/236
f 240/234/235 241/235/236 257/248/251
f 257/248/251 258/249/252 240/234/235
f 239/233/234 240/234/235 258/249/252
f 258/249/252 259/250/253 239/233/234
f 238/232/233 239/233/234 259/250/253
f 238/232/233 259/250/253 260/251/254
f 238/232/233 260/251/254 224/220/221
f 226/222/223 224/220/221 260/251/254
f 260/251/254 261/252/255 226/222/223
f 228/224/225 226/222/223 261/252/255
f 261/252/255 262/253/256 228/224/225
f 230/226/227 228/224/225 262/253/256
f 262/253/256 263/254/257 230/226/227
f 232/228/229 230/226/227 263/254/257
f 263/254/257 264/255/258 232/228/229
f 234/230/231 232/228/229 264/255/258
f 264/255/258 265/45/45 234/230/231
f 236/4/4 234/230/231 265/45/45
f 266/256/259 260/251/254 259/250/253
f 266/256/259 267/257/260 260/251/254
f 267/257/260 261/252/255 260/251/254
f 268/258/261 261/252/255 267/257/260
f 268/258/261 269/259/262 261/252/255
f 269/259/262 262/253/256 261/252/255
f 270/260/263 262/253/256 269/259/262
f 270/260/263 271/261/264 262/253/256
f 271/261/264 263/254/257 262/253/256
f 272/262/265 263/254/257 271/261/264
f 272/262/265 273/47/266 263/254/257
f 264/255/258 263/254/257 273/47/266
f 265/45/45 264/255/258 274/46/46
f 273/47/266 274/46/46 264/255/258
f 271/261/264 275/263/267 272/262/265
f 275/263/267 271/261/264 276/264/268
f 277/260/269 276/264/268 271/261/264
f 276/264/268 277/260/269 278/265/270
f 279/259/271 278/265/270 277/260/269
f 280/258/272 278/265/270 279/259/271
f 278/265/270 280/258/272 281/266/273
f 282/257/274 281/266/273 280/258/272
f 283/256/275 281/266/273 282/257/274
f 281/266/273 283/256/275 284/267/276
f 285/268/277 284/267/276 283/256/275
f 284/267/276 285/268/277 286/269/278
f 287/270/279 286/269/278 285/268/277
f 288/271/280 286/269/278 287/270/279
f 286/269/278 288/271/280 289/272/281
f 290/273/282 289/272/281 288/271/280
f 289/272/281 290/273/282 291/274/283
f 292/275/284 291/274/283 290/273/282
f 291/274/283 292/275/284 293/276/285
f 294/277/286 293/276/285 292/275/284
f 293/276/285 294/277/286 295/278/287
f 296/279/288 295/278/287 294/277/286
f 295/278/287 296/279/288 297/280/289
f 298/281/290 297/280/289 296/279/288
f 297/280/289 298/281/290 299/282/291
f 300/283/292 299/282/291 298/281/290
f 299/282/291 300/283/292 301/284/293
f 302/285/294 301/284/293 300/283/292
f 301/284/293 302/285/294 303/286/295
f 304/287/296 303/286/295 302/285/294
f 303/286/295 304/287/296 305/288/297
f 306/289/298 305/288/297 304/287/296
f 305/288/297 306/289/298 307/290/299
f 308/291/300 307/290/299 306/289/298
f 307/290/299 308/291/300 309/292/301
f 310/293/302 309/292/301 308/291/300
f 311/294/303 309/292/301 310/293/302
f 309/292/301 311/294/303 312/295/304
f 313/296/305 312/295/304 311/294/303
f 312/295/304 313/296/305 314/297/306
f 315/298/307 314/297/306 313/296/305
f 314/297/306 315/298/307 316/299/308
f 317/300/309 316/299/308 315/298/307
f 318/301/310 316/299/308 317/300/309
f 316/299/308 318/301/310 319/302/311
f 320/134/312 319/302/311 318/301/310
f 54/54/54 321/303/313 55/55/55
f 322/304/314 55/55/55 321/303/313
f 322/304/314 323/305/315 55/55/55
f 55/55/55 323/305/315 324/306/315
f 56/56/56 55/55/55 324/306/315
f 78/78/78 56/56/56 324/306/315
f 85/85/85 78/78/78 324/306/315
f 249/70/244 250/71/71 325/307/316
f 326/81/81 325/307/316 250/71/71
f 325/307/316 327/308/317 249/70/244
f 251/242/245 249/70/244 327/308/317
f 327/308/317 328/309/318 251/242/245
f 252/243/246 251/242/245 328/309/318
f 328/309/318 329/310/319 252/243/246
f 253/244/247 252/243/246 329/310/319
f 329/310/319 330/311/320 253/244/247
f 254/245/248 253/244/247 330/311/320
f 330/311/320 331/312/321 254/245/248
f 255/246/249 254/245/248 331/312/321
f 331/312/321 332/313/322 255/246/249
f 256/247/250 255/246/249 332/313/322
f 332/313/322 333/314/323 256/247/250
f 257/248/251 256/247/250 333/314/323
f 333/314/323 334/315/324 257/248/251
f 258/249/252 257/248/251 334/315/324
f 334/315/324 335/273/325 258/249/252
f 336/275/326 335/273/325 334/315/324
f 335/273/325 259/250/253 258/249/252
f 337/271/327 259/250/253 335/273/325
f 338/270/328 259/250/253 337/271/327
f 338/270/328 339/268/329 259/250/253
f 266/256/259 259/250/253 339/268/329
f 332/313/322 331/312/321 340/316/330
f 341/317/331 340/316/330 331/312/321
f 333/314/323 332/313/322 342/318/332
f 340/316/330 342/318/332 332/313/322
f 334/315/324 333/314/323 343/319/333
f 342/318/332 343/319/333 333/314/323
f 343/319/333 344/279/334 334/315/324
f 345/320/335 344/279/334 343/319/333
f 346/281/336 344/279/334 345/320/335
f 344/279/334 347/277/337 334/315/324
f 347/277/337 336/275/326 334/315/324
f 345/320/335 348/283/338 346/281/336
f 340/316/330 341/317/331 349/321/339
f 350/322/340 349/321/339 341/317/331
f 341/317/331 351/323/341 350/322/340
f 351/323/341 341/317/331 330/311/320
f 330/311/320 329/310/319 351/323/341
f 352/324/342 351/323/341 329/310/319
f 329/310/319 328/309/318 352/324/342
f 353/325/343 352/324/342 328/309/318
f 328/309/318 327/308/317 353/325/343
f 354/326/344 353/325/343 327/308/317
f 327/308/317 325/307/316 354/326/344
f 355/327/345 354/326/344 325/307/316
f 325/307/316 326/81/81 355/327/345
f 356/92/92 355/327/345 326/81/81
f 355/327/345 356/92/92 357/328/346
f 358/116/116 357/328/346 356/92/92
f 354/326/344 355/327/345 359/329/347
f 357/328/346 359/329/347 355/327/345
f 353/325/343 354/326/344 360/330/348
f 359/329/347 360/330/348 354/326/344
f 352/324/342 353/325/343 361/331/349
f 360/330/348 361/331/349 353/325/343
f 361/331/349 362/332/350 352/324/342
f 351/323/341 352/324/342 362/332/350
f 362/332/350 350/322/340 351/323/341
f 357/328/346 358/116/116 363/333/351
f 364/150/150 363/333/351 358/116/116
f 359/329/347 357/328/346 365/334/352
f 363/333/351 365/334/352 357/328/346
f 360/330/348 359/329/347 366/335/353
f 365/334/352 366/335/353 359/329/347
f 361/331/349 360/330/348 367/336/354
f 366/335/353 367/336/354 360/330/348
f 362/332/350 361/331/349 368/337/355
f 367/336/354 368/337/355 361/331/349
f 350/322/340 362/332/350 369/338/356
f 368/337/355 369/338/356 362/332/350
f 369/338/356 370/339/357 350/322/340
f 349/321/339 350/322/340 370/339/357
f 370/339/357 371/340/358 349/321/339
f 372/341/359 349/321/339 371/340/358
f 349/321/339 372/341/359 340/316/330
f 342/318/332 340/316/330 372/341/359
f 372/341/359 373/342/360 342/318/332
f 343/319/333 342/318/332 373/342/360
f 373/342/360 374/343/361 343/319/333
f 345/320/335 343/319/333 374/343/361
f 374/343/361 375/285/362 345/320/335
f 376/344/363 375/285/362 374/343/361
f 377/287/364 375/285/362 376/344/363
f 375/285/362 348/283/338 345/320/335
f 377/287/364 376/344/363 378/289/365
f 376/344/363 379/345/366 378/289/365
f 379/345/366 380/291/367 378/289/365
f 380/291/367 379/345/366 381/293/368
f 382/294/369 381/293/368 379/345/366
f 373/342/360 372/341/359 383/346/370
f 371/340/358 383/346/370 372/341/359
f 374/343/361 373/342/360 384/347/371
f 383/346/370 384/347/371 373/342/360
f 376/344/363 374/343/361 385/348/372
f 384/347/371 385/348/372 374/343/361
f 379/345/366 376/344/363 386/349/373
f 385/348/372 386/349/373 376/344/363
f 382/294/369 379/345/366 387/350/374
f 379/345/366 386/349/373 387/350/374
f 388/296/375 382/294/369 387/350/374
f 383/346/370 371/340/358 389/351/376
f 390/352/377 389/351/376 371/340/358
f 371/340/358 370/339/357 390/352/377
f 391/353/378 390/352/377 370/339/357
f 370/339/357 369/338/356 391/353/378
f 392/354/379 391/353/378 369/338/356
f 369/338/356 368/337/355 392/354/379
f 393/355/380 392/354/379 368/337/355
f 368/337/355 367/336/354 393/355/380
f 394/356/381 393/355/380 367/336/354
f 367/336/354 366/335/353 394/356/381
f 395/357/382 394/356/381 366/335/353
f 366/335/353 365/334/352 395/357/382
f 396/358/383 395/357/382 365/334/352
f 365/334/352 363/333/351 396/358/383
f 397/359/384 396/358/383 363/333/351
f 363/333/351 364/150/150 397/359/384
f 398/154/154 397/359/384 364/150/150
f 397/359/384 398/154/154 399/185/385
f 400/186/187 399/185/385 398/154/154
f 396/358/383 397/359/384 401/360/386
f 399/185/385 401/360/386 397/359/384
f 395/357/382 396/358/383 402/361/387
f 401/360/386 402/361/387 396/358/383
f 394/356/381 395/357/382 403/362/388
f 402/361/387 403/362/388 395/357/382
f 393/355/380 394/356/381 404/363/389
f 403/362/388 404/363/389 394/356/381
f 404/363/389 405/364/390 393/355/380
f 392/354/379 393/355/380 405/364/390
f 405/364/390 406/365/391 392/354/379
f 391/353/378 392/354/379 406/365/391
f 406/365/391 407/366/392 391/353/378
f 390/352/377 391/353/378 407/366/392
f 407/366/392 408/367/393 390/352/377
f 389/351/376 390/352/377 408/367/393
f 408/367/393 409/368/394 389/351/376
f 410/369/395 389/351/376 409/368/394
f 389/351/376 410/369/395 383/346/370
f 384/347/371 383/346/370 410/369/395
f 410/369/395 411/370/396 384/347/371
f 385/348/372 384/347/371 411/370/396
f 411/370/396 412/371/397 385/348/372
f 386/349/373 385/348/372 412/371/397
f 412/371/397 413/372/398 386/349/373
f 387/350/374 386/349/373 413/372/398
f 413/372/398 414/373/399 387/350/374
f 415/374/400 387/350/374 414/373/399
f 414/373/399 416/375/401 415/374/400
f 417/376/402 415/374/400 416/375/401
f 415/374/400 417/376/402 418/300/403
f 419/298/404 415/374/400 418/300/403
f 416/375/401 420/136/136 417/376/402
f 421/133/133 417/376/402 420/136/136
f 412/371/397 411/370/396 422/377/405
f 423/378/406 422/377/405 411/370/396
f 411/370/396 410/369/395 423/378/406
f 409/368/394 423/378/406 410/369/395
f 414/373/399 413/372/398 424/379/407
f 425/380/408 424/379/407 413/372/398
f 422/377/405 425/380/408 412/371/397
f 413/372/398 412/371/397 425/380/408
f 420/136/136 416/375/401 426/168/168
f 427/381/409 426/168/168 416/375/401
f 424/379/407 427/381/409 414/373/399
f 416/375/401 414/373/399 427/381/409
f 423/378/406 409/368/394 428/382/410
f 429/383/411 428/382/410 409/368/394
f 409/368/394 408/367/393 429/383/411
f 430/384/412 429/383/411 408/367/393
f 408/367/393 407/366/392 430/384/412
f 431/385/413 430/384/412 407/366/392
f 407/366/392 406/365/391 431/385/413
f 432/386/414 431/385/413 406/365/391
f 406/365/391 405/364/390 432/386/414
f 433/387/415 432/386/414 405/364/390
f 405/364/390 404/363/389 433/387/415
f 434/388/416 433/387/415 404/363/389
f 404/363/389 403/362/388 434/388/416
f 435/181/417 434/388/416 403/362/388
f 403/362/388 402/361/387 435/181/417
f 436/389/418 435/181/417 402/361/387
f 402/361/387 401/360/386 436/389/418
f 437/390/419 436/389/418 401/360/386
f 401/360/386 399/185/385 437/390/419
f 438/187/420 437/390/419 399/185/385
f 399/185/385 400/186/187 438/187/420
f 439/188/189 438/187/420 400/186/187
f 438/187/420 439/188/189 440/391/421
f 441/392/422 440/391/421 439/188/189
f 437/390/419 438/187/420 442/393/423
f 440/391/421 442/393/423 438/187/420
f 436/389/418 437/390/419 443/394/424
f 442/393/423 443/394/424 437/390/419
f 435/181/417 436/389/418 444/395/425
f 443/394/424 444/395/425 436/389/418
f 434/388/416 435/181/417 445/396/426
f 444/395/425 445/396/426 435/181/417
f 445/396/426 446/397/427 434/388/416
f 433/387/415 434/388/416 446/397/427
f 446/397/427 447/398/428 433/387/415
f 432/386/414 433/387/415 447/398/428
f 447/398/428 448/399/429 432/386/414
f 431/385/413 432/386/414 448/399/429
f 448/399/429 449/400/430 431/385/413
f 430/384/412 431/385/413 449/400/430
f 449/400/430 450/401/431 430/384/412
f 429/383/411 430/384/412 450/401/431
f 450/401/431 451/402/432 429/383/411
f 428/382/410 429/383/411 451/402/432
f 451/402/432 452/403/433 428/382/410
f 453/173/434 428/382/410 452/403/433
f 428/382/410 453/173/434 423/378/406
f 422/377/405 423/378/406 453/173/434
f 453/173/434 454/404/435 422/377/405
f 425/380/408 422/377/405 454/404/435
f 454/404/435 455/405/436 425/380/408
f 424/379/407 425/380/408 455/405/436
f 455/405/436 456/406/437 424/379/407
f 427/381/409 424/379/407 456/406/437
f 456/406/437 457/171/171 427/381/409
f 454/404/435 453/173/434 458/407/438
f 452/403/433 458/407/438 453/173/434
f 455/405/436 454/404/435 459/408/439
f 458/407/438 459/408/439 454/404/435
f 456/406/437 455/405/436 460/200/440
f 459/408/439 460/200/440 455/405/436
f 457/171/171 456/406/437 461/201/202
f 460/200/440 461/201/202 456/406/437
f 463/168/168 427/381/409 462/171/171
f 331/312/321 330/311/320 341/317/331
f 417/376/402 465/301/441 464/300/403
f 465/301/441 417/376/402 466/134/134
f 421/133/133 466/134/134 417/376/402
f 183/182/183 182/181/182 467/409/442
f 190/189/190 467/409/442 182/181/182
f 467/409/442 468/410/443 183/182/183
f 184/183/184 183/182/183 468/410/443
f 468/410/443 469/391/444 184/183/184
f 188/187/188 184/183/184 469/391/444
f 469/391/444 470/392/422 188/187/188
f 189/188/189 188/187/188 470/392/422
f 473/411/445 472/412/445 471/413/445
f 476/414/200 475/411/201 474/413/446
f 477/415/447 476/414/200 474/413/446
f 478/416/198 477/415/447 474/413/446
f 479/417/448 478/416/198 474/413/446
f 480/418/196 479/417/448 474/413/446
f 481/419/195 480/418/196 474/413/446
f 482/420/194 481/419/195 474/413/446
f 483/421/193 482/420/194 474/413/446
f 484/422/449 483/421/193 474/413/446
f 485/423/450 484/422/449 474/413/446
f 486/424/190 485/423/450 474/413/446
f 487/425/442 486/424/190 474/413/446
f 488/426/451 487/425/442 474/413/446
f 489/427/452 488/426/451 474/413/446
f 490/428/422 489/427/452 474/413/446
f 491/429/453 490/428/422 474/413/446
f 492/430/454 491/429/453 474/413/446
f 493/431/455 492/430/454 474/413/446
f 494/432/456 493/431/455 474/413/446
f 495/433/457 494/432/456 474/413/446
f 496/434/427 495/433/457 474/413/446
f 497/435/458 496/434/427 474/413/446
f 498/436/429 497/435/458 474/413/446
f 499/437/430 498/436/429 474/413/446
f 500/438/459 499/437/430 474/413/446
f 501/439/432 500/438/459 474/413/446
f 502/440/433 501/439/432 474/413/446
f 503/441/460 502/440/433 474/413/446
f 504/442/461 503/441/460 474/413/446
f 505/443/462 504/442/461 474/413/446
f 506/412/463 505/443/462 474/413/446
f 127/127/127 507/444/464 128/128/128
f 128/128/128 507/444/464 131/131/131
f 131/131/131 508/444/464 135/135/135
f 387/350/374 415/374/400 388/296/375
f 419/298/404 388/296/375 415/374/400
f 511/135/465 510/445/466 509/134/312
f 512/302/467 509/134/312 510/445/466
f 513/444/468 510/445/466 511/135/465
f 510/445/466 513/444/468 514/446/469
f 515/127/470 514/446/469 513/444/468
f 514/446/469 515/127/470 516/447/471
f 517/126/472 516/447/471 515/127/470
f 516/447/471 517/126/472 518/448/473
f 519/101/474 518/448/473 517/126/472
f 520/100/475 518/448/473 519/101/474
f 518/448/473 520/100/475 521/449/476
f 522/98/477 521/449/476 520/100/475
f 521/449/476 522/98/477 523/450/478
f 524/97/479 523/450/478 522/98/477
f 523/450/478 524/97/479 525/451/480
f 526/95/481 525/451/480 524/97/479
f 525/451/480 526/95/481 527/452/482
f 528/94/483 527/452/482 526/95/481
f 527/452/482 528/94/483 529/453/484
f 530/89/485 529/453/484 528/94/483
f 529/453/484 530/89/485 531/454/486
f 532/87/487 531/454/486 530/89/485
f 531/454/486 532/87/487 533/455/488
f 534/86/489 533/455/488 532/87/487
f 533/455/488 534/86/489 535/456/490
f 536/84/491 535/456/490 534/86/489
f 535/456/490 536/84/491 537/457/492
f 538/85/493 537/457/492 536/84/491
f 537/457/492 538/85/493 539/458/494
f 540/306/495 539/458/494 538/85/493
f 539/458/494 540/306/495 541/459/496
f 542/305/497 541/459/496 540/306/495
f 543/304/498 541/459/496 542/305/497
f 541/459/496 543/304/498 544/460/499
f 545/303/500 544/460/499 543/304/498
f 544/460/499 545/303/500 546/461/501
f 547/54/502 546/461/501 545/303/500
f 548/53/503 546/461/501 547/54/502
f 546/461/501 548/53/503 549/462/504
f 550/52/505 549/462/504 548/53/503
f 551/51/506 549/462/504 550/52/505
f 549/462/504 551/51/506 552/463/507
f 553/50/508 552/463/507 551/51/506
f 552/463/507 553/50/508 554/464/509
f 49/49/49 554/464/509 553/50/508
f 555/48/510 554/464/509 49/49/49
f 554/464/509 555/48/510 556/465/511
f 557/47/512 556/465/511 555/48/510
f 556/465/511 557/47/512 558/466/513
f 559/46/514 558/466/513 557/47/512
f 562/47/515 561/467/516 560/46/514
f 563/466/513 560/46/514 561/467/516
f 561/467/516 562/47/515 275/263/267
f 272/262/265 275/263/267 562/47/515
f 566/468/517 565/469/518 564/470/519
f 567/471/519 564/470/519 565/469/518
f 565/469/518 566/468/517 568/472/520
f 569/473/521 568/472/520 566/468/517
f 568/472/520 569/473/521 570/474/522
f 571/475/523 570/474/522 569/473/521
f 570/474/522 571/475/523 572/476/524
f 573/477/525 572/476/524 571/475/523
f 572/476/524 573/477/525 574/478/526
f 575/479/527 574/478/526 573/477/525
f 574/478/526 575/479/527 576/480/528
f 577/481/529 576/480/528 575/479/527
f 576/480/528 577/481/529 578/482/530
f 579/483/531 578/482/530 577/481/529
f 578/482/530 579/483/531 580/484/532
f 581/485/533 580/484/532 579/483/531
f 580/484/532 581/485/533 582/486/534
f 583/487/535 582/486/534 581/485/533
f 582/486/534 583/487/535 584/488/536
f 585/489/537 584/488/536 583/487/535
f 584/488/536 585/489/537 586/490/538
f 587/491/539 586/490/538 585/489/537
f 586/490/538 587/491/539 588/492/540
f 589/493/541 588/492/540 587/491/539
f 588/492/540 589/493/541 590/494/542
f 591/495/543 590/494/542 589/493/541
f 590/494/542 591/495/543 592/496/544
f 593/497/545 592/496/544 591/495/543
f 592/496/544 593/497/545 594/498/546
f 595/499/547 594/498/546 593/497/545
f 594/498/546 595/499/547 596/500/548
f 597/501/549 596/500/548 595/499/547
f 596/500/548 597/501/549 598/502/550
f 599/503/551 598/502/550 597/501/549
f 598/502/550 599/503/551 600/504/552
f 601/505/553 600/504/552 599/503/551
f 600/504/552 601/505/553 602/506/554
f 603/507/555 602/506/554 601/505/553
f 602/506/554 603/507/555 604/508/556
f 605/509/557 604/508/556 603/507/555
f 604/508/556 605/509/557 606/510/558
f 607/511/559 606/510/558 605/509/557
f 606/510/558 607/511/559 608/512/560
f 609/513/560 608/512/560 607/511/559
f 612/514/519 611/515/519 610/516/561
f 613/517/562 610/516/561 611/515/519
f 610/516/561 613/517/562 614/518/563
f 615/519/564 614/518/563 613/517/562
f 614/518/563 615/519/564 616/520/565
f 617/521/566 616/520/565 615/519/564
f 616/520/565 617/521/566 618/522/567
f 619/523/568 618/522/567 617/521/566
f 618/522/567 619/523/568 620/524/569
f 621/525/570 620/524/569 619/523/568
f 620/524/569 621/525/570 622/526/571
f 623/527/572 622/526/571 621/525/570
f 622/526/571 623/527/572 624/528/573
f 625/529/574 624/528/573 623/527/572
f 624/528/573 625/529/574 626/530/575
f 627/531/576 626/530/575 625/529/574
f 626/530/575 627/531/576 628/532/577
f 629/533/578 628/532/577 627/531/576
f 628/532/577 629/533/578 630/534/579
f 631/535/580 630/534/579 629/533/578
f 630/534/579 631/535/580 632/536/581
f 633/537/582 632/536/581 631/535/580
f 632/536/581 633/537/582 634/538/583
f 635/539/584 634/538/583 633/537/582
f 634/538/583 635/539/584 636/540/585
f 637/541/586 636/540/585 635/539/584
f 636/540/585 637/541/586 638/542/587
f 639/543/588 638/542/587 637/541/586
f 638/542/587 639/543/588 640/544/589
f 641/545/590 640/544/589 639/543/588
f 640/544/589 641/545/590 642/546/591
f 643/547/592 642/546/591 641/545/590
f 642/546/591 643/547/592 644/548/593
f 645/549/594 644/548/593 643/547/592
f 644/548/593 645/549/594 646/550/595
f 647/551/596 646/550/595 645/549/594
f 646/550/595 647/551/596 648/552/597
f 649/553/598 648/552/597 647/551/596
f 648/552/597 649/553/598 650/554/599
f 651/555/600 650/554/599 649/553/598
f 650/554/599 651/555/600 652/556/601
f 653/557/602 652/556/601 651/555/600
f 652/556/601 653/557/602 654/558/560
f 655/559/560 654/558/560 653/557/602
f 658/560/603 657/561/603 656/562/603
f 657/561/603 659/563/603 656/562/603
f 660/564/603 659/563/603 657/561/603
f 661/565/603 659/563/603 660/564/603
f 662/566/603 659/563/603 661/565/603
f 663/567/603 659/563/603 662/566/603
f 664/568/603 659/563/603 663/567/603
f 665/569/603 659/563/603 664/568/603
f 666/570/603 665/569/603 664/568/603
f 667/571/603 665/569/603 666/570/603
f 668/572/603 665/569/603 667/571/603
f 669/573/603 665/569/603 668/572/603
f 670/574/603 665/569/603 669/573/603
f 671/575/603 665/569/603 670/574/603
f 672/576/603 665/569/603 671/575/603
f 673/577/603 659/563/603 665/569/603
f 674/578/603 673/577/603 665/569/603
f 675/579/603 674/578/603 665/569/603
f 676/580/603 675/579/603 665/569/603
f 677/581/603 676/580/603 665/569/603
f 678/582/603 677/581/603 665/569/603
f 679/583/603 678/582/603 665/569/603
f 680/584/603 679/583/603 665/569/603
f 681/585/603 680/584/603 665/569/603
f 682/586/603 679/583/603 680/584/603
f 683/587/603 678/582/603 679/583/603
f 684/588/603 683/587/603 679/583/603
f 685/589/603 678/582/603 683/587/603
f 686/590/603 677/581/603 678/582/603
f 687/591/603 686/590/603 678/582/603
f 688/592/603 687/591/603 678/582/603
f 689/593/603 686/590/603 687/591/603
f 690/594/603 677/581/603 686/590/603
f 691/595/603 690/594/603 686/590/603
f 693/596/603 659/563/603 692/597/603
f 692/597/603 659/563/603 694/598/603
f 694/598/603 659/563/603 695/599/603
f 695/599/603 659/563/603 696/600/603
f 696/600/603 659/563/603 697/601/603
f 697/601/603 659/563/603 698/602/603
f 698/602/603 659/563/603 673/577/603
f 659/563/603 699/603/603 656/562/603
f 702/604/604 701/605/605 700/606/606
f 703/607/607 700/606/606 701/605/605
f 701/605/605 702/604/604 704/608/608
f 705/609/609 704/608/608 702/604/604
f 704/608/608 705/609/609 706/610/610
f 707/611/611 706/610/610 705/609/609
f 700/606/606 703/607/607 708/612/612
f 709/613/613 708/612/612 703/607/607
f 708/612/612 709/613/613 710/614/614
f 711/615/615 710/614/614 709/613/613
f 710/614/614 711/615/615 712/616/616
f 713/617/617 712/616/616 711/615/615
f 712/616/616 713/617/617 714/618/618
f 715/619/618 714/618/618 713/617/617
f 714/618/618 715/619/618 716/620/619
f 717/621/620 716/620/619 715/619/618
f 716/620/619 717/621/620 718/622/621
f 719/623/622 718/622/621 717/621/620
f 718/622/621 719/623/622 720/624/623
f 721/625/624 720/624/623 719/623/622
f 720/624/623 721/625/624 722/626/625
f 723/627/626 722/626/625 721/625/624
f 722/626/625 723/627/626 724/628/627
f 725/629/628 724/628/627 723/627/626
f 724/628/627 725/629/628 726/630/629
f 727/631/630 726/630/629 725/629/628
f 726/630/629 727/631/630 728/632/631
f 729/633/632 728/632/631 727/631/630
f 728/632/631 729/633/632 730/634/633
f 731/635/633 730/634/633 729/633/632
f 730/634/633 731/635/633 732/636/611
f 733/637/610 732/636/611 731/635/633
f 736/607/634 735/605/634 734/613/634
f 735/605/634 737/608/634 734/613/634
f 737/608/634 738/610/634 734/613/634
f 738/610/634 739/638/634 734/613/634
f 739/638/634 740/639/634 734/613/634
f 740/639/634 741/640/634 734/613/634
f 741/640/634 742/641/634 734/613/634
f 742/641/634 743/642/634 734/613/634
f 743/642/634 744/643/634 734/613/634
f 744/643/634 745/644/634 734/613/634
f 745/644/634 746/645/634 734/613/634
f 746/645/634 747/646/634 734/613/634
f 747/646/634 748/647/635 734/613/634
f 748/647/635 749/648/634 734/613/634
f 752/649/636 751/650/637 750/651/638
f 753/652/639 750/651/638 751/650/637
f 751/650/637 752/649/636 754/653/640
f 755/654/641 754/653/640 752/649/636
f 754/653/640 755/654/641 756/655/642
f 757/656/643 756/655/642 755/654/641
f 756/655/642 757/656/643 758/657/644
f 759/658/645 758/657/644 757/656/643
f 750/651/638 753/652/639 760/659/646
f 761/660/647 760/659/646 753/652/639
f 760/659/646 761/660/647 762/661/648
f 763/662/649 762/661/648 761/660/647
f 762/661/648 763/662/649 764/663/650
f 765/664/651 764/663/650 763/662/649
f 764/663/650 765/664/651 766/665/652
f 767/666/653 766/665/652 765/664/651
f 766/665/652 767/666/653 768/667/654
f 769/668/655 768/667/654 767/666/653
f 768/667/654 769/668/655 770/669/656
f 771/670/657 770/669/656 769/668/655
f 770/669/656 771/670/657 772/671/658
f 773/672/659 772/671/658 771/670/657
f 772/671/658 773/672/659 774/673/660
f 775/674/661 774/673/660 773/672/659
f 774/673/660 775/674/661 776/675/662
f 777/676/663 776/675/662 775/674/661
f 776/675/662 777/676/663 778/677/664
f 779/678/665 778/677/664 777/676/663
f 778/677/664 779/678/665 780/679/666
f 781/680/667 780/679/666 779/678/665
f 780/679/666 781/680/667 782/681/645
f 783/682/644 782/681/645 781/680/667
f 781/680/667 784/683/668 783/682/644
f 785/684/669 783/682/644 784/683/668
f 779/678/665 786/685/670 781/680/667
f 784/683/668 781/680/667 786/685/670
f 777/676/663 787/686/671 779/678/665
f 786/685/670 779/678/665 787/686/671
f 775/674/661 788/687/672 777/676/663
f 787/686/671 777/676/663 788/687/672
f 773/672/659 789/688/673 775/674/661
f 788/687/672 775/674/661 789/688/673
f 789/688/673 773/672/659 790/689/674
f 771/670/657 790/689/674 773/672/659
f 790/689/674 771/670/657 791/690/675
f 769/668/655 791/690/675 771/670/657
f 791/690/675 769/668/655 792/691/676
f 767/666/653 792/691/676 769/668/655
f 792/691/676 767/666/653 793/692/677
f 765/664/651 793/692/677 767/666/653
f 793/692/677 765/664/651 794/693/678
f 763/662/649 794/693/678 765/664/651
f 794/693/678 763/662/649 795/694/679
f 761/660/647 795/694/679 763/662/649
f 795/694/679 761/660/647 796/695/680
f 753/652/639 796/695/680 761/660/647
f 796/695/680 753/652/639 797/696/681
f 751/650/637 797/696/681 753/652/639
f 797/696/681 751/650/637 798/697/682
f 754/653/640 798/697/682 751/650/637
f 798/697/682 754/653/640 799/698/683
f 756/655/642 799/698/683 754/653/640
f 799/698/683 756/655/642 800/699/669
f 758/657/644 800/699/669 756/655/642
f 797/696/681 801/700/684 796/695/680
f 802/701/685 796/695/680 801/700/684
f 796/695/680 802/701/685 795/694/679
f 798/697/682 803/702/686 797/696/681
f 801/700/684 797/696/681 803/702/686
f 799/698/683 804/703/687 798/697/682
f 803/702/686 798/697/682 804/703/687
f 800/699/669 805/704/688 799/698/683
f 804/703/687 799/698/683 805/704/688
f 801/700/684 806/705/689 802/701/685
f 807/706/690 802/701/685 806/705/689
f 803/702/686 808/707/691 801/700/684
f 806/705/689 801/700/684 808/707/691
f 804/703/687 809/708/692 803/702/686
f 808/707/691 803/702/686 809/708/692
f 805/704/688 810/709/693 804/703/687
f 809/708/692 804/703/687 810/709/693
f 802/701/685 807/706/690 811/710/694
f 811/710/694 795/694/679 802/701/685
f 795/694/679 811/710/694 794/693/678
f 812/711/695 794/693/678 811/710/694
f 794/693/678 812/711/695 793/692/677
f 813/712/696 793/692/677 812/711/695
f 793/692/677 813/712/696 792/691/676
f 814/713/697 792/691/676 813/712/696
f 792/691/676 814/713/697 791/690/675
f 815/714/698 791/690/675 814/713/697
f 791/690/675 815/714/698 790/689/674
f 816/715/699 790/689/674 815/714/698
f 790/689/674 816/715/699 789/688/673
f 817/716/700 789/688/673 816/715/699
f 789/688/673 817/716/700 788/687/672
f 818/717/701 788/687/672 817/716/700
f 788/687/672 818/717/701 787/686/671
f 819/718/702 787/686/671 818/717/701
f 787/686/671 819/718/702 786/685/670
f 820/719/703 786/685/670 819/718/702
f 786/685/670 820/719/703 784/683/668
f 821/720/704 784/683/668 820/719/703
f 784/683/668 821/720/704 785/684/669
f 822/721/688 785/684/669 821/720/704
f 821/720/704 823/722/705 822/721/688
f 824/723/693 822/721/688 823/722/705
f 820/719/703 825/724/706 821/720/704
f 823/722/705 821/720/704 825/724/706
f 819/718/702 826/725/707 820/719/703
f 825/724/706 820/719/703 826/725/707
f 818/717/701 827/726/708 819/718/702
f 826/725/707 819/718/702 827/726/708
f 817/716/700 828/727/709 818/717/701
f 827/726/708 818/717/701 828/727/709
f 828/727/709 817/716/700 829/728/710
f 816/715/699 829/728/710 817/716/700
f 829/728/710 816/715/699 830/729/711
f 815/714/698 830/729/711 816/715/699
f 830/729/711 815/714/698 831/730/712
f 814/713/697 831/730/712 815/714/698
f 831/730/712 814/713/697 832/731/713
f 813/712/696 832/731/713 814/713/697
f 832/731/713 813/712/696 833/732/714
f 812/711/695 833/732/714 813/712/696
f 833/732/714 812/711/695 834/733/715
f 811/710/694 834/733/715 812/711/695
f 834/733/715 811/710/694 807/706/690
f 828/727/709 835/734/716 827/726/708
f 829/728/710 836/735/717 828/727/709
f 835/734/716 828/727/709 836/735/717
f 830/729/711 837/736/718 829/728/710
f 836/735/717 829/728/710 837/736/718
f 831/730/712 838/737/719 830/729/711
f 837/736/718 830/729/711 838/737/719
f 832/731/713 839/738/720 831/730/712
f 838/737/719 831/730/712 839/738/720
f 833/732/714 840/739/721 832/731/713
f 839/738/720 832/731/713 840/739/721
f 834/733/715 841/740/722 833/732/714
f 840/739/721 833/732/714 841/740/722
f 807/706/690 842/741/723 834/733/715
f 842/741/723 807/706/690 843/742/724
f 806/705/689 843/742/724 807/706/690
f 843/742/724 806/705/689 844/743/725
f 808/707/691 844/743/725 806/705/689
f 844/743/725 808/707/691 845/744/726
f 809/708/692 845/744/726 808/707/691
f 845/744/726 809/708/692 846/745/727
f 810/709/693 846/745/727 809/708/692
f 841/740/722 834/733/715 842/741/723
f 823/722/705 847/746/728 824/723/693
f 848/747/727 824/723/693 847/746/728
f 847/746/728 823/722/705 849/748/729
f 825/724/706 849/748/729 823/722/705
f 849/748/729 825/724/706 850/749/730
f 826/725/707 850/749/730 825/724/706
f 850/749/730 826/725/707 851/750/731
f 827/726/708 851/750/731 826/725/707
f 851/750/731 827/726/708 835/734/716
f 854/751/732 853/752/732 852/753/732
f 853/752/732 855/754/732 852/753/732
f 856/755/732 855/754/732 853/752/732
f 857/756/732 856/755/732 853/752/732
f 858/757/732 857/756/732 853/752/732
f 859/758/732 856/755/732 857/756/732
f 860/759/732 855/754/732 856/755/732
f 861/760/732 860/759/732 856/755/732
f 862/761/732 861/760/732 856/755/732
f 863/762/732 860/759/732 861/760/732
f 864/763/732 855/754/732 860/759/732
f 865/764/732 864/763/732 860/759/732
f 866/765/732 855/754/732 864/763/732
f 852/753/732 855/754/732 867/766/732
f 870/763/634 869/764/634 868/765/634
f 869/764/634 871/766/634 868/765/634
f 872/761/634 871/766/634 869/764/634
f 873/762/634 872/761/634 869/764/634
f 874/759/634 873/762/634 869/764/634
f 875/760/634 872/761/634 873/762/634
f 876/757/634 871/766/634 872/761/634
f 877/758/634 876/757/634 872/761/634
f 878/755/634 877/758/634 872/761/634
f 879/756/634 876/757/634 877/758/634
f 880/751/634 871/766/634 876/757/634
f 881/752/634 880/751/634 876/757/634
f 882/753/634 871/766/634 880/751/634
f 868/765/634 871/766/634 883/754/634
f 886/767/733 885/768/734 884/769/735
f 885/768/734 887/770/734 884/769/735
f 888/771/736 887/770/734 885/768/734
f 887/770/734 889/772/734 884/769/735
f 890/773/734 889/772/734 887/770/734
f 891/774/734 890/773/734 887/770/734
f 892/775/736 891/774/734 887/770/734
f 893/776/736 890/773/734 891/774/734
f 894/777/736 889/772/734 890/773/734
f 895/778/737 894/777/736 890/773/734
f 896/779/734 889/772/734 894/777/736
f 889/772/734 897/780/738 884/769/735
f 898/781/734 897/780/738 889/772/734
f 899/782/734 898/781/734 889/772/734
f 900/783/739 899/782/734 889/772/734
f 901/784/736 898/781/734 899/782/734
f 902/785/734 897/780/738 898/781/734
f 903/786/736 902/785/734 898/781/734
f 904/787/734 897/780/738 902/785/734
f 906/788/734 905/789/740 897/780/738
f 905/789/740 907/790/741 897/780/738
f 908/791/742 907/790/741 905/789/740
f 897/780/738 907/790/741 884/769/735
f 884/769/735 907/790/741 909/792/743
f 909/792/743 907/790/741 910/793/744
f 913/793/745 912/790/746 911/794/747
f 914/795/748 911/794/747 912/790/746
f 913/793/745 911/794/747 915/792/749
f 916/796/750 915/792/749 911/794/747
f 915/792/749 916/796/750 917/769/751
f 918/797/752 917/769/751 916/796/750
f 917/769/751 918/797/752 919/767/753
f 920/798/754 919/767/753 918/797/752
f 919/767/753 920/798/754 921/768/755
f 922/799/756 921/768/755 920/798/754
f 921/768/755 922/799/756 923/771/757
f 924/800/758 923/771/757 922/799/756
f 923/771/757 924/800/758 925/770/759
f 926/801/760 925/770/759 924/800/758
f 925/770/759 926/801/760 927/775/761
f 928/802/762 927/775/761 926/801/760
f 927/775/761 928/802/762 929/774/763
f 930/803/764 929/774/763 928/802/762
f 929/774/763 930/803/764 931/776/765
f 932/804/766 931/776/765 930/803/764
f 931/776/765 932/804/766 933/773/767
f 934/805/768 933/773/767 932/804/766
f 933/773/767 934/805/768 935/778/769
f 936/806/770 935/778/769 934/805/768
f 935/778/769 936/806/770 937/777/771
f 938/807/772 937/777/771 936/806/770
f 937/777/771 938/807/772 939/779/773
f 940/808/774 939/779/773 938/807/772
f 939/779/773 940/808/774 941/772/775
f 942/809/776 941/772/775 940/808/774
f 941/772/775 942/809/776 943/783/777
f 944/810/778 943/783/777 942/809/776
f 943/783/777 944/810/778 945/782/779
f 946/811/780 945/782/779 944/810/778
f 945/782/779 946/811/780 947/784/781
f 948/812/782 947/784/781 946/811/780
f 947/784/781 948/812/782 949/781/783
f 950/813/784 949/781/783 948/812/782
f 949/781/783 950/813/784 951/786/785
f 952/814/786 951/786/785 950/813/784
f 951/786/785 952/814/786 953/785/787
f 954/815/788 953/785/787 952/814/786
f 953/785/787 954/815/788 955/787/789
f 956/816/790 955/787/789 954/815/788
f 955/787/789 956/816/790 957/780/791
f 958/817/792 957/780/791 956/816/790
f 957/780/791 958/817/792 959/788/793
f 960/818/794 959/788/793 958/817/792
f 959/788/793 960/818/794 961/789/795
f 962/819/796 961/789/795 960/818/794
f 960/818/794 963/820/797 962/819/796
f 964/821/798 962/819/796 963/820/797
f 963/820/797 965/822/799 964/821/798
f 966/823/800 964/821/798 965/822/799
f 963/820/797 960/818/794 967/824/801
f 958/817/792 967/824/801 960/818/794
f 965/822/799 963/820/797 968/825/802
f 967/824/801 968/825/802 963/820/797
f 967/824/801 958/817/792 969/826/803
f 956/816/790 969/826/803 958/817/792
f 968/825/802 967/824/801 970/827/804
f 969/826/803 970/827/804 967/824/801
f 969/826/803 956/816/790 971/828/805
f 954/815/788 971/828/805 956/816/790
f 970/827/804 969/826/803 972/829/806
f 971/828/805 972/829/806 969/826/803
f 971/828/805 954/815/788 973/830/807
f 952/814/786 973/830/807 954/815/788
f 972/829/806 971/828/805 974/831/808
f 973/830/807 974/831/808 971/828/805
f 973/830/807 952/814/786 975/832/809
f 950/813/784 975/832/809 952/814/786
f 974/831/808 973/830/807 976/833/810
f 975/832/809 976/833/810 973/830/807
f 975/832/809 950/813/784 977/834/811
f 948/812/782 977/834/811 950/813/784
f 976/833/810 975/832/809 978/835/812
f 977/834/811 978/835/812 975/832/809
f 977/834/811 948/812/782 979/836/813
f 946/811/780 979/836/813 948/812/782
f 978/835/812 977/834/811 980/837/814
f 979/836/813 980/837/814 977/834/811
f 979/836/813 946/811/780 981/838/815
f 944/810/778 981/838/815 946/811/780
f 980/837/814 979/836/813 982/839/816
f 981/838/815 982/839/816 979/836/813
f 981/838/815 944/810/778 983/840/817
f 942/809/776 983/840/817 944/810/778
f 982/839/816 981/838/815 984/841/818
f 983/840/817 984/841/818 981/838/815
f 983/840/817 942/809/776 985/842/819
f 940/808/774 985/842/819 942/809/776
f 985/842/819 986/843/820 983/840/817
f 985/842/819 940/808/774 987/844/821
f 938/807/772 987/844/821 940/808/774
f 987/844/821 988/845/822 985/842/819
f 989/843/820 985/842/819 988/845/822
f 987/844/821 938/807/772 990/846/823
f 936/806/770 990/846/823 938/807/772
f 990/846/823 991/847/824 987/844/821
f 992/845/822 987/844/821 991/847/824
f 990/846/823 936/806/770 993/848/825
f 934/805/768 993/848/825 936/806/770
f 991/847/824 990/846/823 994/849/826
f 993/848/825 994/849/826 990/846/823
f 993/848/825 934/805/768 995/850/827
f 932/804/766 995/850/827 934/805/768
f 994/849/826 993/848/825 996/851/828
f 995/850/827 996/851/828 993/848/825
f 995/850/827 932/804/766 997/852/829
f 930/803/764 997/852/829 932/804/766
f 996/851/828 995/850/827 998/853/830
f 997/852/829 998/853/830 995/850/827
f 997/852/829 930/803/764 999/854/831
f 928/802/762 999/854/831 930/803/764
f 999/854/831 928/802/762 1000/855/832
f 926/801/760 1000/855/832 928/802/762
f 1000/855/832 926/801/760 1001/856/833
f 924/800/758 1001/856/833 926/801/760
f 1001/856/833 924/800/758 1002/857/834
f 922/799/756 1002/857/834 924/800/758
f 1002/857/834 922/799/756 1003/858/835
f 920/798/754 1003/858/835 922/799/756
f 1003/858/835 920/798/754 1004/859/836
f 918/797/752 1004/859/836 920/798/754
f 1004/859/836 918/797/752 1005/860/837
f 916/796/750 1005/860/837 918/797/752
f 1005/860/837 916/796/750 1006/861/838
f 911/794/747 1006/861/838 916/796/750
f 911/794/747 914/795/748 1006/861/838
f 1007/862/839 1006/861/838 914/795/748
f 1006/861/838 1008/863/840 1005/860/837
f 1006/861/838 1009/862/839 1008/863/840
f 1010/864/841 1008/863/840 1009/862/839
f 1011/865/842 1005/860/837 1008/863/840
f 1005/860/837 1011/865/842 1004/859/836
f 1012/866/843 1004/859/836 1011/865/842
f 1004/859/836 1012/866/843 1003/858/835
f 1013/867/844 1003/858/835 1012/866/843
f 1003/858/835 1013/867/844 1002/857/834
f 1014/868/845 1002/857/834 1013/867/844
f 1002/857/834 1014/868/845 1001/856/833
f 1015/869/846 1001/856/833 1014/868/845
f 1001/856/833 1015/869/846 1000/855/832
f 1016/870/847 1000/855/832 1015/869/846
f 1000/855/832 1016/870/847 999/854/831
f 1017/871/848 999/854/831 1016/870/847
f 999/854/831 1017/871/848 997/852/829
f 998/853/830 997/852/829 1017/871/848
f 1010/864/841 1009/862/839 1018/872/849
f 1019/873/850 1018/872/849 1009/862/839
f 1009/862/839 1020/795/851 1019/873/850
f 1021/874/852 1019/873/850 1020/795/851
f 1020/795/851 1022/790/746 1021/874/852
f 1023/875/853 1021/874/852 1022/790/746
f 1023/875/853 1024/876/854 1021/874/852
f 1025/877/855 1021/874/852 1024/876/854
f 1021/874/852 1025/877/855 1019/873/850
f 1024/876/854 1026/878/856 1025/877/855
f 1027/879/857 1025/877/855 1026/878/856
f 1026/878/856 1028/880/858 1027/879/857
f 1029/881/859 1027/879/857 1028/880/858
f 1028/880/858 1030/882/860 1029/881/859
f 1031/883/861 1029/881/859 1030/882/860
f 1030/882/860 1032/884/862 1031/883/861
f 1033/885/863 1031/883/861 1032/884/862
f 1032/884/862 1034/886/864 1033/885/863
f 1035/887/865 1033/885/863 1034/886/864
f 1034/886/864 1036/888/866 1035/887/865
f 1037/889/867 1035/887/865 1036/888/866
f 1036/888/866 1038/890/868 1037/889/867
f 1039/891/869 1037/889/867 1038/890/868
f 1038/890/868 1040/892/870 1039/891/869
f 1041/893/871 1039/891/869 1040/892/870
f 1040/892/870 1042/894/872 1041/893/871
f 1043/895/873 1041/893/871 1042/894/872
f 1042/894/872 1044/896/874 1043/895/873
f 1045/897/875 1043/895/873 1044/896/874
f 1044/896/874 1046/898/876 1045/897/875
f 1047/899/877 1045/897/875 1046/898/876
f 1046/898/876 1048/900/878 1047/899/877
f 1049/901/879 1047/899/877 1048/900/878
f 1048/900/878 1050/902/880 1049/901/879
f 1051/903/881 1049/901/879 1050/902/880
f 1050/902/880 1052/904/882 1051/903/881
f 1053/905/883 1051/903/881 1052/904/882
f 1052/904/882 1054/906/884 1053/905/883
f 1055/907/885 1053/905/883 1054/906/884
f 1054/906/884 1056/908/886 1055/907/885
f 1057/909/887 1055/907/885 1056/908/886
f 1056/908/886 1058/910/888 1057/909/887
f 1059/911/889 1057/909/887 1058/910/888
f 1058/910/888 1060/912/890 1059/911/889
f 1061/913/891 1059/911/889 1060/912/890
f 1060/912/890 1062/914/892 1061/913/891
f 1063/915/893 1061/913/891 1062/914/892
f 1062/914/892 1064/916/894 1063/915/893
f 1065/917/895 1063/915/893 1064/916/894
f 1064/916/894 1066/918/896 1065/917/895
f 1067/919/897 1065/917/895 1066/918/896
f 1066/918/896 1068/920/898 1067/919/897
f 1069/921/899 1067/919/897 1068/920/898
f 1068/920/898 1070/922/900 1069/921/899
f 1071/923/901 1069/921/899 1070/922/900
f 1069/921/899 1071/923/901 1072/924/902
f 1073/925/903 1072/924/902 1071/923/901
f 1072/924/902 1073/925/903 1074/926/904
f 1075/927/905 1074/926/904 1073/925/903
f 1067/919/897 1069/921/899 1076/928/906
f 1072/924/902 1076/928/906 1069/921/899
f 1076/928/906 1072/924/902 1077/929/907
f 1074/926/904 1077/929/907 1072/924/902
f 1065/917/895 1067/919/897 1078/930/908
f 1076/928/906 1078/930/908 1067/919/897
f 1078/930/908 1076/928/906 1079/931/909
f 1077/929/907 1079/931/909 1076/928/906
f 1078/930/908 1080/932/910 1065/917/895
f 1063/915/893 1065/917/895 1080/932/910
f 1080/932/910 1078/930/908 1081/933/911
f 1079/931/909 1081/933/911 1078/930/908
f 1080/932/910 1082/934/912 1063/915/893
f 1061/913/891 1063/915/893 1082/934/912
f 1082/934/912 1080/932/910 1083/935/913
f 1081/933/911 1083/935/913 1080/932/910
f 1082/934/912 1084/936/914 1061/913/891
f 1059/911/889 1061/913/891 1084/936/914
f 1084/936/914 1082/934/912 1085/937/915
f 1083/935/913 1085/937/915 1082/934/912
f 1084/936/914 1086/938/916 1059/911/889
f 1057/909/887 1059/911/889 1086/938/916
f 1086/938/916 1084/936/914 1087/939/917
f 1085/937/915 1087/939/917 1084/936/914
f 1086/938/916 1088/940/918 1057/909/887
f 1055/907/885 1057/909/887 1088/940/918
f 1088/940/918 1086/938/916 1089/941/919
f 1087/939/917 1089/941/919 1086/938/916
f 1088/940/918 1090/942/920 1055/907/885
f 1053/905/883 1055/907/885 1090/942/920
f 1090/942/920 1088/940/918 1091/943/921
f 1089/941/919 1091/943/921 1088/940/918
f 1090/942/920 1092/944/922 1053/905/883
f 1051/903/881 1053/905/883 1092/944/922
f 1092/944/922 1090/942/920 1093/945/923
f 1091/943/921 1093/945/923 1090/942/920
f 1092/944/922 1094/946/924 1051/903/881
f 1049/901/879 1051/903/881 1094/946/924
f 1094/946/924 1092/944/922 1095/947/925
f 1094/946/924 1096/948/926 1049/901/879
f 1047/899/877 1049/901/879 1096/948/926
f 1096/948/926 1094/946/924 1097/949/927
f 1098/947/925 1097/949/927 1094/946/924
f 1096/948/926 1099/950/928 1047/899/877
f 1045/897/875 1047/899/877 1099/950/928
f 1099/950/928 1096/948/926 1100/951/929
f 1101/949/927 1100/951/929 1096/948/926
f 1099/950/928 1102/952/930 1045/897/875
f 1043/895/873 1045/897/875 1102/952/930
f 1102/952/930 1099/950/928 1103/953/931
f 1100/951/929 1103/953/931 1099/950/928
f 1102/952/930 1104/954/932 1043/895/873
f 1041/893/871 1043/895/873 1104/954/932
f 1104/954/932 1102/952/930 1105/955/933
f 1103/953/931 1105/955/933 1102/952/930
f 1104/954/932 1106/956/934 1041/893/871
f 1039/891/869 1041/893/871 1106/956/934
f 1106/956/934 1104/954/932 1107/957/935
f 1105/955/933 1107/957/935 1104/954/932
f 1106/956/934 1108/958/936 1039/891/869
f 1037/889/867 1039/891/869 1108/958/936
f 1108/958/936 1109/959/937 1037/889/867
f 1035/887/865 1037/889/867 1109/959/937
f 1109/959/937 1110/960/938 1035/887/865
f 1033/885/863 1035/887/865 1110/960/938
f 1110/960/938 1111/961/939 1033/885/863
f 1031/883/861 1033/885/863 1111/961/939
f 1111/961/939 1112/962/940 1031/883/861
f 1029/881/859 1031/883/861 1112/962/940
f 1112/962/940 1113/963/941 1029/881/859
f 1027/879/857 1029/881/859 1113/963/941
f 1113/963/941 1114/964/942 1027/879/857
f 1025/877/855 1027/879/857 1114/964/942
f 1114/964/942 1019/873/850 1025/877/855
f 1019/873/850 1114/964/942 1018/872/849
f 1115/965/943 1018/872/849 1114/964/942
f 1114/964/942 1113/963/941 1115/965/943
f 1116/966/944 1115/965/943 1113/963/941
f 1113/963/941 1112/962/940 1116/966/944
f 1117/967/945 1116/966/944 1112/962/940
f 1112/962/940 1111/961/939 1117/967/945
f 1118/968/946 1117/967/945 1111/961/939
f 1111/961/939 1110/960/938 1118/968/946
f 1119/969/947 1118/968/946 1110/960/938
f 1110/960/938 1109/959/937 1119/969/947
f 1120/970/948 1119/969/947 1109/959/937
f 1109/959/937 1108/958/936 1120/970/948
f 1121/971/949 1120/970/948 1108/958/936
f 1108/958/936 1106/956/934 1121/971/949
f 1107/957/935 1121/971/949 1106/956/934
f 1123/841/818 983/840/817 1122/843/820
f 1126/789/950 1125/788/951 1124/972/952
f 1125/788/951 1127/787/953 1124/972/952
f 1128/780/954 1127/787/953 1125/788/951
f 1127/787/953 1129/771/955 1124/972/952
f 1130/779/954 1129/771/955 1127/787/953
f 1131/784/954 1130/779/954 1127/787/953
f 1132/786/954 1131/784/954 1127/787/953
f 1133/785/956 1132/786/954 1127/787/953
f 1134/781/954 1131/784/954 1132/786/954
f 1135/783/954 1130/779/954 1131/784/954
f 1136/782/954 1135/783/954 1131/784/954
f 1137/772/957 1130/779/954 1135/783/954
f 1138/776/954 1129/771/955 1130/779/954
f 1139/778/954 1138/776/954 1130/779/954
f 1140/777/956 1139/778/954 1130/779/954
f 1141/773/956 1138/776/954 1139/778/954
f 1142/775/956 1129/771/955 1138/776/954
f 1143/774/954 1142/775/956 1138/776/954
f 1144/973/954 1129/771/955 1142/775/956
f 1146/768/954 1145/767/954 1129/771/955
f 1148/769/958 1147/792/959 1145/767/954
f 1145/767/954 1147/792/959 1129/771/955
f 1129/771/955 1147/792/959 1124/972/952
f 1124/972/952 1147/792/959 1149/974/960
f 1149/974/960 1147/792/959 1150/793/961
f 1153/793/962 1152/794/963 1151/974/964
f 1154/975/965 1151/974/964 1152/794/963
f 1153/793/962 1155/792/966 1152/794/963
f 1156/796/967 1152/794/963 1155/792/966
f 1155/792/966 1157/769/968 1156/796/967
f 1158/797/969 1156/796/967 1157/769/968
f 1157/769/968 1159/767/970 1158/797/969
f 1160/798/971 1158/797/969 1159/767/970
f 1159/767/970 1161/768/972 1160/798/971
f 1162/799/973 1160/798/971 1161/768/972
f 1161/768/972 1163/771/974 1162/799/973
f 1164/800/975 1162/799/973 1163/771/974
f 1163/771/974 1165/973/976 1164/800/975
f 1166/801/977 1164/800/975 1165/973/976
f 1165/973/976 1167/775/978 1166/801/977
f 1168/802/979 1166/801/977 1167/775/978
f 1167/775/978 1169/774/980 1168/802/979
f 1170/803/981 1168/802/979 1169/774/980
f 1169/774/980 1171/776/982 1170/803/981
f 1172/804/983 1170/803/981 1171/776/982
f 1171/776/982 1173/773/984 1172/804/983
f 1174/805/985 1172/804/983 1173/773/984
f 1173/773/984 1175/778/986 1174/805/985
f 1176/806/987 1174/805/985 1175/778/986
f 1175/778/986 1177/777/988 1176/806/987
f 1178/807/989 1176/806/987 1177/777/988
f 1177/777/988 1179/779/990 1178/807/989
f 1180/808/991 1178/807/989 1179/779/990
f 1179/779/990 1181/772/992 1180/808/991
f 1182/809/993 1180/808/991 1181/772/992
f 1181/772/992 1183/783/994 1182/809/993
f 1184/810/995 1182/809/993 1183/783/994
f 1183/783/994 1185/782/996 1184/810/995
f 1186/811/997 1184/810/995 1185/782/996
f 1185/782/996 1187/784/998 1186/811/997
f 1188/812/999 1186/811/997 1187/784/998
f 1187/784/998 1189/781/1000 1188/812/999
f 1190/813/1001 1188/812/999 1189/781/1000
f 1189/781/1000 1191/786/1002 1190/813/1001
f 1192/814/1003 1190/813/1001 1191/786/1002
f 1191/786/1002 1193/785/1004 1192/814/1003
f 1194/815/1005 1192/814/1003 1193/785/1004
f 1193/785/1004 1195/787/1006 1194/815/1005
f 1196/816/1007 1194/815/1005 1195/787/1006
f 1195/787/1006 1197/780/1008 1196/816/1007
f 1198/817/1009 1196/816/1007 1197/780/1008
f 1197/780/1008 1199/788/1010 1198/817/1009
f 1200/818/1011 1198/817/1009 1199/788/1010
f 1199/788/1010 1201/789/1012 1200/818/1011
f 1202/819/1013 1200/818/1011 1201/789/1012
f 1200/818/1011 1202/819/1013 1203/820/1014
f 1204/821/1015 1203/820/1014 1202/819/1013
f 1203/820/1014 1204/821/1015 1205/822/799
f 1206/823/800 1205/822/799 1204/821/1015
f 1198/817/1009 1200/818/1011 1207/824/1016
f 1203/820/1014 1207/824/1016 1200/818/1011
f 1207/824/1016 1203/820/1014 1208/825/802
f 1205/822/799 1208/825/802 1203/820/1014
f 1196/816/1007 1198/817/1009 1209/826/1017
f 1207/824/1016 1209/826/1017 1198/817/1009
f 1209/826/1017 1207/824/1016 1210/827/804
f 1208/825/802 1210/827/804 1207/824/1016
f 1209/826/1017 1211/828/1018 1196/816/1007
f 1194/815/1005 1196/816/1007 1211/828/1018
f 1211/828/1018 1209/826/1017 1212/829/806
f 1210/827/804 1212/829/806 1209/826/1017
f 1211/828/1018 1213/830/1019 1194/815/1005
f 1192/814/1003 1194/815/1005 1213/830/1019
f 1213/830/1019 1211/828/1018 1214/831/808
f 1212/829/806 1214/831/808 1211/828/1018
f 1213/830/1019 1215/832/1020 1192/814/1003
f 1190/813/1001 1192/814/1003 1215/832/1020
f 1215/832/1020 1213/830/1019 1216/833/810
f 1214/831/808 1216/833/810 1213/830/1019
f 1215/832/1020 1217/834/1021 1190/813/1001
f 1188/812/999 1190/813/1001 1217/834/1021
f 1217/834/1021 1215/832/1020 1218/835/812
f 1216/833/810 1218/835/812 1215/832/1020
f 1217/834/1021 1219/836/1022 1188/812/999
f 1186/811/997 1188/812/999 1219/836/1022
f 1219/836/1022 1217/834/1021 1220/837/814
f 1218/835/812 1220/837/814 1217/834/1021
f 1219/836/1022 1221/838/1023 1186/811/997
f 1184/810/995 1186/811/997 1221/838/1023
f 1221/838/1023 1219/836/1022 1222/839/816
f 1220/837/814 1222/839/816 1219/836/1022
f 1221/838/1023 1223/840/1024 1184/810/995
f 1182/809/993 1184/810/995 1223/840/1024
f 1223/840/1024 1221/838/1023 1224/841/818
f 1222/839/816 1224/841/818 1221/838/1023
f 1223/840/1024 1225/842/1025 1182/809/993
f 1180/808/991 1182/809/993 1225/842/1025
f 1225/842/1025 1223/840/1024 1226/843/820
f 1225/842/1025 1227/844/1026 1180/808/991
f 1178/807/989 1180/808/991 1227/844/1026
f 1227/844/1026 1225/842/1025 1228/845/822
f 1229/843/820 1228/845/822 1225/842/1025
f 1227/844/1026 1230/846/1027 1178/807/989
f 1176/806/987 1178/807/989 1230/846/1027
f 1230/846/1027 1227/844/1026 1231/847/824
f 1232/845/822 1231/847/824 1227/844/1026
f 1230/846/1027 1233/848/1028 1176/806/987
f 1174/805/985 1176/806/987 1233/848/1028
f 1233/848/1028 1230/846/1027 1234/849/826
f 1231/847/824 1234/849/826 1230/846/1027
f 1233/848/1028 1235/850/1029 1174/805/985
f 1172/804/983 1174/805/985 1235/850/1029
f 1235/850/1029 1233/848/1028 1236/851/828
f 1234/849/826 1236/851/828 1233/848/1028
f 1235/850/1029 1237/852/1030 1172/804/983
f 1170/803/981 1172/804/983 1237/852/1030
f 1237/852/1030 1235/850/1029 1238/853/830
f 1236/851/828 1238/853/830 1235/850/1029
f 1237/852/1030 1239/976/1031 1170/803/981
f 1168/802/979 1170/803/981 1239/976/1031
f 1239/976/1031 1240/855/1032 1168/802/979
f 1166/801/977 1168/802/979 1240/855/1032
f 1240/855/1032 1241/977/1033 1166/801/977
f 1164/800/975 1166/801/977 1241/977/1033
f 1241/977/1033 1242/857/1034 1164/800/975
f 1162/799/973 1164/800/975 1242/857/1034
f 1242/857/1034 1243/858/1035 1162/799/973
f 1160/798/971 1162/799/973 1243/858/1035
f 1243/858/1035 1244/859/1036 1160/798/971
f 1158/797/969 1160/798/971 1244/859/1036
f 1244/859/1036 1245/860/1037 1158/797/969
f 1156/796/967 1158/797/969 1245/860/1037
f 1245/860/1037 1246/861/1038 1156/796/967
f 1152/794/963 1156/796/967 1246/861/1038
f 1152/794/963 1246/861/1038 1154/975/965
f 1247/978/1039 1154/975/965 1246/861/1038
f 1246/861/1038 1245/860/1037 1248/863/1040
f 1246/861/1038 1248/863/1040 1249/978/1039
f 1250/864/841 1249/978/1039 1248/863/1040
f 1251/865/842 1248/863/1040 1245/860/1037
f 1245/860/1037 1244/859/1036 1251/865/842
f 1252/866/843 1251/865/842 1244/859/1036
f 1244/859/1036 1243/858/1035 1252/866/843
f 1253/867/844 1252/866/843 1243/858/1035
f 1243/858/1035 1242/857/1034 1253/867/844
f 1254/868/845 1253/867/844 1242/857/1034
f 1242/857/1034 1241/977/1033 1254/868/845
f 1255/869/846 1254/868/845 1241/977/1033
f 1241/977/1033 1240/855/1032 1255/869/846
f 1256/870/847 1255/869/846 1240/855/1032
f 1240/855/1032 1239/976/1031 1256/870/847
f 1257/871/848 1256/870/847 1239/976/1031
f 1239/976/1031 1237/852/1030 1257/871/848
f 1238/853/830 1257/871/848 1237/852/1030
f 1250/864/841 1258/872/1041 1249/978/1039
f 1259/873/1042 1249/978/1039 1258/872/1041
f 1249/978/1039 1259/873/1042 1260/975/965
f 1261/874/1043 1260/975/965 1259/873/1042
f 1260/975/965 1261/874/1043 1262/974/964
f 1263/875/1044 1262/974/964 1261/874/1043
f 1263/875/1044 1261/874/1043 1264/876/1045
f 1265/877/1046 1264/876/1045 1261/874/1043
f 1261/874/1043 1259/873/1042 1265/877/1046
f 1264/876/1045 1265/877/1046 1266/878/1047
f 1267/879/1048 1266/878/1047 1265/877/1046
f 1266/878/1047 1267/879/1048 1268/880/1049
f 1269/881/1050 1268/880/1049 1267/879/1048
f 1268/880/1049 1269/881/1050 1270/882/1051
f 1271/883/1052 1270/882/1051 1269/881/1050
f 1270/882/1051 1271/883/1052 1272/884/1053
f 1273/885/1054 1272/884/1053 1271/883/1052
f 1272/884/1053 1273/885/1054 1274/979/1055
f 1275/887/1056 1274/979/1055 1273/885/1054
f 1274/979/1055 1275/887/1056 1276/888/1057
f 1277/889/1058 1276/888/1057 1275/887/1056
f 1276/888/1057 1277/889/1058 1278/890/1059
f 1279/891/1060 1278/890/1059 1277/889/1058
f 1278/890/1059 1279/891/1060 1280/892/1061
f 1281/893/1062 1280/892/1061 1279/891/1060
f 1280/892/1061 1281/893/1062 1282/894/1063
f 1283/895/1064 1282/894/1063 1281/893/1062
f 1282/894/1063 1283/895/1064 1284/896/1065
f 1285/897/1066 1284/896/1065 1283/895/1064
f 1284/896/1065 1285/897/1066 1286/898/1067
f 1287/899/1068 1286/898/1067 1285/897/1066
f 1286/898/1067 1287/899/1068 1288/900/1069
f 1289/901/1070 1288/900/1069 1287/899/1068
f 1288/900/1069 1289/901/1070 1290/902/1071
f 1291/903/1072 1290/902/1071 1289/901/1070
f 1290/902/1071 1291/903/1072 1292/904/1073
f 1293/905/1074 1292/904/1073 1291/903/1072
f 1292/904/1073 1293/905/1074 1294/906/1075
f 1295/907/1076 1294/906/1075 1293/905/1074
f 1294/906/1075 1295/907/1076 1296/908/1077
f 1297/909/1078 1296/908/1077 1295/907/1076
f 1296/908/1077 1297/909/1078 1298/910/1079
f 1299/911/1080 1298/910/1079 1297/909/1078
f 1298/910/1079 1299/911/1080 1300/912/1081
f 1301/913/1082 1300/912/1081 1299/911/1080
f 1300/912/1081 1301/913/1082 1302/914/1083
f 1303/915/1084 1302/914/1083 1301/913/1082
f 1302/914/1083 1303/915/1084 1304/916/1085
f 1305/917/1086 1304/916/1085 1303/915/1084
f 1304/916/1085 1305/917/1086 1306/918/1087
f 1307/919/1088 1306/918/1087 1305/917/1086
f 1306/918/1087 1307/919/1088 1308/920/1089
f 1309/921/1090 1308/920/1089 1307/919/1088
f 1308/920/1089 1309/921/1090 1310/922/1091
f 1311/923/1092 1310/922/1091 1309/921/1090
f 1309/921/1090 1312/924/1093 1311/923/1092
f 1313/925/1094 1311/923/1092 1312/924/1093
f 1312/924/1093 1314/926/904 1313/925/1094
f 1315/927/905 1313/925/1094 1314/926/904
f 1312/924/1093 1309/921/1090 1316/928/1095
f 1307/919/1088 1316/928/1095 1309/921/1090
f 1314/926/904 1312/924/1093 1317/929/907
f 1316/928/1095 1317/929/907 1312/924/1093
f 1316/928/1095 1307/919/1088 1318/930/1096
f 1305/917/1086 1318/930/1096 1307/919/1088
f 1317/929/907 1316/928/1095 1319/931/909
f 1318/930/1096 1319/931/909 1316/928/1095
f 1318/930/1096 1305/917/1086 1320/932/1097
f 1303/915/1084 1320/932/1097 1305/917/1086
f 1319/931/909 1318/930/1096 1321/933/911
f 1320/932/1097 1321/933/911 1318/930/1096
f 1320/932/1097 1303/915/1084 1322/934/1098
f 1301/913/1082 1322/934/1098 1303/915/1084
f 1321/933/911 1320/932/1097 1323/935/913
f 1322/934/1098 1323/935/913 1320/932/1097
f 1322/934/1098 1301/913/1082 1324/936/1099
f 1299/911/1080 1324/936/1099 1301/913/1082
f 1323/935/913 1322/934/1098 1325/937/915
f 1324/936/1099 1325/937/915 1322/934/1098
f 1324/936/1099 1299/911/1080 1326/938/1100
f 1297/909/1078 1326/938/1100 1299/911/1080
f 1325/937/915 1324/936/1099 1327/939/917
f 1326/938/1100 1327/939/917 1324/936/1099
f 1326/938/1100 1297/909/1078 1328/940/1101
f 1295/907/1076 1328/940/1101 1297/909/1078
f 1327/939/917 1326/938/1100 1329/941/919
f 1328/940/1101 1329/941/919 1326/938/1100
f 1328/940/1101 1295/907/1076 1330/942/1102
f 1293/905/1074 1330/942/1102 1295/907/1076
f 1329/941/919 1328/940/1101 1331/943/921
f 1330/942/1102 1331/943/921 1328/940/1101
f 1330/942/1102 1293/905/1074 1332/944/1103
f 1291/903/1072 1332/944/1103 1293/905/1074
f 1331/943/921 1330/942/1102 1333/945/923
f 1332/944/1103 1333/945/923 1330/942/1102
f 1332/944/1103 1291/903/1072 1334/946/1104
f 1289/901/1070 1334/946/1104 1291/903/1072
f 1334/946/1104 1335/947/925 1332/944/1103
f 1334/946/1104 1289/901/1070 1336/948/1105
f 1287/899/1068 1336/948/1105 1289/901/1070
f 1336/948/1105 1337/949/927 1334/946/1104
f 1338/947/925 1334/946/1104 1337/949/927
f 1336/948/1105 1287/899/1068 1339/950/1106
f 1285/897/1066 1339/950/1106 1287/899/1068
f 1339/950/1106 1340/951/929 1336/948/1105
f 1341/949/927 1336/948/1105 1340/951/929
f 1339/950/1106 1285/897/1066 1342/952/1107
f 1283/895/1064 1342/952/1107 1285/897/1066
f 1340/951/929 1339/950/1106 1343/953/931
f 1342/952/1107 1343/953/931 1339/950/1106
f 1342/952/1107 1283/895/1064 1344/954/1108
f 1281/893/1062 1344/954/1108 1283/895/1064
f 1343/953/931 1342/952/1107 1345/955/933
f 1344/954/1108 1345/955/933 1342/952/1107
f 1344/954/1108 1281/893/1062 1346/956/1109
f 1279/891/1060 1346/956/1109 1281/893/1062
f 1345/955/933 1344/954/1108 1347/957/935
f 1346/956/1109 1347/957/935 1344/954/1108
f 1346/956/1109 1279/891/1060 1348/980/1110
f 1277/889/1058 1348/980/1110 1279/891/1060
f 1348/980/1110 1277/889/1058 1349/959/1111
f 1275/887/1056 1349/959/1111 1277/889/1058
f 1349/959/1111 1275/887/1056 1350/981/1112
f 1273/885/1054 1350/981/1112 1275/887/1056
f 1350/981/1112 1273/885/1054 1351/961/1113
f 1271/883/1052 1351/961/1113 1273/885/1054
f 1351/961/1113 1271/883/1052 1352/962/1114
f 1269/881/1050 1352/962/1114 1271/883/1052
f 1352/962/1114 1269/881/1050 1353/963/1115
f 1267/879/1048 1353/963/1115 1269/881/1050
f 1353/963/1115 1267/879/1048 1354/964/1116
f 1265/877/1046 1354/964/1116 1267/879/1048
f 1354/964/1116 1265/877/1046 1259/873/1042
f 1259/873/1042 1258/872/1041 1354/964/1116
f 1355/965/943 1354/964/1116 1258/872/1041
f 1354/964/1116 1355/965/943 1353/963/1115
f 1356/966/944 1353/963/1115 1355/965/943
f 1353/963/1115 1356/966/944 1352/962/1114
f 1357/967/945 1352/962/1114 1356/966/944
f 1352/962/1114 1357/967/945 1351/961/1113
f 1358/968/946 1351/961/1113 1357/967/945
f 1351/961/1113 1358/968/946 1350/981/1112
f 1359/969/947 1350/981/1112 1358/968/946
f 1360/970/948 1349/959/1111 1359/969/947
f 1350/981/1112 1359/969/947 1349/959/1111
f 1349/959/1111 1360/970/948 1348/980/1110
f 1361/971/949 1348/980/1110 1360/970/948
f 1348/980/1110 1361/971/949 1346/956/1109
f 1347/957/935 1346/956/1109 1361/971/949
f 1363/841/818 1362/843/820 1223/840/1024
f 1365/982/1117 1364/791/1118 962/819/796
f 961/789/795 962/819/796 1364/791/1118
f 962/819/796 964/821/798 1365/982/1117
f 1366/983/1119 1365/982/1117 964/821/798
f 964/821/798 966/823/800 1366/983/1119
f 1367/984/1120 1366/983/1119 966/823/800
f 1367/984/1120 1075/927/905 1366/983/1119
f 1073/925/903 1366/983/1119 1075/927/905
f 1366/983/1119 1073/925/903 1368/982/1117
f 1071/923/901 1368/982/1117 1073/925/903
f 1368/982/1117 1071/923/901 1369/791/1118
f 1070/922/900 1369/791/1118 1071/923/901
f 1371/985/1121 1202/819/1013 1370/972/1122
f 1201/789/1012 1370/972/1122 1202/819/1013
f 1371/985/1121 1372/986/1123 1202/819/1013
f 1204/821/1015 1202/819/1013 1372/986/1123
f 1374/986/1123 1373/984/1124 1204/821/1015
f 1206/823/800 1204/821/1015 1373/984/1124
f 1374/986/1123 1313/925/1094 1373/984/1124
f 1313/925/1094 1374/986/1123 1311/923/1092
f 1375/985/1121 1311/923/1092 1374/986/1123
f 1375/985/1121 1376/972/1122 1311/923/1092
f 1310/922/1091 1311/923/1092 1376/972/1122
f 1315/927/905 1373/984/1124 1313/925/1094
f 1379/791/742 1378/922/1125 1377/790/741
f 1378/922/1125 1380/918/1126 1377/790/741
f 1381/920/1127 1380/918/1126 1378/922/1125
f 1380/918/1126 1382/878/1128 1377/790/741
f 1383/902/1129 1382/878/1128 1380/918/1126
f 1384/910/1129 1383/902/1129 1380/918/1126
f 1385/914/1129 1384/910/1129 1380/918/1126
f 1386/916/1129 1385/914/1129 1380/918/1126
f 1387/912/1127 1384/910/1129 1385/914/1129
f 1388/906/1129 1383/902/1129 1384/910/1129
f 1389/908/1127 1388/906/1129 1384/910/1129
f 1390/904/1130 1383/902/1129 1388/906/1129
f 1391/886/1129 1382/878/1128 1383/902/1129
f 1392/894/1129 1391/886/1129 1383/902/1129
f 1393/898/1127 1392/894/1129 1383/902/1129
f 1394/900/1127 1393/898/1127 1383/902/1129
f 1395/896/1129 1392/894/1129 1393/898/1127
f 1396/890/1129 1391/886/1129 1392/894/1129
f 1397/892/1129 1396/890/1129 1392/894/1129
f 1398/888/1129 1391/886/1129 1396/890/1129
f 1400/884/1129 1399/882/1129 1391/886/1129
f 1399/882/1129 1382/878/1128 1391/886/1129
f 1401/880/1131 1382/878/1128 1399/882/1129
f 1382/878/1128 1402/876/1132 1377/790/741
f 1377/790/741 1402/876/1132 1403/875/1133
f 1405/945/923 1404/947/925 1092/944/922
f 1408/878/1134 1407/880/1135 1406/876/1136
f 1407/880/1135 1409/884/1137 1406/876/1136
f 1410/882/1134 1409/884/1137 1407/880/1135
f 1409/884/1137 1411/972/952 1406/876/1136
f 1412/916/1138 1411/972/952 1409/884/1137
f 1413/900/1134 1412/916/1138 1409/884/1137
f 1414/892/1134 1413/900/1134 1409/884/1137
f 1415/888/1134 1414/892/1134 1409/884/1137
f 1416/979/1134 1415/888/1134 1409/884/1137
f 1417/890/1135 1414/892/1134 1415/888/1134
f 1418/896/1134 1413/900/1134 1414/892/1134
f 1419/894/1135 1418/896/1134 1414/892/1134
f 1420/898/1134 1413/900/1134 1418/896/1134
f 1421/908/1134 1412/916/1138 1413/900/1134
f 1422/904/1134 1421/908/1134 1413/900/1134
f 1423/902/1139 1422/904/1134 1413/900/1134
f 1424/906/1134 1421/908/1134 1422/904/1134
f 1425/912/1134 1412/916/1138 1421/908/1134
f 1426/910/1135 1425/912/1134 1421/908/1134
f 1427/914/1135 1412/916/1138 1425/912/1134
f 1429/918/1134 1428/920/1140 1412/916/1138
f 1430/922/1141 1411/972/952 1428/920/1140
f 1428/920/1140 1411/972/952 1412/916/1138
f 1411/972/952 1431/974/960 1406/876/1136
f 1406/876/1136 1431/974/960 1432/875/1142
f 1434/945/923 1332/944/1103 1433/947/925
f 1437/987/1143 1436/988/1144 1435/989/1145
f 1436/988/1144 1438/990/1146 1435/989/1145
f 1439/991/1147 1438/990/1146 1436/988/1144
f 1438/990/1146 1440/992/1148 1435/989/1145
f 1441/993/1149 1440/992/1148 1438/990/1146
f 1442/994/1144 1441/993/1149 1438/990/1146
f 1443/995/1144 1442/994/1144 1438/990/1146
f 1444/996/1144 1443/995/1144 1438/990/1146
f 1445/997/1147 1444/996/1144 1438/990/1146
f 1446/998/1150 1443/995/1144 1444/996/1144
f 1447/999/1144 1442/994/1144 1443/995/1144
f 1448/1000/1151 1447/999/1144 1443/995/1144
f 1449/1001/1144 1442/994/1144 1447/999/1144
f 1450/1002/1144 1441/993/1149 1442/994/1144
f 1451/1003/1144 1450/1002/1144 1442/994/1144
f 1452/1004/1152 1451/1003/1144 1442/994/1144
f 1453/1005/1153 1450/1002/1144 1451/1003/1144
f 1454/1006/1144 1441/993/1149 1450/1002/1144
f 1455/1007/1144 1454/1006/1144 1450/1002/1144
f 1456/1008/1154 1441/993/1149 1454/1006/1144
f 1458/1009/1150 1457/1010/1155 1441/993/1149
f 1459/1011/1156 1440/992/1148 1457/1010/1155
f 1457/1010/1155 1440/992/1148 1441/993/1149
f 1440/992/1148 1460/1012/1157 1435/989/1145
f 1435/989/1145 1460/1012/1157 1461/1013/1158
f 1464/1012/1159 1463/1014/1160 1462/1013/1161
f 1465/1015/1162 1462/1013/1161 1463/1014/1160
f 1462/1013/1161 1465/1015/1162 1466/989/1163
f 1467/1016/1164 1466/989/1163 1465/1015/1162
f 1466/989/1163 1467/1016/1164 1468/987/1165
f 1469/1017/1166 1468/987/1165 1467/1016/1164
f 1468/987/1165 1469/1017/1166 1470/988/1167
f 1471/1018/1168 1470/988/1167 1469/1017/1166
f 1470/988/1167 1471/1018/1168 1472/991/1169
f 1473/1019/1170 1472/991/1169 1471/1018/1168
f 1472/991/1169 1473/1019/1170 1474/990/1171
f 1475/1020/1172 1474/990/1171 1473/1019/1170
f 1474/990/1171 1475/1020/1172 1476/997/1173
f 1477/1021/1174 1476/997/1173 1475/1020/1172
f 1476/997/1173 1477/1021/1174 1478/996/1175
f 1479/1022/1176 1478/996/1175 1477/1021/1174
f 1478/996/1175 1479/1022/1176 1480/998/1177
f 1481/1023/1178 1480/998/1177 1479/1022/1176
f 1480/998/1177 1481/1023/1178 1482/995/1179
f 1483/1024/1180 1482/995/1179 1481/1023/1178
f 1482/995/1179 1483/1024/1180 1484/1000/1181
f 1485/1025/1182 1484/1000/1181 1483/1024/1180
f 1484/1000/1181 1485/1025/1182 1486/999/1183
f 1487/1026/1184 1486/999/1183 1485/1025/1182
f 1486/999/1183 1487/1026/1184 1488/1001/1185
f 1489/1027/1186 1488/1001/1185 1487/1026/1184
f 1488/1001/1185 1489/1027/1186 1490/994/1187
f 1491/1028/1188 1490/994/1187 1489/1027/1186
f 1490/994/1187 1491/1028/1188 1492/1004/1189
f 1493/1029/1190 1492/1004/1189 1491/1028/1188
f 1492/1004/1189 1493/1029/1190 1494/1003/1191
f 1495/1030/1192 1494/1003/1191 1493/1029/1190
f 1494/1003/1191 1495/1030/1192 1496/1005/1193
f 1497/1031/1194 1496/1005/1193 1495/1030/1192
f 1496/1005/1193 1497/1031/1194 1498/1002/1195
f 1499/1032/1196 1498/1002/1195 1497/1031/1194
f 1498/1002/1195 1499/1032/1196 1500/1007/1197
f 1501/1033/1198 1500/1007/1197 1499/1032/1196
f 1500/1007/1197 1501/1033/1198 1502/1006/1199
f 1503/1034/1200 1502/1006/1199 1501/1033/1198
f 1502/1006/1199 1503/1034/1200 1504/1008/1201
f 1505/1035/1202 1504/1008/1201 1503/1034/1200
f 1504/1008/1201 1505/1035/1202 1506/993/1203
f 1507/1036/1204 1506/993/1203 1505/1035/1202
f 1506/993/1203 1507/1036/1204 1508/1009/1205
f 1509/1037/1206 1508/1009/1205 1507/1036/1204
f 1508/1009/1205 1509/1037/1206 1510/1010/1207
f 1511/1038/1208 1510/1010/1207 1509/1037/1206
f 1510/1010/1207 1511/1038/1208 1512/1011/1209
f 1513/1039/1210 1512/1011/1209 1511/1038/1208
f 1511/1038/1208 1514/1040/1211 1513/1039/1210
f 1515/1041/1212 1513/1039/1210 1514/1040/1211
f 1514/1040/1211 1516/1042/1213 1515/1041/1212
f 1517/1043/1214 1515/1041/1212 1516/1042/1213
f 1514/1040/1211 1511/1038/1208 1518/1044/1215
f 1509/1037/1206 1518/1044/1215 1511/1038/1208
f 1516/1042/1213 1514/1040/1211 1519/1045/1216
f 1518/1044/1215 1519/1045/1216 1514/1040/1211
f 1518/1044/1215 1509/1037/1206 1520/1046/1217
f 1507/1036/1204 1520/1046/1217 1509/1037/1206
f 1519/1045/1216 1518/1044/1215 1521/1047/1218
f 1520/1046/1217 1521/1047/1218 1518/1044/1215
f 1520/1046/1217 1507/1036/1204 1522/1048/1219
f 1505/1035/1202 1522/1048/1219 1507/1036/1204
f 1521/1047/1218 1520/1046/1217 1523/1049/1220
f 1522/1048/1219 1523/1049/1220 1520/1046/1217
f 1522/1048/1219 1505/1035/1202 1524/1050/1221
f 1503/1034/1200 1524/1050/1221 1505/1035/1202
f 1523/1049/1220 1522/1048/1219 1525/1051/1222
f 1524/1050/1221 1525/1051/1222 1522/1048/1219
f 1524/1050/1221 1503/1034/1200 1526/1052/1223
f 1501/1033/1198 1526/1052/1223 1503/1034/1200
f 1525/1051/1222 1524/1050/1221 1527/1053/1224
f 1526/1052/1223 1527/1053/1224 1524/1050/1221
f 1526/1052/1223 1501/1033/1198 1528/1054/1225
f 1499/1032/1196 1528/1054/1225 1501/1033/1198
f 1527/1053/1224 1526/1052/1223 1529/1055/1226
f 1528/1054/1225 1529/1055/1226 1526/1052/1223
f 1528/1054/1225 1499/1032/1196 1530/1056/1227
f 1497/1031/1194 1530/1056/1227 1499/1032/1196
f 1530/1056/1227 1531/1057/1228 1528/1054/1225
f 1532/1055/1226 1528/1054/1225 1531/1057/1228
f 1530/1056/1227 1497/1031/1194 1533/1058/1229
f 1495/1030/1192 1533/1058/1229 1497/1031/1194
f 1531/1057/1228 1530/1056/1227 1534/1059/1230
f 1533/1058/1229 1534/1059/1230 1530/1056/1227
f 1533/1058/1229 1495/1030/1192 1535/1060/1231
f 1493/1029/1190 1535/1060/1231 1495/1030/1192
f 1535/1060/1231 1536/1061/1232 1533/1058/1229
f 1537/1059/1230 1533/1058/1229 1536/1061/1232
f 1535/1060/1231 1493/1029/1190 1538/1062/1233
f 1491/1028/1188 1538/1062/1233 1493/1029/1190
f 1536/1061/1232 1535/1060/1231 1539/1063/1234
f 1538/1062/1233 1539/1063/1234 1535/1060/1231
f 1538/1062/1233 1491/1028/1188 1540/1064/1235
f 1489/1027/1186 1540/1064/1235 1491/1028/1188
f 1539/1063/1234 1538/1062/1233 1541/1065/1236
f 1540/1064/1235 1541/1065/1236 1538/1062/1233
f 1540/1064/1235 1489/1027/1186 1542/1066/1237
f 1487/1026/1184 1542/1066/1237 1489/1027/1186
f 1541/1065/1236 1540/1064/1235 1543/1067/1238
f 1542/1066/1237 1543/1067/1238 1540/1064/1235
f 1542/1066/1237 1487/1026/1184 1544/1068/1239
f 1485/1025/1182 1544/1068/1239 1487/1026/1184
f 1543/1067/1238 1542/1066/1237 1545/1069/1240
f 1544/1068/1239 1545/1069/1240 1542/1066/1237
f 1544/1068/1239 1485/1025/1182 1546/1070/1241
f 1483/1024/1180 1546/1070/1241 1485/1025/1182
f 1545/1069/1240 1544/1068/1239 1547/1071/1242
f 1546/1070/1241 1547/1071/1242 1544/1068/1239
f 1546/1070/1241 1483/1024/1180 1548/1072/1243
f 1481/1023/1178 1548/1072/1243 1483/1024/1180
f 1547/1071/1242 1546/1070/1241 1549/1073/1244
f 1548/1072/1243 1549/1073/1244 1546/1070/1241
f 1548/1072/1243 1481/1023/1178 1550/1074/1245
f 1479/1022/1176 1550/1074/1245 1481/1023/1178
f 1550/1074/1245 1479/1022/1176 1551/1075/1246
f 1477/1021/1174 1551/1075/1246 1479/1022/1176
f 1551/1075/1246 1477/1021/1174 1552/1076/1247
f 1475/1020/1172 1552/1076/1247 1477/1021/1174
f 1552/1076/1247 1475/1020/1172 1553/1077/1248
f 1473/1019/1170 1553/1077/1248 1475/1020/1172
f 1553/1077/1248 1473/1019/1170 1554/1078/1249
f 1471/1018/1168 1554/1078/1249 1473/1019/1170
f 1554/1078/1249 1471/1018/1168 1555/1079/1250
f 1469/1017/1166 1555/1079/1250 1471/1018/1168
f 1555/1079/1250 1469/1017/1166 1556/1080/1251
f 1467/1016/1164 1556/1080/1251 1469/1017/1166
f 1556/1080/1251 1467/1016/1164 1557/1081/1252
f 1465/1015/1162 1557/1081/1252 1467/1016/1164
f 1465/1015/1162 1463/1014/1160 1557/1081/1252
f 1558/1082/1253 1557/1081/1252 1463/1014/1160
f 1557/1081/1252 1558/1082/1253 1559/1083/1254
f 1557/1081/1252 1559/1083/1254 1556/1080/1251
f 1560/1084/1255 1559/1083/1254 1558/1082/1253
f 1561/1085/1256 1556/1080/1251 1559/1083/1254
f 1556/1080/1251 1561/1085/1256 1555/1079/1250
f 1562/1086/1257 1555/1079/1250 1561/1085/1256
f 1555/1079/1250 1562/1086/1257 1554/1078/1249
f 1563/1087/1258 1554/1078/1249 1562/1086/1257
f 1554/1078/1249 1563/1087/1258 1553/1077/1248
f 1564/1088/1259 1553/1077/1248 1563/1087/1258
f 1553/1077/1248 1564/1088/1259 1552/1076/1247
f 1565/1089/1260 1552/1076/1247 1564/1088/1259
f 1552/1076/1247 1565/1089/1260 1551/1075/1246
f 1566/1090/839 1551/1075/1246 1565/1089/1260
f 1551/1075/1246 1566/1090/839 1550/1074/1245
f 1567/1091/1261 1550/1074/1245 1566/1090/839
f 1550/1074/1245 1567/1091/1261 1548/1072/1243
f 1549/1073/1244 1548/1072/1243 1567/1091/1261
f 1570/1092/1262 1569/1011/1263 1568/1012/1264
f 1569/1011/1263 1571/1009/1265 1568/1012/1264
f 1572/1010/1266 1571/1009/1265 1569/1011/1263
f 1571/1009/1265 1573/987/1267 1568/1012/1264
f 1574/1004/1266 1573/987/1267 1571/1009/1265
f 1575/1093/1266 1574/1004/1266 1571/1009/1265
f 1576/1008/1266 1575/1093/1266 1571/1009/1265
f 1577/993/1266 1576/1008/1266 1571/1009/1265
f 1578/1094/1268 1575/1093/1266 1576/1008/1266
f 1579/1095/1266 1574/1004/1266 1575/1093/1266
f 1580/1002/1269 1579/1095/1266 1575/1093/1266
f 1581/1003/1270 1574/1004/1266 1579/1095/1266
f 1582/1096/1266 1573/987/1267 1574/1004/1266
f 1583/1000/1266 1582/1096/1266 1574/1004/1266
f 1584/1097/1266 1583/1000/1266 1574/1004/1266
f 1585/994/1266 1584/1097/1266 1574/1004/1266
f 1586/999/1266 1583/1000/1266 1584/1097/1266
f 1587/998/1266 1582/1096/1266 1583/1000/1266
f 1588/995/1266 1587/998/1266 1583/1000/1266
f 1589/1098/1271 1582/1096/1266 1587/998/1266
f 1591/990/1266 1590/1099/1266 1582/1096/1266
f 1590/1099/1266 1573/987/1267 1582/1096/1266
f 1592/1100/1272 1573/987/1267 1590/1099/1266
f 1573/987/1267 1593/1101/1273 1568/1012/1264
f 1568/1012/1264 1593/1101/1273 1594/1013/1274
f 1597/1015/1275 1596/1014/1276 1595/1013/1277
f 1598/1012/1278 1595/1013/1277 1596/1014/1276
f 1595/1013/1277 1599/1101/1279 1597/1015/1275
f 1600/1102/1280 1597/1015/1275 1599/1101/1279
f 1599/1101/1279 1601/987/1281 1600/1102/1280
f 1602/1017/1282 1600/1102/1280 1601/987/1281
f 1601/987/1281 1603/1100/1283 1602/1017/1282
f 1604/1103/1284 1602/1017/1282 1603/1100/1283
f 1603/1100/1283 1605/1099/1285 1604/1103/1284
f 1606/1104/1286 1604/1103/1284 1605/1099/1285
f 1605/1099/1285 1607/990/1287 1606/1104/1286
f 1608/1020/1288 1606/1104/1286 1607/990/1287
f 1607/990/1287 1609/1096/1289 1608/1020/1288
f 1610/1021/1290 1608/1020/1288 1609/1096/1289
f 1609/1096/1289 1611/1098/1291 1610/1021/1290
f 1612/1022/1292 1610/1021/1290 1611/1098/1291
f 1611/1098/1291 1613/998/1293 1612/1022/1292
f 1614/1023/1294 1612/1022/1292 1613/998/1293
f 1613/998/1293 1615/995/1295 1614/1023/1294
f 1616/1024/1296 1614/1023/1294 1615/995/1295
f 1615/995/1295 1617/1000/1297 1616/1024/1296
f 1618/1025/1298 1616/1024/1296 1617/1000/1297
f 1617/1000/1297 1619/999/1299 1618/1025/1298
f 1620/1026/1300 1618/1025/1298 1619/999/1299
f 1619/999/1299 1621/1097/1301 1620/1026/1300
f 1622/1105/1302 1620/1026/1300 1621/1097/1301
f 1621/1097/1301 1623/994/1303 1622/1105/1302
f 1624/1028/1304 1622/1105/1302 1623/994/1303
f 1623/994/1303 1625/1004/1305 1624/1028/1304
f 1626/1029/1306 1624/1028/1304 1625/1004/1305
f 1625/1004/1305 1627/1003/1307 1626/1029/1306
f 1628/1030/1308 1626/1029/1306 1627/1003/1307
f 1627/1003/1307 1629/1095/1309 1628/1030/1308
f 1630/1106/1310 1628/1030/1308 1629/1095/1309
f 1629/1095/1309 1631/1002/1311 1630/1106/1310
f 1632/1032/1312 1630/1106/1310 1631/1002/1311
f 1631/1002/1311 1633/1093/1313 1632/1032/1312
f 1634/1033/1314 1632/1032/1312 1633/1093/1313
f 1633/1093/1313 1635/1094/1315 1634/1033/1314
f 1636/1034/1316 1634/1033/1314 1635/1094/1315
f 1635/1094/1315 1637/1008/1317 1636/1034/1316
f 1638/1035/1318 1636/1034/1316 1637/1008/1317
f 1637/1008/1317 1639/993/1319 1638/1035/1318
f 1640/1036/1320 1638/1035/1318 1639/993/1319
f 1639/993/1319 1641/1009/1321 1640/1036/1320
f 1642/1037/1322 1640/1036/1320 1641/1009/1321
f 1641/1009/1321 1643/1010/1323 1642/1037/1322
f 1644/1038/1324 1642/1037/1322 1643/1010/1323
f 1643/1010/1323 1645/1011/1325 1644/1038/1324
f 1646/1039/1326 1644/1038/1324 1645/1011/1325
f 1644/1038/1324 1646/1039/1326 1647/1040/1327
f 1648/1107/1328 1647/1040/1327 1646/1039/1326
f 1647/1040/1327 1648/1107/1328 1649/1042/1213
f 1650/1043/1214 1649/1042/1213 1648/1107/1328
f 1642/1037/1322 1644/1038/1324 1651/1044/1329
f 1647/1040/1327 1651/1044/1329 1644/1038/1324
f 1651/1044/1329 1647/1040/1327 1652/1045/1216
f 1649/1042/1213 1652/1045/1216 1647/1040/1327
f 1640/1036/1320 1642/1037/1322 1653/1108/1330
f 1651/1044/1329 1653/1108/1330 1642/1037/1322
f 1653/1108/1330 1651/1044/1329 1654/1047/1218
f 1652/1045/1216 1654/1047/1218 1651/1044/1329
f 1653/1108/1330 1655/1048/1331 1640/1036/1320
f 1638/1035/1318 1640/1036/1320 1655/1048/1331
f 1655/1048/1331 1653/1108/1330 1656/1049/1220
f 1654/1047/1218 1656/1049/1220 1653/1108/1330
f 1655/1048/1331 1657/1109/1332 1638/1035/1318
f 1636/1034/1316 1638/1035/1318 1657/1109/1332
f 1657/1109/1332 1655/1048/1331 1658/1051/1222
f 1656/1049/1220 1658/1051/1222 1655/1048/1331
f 1657/1109/1332 1659/1052/1333 1636/1034/1316
f 1634/1033/1314 1636/1034/1316 1659/1052/1333
f 1659/1052/1333 1657/1109/1332 1660/1053/1224
f 1658/1051/1222 1660/1053/1224 1657/1109/1332
f 1659/1052/1333 1661/1110/1334 1634/1033/1314
f 1632/1032/1312 1634/1033/1314 1661/1110/1334
f 1661/1110/1334 1659/1052/1333 1662/1055/1226
f 1660/1053/1224 1662/1055/1226 1659/1052/1333
f 1661/1110/1334 1663/1056/1335 1632/1032/1312
f 1630/1106/1310 1632/1032/1312 1663/1056/1335
f 1663/1056/1335 1661/1110/1334 1664/1057/1228
f 1665/1055/1226 1664/1057/1228 1661/1110/1334
f 1663/1056/1335 1666/1111/1336 1630/1106/1310
f 1628/1030/1308 1630/1106/1310 1666/1111/1336
f 1666/1111/1336 1663/1056/1335 1667/1059/1230
f 1664/1057/1228 1667/1059/1230 1663/1056/1335
f 1666/1111/1336 1668/1060/1337 1628/1030/1308
f 1626/1029/1306 1628/1030/1308 1668/1060/1337
f 1668/1060/1337 1666/1111/1336 1669/1061/1232
f 1670/1059/1230 1669/1061/1232 1666/1111/1336
f 1668/1060/1337 1671/1112/1338 1626/1029/1306
f 1624/1028/1304 1626/1029/1306 1671/1112/1338
f 1671/1112/1338 1668/1060/1337 1672/1063/1234
f 1669/1061/1232 1672/1063/1234 1668/1060/1337
f 1671/1112/1338 1673/1064/1339 1624/1028/1304
f 1622/1105/1302 1624/1028/1304 1673/1064/1339
f 1673/1064/1339 1671/1112/1338 1674/1065/1236
f 1672/1063/1234 1674/1065/1236 1671/1112/1338
f 1673/1064/1339 1675/1066/1340 1622/1105/1302
f 1620/1026/1300 1622/1105/1302 1675/1066/1340
f 1675/1066/1340 1673/1064/1339 1676/1067/1238
f 1674/1065/1236 1676/1067/1238 1673/1064/1339
f 1675/1066/1340 1677/1068/1341 1620/1026/1300
f 1618/1025/1298 1620/1026/1300 1677/1068/1341
f 1677/1068/1341 1675/1066/1340 1678/1069/1240
f 1676/1067/1238 1678/1069/1240 1675/1066/1340
f 1677/1068/1341 1679/1070/1342 1618/1025/1298
f 1616/1024/1296 1618/1025/1298 1679/1070/1342
f 1679/1070/1342 1677/1068/1341 1680/1071/1242
f 1678/1069/1240 1680/1071/1242 1677/1068/1341
f 1679/1070/1342 1681/1072/1343 1616/1024/1296
f 1614/1023/1294 1616/1024/1296 1681/1072/1343
f 1681/1072/1343 1679/1070/1342 1682/1073/1244
f 1680/1071/1242 1682/1073/1244 1679/1070/1342
f 1681/1072/1343 1683/1074/1344 1614/1023/1294
f 1612/1022/1292 1614/1023/1294 1683/1074/1344
f 1683/1074/1344 1684/1113/1345 1612/1022/1292
f 1610/1021/1290 1612/1022/1292 1684/1113/1345
f 1684/1113/1345 1685/1076/1346 1610/1021/1290
f 1608/1020/1288 1610/1021/1290 1685/1076/1346
f 1685/1076/1346 1686/1077/1347 1608/1020/1288
f 1606/1104/1286 1608/1020/1288 1686/1077/1347
f 1686/1077/1347 1687/1078/1348 1606/1104/1286
f 1604/1103/1284 1606/1104/1286 1687/1078/1348
f 1687/1078/1348 1688/1114/1349 1604/1103/1284
f 1602/1017/1282 1604/1103/1284 1688/1114/1349
f 1688/1114/1349 1689/1080/1350 1602/1017/1282
f 1600/1102/1280 1602/1017/1282 1689/1080/1350
f 1689/1080/1350 1690/1081/1351 1600/1102/1280
f 1597/1015/1275 1600/1102/1280 1690/1081/1351
f 1597/1015/1275 1690/1081/1351 1596/1014/1276
f 1691/1082/1352 1596/1014/1276 1690/1081/1351
f 1690/1081/1351 1692/1083/1254 1691/1082/1352
f 1690/1081/1351 1689/1080/1350 1692/1083/1254
f 1693/1084/1255 1691/1082/1352 1692/1083/1254
f 1694/1085/1256 1692/1083/1254 1689/1080/1350
f 1689/1080/1350 1688/1114/1349 1694/1085/1256
f 1695/1086/1257 1694/1085/1256 1688/1114/1349
f 1688/1114/1349 1687/1078/1348 1695/1086/1257
f 1696/1087/1258 1695/1086/1257 1687/1078/1348
f 1687/1078/1348 1686/1077/1347 1696/1087/1258
f 1697/1088/1259 1696/1087/1258 1686/1077/1347
f 1686/1077/1347 1685/1076/1346 1697/1088/1259
f 1698/1089/1260 1697/1088/1259 1685/1076/1346
f 1685/1076/1346 1684/1113/1345 1698/1089/1260
f 1699/1090/839 1698/1089/1260 1684/1113/1345
f 1684/1113/1345 1683/1074/1344 1699/1090/839
f 1700/1091/1261 1699/1090/839 1683/1074/1344
f 1683/1074/1344 1681/1072/1343 1700/1091/1261
f 1682/1073/1244 1700/1091/1261 1681/1072/1343
f 1512/1011/1209 1513/1039/1210 1701/992/1353
f 1702/1115/1354 1701/992/1353 1513/1039/1210
f 1702/1115/1354 1513/1039/1210 1703/1116/1355
f 1515/1041/1212 1703/1116/1355 1513/1039/1210
f 1703/1116/1355 1515/1041/1212 1704/1117/1356
f 1517/1043/1214 1704/1117/1356 1515/1041/1212
f 1645/1011/1325 1705/1092/1357 1646/1039/1326
f 1706/1115/1358 1646/1039/1326 1705/1092/1357
f 1646/1039/1326 1706/1115/1358 1648/1107/1328
f 1707/1118/1359 1648/1107/1328 1706/1115/1358
f 1648/1107/1328 1707/1118/1359 1650/1043/1214
f 1708/1117/1360 1650/1043/1214 1707/1118/1359
f 1711/1119/1361 1710/1120/1362 1709/1121/1363
f 1712/1122/1364 1709/1121/1363 1710/1120/1362
f 1710/1120/1362 1711/1119/1361 1713/1123/1365
f 1714/1124/1366 1713/1123/1365 1711/1119/1361
f 1713/1123/1365 1714/1124/1366 1715/1125/1367
f 1716/1126/1368 1715/1125/1367 1714/1124/1366
f 1715/1125/1367 1716/1126/1368 1717/1127/1369
f 1718/1128/1370 1717/1127/1369 1716/1126/1368
f 1717/1127/1369 1718/1128/1370 1719/1129/1371
f 1720/1130/1372 1719/1129/1371 1718/1128/1370
f 1719/1129/1371 1720/1130/1372 1721/1131/1373
f 1722/1132/1374 1721/1131/1373 1720/1130/1372
f 1721/1131/1373 1722/1132/1374 1723/1133/1375
f 1724/1134/1376 1723/1133/1375 1722/1132/1374
f 1723/1133/1375 1724/1134/1376 1725/1135/1377
f 1726/1136/1378 1725/1135/1377 1724/1134/1376
f 1725/1135/1377 1726/1136/1378 1727/1137/1379
f 1728/1138/1380 1727/1137/1379 1726/1136/1378
f 1715/1125/1367 1729/1139/1381 1713/1123/1365
f 1717/1127/1369 1730/1140/1382 1715/1125/1367
f 1729/1139/1381 1715/1125/1367 1730/1140/1382
f 1719/1129/1371 1731/1141/1383 1717/1127/1369
f 1730/1140/1382 1717/1127/1369 1731/1141/1383
f 1721/1131/1373 1732/1142/1384 1719/1129/1371
f 1731/1141/1383 1719/1129/1371 1732/1142/1384
f 1723/1133/1375 1733/1143/1385 1721/1131/1373
f 1732/1142/1384 1721/1131/1373 1733/1143/1385
f 1725/1135/1377 1734/1144/1386 1723/1133/1375
f 1733/1143/1385 1723/1133/1375 1734/1144/1386
f 1727/1137/1379 1735/1145/1387 1725/1135/1377
f 1734/1144/1386 1725/1135/1377 1735/1145/1387
f 1730/1140/1382 1736/1146/1388 1729/1139/1381
f 1737/1147/1389 1729/1139/1381 1736/1146/1388
f 1729/1139/1381 1737/1147/1389 1738/1148/1390
f 1738/1148/1390 1713/1123/1365 1729/1139/1381
f 1713/1123/1365 1738/1148/1390 1710/1120/1362
f 1739/1149/1391 1710/1120/1362 1738/1148/1390
f 1710/1120/1362 1739/1149/1391 1712/1122/1364
f 1740/1150/1392 1712/1122/1364 1739/1149/1391
f 1739/1149/1391 1741/1151/1393 1740/1150/1392
f 1742/1152/1394 1740/1150/1392 1741/1151/1393
f 1738/1148/1390 1743/1153/1395 1739/1149/1391
f 1741/1151/1393 1739/1149/1391 1743/1153/1395
f 1743/1153/1395 1738/1148/1390 1737/1147/1389
f 1732/1142/1384 1744/1154/1396 1731/1141/1383
f 1733/1143/1385 1745/1155/1397 1732/1142/1384
f 1744/1154/1396 1732/1142/1384 1745/1155/1397
f 1735/1145/1387 1746/1156/1398 1734/1144/1386
f 1741/1151/1393 1747/1157/1399 1742/1152/1394
f 1748/1158/1400 1742/1152/1394 1747/1157/1399
f 1743/1153/1395 1749/1159/1401 1741/1151/1393
f 1747/1157/1399 1741/1151/1393 1749/1159/1401
f 1749/1159/1401 1743/1153/1395 1750/1160/1402
f 1737/1147/1389 1750/1160/1402 1743/1153/1395
f 1750/1160/1402 1737/1147/1389 1751/1161/1403
f 1736/1146/1388 1751/1161/1403 1737/1147/1389
f 1751/1161/1403 1736/1146/1388 1752/1162/1404
f 1753/1163/1405 1752/1162/1404 1736/1146/1388
f 1736/1146/1388 1730/1140/1382 1753/1163/1405
f 1731/1141/1383 1753/1163/1405 1730/1140/1382
f 1753/1163/1405 1731/1141/1383 1744/1154/1396
f 1744/1154/1396 1754/1164/1406 1753/1163/1405
f 1752/1162/1404 1753/1163/1405 1754/1164/1406
f 1745/1155/1397 1755/1165/1407 1744/1154/1396
f 1754/1164/1406 1744/1154/1396 1755/1165/1407
f 1756/1166/1408 1734/1144/1386 1746/1156/1398
f 1734/1144/1386 1756/1166/1408 1733/1143/1385
f 1745/1155/1397 1733/1143/1385 1756/1166/1408
f 1756/1166/1408 1757/1167/1409 1745/1155/1397
f 1755/1165/1407 1745/1155/1397 1757/1167/1409
f 1757/1167/1409 1756/1166/1408 1758/1168/1410
f 1746/1156/1398 1758/1168/1410 1756/1166/1408
f 1761/1136/1411 1760/1135/1412 1759/1138/1380
f 1762/1137/1379 1759/1138/1380 1760/1135/1412
f 1760/1135/1412 1761/1136/1411 1763/1133/1413
f 1764/1134/1414 1763/1133/1413 1761/1136/1411
f 1763/1133/1413 1764/1134/1414 1765/1131/1415
f 1766/1132/1416 1765/1131/1415 1764/1134/1414
f 1765/1131/1415 1766/1132/1416 1767/1129/1417
f 1768/1130/1418 1767/1129/1417 1766/1132/1416
f 1767/1129/1417 1768/1130/1418 1769/1127/1419
f 1770/1128/1420 1769/1127/1419 1768/1130/1418
f 1769/1127/1419 1770/1128/1420 1771/1125/1421
f 1772/1126/1422 1771/1125/1421 1770/1128/1420
f 1771/1125/1421 1772/1126/1422 1773/1169/1423
f 1774/1124/1424 1773/1169/1423 1772/1126/1422
f 1773/1169/1423 1774/1124/1424 1775/1120/1425
f 1776/1119/1426 1775/1120/1425 1774/1124/1424
f 1775/1120/1425 1776/1119/1426 1777/1122/1364
f 1778/1121/1363 1777/1122/1364 1776/1119/1426
f 1765/1131/1415 1779/1142/1427 1763/1133/1413
f 1767/1129/1417 1780/1141/1428 1765/1131/1415
f 1779/1142/1427 1765/1131/1415 1780/1141/1428
f 1769/1127/1419 1781/1140/1429 1767/1129/1417
f 1780/1141/1428 1767/1129/1417 1781/1140/1429
f 1771/1125/1421 1782/1170/1430 1769/1127/1419
f 1781/1140/1429 1769/1127/1419 1782/1170/1430
f 1773/1169/1423 1783/1148/1431 1771/1125/1421
f 1782/1170/1430 1771/1125/1421 1783/1148/1431
f 1775/1120/1425 1784/1149/1432 1773/1169/1423
f 1783/1148/1431 1773/1169/1423 1784/1149/1432
f 1777/1122/1364 1785/1150/1392 1775/1120/1425
f 1784/1149/1432 1775/1120/1425 1785/1150/1392
f 1780/1141/1428 1786/1163/1433 1779/1142/1427
f 1787/1154/1434 1779/1142/1427 1786/1163/1433
f 1779/1142/1427 1787/1154/1434 1788/1143/1435
f 1788/1143/1435 1763/1133/1413 1779/1142/1427
f 1763/1133/1413 1788/1143/1435 1760/1135/1412
f 1789/1144/1436 1760/1135/1412 1788/1143/1435
f 1760/1135/1412 1789/1144/1436 1762/1137/1379
f 1790/1145/1387 1762/1137/1379 1789/1144/1436
f 1789/1144/1436 1791/1166/1437 1790/1145/1387
f 1792/1156/1398 1790/1145/1387 1791/1166/1437
f 1788/1143/1435 1793/1155/1438 1789/1144/1436
f 1791/1166/1437 1789/1144/1436 1793/1155/1438
f 1793/1155/1438 1788/1143/1435 1787/1154/1434
f 1782/1170/1430 1794/1147/1439 1781/1140/1429
f 1783/1148/1431 1795/1153/1440 1782/1170/1430
f 1794/1147/1439 1782/1170/1430 1795/1153/1440
f 1785/1150/1392 1796/1152/1394 1784/1149/1432
f 1791/1166/1437 1797/1167/1441 1792/1156/1398
f 1798/1168/1410 1792/1156/1398 1797/1167/1441
f 1793/1155/1438 1799/1165/1442 1791/1166/1437
f 1797/1167/1441 1791/1166/1437 1799/1165/1442
f 1799/1165/1442 1793/1155/1438 1800/1164/1443
f 1787/1154/1434 1800/1164/1443 1793/1155/1438
f 1800/1164/1443 1787/1154/1434 1801/1171/1444
f 1786/1163/1433 1801/1171/1444 1787/1154/1434
f 1801/1171/1444 1786/1163/1433 1802/1172/1445
f 1803/1146/1446 1802/1172/1445 1786/1163/1433
f 1786/1163/1433 1780/1141/1428 1803/1146/1446
f 1781/1140/1429 1803/1146/1446 1780/1141/1428
f 1803/1146/1446 1781/1140/1429 1794/1147/1439
f 1794/1147/1439 1804/1173/1447 1803/1146/1446
f 1802/1172/1445 1803/1146/1446 1804/1173/1447
f 1795/1153/1440 1805/1159/1448 1794/1147/1439
f 1804/1173/1447 1794/1147/1439 1805/1159/1448
f 1806/1151/1449 1784/1149/1432 1796/1152/1394
f 1784/1149/1432 1806/1151/1449 1783/1148/1431
f 1795/1153/1440 1783/1148/1431 1806/1151/1449
f 1806/1151/1449 1807/1157/1450 1795/1153/1440
f 1805/1159/1448 1795/1153/1440 1807/1157/1450
f 1807/1157/1450 1806/1151/1449 1808/1158/1400
f 1796/1152/1394 1808/1158/1400 1806/1151/1449
f 1811/1174/1451 1810/1175/560 1809/1176/1452
f 1812/1177/1401 1810/1175/560 1811/1174/1451
f 1813/1178/1402 1810/1175/560 1812/1177/1401
f 1814/1179/1453 1810/1175/560 1813/1178/1402
f 1815/1180/1454 1810/1175/560 1814/1179/1453
f 1816/1181/1406 1810/1175/560 1815/1180/1454
f 1817/1182/1407 1810/1175/560 1816/1181/1406
f 1818/1183/1455 1810/1175/560 1817/1182/1407
f 1819/1184/1456 1810/1175/560 1818/1183/1455
f 1820/1185/1457 1810/1175/560 1819/1184/1456
f 1821/1186/1442 1810/1175/560 1820/1185/1457
f 1822/1187/1443 1810/1175/560 1821/1186/1442
f 1823/1188/1458 1810/1175/560 1822/1187/1443
f 1824/1189/1445 1810/1175/560 1823/1188/1458
f 1825/1190/1447 1810/1175/560 1824/1189/1445
f 1826/1191/1459 1810/1175/560 1825/1190/1447
f 1827/1192/1460 1810/1175/560 1826/1191/1459
f 1809/1176/1452 1810/1175/560 1827/1192/1460
f 1830/1193/1461 1829/1194/519 1828/1195/519
f 1829/1194/519 1831/1196/519 1828/1195/519
f 1832/1197/519 1831/1196/519 1829/1194/519
f 1833/1198/519 1832/1197/519 1829/1194/519
f 1834/1199/1462 1833/1198/519 1829/1194/519
f 1835/1200/519 1832/1197/519 1833/1198/519
f 1836/1201/519 1831/1196/519 1832/1197/519
f 1837/1202/519 1836/1201/519 1832/1197/519
f 1838/1203/519 1837/1202/519 1832/1197/519
f 1839/1204/519 1838/1203/519 1832/1197/519
f 1840/1205/519 1839/1204/519 1832/1197/519
f 1841/1206/519 1838/1203/519 1839/1204/519
f 1842/1207/519 1837/1202/519 1838/1203/519
f 1843/1208/519 1842/1207/519 1838/1203/519
f 1844/1209/519 1837/1202/519 1842/1207/519
f 1845/1210/519 1836/1201/519 1837/1202/519
f 1846/1211/519 1845/1210/519 1837/1202/519
f 1847/1212/519 1846/1211/519 1837/1202/519
f 1848/1213/519 1845/1210/519 1846/1211/519
f 1849/1214/519 1836/1201/519 1845/1210/519
f 1850/1215/519 1849/1214/519 1845/1210/519
f 1851/1216/519 1836/1201/519 1849/1214/519
f 1853/1217/519 1852/1218/519 1836/1201/519
f 1855/1219/519 1854/1220/519 1852/1218/519
f 1852/1218/519 1854/1220/519 1836/1201/519
f 1854/1220/519 1831/1196/519 1836/1201/519
f 1856/1221/519 1831/1196/519 1854/1220/519
f 1857/1222/519 1856/1221/519 1854/1220/519
f 1858/1223/519 1831/1196/519 1856/1221/519
f 1828/1195/519 1831/1196/519 1859/1224/519
f 1862/1225/1463 1861/1226/1464 1860/1227/1465
f 1863/1228/1466 1860/1227/1465 1861/1226/1464
f 1860/1227/1465 1864/1229/1467 1862/1225/1463
f 1865/1230/1468 1862/1225/1463 1864/1229/1467
f 1860/1227/1465 1863/1228/1466 1866/1231/1469
f 1867/1232/1470 1866/1231/1469 1863/1228/1466
f 1866/1231/1469 1867/1232/1470 1868/1233/1471
f 1869/1234/1472 1868/1233/1471 1867/1232/1470
f 1866/1231/1469 1870/1235/1473 1860/1227/1465
f 1864/1229/1467 1860/1227/1465 1870/1235/1473
f 1866/1231/1469 1868/1233/1471 1870/1235/1473
f 1871/1236/1474 1870/1235/1473 1868/1233/1471
f 1874/1228/1475 1873/1226/1476 1872/1227/1477
f 1875/1225/1478 1872/1227/1477 1873/1226/1476
f 1872/1227/1477 1875/1225/1478 1876/1229/1479
f 1877/1230/1480 1876/1229/1479 1875/1225/1478
f 1872/1227/1477 1878/1231/1481 1874/1228/1475
f 1879/1232/1482 1874/1228/1475 1878/1231/1481
f 1878/1231/1481 1880/1233/1471 1879/1232/1482
f 1881/1234/1472 1879/1232/1482 1880/1233/1471
f 1876/1229/1479 1882/1235/1483 1872/1227/1477
f 1878/1231/1481 1872/1227/1477 1882/1235/1483
f 1878/1231/1481 1882/1235/1483 1880/1233/1471
f 1883/1236/1474 1880/1233/1471 1882/1235/1483
f 1886/1237/1484 1885/1238/1485 1884/1239/1486
f 1885/1238/1485 1887/1225/1487 1884/1239/1486
f 1888/1240/1488 1887/1225/1487 1885/1238/1485
f 1889/1226/1489 1887/1225/1487 1888/1240/1488
f 1887/1225/1487 1890/1230/1490 1884/1239/1486
f 1893/1241/1491 1892/1237/1492 1891/1242/1493
f 1894/1239/1494 1891/1242/1493 1892/1237/1492
f 1893/1241/1491 1891/1242/1493 1895/1243/1495
f 1896/1244/1496 1895/1243/1495 1891/1242/1493
f 1895/1243/1495 1896/1244/1496 1897/1245/1497
f 1898/1246/1497 1897/1245/1497 1896/1244/1496
f 1901/1226/1498 1900/1247/1499 1899/1225/1500
f 1899/1225/1500 1900/1247/1499 1902/1230/1501
f 1900/1247/1499 1903/1248/1502 1902/1230/1501
f 1903/1248/1502 1904/1237/1503 1902/1230/1501
f 1904/1237/1503 1905/1239/1504 1902/1230/1501
f 1908/1241/1505 1907/1242/1506 1906/1237/1507
f 1909/1239/1508 1906/1237/1507 1907/1242/1506
f 1907/1242/1506 1908/1241/1505 1910/1244/1509
f 1911/1243/1510 1910/1244/1509 1908/1241/1505
f 1910/1244/1509 1911/1243/1510 1912/1246/1497
f 1913/1245/1497 1912/1246/1497 1911/1243/1510
f 1916/1228/1511 1915/1226/1512 1914/1227/1513
f 1917/1225/1514 1914/1227/1513 1915/1226/1512
f 1914/1227/1513 1917/1225/1514 1918/1229/1515
f 1919/1230/1516 1918/1229/1515 1917/1225/1514
f 1914/1227/1513 1920/1231/1517 1916/1228/1511
f 1921/1232/1518 1916/1228/1511 1920/1231/1517
f 1920/1231/1517 1922/1233/1519 1921/1232/1518
f 1923/1234/1520 1921/1232/1518 1922/1233/1519
f 1918/1229/1515 1924/1235/1521 1914/1227/1513
f 1920/1231/1517 1914/1227/1513 1924/1235/1521
f 1920/1231/1517 1924/1235/1521 1922/1233/1519
f 1925/1236/1522 1922/1233/1519 1924/1235/1521
f 1928/1225/1523 1927/1226/1524 1926/1227/1525
f 1929/1228/1526 1926/1227/1525 1927/1226/1524
f 1926/1227/1525 1930/1229/1527 1928/1225/1523
f 1931/1230/1528 1928/1225/1523 1930/1229/1527
f 1926/1227/1525 1929/1228/1526 1932/1231/1529
f 1933/1232/1530 1932/1231/1529 1929/1228/1526
f 1932/1231/1529 1933/1232/1530 1934/1233/1519
f 1935/1234/1520 1934/1233/1519 1933/1232/1530
f 1932/1231/1529 1936/1235/1531 1926/1227/1525
f 1930/1229/1527 1926/1227/1525 1936/1235/1531
f 1932/1231/1529 1934/1233/1519 1936/1235/1531
f 1937/1236/1522 1936/1235/1531 1934/1233/1519
f 1940/1230/1532 1939/1225/1533 1938/1239/1534
f 1939/1225/1533 1941/1238/1535 1938/1239/1534
f 1942/1240/1536 1941/1238/1535 1939/1225/1533
f 1943/1226/1537 1942/1240/1536 1939/1225/1533
f 1941/1238/1535 1944/1237/1538 1938/1239/1534
f 1947/1239/1539 1946/1237/1540 1945/1242/1541
f 1948/1241/1542 1945/1242/1541 1946/1237/1540
f 1948/1241/1542 1949/1243/1543 1945/1242/1541
f 1950/1244/1544 1945/1242/1541 1949/1243/1543
f 1949/1243/1543 1951/1245/1545 1950/1244/1544
f 1952/1246/1545 1950/1244/1544 1951/1245/1545
f 1955/1239/1546 1954/1237/1547 1953/1230/1548
f 1954/1237/1547 1956/1248/1549 1953/1230/1548
f 1956/1248/1549 1957/1247/1550 1953/1230/1548
f 1957/1247/1550 1958/1225/1551 1953/1230/1548
f 1959/1226/1552 1958/1225/1551 1957/1247/1550
f 1962/1239/1553 1961/1242/1554 1960/1237/1555
f 1963/1241/1556 1960/1237/1555 1961/1242/1554
f 1961/1242/1554 1964/1244/1557 1963/1241/1556
f 1965/1243/1558 1963/1241/1556 1964/1244/1557
f 1964/1244/1557 1966/1246/1545 1965/1243/1558
f 1967/1245/1545 1965/1243/1558 1966/1246/1545
f 1970/1249/1559 1969/1250/1391 1968/1251/1560
f 1971/1252/1392 1968/1251/1560 1969/1250/1391
f 1969/1250/1391 1970/1249/1559 1972/1253/1390
f 1973/1254/1561 1972/1253/1390 1970/1249/1559
f 1972/1253/1390 1973/1254/1561 1974/1255/1381
f 1975/1256/1562 1974/1255/1381 1973/1254/1561
f 1974/1255/1381 1975/1256/1562 1976/1257/1382
f 1977/1258/1563 1976/1257/1382 1975/1256/1562
f 1976/1257/1382 1977/1258/1563 1978/1259/1383
f 1979/1260/1564 1978/1259/1383 1977/1258/1563
f 1978/1259/1383 1979/1260/1564 1980/1261/1384
f 1981/1262/1565 1980/1261/1384 1979/1260/1564
f 1980/1261/1384 1981/1262/1565 1982/1263/1385
f 1983/1264/1566 1982/1263/1385 1981/1262/1565
f 1982/1263/1385 1983/1264/1566 1984/1265/1386
f 1985/1266/1567 1984/1265/1386 1983/1264/1566
f 1984/1265/1386 1985/1266/1567 1986/1267/1387
f 1987/1268/1568 1986/1267/1387 1985/1266/1567
f 1974/1255/1381 1988/1269/1389 1972/1253/1390
f 1976/1257/1382 1989/1270/1388 1974/1255/1381
f 1988/1269/1389 1974/1255/1381 1989/1270/1388
f 1978/1259/1383 1990/1271/1405 1976/1257/1382
f 1989/1270/1388 1976/1257/1382 1990/1271/1405
f 1980/1261/1384 1991/1272/1396 1978/1259/1383
f 1990/1271/1405 1978/1259/1383 1991/1272/1396
f 1982/1263/1385 1992/1273/1397 1980/1261/1384
f 1991/1272/1396 1980/1261/1384 1992/1273/1397
f 1984/1265/1386 1993/1274/1569 1982/1263/1385
f 1992/1273/1397 1982/1263/1385 1993/1274/1569
f 1986/1267/1387 1994/1275/1398 1984/1265/1386
f 1993/1274/1569 1984/1265/1386 1994/1275/1398
f 1989/1270/1388 1995/1276/1453 1988/1269/1389
f 1996/1277/1402 1988/1269/1389 1995/1276/1453
f 1988/1269/1389 1996/1277/1402 1997/1278/1395
f 1997/1278/1395 1972/1253/1390 1988/1269/1389
f 1972/1253/1390 1997/1278/1395 1969/1250/1391
f 1998/1279/1570 1969/1250/1391 1997/1278/1395
f 1969/1250/1391 1998/1279/1570 1971/1252/1392
f 1999/1280/1394 1971/1252/1392 1998/1279/1570
f 1998/1279/1570 2000/1281/1451 1999/1280/1394
f 2001/1282/1400 1999/1280/1394 2000/1281/1451
f 1997/1278/1395 2002/1283/1571 1998/1279/1570
f 2000/1281/1451 1998/1279/1570 2002/1283/1571
f 2002/1283/1571 1997/1278/1395 1996/1277/1402
f 1991/1272/1396 2003/1284/1406 1990/1271/1405
f 1992/1273/1397 2004/1285/1407 1991/1272/1396
f 2003/1284/1406 1991/1272/1396 2004/1285/1407
f 1994/1275/1398 2005/1286/1410 1993/1274/1569
f 1995/1276/1453 1989/1270/1388 2006/1287/1572
f 1990/1271/1405 2006/1287/1572 1989/1270/1388
f 2006/1287/1572 1990/1271/1405 2003/1284/1406
f 2004/1285/1407 1992/1273/1397 2007/1288/1409
f 1993/1274/1569 2007/1288/1409 1992/1273/1397
f 2007/1288/1409 1993/1274/1569 2005/1286/1410
f 2010/1266/1573 2009/1265/1436 2008/1268/1568
f 2011/1267/1387 2008/1268/1568 2009/1265/1436
f 2009/1265/1436 2010/1266/1573 2012/1263/1435
f 2013/1289/1574 2012/1263/1435 2010/1266/1573
f 2012/1263/1435 2013/1289/1574 2014/1261/1427
f 2015/1262/1575 2014/1261/1427 2013/1289/1574
f 2014/1261/1427 2015/1262/1575 2016/1259/1428
f 2017/1260/1576 2016/1259/1428 2015/1262/1575
f 2016/1259/1428 2017/1260/1576 2018/1257/1429
f 2019/1258/1577 2018/1257/1429 2017/1260/1576
f 2018/1257/1429 2019/1258/1577 2020/1290/1430
f 2021/1256/1578 2020/1290/1430 2019/1258/1577
f 2020/1290/1430 2021/1256/1578 2022/1253/1431
f 2023/1291/1579 2022/1253/1431 2021/1256/1578
f 2022/1253/1431 2023/1291/1579 2024/1250/1432
f 2025/1249/1580 2024/1250/1432 2023/1291/1579
f 2024/1250/1432 2025/1249/1580 2026/1252/1392
f 2027/1251/1560 2026/1252/1392 2025/1249/1580
f 2014/1261/1427 2028/1272/1434 2012/1263/1435
f 2016/1259/1428 2029/1271/1433 2014/1261/1427
f 2028/1272/1434 2014/1261/1427 2029/1271/1433
f 2018/1257/1429 2030/1270/1446 2016/1259/1428
f 2029/1271/1433 2016/1259/1428 2030/1270/1446
f 2020/1290/1430 2031/1269/1439 2018/1257/1429
f 2030/1270/1446 2018/1257/1429 2031/1269/1439
f 2022/1253/1431 2032/1278/1440 2020/1290/1430
f 2031/1269/1439 2020/1290/1430 2032/1278/1440
f 2024/1250/1432 2033/1279/1449 2022/1253/1431
f 2032/1278/1440 2022/1253/1431 2033/1279/1449
f 2026/1252/1392 2034/1280/1394 2024/1250/1432
f 2033/1279/1449 2024/1250/1432 2034/1280/1394
f 2029/1271/1433 2035/1292/1458 2028/1272/1434
f 2036/1284/1443 2028/1272/1434 2035/1292/1458
f 2028/1272/1434 2036/1284/1443 2037/1293/1438
f 2037/1293/1438 2012/1263/1435 2028/1272/1434
f 2012/1263/1435 2037/1293/1438 2009/1265/1436
f 2038/1274/1437 2009/1265/1436 2037/1293/1438
f 2009/1265/1436 2038/1274/1437 2011/1267/1387
f 2039/1275/1398 2011/1267/1387 2038/1274/1437
f 2038/1274/1437 2040/1288/1457 2039/1275/1398
f 2041/1286/1410 2039/1275/1398 2040/1288/1457
f 2037/1293/1438 2042/1285/1442 2038/1274/1437
f 2040/1288/1457 2038/1274/1437 2042/1285/1442
f 2042/1285/1442 2037/1293/1438 2036/1284/1443
f 2031/1269/1439 2043/1294/1447 2030/1270/1446
f 2032/1278/1440 2044/1283/1448 2031/1269/1439
f 2043/1294/1447 2031/1269/1439 2044/1283/1448
f 2034/1280/1394 2045/1282/1400 2033/1279/1449
f 2035/1292/1458 2029/1271/1433 2046/1295/1445
f 2030/1270/1446 2046/1295/1445 2029/1271/1433
f 2046/1295/1445 2030/1270/1446 2043/1294/1447
f 2044/1283/1448 2032/1278/1440 2047/1281/1460
f 2033/1279/1449 2047/1281/1460 2032/1278/1440
f 2047/1281/1460 2033/1279/1449 2045/1282/1400
f 2050/1296/1399 2049/1297/560 2048/1298/1452
f 2051/1299/1401 2049/1297/560 2050/1296/1399
f 2052/1300/1402 2049/1297/560 2051/1299/1401
f 2053/1301/1453 2049/1297/560 2052/1300/1402
f 2054/1302/1454 2049/1297/560 2053/1301/1453
f 2055/1303/1406 2049/1297/560 2054/1302/1454
f 2056/1304/1407 2049/1297/560 2055/1303/1406
f 2057/1305/1455 2049/1297/560 2056/1304/1407
f 2058/1306/1456 2049/1297/560 2057/1305/1455
f 2059/1307/1457 2049/1297/560 2058/1306/1456
f 2060/1308/1442 2049/1297/560 2059/1307/1457
f 2061/1309/1443 2049/1297/560 2060/1308/1442
f 2062/1310/1458 2049/1297/560 2061/1309/1443
f 2063/1311/1581 2049/1297/560 2062/1310/1458
f 2064/1312/1447 2049/1297/560 2063/1311/1581
f 2065/1313/1459 2049/1297/560 2064/1312/1447
f 2066/1314/1450 2049/1297/560 2065/1313/1459
f 2048/1298/1452 2049/1297/560 2066/1314/1450
f 2069/1252/1582 2068/1250/1583 2067/1251/1560
f 2070/1249/1559 2067/1251/1560 2068/1250/1583
f 2068/1250/1583 2071/1253/1584 2070/1249/1559
f 2072/1254/1561 2070/1249/1559 2071/1253/1584
f 2071/1253/1584 2073/1255/1585 2072/1254/1561
f 2074/1256/1562 2072/1254/1561 2073/1255/1585
f 2073/1255/1585 2075/1257/1586 2074/1256/1562
f 2076/1258/1587 2074/1256/1562 2075/1257/1586
f 2075/1257/1586 2077/1259/1588 2076/1258/1587
f 2078/1260/1564 2076/1258/1587 2077/1259/1588
f 2077/1259/1588 2079/1261/1589 2078/1260/1564
f 2080/1262/1565 2078/1260/1564 2079/1261/1589
f 2079/1261/1589 2081/1263/1590 2080/1262/1565
f 2082/1264/1566 2080/1262/1565 2081/1263/1590
f 2081/1263/1590 2083/1265/1591 2082/1264/1566
f 2084/1266/1567 2082/1264/1566 2083/1265/1591
f 2083/1265/1591 2085/1267/1592 2084/1266/1567
f 2086/1268/1568 2084/1266/1567 2085/1267/1592
f 2073/1255/1585 2071/1253/1584 2087/1269/1593
f 2088/1278/1594 2087/1269/1593 2071/1253/1584
f 2071/1253/1584 2068/1250/1583 2088/1278/1594
f 2089/1279/1595 2088/1278/1594 2068/1250/1583
f 2068/1250/1583 2069/1252/1582 2089/1279/1595
f 2090/1280/1596 2089/1279/1595 2069/1252/1582
f 2081/1263/1590 2079/1261/1589 2091/1273/1597
f 2092/1272/1598 2091/1273/1597 2079/1261/1589
f 2091/1273/1597 2093/1274/1599 2081/1263/1590
f 2083/1265/1591 2081/1263/1590 2093/1274/1599
f 2093/1274/1599 2094/1275/1600 2083/1265/1591
f 2085/1267/1592 2083/1265/1591 2094/1275/1600
f 2089/1279/1595 2090/1280/1596 2095/1281/1601
f 2096/1282/1602 2095/1281/1601 2090/1280/1596
f 2095/1281/1601 2097/1283/1603 2089/1279/1595
f 2088/1278/1594 2089/1279/1595 2097/1283/1603
f 2097/1283/1603 2098/1277/1604 2088/1278/1594
f 2087/1269/1593 2088/1278/1594 2098/1277/1604
f 2098/1277/1604 2099/1276/1605 2087/1269/1593
f 2100/1270/1606 2087/1269/1593 2099/1276/1605
f 2099/1276/1605 2101/1287/1607 2100/1270/1606
f 2102/1271/1608 2100/1270/1606 2101/1287/1607
f 2100/1270/1606 2102/1271/1608 2075/1257/1586
f 2075/1257/1586 2073/1255/1585 2100/1270/1606
f 2087/1269/1593 2100/1270/1606 2073/1255/1585
f 2077/1259/1588 2075/1257/1586 2102/1271/1608
f 2102/1271/1608 2092/1272/1598 2077/1259/1588
f 2079/1261/1589 2077/1259/1588 2092/1272/1598
f 2101/1287/1607 2103/1284/1609 2102/1271/1608
f 2092/1272/1598 2102/1271/1608 2103/1284/1609
f 2103/1284/1609 2104/1285/1610 2092/1272/1598
f 2091/1273/1597 2092/1272/1598 2104/1285/1610
f 2104/1285/1610 2105/1288/1611 2091/1273/1597
f 2093/1274/1599 2091/1273/1597 2105/1288/1611
f 2105/1288/1611 2106/1286/1612 2093/1274/1599
f 2094/1275/1600 2093/1274/1599 2106/1286/1612
f 2109/1267/1592 2108/1265/1613 2107/1268/1568
f 2110/1266/1573 2107/1268/1568 2108/1265/1613
f 2108/1265/1613 2111/1263/1614 2110/1266/1573
f 2112/1289/1574 2110/1266/1573 2111/1263/1614
f 2111/1263/1614 2113/1261/1615 2112/1289/1574
f 2114/1262/1575 2112/1289/1574 2113/1261/1615
f 2113/1261/1615 2115/1259/1616 2114/1262/1575
f 2116/1260/1576 2114/1262/1575 2115/1259/1616
f 2115/1259/1616 2117/1257/1617 2116/1260/1576
f 2118/1258/1577 2116/1260/1576 2117/1257/1617
f 2117/1257/1617 2119/1290/1618 2118/1258/1577
f 2120/1256/1578 2118/1258/1577 2119/1290/1618
f 2119/1290/1618 2121/1253/1619 2120/1256/1578
f 2122/1291/1579 2120/1256/1578 2121/1253/1619
f 2121/1253/1619 2123/1250/1620 2122/1291/1579
f 2124/1249/1580 2122/1291/1579 2123/1250/1620
f 2123/1250/1620 2125/1252/1582 2124/1249/1580
f 2126/1251/1560 2124/1249/1580 2125/1252/1582
f 2113/1261/1615 2111/1263/1614 2127/1272/1621
f 2128/1293/1622 2127/1272/1621 2111/1263/1614
f 2111/1263/1614 2108/1265/1613 2128/1293/1622
f 2129/1274/1623 2128/1293/1622 2108/1265/1613
f 2108/1265/1613 2109/1267/1592 2129/1274/1623
f 2130/1275/1600 2129/1274/1623 2109/1267/1592
f 2121/1253/1619 2119/1290/1618 2131/1278/1624
f 2132/1269/1625 2131/1278/1624 2119/1290/1618
f 2131/1278/1624 2133/1279/1626 2121/1253/1619
f 2123/1250/1620 2121/1253/1619 2133/1279/1626
f 2133/1279/1626 2134/1280/1596 2123/1250/1620
f 2125/1252/1582 2123/1250/1620 2134/1280/1596
f 2129/1274/1623 2130/1275/1600 2135/1288/1627
f 2136/1286/1612 2135/1288/1627 2130/1275/1600
f 2135/1288/1627 2137/1285/1628 2129/1274/1623
f 2128/1293/1622 2129/1274/1623 2137/1285/1628
f 2137/1285/1628 2138/1284/1629 2128/1293/1622
f 2127/1272/1621 2128/1293/1622 2138/1284/1629
f 2138/1284/1629 2139/1292/1630 2127/1272/1621
f 2140/1271/1631 2127/1272/1621 2139/1292/1630
f 2139/1292/1630 2141/1295/1632 2140/1271/1631
f 2142/1270/1633 2140/1271/1631 2141/1295/1632
f 2140/1271/1631 2142/1270/1633 2115/1259/1616
f 2115/1259/1616 2113/1261/1615 2140/1271/1631
f 2127/1272/1621 2140/1271/1631 2113/1261/1615
f 2117/1257/1617 2115/1259/1616 2142/1270/1633
f 2142/1270/1633 2132/1269/1625 2117/1257/1617
f 2119/1290/1618 2117/1257/1617 2132/1269/1625
f 2141/1295/1632 2143/1294/1634 2142/1270/1633
f 2132/1269/1625 2142/1270/1633 2143/1294/1634
f 2143/1294/1634 2144/1283/1635 2132/1269/1625
f 2131/1278/1624 2132/1269/1625 2144/1283/1635
f 2144/1283/1635 2145/1281/1636 2131/1278/1624
f 2133/1279/1626 2131/1278/1624 2145/1281/1636
f 2145/1281/1636 2146/1282/1602 2133/1279/1626
f 2134/1280/1596 2133/1279/1626 2146/1282/1602
f 2149/1297/519 2148/1296/1637 2147/1298/1638
f 2149/1297/519 2150/1299/1639 2148/1296/1637
f 2149/1297/519 2151/1300/1604 2150/1299/1639
f 2149/1297/519 2152/1301/1605 2151/1300/1604
f 2149/1297/519 2153/1302/1640 2152/1301/1605
f 2149/1297/519 2154/1303/1609 2153/1302/1640
f 2149/1297/519 2155/1304/1610 2154/1303/1609
f 2149/1297/519 2156/1305/1611 2155/1304/1610
f 2149/1297/519 2157/1306/1641 2156/1305/1611
f 2149/1297/519 2158/1307/1627 2157/1306/1641
f 2149/1297/519 2159/1308/1628 2158/1307/1627
f 2149/1297/519 2160/1309/1629 2159/1308/1628
f 2149/1297/519 2161/1310/1642 2160/1309/1629
f 2149/1297/519 2162/1311/1643 2161/1310/1642
f 2149/1297/519 2163/1312/1634 2162/1311/1643
f 2149/1297/519 2164/1313/1635 2163/1312/1634
f 2149/1297/519 2165/1314/1644 2164/1313/1635
f 2149/1297/519 2147/1298/1638 2165/1314/1644
f 2168/1252/1387 2167/1250/1386 2166/1251/1568
f 2169/1249/1567 2166/1251/1568 2167/1250/1386
f 2167/1250/1386 2170/1253/1385 2169/1249/1567
f 2171/1254/1566 2169/1249/1567 2170/1253/1385
f 2170/1253/1385 2172/1255/1384 2171/1254/1566
f 2173/1256/1565 2171/1254/1566 2172/1255/1384
f 2172/1255/1384 2174/1257/1383 2173/1256/1565
f 2175/1258/1645 2173/1256/1565 2174/1257/1383
f 2174/1257/1383 2176/1259/1382 2175/1258/1645
f 2177/1260/1563 2175/1258/1645 2176/1259/1382
f 2176/1259/1382 2178/1261/1381 2177/1260/1563
f 2179/1262/1562 2177/1260/1563 2178/1261/1381
f 2178/1261/1381 2180/1263/1390 2179/1262/1562
f 2181/1264/1561 2179/1262/1562 2180/1263/1390
f 2180/1263/1390 2182/1265/1391 2181/1264/1561
f 2183/1266/1559 2181/1264/1561 2182/1265/1391
f 2182/1265/1391 2184/1267/1392 2183/1266/1559
f 2185/1268/1560 2183/1266/1559 2184/1267/1392
f 2172/1255/1384 2170/1253/1385 2186/1269/1396
f 2187/1278/1397 2186/1269/1396 2170/1253/1385
f 2170/1253/1385 2167/1250/1386 2187/1278/1397
f 2188/1279/1569 2187/1278/1397 2167/1250/1386
f 2167/1250/1386 2168/1252/1387 2188/1279/1569
f 2189/1280/1398 2188/1279/1569 2168/1252/1387
f 2180/1263/1390 2178/1261/1381 2190/1273/1395
f 2191/1272/1389 2190/1273/1395 2178/1261/1381
f 2190/1273/1395 2192/1274/1570 2180/1263/1390
f 2182/1265/1391 2180/1263/1390 2192/1274/1570
f 2192/1274/1570 2193/1275/1394 2182/1265/1391
f 2184/1267/1392 2182/1265/1391 2193/1275/1394
f 2188/1279/1569 2189/1280/1398 2194/1281/1409
f 2195/1282/1410 2194/1281/1409 2189/1280/1398
f 2194/1281/1409 2196/1283/1646 2188/1279/1569
f 2187/1278/1397 2188/1279/1569 2196/1283/1646
f 2196/1283/1646 2197/1277/1406 2187/1278/1397
f 2186/1269/1396 2187/1278/1397 2197/1277/1406
f 2197/1277/1406 2198/1276/1454 2186/1269/1396
f 2199/1270/1405 2186/1269/1396 2198/1276/1454
f 2198/1276/1454 2200/1287/1647 2199/1270/1405
f 2201/1271/1388 2199/1270/1405 2200/1287/1647
f 2199/1270/1405 2201/1271/1388 2174/1257/1383
f 2174/1257/1383 2172/1255/1384 2199/1270/1405
f 2186/1269/1396 2199/1270/1405 2172/1255/1384
f 2176/1259/1382 2174/1257/1383 2201/1271/1388
f 2201/1271/1388 2191/1272/1389 2176/1259/1382
f 2178/1261/1381 2176/1259/1382 2191/1272/1389
f 2200/1287/1647 2202/1284/1402 2201/1271/1388
f 2191/1272/1389 2201/1271/1388 2202/1284/1402
f 2202/1284/1402 2203/1285/1571 2191/1272/1389
f 2190/1273/1395 2191/1272/1389 2203/1285/1571
f 2203/1285/1571 2204/1288/1451 2190/1273/1395
f 2192/1274/1570 2190/1273/1395 2204/1288/1451
f 2204/1288/1451 2205/1286/1400 2192/1274/1570
f 2193/1275/1394 2192/1274/1570 2205/1286/1400
f 2208/1267/1392 2207/1265/1432 2206/1268/1560
f 2209/1266/1580 2206/1268/1560 2207/1265/1432
f 2207/1265/1432 2210/1263/1431 2209/1266/1580
f 2211/1289/1579 2209/1266/1580 2210/1263/1431
f 2210/1263/1431 2212/1261/1430 2211/1289/1579
f 2213/1262/1578 2211/1289/1579 2212/1261/1430
f 2212/1261/1430 2214/1259/1429 2213/1262/1578
f 2215/1260/1648 2213/1262/1578 2214/1259/1429
f 2214/1259/1429 2216/1257/1428 2215/1260/1648
f 2217/1258/1649 2215/1260/1648 2216/1257/1428
f 2216/1257/1428 2218/1290/1427 2217/1258/1649
f 2219/1256/1575 2217/1258/1649 2218/1290/1427
f 2218/1290/1427 2220/1253/1435 2219/1256/1575
f 2221/1291/1574 2219/1256/1575 2220/1253/1435
f 2220/1253/1435 2222/1250/1436 2221/1291/1574
f 2223/1249/1573 2221/1291/1574 2222/1250/1436
f 2222/1250/1436 2224/1252/1387 2223/1249/1573
f 2225/1251/1568 2223/1249/1573 2224/1252/1387
f 2212/1261/1430 2210/1263/1431 2226/1272/1439
f 2227/1293/1440 2226/1272/1439 2210/1263/1431
f 2210/1263/1431 2207/1265/1432 2227/1293/1440
f 2228/1274/1449 2227/1293/1440 2207/1265/1432
f 2207/1265/1432 2208/1267/1392 2228/1274/1449
f 2229/1275/1394 2228/1274/1449 2208/1267/1392
f 2220/1253/1435 2218/1290/1427 2230/1278/1438
f 2231/1269/1434 2230/1278/1438 2218/1290/1427
f 2230/1278/1438 2232/1279/1437 2220/1253/1435
f 2222/1250/1436 2220/1253/1435 2232/1279/1437
f 2232/1279/1437 2233/1280/1398 2222/1250/1436
f 2224/1252/1387 2222/1250/1436 2233/1280/1398
f 2228/1274/1449 2229/1275/1394 2234/1288/1460
f 2235/1286/1400 2234/1288/1460 2229/1275/1394
f 2234/1288/1460 2236/1285/1459 2228/1274/1449
f 2227/1293/1440 2228/1274/1449 2236/1285/1459
f 2236/1285/1459 2237/1284/1447 2227/1293/1440
f 2226/1272/1439 2227/1293/1440 2237/1284/1447
f 2237/1284/1447 2238/1292/1445 2226/1272/1439
f 2239/1271/1446 2226/1272/1439 2238/1292/1445
f 2238/1292/1445 2240/1295/1650 2239/1271/1446
f 2241/1270/1433 2239/1271/1446 2240/1295/1650
f 2239/1271/1446 2241/1270/1433 2214/1259/1429
f 2214/1259/1429 2212/1261/1430 2239/1271/1446
f 2226/1272/1439 2239/1271/1446 2212/1261/1430
f 2216/1257/1428 2214/1259/1429 2241/1270/1433
f 2241/1270/1433 2231/1269/1434 2216/1257/1428
f 2218/1290/1427 2216/1257/1428 2231/1269/1434
f 2240/1295/1650 2242/1294/1443 2241/1270/1433
f 2231/1269/1434 2241/1270/1433 2242/1294/1443
f 2242/1294/1443 2243/1283/1651 2231/1269/1434
f 2230/1278/1438 2231/1269/1434 2243/1283/1651
f 2243/1283/1651 2244/1281/1441 2230/1278/1438
f 2232/1279/1437 2230/1278/1438 2244/1281/1441
f 2244/1281/1441 2245/1282/1410 2232/1279/1437
f 2233/1280/1398 2232/1279/1437 2245/1282/1410
f 2248/1297/560 2247/1296/1455 2246/1298/1456
f 2248/1297/560 2249/1299/1407 2247/1296/1455
f 2248/1297/560 2250/1300/1406 2249/1299/1407
f 2248/1297/560 2251/1301/1454 2250/1300/1406
f 2248/1297/560 2252/1302/1647 2251/1301/1454
f 2248/1297/560 2253/1303/1402 2252/1302/1647
f 2248/1297/560 2254/1304/1401 2253/1303/1402
f 2248/1297/560 2255/1305/1399 2254/1304/1401
f 2248/1297/560 2256/1306/1452 2255/1305/1399
f 2248/1297/560 2257/1307/1450 2256/1306/1452
f 2248/1297/560 2258/1308/1459 2257/1307/1450
f 2248/1297/560 2259/1309/1447 2258/1308/1459
f 2248/1297/560 2260/1310/1445 2259/1309/1447
f 2248/1297/560 2261/1311/1650 2260/1310/1445
f 2248/1297/560 2262/1312/1443 2261/1311/1650
f 2248/1297/560 2263/1313/1442 2262/1312/1443
f 2248/1297/560 2264/1314/1457 2263/1313/1442
f 2248/1297/560 2246/1298/1456 2264/1314/1457
f 2267/1249/1567 2266/1250/1591 2265/1251/1568
f 2268/1252/1592 2265/1251/1568 2266/1250/1591
f 2266/1250/1591 2267/1249/1567 2269/1253/1590
f 2270/1254/1566 2269/1253/1590 2267/1249/1567
f 2269/1253/1590 2270/1254/1566 2271/1255/1589
f 2272/1256/1565 2271/1255/1589 2270/1254/1566
f 2271/1255/1589 2272/1256/1565 2273/1257/1588
f 2274/1258/1564 2273/1257/1588 2272/1256/1565
f 2273/1257/1588 2274/1258/1564 2275/1259/1586
f 2276/1260/1587 2275/1259/1586 2274/1258/1564
f 2275/1259/1586 2276/1260/1587 2277/1261/1585
f 2278/1262/1562 2277/1261/1585 2276/1260/1587
f 2277/1261/1585 2278/1262/1562 2279/1263/1584
f 2280/1264/1561 2279/1263/1584 2278/1262/1562
f 2279/1263/1584 2280/1264/1561 2281/1265/1583
f 2282/1266/1559 2281/1265/1583 2280/1264/1561
f 2281/1265/1583 2282/1266/1559 2283/1267/1582
f 2284/1268/1560 2283/1267/1582 2282/1266/1559
f 2271/1255/1589 2285/1269/1598 2269/1253/1590
f 2273/1257/1588 2286/1270/1608 2271/1255/1589
f 2285/1269/1598 2271/1255/1589 2286/1270/1608
f 2275/1259/1586 2287/1271/1606 2273/1257/1588
f 2286/1270/1608 2273/1257/1588 2287/1271/1606
f 2277/1261/1585 2288/1272/1593 2275/1259/1586
f 2287/1271/1606 2275/1259/1586 2288/1272/1593
f 2279/1263/1584 2289/1273/1594 2277/1261/1585
f 2288/1272/1593 2277/1261/1585 2289/1273/1594
f 2281/1265/1583 2290/1274/1595 2279/1263/1584
f 2289/1273/1594 2279/1263/1584 2290/1274/1595
f 2283/1267/1582 2291/1275/1596 2281/1265/1583
f 2290/1274/1595 2281/1265/1583 2291/1275/1596
f 2286/1270/1608 2292/1276/1607 2285/1269/1598
f 2293/1277/1609 2285/1269/1598 2292/1276/1607
f 2285/1269/1598 2293/1277/1609 2294/1278/1597
f 2294/1278/1597 2269/1253/1590 2285/1269/1598
f 2269/1253/1590 2294/1278/1597 2266/1250/1591
f 2295/1279/1599 2266/1250/1591 2294/1278/1597
f 2266/1250/1591 2295/1279/1599 2268/1252/1592
f 2296/1280/1600 2268/1252/1592 2295/1279/1599
f 2295/1279/1599 2297/1281/1611 2296/1280/1600
f 2298/1282/1612 2296/1280/1600 2297/1281/1611
f 2294/1278/1597 2299/1283/1610 2295/1279/1599
f 2297/1281/1611 2295/1279/1599 2299/1283/1610
f 2299/1283/1610 2294/1278/1597 2293/1277/1609
f 2288/1272/1593 2300/1284/1604 2287/1271/1606
f 2289/1273/1594 2301/1285/1603 2288/1272/1593
f 2300/1284/1604 2288/1272/1593 2301/1285/1603
f 2291/1275/1596 2302/1286/1602 2290/1274/1595
f 2292/1276/1607 2286/1270/1608 2303/1287/1605
f 2287/1271/1606 2303/1287/1605 2286/1270/1608
f 2303/1287/1605 2287/1271/1606 2300/1284/1604
f 2301/1285/1603 2289/1273/1594 2304/1288/1601
f 2290/1274/1595 2304/1288/1601 2289/1273/1594
f 2304/1288/1601 2290/1274/1595 2302/1286/1602
f 2307/1266/1580 2306/1265/1620 2305/1268/1560
f 2308/1267/1582 2305/1268/1560 2306/1265/1620
f 2306/1265/1620 2307/1266/1580 2309/1263/1619
f 2310/1289/1579 2309/1263/1619 2307/1266/1580
f 2309/1263/1619 2310/1289/1579 2311/1261/1618
f 2312/1262/1578 2311/1261/1618 2310/1289/1579
f 2311/1261/1618 2312/1262/1578 2313/1259/1617
f 2314/1260/1648 2313/1259/1617 2312/1262/1578
f 2313/1259/1617 2314/1260/1648 2315/1257/1616
f 2316/1258/1649 2315/1257/1616 2314/1260/1648
f 2315/1257/1616 2316/1258/1649 2317/1290/1615
f 2318/1256/1575 2317/1290/1615 2316/1258/1649
f 2317/1290/1615 2318/1256/1575 2319/1253/1614
f 2320/1291/1574 2319/1253/1614 2318/1256/1575
f 2319/1253/1614 2320/1291/1574 2321/1250/1613
f 2322/1249/1573 2321/1250/1613 2320/1291/1574
f 2321/1250/1613 2322/1249/1573 2323/1252/1592
f 2324/1251/1568 2323/1252/1592 2322/1249/1573
f 2311/1261/1618 2325/1272/1625 2309/1263/1619
f 2313/1259/1617 2326/1271/1633 2311/1261/1618
f 2325/1272/1625 2311/1261/1618 2326/1271/1633
f 2315/1257/1616 2327/1270/1631 2313/1259/1617
f 2326/1271/1633 2313/1259/1617 2327/1270/1631
f 2317/1290/1615 2328/1269/1621 2315/1257/1616
f 2327/1270/1631 2315/1257/1616 2328/1269/1621
f 2319/1253/1614 2329/1278/1622 2317/1290/1615
f 2328/1269/1621 2317/1290/1615 2329/1278/1622
f 2321/1250/1613 2330/1279/1623 2319/1253/1614
f 2329/1278/1622 2319/1253/1614 2330/1279/1623
f 2323/1252/1592 2331/1280/1600 2321/1250/1613
f 2330/1279/1623 2321/1250/1613 2331/1280/1600
f 2326/1271/1633 2332/1292/1643 2325/1272/1625
f 2333/1284/1634 2325/1272/1625 2332/1292/1643
f 2325/1272/1625 2333/1284/1634 2334/1293/1624
f 2334/1293/1624 2309/1263/1619 2325/1272/1625
f 2309/1263/1619 2334/1293/1624 2306/1265/1620
f 2335/1274/1652 2306/1265/1620 2334/1293/1624
f 2306/1265/1620 2335/1274/1652 2308/1267/1582
f 2336/1275/1596 2308/1267/1582 2335/1274/1652
f 2335/1274/1652 2337/1288/1636 2336/1275/1596
f 2338/1286/1602 2336/1275/1596 2337/1288/1636
f 2334/1293/1624 2339/1285/1635 2335/1274/1652
f 2337/1288/1636 2335/1274/1652 2339/1285/1635
f 2339/1285/1635 2334/1293/1624 2333/1284/1634
f 2328/1269/1621 2340/1294/1629 2327/1270/1631
f 2329/1278/1622 2341/1283/1653 2328/1269/1621
f 2340/1294/1629 2328/1269/1621 2341/1283/1653
f 2331/1280/1600 2342/1282/1612 2330/1279/1623
f 2332/1292/1643 2326/1271/1633 2343/1295/1642
f 2327/1270/1631 2343/1295/1642 2326/1271/1633
f 2343/1295/1642 2327/1270/1631 2340/1294/1629
f 2341/1283/1653 2329/1278/1622 2344/1281/1654
f 2330/1279/1623 2344/1281/1654 2329/1278/1622
f 2344/1281/1654 2330/1279/1623 2342/1282/1612
f 2347/1296/1655 2346/1297/519 2345/1298/1641
f 2348/1299/1610 2346/1297/519 2347/1296/1655
f 2349/1300/1609 2346/1297/519 2348/1299/1610
f 2350/1301/1640 2346/1297/519 2349/1300/1609
f 2351/1302/1605 2346/1297/519 2350/1301/1640
f 2352/1303/1604 2346/1297/519 2351/1302/1605
f 2353/1304/1639 2346/1297/519 2352/1303/1604
f 2354/1305/1637 2346/1297/519 2353/1304/1639
f 2355/1306/1638 2346/1297/519 2354/1305/1637
f 2356/1307/1644 2346/1297/519 2355/1306/1638
f 2357/1308/1635 2346/1297/519 2356/1307/1644
f 2358/1309/1634 2346/1297/519 2357/1308/1635
f 2359/1310/1643 2346/1297/519 2358/1309/1634
f 2360/1311/1630 2346/1297/519 2359/1310/1643
f 2361/1312/1629 2346/1297/519 2360/1311/1630
f 2362/1313/1628 2346/1297/519 2361/1312/1629
f 2363/1314/1627 2346/1297/519 2362/1313/1628
f 2345/1298/1641 2346/1297/519 2363/1314/1627
o Propeller10
v 0.045445 0.410226 1.086679
v 0.039162 0.422666 1.086761
v 0.045809 0.423388 1.085322
v 0.038818 0.410226 1.087927
v 0.038260 0.434800 1.084333
v 0.044851 0.436226 1.082636
v 0.036081 0.446328 1.080746
v 0.042534 0.448424 1.078737
v 0.032634 0.456968 1.076125
v 0.038867 0.459681 1.073759
v 0.027977 0.466456 1.070606
v 0.033909 0.469721 1.067851
v 0.022215 0.474560 1.064332
v 0.027771 0.478295 1.061166
v 0.015499 0.481080 1.057450
v 0.020615 0.485193 1.053861
v 0.008022 0.485856 1.050107
v 0.012649 0.490246 1.046090
v 0.000012 0.488769 1.042449
v 0.004117 0.493328 1.038005
v -0.008279 0.489748 1.034619
v -0.004710 0.494364 1.029756
v -0.016587 0.488769 1.026763
v -0.013548 0.493328 1.021491
v -0.024647 0.485856 1.019024
v -0.022110 0.490246 1.013358
v -0.032207 0.481080 1.011548
v -0.030125 0.485193 1.005509
v -0.039036 0.474560 1.004485
v -0.037347 0.478295 0.998098
v -0.044938 0.466456 0.997985
v -0.043567 0.469721 0.991281
v -0.049760 0.456968 0.992202
v -0.048622 0.459681 0.985217
v -0.053391 0.446328 0.987285
v -0.052397 0.448424 0.980066
v -0.055770 0.434799 0.983378
v -0.054831 0.436226 0.975978
v -0.056882 0.422666 0.980612
v -0.055912 0.423388 0.973094
v -0.056754 0.410226 0.979100
v -0.055675 0.410226 0.971534
v -0.026220 0.486644 0.999008
v -0.018062 0.491794 1.006958
v -0.009333 0.494936 1.015210
v -0.044958 0.460638 0.978530
v -0.039858 0.470872 0.984634
v -0.033556 0.479612 0.991514
v -0.052174 0.423643 0.966427
v -0.051151 0.436729 0.969279
v -0.048743 0.449163 0.973361
v -0.000311 0.495992 1.023612
v 0.008710 0.494936 1.032014
v 0.017439 0.491794 1.040267
v 0.025597 0.486644 1.048217
v 0.032933 0.479612 1.055711
v 0.039235 0.470872 1.062590
v 0.044335 0.460638 1.068695
v 0.048120 0.449163 1.073864
v 0.050528 0.436729 1.077945
v 0.051551 0.423643 1.080798
v 0.051227 0.410226 1.082299
v 0.040980 0.375641 1.086113
v 0.034403 0.375641 1.087108
v 0.046788 0.375641 1.081934
v 0.031194 0.314334 1.081386
v 0.024584 0.314334 1.081768
v 0.037165 0.314334 1.077660
v 0.021529 0.245986 1.075107
v 0.014889 0.245986 1.074798
v 0.027694 0.245986 1.071875
v 0.013275 0.178513 1.067862
v 0.006613 0.178513 1.066866
v 0.019644 0.178513 1.065108
v 0.006382 0.111914 1.059694
v -0.000295 0.111914 1.058014
v 0.012966 0.111914 1.057400
v 0.001088 0.019740 1.051188
v -0.005596 0.019740 1.048866
v 0.007885 0.019740 1.049312
v 0.008710 0.494936 1.032014
v -0.009333 0.494936 1.015210
v -0.051850 0.410226 0.964926
v -0.047411 0.375641 0.965291
v -0.051534 0.375641 0.971558
v -0.052938 0.375641 0.978958
v -0.042338 0.314334 0.975340
v -0.044182 0.314334 0.982594
v -0.037788 0.314334 0.969565
v -0.033329 0.245986 0.980566
v -0.035672 0.245986 0.987663
v -0.028317 0.245986 0.975350
v -0.025724 0.178513 0.986770
v -0.028565 0.178513 0.993718
v -0.020267 0.178513 0.982117
v -0.019470 0.111914 0.993911
v -0.022811 0.111914 1.000719
v -0.013589 0.111914 0.989825
v -0.014771 0.019740 1.001462
v -0.018584 0.019740 1.008145
v -0.008508 0.019740 0.997913
v 0.038818 0.410226 1.087927
v 0.038260 0.434800 1.084333
v 0.039162 0.422666 1.086761
v 0.036081 0.446328 1.080746
v 0.032634 0.456968 1.076125
v 0.027977 0.466456 1.070606
v 0.022215 0.474560 1.064332
v 0.015499 0.481080 1.057450
v 0.008022 0.485856 1.050107
v 0.000012 0.488769 1.042449
v -0.008279 0.489748 1.034619
v -0.016587 0.488769 1.026763
v -0.024647 0.485856 1.019024
v -0.032207 0.481080 1.011548
v -0.039036 0.474560 1.004485
v -0.044938 0.466456 0.997985
v -0.049760 0.456968 0.992202
v -0.053391 0.446328 0.987285
v -0.055770 0.434799 0.983378
v -0.056882 0.422666 0.980612
v -0.056754 0.410226 0.979100
v -0.052938 0.375641 0.978958
v 0.034403 0.375641 1.087108
v 0.024584 0.314334 1.081768
v -0.044182 0.314334 0.982594
v -0.035672 0.245986 0.987663
v 0.014889 0.245986 1.074798
v -0.028565 0.178513 0.993718
v 0.006613 0.178513 1.066866
v -0.022811 0.111914 1.000719
v -0.000295 0.111914 1.058014
v -0.018584 0.019740 1.008145
v -0.005596 0.019740 1.048866
v -0.046068 0.410226 0.960546
v -0.039785 0.422666 0.960464
v -0.046432 0.423388 0.961902
v -0.039441 0.410226 0.959298
v -0.038883 0.434800 0.962892
v -0.045474 0.436226 0.964588
v -0.036704 0.446328 0.966479
v -0.043157 0.448424 0.968488
v -0.033257 0.456968 0.971100
v -0.039490 0.459681 0.973466
v -0.028600 0.466456 0.976619
v -0.034532 0.469721 0.979374
v -0.022838 0.474560 0.982893
v -0.028394 0.478295 0.986059
v -0.016122 0.481080 0.989775
v -0.021238 0.485193 0.993364
v -0.008645 0.485856 0.997118
v -0.013272 0.490246 1.001135
v -0.000635 0.488769 1.004776
v -0.004740 0.493328 1.009220
v 0.007656 0.489748 1.012606
v 0.004087 0.494364 1.017469
v 0.015964 0.488769 1.020462
v 0.012925 0.493328 1.025734
v 0.024025 0.485856 1.028201
v 0.021487 0.490246 1.033867
v 0.031584 0.481080 1.035677
v 0.029502 0.485193 1.041716
v 0.038413 0.474560 1.042740
v 0.036724 0.478295 1.049127
v 0.044315 0.466456 1.049240
v 0.042944 0.469721 1.055944
v 0.049137 0.456968 1.055023
v 0.047999 0.459681 1.062008
v 0.052768 0.446328 1.059940
v 0.051774 0.448424 1.067159
v 0.055147 0.434799 1.063847
v 0.054208 0.436226 1.071247
v 0.056259 0.422666 1.066612
v 0.055289 0.423388 1.074131
v 0.056131 0.410226 1.068125
v 0.055052 0.410226 1.075691
v 0.025597 0.486644 1.048217
v 0.017439 0.491794 1.040267
v 0.008710 0.494936 1.032014
v 0.044335 0.460638 1.068695
v 0.039235 0.470872 1.062590
v 0.032933 0.479612 1.055711
v 0.051551 0.423643 1.080798
v 0.050528 0.436729 1.077945
v 0.048120 0.449163 1.073864
v -0.000311 0.495992 1.023612
v -0.009333 0.494936 1.015210
v -0.018062 0.491794 1.006958
v -0.026220 0.486644 0.999008
v -0.033556 0.479612 0.991514
v -0.039858 0.470872 0.984634
v -0.044958 0.460638 0.978530
v -0.048743 0.449163 0.973361
v -0.051151 0.436729 0.969279
v -0.052174 0.423643 0.966427
v -0.051850 0.410226 0.964926
v -0.041603 0.375641 0.961112
v -0.035026 0.375641 0.960117
v -0.047411 0.375641 0.965291
v -0.031817 0.314334 0.965839
v -0.025207 0.314334 0.965457
v -0.037788 0.314334 0.969565
v -0.022152 0.245986 0.972118
v -0.015512 0.245986 0.972427
v -0.028317 0.245986 0.975350
v -0.013898 0.178513 0.979363
v -0.007236 0.178513 0.980359
v -0.020267 0.178513 0.982117
v -0.007005 0.111914 0.987531
v -0.000328 0.111914 0.989211
v -0.013589 0.111914 0.989825
v -0.001710 0.019740 0.996037
v 0.004974 0.019740 0.998360
v -0.008508 0.019740 0.997913
v -0.009333 0.494936 1.015210
v 0.008710 0.494936 1.032014
v 0.051227 0.410226 1.082299
v 0.046788 0.375641 1.081934
v 0.050911 0.375641 1.075667
v 0.052315 0.375641 1.068267
v 0.041715 0.314334 1.071885
v 0.043559 0.314334 1.064631
v 0.037165 0.314334 1.077660
v 0.032706 0.245986 1.066659
v 0.035049 0.245986 1.059562
v 0.027694 0.245986 1.071875
v 0.025101 0.178513 1.060455
v 0.027942 0.178513 1.053507
v 0.019644 0.178513 1.065108
v 0.018847 0.111914 1.053314
v 0.022188 0.111914 1.046506
v 0.012966 0.111914 1.057400
v 0.014148 0.019740 1.045763
v 0.017961 0.019740 1.039081
v 0.007885 0.019740 1.049312
v -0.039441 0.410226 0.959298
v -0.038883 0.434800 0.962892
v -0.039785 0.422666 0.960464
v -0.036704 0.446328 0.966479
v -0.033257 0.456968 0.971100
v -0.028600 0.466456 0.976619
v -0.022838 0.474560 0.982893
v -0.016122 0.481080 0.989775
v -0.008645 0.485856 0.997118
v -0.000635 0.488769 1.004776
v 0.007656 0.489748 1.012606
v 0.015964 0.488769 1.020462
v 0.024025 0.485856 1.028201
v 0.031584 0.481080 1.035677
v 0.038413 0.474560 1.042740
v 0.044315 0.466456 1.049240
v 0.049137 0.456968 1.055023
v 0.052768 0.446328 1.059940
v 0.055147 0.434799 1.063847
v 0.056259 0.422666 1.066612
v 0.056131 0.410226 1.068125
v 0.052315 0.375641 1.068267
v -0.035026 0.375641 0.960117
v -0.025207 0.314334 0.965457
v 0.043559 0.314334 1.064631
v 0.035049 0.245986 1.059562
v -0.015512 0.245986 0.972427
v 0.027942 0.178513 1.053507
v -0.007236 0.178513 0.980359
v 0.022188 0.111914 1.046506
v -0.000328 0.111914 0.989211
v 0.017961 0.019740 1.039081
v 0.004974 0.019740 0.998360
v 0.498152 -0.133994 1.086679
v 0.510592 -0.127711 1.086761
v 0.511314 -0.134358 1.085322
v 0.498152 -0.127367 1.087927
v 0.522726 -0.126809 1.084333
v 0.524152 -0.133400 1.082636
v 0.534254 -0.124630 1.080746
v 0.536350 -0.131083 1.078737
v 0.544894 -0.121183 1.076125
v 0.547607 -0.127416 1.073759
v 0.554383 -0.116526 1.070606
v 0.557647 -0.122458 1.067851
v 0.562487 -0.110764 1.064332
v 0.566221 -0.116320 1.061166
v 0.569007 -0.104048 1.057450
v 0.573120 -0.109165 1.053861
v 0.573782 -0.096571 1.050107
v 0.578172 -0.101198 1.046090
v 0.576695 -0.088562 1.042449
v 0.581254 -0.092666 1.038005
v 0.577674 -0.080270 1.034619
v 0.582290 -0.083839 1.029756
v 0.576695 -0.071962 1.026763
v 0.581254 -0.075002 1.021491
v 0.573782 -0.063902 1.019023
v 0.578172 -0.066440 1.013358
v 0.569007 -0.056342 1.011548
v 0.573120 -0.058425 1.005509
v 0.562487 -0.049514 1.004484
v 0.566221 -0.051203 0.998098
v 0.554383 -0.043611 0.997985
v 0.557647 -0.044982 0.991280
v 0.544894 -0.038789 0.992202
v 0.547607 -0.039928 0.985217
v 0.534254 -0.035158 0.987285
v 0.536350 -0.036152 0.980066
v 0.522726 -0.032779 0.983378
v 0.524152 -0.033718 0.975978
v 0.510592 -0.031667 0.980612
v 0.511314 -0.032637 0.973094
v 0.498152 -0.031795 0.979100
v 0.498152 -0.032874 0.971534
v 0.574570 -0.062329 0.999008
v 0.579721 -0.070487 1.006958
v 0.582862 -0.079216 1.015210
v 0.548564 -0.043591 0.978530
v 0.558798 -0.048691 0.984634
v 0.567538 -0.054993 0.991513
v 0.511569 -0.036375 0.966427
v 0.524655 -0.037398 0.969279
v 0.537089 -0.039806 0.973361
v 0.583918 -0.088238 1.023612
v 0.582862 -0.097259 1.032014
v 0.579721 -0.105988 1.040267
v 0.574570 -0.114146 1.048217
v 0.567538 -0.121483 1.055711
v 0.558798 -0.127784 1.062590
v 0.548564 -0.132885 1.068694
v 0.537089 -0.136669 1.073864
v 0.524655 -0.139078 1.077945
v 0.511569 -0.140101 1.080798
v 0.498152 -0.139776 1.082299
v 0.463568 -0.129529 1.086113
v 0.463568 -0.122952 1.087108
v 0.463568 -0.135338 1.081934
v 0.402260 -0.119743 1.081386
v 0.402260 -0.113133 1.081767
v 0.402260 -0.125714 1.077660
v 0.333912 -0.110078 1.075106
v 0.333912 -0.103439 1.074798
v 0.333912 -0.116243 1.071875
v 0.266439 -0.101824 1.067862
v 0.266439 -0.095162 1.066866
v 0.266439 -0.108194 1.065108
v 0.199840 -0.094931 1.059694
v 0.199840 -0.088254 1.058014
v 0.199840 -0.101516 1.057400
v 0.107666 -0.089637 1.051188
v 0.107666 -0.082953 1.048866
v 0.107666 -0.096434 1.049312
v 0.582862 -0.097259 1.032014
v 0.582862 -0.079216 1.015210
v 0.498152 -0.036700 0.964926
v 0.463567 -0.041138 0.965291
v 0.463567 -0.037015 0.971558
v 0.463567 -0.035611 0.978958
v 0.402260 -0.046212 0.975340
v 0.402260 -0.044367 0.982594
v 0.402260 -0.050762 0.969565
v 0.333912 -0.055220 0.980566
v 0.333912 -0.052877 0.987663
v 0.333912 -0.060233 0.975350
v 0.266439 -0.062826 0.986770
v 0.266439 -0.059984 0.993718
v 0.266439 -0.068282 0.982117
v 0.199840 -0.069079 0.993911
v 0.199840 -0.065738 1.000719
v 0.199840 -0.074960 0.989825
v 0.107666 -0.073778 1.001462
v 0.107666 -0.069966 1.008145
v 0.107666 -0.080042 0.997913
v 0.498152 -0.127367 1.087927
v 0.522726 -0.126809 1.084333
v 0.510592 -0.127711 1.086761
v 0.534254 -0.124630 1.080746
v 0.544894 -0.121183 1.076125
v 0.554383 -0.116526 1.070606
v 0.562487 -0.110764 1.064332
v 0.569007 -0.104048 1.057450
v 0.573782 -0.096571 1.050107
v 0.576695 -0.088562 1.042449
v 0.577674 -0.080270 1.034619
v 0.576695 -0.071962 1.026763
v 0.573782 -0.063902 1.019023
v 0.569007 -0.056342 1.011548
v 0.562487 -0.049514 1.004484
v 0.554383 -0.043611 0.997985
v 0.544894 -0.038789 0.992202
v 0.534254 -0.035158 0.987285
v 0.522726 -0.032779 0.983378
v 0.510592 -0.031667 0.980612
v 0.498152 -0.031795 0.979100
v 0.463567 -0.035611 0.978958
v 0.463568 -0.122952 1.087108
v 0.402260 -0.113133 1.081767
v 0.402260 -0.044367 0.982594
v 0.333912 -0.052877 0.987663
v 0.333912 -0.103439 1.074798
v 0.266439 -0.059984 0.993718
v 0.266439 -0.095162 1.066866
v 0.199840 -0.065738 1.000719
v 0.199840 -0.088254 1.058014
v 0.107666 -0.069966 1.008145
v 0.107666 -0.082953 1.048866
v 0.498152 -0.042481 0.960546
v 0.510592 -0.048765 0.960464
v 0.511314 -0.042118 0.961902
v 0.498152 -0.049108 0.959297
v 0.522726 -0.049666 0.962892
v 0.524152 -0.043075 0.964588
v 0.534254 -0.051846 0.966478
v 0.536350 -0.045392 0.968488
v 0.544894 -0.055292 0.971099
v 0.547607 -0.049059 0.973466
v 0.554383 -0.059949 0.976619
v 0.557647 -0.054017 0.979374
v 0.562487 -0.065712 0.982893
v 0.566221 -0.060155 0.986059
v 0.569007 -0.072428 0.989775
v 0.573120 -0.067311 0.993364
v 0.573782 -0.079904 0.997118
v 0.578172 -0.075277 1.001135
v 0.576695 -0.087914 1.004776
v 0.581254 -0.083809 1.009220
v 0.577674 -0.096205 1.012605
v 0.582290 -0.092637 1.017469
v 0.576695 -0.104513 1.020462
v 0.581254 -0.101474 1.025734
v 0.573782 -0.112574 1.028201
v 0.578172 -0.110036 1.033866
v 0.569007 -0.120133 1.035677
v 0.573120 -0.118051 1.041715
v 0.562487 -0.126962 1.042740
v 0.566221 -0.125273 1.049127
v 0.554383 -0.132865 1.049240
v 0.557647 -0.131493 1.055944
v 0.544894 -0.137686 1.055023
v 0.547607 -0.136548 1.062008
v 0.534254 -0.141317 1.059940
v 0.536350 -0.140323 1.067159
v 0.522726 -0.143697 1.063847
v 0.524152 -0.142757 1.071247
v 0.510592 -0.144809 1.066612
v 0.511314 -0.143838 1.074131
v 0.498152 -0.144680 1.068125
v 0.498152 -0.143601 1.075691
v 0.574570 -0.114146 1.048217
v 0.579721 -0.105988 1.040267
v 0.582862 -0.097259 1.032014
v 0.548564 -0.132885 1.068694
v 0.558798 -0.127784 1.062590
v 0.567538 -0.121483 1.055711
v 0.511569 -0.140101 1.080798
v 0.524655 -0.139078 1.077945
v 0.537089 -0.136669 1.073864
v 0.583918 -0.088238 1.023612
v 0.582862 -0.079216 1.015210
v 0.579721 -0.070487 1.006958
v 0.574570 -0.062329 0.999008
v 0.567538 -0.054993 0.991513
v 0.558798 -0.048691 0.984634
v 0.548564 -0.043591 0.978530
v 0.537089 -0.039806 0.973361
v 0.524655 -0.037398 0.969279
v 0.511569 -0.036375 0.966427
v 0.498152 -0.036700 0.964926
v 0.463567 -0.046947 0.961112
v 0.463567 -0.053523 0.960117
v 0.463567 -0.041138 0.965291
v 0.402260 -0.056732 0.965839
v 0.402260 -0.063342 0.965457
v 0.402260 -0.050762 0.969565
v 0.333912 -0.066397 0.972118
v 0.333912 -0.073037 0.972427
v 0.333912 -0.060233 0.975350
v 0.266439 -0.074651 0.979362
v 0.266439 -0.081313 0.980359
v 0.266439 -0.068282 0.982117
v 0.199840 -0.081545 0.987531
v 0.199840 -0.088222 0.989211
v 0.199840 -0.074960 0.989825
v 0.107666 -0.086839 0.996037
v 0.107666 -0.093523 0.998360
v 0.107666 -0.080042 0.997913
v 0.582862 -0.079216 1.015210
v 0.582862 -0.097259 1.032014
v 0.498152 -0.139776 1.082299
v 0.463568 -0.135338 1.081934
v 0.463568 -0.139460 1.075667
v 0.463568 -0.140865 1.068267
v 0.402260 -0.130264 1.071885
v 0.402260 -0.132108 1.064631
v 0.402260 -0.125714 1.077660
v 0.333912 -0.121256 1.066659
v 0.333912 -0.123598 1.059562
v 0.333912 -0.116243 1.071875
v 0.266439 -0.113650 1.060455
v 0.266439 -0.116491 1.053506
v 0.266439 -0.108194 1.065108
v 0.199840 -0.107396 1.053314
v 0.199840 -0.110737 1.046506
v 0.199840 -0.101516 1.057400
v 0.107666 -0.102698 1.045763
v 0.107666 -0.106510 1.039081
v 0.107666 -0.096434 1.049312
v 0.498152 -0.049108 0.959297
v 0.522726 -0.049666 0.962892
v 0.510592 -0.048765 0.960464
v 0.534254 -0.051846 0.966478
v 0.544894 -0.055292 0.971099
v 0.554383 -0.059949 0.976619
v 0.562487 -0.065712 0.982893
v 0.569007 -0.072428 0.989775
v 0.573782 -0.079904 0.997118
v 0.576695 -0.087914 1.004776
v 0.577674 -0.096205 1.012605
v 0.576695 -0.104513 1.020462
v 0.573782 -0.112574 1.028201
v 0.569007 -0.120133 1.035677
v 0.562487 -0.126962 1.042740
v 0.554383 -0.132865 1.049240
v 0.544894 -0.137686 1.055023
v 0.534254 -0.141317 1.059940
v 0.522726 -0.143697 1.063847
v 0.510592 -0.144809 1.066612
v 0.498152 -0.144680 1.068125
v 0.463568 -0.140865 1.068267
v 0.463567 -0.053523 0.960117
v 0.402260 -0.063342 0.965457
v 0.402260 -0.132108 1.064631
v 0.333912 -0.123598 1.059562
v 0.333912 -0.073037 0.972427
v 0.266439 -0.116491 1.053506
v 0.266439 -0.081313 0.980359
v 0.199840 -0.110737 1.046506
v 0.199840 -0.088222 0.989211
v 0.107666 -0.106510 1.039081
v 0.107666 -0.093523 0.998360
v -0.046068 -0.586701 1.086679
v -0.039785 -0.599141 1.086761
v -0.046432 -0.599863 1.085323
v -0.039441 -0.586701 1.087927
v -0.038883 -0.611275 1.084333
v -0.045474 -0.612701 1.082637
v -0.036704 -0.622804 1.080746
v -0.043157 -0.624899 1.078737
v -0.033257 -0.633443 1.076125
v -0.039490 -0.636156 1.073759
v -0.028600 -0.642932 1.070606
v -0.034532 -0.646196 1.067851
v -0.022838 -0.651036 1.064332
v -0.028394 -0.654770 1.061166
v -0.016122 -0.657556 1.057450
v -0.021239 -0.661669 1.053861
v -0.008645 -0.662331 1.050107
v -0.013272 -0.666721 1.046090
v -0.000636 -0.665244 1.042449
v -0.004740 -0.669804 1.038005
v 0.007656 -0.666223 1.034620
v 0.004087 -0.670839 1.029756
v 0.015964 -0.665244 1.026763
v 0.012924 -0.669804 1.021491
v 0.024024 -0.662331 1.019024
v 0.021486 -0.666721 1.013358
v 0.031584 -0.657556 1.011548
v 0.029501 -0.661669 1.005509
v 0.038413 -0.651036 1.004485
v 0.036723 -0.654770 0.998098
v 0.044315 -0.642932 0.997985
v 0.042944 -0.646196 0.991281
v 0.049137 -0.633443 0.992202
v 0.047998 -0.636156 0.985217
v 0.052768 -0.622803 0.987285
v 0.051774 -0.624899 0.980066
v 0.055147 -0.611275 0.983378
v 0.054208 -0.612701 0.975978
v 0.056259 -0.599141 0.980613
v 0.055289 -0.599863 0.973094
v 0.056131 -0.586701 0.979100
v 0.055052 -0.586701 0.971534
v 0.025597 -0.663120 0.999008
v 0.017439 -0.668270 1.006958
v 0.008710 -0.671412 1.015211
v 0.044335 -0.637113 0.978530
v 0.039235 -0.647347 0.984635
v 0.032933 -0.656088 0.991514
v 0.051551 -0.600118 0.966427
v 0.050528 -0.613204 0.969279
v 0.048120 -0.625638 0.973361
v -0.000312 -0.672468 1.023613
v -0.009333 -0.671412 1.032015
v -0.018062 -0.668270 1.040267
v -0.026220 -0.663120 1.048217
v -0.033557 -0.656088 1.055712
v -0.039858 -0.647347 1.062591
v -0.044958 -0.637113 1.068695
v -0.048743 -0.625638 1.073864
v -0.051152 -0.613204 1.077946
v -0.052174 -0.600118 1.080798
v -0.051850 -0.586701 1.082299
v -0.041603 -0.552117 1.086113
v -0.035026 -0.552117 1.087108
v -0.047411 -0.552117 1.081934
v -0.031817 -0.490809 1.081386
v -0.025207 -0.490809 1.081768
v -0.037788 -0.490809 1.077660
v -0.022152 -0.422462 1.075107
v -0.015512 -0.422462 1.074798
v -0.028317 -0.422462 1.071875
v -0.013898 -0.354989 1.067863
v -0.007236 -0.354989 1.066866
v -0.020267 -0.354989 1.065108
v -0.007005 -0.288389 1.059694
v -0.000328 -0.288389 1.058014
v -0.013589 -0.288389 1.057400
v -0.001711 -0.196215 1.051188
v 0.004973 -0.196215 1.048866
v -0.008508 -0.196215 1.049312
v -0.009333 -0.671412 1.032015
v 0.008710 -0.671412 1.015211
v 0.051227 -0.586701 0.964926
v 0.046788 -0.552117 0.965291
v 0.050911 -0.552117 0.971558
v 0.052315 -0.552117 0.978958
v 0.041714 -0.490809 0.975340
v 0.043559 -0.490809 0.982594
v 0.037165 -0.490809 0.969565
v 0.032706 -0.422462 0.980566
v 0.035049 -0.422462 0.987663
v 0.027693 -0.422462 0.975350
v 0.025100 -0.354989 0.986770
v 0.027942 -0.354989 0.993719
v 0.019644 -0.354989 0.982117
v 0.018847 -0.288389 0.993911
v 0.022188 -0.288389 1.000719
v 0.012966 -0.288389 0.989825
v 0.014148 -0.196215 1.001462
v 0.017960 -0.196215 1.008145
v 0.007885 -0.196215 0.997913
v -0.039441 -0.586701 1.087927
v -0.038883 -0.611275 1.084333
v -0.039785 -0.599141 1.086761
v -0.036704 -0.622804 1.080746
v -0.033257 -0.633443 1.076125
v -0.028600 -0.642932 1.070606
v -0.022838 -0.651036 1.064332
v -0.016122 -0.657556 1.057450
v -0.008645 -0.662331 1.050107
v -0.000636 -0.665244 1.042449
v 0.007656 -0.666223 1.034620
v 0.015964 -0.665244 1.026763
v 0.024024 -0.662331 1.019024
v 0.031584 -0.657556 1.011548
v 0.038413 -0.651036 1.004485
v 0.044315 -0.642932 0.997985
v 0.049137 -0.633443 0.992202
v 0.052768 -0.622803 0.987285
v 0.055147 -0.611275 0.983378
v 0.056259 -0.599141 0.980613
v 0.056131 -0.586701 0.979100
v 0.052315 -0.552117 0.978958
v -0.035026 -0.552117 1.087108
v -0.025207 -0.490809 1.081768
v 0.043559 -0.490809 0.982594
v 0.035049 -0.422462 0.987663
v -0.015512 -0.422462 1.074798
v 0.027942 -0.354989 0.993719
v -0.007236 -0.354989 1.066866
v 0.022188 -0.288389 1.000719
v -0.000328 -0.288389 1.058014
v 0.017960 -0.196215 1.008145
v 0.004973 -0.196215 1.048866
v 0.045445 -0.586701 0.960546
v 0.039162 -0.599141 0.960464
v 0.045808 -0.599863 0.961903
v 0.038818 -0.586701 0.959298
v 0.038260 -0.611275 0.962892
v 0.044851 -0.612702 0.964588
v 0.036081 -0.622804 0.966479
v 0.042534 -0.624899 0.968488
v 0.032634 -0.633443 0.971100
v 0.038867 -0.636156 0.973466
v 0.027977 -0.642932 0.976619
v 0.033909 -0.646196 0.979374
v 0.022215 -0.651036 0.982893
v 0.027771 -0.654770 0.986059
v 0.015499 -0.657556 0.989775
v 0.020615 -0.661669 0.993364
v 0.008022 -0.662331 0.997118
v 0.012649 -0.666721 1.001135
v 0.000012 -0.665244 1.004776
v 0.004117 -0.669804 1.009220
v -0.008279 -0.666223 1.012606
v -0.004711 -0.670839 1.017469
v -0.016587 -0.665244 1.020462
v -0.013548 -0.669804 1.025734
v -0.024648 -0.662331 1.028201
v -0.022110 -0.666721 1.033867
v -0.032207 -0.657556 1.035677
v -0.030125 -0.661669 1.041716
v -0.039036 -0.651036 1.042740
v -0.037347 -0.654770 1.049127
v -0.044939 -0.642932 1.049240
v -0.043567 -0.646196 1.055944
v -0.049760 -0.633443 1.055023
v -0.048622 -0.636156 1.062008
v -0.053391 -0.622804 1.059940
v -0.052397 -0.624899 1.067159
v -0.055770 -0.611275 1.063847
v -0.054831 -0.612701 1.071247
v -0.056882 -0.599141 1.066613
v -0.055912 -0.599863 1.074131
v -0.056754 -0.586701 1.068125
v -0.055675 -0.586701 1.075691
v -0.026220 -0.663120 1.048217
v -0.018062 -0.668270 1.040267
v -0.009333 -0.671412 1.032015
v -0.044958 -0.637113 1.068695
v -0.039858 -0.647347 1.062591
v -0.033557 -0.656088 1.055712
v -0.052174 -0.600118 1.080798
v -0.051152 -0.613204 1.077946
v -0.048743 -0.625638 1.073864
v -0.000312 -0.672468 1.023613
v 0.008710 -0.671412 1.015211
v 0.017439 -0.668270 1.006958
v 0.025597 -0.663120 0.999008
v 0.032933 -0.656088 0.991514
v 0.039235 -0.647347 0.984635
v 0.044335 -0.637113 0.978530
v 0.048120 -0.625638 0.973361
v 0.050528 -0.613204 0.969279
v 0.051551 -0.600118 0.966427
v 0.051227 -0.586701 0.964926
v 0.040979 -0.552117 0.961112
v 0.034403 -0.552117 0.960117
v 0.046788 -0.552117 0.965291
v 0.031194 -0.490809 0.965839
v 0.024584 -0.490809 0.965458
v 0.037165 -0.490809 0.969565
v 0.021529 -0.422462 0.972118
v 0.014889 -0.422462 0.972427
v 0.027693 -0.422462 0.975350
v 0.013275 -0.354989 0.979363
v 0.006613 -0.354989 0.980359
v 0.019644 -0.354989 0.982117
v 0.006381 -0.288389 0.987531
v -0.000295 -0.288389 0.989212
v 0.012966 -0.288389 0.989825
v 0.001087 -0.196215 0.996037
v -0.005597 -0.196215 0.998360
v 0.007885 -0.196215 0.997913
v 0.008710 -0.671412 1.015211
v -0.009333 -0.671412 1.032015
v -0.051850 -0.586701 1.082299
v -0.047411 -0.552117 1.081934
v -0.051534 -0.552117 1.075667
v -0.052939 -0.552117 1.068267
v -0.042338 -0.490809 1.071885
v -0.044182 -0.490809 1.064631
v -0.037788 -0.490809 1.077660
v -0.033330 -0.422462 1.066659
v -0.035672 -0.422462 1.059562
v -0.028317 -0.422462 1.071875
v -0.025724 -0.354989 1.060455
v -0.028565 -0.354989 1.053507
v -0.020267 -0.354989 1.065108
v -0.019470 -0.288389 1.053314
v -0.022811 -0.288389 1.046506
v -0.013589 -0.288389 1.057400
v -0.014772 -0.196215 1.045763
v -0.018584 -0.196215 1.039081
v -0.008508 -0.196215 1.049312
v 0.038818 -0.586701 0.959298
v 0.038260 -0.611275 0.962892
v 0.039162 -0.599141 0.960464
v 0.036081 -0.622804 0.966479
v 0.032634 -0.633443 0.971100
v 0.027977 -0.642932 0.976619
v 0.022215 -0.651036 0.982893
v 0.015499 -0.657556 0.989775
v 0.008022 -0.662331 0.997118
v 0.000012 -0.665244 1.004776
v -0.008279 -0.666223 1.012606
v -0.016587 -0.665244 1.020462
v -0.024648 -0.662331 1.028201
v -0.032207 -0.657556 1.035677
v -0.039036 -0.651036 1.042740
v -0.044939 -0.642932 1.049240
v -0.049760 -0.633443 1.055023
v -0.053391 -0.622804 1.059940
v -0.055770 -0.611275 1.063847
v -0.056882 -0.599141 1.066613
v -0.056754 -0.586701 1.068125
v -0.052939 -0.552117 1.068267
v 0.034403 -0.552117 0.960117
v 0.024584 -0.490809 0.965458
v -0.044182 -0.490809 1.064631
v -0.035672 -0.422462 1.059562
v 0.014889 -0.422462 0.972427
v -0.028565 -0.354989 1.053507
v 0.006613 -0.354989 0.980359
v -0.022811 -0.288389 1.046506
v -0.000295 -0.288389 0.989212
v -0.018584 -0.196215 1.039081
v -0.005597 -0.196215 0.998360
v -0.498775 -0.042481 1.086679
v -0.511215 -0.048764 1.086761
v -0.511937 -0.042118 1.085323
v -0.498775 -0.049108 1.087928
v -0.523349 -0.049666 1.084333
v -0.524775 -0.043075 1.082637
v -0.534877 -0.051845 1.080746
v -0.536973 -0.045392 1.078737
v -0.545517 -0.055292 1.076126
v -0.548230 -0.049059 1.073759
v -0.555006 -0.059949 1.070606
v -0.558270 -0.054017 1.067851
v -0.563110 -0.065711 1.064332
v -0.566844 -0.060155 1.061166
v -0.569630 -0.072427 1.057450
v -0.573743 -0.067311 1.053861
v -0.574405 -0.079904 1.050107
v -0.578795 -0.075277 1.046090
v -0.577318 -0.087914 1.042449
v -0.581877 -0.083809 1.038005
v -0.578297 -0.096205 1.034620
v -0.582913 -0.092637 1.029756
v -0.577318 -0.104513 1.026763
v -0.581877 -0.101474 1.021491
v -0.574405 -0.112574 1.019024
v -0.578795 -0.110036 1.013359
v -0.569630 -0.120133 1.011548
v -0.573743 -0.118051 1.005509
v -0.563110 -0.126962 1.004485
v -0.566844 -0.125273 0.998098
v -0.555005 -0.132865 0.997985
v -0.558270 -0.131493 0.991281
v -0.545517 -0.137686 0.992202
v -0.548230 -0.136548 0.985217
v -0.534877 -0.141317 0.987285
v -0.536973 -0.140323 0.980066
v -0.523349 -0.143697 0.983378
v -0.524775 -0.142757 0.975978
v -0.511215 -0.144808 0.980613
v -0.511937 -0.143838 0.973094
v -0.498775 -0.144680 0.979100
v -0.498775 -0.143601 0.971535
v -0.575193 -0.114146 0.999008
v -0.580344 -0.105988 1.006958
v -0.583485 -0.097259 1.015211
v -0.549187 -0.132884 0.978531
v -0.559421 -0.127784 0.984635
v -0.568161 -0.121483 0.991514
v -0.512192 -0.140100 0.966427
v -0.525278 -0.139078 0.969280
v -0.537712 -0.136669 0.973361
v -0.584541 -0.088238 1.023613
v -0.583485 -0.079216 1.032015
v -0.580344 -0.070487 1.040267
v -0.575193 -0.062329 1.048217
v -0.568161 -0.054993 1.055712
v -0.559421 -0.048691 1.062591
v -0.549187 -0.043591 1.068695
v -0.537712 -0.039806 1.073864
v -0.525278 -0.037398 1.077946
v -0.512192 -0.036375 1.080798
v -0.498775 -0.036699 1.082299
v -0.464191 -0.046947 1.086113
v -0.464191 -0.053523 1.087108
v -0.464191 -0.041138 1.081934
v -0.402883 -0.056732 1.081386
v -0.402883 -0.063342 1.081768
v -0.402883 -0.050761 1.077661
v -0.334535 -0.066397 1.075107
v -0.334535 -0.073037 1.074798
v -0.334535 -0.060233 1.071875
v -0.267062 -0.074651 1.067863
v -0.267062 -0.081313 1.066866
v -0.267062 -0.068282 1.065108
v -0.200463 -0.081545 1.059694
v -0.200463 -0.088221 1.058014
v -0.200463 -0.074960 1.057400
v -0.108289 -0.086839 1.051188
v -0.108289 -0.093523 1.048866
v -0.108289 -0.080041 1.049312
v -0.583485 -0.079216 1.032015
v -0.583485 -0.097259 1.015211
v -0.498775 -0.139776 0.964926
v -0.464191 -0.135337 0.965291
v -0.464191 -0.139460 0.971558
v -0.464191 -0.140865 0.978958
v -0.402883 -0.130264 0.975340
v -0.402883 -0.132108 0.982594
v -0.402883 -0.125714 0.969565
v -0.334535 -0.121256 0.980566
v -0.334535 -0.123598 0.987663
v -0.334535 -0.116243 0.975350
v -0.267062 -0.113650 0.986770
v -0.267062 -0.116491 0.993719
v -0.267062 -0.108193 0.982117
v -0.200463 -0.107396 0.993911
v -0.200463 -0.110737 1.000719
v -0.200463 -0.101516 0.989825
v -0.108289 -0.102697 1.001462
v -0.108289 -0.106510 1.008145
v -0.108289 -0.096434 0.997913
v -0.498775 -0.049108 1.087928
v -0.523349 -0.049666 1.084333
v -0.511215 -0.048764 1.086761
v -0.534877 -0.051845 1.080746
v -0.545517 -0.055292 1.076126
v -0.555006 -0.059949 1.070606
v -0.563110 -0.065711 1.064332
v -0.569630 -0.072427 1.057450
v -0.574405 -0.079904 1.050107
v -0.577318 -0.087914 1.042449
v -0.578297 -0.096205 1.034620
v -0.577318 -0.104513 1.026763
v -0.574405 -0.112574 1.019024
v -0.569630 -0.120133 1.011548
v -0.563110 -0.126962 1.004485
v -0.555005 -0.132865 0.997985
v -0.545517 -0.137686 0.992202
v -0.534877 -0.141317 0.987285
v -0.523349 -0.143697 0.983378
v -0.511215 -0.144808 0.980613
v -0.498775 -0.144680 0.979100
v -0.464191 -0.140865 0.978958
v -0.464191 -0.053523 1.087108
v -0.402883 -0.063342 1.081768
v -0.402883 -0.132108 0.982594
v -0.334535 -0.123598 0.987663
v -0.334535 -0.073037 1.074798
v -0.267062 -0.116491 0.993719
v -0.267062 -0.081313 1.066866
v -0.200463 -0.110737 1.000719
v -0.200463 -0.088221 1.058014
v -0.108289 -0.106510 1.008145
v -0.108289 -0.093523 1.048866
v -0.498775 -0.133994 0.960546
v -0.511215 -0.127711 0.960464
v -0.511937 -0.134358 0.961903
v -0.498775 -0.127367 0.959298
v -0.523349 -0.126809 0.962892
v -0.524775 -0.133400 0.964589
v -0.534877 -0.124630 0.966479
v -0.536973 -0.131083 0.968488
v -0.545517 -0.121183 0.971100
v -0.548230 -0.127416 0.973466
v -0.555006 -0.116526 0.976619
v -0.558270 -0.122458 0.979374
v -0.563110 -0.110764 0.982893
v -0.566844 -0.116320 0.986059
v -0.569630 -0.104048 0.989775
v -0.573743 -0.109165 0.993364
v -0.574405 -0.096571 0.997118
v -0.578795 -0.101198 1.001135
v -0.577318 -0.088562 1.004776
v -0.581877 -0.092666 1.009220
v -0.578297 -0.080270 1.012606
v -0.582913 -0.083839 1.017469
v -0.577318 -0.071962 1.020462
v -0.581877 -0.075002 1.025734
v -0.574405 -0.063902 1.028201
v -0.578795 -0.066440 1.033867
v -0.569630 -0.056342 1.035677
v -0.573743 -0.058425 1.041716
v -0.563110 -0.049513 1.042740
v -0.566844 -0.051203 1.049127
v -0.555006 -0.043611 1.049240
v -0.558270 -0.044982 1.055944
v -0.545517 -0.038789 1.055023
v -0.548230 -0.039928 1.062008
v -0.534877 -0.035158 1.059940
v -0.536973 -0.036152 1.067159
v -0.523349 -0.032779 1.063847
v -0.524775 -0.033718 1.071247
v -0.511215 -0.031667 1.066613
v -0.511937 -0.032637 1.074131
v -0.498775 -0.031795 1.068125
v -0.498775 -0.032874 1.075691
v -0.575193 -0.062329 1.048217
v -0.580344 -0.070487 1.040267
v -0.583485 -0.079216 1.032015
v -0.549187 -0.043591 1.068695
v -0.559421 -0.048691 1.062591
v -0.568161 -0.054993 1.055712
v -0.512192 -0.036375 1.080798
v -0.525278 -0.037398 1.077946
v -0.537712 -0.039806 1.073864
v -0.584541 -0.088238 1.023613
v -0.583485 -0.097259 1.015211
v -0.580344 -0.105988 1.006958
v -0.575193 -0.114146 0.999008
v -0.568161 -0.121483 0.991514
v -0.559421 -0.127784 0.984635
v -0.549187 -0.132884 0.978531
v -0.537712 -0.136669 0.973361
v -0.525278 -0.139078 0.969280
v -0.512192 -0.140100 0.966427
v -0.498775 -0.139776 0.964926
v -0.464191 -0.129529 0.961112
v -0.464191 -0.122952 0.960117
v -0.464191 -0.135337 0.965291
v -0.402883 -0.119743 0.965839
v -0.402883 -0.113133 0.965458
v -0.402883 -0.125714 0.969565
v -0.334535 -0.110078 0.972119
v -0.334535 -0.103438 0.972428
v -0.334535 -0.116243 0.975350
v -0.267062 -0.101824 0.979363
v -0.267062 -0.095162 0.980359
v -0.267062 -0.108193 0.982117
v -0.200463 -0.094931 0.987531
v -0.200463 -0.088254 0.989212
v -0.200463 -0.101516 0.989825
v -0.108289 -0.089637 0.996037
v -0.108289 -0.082953 0.998360
v -0.108289 -0.096434 0.997913
v -0.583485 -0.097259 1.015211
v -0.583485 -0.079216 1.032015
v -0.498775 -0.036699 1.082299
v -0.464191 -0.041138 1.081934
v -0.464191 -0.037015 1.075667
v -0.464191 -0.035611 1.068267
v -0.402883 -0.046212 1.071885
v -0.402883 -0.044367 1.064631
v -0.402883 -0.050761 1.077661
v -0.334535 -0.055220 1.066659
v -0.334535 -0.052877 1.059562
v -0.334535 -0.060233 1.071875
v -0.267062 -0.062826 1.060455
v -0.267062 -0.059984 1.053507
v -0.267062 -0.068282 1.065108
v -0.200463 -0.069079 1.053314
v -0.200463 -0.065738 1.046506
v -0.200463 -0.074960 1.057400
v -0.108289 -0.073778 1.045763
v -0.108289 -0.069966 1.039081
v -0.108289 -0.080041 1.049312
v -0.498775 -0.127367 0.959298
v -0.523349 -0.126809 0.962892
v -0.511215 -0.127711 0.960464
v -0.534877 -0.124630 0.966479
v -0.545517 -0.121183 0.971100
v -0.555006 -0.116526 0.976619
v -0.563110 -0.110764 0.982893
v -0.569630 -0.104048 0.989775
v -0.574405 -0.096571 0.997118
v -0.577318 -0.088562 1.004776
v -0.578297 -0.080270 1.012606
v -0.577318 -0.071962 1.020462
v -0.574405 -0.063902 1.028201
v -0.569630 -0.056342 1.035677
v -0.563110 -0.049513 1.042740
v -0.555006 -0.043611 1.049240
v -0.545517 -0.038789 1.055023
v -0.534877 -0.035158 1.059940
v -0.523349 -0.032779 1.063847
v -0.511215 -0.031667 1.066613
v -0.498775 -0.031795 1.068125
v -0.464191 -0.035611 1.068267
v -0.464191 -0.122952 0.960117
v -0.402883 -0.113133 0.965458
v -0.402883 -0.044367 1.064631
v -0.334535 -0.052877 1.059562
v -0.334535 -0.103438 0.972428
v -0.267062 -0.059984 1.053507
v -0.267062 -0.095162 0.980359
v -0.200463 -0.065738 1.046506
v -0.200463 -0.088254 0.989212
v -0.108289 -0.069966 1.039081
v -0.108289 -0.082953 0.998360
v -0.000316 -0.088250 1.196082
v -0.003346 -0.072822 1.191841
v -0.000316 -0.072520 1.191841
v -0.006261 -0.073717 1.191841
v -0.008947 -0.075171 1.191841
v -0.011301 -0.077127 1.191841
v -0.013233 -0.079511 1.191841
v -0.014668 -0.082230 1.191841
v -0.015552 -0.085181 1.191841
v -0.015851 -0.088250 1.191841
v -0.015552 -0.091319 1.191841
v -0.014668 -0.094270 1.191841
v -0.013233 -0.096989 1.191841
v -0.011301 -0.099373 1.191841
v -0.008947 -0.101329 1.191841
v -0.006261 -0.102783 1.191841
v -0.003346 -0.103678 1.191841
v -0.006270 -0.057939 1.181388
v -0.011996 -0.059698 1.181388
v -0.087487 0.124840 0.919130
v -0.044755 0.137966 0.919130
v -0.000316 -0.057345 1.181388
v -0.000316 0.142397 0.919130
v -0.126869 0.103526 0.919129
v -0.017273 -0.062554 1.181388
v -0.161388 0.074842 0.919129
v -0.021898 -0.066397 1.181388
v -0.189716 0.039891 0.919129
v -0.025694 -0.071080 1.181388
v -0.210766 0.000015 0.919130
v -0.028514 -0.076423 1.181388
v -0.223729 -0.043253 0.919130
v -0.030251 -0.082221 1.181388
v -0.228106 -0.088250 0.919130
v -0.030837 -0.088250 1.181388
v -0.223729 -0.133247 0.919130
v -0.030251 -0.094279 1.181388
v -0.210766 -0.176515 0.919130
v -0.028514 -0.100077 1.181388
v -0.189716 -0.216391 0.919130
v -0.025694 -0.105420 1.181388
v -0.161387 -0.251343 0.919130
v -0.021898 -0.110103 1.181388
v -0.126869 -0.280027 0.919130
v -0.017273 -0.113946 1.181388
v -0.087487 -0.301341 0.919130
v -0.011996 -0.116802 1.181388
v -0.044755 -0.314466 0.919130
v -0.006270 -0.118561 1.181388
v -0.000315 -0.318898 0.919130
v -0.000316 -0.119155 1.181388
v -0.000316 -0.103980 1.191841
v -0.000316 -0.088250 1.196082
v 0.002715 -0.103678 1.191841
v -0.000316 -0.103980 1.191841
v 0.005629 -0.102783 1.191841
v 0.008315 -0.101329 1.191841
v 0.010669 -0.099373 1.191841
v 0.012601 -0.096989 1.191841
v 0.014037 -0.094270 1.191841
v 0.014921 -0.091319 1.191841
v 0.015220 -0.088250 1.191841
v 0.014921 -0.085181 1.191841
v 0.014037 -0.082230 1.191841
v 0.012601 -0.079511 1.191841
v 0.010669 -0.077127 1.191841
v 0.008315 -0.075171 1.191841
v 0.005629 -0.073717 1.191841
v 0.002715 -0.072822 1.191841
v 0.005639 -0.118561 1.181388
v 0.011365 -0.116802 1.181388
v 0.086856 -0.301341 0.919130
v 0.044124 -0.314466 0.919130
v -0.000316 -0.119155 1.181388
v -0.000315 -0.318898 0.919130
v 0.126238 -0.280026 0.919130
v 0.016641 -0.113946 1.181388
v 0.160756 -0.251342 0.919130
v 0.021267 -0.110103 1.181388
v 0.189085 -0.216391 0.919130
v 0.025062 -0.105420 1.181388
v 0.210135 -0.176515 0.919130
v 0.027883 -0.100077 1.181388
v 0.223098 -0.133247 0.919130
v 0.029620 -0.094279 1.181388
v 0.227474 -0.088250 0.919130
v 0.030206 -0.088250 1.181388
v 0.223097 -0.043253 0.919130
v 0.029620 -0.082221 1.181388
v 0.210135 0.000015 0.919130
v 0.027883 -0.076423 1.181388
v 0.189085 0.039891 0.919130
v 0.025062 -0.071080 1.181388
v 0.160756 0.074843 0.919130
v 0.021266 -0.066397 1.181388
v 0.126237 0.103527 0.919130
v 0.016641 -0.062554 1.181388
v 0.086855 0.124841 0.919130
v 0.011364 -0.059698 1.181388
v 0.044123 0.137966 0.919130
v 0.005639 -0.057939 1.181388
v -0.000316 -0.057345 1.181388
v -0.000316 0.142397 0.919130
v -0.000316 -0.072520 1.191841
vn 0.4152 0.1489 0.8975
vn 0.1914 0.1456 0.9707
vn 0.4084 0.0041 0.9128
vn 0.1851 0.0165 0.9826
vn 0.1841 0.2628 0.9471
vn 0.4048 0.2819 0.8699
vn 0.1597 0.3755 0.9130
vn 0.3758 0.4106 0.8308
vn 0.1182 0.4809 0.8688
vn 0.3279 0.5321 0.7806
vn 0.0599 0.5760 0.8153
vn 0.2610 0.6429 0.7201
vn -0.0140 0.6576 0.7533
vn 0.1764 0.7392 0.6500
vn -0.1015 0.7224 0.6839
vn 0.0759 0.8169 0.5718
vn -0.1998 0.7679 0.6087
vn -0.0370 0.8726 0.4871
vn -0.3055 0.7917 0.5291
vn -0.1586 0.9037 0.3977
vn -0.4145 0.7928 0.4469
vn -0.2842 0.9087 0.3058
vn -0.5227 0.7709 0.3640
vn -0.4088 0.8874 0.2132
vn -0.6257 0.7273 0.2821
vn -0.5276 0.8406 0.1223
vn -0.7198 0.6638 0.2032
vn -0.6361 0.7708 0.0350
vn -0.8017 0.5836 0.1290
vn -0.7307 0.6812 -0.0464
vn -0.8693 0.4904 0.0614
vn -0.8085 0.5760 -0.1202
vn -0.9216 0.3882 0.0016
vn -0.8686 0.4599 -0.1846
vn -0.9586 0.2805 -0.0491
vn -0.9107 0.3371 -0.2385
vn -0.9813 0.1705 -0.0898
vn -0.9361 0.2113 -0.2812
vn -0.9910 0.0605 -0.1198
vn -0.9462 0.0851 -0.3121
vn -0.9884 -0.0552 -0.1416
vn -0.9421 -0.0487 -0.3318
vn -0.3948 0.8719 -0.2898
vn -0.2721 0.9419 -0.1972
vn -0.1388 0.9853 -0.0998
vn -0.6620 0.5418 -0.5179
vn -0.5922 0.6672 -0.4519
vn -0.5025 0.7788 -0.3753
vn -0.7534 0.1265 -0.6453
vn -0.7416 0.2679 -0.6150
vn -0.7116 0.4073 -0.5725
vn -0.0000 1.0000 -0.0000
vn 0.1388 0.9853 0.0998
vn 0.2721 0.9419 0.1972
vn 0.3948 0.8719 0.2898
vn 0.5026 0.7788 0.3753
vn 0.5922 0.6672 0.4519
vn 0.6620 0.5418 0.5179
vn 0.7116 0.4073 0.5725
vn 0.7416 0.2679 0.6150
vn 0.7534 0.1265 0.6453
vn 0.7486 -0.0257 0.6626
vn 0.3751 -0.0937 0.9222
vn 0.1483 -0.0708 0.9864
vn 0.7162 -0.1264 0.6864
vn 0.2986 -0.1254 0.9461
vn 0.0542 -0.0976 0.9938
vn 0.6605 -0.1538 0.7349
vn 0.2126 -0.1251 0.9691
vn -0.0494 -0.0981 0.9939
vn 0.5949 -0.1492 0.7898
vn 0.1263 -0.1279 0.9837
vn -0.1503 -0.1018 0.9834
vn 0.5244 -0.1476 0.8386
vn 0.0410 -0.1126 0.9928
vn -0.2452 -0.0882 0.9654
vn 0.4512 -0.1257 0.8835
vn -0.0403 -0.0905 0.9951
vn -0.3273 -0.0747 0.9420
vn 0.3814 -0.0983 0.9192
vn -0.7486 -0.0257 -0.6626
vn -0.7162 -0.1264 -0.6864
vn -0.9174 -0.1350 -0.3744
vn -0.9735 -0.1318 -0.1871
vn -0.8852 -0.1558 -0.4384
vn -0.9579 -0.1479 -0.2460
vn -0.6605 -0.1538 -0.7349
vn -0.8463 -0.1473 -0.5119
vn -0.9399 -0.1371 -0.3127
vn -0.5949 -0.1492 -0.7898
vn -0.8009 -0.1415 -0.5819
vn -0.9171 -0.1282 -0.3776
vn -0.5244 -0.1476 -0.8386
vn -0.7531 -0.1161 -0.6476
vn -0.8924 -0.1015 -0.4398
vn -0.4512 -0.1257 -0.8835
vn -0.7070 -0.0910 -0.7014
vn -0.8658 -0.0795 -0.4940
vn -0.3814 -0.0983 -0.9192
vn -0.7194 0.0845 0.6895
vn -0.7015 0.0875 0.7072
vn -0.7416 0.0448 0.6694
vn -0.6861 0.0915 0.7217
vn -0.6741 0.0957 0.7324
vn -0.6662 0.0992 0.7391
vn -0.6627 0.1011 0.7420
vn -0.6636 0.1005 0.7413
vn -0.6684 0.0967 0.7375
vn -0.6765 0.0891 0.7311
vn -0.6869 0.0776 0.7226
vn -0.6987 0.0622 0.7127
vn -0.7106 0.0435 0.7022
vn -0.7218 0.0222 0.6918
vn -0.7313 -0.0004 0.6820
vn -0.7387 -0.0229 0.6736
vn -0.7439 -0.0439 0.6669
vn -0.7469 -0.0620 0.6621
vn -0.7482 -0.0759 0.6591
vn -0.7485 -0.0847 0.6577
vn -0.7486 -0.0865 0.6574
vn -0.7801 -0.0493 0.6238
vn -0.7756 0.0775 0.6264
vn -0.8170 0.0260 0.5761
vn -0.8196 -0.0726 0.5683
vn -0.8494 -0.0306 0.5269
vn -0.8735 0.0448 0.4847
vn -0.8893 -0.0184 0.4569
vn -0.9073 0.0353 0.4190
vn -0.9223 -0.0047 0.3863
vn -0.9335 0.0248 0.3578
vn -0.9450 0.0107 0.3269
vn -0.9524 0.0246 0.3038
vn -0.4152 0.1489 -0.8975
vn -0.1914 0.1456 -0.9707
vn -0.4084 0.0041 -0.9128
vn -0.1851 0.0165 -0.9826
vn -0.1841 0.2628 -0.9471
vn -0.4048 0.2819 -0.8699
vn -0.1597 0.3755 -0.9130
vn -0.3758 0.4106 -0.8308
vn -0.1182 0.4809 -0.8688
vn -0.3279 0.5321 -0.7806
vn -0.0599 0.5760 -0.8153
vn -0.2611 0.6429 -0.7201
vn 0.0140 0.6576 -0.7533
vn -0.1764 0.7392 -0.6500
vn 0.1015 0.7224 -0.6839
vn -0.0759 0.8169 -0.5718
vn 0.1998 0.7679 -0.6087
vn 0.0371 0.8726 -0.4871
vn 0.3055 0.7917 -0.5291
vn 0.1586 0.9037 -0.3977
vn 0.4145 0.7928 -0.4469
vn 0.2842 0.9087 -0.3058
vn 0.5227 0.7709 -0.3640
vn 0.4088 0.8874 -0.2132
vn 0.6257 0.7273 -0.2821
vn 0.5276 0.8406 -0.1222
vn 0.7198 0.6638 -0.2032
vn 0.6361 0.7708 -0.0350
vn 0.8017 0.5836 -0.1290
vn 0.7307 0.6812 0.0464
vn 0.8693 0.4904 -0.0613
vn 0.8085 0.5760 0.1202
vn 0.9216 0.3882 -0.0016
vn 0.8686 0.4599 0.1846
vn 0.9586 0.2805 0.0491
vn 0.9107 0.3371 0.2385
vn 0.9813 0.1705 0.0898
vn 0.9361 0.2113 0.2812
vn 0.9910 0.0605 0.1198
vn 0.9462 0.0851 0.3121
vn 0.9884 -0.0552 0.1416
vn 0.9421 -0.0487 0.3318
vn -0.2720 0.9419 -0.1972
vn -0.3751 -0.0937 -0.9222
vn -0.1483 -0.0708 -0.9864
vn -0.2986 -0.1254 -0.9461
vn -0.0541 -0.0976 -0.9938
vn -0.2126 -0.1251 -0.9691
vn 0.0495 -0.0981 -0.9939
vn -0.1263 -0.1279 -0.9837
vn 0.1503 -0.1018 -0.9834
vn -0.0410 -0.1126 -0.9928
vn 0.2452 -0.0882 -0.9654
vn 0.0403 -0.0905 -0.9951
vn 0.3273 -0.0747 -0.9420
vn 0.9174 -0.1350 0.3744
vn 0.9735 -0.1318 0.1871
vn 0.8852 -0.1558 0.4384
vn 0.9579 -0.1479 0.2460
vn 0.8463 -0.1473 0.5119
vn 0.9399 -0.1371 0.3127
vn 0.8009 -0.1415 0.5819
vn 0.9171 -0.1282 0.3776
vn 0.7531 -0.1161 0.6476
vn 0.8924 -0.1015 0.4398
vn 0.7069 -0.0910 0.7014
vn 0.8658 -0.0795 0.4940
vn 0.7194 0.0845 -0.6895
vn 0.7016 0.0875 -0.7072
vn 0.7416 0.0448 -0.6694
vn 0.6861 0.0915 -0.7217
vn 0.6742 0.0957 -0.7324
vn 0.6662 0.0992 -0.7391
vn 0.6627 0.1011 -0.7420
vn 0.6636 0.1005 -0.7413
vn 0.6684 0.0966 -0.7375
vn 0.6765 0.0891 -0.7311
vn 0.6869 0.0776 -0.7226
vn 0.6987 0.0622 -0.7127
vn 0.7106 0.0435 -0.7022
vn 0.7218 0.0222 -0.6918
vn 0.7313 -0.0004 -0.6820
vn 0.7387 -0.0229 -0.6736
vn 0.7439 -0.0439 -0.6669
vn 0.7469 -0.0620 -0.6621
vn 0.7482 -0.0759 -0.6591
vn 0.7485 -0.0847 -0.6577
vn 0.7486 -0.0865 -0.6574
vn 0.7801 -0.0493 -0.6238
vn 0.7756 0.0775 -0.6264
vn 0.8170 0.0260 -0.5761
vn 0.8196 -0.0726 -0.5683
vn 0.8494 -0.0306 -0.5269
vn 0.8735 0.0448 -0.4847
vn 0.8893 -0.0184 -0.4569
vn 0.9073 0.0353 -0.4190
vn 0.9223 -0.0047 -0.3863
vn 0.9335 0.0248 -0.3578
vn 0.9450 0.0107 -0.3269
vn 0.9524 0.0246 -0.3038
vn 0.1489 -0.4152 0.8975
vn 0.1456 -0.1914 0.9707
vn 0.0041 -0.4084 0.9128
vn 0.0165 -0.1851 0.9826
vn 0.2628 -0.1841 0.9471
vn 0.2819 -0.4048 0.8699
vn 0.3755 -0.1597 0.9130
vn 0.4106 -0.3758 0.8308
vn 0.4809 -0.1182 0.8688
vn 0.5321 -0.3279 0.7806
vn 0.5760 -0.0599 0.8153
vn 0.6429 -0.2610 0.7201
vn 0.6576 0.0140 0.7533
vn 0.7392 -0.1764 0.6500
vn 0.7225 0.1015 0.6839
vn 0.8169 -0.0759 0.5718
vn 0.7679 0.1998 0.6087
vn 0.8726 0.0371 0.4871
vn 0.7917 0.3055 0.5291
vn 0.9037 0.1586 0.3977
vn 0.7928 0.4145 0.4469
vn 0.9087 0.2842 0.3058
vn 0.7709 0.5227 0.3640
vn 0.8874 0.4088 0.2132
vn 0.7273 0.6257 0.2821
vn 0.8406 0.5276 0.1223
vn 0.6638 0.7198 0.2032
vn 0.7708 0.6361 0.0350
vn 0.5836 0.8017 0.1290
vn 0.6812 0.7307 -0.0464
vn 0.4904 0.8693 0.0614
vn 0.5760 0.8085 -0.1202
vn 0.3882 0.9216 0.0016
vn 0.4599 0.8686 -0.1846
vn 0.2805 0.9586 -0.0491
vn 0.3371 0.9107 -0.2385
vn 0.1705 0.9813 -0.0898
vn 0.2113 0.9361 -0.2812
vn 0.0605 0.9910 -0.1198
vn 0.0851 0.9462 -0.3121
vn -0.0552 0.9884 -0.1416
vn -0.0487 0.9421 -0.3318
vn 0.8719 0.3948 -0.2898
vn 0.9419 0.2721 -0.1972
vn 0.9853 0.1388 -0.0998
vn 0.5418 0.6620 -0.5179
vn 0.6672 0.5922 -0.4519
vn 0.7788 0.5025 -0.3753
vn 0.1265 0.7534 -0.6453
vn 0.2679 0.7416 -0.6150
vn 0.4073 0.7116 -0.5725
vn 1.0000 -0.0000 -0.0000
vn 0.9853 -0.1388 0.0998
vn 0.9419 -0.2721 0.1972
vn 0.8719 -0.3948 0.2898
vn 0.7788 -0.5026 0.3753
vn 0.6672 -0.5922 0.4519
vn 0.5418 -0.6620 0.5179
vn 0.4073 -0.7116 0.5725
vn 0.2679 -0.7416 0.6150
vn 0.1265 -0.7534 0.6453
vn -0.0257 -0.7486 0.6626
vn -0.0937 -0.3751 0.9222
vn -0.0708 -0.1483 0.9864
vn -0.1264 -0.7162 0.6864
vn -0.1254 -0.2986 0.9461
vn -0.0976 -0.0542 0.9938
vn -0.1538 -0.6605 0.7349
vn -0.1251 -0.2126 0.9691
vn -0.0981 0.0494 0.9939
vn -0.1492 -0.5949 0.7898
vn -0.1279 -0.1263 0.9837
vn -0.1018 0.1503 0.9834
vn -0.1476 -0.5244 0.8386
vn -0.1126 -0.0410 0.9928
vn -0.0882 0.2452 0.9654
vn -0.1257 -0.4512 0.8835
vn -0.0905 0.0403 0.9951
vn -0.0747 0.3273 0.9420
vn -0.0983 -0.3814 0.9192
vn -0.0257 0.7486 -0.6626
vn -0.1264 0.7162 -0.6864
vn -0.1350 0.9174 -0.3744
vn -0.1318 0.9735 -0.1871
vn -0.1558 0.8852 -0.4384
vn -0.1479 0.9579 -0.2460
vn -0.1538 0.6605 -0.7349
vn -0.1473 0.8463 -0.5119
vn -0.1371 0.9399 -0.3127
vn -0.1492 0.5949 -0.7898
vn -0.1415 0.8009 -0.5819
vn -0.1282 0.9171 -0.3776
vn -0.1476 0.5244 -0.8386
vn -0.1161 0.7531 -0.6476
vn -0.1015 0.8924 -0.4398
vn -0.1257 0.4512 -0.8835
vn -0.0910 0.7070 -0.7014
vn -0.0795 0.8658 -0.4940
vn -0.0983 0.3814 -0.9192
vn 0.0845 0.7194 0.6895
vn 0.0875 0.7015 0.7072
vn 0.0448 0.7416 0.6694
vn 0.0915 0.6861 0.7217
vn 0.0957 0.6741 0.7324
vn 0.0992 0.6662 0.7391
vn 0.1011 0.6627 0.7420
vn 0.1005 0.6636 0.7413
vn 0.0967 0.6684 0.7375
vn 0.0891 0.6765 0.7311
vn 0.0776 0.6869 0.7226
vn 0.0622 0.6987 0.7127
vn 0.0435 0.7106 0.7022
vn 0.0222 0.7218 0.6918
vn -0.0004 0.7313 0.6820
vn -0.0229 0.7387 0.6736
vn -0.0439 0.7439 0.6669
vn -0.0620 0.7469 0.6621
vn -0.0759 0.7482 0.6591
vn -0.0847 0.7485 0.6577
vn -0.0865 0.7486 0.6574
vn -0.0493 0.7801 0.6238
vn 0.0775 0.7756 0.6264
vn 0.0260 0.8170 0.5761
vn -0.0726 0.8196 0.5683
vn -0.0306 0.8494 0.5269
vn 0.0448 0.8735 0.4847
vn -0.0184 0.8893 0.4569
vn 0.0353 0.9073 0.4190
vn -0.0047 0.9223 0.3863
vn 0.0248 0.9335 0.3578
vn 0.0107 0.9450 0.3269
vn 0.0246 0.9524 0.3038
vn 0.1489 0.4152 -0.8975
vn 0.1456 0.1914 -0.9707
vn 0.0041 0.4084 -0.9128
vn 0.0165 0.1851 -0.9826
vn 0.2628 0.1841 -0.9471
vn 0.2819 0.4048 -0.8699
vn 0.3755 0.1597 -0.9130
vn 0.4106 0.3758 -0.8308
vn 0.4808 0.1182 -0.8688
vn 0.5321 0.3279 -0.7806
vn 0.5760 0.0599 -0.8153
vn 0.6429 0.2611 -0.7201
vn 0.6576 -0.0140 -0.7533
vn 0.7392 0.1764 -0.6500
vn 0.7224 -0.1015 -0.6839
vn 0.8169 0.0759 -0.5718
vn 0.7678 -0.1998 -0.6087
vn 0.8726 -0.0370 -0.4871
vn 0.7917 -0.3055 -0.5291
vn 0.9037 -0.1586 -0.3977
vn 0.7928 -0.4145 -0.4469
vn 0.9087 -0.2842 -0.3058
vn 0.7710 -0.5227 -0.3640
vn 0.8874 -0.4088 -0.2132
vn 0.7273 -0.6257 -0.2821
vn 0.8406 -0.5276 -0.1222
vn 0.6638 -0.7198 -0.2032
vn 0.7708 -0.6361 -0.0350
vn 0.5836 -0.8017 -0.1290
vn 0.6812 -0.7307 0.0464
vn 0.4904 -0.8693 -0.0613
vn 0.5760 -0.8085 0.1201
vn 0.3882 -0.9216 -0.0016
vn 0.4599 -0.8686 0.1846
vn 0.2805 -0.9586 0.0491
vn 0.3371 -0.9107 0.2385
vn 0.1705 -0.9813 0.0898
vn 0.2113 -0.9361 0.2812
vn 0.0605 -0.9910 0.1198
vn 0.0851 -0.9462 0.3121
vn -0.0552 -0.9884 0.1416
vn -0.0487 -0.9421 0.3318
vn 0.9419 0.2720 -0.1972
vn -0.0937 0.3751 -0.9222
vn -0.0708 0.1483 -0.9864
vn -0.1254 0.2986 -0.9461
vn -0.0976 0.0541 -0.9938
vn -0.1251 0.2126 -0.9691
vn -0.0981 -0.0495 -0.9939
vn -0.1279 0.1263 -0.9837
vn -0.1018 -0.1503 -0.9834
vn -0.1126 0.0410 -0.9928
vn -0.0882 -0.2452 -0.9654
vn -0.0905 -0.0403 -0.9951
vn -0.0747 -0.3273 -0.9420
vn -0.1350 -0.9174 0.3744
vn -0.1318 -0.9735 0.1871
vn -0.1558 -0.8852 0.4384
vn -0.1479 -0.9579 0.2460
vn -0.1473 -0.8463 0.5119
vn -0.1371 -0.9399 0.3127
vn -0.1415 -0.8009 0.5819
vn -0.1282 -0.9171 0.3776
vn -0.1161 -0.7531 0.6476
vn -0.1015 -0.8924 0.4398
vn -0.0910 -0.7069 0.7014
vn -0.0795 -0.8658 0.4940
vn 0.0845 -0.7194 -0.6895
vn 0.0875 -0.7016 -0.7072
vn 0.0448 -0.7416 -0.6694
vn 0.0915 -0.6861 -0.7217
vn 0.0957 -0.6741 -0.7324
vn 0.0992 -0.6662 -0.7391
vn 0.1011 -0.6627 -0.7420
vn 0.1005 -0.6636 -0.7413
vn 0.0966 -0.6684 -0.7375
vn 0.0891 -0.6765 -0.7311
vn 0.0776 -0.6869 -0.7226
vn 0.0622 -0.6987 -0.7127
vn 0.0435 -0.7106 -0.7022
vn 0.0222 -0.7218 -0.6918
vn -0.0004 -0.7313 -0.6820
vn -0.0229 -0.7387 -0.6736
vn -0.0439 -0.7439 -0.6669
vn -0.0620 -0.7469 -0.6620
vn -0.0759 -0.7482 -0.6591
vn -0.0847 -0.7485 -0.6577
vn -0.0865 -0.7486 -0.6574
vn -0.0493 -0.7801 -0.6238
vn 0.0775 -0.7756 -0.6264
vn 0.0260 -0.8170 -0.5761
vn -0.0726 -0.8196 -0.5683
vn -0.0306 -0.8494 -0.5269
vn 0.0448 -0.8735 -0.4847
vn -0.0184 -0.8893 -0.4569
vn 0.0353 -0.9073 -0.4190
vn -0.0047 -0.9223 -0.3863
vn 0.0248 -0.9335 -0.3578
vn 0.0107 -0.9450 -0.3269
vn 0.0246 -0.9524 -0.3038
vn -0.4152 -0.1489 0.8975
vn -0.1914 -0.1456 0.9707
vn -0.4084 -0.0041 0.9128
vn -0.1851 -0.0165 0.9826
vn -0.1841 -0.2628 0.9471
vn -0.4048 -0.2819 0.8699
vn -0.1597 -0.3755 0.9130
vn -0.3758 -0.4106 0.8308
vn -0.1182 -0.4809 0.8688
vn -0.3279 -0.5321 0.7806
vn -0.0599 -0.5760 0.8153
vn -0.2610 -0.6429 0.7201
vn 0.0140 -0.6576 0.7533
vn -0.1764 -0.7392 0.6500
vn 0.1015 -0.7224 0.6839
vn -0.0759 -0.8169 0.5718
vn 0.1998 -0.7679 0.6087
vn 0.0370 -0.8726 0.4871
vn 0.3055 -0.7917 0.5291
vn 0.1586 -0.9037 0.3977
vn 0.4145 -0.7928 0.4469
vn 0.2842 -0.9087 0.3058
vn 0.5227 -0.7709 0.3640
vn 0.4088 -0.8874 0.2132
vn 0.6257 -0.7273 0.2821
vn 0.5276 -0.8406 0.1223
vn 0.7198 -0.6638 0.2032
vn 0.6361 -0.7708 0.0350
vn 0.8017 -0.5836 0.1290
vn 0.7307 -0.6812 -0.0464
vn 0.8693 -0.4904 0.0614
vn 0.8085 -0.5760 -0.1202
vn 0.9216 -0.3882 0.0016
vn 0.8686 -0.4599 -0.1846
vn 0.9586 -0.2805 -0.0491
vn 0.9107 -0.3371 -0.2385
vn 0.9813 -0.1705 -0.0898
vn 0.9361 -0.2113 -0.2812
vn 0.9910 -0.0605 -0.1198
vn 0.9462 -0.0851 -0.3121
vn 0.9884 0.0552 -0.1416
vn 0.9421 0.0487 -0.3318
vn 0.3948 -0.8719 -0.2898
vn 0.2721 -0.9419 -0.1972
vn 0.1388 -0.9853 -0.0998
vn 0.6620 -0.5418 -0.5179
vn 0.5922 -0.6672 -0.4519
vn 0.5025 -0.7788 -0.3753
vn 0.7534 -0.1265 -0.6453
vn 0.7416 -0.2679 -0.6150
vn 0.7116 -0.4073 -0.5725
vn -0.0000 -1.0000 -0.0000
vn -0.1388 -0.9853 0.0998
vn -0.2721 -0.9419 0.1972
vn -0.3948 -0.8719 0.2898
vn -0.5026 -0.7788 0.3753
vn -0.5922 -0.6672 0.4519
vn -0.6620 -0.5418 0.5179
vn -0.7116 -0.4073 0.5725
vn -0.7416 -0.2679 0.6151
vn -0.7534 -0.1265 0.6453
vn -0.7486 0.0257 0.6626
vn -0.3751 0.0937 0.9222
vn -0.1483 0.0708 0.9864
vn -0.7162 0.1264 0.6864
vn -0.2986 0.1254 0.9461
vn -0.0542 0.0976 0.9938
vn -0.6605 0.1538 0.7349
vn -0.2126 0.1251 0.9691
vn 0.0494 0.0981 0.9939
vn -0.5949 0.1492 0.7898
vn -0.1263 0.1279 0.9837
vn 0.1503 0.1018 0.9834
vn -0.5244 0.1476 0.8386
vn -0.0410 0.1126 0.9928
vn 0.2452 0.0882 0.9654
vn -0.4512 0.1257 0.8835
vn 0.0403 0.0905 0.9951
vn 0.3273 0.0747 0.9420
vn -0.3814 0.0983 0.9192
vn 0.7486 0.0257 -0.6626
vn 0.7162 0.1264 -0.6864
vn 0.9174 0.1350 -0.3744
vn 0.9735 0.1318 -0.1871
vn 0.8852 0.1558 -0.4384
vn 0.9579 0.1479 -0.2460
vn 0.6605 0.1538 -0.7349
vn 0.8463 0.1473 -0.5119
vn 0.9399 0.1371 -0.3127
vn 0.5949 0.1492 -0.7898
vn 0.8009 0.1415 -0.5819
vn 0.9171 0.1282 -0.3776
vn 0.5244 0.1476 -0.8386
vn 0.7531 0.1161 -0.6476
vn 0.8924 0.1015 -0.4398
vn 0.4512 0.1257 -0.8835
vn 0.7070 0.0910 -0.7014
vn 0.8658 0.0795 -0.4940
vn 0.3814 0.0983 -0.9192
vn 0.7194 -0.0845 0.6895
vn 0.7015 -0.0875 0.7072
vn 0.7416 -0.0448 0.6694
vn 0.6861 -0.0915 0.7217
vn 0.6741 -0.0957 0.7324
vn 0.6662 -0.0992 0.7391
vn 0.6627 -0.1011 0.7420
vn 0.6636 -0.1005 0.7413
vn 0.6684 -0.0967 0.7375
vn 0.6765 -0.0891 0.7311
vn 0.6869 -0.0776 0.7226
vn 0.6987 -0.0622 0.7127
vn 0.7106 -0.0435 0.7022
vn 0.7218 -0.0222 0.6918
vn 0.7313 0.0004 0.6820
vn 0.7387 0.0229 0.6736
vn 0.7439 0.0439 0.6669
vn 0.7469 0.0620 0.6621
vn 0.7482 0.0759 0.6591
vn 0.7485 0.0847 0.6577
vn 0.7486 0.0865 0.6574
vn 0.7801 0.0493 0.6238
vn 0.7756 -0.0775 0.6264
vn 0.8170 -0.0260 0.5761
vn 0.8196 0.0726 0.5683
vn 0.8494 0.0306 0.5269
vn 0.8735 -0.0448 0.4847
vn 0.8893 0.0184 0.4569
vn 0.9073 -0.0353 0.4190
vn 0.9223 0.0047 0.3863
vn 0.9335 -0.0248 0.3578
vn 0.9450 -0.0107 0.3269
vn 0.9524 -0.0246 0.3038
vn 0.4152 -0.1489 -0.8975
vn 0.1914 -0.1456 -0.9707
vn 0.4084 -0.0041 -0.9128
vn 0.1851 -0.0165 -0.9826
vn 0.1841 -0.2628 -0.9471
vn 0.4048 -0.2819 -0.8699
vn 0.1597 -0.3755 -0.9130
vn 0.3758 -0.4106 -0.8308
vn 0.1182 -0.4809 -0.8688
vn 0.3279 -0.5321 -0.7806
vn 0.0599 -0.5760 -0.8153
vn 0.2611 -0.6429 -0.7201
vn -0.0140 -0.6576 -0.7533
vn 0.1764 -0.7392 -0.6500
vn -0.1015 -0.7224 -0.6839
vn 0.0759 -0.8169 -0.5718
vn -0.1998 -0.7678 -0.6087
vn -0.0371 -0.8726 -0.4871
vn -0.3055 -0.7917 -0.5291
vn -0.1586 -0.9037 -0.3977
vn -0.4145 -0.7928 -0.4469
vn -0.2842 -0.9087 -0.3058
vn -0.5227 -0.7710 -0.3639
vn -0.4088 -0.8874 -0.2132
vn -0.6257 -0.7273 -0.2821
vn -0.5276 -0.8406 -0.1222
vn -0.7198 -0.6638 -0.2032
vn -0.6361 -0.7708 -0.0350
vn -0.8017 -0.5836 -0.1290
vn -0.7307 -0.6812 0.0464
vn -0.8693 -0.4904 -0.0613
vn -0.8085 -0.5760 0.1202
vn -0.9216 -0.3882 -0.0016
vn -0.8686 -0.4599 0.1846
vn -0.9586 -0.2805 0.0491
vn -0.9107 -0.3371 0.2385
vn -0.9813 -0.1705 0.0898
vn -0.9361 -0.2113 0.2812
vn -0.9910 -0.0605 0.1198
vn -0.9462 -0.0851 0.3121
vn -0.9884 0.0552 0.1416
vn -0.9421 0.0487 0.3318
vn -0.5025 -0.7788 0.3753
vn -0.7416 -0.2679 0.6150
vn 0.2720 -0.9419 -0.1972
vn 0.5025 -0.7788 -0.3754
vn 0.3751 0.0937 -0.9222
vn 0.1483 0.0708 -0.9864
vn 0.2986 0.1254 -0.9461
vn 0.0541 0.0976 -0.9938
vn 0.2126 0.1251 -0.9691
vn -0.0495 0.0981 -0.9939
vn 0.1263 0.1279 -0.9837
vn -0.1503 0.1018 -0.9834
vn 0.0410 0.1126 -0.9928
vn -0.2452 0.0882 -0.9654
vn -0.0403 0.0905 -0.9951
vn -0.3273 0.0747 -0.9420
vn -0.9174 0.1350 0.3744
vn -0.9735 0.1318 0.1871
vn -0.8852 0.1558 0.4384
vn -0.9579 0.1479 0.2460
vn -0.8463 0.1473 0.5119
vn -0.9399 0.1371 0.3127
vn -0.8009 0.1415 0.5819
vn -0.9171 0.1282 0.3776
vn -0.7531 0.1161 0.6476
vn -0.8924 0.1015 0.4398
vn -0.7069 0.0910 0.7014
vn -0.8658 0.0795 0.4940
vn -0.7194 -0.0845 -0.6895
vn -0.7016 -0.0875 -0.7072
vn -0.7416 -0.0448 -0.6694
vn -0.6861 -0.0915 -0.7217
vn -0.6742 -0.0957 -0.7324
vn -0.6662 -0.0992 -0.7391
vn -0.6627 -0.1011 -0.7420
vn -0.6636 -0.1005 -0.7413
vn -0.6684 -0.0966 -0.7375
vn -0.6765 -0.0891 -0.7311
vn -0.6869 -0.0776 -0.7226
vn -0.6987 -0.0622 -0.7127
vn -0.7106 -0.0435 -0.7022
vn -0.7218 -0.0222 -0.6918
vn -0.7313 0.0004 -0.6820
vn -0.7387 0.0229 -0.6736
vn -0.7439 0.0439 -0.6669
vn -0.7469 0.0620 -0.6621
vn -0.7482 0.0759 -0.6591
vn -0.7485 0.0847 -0.6577
vn -0.7486 0.0865 -0.6574
vn -0.7801 0.0493 -0.6238
vn -0.7756 -0.0775 -0.6264
vn -0.8170 -0.0260 -0.5761
vn -0.8196 0.0726 -0.5683
vn -0.8494 0.0306 -0.5269
vn -0.8735 -0.0448 -0.4847
vn -0.8893 0.0184 -0.4569
vn -0.9073 -0.0353 -0.4190
vn -0.9223 0.0047 -0.3863
vn -0.9335 -0.0248 -0.3578
vn -0.9450 -0.0107 -0.3269
vn -0.9524 -0.0246 -0.3038
vn -0.1489 0.4152 0.8975
vn -0.1456 0.1914 0.9707
vn -0.0041 0.4084 0.9128
vn -0.0165 0.1851 0.9826
vn -0.2628 0.1841 0.9471
vn -0.2819 0.4048 0.8699
vn -0.3755 0.1597 0.9130
vn -0.4106 0.3758 0.8308
vn -0.4809 0.1182 0.8688
vn -0.5321 0.3279 0.7806
vn -0.5760 0.0599 0.8153
vn -0.6429 0.2610 0.7201
vn -0.6576 -0.0140 0.7533
vn -0.7392 0.1764 0.6500
vn -0.7225 -0.1015 0.6839
vn -0.8169 0.0759 0.5718
vn -0.7679 -0.1998 0.6087
vn -0.8726 -0.0370 0.4871
vn -0.7917 -0.3055 0.5291
vn -0.9037 -0.1586 0.3977
vn -0.7928 -0.4145 0.4469
vn -0.9087 -0.2842 0.3058
vn -0.7709 -0.5227 0.3640
vn -0.8874 -0.4088 0.2132
vn -0.7273 -0.6257 0.2821
vn -0.8406 -0.5276 0.1223
vn -0.6638 -0.7198 0.2032
vn -0.7708 -0.6361 0.0350
vn -0.5836 -0.8017 0.1290
vn -0.6812 -0.7307 -0.0464
vn -0.4904 -0.8693 0.0614
vn -0.5760 -0.8085 -0.1202
vn -0.3882 -0.9216 0.0016
vn -0.4599 -0.8686 -0.1846
vn -0.2805 -0.9586 -0.0491
vn -0.3371 -0.9107 -0.2385
vn -0.1705 -0.9813 -0.0898
vn -0.2113 -0.9361 -0.2812
vn -0.0605 -0.9910 -0.1198
vn -0.0851 -0.9462 -0.3121
vn 0.0552 -0.9884 -0.1416
vn 0.0487 -0.9421 -0.3318
vn -0.8719 -0.3948 -0.2898
vn -0.9419 -0.2721 -0.1972
vn -0.9853 -0.1388 -0.0998
vn -0.5418 -0.6620 -0.5179
vn -0.6672 -0.5922 -0.4519
vn -0.7788 -0.5025 -0.3753
vn -0.1265 -0.7534 -0.6453
vn -0.2679 -0.7416 -0.6150
vn -0.4073 -0.7116 -0.5725
vn -1.0000 -0.0000 -0.0000
vn -0.9853 0.1388 0.0998
vn -0.9419 0.2721 0.1972
vn -0.8719 0.3948 0.2898
vn -0.7788 0.5026 0.3753
vn -0.6672 0.5922 0.4519
vn -0.5418 0.6620 0.5179
vn -0.4073 0.7116 0.5725
vn -0.2679 0.7416 0.6150
vn -0.1265 0.7534 0.6453
vn 0.0257 0.7486 0.6626
vn 0.0937 0.3751 0.9222
vn 0.0708 0.1483 0.9864
vn 0.1264 0.7162 0.6864
vn 0.1254 0.2986 0.9461
vn 0.0976 0.0542 0.9938
vn 0.1538 0.6605 0.7349
vn 0.1251 0.2126 0.9691
vn 0.0981 -0.0494 0.9939
vn 0.1492 0.5949 0.7898
vn 0.1279 0.1263 0.9837
vn 0.1018 -0.1503 0.9834
vn 0.1476 0.5244 0.8386
vn 0.1126 0.0410 0.9928
vn 0.0882 -0.2452 0.9654
vn 0.1257 0.4512 0.8835
vn 0.0905 -0.0403 0.9951
vn 0.0747 -0.3273 0.9420
vn 0.0983 0.3814 0.9192
vn 0.0257 -0.7486 -0.6626
vn 0.1264 -0.7162 -0.6864
vn 0.1350 -0.9174 -0.3744
vn 0.1318 -0.9735 -0.1871
vn 0.1558 -0.8852 -0.4384
vn 0.1479 -0.9579 -0.2460
vn 0.1538 -0.6605 -0.7349
vn 0.1473 -0.8463 -0.5119
vn 0.1371 -0.9399 -0.3127
vn 0.1492 -0.5949 -0.7898
vn 0.1415 -0.8009 -0.5819
vn 0.1282 -0.9171 -0.3776
vn 0.1476 -0.5244 -0.8386
vn 0.1161 -0.7531 -0.6476
vn 0.1015 -0.8924 -0.4398
vn 0.1257 -0.4512 -0.8835
vn 0.0910 -0.7070 -0.7014
vn 0.0795 -0.8658 -0.4940
vn 0.0983 -0.3814 -0.9192
vn -0.0845 -0.7194 0.6895
vn -0.0875 -0.7015 0.7072
vn -0.0448 -0.7416 0.6694
vn -0.0915 -0.6861 0.7217
vn -0.0957 -0.6741 0.7324
vn -0.0992 -0.6662 0.7391
vn -0.1011 -0.6627 0.7420
vn -0.1005 -0.6636 0.7413
vn -0.0967 -0.6684 0.7375
vn -0.0891 -0.6765 0.7311
vn -0.0776 -0.6869 0.7226
vn -0.0622 -0.6987 0.7127
vn -0.0435 -0.7106 0.7022
vn -0.0222 -0.7218 0.6918
vn 0.0004 -0.7313 0.6820
vn 0.0229 -0.7387 0.6736
vn 0.0439 -0.7439 0.6669
vn 0.0620 -0.7469 0.6621
vn 0.0759 -0.7482 0.6591
vn 0.0847 -0.7485 0.6577
vn 0.0865 -0.7486 0.6574
vn 0.0493 -0.7801 0.6238
vn -0.0775 -0.7756 0.6264
vn -0.0260 -0.8170 0.5761
vn 0.0726 -0.8196 0.5683
vn 0.0306 -0.8494 0.5269
vn -0.0448 -0.8735 0.4847
vn 0.0184 -0.8893 0.4569
vn -0.0353 -0.9073 0.4190
vn 0.0047 -0.9223 0.3863
vn -0.0248 -0.9335 0.3578
vn -0.0107 -0.9450 0.3269
vn -0.0246 -0.9524 0.3038
vn -0.1489 -0.4152 -0.8975
vn -0.1456 -0.1914 -0.9707
vn -0.0041 -0.4084 -0.9128
vn -0.0165 -0.1851 -0.9826
vn -0.2628 -0.1841 -0.9471
vn -0.2819 -0.4048 -0.8699
vn -0.3755 -0.1597 -0.9130
vn -0.4106 -0.3758 -0.8308
vn -0.4808 -0.1182 -0.8688
vn -0.5321 -0.3279 -0.7806
vn -0.5760 -0.0599 -0.8153
vn -0.6429 -0.2611 -0.7201
vn -0.6576 0.0140 -0.7533
vn -0.7392 -0.1764 -0.6500
vn -0.7224 0.1015 -0.6839
vn -0.8169 -0.0759 -0.5718
vn -0.7678 0.1998 -0.6087
vn -0.8726 0.0370 -0.4871
vn -0.7917 0.3055 -0.5291
vn -0.9037 0.1586 -0.3977
vn -0.7928 0.4145 -0.4469
vn -0.9087 0.2842 -0.3058
vn -0.7710 0.5227 -0.3640
vn -0.8874 0.4088 -0.2132
vn -0.7273 0.6257 -0.2821
vn -0.8406 0.5276 -0.1222
vn -0.6638 0.7198 -0.2032
vn -0.7708 0.6361 -0.0350
vn -0.5836 0.8017 -0.1290
vn -0.6812 0.7307 0.0464
vn -0.4904 0.8693 -0.0613
vn -0.5760 0.8085 0.1202
vn -0.3882 0.9216 -0.0016
vn -0.4599 0.8686 0.1846
vn -0.2805 0.9586 0.0491
vn -0.3371 0.9107 0.2385
vn -0.1705 0.9813 0.0898
vn -0.2113 0.9361 0.2812
vn -0.0605 0.9909 0.1198
vn -0.0851 0.9462 0.3121
vn 0.0552 0.9884 0.1416
vn 0.0487 0.9421 0.3318
vn -0.7788 0.5025 0.3753
vn -0.9419 -0.2720 -0.1972
vn -0.7788 -0.5025 -0.3754
vn 0.0937 -0.3751 -0.9222
vn 0.0708 -0.1483 -0.9864
vn 0.1254 -0.2986 -0.9461
vn 0.0976 -0.0541 -0.9938
vn 0.1251 -0.2126 -0.9691
vn 0.0981 0.0495 -0.9939
vn 0.1279 -0.1263 -0.9837
vn 0.1018 0.1503 -0.9834
vn 0.1126 -0.0410 -0.9928
vn 0.0882 0.2452 -0.9654
vn 0.0905 0.0403 -0.9951
vn 0.0747 0.3273 -0.9420
vn 0.1350 0.9174 0.3744
vn 0.1318 0.9735 0.1871
vn 0.1558 0.8852 0.4384
vn 0.1479 0.9579 0.2460
vn 0.1473 0.8463 0.5119
vn 0.1371 0.9399 0.3127
vn 0.1415 0.8009 0.5819
vn 0.1282 0.9171 0.3776
vn 0.1161 0.7531 0.6476
vn 0.1015 0.8924 0.4398
vn 0.0910 0.7069 0.7014
vn 0.0795 0.8658 0.4940
vn -0.0845 0.7194 -0.6895
vn -0.0875 0.7016 -0.7072
vn -0.0448 0.7416 -0.6694
vn -0.0915 0.6861 -0.7217
vn -0.0957 0.6741 -0.7324
vn -0.0992 0.6662 -0.7391
vn -0.1011 0.6627 -0.7420
vn -0.1005 0.6636 -0.7413
vn -0.0966 0.6684 -0.7375
vn -0.0891 0.6765 -0.7311
vn -0.0776 0.6869 -0.7226
vn -0.0622 0.6987 -0.7127
vn -0.0435 0.7106 -0.7022
vn -0.0222 0.7218 -0.6918
vn 0.0004 0.7313 -0.6820
vn 0.0229 0.7387 -0.6736
vn 0.0439 0.7439 -0.6669
vn 0.0620 0.7469 -0.6621
vn 0.0759 0.7482 -0.6591
vn 0.0847 0.7485 -0.6577
vn 0.0865 0.7486 -0.6574
vn 0.0493 0.7801 -0.6238
vn -0.0775 0.7756 -0.6264
vn -0.0260 0.8170 -0.5761
vn 0.0726 0.8196 -0.5683
vn 0.0306 0.8494 -0.5269
vn -0.0448 0.8735 -0.4847
vn 0.0184 0.8893 -0.4569
vn -0.0353 0.9073 -0.4190
vn 0.0047 0.9223 -0.3863
vn -0.0248 0.9335 -0.3578
vn -0.0107 0.9450 -0.3269
vn -0.0246 0.9524 -0.3038
vn -0.0000 0.4286 0.9035
vn -0.0847 0.4203 0.9034
vn -0.0000 -0.0000 1.0000
vn -0.1660 0.3957 0.9032
vn -0.2409 0.3559 0.9029
vn -0.3064 0.3025 0.9026
vn -0.3600 0.2375 0.9022
vn -0.3998 0.1635 0.9019
vn -0.4242 0.0833 0.9017
vn -0.4325 -0.0000 0.9017
vn -0.4242 -0.0833 0.9017
vn -0.3998 -0.1635 0.9019
vn -0.3600 -0.2375 0.9022
vn -0.3064 -0.3025 0.9026
vn -0.2409 -0.3559 0.9029
vn -0.1660 -0.3957 0.9032
vn -0.0847 -0.4203 0.9034
vn -0.1373 0.6817 0.7187
vn -0.2691 0.6417 0.7182
vn -0.3076 0.7342 0.6052
vn -0.1569 0.7800 0.6057
vn -0.0000 0.6952 0.7188
vn -0.0000 0.7955 0.6059
vn -0.4461 0.6601 0.6044
vn -0.3902 0.5769 0.7176
vn -0.5670 0.5606 0.6035
vn -0.4961 0.4900 0.7168
vn -0.6659 0.4399 0.6026
vn -0.5826 0.3845 0.7161
vn -0.7391 0.3027 0.6018
vn -0.6467 0.2646 0.7154
vn -0.7840 0.1542 0.6013
vn -0.6860 0.1348 0.7150
vn -0.7992 -0.0000 0.6011
vn -0.6993 -0.0000 0.7148
vn -0.7840 -0.1542 0.6013
vn -0.6860 -0.1348 0.7150
vn -0.7391 -0.3027 0.6018
vn -0.6467 -0.2646 0.7154
vn -0.6659 -0.4399 0.6026
vn -0.5826 -0.3845 0.7161
vn -0.5670 -0.5606 0.6035
vn -0.4961 -0.4900 0.7168
vn -0.4461 -0.6601 0.6044
vn -0.3902 -0.5769 0.7176
vn -0.3076 -0.7342 0.6052
vn -0.2691 -0.6417 0.7182
vn -0.1569 -0.7800 0.6057
vn -0.1373 -0.6817 0.7187
vn -0.0000 -0.7955 0.6059
vn -0.0000 -0.6952 0.7188
vn -0.0000 -0.4286 0.9035
vn 0.0847 -0.4203 0.9034
vn 0.1660 -0.3957 0.9032
vn 0.2409 -0.3559 0.9029
vn 0.3064 -0.3025 0.9026
vn 0.3600 -0.2375 0.9022
vn 0.3998 -0.1635 0.9019
vn 0.4242 -0.0833 0.9017
vn 0.4325 -0.0000 0.9017
vn 0.4242 0.0833 0.9017
vn 0.3998 0.1635 0.9019
vn 0.3600 0.2375 0.9022
vn 0.3064 0.3025 0.9026
vn 0.2409 0.3559 0.9029
vn 0.1660 0.3957 0.9032
vn 0.0847 0.4203 0.9034
vn 0.1373 -0.6817 0.7187
vn 0.2691 -0.6417 0.7182
vn 0.3076 -0.7342 0.6052
vn 0.1569 -0.7800 0.6057
vn 0.4461 -0.6601 0.6044
vn 0.3902 -0.5769 0.7176
vn 0.5670 -0.5606 0.6035
vn 0.4961 -0.4900 0.7168
vn 0.6659 -0.4399 0.6026
vn 0.5826 -0.3845 0.7161
vn 0.7391 -0.3027 0.6018
vn 0.6467 -0.2646 0.7154
vn 0.7840 -0.1542 0.6013
vn 0.6860 -0.1348 0.7150
vn 0.7992 -0.0000 0.6011
vn 0.6993 -0.0000 0.7148
vn 0.7840 0.1542 0.6013
vn 0.6860 0.1348 0.7150
vn 0.7391 0.3027 0.6018
vn 0.6467 0.2646 0.7154
vn 0.6659 0.4399 0.6026
vn 0.5826 0.3845 0.7161
vn 0.5670 0.5606 0.6035
vn 0.4961 0.4900 0.7168
vn 0.4461 0.6601 0.6044
vn 0.3902 0.5769 0.7176
vn 0.3076 0.7342 0.6052
vn 0.2691 0.6417 0.7182
vn 0.1569 0.7800 0.6057
vn 0.1373 0.6817 0.7187
vt 0.980155 0.654262
vt 0.976960 0.653643
vt 0.980882 0.642985
vt 0.977646 0.642985
vt 0.974918 0.664039
vt 0.977995 0.665262
vt 0.971571 0.673917
vt 0.974454 0.675713
vt 0.967001 0.683033
vt 0.969618 0.685358
vt 0.961320 0.691163
vt 0.963608 0.693960
vt 0.954669 0.698106
vt 0.956571 0.701306
vt 0.947212 0.703693
vt 0.948681 0.707217
vt 0.939131 0.707784
vt 0.940131 0.711546
vt 0.930626 0.710280
vt 0.931132 0.714186
vt 0.921907 0.711119
vt 0.921907 0.715074
vt 0.913187 0.710280
vt 0.912681 0.714186
vt 0.904682 0.707784
vt 0.903683 0.711546
vt 0.896602 0.703693
vt 0.895133 0.707217
vt 0.889144 0.698106
vt 0.887242 0.701306
vt 0.882493 0.691163
vt 0.880205 0.693960
vt 0.876813 0.683033
vt 0.874195 0.685358
vt 0.872243 0.673917
vt 0.869360 0.675713
vt 0.868896 0.664039
vt 0.865818 0.665262
vt 0.866854 0.653643
vt 0.863658 0.654262
vt 0.866168 0.642985
vt 0.862932 0.642985
vt 0.894615 0.708460
vt 0.903330 0.712872
vt 0.912503 0.715564
vt 0.873272 0.686178
vt 0.879398 0.694946
vt 0.886571 0.702435
vt 0.862531 0.654480
vt 0.864733 0.665693
vt 0.868343 0.676346
vt 0.921907 0.716469
vt 0.931311 0.715564
vt 0.940484 0.712872
vt 0.949199 0.708460
vt 0.957242 0.702435
vt 0.964415 0.694946
vt 0.970542 0.686178
vt 0.975470 0.676346
vt 0.979080 0.665693
vt 0.981283 0.654480
vt 0.982023 0.642985
vt 0.978616 0.613353
vt 0.975446 0.613353
vt 0.979650 0.613353
vt 0.971464 0.560825
vt 0.968253 0.560825
vt 0.972422 0.560825
vt 0.963491 0.502265
vt 0.960234 0.502265
vt 0.964364 0.502265
vt 0.955621 0.444455
vt 0.952318 0.444455
vt 0.956410 0.444455
vt 0.947851 0.387393
vt 0.944504 0.387393
vt 0.948558 0.387393
vt 0.940625 0.334313
vt 0.937235 0.334313
vt 0.941255 0.334313
vt 0.861791 0.642985
vt 0.864164 0.613353
vt 0.865197 0.613353
vt 0.868368 0.613353
vt 0.872349 0.560825
vt 0.875561 0.560825
vt 0.871392 0.560825
vt 0.880322 0.502265
vt 0.883580 0.502265
vt 0.879449 0.502265
vt 0.888193 0.444455
vt 0.891496 0.444455
vt 0.887404 0.444455
vt 0.895962 0.387393
vt 0.899310 0.387393
vt 0.895255 0.387393
vt 0.903189 0.334313
vt 0.906579 0.334313
vt 0.902559 0.334313
vt 0.863658 0.654262
vt 0.862932 0.642985
vt 0.866168 0.642985
vt 0.865819 0.665262
vt 0.872243 0.673917
vt 0.876813 0.683033
vt 0.895133 0.707217
vt 0.904682 0.707784
vt 0.921907 0.715074
vt 0.948681 0.707217
vt 0.967001 0.683033
vt 0.971571 0.673917
vt 0.980155 0.654262
vt 0.977400 0.251137
vt 0.977400 0.250145
vt 0.987863 0.242589
vt 0.977400 0.249132
vt 0.977400 0.248226
vt 0.977400 0.247241
vt 0.977400 0.246247
vt 0.977400 0.245110
vt 0.977400 0.243871
vt 0.977400 0.242589
vt 0.977400 0.241316
vt 0.977400 0.240075
vt 0.977400 0.238959
vt 0.977400 0.237944
vt 0.977400 0.236914
vt 0.977400 0.235827
vt 0.977400 0.234798
vt 0.967306 0.257434
vt 0.967306 0.255445
vt 0.834446 0.338534
vt 0.834446 0.353377
vt 0.967307 0.259383
vt 0.834446 0.367923
vt 0.834445 0.325239
vt 0.967306 0.253663
vt 0.834445 0.310794
vt 0.967306 0.251728
vt 0.834445 0.296228
vt 0.967306 0.249776
vt 0.834446 0.279557
vt 0.967306 0.247542
vt 0.834446 0.261394
vt 0.967306 0.245109
vt 0.834446 0.242589
vt 0.967306 0.242589
vt 0.834446 0.223929
vt 0.967306 0.240089
vt 0.834446 0.205726
vt 0.967306 0.237650
vt 0.834446 0.189367
vt 0.967306 0.235458
vt 0.834446 0.174477
vt 0.967306 0.233463
vt 0.834446 0.159372
vt 0.967306 0.231439
vt 0.834446 0.143447
vt 0.967306 0.229305
vt 0.834446 0.128351
vt 0.967306 0.227282
vt 0.834446 0.113394
vt 0.967306 0.225278
vt 0.977400 0.233778
vt 0.977400 0.237944
vt 0.977400 0.238959
vt 0.977400 0.243871
vt 0.977400 0.246247
vt 0.977400 0.248226
vt 0.967306 0.229305
vt 0.834446 0.143447
vt 0.834446 0.128351
vt 0.834446 0.159373
vt 0.967306 0.231439
vt 0.834446 0.174477
vt 0.967306 0.233463
vt 0.834446 0.189367
vt 0.967306 0.235458
vt 0.834446 0.205727
vt 0.967306 0.237650
vt 0.834446 0.223929
vt 0.967306 0.240089
vt 0.834446 0.242589
vt 0.967306 0.242589
vt 0.834446 0.261394
vt 0.967306 0.245109
vt 0.834446 0.279557
vt 0.967306 0.247542
vt 0.834446 0.296228
vt 0.967306 0.249776
vt 0.834446 0.310794
vt 0.834446 0.325239
vt 0.967306 0.253663
vt 0.834446 0.338534
vt 0.834446 0.353377
s 1
usemtl Airplane10_01
f 2366/1315/1656 2365/1316/1657 2364/1317/1658
f 2367/1318/1659 2364/1317/1658 2365/1316/1657
f 2365/1316/1657 2366/1315/1656 2368/1319/1660
f 2369/1320/1661 2368/1319/1660 2366/1315/1656
f 2368/1319/1660 2369/1320/1661 2370/1321/1662
f 2371/1322/1663 2370/1321/1662 2369/1320/1661
f 2370/1321/1662 2371/1322/1663 2372/1323/1664
f 2373/1324/1665 2372/1323/1664 2371/1322/1663
f 2372/1323/1664 2373/1324/1665 2374/1325/1666
f 2375/1326/1667 2374/1325/1666 2373/1324/1665
f 2374/1325/1666 2375/1326/1667 2376/1327/1668
f 2377/1328/1669 2376/1327/1668 2375/1326/1667
f 2376/1327/1668 2377/1328/1669 2378/1329/1670
f 2379/1330/1671 2378/1329/1670 2377/1328/1669
f 2378/1329/1670 2379/1330/1671 2380/1331/1672
f 2381/1332/1673 2380/1331/1672 2379/1330/1671
f 2380/1331/1672 2381/1332/1673 2382/1333/1674
f 2383/1334/1675 2382/1333/1674 2381/1332/1673
f 2382/1333/1674 2383/1334/1675 2384/1335/1676
f 2385/1336/1677 2384/1335/1676 2383/1334/1675
f 2384/1335/1676 2385/1336/1677 2386/1337/1678
f 2387/1338/1679 2386/1337/1678 2385/1336/1677
f 2386/1337/1678 2387/1338/1679 2388/1339/1680
f 2389/1340/1681 2388/1339/1680 2387/1338/1679
f 2388/1339/1680 2389/1340/1681 2390/1341/1682
f 2391/1342/1683 2390/1341/1682 2389/1340/1681
f 2390/1341/1682 2391/1342/1683 2392/1343/1684
f 2393/1344/1685 2392/1343/1684 2391/1342/1683
f 2392/1343/1684 2393/1344/1685 2394/1345/1686
f 2395/1346/1687 2394/1345/1686 2393/1344/1685
f 2394/1345/1686 2395/1346/1687 2396/1347/1688
f 2397/1348/1689 2396/1347/1688 2395/1346/1687
f 2396/1347/1688 2397/1348/1689 2398/1349/1690
f 2399/1350/1691 2398/1349/1690 2397/1348/1689
f 2398/1349/1690 2399/1350/1691 2400/1351/1692
f 2401/1352/1693 2400/1351/1692 2399/1350/1691
f 2400/1351/1692 2401/1352/1693 2402/1353/1694
f 2403/1354/1695 2402/1353/1694 2401/1352/1693
f 2402/1353/1694 2403/1354/1695 2404/1355/1696
f 2405/1356/1697 2404/1355/1696 2403/1354/1695
f 2391/1342/1683 2406/1357/1698 2393/1344/1685
f 2406/1357/1698 2391/1342/1683 2407/1358/1699
f 2389/1340/1681 2407/1358/1699 2391/1342/1683
f 2407/1358/1699 2389/1340/1681 2408/1359/1700
f 2387/1338/1679 2408/1359/1700 2389/1340/1681
f 2397/1348/1689 2409/1360/1701 2399/1350/1691
f 2409/1360/1701 2397/1348/1689 2410/1361/1702
f 2395/1346/1687 2410/1361/1702 2397/1348/1689
f 2410/1361/1702 2395/1346/1687 2411/1362/1703
f 2411/1362/1703 2393/1344/1685 2406/1357/1698
f 2393/1344/1685 2411/1362/1703 2395/1346/1687
f 2403/1354/1695 2412/1363/1704 2405/1356/1697
f 2412/1363/1704 2403/1354/1695 2413/1364/1705
f 2401/1352/1693 2413/1364/1705 2403/1354/1695
f 2413/1364/1705 2401/1352/1693 2414/1365/1706
f 2414/1365/1706 2399/1350/1691 2409/1360/1701
f 2399/1350/1691 2414/1365/1706 2401/1352/1693
f 2385/1336/1677 2415/1366/1707 2387/1338/1679
f 2415/1366/1707 2385/1336/1677 2416/1367/1708
f 2383/1334/1675 2416/1367/1708 2385/1336/1677
f 2381/1332/1673 2417/1368/1709 2383/1334/1675
f 2417/1368/1709 2381/1332/1673 2418/1369/1710
f 2379/1330/1671 2418/1369/1710 2381/1332/1673
f 2418/1369/1710 2379/1330/1671 2419/1370/1711
f 2377/1328/1669 2419/1370/1711 2379/1330/1671
f 2419/1370/1711 2377/1328/1669 2420/1371/1712
f 2375/1326/1667 2420/1371/1712 2377/1328/1669
f 2420/1371/1712 2375/1326/1667 2421/1372/1713
f 2373/1324/1665 2421/1372/1713 2375/1326/1667
f 2421/1372/1713 2373/1324/1665 2422/1373/1714
f 2371/1322/1663 2422/1373/1714 2373/1324/1665
f 2422/1373/1714 2371/1322/1663 2423/1374/1715
f 2369/1320/1661 2423/1374/1715 2371/1322/1663
f 2423/1374/1715 2369/1320/1661 2424/1375/1716
f 2366/1315/1656 2424/1375/1716 2369/1320/1661
f 2424/1375/1716 2366/1315/1656 2425/1376/1717
f 2364/1317/1658 2425/1376/1717 2366/1315/1656
f 2364/1317/1658 2426/1377/1718 2425/1376/1717
f 2426/1377/1718 2364/1317/1658 2427/1378/1719
f 2367/1318/1659 2427/1378/1719 2364/1317/1658
f 2428/1379/1720 2425/1376/1717 2426/1377/1718
f 2426/1377/1718 2427/1378/1719 2429/1380/1721
f 2430/1381/1722 2429/1380/1721 2427/1378/1719
f 2429/1380/1721 2431/1382/1723 2426/1377/1718
f 2428/1379/1720 2426/1377/1718 2431/1382/1723
f 2429/1380/1721 2430/1381/1722 2432/1383/1724
f 2433/1384/1725 2432/1383/1724 2430/1381/1722
f 2432/1383/1724 2434/1385/1726 2429/1380/1721
f 2431/1382/1723 2429/1380/1721 2434/1385/1726
f 2432/1383/1724 2433/1384/1725 2435/1386/1727
f 2436/1387/1728 2435/1386/1727 2433/1384/1725
f 2435/1386/1727 2437/1388/1729 2432/1383/1724
f 2434/1385/1726 2432/1383/1724 2437/1388/1729
f 2435/1386/1727 2436/1387/1728 2438/1389/1730
f 2439/1390/1731 2438/1389/1730 2436/1387/1728
f 2438/1389/1730 2440/1391/1732 2435/1386/1727
f 2437/1388/1729 2435/1386/1727 2440/1391/1732
f 2438/1389/1730 2439/1390/1731 2441/1392/1733
f 2438/1389/1730 2441/1392/1733 2440/1391/1732
f 2442/1393/1734 2441/1392/1733 2439/1390/1731
f 2443/1394/1735 2440/1391/1732 2441/1392/1733
f 2444/1367/1708 2383/1334/1675 2417/1368/1709
f 2445/1359/1700 2387/1338/1679 2415/1366/1707
f 2446/1395/1736 2405/1356/1697 2412/1363/1704
f 2446/1395/1736 2447/1396/1737 2405/1356/1697
f 2448/1397/1738 2405/1356/1697 2447/1396/1737
f 2405/1356/1697 2448/1397/1738 2404/1355/1696
f 2449/1398/1739 2404/1355/1696 2448/1397/1738
f 2448/1397/1738 2450/1399/1740 2449/1398/1739
f 2451/1400/1741 2449/1398/1739 2450/1399/1740
f 2447/1396/1737 2452/1401/1742 2448/1397/1738
f 2450/1399/1740 2448/1397/1738 2452/1401/1742
f 2450/1399/1740 2453/1402/1743 2451/1400/1741
f 2454/1403/1744 2451/1400/1741 2453/1402/1743
f 2453/1402/1743 2450/1399/1740 2455/1404/1745
f 2452/1401/1742 2455/1404/1745 2450/1399/1740
f 2453/1402/1743 2456/1405/1746 2454/1403/1744
f 2457/1406/1747 2454/1403/1744 2456/1405/1746
f 2456/1405/1746 2453/1402/1743 2458/1407/1748
f 2455/1404/1745 2458/1407/1748 2453/1402/1743
f 2456/1405/1746 2459/1408/1749 2457/1406/1747
f 2460/1409/1750 2457/1406/1747 2459/1408/1749
f 2459/1408/1749 2456/1405/1746 2461/1410/1751
f 2458/1407/1748 2461/1410/1751 2456/1405/1746
f 2459/1408/1749 2462/1411/1752 2460/1409/1750
f 2463/1412/1753 2460/1409/1750 2462/1411/1752
f 2462/1411/1752 2459/1408/1749 2464/1413/1754
f 2461/1410/1751 2464/1413/1754 2459/1408/1749
f 2467/1316/1755 2466/1319/1756 2465/1318/1757
f 2466/1319/1756 2468/1321/1758 2465/1318/1757
f 2468/1321/1758 2469/1323/1759 2465/1318/1757
f 2469/1323/1759 2470/1325/1760 2465/1318/1757
f 2470/1325/1760 2471/1327/1761 2465/1318/1757
f 2471/1327/1761 2472/1329/1762 2465/1318/1757
f 2472/1329/1762 2473/1331/1763 2465/1318/1757
f 2473/1331/1763 2474/1333/1764 2465/1318/1757
f 2474/1333/1764 2475/1335/1765 2465/1318/1757
f 2475/1335/1765 2476/1337/1766 2465/1318/1757
f 2476/1337/1766 2477/1339/1767 2465/1318/1757
f 2477/1339/1767 2478/1341/1768 2465/1318/1757
f 2478/1341/1768 2479/1343/1769 2465/1318/1757
f 2479/1343/1769 2480/1345/1770 2465/1318/1757
f 2480/1345/1770 2481/1347/1771 2465/1318/1757
f 2481/1347/1771 2482/1349/1772 2465/1318/1757
f 2482/1349/1772 2483/1351/1773 2465/1318/1757
f 2483/1351/1773 2484/1353/1774 2465/1318/1757
f 2484/1353/1774 2485/1355/1775 2465/1318/1757
f 2485/1355/1775 2486/1398/1776 2465/1318/1757
f 2487/1378/1777 2465/1318/1757 2486/1398/1776
f 2487/1378/1777 2486/1398/1776 2488/1381/1778
f 2489/1400/1779 2488/1381/1778 2486/1398/1776
f 2489/1400/1779 2490/1403/1780 2488/1381/1778
f 2491/1384/1781 2488/1381/1778 2490/1403/1780
f 2490/1403/1780 2492/1406/1782 2491/1384/1781
f 2493/1387/1783 2491/1384/1781 2492/1406/1782
f 2492/1406/1782 2494/1409/1784 2493/1387/1783
f 2495/1390/1785 2493/1387/1783 2494/1409/1784
f 2494/1409/1784 2496/1412/1786 2495/1390/1785
f 2497/1393/1787 2495/1390/1785 2496/1412/1786
f 2500/1414/1788 2499/1353/1789 2498/1415/1790
f 2501/1416/1791 2498/1415/1790 2499/1353/1789
f 2499/1353/1789 2500/1414/1788 2502/1351/1792
f 2503/1417/1793 2502/1351/1792 2500/1414/1788
f 2502/1351/1792 2503/1417/1793 2504/1418/1794
f 2505/1350/1795 2504/1418/1794 2503/1417/1793
f 2504/1418/1794 2505/1350/1795 2506/1419/1796
f 2507/1348/1797 2506/1419/1796 2505/1350/1795
f 2506/1419/1796 2507/1348/1797 2508/1345/1798
f 2509/1346/1799 2508/1345/1798 2507/1348/1797
f 2508/1345/1798 2509/1346/1799 2510/1343/1800
f 2511/1344/1801 2510/1343/1800 2509/1346/1799
f 2510/1343/1800 2511/1344/1801 2512/1341/1802
f 2513/1420/1803 2512/1341/1802 2511/1344/1801
f 2512/1341/1802 2513/1420/1803 2514/1421/1804
f 2515/1340/1805 2514/1421/1804 2513/1420/1803
f 2514/1421/1804 2515/1340/1805 2516/1337/1806
f 2517/1338/1807 2516/1337/1806 2515/1340/1805
f 2516/1337/1806 2517/1338/1807 2518/1335/1808
f 2519/1422/1809 2518/1335/1808 2517/1338/1807
f 2518/1335/1808 2519/1422/1809 2520/1333/1810
f 2521/1334/1811 2520/1333/1810 2519/1422/1809
f 2520/1333/1810 2521/1334/1811 2522/1331/1812
f 2523/1332/1813 2522/1331/1812 2521/1334/1811
f 2522/1331/1812 2523/1332/1813 2524/1329/1814
f 2525/1423/1815 2524/1329/1814 2523/1332/1813
f 2524/1329/1814 2525/1423/1815 2526/1327/1816
f 2527/1328/1817 2526/1327/1816 2525/1423/1815
f 2526/1327/1816 2527/1328/1817 2528/1325/1818
f 2529/1326/1819 2528/1325/1818 2527/1328/1817
f 2528/1325/1818 2529/1326/1819 2530/1424/1820
f 2531/1324/1821 2530/1424/1820 2529/1326/1819
f 2530/1424/1820 2531/1324/1821 2532/1425/1822
f 2533/1322/1823 2532/1425/1822 2531/1324/1821
f 2532/1425/1822 2533/1322/1823 2534/1319/1824
f 2535/1320/1825 2534/1319/1824 2533/1322/1823
f 2534/1319/1824 2535/1320/1825 2536/1316/1826
f 2537/1426/1827 2536/1316/1826 2535/1320/1825
f 2536/1316/1826 2537/1426/1827 2538/1318/1828
f 2539/1317/1829 2538/1318/1828 2537/1426/1827
f 2525/1423/1815 2540/1369/1710 2527/1328/1817
f 2540/1369/1710 2525/1423/1815 2541/1368/1709
f 2523/1332/1813 2541/1368/1709 2525/1423/1815
f 2541/1368/1709 2523/1332/1813 2542/1367/1708
f 2521/1334/1811 2542/1367/1708 2523/1332/1813
f 2531/1324/1821 2543/1372/1713 2533/1322/1823
f 2543/1372/1713 2531/1324/1821 2544/1371/1712
f 2529/1326/1819 2544/1371/1712 2531/1324/1821
f 2544/1371/1712 2529/1326/1819 2545/1370/1711
f 2545/1370/1711 2527/1328/1817 2540/1369/1710
f 2527/1328/1817 2545/1370/1711 2529/1326/1819
f 2537/1426/1827 2546/1375/1716 2539/1317/1829
f 2546/1375/1716 2537/1426/1827 2547/1374/1715
f 2535/1320/1825 2547/1374/1715 2537/1426/1827
f 2547/1374/1715 2535/1320/1825 2548/1373/1714
f 2548/1373/1714 2533/1322/1823 2543/1372/1713
f 2533/1322/1823 2548/1373/1714 2535/1320/1825
f 2519/1422/1809 2549/1366/1707 2521/1334/1811
f 2549/1366/1707 2519/1422/1809 2550/1359/1700
f 2517/1338/1807 2550/1359/1700 2519/1422/1809
f 2515/1340/1805 2551/1358/1830 2517/1338/1807
f 2551/1358/1830 2515/1340/1805 2552/1357/1698
f 2513/1420/1803 2552/1357/1698 2515/1340/1805
f 2552/1357/1698 2513/1420/1803 2553/1362/1703
f 2511/1344/1801 2553/1362/1703 2513/1420/1803
f 2553/1362/1703 2511/1344/1801 2554/1361/1702
f 2509/1346/1799 2554/1361/1702 2511/1344/1801
f 2554/1361/1702 2509/1346/1799 2555/1360/1701
f 2507/1348/1797 2555/1360/1701 2509/1346/1799
f 2555/1360/1701 2507/1348/1797 2556/1365/1706
f 2505/1350/1795 2556/1365/1706 2507/1348/1797
f 2556/1365/1706 2505/1350/1795 2557/1364/1705
f 2503/1417/1793 2557/1364/1705 2505/1350/1795
f 2557/1364/1705 2503/1417/1793 2558/1363/1704
f 2500/1414/1788 2558/1363/1704 2503/1417/1793
f 2558/1363/1704 2500/1414/1788 2559/1395/1736
f 2498/1415/1790 2559/1395/1736 2500/1414/1788
f 2498/1415/1790 2560/1397/1831 2559/1395/1736
f 2560/1397/1831 2498/1415/1790 2561/1398/1832
f 2501/1416/1791 2561/1398/1832 2498/1415/1790
f 2562/1396/1737 2559/1395/1736 2560/1397/1831
f 2560/1397/1831 2561/1398/1832 2563/1399/1833
f 2564/1400/1834 2563/1399/1833 2561/1398/1832
f 2563/1399/1833 2565/1401/1742 2560/1397/1831
f 2562/1396/1737 2560/1397/1831 2565/1401/1742
f 2563/1399/1833 2564/1400/1834 2566/1402/1835
f 2567/1403/1836 2566/1402/1835 2564/1400/1834
f 2566/1402/1835 2568/1404/1745 2563/1399/1833
f 2565/1401/1742 2563/1399/1833 2568/1404/1745
f 2566/1402/1835 2567/1403/1836 2569/1405/1837
f 2570/1406/1838 2569/1405/1837 2567/1403/1836
f 2569/1405/1837 2571/1407/1748 2566/1402/1835
f 2568/1404/1745 2566/1402/1835 2571/1407/1748
f 2569/1405/1837 2570/1406/1838 2572/1408/1839
f 2573/1409/1840 2572/1408/1839 2570/1406/1838
f 2572/1408/1839 2574/1410/1751 2569/1405/1837
f 2571/1407/1748 2569/1405/1837 2574/1410/1751
f 2572/1408/1839 2573/1409/1840 2575/1411/1841
f 2572/1408/1839 2575/1411/1841 2574/1410/1751
f 2576/1412/1842 2575/1411/1841 2573/1409/1840
f 2577/1413/1754 2574/1410/1751 2575/1411/1841
f 2578/1359/1700 2517/1338/1807 2551/1358/1830
f 2579/1367/1708 2521/1334/1811 2549/1366/1707
f 2580/1376/1717 2539/1317/1829 2546/1375/1716
f 2580/1376/1717 2581/1379/1720 2539/1317/1829
f 2582/1377/1843 2539/1317/1829 2581/1379/1720
f 2539/1317/1829 2582/1377/1843 2538/1318/1828
f 2583/1378/1844 2538/1318/1828 2582/1377/1843
f 2582/1377/1843 2584/1380/1845 2583/1378/1844
f 2585/1381/1846 2583/1378/1844 2584/1380/1845
f 2581/1379/1720 2586/1382/1723 2582/1377/1843
f 2584/1380/1845 2582/1377/1843 2586/1382/1723
f 2584/1380/1845 2587/1383/1847 2585/1381/1846
f 2588/1384/1848 2585/1381/1846 2587/1383/1847
f 2587/1383/1847 2584/1380/1845 2589/1385/1726
f 2586/1382/1723 2589/1385/1726 2584/1380/1845
f 2587/1383/1847 2590/1386/1849 2588/1384/1848
f 2591/1387/1850 2588/1384/1848 2590/1386/1849
f 2590/1386/1849 2587/1383/1847 2592/1388/1729
f 2589/1385/1726 2592/1388/1729 2587/1383/1847
f 2590/1386/1849 2593/1389/1851 2591/1387/1850
f 2594/1390/1852 2591/1387/1850 2593/1389/1851
f 2593/1389/1851 2590/1386/1849 2595/1391/1732
f 2592/1388/1729 2595/1391/1732 2590/1386/1849
f 2593/1389/1851 2596/1392/1853 2594/1390/1852
f 2597/1393/1854 2594/1390/1852 2596/1392/1853
f 2596/1392/1853 2593/1389/1851 2598/1394/1735
f 2595/1391/1732 2598/1394/1735 2593/1389/1851
f 2601/1353/1855 2600/1351/1856 2599/1416/1857
f 2600/1351/1856 2602/1418/1858 2599/1416/1857
f 2602/1418/1858 2603/1419/1859 2599/1416/1857
f 2603/1419/1859 2604/1345/1860 2599/1416/1857
f 2604/1345/1860 2605/1343/1861 2599/1416/1857
f 2605/1343/1861 2606/1341/1862 2599/1416/1857
f 2606/1341/1862 2607/1421/1863 2599/1416/1857
f 2607/1421/1863 2608/1337/1864 2599/1416/1857
f 2608/1337/1864 2609/1335/1865 2599/1416/1857
f 2609/1335/1865 2610/1333/1866 2599/1416/1857
f 2610/1333/1866 2611/1331/1867 2599/1416/1857
f 2611/1331/1867 2612/1329/1868 2599/1416/1857
f 2612/1329/1868 2613/1327/1869 2599/1416/1857
f 2613/1327/1869 2614/1325/1870 2599/1416/1857
f 2614/1325/1870 2615/1424/1871 2599/1416/1857
f 2615/1424/1871 2616/1425/1872 2599/1416/1857
f 2616/1425/1872 2617/1319/1873 2599/1416/1857
f 2617/1319/1873 2618/1316/1874 2599/1416/1857
f 2618/1316/1874 2619/1318/1875 2599/1416/1857
f 2619/1318/1875 2620/1378/1876 2599/1416/1857
f 2621/1398/1877 2599/1416/1857 2620/1378/1876
f 2621/1398/1877 2620/1378/1876 2622/1400/1878
f 2623/1381/1879 2622/1400/1878 2620/1378/1876
f 2623/1381/1879 2624/1384/1880 2622/1400/1878
f 2625/1403/1881 2622/1400/1878 2624/1384/1880
f 2624/1384/1880 2626/1387/1882 2625/1403/1881
f 2627/1406/1883 2625/1403/1881 2626/1387/1882
f 2626/1387/1882 2628/1390/1884 2627/1406/1883
f 2629/1409/1885 2627/1406/1883 2628/1390/1884
f 2628/1390/1884 2630/1393/1886 2629/1409/1885
f 2631/1412/1887 2629/1409/1885 2630/1393/1886
f 2634/1315/1888 2633/1316/1889 2632/1317/1890
f 2635/1318/1891 2632/1317/1890 2633/1316/1889
f 2633/1316/1889 2634/1315/1888 2636/1319/1892
f 2637/1320/1893 2636/1319/1892 2634/1315/1888
f 2636/1319/1892 2637/1320/1893 2638/1321/1894
f 2639/1322/1895 2638/1321/1894 2637/1320/1893
f 2638/1321/1894 2639/1322/1895 2640/1323/1896
f 2641/1324/1897 2640/1323/1896 2639/1322/1895
f 2640/1323/1896 2641/1324/1897 2642/1325/1898
f 2643/1326/1899 2642/1325/1898 2641/1324/1897
f 2642/1325/1898 2643/1326/1899 2644/1327/1900
f 2645/1328/1901 2644/1327/1900 2643/1326/1899
f 2644/1327/1900 2645/1328/1901 2646/1329/1902
f 2647/1330/1903 2646/1329/1902 2645/1328/1901
f 2646/1329/1902 2647/1330/1903 2648/1331/1904
f 2649/1332/1905 2648/1331/1904 2647/1330/1903
f 2648/1331/1904 2649/1332/1905 2650/1333/1906
f 2651/1334/1907 2650/1333/1906 2649/1332/1905
f 2650/1333/1906 2651/1334/1907 2652/1335/1908
f 2653/1336/1909 2652/1335/1908 2651/1334/1907
f 2652/1335/1908 2653/1336/1909 2654/1337/1910
f 2655/1338/1911 2654/1337/1910 2653/1336/1909
f 2654/1337/1910 2655/1338/1911 2656/1339/1912
f 2657/1340/1913 2656/1339/1912 2655/1338/1911
f 2656/1339/1912 2657/1340/1913 2658/1341/1914
f 2659/1342/1915 2658/1341/1914 2657/1340/1913
f 2658/1341/1914 2659/1342/1915 2660/1343/1916
f 2661/1344/1917 2660/1343/1916 2659/1342/1915
f 2660/1343/1916 2661/1344/1917 2662/1345/1918
f 2663/1346/1919 2662/1345/1918 2661/1344/1917
f 2662/1345/1918 2663/1346/1919 2664/1347/1920
f 2665/1348/1921 2664/1347/1920 2663/1346/1919
f 2664/1347/1920 2665/1348/1921 2666/1349/1922
f 2667/1350/1923 2666/1349/1922 2665/1348/1921
f 2666/1349/1922 2667/1350/1923 2668/1351/1924
f 2669/1352/1925 2668/1351/1924 2667/1350/1923
f 2668/1351/1924 2669/1352/1925 2670/1353/1926
f 2671/1354/1927 2670/1353/1926 2669/1352/1925
f 2670/1353/1926 2671/1354/1927 2672/1355/1928
f 2673/1356/1929 2672/1355/1928 2671/1354/1927
f 2659/1342/1915 2674/1357/1930 2661/1344/1917
f 2674/1357/1930 2659/1342/1915 2675/1358/1931
f 2657/1340/1913 2675/1358/1931 2659/1342/1915
f 2675/1358/1931 2657/1340/1913 2676/1359/1932
f 2655/1338/1911 2676/1359/1932 2657/1340/1913
f 2665/1348/1921 2677/1360/1933 2667/1350/1923
f 2677/1360/1933 2665/1348/1921 2678/1361/1934
f 2663/1346/1919 2678/1361/1934 2665/1348/1921
f 2678/1361/1934 2663/1346/1919 2679/1362/1935
f 2679/1362/1935 2661/1344/1917 2674/1357/1930
f 2661/1344/1917 2679/1362/1935 2663/1346/1919
f 2671/1354/1927 2680/1363/1936 2673/1356/1929
f 2680/1363/1936 2671/1354/1927 2681/1364/1937
f 2669/1352/1925 2681/1364/1937 2671/1354/1927
f 2681/1364/1937 2669/1352/1925 2682/1365/1938
f 2682/1365/1938 2667/1350/1923 2677/1360/1933
f 2667/1350/1923 2682/1365/1938 2669/1352/1925
f 2653/1336/1909 2683/1366/1939 2655/1338/1911
f 2683/1366/1939 2653/1336/1909 2684/1367/1940
f 2651/1334/1907 2684/1367/1940 2653/1336/1909
f 2649/1332/1905 2685/1368/1941 2651/1334/1907
f 2685/1368/1941 2649/1332/1905 2686/1369/1942
f 2647/1330/1903 2686/1369/1942 2649/1332/1905
f 2686/1369/1942 2647/1330/1903 2687/1370/1943
f 2645/1328/1901 2687/1370/1943 2647/1330/1903
f 2687/1370/1943 2645/1328/1901 2688/1371/1944
f 2643/1326/1899 2688/1371/1944 2645/1328/1901
f 2688/1371/1944 2643/1326/1899 2689/1372/1945
f 2641/1324/1897 2689/1372/1945 2643/1326/1899
f 2689/1372/1945 2641/1324/1897 2690/1373/1946
f 2639/1322/1895 2690/1373/1946 2641/1324/1897
f 2690/1373/1946 2639/1322/1895 2691/1374/1947
f 2637/1320/1893 2691/1374/1947 2639/1322/1895
f 2691/1374/1947 2637/1320/1893 2692/1375/1948
f 2634/1315/1888 2692/1375/1948 2637/1320/1893
f 2692/1375/1948 2634/1315/1888 2693/1376/1949
f 2632/1317/1890 2693/1376/1949 2634/1315/1888
f 2632/1317/1890 2694/1377/1950 2693/1376/1949
f 2694/1377/1950 2632/1317/1890 2695/1378/1951
f 2635/1318/1891 2695/1378/1951 2632/1317/1890
f 2696/1379/1952 2693/1376/1949 2694/1377/1950
f 2694/1377/1950 2695/1378/1951 2697/1380/1953
f 2698/1381/1954 2697/1380/1953 2695/1378/1951
f 2697/1380/1953 2699/1382/1955 2694/1377/1950
f 2696/1379/1952 2694/1377/1950 2699/1382/1955
f 2697/1380/1953 2698/1381/1954 2700/1383/1956
f 2701/1384/1957 2700/1383/1956 2698/1381/1954
f 2700/1383/1956 2702/1385/1958 2697/1380/1953
f 2699/1382/1955 2697/1380/1953 2702/1385/1958
f 2700/1383/1956 2701/1384/1957 2703/1386/1959
f 2704/1387/1960 2703/1386/1959 2701/1384/1957
f 2703/1386/1959 2705/1388/1961 2700/1383/1956
f 2702/1385/1958 2700/1383/1956 2705/1388/1961
f 2703/1386/1959 2704/1387/1960 2706/1389/1962
f 2707/1390/1963 2706/1389/1962 2704/1387/1960
f 2706/1389/1962 2708/1391/1964 2703/1386/1959
f 2705/1388/1961 2703/1386/1959 2708/1391/1964
f 2706/1389/1962 2707/1390/1963 2709/1392/1965
f 2706/1389/1962 2709/1392/1965 2708/1391/1964
f 2710/1393/1966 2709/1392/1965 2707/1390/1963
f 2711/1394/1967 2708/1391/1964 2709/1392/1965
f 2712/1367/1940 2651/1334/1907 2685/1368/1941
f 2713/1359/1932 2655/1338/1911 2683/1366/1939
f 2714/1395/1968 2673/1356/1929 2680/1363/1936
f 2714/1395/1968 2715/1396/1969 2673/1356/1929
f 2716/1397/1970 2673/1356/1929 2715/1396/1969
f 2673/1356/1929 2716/1397/1970 2672/1355/1928
f 2717/1398/1971 2672/1355/1928 2716/1397/1970
f 2716/1397/1970 2718/1399/1972 2717/1398/1971
f 2719/1400/1973 2717/1398/1971 2718/1399/1972
f 2715/1396/1969 2720/1401/1974 2716/1397/1970
f 2718/1399/1972 2716/1397/1970 2720/1401/1974
f 2718/1399/1972 2721/1402/1975 2719/1400/1973
f 2722/1403/1976 2719/1400/1973 2721/1402/1975
f 2721/1402/1975 2718/1399/1972 2723/1404/1977
f 2720/1401/1974 2723/1404/1977 2718/1399/1972
f 2721/1402/1975 2724/1405/1978 2722/1403/1976
f 2725/1406/1979 2722/1403/1976 2724/1405/1978
f 2724/1405/1978 2721/1402/1975 2726/1407/1980
f 2723/1404/1977 2726/1407/1980 2721/1402/1975
f 2724/1405/1978 2727/1408/1981 2725/1406/1979
f 2728/1409/1982 2725/1406/1979 2727/1408/1981
f 2727/1408/1981 2724/1405/1978 2729/1410/1983
f 2726/1407/1980 2729/1410/1983 2724/1405/1978
f 2727/1408/1981 2730/1411/1984 2728/1409/1982
f 2731/1412/1985 2728/1409/1982 2730/1411/1984
f 2730/1411/1984 2727/1408/1981 2732/1413/1986
f 2729/1410/1983 2732/1413/1986 2727/1408/1981
f 2735/1316/1987 2734/1319/1988 2733/1318/1989
f 2734/1319/1988 2736/1321/1990 2733/1318/1989
f 2736/1321/1990 2737/1323/1991 2733/1318/1989
f 2737/1323/1991 2738/1325/1992 2733/1318/1989
f 2738/1325/1992 2739/1327/1993 2733/1318/1989
f 2739/1327/1993 2740/1329/1994 2733/1318/1989
f 2740/1329/1994 2741/1331/1995 2733/1318/1989
f 2741/1331/1995 2742/1333/1996 2733/1318/1989
f 2742/1333/1996 2743/1335/1997 2733/1318/1989
f 2743/1335/1997 2744/1337/1998 2733/1318/1989
f 2744/1337/1998 2745/1339/1999 2733/1318/1989
f 2745/1339/1999 2746/1341/2000 2733/1318/1989
f 2746/1341/2000 2747/1343/2001 2733/1318/1989
f 2747/1343/2001 2748/1345/2002 2733/1318/1989
f 2748/1345/2002 2749/1347/2003 2733/1318/1989
f 2749/1347/2003 2750/1349/2004 2733/1318/1989
f 2750/1349/2004 2751/1351/2005 2733/1318/1989
f 2751/1351/2005 2752/1353/2006 2733/1318/1989
f 2752/1353/2006 2753/1355/2007 2733/1318/1989
f 2753/1355/2007 2754/1398/2008 2733/1318/1989
f 2755/1378/2009 2733/1318/1989 2754/1398/2008
f 2755/1378/2009 2754/1398/2008 2756/1381/2010
f 2757/1400/2011 2756/1381/2010 2754/1398/2008
f 2757/1400/2011 2758/1403/2012 2756/1381/2010
f 2759/1384/2013 2756/1381/2010 2758/1403/2012
f 2758/1403/2012 2760/1406/2014 2759/1384/2013
f 2761/1387/2015 2759/1384/2013 2760/1406/2014
f 2760/1406/2014 2762/1409/2016 2761/1387/2015
f 2763/1390/2017 2761/1387/2015 2762/1409/2016
f 2762/1409/2016 2764/1412/2018 2763/1390/2017
f 2765/1393/2019 2763/1390/2017 2764/1412/2018
f 2768/1414/2020 2767/1353/2021 2766/1415/2022
f 2769/1416/2023 2766/1415/2022 2767/1353/2021
f 2767/1353/2021 2768/1414/2020 2770/1351/2024
f 2771/1417/2025 2770/1351/2024 2768/1414/2020
f 2770/1351/2024 2771/1417/2025 2772/1418/2026
f 2773/1350/2027 2772/1418/2026 2771/1417/2025
f 2772/1418/2026 2773/1350/2027 2774/1419/2028
f 2775/1348/2029 2774/1419/2028 2773/1350/2027
f 2774/1419/2028 2775/1348/2029 2776/1345/2030
f 2777/1346/2031 2776/1345/2030 2775/1348/2029
f 2776/1345/2030 2777/1346/2031 2778/1343/2032
f 2779/1344/2033 2778/1343/2032 2777/1346/2031
f 2778/1343/2032 2779/1344/2033 2780/1341/2034
f 2781/1420/2035 2780/1341/2034 2779/1344/2033
f 2780/1341/2034 2781/1420/2035 2782/1421/2036
f 2783/1340/2037 2782/1421/2036 2781/1420/2035
f 2782/1421/2036 2783/1340/2037 2784/1337/2038
f 2785/1338/2039 2784/1337/2038 2783/1340/2037
f 2784/1337/2038 2785/1338/2039 2786/1335/2040
f 2787/1422/2041 2786/1335/2040 2785/1338/2039
f 2786/1335/2040 2787/1422/2041 2788/1333/2042
f 2789/1334/2043 2788/1333/2042 2787/1422/2041
f 2788/1333/2042 2789/1334/2043 2790/1331/2044
f 2791/1332/2045 2790/1331/2044 2789/1334/2043
f 2790/1331/2044 2791/1332/2045 2792/1329/2046
f 2793/1423/2047 2792/1329/2046 2791/1332/2045
f 2792/1329/2046 2793/1423/2047 2794/1327/2048
f 2795/1328/2049 2794/1327/2048 2793/1423/2047
f 2794/1327/2048 2795/1328/2049 2796/1325/2050
f 2797/1326/2051 2796/1325/2050 2795/1328/2049
f 2796/1325/2050 2797/1326/2051 2798/1424/2052
f 2799/1324/2053 2798/1424/2052 2797/1326/2051
f 2798/1424/2052 2799/1324/2053 2800/1425/2054
f 2801/1322/2055 2800/1425/2054 2799/1324/2053
f 2800/1425/2054 2801/1322/2055 2802/1319/2056
f 2803/1320/2057 2802/1319/2056 2801/1322/2055
f 2802/1319/2056 2803/1320/2057 2804/1316/2058
f 2805/1426/2059 2804/1316/2058 2803/1320/2057
f 2804/1316/2058 2805/1426/2059 2806/1318/2060
f 2807/1317/2061 2806/1318/2060 2805/1426/2059
f 2793/1423/2047 2808/1369/1942 2795/1328/2049
f 2808/1369/1942 2793/1423/2047 2809/1368/1941
f 2791/1332/2045 2809/1368/1941 2793/1423/2047
f 2809/1368/1941 2791/1332/2045 2810/1367/1940
f 2789/1334/2043 2810/1367/1940 2791/1332/2045
f 2799/1324/2053 2811/1372/1945 2801/1322/2055
f 2811/1372/1945 2799/1324/2053 2812/1371/1944
f 2797/1326/2051 2812/1371/1944 2799/1324/2053
f 2812/1371/1944 2797/1326/2051 2813/1370/1943
f 2813/1370/1943 2795/1328/2049 2808/1369/1942
f 2795/1328/2049 2813/1370/1943 2797/1326/2051
f 2805/1426/2059 2814/1375/1948 2807/1317/2061
f 2814/1375/1948 2805/1426/2059 2815/1374/1947
f 2803/1320/2057 2815/1374/1947 2805/1426/2059
f 2815/1374/1947 2803/1320/2057 2816/1373/1946
f 2816/1373/1946 2801/1322/2055 2811/1372/1945
f 2801/1322/2055 2816/1373/1946 2803/1320/2057
f 2787/1422/2041 2817/1366/1939 2789/1334/2043
f 2817/1366/1939 2787/1422/2041 2818/1359/1932
f 2785/1338/2039 2818/1359/1932 2787/1422/2041
f 2783/1340/2037 2819/1358/2062 2785/1338/2039
f 2819/1358/2062 2783/1340/2037 2820/1357/1930
f 2781/1420/2035 2820/1357/1930 2783/1340/2037
f 2820/1357/1930 2781/1420/2035 2821/1362/1935
f 2779/1344/2033 2821/1362/1935 2781/1420/2035
f 2821/1362/1935 2779/1344/2033 2822/1361/1934
f 2777/1346/2031 2822/1361/1934 2779/1344/2033
f 2822/1361/1934 2777/1346/2031 2823/1360/1933
f 2775/1348/2029 2823/1360/1933 2777/1346/2031
f 2823/1360/1933 2775/1348/2029 2824/1365/1938
f 2773/1350/2027 2824/1365/1938 2775/1348/2029
f 2824/1365/1938 2773/1350/2027 2825/1364/1937
f 2771/1417/2025 2825/1364/1937 2773/1350/2027
f 2825/1364/1937 2771/1417/2025 2826/1363/1936
f 2768/1414/2020 2826/1363/1936 2771/1417/2025
f 2826/1363/1936 2768/1414/2020 2827/1395/1968
f 2766/1415/2022 2827/1395/1968 2768/1414/2020
f 2766/1415/2022 2828/1397/2063 2827/1395/1968
f 2828/1397/2063 2766/1415/2022 2829/1398/2064
f 2769/1416/2023 2829/1398/2064 2766/1415/2022
f 2830/1396/1969 2827/1395/1968 2828/1397/2063
f 2828/1397/2063 2829/1398/2064 2831/1399/2065
f 2832/1400/2066 2831/1399/2065 2829/1398/2064
f 2831/1399/2065 2833/1401/1974 2828/1397/2063
f 2830/1396/1969 2828/1397/2063 2833/1401/1974
f 2831/1399/2065 2832/1400/2066 2834/1402/2067
f 2835/1403/2068 2834/1402/2067 2832/1400/2066
f 2834/1402/2067 2836/1404/1977 2831/1399/2065
f 2833/1401/1974 2831/1399/2065 2836/1404/1977
f 2834/1402/2067 2835/1403/2068 2837/1405/2069
f 2838/1406/2070 2837/1405/2069 2835/1403/2068
f 2837/1405/2069 2839/1407/1980 2834/1402/2067
f 2836/1404/1977 2834/1402/2067 2839/1407/1980
f 2837/1405/2069 2838/1406/2070 2840/1408/2071
f 2841/1409/2072 2840/1408/2071 2838/1406/2070
f 2840/1408/2071 2842/1410/1983 2837/1405/2069
f 2839/1407/1980 2837/1405/2069 2842/1410/1983
f 2840/1408/2071 2841/1409/2072 2843/1411/2073
f 2840/1408/2071 2843/1411/2073 2842/1410/1983
f 2844/1412/2074 2843/1411/2073 2841/1409/2072
f 2845/1413/1986 2842/1410/1983 2843/1411/2073
f 2846/1359/1932 2785/1338/2039 2819/1358/2062
f 2847/1367/1940 2789/1334/2043 2817/1366/1939
f 2848/1376/1949 2807/1317/2061 2814/1375/1948
f 2848/1376/1949 2849/1379/1952 2807/1317/2061
f 2850/1377/2075 2807/1317/2061 2849/1379/1952
f 2807/1317/2061 2850/1377/2075 2806/1318/2060
f 2851/1378/2076 2806/1318/2060 2850/1377/2075
f 2850/1377/2075 2852/1380/2077 2851/1378/2076
f 2853/1381/2078 2851/1378/2076 2852/1380/2077
f 2849/1379/1952 2854/1382/1955 2850/1377/2075
f 2852/1380/2077 2850/1377/2075 2854/1382/1955
f 2852/1380/2077 2855/1383/2079 2853/1381/2078
f 2856/1384/2080 2853/1381/2078 2855/1383/2079
f 2855/1383/2079 2852/1380/2077 2857/1385/1958
f 2854/1382/1955 2857/1385/1958 2852/1380/2077
f 2855/1383/2079 2858/1386/2081 2856/1384/2080
f 2859/1387/2082 2856/1384/2080 2858/1386/2081
f 2858/1386/2081 2855/1383/2079 2860/1388/1961
f 2857/1385/1958 2860/1388/1961 2855/1383/2079
f 2858/1386/2081 2861/1389/2083 2859/1387/2082
f 2862/1390/2084 2859/1387/2082 2861/1389/2083
f 2861/1389/2083 2858/1386/2081 2863/1391/1964
f 2860/1388/1961 2863/1391/1964 2858/1386/2081
f 2861/1389/2083 2864/1392/2085 2862/1390/2084
f 2865/1393/2086 2862/1390/2084 2864/1392/2085
f 2864/1392/2085 2861/1389/2083 2866/1394/1967
f 2863/1391/1964 2866/1394/1967 2861/1389/2083
f 2869/1353/2087 2868/1351/2088 2867/1416/2089
f 2868/1351/2088 2870/1418/2090 2867/1416/2089
f 2870/1418/2090 2871/1419/2091 2867/1416/2089
f 2871/1419/2091 2872/1345/2092 2867/1416/2089
f 2872/1345/2092 2873/1343/2093 2867/1416/2089
f 2873/1343/2093 2874/1341/2094 2867/1416/2089
f 2874/1341/2094 2875/1421/2095 2867/1416/2089
f 2875/1421/2095 2876/1337/2096 2867/1416/2089
f 2876/1337/2096 2877/1335/2097 2867/1416/2089
f 2877/1335/2097 2878/1333/2098 2867/1416/2089
f 2878/1333/2098 2879/1331/2099 2867/1416/2089
f 2879/1331/2099 2880/1329/2100 2867/1416/2089
f 2880/1329/2100 2881/1327/2101 2867/1416/2089
f 2881/1327/2101 2882/1325/2102 2867/1416/2089
f 2882/1325/2102 2883/1424/2103 2867/1416/2089
f 2883/1424/2103 2884/1425/2104 2867/1416/2089
f 2884/1425/2104 2885/1319/2105 2867/1416/2089
f 2885/1319/2105 2886/1316/2106 2867/1416/2089
f 2886/1316/2106 2887/1318/2107 2867/1416/2089
f 2887/1318/2107 2888/1378/2108 2867/1416/2089
f 2889/1398/2109 2867/1416/2089 2888/1378/2108
f 2889/1398/2109 2888/1378/2108 2890/1400/2110
f 2891/1381/2111 2890/1400/2110 2888/1378/2108
f 2891/1381/2111 2892/1384/2112 2890/1400/2110
f 2893/1403/2113 2890/1400/2110 2892/1384/2112
f 2892/1384/2112 2894/1387/2114 2893/1403/2113
f 2895/1406/2115 2893/1403/2113 2894/1387/2114
f 2894/1387/2114 2896/1390/2116 2895/1406/2115
f 2897/1409/2117 2895/1406/2115 2896/1390/2116
f 2896/1390/2116 2898/1393/2118 2897/1409/2117
f 2899/1412/2119 2897/1409/2117 2898/1393/2118
f 2902/1315/2120 2901/1316/2121 2900/1317/2122
f 2903/1318/2123 2900/1317/2122 2901/1316/2121
f 2901/1316/2121 2902/1315/2120 2904/1319/2124
f 2905/1320/2125 2904/1319/2124 2902/1315/2120
f 2904/1319/2124 2905/1320/2125 2906/1321/2126
f 2907/1322/2127 2906/1321/2126 2905/1320/2125
f 2906/1321/2126 2907/1322/2127 2908/1323/2128
f 2909/1324/2129 2908/1323/2128 2907/1322/2127
f 2908/1323/2128 2909/1324/2129 2910/1325/2130
f 2911/1326/2131 2910/1325/2130 2909/1324/2129
f 2910/1325/2130 2911/1326/2131 2912/1327/2132
f 2913/1328/2133 2912/1327/2132 2911/1326/2131
f 2912/1327/2132 2913/1328/2133 2914/1329/2134
f 2915/1330/2135 2914/1329/2134 2913/1328/2133
f 2914/1329/2134 2915/1330/2135 2916/1331/2136
f 2917/1332/2137 2916/1331/2136 2915/1330/2135
f 2916/1331/2136 2917/1332/2137 2918/1333/2138
f 2919/1334/2139 2918/1333/2138 2917/1332/2137
f 2918/1333/2138 2919/1334/2139 2920/1335/2140
f 2921/1336/2141 2920/1335/2140 2919/1334/2139
f 2920/1335/2140 2921/1336/2141 2922/1337/2142
f 2923/1338/2143 2922/1337/2142 2921/1336/2141
f 2922/1337/2142 2923/1338/2143 2924/1339/2144
f 2925/1340/2145 2924/1339/2144 2923/1338/2143
f 2924/1339/2144 2925/1340/2145 2926/1341/2146
f 2927/1342/2147 2926/1341/2146 2925/1340/2145
f 2926/1341/2146 2927/1342/2147 2928/1343/2148
f 2929/1344/2149 2928/1343/2148 2927/1342/2147
f 2928/1343/2148 2929/1344/2149 2930/1345/2150
f 2931/1346/2151 2930/1345/2150 2929/1344/2149
f 2930/1345/2150 2931/1346/2151 2932/1347/2152
f 2933/1348/2153 2932/1347/2152 2931/1346/2151
f 2932/1347/2152 2933/1348/2153 2934/1349/2154
f 2935/1350/2155 2934/1349/2154 2933/1348/2153
f 2934/1349/2154 2935/1350/2155 2936/1351/2156
f 2937/1352/2157 2936/1351/2156 2935/1350/2155
f 2936/1351/2156 2937/1352/2157 2938/1353/2158
f 2939/1354/2159 2938/1353/2158 2937/1352/2157
f 2938/1353/2158 2939/1354/2159 2940/1355/2160
f 2941/1356/2161 2940/1355/2160 2939/1354/2159
f 2927/1342/2147 2942/1357/2162 2929/1344/2149
f 2942/1357/2162 2927/1342/2147 2943/1358/2163
f 2925/1340/2145 2943/1358/2163 2927/1342/2147
f 2943/1358/2163 2925/1340/2145 2944/1359/2164
f 2923/1338/2143 2944/1359/2164 2925/1340/2145
f 2933/1348/2153 2945/1360/2165 2935/1350/2155
f 2945/1360/2165 2933/1348/2153 2946/1361/2166
f 2931/1346/2151 2946/1361/2166 2933/1348/2153
f 2946/1361/2166 2931/1346/2151 2947/1362/2167
f 2947/1362/2167 2929/1344/2149 2942/1357/2162
f 2929/1344/2149 2947/1362/2167 2931/1346/2151
f 2939/1354/2159 2948/1363/2168 2941/1356/2161
f 2948/1363/2168 2939/1354/2159 2949/1364/2169
f 2937/1352/2157 2949/1364/2169 2939/1354/2159
f 2949/1364/2169 2937/1352/2157 2950/1365/2170
f 2950/1365/2170 2935/1350/2155 2945/1360/2165
f 2935/1350/2155 2950/1365/2170 2937/1352/2157
f 2921/1336/2141 2951/1366/2171 2923/1338/2143
f 2951/1366/2171 2921/1336/2141 2952/1367/2172
f 2919/1334/2139 2952/1367/2172 2921/1336/2141
f 2917/1332/2137 2953/1368/2173 2919/1334/2139
f 2953/1368/2173 2917/1332/2137 2954/1369/2174
f 2915/1330/2135 2954/1369/2174 2917/1332/2137
f 2954/1369/2174 2915/1330/2135 2955/1370/2175
f 2913/1328/2133 2955/1370/2175 2915/1330/2135
f 2955/1370/2175 2913/1328/2133 2956/1371/2176
f 2911/1326/2131 2956/1371/2176 2913/1328/2133
f 2956/1371/2176 2911/1326/2131 2957/1372/2177
f 2909/1324/2129 2957/1372/2177 2911/1326/2131
f 2957/1372/2177 2909/1324/2129 2958/1373/2178
f 2907/1322/2127 2958/1373/2178 2909/1324/2129
f 2958/1373/2178 2907/1322/2127 2959/1374/2179
f 2905/1320/2125 2959/1374/2179 2907/1322/2127
f 2959/1374/2179 2905/1320/2125 2960/1375/2180
f 2902/1315/2120 2960/1375/2180 2905/1320/2125
f 2960/1375/2180 2902/1315/2120 2961/1376/2181
f 2900/1317/2122 2961/1376/2181 2902/1315/2120
f 2900/1317/2122 2962/1377/2182 2961/1376/2181
f 2962/1377/2182 2900/1317/2122 2963/1378/2183
f 2903/1318/2123 2963/1378/2183 2900/1317/2122
f 2964/1379/2184 2961/1376/2181 2962/1377/2182
f 2962/1377/2182 2963/1378/2183 2965/1380/2185
f 2966/1381/2186 2965/1380/2185 2963/1378/2183
f 2965/1380/2185 2967/1382/2187 2962/1377/2182
f 2964/1379/2184 2962/1377/2182 2967/1382/2187
f 2965/1380/2185 2966/1381/2186 2968/1383/2188
f 2969/1384/2189 2968/1383/2188 2966/1381/2186
f 2968/1383/2188 2970/1385/2190 2965/1380/2185
f 2967/1382/2187 2965/1380/2185 2970/1385/2190
f 2968/1383/2188 2969/1384/2189 2971/1386/2191
f 2972/1387/2192 2971/1386/2191 2969/1384/2189
f 2971/1386/2191 2973/1388/2193 2968/1383/2188
f 2970/1385/2190 2968/1383/2188 2973/1388/2193
f 2971/1386/2191 2972/1387/2192 2974/1389/2194
f 2975/1390/2195 2974/1389/2194 2972/1387/2192
f 2974/1389/2194 2976/1391/2196 2971/1386/2191
f 2973/1388/2193 2971/1386/2191 2976/1391/2196
f 2974/1389/2194 2975/1390/2195 2977/1392/2197
f 2974/1389/2194 2977/1392/2197 2976/1391/2196
f 2978/1393/2198 2977/1392/2197 2975/1390/2195
f 2979/1394/2199 2976/1391/2196 2977/1392/2197
f 2980/1367/2172 2919/1334/2139 2953/1368/2173
f 2981/1359/2164 2923/1338/2143 2951/1366/2171
f 2982/1395/2200 2941/1356/2161 2948/1363/2168
f 2982/1395/2200 2983/1396/2201 2941/1356/2161
f 2984/1397/2202 2941/1356/2161 2983/1396/2201
f 2941/1356/2161 2984/1397/2202 2940/1355/2160
f 2985/1398/2203 2940/1355/2160 2984/1397/2202
f 2984/1397/2202 2986/1399/2204 2985/1398/2203
f 2987/1400/2205 2985/1398/2203 2986/1399/2204
f 2983/1396/2201 2988/1401/2206 2984/1397/2202
f 2986/1399/2204 2984/1397/2202 2988/1401/2206
f 2986/1399/2204 2989/1402/2207 2987/1400/2205
f 2990/1403/2208 2987/1400/2205 2989/1402/2207
f 2989/1402/2207 2986/1399/2204 2991/1404/2209
f 2988/1401/2206 2991/1404/2209 2986/1399/2204
f 2989/1402/2207 2992/1405/2210 2990/1403/2208
f 2993/1406/2211 2990/1403/2208 2992/1405/2210
f 2992/1405/2210 2989/1402/2207 2994/1407/2212
f 2991/1404/2209 2994/1407/2212 2989/1402/2207
f 2992/1405/2210 2995/1408/2213 2993/1406/2211
f 2996/1409/2214 2993/1406/2211 2995/1408/2213
f 2995/1408/2213 2992/1405/2210 2997/1410/2215
f 2994/1407/2212 2997/1410/2215 2992/1405/2210
f 2995/1408/2213 2998/1411/2216 2996/1409/2214
f 2999/1412/2217 2996/1409/2214 2998/1411/2216
f 2998/1411/2216 2995/1408/2213 3000/1413/2218
f 2997/1410/2215 3000/1413/2218 2995/1408/2213
f 3003/1316/2219 3002/1319/2220 3001/1318/2221
f 3002/1319/2220 3004/1321/2222 3001/1318/2221
f 3004/1321/2222 3005/1323/2223 3001/1318/2221
f 3005/1323/2223 3006/1325/2224 3001/1318/2221
f 3006/1325/2224 3007/1327/2225 3001/1318/2221
f 3007/1327/2225 3008/1329/2226 3001/1318/2221
f 3008/1329/2226 3009/1331/2227 3001/1318/2221
f 3009/1331/2227 3010/1333/2228 3001/1318/2221
f 3010/1333/2228 3011/1335/2229 3001/1318/2221
f 3011/1335/2229 3012/1337/2230 3001/1318/2221
f 3012/1337/2230 3013/1339/2231 3001/1318/2221
f 3013/1339/2231 3014/1341/2232 3001/1318/2221
f 3014/1341/2232 3015/1343/2233 3001/1318/2221
f 3015/1343/2233 3016/1345/2234 3001/1318/2221
f 3016/1345/2234 3017/1347/2235 3001/1318/2221
f 3017/1347/2235 3018/1349/2236 3001/1318/2221
f 3018/1349/2236 3019/1351/2237 3001/1318/2221
f 3019/1351/2237 3020/1353/2238 3001/1318/2221
f 3020/1353/2238 3021/1355/2239 3001/1318/2221
f 3021/1355/2239 3022/1398/2240 3001/1318/2221
f 3023/1378/2241 3001/1318/2221 3022/1398/2240
f 3023/1378/2241 3022/1398/2240 3024/1381/2242
f 3025/1400/2243 3024/1381/2242 3022/1398/2240
f 3025/1400/2243 3026/1403/2244 3024/1381/2242
f 3027/1384/2245 3024/1381/2242 3026/1403/2244
f 3026/1403/2244 3028/1406/2246 3027/1384/2245
f 3029/1387/2247 3027/1384/2245 3028/1406/2246
f 3028/1406/2246 3030/1409/2248 3029/1387/2247
f 3031/1390/2249 3029/1387/2247 3030/1409/2248
f 3030/1409/2248 3032/1412/2250 3031/1390/2249
f 3033/1393/2251 3031/1390/2249 3032/1412/2250
f 3036/1414/2252 3035/1353/2253 3034/1415/2254
f 3037/1416/2255 3034/1415/2254 3035/1353/2253
f 3035/1353/2253 3036/1414/2252 3038/1351/2256
f 3039/1417/2257 3038/1351/2256 3036/1414/2252
f 3038/1351/2256 3039/1417/2257 3040/1418/2258
f 3041/1350/2259 3040/1418/2258 3039/1417/2257
f 3040/1418/2258 3041/1350/2259 3042/1419/2260
f 3043/1348/2261 3042/1419/2260 3041/1350/2259
f 3042/1419/2260 3043/1348/2261 3044/1345/2262
f 3045/1346/2263 3044/1345/2262 3043/1348/2261
f 3044/1345/2262 3045/1346/2263 3046/1343/2264
f 3047/1344/2265 3046/1343/2264 3045/1346/2263
f 3046/1343/2264 3047/1344/2265 3048/1341/2266
f 3049/1420/2267 3048/1341/2266 3047/1344/2265
f 3048/1341/2266 3049/1420/2267 3050/1421/2268
f 3051/1340/2269 3050/1421/2268 3049/1420/2267
f 3050/1421/2268 3051/1340/2269 3052/1337/2270
f 3053/1338/2271 3052/1337/2270 3051/1340/2269
f 3052/1337/2270 3053/1338/2271 3054/1335/2272
f 3055/1422/2273 3054/1335/2272 3053/1338/2271
f 3054/1335/2272 3055/1422/2273 3056/1333/2274
f 3057/1334/2275 3056/1333/2274 3055/1422/2273
f 3056/1333/2274 3057/1334/2275 3058/1331/2276
f 3059/1332/2277 3058/1331/2276 3057/1334/2275
f 3058/1331/2276 3059/1332/2277 3060/1329/2278
f 3061/1423/2279 3060/1329/2278 3059/1332/2277
f 3060/1329/2278 3061/1423/2279 3062/1327/2280
f 3063/1328/2281 3062/1327/2280 3061/1423/2279
f 3062/1327/2280 3063/1328/2281 3064/1325/2282
f 3065/1326/2283 3064/1325/2282 3063/1328/2281
f 3064/1325/2282 3065/1326/2283 3066/1424/2284
f 3067/1324/2285 3066/1424/2284 3065/1326/2283
f 3066/1424/2284 3067/1324/2285 3068/1425/2286
f 3069/1322/2287 3068/1425/2286 3067/1324/2285
f 3068/1425/2286 3069/1322/2287 3070/1319/2288
f 3071/1320/2289 3070/1319/2288 3069/1322/2287
f 3070/1319/2288 3071/1320/2289 3072/1316/2290
f 3073/1426/2291 3072/1316/2290 3071/1320/2289
f 3072/1316/2290 3073/1426/2291 3074/1318/2292
f 3075/1317/2293 3074/1318/2292 3073/1426/2291
f 3061/1423/2279 3076/1369/2174 3063/1328/2281
f 3076/1369/2174 3061/1423/2279 3077/1368/2173
f 3059/1332/2277 3077/1368/2173 3061/1423/2279
f 3077/1368/2173 3059/1332/2277 3078/1367/2172
f 3057/1334/2275 3078/1367/2172 3059/1332/2277
f 3067/1324/2285 3079/1372/2177 3069/1322/2287
f 3079/1372/2177 3067/1324/2285 3080/1371/2176
f 3065/1326/2283 3080/1371/2176 3067/1324/2285
f 3080/1371/2176 3065/1326/2283 3081/1370/2294
f 3081/1370/2294 3063/1328/2281 3076/1369/2174
f 3063/1328/2281 3081/1370/2294 3065/1326/2283
f 3073/1426/2291 3082/1375/2180 3075/1317/2293
f 3082/1375/2180 3073/1426/2291 3083/1374/2295
f 3071/1320/2289 3083/1374/2295 3073/1426/2291
f 3083/1374/2295 3071/1320/2289 3084/1373/2178
f 3084/1373/2178 3069/1322/2287 3079/1372/2177
f 3069/1322/2287 3084/1373/2178 3071/1320/2289
f 3055/1422/2273 3085/1366/2171 3057/1334/2275
f 3085/1366/2171 3055/1422/2273 3086/1359/2164
f 3053/1338/2271 3086/1359/2164 3055/1422/2273
f 3051/1340/2269 3087/1358/2296 3053/1338/2271
f 3087/1358/2296 3051/1340/2269 3088/1357/2162
f 3049/1420/2267 3088/1357/2162 3051/1340/2269
f 3088/1357/2162 3049/1420/2267 3089/1362/2297
f 3047/1344/2265 3089/1362/2297 3049/1420/2267
f 3089/1362/2297 3047/1344/2265 3090/1361/2166
f 3045/1346/2263 3090/1361/2166 3047/1344/2265
f 3090/1361/2166 3045/1346/2263 3091/1360/2165
f 3043/1348/2261 3091/1360/2165 3045/1346/2263
f 3091/1360/2165 3043/1348/2261 3092/1365/2170
f 3041/1350/2259 3092/1365/2170 3043/1348/2261
f 3092/1365/2170 3041/1350/2259 3093/1364/2169
f 3039/1417/2257 3093/1364/2169 3041/1350/2259
f 3093/1364/2169 3039/1417/2257 3094/1363/2168
f 3036/1414/2252 3094/1363/2168 3039/1417/2257
f 3094/1363/2168 3036/1414/2252 3095/1395/2200
f 3034/1415/2254 3095/1395/2200 3036/1414/2252
f 3034/1415/2254 3096/1397/2298 3095/1395/2200
f 3096/1397/2298 3034/1415/2254 3097/1398/2299
f 3037/1416/2255 3097/1398/2299 3034/1415/2254
f 3098/1396/2201 3095/1395/2200 3096/1397/2298
f 3096/1397/2298 3097/1398/2299 3099/1399/2300
f 3100/1400/2301 3099/1399/2300 3097/1398/2299
f 3099/1399/2300 3101/1401/2206 3096/1397/2298
f 3098/1396/2201 3096/1397/2298 3101/1401/2206
f 3099/1399/2300 3100/1400/2301 3102/1402/2302
f 3103/1403/2303 3102/1402/2302 3100/1400/2301
f 3102/1402/2302 3104/1404/2209 3099/1399/2300
f 3101/1401/2206 3099/1399/2300 3104/1404/2209
f 3102/1402/2302 3103/1403/2303 3105/1405/2304
f 3106/1406/2305 3105/1405/2304 3103/1403/2303
f 3105/1405/2304 3107/1407/2212 3102/1402/2302
f 3104/1404/2209 3102/1402/2302 3107/1407/2212
f 3105/1405/2304 3106/1406/2305 3108/1408/2306
f 3109/1409/2307 3108/1408/2306 3106/1406/2305
f 3108/1408/2306 3110/1410/2215 3105/1405/2304
f 3107/1407/2212 3105/1405/2304 3110/1410/2215
f 3108/1408/2306 3109/1409/2307 3111/1411/2308
f 3108/1408/2306 3111/1411/2308 3110/1410/2215
f 3112/1412/2309 3111/1411/2308 3109/1409/2307
f 3113/1413/2218 3110/1410/2215 3111/1411/2308
f 3114/1359/2164 3053/1338/2271 3087/1358/2296
f 3115/1367/2172 3057/1334/2275 3085/1366/2171
f 3116/1376/2181 3075/1317/2293 3082/1375/2180
f 3116/1376/2181 3117/1379/2184 3075/1317/2293
f 3118/1377/2310 3075/1317/2293 3117/1379/2184
f 3075/1317/2293 3118/1377/2310 3074/1318/2292
f 3119/1378/2311 3074/1318/2292 3118/1377/2310
f 3118/1377/2310 3120/1380/2312 3119/1378/2311
f 3121/1381/2313 3119/1378/2311 3120/1380/2312
f 3117/1379/2184 3122/1382/2187 3118/1377/2310
f 3120/1380/2312 3118/1377/2310 3122/1382/2187
f 3120/1380/2312 3123/1383/2314 3121/1381/2313
f 3124/1384/2315 3121/1381/2313 3123/1383/2314
f 3123/1383/2314 3120/1380/2312 3125/1385/2190
f 3122/1382/2187 3125/1385/2190 3120/1380/2312
f 3123/1383/2314 3126/1386/2316 3124/1384/2315
f 3127/1387/2317 3124/1384/2315 3126/1386/2316
f 3126/1386/2316 3123/1383/2314 3128/1388/2193
f 3125/1385/2190 3128/1388/2193 3123/1383/2314
f 3126/1386/2316 3129/1389/2318 3127/1387/2317
f 3130/1390/2319 3127/1387/2317 3129/1389/2318
f 3129/1389/2318 3126/1386/2316 3131/1391/2196
f 3128/1388/2193 3131/1391/2196 3126/1386/2316
f 3129/1389/2318 3132/1392/2320 3130/1390/2319
f 3133/1393/2321 3130/1390/2319 3132/1392/2320
f 3132/1392/2320 3129/1389/2318 3134/1394/2199
f 3131/1391/2196 3134/1394/2199 3129/1389/2318
f 3137/1353/2322 3136/1351/2323 3135/1416/2324
f 3136/1351/2323 3138/1418/2325 3135/1416/2324
f 3138/1418/2325 3139/1419/2326 3135/1416/2324
f 3139/1419/2326 3140/1345/2327 3135/1416/2324
f 3140/1345/2327 3141/1343/2328 3135/1416/2324
f 3141/1343/2328 3142/1341/2329 3135/1416/2324
f 3142/1341/2329 3143/1421/2330 3135/1416/2324
f 3143/1421/2330 3144/1337/2331 3135/1416/2324
f 3144/1337/2331 3145/1335/2332 3135/1416/2324
f 3145/1335/2332 3146/1333/2333 3135/1416/2324
f 3146/1333/2333 3147/1331/2334 3135/1416/2324
f 3147/1331/2334 3148/1329/2335 3135/1416/2324
f 3148/1329/2335 3149/1327/2336 3135/1416/2324
f 3149/1327/2336 3150/1325/2337 3135/1416/2324
f 3150/1325/2337 3151/1424/2338 3135/1416/2324
f 3151/1424/2338 3152/1425/2339 3135/1416/2324
f 3152/1425/2339 3153/1319/2340 3135/1416/2324
f 3153/1319/2340 3154/1316/2341 3135/1416/2324
f 3154/1316/2341 3155/1318/2342 3135/1416/2324
f 3155/1318/2342 3156/1378/2343 3135/1416/2324
f 3157/1398/2344 3135/1416/2324 3156/1378/2343
f 3157/1398/2344 3156/1378/2343 3158/1400/2345
f 3159/1381/2346 3158/1400/2345 3156/1378/2343
f 3159/1381/2346 3160/1384/2347 3158/1400/2345
f 3161/1403/2348 3158/1400/2345 3160/1384/2347
f 3160/1384/2347 3162/1387/2349 3161/1403/2348
f 3163/1406/2350 3161/1403/2348 3162/1387/2349
f 3162/1387/2349 3164/1390/2351 3163/1406/2350
f 3165/1409/2352 3163/1406/2350 3164/1390/2351
f 3164/1390/2351 3166/1393/2353 3165/1409/2352
f 3167/1412/2354 3165/1409/2352 3166/1393/2353
f 3170/1315/2355 3169/1316/2356 3168/1317/2357
f 3171/1318/2358 3168/1317/2357 3169/1316/2356
f 3169/1316/2356 3170/1315/2355 3172/1319/2359
f 3173/1320/2360 3172/1319/2359 3170/1315/2355
f 3172/1319/2359 3173/1320/2360 3174/1321/2361
f 3175/1322/2362 3174/1321/2361 3173/1320/2360
f 3174/1321/2361 3175/1322/2362 3176/1323/2363
f 3177/1324/2364 3176/1323/2363 3175/1322/2362
f 3176/1323/2363 3177/1324/2364 3178/1325/2365
f 3179/1326/2366 3178/1325/2365 3177/1324/2364
f 3178/1325/2365 3179/1326/2366 3180/1327/2367
f 3181/1328/2368 3180/1327/2367 3179/1326/2366
f 3180/1327/2367 3181/1328/2368 3182/1329/2369
f 3183/1330/2370 3182/1329/2369 3181/1328/2368
f 3182/1329/2369 3183/1330/2370 3184/1331/2371
f 3185/1332/2372 3184/1331/2371 3183/1330/2370
f 3184/1331/2371 3185/1332/2372 3186/1333/2373
f 3187/1334/2374 3186/1333/2373 3185/1332/2372
f 3186/1333/2373 3187/1334/2374 3188/1335/2375
f 3189/1336/2376 3188/1335/2375 3187/1334/2374
f 3188/1335/2375 3189/1336/2376 3190/1337/2377
f 3191/1338/2378 3190/1337/2377 3189/1336/2376
f 3190/1337/2377 3191/1338/2378 3192/1339/2379
f 3193/1340/2380 3192/1339/2379 3191/1338/2378
f 3192/1339/2379 3193/1340/2380 3194/1341/2381
f 3195/1342/2382 3194/1341/2381 3193/1340/2380
f 3194/1341/2381 3195/1342/2382 3196/1343/2383
f 3197/1344/2384 3196/1343/2383 3195/1342/2382
f 3196/1343/2383 3197/1344/2384 3198/1345/2385
f 3199/1346/2386 3198/1345/2385 3197/1344/2384
f 3198/1345/2385 3199/1346/2386 3200/1347/2387
f 3201/1348/2388 3200/1347/2387 3199/1346/2386
f 3200/1347/2387 3201/1348/2388 3202/1349/2389
f 3203/1350/2390 3202/1349/2389 3201/1348/2388
f 3202/1349/2389 3203/1350/2390 3204/1351/2391
f 3205/1352/2392 3204/1351/2391 3203/1350/2390
f 3204/1351/2391 3205/1352/2392 3206/1353/2393
f 3207/1354/2394 3206/1353/2393 3205/1352/2392
f 3206/1353/2393 3207/1354/2394 3208/1355/2395
f 3209/1356/2396 3208/1355/2395 3207/1354/2394
f 3195/1342/2382 3210/1357/2397 3197/1344/2384
f 3210/1357/2397 3195/1342/2382 3211/1358/2398
f 3193/1340/2380 3211/1358/2398 3195/1342/2382
f 3211/1358/2398 3193/1340/2380 3212/1359/2399
f 3191/1338/2378 3212/1359/2399 3193/1340/2380
f 3201/1348/2388 3213/1360/2400 3203/1350/2390
f 3213/1360/2400 3201/1348/2388 3214/1361/2401
f 3199/1346/2386 3214/1361/2401 3201/1348/2388
f 3214/1361/2401 3199/1346/2386 3215/1362/2402
f 3215/1362/2402 3197/1344/2384 3210/1357/2397
f 3197/1344/2384 3215/1362/2402 3199/1346/2386
f 3207/1354/2394 3216/1363/2403 3209/1356/2396
f 3216/1363/2403 3207/1354/2394 3217/1364/2404
f 3205/1352/2392 3217/1364/2404 3207/1354/2394
f 3217/1364/2404 3205/1352/2392 3218/1365/2405
f 3218/1365/2405 3203/1350/2390 3213/1360/2400
f 3203/1350/2390 3218/1365/2405 3205/1352/2392
f 3189/1336/2376 3219/1366/2406 3191/1338/2378
f 3219/1366/2406 3189/1336/2376 3220/1367/2407
f 3187/1334/2374 3220/1367/2407 3189/1336/2376
f 3185/1332/2372 3221/1368/2408 3187/1334/2374
f 3221/1368/2408 3185/1332/2372 3222/1369/2409
f 3183/1330/2370 3222/1369/2409 3185/1332/2372
f 3222/1369/2409 3183/1330/2370 3223/1370/2410
f 3181/1328/2368 3223/1370/2410 3183/1330/2370
f 3223/1370/2410 3181/1328/2368 3224/1371/2411
f 3179/1326/2366 3224/1371/2411 3181/1328/2368
f 3224/1371/2411 3179/1326/2366 3225/1372/2412
f 3177/1324/2364 3225/1372/2412 3179/1326/2366
f 3225/1372/2412 3177/1324/2364 3226/1373/2413
f 3175/1322/2362 3226/1373/2413 3177/1324/2364
f 3226/1373/2413 3175/1322/2362 3227/1374/2414
f 3173/1320/2360 3227/1374/2414 3175/1322/2362
f 3227/1374/2414 3173/1320/2360 3228/1375/2415
f 3170/1315/2355 3228/1375/2415 3173/1320/2360
f 3228/1375/2415 3170/1315/2355 3229/1376/2416
f 3168/1317/2357 3229/1376/2416 3170/1315/2355
f 3168/1317/2357 3230/1377/2417 3229/1376/2416
f 3230/1377/2417 3168/1317/2357 3231/1378/2418
f 3171/1318/2358 3231/1378/2418 3168/1317/2357
f 3232/1379/2419 3229/1376/2416 3230/1377/2417
f 3230/1377/2417 3231/1378/2418 3233/1380/2420
f 3234/1381/2421 3233/1380/2420 3231/1378/2418
f 3233/1380/2420 3235/1382/2422 3230/1377/2417
f 3232/1379/2419 3230/1377/2417 3235/1382/2422
f 3233/1380/2420 3234/1381/2421 3236/1383/2423
f 3237/1384/2424 3236/1383/2423 3234/1381/2421
f 3236/1383/2423 3238/1385/2425 3233/1380/2420
f 3235/1382/2422 3233/1380/2420 3238/1385/2425
f 3236/1383/2423 3237/1384/2424 3239/1386/2426
f 3240/1387/2427 3239/1386/2426 3237/1384/2424
f 3239/1386/2426 3241/1388/2428 3236/1383/2423
f 3238/1385/2425 3236/1383/2423 3241/1388/2428
f 3239/1386/2426 3240/1387/2427 3242/1389/2429
f 3243/1390/2430 3242/1389/2429 3240/1387/2427
f 3242/1389/2429 3244/1391/2431 3239/1386/2426
f 3241/1388/2428 3239/1386/2426 3244/1391/2431
f 3242/1389/2429 3243/1390/2430 3245/1392/2432
f 3242/1389/2429 3245/1392/2432 3244/1391/2431
f 3246/1393/2433 3245/1392/2432 3243/1390/2430
f 3247/1394/2434 3244/1391/2431 3245/1392/2432
f 3248/1367/2407 3187/1334/2374 3221/1368/2408
f 3249/1359/2399 3191/1338/2378 3219/1366/2406
f 3250/1395/2435 3209/1356/2396 3216/1363/2403
f 3250/1395/2435 3251/1396/2436 3209/1356/2396
f 3252/1397/2437 3209/1356/2396 3251/1396/2436
f 3209/1356/2396 3252/1397/2437 3208/1355/2395
f 3253/1398/2438 3208/1355/2395 3252/1397/2437
f 3252/1397/2437 3254/1399/2439 3253/1398/2438
f 3255/1400/2440 3253/1398/2438 3254/1399/2439
f 3251/1396/2436 3256/1401/2441 3252/1397/2437
f 3254/1399/2439 3252/1397/2437 3256/1401/2441
f 3254/1399/2439 3257/1402/2442 3255/1400/2440
f 3258/1403/2443 3255/1400/2440 3257/1402/2442
f 3257/1402/2442 3254/1399/2439 3259/1404/2444
f 3256/1401/2441 3259/1404/2444 3254/1399/2439
f 3257/1402/2442 3260/1405/2445 3258/1403/2443
f 3261/1406/2446 3258/1403/2443 3260/1405/2445
f 3260/1405/2445 3257/1402/2442 3262/1407/2447
f 3259/1404/2444 3262/1407/2447 3257/1402/2442
f 3260/1405/2445 3263/1408/2448 3261/1406/2446
f 3264/1409/2449 3261/1406/2446 3263/1408/2448
f 3263/1408/2448 3260/1405/2445 3265/1410/2450
f 3262/1407/2447 3265/1410/2450 3260/1405/2445
f 3263/1408/2448 3266/1411/2451 3264/1409/2449
f 3267/1412/2452 3264/1409/2449 3266/1411/2451
f 3266/1411/2451 3263/1408/2448 3268/1413/2453
f 3265/1410/2450 3268/1413/2453 3263/1408/2448
f 3271/1316/2454 3270/1319/2455 3269/1318/2456
f 3270/1319/2455 3272/1321/2457 3269/1318/2456
f 3272/1321/2457 3273/1323/2458 3269/1318/2456
f 3273/1323/2458 3274/1325/2459 3269/1318/2456
f 3274/1325/2459 3275/1327/2460 3269/1318/2456
f 3275/1327/2460 3276/1329/2461 3269/1318/2456
f 3276/1329/2461 3277/1331/2462 3269/1318/2456
f 3277/1331/2462 3278/1333/2463 3269/1318/2456
f 3278/1333/2463 3279/1335/2464 3269/1318/2456
f 3279/1335/2464 3280/1337/2465 3269/1318/2456
f 3280/1337/2465 3281/1339/2466 3269/1318/2456
f 3281/1339/2466 3282/1341/2467 3269/1318/2456
f 3282/1341/2467 3283/1343/2468 3269/1318/2456
f 3283/1343/2468 3284/1345/2469 3269/1318/2456
f 3284/1345/2469 3285/1347/2470 3269/1318/2456
f 3285/1347/2470 3286/1349/2471 3269/1318/2456
f 3286/1349/2471 3287/1351/2472 3269/1318/2456
f 3287/1351/2472 3288/1353/2473 3269/1318/2456
f 3288/1353/2473 3289/1355/2474 3269/1318/2456
f 3289/1355/2474 3290/1398/2475 3269/1318/2456
f 3291/1378/2476 3269/1318/2456 3290/1398/2475
f 3291/1378/2476 3290/1398/2475 3292/1381/2477
f 3293/1400/2478 3292/1381/2477 3290/1398/2475
f 3293/1400/2478 3294/1403/2479 3292/1381/2477
f 3295/1384/2480 3292/1381/2477 3294/1403/2479
f 3294/1403/2479 3296/1406/2481 3295/1384/2480
f 3297/1387/2482 3295/1384/2480 3296/1406/2481
f 3296/1406/2481 3298/1409/2483 3297/1387/2482
f 3299/1390/2484 3297/1387/2482 3298/1409/2483
f 3298/1409/2483 3300/1412/2485 3299/1390/2484
f 3301/1393/2486 3299/1390/2484 3300/1412/2485
f 3304/1414/2487 3303/1353/2488 3302/1415/2489
f 3305/1416/2490 3302/1415/2489 3303/1353/2488
f 3303/1353/2488 3304/1414/2487 3306/1351/2491
f 3307/1417/2492 3306/1351/2491 3304/1414/2487
f 3306/1351/2491 3307/1417/2492 3308/1418/2493
f 3309/1350/2494 3308/1418/2493 3307/1417/2492
f 3308/1418/2493 3309/1350/2494 3310/1419/2495
f 3311/1348/2496 3310/1419/2495 3309/1350/2494
f 3310/1419/2495 3311/1348/2496 3312/1345/2497
f 3313/1346/2498 3312/1345/2497 3311/1348/2496
f 3312/1345/2497 3313/1346/2498 3314/1343/2499
f 3315/1344/2500 3314/1343/2499 3313/1346/2498
f 3314/1343/2499 3315/1344/2500 3316/1341/2501
f 3317/1420/2502 3316/1341/2501 3315/1344/2500
f 3316/1341/2501 3317/1420/2502 3318/1421/2503
f 3319/1340/2504 3318/1421/2503 3317/1420/2502
f 3318/1421/2503 3319/1340/2504 3320/1337/2505
f 3321/1338/2506 3320/1337/2505 3319/1340/2504
f 3320/1337/2505 3321/1338/2506 3322/1335/2507
f 3323/1422/2508 3322/1335/2507 3321/1338/2506
f 3322/1335/2507 3323/1422/2508 3324/1333/2509
f 3325/1334/2510 3324/1333/2509 3323/1422/2508
f 3324/1333/2509 3325/1334/2510 3326/1331/2511
f 3327/1332/2512 3326/1331/2511 3325/1334/2510
f 3326/1331/2511 3327/1332/2512 3328/1329/2513
f 3329/1423/2514 3328/1329/2513 3327/1332/2512
f 3328/1329/2513 3329/1423/2514 3330/1327/2515
f 3331/1328/2516 3330/1327/2515 3329/1423/2514
f 3330/1327/2515 3331/1328/2516 3332/1325/2517
f 3333/1326/2518 3332/1325/2517 3331/1328/2516
f 3332/1325/2517 3333/1326/2518 3334/1424/2519
f 3335/1324/2520 3334/1424/2519 3333/1326/2518
f 3334/1424/2519 3335/1324/2520 3336/1425/2521
f 3337/1322/2522 3336/1425/2521 3335/1324/2520
f 3336/1425/2521 3337/1322/2522 3338/1319/2523
f 3339/1320/2524 3338/1319/2523 3337/1322/2522
f 3338/1319/2523 3339/1320/2524 3340/1316/2525
f 3341/1426/2526 3340/1316/2525 3339/1320/2524
f 3340/1316/2525 3341/1426/2526 3342/1318/2527
f 3343/1317/2528 3342/1318/2527 3341/1426/2526
f 3329/1423/2514 3344/1369/2409 3331/1328/2516
f 3344/1369/2409 3329/1423/2514 3345/1368/2408
f 3327/1332/2512 3345/1368/2408 3329/1423/2514
f 3345/1368/2408 3327/1332/2512 3346/1367/2407
f 3325/1334/2510 3346/1367/2407 3327/1332/2512
f 3335/1324/2520 3347/1372/2412 3337/1322/2522
f 3347/1372/2412 3335/1324/2520 3348/1371/2411
f 3333/1326/2518 3348/1371/2411 3335/1324/2520
f 3348/1371/2411 3333/1326/2518 3349/1370/2529
f 3349/1370/2529 3331/1328/2516 3344/1369/2409
f 3331/1328/2516 3349/1370/2529 3333/1326/2518
f 3341/1426/2526 3350/1375/2415 3343/1317/2528
f 3350/1375/2415 3341/1426/2526 3351/1374/2414
f 3339/1320/2524 3351/1374/2414 3341/1426/2526
f 3351/1374/2414 3339/1320/2524 3352/1373/2413
f 3352/1373/2413 3337/1322/2522 3347/1372/2412
f 3337/1322/2522 3352/1373/2413 3339/1320/2524
f 3323/1422/2508 3353/1366/2406 3325/1334/2510
f 3353/1366/2406 3323/1422/2508 3354/1359/2399
f 3321/1338/2506 3354/1359/2399 3323/1422/2508
f 3319/1340/2504 3355/1358/2530 3321/1338/2506
f 3355/1358/2530 3319/1340/2504 3356/1357/2397
f 3317/1420/2502 3356/1357/2397 3319/1340/2504
f 3356/1357/2397 3317/1420/2502 3357/1362/2531
f 3315/1344/2500 3357/1362/2531 3317/1420/2502
f 3357/1362/2531 3315/1344/2500 3358/1361/2401
f 3313/1346/2498 3358/1361/2401 3315/1344/2500
f 3358/1361/2401 3313/1346/2498 3359/1360/2400
f 3311/1348/2496 3359/1360/2400 3313/1346/2498
f 3359/1360/2400 3311/1348/2496 3360/1365/2405
f 3309/1350/2494 3360/1365/2405 3311/1348/2496
f 3360/1365/2405 3309/1350/2494 3361/1364/2404
f 3307/1417/2492 3361/1364/2404 3309/1350/2494
f 3361/1364/2404 3307/1417/2492 3362/1363/2403
f 3304/1414/2487 3362/1363/2403 3307/1417/2492
f 3362/1363/2403 3304/1414/2487 3363/1395/2435
f 3302/1415/2489 3363/1395/2435 3304/1414/2487
f 3302/1415/2489 3364/1397/2532 3363/1395/2435
f 3364/1397/2532 3302/1415/2489 3365/1398/2533
f 3305/1416/2490 3365/1398/2533 3302/1415/2489
f 3366/1396/2436 3363/1395/2435 3364/1397/2532
f 3364/1397/2532 3365/1398/2533 3367/1399/2534
f 3368/1400/2535 3367/1399/2534 3365/1398/2533
f 3367/1399/2534 3369/1401/2441 3364/1397/2532
f 3366/1396/2436 3364/1397/2532 3369/1401/2441
f 3367/1399/2534 3368/1400/2535 3370/1402/2536
f 3371/1403/2537 3370/1402/2536 3368/1400/2535
f 3370/1402/2536 3372/1404/2444 3367/1399/2534
f 3369/1401/2441 3367/1399/2534 3372/1404/2444
f 3370/1402/2536 3371/1403/2537 3373/1405/2538
f 3374/1406/2539 3373/1405/2538 3371/1403/2537
f 3373/1405/2538 3375/1407/2447 3370/1402/2536
f 3372/1404/2444 3370/1402/2536 3375/1407/2447
f 3373/1405/2538 3374/1406/2539 3376/1408/2540
f 3377/1409/2541 3376/1408/2540 3374/1406/2539
f 3376/1408/2540 3378/1410/2450 3373/1405/2538
f 3375/1407/2447 3373/1405/2538 3378/1410/2450
f 3376/1408/2540 3377/1409/2541 3379/1411/2542
f 3376/1408/2540 3379/1411/2542 3378/1410/2450
f 3380/1412/2543 3379/1411/2542 3377/1409/2541
f 3381/1413/2453 3378/1410/2450 3379/1411/2542
f 3382/1359/2399 3321/1338/2506 3355/1358/2530
f 3383/1367/2407 3325/1334/2510 3353/1366/2406
f 3384/1376/2416 3343/1317/2528 3350/1375/2415
f 3384/1376/2416 3385/1379/2419 3343/1317/2528
f 3386/1377/2544 3343/1317/2528 3385/1379/2419
f 3343/1317/2528 3386/1377/2544 3342/1318/2527
f 3387/1378/2545 3342/1318/2527 3386/1377/2544
f 3386/1377/2544 3388/1380/2546 3387/1378/2545
f 3389/1381/2547 3387/1378/2545 3388/1380/2546
f 3385/1379/2419 3390/1382/2422 3386/1377/2544
f 3388/1380/2546 3386/1377/2544 3390/1382/2422
f 3388/1380/2546 3391/1383/2548 3389/1381/2547
f 3392/1384/2549 3389/1381/2547 3391/1383/2548
f 3391/1383/2548 3388/1380/2546 3393/1385/2425
f 3390/1382/2422 3393/1385/2425 3388/1380/2546
f 3391/1383/2548 3394/1386/2550 3392/1384/2549
f 3395/1387/2551 3392/1384/2549 3394/1386/2550
f 3394/1386/2550 3391/1383/2548 3396/1388/2428
f 3393/1385/2425 3396/1388/2428 3391/1383/2548
f 3394/1386/2550 3397/1389/2552 3395/1387/2551
f 3398/1390/2553 3395/1387/2551 3397/1389/2552
f 3397/1389/2552 3394/1386/2550 3399/1391/2431
f 3396/1388/2428 3399/1391/2431 3394/1386/2550
f 3397/1389/2552 3400/1392/2554 3398/1390/2553
f 3401/1393/2555 3398/1390/2553 3400/1392/2554
f 3400/1392/2554 3397/1389/2552 3402/1394/2434
f 3399/1391/2431 3402/1394/2434 3397/1389/2552
f 3405/1353/2556 3404/1351/2557 3403/1416/2558
f 3404/1351/2557 3406/1418/2559 3403/1416/2558
f 3406/1418/2559 3407/1419/2560 3403/1416/2558
f 3407/1419/2560 3408/1345/2561 3403/1416/2558
f 3408/1345/2561 3409/1343/2562 3403/1416/2558
f 3409/1343/2562 3410/1341/2563 3403/1416/2558
f 3410/1341/2563 3411/1421/2564 3403/1416/2558
f 3411/1421/2564 3412/1337/2565 3403/1416/2558
f 3412/1337/2565 3413/1335/2566 3403/1416/2558
f 3413/1335/2566 3414/1333/2567 3403/1416/2558
f 3414/1333/2567 3415/1331/2568 3403/1416/2558
f 3415/1331/2568 3416/1329/2569 3403/1416/2558
f 3416/1329/2569 3417/1327/2570 3403/1416/2558
f 3417/1327/2570 3418/1325/2571 3403/1416/2558
f 3418/1325/2571 3419/1424/2572 3403/1416/2558
f 3419/1424/2572 3420/1425/2573 3403/1416/2558
f 3420/1425/2573 3421/1319/2574 3403/1416/2558
f 3421/1319/2574 3422/1316/2575 3403/1416/2558
f 3422/1316/2575 3423/1318/2576 3403/1416/2558
f 3423/1318/2576 3424/1378/2577 3403/1416/2558
f 3425/1398/2578 3403/1416/2558 3424/1378/2577
f 3425/1398/2578 3424/1378/2577 3426/1400/2579
f 3427/1381/2580 3426/1400/2579 3424/1378/2577
f 3427/1381/2580 3428/1384/2581 3426/1400/2579
f 3429/1403/2582 3426/1400/2579 3428/1384/2581
f 3428/1384/2581 3430/1387/2583 3429/1403/2582
f 3431/1406/2584 3429/1403/2582 3430/1387/2583
f 3430/1387/2583 3432/1390/2585 3431/1406/2584
f 3433/1409/2586 3431/1406/2584 3432/1390/2585
f 3432/1390/2585 3434/1393/2587 3433/1409/2586
f 3435/1412/2588 3433/1409/2586 3434/1393/2587
f 3438/1427/2589 3437/1428/2590 3436/1429/2591
f 3437/1428/2590 3439/1430/2592 3436/1429/2591
f 3439/1430/2592 3440/1431/2593 3436/1429/2591
f 3440/1431/2593 3441/1432/2594 3436/1429/2591
f 3441/1432/2594 3442/1433/2595 3436/1429/2591
f 3442/1433/2595 3443/1434/2596 3436/1429/2591
f 3443/1434/2596 3444/1435/2597 3436/1429/2591
f 3444/1435/2597 3445/1436/2598 3436/1429/2591
f 3445/1436/2598 3446/1437/2599 3436/1429/2591
f 3446/1437/2599 3447/1438/2600 3436/1429/2591
f 3447/1438/2600 3448/1439/2601 3436/1429/2591
f 3448/1439/2601 3449/1440/2602 3436/1429/2591
f 3449/1440/2602 3450/1441/2603 3436/1429/2591
f 3450/1441/2603 3451/1442/2604 3436/1429/2591
f 3451/1442/2604 3452/1443/2605 3436/1429/2591
f 3437/1428/2590 3438/1427/2589 3453/1444/2606
f 3453/1444/2606 3454/1445/2607 3437/1428/2590
f 3454/1445/2607 3453/1444/2606 3455/1446/2608
f 3456/1447/2609 3455/1446/2608 3453/1444/2606
f 3453/1444/2606 3457/1448/2610 3456/1447/2609
f 3458/1449/2611 3456/1447/2609 3457/1448/2610
f 3455/1446/2608 3459/1450/2612 3454/1445/2607
f 3460/1451/2613 3454/1445/2607 3459/1450/2612
f 3459/1450/2612 3461/1452/2614 3460/1451/2613
f 3462/1453/2615 3460/1451/2613 3461/1452/2614
f 3461/1452/2614 3463/1454/2616 3462/1453/2615
f 3464/1455/2617 3462/1453/2615 3463/1454/2616
f 3463/1454/2616 3465/1456/2618 3464/1455/2617
f 3466/1457/2619 3464/1455/2617 3465/1456/2618
f 3465/1456/2618 3467/1458/2620 3466/1457/2619
f 3468/1459/2621 3466/1457/2619 3467/1458/2620
f 3467/1458/2620 3469/1460/2622 3468/1459/2621
f 3470/1461/2623 3468/1459/2621 3469/1460/2622
f 3469/1460/2622 3471/1462/2624 3470/1461/2623
f 3472/1463/2625 3470/1461/2623 3471/1462/2624
f 3471/1462/2624 3473/1464/2626 3472/1463/2625
f 3474/1465/2627 3472/1463/2625 3473/1464/2626
f 3473/1464/2626 3475/1466/2628 3474/1465/2627
f 3476/1467/2629 3474/1465/2627 3475/1466/2628
f 3475/1466/2628 3477/1468/2630 3476/1467/2629
f 3478/1469/2631 3476/1467/2629 3477/1468/2630
f 3477/1468/2630 3479/1470/2632 3478/1469/2631
f 3480/1471/2633 3478/1469/2631 3479/1470/2632
f 3479/1470/2632 3481/1472/2634 3480/1471/2633
f 3482/1473/2635 3480/1471/2633 3481/1472/2634
f 3481/1472/2634 3483/1474/2636 3482/1473/2635
f 3484/1475/2637 3482/1473/2635 3483/1474/2636
f 3483/1474/2636 3485/1476/2638 3484/1475/2637
f 3486/1477/2639 3484/1475/2637 3485/1476/2638
f 3472/1463/2625 3474/1465/2627 3446/1437/2599
f 3446/1437/2599 3445/1436/2598 3472/1463/2625
f 3447/1438/2600 3446/1437/2599 3474/1465/2627
f 3474/1465/2627 3476/1467/2629 3447/1438/2600
f 3448/1439/2601 3447/1438/2600 3476/1467/2629
f 3476/1467/2629 3478/1469/2631 3448/1439/2601
f 3449/1440/2602 3448/1439/2601 3478/1469/2631
f 3478/1469/2631 3480/1471/2633 3449/1440/2602
f 3450/1441/2603 3449/1440/2602 3480/1471/2633
f 3480/1471/2633 3482/1473/2635 3450/1441/2603
f 3451/1442/2604 3450/1441/2603 3482/1473/2635
f 3482/1473/2635 3484/1475/2637 3451/1442/2604
f 3452/1443/2605 3451/1442/2604 3484/1475/2637
f 3484/1475/2637 3486/1477/2639 3452/1443/2605
f 3487/1478/2640 3452/1443/2605 3486/1477/2639
f 3452/1443/2605 3487/1478/2640 3436/1429/2591
f 3445/1436/2598 3444/1435/2597 3470/1461/2623
f 3468/1459/2621 3470/1461/2623 3444/1435/2597
f 3444/1435/2597 3443/1434/2596 3468/1459/2621
f 3466/1457/2619 3468/1459/2621 3443/1434/2596
f 3443/1434/2596 3442/1433/2595 3466/1457/2619
f 3464/1455/2617 3466/1457/2619 3442/1433/2595
f 3442/1433/2595 3441/1432/2594 3464/1455/2617
f 3462/1453/2615 3464/1455/2617 3441/1432/2594
f 3441/1432/2594 3440/1431/2593 3462/1453/2615
f 3460/1451/2613 3462/1453/2615 3440/1431/2593
f 3440/1431/2593 3439/1430/2592 3460/1451/2613
f 3454/1445/2607 3460/1451/2613 3439/1430/2592
f 3439/1430/2592 3437/1428/2590 3454/1445/2607
f 3470/1461/2623 3472/1463/2625 3445/1436/2598
f 3490/1478/2640 3489/1443/2641 3488/1429/2591
f 3489/1443/2641 3491/1442/2642 3488/1429/2591
f 3491/1442/2642 3492/1441/2643 3488/1429/2591
f 3492/1441/2643 3493/1479/2644 3488/1429/2591
f 3493/1479/2644 3494/1480/2645 3488/1429/2591
f 3494/1480/2645 3495/1438/2646 3488/1429/2591
f 3495/1438/2646 3496/1437/2647 3488/1429/2591
f 3496/1437/2647 3497/1436/2648 3488/1429/2591
f 3497/1436/2648 3498/1481/2649 3488/1429/2591
f 3498/1481/2649 3499/1434/2650 3488/1429/2591
f 3499/1434/2650 3500/1482/2651 3488/1429/2591
f 3500/1482/2651 3501/1432/2652 3488/1429/2591
f 3501/1432/2652 3502/1483/2653 3488/1429/2591
f 3502/1483/2653 3503/1430/2654 3488/1429/2591
f 3503/1430/2654 3504/1428/2655 3488/1429/2591
f 3489/1443/2641 3490/1478/2640 3505/1475/2656
f 3505/1475/2656 3506/1484/2657 3489/1443/2641
f 3506/1484/2657 3505/1475/2656 3507/1485/2658
f 3508/1486/2659 3507/1485/2658 3505/1475/2656
f 3505/1475/2656 3509/1477/2639 3508/1486/2659
f 3510/1476/2638 3508/1486/2659 3509/1477/2639
f 3507/1485/2658 3511/1487/2660 3506/1484/2657
f 3512/1488/2661 3506/1484/2657 3511/1487/2660
f 3511/1487/2660 3513/1489/2662 3512/1488/2661
f 3514/1490/2663 3512/1488/2661 3513/1489/2662
f 3513/1489/2662 3515/1491/2664 3514/1490/2663
f 3516/1492/2665 3514/1490/2663 3515/1491/2664
f 3515/1491/2664 3517/1493/2666 3516/1492/2665
f 3518/1494/2667 3516/1492/2665 3517/1493/2666
f 3517/1493/2666 3519/1495/2668 3518/1494/2667
f 3520/1496/2669 3518/1494/2667 3519/1495/2668
f 3519/1495/2668 3521/1497/2670 3520/1496/2669
f 3522/1498/2671 3520/1496/2669 3521/1497/2670
f 3521/1497/2670 3523/1499/2672 3522/1498/2671
f 3524/1500/2673 3522/1498/2671 3523/1499/2672
f 3523/1499/2672 3525/1501/2674 3524/1500/2673
f 3526/1502/2675 3524/1500/2673 3525/1501/2674
f 3525/1501/2674 3527/1503/2676 3526/1502/2675
f 3528/1504/2677 3526/1502/2675 3527/1503/2676
f 3527/1503/2676 3529/1505/2678 3528/1504/2677
f 3530/1453/2679 3528/1504/2677 3529/1505/2678
f 3529/1505/2678 3531/1506/2680 3530/1453/2679
f 3532/1507/2681 3530/1453/2679 3531/1506/2680
f 3531/1506/2680 3533/1508/2682 3532/1507/2681
f 3534/1445/2683 3532/1507/2681 3533/1508/2682
f 3533/1508/2682 3535/1509/2684 3534/1445/2683
f 3536/1444/2685 3534/1445/2683 3535/1509/2684
f 3536/1444/2685 3535/1509/2684 3537/1448/2610
f 3538/1449/2611 3537/1448/2610 3535/1509/2684
f 3524/1500/2673 3526/1502/2675 3498/1481/2649
f 3498/1481/2649 3497/1436/2648 3524/1500/2673
f 3499/1434/2650 3498/1481/2649 3526/1502/2675
f 3526/1502/2675 3528/1504/2677 3499/1434/2650
f 3500/1482/2651 3499/1434/2650 3528/1504/2677
f 3528/1504/2677 3530/1453/2679 3500/1482/2651
f 3501/1432/2652 3500/1482/2651 3530/1453/2679
f 3530/1453/2679 3532/1507/2681 3501/1432/2652
f 3502/1483/2653 3501/1432/2652 3532/1507/2681
f 3532/1507/2681 3534/1445/2683 3502/1483/2653
f 3503/1430/2654 3502/1483/2653 3534/1445/2683
f 3534/1445/2683 3536/1444/2685 3503/1430/2654
f 3504/1428/2655 3503/1430/2654 3536/1444/2685
f 3504/1428/2655 3536/1444/2685 3539/1427/2589
f 3537/1448/2610 3539/1427/2589 3536/1444/2685
f 3504/1428/2655 3539/1427/2589 3488/1429/2591
f 3497/1436/2648 3496/1437/2647 3522/1498/2671
f 3520/1496/2669 3522/1498/2671 3496/1437/2647
f 3496/1437/2647 3495/1438/2646 3520/1496/2669
f 3518/1494/2667 3520/1496/2669 3495/1438/2646
f 3495/1438/2646 3494/1480/2645 3518/1494/2667
f 3516/1492/2665 3518/1494/2667 3494/1480/2645
f 3494/1480/2645 3493/1479/2644 3516/1492/2665
f 3514/1490/2663 3516/1492/2665 3493/1479/2644
f 3493/1479/2644 3492/1441/2643 3514/1490/2663
f 3512/1488/2661 3514/1490/2663 3492/1441/2643
f 3492/1441/2643 3491/1442/2642 3512/1488/2661
f 3506/1484/2657 3512/1488/2661 3491/1442/2642
f 3491/1442/2642 3489/1443/2641 3506/1484/2657
f 3522/1498/2671 3524/1500/2673 3497/1436/2648
f 3457/1448/2610 3453/1444/2606 3438/1427/2589
f 3509/1477/2639 3505/1475/2656 3490/1478/2640
