# Blender 3.6.14
# www.blender.org
mtllib Airplane3.mtl
o Airplane3
v -0.049799 -0.000667 0.437163
v -0.046002 0.199905 0.172178
v -0.046002 0.014968 0.448110
v -0.049799 0.184270 0.161230
v -0.035191 0.213160 0.181459
v -0.035191 0.028223 0.457391
v -0.019009 0.222016 0.187661
v -0.019009 0.037079 0.463593
v -0.046002 -0.016302 0.426215
v -0.046002 0.168635 0.150282
v -0.035191 -0.029557 0.416934
v -0.035191 0.155380 0.141001
v -0.019009 -0.038413 0.410732
v -0.019010 0.146524 0.134800
v 0.000077 -0.041523 0.408555
v 0.000077 0.143414 0.132622
v 0.019164 -0.038413 0.410732
v 0.019164 0.146524 0.134800
v 0.035345 -0.029557 0.416934
v 0.035345 0.155380 0.141001
v 0.046157 -0.016302 0.426215
v 0.046157 0.168635 0.150282
v 0.049954 -0.000667 0.437163
v 0.049954 0.184270 0.161230
v 0.046157 0.014968 0.448110
v 0.046157 0.199905 0.172178
v 0.035345 0.028223 0.457391
v 0.035345 0.213160 0.181459
v 0.019164 0.037079 0.463593
v 0.019164 0.222016 0.187661
v 0.000077 0.040189 0.465770
v 0.000077 0.225126 0.189838
v -0.019009 0.037079 0.463593
v -0.019009 0.222016 0.187661
v -0.046002 0.168635 0.150282
v -0.046002 0.199905 0.172178
v -0.049799 0.184270 0.161230
v -0.035191 0.213160 0.181459
v -0.019009 0.222016 0.187661
v 0.000077 0.225126 0.189838
v 0.019164 0.222016 0.187661
v 0.035345 0.213160 0.181459
v 0.046157 0.199905 0.172178
v 0.049954 0.184270 0.161230
v 0.046157 0.168635 0.150282
v 0.035345 0.155380 0.141001
v 0.019164 0.146524 0.134800
v 0.000077 0.143414 0.132622
v -0.019010 0.146524 0.134800
v -0.035191 0.155380 0.141001
v -0.188410 0.178154 0.169946
v -0.183456 0.243738 0.208821
v -0.174062 0.237240 0.211318
v -0.198578 0.181465 0.165216
v -0.140393 0.296532 0.245787
v -0.133203 0.287330 0.246392
v -0.075945 0.331807 0.270487
v -0.072053 0.320800 0.269828
v 0.000077 0.344194 0.279160
v 0.000077 0.332553 0.278057
v -0.174062 0.119067 0.128573
v -0.183456 0.119192 0.121612
v -0.133203 0.068977 0.093499
v -0.140393 0.066399 0.084646
v -0.072054 0.035507 0.070063
v -0.075945 0.031123 0.059946
v 0.000077 0.023754 0.061834
v 0.000077 0.018736 0.051273
v 0.072208 0.035507 0.070063
v 0.076099 0.031123 0.059946
v 0.133358 0.068977 0.093499
v 0.140548 0.066398 0.084646
v 0.174217 0.119067 0.128573
v 0.183611 0.119191 0.121612
v 0.188564 0.178154 0.169946
v 0.198732 0.181465 0.165216
v 0.174217 0.237240 0.211318
v 0.183611 0.243738 0.208821
v 0.133358 0.287330 0.246392
v 0.140548 0.296532 0.245787
v 0.072208 0.320800 0.269828
v 0.076099 0.331807 0.270487
v 0.000077 0.332553 0.278057
v 0.000077 0.344194 0.279160
v 0.077679 0.340133 0.265242
v 0.000077 0.352777 0.274096
v 0.143466 0.304125 0.240029
v 0.187423 0.250236 0.202295
v 0.202859 0.186668 0.157785
v 0.187423 0.123101 0.113275
v 0.143466 0.069211 0.075541
v 0.077679 0.033204 0.050328
v 0.000077 0.020559 0.041474
v -0.077524 0.033204 0.050328
v -0.143311 0.069211 0.075541
v -0.187269 0.123101 0.113275
v -0.202704 0.186668 0.157785
v -0.187269 0.250236 0.202295
v -0.143311 0.304125 0.240029
v -0.077524 0.340133 0.265242
v 0.000077 0.352777 0.274096
v -0.187269 0.280886 0.158522
v -0.202704 0.217319 0.114012
v -0.143311 0.334776 0.196256
v -0.077524 0.370784 0.221469
v 0.000077 0.383428 0.230323
v -0.183456 0.284795 0.150185
v -0.198578 0.222522 0.106581
v -0.140393 0.337589 0.187151
v -0.075945 0.372864 0.211851
v 0.000077 0.385251 0.220525
v -0.187269 0.153752 0.069502
v -0.143311 0.099862 0.031768
v -0.077524 0.063854 0.006555
v 0.000077 0.051210 -0.002299
v 0.077679 0.063854 0.006555
v 0.143466 0.099862 0.031768
v 0.187423 0.153752 0.069502
v 0.202859 0.217319 0.114012
v 0.187423 0.280886 0.158522
v 0.143466 0.334776 0.196256
v 0.077679 0.370784 0.221469
v 0.000077 0.383428 0.230323
v 0.076099 0.372864 0.211851
v 0.000077 0.385251 0.220525
v 0.140548 0.337589 0.187151
v 0.183611 0.284795 0.150185
v 0.198732 0.222522 0.106581
v 0.183611 0.160248 0.062977
v 0.140548 0.107455 0.026011
v 0.076099 0.072180 0.001311
v 0.000077 0.059793 -0.007363
v -0.075945 0.072180 0.001311
v -0.140393 0.107455 0.026011
v -0.183456 0.160248 0.062977
v 0.174217 0.166747 0.060479
v 0.133358 0.116657 0.025405
v 0.072208 0.083187 0.001970
v 0.000077 0.071434 -0.006260
v -0.072054 0.083187 0.001970
v -0.133203 0.116657 0.025405
v -0.174062 0.166747 0.060479
v -0.188410 0.225833 0.101852
v -0.174062 0.284920 0.143224
v -0.133203 0.335010 0.178298
v -0.072053 0.368480 0.201734
v 0.000077 0.380233 0.209963
v 0.072208 0.368480 0.201734
v 0.000077 0.380233 0.209963
v 0.133358 0.335010 0.178298
v 0.174217 0.284920 0.143224
v 0.188564 0.225833 0.101852
v -0.133203 0.068977 0.093499
v 0.000077 0.023754 0.061834
v -0.072054 0.035507 0.070063
v -0.188410 0.178154 0.169946
v 0.188564 0.178154 0.169946
v 0.133358 0.068977 0.093499
v 0.072208 0.035507 0.070063
v 0.174217 0.119067 0.128573
v 0.000077 0.332553 0.278057
v 0.133358 0.287330 0.246392
v 0.174217 0.237240 0.211318
v 0.072208 0.320800 0.269828
v -0.133203 0.287330 0.246392
v -0.072053 0.320800 0.269828
v -0.174062 0.237240 0.211318
v -0.174062 0.119067 0.128573
v -0.174062 0.284920 0.143224
v -0.072053 0.368480 0.201734
v -0.133203 0.335010 0.178298
v -0.174062 0.166747 0.060479
v 0.174217 0.284920 0.143224
v 0.072208 0.368480 0.201734
v 0.000077 0.380233 0.209963
v 0.133358 0.335010 0.178298
v 0.072208 0.083187 0.001970
v 0.174217 0.166747 0.060479
v 0.188564 0.225833 0.101852
v 0.133358 0.116657 0.025405
v -0.072054 0.083187 0.001970
v 0.000077 0.071434 -0.006260
v -0.133203 0.116657 0.025405
v -0.188410 0.225833 0.101852
v -1.340605 -0.011208 0.327591
v -0.446196 0.019759 0.225936
v -0.427277 0.020414 0.458135
v -0.448777 0.019669 -0.063470
v -0.992245 0.000853 -0.213067
v -0.432374 0.020237 -0.272408
v -1.061803 -0.001555 -0.203532
v -1.107227 -0.003128 -0.195421
v -1.135294 -0.004100 -0.187063
v -1.157125 -0.004856 -0.176717
v -1.174806 -0.005468 -0.165293
v -1.189544 -0.005978 -0.152257
v -1.201854 -0.006404 -0.137093
v -1.212742 -0.006781 -0.120175
v -1.223039 -0.007138 -0.102090
v -1.385809 -0.012773 0.192927
v -1.393808 -0.013050 0.207923
v -1.399161 -0.013235 0.222509
v -1.349880 -0.011529 0.325425
v -1.402495 -0.013351 0.237215
v -1.358975 -0.011844 0.321178
v -1.368320 -0.012168 0.316555
v -1.404590 -0.013423 0.251416
v -1.377025 -0.012469 0.311054
v -1.384996 -0.012745 0.304328
v -1.404772 -0.013430 0.264318
v -1.392127 -0.012992 0.296014
v -1.398087 -0.013198 0.286085
v -1.402497 -0.013351 0.275648
v -0.426217 0.013861 0.471254
v -1.340605 -0.011208 0.327591
v -0.427277 0.020414 0.458135
v -1.341758 -0.014316 0.333474
v -1.349880 -0.011529 0.325425
v -1.351715 -0.014622 0.331133
v -1.358975 -0.011844 0.321178
v -1.361529 -0.014924 0.326872
v -1.368320 -0.012168 0.316555
v -1.371328 -0.015226 0.322067
v -1.377025 -0.012469 0.311054
v -1.380655 -0.015513 0.316308
v -1.384996 -0.012745 0.304328
v -1.389404 -0.015782 0.309250
v -1.392127 -0.012992 0.296014
v -1.397466 -0.016030 0.300545
v -1.398087 -0.013198 0.286085
v -1.404630 -0.016251 0.289993
v -1.402497 -0.013351 0.275648
v -1.409976 -0.016415 0.278210
v -1.404772 -0.013430 0.264318
v -1.412716 -0.016500 0.265352
v -1.404590 -0.013423 0.251416
v -1.412982 -0.016508 0.251231
v -1.402495 -0.013351 0.237215
v -1.411294 -0.016456 0.236080
v -1.399161 -0.013235 0.222509
v -1.408226 -0.016361 0.220365
v -1.393808 -0.013050 0.207923
v -1.403007 -0.016201 0.204479
v -1.385809 -0.012773 0.192927
v -1.395164 -0.015959 0.188297
v -1.223039 -0.007138 -0.102090
v -1.233521 -0.010985 -0.107909
v -1.212742 -0.006781 -0.120175
v -1.223010 -0.010661 -0.126365
v -1.201854 -0.006404 -0.137093
v -1.211696 -0.010313 -0.144049
v -1.189544 -0.005978 -0.152257
v -1.198671 -0.009912 -0.160453
v -1.174806 -0.005468 -0.165293
v -1.182946 -0.009428 -0.175157
v -1.157125 -0.004856 -0.176717
v -1.163754 -0.008838 -0.188140
v -1.135294 -0.004100 -0.187063
v -1.140019 -0.008107 -0.199389
v -1.107227 -0.003128 -0.195421
v -1.110272 -0.007192 -0.208247
v -1.061803 -0.001555 -0.203532
v -1.063854 -0.005763 -0.216535
v -0.992245 0.000853 -0.213067
v -0.993828 -0.003608 -0.226135
v -0.432374 0.020237 -0.272408
v -0.431354 0.013702 -0.285530
v -0.994778 -0.016845 -0.233975
v -0.430741 -0.005996 -0.293403
v -0.995095 -0.038859 -0.236589
v -0.430537 -0.038859 -0.296028
v -1.065085 -0.018198 -0.224338
v -1.065495 -0.038859 -0.226938
v -1.112098 -0.019102 -0.215943
v -1.112707 -0.038859 -0.218509
v -1.142853 -0.019694 -0.206785
v -1.143798 -0.038859 -0.209250
v -1.167732 -0.020172 -0.194994
v -1.169058 -0.038859 -0.197279
v -1.187830 -0.020559 -0.181076
v -1.189458 -0.038859 -0.183048
v -1.204147 -0.020872 -0.165371
v -1.205972 -0.038859 -0.167010
v -1.217601 -0.021131 -0.148224
v -1.219570 -0.038859 -0.149615
v -1.229170 -0.021354 -0.130078
v -1.231224 -0.038859 -0.131316
v -1.239810 -0.021558 -0.111401
v -1.241906 -0.038859 -0.112565
v -1.400778 -0.024655 0.185518
v -1.402649 -0.038859 0.184592
v -1.408527 -0.024804 0.202412
v -1.410367 -0.038859 0.201723
v -1.413664 -0.024902 0.219080
v -1.415477 -0.038859 0.218651
v -1.416573 -0.024958 0.235399
v -1.418333 -0.038859 0.235172
v -1.418018 -0.024986 0.251120
v -1.419696 -0.038859 0.251083
v -1.418333 -0.038859 0.235172
v -1.417482 -0.024976 0.265973
v -1.419071 -0.038859 0.266180
v -1.414464 -0.024918 0.279747
v -1.415960 -0.038859 0.280260
v -1.419071 -0.038859 0.266180
v -1.408556 -0.024804 0.292338
v -1.400669 -0.024652 0.303265
v -1.392048 -0.024487 0.312204
v -1.382832 -0.024309 0.319460
v -1.373133 -0.024123 0.325375
v -1.363061 -0.023929 0.330288
v -1.352816 -0.023732 0.334557
v -1.342451 -0.023533 0.337004
v -0.425581 -0.005897 0.479126
v -0.425369 -0.038859 0.481750
v -1.342682 -0.038859 0.338180
v -1.353183 -0.038859 0.335698
v -1.363572 -0.038859 0.331427
v -1.373734 -0.038859 0.326478
v -1.383558 -0.038859 0.320511
v -1.392930 -0.038859 0.313188
v -1.401736 -0.038859 0.304171
v -1.409865 -0.038859 0.293119
v -1.398087 -0.064519 0.286085
v -1.404772 -0.064288 0.264318
v -1.402497 -0.064367 0.275648
v -1.392127 -0.064726 0.296014
v -1.384996 -0.064972 0.304328
v -1.404590 -0.064294 0.251416
v -1.377025 -0.065248 0.311054
v -1.368320 -0.065550 0.316555
v -1.402495 -0.064367 0.237215
v -1.358975 -0.065873 0.321178
v -1.349880 -0.066188 0.325425
v -1.399161 -0.064482 0.222509
v -1.340605 -0.066509 0.327591
v -1.393808 -0.064667 0.207923
v -1.385809 -0.064944 0.192927
v -1.223039 -0.070580 -0.102090
v -1.212742 -0.070936 -0.120175
v -1.201854 -0.071313 -0.137093
v -1.189544 -0.071740 -0.152257
v -1.174806 -0.072250 -0.165293
v -1.157125 -0.072862 -0.176717
v -1.135294 -0.073618 -0.187063
v -1.107227 -0.074590 -0.195421
v -1.061803 -0.076162 -0.203532
v -0.992245 -0.078571 -0.213067
v -0.450492 -0.097327 -0.063470
v -0.432374 -0.097955 -0.272408
v -0.448189 -0.097407 0.225936
v -0.427277 -0.098131 0.458135
v -0.426217 -0.091578 0.471254
v -1.340605 -0.066509 0.327591
v -1.341758 -0.063402 0.333474
v -0.427277 -0.098131 0.458135
v -1.349880 -0.066188 0.325425
v -1.351715 -0.063095 0.331133
v -1.358975 -0.065873 0.321178
v -1.361529 -0.062793 0.326872
v -1.368320 -0.065550 0.316555
v -1.371328 -0.062492 0.322067
v -1.377025 -0.065248 0.311054
v -1.380655 -0.062205 0.316308
v -1.384996 -0.064972 0.304328
v -1.389404 -0.061935 0.309250
v -1.392127 -0.064726 0.296014
v -1.397466 -0.061687 0.300545
v -1.398087 -0.064519 0.286085
v -1.404630 -0.061467 0.289993
v -1.402497 -0.064367 0.275648
v -1.409976 -0.061302 0.278210
v -1.404772 -0.064288 0.264318
v -1.412716 -0.061218 0.265352
v -1.404590 -0.064294 0.251416
v -1.412982 -0.061210 0.251231
v -1.402495 -0.064367 0.237215
v -1.411294 -0.061262 0.236080
v -1.399161 -0.064482 0.222509
v -1.408226 -0.061356 0.220365
v -1.393808 -0.064667 0.207923
v -1.403007 -0.061517 0.204479
v -1.385809 -0.064944 0.192927
v -1.395164 -0.061758 0.188297
v -1.223039 -0.070580 -0.102090
v -1.233521 -0.066733 -0.107910
v -1.212742 -0.070936 -0.120175
v -1.223010 -0.067056 -0.126365
v -1.201854 -0.071313 -0.137093
v -1.211696 -0.067404 -0.144049
v -1.189544 -0.071740 -0.152257
v -1.198671 -0.067805 -0.160453
v -1.174806 -0.072250 -0.165293
v -1.182946 -0.068289 -0.175157
v -1.157125 -0.072862 -0.176717
v -1.163754 -0.068880 -0.188140
v -1.135294 -0.073618 -0.187063
v -1.140019 -0.069610 -0.199389
v -1.107227 -0.074590 -0.195421
v -1.110272 -0.070526 -0.208247
v -1.061803 -0.076162 -0.203532
v -1.063854 -0.071954 -0.216535
v -0.992245 -0.078571 -0.213067
v -0.993828 -0.074109 -0.226135
v -0.432374 -0.097955 -0.272408
v -0.431354 -0.091420 -0.285530
v -0.994778 -0.060872 -0.233975
v -0.430741 -0.071721 -0.293403
v -0.995095 -0.038859 -0.236589
v -0.430537 -0.038859 -0.296028
v -1.065085 -0.059520 -0.224338
v -1.065495 -0.038859 -0.226938
v -1.112098 -0.058616 -0.215943
v -1.112707 -0.038859 -0.218509
v -1.142853 -0.058024 -0.206785
v -1.143798 -0.038859 -0.209250
v -1.167732 -0.057545 -0.194995
v -1.169058 -0.038859 -0.197279
v -1.187830 -0.057159 -0.181076
v -1.189458 -0.038859 -0.183048
v -1.204147 -0.056845 -0.165371
v -1.205972 -0.038859 -0.167010
v -1.217601 -0.056586 -0.148224
v -1.219570 -0.038859 -0.149615
v -1.229170 -0.056364 -0.130078
v -1.231224 -0.038859 -0.131316
v -1.239810 -0.056159 -0.111401
v -1.241906 -0.038859 -0.112565
v -1.400778 -0.053063 0.185518
v -1.402649 -0.038859 0.184592
v -1.408527 -0.052914 0.202412
v -1.410367 -0.038859 0.201723
v -1.413664 -0.052815 0.219080
v -1.415477 -0.038859 0.218651
v -1.416573 -0.052759 0.235399
v -1.418333 -0.038859 0.235172
v -1.418018 -0.052731 0.251120
v -1.419696 -0.038859 0.251083
v -1.418333 -0.038859 0.235172
v -1.417482 -0.052742 0.265973
v -1.419071 -0.038859 0.266180
v -1.414464 -0.052800 0.279747
v -1.415960 -0.038859 0.280260
v -1.419071 -0.038859 0.266180
v -1.408556 -0.052913 0.292338
v -1.400669 -0.053065 0.303265
v -1.392048 -0.053231 0.312204
v -1.382832 -0.053408 0.319460
v -1.373133 -0.053595 0.325375
v -1.363061 -0.053788 0.330288
v -1.352816 -0.053985 0.334557
v -1.342451 -0.054185 0.337004
v -0.425581 -0.071821 0.479126
v -0.425369 -0.038859 0.481750
v -1.342682 -0.038859 0.338180
v -1.353183 -0.038859 0.335698
v -1.363572 -0.038859 0.331427
v -1.373734 -0.038859 0.326478
v -1.383558 -0.038859 0.320511
v -1.392930 -0.038859 0.313188
v -1.401736 -0.038859 0.304171
v -1.409865 -0.038859 0.293119
v -0.509866 0.266769 -1.450192
v -0.522985 0.266326 -1.447837
v -0.516528 0.266544 -1.449348
v -0.535346 0.265906 -1.441867
v -0.529253 0.266113 -1.445424
v -0.553234 0.265271 -1.377803
v -0.552332 0.265322 -1.417355
v -0.545950 0.265544 -1.431660
v -0.541066 0.265711 -1.437082
v -0.549723 0.265414 -1.425246
v -0.555123 0.265218 -1.398619
v -0.554051 0.265259 -1.408272
v -0.554940 0.265219 -1.388615
v -0.465579 0.268068 -1.082743
v -0.506573 0.266710 -1.126365
v -0.513926 0.266475 -1.150779
v -0.516379 0.266399 -1.163955
v -0.510866 0.266572 -1.138188
v -0.492001 0.267189 -1.104645
v -0.500352 0.266914 -1.115324
v -0.480897 0.267557 -1.093747
v -0.399327 0.270280 -1.047764
v -0.439646 0.268933 -1.068231
v -0.017724 0.283293 -1.357220
v -0.075817 0.281095 -0.895817
v -0.503436 0.266986 -1.450859
v -0.497335 0.267191 -1.450222
v -0.496797 0.263870 -1.454045
v -0.017724 0.283293 -1.357220
v -0.497335 0.267191 -1.450222
v -0.016866 0.278194 -1.364661
v -0.503436 0.266986 -1.450859
v -0.503349 0.263674 -1.454719
v -0.509866 0.266769 -1.450192
v -0.510220 0.263468 -1.454195
v -0.516528 0.266544 -1.449348
v -0.517196 0.263259 -1.453337
v -0.522985 0.266326 -1.447837
v -0.524086 0.263052 -1.451799
v -0.529253 0.266113 -1.445424
v -0.530898 0.262847 -1.449349
v -0.535346 0.265906 -1.441867
v -0.537639 0.262643 -1.445751
v -0.541066 0.265711 -1.437082
v -0.544224 0.262444 -1.440840
v -0.545950 0.265544 -1.431660
v -0.549961 0.262269 -1.434796
v -0.549723 0.265414 -1.425246
v -0.554339 0.262135 -1.427549
v -0.552332 0.265322 -1.417355
v -0.557478 0.262037 -1.419012
v -0.554051 0.265259 -1.408272
v -0.559645 0.261968 -1.409436
v -0.555123 0.265218 -1.398619
v -0.561091 0.261920 -1.399226
v -0.554940 0.265219 -1.388615
v -0.561265 0.261909 -1.388458
v -0.553234 0.265271 -1.377803
v -0.559904 0.261945 -1.376957
v -0.516379 0.266399 -1.163955
v -0.523985 0.262920 -1.162624
v -0.513926 0.266475 -1.150779
v -0.521479 0.262989 -1.149177
v -0.510866 0.266572 -1.138188
v -0.518322 0.263077 -1.136030
v -0.506573 0.266710 -1.126365
v -0.513854 0.263205 -1.123301
v -0.500352 0.266914 -1.115324
v -0.507385 0.263393 -1.111038
v -0.492001 0.267189 -1.104645
v -0.498443 0.263655 -1.099091
v -0.480897 0.267557 -1.093747
v -0.486371 0.264011 -1.087242
v -0.465579 0.268068 -1.082743
v -0.470136 0.264491 -1.075580
v -0.439646 0.268933 -1.068231
v -0.443636 0.265278 -1.060750
v -0.399327 0.270280 -1.047764
v -0.403046 0.266483 -1.040145
v -0.446030 0.254680 -1.056262
v -0.405277 0.255436 -1.035574
v -0.446828 0.237140 -1.054765
v -0.406021 0.237140 -1.034050
v -0.472870 0.254182 -1.071281
v -0.473781 0.237140 -1.069849
v -0.489655 0.253872 -1.083339
v -0.490749 0.237140 -1.082038
v -0.502309 0.253638 -1.095759
v -0.503597 0.237140 -1.094648
v -0.511605 0.253468 -1.108466
v -0.513012 0.237140 -1.107609
v -0.518223 0.253348 -1.121464
v -0.519680 0.237140 -1.120851
v -0.522796 0.253266 -1.134735
v -0.524287 0.237140 -1.134303
v -0.526011 0.253210 -1.148216
v -0.527521 0.237140 -1.147896
v -0.528548 0.253167 -1.161825
v -0.530069 0.237140 -1.161559
v -0.563905 0.252568 -1.376450
v -0.565239 0.237140 -1.376281
v -0.565060 0.252550 -1.388365
v -0.566325 0.237140 -1.388333
v -0.564672 0.252560 -1.399590
v -0.565866 0.237140 -1.399711
v -0.563001 0.252595 -1.410134
v -0.564120 0.237140 -1.410367
v -0.565866 0.237140 -1.399711
v -0.560566 0.252643 -1.420006
v -0.561596 0.237140 -1.420337
v -0.557109 0.252710 -1.428932
v -0.558032 0.237140 -1.429393
v -0.561596 0.237140 -1.420337
v -0.552368 0.252801 -1.436678
v -0.553170 0.237140 -1.437305
v -0.546119 0.252920 -1.443094
v -0.539015 0.253054 -1.448081
v -0.531884 0.253189 -1.451703
v -0.524746 0.253323 -1.454176
v -0.517597 0.253457 -1.455731
v -0.510432 0.253592 -1.456597
v -0.503298 0.253725 -1.457035
v -0.496474 0.253853 -1.456339
v -0.016539 0.262806 -1.369144
v -0.496366 0.237140 -1.457103
v -0.016738 0.237140 -1.370692
v -0.503280 0.237140 -1.457807
v -0.510502 0.237140 -1.457398
v -0.517731 0.237140 -1.456529
v -0.524966 0.237140 -1.454969
v -0.532213 0.237140 -1.452488
v -0.539474 0.237140 -1.448857
v -0.546750 0.237140 -1.443846
v -0.077157 0.193229 -0.896446
v -0.439646 0.205346 -1.068231
v -0.399327 0.203999 -1.047764
v -0.480897 0.206722 -1.093747
v -0.465579 0.206212 -1.082743
v -0.529253 0.208166 -1.445424
v -0.554940 0.209061 -1.388615
v -0.510866 0.207708 -1.138188
v -0.500352 0.207365 -1.115324
v -0.492001 0.207090 -1.104645
v -0.506573 0.207569 -1.126365
v -0.516379 0.207880 -1.163955
v -0.513926 0.207804 -1.150779
v -0.553234 0.209009 -1.377803
v -0.549723 0.208866 -1.425246
v -0.554051 0.209020 -1.408272
v -0.555123 0.209062 -1.398619
v -0.552332 0.208958 -1.417355
v -0.541066 0.208568 -1.437082
v -0.545950 0.208735 -1.431660
v -0.535346 0.208373 -1.441868
v -0.516528 0.207735 -1.449348
v -0.522985 0.207953 -1.447837
v -0.503436 0.207294 -1.450859
v -0.509866 0.207510 -1.450192
v -0.019109 0.191033 -1.357489
v -0.497335 0.207088 -1.450222
v -0.019109 0.191033 -1.357489
v -0.496797 0.210410 -1.454045
v -0.497335 0.207088 -1.450222
v -0.018099 0.196122 -1.364891
v -0.503436 0.207294 -1.450859
v -0.503349 0.210605 -1.454719
v -0.509866 0.207510 -1.450192
v -0.510220 0.210811 -1.454195
v -0.516528 0.207735 -1.449348
v -0.517196 0.211021 -1.453337
v -0.522985 0.207953 -1.447837
v -0.524086 0.211227 -1.451799
v -0.529253 0.208166 -1.445424
v -0.530898 0.211433 -1.449349
v -0.535346 0.208373 -1.441868
v -0.537639 0.211636 -1.445751
v -0.541066 0.208568 -1.437082
v -0.544224 0.211835 -1.440840
v -0.545950 0.208735 -1.431660
v -0.549961 0.212010 -1.434796
v -0.549723 0.208866 -1.425246
v -0.554339 0.212144 -1.427549
v -0.552332 0.208958 -1.417355
v -0.557478 0.212242 -1.419012
v -0.554051 0.209020 -1.408272
v -0.559645 0.212312 -1.409436
v -0.555123 0.209062 -1.398619
v -0.561091 0.212360 -1.399226
v -0.554940 0.209061 -1.388615
v -0.561265 0.212370 -1.388458
v -0.553234 0.209009 -1.377803
v -0.559904 0.212335 -1.376957
v -0.516379 0.207880 -1.163955
v -0.523985 0.211359 -1.162624
v -0.513926 0.207804 -1.150779
v -0.521479 0.211290 -1.149177
v -0.510866 0.207708 -1.138188
v -0.518322 0.211202 -1.136030
v -0.506573 0.207569 -1.126365
v -0.513854 0.211074 -1.123301
v -0.500352 0.207365 -1.115324
v -0.507385 0.210886 -1.111038
v -0.492001 0.207090 -1.104645
v -0.498443 0.210624 -1.099091
v -0.480897 0.206722 -1.093747
v -0.486371 0.210268 -1.087242
v -0.465579 0.206212 -1.082743
v -0.470136 0.209788 -1.075580
v -0.439646 0.205346 -1.068231
v -0.443636 0.209001 -1.060750
v -0.399327 0.203999 -1.047764
v -0.403046 0.207796 -1.040145
v -0.446030 0.219599 -1.056262
v -0.405277 0.218843 -1.035574
v -0.446828 0.237140 -1.054765
v -0.406021 0.237140 -1.034050
v -0.472870 0.220097 -1.071281
v -0.473781 0.237140 -1.069849
v -0.489655 0.220408 -1.083339
v -0.490749 0.237140 -1.082038
v -0.502309 0.220641 -1.095759
v -0.503597 0.237140 -1.094648
v -0.511605 0.220811 -1.108466
v -0.513012 0.237140 -1.107609
v -0.518223 0.220931 -1.121464
v -0.519680 0.237140 -1.120851
v -0.522796 0.221013 -1.134735
v -0.524287 0.237140 -1.134303
v -0.526011 0.221069 -1.148216
v -0.527521 0.237140 -1.147896
v -0.528548 0.221112 -1.161825
v -0.530069 0.237140 -1.161559
v -0.563905 0.221711 -1.376450
v -0.565239 0.237140 -1.376281
v -0.565060 0.221730 -1.388365
v -0.566325 0.237140 -1.388333
v -0.564672 0.221719 -1.399590
v -0.565866 0.237140 -1.399711
v -0.563001 0.221685 -1.410134
v -0.564120 0.237140 -1.410367
v -0.565866 0.237140 -1.399711
v -0.560566 0.221636 -1.420006
v -0.561596 0.237140 -1.420337
v -0.557109 0.221569 -1.428932
v -0.558032 0.237140 -1.429393
v -0.561596 0.237140 -1.420337
v -0.552368 0.221478 -1.436678
v -0.553170 0.237140 -1.437305
v -0.546119 0.221359 -1.443094
v -0.539015 0.221225 -1.448081
v -0.531884 0.221090 -1.451703
v -0.524746 0.220956 -1.454176
v -0.517597 0.220822 -1.455731
v -0.510432 0.220688 -1.456597
v -0.503298 0.220554 -1.457035
v -0.496474 0.220427 -1.456339
v -0.017309 0.211488 -1.369284
v -0.496366 0.237140 -1.457103
v -0.016738 0.237140 -1.370692
v -0.503280 0.237140 -1.457807
v -0.510502 0.237140 -1.457398
v -0.517731 0.237140 -1.456529
v -0.524966 0.237140 -1.454969
v -0.532213 0.237140 -1.452488
v -0.539474 0.237140 -1.448857
v -0.546750 0.237140 -1.443846
v -0.075817 0.281095 -0.895817
v -0.076987 0.276172 -0.887156
v -0.077867 0.261517 -0.882043
v -0.078458 0.237140 -0.880479
v -0.077157 0.193229 -0.896446
v -0.078177 0.198143 -0.887715
v -0.078611 0.212776 -0.882393
v -0.078458 0.237140 -0.880479
v 1.391314 -0.013198 0.286085
v 1.398000 -0.013430 0.264318
v 1.395725 -0.013351 0.275648
v 1.385355 -0.012992 0.296014
v 1.378224 -0.012745 0.304328
v 1.397818 -0.013423 0.251416
v 1.370253 -0.012469 0.311054
v 1.361548 -0.012168 0.316555
v 1.395723 -0.013351 0.237215
v 1.352202 -0.011844 0.321178
v 1.343108 -0.011529 0.325425
v 1.392389 -0.013235 0.222509
v 1.333833 -0.011208 0.327591
v 1.387035 -0.013050 0.207923
v 1.379037 -0.012773 0.192927
v 1.216267 -0.007138 -0.102090
v 1.205970 -0.006781 -0.120175
v 1.195081 -0.006404 -0.137093
v 1.182772 -0.005978 -0.152257
v 1.168034 -0.005468 -0.165293
v 1.150353 -0.004856 -0.176717
v 1.128522 -0.004100 -0.187063
v 1.100455 -0.003128 -0.195421
v 1.055031 -0.001555 -0.203532
v 0.985473 0.000853 -0.213067
v 0.442005 0.019669 -0.063470
v 0.425602 0.020237 -0.272408
v 0.439424 0.019759 0.225936
v 0.420505 0.020414 0.458135
v 0.419445 0.013861 0.471254
v 1.333833 -0.011208 0.327591
v 1.334986 -0.014316 0.333474
v 0.420505 0.020414 0.458135
v 1.343108 -0.011529 0.325425
v 1.344943 -0.014622 0.331133
v 1.352202 -0.011844 0.321178
v 1.354756 -0.014924 0.326872
v 1.361548 -0.012168 0.316555
v 1.364556 -0.015226 0.322067
v 1.370253 -0.012469 0.311054
v 1.373882 -0.015513 0.316308
v 1.378224 -0.012745 0.304328
v 1.382632 -0.015782 0.309250
v 1.385355 -0.012992 0.296014
v 1.390693 -0.016030 0.300545
v 1.391314 -0.013198 0.286085
v 1.397858 -0.016251 0.289993
v 1.395725 -0.013351 0.275648
v 1.403204 -0.016415 0.278210
v 1.398000 -0.013430 0.264318
v 1.405944 -0.016500 0.265352
v 1.397818 -0.013423 0.251416
v 1.406210 -0.016508 0.251231
v 1.395723 -0.013351 0.237215
v 1.404521 -0.016456 0.236080
v 1.392389 -0.013235 0.222509
v 1.401454 -0.016361 0.220365
v 1.387035 -0.013050 0.207923
v 1.396235 -0.016201 0.204479
v 1.379037 -0.012773 0.192927
v 1.388392 -0.015959 0.188297
v 1.216267 -0.007138 -0.102090
v 1.226749 -0.010985 -0.107909
v 1.205970 -0.006781 -0.120175
v 1.216237 -0.010661 -0.126365
v 1.195081 -0.006404 -0.137093
v 1.204924 -0.010313 -0.144049
v 1.182772 -0.005978 -0.152257
v 1.191899 -0.009912 -0.160453
v 1.168034 -0.005468 -0.165293
v 1.176174 -0.009428 -0.175157
v 1.150353 -0.004856 -0.176717
v 1.156982 -0.008838 -0.188140
v 1.128522 -0.004100 -0.187063
v 1.133246 -0.008107 -0.199389
v 1.100455 -0.003128 -0.195421
v 1.103499 -0.007192 -0.208247
v 1.055031 -0.001555 -0.203532
v 1.057082 -0.005763 -0.216535
v 0.985473 0.000853 -0.213067
v 0.987056 -0.003608 -0.226135
v 0.425602 0.020237 -0.272408
v 0.424581 0.013702 -0.285530
v 0.988006 -0.016845 -0.233975
v 0.423969 -0.005996 -0.293403
v 0.988323 -0.038859 -0.236589
v 0.423765 -0.038859 -0.296028
v 1.058313 -0.018198 -0.224338
v 1.058723 -0.038859 -0.226938
v 1.105326 -0.019102 -0.215943
v 1.105935 -0.038859 -0.218509
v 1.136081 -0.019694 -0.206785
v 1.137026 -0.038859 -0.209250
v 1.160960 -0.020172 -0.194994
v 1.162286 -0.038859 -0.197279
v 1.181058 -0.020559 -0.181076
v 1.182686 -0.038859 -0.183048
v 1.197374 -0.020872 -0.165371
v 1.199199 -0.038859 -0.167010
v 1.210829 -0.021131 -0.148224
v 1.212798 -0.038859 -0.149615
v 1.222398 -0.021354 -0.130078
v 1.224452 -0.038859 -0.131316
v 1.233038 -0.021558 -0.111401
v 1.235134 -0.038859 -0.112565
v 1.394005 -0.024655 0.185518
v 1.395876 -0.038859 0.184592
v 1.401755 -0.024804 0.202412
v 1.403595 -0.038859 0.201723
v 1.406892 -0.024902 0.219080
v 1.408705 -0.038859 0.218651
v 1.409801 -0.024958 0.235399
v 1.411561 -0.038859 0.235172
v 1.411246 -0.024986 0.251120
v 1.412924 -0.038859 0.251083
v 1.411561 -0.038859 0.235172
v 1.410710 -0.024976 0.265973
v 1.412299 -0.038859 0.266180
v 1.407692 -0.024918 0.279747
v 1.409187 -0.038859 0.280260
v 1.412299 -0.038859 0.266180
v 1.401784 -0.024804 0.292338
v 1.393896 -0.024652 0.303265
v 1.385276 -0.024487 0.312204
v 1.376060 -0.024309 0.319460
v 1.366361 -0.024123 0.325375
v 1.356289 -0.023929 0.330288
v 1.346044 -0.023732 0.334557
v 1.335679 -0.023533 0.337004
v 0.418809 -0.005897 0.479126
v 0.418597 -0.038859 0.481750
v 1.335909 -0.038859 0.338180
v 1.346411 -0.038859 0.335698
v 1.356800 -0.038859 0.331427
v 1.366962 -0.038859 0.326477
v 1.376786 -0.038859 0.320511
v 1.386158 -0.038859 0.313188
v 1.394964 -0.038859 0.304171
v 1.403093 -0.038859 0.293119
v 1.333833 -0.066509 0.327591
v 0.441417 -0.097407 0.225936
v 0.420505 -0.098131 0.458135
v 0.443720 -0.097327 -0.063470
v 0.985473 -0.078571 -0.213067
v 0.425602 -0.097955 -0.272408
v 1.055031 -0.076162 -0.203532
v 1.100455 -0.074590 -0.195421
v 1.128522 -0.073618 -0.187063
v 1.150353 -0.072862 -0.176717
v 1.168034 -0.072250 -0.165293
v 1.182772 -0.071740 -0.152257
v 1.195081 -0.071313 -0.137093
v 1.205970 -0.070936 -0.120175
v 1.216267 -0.070580 -0.102090
v 1.379037 -0.064944 0.192927
v 1.387035 -0.064667 0.207923
v 1.392389 -0.064482 0.222509
v 1.343108 -0.066188 0.325425
v 1.395723 -0.064367 0.237215
v 1.352202 -0.065873 0.321178
v 1.361548 -0.065550 0.316555
v 1.397818 -0.064294 0.251416
v 1.370253 -0.065248 0.311054
v 1.378224 -0.064972 0.304328
v 1.398000 -0.064288 0.264318
v 1.385355 -0.064726 0.296014
v 1.391314 -0.064519 0.286085
v 1.395725 -0.064366 0.275648
v 0.419445 -0.091578 0.471254
v 1.333833 -0.066509 0.327591
v 0.420505 -0.098131 0.458135
v 1.334986 -0.063402 0.333474
v 1.343108 -0.066188 0.325425
v 1.344943 -0.063095 0.331133
v 1.352202 -0.065873 0.321178
v 1.354756 -0.062793 0.326872
v 1.361548 -0.065550 0.316555
v 1.364556 -0.062492 0.322067
v 1.370253 -0.065248 0.311054
v 1.373882 -0.062204 0.316308
v 1.378224 -0.064972 0.304328
v 1.382632 -0.061935 0.309250
v 1.385355 -0.064726 0.296014
v 1.390693 -0.061687 0.300545
v 1.391314 -0.064519 0.286085
v 1.397858 -0.061467 0.289993
v 1.395725 -0.064366 0.275648
v 1.403204 -0.061302 0.278210
v 1.398000 -0.064288 0.264318
v 1.405944 -0.061218 0.265352
v 1.397818 -0.064294 0.251416
v 1.406210 -0.061210 0.251231
v 1.395723 -0.064367 0.237215
v 1.404521 -0.061262 0.236080
v 1.392389 -0.064482 0.222509
v 1.401454 -0.061356 0.220365
v 1.387035 -0.064667 0.207923
v 1.396235 -0.061517 0.204479
v 1.379037 -0.064944 0.192927
v 1.388392 -0.061758 0.188297
v 1.216267 -0.070580 -0.102090
v 1.226749 -0.066733 -0.107910
v 1.205970 -0.070936 -0.120175
v 1.216237 -0.067056 -0.126365
v 1.195081 -0.071313 -0.137093
v 1.204924 -0.067404 -0.144049
v 1.182772 -0.071740 -0.152257
v 1.191899 -0.067805 -0.160453
v 1.168034 -0.072250 -0.165293
v 1.176174 -0.068289 -0.175157
v 1.150353 -0.072862 -0.176717
v 1.156982 -0.068880 -0.188140
v 1.128522 -0.073618 -0.187063
v 1.133246 -0.069610 -0.199389
v 1.100455 -0.074590 -0.195421
v 1.103499 -0.070526 -0.208247
v 1.055031 -0.076162 -0.203532
v 1.057082 -0.071954 -0.216535
v 0.985473 -0.078571 -0.213067
v 0.987056 -0.074109 -0.226135
v 0.425602 -0.097955 -0.272408
v 0.424581 -0.091420 -0.285530
v 0.988006 -0.060872 -0.233975
v 0.423969 -0.071721 -0.293403
v 0.988323 -0.038859 -0.236589
v 0.423765 -0.038859 -0.296028
v 1.058313 -0.059520 -0.224338
v 1.058723 -0.038859 -0.226938
v 1.105326 -0.058616 -0.215943
v 1.105935 -0.038859 -0.218509
v 1.136081 -0.058024 -0.206785
v 1.137026 -0.038859 -0.209250
v 1.160960 -0.057545 -0.194995
v 1.162286 -0.038859 -0.197279
v 1.181058 -0.057159 -0.181076
v 1.182686 -0.038859 -0.183048
v 1.197374 -0.056845 -0.165371
v 1.199199 -0.038859 -0.167010
v 1.210829 -0.056586 -0.148224
v 1.212798 -0.038859 -0.149615
v 1.222398 -0.056364 -0.130078
v 1.224452 -0.038859 -0.131316
v 1.233038 -0.056159 -0.111401
v 1.235134 -0.038859 -0.112565
v 1.394005 -0.053063 0.185518
v 1.395876 -0.038859 0.184592
v 1.401755 -0.052914 0.202412
v 1.403595 -0.038859 0.201723
v 1.406892 -0.052815 0.219080
v 1.408705 -0.038859 0.218651
v 1.409801 -0.052759 0.235399
v 1.411561 -0.038859 0.235172
v 1.411246 -0.052731 0.251120
v 1.412924 -0.038859 0.251083
v 1.411561 -0.038859 0.235172
v 1.410710 -0.052741 0.265973
v 1.412299 -0.038859 0.266180
v 1.407692 -0.052800 0.279747
v 1.409187 -0.038859 0.280260
v 1.412299 -0.038859 0.266180
v 1.401784 -0.052913 0.292338
v 1.393896 -0.053065 0.303265
v 1.385276 -0.053231 0.312204
v 1.376060 -0.053408 0.319460
v 1.366361 -0.053595 0.325375
v 1.356289 -0.053788 0.330288
v 1.346044 -0.053985 0.334557
v 1.335679 -0.054185 0.337004
v 0.418809 -0.071820 0.479126
v 0.418597 -0.038859 0.481750
v 1.335909 -0.038859 0.338180
v 1.346411 -0.038859 0.335698
v 1.356800 -0.038859 0.331427
v 1.366962 -0.038859 0.326477
v 1.376786 -0.038859 0.320511
v 1.386158 -0.038859 0.313188
v 1.394964 -0.038859 0.304171
v 1.403093 -0.038859 0.293119
v 0.017724 0.283293 -1.357220
v 0.399327 0.270280 -1.047764
v 0.075817 0.281095 -0.895817
v 0.465579 0.268067 -1.082743
v 0.439646 0.268933 -1.068231
v 0.509866 0.266769 -1.450192
v 0.553234 0.265270 -1.377803
v 0.506573 0.266710 -1.126365
v 0.492001 0.267189 -1.104645
v 0.480897 0.267557 -1.093747
v 0.500352 0.266914 -1.115324
v 0.513926 0.266475 -1.150779
v 0.510866 0.266571 -1.138188
v 0.516379 0.266399 -1.163955
v 0.535346 0.265906 -1.441867
v 0.552332 0.265321 -1.417355
v 0.555123 0.265218 -1.398619
v 0.554940 0.265219 -1.388615
v 0.554051 0.265259 -1.408272
v 0.545950 0.265544 -1.431660
v 0.549723 0.265413 -1.425246
v 0.541066 0.265711 -1.437082
v 0.522985 0.266326 -1.447837
v 0.529253 0.266113 -1.445424
v 0.516528 0.266544 -1.449348
v 0.503436 0.266986 -1.450859
v 0.497335 0.267191 -1.450222
v 0.496797 0.263870 -1.454045
v 0.017724 0.283293 -1.357220
v 0.016866 0.278194 -1.364661
v 0.497335 0.267191 -1.450222
v 0.503436 0.266986 -1.450859
v 0.503349 0.263674 -1.454719
v 0.509866 0.266769 -1.450192
v 0.510220 0.263468 -1.454195
v 0.516528 0.266544 -1.449348
v 0.517196 0.263259 -1.453337
v 0.522985 0.266326 -1.447837
v 0.524086 0.263052 -1.451799
v 0.529253 0.266113 -1.445424
v 0.530898 0.262847 -1.449349
v 0.535346 0.265906 -1.441867
v 0.537639 0.262643 -1.445751
v 0.541066 0.265711 -1.437082
v 0.544224 0.262444 -1.440840
v 0.545950 0.265544 -1.431660
v 0.549961 0.262269 -1.434796
v 0.549723 0.265413 -1.425246
v 0.554339 0.262135 -1.427549
v 0.552332 0.265321 -1.417355
v 0.557478 0.262037 -1.419012
v 0.554051 0.265259 -1.408272
v 0.559645 0.261968 -1.409436
v 0.555123 0.265218 -1.398619
v 0.561091 0.261920 -1.399226
v 0.554940 0.265219 -1.388615
v 0.561265 0.261909 -1.388458
v 0.553234 0.265270 -1.377803
v 0.559904 0.261945 -1.376957
v 0.516379 0.266399 -1.163955
v 0.523985 0.262920 -1.162624
v 0.513926 0.266475 -1.150779
v 0.521479 0.262989 -1.149177
v 0.510866 0.266571 -1.138188
v 0.518322 0.263077 -1.136030
v 0.506573 0.266710 -1.126365
v 0.513854 0.263205 -1.123301
v 0.500352 0.266914 -1.115324
v 0.507385 0.263393 -1.111038
v 0.492001 0.267189 -1.104645
v 0.498443 0.263655 -1.099091
v 0.480897 0.267557 -1.093747
v 0.486371 0.264011 -1.087242
v 0.465579 0.268067 -1.082743
v 0.470136 0.264491 -1.075580
v 0.439646 0.268933 -1.068231
v 0.443636 0.265278 -1.060750
v 0.399327 0.270280 -1.047764
v 0.403046 0.266483 -1.040145
v 0.446030 0.254680 -1.056262
v 0.405277 0.255436 -1.035574
v 0.446828 0.237140 -1.054765
v 0.406021 0.237140 -1.034050
v 0.472870 0.254182 -1.071281
v 0.473781 0.237140 -1.069849
v 0.489655 0.253872 -1.083339
v 0.490749 0.237140 -1.082038
v 0.502309 0.253638 -1.095759
v 0.503597 0.237139 -1.094648
v 0.511605 0.253468 -1.108466
v 0.513012 0.237139 -1.107609
v 0.518223 0.253348 -1.121464
v 0.519680 0.237139 -1.120851
v 0.522796 0.253266 -1.134735
v 0.524287 0.237139 -1.134303
v 0.526011 0.253210 -1.148216
v 0.527521 0.237139 -1.147896
v 0.528548 0.253167 -1.161825
v 0.530069 0.237139 -1.161559
v 0.563905 0.252568 -1.376450
v 0.565239 0.237140 -1.376281
v 0.565060 0.252550 -1.388365
v 0.566325 0.237140 -1.388333
v 0.564672 0.252560 -1.399590
v 0.565866 0.237140 -1.399711
v 0.563001 0.252595 -1.410134
v 0.564120 0.237140 -1.410367
v 0.565866 0.237140 -1.399711
v 0.560566 0.252643 -1.420006
v 0.561596 0.237140 -1.420337
v 0.557109 0.252710 -1.428932
v 0.558032 0.237140 -1.429393
v 0.561596 0.237140 -1.420337
v 0.552368 0.252801 -1.436678
v 0.553170 0.237140 -1.437305
v 0.546119 0.252920 -1.443094
v 0.539015 0.253054 -1.448081
v 0.531884 0.253189 -1.451703
v 0.524746 0.253323 -1.454176
v 0.517597 0.253457 -1.455731
v 0.510432 0.253591 -1.456597
v 0.503298 0.253725 -1.457035
v 0.496474 0.253853 -1.456339
v 0.016539 0.262806 -1.369144
v 0.496366 0.237140 -1.457103
v 0.016738 0.237140 -1.370692
v 0.503280 0.237140 -1.457807
v 0.510502 0.237140 -1.457398
v 0.517731 0.237140 -1.456529
v 0.524966 0.237140 -1.454969
v 0.532213 0.237140 -1.452488
v 0.539474 0.237140 -1.448857
v 0.546750 0.237140 -1.443846
v 0.503436 0.207293 -1.450859
v 0.516528 0.207735 -1.449348
v 0.509866 0.207510 -1.450192
v 0.529253 0.208166 -1.445424
v 0.522985 0.207953 -1.447837
v 0.077157 0.193229 -0.896446
v 0.480897 0.206722 -1.093747
v 0.554940 0.209061 -1.388615
v 0.549723 0.208866 -1.425246
v 0.541066 0.208568 -1.437082
v 0.535346 0.208373 -1.441868
v 0.545950 0.208735 -1.431660
v 0.554051 0.209020 -1.408272
v 0.552332 0.208958 -1.417355
v 0.555123 0.209061 -1.398619
v 0.510866 0.207707 -1.138188
v 0.516379 0.207880 -1.163955
v 0.553234 0.209009 -1.377803
v 0.513926 0.207804 -1.150779
v 0.500352 0.207365 -1.115324
v 0.506573 0.207569 -1.126365
v 0.492001 0.207090 -1.104645
v 0.439646 0.205346 -1.068231
v 0.465579 0.206212 -1.082743
v 0.399327 0.203999 -1.047764
v 0.019109 0.191033 -1.357489
v 0.497335 0.207088 -1.450222
v 0.019109 0.191033 -1.357489
v 0.496797 0.210409 -1.454045
v 0.018099 0.196122 -1.364891
v 0.497335 0.207088 -1.450222
v 0.503436 0.207293 -1.450859
v 0.503349 0.210605 -1.454719
v 0.509866 0.207510 -1.450192
v 0.510220 0.210811 -1.454195
v 0.516528 0.207735 -1.449348
v 0.517196 0.211020 -1.453337
v 0.522985 0.207953 -1.447837
v 0.524086 0.211227 -1.451799
v 0.529253 0.208166 -1.445424
v 0.530898 0.211432 -1.449349
v 0.535346 0.208373 -1.441868
v 0.537639 0.211636 -1.445751
v 0.541066 0.208568 -1.437082
v 0.544224 0.211835 -1.440840
v 0.545950 0.208735 -1.431660
v 0.549961 0.212010 -1.434796
v 0.549723 0.208866 -1.425246
v 0.554339 0.212144 -1.427549
v 0.552332 0.208958 -1.417355
v 0.557478 0.212242 -1.419012
v 0.554051 0.209020 -1.408272
v 0.559645 0.212312 -1.409436
v 0.555123 0.209061 -1.398619
v 0.561091 0.212360 -1.399226
v 0.554940 0.209061 -1.388615
v 0.561265 0.212370 -1.388458
v 0.553234 0.209009 -1.377803
v 0.559904 0.212334 -1.376957
v 0.516379 0.207880 -1.163955
v 0.523985 0.211359 -1.162624
v 0.513926 0.207804 -1.150779
v 0.521479 0.211290 -1.149177
v 0.510866 0.207707 -1.138188
v 0.518322 0.211202 -1.136030
v 0.506573 0.207569 -1.126365
v 0.513854 0.211074 -1.123301
v 0.500352 0.207365 -1.115324
v 0.507385 0.210886 -1.111038
v 0.492001 0.207090 -1.104645
v 0.498443 0.210624 -1.099091
v 0.480897 0.206722 -1.093747
v 0.486371 0.210268 -1.087242
v 0.465579 0.206212 -1.082743
v 0.470136 0.209788 -1.075580
v 0.439646 0.205346 -1.068231
v 0.443636 0.209001 -1.060750
v 0.399327 0.203999 -1.047764
v 0.403046 0.207796 -1.040145
v 0.446030 0.219599 -1.056262
v 0.405277 0.218843 -1.035574
v 0.446828 0.237140 -1.054765
v 0.406021 0.237140 -1.034050
v 0.472870 0.220097 -1.071281
v 0.473781 0.237140 -1.069849
v 0.489655 0.220407 -1.083339
v 0.490749 0.237140 -1.082038
v 0.502309 0.220641 -1.095759
v 0.503597 0.237139 -1.094648
v 0.511605 0.220811 -1.108466
v 0.513012 0.237139 -1.107609
v 0.518223 0.220931 -1.121464
v 0.519680 0.237139 -1.120851
v 0.522796 0.221013 -1.134735
v 0.524287 0.237139 -1.134303
v 0.526011 0.221069 -1.148216
v 0.527521 0.237139 -1.147896
v 0.528548 0.221112 -1.161825
v 0.530069 0.237139 -1.161559
v 0.563905 0.221711 -1.376450
v 0.565239 0.237140 -1.376281
v 0.565060 0.221729 -1.388365
v 0.566325 0.237140 -1.388333
v 0.564672 0.221719 -1.399590
v 0.565866 0.237140 -1.399711
v 0.563001 0.221685 -1.410134
v 0.564120 0.237140 -1.410367
v 0.565866 0.237140 -1.399711
v 0.560566 0.221636 -1.420006
v 0.561596 0.237140 -1.420337
v 0.557109 0.221569 -1.428932
v 0.558032 0.237140 -1.429393
v 0.561596 0.237140 -1.420337
v 0.552368 0.221478 -1.436678
v 0.553170 0.237140 -1.437305
v 0.546119 0.221359 -1.443094
v 0.539015 0.221225 -1.448081
v 0.531884 0.221090 -1.451703
v 0.524746 0.220956 -1.454176
v 0.517597 0.220822 -1.455731
v 0.510432 0.220687 -1.456597
v 0.503298 0.220554 -1.457035
v 0.496474 0.220426 -1.456339
v 0.017309 0.211487 -1.369284
v 0.496366 0.237140 -1.457103
v 0.016738 0.237140 -1.370692
v 0.503280 0.237140 -1.457807
v 0.510502 0.237140 -1.457398
v 0.517731 0.237140 -1.456529
v 0.524966 0.237140 -1.454969
v 0.532213 0.237140 -1.452488
v 0.539474 0.237140 -1.448857
v 0.546750 0.237140 -1.443846
v 0.075817 0.281095 -0.895817
v 0.076987 0.276172 -0.887156
v 0.077867 0.261517 -0.882043
v 0.078458 0.237140 -0.880479
v 0.077157 0.193229 -0.896446
v 0.078177 0.198143 -0.887715
v 0.078611 0.212776 -0.882393
v 0.078458 0.237140 -0.880479
v 0.027657 0.730507 -1.471216
v 0.027737 0.744596 -1.469812
v 0.027692 0.737426 -1.470606
v 0.027966 0.758333 -1.465808
v 0.027824 0.751559 -1.468296
v 0.061889 0.288795 -0.871894
v 0.049591 0.712265 -1.087198
v 0.031427 0.786878 -1.405208
v 0.029184 0.780661 -1.444473
v 0.028466 0.771163 -1.457044
v 0.028178 0.764938 -1.462090
v 0.028794 0.776500 -1.451301
v 0.030222 0.785595 -1.426311
v 0.029666 0.783596 -1.436041
v 0.030813 0.786908 -1.415959
v 0.046835 0.743717 -1.135442
v 0.045249 0.749209 -1.163215
v 0.032092 0.785226 -1.393564
v 0.046060 0.746793 -1.149019
v 0.048248 0.732804 -1.110703
v 0.047565 0.739302 -1.122668
v 0.048912 0.724011 -1.099091
v 0.051196 0.668376 -1.059096
v 0.050281 0.695993 -1.075120
v 0.052491 0.625404 -1.036435
v 0.032920 0.289109 -1.379063
v 0.027702 0.723963 -1.470429
v 0.032920 0.289109 -1.379063
v 0.024416 0.723321 -1.474527
v 0.028878 0.289114 -1.386646
v 0.027702 0.723963 -1.470429
v 0.027657 0.730507 -1.471216
v 0.024373 0.730349 -1.475361
v 0.027692 0.737426 -1.470606
v 0.024396 0.737739 -1.474913
v 0.027737 0.744596 -1.469812
v 0.024437 0.745248 -1.474108
v 0.027824 0.751559 -1.468296
v 0.024515 0.752675 -1.472571
v 0.027966 0.758333 -1.465808
v 0.024643 0.760034 -1.470052
v 0.028178 0.764938 -1.462090
v 0.024833 0.767337 -1.466300
v 0.028466 0.771163 -1.457044
v 0.025096 0.774492 -1.461134
v 0.028794 0.776500 -1.451301
v 0.025420 0.780757 -1.454737
v 0.029184 0.780661 -1.444473
v 0.025812 0.785581 -1.447025
v 0.029666 0.783596 -1.436041
v 0.026275 0.789097 -1.437906
v 0.030222 0.785595 -1.426311
v 0.026795 0.791584 -1.427655
v 0.030813 0.786908 -1.415959
v 0.027351 0.793309 -1.416711
v 0.031427 0.786878 -1.405208
v 0.027938 0.793675 -1.405146
v 0.032092 0.785226 -1.393564
v 0.028567 0.792405 -1.392768
v 0.045249 0.749209 -1.163215
v 0.040288 0.757402 -1.161911
v 0.046060 0.746793 -1.149019
v 0.041023 0.754935 -1.147424
v 0.046835 0.743717 -1.135442
v 0.041743 0.751763 -1.133248
v 0.047565 0.739302 -1.122668
v 0.042441 0.747176 -1.119498
v 0.048248 0.732804 -1.110703
v 0.043115 0.740431 -1.106216
v 0.048912 0.724011 -1.099091
v 0.043775 0.731025 -1.093232
v 0.049591 0.712265 -1.087198
v 0.044431 0.718254 -1.080301
v 0.050281 0.695993 -1.075120
v 0.045081 0.701008 -1.067501
v 0.051196 0.668376 -1.059096
v 0.045912 0.672787 -1.051126
v 0.052491 0.625404 -1.036435
v 0.047071 0.629526 -1.028312
v 0.028847 0.675434 -1.046344
v 0.029574 0.632000 -1.023439
v 0.000000 0.676316 -1.044750
v 0.000000 0.632824 -1.021814
v 0.028321 0.704017 -1.062929
v 0.000000 0.705020 -1.061405
v 0.027901 0.721847 -1.076163
v 0.000000 0.723045 -1.074783
v 0.027471 0.735233 -1.089717
v 0.000000 0.736636 -1.088545
v 0.027032 0.745008 -1.103524
v 0.000000 0.746533 -1.102626
v 0.026586 0.751900 -1.117597
v 0.000000 0.753475 -1.116963
v 0.026131 0.756591 -1.131931
v 0.000000 0.758200 -1.131492
v 0.025670 0.759819 -1.146467
v 0.000000 0.761447 -1.146148
v 0.025205 0.762317 -1.161129
v 0.000000 0.763956 -1.160869
v 0.017869 0.796713 -1.392290
v 0.000000 0.798149 -1.392130
v 0.017463 0.797754 -1.405109
v 0.000000 0.799113 -1.405096
v 0.017080 0.797149 -1.417162
v 0.000000 0.798430 -1.417313
v 0.000000 0.799113 -1.405096
v 0.000000 0.798149 -1.392130
v 0.016721 0.795178 -1.428462
v 0.000000 0.796376 -1.428731
v 0.000000 0.798430 -1.417313
v 0.016386 0.792397 -1.439026
v 0.000000 0.793498 -1.439399
v 0.016084 0.788534 -1.448557
v 0.000000 0.789518 -1.449067
v 0.015822 0.783311 -1.456799
v 0.000000 0.784163 -1.457486
v 0.015607 0.776490 -1.463588
v 0.015441 0.768776 -1.468826
v 0.015321 0.761055 -1.472598
v 0.015240 0.753345 -1.475136
v 0.015191 0.745638 -1.476686
v 0.015165 0.737927 -1.477497
v 0.015154 0.730255 -1.477848
v 0.015182 0.722936 -1.476986
v 0.017905 0.289117 -1.391175
v 0.000000 0.722808 -1.477806
v 0.000000 0.289117 -1.392682
v 0.000000 0.730223 -1.478677
v 0.000000 0.737989 -1.478358
v 0.000000 0.745769 -1.477545
v 0.000000 0.753568 -1.475990
v 0.000000 0.761395 -1.473447
v 0.000000 0.769255 -1.469668
v 0.000000 0.777156 -1.464406
v -0.032921 0.289109 -1.379063
v -0.052491 0.625404 -1.036435
v -0.061889 0.288795 -0.871894
v -0.050281 0.695993 -1.075120
v -0.051197 0.668376 -1.059096
v -0.027692 0.737426 -1.470606
v -0.032092 0.785226 -1.393564
v -0.047565 0.739303 -1.122668
v -0.048912 0.724011 -1.099091
v -0.049591 0.712265 -1.087198
v -0.048249 0.732804 -1.110703
v -0.046060 0.746793 -1.149019
v -0.046836 0.743717 -1.135442
v -0.045249 0.749209 -1.163215
v -0.028178 0.764938 -1.462090
v -0.029666 0.783596 -1.436041
v -0.030813 0.786908 -1.415959
v -0.031427 0.786878 -1.405208
v -0.030222 0.785595 -1.426311
v -0.028794 0.776500 -1.451301
v -0.029184 0.780661 -1.444473
v -0.028466 0.771163 -1.457044
v -0.027824 0.751559 -1.468295
v -0.027966 0.758333 -1.465808
v -0.027737 0.744596 -1.469812
v -0.027657 0.730507 -1.471216
v -0.027702 0.723963 -1.470429
v -0.024416 0.723321 -1.474527
v -0.032921 0.289109 -1.379063
v -0.028878 0.289114 -1.386646
v -0.027702 0.723963 -1.470429
v -0.027657 0.730507 -1.471216
v -0.024374 0.730349 -1.475361
v -0.027692 0.737426 -1.470606
v -0.024396 0.737739 -1.474913
v -0.027737 0.744596 -1.469812
v -0.024437 0.745248 -1.474108
v -0.027824 0.751559 -1.468295
v -0.024515 0.752675 -1.472571
v -0.027966 0.758333 -1.465808
v -0.024643 0.760034 -1.470052
v -0.028178 0.764938 -1.462090
v -0.024834 0.767337 -1.466300
v -0.028466 0.771163 -1.457044
v -0.025096 0.774492 -1.461134
v -0.028794 0.776500 -1.451301
v -0.025421 0.780757 -1.454737
v -0.029184 0.780661 -1.444473
v -0.025812 0.785581 -1.447025
v -0.029666 0.783596 -1.436041
v -0.026275 0.789097 -1.437906
v -0.030222 0.785595 -1.426311
v -0.026796 0.791584 -1.427655
v -0.030813 0.786908 -1.415959
v -0.027351 0.793309 -1.416711
v -0.031427 0.786878 -1.405208
v -0.027939 0.793675 -1.405146
v -0.032092 0.785226 -1.393564
v -0.028567 0.792405 -1.392768
v -0.045249 0.749209 -1.163215
v -0.040288 0.757402 -1.161911
v -0.046060 0.746793 -1.149019
v -0.041024 0.754935 -1.147424
v -0.046836 0.743717 -1.135442
v -0.041743 0.751763 -1.133248
v -0.047565 0.739303 -1.122668
v -0.042441 0.747176 -1.119498
v -0.048249 0.732804 -1.110703
v -0.043116 0.740431 -1.106216
v -0.048912 0.724011 -1.099091
v -0.043775 0.731025 -1.093232
v -0.049591 0.712265 -1.087198
v -0.044432 0.718254 -1.080301
v -0.050281 0.695993 -1.075120
v -0.045081 0.701008 -1.067501
v -0.051197 0.668376 -1.059096
v -0.045913 0.672787 -1.051126
v -0.052491 0.625404 -1.036435
v -0.047071 0.629526 -1.028312
v -0.028847 0.675434 -1.046344
v -0.029574 0.632000 -1.023439
v 0.000000 0.676316 -1.044750
v 0.000000 0.632824 -1.021814
v -0.028321 0.704017 -1.062929
v 0.000000 0.705020 -1.061405
v -0.027901 0.721847 -1.076163
v 0.000000 0.723045 -1.074783
v -0.027471 0.735233 -1.089717
v 0.000000 0.736636 -1.088545
v -0.027033 0.745008 -1.103524
v 0.000000 0.746533 -1.102626
v -0.026586 0.751900 -1.117597
v 0.000000 0.753475 -1.116963
v -0.026132 0.756591 -1.131931
v 0.000000 0.758200 -1.131492
v -0.025670 0.759819 -1.146467
v 0.000000 0.761447 -1.146148
v -0.025205 0.762317 -1.161129
v 0.000000 0.763956 -1.160869
v -0.017870 0.796713 -1.392290
v 0.000000 0.798149 -1.392130
v -0.017463 0.797754 -1.405109
v 0.000000 0.799113 -1.405096
v -0.017080 0.797149 -1.417162
v 0.000000 0.798430 -1.417313
v 0.000000 0.799113 -1.405096
v 0.000000 0.798149 -1.392130
v -0.016722 0.795178 -1.428462
v 0.000000 0.796376 -1.428731
v 0.000000 0.798430 -1.417313
v -0.016387 0.792397 -1.439026
v 0.000000 0.793498 -1.439399
v -0.016084 0.788534 -1.448557
v 0.000000 0.789518 -1.449067
v -0.015823 0.783311 -1.456799
v 0.000000 0.784163 -1.457486
v -0.015607 0.776490 -1.463588
v -0.015441 0.768776 -1.468826
v -0.015321 0.761055 -1.472598
v -0.015241 0.753345 -1.475136
v -0.015192 0.745638 -1.476686
v -0.015166 0.737927 -1.477497
v -0.015155 0.730255 -1.477848
v -0.015182 0.722936 -1.476986
v -0.017905 0.289117 -1.391175
v 0.000000 0.722808 -1.477806
v 0.000000 0.289117 -1.392682
v 0.000000 0.730223 -1.478677
v 0.000000 0.737989 -1.478358
v 0.000000 0.745769 -1.477545
v 0.000000 0.753568 -1.475990
v 0.000000 0.761395 -1.473447
v 0.000000 0.769255 -1.469668
v 0.000000 0.777156 -1.464406
v 0.061889 0.288795 -0.871894
v 0.055519 0.288789 -0.861918
v 0.034889 0.288785 -0.855933
v 0.000000 0.288784 -0.853939
v -0.061889 0.288795 -0.871894
v -0.055519 0.288789 -0.861918
v -0.034890 0.288785 -0.855933
v 0.000000 0.288784 -0.853939
v 0.000000 0.363775 0.414099
v -0.089661 0.354963 0.481078
v -0.087249 0.355721 0.409163
v 0.000000 0.363764 0.481078
v -0.175581 0.328900 0.481078
v -0.171428 0.331760 0.394480
v -0.178492 0.328236 0.392320
v -0.254764 0.286576 0.481078
v -0.250574 0.293189 0.362388
v -0.306150 0.252223 0.327400
v -0.324169 0.229616 0.481078
v -0.322370 0.240702 0.313910
v -0.374492 0.187302 0.251387
v -0.381128 0.160211 0.481078
v -0.385960 0.176227 0.233314
v -0.428789 0.094937 0.233207
v -0.423453 0.081028 0.481078
v -0.455181 0.006775 0.233207
v -0.449516 -0.004892 0.481078
v -0.464092 -0.081360 0.233207
v -0.458317 -0.094245 0.481078
v -0.455181 -0.176598 0.233207
v -0.449516 -0.183598 0.481078
v -0.428788 -0.264760 0.233207
v -0.423453 -0.269517 0.481078
v -0.385930 -0.346012 0.233207
v -0.381128 -0.348701 0.481078
v -0.328253 -0.417229 0.233207
v -0.324169 -0.418106 0.481078
v -0.257972 -0.475675 0.233207
v -0.254764 -0.477417 0.481078
v -0.177790 -0.519105 0.233207
v -0.175580 -0.519741 0.481078
v -0.090787 -0.545849 0.233207
v -0.089661 -0.545804 0.481078
v 0.000000 -0.554879 0.233207
v 0.000000 -0.554605 0.481078
v -0.437183 -0.262319 -0.054799
v -0.455159 -0.173612 -0.054799
v -0.464245 -0.081360 -0.054799
v -0.459035 0.010893 -0.054799
v -0.181267 -0.518235 -0.054799
v -0.263020 -0.474537 -0.054799
v -0.092560 -0.545144 -0.054799
v 0.000000 -0.554230 -0.054799
v -0.442371 -0.081360 -0.290313
v -0.441839 0.009120 -0.290313
v -0.445493 0.065638 -0.104455
v -0.446028 0.070443 -0.054799
v -0.439862 0.073481 -0.185510
v -0.429641 0.096667 -0.264063
v -0.428789 0.096123 -0.290313
v -0.421411 0.109927 -0.290313
v -0.433460 -0.171839 -0.290313
v -0.415999 -0.258842 -0.290313
v -0.374967 -0.339024 -0.290313
v -0.393485 -0.344072 -0.054799
v -0.334678 -0.415729 -0.054799
v -0.317290 -0.409305 -0.290313
v -0.247216 -0.466982 -0.290313
v -0.168629 -0.509840 -0.290313
v -0.083438 -0.536232 -0.290313
v 0.000000 -0.545144 -0.290313
v -0.287155 -0.390277 -0.475256
v -0.338311 -0.324074 -0.475256
v -0.371542 -0.248544 -0.475256
v -0.392005 -0.166590 -0.475256
v -0.398915 -0.081360 -0.475256
v -0.392005 0.003870 -0.475256
v -0.381646 0.085825 -0.475256
v -0.399864 0.135071 -0.339687
v -0.374557 0.168705 -0.384329
v -0.356178 0.161355 -0.475256
v -0.354672 0.187301 -0.409012
v -0.311841 0.230173 -0.449840
v -0.309226 0.227557 -0.475256
v -0.280181 0.252222 -0.470838
v -0.271423 0.258582 -0.475256
v -0.230048 0.217320 -0.632497
v -0.181090 0.266217 -0.632497
v -0.240869 0.278665 -0.489207
v -0.163501 0.312622 -0.512796
v -0.124434 0.302550 -0.632497
v -0.271438 0.157739 -0.632497
v -0.294651 0.089764 -0.632497
v -0.304728 0.016007 -0.632497
v -0.310659 -0.060698 -0.632497
v -0.304728 -0.137403 -0.632497
v -0.287163 -0.211161 -0.632497
v -0.258638 -0.279136 -0.632497
v -0.220250 -0.338716 -0.632497
v -0.173474 -0.387613 -0.632497
v -0.225574 -0.444608 -0.475256
v -0.154684 -0.484980 -0.475256
v -0.080019 -0.509840 -0.475256
v 0.000000 -0.518234 -0.475256
v -0.111849 -0.423946 -0.632497
v -0.055611 -0.446321 -0.632497
v 0.000000 -0.453875 -0.632497
v -0.132024 -0.289110 -0.757983
v -0.169303 -0.247527 -0.757983
v -0.083548 -0.320009 -0.757983
v -0.040400 -0.339037 -0.757983
v 0.000000 -0.345461 -0.757983
v -0.094024 -0.162835 -0.877674
v -0.121462 -0.133981 -0.877674
v -0.199898 -0.196858 -0.757983
v -0.222632 -0.139050 -0.757983
v -0.236632 -0.076324 -0.757983
v -0.241359 -0.011092 -0.757983
v -0.236632 0.054140 -0.757983
v -0.222632 0.116866 -0.757983
v -0.202004 0.174674 -0.757983
v -0.171409 0.225343 -0.757983
v -0.131152 0.266926 -0.757983
v -0.090373 0.297825 -0.757983
v -0.062203 0.324924 -0.632497
v -0.043044 0.316853 -0.757983
v 0.000000 0.332479 -0.632497
v 0.000000 0.340385 -0.529698
v -0.082780 0.333251 -0.526142
v 0.000000 0.323278 -0.757983
v -0.028755 0.308043 -0.877674
v 0.000000 0.312735 -0.877674
v -0.062721 0.293072 -0.877674
v -0.094024 0.268761 -0.877674
v -0.121462 0.236044 -0.877674
v -0.143979 0.196179 -0.877674
v 0.000000 0.301186 -0.985688
v 0.000000 0.304185 -0.985602
v -0.050756 0.290410 -0.985602
v -0.076161 0.269698 -0.985602
v -0.094676 0.241739 -0.985602
v -0.110331 0.208867 -0.985602
v -0.120599 0.172137 -0.985602
v -0.160711 0.150697 -0.877674
v -0.171015 0.101346 -0.877674
v -0.174494 0.050022 -0.877674
v -0.171015 -0.001301 -0.877674
v -0.160711 -0.050652 -0.877674
v -0.143979 -0.096134 -0.877674
v -0.128595 0.129094 -0.985602
v -0.131295 0.086287 -0.985602
v -0.128595 0.047606 -0.985602
v -0.120599 0.007304 -0.985602
v -0.107615 -0.023945 -0.985602
v -0.090141 -0.048594 -0.985602
v -0.068849 -0.068332 -0.985602
v -0.040300 -0.082294 -0.985602
v -0.057285 -0.183270 -0.877674
v -0.026070 -0.196184 -0.877674
v 0.000000 -0.200876 -0.877674
v 0.000000 -0.089837 -0.985602
v 0.000000 -0.093314 -0.985602
v 0.000000 -0.093314 -0.985602
v -0.020771 0.164763 -1.357068
v -0.022921 0.178816 -1.371605
v -0.024949 0.193430 -1.384659
v -0.026453 0.208044 -1.396242
v -0.027177 0.223075 -1.404429
v -0.027134 0.238356 -1.410456
v -0.027634 0.255780 -1.416475
v -0.026016 0.276431 -1.420214
v -0.021811 0.290410 -1.421736
v 0.000000 0.300708 -1.421801
v -0.410299 0.135072 0.166155
v -0.433243 0.097968 0.076578
v -0.433680 0.096817 0.073801
v -0.443870 0.073481 -0.023399
v -0.101700 0.328234 -0.523642
v 0.000000 0.340385 -0.529698
v -0.089555 0.327278 -0.515499
v -0.082780 0.333251 -0.526142
v 0.000000 0.336649 -0.520167
v -0.101700 0.328234 -0.523642
v -0.161450 0.313962 -0.503923
v -0.101700 0.328234 -0.523642
v -0.163501 0.312622 -0.512796
v -0.235876 0.281395 -0.481535
v -0.240869 0.278665 -0.489207
v -0.268031 0.257864 -0.467021
v -0.271423 0.258582 -0.475256
v -0.280181 0.252222 -0.470838
v -0.303053 0.234800 -0.445255
v -0.311841 0.230173 -0.449840
v -0.344676 0.191691 -0.404976
v -0.354672 0.187301 -0.409012
v -0.364001 0.173146 -0.381398
v -0.374557 0.168705 -0.384329
v -0.388594 0.139998 -0.337047
v -0.399864 0.135071 -0.339687
v -0.409533 0.114844 -0.288475
v -0.421411 0.109927 -0.290313
v -0.417531 0.101973 -0.262210
v -0.429641 0.096667 -0.264063
v -0.427464 0.078957 -0.184504
v -0.439862 0.073481 -0.185510
v -0.432936 0.071361 -0.104945
v -0.445493 0.065638 -0.104455
v -0.433456 0.075585 -0.055592
v -0.446028 0.070443 -0.054799
v -0.431359 0.079212 -0.024874
v -0.443870 0.073481 -0.023399
v -0.421244 0.103161 0.071116
v -0.433680 0.096817 0.073801
v -0.433243 0.097968 0.076578
v -0.398735 0.141241 0.161677
v -0.410299 0.135072 0.166155
v -0.369510 0.185138 0.234488
v -0.385960 0.176227 0.233314
v -0.374492 0.187302 0.251387
v -0.305404 0.250187 0.312769
v -0.322370 0.240702 0.313910
v -0.306150 0.252223 0.327400
v -0.243515 0.296493 0.353773
v -0.250574 0.293189 0.362388
v -0.170627 0.333409 0.381090
v -0.178492 0.328236 0.392320
v -0.171428 0.331760 0.394480
v -0.084797 0.351552 0.396998
v -0.087249 0.355721 0.409163
v 0.000000 0.359379 0.399776
v 0.000000 0.363775 0.414099
v 0.000000 0.336649 -0.520167
v -0.089555 -0.140049 -0.515499
v -0.089555 0.327278 -0.515499
v 0.000000 -0.140049 -0.520167
v -0.161450 -0.140049 -0.503924
v -0.161450 0.313962 -0.503923
v -0.235876 -0.140049 -0.481535
v -0.235876 0.281395 -0.481535
v -0.268031 -0.140049 -0.467021
v -0.268031 0.257864 -0.467021
v -0.303053 -0.140049 -0.445255
v -0.303053 0.234800 -0.445255
v -0.344676 -0.140049 -0.404976
v -0.344676 0.191691 -0.404976
v -0.364000 -0.140049 -0.381398
v -0.364001 0.173146 -0.381398
v -0.388594 -0.140049 -0.337047
v -0.388594 0.139998 -0.337047
v -0.409533 -0.140049 -0.288475
v -0.409533 0.114844 -0.288475
v -0.417531 -0.140049 -0.262210
v -0.417531 0.101973 -0.262210
v -0.427464 -0.140049 -0.184504
v -0.427464 0.078957 -0.184504
v -0.432936 -0.140049 -0.104945
v -0.432936 0.071361 -0.104945
v -0.433456 -0.140049 -0.055592
v -0.433456 0.075585 -0.055592
v -0.431359 -0.140049 -0.024874
v -0.431359 0.079212 -0.024874
v -0.421244 -0.140049 0.071116
v -0.421244 0.103161 0.071116
v -0.398735 -0.140049 0.161677
v -0.398735 0.141241 0.161677
v -0.369510 -0.140049 0.234488
v -0.369510 0.185138 0.234488
v -0.305404 -0.140049 0.312769
v -0.305404 0.250187 0.312769
v -0.243515 -0.140049 0.353774
v -0.243515 0.296493 0.353773
v -0.170627 -0.140049 0.381090
v -0.170627 0.333409 0.381090
v -0.084797 -0.140049 0.396998
v -0.084797 0.351552 0.396998
v 0.000000 -0.140049 0.399776
v 0.000000 0.359379 0.399776
v -0.161450 -0.140049 -0.503924
v -0.268031 -0.140049 -0.467021
v -0.235876 -0.140049 -0.481535
v -0.344676 -0.140049 -0.404976
v -0.303053 -0.140049 -0.445255
v 0.000000 -0.140049 0.399776
v -0.431359 -0.140049 -0.024874
v -0.417531 -0.140049 -0.262210
v -0.388594 -0.140049 -0.337047
v -0.364000 -0.140049 -0.381398
v -0.409533 -0.140049 -0.288475
v -0.432936 -0.140049 -0.104945
v -0.427464 -0.140049 -0.184504
v -0.433456 -0.140049 -0.055592
v -0.305404 -0.140049 0.312769
v -0.398735 -0.140049 0.161677
v -0.421244 -0.140049 0.071116
v -0.369510 -0.140049 0.234488
v -0.170627 -0.140049 0.381090
v -0.243515 -0.140049 0.353774
v -0.084797 -0.140049 0.396998
v 0.000000 -0.140049 -0.520167
v -0.089555 -0.140049 -0.515499
v 0.000000 0.363764 0.481078
v -0.093984 0.376719 0.522207
v -0.089661 0.354963 0.481078
v 0.000000 0.385945 0.522207
v -0.184059 0.349395 0.522207
v -0.175581 0.328900 0.481078
v -0.267074 0.305023 0.522207
v -0.254764 0.286576 0.481078
v -0.339836 0.245308 0.522207
v -0.324169 0.229616 0.481078
v -0.399551 0.172545 0.522207
v -0.381128 0.160211 0.481078
v -0.443923 0.089531 0.522207
v -0.423453 0.081028 0.481078
v -0.471247 -0.000544 0.522207
v -0.449516 -0.004892 0.481078
v -0.480473 -0.094220 0.522207
v -0.458317 -0.094245 0.481078
v -0.471247 -0.187896 0.522207
v -0.449516 -0.183598 0.481078
v -0.443922 -0.277971 0.522207
v -0.423453 -0.269517 0.481078
v -0.399550 -0.360985 0.522207
v -0.381128 -0.348701 0.481078
v -0.339836 -0.433748 0.522207
v -0.324169 -0.418106 0.481078
v -0.267073 -0.495928 0.522207
v -0.254764 -0.477417 0.481078
v -0.184059 -0.540300 0.522207
v -0.175580 -0.519741 0.481078
v -0.093983 -0.567624 0.522207
v -0.089661 -0.545804 0.481078
v 0.000000 -0.576850 0.522207
v 0.000000 -0.554605 0.481078
v 0.000000 0.385945 0.522207
v -0.093984 0.376719 0.780971
v -0.093984 0.376719 0.522207
v 0.000000 0.385945 0.780971
v -0.184059 0.349395 0.780971
v -0.184059 0.349395 0.522207
v -0.267074 0.305023 0.780971
v -0.267074 0.305023 0.522207
v -0.339836 0.245308 0.780971
v -0.339836 0.245308 0.522207
v -0.399551 0.172545 0.780971
v -0.399551 0.172545 0.522207
v -0.443923 0.089531 0.780971
v -0.443923 0.089531 0.522207
v -0.471247 -0.000544 0.780971
v -0.471247 -0.000544 0.522207
v -0.480473 -0.094220 0.780971
v -0.480473 -0.094220 0.522207
v -0.471247 -0.187896 0.780971
v -0.471247 -0.187896 0.522207
v -0.443922 -0.277971 0.780971
v -0.443922 -0.277971 0.522207
v -0.399550 -0.360985 0.780971
v -0.399550 -0.360985 0.522207
v -0.339836 -0.433748 0.780971
v -0.339836 -0.433748 0.522207
v -0.267073 -0.495928 0.780971
v -0.267073 -0.495928 0.522207
v -0.184059 -0.540300 0.780971
v -0.184059 -0.540300 0.522207
v -0.093983 -0.567624 0.780971
v -0.093983 -0.567624 0.522207
v 0.000000 -0.576850 0.780971
v 0.000000 -0.576850 0.522207
v -0.148038 0.262431 0.930234
v -0.273277 0.178749 0.930234
v -0.214778 0.226758 0.930234
v 0.000000 0.291817 0.930234
v -0.386344 -0.094220 0.930234
v -0.356959 0.053510 0.930234
v -0.321285 0.120250 0.930234
v -0.378927 -0.018908 0.930234
v 0.000000 -0.482721 0.930234
v -0.272617 -0.367855 0.930234
v -0.356959 -0.241950 0.930234
v -0.378927 -0.169532 0.930234
v -0.321285 -0.308690 0.930234
v -0.148037 -0.453336 0.930234
v -0.214001 -0.418187 0.930234
v -0.075620 -0.475303 0.930234
v -0.075620 0.284399 0.930234
v -0.083654 0.324789 0.920905
v 0.000000 0.332998 0.920905
v -0.089393 0.353639 0.892919
v 0.000000 0.362413 0.892918
v -0.092836 0.370949 0.846274
v 0.000000 0.380062 0.846274
v -0.093984 0.376719 0.780971
v 0.000000 0.385945 0.780971
v -0.184059 0.349395 0.780971
v -0.181808 0.343959 0.846274
v -0.267074 0.305023 0.780971
v -0.263805 0.300131 0.846274
v -0.339836 0.245308 0.780971
v -0.335676 0.241148 0.846274
v -0.399551 0.172545 0.780971
v -0.394659 0.169277 0.846274
v -0.443923 0.089531 0.780971
v -0.438487 0.087280 0.846274
v -0.471247 -0.000544 0.780971
v -0.465477 -0.001692 0.846274
v -0.480473 -0.094220 0.780971
v -0.474590 -0.094220 0.846274
v -0.471247 -0.187896 0.780971
v -0.465477 -0.186748 0.846274
v -0.443922 -0.277971 0.780971
v -0.438487 -0.275720 0.846274
v -0.399550 -0.360985 0.780971
v -0.394659 -0.357717 0.846274
v -0.339836 -0.433748 0.780971
v -0.335634 -0.429630 0.846274
v -0.267073 -0.495928 0.780971
v -0.263756 -0.491069 0.846274
v -0.184059 -0.540300 0.780971
v -0.181807 -0.534864 0.846274
v -0.093983 -0.567624 0.780971
v -0.092835 -0.561854 0.846274
v 0.000000 -0.576850 0.780971
v 0.000000 -0.570967 0.846274
v -0.448167 -0.183305 0.892919
v -0.456941 -0.094220 0.892919
v -0.427525 -0.094220 0.920906
v -0.419317 -0.010874 0.920906
v -0.448167 -0.005135 0.892919
v -0.395006 0.069269 0.920906
v -0.422182 0.080526 0.892919
v -0.355526 0.143129 0.920905
v -0.379984 0.159472 0.892919
v -0.302396 0.207869 0.920905
v -0.323196 0.228668 0.892919
v -0.237658 0.260999 0.920905
v -0.254000 0.285456 0.892919
v -0.163797 0.300478 0.920905
v -0.175054 0.327654 0.892919
v -0.419317 -0.177566 0.920906
v -0.422181 -0.268966 0.892919
v -0.395005 -0.257709 0.920906
v -0.379984 -0.347912 0.892918
v -0.355526 -0.331569 0.920905
v -0.323031 -0.417275 0.892919
v -0.302025 -0.396683 0.920905
v -0.253805 -0.476492 0.892918
v -0.237220 -0.452198 0.920905
v -0.175053 -0.518559 0.892918
v -0.163797 -0.491382 0.920905
v -0.089392 -0.544544 0.892918
v -0.083654 -0.515693 0.920905
v 0.000000 -0.553318 0.892918
v 0.000000 -0.523902 0.920905
v -0.017983 0.151813 -1.339936
v -0.015446 0.140461 -1.325040
v -0.012246 0.131145 -1.312380
v -0.009503 0.124223 -1.302696
v -0.005846 0.119960 -1.296192
v 0.000000 0.118521 -1.294090
v 0.026070 -0.196184 -0.877674
v 0.000000 -0.089837 -0.985602
v 0.057285 -0.183270 -0.877674
v 0.083548 -0.320009 -0.757983
v 0.132024 -0.289110 -0.757983
v 0.173474 -0.387613 -0.632497
v 0.220250 -0.338716 -0.632497
v 0.287155 -0.390277 -0.475256
v 0.338311 -0.324074 -0.475256
v 0.374967 -0.339024 -0.290313
v 0.415999 -0.258842 -0.290313
v 0.437183 -0.262319 -0.054799
v 0.455159 -0.173612 -0.054799
v 0.455181 -0.176598 0.233207
v 0.464092 -0.081360 0.233207
v 0.458317 -0.094245 0.481078
v 0.449516 -0.004892 0.481078
v 0.455181 0.006775 0.233207
v 0.423453 0.081027 0.481078
v 0.428789 0.094937 0.233207
v 0.381128 0.160211 0.481078
v 0.385960 0.176227 0.233314
v 0.374492 0.187302 0.251387
v 0.324169 0.229616 0.481078
v 0.322370 0.240702 0.313910
v 0.306150 0.252223 0.327400
v 0.254764 0.286575 0.481078
v 0.250574 0.293189 0.362388
v 0.178492 0.328236 0.392320
v 0.175581 0.328900 0.481078
v 0.171428 0.331760 0.394480
v 0.087249 0.355721 0.409163
v 0.089661 0.354963 0.481078
v 0.000000 0.363775 0.414099
v 0.000000 0.363764 0.481078
v 0.410299 0.135072 0.166155
v 0.433243 0.097968 0.076578
v 0.433680 0.096817 0.073801
v 0.443870 0.073481 -0.023399
v 0.459035 0.010893 -0.054799
v 0.464245 -0.081360 -0.054799
v 0.442371 -0.081360 -0.290313
v 0.441839 0.009120 -0.290313
v 0.445493 0.065638 -0.104455
v 0.446028 0.070443 -0.054799
v 0.439862 0.073481 -0.185510
v 0.429641 0.096667 -0.264063
v 0.428789 0.096123 -0.290313
v 0.421411 0.109927 -0.290313
v 0.433460 -0.171839 -0.290313
v 0.381646 0.085825 -0.475256
v 0.399864 0.135071 -0.339687
v 0.374557 0.168705 -0.384329
v 0.356178 0.161355 -0.475256
v 0.354672 0.187301 -0.409012
v 0.311841 0.230173 -0.449839
v 0.309226 0.227558 -0.475256
v 0.280181 0.252222 -0.470838
v 0.271423 0.258582 -0.475256
v 0.392005 0.003871 -0.475256
v 0.398915 -0.081360 -0.475256
v 0.392005 -0.166590 -0.475256
v 0.371542 -0.248544 -0.475256
v 0.230048 0.217320 -0.632497
v 0.181090 0.266217 -0.632497
v 0.240869 0.278665 -0.489207
v 0.163501 0.312622 -0.512796
v 0.124434 0.302550 -0.632497
v 0.310659 -0.060698 -0.632497
v 0.304728 0.016007 -0.632497
v 0.294651 0.089764 -0.632497
v 0.271438 0.157739 -0.632497
v 0.131152 0.266926 -0.757983
v 0.090373 0.297825 -0.757983
v 0.062203 0.324924 -0.632497
v 0.043044 0.316853 -0.757983
v 0.000000 0.332479 -0.632497
v 0.000000 0.340385 -0.529698
v 0.082780 0.333251 -0.526142
v 0.000000 0.323278 -0.757983
v 0.222632 0.116866 -0.757983
v 0.202004 0.174674 -0.757983
v 0.171409 0.225343 -0.757983
v 0.028755 0.308043 -0.877674
v 0.000000 0.312735 -0.877674
v 0.062721 0.293072 -0.877674
v 0.094024 0.268761 -0.877674
v 0.121462 0.236045 -0.877674
v 0.143979 0.196179 -0.877674
v 0.160711 0.150697 -0.877674
v 0.171015 0.101346 -0.877674
v 0.236632 0.054140 -0.757983
v 0.241359 -0.011092 -0.757983
v 0.236632 -0.076324 -0.757983
v 0.304728 -0.137403 -0.632497
v 0.287163 -0.211161 -0.632497
v 0.258638 -0.279136 -0.632497
v 0.222632 -0.139050 -0.757983
v 0.199898 -0.196858 -0.757983
v 0.169303 -0.247527 -0.757983
v 0.171015 -0.001301 -0.877674
v 0.174494 0.050023 -0.877674
v 0.160711 -0.050652 -0.877674
v 0.143979 -0.096134 -0.877674
v 0.121462 -0.133981 -0.877674
v 0.094024 -0.162835 -0.877674
v 0.128595 0.047607 -0.985602
v 0.131295 0.086287 -0.985602
v 0.128595 0.129094 -0.985602
v 0.120599 0.172137 -0.985602
v 0.110331 0.208867 -0.985602
v 0.094676 0.241739 -0.985602
v 0.076161 0.269698 -0.985602
v 0.050756 0.290410 -0.985602
v 0.000000 0.301186 -0.985688
v 0.021811 0.290410 -1.421736
v 0.026016 0.276431 -1.420214
v 0.027634 0.255780 -1.416475
v 0.027134 0.238356 -1.410456
v 0.027177 0.223075 -1.404429
v 0.000000 0.300708 -1.421801
v 0.026453 0.208045 -1.396242
v 0.024949 0.193430 -1.384659
v 0.022921 0.178816 -1.371605
v 0.120599 0.007304 -0.985602
v 0.107615 -0.023945 -0.985602
v 0.090141 -0.048594 -0.985602
v 0.068849 -0.068332 -0.985602
v 0.040300 -0.082294 -0.985602
v 0.020771 0.164764 -1.357068
v 0.017983 0.151813 -1.339936
v 0.015446 0.140461 -1.325040
v 0.012246 0.131145 -1.312380
v 0.009503 0.124223 -1.302696
v 0.005846 0.119960 -1.296192
v 0.000000 0.118521 -1.294090
v 0.000000 -0.200876 -0.877674
v 0.040400 -0.339037 -0.757983
v 0.111849 -0.423946 -0.632497
v 0.225574 -0.444608 -0.475256
v 0.317290 -0.409304 -0.290313
v 0.393485 -0.344072 -0.054799
v 0.428788 -0.264760 0.233207
v 0.449516 -0.183598 0.481078
v 0.423453 -0.269517 0.481078
v 0.385930 -0.346012 0.233207
v 0.381128 -0.348701 0.481078
v 0.328253 -0.417229 0.233207
v 0.324169 -0.418106 0.481078
v 0.257972 -0.475675 0.233207
v 0.254764 -0.477417 0.481078
v 0.177790 -0.519105 0.233207
v 0.175580 -0.519741 0.481078
v 0.090787 -0.545849 0.233207
v 0.089661 -0.545804 0.481078
v 0.000000 -0.554879 0.233207
v 0.000000 -0.554605 0.481078
v 0.334678 -0.415729 -0.054799
v 0.263020 -0.474537 -0.054799
v 0.181267 -0.518235 -0.054799
v 0.092560 -0.545144 -0.054799
v 0.000000 -0.554230 -0.054799
v 0.247216 -0.466982 -0.290313
v 0.168629 -0.509840 -0.290313
v 0.083438 -0.536232 -0.290313
v 0.000000 -0.545144 -0.290313
v 0.154684 -0.484979 -0.475256
v 0.080019 -0.509840 -0.475256
v 0.000000 -0.518234 -0.475256
v 0.055611 -0.446320 -0.632497
v 0.000000 -0.453875 -0.632497
v 0.000000 -0.345461 -0.757983
v -0.026016 0.276431 -1.420214
v 0.000000 0.290410 -1.425562
v -0.021811 0.290410 -1.421736
v 0.000000 0.276431 -1.425234
v -0.027634 0.255780 -1.416475
v 0.000000 0.255780 -1.421960
v -0.027134 0.238356 -1.410456
v 0.000000 0.238356 -1.416944
v -0.027177 0.223075 -1.404429
v 0.000000 0.223075 -1.411251
v -0.026453 0.208044 -1.396242
v 0.000000 0.207927 -1.403333
v -0.024949 0.193430 -1.384659
v 0.000000 0.192766 -1.392634
v -0.022921 0.178816 -1.371605
v 0.000000 0.177256 -1.378571
v -0.020771 0.164763 -1.357068
v 0.000000 0.162323 -1.363113
v -0.017983 0.151813 -1.339936
v 0.000000 0.148522 -1.346113
v -0.015446 0.140461 -1.325040
v 0.000000 0.137574 -1.329926
v -0.012246 0.131145 -1.312380
v 0.000000 0.128861 -1.316120
v -0.009503 0.124223 -1.302696
v 0.000000 0.122175 -1.304796
v -0.005846 0.119960 -1.296192
v 0.000000 0.118521 -1.294090
v 0.000000 0.300708 -1.421801
v 0.000000 0.300708 -1.421801
v 0.000000 0.304185 -0.985602
v 0.000000 0.301186 -0.985688
v 0.101700 0.328234 -0.523642
v 0.000000 0.340385 -0.529698
v 0.089555 0.327278 -0.515499
v 0.000000 0.336649 -0.520167
v 0.082780 0.333251 -0.526142
v 0.101700 0.328234 -0.523642
v 0.101700 0.328234 -0.523642
v 0.161450 0.313962 -0.503923
v 0.163501 0.312622 -0.512796
v 0.235876 0.281395 -0.481535
v 0.240869 0.278665 -0.489207
v 0.268031 0.257864 -0.467021
v 0.271423 0.258582 -0.475256
v 0.280181 0.252222 -0.470838
v 0.303053 0.234800 -0.445255
v 0.311841 0.230173 -0.449839
v 0.344676 0.191691 -0.404976
v 0.354672 0.187301 -0.409012
v 0.364001 0.173146 -0.381398
v 0.374557 0.168705 -0.384329
v 0.388594 0.139998 -0.337047
v 0.399864 0.135071 -0.339687
v 0.409533 0.114844 -0.288475
v 0.421411 0.109927 -0.290313
v 0.417531 0.101973 -0.262210
v 0.429641 0.096667 -0.264063
v 0.427464 0.078957 -0.184504
v 0.439862 0.073481 -0.185510
v 0.432936 0.071361 -0.104945
v 0.445493 0.065638 -0.104455
v 0.433456 0.075585 -0.055592
v 0.446028 0.070443 -0.054799
v 0.431359 0.079212 -0.024874
v 0.443870 0.073481 -0.023399
v 0.421244 0.103161 0.071116
v 0.433680 0.096817 0.073801
v 0.433243 0.097968 0.076578
v 0.398735 0.141241 0.161677
v 0.410299 0.135072 0.166155
v 0.369510 0.185138 0.234488
v 0.385960 0.176227 0.233314
v 0.374492 0.187302 0.251387
v 0.305404 0.250187 0.312769
v 0.322370 0.240702 0.313910
v 0.306150 0.252223 0.327400
v 0.243515 0.296493 0.353774
v 0.250574 0.293189 0.362388
v 0.170627 0.333409 0.381090
v 0.178492 0.328236 0.392320
v 0.171428 0.331760 0.394480
v 0.084797 0.351552 0.396998
v 0.087249 0.355721 0.409163
v 0.000000 0.359379 0.399776
v 0.000000 0.363775 0.414099
v 0.000000 0.336649 -0.520167
v 0.089555 -0.140049 -0.515499
v 0.000000 -0.140049 -0.520167
v 0.089555 0.327278 -0.515499
v 0.161450 -0.140049 -0.503924
v 0.161450 0.313962 -0.503923
v 0.235876 -0.140049 -0.481535
v 0.235876 0.281395 -0.481535
v 0.268031 -0.140049 -0.467021
v 0.268031 0.257864 -0.467021
v 0.303053 -0.140049 -0.445255
v 0.303053 0.234800 -0.445255
v 0.344676 -0.140049 -0.404976
v 0.344676 0.191691 -0.404976
v 0.364000 -0.140049 -0.381398
v 0.364001 0.173146 -0.381398
v 0.388594 -0.140049 -0.337047
v 0.388594 0.139998 -0.337047
v 0.409533 -0.140049 -0.288475
v 0.409533 0.114844 -0.288475
v 0.417531 -0.140049 -0.262210
v 0.417531 0.101973 -0.262210
v 0.427464 -0.140049 -0.184504
v 0.427464 0.078957 -0.184504
v 0.432936 -0.140049 -0.104945
v 0.432936 0.071361 -0.104945
v 0.433456 -0.140049 -0.055592
v 0.433456 0.075585 -0.055592
v 0.431359 -0.140049 -0.024874
v 0.431359 0.079212 -0.024874
v 0.421244 -0.140049 0.071116
v 0.421244 0.103161 0.071116
v 0.398735 -0.140049 0.161677
v 0.398735 0.141241 0.161677
v 0.369510 -0.140049 0.234488
v 0.369510 0.185138 0.234488
v 0.305404 -0.140049 0.312769
v 0.305404 0.250187 0.312769
v 0.243515 -0.140049 0.353774
v 0.243515 0.296493 0.353774
v 0.170627 -0.140049 0.381090
v 0.170627 0.333409 0.381090
v 0.084797 -0.140049 0.396998
v 0.084797 0.351552 0.396998
v 0.000000 -0.140049 0.399776
v 0.000000 0.359379 0.399776
v 0.000000 -0.140049 0.399776
v 0.170627 -0.140049 0.381090
v 0.084797 -0.140049 0.396998
v 0.305404 -0.140049 0.312769
v 0.243515 -0.140049 0.353774
v 0.431359 -0.140049 -0.024874
v 0.398735 -0.140049 0.161677
v 0.369510 -0.140049 0.234488
v 0.421244 -0.140049 0.071116
v 0.344676 -0.140049 -0.404976
v 0.417531 -0.140049 -0.262210
v 0.432936 -0.140049 -0.104945
v 0.433456 -0.140049 -0.055592
v 0.427464 -0.140049 -0.184504
v 0.388594 -0.140049 -0.337047
v 0.409533 -0.140049 -0.288475
v 0.364000 -0.140049 -0.381398
v 0.268031 -0.140049 -0.467021
v 0.303053 -0.140049 -0.445255
v 0.161450 -0.140049 -0.503924
v 0.235876 -0.140049 -0.481535
v 0.000000 -0.140049 -0.520167
v 0.089555 -0.140049 -0.515499
v 0.000000 0.363764 0.481078
v 0.093984 0.376719 0.522207
v 0.000000 0.385945 0.522207
v 0.089661 0.354963 0.481078
v 0.184059 0.349395 0.522207
v 0.175581 0.328900 0.481078
v 0.267074 0.305023 0.522207
v 0.254764 0.286575 0.481078
v 0.339836 0.245308 0.522207
v 0.324169 0.229616 0.481078
v 0.399551 0.172545 0.522207
v 0.381128 0.160211 0.481078
v 0.443923 0.089531 0.522207
v 0.423453 0.081027 0.481078
v 0.471247 -0.000544 0.522207
v 0.449516 -0.004892 0.481078
v 0.480473 -0.094220 0.522207
v 0.458317 -0.094245 0.481078
v 0.471247 -0.187896 0.522207
v 0.449516 -0.183598 0.481078
v 0.443922 -0.277971 0.522207
v 0.423453 -0.269517 0.481078
v 0.399550 -0.360985 0.522207
v 0.381128 -0.348701 0.481078
v 0.339836 -0.433748 0.522207
v 0.324169 -0.418106 0.481078
v 0.267073 -0.495928 0.522207
v 0.254764 -0.477417 0.481078
v 0.184059 -0.540300 0.522207
v 0.175580 -0.519741 0.481078
v 0.093983 -0.567624 0.522207
v 0.089661 -0.545804 0.481078
v 0.000000 -0.576850 0.522207
v 0.000000 -0.554605 0.481078
v 0.000000 0.385945 0.522207
v 0.093984 0.376719 0.780971
v 0.000000 0.385945 0.780971
v 0.093984 0.376719 0.522207
v 0.184059 0.349395 0.780971
v 0.184059 0.349395 0.522207
v 0.267074 0.305023 0.780971
v 0.267074 0.305023 0.522207
v 0.339836 0.245308 0.780971
v 0.339836 0.245308 0.522207
v 0.399551 0.172545 0.780971
v 0.399551 0.172545 0.522207
v 0.443923 0.089531 0.780971
v 0.443923 0.089531 0.522207
v 0.471247 -0.000545 0.780971
v 0.471247 -0.000544 0.522207
v 0.480473 -0.094220 0.780971
v 0.480473 -0.094220 0.522207
v 0.471247 -0.187896 0.780971
v 0.471247 -0.187896 0.522207
v 0.443922 -0.277971 0.780971
v 0.443922 -0.277971 0.522207
v 0.399550 -0.360985 0.780971
v 0.399550 -0.360985 0.522207
v 0.339836 -0.433748 0.780971
v 0.339836 -0.433748 0.522207
v 0.267073 -0.495928 0.780971
v 0.267073 -0.495928 0.522207
v 0.184059 -0.540300 0.780971
v 0.184059 -0.540300 0.522207
v 0.093983 -0.567624 0.780971
v 0.093983 -0.567624 0.522207
v 0.000000 -0.576850 0.780971
v 0.000000 -0.576850 0.522207
v 0.000000 -0.482721 0.930234
v 0.148037 -0.453336 0.930234
v 0.075620 -0.475304 0.930234
v 0.272617 -0.367855 0.930234
v 0.214001 -0.418187 0.930234
v 0.386344 -0.094220 0.930234
v 0.356959 -0.241950 0.930234
v 0.321285 -0.308690 0.930234
v 0.378927 -0.169532 0.930234
v 0.000000 0.291817 0.930234
v 0.273277 0.178749 0.930234
v 0.356959 0.053510 0.930234
v 0.378927 -0.018908 0.930234
v 0.321285 0.120250 0.930234
v 0.148038 0.262431 0.930234
v 0.214778 0.226757 0.930234
v 0.075620 0.284398 0.930234
v 0.083654 0.324789 0.920906
v 0.000000 0.332998 0.920905
v 0.089393 0.353639 0.892919
v 0.000000 0.362413 0.892918
v 0.092836 0.370949 0.846274
v 0.000000 0.380062 0.846274
v 0.093984 0.376719 0.780971
v 0.000000 0.385945 0.780971
v 0.184059 0.349395 0.780971
v 0.181808 0.343959 0.846274
v 0.267074 0.305023 0.780971
v 0.263805 0.300131 0.846274
v 0.339836 0.245308 0.780971
v 0.335676 0.241148 0.846274
v 0.399551 0.172545 0.780971
v 0.394659 0.169277 0.846274
v 0.443923 0.089531 0.780971
v 0.438487 0.087280 0.846274
v 0.471247 -0.000545 0.780971
v 0.465477 -0.001692 0.846274
v 0.480473 -0.094220 0.780971
v 0.474590 -0.094220 0.846274
v 0.471247 -0.187896 0.780971
v 0.465477 -0.186748 0.846274
v 0.443922 -0.277971 0.780971
v 0.438487 -0.275720 0.846274
v 0.399550 -0.360985 0.780971
v 0.394659 -0.357717 0.846274
v 0.339836 -0.433748 0.780971
v 0.335634 -0.429630 0.846274
v 0.267073 -0.495928 0.780971
v 0.263756 -0.491069 0.846274
v 0.184059 -0.540300 0.780971
v 0.181807 -0.534864 0.846274
v 0.093983 -0.567624 0.780971
v 0.092835 -0.561854 0.846274
v 0.000000 -0.576850 0.780971
v 0.000000 -0.570967 0.846274
v 0.448167 -0.183305 0.892919
v 0.456941 -0.094220 0.892919
v 0.448167 -0.005135 0.892919
v 0.422182 0.080526 0.892919
v 0.379984 0.159472 0.892919
v 0.323196 0.228668 0.892919
v 0.254000 0.285456 0.892919
v 0.175054 0.327654 0.892919
v 0.163797 0.300477 0.920906
v 0.237658 0.260998 0.920905
v 0.302396 0.207868 0.920905
v 0.355526 0.143129 0.920905
v 0.395006 0.069269 0.920906
v 0.419317 -0.010874 0.920906
v 0.427525 -0.094220 0.920906
v 0.419317 -0.177566 0.920906
v 0.422181 -0.268966 0.892919
v 0.395005 -0.257709 0.920905
v 0.379984 -0.347912 0.892918
v 0.355526 -0.331569 0.920905
v 0.323031 -0.417275 0.892919
v 0.302025 -0.396683 0.920905
v 0.253805 -0.476492 0.892918
v 0.237220 -0.452198 0.920905
v 0.175053 -0.518559 0.892918
v 0.163797 -0.491383 0.920905
v 0.089392 -0.544544 0.892918
v 0.083654 -0.515694 0.920905
v 0.000000 -0.553318 0.892918
v 0.000000 -0.523902 0.920905
v 0.026016 0.276431 -1.420214
v 0.000000 0.290410 -1.425562
v 0.000000 0.276431 -1.425234
v 0.021811 0.290410 -1.421736
v 0.027634 0.255780 -1.416475
v 0.000000 0.255780 -1.421960
v 0.027134 0.238356 -1.410456
v 0.000000 0.238356 -1.416944
v 0.027177 0.223075 -1.404429
v 0.000000 0.223075 -1.411251
v 0.026453 0.208045 -1.396242
v 0.000000 0.207927 -1.403333
v 0.024949 0.193430 -1.384659
v 0.000000 0.192766 -1.392634
v 0.022921 0.178816 -1.371605
v 0.000000 0.177256 -1.378571
v 0.020771 0.164764 -1.357068
v 0.000000 0.162323 -1.363113
v 0.017983 0.151813 -1.339936
v 0.000000 0.148522 -1.346113
v 0.015446 0.140461 -1.325040
v 0.000000 0.137574 -1.329926
v 0.012246 0.131145 -1.312380
v 0.000000 0.128861 -1.316120
v 0.009503 0.124223 -1.302696
v 0.000000 0.122175 -1.304796
v 0.005846 0.119960 -1.296192
v 0.000000 0.118521 -1.294090
v 0.000000 0.300708 -1.421801
v 0.000000 0.300708 -1.421801
v 0.000000 0.301186 -0.985688
v 0.000000 0.304185 -0.985602
vn -0.9230 0.3197 0.2143
vn -0.9248 0.3161 0.2119
vn -1.0000 0.0021 0.0014
vn -1.0000 -0.0021 -0.0014
vn -0.7083 0.5864 0.3930
vn -0.7058 0.5885 0.3944
vn -0.3835 0.7672 0.5142
vn -0.3817 0.7678 0.5146
vn -0.9248 -0.3161 -0.2119
vn -0.9230 -0.3197 -0.2143
vn -0.7083 -0.5864 -0.3930
vn -0.7058 -0.5885 -0.3944
vn -0.3835 -0.7672 -0.5142
vn -0.3817 -0.7678 -0.5146
vn -0.0000 -0.8307 -0.5567
vn 0.3835 -0.7672 -0.5142
vn 0.3817 -0.7678 -0.5146
vn 0.7083 -0.5864 -0.3930
vn 0.7058 -0.5885 -0.3944
vn 0.9247 -0.3162 -0.2119
vn 0.9229 -0.3197 -0.2143
vn 1.0000 0.0021 0.0014
vn 1.0000 -0.0021 -0.0014
vn 0.9229 0.3197 0.2143
vn 0.9247 0.3162 0.2119
vn 0.7058 0.5885 0.3944
vn 0.7083 0.5864 0.3930
vn 0.3817 0.7678 0.5146
vn 0.3835 0.7672 0.5142
vn -0.0000 0.8307 0.5567
vn -0.0000 0.5736 -0.8191
vn -0.0000 0.5736 -0.8192
vn -0.4561 -0.3440 0.8207
vn -0.6971 -0.1398 0.7032
vn -0.4938 -0.4988 0.7123
vn -0.7546 -0.3764 0.5375
vn -0.5336 0.0607 0.8436
vn -0.3491 -0.2128 0.9126
vn -0.2888 0.1947 0.9374
vn -0.1889 -0.1251 0.9740
vn -0.0000 0.2417 0.9703
vn -0.0000 -0.0943 0.9955
vn -0.4562 -0.6536 0.6039
vn -0.6971 -0.6129 0.3719
vn -0.3491 -0.7848 0.5121
vn -0.5336 -0.8135 0.2315
vn -0.1889 -0.8724 0.4507
vn -0.2888 -0.9475 0.1376
vn -0.0000 -0.9032 0.4292
vn -0.0000 -0.9945 0.1047
vn 0.1889 -0.8724 0.4507
vn 0.2888 -0.9475 0.1377
vn 0.3491 -0.7848 0.5121
vn 0.5336 -0.8135 0.2315
vn 0.4562 -0.6536 0.6040
vn 0.6972 -0.6129 0.3719
vn 0.4938 -0.4988 0.7123
vn 0.7546 -0.3764 0.5375
vn 0.4561 -0.3440 0.8207
vn 0.6972 -0.1398 0.7031
vn 0.3491 -0.2128 0.9126
vn 0.5336 0.0607 0.8436
vn 0.1890 -0.1251 0.9740
vn 0.2888 0.1947 0.9374
vn 0.3744 0.6220 0.6877
vn -0.0000 0.6830 0.7304
vn 0.6919 0.4483 0.5660
vn 0.9040 0.1882 0.3840
vn 0.9784 -0.1185 0.1692
vn 0.9040 -0.4252 -0.0456
vn 0.6919 -0.6852 -0.2276
vn 0.3744 -0.8590 -0.3493
vn -0.0000 -0.9200 -0.3920
vn -0.3744 -0.8590 -0.3493
vn -0.6918 -0.6852 -0.2276
vn -0.9039 -0.4252 -0.0455
vn -0.9784 -0.1185 0.1692
vn -0.9039 0.1882 0.3840
vn -0.6919 0.4483 0.5660
vn -0.3744 0.6220 0.6877
vn -0.9039 0.4252 0.0455
vn -0.9784 0.1185 -0.1692
vn -0.6919 0.6852 0.2276
vn -0.3744 0.8590 0.3493
vn -0.0000 0.9200 0.3920
vn -0.6971 0.6129 -0.3719
vn -0.7546 0.3764 -0.5375
vn -0.5336 0.8135 -0.2315
vn -0.2888 0.9474 -0.1377
vn -0.0000 0.9945 -0.1047
vn -0.9039 -0.1882 -0.3840
vn -0.6919 -0.4482 -0.5661
vn -0.3744 -0.6220 -0.6877
vn -0.0000 -0.6830 -0.7304
vn 0.3744 -0.6220 -0.6877
vn 0.6919 -0.4482 -0.5661
vn 0.9040 -0.1882 -0.3840
vn 0.9784 0.1185 -0.1692
vn 0.9040 0.4252 0.0455
vn 0.6919 0.6852 0.2276
vn 0.3744 0.8590 0.3492
vn 0.2887 0.9475 -0.1377
vn 0.5336 0.8135 -0.2315
vn 0.6972 0.6129 -0.3719
vn 0.7546 0.3764 -0.5375
vn 0.6972 0.1398 -0.7031
vn 0.5336 -0.0607 -0.8436
vn 0.2888 -0.1947 -0.9374
vn -0.0000 -0.2418 -0.9703
vn -0.2888 -0.1947 -0.9374
vn -0.5336 -0.0607 -0.8436
vn -0.6971 0.1398 -0.7032
vn 0.4562 0.3440 -0.8207
vn 0.3492 0.2127 -0.9126
vn 0.1890 0.1251 -0.9740
vn -0.0000 0.0943 -0.9955
vn -0.1890 0.1251 -0.9740
vn -0.3492 0.2127 -0.9126
vn -0.4562 0.3440 -0.8207
vn -0.4937 0.4988 -0.7124
vn -0.4562 0.6536 -0.6039
vn -0.3491 0.7848 -0.5121
vn -0.1889 0.8724 -0.4507
vn -0.0000 0.9032 -0.4291
vn 0.1889 0.8724 -0.4507
vn 0.3491 0.7848 -0.5121
vn 0.4562 0.6536 -0.6039
vn 0.4937 0.4988 -0.7123
vn -0.0000 -0.5736 0.8191
vn -0.0000 -0.5736 0.8192
vn -0.0000 0.5735 -0.8192
vn -0.0346 0.9994 -0.0000
vn -0.0347 0.9994 -0.0000
vn -0.0344 0.9994 -0.0001
vn -0.0952 0.8874 0.4510
vn -0.1143 0.8875 0.4465
vn -0.1332 0.6442 0.7532
vn -0.1611 0.6642 0.7300
vn -0.1770 0.8877 0.4250
vn -0.2553 0.6618 0.7049
vn -0.2145 0.8943 0.3927
vn -0.3229 0.6798 0.6585
vn -0.2372 0.8981 0.3704
vn -0.3691 0.6828 0.6305
vn -0.2742 0.9013 0.3354
vn -0.4333 0.6879 0.5822
vn -0.3106 0.9065 0.2859
vn -0.5003 0.6977 0.5128
vn -0.3362 0.9146 0.2248
vn -0.5563 0.7137 0.4256
vn -0.3412 0.9255 0.1641
vn -0.5963 0.7335 0.3260
vn -0.3501 0.9312 0.1010
vn -0.6385 0.7419 0.2047
vn -0.3580 0.9332 0.0308
vn -0.6597 0.7480 0.0727
vn -0.3472 0.9375 -0.0226
vn -0.6474 0.7617 -0.0279
vn -0.3290 0.9429 -0.0524
vn -0.6238 0.7763 -0.0905
vn -0.3102 0.9473 -0.0799
vn -0.6015 0.7847 -0.1498
vn -0.2868 0.9515 -0.1115
vn -0.5662 0.7948 -0.2183
vn -0.2670 0.9557 -0.1238
vn -0.5283 0.8095 -0.2563
vn -0.2741 0.9521 -0.1354
vn -0.5300 0.7999 -0.2817
vn -0.2714 0.9515 -0.1452
vn -0.5242 0.7961 -0.3024
vn -0.2604 0.9512 -0.1655
vn -0.5040 0.7925 -0.3433
vn -0.2357 0.9521 -0.1948
vn -0.4592 0.7920 -0.4024
vn -0.2008 0.9547 -0.2195
vn -0.3913 0.7975 -0.4592
vn -0.1664 0.9569 -0.2380
vn -0.3153 0.8016 -0.5079
vn -0.1312 0.9567 -0.2597
vn -0.2357 0.7985 -0.5539
vn -0.0977 0.9555 -0.2784
vn -0.1622 0.7952 -0.5842
vn -0.0779 0.9524 -0.2947
vn -0.1186 0.7896 -0.6020
vn -0.0693 0.9470 -0.3137
vn -0.0990 0.7760 -0.6230
vn -0.0747 0.8912 -0.4473
vn -0.0968 0.6553 -0.7492
vn -0.1210 0.3214 -0.9392
vn -0.1056 0.2233 -0.9690
vn -0.1214 -0.0000 -0.9926
vn -0.1047 -0.0000 -0.9945
vn -0.1538 0.3380 -0.9285
vn -0.1568 -0.0000 -0.9876
vn -0.2235 0.3485 -0.9103
vn -0.2319 -0.0000 -0.9727
vn -0.3409 0.3557 -0.8702
vn -0.3586 -0.0000 -0.9335
vn -0.4727 0.3615 -0.8037
vn -0.5026 -0.0000 -0.8645
vn -0.5951 0.3588 -0.7191
vn -0.6362 -0.0000 -0.7715
vn -0.6964 0.3530 -0.6248
vn -0.7435 -0.0000 -0.6687
vn -0.7658 0.3522 -0.5381
vn -0.8166 -0.0000 -0.5773
vn -0.8025 0.3548 -0.4797
vn -0.8566 -0.0000 -0.5160
vn -0.8178 0.3584 -0.4502
vn -0.8745 -0.0000 -0.4851
vn -0.8319 0.3730 -0.4109
vn -0.8963 -0.0000 -0.4434
vn -0.8722 0.3594 -0.3319
vn -0.9359 -0.0000 -0.3522
vn -0.9116 0.3468 -0.2207
vn -0.9728 -0.0000 -0.2315
vn -0.9336 0.3355 -0.1262
vn -0.9916 -0.0000 -0.1293
vn -0.9466 0.3211 -0.0278
vn -0.9997 -0.0000 -0.0236
vn -0.9441 0.3083 0.1169
vn -0.9918 -0.0000 0.1277
vn -0.9034 0.3019 0.3045
vn -0.9462 -0.0000 0.3236
vn -0.8259 0.2922 0.4822
vn -0.7422 0.2730 0.6120
vn -0.6527 0.2569 0.7127
vn -0.5575 0.2465 0.7927
vn -0.4704 0.2402 0.8491
vn -0.4040 0.2358 0.8839
vn -0.3061 0.2259 0.9248
vn -0.1913 0.2228 0.9559
vn -0.1536 0.2188 0.9636
vn -0.1546 -0.0000 0.9880
vn -0.1927 -0.0000 0.9813
vn -0.3073 -0.0000 0.9516
vn -0.4097 -0.0000 0.9122
vn -0.4796 -0.0000 0.8775
vn -0.5693 -0.0000 0.8221
vn -0.6683 -0.0000 0.7439
vn -0.7639 -0.0000 0.6453
vn -0.8591 -0.0000 0.5117
vn -0.0342 -0.9994 -0.0001
vn -0.0345 -0.9994 -0.0000
vn -0.0349 -0.9994 0.0001
vn -0.0344 -0.9994 -0.0001
vn -0.0346 -0.9994 -0.0000
vn -0.0347 -0.9994 -0.0000
vn -0.1611 -0.6642 0.7300
vn -0.1143 -0.8875 0.4463
vn -0.1332 -0.6442 0.7532
vn -0.0952 -0.8874 0.4510
vn -0.1770 -0.8877 0.4250
vn -0.2554 -0.6618 0.7049
vn -0.2144 -0.8943 0.3927
vn -0.3229 -0.6798 0.6585
vn -0.2372 -0.8981 0.3704
vn -0.3691 -0.6828 0.6305
vn -0.2742 -0.9013 0.3354
vn -0.4333 -0.6879 0.5822
vn -0.3106 -0.9065 0.2859
vn -0.5003 -0.6977 0.5128
vn -0.3363 -0.9145 0.2248
vn -0.5564 -0.7137 0.4256
vn -0.3412 -0.9256 0.1641
vn -0.5963 -0.7336 0.3260
vn -0.3502 -0.9312 0.1010
vn -0.6385 -0.7419 0.2047
vn -0.3580 -0.9332 0.0308
vn -0.6596 -0.7481 0.0727
vn -0.3471 -0.9376 -0.0226
vn -0.6474 -0.7617 -0.0279
vn -0.3290 -0.9429 -0.0524
vn -0.6238 -0.7763 -0.0905
vn -0.3102 -0.9473 -0.0799
vn -0.6015 -0.7847 -0.1498
vn -0.2867 -0.9515 -0.1114
vn -0.5662 -0.7948 -0.2183
vn -0.2670 -0.9557 -0.1238
vn -0.5283 -0.8095 -0.2563
vn -0.2741 -0.9521 -0.1354
vn -0.5300 -0.7999 -0.2817
vn -0.2713 -0.9515 -0.1452
vn -0.5242 -0.7961 -0.3024
vn -0.2604 -0.9512 -0.1655
vn -0.5040 -0.7925 -0.3433
vn -0.2358 -0.9521 -0.1949
vn -0.4592 -0.7920 -0.4024
vn -0.2008 -0.9547 -0.2195
vn -0.3913 -0.7975 -0.4592
vn -0.1664 -0.9569 -0.2380
vn -0.3154 -0.8016 -0.5079
vn -0.1312 -0.9567 -0.2597
vn -0.2357 -0.7985 -0.5539
vn -0.0977 -0.9555 -0.2784
vn -0.1622 -0.7952 -0.5842
vn -0.0779 -0.9524 -0.2947
vn -0.1186 -0.7896 -0.6020
vn -0.0693 -0.9470 -0.3138
vn -0.0990 -0.7759 -0.6230
vn -0.0747 -0.8912 -0.4473
vn -0.0968 -0.6553 -0.7492
vn -0.1210 -0.3214 -0.9392
vn -0.1056 -0.2232 -0.9690
vn -0.1538 -0.3380 -0.9285
vn -0.2235 -0.3485 -0.9103
vn -0.3409 -0.3557 -0.8702
vn -0.4727 -0.3615 -0.8037
vn -0.5952 -0.3589 -0.7190
vn -0.6964 -0.3530 -0.6248
vn -0.7658 -0.3522 -0.5381
vn -0.8025 -0.3548 -0.4797
vn -0.8178 -0.3584 -0.4502
vn -0.8319 -0.3730 -0.4109
vn -0.8722 -0.3594 -0.3319
vn -0.9116 -0.3468 -0.2207
vn -0.9336 -0.3354 -0.1262
vn -0.9466 -0.3211 -0.0278
vn -0.9441 -0.3083 0.1169
vn -0.9034 -0.3019 0.3045
vn -0.8259 -0.2922 0.4822
vn -0.7422 -0.2729 0.6120
vn -0.6527 -0.2569 0.7127
vn -0.5575 -0.2465 0.7927
vn -0.4704 -0.2402 0.8491
vn -0.4040 -0.2358 0.8839
vn -0.3061 -0.2259 0.9248
vn -0.1913 -0.2228 0.9559
vn -0.1536 -0.2188 0.9636
vn -0.0337 0.9994 0.0005
vn -0.0336 0.9994 0.0007
vn -0.0336 0.9994 0.0006
vn -0.0336 0.9994 0.0005
vn -0.0334 0.9994 0.0006
vn -0.0338 0.9994 0.0005
vn -0.0340 0.9994 0.0005
vn -0.0335 0.9994 0.0005
vn -0.0330 0.9995 0.0003
vn -0.0337 0.9994 0.0006
vn -0.0333 0.9994 0.0003
vn -0.0339 0.9994 0.0008
vn -0.0336 0.9994 0.0003
vn 0.0716 0.7580 -0.6484
vn 0.0793 0.8261 -0.5579
vn 0.1079 0.5143 -0.8508
vn 0.1287 0.5994 -0.7901
vn -0.0245 0.7581 -0.6517
vn -0.0061 0.5129 -0.8584
vn -0.0928 0.7687 -0.6329
vn -0.0986 0.5290 -0.8429
vn -0.1353 0.7749 -0.6174
vn -0.1601 0.5320 -0.8315
vn -0.2054 0.7801 -0.5909
vn -0.2509 0.5375 -0.8051
vn -0.2835 0.7896 -0.5442
vn -0.3544 0.5483 -0.7575
vn -0.3545 0.8047 -0.4762
vn -0.4552 0.5662 -0.6872
vn -0.3986 0.8265 -0.3975
vn -0.5452 0.5881 -0.5974
vn -0.4469 0.8383 -0.3122
vn -0.6434 0.5976 -0.4784
vn -0.4947 0.8426 -0.2128
vn -0.7218 0.6048 -0.3365
vn -0.5082 0.8516 -0.1283
vn -0.7534 0.6207 -0.2168
vn -0.4983 0.8638 -0.0750
vn -0.7573 0.6388 -0.1358
vn -0.4851 0.8741 -0.0243
vn -0.7572 0.6506 -0.0577
vn -0.4663 0.8839 0.0349
vn -0.7463 0.6645 0.0372
vn -0.4428 0.8943 0.0636
vn -0.7231 0.6837 0.0982
vn -0.4057 0.9116 0.0671
vn -0.6912 0.7129 0.1183
vn -0.4034 0.9115 0.0806
vn -0.6888 0.7108 0.1428
vn -0.3954 0.9118 0.1108
vn -0.6781 0.7087 0.1945
vn -0.3743 0.9137 0.1581
vn -0.6482 0.7101 0.2750
vn -0.3389 0.9186 0.2035
vn -0.5944 0.7181 0.3620
vn -0.3015 0.9228 0.2401
vn -0.5286 0.7246 0.4422
vn -0.2645 0.9230 0.2795
vn -0.4566 0.7232 0.5182
vn -0.2288 0.9216 0.3136
vn -0.3862 0.7217 0.5744
vn -0.2086 0.9184 0.3363
vn -0.3433 0.7189 0.6044
vn -0.2024 0.9127 0.3549
vn -0.3262 0.7090 0.6253
vn -0.4578 0.2676 0.8478
vn -0.4284 0.2581 0.8660
vn -0.4711 -0.0000 0.8821
vn -0.4390 -0.0002 0.8985
vn -0.5203 0.2733 0.8090
vn -0.5372 -0.0000 0.8435
vn -0.6219 0.2771 0.7324
vn -0.6442 -0.0000 0.7649
vn -0.7288 0.2797 0.6250
vn -0.7576 -0.0000 0.6527
vn -0.8200 0.2755 0.5017
vn -0.8536 -0.0000 0.5209
vn -0.8869 0.2684 0.3759
vn -0.9214 -0.0000 0.3886
vn -0.9260 0.2653 0.2684
vn -0.9605 -0.0000 0.2784
vn -0.9433 0.2652 0.1994
vn -0.9782 -0.0000 0.2075
vn -0.9496 0.2659 0.1656
vn -0.9850 -0.0000 0.1724
vn -0.9620 0.2428 0.1249
vn -0.9920 -0.0000 0.1261
vn -0.9723 0.2317 0.0320
vn -0.9997 -0.0000 0.0261
vn -0.9710 0.2208 -0.0913
vn -0.9950 -0.0000 -0.1000
vn -0.9585 0.2111 -0.1915
vn -0.9792 -0.0000 -0.2027
vn -0.9352 0.2003 -0.2921
vn -0.9523 -0.0000 -0.3053
vn -0.8813 0.1910 -0.4322
vn -0.8952 -0.0000 -0.4457
vn -0.7773 0.1861 -0.6010
vn -0.7881 -0.0000 -0.6156
vn -0.6402 0.1794 -0.7469
vn -0.5123 0.1670 -0.8424
vn -0.3904 0.1564 -0.9073
vn -0.2711 0.1497 -0.9508
vn -0.1680 0.1459 -0.9749
vn -0.0925 0.1434 -0.9853
vn 0.0159 0.1383 -0.9903
vn 0.1367 0.1364 -0.9812
vn 0.1728 0.1724 -0.9698
vn 0.1396 -0.0000 -0.9902
vn 0.1773 0.0006 -0.9842
vn 0.0217 -0.0000 -0.9998
vn -0.0882 -0.0000 -0.9961
vn -0.1656 -0.0000 -0.9862
vn -0.2684 -0.0000 -0.9633
vn -0.3874 -0.0000 -0.9219
vn -0.5098 -0.0000 -0.8603
vn -0.6440 -0.0000 -0.7650
vn -0.0337 -0.9994 0.0005
vn -0.0336 -0.9994 0.0005
vn -0.0337 -0.9994 0.0006
vn -0.0336 -0.9994 0.0006
vn -0.0338 -0.9994 0.0005
vn -0.0337 -0.9994 0.0004
vn -0.0339 -0.9994 0.0006
vn -0.0338 -0.9994 0.0004
vn -0.0336 -0.9994 0.0011
vn -0.0338 -0.9994 0.0002
vn 0.0715 -0.7579 -0.6485
vn 0.1079 -0.5143 -0.8508
vn 0.0793 -0.8260 -0.5580
vn 0.1294 -0.5950 -0.7933
vn -0.0244 -0.7582 -0.6516
vn -0.0060 -0.5129 -0.8584
vn -0.0927 -0.7687 -0.6328
vn -0.0986 -0.5290 -0.8429
vn -0.1353 -0.7749 -0.6175
vn -0.1601 -0.5320 -0.8315
vn -0.2054 -0.7801 -0.5909
vn -0.2509 -0.5375 -0.8051
vn -0.2835 -0.7895 -0.5443
vn -0.3544 -0.5482 -0.7576
vn -0.3545 -0.8047 -0.4763
vn -0.4551 -0.5662 -0.6872
vn -0.3986 -0.8265 -0.3975
vn -0.5452 -0.5881 -0.5974
vn -0.4469 -0.8383 -0.3121
vn -0.6434 -0.5976 -0.4784
vn -0.4949 -0.8425 -0.2128
vn -0.7217 -0.6049 -0.3365
vn -0.5081 -0.8517 -0.1283
vn -0.7534 -0.6208 -0.2168
vn -0.4983 -0.8637 -0.0749
vn -0.7574 -0.6387 -0.1357
vn -0.4851 -0.8741 -0.0243
vn -0.7572 -0.6506 -0.0577
vn -0.4662 -0.8840 0.0349
vn -0.7463 -0.6646 0.0372
vn -0.4428 -0.8943 0.0636
vn -0.7231 -0.6837 0.0983
vn -0.4057 -0.9116 0.0671
vn -0.6912 -0.7129 0.1183
vn -0.4034 -0.9115 0.0807
vn -0.6888 -0.7108 0.1428
vn -0.3954 -0.9118 0.1107
vn -0.6781 -0.7088 0.1945
vn -0.3743 -0.9137 0.1580
vn -0.6482 -0.7101 0.2750
vn -0.3389 -0.9186 0.2035
vn -0.5944 -0.7181 0.3620
vn -0.3015 -0.9228 0.2401
vn -0.5286 -0.7246 0.4422
vn -0.2645 -0.9230 0.2796
vn -0.4566 -0.7232 0.5182
vn -0.2287 -0.9216 0.3135
vn -0.3862 -0.7218 0.5744
vn -0.2086 -0.9184 0.3363
vn -0.3433 -0.7189 0.6044
vn -0.2024 -0.9127 0.3549
vn -0.3253 -0.7085 0.6263
vn -0.4578 -0.2676 0.8478
vn -0.4270 -0.2585 0.8665
vn -0.5203 -0.2733 0.8090
vn -0.6219 -0.2770 0.7324
vn -0.7288 -0.2796 0.6250
vn -0.8200 -0.2755 0.5017
vn -0.8869 -0.2684 0.3759
vn -0.9260 -0.2653 0.2684
vn -0.9433 -0.2652 0.1994
vn -0.9497 -0.2659 0.1656
vn -0.9620 -0.2428 0.1249
vn -0.9723 -0.2317 0.0320
vn -0.9710 -0.2208 -0.0913
vn -0.9585 -0.2111 -0.1915
vn -0.9352 -0.2003 -0.2921
vn -0.8813 -0.1910 -0.4322
vn -0.7773 -0.1861 -0.6010
vn -0.6402 -0.1794 -0.7469
vn -0.5123 -0.1670 -0.8424
vn -0.3904 -0.1564 -0.9072
vn -0.2711 -0.1497 -0.9508
vn -0.1679 -0.1459 -0.9749
vn -0.0925 -0.1434 -0.9853
vn 0.0159 -0.1383 -0.9903
vn 0.1367 -0.1364 -0.9812
vn 0.1729 -0.1702 -0.9701
vn -0.3529 0.5988 0.7189
vn -0.2385 0.8585 0.4539
vn -0.4188 0.1949 0.8869
vn -0.4250 0.0004 0.9052
vn -0.3563 -0.5934 0.7218
vn -0.2384 -0.8587 0.4536
vn -0.4210 -0.1928 0.8863
vn -0.4250 0.0003 0.9052
vn 0.0346 0.9994 -0.0000
vn 0.0347 0.9994 -0.0000
vn 0.0344 0.9994 -0.0001
vn 0.1610 0.6642 0.7300
vn 0.1143 0.8875 0.4465
vn 0.1332 0.6442 0.7532
vn 0.0952 0.8874 0.4510
vn 0.1770 0.8877 0.4250
vn 0.2553 0.6618 0.7049
vn 0.2145 0.8943 0.3927
vn 0.3229 0.6798 0.6585
vn 0.2372 0.8981 0.3704
vn 0.3691 0.6828 0.6305
vn 0.2742 0.9013 0.3355
vn 0.4333 0.6879 0.5822
vn 0.3106 0.9065 0.2859
vn 0.5003 0.6977 0.5128
vn 0.3362 0.9146 0.2248
vn 0.5563 0.7137 0.4256
vn 0.3412 0.9256 0.1641
vn 0.5963 0.7335 0.3260
vn 0.3501 0.9312 0.1010
vn 0.6385 0.7419 0.2047
vn 0.3580 0.9332 0.0308
vn 0.6597 0.7480 0.0727
vn 0.3472 0.9375 -0.0226
vn 0.6474 0.7616 -0.0279
vn 0.3290 0.9429 -0.0524
vn 0.6238 0.7763 -0.0905
vn 0.3102 0.9473 -0.0799
vn 0.6015 0.7847 -0.1498
vn 0.2867 0.9515 -0.1115
vn 0.5662 0.7948 -0.2183
vn 0.2670 0.9557 -0.1238
vn 0.5283 0.8094 -0.2563
vn 0.2741 0.9521 -0.1354
vn 0.5300 0.7999 -0.2817
vn 0.2714 0.9515 -0.1452
vn 0.5242 0.7961 -0.3024
vn 0.2604 0.9512 -0.1655
vn 0.5040 0.7926 -0.3433
vn 0.2357 0.9521 -0.1948
vn 0.4592 0.7920 -0.4024
vn 0.2008 0.9547 -0.2195
vn 0.3913 0.7975 -0.4592
vn 0.1664 0.9569 -0.2380
vn 0.3153 0.8016 -0.5079
vn 0.1312 0.9567 -0.2597
vn 0.2357 0.7985 -0.5539
vn 0.0977 0.9555 -0.2784
vn 0.1622 0.7952 -0.5842
vn 0.0779 0.9524 -0.2947
vn 0.1186 0.7896 -0.6020
vn 0.0693 0.9470 -0.3137
vn 0.0990 0.7760 -0.6230
vn 0.0747 0.8912 -0.4473
vn 0.0968 0.6553 -0.7492
vn 0.1210 0.3214 -0.9392
vn 0.1056 0.2233 -0.9690
vn 0.1214 -0.0000 -0.9926
vn 0.1047 -0.0000 -0.9945
vn 0.1538 0.3380 -0.9285
vn 0.1568 -0.0000 -0.9876
vn 0.2235 0.3485 -0.9103
vn 0.2319 -0.0000 -0.9727
vn 0.3409 0.3557 -0.8702
vn 0.3586 -0.0000 -0.9335
vn 0.4727 0.3615 -0.8037
vn 0.5026 -0.0000 -0.8645
vn 0.5952 0.3588 -0.7190
vn 0.6362 -0.0000 -0.7715
vn 0.6964 0.3530 -0.6248
vn 0.7435 -0.0000 -0.6687
vn 0.7657 0.3522 -0.5382
vn 0.8166 -0.0000 -0.5772
vn 0.8025 0.3548 -0.4797
vn 0.8566 -0.0000 -0.5160
vn 0.8178 0.3584 -0.4502
vn 0.8745 -0.0000 -0.4851
vn 0.8319 0.3730 -0.4109
vn 0.8963 -0.0000 -0.4434
vn 0.8722 0.3593 -0.3319
vn 0.9359 -0.0000 -0.3522
vn 0.9116 0.3468 -0.2207
vn 0.9728 -0.0000 -0.2315
vn 0.9336 0.3355 -0.1261
vn 0.9916 -0.0000 -0.1293
vn 0.9466 0.3211 -0.0278
vn 0.9997 -0.0000 -0.0236
vn 0.9441 0.3083 0.1169
vn 0.9918 -0.0000 0.1277
vn 0.9034 0.3019 0.3045
vn 0.9462 -0.0000 0.3236
vn 0.8259 0.2922 0.4822
vn 0.7422 0.2730 0.6120
vn 0.6527 0.2569 0.7127
vn 0.5575 0.2465 0.7927
vn 0.4704 0.2402 0.8491
vn 0.4040 0.2358 0.8839
vn 0.3061 0.2259 0.9248
vn 0.1913 0.2228 0.9559
vn 0.1536 0.2188 0.9636
vn 0.1546 -0.0000 0.9880
vn 0.1927 -0.0000 0.9813
vn 0.3073 -0.0000 0.9516
vn 0.4097 -0.0000 0.9122
vn 0.4796 -0.0000 0.8775
vn 0.5693 -0.0000 0.8221
vn 0.6683 -0.0000 0.7439
vn 0.7639 -0.0000 0.6453
vn 0.8591 -0.0000 0.5117
vn 0.0346 -0.9994 -0.0000
vn 0.0347 -0.9994 -0.0000
vn 0.0345 -0.9994 -0.0000
vn 0.0344 -0.9994 -0.0001
vn 0.0349 -0.9994 0.0001
vn 0.0952 -0.8874 0.4510
vn 0.1143 -0.8875 0.4463
vn 0.1332 -0.6442 0.7532
vn 0.1611 -0.6642 0.7300
vn 0.1770 -0.8877 0.4250
vn 0.2554 -0.6618 0.7048
vn 0.2144 -0.8943 0.3927
vn 0.3228 -0.6798 0.6585
vn 0.2372 -0.8981 0.3704
vn 0.3691 -0.6828 0.6305
vn 0.2743 -0.9013 0.3354
vn 0.4333 -0.6879 0.5822
vn 0.3106 -0.9065 0.2859
vn 0.5003 -0.6977 0.5128
vn 0.3363 -0.9145 0.2248
vn 0.5564 -0.7137 0.4256
vn 0.3411 -0.9256 0.1640
vn 0.5963 -0.7336 0.3260
vn 0.3501 -0.9313 0.1010
vn 0.6385 -0.7419 0.2047
vn 0.3580 -0.9332 0.0308
vn 0.6597 -0.7480 0.0727
vn 0.3471 -0.9376 -0.0226
vn 0.6474 -0.7617 -0.0279
vn 0.3290 -0.9429 -0.0524
vn 0.6238 -0.7763 -0.0905
vn 0.3102 -0.9473 -0.0799
vn 0.6015 -0.7847 -0.1498
vn 0.2867 -0.9515 -0.1114
vn 0.5662 -0.7948 -0.2183
vn 0.2670 -0.9557 -0.1238
vn 0.5283 -0.8094 -0.2563
vn 0.2741 -0.9521 -0.1354
vn 0.5300 -0.7999 -0.2817
vn 0.2714 -0.9515 -0.1452
vn 0.5242 -0.7961 -0.3024
vn 0.2604 -0.9512 -0.1655
vn 0.5040 -0.7926 -0.3433
vn 0.2358 -0.9521 -0.1949
vn 0.4592 -0.7919 -0.4024
vn 0.2008 -0.9547 -0.2195
vn 0.3913 -0.7975 -0.4592
vn 0.1664 -0.9569 -0.2380
vn 0.3153 -0.8016 -0.5079
vn 0.1312 -0.9567 -0.2597
vn 0.2357 -0.7985 -0.5539
vn 0.0977 -0.9555 -0.2785
vn 0.1622 -0.7952 -0.5842
vn 0.0779 -0.9524 -0.2947
vn 0.1186 -0.7896 -0.6020
vn 0.0693 -0.9470 -0.3137
vn 0.0990 -0.7759 -0.6230
vn 0.0747 -0.8912 -0.4474
vn 0.0968 -0.6553 -0.7492
vn 0.1210 -0.3214 -0.9392
vn 0.1056 -0.2233 -0.9690
vn 0.1538 -0.3380 -0.9285
vn 0.2235 -0.3485 -0.9103
vn 0.3409 -0.3557 -0.8702
vn 0.4727 -0.3615 -0.8037
vn 0.5952 -0.3589 -0.7190
vn 0.6964 -0.3530 -0.6248
vn 0.7657 -0.3522 -0.5382
vn 0.8025 -0.3548 -0.4797
vn 0.8178 -0.3584 -0.4502
vn 0.8319 -0.3730 -0.4109
vn 0.8722 -0.3594 -0.3319
vn 0.9116 -0.3468 -0.2207
vn 0.9336 -0.3355 -0.1262
vn 0.9466 -0.3211 -0.0278
vn 0.9441 -0.3083 0.1169
vn 0.9034 -0.3019 0.3045
vn 0.8259 -0.2922 0.4822
vn 0.7422 -0.2730 0.6120
vn 0.6527 -0.2569 0.7127
vn 0.5575 -0.2465 0.7927
vn 0.4704 -0.2402 0.8491
vn 0.4039 -0.2358 0.8839
vn 0.3061 -0.2259 0.9248
vn 0.1913 -0.2228 0.9559
vn 0.1536 -0.2188 0.9636
vn 0.0337 0.9994 0.0005
vn 0.0335 0.9994 0.0003
vn 0.0336 0.9994 0.0005
vn 0.0337 0.9994 0.0006
vn 0.0333 0.9994 0.0003
vn 0.0339 0.9994 0.0006
vn 0.0332 0.9994 0.0004
vn 0.0333 0.9994 0.0005
vn 0.0334 0.9994 0.0005
vn 0.0335 0.9994 0.0006
vn 0.0340 0.9994 0.0004
vn 0.0337 0.9994 0.0004
vn 0.0336 0.9994 0.0007
vn 0.0336 0.9994 0.0004
vn -0.1287 0.5994 -0.7901
vn -0.0793 0.8261 -0.5579
vn -0.1079 0.5143 -0.8508
vn -0.0716 0.7580 -0.6484
vn 0.0245 0.7581 -0.6517
vn 0.0061 0.5129 -0.8584
vn 0.0928 0.7687 -0.6329
vn 0.0986 0.5290 -0.8429
vn 0.1353 0.7749 -0.6174
vn 0.1601 0.5320 -0.8315
vn 0.2054 0.7801 -0.5909
vn 0.2509 0.5375 -0.8051
vn 0.2835 0.7896 -0.5442
vn 0.3544 0.5483 -0.7575
vn 0.3545 0.8047 -0.4762
vn 0.4552 0.5662 -0.6872
vn 0.3986 0.8265 -0.3975
vn 0.5452 0.5881 -0.5974
vn 0.4469 0.8383 -0.3121
vn 0.6434 0.5976 -0.4784
vn 0.4949 0.8425 -0.2128
vn 0.7217 0.6049 -0.3365
vn 0.5080 0.8517 -0.1283
vn 0.7534 0.6208 -0.2168
vn 0.4982 0.8638 -0.0750
vn 0.7573 0.6388 -0.1358
vn 0.4851 0.8741 -0.0243
vn 0.7572 0.6506 -0.0577
vn 0.4663 0.8839 0.0350
vn 0.7463 0.6645 0.0372
vn 0.4428 0.8944 0.0636
vn 0.7231 0.6837 0.0982
vn 0.4057 0.9116 0.0671
vn 0.6912 0.7129 0.1183
vn 0.4034 0.9115 0.0806
vn 0.6888 0.7108 0.1428
vn 0.3953 0.9118 0.1107
vn 0.6781 0.7088 0.1945
vn 0.3743 0.9137 0.1580
vn 0.6482 0.7101 0.2750
vn 0.3389 0.9186 0.2035
vn 0.5944 0.7181 0.3620
vn 0.3015 0.9228 0.2401
vn 0.5286 0.7246 0.4422
vn 0.2645 0.9230 0.2796
vn 0.4566 0.7232 0.5182
vn 0.2287 0.9216 0.3135
vn 0.3862 0.7218 0.5744
vn 0.2086 0.9184 0.3363
vn 0.3433 0.7189 0.6044
vn 0.2024 0.9127 0.3549
vn 0.3262 0.7090 0.6253
vn 0.4578 0.2676 0.8478
vn 0.4284 0.2581 0.8660
vn 0.4711 -0.0000 0.8821
vn 0.4390 -0.0002 0.8985
vn 0.5203 0.2733 0.8090
vn 0.5372 -0.0000 0.8435
vn 0.6219 0.2771 0.7324
vn 0.6442 -0.0000 0.7649
vn 0.7288 0.2796 0.6250
vn 0.7576 -0.0000 0.6527
vn 0.8200 0.2755 0.5017
vn 0.8536 -0.0000 0.5209
vn 0.8869 0.2684 0.3759
vn 0.9214 -0.0000 0.3886
vn 0.9260 0.2653 0.2684
vn 0.9605 -0.0000 0.2784
vn 0.9433 0.2652 0.1994
vn 0.9782 -0.0000 0.2075
vn 0.9497 0.2659 0.1656
vn 0.9850 -0.0000 0.1724
vn 0.9620 0.2428 0.1249
vn 0.9920 -0.0000 0.1261
vn 0.9723 0.2317 0.0320
vn 0.9997 -0.0000 0.0261
vn 0.9710 0.2208 -0.0913
vn 0.9950 -0.0000 -0.1000
vn 0.9585 0.2111 -0.1915
vn 0.9792 -0.0000 -0.2027
vn 0.9352 0.2003 -0.2921
vn 0.9523 -0.0000 -0.3053
vn 0.8813 0.1910 -0.4322
vn 0.8952 -0.0000 -0.4457
vn 0.7773 0.1861 -0.6010
vn 0.7881 -0.0000 -0.6156
vn 0.6402 0.1794 -0.7469
vn 0.5123 0.1670 -0.8424
vn 0.3904 0.1564 -0.9073
vn 0.2711 0.1497 -0.9508
vn 0.1680 0.1459 -0.9749
vn 0.0925 0.1434 -0.9853
vn -0.0159 0.1383 -0.9903
vn -0.1367 0.1364 -0.9812
vn -0.1728 0.1724 -0.9698
vn -0.1396 -0.0000 -0.9902
vn -0.1773 0.0006 -0.9842
vn -0.0217 -0.0000 -0.9998
vn 0.0882 -0.0000 -0.9961
vn 0.1656 -0.0000 -0.9862
vn 0.2684 -0.0000 -0.9633
vn 0.3874 -0.0000 -0.9219
vn 0.5098 -0.0000 -0.8603
vn 0.6440 -0.0000 -0.7650
vn 0.0336 -0.9994 0.0009
vn 0.0337 -0.9994 0.0006
vn 0.0337 -0.9994 0.0005
vn 0.0337 -0.9994 0.0004
vn 0.0336 -0.9994 0.0005
vn 0.0336 -0.9994 0.0006
vn 0.0338 -0.9994 0.0005
vn 0.0338 -0.9994 0.0004
vn 0.0340 -0.9994 0.0005
vn 0.0338 -0.9994 0.0007
vn -0.1294 -0.5950 -0.7932
vn -0.1079 -0.5143 -0.8508
vn -0.0793 -0.8260 -0.5580
vn -0.0716 -0.7580 -0.6484
vn 0.0245 -0.7581 -0.6517
vn 0.0061 -0.5129 -0.8584
vn 0.0927 -0.7687 -0.6329
vn 0.0986 -0.5290 -0.8429
vn 0.1353 -0.7749 -0.6174
vn 0.1601 -0.5320 -0.8315
vn 0.2054 -0.7802 -0.5909
vn 0.2509 -0.5375 -0.8051
vn 0.2834 -0.7896 -0.5442
vn 0.3544 -0.5482 -0.7575
vn 0.3545 -0.8047 -0.4763
vn 0.4552 -0.5661 -0.6872
vn 0.3986 -0.8265 -0.3975
vn 0.5452 -0.5881 -0.5974
vn 0.4469 -0.8383 -0.3121
vn 0.6434 -0.5976 -0.4784
vn 0.4949 -0.8425 -0.2128
vn 0.7217 -0.6049 -0.3365
vn 0.5081 -0.8517 -0.1283
vn 0.7534 -0.6208 -0.2168
vn 0.4983 -0.8637 -0.0750
vn 0.7574 -0.6387 -0.1357
vn 0.4852 -0.8741 -0.0242
vn 0.7572 -0.6506 -0.0577
vn 0.4663 -0.8840 0.0349
vn 0.7463 -0.6646 0.0372
vn 0.4427 -0.8944 0.0636
vn 0.7231 -0.6837 0.0982
vn 0.4057 -0.9116 0.0671
vn 0.6912 -0.7129 0.1183
vn 0.4034 -0.9115 0.0806
vn 0.6888 -0.7108 0.1428
vn 0.3954 -0.9118 0.1108
vn 0.6781 -0.7087 0.1945
vn 0.3743 -0.9137 0.1580
vn 0.6482 -0.7101 0.2750
vn 0.3389 -0.9186 0.2035
vn 0.5944 -0.7181 0.3620
vn 0.3015 -0.9228 0.2401
vn 0.5286 -0.7246 0.4422
vn 0.2645 -0.9230 0.2796
vn 0.4566 -0.7232 0.5182
vn 0.2287 -0.9216 0.3135
vn 0.3862 -0.7218 0.5744
vn 0.2086 -0.9184 0.3363
vn 0.3433 -0.7189 0.6044
vn 0.2024 -0.9127 0.3549
vn 0.3253 -0.7085 0.6263
vn 0.4578 -0.2676 0.8478
vn 0.4270 -0.2585 0.8665
vn 0.5203 -0.2733 0.8090
vn 0.6219 -0.2771 0.7324
vn 0.7288 -0.2797 0.6250
vn 0.8200 -0.2755 0.5017
vn 0.8869 -0.2684 0.3759
vn 0.9260 -0.2653 0.2684
vn 0.9433 -0.2652 0.1994
vn 0.9496 -0.2659 0.1656
vn 0.9620 -0.2428 0.1249
vn 0.9723 -0.2317 0.0320
vn 0.9710 -0.2208 -0.0913
vn 0.9585 -0.2111 -0.1915
vn 0.9352 -0.2003 -0.2921
vn 0.8813 -0.1910 -0.4322
vn 0.7773 -0.1861 -0.6010
vn 0.6402 -0.1794 -0.7469
vn 0.5123 -0.1670 -0.8424
vn 0.3904 -0.1564 -0.9072
vn 0.2711 -0.1497 -0.9508
vn 0.1680 -0.1459 -0.9749
vn 0.0925 -0.1434 -0.9853
vn -0.0159 -0.1383 -0.9903
vn -0.1367 -0.1364 -0.9812
vn -0.1729 -0.1702 -0.9701
vn 0.2385 0.8585 0.4539
vn 0.3529 0.5988 0.7189
vn 0.4188 0.1949 0.8869
vn 0.4250 0.0004 0.9052
vn 0.2384 -0.8587 0.4536
vn 0.3563 -0.5934 0.7218
vn 0.4210 -0.1928 0.8863
vn 0.4250 0.0003 0.9052
vn 0.9984 -0.0000 -0.0571
vn 0.9984 -0.0000 -0.0572
vn 0.9984 -0.0000 -0.0570
vn 0.9984 0.0001 -0.0571
vn 0.9984 -0.0002 -0.0570
vn 0.9984 -0.0001 -0.0570
vn 0.9984 0.0002 -0.0570
vn 0.9984 -0.0003 -0.0571
vn 0.9984 0.0001 -0.0570
vn 0.9984 -0.0003 -0.0572
vn 0.9984 -0.0001 -0.0571
vn 0.9984 -0.0000 -0.0569
vn 0.6877 -0.1360 -0.7132
vn 0.5462 -0.1291 -0.8277
vn 0.8785 -0.0861 -0.4700
vn 0.7838 -0.0940 -0.6138
vn 0.7840 -0.0083 -0.6207
vn 0.5430 -0.0213 -0.8394
vn 0.7924 0.0515 -0.6078
vn 0.5581 0.0656 -0.8272
vn 0.7961 0.0904 -0.5983
vn 0.5586 0.1246 -0.8200
vn 0.7997 0.1549 -0.5801
vn 0.5617 0.2121 -0.7997
vn 0.8072 0.2282 -0.5443
vn 0.5700 0.3127 -0.7598
vn 0.8202 0.2969 -0.4890
vn 0.5852 0.4121 -0.6983
vn 0.8390 0.3423 -0.4229
vn 0.6043 0.5033 -0.6176
vn 0.8496 0.3952 -0.3492
vn 0.6117 0.6062 -0.5082
vn 0.8539 0.4509 -0.2598
vn 0.6172 0.6920 -0.3744
vn 0.8619 0.4734 -0.1815
vn 0.6301 0.7318 -0.2596
vn 0.8714 0.4729 -0.1309
vn 0.6440 0.7433 -0.1810
vn 0.8796 0.4689 -0.0804
vn 0.6518 0.7514 -0.1029
vn 0.8882 0.4591 -0.0192
vn 0.6625 0.7490 -0.0061
vn 0.8966 0.4426 0.0112
vn 0.6777 0.7332 0.0563
vn 0.8579 0.5126 0.0362
vn 0.6236 0.7762 0.0933
vn 0.8547 0.5161 0.0555
vn 0.6175 0.7771 0.1221
vn 0.8534 0.5118 0.0992
vn 0.6130 0.7685 0.1837
vn 0.8557 0.4893 0.1684
vn 0.6135 0.7384 0.2799
vn 0.8635 0.4456 0.2363
vn 0.6219 0.6816 0.3856
vn 0.8704 0.3965 0.2918
vn 0.6285 0.6092 0.4835
vn 0.8708 0.3449 0.3503
vn 0.6271 0.5258 0.5747
vn 0.8689 0.2933 0.3987
vn 0.6260 0.4429 0.6418
vn 0.8652 0.2625 0.4273
vn 0.6247 0.3915 0.6757
vn 0.8596 0.2500 0.4457
vn 0.6180 0.3685 0.6944
vn 0.1849 0.4787 0.8583
vn 0.1805 0.4477 0.8758
vn -0.0000 0.4845 0.8748
vn 0.0001 0.4527 0.8916
vn 0.1879 0.5430 0.8184
vn -0.0000 0.5500 0.8351
vn 0.1903 0.6469 0.7385
vn -0.0000 0.6559 0.7549
vn 0.1924 0.7555 0.6263
vn -0.0000 0.7677 0.6409
vn 0.1902 0.8466 0.4971
vn -0.0000 0.8618 0.5073
vn 0.1862 0.9119 0.3656
vn -0.0000 0.9275 0.3738
vn 0.1853 0.9492 0.2543
vn -0.0000 0.9648 0.2631
vn 0.1872 0.9651 0.1830
vn -0.0000 0.9814 0.1920
vn 0.1904 0.9704 0.1484
vn -0.0000 0.9876 0.1568
vn 0.2288 0.9681 0.1025
vn -0.0000 0.9940 0.1095
vn 0.2225 0.9749 0.0094
vn -0.0000 1.0000 0.0100
vn 0.2158 0.9697 -0.1143
vn -0.0000 0.9933 -0.1160
vn -0.0000 0.9999 0.0100
vn 0.2102 0.9539 -0.2142
vn -0.0000 0.9759 -0.2184
vn 0.2034 0.9275 -0.3138
vn -0.0000 0.9472 -0.3205
vn 0.1975 0.8698 -0.4521
vn -0.0000 0.8880 -0.4599
vn 0.1958 0.7617 -0.6176
vn -0.0000 0.7781 -0.6281
vn 0.1920 0.6217 -0.7594
vn 0.1816 0.4927 -0.8510
vn 0.1727 0.3705 -0.9126
vn 0.1675 0.2513 -0.9533
vn 0.1651 0.1486 -0.9750
vn 0.1638 0.0736 -0.9837
vn 0.1590 -0.0337 -0.9867
vn 0.1583 -0.1537 -0.9754
vn 0.2360 -0.1867 -0.9537
vn -0.0000 -0.1553 -0.9879
vn -0.0000 -0.1926 -0.9813
vn -0.0000 -0.0373 -0.9993
vn -0.0000 0.0726 -0.9974
vn -0.0000 0.1501 -0.9887
vn -0.0000 0.2532 -0.9674
vn -0.0000 0.3728 -0.9279
vn -0.0000 0.4962 -0.8682
vn -0.0000 0.6317 -0.7752
vn -0.9984 -0.0000 -0.0570
vn -0.9984 -0.0000 -0.0571
vn -0.9984 0.0001 -0.0569
vn -0.9984 -0.0001 -0.0570
vn -0.9984 0.0001 -0.0571
vn -0.9984 0.0002 -0.0571
vn -0.9984 -0.0001 -0.0568
vn -0.9984 -0.0000 -0.0569
vn -0.6876 -0.1360 -0.7132
vn -0.8784 -0.0861 -0.4700
vn -0.5462 -0.1291 -0.8277
vn -0.7838 -0.0940 -0.6138
vn -0.7841 -0.0084 -0.6206
vn -0.5431 -0.0213 -0.8394
vn -0.7924 0.0515 -0.6078
vn -0.5581 0.0656 -0.8272
vn -0.7961 0.0904 -0.5983
vn -0.5586 0.1247 -0.8200
vn -0.7997 0.1548 -0.5801
vn -0.5617 0.2120 -0.7997
vn -0.8073 0.2281 -0.5443
vn -0.5700 0.3127 -0.7598
vn -0.8202 0.2969 -0.4890
vn -0.5852 0.4121 -0.6983
vn -0.8390 0.3423 -0.4229
vn -0.6043 0.5034 -0.6176
vn -0.8497 0.3951 -0.3492
vn -0.6118 0.6062 -0.5082
vn -0.8539 0.4509 -0.2597
vn -0.6172 0.6921 -0.3744
vn -0.8619 0.4734 -0.1815
vn -0.6301 0.7318 -0.2597
vn -0.8714 0.4728 -0.1309
vn -0.6441 0.7432 -0.1810
vn -0.8796 0.4689 -0.0804
vn -0.6518 0.7514 -0.1029
vn -0.8882 0.4591 -0.0192
vn -0.6625 0.7490 -0.0061
vn -0.8967 0.4426 0.0113
vn -0.6777 0.7332 0.0563
vn -0.8579 0.5126 0.0362
vn -0.6236 0.7762 0.0933
vn -0.8548 0.5160 0.0555
vn -0.6175 0.7770 0.1221
vn -0.8534 0.5118 0.0993
vn -0.6130 0.7685 0.1837
vn -0.8557 0.4893 0.1684
vn -0.6135 0.7384 0.2799
vn -0.8635 0.4456 0.2363
vn -0.6219 0.6816 0.3856
vn -0.8704 0.3964 0.2918
vn -0.6285 0.6092 0.4835
vn -0.8708 0.3449 0.3503
vn -0.6271 0.5258 0.5747
vn -0.8689 0.2933 0.3987
vn -0.6260 0.4429 0.6418
vn -0.8652 0.2625 0.4273
vn -0.6247 0.3915 0.6757
vn -0.8596 0.2500 0.4457
vn -0.6180 0.3685 0.6944
vn -0.1849 0.4787 0.8583
vn -0.1806 0.4479 0.8756
vn 0.0002 0.4528 0.8916
vn -0.1879 0.5430 0.8184
vn -0.1903 0.6469 0.7385
vn -0.1924 0.7555 0.6263
vn -0.1903 0.8466 0.4971
vn -0.1862 0.9119 0.3656
vn -0.1854 0.9492 0.2543
vn -0.1872 0.9651 0.1830
vn -0.1904 0.9704 0.1484
vn -0.2288 0.9681 0.1025
vn -0.2225 0.9749 0.0094
vn -0.2158 0.9697 -0.1143
vn -0.0000 0.9940 0.1096
vn -0.2102 0.9539 -0.2142
vn -0.2034 0.9274 -0.3138
vn -0.1975 0.8698 -0.4521
vn -0.1959 0.7617 -0.6176
vn -0.1920 0.6217 -0.7594
vn -0.1816 0.4927 -0.8510
vn -0.1726 0.3706 -0.9126
vn -0.1675 0.2513 -0.9533
vn -0.1651 0.1486 -0.9750
vn -0.1639 0.0736 -0.9837
vn -0.1590 -0.0337 -0.9867
vn -0.1583 -0.1537 -0.9754
vn -0.2360 -0.1867 -0.9537
vn 0.8115 0.2726 0.5169
vn 0.5162 0.3849 0.7651
vn 0.1483 0.4356 0.8878
vn 0.0002 0.4389 0.8985
vn -0.8115 0.2726 0.5169
vn -0.5162 0.3849 0.7651
vn -0.1486 0.4352 0.8880
vn 0.0003 0.4389 0.8985
vn -0.1934 0.9811 0.0084
vn -0.1956 0.9807 0.0023
vn -0.0000 1.0000 0.0033
vn -0.0000 1.0000 0.0002
vn -0.3817 0.9242 0.0097
vn -0.3726 0.9279 0.0128
vn -0.4542 0.8907 0.0175
vn -0.5489 0.8354 0.0283
vn -0.5445 0.8383 0.0275
vn -0.6088 0.7923 0.0400
vn -0.7035 0.7092 0.0449
vn -0.6969 0.7161 0.0400
vn -0.7426 0.6676 0.0534
vn -0.8317 0.5530 0.0494
vn -0.8549 0.5166 0.0464
vn -0.9246 0.3791 0.0379
vn -0.9243 0.3795 0.0406
vn -0.9813 0.1911 0.0243
vn -0.9807 0.1927 0.0319
vn -0.9999 0.0049 0.0116
vn -0.9997 -0.0027 0.0239
vn -0.9824 -0.1861 0.0130
vn -0.9803 -0.1966 0.0174
vn -0.9254 -0.3786 0.0176
vn -0.9234 -0.3836 0.0133
vn -0.8344 -0.5511 0.0134
vn -0.8311 -0.5560 0.0110
vn -0.7110 -0.7031 0.0098
vn -0.7125 -0.7017 0.0073
vn -0.5609 -0.8279 0.0046
vn -0.5635 -0.8261 0.0023
vn -0.3864 -0.9223 0.0008
vn -0.3825 -0.9239 0.0016
vn -0.1970 -0.9804 -0.0004
vn -0.1948 -0.9808 0.0012
vn -0.0000 -1.0000 -0.0008
vn -0.0000 -1.0000 0.0011
vn -0.9396 -0.3402 -0.0370
vn -0.9879 -0.1477 -0.0462
vn -0.9989 -0.0187 -0.0431
vn -0.9911 0.1304 -0.0256
vn -0.3845 -0.9228 -0.0250
vn -0.5574 -0.8298 -0.0277
vn -0.1966 -0.9802 -0.0221
vn -0.0000 -0.9998 -0.0202
vn -0.9870 -0.0413 -0.1554
vn -0.9836 0.0831 -0.1601
vn -0.9817 0.1807 -0.0594
vn -0.9769 0.2134 0.0101
vn -0.9891 0.1328 -0.0629
vn -0.9766 0.2075 -0.0571
vn -0.9402 0.3080 -0.1453
vn -0.8811 0.4384 -0.1771
vn -0.9759 -0.1486 -0.1597
vn -0.9334 -0.3215 -0.1591
vn -0.8288 -0.5417 -0.1403
vn -0.8321 -0.5539 -0.0291
vn -0.7082 -0.7054 -0.0291
vn -0.7037 -0.6994 -0.1253
vn -0.5567 -0.8231 -0.1123
vn -0.3874 -0.9163 -0.1013
vn -0.1994 -0.9754 -0.0938
vn -0.0000 -0.9957 -0.0924
vn -0.6909 -0.6446 -0.3273
vn -0.8032 -0.4785 -0.3549
vn -0.8805 -0.2985 -0.3683
vn -0.9192 -0.1536 -0.3625
vn -0.9305 -0.0076 -0.3661
vn -0.9239 0.0964 -0.3703
vn -0.9103 0.2116 -0.3557
vn -0.9135 0.3274 -0.2417
vn -0.8877 0.3978 -0.2320
vn -0.8442 0.4272 -0.3239
vn -0.7896 0.5773 -0.2081
vn -0.7477 0.6436 -0.1633
vn -0.7124 0.6495 -0.2656
vn -0.6279 0.7650 -0.1433
vn -0.6148 0.7226 -0.3162
vn -0.7192 0.6001 -0.3501
vn -0.5975 0.7552 -0.2696
vn -0.5703 0.7630 -0.3042
vn -0.4040 0.8860 -0.2277
vn -0.4322 0.8832 -0.1819
vn -0.8108 0.4077 -0.4199
vn -0.8659 0.2059 -0.4559
vn -0.8795 0.0915 -0.4671
vn -0.8731 -0.0036 -0.4875
vn -0.8484 -0.1371 -0.5113
vn -0.8048 -0.2676 -0.5298
vn -0.7402 -0.3960 -0.5433
vn -0.6519 -0.5268 -0.5455
vn -0.5139 -0.6663 -0.5403
vn -0.5530 -0.7759 -0.3036
vn -0.3931 -0.8739 -0.2860
vn -0.2056 -0.9413 -0.2679
vn -0.0000 -0.9653 -0.2610
vn -0.3685 -0.7599 -0.5355
vn -0.2092 -0.8239 -0.5268
vn -0.0000 -0.8534 -0.5213
vn -0.4753 -0.5655 -0.6741
vn -0.6175 -0.4608 -0.6374
vn -0.3367 -0.6350 -0.6953
vn -0.1986 -0.6792 -0.7066
vn -0.0000 -0.7021 -0.7121
vn -0.4499 -0.5765 -0.6821
vn -0.6206 -0.4703 -0.6274
vn -0.7150 -0.3556 -0.6020
vn -0.7882 -0.2425 -0.5657
vn -0.8404 -0.1242 -0.5275
vn -0.8742 -0.0003 -0.4855
vn -0.8843 0.1225 -0.4505
vn -0.8736 0.2500 -0.4176
vn -0.8389 0.4048 -0.3638
vn -0.7574 0.5845 -0.2910
vn -0.6443 0.7334 -0.2168
vn -0.4833 0.8623 -0.1514
vn -0.2250 0.9682 -0.1093
vn -0.2589 0.9606 -0.1008
vn -0.0000 0.9969 -0.0786
vn -0.0000 0.9960 -0.0890
vn -0.1950 0.9741 -0.1140
vn -0.0000 0.9966 -0.0818
vn -0.2732 0.9571 -0.0962
vn -0.0000 0.9953 -0.0969
vn -0.5048 0.8560 -0.1119
vn -0.6854 0.7103 -0.1603
vn -0.7984 0.5596 -0.2222
vn -0.8687 0.4030 -0.2879
vn -0.5604 0.8265 -0.0545
vn -0.6583 0.7504 -0.0595
vn -0.4390 0.8961 -0.0654
vn -0.7383 0.6685 -0.0893
vn -0.8599 0.4917 -0.1371
vn -0.9182 0.3481 -0.1889
vn -0.9460 0.2246 -0.2338
vn -0.9034 0.2594 -0.3413
vn -0.9137 0.1291 -0.3853
vn -0.9031 0.0027 -0.4295
vn -0.8734 -0.1181 -0.4724
vn -0.8222 -0.2360 -0.5180
vn -0.7402 -0.3544 -0.5714
vn -0.9544 0.1193 -0.2737
vn -0.9495 -0.0035 -0.3137
vn -0.9268 -0.1238 -0.3545
vn -0.8745 -0.2654 -0.4059
vn -0.7752 -0.4241 -0.4682
vn -0.6422 -0.5557 -0.5281
vn -0.4638 -0.6672 -0.5829
vn -0.2498 -0.7458 -0.6175
vn -0.2998 -0.6291 -0.7172
vn -0.1962 -0.6487 -0.7353
vn -0.0000 -0.6698 -0.7426
vn -0.7468 -0.4985 -0.4402
vn -0.0000 -0.2019 -0.9794
vn -0.0000 -0.2018 -0.9794
vn -0.6945 -0.5730 -0.4352
vn -0.8034 -0.4568 -0.3819
vn -0.8695 -0.3618 -0.3361
vn -0.9326 -0.2221 -0.2844
vn -0.9647 -0.1096 -0.2396
vn -0.9748 -0.0832 -0.2072
vn -0.9855 0.0047 -0.1695
vn -0.9738 0.1891 -0.1259
vn -0.7263 0.6852 -0.0544
vn -0.0000 1.0000 -0.0011
vn -0.8846 0.4651 0.0345
vn -0.9496 0.3119 0.0330
vn -0.9587 0.2826 0.0327
vn -0.9722 0.2323 0.0281
vn -0.2814 0.9478 -0.1501
vn -0.0935 0.8925 0.4413
vn -0.1357 0.9125 0.3859
vn -0.0000 0.9277 0.3733
vn -0.0000 0.9310 0.3650
vn -0.1490 0.9403 0.3059
vn -0.1357 0.9125 0.3860
vn -0.1490 0.9404 0.3058
vn -0.3282 0.9435 -0.0459
vn -0.3380 0.9390 -0.0641
vn -0.4778 0.8784 -0.0011
vn -0.5014 0.8644 0.0386
vn -0.4669 0.8537 0.2307
vn -0.4589 0.8487 0.2630
vn -0.4678 0.8618 0.1962
vn -0.5232 0.8341 0.1747
vn -0.5399 0.8105 0.2272
vn -0.4877 0.8167 0.3085
vn -0.4767 0.8290 0.2926
vn -0.4450 0.8388 0.3138
vn -0.4431 0.8301 0.3385
vn -0.4418 0.8364 0.3245
vn -0.4377 0.8479 0.2992
vn -0.4061 0.8696 0.2808
vn -0.4065 0.8670 0.2883
vn -0.4184 0.8703 0.2598
vn -0.4198 0.8730 0.2484
vn -0.4100 0.9015 0.1385
vn -0.4097 0.9030 0.1298
vn -0.4147 0.9099 -0.0081
vn -0.4122 0.9110 -0.0157
vn -0.3847 0.9189 -0.0869
vn -0.3873 0.9181 -0.0847
vn -0.4201 0.8992 -0.1224
vn -0.4272 0.8968 -0.1152
vn -0.4743 0.8565 -0.2035
vn -0.4800 0.8514 -0.2115
vn -0.4811 0.8397 -0.2519
vn -0.5261 0.8149 -0.2435
vn -0.5214 0.8184 -0.2417
vn -0.4673 0.8400 -0.2757
vn -0.4324 0.8411 -0.3250
vn -0.4951 0.8307 -0.2546
vn -0.5029 0.8453 -0.1805
vn -0.4838 0.8331 -0.2682
vn -0.5183 0.8432 -0.1427
vn -0.4837 0.8730 -0.0629
vn -0.5041 0.8602 -0.0769
vn -0.3577 0.9295 0.0897
vn -0.4637 0.8822 0.0816
vn -0.3379 0.9383 0.0733
vn -0.1381 0.9352 -0.3262
vn -0.1380 0.9290 -0.3434
vn -0.0000 0.9547 -0.2975
vn -0.0000 0.9560 -0.2934
vn 0.1007 -0.0000 0.9949
vn 0.1057 -0.0000 0.9944
vn -0.0000 -0.0000 1.0000
vn 0.2240 -0.0000 0.9746
vn 0.2112 -0.0000 0.9774
vn 0.3505 -0.0000 0.9366
vn 0.3298 -0.0000 0.9441
vn 0.4707 -0.0000 0.8823
vn 0.4506 -0.0000 0.8927
vn 0.6151 -0.0000 0.7884
vn 0.5825 -0.0000 0.8129
vn 0.7356 -0.0000 0.6774
vn 0.7211 -0.0000 0.6928
vn 0.8273 -0.0000 0.5617
vn 0.8085 -0.0000 0.5885
vn 0.8975 -0.0000 0.4410
vn 0.8906 -0.0000 0.4548
vn 0.9389 -0.0000 0.3441
vn 0.9334 -0.0000 0.3588
vn 0.9777 -0.0000 0.2098
vn 0.9737 -0.0000 0.2279
vn 0.9952 -0.0000 0.0977
vn 0.9949 -0.0000 0.1011
vn 0.9992 -0.0000 0.0396
vn 0.9992 -0.0000 0.0397
vn 0.9996 -0.0000 -0.0288
vn 0.9995 -0.0000 -0.0313
vn 0.9963 -0.0000 -0.0865
vn 0.9961 -0.0000 -0.0885
vn 0.9848 -0.0000 -0.1734
vn 0.9824 -0.0000 -0.1865
vn 0.9515 -0.0000 -0.3076
vn 0.9455 -0.0000 -0.3256
vn 0.8608 -0.0000 -0.5089
vn 0.8333 -0.0000 -0.5528
vn 0.6705 -0.0000 -0.7419
vn 0.6292 -0.0000 -0.7773
vn 0.4545 -0.0000 -0.8907
vn 0.4207 -0.0000 -0.9072
vn 0.2676 -0.0000 -0.9635
vn 0.2487 -0.0000 -0.9686
vn 0.1078 -0.0000 -0.9942
vn 0.1004 -0.0000 -0.9949
vn -0.0000 -0.0000 -1.0000
vn -0.0000 1.0000 -0.0000
vn -0.1716 0.8633 -0.4747
vn -0.0000 0.8802 -0.4747
vn -0.3368 0.8132 -0.4746
vn -0.4890 0.7319 -0.4746
vn -0.4890 0.7318 -0.4746
vn -0.6224 0.6224 -0.4746
vn -0.7319 0.4891 -0.4745
vn -0.7319 0.4890 -0.4745
vn -0.8133 0.3369 -0.4744
vn -0.8634 0.1718 -0.4744
vn -0.8634 0.1717 -0.4744
vn -0.8804 -0.0000 -0.4743
vn -0.8635 -0.1717 -0.4742
vn -0.8635 -0.1718 -0.4742
vn -0.8135 -0.3369 -0.4741
vn -0.8134 -0.3370 -0.4741
vn -0.7321 -0.4892 -0.4740
vn -0.6287 -0.6166 -0.4740
vn -0.6290 -0.6163 -0.4740
vn -0.4957 -0.7268 -0.4755
vn -0.4963 -0.7264 -0.4755
vn -0.3366 -0.8127 -0.4756
vn -0.3367 -0.8127 -0.4756
vn -0.1714 -0.8627 -0.4757
vn -0.1715 -0.8627 -0.4757
vn -0.0000 -0.8796 -0.4757
vn -0.1949 0.9808 -0.0000
vn -0.1947 0.9798 0.0448
vn -0.0000 0.9990 0.0448
vn -0.3823 0.9230 0.0448
vn -0.3827 0.9239 -0.0000
vn -0.5550 0.8306 0.0448
vn -0.5556 0.8315 -0.0000
vn -0.7064 0.7064 0.0448
vn -0.7071 0.7071 -0.0000
vn -0.8306 0.5550 0.0448
vn -0.8315 0.5556 -0.0000
vn -0.9230 0.3823 0.0448
vn -0.9239 0.3827 -0.0000
vn -0.9798 0.1949 0.0448
vn -0.9808 0.1951 -0.0000
vn -0.9990 -0.0000 0.0448
vn -1.0000 -0.0000 -0.0000
vn -0.9798 -0.1949 0.0448
vn -0.9808 -0.1951 -0.0000
vn -0.9230 -0.3823 0.0448
vn -0.9239 -0.3827 -0.0000
vn -0.8306 -0.5550 0.0448
vn -0.8315 -0.5556 -0.0000
vn -0.7134 -0.6993 0.0448
vn -0.7141 -0.7000 -0.0000
vn -0.5633 -0.8251 0.0448
vn -0.5638 -0.8259 -0.0000
vn -0.3823 -0.9230 0.0448
vn -0.3827 -0.9239 -0.0000
vn -0.1947 -0.9798 0.0448
vn -0.1949 -0.9808 -0.0000
vn -0.0000 -0.9990 0.0448
vn -0.0000 -1.0000 -0.0000
vn -0.0656 0.0981 0.9930
vn -0.0834 0.0834 0.9930
vn -0.0452 0.1090 0.9930
vn -0.0000 0.1180 0.9930
vn -0.1180 -0.0000 0.9930
vn -0.1090 0.0452 0.9930
vn -0.0981 0.0656 0.9930
vn -0.1157 0.0230 0.9930
vn -0.0000 -0.1180 0.9930
vn -0.0837 -0.0820 0.9931
vn -0.1090 -0.0452 0.9930
vn -0.1157 -0.0230 0.9930
vn -0.0981 -0.0656 0.9930
vn -0.0451 -0.1090 0.9930
vn -0.0671 -0.0981 0.9929
vn -0.0230 -0.1158 0.9930
vn -0.0230 0.1158 0.9930
vn -0.0945 0.4755 0.8746
vn -0.0000 0.4847 0.8747
vn -0.1632 0.8213 0.5467
vn -0.0000 0.8373 0.5467
vn -0.1901 0.9563 0.2220
vn -0.0000 0.9750 0.2221
vn -0.3731 0.9008 0.2220
vn -0.5417 0.8107 0.2221
vn -0.6895 0.6895 0.2220
vn -0.8107 0.5417 0.2220
vn -0.9008 0.3731 0.2220
vn -0.9563 0.1902 0.2220
vn -0.9750 -0.0000 0.2220
vn -0.9563 -0.1902 0.2220
vn -0.9008 -0.3731 0.2220
vn -0.8107 -0.5417 0.2221
vn -0.6962 -0.6825 0.2222
vn -0.5498 -0.8052 0.2219
vn -0.3731 -0.9008 0.2220
vn -0.1901 -0.9563 0.2220
vn -0.0000 -0.9750 0.2221
vn -0.8212 -0.1634 0.5467
vn -0.8373 -0.0000 0.5467
vn -0.4848 -0.0000 0.8746
vn -0.4755 0.0946 0.8746
vn -0.8212 0.1634 0.5467
vn -0.4479 0.1855 0.8746
vn -0.7736 0.3204 0.5467
vn -0.4031 0.2693 0.8746
vn -0.6962 0.4652 0.5467
vn -0.3428 0.3428 0.8746
vn -0.5921 0.5921 0.5467
vn -0.2693 0.4031 0.8746
vn -0.4652 0.6962 0.5467
vn -0.1855 0.4479 0.8746
vn -0.3204 0.7736 0.5467
vn -0.4755 -0.0946 0.8746
vn -0.7736 -0.3204 0.5467
vn -0.4479 -0.1855 0.8746
vn -0.6962 -0.4652 0.5467
vn -0.4030 -0.2694 0.8746
vn -0.5977 -0.5859 0.5473
vn -0.3453 -0.3384 0.8754
vn -0.4725 -0.6917 0.5462
vn -0.2743 -0.4013 0.8739
vn -0.3203 -0.7736 0.5467
vn -0.1853 -0.4479 0.8747
vn -0.1632 -0.8213 0.5467
vn -0.0945 -0.4755 0.8746
vn -0.0000 -0.8373 0.5467
vn -0.0000 -0.4847 0.8747
vn -0.4635 -0.7398 -0.4878
vn -0.3874 -0.7648 -0.5147
vn -0.2325 -0.8107 -0.5373
vn -0.1174 -0.8255 -0.5520
vn 0.0198 -0.8271 -0.5618
vn 0.0001 -0.8244 -0.5661
vn 0.7468 -0.4985 -0.4402
vn 0.1962 -0.6487 -0.7353
vn 0.2998 -0.6291 -0.7172
vn 0.3367 -0.6350 -0.6953
vn 0.4753 -0.5655 -0.6741
vn 0.5139 -0.6663 -0.5403
vn 0.6519 -0.5268 -0.5455
vn 0.6909 -0.6446 -0.3273
vn 0.8032 -0.4785 -0.3549
vn 0.8288 -0.5417 -0.1403
vn 0.9334 -0.3215 -0.1591
vn 0.9396 -0.3402 -0.0370
vn 0.9879 -0.1477 -0.0462
vn 0.9824 -0.1861 0.0130
vn 0.9999 0.0049 0.0116
vn 0.9997 -0.0027 0.0239
vn 0.9807 0.1927 0.0319
vn 0.9813 0.1911 0.0243
vn 0.9243 0.3795 0.0406
vn 0.9246 0.3791 0.0379
vn 0.8317 0.5530 0.0494
vn 0.8549 0.5166 0.0464
vn 0.7426 0.6676 0.0534
vn 0.7035 0.7092 0.0449
vn 0.6969 0.7161 0.0400
vn 0.6088 0.7923 0.0400
vn 0.5489 0.8354 0.0283
vn 0.5445 0.8383 0.0275
vn 0.4542 0.8907 0.0175
vn 0.3817 0.9242 0.0097
vn 0.3726 0.9279 0.0128
vn 0.1934 0.9811 0.0084
vn 0.1956 0.9807 0.0023
vn 0.8846 0.4651 0.0345
vn 0.9495 0.3119 0.0330
vn 0.9587 0.2826 0.0327
vn 0.9722 0.2323 0.0281
vn 0.9911 0.1304 -0.0256
vn 0.9989 -0.0187 -0.0431
vn 0.9870 -0.0413 -0.1554
vn 0.9836 0.0831 -0.1601
vn 0.9817 0.1807 -0.0594
vn 0.9769 0.2134 0.0101
vn 0.9891 0.1328 -0.0629
vn 0.9766 0.2075 -0.0571
vn 0.9402 0.3080 -0.1453
vn 0.8811 0.4384 -0.1771
vn 0.9759 -0.1486 -0.1597
vn 0.9103 0.2116 -0.3557
vn 0.9135 0.3274 -0.2417
vn 0.8877 0.3978 -0.2320
vn 0.8442 0.4272 -0.3239
vn 0.7896 0.5773 -0.2081
vn 0.7477 0.6436 -0.1632
vn 0.7124 0.6496 -0.2656
vn 0.6278 0.7650 -0.1433
vn 0.6147 0.7226 -0.3161
vn 0.9239 0.0964 -0.3703
vn 0.9305 -0.0076 -0.3661
vn 0.9192 -0.1536 -0.3625
vn 0.8805 -0.2985 -0.3683
vn 0.7192 0.6001 -0.3501
vn 0.5975 0.7552 -0.2696
vn 0.5703 0.7630 -0.3042
vn 0.4040 0.8860 -0.2277
vn 0.4322 0.8832 -0.1819
vn 0.8731 -0.0036 -0.4875
vn 0.8795 0.0915 -0.4671
vn 0.8659 0.2059 -0.4559
vn 0.8108 0.4077 -0.4199
vn 0.6443 0.7334 -0.2168
vn 0.4833 0.8623 -0.1514
vn 0.2250 0.9682 -0.1093
vn 0.2589 0.9606 -0.1008
vn 0.1950 0.9741 -0.1140
vn 0.8736 0.2500 -0.4176
vn 0.8389 0.4048 -0.3638
vn 0.7574 0.5845 -0.2910
vn 0.2732 0.9571 -0.0962
vn 0.5048 0.8560 -0.1119
vn 0.6854 0.7103 -0.1603
vn 0.7984 0.5596 -0.2222
vn 0.8687 0.4030 -0.2879
vn 0.9034 0.2594 -0.3413
vn 0.9137 0.1291 -0.3853
vn 0.8843 0.1225 -0.4505
vn 0.8742 -0.0003 -0.4855
vn 0.8404 -0.1242 -0.5275
vn 0.8484 -0.1371 -0.5113
vn 0.8048 -0.2676 -0.5298
vn 0.7402 -0.3960 -0.5433
vn 0.7882 -0.2425 -0.5657
vn 0.7150 -0.3556 -0.6020
vn 0.6175 -0.4608 -0.6374
vn 0.8734 -0.1181 -0.4724
vn 0.9031 0.0028 -0.4295
vn 0.8222 -0.2360 -0.5180
vn 0.7402 -0.3544 -0.5714
vn 0.6206 -0.4703 -0.6274
vn 0.4499 -0.5765 -0.6821
vn 0.9268 -0.1238 -0.3545
vn 0.9495 -0.0035 -0.3137
vn 0.9544 0.1193 -0.2737
vn 0.9460 0.2246 -0.2338
vn 0.9182 0.3481 -0.1889
vn 0.8599 0.4917 -0.1371
vn 0.7383 0.6685 -0.0893
vn 0.4390 0.8961 -0.0654
vn 0.5604 0.8265 -0.0545
vn 0.7263 0.6852 -0.0544
vn 0.9738 0.1891 -0.1259
vn 0.9855 0.0047 -0.1695
vn 0.9748 -0.0832 -0.2072
vn 0.9647 -0.1096 -0.2396
vn 0.5604 0.8264 -0.0546
vn 0.9326 -0.2221 -0.2844
vn 0.8695 -0.3618 -0.3361
vn 0.8034 -0.4568 -0.3819
vn 0.8745 -0.2654 -0.4059
vn 0.7752 -0.4241 -0.4682
vn 0.6422 -0.5557 -0.5281
vn 0.4638 -0.6672 -0.5829
vn 0.2498 -0.7458 -0.6175
vn 0.6944 -0.5730 -0.4352
vn 0.4636 -0.7397 -0.4878
vn 0.3874 -0.7648 -0.5147
vn 0.2325 -0.8107 -0.5373
vn 0.1174 -0.8255 -0.5520
vn -0.0197 -0.8271 -0.5618
vn -0.0001 -0.8244 -0.5661
vn 0.1986 -0.6792 -0.7066
vn 0.3685 -0.7599 -0.5355
vn 0.5530 -0.7759 -0.3036
vn 0.7037 -0.6994 -0.1253
vn 0.8321 -0.5539 -0.0291
vn 0.9254 -0.3786 0.0176
vn 0.9803 -0.1966 0.0174
vn 0.9234 -0.3836 0.0133
vn 0.8344 -0.5511 0.0134
vn 0.8311 -0.5560 0.0110
vn 0.7110 -0.7031 0.0098
vn 0.7125 -0.7017 0.0073
vn 0.5609 -0.8279 0.0046
vn 0.5635 -0.8261 0.0023
vn 0.3864 -0.9223 0.0008
vn 0.3825 -0.9239 0.0016
vn 0.1970 -0.9804 -0.0004
vn 0.1948 -0.9808 0.0012
vn 0.7082 -0.7054 -0.0291
vn 0.5574 -0.8298 -0.0277
vn 0.3845 -0.9228 -0.0250
vn 0.1966 -0.9802 -0.0221
vn 0.5567 -0.8231 -0.1123
vn 0.3874 -0.9163 -0.1013
vn 0.1994 -0.9754 -0.0938
vn 0.3931 -0.8739 -0.2860
vn 0.2056 -0.9413 -0.2679
vn 0.2092 -0.8239 -0.5268
vn -0.1727 0.0241 -0.9847
vn -0.0000 0.1546 -0.9880
vn -0.1839 -0.1103 -0.9767
vn -0.0000 -0.0910 -0.9959
vn -0.1873 -0.2466 -0.9508
vn -0.0000 -0.2255 -0.9742
vn -0.2085 -0.3328 -0.9197
vn -0.0000 -0.3143 -0.9493
vn -0.2180 -0.4176 -0.8821
vn -0.0000 -0.4074 -0.9132
vn -0.2137 -0.5499 -0.8074
vn -0.0000 -0.5277 -0.8494
vn -0.2369 -0.6333 -0.7368
vn -0.0000 -0.6230 -0.7822
vn -0.2495 -0.6877 -0.6818
vn -0.0000 -0.6976 -0.7164
vn -0.2582 -0.7499 -0.6091
vn -0.0000 -0.7572 -0.6531
vn -0.3120 -0.7703 -0.5562
vn -0.0000 -0.7992 -0.6011
vn -0.3163 -0.7915 -0.5229
vn -0.0000 -0.8356 -0.5493
vn -0.3059 -0.8083 -0.5030
vn -0.0000 -0.8509 -0.5253
vn -0.2879 -0.8403 -0.4594
vn -0.0000 -0.8921 -0.4518
vn -0.1877 -0.9129 -0.3625
vn -0.0000 -0.9464 -0.3231
vn -0.0000 0.3431 -0.9393
vn 0.2814 0.9478 -0.1501
vn 0.1357 0.9125 0.3859
vn 0.0935 0.8925 0.4413
vn 0.1490 0.9403 0.3059
vn 0.1357 0.9125 0.3860
vn 0.3282 0.9435 -0.0459
vn 0.1490 0.9404 0.3058
vn 0.3380 0.9390 -0.0641
vn 0.4778 0.8784 -0.0011
vn 0.5014 0.8644 0.0386
vn 0.4669 0.8537 0.2307
vn 0.4589 0.8487 0.2630
vn 0.4678 0.8618 0.1962
vn 0.5232 0.8341 0.1747
vn 0.5399 0.8105 0.2272
vn 0.4877 0.8167 0.3085
vn 0.4767 0.8290 0.2926
vn 0.4450 0.8388 0.3138
vn 0.4431 0.8301 0.3385
vn 0.4418 0.8364 0.3245
vn 0.4377 0.8479 0.2992
vn 0.4061 0.8696 0.2808
vn 0.4065 0.8670 0.2883
vn 0.4184 0.8703 0.2598
vn 0.4198 0.8730 0.2484
vn 0.4100 0.9015 0.1385
vn 0.4097 0.9030 0.1298
vn 0.4147 0.9099 -0.0081
vn 0.4122 0.9110 -0.0157
vn 0.3847 0.9189 -0.0869
vn 0.3873 0.9181 -0.0847
vn 0.4201 0.8992 -0.1224
vn 0.4272 0.8968 -0.1152
vn 0.4743 0.8565 -0.2035
vn 0.4800 0.8514 -0.2115
vn 0.4811 0.8398 -0.2516
vn 0.5261 0.8149 -0.2435
vn 0.5214 0.8184 -0.2417
vn 0.4673 0.8400 -0.2757
vn 0.4324 0.8411 -0.3250
vn 0.4951 0.8307 -0.2546
vn 0.5029 0.8453 -0.1805
vn 0.4838 0.8331 -0.2682
vn 0.5183 0.8432 -0.1427
vn 0.4837 0.8730 -0.0629
vn 0.5041 0.8602 -0.0769
vn 0.3577 0.9295 0.0897
vn 0.4637 0.8822 0.0816
vn 0.3379 0.9383 0.0733
vn 0.1381 0.9352 -0.3262
vn 0.1380 0.9290 -0.3434
vn -0.1057 -0.0000 0.9944
vn -0.1007 -0.0000 0.9949
vn -0.2240 -0.0000 0.9746
vn -0.2112 -0.0000 0.9774
vn -0.3505 -0.0000 0.9366
vn -0.3298 -0.0000 0.9441
vn -0.4707 -0.0000 0.8823
vn -0.4506 -0.0000 0.8927
vn -0.6151 -0.0000 0.7884
vn -0.5825 -0.0000 0.8129
vn -0.7356 -0.0000 0.6774
vn -0.7211 -0.0000 0.6928
vn -0.8273 -0.0000 0.5617
vn -0.8085 -0.0000 0.5885
vn -0.8975 -0.0000 0.4410
vn -0.8906 -0.0000 0.4548
vn -0.9389 -0.0000 0.3441
vn -0.9334 -0.0000 0.3588
vn -0.9777 -0.0000 0.2098
vn -0.9737 -0.0000 0.2279
vn -0.9952 -0.0000 0.0977
vn -0.9949 -0.0000 0.1011
vn -0.9992 -0.0000 0.0396
vn -0.9992 -0.0000 0.0397
vn -0.9996 -0.0000 -0.0288
vn -0.9995 -0.0000 -0.0313
vn -0.9963 -0.0000 -0.0865
vn -0.9961 -0.0000 -0.0885
vn -0.9848 -0.0000 -0.1734
vn -0.9825 -0.0000 -0.1865
vn -0.9515 -0.0000 -0.3076
vn -0.9455 -0.0000 -0.3256
vn -0.8608 -0.0000 -0.5089
vn -0.8333 -0.0000 -0.5528
vn -0.6705 -0.0000 -0.7419
vn -0.6292 -0.0000 -0.7773
vn -0.4545 -0.0000 -0.8907
vn -0.4207 -0.0000 -0.9072
vn -0.2676 -0.0000 -0.9635
vn -0.2487 -0.0000 -0.9686
vn -0.1078 -0.0000 -0.9942
vn -0.1004 -0.0000 -0.9949
vn 0.1716 0.8633 -0.4747
vn 0.3368 0.8132 -0.4746
vn 0.4890 0.7319 -0.4746
vn 0.4890 0.7318 -0.4746
vn 0.6224 0.6224 -0.4746
vn 0.7319 0.4891 -0.4745
vn 0.7319 0.4890 -0.4745
vn 0.8133 0.3369 -0.4744
vn 0.8133 0.3368 -0.4744
vn 0.8634 0.1718 -0.4744
vn 0.8634 0.1717 -0.4744
vn 0.8804 -0.0000 -0.4743
vn 0.8635 -0.1717 -0.4742
vn 0.8635 -0.1718 -0.4742
vn 0.8135 -0.3369 -0.4741
vn 0.8134 -0.3370 -0.4741
vn 0.7321 -0.4892 -0.4740
vn 0.6287 -0.6166 -0.4740
vn 0.6290 -0.6163 -0.4740
vn 0.4957 -0.7268 -0.4755
vn 0.4963 -0.7264 -0.4755
vn 0.3366 -0.8127 -0.4756
vn 0.3367 -0.8127 -0.4756
vn 0.1714 -0.8627 -0.4757
vn 0.1715 -0.8627 -0.4757
vn 0.1947 0.9798 0.0448
vn 0.1949 0.9808 -0.0000
vn 0.3823 0.9230 0.0448
vn 0.3827 0.9239 -0.0000
vn 0.5550 0.8306 0.0448
vn 0.5556 0.8315 -0.0000
vn 0.7064 0.7064 0.0448
vn 0.7071 0.7071 -0.0000
vn 0.8306 0.5550 0.0448
vn 0.8315 0.5556 -0.0000
vn 0.9230 0.3823 0.0448
vn 0.9239 0.3827 -0.0000
vn 0.9798 0.1949 0.0448
vn 0.9808 0.1951 -0.0000
vn 0.9990 -0.0000 0.0448
vn 1.0000 -0.0000 -0.0000
vn 0.9798 -0.1949 0.0448
vn 0.9808 -0.1951 -0.0000
vn 0.9230 -0.3823 0.0448
vn 0.9239 -0.3827 -0.0000
vn 0.8306 -0.5550 0.0448
vn 0.8315 -0.5556 -0.0000
vn 0.7134 -0.6993 0.0448
vn 0.7141 -0.7000 -0.0000
vn 0.5633 -0.8251 0.0448
vn 0.5638 -0.8259 -0.0000
vn 0.3823 -0.9230 0.0448
vn 0.3827 -0.9239 -0.0000
vn 0.1947 -0.9798 0.0448
vn 0.1949 -0.9808 -0.0000
vn 0.0230 -0.1158 0.9930
vn 0.0451 -0.1090 0.9930
vn 0.0837 -0.0820 0.9931
vn 0.0671 -0.0981 0.9929
vn 0.1180 -0.0000 0.9930
vn 0.1090 -0.0452 0.9930
vn 0.0981 -0.0656 0.9930
vn 0.1157 -0.0230 0.9930
vn 0.0834 0.0834 0.9930
vn 0.1090 0.0452 0.9930
vn 0.1157 0.0230 0.9930
vn 0.0981 0.0656 0.9930
vn 0.0452 0.1090 0.9930
vn 0.0656 0.0981 0.9930
vn 0.0230 0.1157 0.9930
vn 0.0945 0.4755 0.8746
vn 0.1632 0.8213 0.5467
vn 0.1901 0.9563 0.2220
vn 0.3731 0.9008 0.2220
vn 0.5417 0.8107 0.2221
vn 0.6895 0.6895 0.2220
vn 0.8107 0.5417 0.2220
vn 0.9008 0.3731 0.2220
vn 0.9563 0.1902 0.2220
vn 0.9750 -0.0000 0.2220
vn 0.9563 -0.1902 0.2220
vn 0.9008 -0.3731 0.2220
vn 0.8107 -0.5417 0.2221
vn 0.6962 -0.6825 0.2222
vn 0.5498 -0.8052 0.2219
vn 0.3731 -0.9008 0.2220
vn 0.1901 -0.9563 0.2220
vn 0.8212 -0.1634 0.5467
vn 0.8373 -0.0000 0.5467
vn 0.8212 0.1634 0.5467
vn 0.7736 0.3204 0.5467
vn 0.6962 0.4652 0.5467
vn 0.5921 0.5921 0.5467
vn 0.4652 0.6962 0.5467
vn 0.3204 0.7736 0.5467
vn 0.1855 0.4479 0.8746
vn 0.2693 0.4031 0.8746
vn 0.3428 0.3428 0.8746
vn 0.4031 0.2693 0.8746
vn 0.4479 0.1855 0.8746
vn 0.4755 0.0946 0.8746
vn 0.4848 -0.0000 0.8746
vn 0.4755 -0.0946 0.8746
vn 0.7736 -0.3204 0.5467
vn 0.4479 -0.1855 0.8746
vn 0.6962 -0.4652 0.5467
vn 0.4030 -0.2694 0.8746
vn 0.5977 -0.5859 0.5473
vn 0.3453 -0.3384 0.8754
vn 0.4725 -0.6917 0.5462
vn 0.2743 -0.4013 0.8739
vn 0.3203 -0.7736 0.5467
vn 0.1853 -0.4479 0.8746
vn 0.1632 -0.8213 0.5467
vn 0.0945 -0.4755 0.8746
vn 0.1839 -0.1103 -0.9767
vn 0.1727 0.0241 -0.9847
vn 0.1873 -0.2466 -0.9508
vn 0.2085 -0.3328 -0.9197
vn 0.2180 -0.4176 -0.8821
vn 0.2137 -0.5499 -0.8074
vn 0.2369 -0.6333 -0.7368
vn 0.2495 -0.6877 -0.6818
vn -0.0000 -0.6977 -0.7164
vn 0.2583 -0.7499 -0.6091
vn 0.3120 -0.7703 -0.5562
vn 0.3163 -0.7915 -0.5229
vn 0.3059 -0.8083 -0.5030
vn 0.2879 -0.8403 -0.4594
vn 0.1877 -0.9129 -0.3625
vt 0.021798 0.088687
vt 0.021798 0.016779
vt 0.026362 0.088687
vt 0.026362 0.016779
vt 0.017233 0.016779
vt 0.017233 0.088687
vt 0.012668 0.016779
vt 0.012668 0.088687
vt 0.030926 0.088687
vt 0.030926 0.016779
vt 0.035491 0.088687
vt 0.035491 0.016779
vt 0.040055 0.088687
vt 0.040055 0.016779
vt 0.044620 0.088687
vt 0.044620 0.016779
vt 0.049184 0.088687
vt 0.049184 0.016779
vt 0.053749 0.088687
vt 0.053749 0.016779
vt 0.058313 0.088687
vt 0.058313 0.016779
vt 0.062878 0.088687
vt 0.062878 0.016779
vt 0.067442 0.088687
vt 0.067442 0.016779
vt 0.072007 0.088687
vt 0.072007 0.016779
vt 0.076571 0.088687
vt 0.076571 0.016779
vt 0.081136 0.088687
vt 0.081136 0.016779
vt 0.085700 0.088687
vt 0.085700 0.016779
vt 0.012968 0.016779
vt 0.018087 0.016779
vt 0.027245 0.016779
vt 0.039048 0.016779
vt 0.051699 0.016779
vt 0.063273 0.016779
vt 0.076271 0.016779
vt 0.071153 0.016779
vt 0.061995 0.016779
vt 0.041627 0.384902
vt 0.040111 0.384902
vt 0.041627 0.375057
vt 0.040111 0.375057
vt 0.040111 0.394747
vt 0.041627 0.394747
vt 0.040111 0.404591
vt 0.041627 0.404591
vt 0.040111 0.414436
vt 0.041627 0.414436
vt 0.041627 0.365213
vt 0.040111 0.365213
vt 0.041627 0.355368
vt 0.040111 0.355368
vt 0.041627 0.345523
vt 0.040111 0.345523
vt 0.041627 0.335679
vt 0.040111 0.335679
vt 0.041627 0.325834
vt 0.040111 0.325834
vt 0.041627 0.315990
vt 0.040111 0.315990
vt 0.041627 0.306145
vt 0.040111 0.306145
vt 0.041627 0.296300
vt 0.040111 0.296300
vt 0.041627 0.286456
vt 0.040111 0.286456
vt 0.041627 0.276611
vt 0.040111 0.276611
vt 0.041627 0.266767
vt 0.040111 0.266767
vt 0.041627 0.256922
vt 0.040111 0.256922
vt 0.038069 0.266767
vt 0.038069 0.256922
vt 0.038069 0.276611
vt 0.038069 0.286456
vt 0.038069 0.296300
vt 0.038069 0.306145
vt 0.038069 0.315990
vt 0.038069 0.325834
vt 0.038069 0.335679
vt 0.038069 0.345523
vt 0.038069 0.355368
vt 0.038069 0.365213
vt 0.038069 0.375057
vt 0.038069 0.384902
vt 0.038069 0.394747
vt 0.038069 0.404591
vt 0.038069 0.414436
vt 0.022072 0.384902
vt 0.022072 0.375057
vt 0.022072 0.394747
vt 0.022072 0.404591
vt 0.022072 0.414436
vt 0.020225 0.384902
vt 0.020225 0.375057
vt 0.020225 0.394747
vt 0.020225 0.404591
vt 0.020225 0.414436
vt 0.022072 0.365213
vt 0.022072 0.355368
vt 0.022072 0.345523
vt 0.022072 0.335679
vt 0.022072 0.325834
vt 0.022072 0.315990
vt 0.022072 0.306145
vt 0.022072 0.296300
vt 0.022072 0.286456
vt 0.022072 0.276611
vt 0.022072 0.266767
vt 0.022072 0.256922
vt 0.020225 0.266767
vt 0.020225 0.256922
vt 0.020225 0.276611
vt 0.020225 0.286456
vt 0.020225 0.296300
vt 0.020225 0.306145
vt 0.020225 0.315990
vt 0.020225 0.325834
vt 0.020225 0.335679
vt 0.020225 0.345523
vt 0.020225 0.355368
vt 0.020225 0.365213
vt 0.018596 0.306145
vt 0.018596 0.315990
vt 0.018596 0.325834
vt 0.018596 0.335679
vt 0.018596 0.345523
vt 0.018596 0.355368
vt 0.018596 0.365213
vt 0.018596 0.375057
vt 0.018596 0.384902
vt 0.018596 0.394747
vt 0.018596 0.404591
vt 0.018596 0.414436
vt 0.018596 0.266767
vt 0.018596 0.256922
vt 0.018596 0.276611
vt 0.018596 0.286456
vt 0.018596 0.296300
vt 0.119804 0.197758
vt 0.124130 0.176006
vt 0.107482 0.216199
vt 0.072834 0.231738
vt 0.067290 0.119166
vt 0.107482 0.135814
vt 0.119804 0.154254
vt 0.089042 0.123492
vt 0.010449 0.176006
vt 0.027097 0.135814
vt 0.045538 0.123492
vt 0.014776 0.154254
vt 0.027097 0.216199
vt 0.014776 0.197758
vt 0.045538 0.228520
vt 0.089042 0.228520
vt 0.515342 0.869678
vt 0.429412 0.862677
vt 0.467031 0.531685
vt 0.322312 0.861722
vt 0.266951 0.660602
vt 0.244991 0.867792
vt 0.270480 0.634861
vt 0.273481 0.618051
vt 0.276574 0.607664
vt 0.280403 0.599585
vt 0.284631 0.593042
vt 0.289455 0.587587
vt 0.295067 0.583032
vt 0.301327 0.579003
vt 0.308020 0.575192
vt 0.417196 0.514956
vt 0.422746 0.511996
vt 0.428144 0.510015
vt 0.466230 0.528252
vt 0.433586 0.508781
vt 0.464658 0.524887
vt 0.462947 0.521428
vt 0.438841 0.508006
vt 0.460912 0.518207
vt 0.458422 0.515257
vt 0.443616 0.507939
vt 0.455346 0.512618
vt 0.451671 0.510413
vt 0.447809 0.508781
vt 0.520197 0.870070
vt 0.469208 0.531258
vt 0.468342 0.527573
vt 0.466765 0.523942
vt 0.464987 0.520315
vt 0.462856 0.516864
vt 0.460244 0.513626
vt 0.457023 0.510642
vt 0.453118 0.507991
vt 0.448757 0.506013
vt 0.443999 0.504999
vt 0.438773 0.504900
vt 0.433166 0.505525
vt 0.427351 0.506660
vt 0.421471 0.508592
vt 0.415483 0.511494
vt 0.305867 0.571313
vt 0.299037 0.575203
vt 0.292492 0.579390
vt 0.286422 0.584210
vt 0.280980 0.590029
vt 0.276176 0.597132
vt 0.272013 0.605915
vt 0.268735 0.616924
vt 0.265667 0.634101
vt 0.262115 0.660016
vt 0.240135 0.868170
vt 0.259214 0.659664
vt 0.237221 0.868397
vt 0.258246 0.659547
vt 0.236250 0.868472
vt 0.262780 0.633646
vt 0.261818 0.633494
vt 0.265887 0.616248
vt 0.264937 0.616022
vt 0.269276 0.604867
vt 0.268364 0.604517
vt 0.273639 0.595660
vt 0.272794 0.595169
vt 0.278790 0.588222
vt 0.278060 0.587619
vt 0.284602 0.582184
vt 0.283995 0.581508
vt 0.290948 0.577205
vt 0.290433 0.576476
vt 0.297663 0.572923
vt 0.297204 0.572163
vt 0.304574 0.568986
vt 0.304144 0.568210
vt 0.414455 0.509417
vt 0.414112 0.508724
vt 0.420707 0.506549
vt 0.420452 0.505868
vt 0.426875 0.504648
vt 0.426716 0.503977
vt 0.432914 0.503571
vt 0.432830 0.502920
vt 0.438732 0.503037
vt 0.438718 0.502416
vt 0.444228 0.503235
vt 0.444305 0.502647
vt 0.449326 0.504352
vt 0.449516 0.503798
vt 0.453985 0.506538
vt 0.458029 0.509457
vt 0.461337 0.512647
vt 0.464022 0.516058
vt 0.466211 0.519647
vt 0.468030 0.523374
vt 0.469609 0.527166
vt 0.470515 0.531002
vt 0.523110 0.870306
vt 0.524081 0.870384
vt 0.470950 0.530916
vt 0.470032 0.527030
vt 0.468451 0.523185
vt 0.466619 0.519424
vt 0.464411 0.515789
vt 0.461701 0.512321
vt 0.458364 0.509062
vt 0.454275 0.506054
vt 0.322312 0.861087
vt 0.429412 0.861939
vt 0.038721 0.456394
vt 0.039772 0.454011
vt 0.037914 0.458905
vt 0.042970 0.449670
vt 0.041156 0.451765
vt 0.068997 0.447396
vt 0.053662 0.444884
vt 0.047677 0.446314
vt 0.045231 0.447808
vt 0.050427 0.445321
vt 0.061097 0.445162
vt 0.057293 0.444878
vt 0.064946 0.445956
vt 0.176572 0.502573
vt 0.162695 0.483592
vt 0.153801 0.478988
vt 0.148892 0.477088
vt 0.158441 0.481080
vt 0.170027 0.490788
vt 0.166508 0.486792
vt 0.173432 0.495863
vt 0.180300 0.513634
vt 0.185286 0.530680
vt 0.038221 0.655629
vt 0.220555 0.666564
vt 0.037191 0.461339
vt 0.036996 0.463741
vt 0.035481 0.463672
vt 0.035286 0.655422
vt 0.035695 0.461093
vt 0.036394 0.458479
vt 0.037229 0.455848
vt 0.038321 0.453299
vt 0.039760 0.450846
vt 0.041637 0.448504
vt 0.044009 0.446317
vt 0.046757 0.444539
vt 0.049871 0.443373
vt 0.053394 0.442778
vt 0.057248 0.442634
vt 0.061294 0.442814
vt 0.065464 0.443525
vt 0.069806 0.444883
vt 0.149956 0.474248
vt 0.154966 0.476188
vt 0.159813 0.478357
vt 0.164405 0.481002
vt 0.168671 0.484387
vt 0.172637 0.488703
vt 0.176339 0.494220
vt 0.179667 0.501331
vt 0.183476 0.512635
vt 0.188496 0.529795
vt 0.185382 0.512035
vt 0.190422 0.529264
vt 0.186018 0.511835
vt 0.191064 0.529087
vt 0.181524 0.500587
vt 0.182143 0.500338
vt 0.178083 0.493235
vt 0.178665 0.492906
vt 0.174203 0.487451
vt 0.174725 0.487034
vt 0.169969 0.482943
vt 0.170402 0.482462
vt 0.165430 0.479449
vt 0.165772 0.478931
vt 0.160637 0.476724
vt 0.160912 0.476179
vt 0.155665 0.474508
vt 0.155898 0.473947
vt 0.150594 0.472544
vt 0.150807 0.471976
vt 0.070291 0.443374
vt 0.070453 0.442871
vt 0.065774 0.442067
vt 0.065878 0.441581
vt 0.061412 0.441405
vt 0.061452 0.440935
vt 0.057221 0.441288
vt 0.057212 0.440839
vt 0.053234 0.441514
vt 0.053180 0.441093
vt 0.049538 0.442203
vt 0.049427 0.441813
vt 0.046204 0.443473
vt 0.046020 0.443118
vt 0.043275 0.445422
vt 0.040836 0.447804
vt 0.038922 0.450295
vt 0.037451 0.452872
vt 0.036334 0.455520
vt 0.035482 0.458223
vt 0.034797 0.460946
vt 0.034572 0.463631
vt 0.033532 0.655224
vt 0.034269 0.463617
vt 0.032949 0.655035
vt 0.034497 0.460897
vt 0.035178 0.458138
vt 0.036036 0.455411
vt 0.037161 0.452730
vt 0.038643 0.450111
vt 0.040570 0.447571
vt 0.043031 0.445124
vt 0.220409 0.666002
vt 0.038217 0.655074
vt 0.035287 0.654929
vt 0.033533 0.654917
vt 0.223984 0.666739
vt 0.226021 0.666769
vt 0.226668 0.666654
vt 0.223854 0.666239
vt 0.225940 0.666456
vt 0.012075 0.856085
vt 0.012356 0.858616
vt 0.011860 0.853643
vt 0.013769 0.863465
vt 0.012891 0.861074
vt 0.223404 0.697731
vt 0.147408 0.847204
vt 0.035159 0.873541
vt 0.021300 0.871346
vt 0.016862 0.867994
vt 0.015081 0.865796
vt 0.018889 0.869878
vt 0.027710 0.873088
vt 0.024276 0.872382
vt 0.031364 0.873551
vt 0.130379 0.858306
vt 0.120576 0.860245
vt 0.039269 0.872957
vt 0.125587 0.859392
vt 0.139111 0.854454
vt 0.134888 0.856748
vt 0.143210 0.851350
vt 0.151671 0.841461
vt 0.157327 0.831713
vt 0.165326 0.816545
vt 0.044388 0.697842
vt 0.012138 0.851334
vt 0.041711 0.697844
vt 0.010691 0.851107
vt 0.010397 0.853588
vt 0.010555 0.856196
vt 0.010839 0.858846
vt 0.011382 0.861468
vt 0.012271 0.864066
vt 0.013595 0.866643
vt 0.015419 0.869169
vt 0.017677 0.871380
vt 0.020399 0.873083
vt 0.023617 0.874324
vt 0.027236 0.875202
vt 0.031099 0.875811
vt 0.035181 0.875940
vt 0.039550 0.875491
vt 0.121036 0.863136
vt 0.126149 0.862265
vt 0.131153 0.861146
vt 0.136006 0.859527
vt 0.140695 0.857146
vt 0.145278 0.853826
vt 0.149842 0.849318
vt 0.154360 0.843231
vt 0.160140 0.833270
vt 0.168193 0.818000
vt 0.161828 0.834204
vt 0.169913 0.818873
vt 0.162390 0.834515
vt 0.170486 0.819164
vt 0.155974 0.844293
vt 0.156512 0.844647
vt 0.151303 0.850587
vt 0.151790 0.851009
vt 0.146518 0.855312
vt 0.146932 0.855807
vt 0.141645 0.858762
vt 0.141962 0.859300
vt 0.136678 0.861194
vt 0.136901 0.861750
vt 0.131618 0.862850
vt 0.131773 0.863418
vt 0.126487 0.863990
vt 0.126600 0.864564
vt 0.121312 0.864872
vt 0.121404 0.865450
vt 0.039719 0.877012
vt 0.039775 0.877519
vt 0.035194 0.877379
vt 0.035198 0.877859
vt 0.030940 0.877166
vt 0.030886 0.877618
vt 0.026951 0.876470
vt 0.026856 0.876893
vt 0.023222 0.875489
vt 0.023091 0.875877
vt 0.019858 0.874125
vt 0.019678 0.874472
vt 0.016949 0.872282
vt 0.016706 0.872582
vt 0.014553 0.869874
vt 0.012704 0.867151
vt 0.011372 0.864426
vt 0.010477 0.861704
vt 0.009929 0.858984
vt 0.009643 0.856262
vt 0.009519 0.853554
vt 0.009823 0.850971
vt 0.040112 0.697845
vt 0.009534 0.850926
vt 0.039580 0.697845
vt 0.009226 0.853543
vt 0.009339 0.856284
vt 0.009626 0.859030
vt 0.010175 0.861783
vt 0.011072 0.864546
vt 0.012406 0.867320
vt 0.014264 0.870109
vt 0.226925 0.697729
vt 0.229038 0.697728
vt 0.229742 0.697727
vt 0.822381 0.467977
vt 0.851136 0.467675
vt 0.824354 0.495832
vt 0.851136 0.495828
vt 0.851136 0.438427
vt 0.816510 0.439564
vt 0.815646 0.438163
vt 0.851136 0.410054
vt 0.803678 0.412684
vt 0.789688 0.389047
vt 0.851136 0.380056
vt 0.784294 0.384465
vt 0.759294 0.356408
vt 0.851136 0.345633
vt 0.752067 0.352003
vt 0.752025 0.319671
vt 0.851136 0.314139
vt 0.752025 0.284606
vt 0.851136 0.279966
vt 0.752025 0.249552
vt 0.851136 0.244427
vt 0.752025 0.211673
vt 0.851136 0.208888
vt 0.752025 0.176607
vt 0.851136 0.174715
vt 0.752025 0.144291
vt 0.851136 0.143221
vt 0.752025 0.115965
vt 0.851136 0.115617
vt 0.752024 0.092719
vt 0.851136 0.092027
vt 0.752024 0.070432
vt 0.851136 0.070179
vt 0.752024 0.049052
vt 0.851136 0.049070
vt 0.752024 0.030659
vt 0.851136 0.030768
vt 0.636865 0.177578
vt 0.636865 0.212860
vt 0.636865 0.249552
vt 0.636865 0.286244
vt 0.636865 0.070779
vt 0.636865 0.093172
vt 0.636865 0.049333
vt 0.636865 0.030917
vt 0.542695 0.249552
vt 0.542695 0.285539
vt 0.617010 0.308018
vt 0.636865 0.309929
vt 0.584600 0.311137
vt 0.553191 0.320359
vt 0.542695 0.320143
vt 0.542695 0.325633
vt 0.542695 0.213565
vt 0.542695 0.178961
vt 0.542695 0.147070
vt 0.636865 0.145062
vt 0.636865 0.116562
vt 0.542695 0.119117
vt 0.542695 0.096177
vt 0.542695 0.074117
vt 0.542695 0.052877
vt 0.542695 0.034531
vt 0.468746 0.126685
vt 0.468746 0.153016
vt 0.468746 0.183057
vt 0.468746 0.215653
vt 0.468746 0.249552
vt 0.468746 0.283451
vt 0.468746 0.316047
vt 0.522953 0.335634
vt 0.505103 0.349011
vt 0.468746 0.346088
vt 0.495233 0.356407
vt 0.478908 0.373459
vt 0.468746 0.372419
vt 0.470512 0.381546
vt 0.468746 0.384076
vt 0.405873 0.368347
vt 0.405873 0.392568
vt 0.463167 0.397519
vt 0.453735 0.417843
vt 0.405873 0.413837
vt 0.405873 0.344649
vt 0.405873 0.317614
vt 0.405873 0.288278
vt 0.405873 0.257770
vt 0.405873 0.227261
vt 0.405873 0.197926
vt 0.405873 0.170890
vt 0.405873 0.147193
vt 0.405873 0.127745
vt 0.468746 0.105076
vt 0.468746 0.084005
vt 0.468746 0.063374
vt 0.468746 0.045234
vt 0.405873 0.108280
vt 0.405873 0.088638
vt 0.405873 0.070831
vt 0.355697 0.166923
vt 0.355697 0.183462
vt 0.355697 0.149620
vt 0.355697 0.131308
vt 0.355697 0.113951
vt 0.307839 0.217146
vt 0.307839 0.228623
vt 0.355697 0.203614
vt 0.355697 0.226607
vt 0.355697 0.251555
vt 0.355697 0.277500
vt 0.355697 0.303445
vt 0.355697 0.328393
vt 0.355697 0.351385
vt 0.355697 0.371538
vt 0.355697 0.392850
vt 0.355697 0.411958
vt 0.405873 0.428873
vt 0.355697 0.425663
vt 0.405873 0.439947
vt 0.446977 0.443092
vt 0.448399 0.432185
vt 0.355697 0.436287
vt 0.307839 0.422159
vt 0.307839 0.432094
vt 0.307839 0.410068
vt 0.307839 0.393580
vt 0.307839 0.375794
vt 0.307839 0.359938
vt 0.264649 0.419431
vt 0.264684 0.428694
vt 0.264684 0.409009
vt 0.264684 0.393952
vt 0.264684 0.378059
vt 0.264684 0.364985
vt 0.264684 0.350376
vt 0.307839 0.341848
vt 0.307839 0.322220
vt 0.307839 0.301807
vt 0.307839 0.281394
vt 0.307839 0.261765
vt 0.307839 0.243676
vt 0.264684 0.333256
vt 0.264684 0.316230
vt 0.264684 0.300846
vt 0.264684 0.284817
vt 0.264684 0.272388
vt 0.264684 0.262584
vt 0.264684 0.254734
vt 0.264684 0.244167
vt 0.307839 0.204005
vt 0.307839 0.188126
vt 0.307839 0.171458
vt 0.264684 0.230424
vt 0.264684 0.214239
vt 0.116153 0.347443
vt 0.110340 0.353032
vt 0.105120 0.358845
vt 0.100489 0.364658
vt 0.097215 0.370636
vt 0.094806 0.376713
vt 0.092399 0.383644
vt 0.090904 0.396630
vt 0.090295 0.409009
vt 0.090269 0.419241
vt 0.725214 0.335634
vt 0.689397 0.320876
vt 0.688286 0.320419
vt 0.649420 0.311137
vt 0.449399 0.430189
vt 0.452654 0.429809
vt 0.450788 0.441606
vt 0.457283 0.418376
vt 0.466235 0.398604
vt 0.472039 0.383790
vt 0.480741 0.375299
vt 0.496847 0.358153
vt 0.506275 0.350777
vt 0.524008 0.337593
vt 0.543430 0.327588
vt 0.553932 0.322470
vt 0.585003 0.313315
vt 0.616814 0.310294
vt 0.636548 0.311974
vt 0.648831 0.313416
vt 0.687213 0.322942
vt 0.723423 0.338087
vt 0.752537 0.355547
vt 0.783838 0.388237
vt 0.800233 0.413998
vt 0.811156 0.440220
vt 0.817517 0.466319
vt 0.818627 0.494084
vt 0.300310 0.991691
vt 0.300310 0.904324
vt 0.318673 0.993443
vt 0.318673 0.904324
vt 0.285446 0.904324
vt 0.285446 0.989202
vt 0.269644 0.904324
vt 0.269644 0.983113
vt 0.262424 0.904324
vt 0.262424 0.978714
vt 0.253843 0.904324
vt 0.253843 0.974402
vt 0.241415 0.904324
vt 0.241415 0.966343
vt 0.234702 0.904324
vt 0.234702 0.962876
vt 0.223240 0.904324
vt 0.223240 0.956679
vt 0.210778 0.904324
vt 0.210778 0.951976
vt 0.204133 0.904324
vt 0.204133 0.949570
vt 0.184510 0.904324
vt 0.184510 0.945267
vt 0.163499 0.904324
vt 0.163499 0.943847
vt 0.150472 0.904324
vt 0.150472 0.944637
vt 0.142441 0.904324
vt 0.142441 0.945315
vt 0.122554 0.904324
vt 0.122554 0.949793
vt 0.104265 0.904324
vt 0.104265 0.956912
vt 0.089495 0.904324
vt 0.089495 0.965118
vt 0.070163 0.904324
vt 0.070163 0.977279
vt 0.055764 0.904324
vt 0.055764 0.985936
vt 0.040422 0.904324
vt 0.040422 0.992837
vt 0.022858 0.904324
vt 0.022858 0.996229
vt 0.005552 0.904324
vt 0.005552 0.997692
vt 0.515755 0.952363
vt 0.512431 0.958827
vt 0.520882 0.937400
vt 0.498223 0.974236
vt 0.507447 0.965868
vt 0.332029 0.905004
vt 0.411184 0.991663
vt 0.465531 0.988883
vt 0.482668 0.983065
vt 0.492824 0.978121
vt 0.471546 0.987275
vt 0.429519 0.991980
vt 0.447738 0.990880
vt 0.418218 0.992084
vt 0.348234 0.966341
vt 0.376375 0.985104
vt 0.393243 0.989629
vt 0.362814 0.979229
vt 0.335509 0.939245
vt 0.340597 0.953899
vt 0.332546 0.921990
vt 0.524601 0.905004
vt 0.523532 0.922947
vt 0.867581 0.476328
vt 0.867581 0.504650
vt 0.867581 0.446578
vt 0.867581 0.417391
vt 0.867581 0.386297
vt 0.867581 0.350538
vt 0.867581 0.317521
vt 0.867581 0.281695
vt 0.867581 0.244437
vt 0.867581 0.207179
vt 0.867581 0.171353
vt 0.867581 0.138335
vt 0.867581 0.109395
vt 0.867581 0.084664
vt 0.867581 0.062003
vt 0.867581 0.040392
vt 0.867581 0.021920
vt 0.971048 0.476328
vt 0.971048 0.504650
vt 0.971048 0.446578
vt 0.971048 0.417391
vt 0.971048 0.386297
vt 0.971048 0.350538
vt 0.971048 0.317521
vt 0.971048 0.281695
vt 0.971048 0.244437
vt 0.971048 0.207179
vt 0.971048 0.171353
vt 0.971048 0.138335
vt 0.971048 0.109395
vt 0.971048 0.084664
vt 0.971048 0.062003
vt 0.971048 0.040392
vt 0.971048 0.021920
vt 0.641924 0.746315
vt 0.666181 0.726407
vt 0.614249 0.761108
vt 0.552863 0.773293
vt 0.713067 0.613216
vt 0.700882 0.674475
vt 0.686089 0.702150
vt 0.709991 0.644445
vt 0.552863 0.452117
vt 0.665908 0.499749
vt 0.700882 0.551957
vt 0.709991 0.581987
vt 0.686089 0.524282
vt 0.614249 0.464302
vt 0.641602 0.478877
vt 0.584219 0.455193
vt 0.584219 0.770217
vt 0.588306 0.790446
vt 0.552923 0.793918
vt 0.592082 0.810236
vt 0.552760 0.814096
vt 0.595950 0.830144
vt 0.552664 0.834393
vt 0.600144 0.850423
vt 0.552816 0.855069
vt 0.645504 0.836663
vt 0.637436 0.817559
vt 0.687308 0.814318
vt 0.675669 0.797124
vt 0.723949 0.784248
vt 0.709180 0.769621
vt 0.754020 0.747606
vt 0.736682 0.736110
vt 0.776364 0.705803
vt 0.757118 0.697877
vt 0.790124 0.660443
vt 0.769703 0.656392
vt 0.794770 0.613270
vt 0.773952 0.613249
vt 0.790124 0.566098
vt 0.769703 0.570105
vt 0.776364 0.520738
vt 0.757118 0.528620
vt 0.754020 0.478934
vt 0.736682 0.490387
vt 0.723949 0.442293
vt 0.709161 0.456856
vt 0.687307 0.410981
vt 0.675646 0.428209
vt 0.645504 0.388636
vt 0.637435 0.407788
vt 0.600144 0.374876
vt 0.595950 0.395204
vt 0.552816 0.370230
vt 0.552664 0.390955
vt 0.749900 0.574046
vt 0.753759 0.613232
vt 0.733750 0.613221
vt 0.730278 0.648474
vt 0.749900 0.652419
vt 0.719995 0.682371
vt 0.738469 0.690099
vt 0.703297 0.713611
vt 0.719907 0.724826
vt 0.680825 0.740993
vt 0.694928 0.755264
vt 0.653443 0.763465
vt 0.664489 0.780244
vt 0.622203 0.780163
vt 0.629763 0.798806
vt 0.730278 0.577969
vt 0.738469 0.536365
vt 0.719995 0.544072
vt 0.719907 0.501638
vt 0.703297 0.512832
vt 0.694855 0.471127
vt 0.680668 0.485291
vt 0.664404 0.445078
vt 0.653258 0.461810
vt 0.629763 0.426574
vt 0.622203 0.445237
vt 0.592082 0.415144
vt 0.588305 0.434954
vt 0.552760 0.411284
vt 0.552923 0.431482
vt 0.123003 0.342292
vt 0.128959 0.337777
vt 0.134021 0.334072
vt 0.137893 0.330596
vt 0.140494 0.327873
vt 0.141335 0.326083
vt 0.088765 0.409009
vt 0.088897 0.396630
vt 0.090206 0.383644
vt 0.092211 0.376713
vt 0.094488 0.370636
vt 0.097653 0.364611
vt 0.101932 0.358581
vt 0.107555 0.352412
vt 0.113736 0.346473
vt 0.120533 0.340983
vt 0.127005 0.336629
vt 0.132526 0.333164
vt 0.137054 0.329782
s 1
usemtl Airplane3_01
f 3/1/1 2/2/2 1/3/3
f 4/4/4 1/3/3 2/2/2
f 2/2/2 3/1/1 5/5/5
f 6/6/6 5/5/5 3/1/1
f 5/5/5 6/6/6 7/7/7
f 8/8/8 7/7/7 6/6/6
f 1/3/3 4/4/4 9/9/9
f 10/10/10 9/9/9 4/4/4
f 9/9/9 10/10/10 11/11/11
f 12/12/12 11/11/11 10/10/10
f 11/11/11 12/12/12 13/13/13
f 14/14/14 13/13/13 12/12/12
f 13/13/13 14/14/14 15/15/15
f 16/16/15 15/15/15 14/14/14
f 15/15/15 16/16/15 17/17/16
f 18/18/17 17/17/16 16/16/15
f 17/17/16 18/18/17 19/19/18
f 20/20/19 19/19/18 18/18/17
f 19/19/18 20/20/19 21/21/20
f 22/22/21 21/21/20 20/20/19
f 21/21/20 22/22/21 23/23/22
f 24/24/23 23/23/22 22/22/21
f 23/23/22 24/24/23 25/25/24
f 26/26/25 25/25/24 24/24/23
f 25/25/24 26/26/25 27/27/26
f 28/28/27 27/27/26 26/26/25
f 27/27/26 28/28/27 29/29/28
f 30/30/29 29/29/28 28/28/27
f 29/29/28 30/30/29 31/31/30
f 32/32/30 31/31/30 30/30/29
f 31/31/30 32/32/30 33/33/8
f 34/34/7 33/33/8 32/32/30
f 37/4/31 36/2/31 35/10/32
f 36/2/31 38/5/32 35/10/32
f 38/5/32 39/7/31 35/10/32
f 39/7/31 40/35/32 35/10/32
f 40/35/32 41/36/31 35/10/32
f 41/36/31 42/37/31 35/10/32
f 42/37/31 43/38/32 35/10/32
f 43/38/32 44/39/31 35/10/32
f 44/39/31 45/40/32 35/10/32
f 45/40/32 46/28/32 35/10/32
f 46/28/32 47/30/32 35/10/32
f 47/30/32 48/41/31 35/10/32
f 48/41/31 49/42/32 35/10/32
f 49/42/32 50/43/32 35/10/32
f 53/44/33 52/45/34 51/46/35
f 54/47/36 51/46/35 52/45/34
f 52/45/34 53/44/33 55/48/37
f 56/49/38 55/48/37 53/44/33
f 55/48/37 56/49/38 57/50/39
f 58/51/40 57/50/39 56/49/38
f 57/50/39 58/51/40 59/52/41
f 60/53/42 59/52/41 58/51/40
f 51/46/35 54/47/36 61/54/43
f 62/55/44 61/54/43 54/47/36
f 61/54/43 62/55/44 63/56/45
f 64/57/46 63/56/45 62/55/44
f 63/56/45 64/57/46 65/58/47
f 66/59/48 65/58/47 64/57/46
f 65/58/47 66/59/48 67/60/49
f 68/61/50 67/60/49 66/59/48
f 67/60/49 68/61/50 69/62/51
f 70/63/52 69/62/51 68/61/50
f 69/62/51 70/63/52 71/64/53
f 72/65/54 71/64/53 70/63/52
f 71/64/53 72/65/54 73/66/55
f 74/67/56 73/66/55 72/65/54
f 73/66/55 74/67/56 75/68/57
f 76/69/58 75/68/57 74/67/56
f 75/68/57 76/69/58 77/70/59
f 78/71/60 77/70/59 76/69/58
f 77/70/59 78/71/60 79/72/61
f 80/73/62 79/72/61 78/71/60
f 79/72/61 80/73/62 81/74/63
f 82/75/64 81/74/63 80/73/62
f 81/74/63 82/75/64 83/76/42
f 84/77/41 83/76/42 82/75/64
f 82/75/64 85/78/65 84/77/41
f 86/79/66 84/77/41 85/78/65
f 80/73/62 87/80/67 82/75/64
f 85/78/65 82/75/64 87/80/67
f 78/71/60 88/81/68 80/73/62
f 87/80/67 80/73/62 88/81/68
f 76/69/58 89/82/69 78/71/60
f 88/81/68 78/71/60 89/82/69
f 74/67/56 90/83/70 76/69/58
f 89/82/69 76/69/58 90/83/70
f 90/83/70 74/67/56 91/84/71
f 72/65/54 91/84/71 74/67/56
f 91/84/71 72/65/54 92/85/72
f 70/63/52 92/85/72 72/65/54
f 92/85/72 70/63/52 93/86/73
f 68/61/50 93/86/73 70/63/52
f 93/86/73 68/61/50 94/87/74
f 66/59/48 94/87/74 68/61/50
f 94/87/74 66/59/48 95/88/75
f 64/57/46 95/88/75 66/59/48
f 95/88/75 64/57/46 96/89/76
f 62/55/44 96/89/76 64/57/46
f 96/89/76 62/55/44 97/90/77
f 54/47/36 97/90/77 62/55/44
f 97/90/77 54/47/36 98/91/78
f 52/45/34 98/91/78 54/47/36
f 98/91/78 52/45/34 99/92/79
f 55/48/37 99/92/79 52/45/34
f 99/92/79 55/48/37 100/93/80
f 57/50/39 100/93/80 55/48/37
f 100/93/80 57/50/39 101/94/66
f 59/52/41 101/94/66 57/50/39
f 98/91/78 102/95/81 97/90/77
f 103/96/82 97/90/77 102/95/81
f 97/90/77 103/96/82 96/89/76
f 99/92/79 104/97/83 98/91/78
f 102/95/81 98/91/78 104/97/83
f 100/93/80 105/98/84 99/92/79
f 104/97/83 99/92/79 105/98/84
f 101/94/66 106/99/85 100/93/80
f 105/98/84 100/93/80 106/99/85
f 102/95/81 107/100/86 103/96/82
f 108/101/87 103/96/82 107/100/86
f 104/97/83 109/102/88 102/95/81
f 107/100/86 102/95/81 109/102/88
f 105/98/84 110/103/89 104/97/83
f 109/102/88 104/97/83 110/103/89
f 106/99/85 111/104/90 105/98/84
f 110/103/89 105/98/84 111/104/90
f 103/96/82 108/101/87 112/105/91
f 112/105/91 96/89/76 103/96/82
f 96/89/76 112/105/91 95/88/75
f 113/106/92 95/88/75 112/105/91
f 95/88/75 113/106/92 94/87/74
f 114/107/93 94/87/74 113/106/92
f 94/87/74 114/107/93 93/86/73
f 115/108/94 93/86/73 114/107/93
f 93/86/73 115/108/94 92/85/72
f 116/109/95 92/85/72 115/108/94
f 92/85/72 116/109/95 91/84/71
f 117/110/96 91/84/71 116/109/95
f 91/84/71 117/110/96 90/83/70
f 118/111/97 90/83/70 117/110/96
f 90/83/70 118/111/97 89/82/69
f 119/112/98 89/82/69 118/111/97
f 89/82/69 119/112/98 88/81/68
f 120/113/99 88/81/68 119/112/98
f 88/81/68 120/113/99 87/80/67
f 121/114/100 87/80/67 120/113/99
f 87/80/67 121/114/100 85/78/65
f 122/115/101 85/78/65 121/114/100
f 85/78/65 122/115/101 86/79/66
f 123/116/85 86/79/66 122/115/101
f 122/115/101 124/117/102 123/116/85
f 125/118/90 123/116/85 124/117/102
f 121/114/100 126/119/103 122/115/101
f 124/117/102 122/115/101 126/119/103
f 120/113/99 127/120/104 121/114/100
f 126/119/103 121/114/100 127/120/104
f 119/112/98 128/121/105 120/113/99
f 127/120/104 120/113/99 128/121/105
f 118/111/97 129/122/106 119/112/98
f 128/121/105 119/112/98 129/122/106
f 129/122/106 118/111/97 130/123/107
f 117/110/96 130/123/107 118/111/97
f 130/123/107 117/110/96 131/124/108
f 116/109/95 131/124/108 117/110/96
f 131/124/108 116/109/95 132/125/109
f 115/108/94 132/125/109 116/109/95
f 132/125/109 115/108/94 133/126/110
f 114/107/93 133/126/110 115/108/94
f 133/126/110 114/107/93 134/127/111
f 113/106/92 134/127/111 114/107/93
f 134/127/111 113/106/92 135/128/112
f 112/105/91 135/128/112 113/106/92
f 135/128/112 112/105/91 108/101/87
f 129/122/106 136/129/113 128/121/105
f 130/123/107 137/130/114 129/122/106
f 136/129/113 129/122/106 137/130/114
f 131/124/108 138/131/115 130/123/107
f 137/130/114 130/123/107 138/131/115
f 132/125/109 139/132/116 131/124/108
f 138/131/115 131/124/108 139/132/116
f 133/126/110 140/133/117 132/125/109
f 139/132/116 132/125/109 140/133/117
f 134/127/111 141/134/118 133/126/110
f 140/133/117 133/126/110 141/134/118
f 135/128/112 142/135/119 134/127/111
f 141/134/118 134/127/111 142/135/119
f 108/101/87 143/136/120 135/128/112
f 143/136/120 108/101/87 144/137/121
f 107/100/86 144/137/121 108/101/87
f 144/137/121 107/100/86 145/138/122
f 109/102/88 145/138/122 107/100/86
f 145/138/122 109/102/88 146/139/123
f 110/103/89 146/139/123 109/102/88
f 146/139/123 110/103/89 147/140/124
f 111/104/90 147/140/124 110/103/89
f 142/135/119 135/128/112 143/136/120
f 124/117/102 148/141/125 125/118/90
f 149/142/124 125/118/90 148/141/125
f 148/141/125 124/117/102 150/143/126
f 126/119/103 150/143/126 124/117/102
f 150/143/126 126/119/103 151/144/127
f 127/120/104 151/144/127 126/119/103
f 151/144/127 127/120/104 152/145/128
f 128/121/105 152/145/128 127/120/104
f 152/145/128 128/121/105 136/129/113
f 155/146/129 154/147/130 153/148/129
f 154/147/130 156/149/130 153/148/129
f 157/150/130 156/149/130 154/147/130
f 158/151/129 157/150/130 154/147/130
f 159/152/129 158/151/129 154/147/130
f 160/153/130 157/150/130 158/151/129
f 161/154/130 156/149/130 157/150/130
f 162/155/130 161/154/130 157/150/130
f 163/156/130 162/155/130 157/150/130
f 164/157/129 161/154/130 162/155/130
f 165/158/130 156/149/130 161/154/130
f 166/159/129 165/158/130 161/154/130
f 167/160/130 156/149/130 165/158/130
f 153/148/129 156/149/130 168/161/130
f 171/158/31 170/159/32 169/160/32
f 170/159/32 172/161/32 169/160/32
f 173/156/32 172/161/32 170/159/32
f 174/157/31 173/156/32 170/159/32
f 175/154/131 174/157/31 170/159/32
f 176/155/31 173/156/32 174/157/31
f 177/152/32 172/161/32 173/156/32
f 178/153/32 177/152/32 173/156/32
f 179/150/32 178/153/32 173/156/32
f 180/151/31 177/152/32 178/153/32
f 181/146/32 172/161/32 177/152/32
f 182/147/31 181/146/32 177/152/32
f 183/148/31 172/161/32 181/146/32
f 169/160/32 172/161/32 184/149/32
f 187/162/132 186/163/132 185/164/132
f 186/163/132 188/165/132 185/164/132
f 188/165/132 189/166/132 185/164/132
f 190/167/132 189/166/132 188/165/132
f 189/166/132 191/168/132 185/164/132
f 191/168/132 192/169/132 185/164/132
f 192/169/132 193/170/132 185/164/132
f 193/170/132 194/171/132 185/164/132
f 194/171/132 195/172/132 185/164/132
f 195/172/132 196/173/132 185/164/132
f 196/173/132 197/174/132 185/164/132
f 197/174/132 198/175/132 185/164/132
f 198/175/132 199/176/133 185/164/132
f 199/176/133 200/177/132 185/164/132
f 200/177/132 201/178/132 185/164/132
f 201/178/132 202/179/132 185/164/132
f 202/179/132 203/180/132 185/164/132
f 204/181/132 203/180/132 202/179/132
f 205/182/132 203/180/132 204/181/132
f 206/183/132 205/182/132 204/181/132
f 207/184/132 206/183/132 204/181/132
f 208/185/132 206/183/132 207/184/132
f 209/186/132 208/185/132 207/184/132
f 210/187/133 209/186/132 207/184/132
f 211/188/132 209/186/132 210/187/133
f 212/189/134 211/188/132 210/187/133
f 213/190/132 212/189/134 210/187/133
f 216/162/135 215/164/136 214/191/137
f 217/192/138 214/191/137 215/164/136
f 215/164/136 218/180/139 217/192/138
f 219/193/140 217/192/138 218/180/139
f 218/180/139 220/182/141 219/193/140
f 221/194/142 219/193/140 220/182/141
f 220/182/141 222/183/143 221/194/142
f 223/195/144 221/194/142 222/183/143
f 222/183/143 224/185/145 223/195/144
f 225/196/146 223/195/144 224/185/145
f 224/185/145 226/186/147 225/196/146
f 227/197/148 225/196/146 226/186/147
f 226/186/147 228/188/149 227/197/148
f 229/198/150 227/197/148 228/188/149
f 228/188/149 230/189/151 229/198/150
f 231/199/152 229/198/150 230/189/151
f 230/189/151 232/190/153 231/199/152
f 233/200/154 231/199/152 232/190/153
f 232/190/153 234/187/155 233/200/154
f 235/201/156 233/200/154 234/187/155
f 234/187/155 236/184/157 235/201/156
f 237/202/158 235/201/156 236/184/157
f 236/184/157 238/181/159 237/202/158
f 239/203/160 237/202/158 238/181/159
f 238/181/159 240/179/161 239/203/160
f 241/204/162 239/203/160 240/179/161
f 240/179/161 242/178/163 241/204/162
f 243/205/164 241/204/162 242/178/163
f 242/178/163 244/177/165 243/205/164
f 245/206/166 243/205/164 244/177/165
f 244/177/165 246/176/167 245/206/166
f 247/207/168 245/206/166 246/176/167
f 246/176/167 248/175/169 247/207/168
f 249/208/170 247/207/168 248/175/169
f 248/175/169 250/174/171 249/208/170
f 251/209/172 249/208/170 250/174/171
f 250/174/171 252/173/173 251/209/172
f 253/210/174 251/209/172 252/173/173
f 252/173/173 254/172/175 253/210/174
f 255/211/176 253/210/174 254/172/175
f 254/172/175 256/171/177 255/211/176
f 257/212/178 255/211/176 256/171/177
f 256/171/177 258/170/179 257/212/178
f 259/213/180 257/212/178 258/170/179
f 258/170/179 260/169/181 259/213/180
f 261/214/182 259/213/180 260/169/181
f 260/169/181 262/168/183 261/214/182
f 263/215/184 261/214/182 262/168/183
f 262/168/183 264/166/185 263/215/184
f 265/216/186 263/215/184 264/166/185
f 264/166/185 266/167/187 265/216/186
f 267/217/188 265/216/186 266/167/187
f 265/216/186 267/217/188 268/218/189
f 269/219/190 268/218/189 267/217/188
f 268/218/189 269/219/190 270/220/191
f 271/221/192 270/220/191 269/219/190
f 263/215/184 265/216/186 272/222/193
f 268/218/189 272/222/193 265/216/186
f 272/222/193 268/218/189 273/223/194
f 270/220/191 273/223/194 268/218/189
f 261/214/182 263/215/184 274/224/195
f 272/222/193 274/224/195 263/215/184
f 274/224/195 272/222/193 275/225/196
f 273/223/194 275/225/196 272/222/193
f 274/224/195 276/226/197 261/214/182
f 259/213/180 261/214/182 276/226/197
f 276/226/197 274/224/195 277/227/198
f 275/225/196 277/227/198 274/224/195
f 276/226/197 278/228/199 259/213/180
f 257/212/178 259/213/180 278/228/199
f 278/228/199 276/226/197 279/229/200
f 277/227/198 279/229/200 276/226/197
f 278/228/199 280/230/201 257/212/178
f 255/211/176 257/212/178 280/230/201
f 280/230/201 278/228/199 281/231/202
f 279/229/200 281/231/202 278/228/199
f 280/230/201 282/232/203 255/211/176
f 253/210/174 255/211/176 282/232/203
f 282/232/203 280/230/201 283/233/204
f 281/231/202 283/233/204 280/230/201
f 282/232/203 284/234/205 253/210/174
f 251/209/172 253/210/174 284/234/205
f 284/234/205 282/232/203 285/235/206
f 283/233/204 285/235/206 282/232/203
f 284/234/205 286/236/207 251/209/172
f 249/208/170 251/209/172 286/236/207
f 286/236/207 284/234/205 287/237/208
f 285/235/206 287/237/208 284/234/205
f 286/236/207 288/238/209 249/208/170
f 247/207/168 249/208/170 288/238/209
f 288/238/209 286/236/207 289/239/210
f 287/237/208 289/239/210 286/236/207
f 288/238/209 290/240/211 247/207/168
f 245/206/166 247/207/168 290/240/211
f 290/240/211 288/238/209 291/241/212
f 289/239/210 291/241/212 288/238/209
f 290/240/211 292/242/213 245/206/166
f 243/205/164 245/206/166 292/242/213
f 292/242/213 290/240/211 293/243/214
f 291/241/212 293/243/214 290/240/211
f 292/242/213 294/244/215 243/205/164
f 241/204/162 243/205/164 294/244/215
f 294/244/215 292/242/213 295/245/216
f 293/243/214 295/245/216 292/242/213
f 294/244/215 296/246/217 241/204/162
f 239/203/160 241/204/162 296/246/217
f 296/246/217 294/244/215 297/247/218
f 295/245/216 297/247/218 294/244/215
f 296/246/217 298/248/219 239/203/160
f 237/202/158 239/203/160 298/248/219
f 298/248/219 296/246/217 299/249/220
f 300/247/218 299/249/220 296/246/217
f 298/248/219 301/250/221 237/202/158
f 235/201/156 237/202/158 301/250/221
f 301/250/221 298/248/219 302/251/222
f 299/249/220 302/251/222 298/248/219
f 301/250/221 303/252/223 235/201/156
f 233/200/154 235/201/156 303/252/223
f 303/252/223 301/250/221 304/253/224
f 305/251/222 304/253/224 301/250/221
f 303/252/223 306/254/225 233/200/154
f 231/199/152 233/200/154 306/254/225
f 306/254/225 307/255/226 231/199/152
f 229/198/150 231/199/152 307/255/226
f 307/255/226 308/256/227 229/198/150
f 227/197/148 229/198/150 308/256/227
f 308/256/227 309/257/228 227/197/148
f 225/196/146 227/197/148 309/257/228
f 309/257/228 310/258/229 225/196/146
f 223/195/144 225/196/146 310/258/229
f 310/258/229 311/259/230 223/195/144
f 221/194/142 223/195/144 311/259/230
f 311/259/230 312/260/231 221/194/142
f 219/193/140 221/194/142 312/260/231
f 312/260/231 313/261/232 219/193/140
f 217/192/138 219/193/140 313/261/232
f 313/261/232 314/262/233 217/192/138
f 214/191/137 217/192/138 314/262/233
f 314/262/233 313/261/232 315/263/234
f 316/264/235 315/263/234 313/261/232
f 313/261/232 312/260/231 316/264/235
f 317/265/236 316/264/235 312/260/231
f 312/260/231 311/259/230 317/265/236
f 318/266/237 317/265/236 311/259/230
f 311/259/230 310/258/229 318/266/237
f 319/267/238 318/266/237 310/258/229
f 310/258/229 309/257/228 319/267/238
f 320/268/239 319/267/238 309/257/228
f 309/257/228 308/256/227 320/268/239
f 321/269/240 320/268/239 308/256/227
f 308/256/227 307/255/226 321/269/240
f 322/270/241 321/269/240 307/255/226
f 307/255/226 306/254/225 322/270/241
f 323/271/242 322/270/241 306/254/225
f 306/254/225 303/252/223 323/271/242
f 304/253/224 323/271/242 303/252/223
f 326/190/243 325/187/244 324/189/245
f 324/189/245 325/187/244 327/188/246
f 327/188/246 325/187/244 328/186/247
f 325/187/244 329/184/247 328/186/247
f 328/186/247 329/184/247 330/185/248
f 330/185/248 329/184/247 331/183/247
f 329/184/247 332/181/247 331/183/247
f 331/183/247 332/181/247 333/182/247
f 333/182/247 332/181/247 334/180/247
f 332/181/247 335/179/247 334/180/247
f 334/180/247 335/179/247 336/164/247
f 335/179/247 337/178/247 336/164/247
f 337/178/247 338/177/247 336/164/247
f 338/177/247 339/176/244 336/164/247
f 339/176/244 340/175/247 336/164/247
f 340/175/247 341/174/248 336/164/247
f 341/174/248 342/173/247 336/164/247
f 342/173/247 343/172/247 336/164/247
f 343/172/247 344/171/247 336/164/247
f 344/171/247 345/170/247 336/164/247
f 345/170/247 346/169/247 336/164/247
f 346/169/247 347/168/247 336/164/247
f 347/168/247 348/166/247 336/164/247
f 348/166/247 349/272/247 336/164/247
f 350/167/247 349/272/247 348/166/247
f 349/272/247 351/273/247 336/164/247
f 351/273/247 352/162/247 336/164/247
f 355/192/249 354/164/250 353/191/251
f 356/162/252 353/191/251 354/164/250
f 354/164/250 355/192/249 357/180/253
f 358/193/254 357/180/253 355/192/249
f 357/180/253 358/193/254 359/182/255
f 360/194/256 359/182/255 358/193/254
f 359/182/255 360/194/256 361/183/257
f 362/195/258 361/183/257 360/194/256
f 361/183/257 362/195/258 363/185/259
f 364/196/260 363/185/259 362/195/258
f 363/185/259 364/196/260 365/186/261
f 366/197/262 365/186/261 364/196/260
f 365/186/261 366/197/262 367/188/263
f 368/198/264 367/188/263 366/197/262
f 367/188/263 368/198/264 369/189/265
f 370/199/266 369/189/265 368/198/264
f 369/189/265 370/199/266 371/190/267
f 372/200/268 371/190/267 370/199/266
f 371/190/267 372/200/268 373/187/269
f 374/201/270 373/187/269 372/200/268
f 373/187/269 374/201/270 375/184/271
f 376/202/272 375/184/271 374/201/270
f 375/184/271 376/202/272 377/181/273
f 378/203/274 377/181/273 376/202/272
f 377/181/273 378/203/274 379/179/275
f 380/204/276 379/179/275 378/203/274
f 379/179/275 380/204/276 381/178/277
f 382/205/278 381/178/277 380/204/276
f 381/178/277 382/205/278 383/177/279
f 384/206/280 383/177/279 382/205/278
f 383/177/279 384/206/280 385/176/281
f 386/207/282 385/176/281 384/206/280
f 385/176/281 386/207/282 387/175/283
f 388/208/284 387/175/283 386/207/282
f 387/175/283 388/208/284 389/174/285
f 390/209/286 389/174/285 388/208/284
f 389/174/285 390/209/286 391/173/287
f 392/210/288 391/173/287 390/209/286
f 391/173/287 392/210/288 393/172/289
f 394/211/290 393/172/289 392/210/288
f 393/172/289 394/211/290 395/171/291
f 396/212/292 395/171/291 394/211/290
f 395/171/291 396/212/292 397/170/293
f 398/213/294 397/170/293 396/212/292
f 397/170/293 398/213/294 399/169/295
f 400/214/296 399/169/295 398/213/294
f 399/169/295 400/214/296 401/168/297
f 402/215/298 401/168/297 400/214/296
f 401/168/297 402/215/298 403/166/299
f 404/216/300 403/166/299 402/215/298
f 403/166/299 404/216/300 405/167/301
f 406/217/302 405/167/301 404/216/300
f 404/216/300 407/218/303 406/217/302
f 408/219/304 406/217/302 407/218/303
f 407/218/303 409/220/191 408/219/304
f 410/221/192 408/219/304 409/220/191
f 407/218/303 404/216/300 411/222/305
f 402/215/298 411/222/305 404/216/300
f 409/220/191 407/218/303 412/223/194
f 411/222/305 412/223/194 407/218/303
f 411/222/305 402/215/298 413/224/306
f 400/214/296 413/224/306 402/215/298
f 412/223/194 411/222/305 414/225/196
f 413/224/306 414/225/196 411/222/305
f 413/224/306 400/214/296 415/226/307
f 398/213/294 415/226/307 400/214/296
f 414/225/196 413/224/306 416/227/198
f 415/226/307 416/227/198 413/224/306
f 415/226/307 398/213/294 417/228/308
f 396/212/292 417/228/308 398/213/294
f 416/227/198 415/226/307 418/229/200
f 417/228/308 418/229/200 415/226/307
f 417/228/308 396/212/292 419/230/309
f 394/211/290 419/230/309 396/212/292
f 418/229/200 417/228/308 420/231/202
f 419/230/309 420/231/202 417/228/308
f 419/230/309 394/211/290 421/232/310
f 392/210/288 421/232/310 394/211/290
f 420/231/202 419/230/309 422/233/204
f 421/232/310 422/233/204 419/230/309
f 421/232/310 392/210/288 423/234/311
f 390/209/286 423/234/311 392/210/288
f 422/233/204 421/232/310 424/235/206
f 423/234/311 424/235/206 421/232/310
f 423/234/311 390/209/286 425/236/312
f 388/208/284 425/236/312 390/209/286
f 424/235/206 423/234/311 426/237/208
f 425/236/312 426/237/208 423/234/311
f 425/236/312 388/208/284 427/238/313
f 386/207/282 427/238/313 388/208/284
f 426/237/208 425/236/312 428/239/210
f 427/238/313 428/239/210 425/236/312
f 427/238/313 386/207/282 429/240/314
f 384/206/280 429/240/314 386/207/282
f 428/239/210 427/238/313 430/241/212
f 429/240/314 430/241/212 427/238/313
f 429/240/314 384/206/280 431/242/315
f 382/205/278 431/242/315 384/206/280
f 430/241/212 429/240/314 432/243/214
f 431/242/315 432/243/214 429/240/314
f 431/242/315 382/205/278 433/244/316
f 380/204/276 433/244/316 382/205/278
f 432/243/214 431/242/315 434/245/216
f 433/244/316 434/245/216 431/242/315
f 433/244/316 380/204/276 435/246/317
f 378/203/274 435/246/317 380/204/276
f 434/245/216 433/244/316 436/247/218
f 435/246/317 436/247/218 433/244/316
f 435/246/317 378/203/274 437/248/318
f 376/202/272 437/248/318 378/203/274
f 437/248/318 438/249/220 435/246/317
f 439/247/218 435/246/317 438/249/220
f 437/248/318 376/202/272 440/250/319
f 374/201/270 440/250/319 376/202/272
f 438/249/220 437/248/318 441/251/222
f 440/250/319 441/251/222 437/248/318
f 440/250/319 374/201/270 442/252/320
f 372/200/268 442/252/320 374/201/270
f 442/252/320 443/253/224 440/250/319
f 444/251/222 440/250/319 443/253/224
f 442/252/320 372/200/268 445/254/321
f 370/199/266 445/254/321 372/200/268
f 445/254/321 370/199/266 446/255/322
f 368/198/264 446/255/322 370/199/266
f 446/255/322 368/198/264 447/256/323
f 366/197/262 447/256/323 368/198/264
f 447/256/323 366/197/262 448/257/324
f 364/196/260 448/257/324 366/197/262
f 448/257/324 364/196/260 449/258/325
f 362/195/258 449/258/325 364/196/260
f 449/258/325 362/195/258 450/259/326
f 360/194/256 450/259/326 362/195/258
f 450/259/326 360/194/256 451/260/327
f 358/193/254 451/260/327 360/194/256
f 451/260/327 358/193/254 452/261/328
f 355/192/249 452/261/328 358/193/254
f 452/261/328 355/192/249 453/262/329
f 353/191/251 453/262/329 355/192/249
f 453/262/329 454/263/234 452/261/328
f 455/264/235 452/261/328 454/263/234
f 452/261/328 455/264/235 451/260/327
f 456/265/236 451/260/327 455/264/235
f 451/260/327 456/265/236 450/259/326
f 457/266/237 450/259/326 456/265/236
f 450/259/326 457/266/237 449/258/325
f 458/267/238 449/258/325 457/266/237
f 449/258/325 458/267/238 448/257/324
f 459/268/239 448/257/324 458/267/238
f 448/257/324 459/268/239 447/256/323
f 460/269/240 447/256/323 459/268/239
f 447/256/323 460/269/240 446/255/322
f 461/270/241 446/255/322 460/269/240
f 446/255/322 461/270/241 445/254/321
f 462/271/242 445/254/321 461/270/241
f 445/254/321 462/271/242 442/252/320
f 443/253/224 442/252/320 462/271/242
f 465/274/330 464/275/331 463/276/330
f 464/275/331 466/277/330 463/276/330
f 467/278/332 466/277/330 464/275/331
f 466/277/330 468/279/330 463/276/330
f 469/280/333 468/279/330 466/277/330
f 470/281/333 469/280/333 466/277/330
f 471/282/331 470/281/333 466/277/330
f 472/283/334 469/280/333 470/281/333
f 473/284/335 468/279/330 469/280/333
f 474/285/336 473/284/335 469/280/333
f 475/286/330 468/279/330 473/284/335
f 468/279/330 476/287/330 463/276/330
f 477/288/330 476/287/330 468/279/330
f 478/289/330 477/288/330 468/279/330
f 479/290/337 478/289/330 468/279/330
f 480/291/338 477/288/330 478/289/330
f 481/292/339 476/287/330 477/288/330
f 482/293/340 481/292/339 477/288/330
f 483/294/341 476/287/330 481/292/339
f 485/295/339 484/296/330 476/287/330
f 484/296/330 486/297/330 476/287/330
f 487/298/330 486/297/330 484/296/330
f 476/287/330 486/297/330 463/276/330
f 463/276/330 486/297/330 488/299/339
f 488/299/339 486/297/330 489/300/342
f 492/300/343 491/297/344 490/301/345
f 493/302/346 490/301/345 491/297/344
f 492/300/343 490/301/345 494/299/347
f 495/303/348 494/299/347 490/301/345
f 494/299/347 495/303/348 496/276/349
f 497/304/350 496/276/349 495/303/348
f 496/276/349 497/304/350 498/274/351
f 499/305/352 498/274/351 497/304/350
f 498/274/351 499/305/352 500/275/353
f 501/306/354 500/275/353 499/305/352
f 500/275/353 501/306/354 502/278/355
f 503/307/356 502/278/355 501/306/354
f 502/278/355 503/307/356 504/277/357
f 505/308/358 504/277/357 503/307/356
f 504/277/357 505/308/358 506/282/359
f 507/309/360 506/282/359 505/308/358
f 506/282/359 507/309/360 508/281/361
f 509/310/362 508/281/361 507/309/360
f 508/281/361 509/310/362 510/283/363
f 511/311/364 510/283/363 509/310/362
f 510/283/363 511/311/364 512/280/365
f 513/312/366 512/280/365 511/311/364
f 512/280/365 513/312/366 514/285/367
f 515/313/368 514/285/367 513/312/366
f 514/285/367 515/313/368 516/284/369
f 517/314/370 516/284/369 515/313/368
f 516/284/369 517/314/370 518/286/371
f 519/315/372 518/286/371 517/314/370
f 518/286/371 519/315/372 520/279/373
f 521/316/374 520/279/373 519/315/372
f 520/279/373 521/316/374 522/290/375
f 523/317/376 522/290/375 521/316/374
f 522/290/375 523/317/376 524/289/377
f 525/318/378 524/289/377 523/317/376
f 524/289/377 525/318/378 526/291/379
f 527/319/380 526/291/379 525/318/378
f 526/291/379 527/319/380 528/288/381
f 529/320/382 528/288/381 527/319/380
f 528/288/381 529/320/382 530/293/383
f 531/321/384 530/293/383 529/320/382
f 530/293/383 531/321/384 532/292/385
f 533/322/386 532/292/385 531/321/384
f 532/292/385 533/322/386 534/294/387
f 535/323/388 534/294/387 533/322/386
f 534/294/387 535/323/388 536/287/389
f 537/324/390 536/287/389 535/323/388
f 536/287/389 537/324/390 538/295/391
f 539/325/392 538/295/391 537/324/390
f 538/295/391 539/325/392 540/296/393
f 541/326/394 540/296/393 539/325/392
f 539/325/392 542/327/395 541/326/394
f 543/328/396 541/326/394 542/327/395
f 542/327/395 544/329/397 543/328/396
f 545/330/398 543/328/396 544/329/397
f 542/327/395 539/325/392 546/331/399
f 537/324/390 546/331/399 539/325/392
f 544/329/397 542/327/395 547/332/400
f 546/331/399 547/332/400 542/327/395
f 546/331/399 537/324/390 548/333/401
f 535/323/388 548/333/401 537/324/390
f 547/332/400 546/331/399 549/334/402
f 548/333/401 549/334/402 546/331/399
f 548/333/401 535/323/388 550/335/403
f 533/322/386 550/335/403 535/323/388
f 549/334/402 548/333/401 551/336/404
f 550/335/403 551/336/404 548/333/401
f 550/335/403 533/322/386 552/337/405
f 531/321/384 552/337/405 533/322/386
f 551/336/404 550/335/403 553/338/406
f 552/337/405 553/338/406 550/335/403
f 552/337/405 531/321/384 554/339/407
f 529/320/382 554/339/407 531/321/384
f 553/338/406 552/337/405 555/340/408
f 554/339/407 555/340/408 552/337/405
f 554/339/407 529/320/382 556/341/409
f 527/319/380 556/341/409 529/320/382
f 555/340/408 554/339/407 557/342/410
f 556/341/409 557/342/410 554/339/407
f 556/341/409 527/319/380 558/343/411
f 525/318/378 558/343/411 527/319/380
f 557/342/410 556/341/409 559/344/412
f 558/343/411 559/344/412 556/341/409
f 558/343/411 525/318/378 560/345/413
f 523/317/376 560/345/413 525/318/378
f 559/344/412 558/343/411 561/346/414
f 560/345/413 561/346/414 558/343/411
f 560/345/413 523/317/376 562/347/415
f 521/316/374 562/347/415 523/317/376
f 561/346/414 560/345/413 563/348/416
f 562/347/415 563/348/416 560/345/413
f 562/347/415 521/316/374 564/349/417
f 519/315/372 564/349/417 521/316/374
f 563/348/416 562/347/415 565/350/418
f 564/349/417 565/350/418 562/347/415
f 564/349/417 519/315/372 566/351/419
f 517/314/370 566/351/419 519/315/372
f 565/350/418 564/349/417 567/352/420
f 566/351/419 567/352/420 564/349/417
f 566/351/419 517/314/370 568/353/421
f 515/313/368 568/353/421 517/314/370
f 568/353/421 569/354/422 566/351/419
f 570/352/420 566/351/419 569/354/422
f 568/353/421 515/313/368 571/355/423
f 513/312/366 571/355/423 515/313/368
f 569/354/422 568/353/421 572/356/424
f 571/355/423 572/356/424 568/353/421
f 571/355/423 513/312/366 573/357/425
f 511/311/364 573/357/425 513/312/366
f 573/357/425 574/358/426 571/355/423
f 575/356/424 571/355/423 574/358/426
f 573/357/425 511/311/364 576/359/427
f 509/310/362 576/359/427 511/311/364
f 574/358/426 573/357/425 577/360/428
f 576/359/427 577/360/428 573/357/425
f 576/359/427 509/310/362 578/361/429
f 507/309/360 578/361/429 509/310/362
f 578/361/429 507/309/360 579/362/430
f 505/308/358 579/362/430 507/309/360
f 579/362/430 505/308/358 580/363/431
f 503/307/356 580/363/431 505/308/358
f 580/363/431 503/307/356 581/364/432
f 501/306/354 581/364/432 503/307/356
f 581/364/432 501/306/354 582/365/433
f 499/305/352 582/365/433 501/306/354
f 582/365/433 499/305/352 583/366/434
f 497/304/350 583/366/434 499/305/352
f 583/366/434 497/304/350 584/367/435
f 495/303/348 584/367/435 497/304/350
f 584/367/435 495/303/348 585/368/436
f 490/301/345 585/368/436 495/303/348
f 490/301/345 493/302/346 585/368/436
f 586/369/437 585/368/436 493/302/346
f 585/368/436 586/369/437 587/370/438
f 585/368/436 587/370/438 584/367/435
f 588/371/439 587/370/438 586/369/437
f 589/372/440 584/367/435 587/370/438
f 584/367/435 589/372/440 583/366/434
f 590/373/441 583/366/434 589/372/440
f 583/366/434 590/373/441 582/365/433
f 591/374/442 582/365/433 590/373/441
f 582/365/433 591/374/442 581/364/432
f 592/375/443 581/364/432 591/374/442
f 581/364/432 592/375/443 580/363/431
f 593/376/444 580/363/431 592/375/443
f 580/363/431 593/376/444 579/362/430
f 594/377/445 579/362/430 593/376/444
f 579/362/430 594/377/445 578/361/429
f 595/378/446 578/361/429 594/377/445
f 578/361/429 595/378/446 576/359/427
f 577/360/428 576/359/427 595/378/446
f 598/296/447 597/295/448 596/379/447
f 597/295/448 599/294/447 596/379/447
f 600/287/449 599/294/447 597/295/448
f 599/294/447 601/278/450 596/379/447
f 602/286/447 601/278/450 599/294/447
f 603/291/448 602/286/447 599/294/447
f 604/293/451 603/291/448 599/294/447
f 605/292/452 604/293/451 599/294/447
f 606/288/453 603/291/448 604/293/451
f 607/290/451 602/286/447 603/291/448
f 608/289/447 607/290/451 603/291/448
f 609/279/449 602/286/447 607/290/451
f 610/283/448 601/278/450 602/286/447
f 611/285/447 610/283/448 602/286/447
f 612/284/451 611/285/447 602/286/447
f 613/280/454 610/283/448 611/285/447
f 614/282/450 601/278/450 610/283/448
f 615/281/448 614/282/450 610/283/448
f 616/277/452 601/278/450 614/282/450
f 618/275/450 617/274/448 601/278/450
f 620/276/455 619/299/456 617/274/448
f 617/274/448 619/299/456 601/278/450
f 601/278/450 619/299/456 596/379/447
f 596/379/447 619/299/456 621/380/447
f 621/380/447 619/299/456 622/300/449
f 625/300/457 624/301/458 623/380/459
f 626/381/460 623/380/459 624/301/458
f 625/300/457 627/299/461 624/301/458
f 628/303/462 624/301/458 627/299/461
f 627/299/461 629/276/463 628/303/462
f 630/304/464 628/303/462 629/276/463
f 629/276/463 631/274/465 630/304/464
f 632/305/466 630/304/464 631/274/465
f 631/274/465 633/275/467 632/305/466
f 634/306/468 632/305/466 633/275/467
f 633/275/467 635/278/469 634/306/468
f 636/307/470 634/306/468 635/278/469
f 635/278/469 637/277/471 636/307/470
f 638/308/472 636/307/470 637/277/471
f 637/277/471 639/282/473 638/308/472
f 640/309/474 638/308/472 639/282/473
f 639/282/473 641/281/475 640/309/474
f 642/310/476 640/309/474 641/281/475
f 641/281/475 643/283/477 642/310/476
f 644/311/478 642/310/476 643/283/477
f 643/283/477 645/280/479 644/311/478
f 646/312/480 644/311/478 645/280/479
f 645/280/479 647/285/481 646/312/480
f 648/313/482 646/312/480 647/285/481
f 647/285/481 649/284/483 648/313/482
f 650/314/484 648/313/482 649/284/483
f 649/284/483 651/286/485 650/314/484
f 652/315/486 650/314/484 651/286/485
f 651/286/485 653/279/487 652/315/486
f 654/316/488 652/315/486 653/279/487
f 653/279/487 655/290/489 654/316/488
f 656/317/490 654/316/488 655/290/489
f 655/290/489 657/289/491 656/317/490
f 658/318/492 656/317/490 657/289/491
f 657/289/491 659/291/493 658/318/492
f 660/319/494 658/318/492 659/291/493
f 659/291/493 661/288/495 660/319/494
f 662/320/496 660/319/494 661/288/495
f 661/288/495 663/293/497 662/320/496
f 664/321/498 662/320/496 663/293/497
f 663/293/497 665/292/499 664/321/498
f 666/322/500 664/321/498 665/292/499
f 665/292/499 667/294/501 666/322/500
f 668/323/502 666/322/500 667/294/501
f 667/294/501 669/287/503 668/323/502
f 670/324/504 668/323/502 669/287/503
f 669/287/503 671/295/505 670/324/504
f 672/325/506 670/324/504 671/295/505
f 671/295/505 673/296/507 672/325/506
f 674/326/508 672/325/506 673/296/507
f 672/325/506 674/326/508 675/327/509
f 676/328/510 675/327/509 674/326/508
f 675/327/509 676/328/510 677/329/397
f 678/330/398 677/329/397 676/328/510
f 670/324/504 672/325/506 679/331/511
f 675/327/509 679/331/511 672/325/506
f 679/331/511 675/327/509 680/332/400
f 677/329/397 680/332/400 675/327/509
f 668/323/502 670/324/504 681/333/512
f 679/331/511 681/333/512 670/324/504
f 681/333/512 679/331/511 682/334/402
f 680/332/400 682/334/402 679/331/511
f 681/333/512 683/335/513 668/323/502
f 666/322/500 668/323/502 683/335/513
f 683/335/513 681/333/512 684/336/404
f 682/334/402 684/336/404 681/333/512
f 683/335/513 685/337/514 666/322/500
f 664/321/498 666/322/500 685/337/514
f 685/337/514 683/335/513 686/338/406
f 684/336/404 686/338/406 683/335/513
f 685/337/514 687/339/515 664/321/498
f 662/320/496 664/321/498 687/339/515
f 687/339/515 685/337/514 688/340/408
f 686/338/406 688/340/408 685/337/514
f 687/339/515 689/341/516 662/320/496
f 660/319/494 662/320/496 689/341/516
f 689/341/516 687/339/515 690/342/410
f 688/340/408 690/342/410 687/339/515
f 689/341/516 691/343/517 660/319/494
f 658/318/492 660/319/494 691/343/517
f 691/343/517 689/341/516 692/344/412
f 690/342/410 692/344/412 689/341/516
f 691/343/517 693/345/518 658/318/492
f 656/317/490 658/318/492 693/345/518
f 693/345/518 691/343/517 694/346/414
f 692/344/412 694/346/414 691/343/517
f 693/345/518 695/347/519 656/317/490
f 654/316/488 656/317/490 695/347/519
f 695/347/519 693/345/518 696/348/416
f 694/346/414 696/348/416 693/345/518
f 695/347/519 697/349/520 654/316/488
f 652/315/486 654/316/488 697/349/520
f 697/349/520 695/347/519 698/350/418
f 696/348/416 698/350/418 695/347/519
f 697/349/520 699/351/521 652/315/486
f 650/314/484 652/315/486 699/351/521
f 699/351/521 697/349/520 700/352/420
f 698/350/418 700/352/420 697/349/520
f 699/351/521 701/353/522 650/314/484
f 648/313/482 650/314/484 701/353/522
f 701/353/522 699/351/521 702/354/422
f 703/352/420 702/354/422 699/351/521
f 701/353/522 704/355/523 648/313/482
f 646/312/480 648/313/482 704/355/523
f 704/355/523 701/353/522 705/356/424
f 702/354/422 705/356/424 701/353/522
f 704/355/523 706/357/524 646/312/480
f 644/311/478 646/312/480 706/357/524
f 706/357/524 704/355/523 707/358/426
f 708/356/424 707/358/426 704/355/523
f 706/357/524 709/359/525 644/311/478
f 642/310/476 644/311/478 709/359/525
f 709/359/525 706/357/524 710/360/428
f 707/358/426 710/360/428 706/357/524
f 709/359/525 711/361/526 642/310/476
f 640/309/474 642/310/476 711/361/526
f 711/361/526 712/362/527 640/309/474
f 638/308/472 640/309/474 712/362/527
f 712/362/527 713/363/528 638/308/472
f 636/307/470 638/308/472 713/363/528
f 713/363/528 714/364/529 636/307/470
f 634/306/468 636/307/470 714/364/529
f 714/364/529 715/365/530 634/306/468
f 632/305/466 634/306/468 715/365/530
f 715/365/530 716/366/531 632/305/466
f 630/304/464 632/305/466 716/366/531
f 716/366/531 717/367/532 630/304/464
f 628/303/462 630/304/464 717/367/532
f 717/367/532 718/368/533 628/303/462
f 624/301/458 628/303/462 718/368/533
f 624/301/458 718/368/533 626/381/460
f 719/382/534 626/381/460 718/368/533
f 718/368/533 720/370/438 719/382/534
f 718/368/533 717/367/532 720/370/438
f 721/371/439 719/382/534 720/370/438
f 722/372/440 720/370/438 717/367/532
f 717/367/532 716/366/531 722/372/440
f 723/373/441 722/372/440 716/366/531
f 716/366/531 715/365/530 723/373/441
f 724/374/442 723/373/441 715/365/530
f 715/365/530 714/364/529 724/374/442
f 725/375/443 724/374/442 714/364/529
f 714/364/529 713/363/528 725/375/443
f 726/376/444 725/375/443 713/363/528
f 713/363/528 712/362/527 726/376/444
f 727/377/445 726/376/444 712/362/527
f 712/362/527 711/361/526 727/377/445
f 728/378/446 727/377/445 711/361/526
f 711/361/526 709/359/525 728/378/446
f 710/360/428 728/378/446 709/359/525
f 730/383/535 729/298/536 541/326/394
f 540/296/393 541/326/394 729/298/536
f 541/326/394 543/328/396 730/383/535
f 731/384/537 730/383/535 543/328/396
f 543/328/396 545/330/398 731/384/537
f 732/385/538 731/384/537 545/330/398
f 734/386/539 674/326/508 733/379/540
f 673/296/507 733/379/540 674/326/508
f 734/386/539 735/387/541 674/326/508
f 676/328/510 674/326/508 735/387/541
f 735/387/541 736/385/542 676/328/510
f 678/330/398 676/328/510 736/385/542
f 739/190/543 738/187/544 737/189/545
f 737/189/545 738/187/544 740/188/543
f 740/188/543 738/187/544 741/186/543
f 738/187/544 742/184/543 741/186/543
f 741/186/543 742/184/543 743/185/543
f 743/185/543 742/184/543 744/183/543
f 742/184/543 745/181/543 744/183/543
f 744/183/543 745/181/543 746/182/543
f 746/182/543 745/181/543 747/180/543
f 745/181/543 748/179/543 747/180/543
f 747/180/543 748/179/543 749/164/543
f 748/179/543 750/178/543 749/164/543
f 750/178/543 751/177/543 749/164/543
f 751/177/543 752/176/544 749/164/543
f 752/176/544 753/175/543 749/164/543
f 753/175/543 754/174/543 749/164/543
f 754/174/543 755/173/543 749/164/543
f 755/173/543 756/172/543 749/164/543
f 756/172/543 757/171/543 749/164/543
f 757/171/543 758/170/543 749/164/543
f 758/170/543 759/169/543 749/164/543
f 759/169/543 760/168/543 749/164/543
f 760/168/543 761/166/543 749/164/543
f 761/166/543 762/165/543 749/164/543
f 763/167/543 762/165/543 761/166/543
f 762/165/543 764/163/543 749/164/543
f 764/163/543 765/162/543 749/164/543
f 768/192/546 767/164/547 766/191/548
f 769/162/549 766/191/548 767/164/547
f 767/164/547 768/192/546 770/180/550
f 771/193/551 770/180/550 768/192/546
f 770/180/550 771/193/551 772/182/552
f 773/194/553 772/182/552 771/193/551
f 772/182/552 773/194/553 774/183/554
f 775/195/555 774/183/554 773/194/553
f 774/183/554 775/195/555 776/185/556
f 777/196/557 776/185/556 775/195/555
f 776/185/556 777/196/557 778/186/558
f 779/197/559 778/186/558 777/196/557
f 778/186/558 779/197/559 780/188/560
f 781/198/561 780/188/560 779/197/559
f 780/188/560 781/198/561 782/189/562
f 783/199/563 782/189/562 781/198/561
f 782/189/562 783/199/563 784/190/564
f 785/200/565 784/190/564 783/199/563
f 784/190/564 785/200/565 786/187/566
f 787/201/567 786/187/566 785/200/565
f 786/187/566 787/201/567 788/184/568
f 789/202/569 788/184/568 787/201/567
f 788/184/568 789/202/569 790/181/570
f 791/203/571 790/181/570 789/202/569
f 790/181/570 791/203/571 792/179/572
f 793/204/573 792/179/572 791/203/571
f 792/179/572 793/204/573 794/178/574
f 795/205/575 794/178/574 793/204/573
f 794/178/574 795/205/575 796/177/576
f 797/206/577 796/177/576 795/205/575
f 796/177/576 797/206/577 798/176/578
f 799/207/579 798/176/578 797/206/577
f 798/176/578 799/207/579 800/175/580
f 801/208/581 800/175/580 799/207/579
f 800/175/580 801/208/581 802/174/582
f 803/209/583 802/174/582 801/208/581
f 802/174/582 803/209/583 804/173/584
f 805/210/585 804/173/584 803/209/583
f 804/173/584 805/210/585 806/172/586
f 807/211/587 806/172/586 805/210/585
f 806/172/586 807/211/587 808/171/588
f 809/212/589 808/171/588 807/211/587
f 808/171/588 809/212/589 810/170/590
f 811/213/591 810/170/590 809/212/589
f 810/170/590 811/213/591 812/169/592
f 813/214/593 812/169/592 811/213/591
f 812/169/592 813/214/593 814/168/594
f 815/215/595 814/168/594 813/214/593
f 814/168/594 815/215/595 816/166/596
f 817/216/597 816/166/596 815/215/595
f 816/166/596 817/216/597 818/167/598
f 819/217/599 818/167/598 817/216/597
f 817/216/597 820/218/600 819/217/599
f 821/219/601 819/217/599 820/218/600
f 820/218/600 822/220/602 821/219/601
f 823/221/603 821/219/601 822/220/602
f 820/218/600 817/216/597 824/222/604
f 815/215/595 824/222/604 817/216/597
f 822/220/602 820/218/600 825/223/605
f 824/222/604 825/223/605 820/218/600
f 824/222/604 815/215/595 826/224/606
f 813/214/593 826/224/606 815/215/595
f 825/223/605 824/222/604 827/225/607
f 826/224/606 827/225/607 824/222/604
f 826/224/606 813/214/593 828/226/608
f 811/213/591 828/226/608 813/214/593
f 827/225/607 826/224/606 829/227/609
f 828/226/608 829/227/609 826/224/606
f 828/226/608 811/213/591 830/228/610
f 809/212/589 830/228/610 811/213/591
f 829/227/609 828/226/608 831/229/611
f 830/228/610 831/229/611 828/226/608
f 830/228/610 809/212/589 832/230/612
f 807/211/587 832/230/612 809/212/589
f 831/229/611 830/228/610 833/231/613
f 832/230/612 833/231/613 830/228/610
f 832/230/612 807/211/587 834/232/614
f 805/210/585 834/232/614 807/211/587
f 833/231/613 832/230/612 835/233/615
f 834/232/614 835/233/615 832/230/612
f 834/232/614 805/210/585 836/234/616
f 803/209/583 836/234/616 805/210/585
f 835/233/615 834/232/614 837/235/617
f 836/234/616 837/235/617 834/232/614
f 836/234/616 803/209/583 838/236/618
f 801/208/581 838/236/618 803/209/583
f 837/235/617 836/234/616 839/237/619
f 838/236/618 839/237/619 836/234/616
f 838/236/618 801/208/581 840/238/620
f 799/207/579 840/238/620 801/208/581
f 839/237/619 838/236/618 841/239/621
f 840/238/620 841/239/621 838/236/618
f 840/238/620 799/207/579 842/240/622
f 797/206/577 842/240/622 799/207/579
f 841/239/621 840/238/620 843/241/623
f 842/240/622 843/241/623 840/238/620
f 842/240/622 797/206/577 844/242/624
f 795/205/575 844/242/624 797/206/577
f 843/241/623 842/240/622 845/243/625
f 844/242/624 845/243/625 842/240/622
f 844/242/624 795/205/575 846/244/626
f 793/204/573 846/244/626 795/205/575
f 845/243/625 844/242/624 847/245/627
f 846/244/626 847/245/627 844/242/624
f 846/244/626 793/204/573 848/246/628
f 791/203/571 848/246/628 793/204/573
f 847/245/627 846/244/626 849/247/629
f 848/246/628 849/247/629 846/244/626
f 848/246/628 791/203/571 850/248/630
f 789/202/569 850/248/630 791/203/571
f 850/248/630 851/249/631 848/246/628
f 852/247/629 848/246/628 851/249/631
f 850/248/630 789/202/569 853/250/632
f 787/201/567 853/250/632 789/202/569
f 851/249/631 850/248/630 854/251/633
f 853/250/632 854/251/633 850/248/630
f 853/250/632 787/201/567 855/252/634
f 785/200/565 855/252/634 787/201/567
f 855/252/634 856/253/635 853/250/632
f 857/251/633 853/250/632 856/253/635
f 855/252/634 785/200/565 858/254/636
f 783/199/563 858/254/636 785/200/565
f 858/254/636 783/199/563 859/255/637
f 781/198/561 859/255/637 783/199/563
f 859/255/637 781/198/561 860/256/638
f 779/197/559 860/256/638 781/198/561
f 860/256/638 779/197/559 861/257/639
f 777/196/557 861/257/639 779/197/559
f 861/257/639 777/196/557 862/258/640
f 775/195/555 862/258/640 777/196/557
f 862/258/640 775/195/555 863/259/641
f 773/194/553 863/259/641 775/195/555
f 863/259/641 773/194/553 864/260/642
f 771/193/551 864/260/642 773/194/553
f 864/260/642 771/193/551 865/261/643
f 768/192/546 865/261/643 771/193/551
f 865/261/643 768/192/546 866/262/644
f 766/191/548 866/262/644 768/192/546
f 866/262/644 867/263/645 865/261/643
f 868/264/646 865/261/643 867/263/645
f 865/261/643 868/264/646 864/260/642
f 869/265/647 864/260/642 868/264/646
f 864/260/642 869/265/647 863/259/641
f 870/266/648 863/259/641 869/265/647
f 863/259/641 870/266/648 862/258/640
f 871/267/649 862/258/640 870/266/648
f 862/258/640 871/267/649 861/257/639
f 872/268/650 861/257/639 871/267/649
f 861/257/639 872/268/650 860/256/638
f 873/269/651 860/256/638 872/268/650
f 860/256/638 873/269/651 859/255/637
f 874/270/652 859/255/637 873/269/651
f 859/255/637 874/270/652 858/254/636
f 875/271/653 858/254/636 874/270/652
f 858/254/636 875/271/653 855/252/634
f 856/253/635 855/252/634 875/271/653
f 878/162/654 877/273/654 876/164/654
f 877/273/654 879/272/654 876/164/654
f 879/272/654 880/166/654 876/164/654
f 881/167/654 880/166/654 879/272/654
f 880/166/654 882/168/654 876/164/654
f 882/168/654 883/169/654 876/164/654
f 883/169/654 884/170/654 876/164/654
f 884/170/654 885/171/654 876/164/654
f 885/171/654 886/172/654 876/164/654
f 886/172/654 887/173/654 876/164/654
f 887/173/654 888/174/655 876/164/654
f 888/174/655 889/175/654 876/164/654
f 889/175/654 890/176/656 876/164/654
f 890/176/656 891/177/654 876/164/654
f 891/177/654 892/178/654 876/164/654
f 892/178/654 893/179/654 876/164/654
f 893/179/654 894/180/654 876/164/654
f 895/181/654 894/180/654 893/179/654
f 896/182/654 894/180/654 895/181/654
f 897/183/654 896/182/654 895/181/654
f 898/184/654 897/183/654 895/181/654
f 899/185/655 897/183/654 898/184/654
f 900/186/654 899/185/655 898/184/654
f 901/187/656 900/186/654 898/184/654
f 902/188/657 900/186/654 901/187/656
f 903/189/658 902/188/657 901/187/656
f 904/190/654 903/189/658 901/187/656
f 907/162/659 906/164/660 905/191/661
f 908/192/662 905/191/661 906/164/660
f 906/164/660 909/180/663 908/192/662
f 910/193/664 908/192/662 909/180/663
f 909/180/663 911/182/665 910/193/664
f 912/194/666 910/193/664 911/182/665
f 911/182/665 913/183/667 912/194/666
f 914/195/668 912/194/666 913/183/667
f 913/183/667 915/185/669 914/195/668
f 916/196/670 914/195/668 915/185/669
f 915/185/669 917/186/671 916/196/670
f 918/197/672 916/196/670 917/186/671
f 917/186/671 919/188/673 918/197/672
f 920/198/674 918/197/672 919/188/673
f 919/188/673 921/189/675 920/198/674
f 922/199/676 920/198/674 921/189/675
f 921/189/675 923/190/677 922/199/676
f 924/200/678 922/199/676 923/190/677
f 923/190/677 925/187/679 924/200/678
f 926/201/680 924/200/678 925/187/679
f 925/187/679 927/184/681 926/201/680
f 928/202/682 926/201/680 927/184/681
f 927/184/681 929/181/683 928/202/682
f 930/203/684 928/202/682 929/181/683
f 929/181/683 931/179/685 930/203/684
f 932/204/686 930/203/684 931/179/685
f 931/179/685 933/178/687 932/204/686
f 934/205/688 932/204/686 933/178/687
f 933/178/687 935/177/689 934/205/688
f 936/206/690 934/205/688 935/177/689
f 935/177/689 937/176/691 936/206/690
f 938/207/692 936/206/690 937/176/691
f 937/176/691 939/175/693 938/207/692
f 940/208/694 938/207/692 939/175/693
f 939/175/693 941/174/695 940/208/694
f 942/209/696 940/208/694 941/174/695
f 941/174/695 943/173/697 942/209/696
f 944/210/698 942/209/696 943/173/697
f 943/173/697 945/172/699 944/210/698
f 946/211/700 944/210/698 945/172/699
f 945/172/699 947/171/701 946/211/700
f 948/212/702 946/211/700 947/171/701
f 947/171/701 949/170/703 948/212/702
f 950/213/704 948/212/702 949/170/703
f 949/170/703 951/169/705 950/213/704
f 952/214/706 950/213/704 951/169/705
f 951/169/705 953/168/707 952/214/706
f 954/215/708 952/214/706 953/168/707
f 953/168/707 955/166/709 954/215/708
f 956/216/710 954/215/708 955/166/709
f 955/166/709 957/167/711 956/216/710
f 958/217/712 956/216/710 957/167/711
f 956/216/710 958/217/712 959/218/713
f 960/219/714 959/218/713 958/217/712
f 959/218/713 960/219/714 961/220/602
f 962/221/603 961/220/602 960/219/714
f 954/215/708 956/216/710 963/222/715
f 959/218/713 963/222/715 956/216/710
f 963/222/715 959/218/713 964/223/605
f 961/220/602 964/223/605 959/218/713
f 952/214/706 954/215/708 965/224/716
f 963/222/715 965/224/716 954/215/708
f 965/224/716 963/222/715 966/225/607
f 964/223/605 966/225/607 963/222/715
f 965/224/716 967/226/717 952/214/706
f 950/213/704 952/214/706 967/226/717
f 967/226/717 965/224/716 968/227/609
f 966/225/607 968/227/609 965/224/716
f 967/226/717 969/228/718 950/213/704
f 948/212/702 950/213/704 969/228/718
f 969/228/718 967/226/717 970/229/611
f 968/227/609 970/229/611 967/226/717
f 969/228/718 971/230/719 948/212/702
f 946/211/700 948/212/702 971/230/719
f 971/230/719 969/228/718 972/231/613
f 970/229/611 972/231/613 969/228/718
f 971/230/719 973/232/720 946/211/700
f 944/210/698 946/211/700 973/232/720
f 973/232/720 971/230/719 974/233/615
f 972/231/613 974/233/615 971/230/719
f 973/232/720 975/234/721 944/210/698
f 942/209/696 944/210/698 975/234/721
f 975/234/721 973/232/720 976/235/617
f 974/233/615 976/235/617 973/232/720
f 975/234/721 977/236/722 942/209/696
f 940/208/694 942/209/696 977/236/722
f 977/236/722 975/234/721 978/237/619
f 976/235/617 978/237/619 975/234/721
f 977/236/722 979/238/723 940/208/694
f 938/207/692 940/208/694 979/238/723
f 979/238/723 977/236/722 980/239/621
f 978/237/619 980/239/621 977/236/722
f 979/238/723 981/240/724 938/207/692
f 936/206/690 938/207/692 981/240/724
f 981/240/724 979/238/723 982/241/623
f 980/239/621 982/241/623 979/238/723
f 981/240/724 983/242/725 936/206/690
f 934/205/688 936/206/690 983/242/725
f 983/242/725 981/240/724 984/243/625
f 982/241/623 984/243/625 981/240/724
f 983/242/725 985/244/726 934/205/688
f 932/204/686 934/205/688 985/244/726
f 985/244/726 983/242/725 986/245/627
f 984/243/625 986/245/627 983/242/725
f 985/244/726 987/246/727 932/204/686
f 930/203/684 932/204/686 987/246/727
f 987/246/727 985/244/726 988/247/629
f 986/245/627 988/247/629 985/244/726
f 987/246/727 989/248/728 930/203/684
f 928/202/682 930/203/684 989/248/728
f 989/248/728 987/246/727 990/249/631
f 991/247/629 990/249/631 987/246/727
f 989/248/728 992/250/729 928/202/682
f 926/201/680 928/202/682 992/250/729
f 992/250/729 989/248/728 993/251/633
f 990/249/631 993/251/633 989/248/728
f 992/250/729 994/252/730 926/201/680
f 924/200/678 926/201/680 994/252/730
f 994/252/730 992/250/729 995/253/635
f 996/251/633 995/253/635 992/250/729
f 994/252/730 997/254/731 924/200/678
f 922/199/676 924/200/678 997/254/731
f 997/254/731 998/255/732 922/199/676
f 920/198/674 922/199/676 998/255/732
f 998/255/732 999/256/733 920/198/674
f 918/197/672 920/198/674 999/256/733
f 999/256/733 1000/257/734 918/197/672
f 916/196/670 918/197/672 1000/257/734
f 1000/257/734 1001/258/735 916/196/670
f 914/195/668 916/196/670 1001/258/735
f 1001/258/735 1002/259/736 914/195/668
f 912/194/666 914/195/668 1002/259/736
f 1002/259/736 1003/260/737 912/194/666
f 910/193/664 912/194/666 1003/260/737
f 1003/260/737 1004/261/738 910/193/664
f 908/192/662 910/193/664 1004/261/738
f 1004/261/738 1005/262/739 908/192/662
f 905/191/661 908/192/662 1005/262/739
f 1005/262/739 1004/261/738 1006/263/645
f 1007/264/646 1006/263/645 1004/261/738
f 1004/261/738 1003/260/737 1007/264/646
f 1008/265/647 1007/264/646 1003/260/737
f 1003/260/737 1002/259/736 1008/265/647
f 1009/266/648 1008/265/647 1002/259/736
f 1002/259/736 1001/258/735 1009/266/648
f 1010/267/649 1009/266/648 1001/258/735
f 1001/258/735 1000/257/734 1010/267/649
f 1011/268/650 1010/267/649 1000/257/734
f 1000/257/734 999/256/733 1011/268/650
f 1012/269/651 1011/268/650 999/256/733
f 999/256/733 998/255/732 1012/269/651
f 1013/270/652 1012/269/651 998/255/732
f 998/255/732 997/254/731 1013/270/652
f 1014/271/653 1013/270/652 997/254/731
f 997/254/731 994/252/730 1014/271/653
f 995/253/635 1014/271/653 994/252/730
f 1017/298/740 1016/296/740 1015/297/740
f 1016/296/740 1018/287/740 1015/297/740
f 1019/295/741 1018/287/740 1016/296/740
f 1018/287/740 1020/276/740 1015/297/740
f 1021/279/742 1020/276/740 1018/287/740
f 1022/288/742 1021/279/742 1018/287/740
f 1023/292/740 1022/288/742 1018/287/740
f 1024/294/743 1023/292/740 1018/287/740
f 1025/293/744 1022/288/742 1023/292/740
f 1026/289/740 1021/279/742 1022/288/742
f 1027/291/745 1026/289/740 1022/288/742
f 1028/290/746 1021/279/742 1026/289/740
f 1029/277/740 1020/276/740 1021/279/742
f 1030/280/742 1029/277/740 1021/279/742
f 1031/284/747 1030/280/742 1021/279/742
f 1032/286/748 1031/284/747 1021/279/742
f 1033/285/740 1030/280/742 1031/284/747
f 1034/281/749 1029/277/740 1030/280/742
f 1035/283/750 1034/281/749 1030/280/742
f 1036/282/751 1029/277/740 1034/281/749
f 1038/278/740 1037/275/752 1029/277/740
f 1037/275/752 1020/276/740 1029/277/740
f 1039/274/742 1020/276/740 1037/275/752
f 1020/276/740 1040/299/743 1015/297/740
f 1015/297/740 1040/299/743 1041/300/753
f 1044/302/754 1043/297/755 1042/301/756
f 1045/300/757 1042/301/756 1043/297/755
f 1045/300/757 1046/299/758 1042/301/756
f 1047/303/759 1042/301/756 1046/299/758
f 1046/299/758 1048/276/760 1047/303/759
f 1049/304/761 1047/303/759 1048/276/760
f 1048/276/760 1050/274/762 1049/304/761
f 1051/305/763 1049/304/761 1050/274/762
f 1050/274/762 1052/275/764 1051/305/763
f 1053/306/765 1051/305/763 1052/275/764
f 1052/275/764 1054/278/766 1053/306/765
f 1055/307/767 1053/306/765 1054/278/766
f 1054/278/766 1056/277/768 1055/307/767
f 1057/308/769 1055/307/767 1056/277/768
f 1056/277/768 1058/282/770 1057/308/769
f 1059/309/771 1057/308/769 1058/282/770
f 1058/282/770 1060/281/772 1059/309/771
f 1061/310/773 1059/309/771 1060/281/772
f 1060/281/772 1062/283/774 1061/310/773
f 1063/311/775 1061/310/773 1062/283/774
f 1062/283/774 1064/280/776 1063/311/775
f 1065/312/777 1063/311/775 1064/280/776
f 1064/280/776 1066/285/778 1065/312/777
f 1067/313/779 1065/312/777 1066/285/778
f 1066/285/778 1068/284/780 1067/313/779
f 1069/314/781 1067/313/779 1068/284/780
f 1068/284/780 1070/286/782 1069/314/781
f 1071/315/783 1069/314/781 1070/286/782
f 1070/286/782 1072/279/784 1071/315/783
f 1073/316/785 1071/315/783 1072/279/784
f 1072/279/784 1074/290/786 1073/316/785
f 1075/317/787 1073/316/785 1074/290/786
f 1074/290/786 1076/289/788 1075/317/787
f 1077/318/789 1075/317/787 1076/289/788
f 1076/289/788 1078/291/790 1077/318/789
f 1079/319/791 1077/318/789 1078/291/790
f 1078/291/790 1080/288/792 1079/319/791
f 1081/320/793 1079/319/791 1080/288/792
f 1080/288/792 1082/293/794 1081/320/793
f 1083/321/795 1081/320/793 1082/293/794
f 1082/293/794 1084/292/796 1083/321/795
f 1085/322/797 1083/321/795 1084/292/796
f 1084/292/796 1086/294/798 1085/322/797
f 1087/323/799 1085/322/797 1086/294/798
f 1086/294/798 1088/287/800 1087/323/799
f 1089/324/801 1087/323/799 1088/287/800
f 1088/287/800 1090/295/802 1089/324/801
f 1091/325/803 1089/324/801 1090/295/802
f 1090/295/802 1092/296/804 1091/325/803
f 1093/326/805 1091/325/803 1092/296/804
f 1091/325/803 1093/326/805 1094/327/806
f 1095/328/807 1094/327/806 1093/326/805
f 1094/327/806 1095/328/807 1096/329/808
f 1097/330/809 1096/329/808 1095/328/807
f 1089/324/801 1091/325/803 1098/331/810
f 1094/327/806 1098/331/810 1091/325/803
f 1098/331/810 1094/327/806 1099/332/811
f 1096/329/808 1099/332/811 1094/327/806
f 1087/323/799 1089/324/801 1100/333/812
f 1098/331/810 1100/333/812 1089/324/801
f 1100/333/812 1098/331/810 1101/334/813
f 1099/332/811 1101/334/813 1098/331/810
f 1100/333/812 1102/335/814 1087/323/799
f 1085/322/797 1087/323/799 1102/335/814
f 1102/335/814 1100/333/812 1103/336/815
f 1101/334/813 1103/336/815 1100/333/812
f 1102/335/814 1104/337/816 1085/322/797
f 1083/321/795 1085/322/797 1104/337/816
f 1104/337/816 1102/335/814 1105/338/817
f 1103/336/815 1105/338/817 1102/335/814
f 1104/337/816 1106/339/818 1083/321/795
f 1081/320/793 1083/321/795 1106/339/818
f 1106/339/818 1104/337/816 1107/340/819
f 1105/338/817 1107/340/819 1104/337/816
f 1106/339/818 1108/341/820 1081/320/793
f 1079/319/791 1081/320/793 1108/341/820
f 1108/341/820 1106/339/818 1109/342/821
f 1107/340/819 1109/342/821 1106/339/818
f 1108/341/820 1110/343/822 1079/319/791
f 1077/318/789 1079/319/791 1110/343/822
f 1110/343/822 1108/341/820 1111/344/823
f 1109/342/821 1111/344/823 1108/341/820
f 1110/343/822 1112/345/824 1077/318/789
f 1075/317/787 1077/318/789 1112/345/824
f 1112/345/824 1110/343/822 1113/346/825
f 1111/344/823 1113/346/825 1110/343/822
f 1112/345/824 1114/347/826 1075/317/787
f 1073/316/785 1075/317/787 1114/347/826
f 1114/347/826 1112/345/824 1115/348/827
f 1113/346/825 1115/348/827 1112/345/824
f 1114/347/826 1116/349/828 1073/316/785
f 1071/315/783 1073/316/785 1116/349/828
f 1116/349/828 1114/347/826 1117/350/829
f 1115/348/827 1117/350/829 1114/347/826
f 1116/349/828 1118/351/830 1071/315/783
f 1069/314/781 1071/315/783 1118/351/830
f 1118/351/830 1116/349/828 1119/352/831
f 1117/350/829 1119/352/831 1116/349/828
f 1118/351/830 1120/353/832 1069/314/781
f 1067/313/779 1069/314/781 1120/353/832
f 1120/353/832 1118/351/830 1121/354/833
f 1122/352/831 1121/354/833 1118/351/830
f 1120/353/832 1123/355/834 1067/313/779
f 1065/312/777 1067/313/779 1123/355/834
f 1123/355/834 1120/353/832 1124/356/835
f 1121/354/833 1124/356/835 1120/353/832
f 1123/355/834 1125/357/836 1065/312/777
f 1063/311/775 1065/312/777 1125/357/836
f 1125/357/836 1123/355/834 1126/358/837
f 1127/356/835 1126/358/837 1123/355/834
f 1125/357/836 1128/359/838 1063/311/775
f 1061/310/773 1063/311/775 1128/359/838
f 1128/359/838 1125/357/836 1129/360/839
f 1126/358/837 1129/360/839 1125/357/836
f 1128/359/838 1130/361/840 1061/310/773
f 1059/309/771 1061/310/773 1130/361/840
f 1130/361/840 1131/362/841 1059/309/771
f 1057/308/769 1059/309/771 1131/362/841
f 1131/362/841 1132/363/842 1057/308/769
f 1055/307/767 1057/308/769 1132/363/842
f 1132/363/842 1133/364/843 1055/307/767
f 1053/306/765 1055/307/767 1133/364/843
f 1133/364/843 1134/365/844 1053/306/765
f 1051/305/763 1053/306/765 1134/365/844
f 1134/365/844 1135/366/845 1051/305/763
f 1049/304/761 1051/305/763 1135/366/845
f 1135/366/845 1136/367/846 1049/304/761
f 1047/303/759 1049/304/761 1136/367/846
f 1136/367/846 1137/368/847 1047/303/759
f 1042/301/756 1047/303/759 1137/368/847
f 1042/301/756 1137/368/847 1044/302/754
f 1138/369/848 1044/302/754 1137/368/847
f 1137/368/847 1139/370/849 1138/369/848
f 1137/368/847 1136/367/846 1139/370/849
f 1140/371/850 1138/369/848 1139/370/849
f 1141/372/851 1139/370/849 1136/367/846
f 1136/367/846 1135/366/845 1141/372/851
f 1142/373/852 1141/372/851 1135/366/845
f 1135/366/845 1134/365/844 1142/373/852
f 1143/374/853 1142/373/852 1134/365/844
f 1134/365/844 1133/364/843 1143/374/853
f 1144/375/854 1143/374/853 1133/364/843
f 1133/364/843 1132/363/842 1144/375/854
f 1145/376/855 1144/375/854 1132/363/842
f 1132/363/842 1131/362/841 1145/376/855
f 1146/377/856 1145/376/855 1131/362/841
f 1131/362/841 1130/361/840 1146/377/856
f 1147/378/857 1146/377/856 1130/361/840
f 1130/361/840 1128/359/838 1147/378/857
f 1129/360/839 1147/378/857 1128/359/838
f 1150/276/858 1149/274/859 1148/299/860
f 1149/274/859 1151/278/859 1148/299/860
f 1152/275/861 1151/278/859 1149/274/859
f 1151/278/859 1153/379/860 1148/299/860
f 1154/294/860 1153/379/860 1151/278/859
f 1155/286/862 1154/294/860 1151/278/859
f 1156/283/862 1155/286/862 1151/278/859
f 1157/282/863 1156/283/862 1151/278/859
f 1158/277/861 1157/282/863 1151/278/859
f 1159/281/862 1156/283/862 1157/282/863
f 1160/285/864 1155/286/862 1156/283/862
f 1161/280/865 1160/285/864 1156/283/862
f 1162/284/860 1155/286/862 1160/285/864
f 1163/291/862 1154/294/860 1155/286/862
f 1164/290/864 1163/291/862 1155/286/862
f 1165/279/859 1164/290/864 1155/286/862
f 1166/289/866 1163/291/862 1164/290/864
f 1167/293/862 1154/294/860 1163/291/862
f 1168/288/860 1167/293/862 1163/291/862
f 1169/292/867 1154/294/860 1167/293/862
f 1171/287/859 1170/295/862 1154/294/860
f 1172/296/860 1153/379/860 1170/295/862
f 1170/295/862 1153/379/860 1154/294/860
f 1153/379/860 1173/380/860 1148/299/860
f 1148/299/860 1173/380/860 1174/300/859
f 1177/381/868 1176/301/869 1175/380/870
f 1178/300/871 1175/380/870 1176/301/869
f 1178/300/871 1176/301/869 1179/299/872
f 1180/303/873 1179/299/872 1176/301/869
f 1179/299/872 1180/303/873 1181/276/874
f 1182/304/875 1181/276/874 1180/303/873
f 1181/276/874 1182/304/875 1183/274/876
f 1184/305/877 1183/274/876 1182/304/875
f 1183/274/876 1184/305/877 1185/275/878
f 1186/306/879 1185/275/878 1184/305/877
f 1185/275/878 1186/306/879 1187/278/880
f 1188/307/881 1187/278/880 1186/306/879
f 1187/278/880 1188/307/881 1189/277/882
f 1190/308/883 1189/277/882 1188/307/881
f 1189/277/882 1190/308/883 1191/282/884
f 1192/309/885 1191/282/884 1190/308/883
f 1191/282/884 1192/309/885 1193/281/886
f 1194/310/887 1193/281/886 1192/309/885
f 1193/281/886 1194/310/887 1195/283/888
f 1196/311/889 1195/283/888 1194/310/887
f 1195/283/888 1196/311/889 1197/280/890
f 1198/312/891 1197/280/890 1196/311/889
f 1197/280/890 1198/312/891 1199/285/892
f 1200/313/893 1199/285/892 1198/312/891
f 1199/285/892 1200/313/893 1201/284/894
f 1202/314/895 1201/284/894 1200/313/893
f 1201/284/894 1202/314/895 1203/286/896
f 1204/315/897 1203/286/896 1202/314/895
f 1203/286/896 1204/315/897 1205/279/898
f 1206/316/899 1205/279/898 1204/315/897
f 1205/279/898 1206/316/899 1207/290/900
f 1208/317/901 1207/290/900 1206/316/899
f 1207/290/900 1208/317/901 1209/289/902
f 1210/318/903 1209/289/902 1208/317/901
f 1209/289/902 1210/318/903 1211/291/904
f 1212/319/905 1211/291/904 1210/318/903
f 1211/291/904 1212/319/905 1213/288/906
f 1214/320/907 1213/288/906 1212/319/905
f 1213/288/906 1214/320/907 1215/293/908
f 1216/321/909 1215/293/908 1214/320/907
f 1215/293/908 1216/321/909 1217/292/910
f 1218/322/911 1217/292/910 1216/321/909
f 1217/292/910 1218/322/911 1219/294/912
f 1220/323/913 1219/294/912 1218/322/911
f 1219/294/912 1220/323/913 1221/287/914
f 1222/324/915 1221/287/914 1220/323/913
f 1221/287/914 1222/324/915 1223/295/916
f 1224/325/917 1223/295/916 1222/324/915
f 1223/295/916 1224/325/917 1225/296/918
f 1226/326/919 1225/296/918 1224/325/917
f 1224/325/917 1227/327/920 1226/326/919
f 1228/328/921 1226/326/919 1227/327/920
f 1227/327/920 1229/329/808 1228/328/921
f 1230/330/809 1228/328/921 1229/329/808
f 1227/327/920 1224/325/917 1231/331/922
f 1222/324/915 1231/331/922 1224/325/917
f 1229/329/808 1227/327/920 1232/332/811
f 1231/331/922 1232/332/811 1227/327/920
f 1231/331/922 1222/324/915 1233/333/923
f 1220/323/913 1233/333/923 1222/324/915
f 1232/332/811 1231/331/922 1234/334/813
f 1233/333/923 1234/334/813 1231/331/922
f 1233/333/923 1220/323/913 1235/335/924
f 1218/322/911 1235/335/924 1220/323/913
f 1234/334/813 1233/333/923 1236/336/815
f 1235/335/924 1236/336/815 1233/333/923
f 1235/335/924 1218/322/911 1237/337/925
f 1216/321/909 1237/337/925 1218/322/911
f 1236/336/815 1235/335/924 1238/338/817
f 1237/337/925 1238/338/817 1235/335/924
f 1237/337/925 1216/321/909 1239/339/926
f 1214/320/907 1239/339/926 1216/321/909
f 1238/338/817 1237/337/925 1240/340/819
f 1239/339/926 1240/340/819 1237/337/925
f 1239/339/926 1214/320/907 1241/341/927
f 1212/319/905 1241/341/927 1214/320/907
f 1240/340/819 1239/339/926 1242/342/821
f 1241/341/927 1242/342/821 1239/339/926
f 1241/341/927 1212/319/905 1243/343/928
f 1210/318/903 1243/343/928 1212/319/905
f 1242/342/821 1241/341/927 1244/344/823
f 1243/343/928 1244/344/823 1241/341/927
f 1243/343/928 1210/318/903 1245/345/929
f 1208/317/901 1245/345/929 1210/318/903
f 1244/344/823 1243/343/928 1246/346/825
f 1245/345/929 1246/346/825 1243/343/928
f 1245/345/929 1208/317/901 1247/347/930
f 1206/316/899 1247/347/930 1208/317/901
f 1246/346/825 1245/345/929 1248/348/827
f 1247/347/930 1248/348/827 1245/345/929
f 1247/347/930 1206/316/899 1249/349/931
f 1204/315/897 1249/349/931 1206/316/899
f 1248/348/827 1247/347/930 1250/350/829
f 1249/349/931 1250/350/829 1247/347/930
f 1249/349/931 1204/315/897 1251/351/932
f 1202/314/895 1251/351/932 1204/315/897
f 1250/350/829 1249/349/931 1252/352/831
f 1251/351/932 1252/352/831 1249/349/931
f 1251/351/932 1202/314/895 1253/353/933
f 1200/313/893 1253/353/933 1202/314/895
f 1253/353/933 1254/354/833 1251/351/932
f 1255/352/831 1251/351/932 1254/354/833
f 1253/353/933 1200/313/893 1256/355/934
f 1198/312/891 1256/355/934 1200/313/893
f 1254/354/833 1253/353/933 1257/356/835
f 1256/355/934 1257/356/835 1253/353/933
f 1256/355/934 1198/312/891 1258/357/935
f 1196/311/889 1258/357/935 1198/312/891
f 1258/357/935 1259/358/837 1256/355/934
f 1260/356/835 1256/355/934 1259/358/837
f 1258/357/935 1196/311/889 1261/359/936
f 1194/310/887 1261/359/936 1196/311/889
f 1259/358/837 1258/357/935 1262/360/839
f 1261/359/936 1262/360/839 1258/357/935
f 1261/359/936 1194/310/887 1263/361/937
f 1192/309/885 1263/361/937 1194/310/887
f 1263/361/937 1192/309/885 1264/362/938
f 1190/308/883 1264/362/938 1192/309/885
f 1264/362/938 1190/308/883 1265/363/939
f 1188/307/881 1265/363/939 1190/308/883
f 1265/363/939 1188/307/881 1266/364/940
f 1186/306/879 1266/364/940 1188/307/881
f 1266/364/940 1186/306/879 1267/365/941
f 1184/305/877 1267/365/941 1186/306/879
f 1267/365/941 1184/305/877 1268/366/942
f 1182/304/875 1268/366/942 1184/305/877
f 1268/366/942 1182/304/875 1269/367/943
f 1180/303/873 1269/367/943 1182/304/875
f 1269/367/943 1180/303/873 1270/368/944
f 1176/301/869 1270/368/944 1180/303/873
f 1176/301/869 1177/381/868 1270/368/944
f 1271/382/945 1270/368/944 1177/381/868
f 1270/368/944 1271/382/945 1272/370/849
f 1270/368/944 1272/370/849 1269/367/943
f 1273/371/850 1272/370/849 1271/382/945
f 1274/372/851 1269/367/943 1272/370/849
f 1269/367/943 1274/372/851 1268/366/942
f 1275/373/852 1268/366/942 1274/372/851
f 1268/366/942 1275/373/852 1267/365/941
f 1276/374/853 1267/365/941 1275/373/852
f 1267/365/941 1276/374/853 1266/364/940
f 1277/375/854 1266/364/940 1276/374/853
f 1266/364/940 1277/375/854 1265/363/939
f 1278/376/855 1265/363/939 1277/375/854
f 1265/363/939 1278/376/855 1264/362/938
f 1279/377/856 1264/362/938 1278/376/855
f 1264/362/938 1279/377/856 1263/361/937
f 1280/378/857 1263/361/937 1279/377/856
f 1263/361/937 1280/378/857 1261/359/936
f 1262/360/839 1261/359/936 1280/378/857
f 1092/296/804 1281/298/946 1093/326/805
f 1282/383/947 1093/326/805 1281/298/946
f 1093/326/805 1282/383/947 1095/328/807
f 1283/384/948 1095/328/807 1282/383/947
f 1095/328/807 1283/384/948 1097/330/809
f 1284/385/949 1097/330/809 1283/384/948
f 1225/296/918 1226/326/919 1285/379/950
f 1286/386/951 1285/379/950 1226/326/919
f 1286/386/951 1226/326/919 1287/387/952
f 1228/328/921 1287/387/952 1226/326/919
f 1287/387/952 1228/328/921 1288/385/953
f 1230/330/809 1288/385/953 1228/328/921
f 1291/388/954 1290/389/955 1289/390/956
f 1290/389/955 1292/391/956 1289/390/956
f 1293/392/956 1292/391/956 1290/389/955
f 1292/391/956 1294/393/956 1289/390/956
f 1295/394/956 1294/393/956 1292/391/956
f 1296/395/956 1295/394/956 1292/391/956
f 1297/396/956 1296/395/956 1292/391/956
f 1298/397/957 1297/396/956 1292/391/956
f 1299/398/957 1298/397/957 1292/391/956
f 1300/399/956 1297/396/956 1298/397/957
f 1301/400/958 1296/395/956 1297/396/956
f 1302/401/959 1301/400/958 1297/396/956
f 1303/402/960 1296/395/956 1301/400/958
f 1304/403/956 1295/394/956 1296/395/956
f 1305/404/961 1304/403/956 1296/395/956
f 1306/405/962 1305/404/961 1296/395/956
f 1307/406/956 1304/403/956 1305/404/961
f 1308/407/956 1295/394/956 1304/403/956
f 1309/408/963 1308/407/956 1304/403/956
f 1310/409/956 1295/394/956 1308/407/956
f 1312/410/964 1311/411/956 1295/394/956
f 1313/412/964 1294/393/956 1311/411/956
f 1311/411/956 1294/393/956 1295/394/956
f 1294/393/956 1314/413/956 1289/390/956
f 1289/390/956 1314/413/956 1315/414/965
f 1318/415/966 1317/416/967 1316/413/968
f 1319/414/969 1316/413/968 1317/416/967
f 1319/414/969 1317/416/967 1320/390/970
f 1321/417/971 1320/390/970 1317/416/967
f 1320/390/970 1321/417/971 1322/388/972
f 1323/418/973 1322/388/972 1321/417/971
f 1322/388/972 1323/418/973 1324/389/974
f 1325/419/975 1324/389/974 1323/418/973
f 1324/389/974 1325/419/975 1326/392/976
f 1327/420/977 1326/392/976 1325/419/975
f 1326/392/976 1327/420/977 1328/391/978
f 1329/421/979 1328/391/978 1327/420/977
f 1328/391/978 1329/421/979 1330/398/980
f 1331/422/981 1330/398/980 1329/421/979
f 1330/398/980 1331/422/981 1332/397/982
f 1333/423/983 1332/397/982 1331/422/981
f 1332/397/982 1333/423/983 1334/399/984
f 1335/424/985 1334/399/984 1333/423/983
f 1334/399/984 1335/424/985 1336/396/986
f 1337/425/987 1336/396/986 1335/424/985
f 1336/396/986 1337/425/987 1338/401/988
f 1339/426/989 1338/401/988 1337/425/987
f 1338/401/988 1339/426/989 1340/400/990
f 1341/427/991 1340/400/990 1339/426/989
f 1340/400/990 1341/427/991 1342/402/992
f 1343/428/993 1342/402/992 1341/427/991
f 1342/402/992 1343/428/993 1344/395/994
f 1345/429/995 1344/395/994 1343/428/993
f 1344/395/994 1345/429/995 1346/405/996
f 1347/430/997 1346/405/996 1345/429/995
f 1346/405/996 1347/430/997 1348/404/998
f 1349/431/999 1348/404/998 1347/430/997
f 1348/404/998 1349/431/999 1350/406/1000
f 1351/432/1001 1350/406/1000 1349/431/999
f 1350/406/1000 1351/432/1001 1352/403/1002
f 1353/433/1003 1352/403/1002 1351/432/1001
f 1352/403/1002 1353/433/1003 1354/408/1004
f 1355/434/1005 1354/408/1004 1353/433/1003
f 1354/408/1004 1355/434/1005 1356/407/1006
f 1357/435/1007 1356/407/1006 1355/434/1005
f 1356/407/1006 1357/435/1007 1358/409/1008
f 1359/436/1009 1358/409/1008 1357/435/1007
f 1358/409/1008 1359/436/1009 1360/394/1010
f 1361/437/1011 1360/394/1010 1359/436/1009
f 1360/394/1010 1361/437/1011 1362/410/1012
f 1363/438/1013 1362/410/1012 1361/437/1011
f 1362/410/1012 1363/438/1013 1364/411/1014
f 1365/439/1015 1364/411/1014 1363/438/1013
f 1364/411/1014 1365/439/1015 1366/412/1016
f 1367/440/1017 1366/412/1016 1365/439/1015
f 1365/439/1015 1368/441/1018 1367/440/1017
f 1369/442/1019 1367/440/1017 1368/441/1018
f 1368/441/1018 1370/443/1020 1369/442/1019
f 1371/444/1021 1369/442/1019 1370/443/1020
f 1368/441/1018 1365/439/1015 1372/445/1022
f 1363/438/1013 1372/445/1022 1365/439/1015
f 1370/443/1020 1368/441/1018 1373/446/1023
f 1372/445/1022 1373/446/1023 1368/441/1018
f 1372/445/1022 1363/438/1013 1374/447/1024
f 1361/437/1011 1374/447/1024 1363/438/1013
f 1373/446/1023 1372/445/1022 1375/448/1025
f 1374/447/1024 1375/448/1025 1372/445/1022
f 1374/447/1024 1361/437/1011 1376/449/1026
f 1359/436/1009 1376/449/1026 1361/437/1011
f 1375/448/1025 1374/447/1024 1377/450/1027
f 1376/449/1026 1377/450/1027 1374/447/1024
f 1376/449/1026 1359/436/1009 1378/451/1028
f 1357/435/1007 1378/451/1028 1359/436/1009
f 1377/450/1027 1376/449/1026 1379/452/1029
f 1378/451/1028 1379/452/1029 1376/449/1026
f 1378/451/1028 1357/435/1007 1380/453/1030
f 1355/434/1005 1380/453/1030 1357/435/1007
f 1379/452/1029 1378/451/1028 1381/454/1031
f 1380/453/1030 1381/454/1031 1378/451/1028
f 1380/453/1030 1355/434/1005 1382/455/1032
f 1353/433/1003 1382/455/1032 1355/434/1005
f 1381/454/1031 1380/453/1030 1383/456/1033
f 1382/455/1032 1383/456/1033 1380/453/1030
f 1382/455/1032 1353/433/1003 1384/457/1034
f 1351/432/1001 1384/457/1034 1353/433/1003
f 1383/456/1033 1382/455/1032 1385/458/1035
f 1384/457/1034 1385/458/1035 1382/455/1032
f 1384/457/1034 1351/432/1001 1386/459/1036
f 1349/431/999 1386/459/1036 1351/432/1001
f 1385/458/1035 1384/457/1034 1387/460/1037
f 1386/459/1036 1387/460/1037 1384/457/1034
f 1386/459/1036 1349/431/999 1388/461/1038
f 1347/430/997 1388/461/1038 1349/431/999
f 1387/460/1037 1386/459/1036 1389/462/1039
f 1388/461/1038 1389/462/1039 1386/459/1036
f 1388/461/1038 1347/430/997 1390/463/1040
f 1345/429/995 1390/463/1040 1347/430/997
f 1390/463/1040 1391/464/1041 1388/461/1038
f 1390/463/1040 1345/429/995 1392/465/1042
f 1343/428/993 1392/465/1042 1345/429/995
f 1392/465/1042 1393/466/1043 1390/463/1040
f 1394/464/1044 1390/463/1040 1393/466/1043
f 1395/462/1039 1388/461/1038 1394/464/1041
f 1392/465/1042 1343/428/993 1396/467/1045
f 1341/427/991 1396/467/1045 1343/428/993
f 1396/467/1045 1397/468/1046 1392/465/1042
f 1398/466/1043 1392/465/1042 1397/468/1046
f 1396/467/1045 1341/427/991 1399/469/1047
f 1339/426/989 1399/469/1047 1341/427/991
f 1397/468/1046 1396/467/1045 1400/470/1048
f 1399/469/1047 1400/470/1048 1396/467/1045
f 1399/469/1047 1339/426/989 1401/471/1049
f 1337/425/987 1401/471/1049 1339/426/989
f 1400/470/1048 1399/469/1047 1402/472/1050
f 1401/471/1049 1402/472/1050 1399/469/1047
f 1401/471/1049 1337/425/987 1403/473/1051
f 1335/424/985 1403/473/1051 1337/425/987
f 1402/472/1050 1401/471/1049 1404/474/1052
f 1403/473/1051 1404/474/1052 1401/471/1049
f 1403/473/1051 1335/424/985 1405/475/1053
f 1333/423/983 1405/475/1053 1335/424/985
f 1405/475/1053 1333/423/983 1406/476/1054
f 1331/422/981 1406/476/1054 1333/423/983
f 1406/476/1054 1331/422/981 1407/477/1055
f 1329/421/979 1407/477/1055 1331/422/981
f 1407/477/1055 1329/421/979 1408/478/1056
f 1327/420/977 1408/478/1056 1329/421/979
f 1408/478/1056 1327/420/977 1409/479/1057
f 1325/419/975 1409/479/1057 1327/420/977
f 1409/479/1057 1325/419/975 1410/480/1058
f 1323/418/973 1410/480/1058 1325/419/975
f 1410/480/1058 1323/418/973 1411/481/1059
f 1321/417/971 1411/481/1059 1323/418/973
f 1411/481/1059 1321/417/971 1412/482/1060
f 1317/416/967 1412/482/1060 1321/417/971
f 1317/416/967 1318/415/966 1412/482/1060
f 1413/483/1061 1412/482/1060 1318/415/966
f 1412/482/1060 1413/483/1061 1414/484/1062
f 1412/482/1060 1414/484/1062 1411/481/1059
f 1415/485/1063 1414/484/1062 1413/483/1061
f 1416/486/1064 1411/481/1059 1414/484/1062
f 1411/481/1059 1416/486/1064 1410/480/1058
f 1417/487/1065 1410/480/1058 1416/486/1064
f 1410/480/1058 1417/487/1065 1409/479/1057
f 1418/488/1066 1409/479/1057 1417/487/1065
f 1409/479/1057 1418/488/1066 1408/478/1056
f 1419/489/1067 1408/478/1056 1418/488/1066
f 1408/478/1056 1419/489/1067 1407/477/1055
f 1420/490/1068 1407/477/1055 1419/489/1067
f 1407/477/1055 1420/490/1068 1406/476/1054
f 1421/491/1069 1406/476/1054 1420/490/1068
f 1406/476/1054 1421/491/1069 1405/475/1053
f 1422/492/1070 1405/475/1053 1421/491/1069
f 1405/475/1053 1422/492/1070 1403/473/1051
f 1404/474/1052 1403/473/1051 1422/492/1070
f 1425/393/1071 1424/412/1071 1423/413/1071
f 1424/412/1071 1426/410/1071 1423/413/1071
f 1427/411/1072 1426/410/1071 1424/412/1071
f 1426/410/1071 1428/388/1071 1423/413/1071
f 1429/405/1071 1428/388/1071 1426/410/1071
f 1430/408/1071 1429/405/1071 1426/410/1071
f 1431/409/1072 1430/408/1071 1426/410/1071
f 1432/394/1073 1431/409/1072 1426/410/1071
f 1433/407/1074 1430/408/1071 1431/409/1072
f 1434/406/1071 1429/405/1071 1430/408/1071
f 1435/403/1071 1434/406/1071 1430/408/1071
f 1436/404/1071 1429/405/1071 1434/406/1071
f 1437/398/1071 1428/388/1071 1429/405/1071
f 1438/401/1071 1437/398/1071 1429/405/1071
f 1439/402/1071 1438/401/1071 1429/405/1071
f 1440/395/1071 1439/402/1071 1429/405/1071
f 1441/400/1071 1438/401/1071 1439/402/1071
f 1442/399/1075 1437/398/1071 1438/401/1071
f 1443/396/1076 1442/399/1075 1438/401/1071
f 1444/397/1075 1437/398/1071 1442/399/1075
f 1446/391/1077 1445/392/1078 1437/398/1071
f 1445/392/1078 1428/388/1071 1437/398/1071
f 1447/389/1072 1428/388/1071 1445/392/1078
f 1428/388/1071 1448/390/1072 1423/413/1071
f 1423/413/1071 1448/390/1072 1449/414/1078
f 1452/415/1079 1451/413/1080 1450/416/1081
f 1453/414/1082 1450/416/1081 1451/413/1080
f 1453/414/1082 1454/390/1083 1450/416/1081
f 1455/417/1084 1450/416/1081 1454/390/1083
f 1454/390/1083 1456/388/1085 1455/417/1084
f 1457/418/1086 1455/417/1084 1456/388/1085
f 1456/388/1085 1458/389/1087 1457/418/1086
f 1459/419/1088 1457/418/1086 1458/389/1087
f 1458/389/1087 1460/392/1089 1459/419/1088
f 1461/420/1090 1459/419/1088 1460/392/1089
f 1460/392/1089 1462/391/1091 1461/420/1090
f 1463/421/1092 1461/420/1090 1462/391/1091
f 1462/391/1091 1464/398/1093 1463/421/1092
f 1465/422/1094 1463/421/1092 1464/398/1093
f 1464/398/1093 1466/397/1095 1465/422/1094
f 1467/423/1096 1465/422/1094 1466/397/1095
f 1466/397/1095 1468/399/1097 1467/423/1096
f 1469/424/1098 1467/423/1096 1468/399/1097
f 1468/399/1097 1470/396/1099 1469/424/1098
f 1471/425/1100 1469/424/1098 1470/396/1099
f 1470/396/1099 1472/401/1101 1471/425/1100
f 1473/426/1102 1471/425/1100 1472/401/1101
f 1472/401/1101 1474/400/1103 1473/426/1102
f 1475/427/1104 1473/426/1102 1474/400/1103
f 1474/400/1103 1476/402/1105 1475/427/1104
f 1477/428/1106 1475/427/1104 1476/402/1105
f 1476/402/1105 1478/395/1107 1477/428/1106
f 1479/429/1108 1477/428/1106 1478/395/1107
f 1478/395/1107 1480/405/1109 1479/429/1108
f 1481/430/1110 1479/429/1108 1480/405/1109
f 1480/405/1109 1482/404/1111 1481/430/1110
f 1483/431/1112 1481/430/1110 1482/404/1111
f 1482/404/1111 1484/406/1113 1483/431/1112
f 1485/432/1114 1483/431/1112 1484/406/1113
f 1484/406/1113 1486/403/1115 1485/432/1114
f 1487/433/1116 1485/432/1114 1486/403/1115
f 1486/403/1115 1488/408/1117 1487/433/1116
f 1489/434/1118 1487/433/1116 1488/408/1117
f 1488/408/1117 1490/407/1119 1489/434/1118
f 1491/435/1120 1489/434/1118 1490/407/1119
f 1490/407/1119 1492/409/1121 1491/435/1120
f 1493/436/1122 1491/435/1120 1492/409/1121
f 1492/409/1121 1494/394/1123 1493/436/1122
f 1495/437/1124 1493/436/1122 1494/394/1123
f 1494/394/1123 1496/410/1125 1495/437/1124
f 1497/438/1126 1495/437/1124 1496/410/1125
f 1496/410/1125 1498/411/1127 1497/438/1126
f 1499/439/1128 1497/438/1126 1498/411/1127
f 1498/411/1127 1500/412/1129 1499/439/1128
f 1501/440/1130 1499/439/1128 1500/412/1129
f 1499/439/1128 1501/440/1130 1502/441/1131
f 1503/442/1132 1502/441/1131 1501/440/1130
f 1502/441/1131 1503/442/1132 1504/443/1020
f 1505/444/1133 1504/443/1020 1503/442/1132
f 1497/438/1126 1499/439/1128 1506/445/1134
f 1502/441/1131 1506/445/1134 1499/439/1128
f 1506/445/1134 1502/441/1131 1507/446/1023
f 1504/443/1020 1507/446/1023 1502/441/1131
f 1495/437/1124 1497/438/1126 1508/447/1135
f 1506/445/1134 1508/447/1135 1497/438/1126
f 1508/447/1135 1506/445/1134 1509/448/1025
f 1507/446/1023 1509/448/1025 1506/445/1134
f 1508/447/1135 1510/449/1136 1495/437/1124
f 1493/436/1122 1495/437/1124 1510/449/1136
f 1510/449/1136 1508/447/1135 1511/450/1027
f 1509/448/1025 1511/450/1027 1508/447/1135
f 1510/449/1136 1512/451/1137 1493/436/1122
f 1491/435/1120 1493/436/1122 1512/451/1137
f 1512/451/1137 1510/449/1136 1513/452/1029
f 1511/450/1027 1513/452/1029 1510/449/1136
f 1512/451/1137 1514/453/1138 1491/435/1120
f 1489/434/1118 1491/435/1120 1514/453/1138
f 1514/453/1138 1512/451/1137 1515/454/1031
f 1513/452/1029 1515/454/1031 1512/451/1137
f 1514/453/1138 1516/455/1139 1489/434/1118
f 1487/433/1116 1489/434/1118 1516/455/1139
f 1516/455/1139 1514/453/1138 1517/456/1033
f 1515/454/1031 1517/456/1033 1514/453/1138
f 1516/455/1139 1518/457/1140 1487/433/1116
f 1485/432/1114 1487/433/1116 1518/457/1140
f 1518/457/1140 1516/455/1139 1519/458/1035
f 1517/456/1033 1519/458/1035 1516/455/1139
f 1518/457/1140 1520/459/1141 1485/432/1114
f 1483/431/1112 1485/432/1114 1520/459/1141
f 1520/459/1141 1518/457/1140 1521/460/1037
f 1519/458/1035 1521/460/1037 1518/457/1140
f 1520/459/1141 1522/461/1142 1483/431/1112
f 1481/430/1110 1483/431/1112 1522/461/1142
f 1522/461/1142 1520/459/1141 1523/462/1039
f 1521/460/1037 1523/462/1039 1520/459/1141
f 1522/461/1142 1524/463/1143 1481/430/1110
f 1479/429/1108 1481/430/1110 1524/463/1143
f 1524/463/1143 1522/461/1142 1525/464/1041
f 1524/463/1143 1526/465/1144 1479/429/1108
f 1477/428/1106 1479/429/1108 1526/465/1144
f 1526/465/1144 1524/463/1143 1527/466/1043
f 1528/464/1044 1527/466/1043 1524/463/1143
f 1529/462/1145 1528/464/1041 1522/461/1142
f 1526/465/1144 1530/467/1146 1477/428/1106
f 1475/427/1104 1477/428/1106 1530/467/1146
f 1530/467/1146 1526/465/1144 1531/468/1046
f 1532/466/1043 1531/468/1046 1526/465/1144
f 1530/467/1146 1533/469/1147 1475/427/1104
f 1473/426/1102 1475/427/1104 1533/469/1147
f 1533/469/1147 1530/467/1146 1534/470/1048
f 1531/468/1046 1534/470/1048 1530/467/1146
f 1533/469/1147 1535/471/1148 1473/426/1102
f 1471/425/1100 1473/426/1102 1535/471/1148
f 1535/471/1148 1533/469/1147 1536/472/1050
f 1534/470/1048 1536/472/1050 1533/469/1147
f 1535/471/1148 1537/473/1149 1471/425/1100
f 1469/424/1098 1471/425/1100 1537/473/1149
f 1537/473/1149 1535/471/1148 1538/474/1052
f 1536/472/1050 1538/474/1052 1535/471/1148
f 1537/473/1149 1539/475/1150 1469/424/1098
f 1467/423/1096 1469/424/1098 1539/475/1150
f 1539/475/1150 1540/476/1151 1467/423/1096
f 1465/422/1094 1467/423/1096 1540/476/1151
f 1540/476/1151 1541/477/1152 1465/422/1094
f 1463/421/1092 1465/422/1094 1541/477/1152
f 1541/477/1152 1542/478/1153 1463/421/1092
f 1461/420/1090 1463/421/1092 1542/478/1153
f 1542/478/1153 1543/479/1154 1461/420/1090
f 1459/419/1088 1461/420/1090 1543/479/1154
f 1543/479/1154 1544/480/1155 1459/419/1088
f 1457/418/1086 1459/419/1088 1544/480/1155
f 1544/480/1155 1545/481/1156 1457/418/1086
f 1455/417/1084 1457/418/1086 1545/481/1156
f 1545/481/1156 1546/482/1157 1455/417/1084
f 1450/416/1081 1455/417/1084 1546/482/1157
f 1450/416/1081 1546/482/1157 1452/415/1079
f 1547/483/1158 1452/415/1079 1546/482/1157
f 1546/482/1157 1548/484/1062 1547/483/1158
f 1546/482/1157 1545/481/1156 1548/484/1062
f 1549/485/1063 1547/483/1158 1548/484/1062
f 1550/486/1064 1548/484/1062 1545/481/1156
f 1545/481/1156 1544/480/1155 1550/486/1064
f 1551/487/1065 1550/486/1064 1544/480/1155
f 1544/480/1155 1543/479/1154 1551/487/1065
f 1552/488/1066 1551/487/1065 1543/479/1154
f 1543/479/1154 1542/478/1153 1552/488/1066
f 1553/489/1067 1552/488/1066 1542/478/1153
f 1542/478/1153 1541/477/1152 1553/489/1067
f 1554/490/1068 1553/489/1067 1541/477/1152
f 1541/477/1152 1540/476/1151 1554/490/1068
f 1555/491/1069 1554/490/1068 1540/476/1151
f 1540/476/1151 1539/475/1150 1555/491/1069
f 1556/492/1070 1555/491/1069 1539/475/1150
f 1539/475/1150 1537/473/1149 1556/492/1070
f 1538/474/1052 1556/492/1070 1537/473/1149
f 1366/412/1016 1367/440/1017 1557/393/1159
f 1558/493/1160 1557/393/1159 1367/440/1017
f 1367/440/1017 1369/442/1019 1558/493/1160
f 1559/494/1161 1558/493/1160 1369/442/1019
f 1559/494/1161 1369/442/1019 1560/495/1162
f 1371/444/1021 1560/495/1162 1369/442/1019
f 1500/412/1129 1561/393/1163 1501/440/1130
f 1562/493/1164 1501/440/1130 1561/393/1163
f 1501/440/1130 1562/493/1164 1503/442/1132
f 1563/494/1165 1503/442/1132 1562/493/1164
f 1503/442/1132 1563/494/1165 1505/444/1133
f 1564/495/1166 1505/444/1133 1563/494/1165
f 1567/496/1167 1566/497/1168 1565/498/1169
f 1568/499/1170 1565/498/1169 1566/497/1168
f 1566/497/1168 1567/496/1167 1569/500/1171
f 1570/501/1172 1569/500/1171 1567/496/1167
f 1570/501/1172 1571/502/1173 1569/500/1171
f 1571/502/1173 1572/503/1174 1569/500/1171
f 1573/504/1175 1572/503/1174 1571/502/1173
f 1573/504/1175 1574/505/1176 1572/503/1174
f 1574/505/1176 1575/506/1177 1572/503/1174
f 1576/507/1178 1575/506/1177 1574/505/1176
f 1576/507/1178 1577/508/1179 1575/506/1177
f 1577/508/1179 1578/509/1180 1575/506/1177
f 1579/510/1181 1578/509/1180 1577/508/1179
f 1579/510/1181 1580/511/1182 1578/509/1180
f 1581/512/1183 1578/509/1180 1580/511/1182
f 1580/511/1182 1582/513/1184 1581/512/1183
f 1583/514/1185 1581/512/1183 1582/513/1184
f 1582/513/1184 1584/515/1186 1583/514/1185
f 1585/516/1187 1583/514/1185 1584/515/1186
f 1584/515/1186 1586/517/1188 1585/516/1187
f 1587/518/1189 1585/516/1187 1586/517/1188
f 1586/517/1188 1588/519/1190 1587/518/1189
f 1589/520/1191 1587/518/1189 1588/519/1190
f 1588/519/1190 1590/521/1192 1589/520/1191
f 1591/522/1193 1589/520/1191 1590/521/1192
f 1590/521/1192 1592/523/1194 1591/522/1193
f 1593/524/1195 1591/522/1193 1592/523/1194
f 1592/523/1194 1594/525/1196 1593/524/1195
f 1595/526/1197 1593/524/1195 1594/525/1196
f 1594/525/1196 1596/527/1198 1595/526/1197
f 1597/528/1199 1595/526/1197 1596/527/1198
f 1596/527/1198 1598/529/1200 1597/528/1199
f 1599/530/1201 1597/528/1199 1598/529/1200
f 1598/529/1200 1600/531/1202 1599/530/1201
f 1601/532/1203 1599/530/1201 1600/531/1202
f 1588/519/1190 1586/517/1188 1602/533/1204
f 1603/534/1205 1602/533/1204 1586/517/1188
f 1586/517/1188 1584/515/1186 1603/534/1205
f 1604/535/1206 1603/534/1205 1584/515/1186
f 1584/515/1186 1582/513/1184 1604/535/1206
f 1605/536/1207 1604/535/1206 1582/513/1184
f 1596/527/1198 1594/525/1196 1606/537/1208
f 1607/538/1209 1606/537/1208 1594/525/1196
f 1598/529/1200 1596/527/1198 1608/539/1210
f 1606/537/1208 1608/539/1210 1596/527/1198
f 1600/531/1202 1598/529/1200 1609/540/1211
f 1608/539/1210 1609/540/1211 1598/529/1200
f 1604/535/1206 1605/536/1207 1610/541/1212
f 1611/542/1213 1610/541/1212 1605/536/1207
f 1605/536/1207 1612/543/1214 1611/542/1213
f 1613/544/1215 1612/543/1214 1605/536/1207
f 1612/543/1214 1614/545/1216 1611/542/1213
f 1611/542/1213 1614/545/1216 1615/546/1217
f 1616/547/1218 1611/542/1213 1615/546/1217
f 1616/547/1218 1615/546/1217 1617/548/1219
f 1610/541/1212 1618/549/1220 1604/535/1206
f 1603/534/1205 1604/535/1206 1618/549/1220
f 1618/549/1220 1619/550/1221 1603/534/1205
f 1602/533/1204 1603/534/1205 1619/550/1221
f 1619/550/1221 1620/551/1222 1602/533/1204
f 1621/552/1223 1602/533/1204 1620/551/1222
f 1602/533/1204 1621/552/1223 1588/519/1190
f 1590/521/1192 1588/519/1190 1621/552/1223
f 1621/552/1223 1622/553/1224 1590/521/1192
f 1592/523/1194 1590/521/1192 1622/553/1224
f 1622/553/1224 1607/538/1209 1592/523/1194
f 1594/525/1196 1592/523/1194 1607/538/1209
f 1622/553/1224 1621/552/1223 1623/554/1225
f 1620/551/1222 1623/554/1225 1621/552/1223
f 1607/538/1209 1622/553/1224 1624/555/1226
f 1623/554/1225 1624/555/1226 1622/553/1224
f 1624/555/1226 1625/556/1227 1607/538/1209
f 1606/537/1208 1607/538/1209 1625/556/1227
f 1625/556/1227 1626/557/1228 1606/537/1208
f 1608/539/1210 1606/537/1208 1626/557/1228
f 1626/557/1228 1627/558/1229 1608/539/1210
f 1609/540/1211 1608/539/1210 1627/558/1229
f 1623/554/1225 1620/551/1222 1628/559/1230
f 1629/560/1231 1628/559/1230 1620/551/1222
f 1620/551/1222 1619/550/1221 1629/560/1231
f 1630/561/1232 1629/560/1231 1619/550/1221
f 1619/550/1221 1618/549/1220 1630/561/1232
f 1631/562/1233 1630/561/1232 1618/549/1220
f 1618/549/1220 1610/541/1212 1631/562/1233
f 1632/563/1234 1631/562/1233 1610/541/1212
f 1610/541/1212 1611/542/1213 1632/563/1234
f 1633/564/1235 1632/563/1234 1611/542/1213
f 1611/542/1213 1616/547/1218 1633/564/1235
f 1634/565/1236 1633/564/1235 1616/547/1218
f 1616/547/1218 1617/548/1219 1634/565/1236
f 1617/548/1219 1635/566/1237 1634/565/1236
f 1634/565/1236 1635/566/1237 1636/567/1238
f 1637/568/1239 1634/565/1236 1636/567/1238
f 1636/567/1238 1638/569/1240 1637/568/1239
f 1637/568/1239 1638/569/1240 1639/570/1241
f 1640/571/1242 1637/568/1239 1639/570/1241
f 1639/570/1241 1641/572/1243 1640/571/1242
f 1642/573/1244 1640/571/1242 1641/572/1243
f 1640/571/1242 1642/573/1244 1643/574/1245
f 1643/574/1245 1642/573/1244 1644/575/1246
f 1642/573/1244 1645/576/1247 1644/575/1246
f 1645/576/1247 1646/577/1248 1644/575/1246
f 1647/578/1249 1644/575/1246 1646/577/1248
f 1637/568/1239 1640/571/1242 1648/579/1250
f 1643/574/1245 1648/579/1250 1640/571/1242
f 1634/565/1236 1637/568/1239 1649/580/1251
f 1648/579/1250 1649/580/1251 1637/568/1239
f 1649/580/1251 1650/581/1252 1634/565/1236
f 1633/564/1235 1634/565/1236 1650/581/1252
f 1650/581/1252 1651/582/1253 1633/564/1235
f 1632/563/1234 1633/564/1235 1651/582/1253
f 1651/582/1253 1652/583/1254 1632/563/1234
f 1631/562/1233 1632/563/1234 1652/583/1254
f 1652/583/1254 1653/584/1255 1631/562/1233
f 1630/561/1232 1631/562/1233 1653/584/1255
f 1653/584/1255 1654/585/1256 1630/561/1232
f 1629/560/1231 1630/561/1232 1654/585/1256
f 1654/585/1256 1655/586/1257 1629/560/1231
f 1628/559/1230 1629/560/1231 1655/586/1257
f 1655/586/1257 1656/587/1258 1628/559/1230
f 1657/588/1259 1628/559/1230 1656/587/1258
f 1628/559/1230 1657/588/1259 1623/554/1225
f 1624/555/1226 1623/554/1225 1657/588/1259
f 1657/588/1259 1658/589/1260 1624/555/1226
f 1625/556/1227 1624/555/1226 1658/589/1260
f 1658/589/1260 1659/590/1261 1625/556/1227
f 1626/557/1228 1625/556/1227 1659/590/1261
f 1659/590/1261 1660/591/1262 1626/557/1228
f 1627/558/1229 1626/557/1228 1660/591/1262
f 1658/589/1260 1657/588/1259 1661/592/1263
f 1656/587/1258 1661/592/1263 1657/588/1259
f 1659/590/1261 1658/589/1260 1662/593/1264
f 1661/592/1263 1662/593/1264 1658/589/1260
f 1660/591/1262 1659/590/1261 1663/594/1265
f 1662/593/1264 1663/594/1265 1659/590/1261
f 1656/587/1258 1655/586/1257 1664/595/1266
f 1665/596/1267 1664/595/1266 1655/586/1257
f 1661/592/1263 1656/587/1258 1666/597/1268
f 1664/595/1266 1666/597/1268 1656/587/1258
f 1662/593/1264 1661/592/1263 1667/598/1269
f 1666/597/1268 1667/598/1269 1661/592/1263
f 1663/594/1265 1662/593/1264 1668/599/1270
f 1667/598/1269 1668/599/1270 1662/593/1264
f 1664/595/1266 1665/596/1267 1669/600/1271
f 1670/601/1272 1669/600/1271 1665/596/1267
f 1665/596/1267 1671/602/1273 1670/601/1272
f 1671/602/1273 1665/596/1267 1654/585/1256
f 1654/585/1256 1653/584/1255 1671/602/1273
f 1672/603/1274 1671/602/1273 1653/584/1255
f 1653/584/1255 1652/583/1254 1672/603/1274
f 1673/604/1275 1672/603/1274 1652/583/1254
f 1652/583/1254 1651/582/1253 1673/604/1275
f 1674/605/1276 1673/604/1275 1651/582/1253
f 1651/582/1253 1650/581/1252 1674/605/1276
f 1675/606/1277 1674/605/1276 1650/581/1252
f 1650/581/1252 1649/580/1251 1675/606/1277
f 1676/607/1278 1675/606/1277 1649/580/1251
f 1649/580/1251 1648/579/1250 1676/607/1278
f 1677/608/1279 1676/607/1278 1648/579/1250
f 1648/579/1250 1643/574/1245 1677/608/1279
f 1678/609/1280 1677/608/1279 1643/574/1245
f 1643/574/1245 1644/575/1246 1678/609/1280
f 1679/610/1281 1678/609/1280 1644/575/1246
f 1644/575/1246 1647/578/1249 1679/610/1281
f 1680/611/1282 1679/610/1281 1647/578/1249
f 1647/578/1249 1681/612/1283 1680/611/1282
f 1682/613/1284 1680/611/1282 1681/612/1283
f 1681/612/1283 1683/614/1285 1682/613/1284
f 1683/614/1285 1681/612/1283 1684/615/1286
f 1685/616/1287 1684/615/1286 1681/612/1283
f 1686/617/1288 1682/613/1284 1683/614/1285
f 1682/613/1284 1686/617/1288 1687/618/1289
f 1688/619/1290 1687/618/1289 1686/617/1288
f 1680/611/1282 1682/613/1284 1689/620/1291
f 1687/618/1289 1689/620/1291 1682/613/1284
f 1679/610/1281 1680/611/1282 1690/621/1292
f 1689/620/1291 1690/621/1292 1680/611/1282
f 1678/609/1280 1679/610/1281 1691/622/1293
f 1690/621/1292 1691/622/1293 1679/610/1281
f 1691/622/1293 1692/623/1294 1678/609/1280
f 1687/618/1289 1688/619/1290 1693/624/1295
f 1694/625/1296 1693/624/1295 1688/619/1290
f 1693/624/1295 1695/626/1297 1687/618/1289
f 1689/620/1291 1687/618/1289 1695/626/1297
f 1690/621/1292 1689/620/1291 1696/627/1298
f 1695/626/1297 1696/627/1298 1689/620/1291
f 1691/622/1293 1690/621/1292 1697/628/1299
f 1696/627/1298 1697/628/1299 1690/621/1292
f 1692/623/1294 1691/622/1293 1698/629/1300
f 1697/628/1299 1698/629/1300 1691/622/1293
f 1698/629/1300 1699/630/1301 1692/623/1294
f 1700/631/1302 1692/623/1294 1699/630/1301
f 1692/623/1294 1700/631/1302 1677/608/1279
f 1677/608/1279 1678/609/1280 1692/623/1294
f 1676/607/1278 1677/608/1279 1700/631/1302
f 1700/631/1302 1701/632/1303 1676/607/1278
f 1675/606/1277 1676/607/1278 1701/632/1303
f 1701/632/1303 1702/633/1304 1675/606/1277
f 1674/605/1276 1675/606/1277 1702/633/1304
f 1702/633/1304 1703/634/1305 1674/605/1276
f 1673/604/1275 1674/605/1276 1703/634/1305
f 1703/634/1305 1704/635/1306 1673/604/1275
f 1672/603/1274 1673/604/1275 1704/635/1306
f 1704/635/1306 1705/636/1307 1672/603/1274
f 1671/602/1273 1672/603/1274 1705/636/1307
f 1705/636/1307 1670/601/1272 1671/602/1273
f 1701/632/1303 1700/631/1302 1706/637/1308
f 1699/630/1301 1706/637/1308 1700/631/1302
f 1702/633/1304 1701/632/1303 1707/638/1309
f 1706/637/1308 1707/638/1309 1701/632/1303
f 1703/634/1305 1702/633/1304 1708/639/1310
f 1707/638/1309 1708/639/1310 1702/633/1304
f 1704/635/1306 1703/634/1305 1709/640/1311
f 1708/639/1310 1709/640/1311 1703/634/1305
f 1705/636/1307 1704/635/1306 1710/641/1312
f 1709/640/1311 1710/641/1312 1704/635/1306
f 1670/601/1272 1705/636/1307 1711/642/1313
f 1710/641/1312 1711/642/1313 1705/636/1307
f 1711/642/1313 1712/643/1314 1670/601/1272
f 1669/600/1271 1670/601/1272 1712/643/1314
f 1712/643/1314 1713/644/1315 1669/600/1271
f 1714/645/1316 1669/600/1271 1713/644/1315
f 1669/600/1271 1714/645/1316 1664/595/1266
f 1666/597/1268 1664/595/1266 1714/645/1316
f 1714/645/1316 1715/646/1317 1666/597/1268
f 1667/598/1269 1666/597/1268 1715/646/1317
f 1715/646/1317 1716/647/1318 1667/598/1269
f 1668/599/1270 1667/598/1269 1716/647/1318
f 1715/646/1317 1714/645/1316 1717/648/1319
f 1713/644/1315 1717/648/1319 1714/645/1316
f 1716/647/1318 1715/646/1317 1718/649/1320
f 1717/648/1319 1719/649/1321 1715/646/1317
f 1709/640/1311 1720/650/1322 1710/641/1312
f 1720/650/1322 1709/640/1311 1721/651/1323
f 1708/639/1310 1721/651/1323 1709/640/1311
f 1721/651/1323 1708/639/1310 1722/652/1324
f 1707/638/1309 1722/652/1324 1708/639/1310
f 1722/652/1324 1707/638/1309 1723/653/1325
f 1706/637/1308 1723/653/1325 1707/638/1309
f 1723/653/1325 1706/637/1308 1724/654/1326
f 1699/630/1301 1724/654/1326 1706/637/1308
f 1724/654/1326 1699/630/1301 1725/655/1327
f 1698/629/1300 1725/655/1327 1699/630/1301
f 1725/655/1327 1698/629/1300 1726/656/1328
f 1697/628/1299 1726/656/1328 1698/629/1300
f 1726/656/1328 1697/628/1299 1727/657/1329
f 1696/627/1298 1727/657/1329 1697/628/1299
f 1727/657/1329 1696/627/1298 1728/658/1330
f 1695/626/1297 1728/658/1330 1696/627/1298
f 1695/626/1297 1693/624/1295 1728/658/1330
f 1729/659/1331 1728/658/1330 1693/624/1295
f 1579/510/1181 1730/660/1332 1580/511/1182
f 1731/661/1333 1580/511/1182 1730/660/1332
f 1731/661/1333 1732/662/1334 1580/511/1182
f 1580/511/1182 1732/662/1334 1733/663/1335
f 1582/513/1184 1580/511/1182 1733/663/1335
f 1605/536/1207 1582/513/1184 1733/663/1335
f 1613/544/1215 1605/536/1207 1733/663/1335
f 1655/586/1257 1654/585/1256 1665/596/1267
f 1646/577/1248 1734/664/1336 1647/578/1249
f 1647/578/1249 1734/664/1336 1681/612/1283
f 1681/612/1283 1734/664/1336 1685/616/1287
f 1737/616/1337 1736/665/1338 1735/615/1339
f 1738/666/1340 1735/615/1339 1736/665/1338
f 1739/664/1341 1736/665/1338 1737/616/1337
f 1736/665/1342 1741/664/1343 1740/667/1344
f 1742/577/1345 1740/667/1344 1741/664/1343
f 1740/667/1344 1742/577/1345 1743/668/1346
f 1744/576/1347 1743/668/1346 1742/577/1345
f 1743/668/1346 1744/576/1347 1745/669/1348
f 1746/573/1349 1745/669/1348 1744/576/1347
f 1747/572/1350 1745/669/1348 1746/573/1349
f 1745/669/1348 1747/572/1350 1748/670/1351
f 1749/570/1352 1748/670/1351 1747/572/1350
f 1748/670/1351 1749/570/1352 1750/671/1353
f 1751/569/1354 1750/671/1353 1749/570/1352
f 1750/671/1353 1751/569/1354 1752/672/1355
f 1753/567/1356 1752/672/1355 1751/569/1354
f 1752/672/1355 1753/567/1356 1754/673/1357
f 1755/566/1358 1754/673/1357 1753/567/1356
f 1754/673/1357 1755/566/1358 1756/674/1359
f 1757/548/1360 1756/674/1359 1755/566/1358
f 1756/674/1359 1757/548/1360 1758/675/1361
f 1759/546/1362 1758/675/1361 1757/548/1360
f 1758/675/1361 1759/546/1362 1760/676/1363
f 1761/545/1364 1760/676/1363 1759/546/1362
f 1760/676/1363 1761/545/1364 1762/677/1365
f 1763/543/1366 1762/677/1365 1761/545/1364
f 1762/677/1365 1763/543/1366 1764/678/1367
f 1765/544/1368 1764/678/1367 1763/543/1366
f 1764/678/1367 1765/544/1368 1766/679/1369
f 1767/663/1370 1766/679/1369 1765/544/1368
f 1766/679/1369 1767/663/1370 1768/680/1371
f 1769/662/1372 1768/680/1371 1767/663/1370
f 1770/661/1373 1768/680/1371 1769/662/1372
f 1768/680/1371 1770/661/1373 1771/681/1374
f 1772/660/1375 1771/681/1374 1770/661/1373
f 1771/681/1374 1772/660/1375 1773/682/1376
f 1774/510/1377 1773/682/1376 1772/660/1375
f 1775/508/1378 1773/682/1376 1774/510/1377
f 1773/682/1376 1775/508/1378 1776/683/1379
f 1777/507/1380 1776/683/1379 1775/508/1378
f 1778/505/1381 1776/683/1379 1777/507/1380
f 1776/683/1379 1778/505/1381 1779/684/1382
f 1780/504/1383 1779/684/1382 1778/505/1381
f 1779/684/1382 1780/504/1383 1781/685/1384
f 1782/502/1385 1781/685/1384 1780/504/1383
f 1783/501/1386 1781/685/1384 1782/502/1385
f 1781/685/1384 1783/501/1386 1784/686/1387
f 1785/496/1388 1784/686/1387 1783/501/1386
f 1784/686/1387 1785/496/1388 1786/687/1389
f 1787/498/1390 1786/687/1389 1785/496/1388
f 1790/688/1391 1789/689/1392 1788/690/1393
f 1791/691/1393 1788/690/1393 1789/689/1392
f 1789/689/1392 1790/688/1391 1792/692/1394
f 1793/693/1395 1792/692/1394 1790/688/1391
f 1792/692/1394 1793/693/1395 1794/694/1396
f 1795/695/1397 1794/694/1396 1793/693/1395
f 1794/694/1396 1795/695/1397 1796/696/1398
f 1797/697/1399 1796/696/1398 1795/695/1397
f 1796/696/1398 1797/697/1399 1798/698/1400
f 1799/699/1401 1798/698/1400 1797/697/1399
f 1798/698/1400 1799/699/1401 1800/700/1402
f 1801/701/1403 1800/700/1402 1799/699/1401
f 1800/700/1402 1801/701/1403 1802/702/1404
f 1803/703/1405 1802/702/1404 1801/701/1403
f 1802/702/1404 1803/703/1405 1804/704/1406
f 1805/705/1407 1804/704/1406 1803/703/1405
f 1804/704/1406 1805/705/1407 1806/706/1408
f 1807/707/1409 1806/706/1408 1805/705/1407
f 1806/706/1408 1807/707/1409 1808/708/1410
f 1809/709/1411 1808/708/1410 1807/707/1409
f 1808/708/1410 1809/709/1411 1810/710/1412
f 1811/711/1413 1810/710/1412 1809/709/1411
f 1810/710/1412 1811/711/1413 1812/712/1414
f 1813/713/1415 1812/712/1414 1811/711/1413
f 1812/712/1414 1813/713/1415 1814/714/1416
f 1815/715/1417 1814/714/1416 1813/713/1415
f 1814/714/1416 1815/715/1417 1816/716/1418
f 1817/717/1419 1816/716/1418 1815/715/1417
f 1816/716/1418 1817/717/1419 1818/718/1420
f 1819/719/1421 1818/718/1420 1817/717/1419
f 1818/718/1420 1819/719/1421 1820/720/1422
f 1821/721/1423 1820/720/1422 1819/719/1421
f 1820/720/1422 1821/721/1423 1822/722/1424
f 1823/723/1425 1822/722/1424 1821/721/1423
f 1822/722/1424 1823/723/1425 1824/724/1426
f 1825/725/1427 1824/724/1426 1823/723/1425
f 1824/724/1426 1825/725/1427 1826/726/1428
f 1827/727/1429 1826/726/1428 1825/725/1427
f 1826/726/1428 1827/727/1429 1828/728/1430
f 1829/729/1431 1828/728/1430 1827/727/1429
f 1828/728/1430 1829/729/1431 1830/730/1432
f 1831/731/1433 1830/730/1432 1829/729/1431
f 1830/730/1432 1831/731/1433 1832/732/1434
f 1833/733/1434 1832/732/1434 1831/731/1433
f 1836/734/1435 1835/735/1435 1834/736/1435
f 1835/735/1435 1837/737/1435 1834/736/1435
f 1838/738/1435 1837/737/1435 1835/735/1435
f 1837/737/1435 1839/739/1435 1834/736/1435
f 1840/740/1435 1839/739/1435 1837/737/1435
f 1841/741/1435 1840/740/1435 1837/737/1435
f 1842/742/1435 1841/741/1435 1837/737/1435
f 1843/743/1435 1842/742/1435 1837/737/1435
f 1844/744/1435 1841/741/1435 1842/742/1435
f 1845/745/1435 1840/740/1435 1841/741/1435
f 1846/746/1435 1845/745/1435 1841/741/1435
f 1847/747/1435 1840/740/1435 1845/745/1435
f 1848/748/1435 1839/739/1435 1840/740/1435
f 1849/749/1435 1848/748/1435 1840/740/1435
f 1850/750/1435 1849/749/1435 1840/740/1435
f 1851/751/1435 1848/748/1435 1849/749/1435
f 1852/752/1435 1839/739/1435 1848/748/1435
f 1853/753/1435 1852/752/1435 1848/748/1435
f 1854/754/1435 1839/739/1435 1852/752/1435
f 1839/739/1435 1855/755/1435 1834/736/1435
f 1834/736/1435 1855/755/1435 1856/756/1435
f 1859/497/1436 1858/757/1436 1857/499/1437
f 1860/758/1437 1857/499/1437 1858/757/1436
f 1858/757/1436 1859/497/1436 1861/759/1438
f 1862/500/1438 1861/759/1438 1859/497/1436
f 1861/759/1438 1862/500/1438 1863/760/1439
f 1864/503/1440 1863/760/1439 1862/500/1438
f 1863/760/1439 1864/503/1440 1865/761/1441
f 1866/506/1441 1865/761/1441 1864/503/1440
f 1865/761/1441 1866/506/1441 1867/762/1442
f 1868/509/1443 1867/762/1442 1866/506/1441
f 1867/762/1442 1868/509/1443 1869/763/1444
f 1870/512/1444 1869/763/1444 1868/509/1443
f 1869/763/1444 1870/512/1444 1871/764/1445
f 1872/514/1446 1871/764/1445 1870/512/1444
f 1871/764/1445 1872/514/1446 1873/765/1447
f 1874/516/1447 1873/765/1447 1872/514/1446
f 1873/765/1447 1874/516/1447 1875/766/1448
f 1876/518/1449 1875/766/1448 1874/516/1447
f 1875/766/1448 1876/518/1449 1877/767/1450
f 1878/520/1451 1877/767/1450 1876/518/1449
f 1877/767/1450 1878/520/1451 1879/768/1452
f 1880/522/1452 1879/768/1452 1878/520/1451
f 1879/768/1452 1880/522/1452 1881/769/1453
f 1882/524/1454 1881/769/1453 1880/522/1452
f 1881/769/1453 1882/524/1454 1883/770/1455
f 1884/526/1456 1883/770/1455 1882/524/1454
f 1883/770/1455 1884/526/1456 1885/771/1457
f 1886/528/1458 1885/771/1457 1884/526/1456
f 1885/771/1457 1886/528/1458 1887/772/1459
f 1888/530/1460 1887/772/1459 1886/528/1458
f 1887/772/1459 1888/530/1460 1889/773/1461
f 1890/532/1461 1889/773/1461 1888/530/1460
f 1893/757/1462 1892/774/1463 1891/758/1435
f 1894/775/1464 1891/758/1435 1892/774/1463
f 1892/774/1463 1893/757/1462 1895/776/1465
f 1896/759/1466 1895/776/1465 1893/757/1462
f 1895/776/1465 1896/759/1466 1897/777/1467
f 1898/760/1468 1897/777/1467 1896/759/1466
f 1897/777/1467 1898/760/1468 1899/778/1469
f 1900/761/1470 1899/778/1469 1898/760/1468
f 1899/778/1469 1900/761/1470 1901/779/1471
f 1902/762/1472 1901/779/1471 1900/761/1470
f 1901/779/1471 1902/762/1472 1903/780/1473
f 1904/763/1474 1903/780/1473 1902/762/1472
f 1903/780/1473 1904/763/1474 1905/781/1475
f 1906/764/1476 1905/781/1475 1904/763/1474
f 1905/781/1475 1906/764/1476 1907/782/1477
f 1908/765/1478 1907/782/1477 1906/764/1476
f 1907/782/1477 1908/765/1478 1909/783/1479
f 1910/766/1480 1909/783/1479 1908/765/1478
f 1909/783/1479 1910/766/1480 1911/784/1481
f 1912/767/1482 1911/784/1481 1910/766/1480
f 1911/784/1481 1912/767/1482 1913/785/1483
f 1914/768/1484 1913/785/1483 1912/767/1482
f 1913/785/1483 1914/768/1484 1915/786/1485
f 1916/769/1486 1915/786/1485 1914/768/1484
f 1915/786/1485 1916/769/1486 1917/787/1487
f 1918/770/1488 1917/787/1487 1916/769/1486
f 1917/787/1487 1918/770/1488 1919/788/1489
f 1920/771/1490 1919/788/1489 1918/770/1488
f 1919/788/1489 1920/771/1490 1921/789/1491
f 1922/772/1492 1921/789/1491 1920/771/1490
f 1921/789/1491 1922/772/1492 1923/790/1493
f 1924/773/1494 1923/790/1493 1922/772/1492
f 1927/791/1495 1926/792/1496 1925/793/1497
f 1926/792/1496 1928/794/1498 1925/793/1497
f 1929/795/1499 1928/794/1498 1926/792/1496
f 1930/796/1500 1929/795/1499 1926/792/1496
f 1931/797/1501 1930/796/1500 1926/792/1496
f 1932/798/1502 1929/795/1499 1930/796/1500
f 1933/799/1503 1928/794/1498 1929/795/1499
f 1934/800/1504 1933/799/1503 1929/795/1499
f 1935/801/1505 1934/800/1504 1929/795/1499
f 1936/802/1506 1935/801/1505 1929/795/1499
f 1937/803/1507 1934/800/1504 1935/801/1505
f 1938/804/1508 1933/799/1503 1934/800/1504
f 1939/805/1509 1938/804/1508 1934/800/1504
f 1940/806/1510 1933/799/1503 1938/804/1508
f 1925/793/1497 1928/794/1498 1941/807/1511
f 1941/807/1511 1928/794/1498 1942/808/1512
f 1943/809/1513 1942/808/1512 1928/794/1498
f 1942/808/1512 1943/809/1513 1944/810/1514
f 1945/811/1515 1944/810/1514 1943/809/1513
f 1944/810/1514 1945/811/1515 1946/812/1516
f 1947/813/1517 1946/812/1516 1945/811/1515
f 1946/812/1516 1947/813/1517 1948/814/1463
f 1949/815/1464 1948/814/1463 1947/813/1517
f 1948/814/1463 1950/816/1465 1946/812/1516
f 1951/817/1518 1946/812/1516 1950/816/1465
f 1946/812/1516 1951/817/1518 1944/810/1514
f 1950/816/1465 1952/818/1467 1951/817/1518
f 1953/819/1519 1951/817/1518 1952/818/1467
f 1952/818/1467 1954/820/1469 1953/819/1519
f 1955/821/1520 1953/819/1519 1954/820/1469
f 1954/820/1469 1956/822/1471 1955/821/1520
f 1957/823/1521 1955/821/1520 1956/822/1471
f 1956/822/1471 1958/824/1473 1957/823/1521
f 1959/825/1522 1957/823/1521 1958/824/1473
f 1958/824/1473 1960/826/1475 1959/825/1522
f 1961/827/1523 1959/825/1522 1960/826/1475
f 1960/826/1475 1962/828/1477 1961/827/1523
f 1963/829/1524 1961/827/1523 1962/828/1477
f 1962/828/1477 1964/830/1479 1963/829/1524
f 1965/831/1525 1963/829/1524 1964/830/1479
f 1964/830/1479 1966/832/1481 1965/831/1525
f 1967/833/1526 1965/831/1525 1966/832/1481
f 1966/832/1481 1968/834/1483 1967/833/1526
f 1969/835/1527 1967/833/1526 1968/834/1483
f 1968/834/1483 1970/836/1485 1969/835/1527
f 1971/837/1528 1969/835/1527 1970/836/1485
f 1970/836/1485 1972/838/1487 1971/837/1528
f 1973/839/1529 1971/837/1528 1972/838/1487
f 1972/838/1487 1974/840/1489 1973/839/1529
f 1975/841/1530 1973/839/1529 1974/840/1489
f 1974/840/1489 1976/842/1491 1975/841/1530
f 1977/843/1531 1975/841/1530 1976/842/1491
f 1976/842/1491 1978/844/1493 1977/843/1531
f 1979/845/1532 1977/843/1531 1978/844/1493
f 1965/831/1525 1967/833/1526 1980/846/1533
f 1980/846/1533 1981/847/1534 1965/831/1525
f 1981/847/1534 1980/846/1533 1982/848/1535
f 1982/848/1535 1983/849/1536 1981/847/1534
f 1984/850/1537 1981/847/1534 1983/849/1536
f 1983/849/1536 1985/851/1538 1984/850/1537
f 1986/852/1539 1984/850/1537 1985/851/1538
f 1985/851/1538 1987/853/1540 1986/852/1539
f 1988/854/1541 1986/852/1539 1987/853/1540
f 1987/853/1540 1989/855/1542 1988/854/1541
f 1990/856/1543 1988/854/1541 1989/855/1542
f 1989/855/1542 1991/857/1544 1990/856/1543
f 1992/858/1545 1990/856/1543 1991/857/1544
f 1991/857/1544 1993/859/1546 1992/858/1545
f 1994/860/1547 1992/858/1545 1993/859/1546
f 1993/859/1546 1942/808/1512 1994/860/1547
f 1944/810/1514 1994/860/1547 1942/808/1512
f 1994/860/1547 1944/810/1514 1951/817/1518
f 1942/808/1512 1993/859/1546 1941/807/1511
f 1925/793/1497 1941/807/1511 1993/859/1546
f 1993/859/1546 1991/857/1544 1925/793/1497
f 1951/817/1518 1953/819/1519 1994/860/1547
f 1992/858/1545 1994/860/1547 1953/819/1519
f 1927/791/1495 1925/793/1497 1991/857/1544
f 1991/857/1544 1989/855/1542 1927/791/1495
f 1953/819/1519 1955/821/1520 1992/858/1545
f 1990/856/1543 1992/858/1545 1955/821/1520
f 1926/792/1496 1927/791/1495 1989/855/1542
f 1955/821/1520 1957/823/1521 1990/856/1543
f 1988/854/1541 1990/856/1543 1957/823/1521
f 1957/823/1521 1959/825/1522 1988/854/1541
f 1986/852/1539 1988/854/1541 1959/825/1522
f 1959/825/1522 1961/827/1523 1986/852/1539
f 1984/850/1537 1986/852/1539 1961/827/1523
f 1961/827/1523 1963/829/1524 1984/850/1537
f 1981/847/1534 1984/850/1537 1963/829/1524
f 1963/829/1524 1965/831/1525 1981/847/1534
f 1989/855/1542 1987/853/1540 1926/792/1496
f 1931/797/1501 1926/792/1496 1987/853/1540
f 1987/853/1540 1985/851/1538 1931/797/1501
f 1930/796/1500 1931/797/1501 1985/851/1538
f 1985/851/1538 1983/849/1536 1930/796/1500
f 1932/798/1502 1930/796/1500 1983/849/1536
f 1983/849/1536 1982/848/1535 1932/798/1502
f 1929/795/1499 1932/798/1502 1982/848/1535
f 1982/848/1535 1995/861/1548 1929/795/1499
f 1995/861/1548 1982/848/1535 1980/846/1533
f 1936/802/1506 1929/795/1499 1995/861/1548
f 1980/846/1533 1996/862/1549 1995/861/1548
f 1996/862/1549 1980/846/1533 1967/833/1526
f 1997/863/1550 1995/861/1548 1996/862/1549
f 1995/861/1548 1997/863/1550 1936/802/1506
f 1935/801/1505 1936/802/1506 1997/863/1550
f 1967/833/1526 1969/835/1527 1996/862/1549
f 1998/864/1551 1996/862/1549 1969/835/1527
f 1996/862/1549 1998/864/1551 1997/863/1550
f 1999/865/1552 1997/863/1550 1998/864/1551
f 1997/863/1550 1999/865/1552 1935/801/1505
f 1937/803/1507 1935/801/1505 1999/865/1552
f 1969/835/1527 1971/837/1528 1998/864/1551
f 2000/866/1553 1998/864/1551 1971/837/1528
f 1998/864/1551 2000/866/1553 1999/865/1552
f 2001/867/1554 1999/865/1552 2000/866/1553
f 1999/865/1552 2001/867/1554 1937/803/1507
f 1934/800/1504 1937/803/1507 2001/867/1554
f 1971/837/1528 1973/839/1529 2000/866/1553
f 2002/868/1555 2000/866/1553 1973/839/1529
f 2000/866/1553 2002/868/1555 2001/867/1554
f 2003/869/1556 2001/867/1554 2002/868/1555
f 2001/867/1554 2003/869/1556 1934/800/1504
f 1939/805/1509 1934/800/1504 2003/869/1556
f 1973/839/1529 1975/841/1530 2002/868/1555
f 2004/870/1557 2002/868/1555 1975/841/1530
f 2002/868/1555 2004/870/1557 2003/869/1556
f 2005/871/1558 2003/869/1556 2004/870/1557
f 2003/869/1556 2005/871/1558 1939/805/1509
f 1938/804/1508 1939/805/1509 2005/871/1558
f 1975/841/1530 1977/843/1531 2004/870/1557
f 2006/872/1559 2004/870/1557 1977/843/1531
f 2004/870/1557 2006/872/1559 2005/871/1558
f 2007/873/1560 2005/871/1558 2006/872/1559
f 2005/871/1558 2007/873/1560 1938/804/1508
f 1940/806/1510 1938/804/1508 2007/873/1560
f 1977/843/1531 1979/845/1532 2006/872/1559
f 2008/874/1561 2006/872/1559 1979/845/1532
f 2006/872/1559 2008/874/1561 2007/873/1560
f 2009/875/1562 2007/873/1560 2008/874/1561
f 2007/873/1560 2009/875/1562 1940/806/1510
f 1933/799/1503 1940/806/1510 2009/875/1562
f 2010/876/1563 1710/641/1312 1720/650/1322
f 1710/641/1312 2010/876/1563 1711/642/1313
f 2011/877/1564 1711/642/1313 2010/876/1563
f 1711/642/1313 2011/877/1564 1712/643/1314
f 2012/878/1565 1712/643/1314 2011/877/1564
f 1712/643/1314 2012/878/1565 1713/644/1315
f 2013/879/1566 1713/644/1315 2012/878/1565
f 1713/644/1315 2013/879/1566 1717/648/1319
f 2014/880/1567 1717/648/1319 2013/879/1566
f 1717/648/1319 2014/880/1567 1719/649/1321
f 2015/881/1568 1718/649/1320 2014/880/1567
f 2017/648/1569 2016/646/1570 1719/649/1320
f 2016/646/1570 2017/648/1569 2018/645/1571
f 2018/645/1571 2019/597/1572 2016/646/1570
f 2019/597/1572 2018/645/1571 2020/595/1573
f 2020/595/1573 2021/587/1574 2019/597/1572
f 2021/587/1574 2020/595/1573 2022/586/1575
f 2022/586/1575 2023/559/1576 2021/587/1574
f 2023/559/1576 2022/586/1575 2024/560/1577
f 2024/560/1577 2025/551/1578 2023/559/1576
f 2025/551/1578 2024/560/1577 2026/550/1579
f 2026/550/1579 2027/533/1580 2025/551/1578
f 2027/533/1580 2026/550/1579 2028/534/1581
f 2028/534/1581 2029/517/1582 2027/533/1580
f 2029/517/1582 2028/534/1581 2030/515/1583
f 2030/515/1583 2031/516/1584 2029/517/1582
f 2031/516/1584 2030/515/1583 2032/514/1585
f 2033/513/1586 2032/514/1585 2030/515/1583
f 2032/514/1585 2033/513/1586 2034/512/1587
f 2035/511/1588 2034/512/1587 2033/513/1586
f 2034/512/1587 2035/511/1588 2036/509/1589
f 2037/510/1590 2036/509/1589 2035/511/1588
f 2037/510/1590 2038/508/1591 2036/509/1589
f 2036/509/1589 2038/508/1591 2039/506/1592
f 2038/508/1591 2040/507/1593 2039/506/1592
f 2040/507/1593 2041/505/1594 2039/506/1592
f 2039/506/1592 2041/505/1594 2042/503/1595
f 2041/505/1594 2043/504/1596 2042/503/1595
f 2043/504/1596 2044/502/1597 2042/503/1595
f 2042/503/1595 2044/502/1597 2045/500/1598
f 2044/502/1597 2046/501/1599 2045/500/1598
f 2046/501/1599 2047/496/1600 2045/500/1598
f 2048/497/1601 2045/500/1598 2047/496/1600
f 2047/496/1600 2049/498/1169 2048/497/1601
f 2050/499/1170 2048/497/1601 2049/498/1169
f 2037/510/1590 2035/511/1588 2051/660/1602
f 2052/661/1603 2051/660/1602 2035/511/1588
f 2052/661/1603 2035/511/1588 2053/662/1604
f 2053/662/1604 2035/511/1588 2054/663/1605
f 2035/511/1588 2033/513/1586 2054/663/1605
f 2033/513/1586 2055/536/1606 2054/663/1605
f 2055/536/1606 2033/513/1586 2056/535/1607
f 2030/515/1583 2056/535/1607 2033/513/1586
f 2056/535/1607 2030/515/1583 2028/534/1581
f 2056/535/1607 2057/541/1608 2055/536/1606
f 2058/542/1609 2055/536/1606 2057/541/1608
f 2055/536/1606 2058/542/1609 2059/543/1610
f 2060/544/1611 2055/536/1606 2059/543/1610
f 2055/536/1606 2060/544/1611 2054/663/1605
f 2059/543/1610 2058/542/1609 2061/545/1612
f 2061/545/1612 2058/542/1609 2062/546/1613
f 2058/542/1609 2063/547/1614 2062/546/1613
f 2062/546/1613 2063/547/1614 2064/548/1615
f 2057/541/1608 2056/535/1607 2065/549/1616
f 2028/534/1581 2065/549/1616 2056/535/1607
f 2065/549/1616 2028/534/1581 2026/550/1579
f 2063/547/1614 2066/565/1617 2064/548/1615
f 2064/548/1615 2066/565/1617 2067/566/1618
f 2067/566/1618 2066/565/1617 2068/567/1619
f 2066/565/1617 2069/568/1620 2068/567/1619
f 2068/567/1619 2069/568/1620 2070/569/1621
f 2070/569/1621 2069/568/1620 2071/570/1622
f 2069/568/1620 2072/571/1623 2071/570/1622
f 2071/570/1622 2072/571/1623 2073/572/1624
f 2074/573/1625 2073/572/1624 2072/571/1623
f 2066/565/1617 2063/547/1614 2075/564/1626
f 2058/542/1609 2075/564/1626 2063/547/1614
f 2075/564/1626 2058/542/1609 2076/563/1627
f 2057/541/1608 2076/563/1627 2058/542/1609
f 2076/563/1627 2057/541/1608 2077/562/1628
f 2065/549/1616 2077/562/1628 2057/541/1608
f 2077/562/1628 2065/549/1616 2078/561/1629
f 2026/550/1579 2078/561/1629 2065/549/1616
f 2078/561/1629 2026/550/1579 2024/560/1577
f 2072/571/1623 2079/574/1630 2074/573/1625
f 2074/573/1625 2079/574/1630 2080/575/1631
f 2081/576/1632 2074/573/1625 2080/575/1631
f 2081/576/1632 2080/575/1631 2082/577/1633
f 2083/578/1634 2082/577/1633 2080/575/1631
f 2076/563/1627 2084/582/1635 2075/564/1626
f 2085/581/1636 2075/564/1626 2084/582/1635
f 2075/564/1626 2085/581/1636 2066/565/1617
f 2086/580/1637 2066/565/1617 2085/581/1636
f 2066/565/1617 2086/580/1637 2069/568/1620
f 2087/579/1638 2069/568/1620 2086/580/1637
f 2079/574/1630 2072/571/1623 2087/579/1638
f 2069/568/1620 2087/579/1638 2072/571/1623
f 2080/575/1631 2088/610/1639 2083/578/1634
f 2089/611/1640 2083/578/1634 2088/610/1639
f 2083/578/1634 2089/611/1640 2090/612/1641
f 2091/613/1642 2090/612/1641 2089/611/1640
f 2090/612/1641 2091/613/1642 2092/614/1285
f 2092/614/1285 2093/615/1286 2090/612/1641
f 2094/616/1643 2090/612/1641 2093/615/1286
f 2095/617/1288 2092/614/1285 2091/613/1642
f 2086/580/1637 2096/607/1644 2087/579/1638
f 2097/608/1645 2087/579/1638 2096/607/1644
f 2087/579/1638 2097/608/1645 2079/574/1630
f 2098/609/1646 2079/574/1630 2097/608/1645
f 2088/610/1639 2080/575/1631 2098/609/1646
f 2079/574/1630 2098/609/1646 2080/575/1631
f 2091/613/1642 2099/618/1647 2095/617/1288
f 2100/619/1290 2095/617/1288 2099/618/1647
f 2099/618/1647 2091/613/1642 2101/620/1648
f 2089/611/1640 2101/620/1648 2091/613/1642
f 2101/620/1648 2089/611/1640 2102/621/1649
f 2088/610/1639 2102/621/1649 2089/611/1640
f 2102/621/1649 2088/610/1639 2103/622/1650
f 2098/609/1646 2103/622/1650 2088/610/1639
f 2103/622/1650 2098/609/1646 2104/623/1651
f 2097/608/1645 2104/623/1651 2098/609/1646
f 2104/623/1651 2097/608/1645 2105/631/1652
f 2096/607/1644 2105/631/1652 2097/608/1645
f 2105/631/1652 2096/607/1644 2106/632/1653
f 2107/606/1654 2106/632/1653 2096/607/1644
f 2096/607/1644 2086/580/1637 2107/606/1654
f 2085/581/1636 2107/606/1654 2086/580/1637
f 2107/606/1654 2085/581/1636 2108/605/1655
f 2084/582/1635 2108/605/1655 2085/581/1636
f 2108/605/1655 2084/582/1635 2109/604/1656
f 2110/583/1657 2109/604/1656 2084/582/1635
f 2084/582/1635 2076/563/1627 2110/583/1657
f 2077/562/1628 2110/583/1657 2076/563/1627
f 2110/583/1657 2077/562/1628 2111/584/1658
f 2078/561/1629 2111/584/1658 2077/562/1628
f 2111/584/1658 2078/561/1629 2112/585/1659
f 2024/560/1577 2112/585/1659 2078/561/1629
f 2112/585/1659 2024/560/1577 2022/586/1575
f 2109/604/1656 2110/583/1657 2113/603/1660
f 2111/584/1658 2113/603/1660 2110/583/1657
f 2113/603/1660 2111/584/1658 2114/602/1661
f 2112/585/1659 2114/602/1661 2111/584/1658
f 2114/602/1661 2112/585/1659 2115/596/1662
f 2022/586/1575 2115/596/1662 2112/585/1659
f 2115/596/1662 2022/586/1575 2020/595/1573
f 2109/604/1656 2116/634/1663 2108/605/1655
f 2117/633/1664 2108/605/1655 2116/634/1663
f 2116/634/1663 2109/604/1656 2118/635/1665
f 2113/603/1660 2118/635/1665 2109/604/1656
f 2118/635/1665 2113/603/1660 2119/636/1666
f 2114/602/1661 2119/636/1666 2113/603/1660
f 2119/636/1666 2114/602/1661 2120/601/1667
f 2115/596/1662 2120/601/1667 2114/602/1661
f 2120/601/1667 2115/596/1662 2121/600/1668
f 2020/595/1573 2121/600/1668 2115/596/1662
f 2121/600/1668 2020/595/1573 2018/645/1571
f 2116/634/1663 2122/639/1669 2117/633/1664
f 2123/638/1670 2117/633/1664 2122/639/1669
f 2117/633/1664 2123/638/1670 2106/632/1653
f 2106/632/1653 2107/606/1654 2117/633/1664
f 2108/605/1655 2117/633/1664 2107/606/1654
f 2124/637/1671 2106/632/1653 2123/638/1670
f 2106/632/1653 2124/637/1671 2105/631/1652
f 2125/630/1672 2105/631/1652 2124/637/1671
f 2105/631/1652 2125/630/1672 2104/623/1651
f 2126/629/1673 2104/623/1651 2125/630/1672
f 2104/623/1651 2126/629/1673 2103/622/1650
f 2127/628/1674 2103/622/1650 2126/629/1673
f 2103/622/1650 2127/628/1674 2102/621/1649
f 2128/627/1675 2102/621/1649 2127/628/1674
f 2102/621/1649 2128/627/1675 2101/620/1648
f 2129/626/1676 2101/620/1648 2128/627/1675
f 2101/620/1648 2129/626/1676 2099/618/1647
f 2130/624/1677 2099/618/1647 2129/626/1676
f 2099/618/1647 2130/624/1677 2100/619/1290
f 2129/626/1676 2128/627/1675 2131/658/1678
f 2129/626/1676 2131/658/1678 2130/624/1677
f 2132/657/1679 2131/658/1678 2128/627/1675
f 2128/627/1675 2127/628/1674 2132/657/1679
f 2133/656/1680 2132/657/1679 2127/628/1674
f 2127/628/1674 2126/629/1673 2133/656/1680
f 2134/655/1681 2133/656/1680 2126/629/1673
f 2126/629/1673 2125/630/1672 2134/655/1681
f 2135/654/1682 2134/655/1681 2125/630/1672
f 2136/659/1331 2130/624/1677 2131/658/1678
f 1694/625/1296 1688/619/1290 2130/624/1683
f 2137/653/1684 2135/654/1682 2124/637/1671
f 2125/630/1672 2124/637/1671 2135/654/1682
f 2124/637/1671 2123/638/1670 2137/653/1684
f 2138/652/1685 2137/653/1684 2123/638/1670
f 2123/638/1670 2122/639/1669 2138/652/1685
f 2139/651/1686 2138/652/1685 2122/639/1669
f 2122/639/1669 2140/640/1687 2139/651/1686
f 2122/639/1669 2116/634/1663 2140/640/1687
f 2118/635/1665 2140/640/1687 2116/634/1663
f 2140/640/1687 2118/635/1665 2141/641/1688
f 2119/636/1666 2141/641/1688 2118/635/1665
f 2141/641/1688 2119/636/1666 2142/642/1689
f 2120/601/1667 2142/642/1689 2119/636/1666
f 2142/642/1689 2120/601/1667 2143/643/1690
f 2121/600/1668 2143/643/1690 2120/601/1667
f 2143/643/1690 2121/600/1668 2144/644/1691
f 2018/645/1571 2144/644/1691 2121/600/1668
f 2144/644/1691 2018/645/1571 2017/648/1569
f 2145/650/1692 2139/651/1686 2140/640/1687
f 2140/640/1687 2141/641/1688 2145/650/1692
f 2146/876/1693 2145/650/1692 2141/641/1688
f 2141/641/1688 2142/642/1689 2146/876/1693
f 2147/877/1694 2146/876/1693 2142/642/1689
f 2142/642/1689 2143/643/1690 2147/877/1694
f 2148/878/1695 2147/877/1694 2143/643/1690
f 2143/643/1690 2144/644/1691 2148/878/1695
f 2149/879/1696 2148/878/1695 2144/644/1691
f 2144/644/1691 2017/648/1569 2149/879/1696
f 2150/880/1697 2149/879/1696 2017/648/1569
f 2017/648/1569 1719/649/1320 2150/880/1697
f 2151/881/1698 2150/880/1697 1719/649/1320
f 2152/647/1318 1719/649/1320 2016/646/1570
f 2016/646/1570 2153/598/1699 2152/647/1318
f 2153/598/1699 2016/646/1570 2019/597/1572
f 2019/597/1572 2154/592/1700 2153/598/1699
f 2154/592/1700 2019/597/1572 2021/587/1574
f 2021/587/1574 2155/588/1701 2154/592/1700
f 2155/588/1701 2021/587/1574 2023/559/1576
f 2023/559/1576 2156/554/1702 2155/588/1701
f 2156/554/1702 2023/559/1576 2025/551/1578
f 2025/551/1578 2157/552/1703 2156/554/1702
f 2157/552/1703 2025/551/1578 2027/533/1580
f 2027/533/1580 2158/519/1704 2157/552/1703
f 2158/519/1704 2027/533/1580 2029/517/1582
f 2029/517/1582 2159/518/1705 2158/519/1704
f 2159/518/1705 2029/517/1582 2031/516/1584
f 2160/520/1706 2158/519/1704 2159/518/1705
f 2158/519/1704 2160/520/1706 2161/521/1707
f 2161/521/1707 2157/552/1703 2158/519/1704
f 2162/522/1708 2161/521/1707 2160/520/1706
f 2161/521/1707 2162/522/1708 2163/523/1709
f 2164/524/1710 2163/523/1709 2162/522/1708
f 2163/523/1709 2164/524/1710 2165/525/1711
f 2166/526/1712 2165/525/1711 2164/524/1710
f 2165/525/1711 2166/526/1712 2167/527/1713
f 2168/528/1714 2167/527/1713 2166/526/1712
f 2167/527/1713 2168/528/1714 2169/529/1715
f 2170/530/1716 2169/529/1715 2168/528/1714
f 2169/529/1715 2170/530/1716 2171/531/1202
f 2172/532/1203 2171/531/1202 2170/530/1716
f 2163/523/1709 2173/553/1717 2161/521/1707
f 2157/552/1703 2161/521/1707 2173/553/1717
f 2173/553/1717 2163/523/1709 2174/538/1718
f 2165/525/1711 2174/538/1718 2163/523/1709
f 2174/538/1718 2165/525/1711 2175/537/1719
f 2167/527/1713 2175/537/1719 2165/525/1711
f 2175/537/1719 2167/527/1713 2176/539/1720
f 2169/529/1715 2176/539/1720 2167/527/1713
f 2176/539/1720 2169/529/1715 2177/540/1211
f 2171/531/1202 2177/540/1211 2169/529/1715
f 2173/553/1717 2156/554/1702 2157/552/1703
f 2156/554/1702 2173/553/1717 2178/555/1721
f 2174/538/1718 2178/555/1721 2173/553/1717
f 2178/555/1721 2174/538/1718 2179/556/1722
f 2175/537/1719 2179/556/1722 2174/538/1718
f 2179/556/1722 2175/537/1719 2180/557/1723
f 2176/539/1720 2180/557/1723 2175/537/1719
f 2180/557/1723 2176/539/1720 2181/558/1229
f 2177/540/1211 2181/558/1229 2176/539/1720
f 2178/555/1721 2155/588/1701 2156/554/1702
f 2155/588/1701 2178/555/1721 2182/589/1724
f 2179/556/1722 2182/589/1724 2178/555/1721
f 2182/589/1724 2179/556/1722 2183/590/1725
f 2180/557/1723 2183/590/1725 2179/556/1722
f 2183/590/1725 2180/557/1723 2184/591/1262
f 2181/558/1229 2184/591/1262 2180/557/1723
f 2182/589/1724 2154/592/1700 2155/588/1701
f 2154/592/1700 2182/589/1724 2185/593/1726
f 2183/590/1725 2185/593/1726 2182/589/1724
f 2185/593/1726 2183/590/1725 2186/594/1265
f 2184/591/1262 2186/594/1265 2183/590/1725
f 2185/593/1726 2153/598/1699 2154/592/1700
f 2153/598/1699 2185/593/1726 2187/599/1270
f 2186/594/1265 2187/599/1270 2185/593/1726
f 2187/599/1270 2152/647/1318 2153/598/1699
f 2190/658/1727 2189/882/1728 2188/657/1729
f 2191/883/1730 2188/657/1729 2189/882/1728
f 2188/657/1729 2191/883/1730 2192/656/1731
f 2193/884/1732 2192/656/1731 2191/883/1730
f 2192/656/1731 2193/884/1732 2194/655/1733
f 2195/885/1734 2194/655/1733 2193/884/1732
f 2194/655/1733 2195/885/1734 2196/654/1735
f 2197/886/1736 2196/654/1735 2195/885/1734
f 2196/654/1735 2197/886/1736 2198/653/1737
f 2199/887/1738 2198/653/1737 2197/886/1736
f 2198/653/1737 2199/887/1738 2200/652/1739
f 2201/888/1740 2200/652/1739 2199/887/1738
f 2200/652/1739 2201/888/1740 2202/651/1741
f 2203/889/1742 2202/651/1741 2201/888/1740
f 2202/651/1741 2203/889/1742 2204/650/1743
f 2205/890/1744 2204/650/1743 2203/889/1742
f 2204/650/1743 2205/890/1744 2206/876/1745
f 2207/891/1746 2206/876/1745 2205/890/1744
f 2206/876/1745 2207/891/1746 2208/877/1747
f 2209/892/1748 2208/877/1747 2207/891/1746
f 2208/877/1747 2209/892/1748 2210/878/1749
f 2211/893/1750 2210/878/1749 2209/892/1748
f 2210/878/1749 2211/893/1750 2212/879/1751
f 2213/894/1752 2212/879/1751 2211/893/1750
f 2212/879/1751 2213/894/1752 2214/880/1753
f 2215/881/1754 2214/880/1753 2213/894/1752
f 2189/882/1728 2190/658/1727 2216/659/1755
f 2219/624/1478 2218/625/1478 2217/659/1478
f 2082/577/1633 2083/578/1634 2220/664/1756
f 2083/578/1634 2090/612/1641 2220/664/1756
f 2220/664/1756 2090/612/1641 2094/616/1643
f 2223/666/1340 2222/665/1757 2221/615/1339
f 2224/616/1758 2221/615/1339 2222/665/1757
f 2222/665/1757 2225/664/1759 2224/616/1758
f 2222/665/1760 2227/667/1761 2226/664/1762
f 2228/577/1763 2226/664/1762 2227/667/1761
f 2227/667/1761 2229/668/1764 2228/577/1763
f 2230/576/1765 2228/577/1763 2229/668/1764
f 2229/668/1764 2231/669/1766 2230/576/1765
f 2232/573/1767 2230/576/1765 2231/669/1766
f 2231/669/1766 2233/572/1768 2232/573/1767
f 2231/669/1766 2234/670/1769 2233/572/1768
f 2235/570/1770 2233/572/1768 2234/670/1769
f 2234/670/1769 2236/671/1771 2235/570/1770
f 2237/569/1772 2235/570/1770 2236/671/1771
f 2236/671/1771 2238/672/1773 2237/569/1772
f 2239/567/1774 2237/569/1772 2238/672/1773
f 2238/672/1773 2240/673/1775 2239/567/1774
f 2241/566/1776 2239/567/1774 2240/673/1775
f 2240/673/1775 2242/674/1777 2241/566/1776
f 2243/548/1778 2241/566/1776 2242/674/1777
f 2242/674/1777 2244/675/1779 2243/548/1778
f 2245/546/1780 2243/548/1778 2244/675/1779
f 2244/675/1779 2246/676/1781 2245/546/1780
f 2247/545/1782 2245/546/1780 2246/676/1781
f 2246/676/1781 2248/677/1783 2247/545/1782
f 2249/543/1784 2247/545/1782 2248/677/1783
f 2248/677/1783 2250/678/1785 2249/543/1784
f 2251/544/1786 2249/543/1784 2250/678/1785
f 2250/678/1785 2252/679/1787 2251/544/1786
f 2253/663/1788 2251/544/1786 2252/679/1787
f 2252/679/1787 2254/680/1789 2253/663/1788
f 2255/662/1790 2253/663/1788 2254/680/1789
f 2254/680/1789 2256/661/1791 2255/662/1790
f 2254/680/1789 2257/681/1792 2256/661/1791
f 2258/660/1793 2256/661/1791 2257/681/1792
f 2257/681/1792 2259/682/1794 2258/660/1793
f 2260/510/1795 2258/660/1793 2259/682/1794
f 2259/682/1794 2261/508/1796 2260/510/1795
f 2259/682/1794 2262/683/1797 2261/508/1796
f 2263/507/1798 2261/508/1796 2262/683/1797
f 2262/683/1797 2264/505/1799 2263/507/1798
f 2262/683/1797 2265/684/1800 2264/505/1799
f 2266/504/1801 2264/505/1799 2265/684/1800
f 2265/684/1800 2267/685/1802 2266/504/1801
f 2268/502/1803 2266/504/1801 2267/685/1802
f 2267/685/1802 2269/501/1804 2268/502/1803
f 2267/685/1802 2270/686/1805 2269/501/1804
f 2271/496/1806 2269/501/1804 2270/686/1805
f 2270/686/1805 2272/687/1389 2271/496/1806
f 2273/498/1390 2271/496/1806 2272/687/1389
f 2276/691/1393 2275/689/1807 2274/690/1393
f 2277/688/1808 2274/690/1393 2275/689/1807
f 2275/689/1807 2278/692/1809 2277/688/1808
f 2279/693/1810 2277/688/1808 2278/692/1809
f 2278/692/1809 2280/694/1811 2279/693/1810
f 2281/695/1812 2279/693/1810 2280/694/1811
f 2280/694/1811 2282/696/1813 2281/695/1812
f 2283/697/1814 2281/695/1812 2282/696/1813
f 2282/696/1813 2284/698/1815 2283/697/1814
f 2285/699/1816 2283/697/1814 2284/698/1815
f 2284/698/1815 2286/700/1817 2285/699/1816
f 2287/701/1818 2285/699/1816 2286/700/1817
f 2286/700/1817 2288/702/1819 2287/701/1818
f 2289/703/1820 2287/701/1818 2288/702/1819
f 2288/702/1819 2290/704/1821 2289/703/1820
f 2291/705/1822 2289/703/1820 2290/704/1821
f 2290/704/1821 2292/706/1823 2291/705/1822
f 2293/707/1824 2291/705/1822 2292/706/1823
f 2292/706/1823 2294/708/1825 2293/707/1824
f 2295/709/1826 2293/707/1824 2294/708/1825
f 2294/708/1825 2296/710/1827 2295/709/1826
f 2297/711/1828 2295/709/1826 2296/710/1827
f 2296/710/1827 2298/712/1829 2297/711/1828
f 2299/713/1830 2297/711/1828 2298/712/1829
f 2298/712/1829 2300/714/1831 2299/713/1830
f 2301/715/1832 2299/713/1830 2300/714/1831
f 2300/714/1831 2302/716/1833 2301/715/1832
f 2303/717/1834 2301/715/1832 2302/716/1833
f 2302/716/1833 2304/718/1835 2303/717/1834
f 2305/719/1836 2303/717/1834 2304/718/1835
f 2304/718/1835 2306/720/1837 2305/719/1836
f 2307/721/1838 2305/719/1836 2306/720/1837
f 2306/720/1837 2308/722/1839 2307/721/1838
f 2309/723/1840 2307/721/1838 2308/722/1839
f 2308/722/1839 2310/724/1841 2309/723/1840
f 2311/725/1842 2309/723/1840 2310/724/1841
f 2310/724/1841 2312/726/1843 2311/725/1842
f 2313/727/1844 2311/725/1842 2312/726/1843
f 2312/726/1843 2314/728/1845 2313/727/1844
f 2315/729/1846 2313/727/1844 2314/728/1845
f 2314/728/1845 2316/730/1847 2315/729/1846
f 2317/731/1848 2315/729/1846 2316/730/1847
f 2316/730/1847 2318/732/1434 2317/731/1848
f 2319/733/1434 2317/731/1848 2318/732/1434
f 2322/754/1435 2321/752/1435 2320/739/1435
f 2321/752/1435 2323/748/1435 2320/739/1435
f 2324/753/1435 2323/748/1435 2321/752/1435
f 2323/748/1435 2325/740/1435 2320/739/1435
f 2326/749/1435 2325/740/1435 2323/748/1435
f 2327/751/1435 2326/749/1435 2323/748/1435
f 2328/750/1435 2325/740/1435 2326/749/1435
f 2325/740/1435 2329/737/1435 2320/739/1435
f 2330/741/1435 2329/737/1435 2325/740/1435
f 2331/745/1435 2330/741/1435 2325/740/1435
f 2332/747/1435 2331/745/1435 2325/740/1435
f 2333/746/1435 2330/741/1435 2331/745/1435
f 2334/742/1435 2329/737/1435 2330/741/1435
f 2335/744/1435 2334/742/1435 2330/741/1435
f 2336/743/1435 2329/737/1435 2334/742/1435
f 2338/738/1435 2337/735/1435 2329/737/1435
f 2337/735/1435 2339/736/1435 2329/737/1435
f 2340/734/1435 2339/736/1435 2337/735/1435
f 2329/737/1435 2339/736/1435 2320/739/1435
f 2320/739/1435 2339/736/1435 2341/755/1435
f 2341/755/1435 2339/736/1435 2342/756/1435
f 2345/758/1437 2344/757/1849 2343/499/1437
f 2346/497/1849 2343/499/1437 2344/757/1849
f 2344/757/1849 2347/759/1850 2346/497/1849
f 2348/500/1850 2346/497/1849 2347/759/1850
f 2347/759/1850 2349/760/1851 2348/500/1850
f 2350/503/1852 2348/500/1850 2349/760/1851
f 2349/760/1851 2351/761/1853 2350/503/1852
f 2352/506/1853 2350/503/1852 2351/761/1853
f 2351/761/1853 2353/762/1854 2352/506/1853
f 2354/509/1855 2352/506/1853 2353/762/1854
f 2353/762/1854 2355/763/1856 2354/509/1855
f 2356/512/1857 2354/509/1855 2355/763/1856
f 2355/763/1856 2357/764/1858 2356/512/1857
f 2358/514/1859 2356/512/1857 2357/764/1858
f 2357/764/1858 2359/765/1860 2358/514/1859
f 2360/516/1860 2358/514/1859 2359/765/1860
f 2359/765/1860 2361/766/1861 2360/516/1860
f 2362/518/1862 2360/516/1860 2361/766/1861
f 2361/766/1861 2363/767/1863 2362/518/1862
f 2364/520/1864 2362/518/1862 2363/767/1863
f 2363/767/1863 2365/768/1865 2364/520/1864
f 2366/522/1865 2364/520/1864 2365/768/1865
f 2365/768/1865 2367/769/1866 2366/522/1865
f 2368/524/1867 2366/522/1865 2367/769/1866
f 2367/769/1866 2369/770/1868 2368/524/1867
f 2370/526/1869 2368/524/1867 2369/770/1868
f 2369/770/1868 2371/771/1870 2370/526/1869
f 2372/528/1871 2370/526/1869 2371/771/1870
f 2371/771/1870 2373/772/1872 2372/528/1871
f 2374/530/1873 2372/528/1871 2373/772/1872
f 2373/772/1872 2375/773/1461 2374/530/1873
f 2376/532/1461 2374/530/1873 2375/773/1461
f 2379/775/1464 2378/774/1874 2377/758/1435
f 2380/757/1875 2377/758/1435 2378/774/1874
f 2378/774/1874 2381/776/1876 2380/757/1875
f 2382/759/1877 2380/757/1875 2381/776/1876
f 2381/776/1876 2383/777/1878 2382/759/1877
f 2384/760/1879 2382/759/1877 2383/777/1878
f 2383/777/1878 2385/778/1880 2384/760/1879
f 2386/761/1881 2384/760/1879 2385/778/1880
f 2385/778/1880 2387/779/1882 2386/761/1881
f 2388/762/1883 2386/761/1881 2387/779/1882
f 2387/779/1882 2389/780/1884 2388/762/1883
f 2390/763/1885 2388/762/1883 2389/780/1884
f 2389/780/1884 2391/781/1886 2390/763/1885
f 2392/764/1887 2390/763/1885 2391/781/1886
f 2391/781/1886 2393/782/1888 2392/764/1887
f 2394/765/1889 2392/764/1887 2393/782/1888
f 2393/782/1888 2395/783/1890 2394/765/1889
f 2396/766/1891 2394/765/1889 2395/783/1890
f 2395/783/1890 2397/784/1892 2396/766/1891
f 2398/767/1893 2396/766/1891 2397/784/1892
f 2397/784/1892 2399/785/1894 2398/767/1893
f 2400/768/1895 2398/767/1893 2399/785/1894
f 2399/785/1894 2401/786/1896 2400/768/1895
f 2402/769/1897 2400/768/1895 2401/786/1896
f 2401/786/1896 2403/787/1898 2402/769/1897
f 2404/770/1899 2402/769/1897 2403/787/1898
f 2403/787/1898 2405/788/1900 2404/770/1899
f 2406/771/1901 2404/770/1899 2405/788/1900
f 2405/788/1900 2407/789/1902 2406/771/1901
f 2408/772/1903 2406/771/1901 2407/789/1902
f 2407/789/1902 2409/790/1493 2408/772/1903
f 2410/773/1494 2408/772/1903 2409/790/1493
f 2413/806/1904 2412/804/1905 2411/799/1503
f 2412/804/1905 2414/800/1906 2411/799/1503
f 2415/805/1907 2414/800/1906 2412/804/1905
f 2414/800/1906 2416/795/1908 2411/799/1503
f 2417/801/1909 2416/795/1908 2414/800/1906
f 2418/803/1910 2417/801/1909 2414/800/1906
f 2419/802/1911 2416/795/1908 2417/801/1909
f 2411/799/1503 2416/795/1908 2420/794/1498
f 2416/795/1908 2421/792/1912 2420/794/1498
f 2422/796/1913 2421/792/1912 2416/795/1908
f 2423/798/1914 2422/796/1913 2416/795/1908
f 2424/797/1915 2421/792/1912 2422/796/1913
f 2421/792/1912 2425/793/1916 2420/794/1498
f 2426/791/1917 2425/793/1916 2421/792/1912
f 2420/794/1498 2425/793/1916 2427/807/1918
f 2427/807/1918 2428/808/1919 2420/794/1498
f 2429/809/1513 2420/794/1498 2428/808/1919
f 2428/808/1919 2430/810/1920 2429/809/1513
f 2431/811/1515 2429/809/1513 2430/810/1920
f 2430/810/1920 2432/812/1921 2431/811/1515
f 2433/813/1517 2431/811/1515 2432/812/1921
f 2432/812/1921 2434/814/1874 2433/813/1517
f 2435/815/1464 2433/813/1517 2434/814/1874
f 2434/814/1874 2432/812/1921 2436/816/1876
f 2437/817/1922 2436/816/1876 2432/812/1921
f 2432/812/1921 2430/810/1920 2437/817/1922
f 2436/816/1876 2437/817/1922 2438/818/1878
f 2439/819/1923 2438/818/1878 2437/817/1922
f 2438/818/1878 2439/819/1923 2440/820/1880
f 2441/821/1924 2440/820/1880 2439/819/1923
f 2440/820/1880 2441/821/1924 2442/822/1882
f 2443/823/1925 2442/822/1882 2441/821/1924
f 2442/822/1882 2443/823/1925 2444/824/1884
f 2445/825/1926 2444/824/1884 2443/823/1925
f 2444/824/1884 2445/825/1926 2446/826/1886
f 2447/827/1927 2446/826/1886 2445/825/1926
f 2446/826/1886 2447/827/1927 2448/828/1888
f 2449/829/1928 2448/828/1888 2447/827/1927
f 2448/828/1888 2449/829/1928 2450/830/1890
f 2451/831/1929 2450/830/1890 2449/829/1928
f 2450/830/1890 2451/831/1929 2452/832/1892
f 2453/833/1930 2452/832/1892 2451/831/1929
f 2452/832/1892 2453/833/1930 2454/834/1894
f 2455/835/1931 2454/834/1894 2453/833/1930
f 2454/834/1894 2455/835/1931 2456/836/1896
f 2457/837/1932 2456/836/1896 2455/835/1931
f 2456/836/1896 2457/837/1932 2458/838/1898
f 2459/839/1933 2458/838/1898 2457/837/1932
f 2458/838/1898 2459/839/1933 2460/840/1900
f 2461/841/1934 2460/840/1900 2459/839/1933
f 2460/840/1900 2461/841/1934 2462/842/1902
f 2463/843/1935 2462/842/1902 2461/841/1934
f 2462/842/1902 2463/843/1935 2464/844/1493
f 2465/845/1532 2464/844/1493 2463/843/1935
f 2451/831/1929 2466/846/1936 2453/833/1930
f 2466/846/1936 2451/831/1929 2467/847/1937
f 2449/829/1928 2467/847/1937 2451/831/1929
f 2467/847/1937 2449/829/1928 2468/850/1938
f 2447/827/1927 2468/850/1938 2449/829/1928
f 2468/850/1938 2447/827/1927 2469/852/1939
f 2445/825/1926 2469/852/1939 2447/827/1927
f 2469/852/1939 2445/825/1926 2470/854/1940
f 2443/823/1925 2470/854/1940 2445/825/1926
f 2470/854/1940 2443/823/1925 2471/856/1941
f 2441/821/1924 2471/856/1941 2443/823/1925
f 2471/856/1941 2441/821/1924 2472/858/1942
f 2439/819/1923 2472/858/1942 2441/821/1924
f 2472/858/1942 2439/819/1923 2473/860/1943
f 2437/817/1922 2473/860/1943 2439/819/1923
f 2473/860/1943 2437/817/1922 2430/810/1920
f 2430/810/1920 2428/808/1919 2473/860/1943
f 2474/859/1944 2473/860/1943 2428/808/1919
f 2473/860/1943 2474/859/1944 2472/858/1942
f 2428/808/1919 2427/807/1918 2474/859/1944
f 2425/793/1916 2474/859/1944 2427/807/1918
f 2475/857/1945 2472/858/1942 2474/859/1944
f 2474/859/1944 2425/793/1916 2475/857/1945
f 2472/858/1942 2475/857/1945 2471/856/1941
f 2426/791/1917 2475/857/1945 2425/793/1916
f 2476/855/1946 2471/856/1941 2475/857/1945
f 2475/857/1945 2426/791/1917 2476/855/1946
f 2471/856/1941 2476/855/1946 2470/854/1940
f 2421/792/1912 2476/855/1946 2426/791/1917
f 2476/855/1946 2421/792/1912 2477/853/1947
f 2477/853/1947 2470/854/1940 2476/855/1946
f 2424/797/1915 2477/853/1947 2421/792/1912
f 2470/854/1940 2477/853/1947 2469/852/1939
f 2478/851/1948 2469/852/1939 2477/853/1947
f 2477/853/1947 2424/797/1915 2478/851/1948
f 2422/796/1913 2478/851/1948 2424/797/1915
f 2469/852/1939 2478/851/1948 2468/850/1938
f 2479/849/1949 2468/850/1938 2478/851/1948
f 2478/851/1948 2422/796/1913 2479/849/1949
f 2423/798/1914 2479/849/1949 2422/796/1913
f 2468/850/1938 2479/849/1949 2467/847/1937
f 2480/848/1950 2467/847/1937 2479/849/1949
f 2479/849/1949 2423/798/1914 2480/848/1950
f 2416/795/1908 2480/848/1950 2423/798/1914
f 2467/847/1937 2480/848/1950 2466/846/1936
f 2481/861/1951 2466/846/1936 2480/848/1950
f 2480/848/1950 2416/795/1908 2481/861/1951
f 2419/802/1911 2481/861/1951 2416/795/1908
f 2466/846/1936 2481/861/1951 2482/862/1952
f 2482/862/1952 2453/833/1930 2466/846/1936
f 2483/863/1953 2482/862/1952 2481/861/1951
f 2481/861/1951 2419/802/1911 2483/863/1953
f 2417/801/1909 2483/863/1953 2419/802/1911
f 2453/833/1930 2482/862/1952 2455/835/1931
f 2484/864/1954 2455/835/1931 2482/862/1952
f 2482/862/1952 2483/863/1953 2484/864/1954
f 2485/865/1955 2484/864/1954 2483/863/1953
f 2483/863/1953 2417/801/1909 2485/865/1955
f 2418/803/1910 2485/865/1955 2417/801/1909
f 2455/835/1931 2484/864/1954 2457/837/1932
f 2486/866/1956 2457/837/1932 2484/864/1954
f 2484/864/1954 2485/865/1955 2486/866/1956
f 2487/867/1957 2486/866/1956 2485/865/1955
f 2485/865/1955 2418/803/1910 2487/867/1957
f 2414/800/1906 2487/867/1957 2418/803/1910
f 2457/837/1932 2486/866/1956 2459/839/1933
f 2488/868/1958 2459/839/1933 2486/866/1956
f 2486/866/1956 2487/867/1957 2488/868/1958
f 2489/869/1959 2488/868/1958 2487/867/1957
f 2487/867/1957 2414/800/1906 2489/869/1959
f 2415/805/1907 2489/869/1959 2414/800/1906
f 2459/839/1933 2488/868/1958 2461/841/1934
f 2490/870/1960 2461/841/1934 2488/868/1958
f 2488/868/1958 2489/869/1959 2490/870/1960
f 2491/871/1961 2490/870/1960 2489/869/1959
f 2489/869/1959 2415/805/1907 2491/871/1961
f 2412/804/1905 2491/871/1961 2415/805/1907
f 2461/841/1934 2490/870/1960 2463/843/1935
f 2492/872/1962 2463/843/1935 2490/870/1960
f 2490/870/1960 2491/871/1961 2492/872/1962
f 2493/873/1963 2492/872/1962 2491/871/1961
f 2491/871/1961 2412/804/1905 2493/873/1963
f 2413/806/1904 2493/873/1963 2412/804/1905
f 2463/843/1935 2492/872/1962 2465/845/1532
f 2494/874/1561 2465/845/1532 2492/872/1962
f 2492/872/1962 2493/873/1963 2494/874/1561
f 2495/875/1562 2494/874/1561 2493/873/1963
f 2493/873/1963 2413/806/1904 2495/875/1562
f 2411/799/1503 2495/875/1562 2413/806/1904
f 2498/883/1730 2497/882/1728 2496/657/1964
f 2499/658/1965 2496/657/1964 2497/882/1728
f 2496/657/1964 2500/656/1966 2498/883/1730
f 2501/884/1732 2498/883/1730 2500/656/1966
f 2500/656/1966 2502/655/1967 2501/884/1732
f 2503/885/1734 2501/884/1732 2502/655/1967
f 2502/655/1967 2504/654/1968 2503/885/1734
f 2505/886/1736 2503/885/1734 2504/654/1968
f 2504/654/1968 2506/653/1969 2505/886/1736
f 2507/887/1738 2505/886/1736 2506/653/1969
f 2506/653/1969 2508/652/1970 2507/887/1738
f 2509/888/1740 2507/887/1738 2508/652/1970
f 2508/652/1970 2510/651/1971 2509/888/1740
f 2511/889/1972 2509/888/1740 2510/651/1971
f 2510/651/1971 2512/650/1973 2511/889/1972
f 2513/890/1744 2511/889/1972 2512/650/1973
f 2512/650/1973 2514/876/1974 2513/890/1744
f 2515/891/1746 2513/890/1744 2514/876/1974
f 2514/876/1974 2516/877/1975 2515/891/1746
f 2517/892/1748 2515/891/1746 2516/877/1975
f 2516/877/1975 2518/878/1976 2517/892/1748
f 2519/893/1750 2517/892/1748 2518/878/1976
f 2518/878/1976 2520/879/1977 2519/893/1750
f 2521/894/1752 2519/893/1750 2520/879/1977
f 2520/879/1977 2522/880/1978 2521/894/1752
f 2523/881/1754 2521/894/1752 2522/880/1978
f 2499/658/1965 2497/882/1728 2524/659/1755
f 2527/625/1889 2526/624/1889 2525/659/1889
o Propeller
v -0.000309 -0.096885 1.141855
v -0.008595 -0.071381 1.138363
v -0.000309 -0.070068 1.138363
v -0.016071 -0.075190 1.138363
v -0.022004 -0.081122 1.138363
v -0.025813 -0.088598 1.138363
v -0.027125 -0.096885 1.138363
v -0.025813 -0.105171 1.138363
v -0.022004 -0.112647 1.138363
v -0.016071 -0.118580 1.138363
v -0.008595 -0.122389 1.138363
v -0.000309 -0.123701 1.138363
v 0.007978 -0.122389 1.138363
v 0.015454 -0.118580 1.138363
v 0.021386 -0.112647 1.138363
v 0.025195 -0.105171 1.138363
v 0.026508 -0.096884 1.138363
v -0.016071 -0.048373 1.128229
v -0.030290 -0.055618 1.128229
v -0.041575 -0.066903 1.128229
v -0.048820 -0.081122 1.128229
v -0.051317 -0.096885 1.128229
v -0.048820 -0.112647 1.128229
v -0.041575 -0.126866 1.128229
v -0.030290 -0.138151 1.128229
v -0.016071 -0.145396 1.128229
v -0.000309 -0.147893 1.128229
v 0.015454 -0.145396 1.128229
v 0.029673 -0.138151 1.128229
v 0.040958 -0.126866 1.128229
v 0.048203 -0.112647 1.128229
v 0.050699 -0.096884 1.128229
v 0.048203 -0.081122 1.128229
v 0.025195 -0.088598 1.138363
v 0.021386 -0.081122 1.138363
v 0.015454 -0.075190 1.138363
v 0.007978 -0.071381 1.138363
v 0.040958 -0.066903 1.128229
v 0.029673 -0.055618 1.128229
v 0.015454 -0.048373 1.128229
v -0.000309 -0.045877 1.128229
v -0.022004 -0.030114 1.112445
v -0.000309 -0.026678 1.112445
v -0.041575 -0.040086 1.112445
v -0.057107 -0.055618 1.112445
v -0.067079 -0.075190 1.112445
v -0.070515 -0.096885 1.112445
v -0.067079 -0.118580 1.112445
v -0.057107 -0.138151 1.112445
v -0.041575 -0.153683 1.112445
v -0.022004 -0.163655 1.112445
v -0.000309 -0.167091 1.112445
v 0.021386 -0.163655 1.112445
v 0.040958 -0.153683 1.112445
v 0.056490 -0.138151 1.112445
v 0.066462 -0.118579 1.112445
v 0.069898 -0.096884 1.112445
v 0.066462 -0.075189 1.112445
v 0.056490 -0.055618 1.112445
v 0.040958 -0.040086 1.112445
v 0.021386 -0.030114 1.112445
v -0.025813 -0.018391 1.092556
v -0.000309 -0.026678 1.112445
v -0.022004 -0.030114 1.112445
v -0.000309 -0.014352 1.092556
v -0.048820 -0.030114 1.092556
v -0.041575 -0.040086 1.112445
v -0.067079 -0.048373 1.092556
v -0.057107 -0.055618 1.112445
v -0.078802 -0.071381 1.092556
v -0.067079 -0.075190 1.112445
v -0.082841 -0.096885 1.092556
v -0.070515 -0.096885 1.112445
v -0.078802 -0.122389 1.092556
v -0.067079 -0.118580 1.112445
v -0.067079 -0.145396 1.092556
v -0.057107 -0.138151 1.112445
v -0.048820 -0.163655 1.092556
v -0.041575 -0.153683 1.112445
v -0.025813 -0.175378 1.092556
v -0.022004 -0.163655 1.112445
v -0.000309 -0.179417 1.092556
v -0.000309 -0.167091 1.112445
v 0.025196 -0.175378 1.092556
v 0.021386 -0.163655 1.112445
v 0.048203 -0.163655 1.092556
v 0.040958 -0.153683 1.112445
v 0.066462 -0.145396 1.092556
v 0.056490 -0.138151 1.112445
v 0.078185 -0.122388 1.092556
v 0.066462 -0.118579 1.112445
v 0.082224 -0.096884 1.092556
v 0.069898 -0.096884 1.112445
v 0.078185 -0.071380 1.092556
v 0.066462 -0.075189 1.112445
v 0.066462 -0.048373 1.092556
v 0.056490 -0.055618 1.112445
v 0.048203 -0.030114 1.092556
v 0.040958 -0.040086 1.112445
v 0.025195 -0.018391 1.092556
v 0.021386 -0.030114 1.112445
v -0.000309 -0.014352 1.092556
v -0.000309 -0.026678 1.112445
v 0.082224 -0.123701 1.070508
v 0.069898 -0.147892 1.070508
v 0.050700 -0.167091 1.070508
v 0.026508 -0.179417 1.070508
v -0.000309 -0.183665 1.070508
v -0.027125 -0.179417 1.070508
v -0.051317 -0.167091 1.070508
v -0.070515 -0.147893 1.070508
v -0.082841 -0.123701 1.070508
v -0.087089 -0.096885 1.070508
v -0.082841 -0.070068 1.070508
v -0.070515 -0.045877 1.070508
v -0.051317 -0.026678 1.070508
v -0.027125 -0.014352 1.070508
v -0.000309 -0.010105 1.070508
v -0.027125 -0.014352 1.070508
v -0.000309 -0.010105 0.931318
v -0.027125 -0.014352 0.931318
v -0.051317 -0.026678 1.070508
v -0.051317 -0.026678 0.931318
v -0.070515 -0.045877 1.070508
v -0.070515 -0.045877 0.931318
v -0.082841 -0.070068 1.070508
v -0.082841 -0.070068 0.931318
v -0.087089 -0.096885 1.070508
v -0.087089 -0.096885 0.931318
v -0.082841 -0.123701 1.070508
v -0.082841 -0.123701 0.931318
v -0.070515 -0.147893 1.070508
v -0.070515 -0.147893 0.931318
v -0.051317 -0.167091 1.070508
v -0.051317 -0.167091 0.931318
v -0.027125 -0.179417 1.070508
v -0.027125 -0.179417 0.931318
v -0.000309 -0.183665 1.070508
v -0.000309 -0.183665 0.931318
v 0.026508 -0.179417 1.070508
v 0.026508 -0.179417 0.931318
v 0.050700 -0.167091 1.070508
v 0.050699 -0.167091 0.931318
v 0.069898 -0.147892 1.070508
v 0.069898 -0.147892 0.931318
v 0.082224 -0.123701 1.070508
v 0.082224 -0.123701 0.931318
v 0.086471 -0.096884 1.070508
v 0.086471 -0.096884 0.931318
v 0.082224 -0.070068 1.070508
v 0.082224 -0.070068 0.931318
v 0.069898 -0.045876 1.070508
v 0.069898 -0.045876 0.931318
v 0.050699 -0.026678 1.070508
v 0.050699 -0.026678 0.931318
v 0.026508 -0.014352 1.070508
v 0.026508 -0.014352 0.931318
v -0.000309 -0.010105 1.070508
v -0.000309 -0.010105 0.931318
v 0.082224 -0.070068 1.070508
v 0.069898 -0.045876 1.070508
v 0.050699 -0.026678 1.070508
v 0.026508 -0.014352 1.070508
v 0.062713 0.521127 1.126917
v 0.054059 0.538261 1.127030
v 0.063214 0.539256 1.125049
v 0.053585 0.521127 1.128637
v 0.052817 0.554973 1.123685
v 0.061895 0.556938 1.121349
v 0.049815 0.570852 1.118746
v 0.058704 0.573738 1.115978
v 0.045068 0.585506 1.112381
v 0.053653 0.589243 1.109122
v 0.038654 0.598575 1.104779
v 0.046824 0.603071 1.100984
v 0.030717 0.609737 1.096138
v 0.038370 0.614881 1.091777
v 0.021467 0.618717 1.086659
v 0.028515 0.624382 1.081716
v 0.011170 0.625294 1.076545
v 0.017543 0.631341 1.071012
v 0.000138 0.629306 1.065997
v 0.005791 0.635586 1.059877
v -0.011282 0.630655 1.055214
v -0.006367 0.637013 1.048515
v -0.022725 0.629306 1.044393
v -0.018539 0.635586 1.037132
v -0.033827 0.625294 1.033734
v -0.030332 0.631341 1.025931
v -0.044239 0.618717 1.023437
v -0.041371 0.624382 1.015120
v -0.053644 0.609737 1.013709
v -0.051318 0.614881 1.004912
v -0.061774 0.598575 1.004757
v -0.059885 0.603071 0.995522
v -0.068415 0.585506 0.996791
v -0.066847 0.589243 0.987171
v -0.073416 0.570852 0.990019
v -0.072047 0.573738 0.980076
v -0.076693 0.554973 0.984638
v -0.075399 0.556938 0.974446
v -0.078225 0.538261 0.980829
v -0.076889 0.539256 0.970474
v -0.078048 0.521127 0.978746
v -0.076562 0.521127 0.968326
v -0.035993 0.626380 1.006165
v -0.024756 0.633473 1.017116
v -0.012734 0.637801 1.028482
v -0.000308 0.639255 1.040054
v 0.012117 0.637801 1.051626
v 0.024139 0.633473 1.062992
v 0.035376 0.626380 1.073943
v 0.045480 0.616695 1.084265
v 0.054160 0.604656 1.093740
v 0.061185 0.590561 1.102147
v 0.066397 0.574756 1.109267
v 0.069715 0.557631 1.114888
v 0.071123 0.539607 1.118817
v 0.070676 0.521127 1.120884
v 0.071123 0.539607 1.118817
v 0.056563 0.473493 1.126137
v 0.047505 0.473493 1.127508
v 0.064563 0.473493 1.120381
v 0.043085 0.389052 1.119627
v 0.033981 0.389052 1.120152
v 0.051308 0.389052 1.114496
v 0.029773 0.294916 1.110978
v 0.020628 0.294916 1.110553
v 0.038264 0.294916 1.106528
v 0.018405 0.201984 1.101001
v 0.009229 0.201984 1.099628
v 0.027177 0.201984 1.097207
v 0.027177 0.201984 1.097207
v 0.008910 0.110254 1.089750
v -0.000286 0.110254 1.087436
v 0.017979 0.110254 1.086590
v 0.001618 -0.016699 1.078035
v -0.007588 -0.016699 1.074836
v 0.010980 -0.016699 1.075451
v 0.017979 0.110254 1.086590
v -0.046098 0.616695 0.995843
v -0.054777 0.604656 0.986369
v -0.061802 0.590561 0.977961
v -0.067015 0.574756 0.970841
v -0.070332 0.557631 0.965220
v -0.071740 0.539607 0.961291
v -0.071740 0.539607 0.961291
v -0.071293 0.521127 0.959224
v -0.065180 0.473493 0.959727
v -0.070859 0.473493 0.968358
v -0.072793 0.473493 0.978550
v -0.058192 0.389052 0.973567
v -0.060733 0.389052 0.983558
v -0.051925 0.389052 0.965613
v -0.045785 0.294916 0.980765
v -0.049011 0.294916 0.990540
v -0.038881 0.294916 0.973581
v -0.035309 0.201984 0.989309
v -0.039223 0.201984 0.998880
v -0.027794 0.201984 0.982901
v -0.027794 0.201984 0.982901
v -0.026696 0.110254 0.999146
v -0.031298 0.110254 1.008523
v -0.018597 0.110254 0.993518
v -0.020224 -0.016699 1.009546
v -0.025475 -0.016699 1.018750
v -0.011597 -0.016699 1.004658
v -0.018597 0.110254 0.993518
v 0.053585 0.521127 1.128637
v 0.052817 0.554973 1.123685
v 0.054059 0.538261 1.127030
v 0.049815 0.570852 1.118746
v 0.045068 0.585506 1.112381
v 0.038654 0.598575 1.104779
v 0.030717 0.609737 1.096138
v 0.021467 0.618717 1.086659
v 0.011170 0.625294 1.076545
v 0.000138 0.629306 1.065997
v -0.011282 0.630655 1.055214
v -0.022725 0.629306 1.044393
v -0.033827 0.625294 1.033734
v -0.044239 0.618717 1.023437
v -0.053644 0.609737 1.013709
v -0.061774 0.598575 1.004757
v -0.068415 0.585506 0.996791
v -0.073416 0.570852 0.990019
v -0.076693 0.554973 0.984638
v -0.078225 0.538261 0.980829
v -0.078048 0.521127 0.978746
v -0.072793 0.473493 0.978550
v 0.047505 0.473493 1.127508
v 0.033981 0.389052 1.120152
v -0.060733 0.389052 0.983558
v -0.049011 0.294916 0.990540
v 0.020628 0.294916 1.110553
v -0.039223 0.201984 0.998880
v 0.009229 0.201984 1.099628
v -0.031298 0.110254 1.008523
v -0.000286 0.110254 1.087436
v -0.025475 -0.016699 1.018750
v -0.007588 -0.016699 1.074836
v -0.063330 0.521127 0.953191
v -0.054676 0.538261 0.953078
v -0.063831 0.539256 0.955059
v -0.054202 0.521127 0.951472
v -0.053434 0.554973 0.956422
v -0.062512 0.556938 0.958759
v -0.050433 0.570852 0.961362
v -0.059321 0.573738 0.964130
v -0.045685 0.585506 0.967727
v -0.054270 0.589243 0.970986
v -0.039271 0.598575 0.975329
v -0.047441 0.603071 0.979123
v -0.031334 0.609737 0.983970
v -0.038987 0.614881 0.988331
v -0.022084 0.618717 0.993449
v -0.029132 0.624382 0.998392
v -0.011787 0.625294 1.003562
v -0.018160 0.631341 1.009095
v -0.000755 0.629306 1.014110
v -0.006408 0.635586 1.020231
v 0.010665 0.630655 1.024894
v 0.005750 0.637013 1.031593
v 0.022108 0.629306 1.035715
v 0.017922 0.635586 1.042976
v 0.033210 0.625294 1.046374
v 0.029715 0.631341 1.054177
v 0.043622 0.618717 1.056671
v 0.040754 0.624382 1.064988
v 0.053027 0.609737 1.066399
v 0.050701 0.614881 1.075196
v 0.061157 0.598575 1.075351
v 0.059268 0.603071 1.084585
v 0.067798 0.585506 1.083316
v 0.066230 0.589243 1.092937
v 0.072799 0.570852 1.090089
v 0.071430 0.573738 1.100032
v 0.076076 0.554973 1.095470
v 0.074782 0.556938 1.105662
v 0.077608 0.538261 1.099279
v 0.076272 0.539256 1.109634
v 0.077431 0.521127 1.101362
v 0.075945 0.521127 1.111782
v 0.035376 0.626380 1.073943
v 0.024139 0.633473 1.062992
v 0.012117 0.637801 1.051626
v -0.000308 0.639255 1.040054
v -0.012734 0.637801 1.028482
v -0.024756 0.633473 1.017116
v -0.035993 0.626380 1.006165
v -0.046098 0.616695 0.995843
v -0.054777 0.604656 0.986369
v -0.061802 0.590561 0.977961
v -0.067015 0.574756 0.970841
v -0.070332 0.557631 0.965220
v -0.071740 0.539607 0.961291
v -0.071293 0.521127 0.959224
v -0.071740 0.539607 0.961291
v -0.057180 0.473493 0.953971
v -0.048122 0.473493 0.952600
v -0.065180 0.473493 0.959727
v -0.043702 0.389052 0.960481
v -0.034598 0.389052 0.959956
v -0.051925 0.389052 0.965613
v -0.030390 0.294916 0.969130
v -0.021245 0.294916 0.969556
v -0.038881 0.294916 0.973581
v -0.019022 0.201984 0.979107
v -0.009846 0.201984 0.980480
v -0.027794 0.201984 0.982901
v -0.027794 0.201984 0.982901
v -0.009527 0.110254 0.990358
v -0.000331 0.110254 0.992673
v -0.018597 0.110254 0.993518
v -0.002235 -0.016699 1.002074
v 0.006971 -0.016699 1.005273
v -0.011597 -0.016699 1.004658
v -0.018597 0.110254 0.993518
v 0.045480 0.616695 1.084265
v 0.054160 0.604656 1.093740
v 0.061185 0.590561 1.102147
v 0.066397 0.574756 1.109267
v 0.069715 0.557631 1.114888
v 0.071123 0.539607 1.118817
v 0.071123 0.539607 1.118817
v 0.070676 0.521127 1.120884
v 0.064563 0.473493 1.120381
v 0.070241 0.473493 1.111750
v 0.072176 0.473493 1.101558
v 0.057575 0.389052 1.106541
v 0.060115 0.389052 1.096550
v 0.051308 0.389052 1.114496
v 0.045168 0.294916 1.099343
v 0.048394 0.294916 1.089568
v 0.038264 0.294916 1.106528
v 0.034692 0.201984 1.090799
v 0.038606 0.201984 1.081228
v 0.027177 0.201984 1.097207
v 0.027177 0.201984 1.097207
v 0.026079 0.110254 1.080963
v 0.030681 0.110254 1.071586
v 0.017979 0.110254 1.086590
v 0.019607 -0.016699 1.070562
v 0.024858 -0.016699 1.061359
v 0.010980 -0.016699 1.075451
v 0.017979 0.110254 1.086590
v -0.054202 0.521127 0.951472
v -0.053434 0.554973 0.956422
v -0.054676 0.538261 0.953078
v -0.050433 0.570852 0.961362
v -0.045685 0.585506 0.967727
v -0.039271 0.598575 0.975329
v -0.031334 0.609737 0.983970
v -0.022084 0.618717 0.993449
v -0.011787 0.625294 1.003562
v -0.000755 0.629306 1.014110
v 0.010665 0.630655 1.024894
v 0.022108 0.629306 1.035715
v 0.033210 0.625294 1.046374
v 0.043622 0.618717 1.056671
v 0.053027 0.609737 1.066399
v 0.061157 0.598575 1.075351
v 0.067798 0.585506 1.083316
v 0.072799 0.570852 1.090089
v 0.076076 0.554973 1.095470
v 0.077608 0.538261 1.099279
v 0.077431 0.521127 1.101362
v 0.072176 0.473493 1.101558
v -0.048122 0.473493 0.952600
v -0.034598 0.389052 0.959956
v 0.060115 0.389052 1.096550
v 0.048394 0.294916 1.089568
v -0.021245 0.294916 0.969556
v 0.038606 0.201984 1.081228
v -0.009846 0.201984 0.980480
v 0.030681 0.110254 1.071586
v -0.000331 0.110254 0.992673
v 0.024858 -0.016699 1.061359
v 0.006971 -0.016699 1.005273
v -0.063330 -0.714890 1.126917
v -0.054676 -0.732024 1.127030
v -0.063831 -0.733019 1.125049
v -0.054202 -0.714890 1.128637
v -0.053434 -0.748736 1.123686
v -0.062512 -0.750701 1.121350
v -0.050432 -0.764615 1.118746
v -0.059321 -0.767501 1.115979
v -0.045685 -0.779269 1.112381
v -0.054270 -0.783006 1.109123
v -0.039271 -0.792338 1.104779
v -0.047441 -0.796834 1.100985
v -0.031334 -0.803500 1.096138
v -0.038987 -0.808644 1.091778
v -0.022084 -0.812480 1.086659
v -0.029132 -0.818145 1.081716
v -0.011787 -0.819057 1.076546
v -0.018160 -0.825104 1.071013
v -0.000755 -0.823069 1.065998
v -0.006408 -0.829349 1.059877
v 0.010665 -0.824418 1.055214
v 0.005750 -0.830776 1.048516
v 0.022108 -0.823069 1.044393
v 0.017922 -0.829349 1.037132
v 0.033210 -0.819057 1.033734
v 0.029715 -0.825104 1.025931
v 0.043622 -0.812480 1.023437
v 0.040754 -0.818145 1.015120
v 0.053027 -0.803500 1.013709
v 0.050701 -0.808644 1.004912
v 0.061157 -0.792338 1.004757
v 0.059268 -0.796834 0.995523
v 0.067798 -0.779269 0.996792
v 0.066230 -0.783006 0.987172
v 0.072799 -0.764615 0.990020
v 0.071430 -0.767501 0.980076
v 0.076076 -0.748736 0.984638
v 0.074782 -0.750701 0.974446
v 0.077608 -0.732024 0.980829
v 0.076272 -0.733019 0.970474
v 0.077431 -0.714890 0.978746
v 0.075945 -0.714890 0.968326
v 0.035376 -0.820143 1.006165
v 0.024139 -0.827236 1.017116
v 0.012117 -0.831564 1.028482
v -0.000309 -0.833018 1.040054
v -0.012734 -0.831564 1.051627
v -0.024756 -0.827236 1.062992
v -0.035993 -0.820143 1.073943
v -0.046098 -0.810458 1.084265
v -0.054777 -0.798419 1.093740
v -0.061802 -0.784324 1.102147
v -0.067015 -0.768519 1.109267
v -0.070332 -0.751394 1.114889
v -0.071740 -0.733370 1.118817
v -0.071293 -0.714890 1.120884
v -0.071740 -0.733370 1.118817
v -0.057180 -0.667256 1.126138
v -0.048122 -0.667256 1.127508
v -0.065180 -0.667256 1.120382
v -0.043702 -0.582815 1.119627
v -0.034598 -0.582815 1.120153
v -0.051925 -0.582815 1.114496
v -0.030390 -0.488679 1.110978
v -0.021245 -0.488679 1.110553
v -0.038881 -0.488679 1.106528
v -0.019022 -0.395747 1.101001
v -0.009846 -0.395747 1.099629
v -0.027794 -0.395747 1.097207
v -0.027794 -0.395747 1.097207
v -0.009527 -0.304018 1.089750
v -0.000331 -0.304018 1.087436
v -0.018596 -0.304018 1.086590
v -0.002235 -0.177064 1.078035
v 0.006971 -0.177064 1.074836
v -0.011597 -0.177064 1.075451
v -0.018596 -0.304018 1.086590
v 0.045480 -0.810458 0.995844
v 0.054160 -0.798419 0.986369
v 0.061185 -0.784324 0.977962
v 0.066397 -0.768519 0.970841
v 0.069714 -0.751394 0.965220
v 0.071123 -0.733370 0.961292
v 0.071123 -0.733370 0.961292
v 0.070676 -0.714890 0.959224
v 0.064563 -0.667256 0.959727
v 0.070241 -0.667256 0.968358
v 0.072176 -0.667256 0.978550
v 0.057575 -0.582815 0.973567
v 0.060115 -0.582815 0.983558
v 0.051308 -0.582815 0.965613
v 0.045168 -0.488679 0.980765
v 0.048394 -0.488679 0.990540
v 0.038264 -0.488679 0.973581
v 0.034692 -0.395747 0.989309
v 0.038606 -0.395747 0.998880
v 0.027177 -0.395747 0.982901
v 0.027177 -0.395747 0.982901
v 0.026079 -0.304018 0.999146
v 0.030681 -0.304018 1.008523
v 0.017979 -0.304018 0.993518
v 0.019607 -0.177064 1.009546
v 0.024858 -0.177064 1.018750
v 0.010980 -0.177064 1.004658
v 0.017979 -0.304018 0.993518
v -0.054202 -0.714890 1.128637
v -0.053434 -0.748736 1.123686
v -0.054676 -0.732024 1.127030
v -0.050432 -0.764615 1.118746
v -0.045685 -0.779269 1.112381
v -0.039271 -0.792338 1.104779
v -0.031334 -0.803500 1.096138
v -0.022084 -0.812480 1.086659
v -0.011787 -0.819057 1.076546
v -0.000755 -0.823069 1.065998
v 0.010665 -0.824418 1.055214
v 0.022108 -0.823069 1.044393
v 0.033210 -0.819057 1.033734
v 0.043622 -0.812480 1.023437
v 0.053027 -0.803500 1.013709
v 0.061157 -0.792338 1.004757
v 0.067798 -0.779269 0.996792
v 0.072799 -0.764615 0.990020
v 0.076076 -0.748736 0.984638
v 0.077608 -0.732024 0.980829
v 0.077431 -0.714890 0.978746
v 0.072176 -0.667256 0.978550
v -0.048122 -0.667256 1.127508
v -0.034598 -0.582815 1.120153
v 0.060115 -0.582815 0.983558
v 0.048394 -0.488679 0.990540
v -0.021245 -0.488679 1.110553
v 0.038606 -0.395747 0.998880
v -0.009846 -0.395747 1.099629
v 0.030681 -0.304018 1.008523
v -0.000331 -0.304018 1.087436
v 0.024858 -0.177064 1.018750
v 0.006971 -0.177064 1.074836
v 0.062713 -0.714890 0.953191
v 0.054059 -0.732024 0.953078
v 0.063214 -0.733019 0.955060
v 0.053585 -0.714890 0.951472
v 0.052817 -0.748736 0.956423
v 0.061895 -0.750701 0.958759
v 0.049815 -0.764615 0.961362
v 0.058704 -0.767501 0.964130
v 0.045068 -0.779269 0.967727
v 0.053653 -0.783006 0.970986
v 0.038654 -0.792338 0.975329
v 0.046824 -0.796834 0.979124
v 0.030717 -0.803500 0.983970
v 0.038370 -0.808644 0.988331
v 0.021467 -0.812480 0.993449
v 0.028515 -0.818145 0.998393
v 0.011170 -0.819057 1.003563
v 0.017542 -0.825104 1.009096
v 0.000138 -0.823069 1.014111
v 0.005791 -0.829349 1.020231
v -0.011282 -0.824418 1.024894
v -0.006367 -0.830776 1.031593
v -0.022725 -0.823069 1.035715
v -0.018539 -0.829349 1.042976
v -0.033827 -0.819057 1.046375
v -0.030332 -0.825104 1.054178
v -0.044239 -0.812480 1.056671
v -0.041371 -0.818145 1.064988
v -0.053644 -0.803500 1.066399
v -0.051318 -0.808644 1.075196
v -0.061774 -0.792338 1.075351
v -0.059885 -0.796834 1.084586
v -0.068415 -0.779269 1.083317
v -0.066847 -0.783006 1.092937
v -0.073416 -0.764615 1.090089
v -0.072047 -0.767501 1.100032
v -0.076693 -0.748736 1.095470
v -0.075399 -0.750701 1.105662
v -0.078225 -0.732024 1.099279
v -0.076889 -0.733019 1.109635
v -0.078048 -0.714890 1.101362
v -0.076562 -0.714890 1.111783
v -0.035993 -0.820143 1.073943
v -0.024756 -0.827236 1.062992
v -0.012734 -0.831564 1.051627
v -0.000309 -0.833018 1.040054
v 0.012117 -0.831564 1.028482
v 0.024139 -0.827236 1.017116
v 0.035376 -0.820143 1.006165
v 0.045480 -0.810458 0.995844
v 0.054160 -0.798419 0.986369
v 0.061185 -0.784324 0.977962
v 0.066397 -0.768519 0.970841
v 0.069714 -0.751394 0.965220
v 0.071123 -0.733370 0.961292
v 0.070676 -0.714890 0.959224
v 0.071123 -0.733370 0.961292
v 0.056563 -0.667256 0.953971
v 0.047504 -0.667256 0.952600
v 0.064563 -0.667256 0.959727
v 0.043085 -0.582815 0.960481
v 0.033981 -0.582815 0.959956
v 0.051308 -0.582815 0.965613
v 0.029773 -0.488679 0.969130
v 0.020628 -0.488679 0.969556
v 0.038264 -0.488679 0.973581
v 0.018405 -0.395747 0.979108
v 0.009229 -0.395747 0.980480
v 0.027177 -0.395747 0.982901
v 0.027177 -0.395747 0.982901
v 0.008910 -0.304018 0.990358
v -0.000286 -0.304018 0.992673
v 0.017979 -0.304018 0.993518
v 0.001618 -0.177064 1.002074
v -0.007588 -0.177064 1.005273
v 0.010980 -0.177064 1.004658
v 0.017979 -0.304018 0.993518
v -0.046098 -0.810458 1.084265
v -0.054777 -0.798419 1.093740
v -0.061802 -0.784324 1.102147
v -0.067015 -0.768519 1.109267
v -0.070332 -0.751394 1.114889
v -0.071740 -0.733370 1.118817
v -0.071740 -0.733370 1.118817
v -0.071293 -0.714890 1.120884
v -0.065180 -0.667256 1.120382
v -0.070858 -0.667256 1.111750
v -0.072793 -0.667256 1.101558
v -0.058192 -0.582815 1.106542
v -0.060733 -0.582815 1.096550
v -0.051925 -0.582815 1.114496
v -0.045785 -0.488679 1.099344
v -0.049011 -0.488679 1.089568
v -0.038881 -0.488679 1.106528
v -0.035309 -0.395747 1.090799
v -0.039223 -0.395747 1.081228
v -0.027794 -0.395747 1.097207
v -0.027794 -0.395747 1.097207
v -0.026696 -0.304018 1.080963
v -0.031298 -0.304018 1.071586
v -0.018596 -0.304018 1.086590
v -0.020225 -0.177064 1.070562
v -0.025475 -0.177064 1.061359
v -0.011597 -0.177064 1.075451
v -0.018596 -0.304018 1.086590
v 0.053585 -0.714890 0.951472
v 0.052817 -0.748736 0.956423
v 0.054059 -0.732024 0.953078
v 0.049815 -0.764615 0.961362
v 0.045068 -0.779269 0.967727
v 0.038654 -0.792338 0.975329
v 0.030717 -0.803500 0.983970
v 0.021467 -0.812480 0.993449
v 0.011170 -0.819057 1.003563
v 0.000138 -0.823069 1.014111
v -0.011282 -0.824418 1.024894
v -0.022725 -0.823069 1.035715
v -0.033827 -0.819057 1.046375
v -0.044239 -0.812480 1.056671
v -0.053644 -0.803500 1.066399
v -0.061774 -0.792338 1.075351
v -0.068415 -0.779269 1.083317
v -0.073416 -0.764615 1.090089
v -0.076693 -0.748736 1.095470
v -0.078225 -0.732024 1.099279
v -0.078048 -0.714890 1.101362
v -0.072793 -0.667256 1.101558
v 0.047504 -0.667256 0.952600
v 0.033981 -0.582815 0.959956
v -0.060733 -0.582815 1.096550
v -0.049011 -0.488679 1.089568
v 0.020628 -0.488679 0.969556
v -0.039223 -0.395747 1.081228
v 0.009229 -0.395747 0.980480
v -0.031298 -0.304018 1.071586
v -0.000286 -0.304018 0.992673
v -0.025475 -0.177064 1.061359
v -0.007588 -0.177064 1.005273
vn -0.0000 0.2724 0.9622
vn -0.0842 0.2591 0.9622
vn -0.0000 -0.0000 1.0000
vn -0.1601 0.2204 0.9622
vn -0.2204 0.1601 0.9622
vn -0.2591 0.0842 0.9622
vn -0.2724 -0.0000 0.9622
vn -0.2591 -0.0842 0.9622
vn -0.2204 -0.1601 0.9622
vn -0.1601 -0.2204 0.9622
vn -0.0842 -0.2591 0.9622
vn -0.0000 -0.2724 0.9622
vn 0.0842 -0.2591 0.9622
vn 0.1601 -0.2204 0.9622
vn 0.2204 -0.1601 0.9622
vn 0.2591 -0.0842 0.9622
vn 0.2724 -0.0000 0.9622
vn -0.1627 0.5009 0.8501
vn -0.3096 0.4261 0.8501
vn -0.4261 0.3096 0.8501
vn -0.5009 0.1628 0.8501
vn -0.5267 -0.0000 0.8501
vn -0.5009 -0.1628 0.8501
vn -0.4261 -0.3096 0.8501
vn -0.3096 -0.4261 0.8501
vn -0.1628 -0.5009 0.8501
vn -0.0000 -0.5267 0.8501
vn 0.1628 -0.5009 0.8501
vn 0.3096 -0.4261 0.8501
vn 0.4261 -0.3096 0.8501
vn 0.5009 -0.1627 0.8501
vn 0.5267 -0.0000 0.8501
vn 0.5009 0.1627 0.8501
vn 0.2591 0.0842 0.9622
vn 0.2204 0.1601 0.9622
vn 0.1601 0.2204 0.9622
vn 0.0842 0.2591 0.9622
vn 0.4261 0.3096 0.8501
vn 0.3096 0.4261 0.8501
vn 0.1627 0.5009 0.8501
vn -0.0000 0.5267 0.8501
vn -0.2347 0.7223 0.6505
vn -0.0000 0.7595 0.6505
vn -0.4464 0.6145 0.6505
vn -0.6145 0.4464 0.6505
vn -0.7223 0.2347 0.6505
vn -0.7595 -0.0000 0.6505
vn -0.7223 -0.2347 0.6505
vn -0.6145 -0.4464 0.6505
vn -0.4464 -0.6145 0.6505
vn -0.2347 -0.7223 0.6505
vn -0.0000 -0.7595 0.6505
vn 0.2347 -0.7223 0.6505
vn 0.4464 -0.6145 0.6505
vn 0.6145 -0.4464 0.6505
vn 0.7223 -0.2347 0.6505
vn 0.7595 -0.0000 0.6505
vn 0.7223 0.2347 0.6505
vn 0.6145 0.4464 0.6505
vn 0.4464 0.6145 0.6505
vn 0.2347 0.7223 0.6505
vn -0.2347 0.7224 0.6505
vn -0.2885 0.8880 0.3580
vn -0.0000 0.9337 0.3580
vn -0.5488 0.7554 0.3580
vn -0.7554 0.5488 0.3580
vn -0.8880 0.2885 0.3580
vn -0.7224 0.2347 0.6505
vn -0.9337 -0.0000 0.3580
vn -0.8880 -0.2885 0.3580
vn -0.7224 -0.2347 0.6505
vn -0.7554 -0.5488 0.3580
vn -0.5488 -0.7554 0.3580
vn -0.2885 -0.8880 0.3580
vn -0.2347 -0.7224 0.6505
vn -0.0000 -0.9337 0.3580
vn 0.2885 -0.8880 0.3580
vn 0.2347 -0.7224 0.6505
vn 0.5488 -0.7554 0.3580
vn 0.7554 -0.5488 0.3580
vn 0.8880 -0.2885 0.3580
vn 0.7224 -0.2347 0.6505
vn 0.9337 -0.0000 0.3580
vn 0.8880 0.2885 0.3580
vn 0.7224 0.2347 0.6505
vn 0.7554 0.5488 0.3580
vn 0.5488 0.7554 0.3580
vn 0.2885 0.8880 0.3580
vn 0.2347 0.7224 0.6505
vn 0.9468 -0.3076 0.0941
vn 0.8054 -0.5852 0.0941
vn 0.5852 -0.8054 0.0941
vn 0.3076 -0.9468 0.0941
vn -0.0000 -0.9956 0.0941
vn -0.3076 -0.9468 0.0941
vn -0.5852 -0.8054 0.0941
vn -0.8054 -0.5852 0.0941
vn -0.9468 -0.3076 0.0941
vn -0.9956 -0.0000 0.0941
vn -0.9468 0.3076 0.0941
vn -0.8054 0.5852 0.0941
vn -0.5852 0.8054 0.0941
vn -0.3076 0.9468 0.0941
vn -0.0000 0.9956 0.0941
vn -0.0000 1.0000 -0.0000
vn -0.3090 0.9511 -0.0000
vn -0.5878 0.8090 -0.0000
vn -0.8090 0.5878 -0.0000
vn -0.9511 0.3090 -0.0000
vn -1.0000 -0.0000 -0.0000
vn -0.9511 -0.3090 -0.0000
vn -0.8090 -0.5878 -0.0000
vn -0.5878 -0.8090 -0.0000
vn -0.3090 -0.9511 -0.0000
vn -0.0000 -1.0000 -0.0000
vn 0.3090 -0.9511 -0.0000
vn 0.5878 -0.8090 -0.0000
vn 0.8090 -0.5878 -0.0000
vn 0.9511 -0.3090 -0.0000
vn 0.9956 -0.0000 0.0941
vn 1.0000 -0.0000 -0.0000
vn 0.9468 0.3076 0.0941
vn 0.9511 0.3090 -0.0000
vn 0.8054 0.5852 0.0941
vn 0.8090 0.5878 -0.0000
vn 0.5852 0.8054 0.0941
vn 0.5878 0.8090 -0.0000
vn 0.3076 0.9468 0.0941
vn 0.3090 0.9511 -0.0000
vn 0.9468 0.3077 0.0941
vn 0.4152 0.1489 0.8975
vn 0.1914 0.1456 0.9707
vn 0.4085 0.0041 0.9128
vn 0.1851 0.0165 0.9826
vn 0.1841 0.2628 0.9471
vn 0.4048 0.2819 0.8699
vn 0.1598 0.3755 0.9130
vn 0.3758 0.4106 0.8308
vn 0.1183 0.4809 0.8688
vn 0.3279 0.5321 0.7806
vn 0.0599 0.5760 0.8153
vn 0.2610 0.6429 0.7201
vn -0.0140 0.6576 0.7533
vn 0.1764 0.7392 0.6500
vn -0.1015 0.7224 0.6839
vn 0.0759 0.8169 0.5718
vn -0.1998 0.7678 0.6087
vn -0.0370 0.8726 0.4871
vn -0.3055 0.7916 0.5291
vn -0.1586 0.9037 0.3978
vn -0.4145 0.7928 0.4469
vn -0.2842 0.9087 0.3057
vn -0.5227 0.7709 0.3640
vn -0.4088 0.8874 0.2133
vn -0.6257 0.7272 0.2821
vn -0.5276 0.8407 0.1222
vn -0.7198 0.6638 0.2032
vn -0.6361 0.7708 0.0350
vn -0.8017 0.5836 0.1291
vn -0.7307 0.6812 -0.0464
vn -0.8693 0.4904 0.0614
vn -0.8086 0.5760 -0.1202
vn -0.9216 0.3882 0.0016
vn -0.8686 0.4599 -0.1846
vn -0.9586 0.2805 -0.0490
vn -0.9108 0.3371 -0.2385
vn -0.9813 0.1705 -0.0897
vn -0.9361 0.2113 -0.2812
vn -0.9910 0.0605 -0.1198
vn -0.9462 0.0851 -0.3121
vn -0.9884 -0.0552 -0.1416
vn -0.9421 -0.0487 -0.3318
vn -0.3948 0.8719 -0.2898
vn -0.2721 0.9419 -0.1972
vn -0.1388 0.9853 -0.0998
vn 0.1388 0.9853 0.0998
vn 0.2721 0.9418 0.1972
vn 0.3948 0.8719 0.2898
vn 0.5025 0.7788 0.3753
vn 0.5922 0.6672 0.4519
vn 0.6620 0.5418 0.5179
vn 0.7116 0.4073 0.5725
vn 0.7416 0.2679 0.6150
vn 0.7534 0.1265 0.6453
vn 0.7486 -0.0257 0.6626
vn 0.3751 -0.0937 0.9222
vn 0.1483 -0.0708 0.9864
vn 0.7162 -0.1264 0.6864
vn 0.2985 -0.1254 0.9461
vn 0.0541 -0.0976 0.9938
vn 0.6605 -0.1538 0.7349
vn 0.2126 -0.1251 0.9691
vn -0.0494 -0.0981 0.9939
vn 0.5949 -0.1492 0.7898
vn 0.1263 -0.1279 0.9837
vn -0.1504 -0.1018 0.9834
vn 0.5244 -0.1476 0.8386
vn 0.0411 -0.1126 0.9928
vn -0.2452 -0.0882 0.9655
vn 0.4512 -0.1257 0.8835
vn -0.0403 -0.0905 0.9951
vn -0.3273 -0.0747 0.9420
vn 0.3814 -0.0983 0.9192
vn -0.5025 0.7788 -0.3753
vn -0.5922 0.6672 -0.4519
vn -0.6620 0.5418 -0.5179
vn -0.7116 0.4073 -0.5725
vn -0.7416 0.2679 -0.6150
vn -0.7534 0.1265 -0.6453
vn -0.7485 -0.0257 -0.6626
vn -0.7162 -0.1264 -0.6864
vn -0.9174 -0.1350 -0.3745
vn -0.9735 -0.1319 -0.1871
vn -0.8852 -0.1558 -0.4384
vn -0.9579 -0.1479 -0.2461
vn -0.6605 -0.1538 -0.7349
vn -0.8463 -0.1473 -0.5119
vn -0.9399 -0.1372 -0.3127
vn -0.5949 -0.1492 -0.7898
vn -0.8009 -0.1415 -0.5819
vn -0.9170 -0.1282 -0.3776
vn -0.5244 -0.1476 -0.8386
vn -0.7531 -0.1161 -0.6476
vn -0.8923 -0.1015 -0.4398
vn -0.4512 -0.1257 -0.8835
vn -0.7069 -0.0910 -0.7014
vn -0.8658 -0.0795 -0.4940
vn -0.3814 -0.0983 -0.9192
vn -0.7192 0.0846 0.6896
vn -0.7017 0.0875 0.7071
vn -0.7415 0.0448 0.6694
vn -0.6862 0.0915 0.7216
vn -0.6741 0.0957 0.7324
vn -0.6662 0.0993 0.7392
vn -0.6627 0.1011 0.7420
vn -0.6636 0.1005 0.7413
vn -0.6684 0.0967 0.7375
vn -0.6765 0.0891 0.7311
vn -0.6869 0.0776 0.7226
vn -0.6987 0.0622 0.7127
vn -0.7106 0.0435 0.7022
vn -0.7218 0.0222 0.6918
vn -0.7313 -0.0004 0.6820
vn -0.7387 -0.0229 0.6736
vn -0.7439 -0.0439 0.6669
vn -0.7469 -0.0620 0.6620
vn -0.7482 -0.0759 0.6591
vn -0.7485 -0.0847 0.6577
vn -0.7486 -0.0865 0.6574
vn -0.7801 -0.0493 0.6238
vn -0.7756 0.0775 0.6264
vn -0.8170 0.0260 0.5761
vn -0.8196 -0.0726 0.5683
vn -0.8494 -0.0306 0.5269
vn -0.8735 0.0448 0.4847
vn -0.8893 -0.0184 0.4569
vn -0.9073 0.0353 0.4190
vn -0.9223 -0.0047 0.3863
vn -0.9335 0.0248 0.3578
vn -0.9450 0.0107 0.3269
vn -0.9524 0.0246 0.3038
vn -0.4152 0.1489 -0.8975
vn -0.1914 0.1455 -0.9707
vn -0.4084 0.0041 -0.9128
vn -0.1850 0.0165 -0.9826
vn -0.1841 0.2628 -0.9471
vn -0.4048 0.2819 -0.8699
vn -0.1598 0.3755 -0.9129
vn -0.3758 0.4106 -0.8308
vn -0.1183 0.4809 -0.8688
vn -0.3279 0.5321 -0.7806
vn -0.0599 0.5759 -0.8153
vn -0.2610 0.6429 -0.7201
vn 0.0140 0.6576 -0.7533
vn -0.1764 0.7392 -0.6500
vn 0.1015 0.7224 -0.6839
vn -0.0759 0.8169 -0.5718
vn 0.1998 0.7678 -0.6087
vn 0.0370 0.8726 -0.4871
vn 0.3055 0.7917 -0.5291
vn 0.1586 0.9037 -0.3977
vn 0.4145 0.7928 -0.4469
vn 0.2842 0.9087 -0.3057
vn 0.5227 0.7709 -0.3640
vn 0.4088 0.8874 -0.2132
vn 0.6257 0.7273 -0.2821
vn 0.5276 0.8407 -0.1222
vn 0.7198 0.6638 -0.2032
vn 0.6361 0.7708 -0.0350
vn 0.8017 0.5836 -0.1291
vn 0.7307 0.6812 0.0464
vn 0.8693 0.4904 -0.0614
vn 0.8086 0.5760 0.1201
vn 0.9216 0.3882 -0.0016
vn 0.8686 0.4599 0.1846
vn 0.9586 0.2805 0.0490
vn 0.9107 0.3371 0.2385
vn 0.9813 0.1705 0.0897
vn 0.9361 0.2113 0.2812
vn 0.9910 0.0605 0.1198
vn 0.9462 0.0851 0.3121
vn 0.9884 -0.0552 0.1416
vn 0.9421 -0.0487 0.3318
vn 0.2721 0.9419 0.1972
vn -0.2720 0.9419 -0.1972
vn -0.5025 0.7788 -0.3754
vn -0.7486 -0.0257 -0.6626
vn -0.3751 -0.0937 -0.9222
vn -0.1483 -0.0708 -0.9864
vn -0.2986 -0.1254 -0.9461
vn -0.0541 -0.0976 -0.9938
vn -0.2126 -0.1251 -0.9691
vn 0.0495 -0.0981 -0.9939
vn -0.1263 -0.1279 -0.9837
vn 0.1504 -0.1018 -0.9834
vn -0.0410 -0.1126 -0.9928
vn 0.2453 -0.0882 -0.9654
vn 0.0403 -0.0905 -0.9951
vn 0.3273 -0.0747 -0.9420
vn 0.5026 0.7788 0.3753
vn 0.7485 -0.0257 0.6626
vn 0.9174 -0.1350 0.3745
vn 0.9734 -0.1318 0.1871
vn 0.8852 -0.1558 0.4384
vn 0.9579 -0.1479 0.2460
vn 0.8463 -0.1473 0.5119
vn 0.9399 -0.1371 0.3127
vn 0.8009 -0.1415 0.5819
vn 0.9170 -0.1282 0.3776
vn 0.7530 -0.1161 0.6477
vn 0.8924 -0.1015 0.4398
vn 0.7069 -0.0910 0.7014
vn 0.8658 -0.0795 0.4940
vn 0.7192 0.0845 -0.6896
vn 0.7018 0.0875 -0.7070
vn 0.7416 0.0448 -0.6694
vn 0.6861 0.0915 -0.7217
vn 0.6742 0.0957 -0.7324
vn 0.6662 0.0993 -0.7392
vn 0.6627 0.1011 -0.7420
vn 0.6636 0.1005 -0.7413
vn 0.6684 0.0966 -0.7375
vn 0.6765 0.0891 -0.7310
vn 0.6869 0.0775 -0.7226
vn 0.6987 0.0622 -0.7128
vn 0.7106 0.0435 -0.7022
vn 0.7218 0.0222 -0.6918
vn 0.7313 -0.0004 -0.6820
vn 0.7387 -0.0229 -0.6736
vn 0.7439 -0.0440 -0.6669
vn 0.7469 -0.0620 -0.6620
vn 0.7482 -0.0759 -0.6591
vn 0.7485 -0.0847 -0.6577
vn 0.7486 -0.0865 -0.6574
vn 0.7801 -0.0493 -0.6238
vn 0.7756 0.0775 -0.6264
vn 0.8170 0.0260 -0.5761
vn 0.8196 -0.0726 -0.5683
vn 0.8494 -0.0306 -0.5269
vn 0.8735 0.0448 -0.4847
vn 0.8893 -0.0184 -0.4569
vn 0.9073 0.0353 -0.4190
vn 0.9223 -0.0047 -0.3863
vn 0.9335 0.0248 -0.3578
vn 0.9450 0.0107 -0.3269
vn 0.9524 0.0246 -0.3037
vn -0.4152 -0.1489 0.8975
vn -0.1914 -0.1455 0.9707
vn -0.4085 -0.0041 0.9128
vn -0.1851 -0.0165 0.9826
vn -0.1841 -0.2628 0.9471
vn -0.4048 -0.2819 0.8699
vn -0.1597 -0.3755 0.9130
vn -0.3758 -0.4106 0.8308
vn -0.1182 -0.4808 0.8688
vn -0.3279 -0.5321 0.7806
vn -0.0599 -0.5759 0.8153
vn -0.2610 -0.6429 0.7201
vn 0.0140 -0.6575 0.7533
vn -0.1763 -0.7392 0.6500
vn 0.1015 -0.7224 0.6839
vn -0.0759 -0.8169 0.5718
vn 0.1998 -0.7678 0.6087
vn 0.0370 -0.8726 0.4871
vn 0.3055 -0.7917 0.5291
vn 0.1586 -0.9037 0.3977
vn 0.4145 -0.7927 0.4469
vn 0.2842 -0.9087 0.3058
vn 0.5227 -0.7709 0.3640
vn 0.4088 -0.8874 0.2132
vn 0.6257 -0.7272 0.2821
vn 0.5276 -0.8407 0.1222
vn 0.7198 -0.6638 0.2032
vn 0.6361 -0.7708 0.0350
vn 0.8017 -0.5836 0.1290
vn 0.7307 -0.6812 -0.0464
vn 0.8693 -0.4904 0.0614
vn 0.8086 -0.5760 -0.1202
vn 0.9216 -0.3882 0.0016
vn 0.8686 -0.4599 -0.1846
vn 0.9586 -0.2805 -0.0490
vn 0.9107 -0.3371 -0.2385
vn 0.9813 -0.1705 -0.0897
vn 0.9361 -0.2113 -0.2812
vn 0.9910 -0.0605 -0.1198
vn 0.9462 -0.0851 -0.3121
vn 0.9884 0.0552 -0.1416
vn 0.9421 0.0487 -0.3318
vn 0.3947 -0.8719 -0.2898
vn 0.2721 -0.9419 -0.1972
vn 0.1388 -0.9853 -0.0998
vn -0.1388 -0.9853 0.0998
vn -0.2721 -0.9419 0.1972
vn -0.3948 -0.8719 0.2898
vn -0.5025 -0.7788 0.3754
vn -0.5922 -0.6672 0.4519
vn -0.6620 -0.5418 0.5179
vn -0.7116 -0.4073 0.5725
vn -0.7416 -0.2679 0.6150
vn -0.7534 -0.1265 0.6453
vn -0.7486 0.0257 0.6626
vn -0.3751 0.0937 0.9222
vn -0.1482 0.0708 0.9864
vn -0.7162 0.1264 0.6864
vn -0.2986 0.1254 0.9461
vn -0.0542 0.0976 0.9937
vn -0.6605 0.1538 0.7349
vn -0.2126 0.1251 0.9691
vn 0.0494 0.0981 0.9939
vn -0.5949 0.1492 0.7898
vn -0.1263 0.1279 0.9837
vn 0.1502 0.1018 0.9834
vn -0.5244 0.1476 0.8386
vn -0.0410 0.1126 0.9928
vn 0.2452 0.0882 0.9655
vn -0.4512 0.1257 0.8835
vn 0.0403 0.0905 0.9951
vn 0.3273 0.0747 0.9420
vn -0.3814 0.0983 0.9192
vn 0.5025 -0.7788 -0.3753
vn 0.5922 -0.6672 -0.4519
vn 0.6620 -0.5418 -0.5179
vn 0.7116 -0.4073 -0.5725
vn 0.7416 -0.2679 -0.6150
vn 0.7534 -0.1265 -0.6453
vn 0.7486 0.0257 -0.6626
vn 0.7162 0.1264 -0.6864
vn 0.9174 0.1350 -0.3745
vn 0.9734 0.1318 -0.1871
vn 0.8852 0.1558 -0.4384
vn 0.9579 0.1479 -0.2460
vn 0.6605 0.1538 -0.7349
vn 0.8463 0.1473 -0.5119
vn 0.9399 0.1371 -0.3127
vn 0.5949 0.1492 -0.7898
vn 0.8009 0.1415 -0.5819
vn 0.9170 0.1282 -0.3776
vn 0.5244 0.1476 -0.8386
vn 0.7531 0.1161 -0.6476
vn 0.8924 0.1015 -0.4398
vn 0.4512 0.1257 -0.8835
vn 0.7069 0.0910 -0.7014
vn 0.8658 0.0795 -0.4940
vn 0.3814 0.0983 -0.9192
vn 0.7191 -0.0846 0.6898
vn 0.7015 -0.0875 0.7073
vn 0.7415 -0.0448 0.6694
vn 0.6860 -0.0915 0.7218
vn 0.6741 -0.0957 0.7324
vn 0.6662 -0.0993 0.7392
vn 0.6627 -0.1011 0.7420
vn 0.6636 -0.1005 0.7413
vn 0.6684 -0.0967 0.7375
vn 0.6765 -0.0891 0.7310
vn 0.6869 -0.0775 0.7226
vn 0.6987 -0.0622 0.7127
vn 0.7106 -0.0435 0.7022
vn 0.7218 -0.0222 0.6918
vn 0.7313 0.0004 0.6820
vn 0.7387 0.0229 0.6736
vn 0.7439 0.0439 0.6669
vn 0.7469 0.0620 0.6620
vn 0.7482 0.0759 0.6591
vn 0.7485 0.0847 0.6577
vn 0.7486 0.0865 0.6574
vn 0.7801 0.0493 0.6238
vn 0.7756 -0.0775 0.6264
vn 0.8170 -0.0260 0.5761
vn 0.8196 0.0726 0.5683
vn 0.8494 0.0306 0.5269
vn 0.8735 -0.0448 0.4847
vn 0.8893 0.0184 0.4569
vn 0.9073 -0.0353 0.4190
vn 0.9223 0.0047 0.3863
vn 0.9335 -0.0248 0.3578
vn 0.9450 -0.0107 0.3269
vn 0.9524 -0.0246 0.3038
vn 0.4152 -0.1489 -0.8974
vn 0.1915 -0.1456 -0.9706
vn 0.4084 -0.0041 -0.9128
vn 0.1850 -0.0165 -0.9826
vn 0.1841 -0.2628 -0.9471
vn 0.4048 -0.2819 -0.8699
vn 0.1598 -0.3755 -0.9130
vn 0.3759 -0.4106 -0.8308
vn 0.1183 -0.4809 -0.8688
vn 0.3279 -0.5321 -0.7806
vn 0.0599 -0.5760 -0.8153
vn 0.2611 -0.6429 -0.7201
vn -0.0140 -0.6576 -0.7533
vn 0.1764 -0.7392 -0.6500
vn -0.1015 -0.7225 -0.6839
vn 0.0759 -0.8169 -0.5718
vn -0.1998 -0.7678 -0.6087
vn -0.0371 -0.8726 -0.4871
vn -0.3055 -0.7916 -0.5291
vn -0.1586 -0.9037 -0.3978
vn -0.4145 -0.7928 -0.4469
vn -0.2842 -0.9087 -0.3057
vn -0.5227 -0.7709 -0.3640
vn -0.4088 -0.8874 -0.2132
vn -0.6257 -0.7272 -0.2821
vn -0.5276 -0.8407 -0.1222
vn -0.7198 -0.6638 -0.2032
vn -0.6361 -0.7708 -0.0350
vn -0.8017 -0.5836 -0.1291
vn -0.7307 -0.6812 0.0464
vn -0.8693 -0.4904 -0.0614
vn -0.8086 -0.5760 0.1202
vn -0.9216 -0.3882 -0.0016
vn -0.8686 -0.4599 0.1846
vn -0.9586 -0.2805 0.0490
vn -0.9108 -0.3371 0.2385
vn -0.9813 -0.1705 0.0897
vn -0.9361 -0.2113 0.2812
vn -0.9910 -0.0605 0.1198
vn -0.9462 -0.0851 0.3121
vn -0.9884 0.0552 0.1416
vn -0.9421 0.0487 0.3318
vn -0.3947 -0.8719 0.2898
vn -0.2721 -0.9418 0.1972
vn 0.3948 -0.8719 -0.2898
vn 0.7416 -0.2679 -0.6151
vn 0.3751 0.0937 -0.9222
vn 0.1483 0.0708 -0.9864
vn 0.2986 0.1254 -0.9461
vn 0.0541 0.0976 -0.9938
vn 0.2126 0.1251 -0.9691
vn -0.0495 0.0981 -0.9939
vn 0.1263 0.1279 -0.9837
vn -0.1503 0.1018 -0.9834
vn 0.0410 0.1126 -0.9928
vn -0.2453 0.0882 -0.9654
vn -0.0403 0.0905 -0.9951
vn -0.3273 0.0747 -0.9420
vn -0.5025 -0.7788 0.3753
vn -0.9174 0.1350 0.3744
vn -0.9734 0.1318 0.1871
vn -0.8852 0.1558 0.4384
vn -0.9579 0.1479 0.2460
vn -0.8463 0.1473 0.5119
vn -0.9399 0.1372 0.3127
vn -0.8009 0.1415 0.5819
vn -0.9170 0.1282 0.3776
vn -0.7530 0.1161 0.6477
vn -0.8924 0.1015 0.4398
vn -0.7069 0.0910 0.7014
vn -0.8659 0.0795 0.4939
vn -0.7194 -0.0845 -0.6894
vn -0.7014 -0.0876 -0.7073
vn -0.7416 -0.0448 -0.6694
vn -0.6862 -0.0915 -0.7216
vn -0.6742 -0.0957 -0.7323
vn -0.6662 -0.0993 -0.7392
vn -0.6627 -0.1011 -0.7420
vn -0.6636 -0.1005 -0.7413
vn -0.6684 -0.0966 -0.7375
vn -0.6765 -0.0891 -0.7311
vn -0.6869 -0.0776 -0.7226
vn -0.6987 -0.0622 -0.7127
vn -0.7106 -0.0435 -0.7022
vn -0.7218 -0.0222 -0.6918
vn -0.7313 0.0004 -0.6820
vn -0.7387 0.0229 -0.6736
vn -0.7439 0.0439 -0.6669
vn -0.7469 0.0620 -0.6621
vn -0.7482 0.0759 -0.6591
vn -0.7485 0.0847 -0.6577
vn -0.7486 0.0865 -0.6574
vn -0.7801 0.0493 -0.6238
vn -0.7756 -0.0775 -0.6264
vn -0.8170 -0.0259 -0.5761
vn -0.8196 0.0726 -0.5683
vn -0.8494 0.0306 -0.5269
vn -0.8735 -0.0448 -0.4847
vn -0.8893 0.0184 -0.4569
vn -0.9073 -0.0353 -0.4190
vn -0.9223 0.0047 -0.3863
vn -0.9335 -0.0248 -0.3578
vn -0.9450 -0.0107 -0.3269
vn -0.9524 -0.0246 -0.3037
vt 0.209816 0.177606
vt 0.204320 0.176736
vt 0.209816 0.159820
vt 0.199362 0.174210
vt 0.195427 0.170275
vt 0.192901 0.165317
vt 0.192030 0.159820
vt 0.192901 0.154324
vt 0.195427 0.149366
vt 0.199362 0.145431
vt 0.204320 0.142905
vt 0.209816 0.142034
vt 0.215313 0.142905
vt 0.220271 0.145431
vt 0.224206 0.149366
vt 0.226732 0.154324
vt 0.227603 0.159820
vt 0.199362 0.191996
vt 0.189931 0.187190
vt 0.182446 0.179706
vt 0.177641 0.170275
vt 0.175985 0.159820
vt 0.177641 0.149366
vt 0.182446 0.139935
vt 0.189931 0.132450
vt 0.199362 0.127645
vt 0.209816 0.125989
vt 0.220271 0.127645
vt 0.229702 0.132450
vt 0.237186 0.139935
vt 0.241992 0.149366
vt 0.243648 0.159820
vt 0.241992 0.170275
vt 0.226732 0.165317
vt 0.224206 0.170275
vt 0.220271 0.174210
vt 0.215313 0.176736
vt 0.237186 0.179706
vt 0.229702 0.187190
vt 0.220271 0.191996
vt 0.209816 0.193651
vt 0.195427 0.204106
vt 0.209816 0.206385
vt 0.182446 0.197492
vt 0.172145 0.187190
vt 0.165531 0.174210
vt 0.163252 0.159820
vt 0.165531 0.145431
vt 0.172145 0.132450
vt 0.182446 0.122149
vt 0.195427 0.115535
vt 0.209817 0.113256
vt 0.224206 0.115535
vt 0.237186 0.122149
vt 0.247488 0.132450
vt 0.254102 0.145431
vt 0.256381 0.159820
vt 0.254102 0.174210
vt 0.247488 0.187190
vt 0.237186 0.197492
vt 0.224206 0.204106
vt 0.136731 0.086302
vt 0.126292 0.086302
vt 0.136731 0.073569
vt 0.126292 0.073569
vt 0.147170 0.073569
vt 0.147170 0.086302
vt 0.157609 0.073569
vt 0.157609 0.086302
vt 0.168047 0.073569
vt 0.168047 0.086302
vt 0.178486 0.073569
vt 0.178486 0.086302
vt 0.188925 0.073569
vt 0.188925 0.086302
vt 0.199364 0.073569
vt 0.199364 0.086302
vt 0.209803 0.073569
vt 0.209803 0.086302
vt 0.220241 0.073569
vt 0.220241 0.086302
vt 0.230680 0.073569
vt 0.230680 0.086302
vt 0.241119 0.073569
vt 0.241119 0.086302
vt 0.251558 0.073569
vt 0.251558 0.086302
vt 0.261997 0.073569
vt 0.261997 0.086302
vt 0.272435 0.073569
vt 0.272435 0.086302
vt 0.282874 0.073569
vt 0.282874 0.086302
vt 0.293313 0.073569
vt 0.293313 0.086302
vt 0.303752 0.073569
vt 0.303752 0.086302
vt 0.314191 0.073569
vt 0.314191 0.086302
vt 0.324630 0.073569
vt 0.324630 0.086302
vt 0.335068 0.073569
vt 0.335068 0.086302
vt 0.272435 0.021882
vt 0.261997 0.021882
vt 0.251558 0.021882
vt 0.241119 0.021882
vt 0.230680 0.021882
vt 0.220241 0.021882
vt 0.209803 0.021882
vt 0.199364 0.021882
vt 0.188925 0.021882
vt 0.178486 0.021882
vt 0.168047 0.021882
vt 0.157609 0.021882
vt 0.147170 0.021882
vt 0.136731 0.021882
vt 0.126292 0.021882
vt 0.282874 0.021882
vt 0.293313 0.021882
vt 0.303752 0.021882
vt 0.314191 0.021882
vt 0.324630 0.021882
vt 0.335068 0.021882
vt 0.873515 0.858299
vt 0.872896 0.861494
vt 0.862238 0.857572
vt 0.862238 0.860808
vt 0.883292 0.863536
vt 0.884514 0.860459
vt 0.893170 0.866883
vt 0.894965 0.864000
vt 0.902286 0.871453
vt 0.904610 0.868836
vt 0.910415 0.877134
vt 0.913212 0.874846
vt 0.917359 0.883785
vt 0.920559 0.881883
vt 0.922945 0.891242
vt 0.926469 0.889773
vt 0.927037 0.899323
vt 0.930798 0.898323
vt 0.929533 0.907828
vt 0.933439 0.907321
vt 0.930371 0.916547
vt 0.934326 0.916547
vt 0.929533 0.925267
vt 0.933439 0.925773
vt 0.927037 0.933772
vt 0.930798 0.934771
vt 0.922945 0.941852
vt 0.926469 0.943321
vt 0.917359 0.949310
vt 0.920559 0.951212
vt 0.910415 0.955961
vt 0.913212 0.958249
vt 0.902286 0.961641
vt 0.904610 0.964259
vt 0.893170 0.966211
vt 0.894965 0.969094
vt 0.883292 0.969558
vt 0.884514 0.972636
vt 0.872896 0.971600
vt 0.873515 0.974796
vt 0.862238 0.972286
vt 0.862238 0.975522
vt 0.927712 0.943839
vt 0.932125 0.935124
vt 0.934817 0.925951
vt 0.935722 0.916547
vt 0.934817 0.907143
vt 0.932125 0.897970
vt 0.927712 0.889255
vt 0.921687 0.881212
vt 0.914199 0.874039
vt 0.905430 0.867912
vt 0.895599 0.862984
vt 0.884945 0.859374
vt 0.873733 0.857171
vt 0.862238 0.856431
vt 0.832606 0.859838
vt 0.832606 0.863008
vt 0.832606 0.858804
vt 0.780078 0.866990
vt 0.780078 0.870201
vt 0.780078 0.866032
vt 0.721518 0.874963
vt 0.721518 0.878220
vt 0.721518 0.874090
vt 0.663708 0.882833
vt 0.663708 0.886136
vt 0.663708 0.882044
vt 0.606645 0.890602
vt 0.606645 0.893950
vt 0.606645 0.889896
vt 0.553565 0.897829
vt 0.553565 0.901219
vt 0.553565 0.897199
vt 0.921687 0.951882
vt 0.914199 0.959056
vt 0.905430 0.965182
vt 0.895599 0.970111
vt 0.884945 0.973721
vt 0.873733 0.975923
vt 0.862238 0.976663
vt 0.832606 0.974290
vt 0.832606 0.973257
vt 0.832606 0.970086
vt 0.780078 0.966105
vt 0.780078 0.962893
vt 0.780078 0.967062
vt 0.721518 0.958132
vt 0.721518 0.954874
vt 0.721518 0.959005
vt 0.663707 0.950261
vt 0.663707 0.946958
vt 0.663707 0.951050
vt 0.606645 0.942492
vt 0.606645 0.939144
vt 0.606645 0.943199
vt 0.553565 0.935265
vt 0.553565 0.931875
vt 0.553565 0.935895
vt 0.884514 0.972635
vt 0.927037 0.933771
vt 0.934327 0.916547
s 1
usemtl Airplane3_01
f 2530/895/1979 2529/896/1980 2528/897/1981
f 2529/896/1980 2531/898/1982 2528/897/1981
f 2531/898/1982 2532/899/1983 2528/897/1981
f 2532/899/1983 2533/900/1984 2528/897/1981
f 2533/900/1984 2534/901/1985 2528/897/1981
f 2534/901/1985 2535/902/1986 2528/897/1981
f 2535/902/1986 2536/903/1987 2528/897/1981
f 2536/903/1987 2537/904/1988 2528/897/1981
f 2537/904/1988 2538/905/1989 2528/897/1981
f 2538/905/1989 2539/906/1990 2528/897/1981
f 2539/906/1990 2540/907/1991 2528/897/1981
f 2540/907/1991 2541/908/1992 2528/897/1981
f 2541/908/1992 2542/909/1993 2528/897/1981
f 2542/909/1993 2543/910/1994 2528/897/1981
f 2543/910/1994 2544/911/1995 2528/897/1981
f 2529/896/1980 2530/895/1979 2545/912/1996
f 2531/898/1982 2529/896/1980 2546/913/1997
f 2545/912/1996 2546/913/1997 2529/896/1980
f 2546/913/1997 2547/914/1998 2531/898/1982
f 2532/899/1983 2531/898/1982 2547/914/1998
f 2547/914/1998 2548/915/1999 2532/899/1983
f 2533/900/1984 2532/899/1983 2548/915/1999
f 2548/915/1999 2549/916/2000 2533/900/1984
f 2534/901/1985 2533/900/1984 2549/916/2000
f 2549/916/2000 2550/917/2001 2534/901/1985
f 2535/902/1986 2534/901/1985 2550/917/2001
f 2550/917/2001 2551/918/2002 2535/902/1986
f 2536/903/1987 2535/902/1986 2551/918/2002
f 2551/918/2002 2552/919/2003 2536/903/1987
f 2537/904/1988 2536/903/1987 2552/919/2003
f 2552/919/2003 2553/920/2004 2537/904/1988
f 2538/905/1989 2537/904/1988 2553/920/2004
f 2553/920/2004 2554/921/2005 2538/905/1989
f 2539/906/1990 2538/905/1989 2554/921/2005
f 2554/921/2005 2555/922/2006 2539/906/1990
f 2540/907/1991 2539/906/1990 2555/922/2006
f 2555/922/2006 2556/923/2007 2540/907/1991
f 2541/908/1992 2540/907/1991 2556/923/2007
f 2556/923/2007 2557/924/2008 2541/908/1992
f 2542/909/1993 2541/908/1992 2557/924/2008
f 2557/924/2008 2558/925/2009 2542/909/1993
f 2543/910/1994 2542/909/1993 2558/925/2009
f 2558/925/2009 2559/926/2010 2543/910/1994
f 2544/911/1995 2543/910/1994 2559/926/2010
f 2559/926/2010 2560/927/2011 2544/911/1995
f 2561/928/2012 2544/911/1995 2560/927/2011
f 2544/911/1995 2561/928/2012 2528/897/1981
f 2561/928/2012 2562/929/2013 2528/897/1981
f 2562/929/2013 2563/930/2014 2528/897/1981
f 2563/930/2014 2564/931/2015 2528/897/1981
f 2564/931/2015 2530/895/1979 2528/897/1981
f 2562/929/2013 2561/928/2012 2565/932/2016
f 2560/927/2011 2565/932/2016 2561/928/2012
f 2563/930/2014 2562/929/2013 2566/933/2017
f 2565/932/2016 2566/933/2017 2562/929/2013
f 2564/931/2015 2563/930/2014 2567/934/2018
f 2566/933/2017 2567/934/2018 2563/930/2014
f 2530/895/1979 2564/931/2015 2568/935/2019
f 2567/934/2018 2568/935/2019 2564/931/2015
f 2568/935/2019 2545/912/1996 2530/895/1979
f 2545/912/1996 2568/935/2019 2569/936/2020
f 2570/937/2021 2569/936/2020 2568/935/2019
f 2568/935/2019 2567/934/2018 2570/937/2021
f 2569/936/2020 2571/938/2022 2545/912/1996
f 2546/913/1997 2545/912/1996 2571/938/2022
f 2571/938/2022 2572/939/2023 2546/913/1997
f 2547/914/1998 2546/913/1997 2572/939/2023
f 2572/939/2023 2573/940/2024 2547/914/1998
f 2548/915/1999 2547/914/1998 2573/940/2024
f 2573/940/2024 2574/941/2025 2548/915/1999
f 2549/916/2000 2548/915/1999 2574/941/2025
f 2574/941/2025 2575/942/2026 2549/916/2000
f 2550/917/2001 2549/916/2000 2575/942/2026
f 2575/942/2026 2576/943/2027 2550/917/2001
f 2551/918/2002 2550/917/2001 2576/943/2027
f 2576/943/2027 2577/944/2028 2551/918/2002
f 2552/919/2003 2551/918/2002 2577/944/2028
f 2577/944/2028 2578/945/2029 2552/919/2003
f 2553/920/2004 2552/919/2003 2578/945/2029
f 2578/945/2029 2579/946/2030 2553/920/2004
f 2554/921/2005 2553/920/2004 2579/946/2030
f 2579/946/2030 2580/947/2031 2554/921/2005
f 2555/922/2006 2554/921/2005 2580/947/2031
f 2580/947/2031 2581/948/2032 2555/922/2006
f 2556/923/2007 2555/922/2006 2581/948/2032
f 2581/948/2032 2582/949/2033 2556/923/2007
f 2557/924/2008 2556/923/2007 2582/949/2033
f 2582/949/2033 2583/950/2034 2557/924/2008
f 2558/925/2009 2557/924/2008 2583/950/2034
f 2583/950/2034 2584/951/2035 2558/925/2009
f 2559/926/2010 2558/925/2009 2584/951/2035
f 2584/951/2035 2585/952/2036 2559/926/2010
f 2560/927/2011 2559/926/2010 2585/952/2036
f 2585/952/2036 2586/953/2037 2560/927/2011
f 2565/932/2016 2560/927/2011 2586/953/2037
f 2586/953/2037 2587/954/2038 2565/932/2016
f 2566/933/2017 2565/932/2016 2587/954/2038
f 2587/954/2038 2588/955/2039 2566/933/2017
f 2567/934/2018 2566/933/2017 2588/955/2039
f 2588/955/2039 2570/937/2021 2567/934/2018
f 2591/956/2040 2590/957/2021 2589/958/2041
f 2592/959/2042 2589/958/2041 2590/957/2021
f 2589/958/2041 2593/960/2043 2591/956/2040
f 2594/961/2022 2591/956/2040 2593/960/2043
f 2593/960/2043 2595/962/2044 2594/961/2022
f 2596/963/2023 2594/961/2022 2595/962/2044
f 2595/962/2044 2597/964/2045 2596/963/2023
f 2598/965/2046 2596/963/2023 2597/964/2045
f 2597/964/2045 2599/966/2047 2598/965/2046
f 2600/967/2025 2598/965/2046 2599/966/2047
f 2599/966/2047 2601/968/2048 2600/967/2025
f 2602/969/2049 2600/967/2025 2601/968/2048
f 2601/968/2048 2603/970/2050 2602/969/2049
f 2604/971/2027 2602/969/2049 2603/970/2050
f 2603/970/2050 2605/972/2051 2604/971/2027
f 2606/973/2028 2604/971/2027 2605/972/2051
f 2605/972/2051 2607/974/2052 2606/973/2028
f 2608/975/2053 2606/973/2028 2607/974/2052
f 2607/974/2052 2609/976/2054 2608/975/2053
f 2610/977/2030 2608/975/2053 2609/976/2054
f 2609/976/2054 2611/978/2055 2610/977/2030
f 2612/979/2056 2610/977/2030 2611/978/2055
f 2611/978/2055 2613/980/2057 2612/979/2056
f 2614/981/2032 2612/979/2056 2613/980/2057
f 2613/980/2057 2615/982/2058 2614/981/2032
f 2616/983/2033 2614/981/2032 2615/982/2058
f 2615/982/2058 2617/984/2059 2616/983/2033
f 2618/985/2060 2616/983/2033 2617/984/2059
f 2617/984/2059 2619/986/2061 2618/985/2060
f 2620/987/2035 2618/985/2060 2619/986/2061
f 2619/986/2061 2621/988/2062 2620/987/2035
f 2622/989/2063 2620/987/2035 2621/988/2062
f 2621/988/2062 2623/990/2064 2622/989/2063
f 2624/991/2037 2622/989/2063 2623/990/2064
f 2623/990/2064 2625/992/2065 2624/991/2037
f 2626/993/2038 2624/991/2037 2625/992/2065
f 2625/992/2065 2627/994/2066 2626/993/2038
f 2628/995/2067 2626/993/2038 2627/994/2066
f 2627/994/2066 2629/996/2042 2628/995/2067
f 2630/997/2021 2628/995/2067 2629/996/2042
f 2617/984/2059 2615/982/2058 2631/998/2068
f 2632/999/2069 2631/998/2068 2615/982/2058
f 2615/982/2058 2613/980/2057 2632/999/2069
f 2633/1000/2070 2632/999/2069 2613/980/2057
f 2613/980/2057 2611/978/2055 2633/1000/2070
f 2634/1001/2071 2633/1000/2070 2611/978/2055
f 2611/978/2055 2609/976/2054 2634/1001/2071
f 2635/1002/2072 2634/1001/2071 2609/976/2054
f 2609/976/2054 2607/974/2052 2635/1002/2072
f 2636/1003/2073 2635/1002/2072 2607/974/2052
f 2607/974/2052 2605/972/2051 2636/1003/2073
f 2637/1004/2074 2636/1003/2073 2605/972/2051
f 2605/972/2051 2603/970/2050 2637/1004/2074
f 2638/1005/2075 2637/1004/2074 2603/970/2050
f 2603/970/2050 2601/968/2048 2638/1005/2075
f 2639/1006/2076 2638/1005/2075 2601/968/2048
f 2601/968/2048 2599/966/2047 2639/1006/2076
f 2640/1007/2077 2639/1006/2076 2599/966/2047
f 2599/966/2047 2597/964/2045 2640/1007/2077
f 2641/1008/2078 2640/1007/2077 2597/964/2045
f 2597/964/2045 2595/962/2044 2641/1008/2078
f 2642/1009/2079 2641/1008/2078 2595/962/2044
f 2595/962/2044 2593/960/2043 2642/1009/2079
f 2643/1010/2080 2642/1009/2079 2593/960/2043
f 2593/960/2043 2589/958/2041 2643/1010/2080
f 2644/1011/2081 2643/1010/2080 2589/958/2041
f 2589/958/2041 2592/959/2042 2644/1011/2081
f 2645/1012/2082 2644/1011/2081 2592/959/2042
f 2645/1012/2082 2647/1012/2083 2646/1011/2081
f 2648/1011/2084 2646/1011/2081 2647/1012/2083
f 2646/1011/2081 2648/1011/2084 2649/1010/2080
f 2650/1010/2085 2649/1010/2080 2648/1011/2084
f 2649/1010/2080 2650/1010/2085 2651/1009/2079
f 2652/1009/2086 2651/1009/2079 2650/1010/2085
f 2651/1009/2079 2652/1009/2086 2653/1008/2078
f 2654/1008/2087 2653/1008/2078 2652/1009/2086
f 2653/1008/2078 2654/1008/2087 2655/1007/2077
f 2656/1007/2088 2655/1007/2077 2654/1008/2087
f 2655/1007/2077 2656/1007/2088 2657/1006/2076
f 2658/1006/2089 2657/1006/2076 2656/1007/2088
f 2657/1006/2076 2658/1006/2089 2659/1005/2075
f 2660/1005/2090 2659/1005/2075 2658/1006/2089
f 2659/1005/2075 2660/1005/2090 2661/1004/2074
f 2662/1004/2091 2661/1004/2074 2660/1005/2090
f 2661/1004/2074 2662/1004/2091 2663/1003/2073
f 2664/1003/2092 2663/1003/2073 2662/1004/2091
f 2663/1003/2073 2664/1003/2092 2665/1002/2072
f 2666/1002/2093 2665/1002/2072 2664/1003/2092
f 2665/1002/2072 2666/1002/2093 2667/1001/2071
f 2668/1001/2094 2667/1001/2071 2666/1002/2093
f 2667/1001/2071 2668/1001/2094 2669/1000/2070
f 2670/1000/2095 2669/1000/2070 2668/1001/2094
f 2669/1000/2070 2670/1000/2095 2671/999/2069
f 2672/999/2096 2671/999/2069 2670/1000/2095
f 2671/999/2069 2672/999/2096 2673/998/2068
f 2674/998/2097 2673/998/2068 2672/999/2096
f 2673/998/2068 2674/998/2097 2675/1013/2098
f 2676/1013/2099 2675/1013/2098 2674/998/2097
f 2675/1013/2098 2676/1013/2099 2677/1014/2100
f 2678/1014/2101 2677/1014/2100 2676/1013/2099
f 2677/1014/2100 2678/1014/2101 2679/1015/2102
f 2680/1015/2103 2679/1015/2102 2678/1014/2101
f 2679/1015/2102 2680/1015/2103 2681/1016/2104
f 2682/1016/2105 2681/1016/2104 2680/1015/2103
f 2681/1016/2104 2682/1016/2105 2683/1017/2106
f 2684/1017/2107 2683/1017/2106 2682/1016/2105
f 2683/1017/2106 2684/1017/2107 2685/1018/2082
f 2686/1018/2083 2685/1018/2082 2684/1017/2107
f 2619/986/2061 2617/984/2059 2675/1013/2098
f 2631/998/2068 2675/1013/2098 2617/984/2059
f 2675/1013/2098 2687/1014/2108 2619/986/2061
f 2621/988/2062 2619/986/2061 2687/1014/2108
f 2687/1014/2108 2688/1015/2102 2621/988/2062
f 2623/990/2064 2621/988/2062 2688/1015/2102
f 2688/1015/2102 2689/1016/2104 2623/990/2064
f 2625/992/2065 2623/990/2064 2689/1016/2104
f 2689/1016/2104 2690/1017/2106 2625/992/2065
f 2627/994/2066 2625/992/2065 2690/1017/2106
f 2690/1017/2106 2685/1018/2082 2627/994/2066
f 2629/996/2042 2627/994/2066 2685/1018/2082
f 2693/1019/2109 2692/1020/2110 2691/1021/2111
f 2694/1022/2112 2691/1021/2111 2692/1020/2110
f 2692/1020/2110 2693/1019/2109 2695/1023/2113
f 2696/1024/2114 2695/1023/2113 2693/1019/2109
f 2695/1023/2113 2696/1024/2114 2697/1025/2115
f 2698/1026/2116 2697/1025/2115 2696/1024/2114
f 2697/1025/2115 2698/1026/2116 2699/1027/2117
f 2700/1028/2118 2699/1027/2117 2698/1026/2116
f 2699/1027/2117 2700/1028/2118 2701/1029/2119
f 2702/1030/2120 2701/1029/2119 2700/1028/2118
f 2701/1029/2119 2702/1030/2120 2703/1031/2121
f 2704/1032/2122 2703/1031/2121 2702/1030/2120
f 2703/1031/2121 2704/1032/2122 2705/1033/2123
f 2706/1034/2124 2705/1033/2123 2704/1032/2122
f 2705/1033/2123 2706/1034/2124 2707/1035/2125
f 2708/1036/2126 2707/1035/2125 2706/1034/2124
f 2707/1035/2125 2708/1036/2126 2709/1037/2127
f 2710/1038/2128 2709/1037/2127 2708/1036/2126
f 2709/1037/2127 2710/1038/2128 2711/1039/2129
f 2712/1040/2130 2711/1039/2129 2710/1038/2128
f 2711/1039/2129 2712/1040/2130 2713/1041/2131
f 2714/1042/2132 2713/1041/2131 2712/1040/2130
f 2713/1041/2131 2714/1042/2132 2715/1043/2133
f 2716/1044/2134 2715/1043/2133 2714/1042/2132
f 2715/1043/2133 2716/1044/2134 2717/1045/2135
f 2718/1046/2136 2717/1045/2135 2716/1044/2134
f 2717/1045/2135 2718/1046/2136 2719/1047/2137
f 2720/1048/2138 2719/1047/2137 2718/1046/2136
f 2719/1047/2137 2720/1048/2138 2721/1049/2139
f 2722/1050/2140 2721/1049/2139 2720/1048/2138
f 2721/1049/2139 2722/1050/2140 2723/1051/2141
f 2724/1052/2142 2723/1051/2141 2722/1050/2140
f 2723/1051/2141 2724/1052/2142 2725/1053/2143
f 2726/1054/2144 2725/1053/2143 2724/1052/2142
f 2725/1053/2143 2726/1054/2144 2727/1055/2145
f 2728/1056/2146 2727/1055/2145 2726/1054/2144
f 2727/1055/2145 2728/1056/2146 2729/1057/2147
f 2730/1058/2148 2729/1057/2147 2728/1056/2146
f 2729/1057/2147 2730/1058/2148 2731/1059/2149
f 2732/1060/2150 2731/1059/2149 2730/1058/2148
f 2718/1046/2136 2733/1061/2151 2720/1048/2138
f 2733/1061/2151 2718/1046/2136 2734/1062/2152
f 2716/1044/2134 2734/1062/2152 2718/1046/2136
f 2734/1062/2152 2716/1044/2134 2735/1063/2153
f 2714/1042/2132 2735/1063/2153 2716/1044/2134
f 2735/1063/2153 2714/1042/2132 2736/1064/2083
f 2712/1040/2130 2736/1064/2083 2714/1042/2132
f 2736/1064/2083 2712/1040/2130 2737/1065/2154
f 2710/1038/2128 2737/1065/2154 2712/1040/2130
f 2737/1065/2154 2710/1038/2128 2738/1066/2155
f 2708/1036/2126 2738/1066/2155 2710/1038/2128
f 2738/1066/2155 2708/1036/2126 2739/1067/2156
f 2706/1034/2124 2739/1067/2156 2708/1036/2126
f 2739/1067/2156 2706/1034/2124 2740/1068/2157
f 2704/1032/2122 2740/1068/2157 2706/1034/2124
f 2740/1068/2157 2704/1032/2122 2741/1069/2158
f 2702/1030/2120 2741/1069/2158 2704/1032/2122
f 2741/1069/2158 2702/1030/2120 2742/1070/2159
f 2700/1028/2118 2742/1070/2159 2702/1030/2120
f 2742/1070/2159 2700/1028/2118 2743/1071/2160
f 2698/1026/2116 2743/1071/2160 2700/1028/2118
f 2743/1071/2160 2698/1026/2116 2744/1072/2161
f 2696/1024/2114 2744/1072/2161 2698/1026/2116
f 2744/1072/2161 2696/1024/2114 2745/1073/2162
f 2693/1019/2109 2745/1073/2162 2696/1024/2114
f 2691/1021/2111 2746/1074/2163 2693/1019/2109
f 2747/1073/2162 2693/1019/2109 2746/1074/2163
f 2691/1021/2111 2748/1075/2164 2746/1074/2163
f 2748/1075/2164 2691/1021/2111 2749/1076/2165
f 2694/1022/2112 2749/1076/2165 2691/1021/2111
f 2750/1077/2166 2746/1074/2163 2748/1075/2164
f 2748/1075/2164 2749/1076/2165 2751/1078/2167
f 2752/1079/2168 2751/1078/2167 2749/1076/2165
f 2751/1078/2167 2753/1080/2169 2748/1075/2164
f 2750/1077/2166 2748/1075/2164 2753/1080/2169
f 2751/1078/2167 2752/1079/2168 2754/1081/2170
f 2755/1082/2171 2754/1081/2170 2752/1079/2168
f 2754/1081/2170 2756/1083/2172 2751/1078/2167
f 2753/1080/2169 2751/1078/2167 2756/1083/2172
f 2754/1081/2170 2755/1082/2171 2757/1084/2173
f 2758/1085/2174 2757/1084/2173 2755/1082/2171
f 2757/1084/2173 2759/1086/2175 2754/1081/2170
f 2756/1083/2172 2754/1081/2170 2760/1086/2175
f 2757/1084/2173 2758/1085/2174 2761/1087/2176
f 2762/1088/2177 2761/1087/2176 2758/1085/2174
f 2761/1087/2176 2763/1089/2178 2757/1084/2173
f 2759/1086/2175 2757/1084/2173 2763/1089/2178
f 2761/1087/2176 2762/1088/2177 2764/1090/2179
f 2765/1091/2180 2764/1090/2179 2762/1088/2177
f 2766/1092/2181 2763/1089/2178 2764/1090/2179
f 2761/1087/2176 2764/1090/2179 2767/1089/2178
f 2768/1093/2182 2720/1048/2138 2733/1061/2151
f 2720/1048/2138 2768/1093/2182 2722/1050/2140
f 2769/1094/2183 2722/1050/2140 2768/1093/2182
f 2722/1050/2140 2769/1094/2183 2724/1052/2142
f 2770/1095/2184 2724/1052/2142 2769/1094/2183
f 2724/1052/2142 2770/1095/2184 2726/1054/2144
f 2771/1096/2185 2726/1054/2144 2770/1095/2184
f 2726/1054/2144 2771/1096/2185 2728/1056/2146
f 2772/1097/2186 2728/1056/2146 2771/1096/2185
f 2728/1056/2146 2772/1097/2186 2730/1058/2148
f 2773/1098/2187 2730/1058/2148 2772/1097/2186
f 2730/1058/2148 2774/1098/2187 2732/1060/2150
f 2775/1099/2188 2732/1060/2150 2774/1098/2187
f 2775/1099/2188 2776/1100/2189 2732/1060/2150
f 2777/1101/2190 2732/1060/2150 2776/1100/2189
f 2732/1060/2150 2777/1101/2190 2731/1059/2149
f 2778/1102/2191 2731/1059/2149 2777/1101/2190
f 2777/1101/2190 2779/1103/2192 2778/1102/2191
f 2780/1104/2193 2778/1102/2191 2779/1103/2192
f 2776/1100/2189 2781/1105/2194 2777/1101/2190
f 2779/1103/2192 2777/1101/2190 2781/1105/2194
f 2779/1103/2192 2782/1106/2195 2780/1104/2193
f 2783/1107/2196 2780/1104/2193 2782/1106/2195
f 2782/1106/2195 2779/1103/2192 2784/1108/2197
f 2781/1105/2194 2784/1108/2197 2779/1103/2192
f 2782/1106/2195 2785/1109/2198 2783/1107/2196
f 2786/1110/2199 2783/1107/2196 2785/1109/2198
f 2785/1109/2198 2782/1106/2195 2787/1111/2200
f 2784/1108/2197 2788/1111/2200 2782/1106/2195
f 2785/1109/2198 2789/1112/2201 2786/1110/2199
f 2790/1113/2202 2786/1110/2199 2789/1112/2201
f 2789/1112/2201 2785/1109/2198 2791/1114/2203
f 2787/1111/2200 2791/1114/2203 2785/1109/2198
f 2789/1112/2201 2792/1115/2204 2790/1113/2202
f 2793/1116/2205 2790/1113/2202 2792/1115/2204
f 2792/1115/2204 2789/1112/2201 2794/1117/2206
f 2795/1114/2203 2794/1117/2206 2789/1112/2201
f 2798/1020/2207 2797/1023/2208 2796/1022/2209
f 2797/1023/2208 2799/1025/2210 2796/1022/2209
f 2799/1025/2210 2800/1027/2211 2796/1022/2209
f 2800/1027/2211 2801/1029/2212 2796/1022/2209
f 2801/1029/2212 2802/1031/2213 2796/1022/2209
f 2802/1031/2213 2803/1033/2214 2796/1022/2209
f 2803/1033/2214 2804/1035/2215 2796/1022/2209
f 2804/1035/2215 2805/1037/2216 2796/1022/2209
f 2805/1037/2216 2806/1039/2217 2796/1022/2209
f 2806/1039/2217 2807/1041/2218 2796/1022/2209
f 2807/1041/2218 2808/1043/2219 2796/1022/2209
f 2808/1043/2219 2809/1045/2220 2796/1022/2209
f 2809/1045/2220 2810/1047/2221 2796/1022/2209
f 2810/1047/2221 2811/1049/2222 2796/1022/2209
f 2811/1049/2222 2812/1051/2223 2796/1022/2209
f 2812/1051/2223 2813/1053/2224 2796/1022/2209
f 2813/1053/2224 2814/1055/2225 2796/1022/2209
f 2814/1055/2225 2815/1057/2226 2796/1022/2209
f 2815/1057/2226 2816/1059/2227 2796/1022/2209
f 2816/1059/2227 2817/1102/2228 2796/1022/2209
f 2818/1076/2229 2796/1022/2209 2817/1102/2228
f 2818/1076/2229 2817/1102/2228 2819/1079/2230
f 2820/1104/2231 2819/1079/2230 2817/1102/2228
f 2820/1104/2231 2821/1107/2232 2819/1079/2230
f 2822/1082/2233 2819/1079/2230 2821/1107/2232
f 2821/1107/2232 2823/1110/2234 2822/1082/2233
f 2824/1085/2235 2822/1082/2233 2823/1110/2234
f 2823/1110/2234 2825/1113/2236 2824/1085/2235
f 2826/1088/2237 2824/1085/2235 2825/1113/2236
f 2825/1113/2236 2827/1116/2238 2826/1088/2237
f 2828/1091/2239 2826/1088/2237 2827/1116/2238
f 2831/1058/2240 2830/1057/2241 2829/1060/2242
f 2832/1059/2243 2829/1060/2242 2830/1057/2241
f 2830/1057/2241 2831/1058/2240 2833/1055/2244
f 2834/1118/2245 2833/1055/2244 2831/1058/2240
f 2833/1055/2244 2834/1118/2245 2835/1053/2246
f 2836/1054/2247 2835/1053/2246 2834/1118/2245
f 2835/1053/2246 2836/1054/2247 2837/1051/2248
f 2838/1052/2249 2837/1051/2248 2836/1054/2247
f 2837/1051/2248 2838/1052/2249 2839/1049/2250
f 2840/1050/2251 2839/1049/2250 2838/1052/2249
f 2839/1049/2250 2840/1050/2251 2841/1047/2252
f 2842/1048/2253 2841/1047/2252 2840/1050/2251
f 2841/1047/2252 2842/1048/2253 2843/1045/2254
f 2844/1046/2255 2843/1045/2254 2842/1048/2253
f 2843/1045/2254 2844/1046/2255 2845/1119/2256
f 2846/1044/2257 2845/1119/2256 2844/1046/2255
f 2845/1119/2256 2846/1044/2257 2847/1041/2258
f 2848/1042/2259 2847/1041/2258 2846/1044/2257
f 2847/1041/2258 2848/1042/2259 2849/1039/2260
f 2850/1120/2261 2849/1039/2260 2848/1042/2259
f 2849/1039/2260 2850/1120/2261 2851/1037/2262
f 2852/1038/2263 2851/1037/2262 2850/1120/2261
f 2851/1037/2262 2852/1038/2263 2853/1035/2264
f 2854/1036/2265 2853/1035/2264 2852/1038/2263
f 2853/1035/2264 2854/1036/2265 2855/1033/2266
f 2856/1034/2267 2855/1033/2266 2854/1036/2265
f 2855/1033/2266 2856/1034/2267 2857/1031/2268
f 2858/1032/2269 2857/1031/2268 2856/1034/2267
f 2857/1031/2268 2858/1032/2269 2859/1029/2270
f 2860/1030/2271 2859/1029/2270 2858/1032/2269
f 2859/1029/2270 2860/1030/2271 2861/1027/2272
f 2862/1028/2273 2861/1027/2272 2860/1030/2271
f 2861/1027/2272 2862/1028/2273 2863/1025/2274
f 2864/1026/2275 2863/1025/2274 2862/1028/2273
f 2863/1025/2274 2864/1026/2275 2865/1023/2276
f 2866/1024/2277 2865/1023/2276 2864/1026/2275
f 2865/1023/2276 2866/1024/2277 2867/1020/2278
f 2868/1019/2279 2867/1020/2278 2866/1024/2277
f 2867/1020/2278 2868/1019/2279 2869/1022/2280
f 2870/1021/2281 2869/1022/2280 2868/1019/2279
f 2856/1034/2267 2871/1067/2156 2858/1032/2269
f 2871/1067/2156 2856/1034/2267 2872/1066/2282
f 2854/1036/2265 2872/1066/2282 2856/1034/2267
f 2872/1066/2282 2854/1036/2265 2873/1065/2154
f 2852/1038/2263 2873/1065/2154 2854/1036/2265
f 2873/1065/2154 2852/1038/2263 2874/1064/2083
f 2850/1120/2261 2874/1064/2083 2852/1038/2263
f 2874/1064/2083 2850/1120/2261 2875/1063/2153
f 2848/1042/2259 2875/1063/2153 2850/1120/2261
f 2875/1063/2153 2848/1042/2259 2876/1062/2283
f 2846/1044/2257 2876/1062/2283 2848/1042/2259
f 2876/1062/2283 2846/1044/2257 2877/1061/2151
f 2844/1046/2255 2877/1061/2151 2846/1044/2257
f 2877/1061/2151 2844/1046/2255 2878/1093/2284
f 2842/1048/2253 2878/1093/2284 2844/1046/2255
f 2878/1093/2284 2842/1048/2253 2879/1094/2183
f 2840/1050/2251 2879/1094/2183 2842/1048/2253
f 2879/1094/2183 2840/1050/2251 2880/1095/2184
f 2838/1052/2249 2880/1095/2184 2840/1050/2251
f 2880/1095/2184 2838/1052/2249 2881/1096/2185
f 2836/1054/2247 2881/1096/2185 2838/1052/2249
f 2881/1096/2185 2836/1054/2247 2882/1097/2186
f 2834/1118/2245 2882/1097/2186 2836/1054/2247
f 2882/1097/2186 2834/1118/2245 2883/1098/2187
f 2831/1058/2240 2883/1098/2187 2834/1118/2245
f 2829/1060/2242 2884/1099/2285 2831/1058/2240
f 2885/1098/2187 2831/1058/2240 2884/1099/2285
f 2829/1060/2242 2886/1101/2286 2884/1099/2285
f 2886/1101/2286 2829/1060/2242 2887/1102/2287
f 2832/1059/2243 2887/1102/2287 2829/1060/2242
f 2888/1100/2189 2884/1099/2285 2886/1101/2286
f 2886/1101/2286 2887/1102/2287 2889/1103/2288
f 2890/1104/2289 2889/1103/2288 2887/1102/2287
f 2889/1103/2288 2891/1105/2194 2886/1101/2286
f 2888/1100/2189 2886/1101/2286 2891/1105/2194
f 2889/1103/2288 2890/1104/2289 2892/1106/2290
f 2893/1107/2291 2892/1106/2290 2890/1104/2289
f 2892/1106/2290 2894/1108/2197 2889/1103/2288
f 2891/1105/2194 2889/1103/2288 2894/1108/2197
f 2892/1106/2290 2893/1107/2291 2895/1109/2292
f 2896/1110/2293 2895/1109/2292 2893/1107/2291
f 2895/1109/2292 2897/1111/2200 2892/1106/2290
f 2894/1108/2197 2892/1106/2290 2898/1111/2200
f 2895/1109/2292 2896/1110/2293 2899/1112/2294
f 2900/1113/2295 2899/1112/2294 2896/1110/2293
f 2899/1112/2294 2901/1114/2203 2895/1109/2292
f 2897/1111/2200 2895/1109/2292 2901/1114/2203
f 2899/1112/2294 2900/1113/2295 2902/1115/2296
f 2903/1116/2297 2902/1115/2296 2900/1113/2295
f 2904/1117/2206 2901/1114/2203 2902/1115/2296
f 2899/1112/2294 2902/1115/2296 2905/1114/2203
f 2906/1068/2298 2858/1032/2269 2871/1067/2156
f 2858/1032/2269 2906/1068/2298 2860/1030/2271
f 2907/1069/2158 2860/1030/2271 2906/1068/2298
f 2860/1030/2271 2907/1069/2158 2862/1028/2273
f 2908/1070/2159 2862/1028/2273 2907/1069/2158
f 2862/1028/2273 2908/1070/2159 2864/1026/2275
f 2909/1071/2160 2864/1026/2275 2908/1070/2159
f 2864/1026/2275 2909/1071/2160 2866/1024/2277
f 2910/1072/2161 2866/1024/2277 2909/1071/2160
f 2866/1024/2277 2910/1072/2161 2868/1019/2279
f 2911/1073/2162 2868/1019/2279 2910/1072/2161
f 2868/1019/2279 2912/1073/2162 2870/1021/2281
f 2913/1074/2299 2870/1021/2281 2912/1073/2162
f 2913/1074/2299 2914/1077/2166 2870/1021/2281
f 2915/1075/2300 2870/1021/2281 2914/1077/2166
f 2870/1021/2281 2915/1075/2300 2869/1022/2280
f 2916/1076/2301 2869/1022/2280 2915/1075/2300
f 2915/1075/2300 2917/1078/2302 2916/1076/2301
f 2918/1079/2303 2916/1076/2301 2917/1078/2302
f 2914/1077/2166 2919/1080/2169 2915/1075/2300
f 2917/1078/2302 2915/1075/2300 2919/1080/2169
f 2917/1078/2302 2920/1081/2304 2918/1079/2303
f 2921/1082/2305 2918/1079/2303 2920/1081/2304
f 2920/1081/2304 2917/1078/2302 2922/1083/2172
f 2919/1080/2169 2922/1083/2172 2917/1078/2302
f 2920/1081/2304 2923/1084/2306 2921/1082/2305
f 2924/1085/2307 2921/1082/2305 2923/1084/2306
f 2923/1084/2306 2920/1081/2304 2925/1086/2175
f 2922/1083/2172 2926/1086/2175 2920/1081/2304
f 2923/1084/2306 2927/1087/2308 2924/1085/2307
f 2928/1088/2309 2924/1085/2307 2927/1087/2308
f 2927/1087/2308 2923/1084/2306 2929/1089/2178
f 2925/1086/2175 2929/1089/2178 2923/1084/2306
f 2927/1087/2308 2930/1090/2310 2928/1088/2309
f 2931/1091/2311 2928/1088/2309 2930/1090/2310
f 2930/1090/2310 2927/1087/2308 2932/1092/2181
f 2933/1089/2178 2932/1092/2181 2927/1087/2308
f 2936/1057/2312 2935/1055/2313 2934/1059/2314
f 2935/1055/2313 2937/1053/2315 2934/1059/2314
f 2937/1053/2315 2938/1051/2316 2934/1059/2314
f 2938/1051/2316 2939/1049/2317 2934/1059/2314
f 2939/1049/2317 2940/1047/2318 2934/1059/2314
f 2940/1047/2318 2941/1045/2319 2934/1059/2314
f 2941/1045/2319 2942/1119/2320 2934/1059/2314
f 2942/1119/2320 2943/1041/2321 2934/1059/2314
f 2943/1041/2321 2944/1039/2322 2934/1059/2314
f 2944/1039/2322 2945/1037/2323 2934/1059/2314
f 2945/1037/2323 2946/1035/2324 2934/1059/2314
f 2946/1035/2324 2947/1033/2325 2934/1059/2314
f 2947/1033/2325 2948/1031/2326 2934/1059/2314
f 2948/1031/2326 2949/1029/2327 2934/1059/2314
f 2949/1029/2327 2950/1027/2328 2934/1059/2314
f 2950/1027/2328 2951/1025/2329 2934/1059/2314
f 2951/1025/2329 2952/1023/2330 2934/1059/2314
f 2952/1023/2330 2953/1020/2331 2934/1059/2314
f 2953/1020/2331 2954/1022/2332 2934/1059/2314
f 2954/1022/2332 2955/1076/2333 2934/1059/2314
f 2956/1102/2334 2934/1059/2314 2955/1076/2333
f 2956/1102/2334 2955/1076/2333 2957/1104/2335
f 2958/1079/2336 2957/1104/2335 2955/1076/2333
f 2958/1079/2336 2959/1082/2337 2957/1104/2335
f 2960/1107/2338 2957/1104/2335 2959/1082/2337
f 2959/1082/2337 2961/1085/2339 2960/1107/2338
f 2962/1110/2340 2960/1107/2338 2961/1085/2339
f 2961/1085/2339 2963/1088/2341 2962/1110/2340
f 2964/1113/2342 2962/1110/2340 2963/1088/2341
f 2963/1088/2341 2965/1091/2343 2964/1113/2342
f 2966/1116/2344 2964/1113/2342 2965/1091/2343
f 2969/1019/2345 2968/1020/2346 2967/1021/2347
f 2970/1022/2348 2967/1021/2347 2968/1020/2346
f 2968/1020/2346 2969/1019/2345 2971/1023/2349
f 2972/1024/2350 2971/1023/2349 2969/1019/2345
f 2971/1023/2349 2972/1024/2350 2973/1025/2351
f 2974/1026/2352 2973/1025/2351 2972/1024/2350
f 2973/1025/2351 2974/1026/2352 2975/1027/2353
f 2976/1028/2354 2975/1027/2353 2974/1026/2352
f 2975/1027/2353 2976/1028/2354 2977/1029/2355
f 2978/1030/2356 2977/1029/2355 2976/1028/2354
f 2977/1029/2355 2978/1030/2356 2979/1031/2357
f 2980/1032/2358 2979/1031/2357 2978/1030/2356
f 2979/1031/2357 2980/1032/2358 2981/1033/2359
f 2982/1034/2360 2981/1033/2359 2980/1032/2358
f 2981/1033/2359 2982/1034/2360 2983/1035/2361
f 2984/1036/2362 2983/1035/2361 2982/1034/2360
f 2983/1035/2361 2984/1036/2362 2985/1037/2363
f 2986/1038/2364 2985/1037/2363 2984/1036/2362
f 2985/1037/2363 2986/1038/2364 2987/1039/2365
f 2988/1040/2366 2987/1039/2365 2986/1038/2364
f 2987/1039/2365 2988/1040/2366 2989/1041/2367
f 2990/1042/2368 2989/1041/2367 2988/1040/2366
f 2989/1041/2367 2990/1042/2368 2991/1043/2369
f 2992/1044/2370 2991/1043/2369 2990/1042/2368
f 2991/1043/2369 2992/1044/2370 2993/1045/2371
f 2994/1046/2372 2993/1045/2371 2992/1044/2370
f 2993/1045/2371 2994/1046/2372 2995/1047/2373
f 2996/1048/2374 2995/1047/2373 2994/1046/2372
f 2995/1047/2373 2996/1048/2374 2997/1049/2375
f 2998/1050/2376 2997/1049/2375 2996/1048/2374
f 2997/1049/2375 2998/1050/2376 2999/1051/2377
f 3000/1052/2378 2999/1051/2377 2998/1050/2376
f 2999/1051/2377 3000/1052/2378 3001/1053/2379
f 3002/1054/2380 3001/1053/2379 3000/1052/2378
f 3001/1053/2379 3002/1054/2380 3003/1055/2381
f 3004/1056/2382 3003/1055/2381 3002/1054/2380
f 3003/1055/2381 3004/1056/2382 3005/1057/2383
f 3006/1058/2384 3005/1057/2383 3004/1056/2382
f 3005/1057/2383 3006/1058/2384 3007/1059/2385
f 3008/1060/2386 3007/1059/2385 3006/1058/2384
f 2994/1046/2372 3009/1061/2387 2996/1048/2374
f 3009/1061/2387 2994/1046/2372 3010/1062/2388
f 2992/1044/2370 3010/1062/2388 2994/1046/2372
f 3010/1062/2388 2992/1044/2370 3011/1063/2389
f 2990/1042/2368 3011/1063/2389 2992/1044/2370
f 3011/1063/2389 2990/1042/2368 3012/1064/2093
f 2988/1040/2366 3012/1064/2093 2990/1042/2368
f 3012/1064/2093 2988/1040/2366 3013/1065/2390
f 2986/1038/2364 3013/1065/2390 2988/1040/2366
f 3013/1065/2390 2986/1038/2364 3014/1066/2391
f 2984/1036/2362 3014/1066/2391 2986/1038/2364
f 3014/1066/2391 2984/1036/2362 3015/1067/2392
f 2982/1034/2360 3015/1067/2392 2984/1036/2362
f 3015/1067/2392 2982/1034/2360 3016/1068/2393
f 2980/1032/2358 3016/1068/2393 2982/1034/2360
f 3016/1068/2393 2980/1032/2358 3017/1069/2394
f 2978/1030/2356 3017/1069/2394 2980/1032/2358
f 3017/1069/2394 2978/1030/2356 3018/1070/2395
f 2976/1028/2354 3018/1070/2395 2978/1030/2356
f 3018/1070/2395 2976/1028/2354 3019/1071/2396
f 2974/1026/2352 3019/1071/2396 2976/1028/2354
f 3019/1071/2396 2974/1026/2352 3020/1072/2397
f 2972/1024/2350 3020/1072/2397 2974/1026/2352
f 3020/1072/2397 2972/1024/2350 3021/1073/2398
f 2969/1019/2345 3021/1073/2398 2972/1024/2350
f 2967/1021/2347 3022/1074/2399 2969/1019/2345
f 3023/1073/2398 2969/1019/2345 3022/1074/2399
f 2967/1021/2347 3024/1075/2400 3022/1074/2399
f 3024/1075/2400 2967/1021/2347 3025/1076/2401
f 2970/1022/2348 3025/1076/2401 2967/1021/2347
f 3026/1077/2402 3022/1074/2399 3024/1075/2400
f 3024/1075/2400 3025/1076/2401 3027/1078/2403
f 3028/1079/2404 3027/1078/2403 3025/1076/2401
f 3027/1078/2403 3029/1080/2405 3024/1075/2400
f 3026/1077/2402 3024/1075/2400 3029/1080/2405
f 3027/1078/2403 3028/1079/2404 3030/1081/2406
f 3031/1082/2407 3030/1081/2406 3028/1079/2404
f 3030/1081/2406 3032/1083/2408 3027/1078/2403
f 3029/1080/2405 3027/1078/2403 3032/1083/2408
f 3030/1081/2406 3031/1082/2407 3033/1084/2409
f 3034/1085/2410 3033/1084/2409 3031/1082/2407
f 3033/1084/2409 3035/1086/2411 3030/1081/2406
f 3032/1083/2408 3030/1081/2406 3036/1086/2411
f 3033/1084/2409 3034/1085/2410 3037/1087/2412
f 3038/1088/2413 3037/1087/2412 3034/1085/2410
f 3037/1087/2412 3039/1089/2414 3033/1084/2409
f 3035/1086/2411 3033/1084/2409 3039/1089/2414
f 3037/1087/2412 3038/1088/2413 3040/1090/2415
f 3041/1091/2416 3040/1090/2415 3038/1088/2413
f 3042/1092/2417 3039/1089/2414 3040/1090/2415
f 3037/1087/2412 3040/1090/2415 3043/1089/2414
f 3044/1093/2418 2996/1048/2374 3009/1061/2387
f 2996/1048/2374 3044/1093/2418 2998/1050/2376
f 3045/1094/2419 2998/1050/2376 3044/1093/2418
f 2998/1050/2376 3045/1094/2419 3000/1052/2378
f 3046/1095/2420 3000/1052/2378 3045/1094/2419
f 3000/1052/2378 3046/1095/2420 3002/1054/2380
f 3047/1096/2421 3002/1054/2380 3046/1095/2420
f 3002/1054/2380 3047/1096/2421 3004/1056/2382
f 3048/1097/2422 3004/1056/2382 3047/1096/2421
f 3004/1056/2382 3048/1097/2422 3006/1058/2384
f 3049/1098/2423 3006/1058/2384 3048/1097/2422
f 3006/1058/2384 3050/1098/2423 3008/1060/2386
f 3051/1099/2424 3008/1060/2386 3050/1098/2423
f 3051/1099/2424 3052/1100/2425 3008/1060/2386
f 3053/1101/2426 3008/1060/2386 3052/1100/2425
f 3008/1060/2386 3053/1101/2426 3007/1059/2385
f 3054/1102/2427 3007/1059/2385 3053/1101/2426
f 3053/1101/2426 3055/1103/2428 3054/1102/2427
f 3056/1104/2429 3054/1102/2427 3055/1103/2428
f 3052/1100/2425 3057/1105/2430 3053/1101/2426
f 3055/1103/2428 3053/1101/2426 3057/1105/2430
f 3055/1103/2428 3058/1106/2431 3056/1104/2429
f 3059/1107/2432 3056/1104/2429 3058/1106/2431
f 3058/1106/2431 3055/1103/2428 3060/1108/2433
f 3057/1105/2430 3060/1108/2433 3055/1103/2428
f 3058/1106/2431 3061/1109/2434 3059/1107/2432
f 3062/1110/2435 3059/1107/2432 3061/1109/2434
f 3061/1109/2434 3058/1106/2431 3063/1111/2436
f 3060/1108/2433 3064/1111/2436 3058/1106/2431
f 3061/1109/2434 3065/1112/2437 3062/1110/2435
f 3066/1113/2438 3062/1110/2435 3065/1112/2437
f 3065/1112/2437 3061/1109/2434 3067/1114/2439
f 3063/1111/2436 3067/1114/2439 3061/1109/2434
f 3065/1112/2437 3068/1115/2440 3066/1113/2438
f 3069/1116/2441 3066/1113/2438 3068/1115/2440
f 3068/1115/2440 3065/1112/2437 3070/1117/2442
f 3071/1114/2439 3070/1117/2442 3065/1112/2437
f 3074/1020/2443 3073/1023/2444 3072/1022/2445
f 3073/1023/2444 3075/1025/2446 3072/1022/2445
f 3075/1025/2446 3076/1027/2447 3072/1022/2445
f 3076/1027/2447 3077/1029/2448 3072/1022/2445
f 3077/1029/2448 3078/1031/2449 3072/1022/2445
f 3078/1031/2449 3079/1033/2450 3072/1022/2445
f 3079/1033/2450 3080/1035/2451 3072/1022/2445
f 3080/1035/2451 3081/1037/2452 3072/1022/2445
f 3081/1037/2452 3082/1039/2453 3072/1022/2445
f 3082/1039/2453 3083/1041/2454 3072/1022/2445
f 3083/1041/2454 3084/1043/2455 3072/1022/2445
f 3084/1043/2455 3085/1045/2456 3072/1022/2445
f 3085/1045/2456 3086/1047/2457 3072/1022/2445
f 3086/1047/2457 3087/1049/2458 3072/1022/2445
f 3087/1049/2458 3088/1051/2459 3072/1022/2445
f 3088/1051/2459 3089/1053/2460 3072/1022/2445
f 3089/1053/2460 3090/1055/2461 3072/1022/2445
f 3090/1055/2461 3091/1057/2462 3072/1022/2445
f 3091/1057/2462 3092/1059/2463 3072/1022/2445
f 3092/1059/2463 3093/1102/2464 3072/1022/2445
f 3094/1076/2465 3072/1022/2445 3093/1102/2464
f 3094/1076/2465 3093/1102/2464 3095/1079/2466
f 3096/1104/2467 3095/1079/2466 3093/1102/2464
f 3096/1104/2467 3097/1107/2468 3095/1079/2466
f 3098/1082/2469 3095/1079/2466 3097/1107/2468
f 3097/1107/2468 3099/1110/2470 3098/1082/2469
f 3100/1085/2471 3098/1082/2469 3099/1110/2470
f 3099/1110/2470 3101/1113/2472 3100/1085/2471
f 3102/1088/2473 3100/1085/2471 3101/1113/2472
f 3101/1113/2472 3103/1116/2474 3102/1088/2473
f 3104/1091/2475 3102/1088/2473 3103/1116/2474
f 3107/1058/2476 3106/1057/2477 3105/1060/2478
f 3108/1059/2479 3105/1060/2478 3106/1057/2477
f 3106/1057/2477 3107/1058/2476 3109/1055/2480
f 3110/1118/2481 3109/1055/2480 3107/1058/2476
f 3109/1055/2480 3110/1118/2481 3111/1053/2482
f 3112/1054/2483 3111/1053/2482 3110/1118/2481
f 3111/1053/2482 3112/1054/2483 3113/1051/2484
f 3114/1052/2485 3113/1051/2484 3112/1054/2483
f 3113/1051/2484 3114/1052/2485 3115/1049/2486
f 3116/1050/2487 3115/1049/2486 3114/1052/2485
f 3115/1049/2486 3116/1050/2487 3117/1047/2488
f 3118/1048/2489 3117/1047/2488 3116/1050/2487
f 3117/1047/2488 3118/1048/2489 3119/1045/2490
f 3120/1046/2491 3119/1045/2490 3118/1048/2489
f 3119/1045/2490 3120/1046/2491 3121/1119/2492
f 3122/1044/2493 3121/1119/2492 3120/1046/2491
f 3121/1119/2492 3122/1044/2493 3123/1041/2494
f 3124/1042/2495 3123/1041/2494 3122/1044/2493
f 3123/1041/2494 3124/1042/2495 3125/1039/2496
f 3126/1120/2497 3125/1039/2496 3124/1042/2495
f 3125/1039/2496 3126/1120/2497 3127/1037/2498
f 3128/1038/2499 3127/1037/2498 3126/1120/2497
f 3127/1037/2498 3128/1038/2499 3129/1035/2500
f 3130/1036/2501 3129/1035/2500 3128/1038/2499
f 3129/1035/2500 3130/1036/2501 3131/1033/2502
f 3132/1034/2503 3131/1033/2502 3130/1036/2501
f 3131/1033/2502 3132/1034/2503 3133/1031/2504
f 3134/1032/2505 3133/1031/2504 3132/1034/2503
f 3133/1031/2504 3134/1032/2505 3135/1029/2506
f 3136/1030/2507 3135/1029/2506 3134/1032/2505
f 3135/1029/2506 3136/1030/2507 3137/1027/2508
f 3138/1028/2509 3137/1027/2508 3136/1030/2507
f 3137/1027/2508 3138/1028/2509 3139/1025/2510
f 3140/1026/2511 3139/1025/2510 3138/1028/2509
f 3139/1025/2510 3140/1026/2511 3141/1023/2512
f 3142/1024/2513 3141/1023/2512 3140/1026/2511
f 3141/1023/2512 3142/1024/2513 3143/1020/2514
f 3144/1019/2515 3143/1020/2514 3142/1024/2513
f 3143/1020/2514 3144/1019/2515 3145/1022/2516
f 3146/1021/2517 3145/1022/2516 3144/1019/2515
f 3132/1034/2503 3147/1067/2518 3134/1032/2505
f 3147/1067/2518 3132/1034/2503 3148/1066/2519
f 3130/1036/2501 3148/1066/2519 3132/1034/2503
f 3148/1066/2519 3130/1036/2501 3149/1065/2390
f 3128/1038/2499 3149/1065/2390 3130/1036/2501
f 3149/1065/2390 3128/1038/2499 3150/1064/2093
f 3126/1120/2497 3150/1064/2093 3128/1038/2499
f 3150/1064/2093 3126/1120/2497 3151/1063/2389
f 3124/1042/2495 3151/1063/2389 3126/1120/2497
f 3151/1063/2389 3124/1042/2495 3152/1062/2388
f 3122/1044/2493 3152/1062/2388 3124/1042/2495
f 3152/1062/2388 3122/1044/2493 3153/1061/2520
f 3120/1046/2491 3153/1061/2520 3122/1044/2493
f 3153/1061/2520 3120/1046/2491 3154/1093/2418
f 3118/1048/2489 3154/1093/2418 3120/1046/2491
f 3154/1093/2418 3118/1048/2489 3155/1094/2419
f 3116/1050/2487 3155/1094/2419 3118/1048/2489
f 3155/1094/2419 3116/1050/2487 3156/1095/2420
f 3114/1052/2485 3156/1095/2420 3116/1050/2487
f 3156/1095/2420 3114/1052/2485 3157/1096/2421
f 3112/1054/2483 3157/1096/2421 3114/1052/2485
f 3157/1096/2421 3112/1054/2483 3158/1097/2521
f 3110/1118/2481 3158/1097/2521 3112/1054/2483
f 3158/1097/2521 3110/1118/2481 3159/1098/2423
f 3107/1058/2476 3159/1098/2423 3110/1118/2481
f 3105/1060/2478 3160/1099/2424 3107/1058/2476
f 3161/1098/2423 3107/1058/2476 3160/1099/2424
f 3105/1060/2478 3162/1101/2522 3160/1099/2424
f 3162/1101/2522 3105/1060/2478 3163/1102/2523
f 3108/1059/2479 3163/1102/2523 3105/1060/2478
f 3164/1100/2425 3160/1099/2424 3162/1101/2522
f 3162/1101/2522 3163/1102/2523 3165/1103/2524
f 3166/1104/2525 3165/1103/2524 3163/1102/2523
f 3165/1103/2524 3167/1105/2430 3162/1101/2522
f 3164/1100/2425 3162/1101/2522 3167/1105/2430
f 3165/1103/2524 3166/1104/2525 3168/1106/2526
f 3169/1107/2527 3168/1106/2526 3166/1104/2525
f 3168/1106/2526 3170/1108/2433 3165/1103/2524
f 3167/1105/2430 3165/1103/2524 3170/1108/2433
f 3168/1106/2526 3169/1107/2527 3171/1109/2528
f 3172/1110/2529 3171/1109/2528 3169/1107/2527
f 3171/1109/2528 3173/1111/2436 3168/1106/2526
f 3170/1108/2433 3168/1106/2526 3174/1111/2436
f 3171/1109/2528 3172/1110/2529 3175/1112/2530
f 3176/1113/2531 3175/1112/2530 3172/1110/2529
f 3175/1112/2530 3177/1114/2439 3171/1109/2528
f 3173/1111/2436 3171/1109/2528 3177/1114/2439
f 3175/1112/2530 3176/1113/2531 3178/1115/2532
f 3179/1116/2533 3178/1115/2532 3176/1113/2531
f 3180/1117/2442 3177/1114/2439 3178/1115/2532
f 3175/1112/2530 3178/1115/2532 3181/1114/2439
f 3182/1068/2534 3134/1032/2505 3147/1067/2518
f 3134/1032/2505 3182/1068/2534 3136/1030/2507
f 3183/1069/2394 3136/1030/2507 3182/1068/2534
f 3136/1030/2507 3183/1069/2394 3138/1028/2509
f 3184/1070/2395 3138/1028/2509 3183/1069/2394
f 3138/1028/2509 3184/1070/2395 3140/1026/2511
f 3185/1071/2396 3140/1026/2511 3184/1070/2395
f 3140/1026/2511 3185/1071/2396 3142/1024/2513
f 3186/1072/2397 3142/1024/2513 3185/1071/2396
f 3142/1024/2513 3186/1072/2397 3144/1019/2515
f 3187/1073/2398 3144/1019/2515 3186/1072/2397
f 3144/1019/2515 3188/1073/2398 3146/1021/2517
f 3189/1074/2399 3146/1021/2517 3188/1073/2398
f 3189/1074/2399 3190/1077/2402 3146/1021/2517
f 3191/1075/2535 3146/1021/2517 3190/1077/2402
f 3146/1021/2517 3191/1075/2535 3145/1022/2516
f 3192/1076/2536 3145/1022/2516 3191/1075/2535
f 3191/1075/2535 3193/1078/2537 3192/1076/2536
f 3194/1079/2538 3192/1076/2536 3193/1078/2537
f 3190/1077/2402 3195/1080/2405 3191/1075/2535
f 3193/1078/2537 3191/1075/2535 3195/1080/2405
f 3193/1078/2537 3196/1081/2539 3194/1079/2538
f 3197/1082/2540 3194/1079/2538 3196/1081/2539
f 3196/1081/2539 3193/1078/2537 3198/1083/2408
f 3195/1080/2405 3198/1083/2408 3193/1078/2537
f 3196/1081/2539 3199/1084/2541 3197/1082/2540
f 3200/1085/2542 3197/1082/2540 3199/1084/2541
f 3199/1084/2541 3196/1081/2539 3201/1086/2411
f 3198/1083/2408 3202/1086/2411 3196/1081/2539
f 3199/1084/2541 3203/1087/2543 3200/1085/2542
f 3204/1088/2544 3200/1085/2542 3203/1087/2543
f 3203/1087/2543 3199/1084/2541 3205/1089/2414
f 3201/1086/2411 3205/1089/2414 3199/1084/2541
f 3203/1087/2543 3206/1090/2545 3204/1088/2544
f 3207/1091/2546 3204/1088/2544 3206/1090/2545
f 3206/1090/2545 3203/1087/2543 3208/1092/2417
f 3209/1089/2414 3208/1092/2417 3203/1087/2543
f 3212/1057/2547 3211/1055/2548 3210/1059/2549
f 3211/1055/2548 3213/1053/2550 3210/1059/2549
f 3213/1053/2550 3214/1051/2551 3210/1059/2549
f 3214/1051/2551 3215/1049/2552 3210/1059/2549
f 3215/1049/2552 3216/1047/2553 3210/1059/2549
f 3216/1047/2553 3217/1045/2554 3210/1059/2549
f 3217/1045/2554 3218/1119/2555 3210/1059/2549
f 3218/1119/2555 3219/1041/2556 3210/1059/2549
f 3219/1041/2556 3220/1039/2557 3210/1059/2549
f 3220/1039/2557 3221/1037/2558 3210/1059/2549
f 3221/1037/2558 3222/1035/2559 3210/1059/2549
f 3222/1035/2559 3223/1033/2560 3210/1059/2549
f 3223/1033/2560 3224/1031/2561 3210/1059/2549
f 3224/1031/2561 3225/1029/2562 3210/1059/2549
f 3225/1029/2562 3226/1027/2563 3210/1059/2549
f 3226/1027/2563 3227/1025/2564 3210/1059/2549
f 3227/1025/2564 3228/1023/2565 3210/1059/2549
f 3228/1023/2565 3229/1020/2566 3210/1059/2549
f 3229/1020/2566 3230/1022/2567 3210/1059/2549
f 3230/1022/2567 3231/1076/2568 3210/1059/2549
f 3232/1102/2569 3210/1059/2549 3231/1076/2568
f 3232/1102/2569 3231/1076/2568 3233/1104/2570
f 3234/1079/2571 3233/1104/2570 3231/1076/2568
f 3234/1079/2571 3235/1082/2572 3233/1104/2570
f 3236/1107/2573 3233/1104/2570 3235/1082/2572
f 3235/1082/2572 3237/1085/2574 3236/1107/2573
f 3238/1110/2575 3236/1107/2573 3237/1085/2574
f 3237/1085/2574 3239/1088/2576 3238/1110/2575
f 3240/1113/2577 3238/1110/2575 3239/1088/2576
f 3239/1088/2576 3241/1091/2578 3240/1113/2577
f 3242/1116/2579 3240/1113/2577 3241/1091/2578
